mtllib SM_Curtain_02_LOD3@000002909DC4F900.mtl
g SM_Curtain_02_LOD3@000002909DC4F900
#Vertices 3770
#Indices 19680
#Section 0 Offset 0 NumIndices 19680 MaterialIndex 0 MI_Curtains_02
v 3.119718 0.109062 1.724329 1.000000 1.000000 1.000000 1.000000
v 2.906089 0.979518 1.719377 1.000000 1.000000 1.000000 1.000000
v 3.042956 0.101422 1.688810 1.000000 1.000000 1.000000 1.000000
v 2.720363 2.856131 1.790043 1.000000 1.000000 1.000000 1.000000
v 2.903319 1.888539 1.724709 1.000000 1.000000 1.000000 1.000000
v 3.137841 0.106562 1.706554 1.000000 1.000000 1.000000 1.000000
v 3.005006 1.244913 1.686648 1.000000 1.000000 1.000000 1.000000
v 2.872855 2.546223 1.650082 1.000000 1.000000 1.000000 1.000000
v 3.004810 1.438300 1.586024 1.000000 1.000000 1.000000 1.000000
v 3.167423 0.106559 1.589516 1.000000 1.000000 1.000000 1.000000
v 3.144799 0.092969 1.288645 1.000000 1.000000 1.000000 1.000000
v 3.075747 1.891316 1.376115 1.000000 1.000000 1.000000 1.000000
v 3.193624 0.092831 1.236515 1.000000 1.000000 1.000000 1.000000
v 2.984429 2.813347 1.485050 1.000000 1.000000 1.000000 1.000000
v 3.212763 1.682367 1.248062 1.000000 1.000000 1.000000 1.000000
v 3.279033 0.091436 1.225964 1.000000 1.000000 1.000000 1.000000
v 2.740654 3.553258 1.620760 1.000000 1.000000 1.000000 1.000000
v 2.663973 3.545367 1.744270 1.000000 1.000000 1.000000 1.000000
v 2.600910 4.094175 1.643111 1.000000 1.000000 1.000000 1.000000
v 3.315420 1.802259 1.271406 1.000000 1.000000 1.000000 1.000000
v 3.356360 0.088607 1.267756 1.000000 1.000000 1.000000 1.000000
v 2.691991 4.547446 1.309880 1.000000 1.000000 1.000000 1.000000
v 3.370415 2.229148 1.335095 1.000000 1.000000 1.000000 1.000000
v 3.379641 0.084014 1.381907 1.000000 1.000000 1.000000 1.000000
v 2.886692 3.406068 1.528424 1.000000 1.000000 1.000000 1.000000
v 3.376170 2.498344 1.398102 1.000000 1.000000 1.000000 1.000000
v 3.355492 0.079138 1.477735 1.000000 1.000000 1.000000 1.000000
v 3.185930 3.608175 1.375611 1.000000 1.000000 1.000000 1.000000
v 2.858596 4.461240 1.297647 1.000000 1.000000 1.000000 1.000000
v 3.275041 3.583927 1.355231 1.000000 1.000000 1.000000 1.000000
v 3.029827 4.533031 1.233840 1.000000 1.000000 1.000000 1.000000
v 3.314448 3.526159 1.365465 1.000000 1.000000 1.000000 1.000000
v 3.132453 4.451211 1.241524 1.000000 1.000000 1.000000 1.000000
v 3.318299 3.616554 1.398933 1.000000 1.000000 1.000000 1.000000
v 3.219867 4.349701 1.314178 1.000000 1.000000 1.000000 1.000000
v 3.333939 3.461765 1.447364 1.000000 1.000000 1.000000 1.000000
v 3.209971 4.496996 1.322205 1.000000 1.000000 1.000000 1.000000
v 3.219519 0.618778 1.617060 1.000000 1.000000 1.000000 1.000000
v 3.078453 0.072422 1.922587 1.000000 1.000000 1.000000 1.000000
v 3.184781 4.489052 1.362583 1.000000 1.000000 1.000000 1.000000
v 2.993802 0.492837 1.893056 1.000000 1.000000 1.000000 1.000000
v 2.988747 0.072950 2.095825 1.000000 1.000000 1.000000 1.000000
v 3.237472 2.678956 1.539272 1.000000 1.000000 1.000000 1.000000
v 3.081274 1.282465 1.698584 1.000000 1.000000 1.000000 1.000000
v 2.851080 1.479638 1.912729 1.000000 1.000000 1.000000 1.000000
v 3.106979 4.039753 1.441456 1.000000 1.000000 1.000000 1.000000
v 3.044178 2.364182 1.654147 1.000000 1.000000 1.000000 1.000000
v 2.828429 2.261818 1.813832 1.000000 1.000000 1.000000 1.000000
v 2.816815 4.118826 1.453556 1.000000 1.000000 1.000000 1.000000
v 2.821456 1.847275 1.975910 1.000000 1.000000 1.000000 1.000000
v 3.016643 0.080133 2.168861 1.000000 1.000000 1.000000 1.000000
v 2.798711 3.497452 1.605034 1.000000 1.000000 1.000000 1.000000
v 2.733216 3.214152 1.809735 1.000000 1.000000 1.000000 1.000000
v 2.680829 4.823644 1.325206 1.000000 1.000000 1.000000 1.000000
v 2.788038 2.910249 1.918616 1.000000 1.000000 1.000000 1.000000
v 2.622822 4.457099 1.533858 1.000000 1.000000 1.000000 1.000000
v 2.952093 1.268167 2.104033 1.000000 1.000000 1.000000 1.000000
v 3.096806 0.083959 2.200580 1.000000 1.000000 1.000000 1.000000
v 2.650632 4.076327 1.736202 1.000000 1.000000 1.000000 1.000000
v 2.783726 3.633821 1.857904 1.000000 1.000000 1.000000 1.000000
v 2.712892 4.099189 1.785057 1.000000 1.000000 1.000000 1.000000
v 2.570173 5.892583 1.209124 1.000000 1.000000 1.000000 1.000000
v 2.735105 5.068621 1.609200 1.000000 1.000000 1.000000 1.000000
v 2.624046 5.589436 1.156452 1.000000 1.000000 1.000000 1.000000
v 2.650286 5.596833 1.466807 1.000000 1.000000 1.000000 1.000000
v 2.573578 5.684955 1.344588 1.000000 1.000000 1.000000 1.000000
v 2.675429 6.412522 1.072521 1.000000 1.000000 1.000000 1.000000
v 2.745751 6.635579 0.968438 1.000000 1.000000 1.000000 1.000000
v 2.787298 6.637158 1.021271 1.000000 1.000000 1.000000 1.000000
v 2.816779 6.488734 1.133250 1.000000 1.000000 1.000000 1.000000
v 2.854372 6.639576 1.086520 1.000000 1.000000 1.000000 1.000000
v 2.769722 5.874230 1.425924 1.000000 1.000000 1.000000 1.000000
v 2.820571 5.963169 1.378341 1.000000 1.000000 1.000000 1.000000
v 2.883373 6.637697 1.086837 1.000000 1.000000 1.000000 1.000000
v 2.796794 5.074218 1.591667 1.000000 1.000000 1.000000 1.000000
v 2.864958 6.077992 1.290289 1.000000 1.000000 1.000000 1.000000
v 2.892448 2.987530 1.920007 1.000000 1.000000 1.000000 1.000000
v 2.835961 4.866026 1.583891 1.000000 1.000000 1.000000 1.000000
v 3.091995 1.018552 2.056697 1.000000 1.000000 1.000000 1.000000
v 3.158726 0.077779 2.120916 1.000000 1.000000 1.000000 1.000000
v 3.006127 2.958555 1.785666 1.000000 1.000000 1.000000 1.000000
v 3.137029 0.825837 1.956645 1.000000 1.000000 1.000000 1.000000
v 3.248583 0.038924 1.721964 1.000000 1.000000 1.000000 1.000000
v 3.146729 1.774833 1.786426 1.000000 1.000000 1.000000 1.000000
v 3.221462 1.218309 1.658678 1.000000 1.000000 1.000000 1.000000
v 3.382257 0.022530 1.529788 1.000000 1.000000 1.000000 1.000000
v 3.358127 1.814906 1.489578 1.000000 1.000000 1.000000 1.000000
v 3.464244 0.018739 1.498104 1.000000 1.000000 1.000000 1.000000
v 3.107636 3.025495 1.668597 1.000000 1.000000 1.000000 1.000000
v 3.446717 3.593590 1.426436 1.000000 1.000000 1.000000 1.000000
v 2.961305 4.272642 1.552356 1.000000 1.000000 1.000000 1.000000
v 3.035644 4.196036 1.519489 1.000000 1.000000 1.000000 1.000000
v 2.863571 5.725353 1.230205 1.000000 1.000000 1.000000 1.000000
v 2.894649 6.400196 1.103455 1.000000 1.000000 1.000000 1.000000
v 2.910650 6.354437 1.016881 1.000000 1.000000 1.000000 1.000000
v 2.939031 6.616752 1.120785 1.000000 1.000000 1.000000 1.000000
v 2.962297 5.801518 1.105663 1.000000 1.000000 1.000000 1.000000
v 3.051440 6.323587 0.985226 1.000000 1.000000 1.000000 1.000000
v 2.999850 6.628496 1.118058 1.000000 1.000000 1.000000 1.000000
v 3.245185 5.471754 1.136372 1.000000 1.000000 1.000000 1.000000
v 3.320421 4.452490 1.364407 1.000000 1.000000 1.000000 1.000000
v 3.420714 4.561234 1.397336 1.000000 1.000000 1.000000 1.000000
v 3.291945 5.792993 1.131896 1.000000 1.000000 1.000000 1.000000
v 3.095834 6.337569 1.032483 1.000000 1.000000 1.000000 1.000000
v 3.227798 6.103528 1.155820 1.000000 1.000000 1.000000 1.000000
v 3.073279 6.634894 1.181579 1.000000 1.000000 1.000000 1.000000
v 3.267109 6.004463 1.252396 1.000000 1.000000 1.000000 1.000000
v 3.067631 6.617546 1.218634 1.000000 1.000000 1.000000 1.000000
v 3.374212 5.333978 1.271507 1.000000 1.000000 1.000000 1.000000
v 3.201691 6.111090 1.294746 1.000000 1.000000 1.000000 1.000000
v 3.391380 5.049480 1.370893 1.000000 1.000000 1.000000 1.000000
v 3.453111 4.612864 1.422526 1.000000 1.000000 1.000000 1.000000
v 3.507228 3.289448 1.440307 1.000000 1.000000 1.000000 1.000000
v 3.511388 3.846701 1.483373 1.000000 1.000000 1.000000 1.000000
v 3.532480 2.625536 1.440435 1.000000 1.000000 1.000000 1.000000
v 3.545795 0.015362 1.532895 1.000000 1.000000 1.000000 1.000000
v 3.445415 4.591620 1.461177 1.000000 1.000000 1.000000 1.000000
v 3.561611 2.899956 1.475652 1.000000 1.000000 1.000000 1.000000
v 3.587980 0.015031 1.599873 1.000000 1.000000 1.000000 1.000000
v 3.542225 3.336447 1.529298 1.000000 1.000000 1.000000 1.000000
v 3.456958 4.093223 1.532116 1.000000 1.000000 1.000000 1.000000
v 3.562950 2.973395 1.500112 1.000000 1.000000 1.000000 1.000000
v 3.573027 0.593260 1.675854 1.000000 1.000000 1.000000 1.000000
v 3.593893 0.014257 1.652112 1.000000 1.000000 1.000000 1.000000
v 3.488238 2.108845 1.655999 1.000000 1.000000 1.000000 1.000000
v 3.450944 0.494985 1.815233 1.000000 1.000000 1.000000 1.000000
v 3.429714 0.019353 1.706451 1.000000 1.000000 1.000000 1.000000
v 3.357203 4.109359 1.539432 1.000000 1.000000 1.000000 1.000000
v 3.174389 2.787640 1.695101 1.000000 1.000000 1.000000 1.000000
v 3.097745 6.463893 1.253363 1.000000 1.000000 1.000000 1.000000
v 3.170574 3.817680 1.572133 1.000000 1.000000 1.000000 1.000000
v 3.051402 5.814189 1.282085 1.000000 1.000000 1.000000 1.000000
v 2.974439 6.129797 1.274389 1.000000 1.000000 1.000000 1.000000
v 3.068212 6.626436 1.262033 1.000000 1.000000 1.000000 1.000000
v 2.964250 5.393484 1.346154 1.000000 1.000000 1.000000 1.000000
v 3.066713 3.852938 1.609450 1.000000 1.000000 1.000000 1.000000
v 3.265819 0.493505 1.930742 1.000000 1.000000 1.000000 1.000000
v 3.289922 0.019935 1.764931 1.000000 1.000000 1.000000 1.000000
v 3.001039 3.497880 1.755670 1.000000 1.000000 1.000000 1.000000
v 2.908523 5.624277 1.357411 1.000000 1.000000 1.000000 1.000000
v 3.228092 0.544057 1.988373 1.000000 1.000000 1.000000 1.000000
v 3.292401 0.019019 1.867521 1.000000 1.000000 1.000000 1.000000
v 2.908995 4.729025 1.620783 1.000000 1.000000 1.000000 1.000000
v 3.240224 0.580529 2.061093 1.000000 1.000000 1.000000 1.000000
v 2.974028 3.567106 1.826544 1.000000 1.000000 1.000000 1.000000
v 3.415109 0.014742 2.121911 1.000000 1.000000 1.000000 1.000000
v 2.917850 5.761773 1.372790 1.000000 1.000000 1.000000 1.000000
v 2.914404 5.134628 1.641037 1.000000 1.000000 1.000000 1.000000
v 3.014253 6.282149 1.357356 1.000000 1.000000 1.000000 1.000000
v 3.153483 6.628730 1.314223 1.000000 1.000000 1.000000 1.000000
v 2.970919 5.664910 1.477530 1.000000 1.000000 1.000000 1.000000
v 3.156957 6.502964 1.389342 1.000000 1.000000 1.000000 1.000000
v 3.189458 6.610388 1.388754 1.000000 1.000000 1.000000 1.000000
v 2.982583 3.875004 1.862716 1.000000 1.000000 1.000000 1.000000
v 3.027156 5.605841 1.700446 1.000000 1.000000 1.000000 1.000000
v 3.101503 6.241542 1.557931 1.000000 1.000000 1.000000 1.000000
v 3.121032 6.041239 1.634290 1.000000 1.000000 1.000000 1.000000
v 3.200292 6.542737 1.472002 1.000000 1.000000 1.000000 1.000000
v 3.087368 5.091491 1.787773 1.000000 1.000000 1.000000 1.000000
v 3.049209 4.589455 1.837418 1.000000 1.000000 1.000000 1.000000
v 3.088275 2.795747 1.970828 1.000000 1.000000 1.000000 1.000000
v 3.231858 1.864744 2.041496 1.000000 1.000000 1.000000 1.000000
v 3.310890 0.423821 2.117331 1.000000 1.000000 1.000000 1.000000
v 3.433996 0.220656 2.124164 1.000000 1.000000 1.000000 1.000000
v 3.546982 0.021928 2.096589 1.000000 1.000000 1.000000 1.000000
v 3.560010 0.234910 1.957372 1.000000 1.000000 1.000000 1.000000
v 3.831351 0.015532 1.657832 1.000000 1.000000 1.000000 1.000000
v 3.461270 0.625355 2.072236 1.000000 1.000000 1.000000 1.000000
v 3.805373 0.482858 1.679146 1.000000 1.000000 1.000000 1.000000
v 3.873767 0.485757 1.664949 1.000000 1.000000 1.000000 1.000000
v 3.949077 0.010909 1.715021 1.000000 1.000000 1.000000 1.000000
v 3.531273 1.012265 1.857192 1.000000 1.000000 1.000000 1.000000
v 3.385816 1.642014 1.961466 1.000000 1.000000 1.000000 1.000000
v 3.662032 1.201833 1.620082 1.000000 1.000000 1.000000 1.000000
v 3.500482 1.873803 1.733651 1.000000 1.000000 1.000000 1.000000
v 3.316619 2.436796 1.944574 1.000000 1.000000 1.000000 1.000000
v 3.224115 3.936025 1.845384 1.000000 1.000000 1.000000 1.000000
v 3.573241 3.134773 1.583082 1.000000 1.000000 1.000000 1.000000
v 3.325973 3.813120 1.724577 1.000000 1.000000 1.000000 1.000000
v 3.156247 5.598705 1.673678 1.000000 1.000000 1.000000 1.000000
v 3.198377 5.486042 1.598963 1.000000 1.000000 1.000000 1.000000
v 3.212677 6.311806 1.415229 1.000000 1.000000 1.000000 1.000000
v 3.261312 6.539256 1.373309 1.000000 1.000000 1.000000 1.000000
v 3.241035 6.147083 1.355203 1.000000 1.000000 1.000000 1.000000
v 3.304705 6.625802 1.440047 1.000000 1.000000 1.000000 1.000000
v 3.361397 4.220786 1.598356 1.000000 1.000000 1.000000 1.000000
v 3.412976 5.700873 1.327274 1.000000 1.000000 1.000000 1.000000
v 3.346279 6.264979 1.314362 1.000000 1.000000 1.000000 1.000000
v 3.519209 4.743006 1.478139 1.000000 1.000000 1.000000 1.000000
v 3.526412 5.600246 1.348742 1.000000 1.000000 1.000000 1.000000
v 3.391263 6.140189 1.343750 1.000000 1.000000 1.000000 1.000000
v 3.606134 4.038334 1.537366 1.000000 1.000000 1.000000 1.000000
v 3.667344 4.471636 1.565325 1.000000 1.000000 1.000000 1.000000
v 3.668491 2.912096 1.546501 1.000000 1.000000 1.000000 1.000000
v 3.785099 2.763655 1.565159 1.000000 1.000000 1.000000 1.000000
v 3.762532 1.659770 1.601230 1.000000 1.000000 1.000000 1.000000
v 3.881662 0.880847 1.675799 1.000000 1.000000 1.000000 1.000000
v 3.813173 2.792035 1.626395 1.000000 1.000000 1.000000 1.000000
v 3.861562 1.919631 1.725051 1.000000 1.000000 1.000000 1.000000
v 3.938036 0.410627 1.796211 1.000000 1.000000 1.000000 1.000000
v 3.950890 0.012807 1.789592 1.000000 1.000000 1.000000 1.000000
v 3.795274 3.686797 1.665977 1.000000 1.000000 1.000000 1.000000
v 3.867342 0.530281 1.899795 1.000000 1.000000 1.000000 1.000000
v 3.735167 4.607162 1.637493 1.000000 1.000000 1.000000 1.000000
v 3.814447 2.352035 1.811571 1.000000 1.000000 1.000000 1.000000
v 3.717008 4.701071 1.679788 1.000000 1.000000 1.000000 1.000000
v 3.697720 5.240210 1.508757 1.000000 1.000000 1.000000 1.000000
v 3.700647 5.254551 1.583716 1.000000 1.000000 1.000000 1.000000
v 3.604409 5.655249 1.445149 1.000000 1.000000 1.000000 1.000000
v 3.623915 5.803428 1.554742 1.000000 1.000000 1.000000 1.000000
v 3.419931 6.186979 1.456939 1.000000 1.000000 1.000000 1.000000
v 3.566211 6.004621 1.541710 1.000000 1.000000 1.000000 1.000000
v 3.392847 6.448930 1.474555 1.000000 1.000000 1.000000 1.000000
v 3.379291 6.631301 1.510775 1.000000 1.000000 1.000000 1.000000
v 3.423374 6.623043 1.544800 1.000000 1.000000 1.000000 1.000000
v 3.394477 6.625492 1.591933 1.000000 1.000000 1.000000 1.000000
v 3.650473 5.458365 1.617442 1.000000 1.000000 1.000000 1.000000
v 3.324245 6.452217 1.583331 1.000000 1.000000 1.000000 1.000000
v 3.372699 6.519744 1.579345 1.000000 1.000000 1.000000 1.000000
v 3.656557 4.454065 1.727720 1.000000 1.000000 1.000000 1.000000
v 3.543285 5.317609 1.648878 1.000000 1.000000 1.000000 1.000000
v 3.295678 5.939076 1.577770 1.000000 1.000000 1.000000 1.000000
v 3.441762 4.131859 1.767429 1.000000 1.000000 1.000000 1.000000
v 3.689714 2.764102 1.843373 1.000000 1.000000 1.000000 1.000000
v 3.313346 4.394761 1.762916 1.000000 1.000000 1.000000 1.000000
v 3.232530 5.800193 1.628373 1.000000 1.000000 1.000000 1.000000
v 3.284518 6.245481 1.630160 1.000000 1.000000 1.000000 1.000000
v 3.444609 6.625145 1.639475 1.000000 1.000000 1.000000 1.000000
v 3.491410 2.531823 1.910447 1.000000 1.000000 1.000000 1.000000
v 3.281972 6.128347 1.690633 1.000000 1.000000 1.000000 1.000000
v 3.694901 0.487387 2.011032 1.000000 1.000000 1.000000 1.000000
v 3.762291 0.013477 1.879394 1.000000 1.000000 1.000000 1.000000
v 3.349614 2.114316 2.001558 1.000000 1.000000 1.000000 1.000000
v 3.463503 0.397300 2.124986 1.000000 1.000000 1.000000 1.000000
v 3.668313 0.012834 2.018543 1.000000 1.000000 1.000000 1.000000
v 3.233973 4.185973 1.864937 1.000000 1.000000 1.000000 1.000000
v 3.286903 1.239260 2.182593 1.000000 1.000000 1.000000 1.000000
v 3.380115 0.298365 2.281714 1.000000 1.000000 1.000000 1.000000
v 3.465997 0.020921 2.408870 1.000000 1.000000 1.000000 1.000000
v 3.376608 0.331943 2.368862 1.000000 1.000000 1.000000 1.000000
v 3.489983 0.017854 2.469916 1.000000 1.000000 1.000000 1.000000
v 3.319330 0.779755 2.328938 1.000000 1.000000 1.000000 1.000000
v 3.236742 2.348158 2.158620 1.000000 1.000000 1.000000 1.000000
v 3.181072 5.451773 1.754291 1.000000 1.000000 1.000000 1.000000
v 3.312301 1.613331 2.287718 1.000000 1.000000 1.000000 1.000000
v 3.195149 5.595936 1.773500 1.000000 1.000000 1.000000 1.000000
v 3.211831 3.380800 2.149383 1.000000 1.000000 1.000000 1.000000
v 3.215441 5.402449 1.915328 1.000000 1.000000 1.000000 1.000000
v 3.359123 6.055450 1.748370 1.000000 1.000000 1.000000 1.000000
v 3.474836 6.620556 1.671224 1.000000 1.000000 1.000000 1.000000
v 3.453916 6.490606 1.702725 1.000000 1.000000 1.000000 1.000000
v 3.422833 6.152546 1.913211 1.000000 1.000000 1.000000 1.000000
v 3.548006 6.629885 1.753272 1.000000 1.000000 1.000000 1.000000
v 3.318277 5.744253 1.985353 1.000000 1.000000 1.000000 1.000000
v 3.250011 4.597472 2.104888 1.000000 1.000000 1.000000 1.000000
v 3.345203 5.388477 2.086549 1.000000 1.000000 1.000000 1.000000
v 3.284091 3.597899 2.217523 1.000000 1.000000 1.000000 1.000000
v 3.443164 5.825852 2.023681 1.000000 1.000000 1.000000 1.000000
v 3.355749 4.077722 2.207756 1.000000 1.000000 1.000000 1.000000
v 3.400646 0.573189 2.374437 1.000000 1.000000 1.000000 1.000000
v 3.599008 0.029808 2.485039 1.000000 1.000000 1.000000 1.000000
v 3.423422 4.444494 2.161293 1.000000 1.000000 1.000000 1.000000
v 3.526532 6.265450 1.896156 1.000000 1.000000 1.000000 1.000000
v 3.585853 6.620430 1.737346 1.000000 1.000000 1.000000 1.000000
v 3.502737 5.687057 2.004522 1.000000 1.000000 1.000000 1.000000
v 3.499775 3.226143 2.202594 1.000000 1.000000 1.000000 1.000000
v 3.542993 6.387379 1.806453 1.000000 1.000000 1.000000 1.000000
v 3.478940 4.384200 2.112648 1.000000 1.000000 1.000000 1.000000
v 3.507890 5.474489 1.976269 1.000000 1.000000 1.000000 1.000000
v 3.484561 4.688499 1.945653 1.000000 1.000000 1.000000 1.000000
v 3.471119 5.251996 1.769178 1.000000 1.000000 1.000000 1.000000
v 3.577929 3.486761 2.088403 1.000000 1.000000 1.000000 1.000000
v 3.552828 4.003184 1.913634 1.000000 1.000000 1.000000 1.000000
v 3.440230 0.579346 2.376285 1.000000 1.000000 1.000000 1.000000
v 3.589380 1.390308 2.232994 1.000000 1.000000 1.000000 1.000000
v 3.465923 0.594581 2.354618 1.000000 1.000000 1.000000 1.000000
v 3.719070 0.031272 2.394933 1.000000 1.000000 1.000000 1.000000
v 3.867803 1.438597 1.873738 1.000000 1.000000 1.000000 1.000000
v 3.919658 0.209464 1.968793 1.000000 1.000000 1.000000 1.000000
v 4.183219 0.011631 1.839633 1.000000 1.000000 1.000000 1.000000
v 3.733238 0.572470 2.065107 1.000000 1.000000 1.000000 1.000000
v 4.191284 0.047330 1.841079 1.000000 1.000000 1.000000 1.000000
v 3.944864 0.471780 1.883065 1.000000 1.000000 1.000000 1.000000
v 4.015673 1.079504 1.792185 1.000000 1.000000 1.000000 1.000000
v 3.777691 3.080919 1.840047 1.000000 1.000000 1.000000 1.000000
v 4.234017 0.318803 1.810746 1.000000 1.000000 1.000000 1.000000
v 4.358305 0.011961 1.962648 1.000000 1.000000 1.000000 1.000000
v 3.542820 4.470758 1.806717 1.000000 1.000000 1.000000 1.000000
v 3.874563 3.308821 1.749505 1.000000 1.000000 1.000000 1.000000
v 4.104782 2.606338 1.732318 1.000000 1.000000 1.000000 1.000000
v 3.833215 4.380031 1.737386 1.000000 1.000000 1.000000 1.000000
v 3.518109 5.573087 1.714497 1.000000 1.000000 1.000000 1.000000
v 3.556131 5.215944 1.706456 1.000000 1.000000 1.000000 1.000000
v 3.617037 6.479268 1.724353 1.000000 1.000000 1.000000 1.000000
v 3.658176 6.618950 1.775251 1.000000 1.000000 1.000000 1.000000
v 3.564674 5.668792 1.722054 1.000000 1.000000 1.000000 1.000000
v 3.621511 6.177825 1.704851 1.000000 1.000000 1.000000 1.000000
v 3.626954 5.915793 1.824483 1.000000 1.000000 1.000000 1.000000
v 3.683349 5.979928 1.854739 1.000000 1.000000 1.000000 1.000000
v 3.677078 6.628479 1.833935 1.000000 1.000000 1.000000 1.000000
v 3.627884 5.271899 1.716665 1.000000 1.000000 1.000000 1.000000
v 3.734334 6.245044 1.849159 1.000000 1.000000 1.000000 1.000000
v 3.859326 4.999389 1.709123 1.000000 1.000000 1.000000 1.000000
v 3.811979 5.479079 1.826881 1.000000 1.000000 1.000000 1.000000
v 3.846144 6.252613 1.769482 1.000000 1.000000 1.000000 1.000000
v 3.741970 6.612206 1.841663 1.000000 1.000000 1.000000 1.000000
v 4.016098 5.664349 1.780065 1.000000 1.000000 1.000000 1.000000
v 3.891677 6.225004 1.778798 1.000000 1.000000 1.000000 1.000000
v 3.753745 6.630853 1.859133 1.000000 1.000000 1.000000 1.000000
v 4.058830 5.766537 1.815806 1.000000 1.000000 1.000000 1.000000
v 4.066053 5.148180 1.840352 1.000000 1.000000 1.000000 1.000000
v 3.894979 4.536404 1.748554 1.000000 1.000000 1.000000 1.000000
v 4.040668 5.913041 1.933506 1.000000 1.000000 1.000000 1.000000
v 3.777739 6.628398 1.906169 1.000000 1.000000 1.000000 1.000000
v 4.146317 5.273760 1.934751 1.000000 1.000000 1.000000 1.000000
v 4.147583 4.727010 1.944312 1.000000 1.000000 1.000000 1.000000
v 3.927978 6.382940 1.983906 1.000000 1.000000 1.000000 1.000000
v 3.810074 6.605786 1.978611 1.000000 1.000000 1.000000 1.000000
v 4.077308 5.719417 2.012414 1.000000 1.000000 1.000000 1.000000
v 4.172214 4.623088 2.037831 1.000000 1.000000 1.000000 1.000000
v 4.210021 3.272818 1.841238 1.000000 1.000000 1.000000 1.000000
v 4.236990 4.042020 1.978052 1.000000 1.000000 1.000000 1.000000
v 4.253053 2.313327 1.808951 1.000000 1.000000 1.000000 1.000000
v 4.283830 2.606301 1.994687 1.000000 1.000000 1.000000 1.000000
v 4.312153 0.370504 1.867073 1.000000 1.000000 1.000000 1.000000
v 4.292070 2.594520 1.898512 1.000000 1.000000 1.000000 1.000000
v 4.323850 0.128126 1.962466 1.000000 1.000000 1.000000 1.000000
v 4.310733 0.659635 1.979690 1.000000 1.000000 1.000000 1.000000
v 4.364752 0.014936 2.009555 1.000000 1.000000 1.000000 1.000000
v 4.172144 4.294096 2.090837 1.000000 1.000000 1.000000 1.000000
v 4.201764 1.940619 2.111200 1.000000 1.000000 1.000000 1.000000
v 3.956652 6.065500 2.047378 1.000000 1.000000 1.000000 1.000000
v 4.133144 3.806059 2.123628 1.000000 1.000000 1.000000 1.000000
v 3.971793 5.327574 2.112982 1.000000 1.000000 1.000000 1.000000
v 3.779921 6.547197 1.988715 1.000000 1.000000 1.000000 1.000000
v 3.902983 5.843694 2.059746 1.000000 1.000000 1.000000 1.000000
v 3.788770 5.267726 2.005790 1.000000 1.000000 1.000000 1.000000
v 3.995602 3.993463 2.121568 1.000000 1.000000 1.000000 1.000000
v 4.067153 1.644400 2.145607 1.000000 1.000000 1.000000 1.000000
v 3.868908 2.787902 2.112827 1.000000 1.000000 1.000000 1.000000
v 4.154259 0.666538 2.109040 1.000000 1.000000 1.000000 1.000000
v 3.982052 0.417448 2.175241 1.000000 1.000000 1.000000 1.000000
v 3.778967 0.927123 2.242201 1.000000 1.000000 1.000000 1.000000
v 3.833462 0.278992 2.273735 1.000000 1.000000 1.000000 1.000000
v 3.938607 0.030736 2.405464 1.000000 1.000000 1.000000 1.000000
v 3.528189 0.021574 2.753631 1.000000 1.000000 1.000000 1.000000
v 3.642462 4.677936 2.006509 1.000000 1.000000 1.000000 1.000000
v 3.539245 1.001780 2.403620 1.000000 1.000000 1.000000 1.000000
v 3.746646 6.245036 1.960458 1.000000 1.000000 1.000000 1.000000
v 3.622386 1.728315 2.255843 1.000000 1.000000 1.000000 1.000000
v 3.597066 4.874402 2.013752 1.000000 1.000000 1.000000 1.000000
v 3.752582 6.443871 2.008425 1.000000 1.000000 1.000000 1.000000
v 3.816215 6.634424 2.020030 1.000000 1.000000 1.000000 1.000000
v 3.552121 4.753032 2.063074 1.000000 1.000000 1.000000 1.000000
v 3.729824 6.269449 2.100040 1.000000 1.000000 1.000000 1.000000
v 3.910129 6.622745 2.103317 1.000000 1.000000 1.000000 1.000000
v 3.581745 5.026079 2.107414 1.000000 1.000000 1.000000 1.000000
v 3.740236 6.136631 2.159417 1.000000 1.000000 1.000000 1.000000
v 3.854494 6.394069 2.134480 1.000000 1.000000 1.000000 1.000000
v 3.653937 5.240791 2.160861 1.000000 1.000000 1.000000 1.000000
v 3.938781 6.280339 2.112278 1.000000 1.000000 1.000000 1.000000
v 3.955220 6.199908 2.129135 1.000000 1.000000 1.000000 1.000000
v 3.971355 6.620489 2.122244 1.000000 1.000000 1.000000 1.000000
v 3.849560 5.548021 2.169477 1.000000 1.000000 1.000000 1.000000
v 3.567494 4.483809 2.284873 1.000000 1.000000 1.000000 1.000000
v 3.720199 4.798640 2.296147 1.000000 1.000000 1.000000 1.000000
v 3.926270 5.915057 2.209299 1.000000 1.000000 1.000000 1.000000
v 3.861210 5.258565 2.297144 1.000000 1.000000 1.000000 1.000000
v 3.866778 6.075110 2.308038 1.000000 1.000000 1.000000 1.000000
v 3.965583 6.620889 2.160959 1.000000 1.000000 1.000000 1.000000
v 3.844603 5.142699 2.467268 1.000000 1.000000 1.000000 1.000000
v 3.719663 4.570933 2.483891 1.000000 1.000000 1.000000 1.000000
v 3.901964 5.876729 2.411116 1.000000 1.000000 1.000000 1.000000
v 4.036229 6.633053 2.239166 1.000000 1.000000 1.000000 1.000000
v 3.885722 5.072721 2.542031 1.000000 1.000000 1.000000 1.000000
v 3.998669 5.896461 2.453620 1.000000 1.000000 1.000000 1.000000
v 4.048833 6.414352 2.317812 1.000000 1.000000 1.000000 1.000000
v 4.070349 6.627569 2.232986 1.000000 1.000000 1.000000 1.000000
v 3.885100 4.805021 2.596228 1.000000 1.000000 1.000000 1.000000
v 3.738830 4.266016 2.568932 1.000000 1.000000 1.000000 1.000000
v 3.602833 4.028292 2.455982 1.000000 1.000000 1.000000 1.000000
v 3.534531 2.396165 2.555347 1.000000 1.000000 1.000000 1.000000
v 3.517855 4.227243 2.245070 1.000000 1.000000 1.000000 1.000000
v 3.569271 2.184188 2.622575 1.000000 1.000000 1.000000 1.000000
v 3.467784 0.665513 2.656401 1.000000 1.000000 1.000000 1.000000
v 3.518008 2.530562 2.306436 1.000000 1.000000 1.000000 1.000000
v 3.460164 0.382613 2.664871 1.000000 1.000000 1.000000 1.000000
v 3.484772 0.408089 2.699934 1.000000 1.000000 1.000000 1.000000
v 3.517773 0.283007 2.589172 1.000000 1.000000 1.000000 1.000000
v 3.540644 0.019035 2.825039 1.000000 1.000000 1.000000 1.000000
v 3.543855 0.885255 2.718933 1.000000 1.000000 1.000000 1.000000
v 3.532776 0.363797 2.735398 1.000000 1.000000 1.000000 1.000000
v 3.898659 3.303243 2.637029 1.000000 1.000000 1.000000 1.000000
v 3.988838 4.850607 2.569174 1.000000 1.000000 1.000000 1.000000
v 3.811221 1.523858 2.669963 1.000000 1.000000 1.000000 1.000000
v 3.950861 3.041471 2.618511 1.000000 1.000000 1.000000 1.000000
v 4.076952 5.658845 2.417851 1.000000 1.000000 1.000000 1.000000
v 4.051308 4.309154 2.530886 1.000000 1.000000 1.000000 1.000000
v 3.977714 1.636610 2.513085 1.000000 1.000000 1.000000 1.000000
v 4.049311 6.159721 2.205930 1.000000 1.000000 1.000000 1.000000
v 4.069618 4.582658 2.421858 1.000000 1.000000 1.000000 1.000000
v 4.054259 5.950361 2.129527 1.000000 1.000000 1.000000 1.000000
v 4.089664 4.059294 2.308914 1.000000 1.000000 1.000000 1.000000
v 4.105040 2.830420 2.371434 1.000000 1.000000 1.000000 1.000000
v 4.096703 6.273918 2.130815 1.000000 1.000000 1.000000 1.000000
v 4.124404 6.620231 2.230598 1.000000 1.000000 1.000000 1.000000
v 4.148347 4.019343 2.169517 1.000000 1.000000 1.000000 1.000000
v 4.099853 5.040100 2.155272 1.000000 1.000000 1.000000 1.000000
v 4.145870 5.537755 2.073236 1.000000 1.000000 1.000000 1.000000
v 4.128468 6.208162 2.136606 1.000000 1.000000 1.000000 1.000000
v 4.155138 6.564396 2.238289 1.000000 1.000000 1.000000 1.000000
v 4.219419 6.630187 2.316008 1.000000 1.000000 1.000000 1.000000
v 4.208726 5.493712 2.073025 1.000000 1.000000 1.000000 1.000000
v 4.192155 5.942412 2.147142 1.000000 1.000000 1.000000 1.000000
v 4.185963 6.341915 2.287333 1.000000 1.000000 1.000000 1.000000
v 4.310566 5.674548 2.212785 1.000000 1.000000 1.000000 1.000000
v 4.212464 6.353819 2.286834 1.000000 1.000000 1.000000 1.000000
v 4.242191 4.862833 2.100741 1.000000 1.000000 1.000000 1.000000
v 4.312566 5.151522 2.115041 1.000000 1.000000 1.000000 1.000000
v 4.452062 5.743228 2.258832 1.000000 1.000000 1.000000 1.000000
v 4.281730 3.304319 2.106413 1.000000 1.000000 1.000000 1.000000
v 4.343133 6.393425 2.327107 1.000000 1.000000 1.000000 1.000000
v 4.206641 2.685723 2.175457 1.000000 1.000000 1.000000 1.000000
v 4.274794 6.602949 2.384251 1.000000 1.000000 1.000000 1.000000
v 4.260415 6.633579 2.429127 1.000000 1.000000 1.000000 1.000000
v 4.091835 0.607302 2.322377 1.000000 1.000000 1.000000 1.000000
v 3.873036 0.580469 2.517593 1.000000 1.000000 1.000000 1.000000
v 3.571238 0.334211 2.714953 1.000000 1.000000 1.000000 1.000000
v 3.635391 0.028336 2.840299 1.000000 1.000000 1.000000 1.000000
v 4.265546 0.577561 2.218942 1.000000 1.000000 1.000000 1.000000
v 4.125833 0.252861 2.347568 1.000000 1.000000 1.000000 1.000000
v 4.165808 0.016355 2.512443 1.000000 1.000000 1.000000 1.000000
v 4.550111 0.020124 2.304057 1.000000 1.000000 1.000000 1.000000
v 4.426841 0.205910 2.318607 1.000000 1.000000 1.000000 1.000000
v 4.618091 0.017455 2.365225 1.000000 1.000000 1.000000 1.000000
v 4.422916 1.015269 2.168124 1.000000 1.000000 1.000000 1.000000
v 4.424518 2.545080 2.117785 1.000000 1.000000 1.000000 1.000000
v 4.547393 0.698420 2.262195 1.000000 1.000000 1.000000 1.000000
v 4.653581 0.222405 2.501573 1.000000 1.000000 1.000000 1.000000
v 4.745345 0.013309 2.576971 1.000000 1.000000 1.000000 1.000000
v 4.460872 3.586923 2.135206 1.000000 1.000000 1.000000 1.000000
v 4.585753 0.500888 2.520024 1.000000 1.000000 1.000000 1.000000
v 4.731113 0.019960 2.761549 1.000000 1.000000 1.000000 1.000000
v 4.395116 0.413498 3.130151 1.000000 1.000000 1.000000 1.000000
v 4.596367 0.032249 3.199518 1.000000 1.000000 1.000000 1.000000
v 4.584463 0.625814 2.341800 1.000000 1.000000 1.000000 1.000000
v 4.557278 0.671844 2.491652 1.000000 1.000000 1.000000 1.000000
v 4.280188 1.093114 3.081646 1.000000 1.000000 1.000000 1.000000
v 4.532560 2.401346 2.212303 1.000000 1.000000 1.000000 1.000000
v 4.568119 3.768068 2.327199 1.000000 1.000000 1.000000 1.000000
v 4.545232 3.774736 2.239358 1.000000 1.000000 1.000000 1.000000
v 4.546593 4.777606 2.363512 1.000000 1.000000 1.000000 1.000000
v 4.516994 1.816339 2.583209 1.000000 1.000000 1.000000 1.000000
v 4.461501 5.282282 2.236458 1.000000 1.000000 1.000000 1.000000
v 4.430904 2.176107 2.708762 1.000000 1.000000 1.000000 1.000000
v 4.479395 5.664272 2.347077 1.000000 1.000000 1.000000 1.000000
v 4.142069 3.301354 2.972780 1.000000 1.000000 1.000000 1.000000
v 4.438396 5.801409 2.415684 1.000000 1.000000 1.000000 1.000000
v 4.567083 3.869871 2.409736 1.000000 1.000000 1.000000 1.000000
v 4.526821 4.217616 2.472150 1.000000 1.000000 1.000000 1.000000
v 4.342530 3.378918 2.730860 1.000000 1.000000 1.000000 1.000000
v 4.208879 4.543360 2.675407 1.000000 1.000000 1.000000 1.000000
v 4.105989 4.212683 2.925387 1.000000 1.000000 1.000000 1.000000
v 4.448268 4.035192 2.561378 1.000000 1.000000 1.000000 1.000000
v 4.160931 5.022345 2.726328 1.000000 1.000000 1.000000 1.000000
v 4.208251 5.012137 2.865852 1.000000 1.000000 1.000000 1.000000
v 4.240306 4.966670 2.549453 1.000000 1.000000 1.000000 1.000000
v 4.399238 5.060231 2.490722 1.000000 1.000000 1.000000 1.000000
v 4.172621 6.074374 2.455148 1.000000 1.000000 1.000000 1.000000
v 4.237361 6.157834 2.411114 1.000000 1.000000 1.000000 1.000000
v 4.164401 5.801426 2.531945 1.000000 1.000000 1.000000 1.000000
v 4.167064 6.251583 2.505905 1.000000 1.000000 1.000000 1.000000
v 4.201218 5.816114 2.615462 1.000000 1.000000 1.000000 1.000000
v 4.344450 5.772405 2.700577 1.000000 1.000000 1.000000 1.000000
v 4.280430 6.222068 2.575413 1.000000 1.000000 1.000000 1.000000
v 4.346210 6.518320 2.452904 1.000000 1.000000 1.000000 1.000000
v 4.380028 6.182632 2.535884 1.000000 1.000000 1.000000 1.000000
v -2.906087 0.979530 1.719377 1.000000 1.000000 1.000000 1.000000
v -3.119715 0.109062 1.724329 1.000000 1.000000 1.000000 1.000000
v -3.042956 0.101422 1.688810 1.000000 1.000000 1.000000 1.000000
v -2.720355 2.856202 1.790041 1.000000 1.000000 1.000000 1.000000
v -2.903307 1.888633 1.724709 1.000000 1.000000 1.000000 1.000000
v -3.137841 0.106562 1.706555 1.000000 1.000000 1.000000 1.000000
v -3.004992 1.245039 1.686647 1.000000 1.000000 1.000000 1.000000
v -2.872835 2.546387 1.650086 1.000000 1.000000 1.000000 1.000000
v -3.004790 1.438475 1.586038 1.000000 1.000000 1.000000 1.000000
v -3.167422 0.106559 1.589514 1.000000 1.000000 1.000000 1.000000
v -3.144799 0.092969 1.288640 1.000000 1.000000 1.000000 1.000000
v -3.075716 1.891699 1.376159 1.000000 1.000000 1.000000 1.000000
v -3.193617 0.092831 1.236504 1.000000 1.000000 1.000000 1.000000
v -2.984372 2.813548 1.485098 1.000000 1.000000 1.000000 1.000000
v -3.212766 1.683208 1.248099 1.000000 1.000000 1.000000 1.000000
v -3.279036 0.091437 1.225959 1.000000 1.000000 1.000000 1.000000
v -2.740635 3.553396 1.620743 1.000000 1.000000 1.000000 1.000000
v -2.663971 3.545394 1.744267 1.000000 1.000000 1.000000 1.000000
v -2.600902 4.094242 1.643096 1.000000 1.000000 1.000000 1.000000
v -3.315452 1.803730 1.271447 1.000000 1.000000 1.000000 1.000000
v -3.356360 0.088607 1.267755 1.000000 1.000000 1.000000 1.000000
v -2.691985 4.547598 1.309827 1.000000 1.000000 1.000000 1.000000
v -3.370427 2.231134 1.335162 1.000000 1.000000 1.000000 1.000000
v -3.379641 0.084015 1.381896 1.000000 1.000000 1.000000 1.000000
v -2.886679 3.406153 1.528417 1.000000 1.000000 1.000000 1.000000
v -3.376172 2.497879 1.398108 1.000000 1.000000 1.000000 1.000000
v -3.355506 0.079139 1.477716 1.000000 1.000000 1.000000 1.000000
v -3.185926 3.608220 1.375610 1.000000 1.000000 1.000000 1.000000
v -3.333950 3.462077 1.447351 1.000000 1.000000 1.000000 1.000000
v -3.275039 3.583975 1.355231 1.000000 1.000000 1.000000 1.000000
v -3.029822 4.533074 1.233826 1.000000 1.000000 1.000000 1.000000
v -3.314466 3.526112 1.365460 1.000000 1.000000 1.000000 1.000000
v -3.132451 4.451251 1.241514 1.000000 1.000000 1.000000 1.000000
v -3.219873 4.349717 1.314175 1.000000 1.000000 1.000000 1.000000
v -3.318311 3.616600 1.398928 1.000000 1.000000 1.000000 1.000000
v -2.858590 4.461286 1.297633 1.000000 1.000000 1.000000 1.000000
v -2.768926 5.479113 0.902260 1.000000 1.000000 1.000000 1.000000
v -2.696882 5.687537 0.893252 1.000000 1.000000 1.000000 1.000000
v -2.802759 5.890246 0.792926 1.000000 1.000000 1.000000 1.000000
v -2.629556 5.073720 1.207155 1.000000 1.000000 1.000000 1.000000
v -2.541570 4.659690 1.509077 1.000000 1.000000 1.000000 1.000000
v -2.495842 5.821603 1.210536 1.000000 1.000000 1.000000 1.000000
v -2.569076 6.677069 0.809582 1.000000 1.000000 1.000000 1.000000
v -2.469123 6.525774 0.933915 1.000000 1.000000 1.000000 1.000000
v -2.636400 6.296321 0.953853 1.000000 1.000000 1.000000 1.000000
v -2.638004 6.640184 0.784331 1.000000 1.000000 1.000000 1.000000
v -2.666224 6.402075 0.718883 1.000000 1.000000 1.000000 1.000000
v -2.676163 6.628860 0.833545 1.000000 1.000000 1.000000 1.000000
v -2.781141 6.458894 0.723428 1.000000 1.000000 1.000000 1.000000
v -3.142226 4.920966 1.120515 1.000000 1.000000 1.000000 1.000000
v -2.907834 6.195646 0.826362 1.000000 1.000000 1.000000 1.000000
v -2.842957 6.447939 0.842537 1.000000 1.000000 1.000000 1.000000
v -2.734873 6.635660 0.873085 1.000000 1.000000 1.000000 1.000000
v -3.007381 5.898656 0.956842 1.000000 1.000000 1.000000 1.000000
v -3.209960 4.497067 1.322191 1.000000 1.000000 1.000000 1.000000
v -2.959402 6.034384 0.953133 1.000000 1.000000 1.000000 1.000000
v -2.786793 6.431897 0.852085 1.000000 1.000000 1.000000 1.000000
v -3.184733 4.489332 1.362528 1.000000 1.000000 1.000000 1.000000
v -2.719849 6.518284 0.876333 1.000000 1.000000 1.000000 1.000000
v -2.731617 6.636766 0.928812 1.000000 1.000000 1.000000 1.000000
v -2.738638 6.422095 0.895180 1.000000 1.000000 1.000000 1.000000
v -2.793579 6.146761 0.966638 1.000000 1.000000 1.000000 1.000000
v -2.745798 6.635554 0.968429 1.000000 1.000000 1.000000 1.000000
v -2.814183 6.168375 0.895419 1.000000 1.000000 1.000000 1.000000
v -2.718243 6.455606 0.835040 1.000000 1.000000 1.000000 1.000000
v -2.756720 6.344800 1.005821 1.000000 1.000000 1.000000 1.000000
v -2.894296 5.684597 1.044964 1.000000 1.000000 1.000000 1.000000
v -2.570277 5.893192 1.208830 1.000000 1.000000 1.000000 1.000000
v -2.943709 6.011379 0.977159 1.000000 1.000000 1.000000 1.000000
v -2.999955 5.263565 1.201543 1.000000 1.000000 1.000000 1.000000
v -2.785615 5.699484 0.996793 1.000000 1.000000 1.000000 1.000000
v -2.750334 5.757454 0.997110 1.000000 1.000000 1.000000 1.000000
v -2.624053 5.589475 1.156436 1.000000 1.000000 1.000000 1.000000
v -2.680731 4.823475 1.325286 1.000000 1.000000 1.000000 1.000000
v -2.864812 5.059536 1.246581 1.000000 1.000000 1.000000 1.000000
v -3.106941 4.039974 1.441432 1.000000 1.000000 1.000000 1.000000
v -2.816676 4.119122 1.453533 1.000000 1.000000 1.000000 1.000000
v -2.623134 4.448562 1.536658 1.000000 1.000000 1.000000 1.000000
v -2.798290 3.498059 1.605299 1.000000 1.000000 1.000000 1.000000
v -3.044201 2.364373 1.654115 1.000000 1.000000 1.000000 1.000000
v -3.237678 2.680121 1.539098 1.000000 1.000000 1.000000 1.000000
v -3.219460 0.619089 1.617097 1.000000 1.000000 1.000000 1.000000
v -3.078458 0.072422 1.922577 1.000000 1.000000 1.000000 1.000000
v -3.081192 1.283067 1.698608 1.000000 1.000000 1.000000 1.000000
v -2.993753 0.493267 1.893023 1.000000 1.000000 1.000000 1.000000
v -2.988366 0.072954 2.096599 1.000000 1.000000 1.000000 1.000000
v -2.827834 2.266702 1.813785 1.000000 1.000000 1.000000 1.000000
v -2.850867 1.481303 1.912405 1.000000 1.000000 1.000000 1.000000
v -2.734178 3.199594 1.813909 1.000000 1.000000 1.000000 1.000000
v -2.742083 3.122381 1.873793 1.000000 1.000000 1.000000 1.000000
v -2.651377 4.074889 1.743660 1.000000 1.000000 1.000000 1.000000
v -2.956732 0.658432 2.124177 1.000000 1.000000 1.000000 1.000000
v -3.027829 0.084584 2.215729 1.000000 1.000000 1.000000 1.000000
v -2.759458 3.491264 1.868090 1.000000 1.000000 1.000000 1.000000
v -3.043076 0.372578 2.169221 1.000000 1.000000 1.000000 1.000000
v -3.097338 0.085453 2.210517 1.000000 1.000000 1.000000 1.000000
v -2.709482 4.728264 1.677319 1.000000 1.000000 1.000000 1.000000
v -3.056500 1.125923 2.083669 1.000000 1.000000 1.000000 1.000000
v -2.830080 3.227631 1.914846 1.000000 1.000000 1.000000 1.000000
v -3.100386 1.043796 2.038151 1.000000 1.000000 1.000000 1.000000
v -3.157070 0.079263 2.132059 1.000000 1.000000 1.000000 1.000000
v -3.243815 0.039464 1.733357 1.000000 1.000000 1.000000 1.000000
v -2.963416 2.964572 1.841929 1.000000 1.000000 1.000000 1.000000
v -3.149637 1.787073 1.782108 1.000000 1.000000 1.000000 1.000000
v -3.227428 1.307226 1.645974 1.000000 1.000000 1.000000 1.000000
v -3.379457 0.022768 1.532126 1.000000 1.000000 1.000000 1.000000
v -3.363105 1.808898 1.485565 1.000000 1.000000 1.000000 1.000000
v -3.464312 0.018723 1.498729 1.000000 1.000000 1.000000 1.000000
v -3.106706 3.027689 1.669011 1.000000 1.000000 1.000000 1.000000
v -3.447860 3.594329 1.426144 1.000000 1.000000 1.000000 1.000000
v -2.956965 4.294623 1.551711 1.000000 1.000000 1.000000 1.000000
v -3.034584 4.196879 1.519744 1.000000 1.000000 1.000000 1.000000
v -3.507251 3.289479 1.440313 1.000000 1.000000 1.000000 1.000000
v -2.882663 4.249549 1.671820 1.000000 1.000000 1.000000 1.000000
v -3.532483 2.625563 1.440435 1.000000 1.000000 1.000000 1.000000
v -3.545805 0.015363 1.532896 1.000000 1.000000 1.000000 1.000000
v -2.768661 5.122256 1.596065 1.000000 1.000000 1.000000 1.000000
v -3.561609 2.899906 1.475655 1.000000 1.000000 1.000000 1.000000
v -3.587986 0.015032 1.599877 1.000000 1.000000 1.000000 1.000000
v -3.511387 3.846724 1.483372 1.000000 1.000000 1.000000 1.000000
v -3.562946 2.973622 1.500099 1.000000 1.000000 1.000000 1.000000
v -3.573020 0.593488 1.675846 1.000000 1.000000 1.000000 1.000000
v -3.593893 0.014257 1.652111 1.000000 1.000000 1.000000 1.000000
v -3.542216 3.336622 1.529300 1.000000 1.000000 1.000000 1.000000
v -3.450939 0.495036 1.815232 1.000000 1.000000 1.000000 1.000000
v -3.429713 0.019353 1.706451 1.000000 1.000000 1.000000 1.000000
v -3.488234 2.109636 1.655942 1.000000 1.000000 1.000000 1.000000
v -3.265820 0.493521 1.930746 1.000000 1.000000 1.000000 1.000000
v -3.289922 0.019935 1.764931 1.000000 1.000000 1.000000 1.000000
v -3.174220 2.789706 1.694939 1.000000 1.000000 1.000000 1.000000
v -3.228086 0.544099 1.988376 1.000000 1.000000 1.000000 1.000000
v -3.292403 0.019019 1.867523 1.000000 1.000000 1.000000 1.000000
v -3.066676 3.853280 1.609417 1.000000 1.000000 1.000000 1.000000
v -3.240222 0.580558 2.061093 1.000000 1.000000 1.000000 1.000000
v -3.415110 0.014742 2.121911 1.000000 1.000000 1.000000 1.000000
v -3.001003 3.498369 1.755617 1.000000 1.000000 1.000000 1.000000
v -2.973998 3.567477 1.826504 1.000000 1.000000 1.000000 1.000000
v -3.170506 3.818128 1.572079 1.000000 1.000000 1.000000 1.000000
v -2.964245 5.393703 1.346115 1.000000 1.000000 1.000000 1.000000
v -2.908985 4.729299 1.620724 1.000000 1.000000 1.000000 1.000000
v -3.051392 5.814415 1.282061 1.000000 1.000000 1.000000 1.000000
v -2.908523 5.624355 1.357396 1.000000 1.000000 1.000000 1.000000
v -3.357188 4.109588 1.539405 1.000000 1.000000 1.000000 1.000000
v -2.974442 6.129884 1.274383 1.000000 1.000000 1.000000 1.000000
v -3.097750 6.463914 1.253366 1.000000 1.000000 1.000000 1.000000
v -3.456954 4.093397 1.532104 1.000000 1.000000 1.000000 1.000000
v -3.201684 6.111131 1.294742 1.000000 1.000000 1.000000 1.000000
v -3.067631 6.617549 1.218634 1.000000 1.000000 1.000000 1.000000
v -3.068213 6.626437 1.262032 1.000000 1.000000 1.000000 1.000000
v -3.267104 6.004481 1.252395 1.000000 1.000000 1.000000 1.000000
v -3.073273 6.634894 1.181575 1.000000 1.000000 1.000000 1.000000
v -2.917855 5.761824 1.372782 1.000000 1.000000 1.000000 1.000000
v -3.014253 6.282149 1.357356 1.000000 1.000000 1.000000 1.000000
v -3.153483 6.628730 1.314223 1.000000 1.000000 1.000000 1.000000
v -2.914407 5.134687 1.641027 1.000000 1.000000 1.000000 1.000000
v -2.970927 5.664960 1.477522 1.000000 1.000000 1.000000 1.000000
v -3.156959 6.502973 1.389339 1.000000 1.000000 1.000000 1.000000
v -3.189456 6.610389 1.388755 1.000000 1.000000 1.000000 1.000000
v -2.982580 3.874871 1.862727 1.000000 1.000000 1.000000 1.000000
v -3.027162 5.605906 1.700430 1.000000 1.000000 1.000000 1.000000
v -3.101505 6.241568 1.557920 1.000000 1.000000 1.000000 1.000000
v -3.121032 6.041243 1.634287 1.000000 1.000000 1.000000 1.000000
v -3.200294 6.542740 1.471997 1.000000 1.000000 1.000000 1.000000
v -3.087367 5.091746 1.787740 1.000000 1.000000 1.000000 1.000000
v -3.049181 4.590563 1.837313 1.000000 1.000000 1.000000 1.000000
v -3.088203 2.796710 1.970762 1.000000 1.000000 1.000000 1.000000
v -3.231769 1.865973 2.041419 1.000000 1.000000 1.000000 1.000000
v -3.310881 0.423873 2.117330 1.000000 1.000000 1.000000 1.000000
v -3.433982 0.220725 2.124162 1.000000 1.000000 1.000000 1.000000
v -3.546982 0.021928 2.096588 1.000000 1.000000 1.000000 1.000000
v -3.560009 0.234920 1.957372 1.000000 1.000000 1.000000 1.000000
v -3.831359 0.015533 1.657829 1.000000 1.000000 1.000000 1.000000
v -3.461247 0.625458 2.072238 1.000000 1.000000 1.000000 1.000000
v -3.805372 0.482867 1.679143 1.000000 1.000000 1.000000 1.000000
v -3.873746 0.485890 1.664946 1.000000 1.000000 1.000000 1.000000
v -3.949083 0.010910 1.715027 1.000000 1.000000 1.000000 1.000000
v -3.531241 1.012482 1.857172 1.000000 1.000000 1.000000 1.000000
v -3.662023 1.201956 1.620072 1.000000 1.000000 1.000000 1.000000
v -3.385781 1.642439 1.961447 1.000000 1.000000 1.000000 1.000000
v -3.500490 1.874021 1.733640 1.000000 1.000000 1.000000 1.000000
v -3.316569 2.438409 1.944436 1.000000 1.000000 1.000000 1.000000
v -3.224069 3.936600 1.845349 1.000000 1.000000 1.000000 1.000000
v -3.573229 3.135120 1.583074 1.000000 1.000000 1.000000 1.000000
v -3.325954 3.813511 1.724510 1.000000 1.000000 1.000000 1.000000
v -3.156254 5.598909 1.673642 1.000000 1.000000 1.000000 1.000000
v -3.198377 5.486202 1.598931 1.000000 1.000000 1.000000 1.000000
v -3.212677 6.311831 1.415226 1.000000 1.000000 1.000000 1.000000
v -3.261313 6.539266 1.373317 1.000000 1.000000 1.000000 1.000000
v -3.241033 6.147222 1.355182 1.000000 1.000000 1.000000 1.000000
v -3.304705 6.625802 1.440046 1.000000 1.000000 1.000000 1.000000
v -3.361382 4.220911 1.598342 1.000000 1.000000 1.000000 1.000000
v -3.412971 5.700908 1.327270 1.000000 1.000000 1.000000 1.000000
v -3.346279 6.264979 1.314363 1.000000 1.000000 1.000000 1.000000
v -3.519192 4.743233 1.478102 1.000000 1.000000 1.000000 1.000000
v -3.526412 5.600261 1.348739 1.000000 1.000000 1.000000 1.000000
v -3.391262 6.140192 1.343750 1.000000 1.000000 1.000000 1.000000
v -3.606105 4.038592 1.537361 1.000000 1.000000 1.000000 1.000000
v -3.667336 4.471710 1.565321 1.000000 1.000000 1.000000 1.000000
v -3.668489 2.912374 1.546496 1.000000 1.000000 1.000000 1.000000
v -3.785094 2.763955 1.565158 1.000000 1.000000 1.000000 1.000000
v -3.762502 1.660620 1.601187 1.000000 1.000000 1.000000 1.000000
v -3.881675 0.880664 1.675806 1.000000 1.000000 1.000000 1.000000
v -3.813165 2.792396 1.626383 1.000000 1.000000 1.000000 1.000000
v -3.861536 1.920247 1.725023 1.000000 1.000000 1.000000 1.000000
v -3.938011 0.410918 1.796225 1.000000 1.000000 1.000000 1.000000
v -3.950890 0.012807 1.789591 1.000000 1.000000 1.000000 1.000000
v -3.795278 3.686805 1.665976 1.000000 1.000000 1.000000 1.000000
v -3.867312 0.530445 1.899820 1.000000 1.000000 1.000000 1.000000
v -3.735165 4.607169 1.637492 1.000000 1.000000 1.000000 1.000000
v -3.814399 2.353471 1.811489 1.000000 1.000000 1.000000 1.000000
v -3.716998 4.701173 1.679783 1.000000 1.000000 1.000000 1.000000
v -3.694849 0.487470 2.011058 1.000000 1.000000 1.000000 1.000000
v -3.762293 0.013477 1.879391 1.000000 1.000000 1.000000 1.000000
v -3.689679 2.764901 1.843320 1.000000 1.000000 1.000000 1.000000
v -3.463492 0.397318 2.124993 1.000000 1.000000 1.000000 1.000000
v -3.668311 0.012833 2.018544 1.000000 1.000000 1.000000 1.000000
v -3.491327 2.533182 1.910341 1.000000 1.000000 1.000000 1.000000
v -3.380111 0.298392 2.281706 1.000000 1.000000 1.000000 1.000000
v -3.465997 0.020922 2.408871 1.000000 1.000000 1.000000 1.000000
v -3.349530 2.116220 2.001403 1.000000 1.000000 1.000000 1.000000
v -3.376605 0.331957 2.368859 1.000000 1.000000 1.000000 1.000000
v -3.489983 0.017854 2.469920 1.000000 1.000000 1.000000 1.000000
v -3.286897 1.239394 2.182582 1.000000 1.000000 1.000000 1.000000
v -3.319390 0.779967 2.328853 1.000000 1.000000 1.000000 1.000000
v -3.377373 0.649077 2.378350 1.000000 1.000000 1.000000 1.000000
v -3.599009 0.029808 2.485039 1.000000 1.000000 1.000000 1.000000
v -3.236669 2.350046 2.158435 1.000000 1.000000 1.000000 1.000000
v -3.233926 4.187993 1.864711 1.000000 1.000000 1.000000 1.000000
v -3.313325 4.395621 1.762819 1.000000 1.000000 1.000000 1.000000
v -3.312144 1.614584 2.287540 1.000000 1.000000 1.000000 1.000000
v -3.441663 4.132670 1.767362 1.000000 1.000000 1.000000 1.000000
v -3.656530 4.454928 1.727657 1.000000 1.000000 1.000000 1.000000
v -3.295676 5.939181 1.577759 1.000000 1.000000 1.000000 1.000000
v -3.543255 5.317793 1.648857 1.000000 1.000000 1.000000 1.000000
v -3.650457 5.458465 1.617436 1.000000 1.000000 1.000000 1.000000
v -3.232547 5.800386 1.628331 1.000000 1.000000 1.000000 1.000000
v -3.372702 6.519755 1.579345 1.000000 1.000000 1.000000 1.000000
v -3.324256 6.452250 1.583334 1.000000 1.000000 1.000000 1.000000
v -3.423374 6.623041 1.544799 1.000000 1.000000 1.000000 1.000000
v -3.700645 5.254571 1.583713 1.000000 1.000000 1.000000 1.000000
v -3.623913 5.803441 1.554742 1.000000 1.000000 1.000000 1.000000
v -3.697716 5.240239 1.508754 1.000000 1.000000 1.000000 1.000000
v -3.604407 5.655257 1.445149 1.000000 1.000000 1.000000 1.000000
v -3.566209 6.004632 1.541709 1.000000 1.000000 1.000000 1.000000
v -3.419928 6.186990 1.456939 1.000000 1.000000 1.000000 1.000000
v -3.392847 6.448931 1.474555 1.000000 1.000000 1.000000 1.000000
v -3.379290 6.631301 1.510775 1.000000 1.000000 1.000000 1.000000
v -3.394479 6.625492 1.591936 1.000000 1.000000 1.000000 1.000000
v -3.284521 6.245505 1.630161 1.000000 1.000000 1.000000 1.000000
v -3.444624 6.625139 1.639464 1.000000 1.000000 1.000000 1.000000
v -3.181073 5.452238 1.754202 1.000000 1.000000 1.000000 1.000000
v -3.281974 6.128355 1.690632 1.000000 1.000000 1.000000 1.000000
v -3.211755 3.382014 2.149188 1.000000 1.000000 1.000000 1.000000
v -3.195174 5.596033 1.773476 1.000000 1.000000 1.000000 1.000000
v -3.359130 6.055489 1.748361 1.000000 1.000000 1.000000 1.000000
v -3.474866 6.620550 1.671230 1.000000 1.000000 1.000000 1.000000
v -3.215446 5.402459 1.915320 1.000000 1.000000 1.000000 1.000000
v -3.453922 6.490598 1.702728 1.000000 1.000000 1.000000 1.000000
v -3.422942 6.152064 1.913465 1.000000 1.000000 1.000000 1.000000
v -3.547982 6.629916 1.753394 1.000000 1.000000 1.000000 1.000000
v -3.318360 5.744658 1.985335 1.000000 1.000000 1.000000 1.000000
v -3.250022 4.598076 2.104829 1.000000 1.000000 1.000000 1.000000
v -3.345216 5.388629 2.086535 1.000000 1.000000 1.000000 1.000000
v -3.283649 3.602257 2.217222 1.000000 1.000000 1.000000 1.000000
v -3.442583 5.815373 2.025135 1.000000 1.000000 1.000000 1.000000
v -3.355708 4.043798 2.209940 1.000000 1.000000 1.000000 1.000000
v -3.526544 6.265071 1.896309 1.000000 1.000000 1.000000 1.000000
v -3.585510 6.621812 1.733640 1.000000 1.000000 1.000000 1.000000
v -3.415843 4.311364 2.175490 1.000000 1.000000 1.000000 1.000000
v -3.502309 5.679969 2.005177 1.000000 1.000000 1.000000 1.000000
v -3.461105 3.373771 2.218423 1.000000 1.000000 1.000000 1.000000
v -3.544562 6.402819 1.800610 1.000000 1.000000 1.000000 1.000000
v -3.483562 4.171219 2.126366 1.000000 1.000000 1.000000 1.000000
v -3.507584 5.464889 1.976698 1.000000 1.000000 1.000000 1.000000
v -3.484426 5.190726 1.893433 1.000000 1.000000 1.000000 1.000000
v -3.514847 4.164531 1.997579 1.000000 1.000000 1.000000 1.000000
v -3.471706 5.124253 1.781086 1.000000 1.000000 1.000000 1.000000
v -3.594308 3.378381 2.081152 1.000000 1.000000 1.000000 1.000000
v -3.541889 4.194577 1.857027 1.000000 1.000000 1.000000 1.000000
v -3.517778 5.436636 1.714819 1.000000 1.000000 1.000000 1.000000
v -3.621435 6.505466 1.729624 1.000000 1.000000 1.000000 1.000000
v -3.664529 6.618070 1.772061 1.000000 1.000000 1.000000 1.000000
v -3.610404 4.147039 1.807536 1.000000 1.000000 1.000000 1.000000
v -3.549524 5.562324 1.715059 1.000000 1.000000 1.000000 1.000000
v -3.757120 3.138155 1.860683 1.000000 1.000000 1.000000 1.000000
v -3.618191 6.154314 1.704058 1.000000 1.000000 1.000000 1.000000
v -3.609678 5.180799 1.692199 1.000000 1.000000 1.000000 1.000000
v -3.632521 5.537445 1.787628 1.000000 1.000000 1.000000 1.000000
v -3.621629 6.093174 1.814574 1.000000 1.000000 1.000000 1.000000
v -3.683234 5.998031 1.853547 1.000000 1.000000 1.000000 1.000000
v -3.677078 6.628479 1.833935 1.000000 1.000000 1.000000 1.000000
v -3.817244 5.108211 1.711894 1.000000 1.000000 1.000000 1.000000
v -3.734332 6.245067 1.849159 1.000000 1.000000 1.000000 1.000000
v -3.810965 5.509702 1.828663 1.000000 1.000000 1.000000 1.000000
v -3.761151 6.614737 1.813855 1.000000 1.000000 1.000000 1.000000
v -3.963727 5.545064 1.772099 1.000000 1.000000 1.000000 1.000000
v -3.836119 4.398801 1.737080 1.000000 1.000000 1.000000 1.000000
v -3.861171 4.704092 1.734385 1.000000 1.000000 1.000000 1.000000
v -3.944947 3.147081 1.729094 1.000000 1.000000 1.000000 1.000000
v -4.025490 5.641756 1.783672 1.000000 1.000000 1.000000 1.000000
v -3.891076 6.232541 1.781847 1.000000 1.000000 1.000000 1.000000
v -3.753817 6.630889 1.859262 1.000000 1.000000 1.000000 1.000000
v -4.058710 5.767120 1.815904 1.000000 1.000000 1.000000 1.000000
v -4.066060 5.148239 1.840347 1.000000 1.000000 1.000000 1.000000
v -4.040666 5.913051 1.933506 1.000000 1.000000 1.000000 1.000000
v -3.777739 6.628398 1.906169 1.000000 1.000000 1.000000 1.000000
v -4.146309 5.273786 1.934740 1.000000 1.000000 1.000000 1.000000
v -3.927977 6.382943 1.983905 1.000000 1.000000 1.000000 1.000000
v -3.810073 6.605786 1.978610 1.000000 1.000000 1.000000 1.000000
v -4.077312 5.719405 2.012412 1.000000 1.000000 1.000000 1.000000
v -4.147572 4.727181 1.944313 1.000000 1.000000 1.000000 1.000000
v -4.172189 4.623144 2.037828 1.000000 1.000000 1.000000 1.000000
v -3.956644 6.065546 2.047373 1.000000 1.000000 1.000000 1.000000
v -4.236926 4.043105 1.978110 1.000000 1.000000 1.000000 1.000000
v -4.172129 4.294370 2.090836 1.000000 1.000000 1.000000 1.000000
v -4.283790 2.608474 1.994714 1.000000 1.000000 1.000000 1.000000
v -4.246077 2.607006 1.813153 1.000000 1.000000 1.000000 1.000000
v -4.292069 2.594773 1.898525 1.000000 1.000000 1.000000 1.000000
v -4.310733 0.659757 1.979693 1.000000 1.000000 1.000000 1.000000
v -4.312126 0.370425 1.867066 1.000000 1.000000 1.000000 1.000000
v -4.141781 2.496994 1.742852 1.000000 1.000000 1.000000 1.000000
v -4.263341 0.372682 1.822296 1.000000 1.000000 1.000000 1.000000
v -4.118726 0.833152 1.778948 1.000000 1.000000 1.000000 1.000000
v -4.358305 0.011961 1.962648 1.000000 1.000000 1.000000 1.000000
v -4.190950 0.047425 1.841738 1.000000 1.000000 1.000000 1.000000
v -4.323833 0.128120 1.962483 1.000000 1.000000 1.000000 1.000000
v -4.364749 0.014935 2.009554 1.000000 1.000000 1.000000 1.000000
v -3.942343 0.540057 1.873709 1.000000 1.000000 1.000000 1.000000
v -3.919656 0.209476 1.968789 1.000000 1.000000 1.000000 1.000000
v -4.183219 0.011631 1.839633 1.000000 1.000000 1.000000 1.000000
v -3.719077 0.031272 2.394924 1.000000 1.000000 1.000000 1.000000
v -3.891832 1.543482 1.847390 1.000000 1.000000 1.000000 1.000000
v -3.747625 0.564452 2.049891 1.000000 1.000000 1.000000 1.000000
v -3.464461 0.597501 2.355953 1.000000 1.000000 1.000000 1.000000
v -3.628130 1.489519 2.185140 1.000000 1.000000 1.000000 1.000000
v -3.440249 0.581040 2.377846 1.000000 1.000000 1.000000 1.000000
v -4.201759 1.941477 2.111205 1.000000 1.000000 1.000000 1.000000
v -4.154254 0.666703 2.109050 1.000000 1.000000 1.000000 1.000000
v -4.133124 3.806558 2.123627 1.000000 1.000000 1.000000 1.000000
v -3.981983 0.417552 2.175274 1.000000 1.000000 1.000000 1.000000
v -4.067191 1.645115 2.145591 1.000000 1.000000 1.000000 1.000000
v -3.833433 0.279019 2.273745 1.000000 1.000000 1.000000 1.000000
v -3.938577 0.030737 2.405492 1.000000 1.000000 1.000000 1.000000
v -3.529340 0.021807 2.753072 1.000000 1.000000 1.000000 1.000000
v -3.778895 0.927718 2.242190 1.000000 1.000000 1.000000 1.000000
v -3.995611 3.994414 2.121564 1.000000 1.000000 1.000000 1.000000
v -3.971775 5.327759 2.112976 1.000000 1.000000 1.000000 1.000000
v -3.868773 2.789036 2.112769 1.000000 1.000000 1.000000 1.000000
v -3.788767 5.268096 2.005774 1.000000 1.000000 1.000000 1.000000
v -3.902980 5.843703 2.059744 1.000000 1.000000 1.000000 1.000000
v -3.779922 6.547193 1.988715 1.000000 1.000000 1.000000 1.000000
v -3.642457 4.678288 2.006484 1.000000 1.000000 1.000000 1.000000
v -3.746640 6.245040 1.960464 1.000000 1.000000 1.000000 1.000000
v -3.752555 6.443760 2.008445 1.000000 1.000000 1.000000 1.000000
v -3.816215 6.634424 2.020030 1.000000 1.000000 1.000000 1.000000
v -3.597065 4.874190 2.013771 1.000000 1.000000 1.000000 1.000000
v -3.622359 1.729016 2.255799 1.000000 1.000000 1.000000 1.000000
v -3.552224 4.752959 2.062952 1.000000 1.000000 1.000000 1.000000
v -3.539240 1.002134 2.403583 1.000000 1.000000 1.000000 1.000000
v -3.729827 6.269464 2.100039 1.000000 1.000000 1.000000 1.000000
v -3.517777 0.283044 2.589150 1.000000 1.000000 1.000000 1.000000
v -3.910130 6.622744 2.103316 1.000000 1.000000 1.000000 1.000000
v -3.460157 0.382774 2.664833 1.000000 1.000000 1.000000 1.000000
v -3.581843 5.026598 2.107425 1.000000 1.000000 1.000000 1.000000
v -3.518028 2.531987 2.306296 1.000000 1.000000 1.000000 1.000000
v -3.482428 0.362503 2.712569 1.000000 1.000000 1.000000 1.000000
v -3.541844 0.019085 2.824823 1.000000 1.000000 1.000000 1.000000
v -3.468727 0.737041 2.644449 1.000000 1.000000 1.000000 1.000000
v -3.518380 4.237310 2.242630 1.000000 1.000000 1.000000 1.000000
v -3.534560 2.396842 2.555309 1.000000 1.000000 1.000000 1.000000
v -3.740238 6.136645 2.159417 1.000000 1.000000 1.000000 1.000000
v -3.602846 4.028439 2.455979 1.000000 1.000000 1.000000 1.000000
v -3.854496 6.394080 2.134479 1.000000 1.000000 1.000000 1.000000
v -3.567361 4.483423 2.284792 1.000000 1.000000 1.000000 1.000000
v -3.653967 5.240933 2.160855 1.000000 1.000000 1.000000 1.000000
v -3.938781 6.280345 2.112278 1.000000 1.000000 1.000000 1.000000
v -3.955222 6.199923 2.129133 1.000000 1.000000 1.000000 1.000000
v -3.849566 5.548058 2.169473 1.000000 1.000000 1.000000 1.000000
v -3.971356 6.620489 2.122243 1.000000 1.000000 1.000000 1.000000
v -3.720204 4.798658 2.296144 1.000000 1.000000 1.000000 1.000000
v -3.719675 4.570973 2.483887 1.000000 1.000000 1.000000 1.000000
v -3.861213 5.258588 2.297142 1.000000 1.000000 1.000000 1.000000
v -3.926272 5.915079 2.209296 1.000000 1.000000 1.000000 1.000000
v -3.866780 6.075130 2.308032 1.000000 1.000000 1.000000 1.000000
v -3.965583 6.620888 2.160958 1.000000 1.000000 1.000000 1.000000
v -3.844605 5.142717 2.467266 1.000000 1.000000 1.000000 1.000000
v -3.901970 5.876781 2.411108 1.000000 1.000000 1.000000 1.000000
v -4.036230 6.633052 2.239164 1.000000 1.000000 1.000000 1.000000
v -3.885729 5.072680 2.542035 1.000000 1.000000 1.000000 1.000000
v -3.683261 3.938640 2.550326 1.000000 1.000000 1.000000 1.000000
v -3.998654 5.896123 2.453678 1.000000 1.000000 1.000000 1.000000
v -3.885101 4.805274 2.596214 1.000000 1.000000 1.000000 1.000000
v -3.537456 0.849727 2.719716 1.000000 1.000000 1.000000 1.000000
v -4.048835 6.414322 2.317826 1.000000 1.000000 1.000000 1.000000
v -4.070348 6.627570 2.232985 1.000000 1.000000 1.000000 1.000000
v -3.988805 4.850407 2.569161 1.000000 1.000000 1.000000 1.000000
v -3.898783 3.305258 2.636964 1.000000 1.000000 1.000000 1.000000
v -3.529667 0.361309 2.735791 1.000000 1.000000 1.000000 1.000000
v -3.950978 3.043563 2.618471 1.000000 1.000000 1.000000 1.000000
v -3.571486 0.334441 2.714756 1.000000 1.000000 1.000000 1.000000
v -3.635391 0.028336 2.840299 1.000000 1.000000 1.000000 1.000000
v -3.811302 1.524373 2.669940 1.000000 1.000000 1.000000 1.000000
v -3.873054 0.580585 2.517592 1.000000 1.000000 1.000000 1.000000
v -4.125833 0.252868 2.347564 1.000000 1.000000 1.000000 1.000000
v -4.165813 0.016355 2.512439 1.000000 1.000000 1.000000 1.000000
v -4.550111 0.020124 2.304057 1.000000 1.000000 1.000000 1.000000
v -4.091875 0.607450 2.322345 1.000000 1.000000 1.000000 1.000000
v -3.977746 1.637516 2.513110 1.000000 1.000000 1.000000 1.000000
v -4.265556 0.577633 2.218933 1.000000 1.000000 1.000000 1.000000
v -4.426840 0.205914 2.318604 1.000000 1.000000 1.000000 1.000000
v -4.618091 0.017455 2.365225 1.000000 1.000000 1.000000 1.000000
v -4.206666 2.686766 2.175396 1.000000 1.000000 1.000000 1.000000
v -4.653577 0.222419 2.501570 1.000000 1.000000 1.000000 1.000000
v -4.745346 0.013309 2.576972 1.000000 1.000000 1.000000 1.000000
v -4.422931 1.015465 2.168113 1.000000 1.000000 1.000000 1.000000
v -4.585743 0.500917 2.520018 1.000000 1.000000 1.000000 1.000000
v -4.731112 0.019960 2.761553 1.000000 1.000000 1.000000 1.000000
v -4.547387 0.698448 2.262187 1.000000 1.000000 1.000000 1.000000
v -4.395108 0.413520 3.130148 1.000000 1.000000 1.000000 1.000000
v -4.596367 0.032249 3.199518 1.000000 1.000000 1.000000 1.000000
v -4.281711 3.304708 2.106413 1.000000 1.000000 1.000000 1.000000
v -4.557255 0.671895 2.491729 1.000000 1.000000 1.000000 1.000000
v -4.280169 1.093288 3.081633 1.000000 1.000000 1.000000 1.000000
v -4.584471 0.625728 2.341834 1.000000 1.000000 1.000000 1.000000
v -4.516984 1.818174 2.583137 1.000000 1.000000 1.000000 1.000000
v -4.568116 3.769813 2.327229 1.000000 1.000000 1.000000 1.000000
v -4.532552 2.402977 2.212280 1.000000 1.000000 1.000000 1.000000
v -4.430909 2.177320 2.708663 1.000000 1.000000 1.000000 1.000000
v -4.142028 3.302081 2.972745 1.000000 1.000000 1.000000 1.000000
v -4.567092 3.870179 2.409746 1.000000 1.000000 1.000000 1.000000
v -4.545232 3.774983 2.239372 1.000000 1.000000 1.000000 1.000000
v -4.342571 3.379782 2.730723 1.000000 1.000000 1.000000 1.000000
v -4.546583 4.777596 2.363511 1.000000 1.000000 1.000000 1.000000
v -4.460851 3.587292 2.135211 1.000000 1.000000 1.000000 1.000000
v -4.424508 2.545914 2.117769 1.000000 1.000000 1.000000 1.000000
v -4.242163 4.863148 2.100741 1.000000 1.000000 1.000000 1.000000
v -4.312561 5.151557 2.115036 1.000000 1.000000 1.000000 1.000000
v -4.461505 5.282320 2.236460 1.000000 1.000000 1.000000 1.000000
v -4.479383 5.664312 2.347077 1.000000 1.000000 1.000000 1.000000
v -4.452060 5.743243 2.258832 1.000000 1.000000 1.000000 1.000000
v -4.526822 4.217792 2.472147 1.000000 1.000000 1.000000 1.000000
v -4.343134 6.393415 2.327108 1.000000 1.000000 1.000000 1.000000
v -4.438391 5.801450 2.415682 1.000000 1.000000 1.000000 1.000000
v -4.448257 4.035286 2.561374 1.000000 1.000000 1.000000 1.000000
v -4.399227 5.060419 2.490707 1.000000 1.000000 1.000000 1.000000
v -4.240267 4.966975 2.549417 1.000000 1.000000 1.000000 1.000000
v -4.208867 4.543469 2.675387 1.000000 1.000000 1.000000 1.000000
v -4.105993 4.212769 2.925383 1.000000 1.000000 1.000000 1.000000
v -4.172625 6.074439 2.455143 1.000000 1.000000 1.000000 1.000000
v -4.237359 6.157880 2.411111 1.000000 1.000000 1.000000 1.000000
v -4.274795 6.602949 2.384251 1.000000 1.000000 1.000000 1.000000
v -4.164401 5.801461 2.531941 1.000000 1.000000 1.000000 1.000000
v -4.160933 5.022395 2.726321 1.000000 1.000000 1.000000 1.000000
v -4.208255 5.012173 2.865848 1.000000 1.000000 1.000000 1.000000
v -4.167064 6.251588 2.505904 1.000000 1.000000 1.000000 1.000000
v -4.201219 5.816125 2.615460 1.000000 1.000000 1.000000 1.000000
v -4.344450 5.772410 2.700576 1.000000 1.000000 1.000000 1.000000
v -4.260415 6.633580 2.429127 1.000000 1.000000 1.000000 1.000000
v -4.280430 6.222073 2.575412 1.000000 1.000000 1.000000 1.000000
v -4.380027 6.182633 2.535883 1.000000 1.000000 1.000000 1.000000
v -4.346210 6.518320 2.452904 1.000000 1.000000 1.000000 1.000000
v -4.219419 6.630186 2.316008 1.000000 1.000000 1.000000 1.000000
v -4.212464 6.353823 2.286834 1.000000 1.000000 1.000000 1.000000
v -4.310564 5.674563 2.212788 1.000000 1.000000 1.000000 1.000000
v -4.185962 6.341921 2.287333 1.000000 1.000000 1.000000 1.000000
v -4.155138 6.564397 2.238289 1.000000 1.000000 1.000000 1.000000
v -4.124405 6.620231 2.230598 1.000000 1.000000 1.000000 1.000000
v -4.192154 5.942425 2.147143 1.000000 1.000000 1.000000 1.000000
v -4.208725 5.493715 2.073027 1.000000 1.000000 1.000000 1.000000
v -4.128468 6.208169 2.136607 1.000000 1.000000 1.000000 1.000000
v -4.145872 5.537745 2.073236 1.000000 1.000000 1.000000 1.000000
v -4.096704 6.273920 2.130815 1.000000 1.000000 1.000000 1.000000
v -4.099854 5.040213 2.155266 1.000000 1.000000 1.000000 1.000000
v -4.054260 5.950377 2.129526 1.000000 1.000000 1.000000 1.000000
v -4.148263 4.020756 2.169525 1.000000 1.000000 1.000000 1.000000
v -4.089653 4.059625 2.308891 1.000000 1.000000 1.000000 1.000000
v -4.105042 2.830908 2.371439 1.000000 1.000000 1.000000 1.000000
v -4.051312 4.309888 2.530873 1.000000 1.000000 1.000000 1.000000
v -4.069618 4.582901 2.421828 1.000000 1.000000 1.000000 1.000000
v -4.076956 5.659080 2.417818 1.000000 1.000000 1.000000 1.000000
v -4.049310 6.159784 2.205928 1.000000 1.000000 1.000000 1.000000
v 2.906089 0.979518 1.719377 1.000000 1.000000 1.000000 1.000000
v 3.119718 0.109062 1.724329 1.000000 1.000000 1.000000 1.000000
v 3.042956 0.101422 1.688810 1.000000 1.000000 1.000000 1.000000
v 2.720363 2.856131 1.790043 1.000000 1.000000 1.000000 1.000000
v 2.903319 1.888539 1.724709 1.000000 1.000000 1.000000 1.000000
v 3.137841 0.106562 1.706554 1.000000 1.000000 1.000000 1.000000
v 3.005006 1.244913 1.686648 1.000000 1.000000 1.000000 1.000000
v 2.872855 2.546223 1.650082 1.000000 1.000000 1.000000 1.000000
v 3.004810 1.438300 1.586024 1.000000 1.000000 1.000000 1.000000
v 3.167423 0.106559 1.589516 1.000000 1.000000 1.000000 1.000000
v 3.144799 0.092969 1.288645 1.000000 1.000000 1.000000 1.000000
v 3.075747 1.891316 1.376115 1.000000 1.000000 1.000000 1.000000
v 3.193624 0.092831 1.236515 1.000000 1.000000 1.000000 1.000000
v 2.984429 2.813347 1.485050 1.000000 1.000000 1.000000 1.000000
v 3.212763 1.682367 1.248062 1.000000 1.000000 1.000000 1.000000
v 3.279033 0.091436 1.225964 1.000000 1.000000 1.000000 1.000000
v 2.740654 3.553258 1.620760 1.000000 1.000000 1.000000 1.000000
v 2.663973 3.545367 1.744270 1.000000 1.000000 1.000000 1.000000
v 2.600910 4.094175 1.643111 1.000000 1.000000 1.000000 1.000000
v 3.315420 1.802259 1.271406 1.000000 1.000000 1.000000 1.000000
v 3.356360 0.088607 1.267756 1.000000 1.000000 1.000000 1.000000
v 2.691991 4.547446 1.309880 1.000000 1.000000 1.000000 1.000000
v 3.370415 2.229148 1.335095 1.000000 1.000000 1.000000 1.000000
v 3.379641 0.084014 1.381907 1.000000 1.000000 1.000000 1.000000
v 2.886692 3.406068 1.528424 1.000000 1.000000 1.000000 1.000000
v 3.376170 2.498344 1.398102 1.000000 1.000000 1.000000 1.000000
v 3.355492 0.079138 1.477735 1.000000 1.000000 1.000000 1.000000
v 3.185930 3.608175 1.375611 1.000000 1.000000 1.000000 1.000000
v 3.333939 3.461765 1.447364 1.000000 1.000000 1.000000 1.000000
v 3.275041 3.583927 1.355231 1.000000 1.000000 1.000000 1.000000
v 3.029827 4.533031 1.233840 1.000000 1.000000 1.000000 1.000000
v 3.314448 3.526159 1.365465 1.000000 1.000000 1.000000 1.000000
v 3.132453 4.451211 1.241524 1.000000 1.000000 1.000000 1.000000
v 3.219867 4.349701 1.314178 1.000000 1.000000 1.000000 1.000000
v 3.318299 3.616554 1.398933 1.000000 1.000000 1.000000 1.000000
v 2.858596 4.461240 1.297647 1.000000 1.000000 1.000000 1.000000
v 2.768930 5.479033 0.902288 1.000000 1.000000 1.000000 1.000000
v 2.696883 5.687484 0.893265 1.000000 1.000000 1.000000 1.000000
v 2.802786 5.890107 0.792962 1.000000 1.000000 1.000000 1.000000
v 2.629553 5.073597 1.207195 1.000000 1.000000 1.000000 1.000000
v 2.541574 4.659632 1.509092 1.000000 1.000000 1.000000 1.000000
v 2.495841 5.821553 1.210546 1.000000 1.000000 1.000000 1.000000
v 2.666227 6.402053 0.718881 1.000000 1.000000 1.000000 1.000000
v 2.638007 6.640183 0.784328 1.000000 1.000000 1.000000 1.000000
v 2.636400 6.296283 0.953864 1.000000 1.000000 1.000000 1.000000
v 2.569078 6.677071 0.809586 1.000000 1.000000 1.000000 1.000000
v 2.469123 6.525770 0.933917 1.000000 1.000000 1.000000 1.000000
v 2.676162 6.628860 0.833544 1.000000 1.000000 1.000000 1.000000
v 2.781145 6.458881 0.723428 1.000000 1.000000 1.000000 1.000000
v 3.142268 4.920754 1.120576 1.000000 1.000000 1.000000 1.000000
v 2.907866 6.195494 0.826397 1.000000 1.000000 1.000000 1.000000
v 2.842955 6.447942 0.842536 1.000000 1.000000 1.000000 1.000000
v 2.734873 6.635660 0.873085 1.000000 1.000000 1.000000 1.000000
v 3.007381 5.898656 0.956842 1.000000 1.000000 1.000000 1.000000
v 3.209971 4.496996 1.322205 1.000000 1.000000 1.000000 1.000000
v 2.959401 6.034389 0.953134 1.000000 1.000000 1.000000 1.000000
v 2.786793 6.431896 0.852085 1.000000 1.000000 1.000000 1.000000
v 3.184781 4.489052 1.362583 1.000000 1.000000 1.000000 1.000000
v 2.719849 6.518284 0.876333 1.000000 1.000000 1.000000 1.000000
v 2.731617 6.636765 0.928812 1.000000 1.000000 1.000000 1.000000
v 2.738638 6.422095 0.895180 1.000000 1.000000 1.000000 1.000000
v 2.793578 6.146738 0.966641 1.000000 1.000000 1.000000 1.000000
v 2.745751 6.635579 0.968438 1.000000 1.000000 1.000000 1.000000
v 2.814182 6.168371 0.895419 1.000000 1.000000 1.000000 1.000000
v 2.718243 6.455606 0.835040 1.000000 1.000000 1.000000 1.000000
v 2.756717 6.344791 1.005821 1.000000 1.000000 1.000000 1.000000
v 2.894299 5.684562 1.044976 1.000000 1.000000 1.000000 1.000000
v 2.570173 5.892583 1.209124 1.000000 1.000000 1.000000 1.000000
v 2.943712 6.011367 0.977163 1.000000 1.000000 1.000000 1.000000
v 2.999963 5.263489 1.201565 1.000000 1.000000 1.000000 1.000000
v 2.785612 5.699463 0.996804 1.000000 1.000000 1.000000 1.000000
v 2.750322 5.757350 0.997152 1.000000 1.000000 1.000000 1.000000
v 2.624046 5.589436 1.156452 1.000000 1.000000 1.000000 1.000000
v 2.680829 4.823644 1.325206 1.000000 1.000000 1.000000 1.000000
v 2.864816 5.059452 1.246605 1.000000 1.000000 1.000000 1.000000
v 3.106979 4.039753 1.441456 1.000000 1.000000 1.000000 1.000000
v 2.816815 4.118826 1.453556 1.000000 1.000000 1.000000 1.000000
v 2.622822 4.457099 1.533858 1.000000 1.000000 1.000000 1.000000
v 2.798711 3.497452 1.605034 1.000000 1.000000 1.000000 1.000000
v 3.044178 2.364182 1.654147 1.000000 1.000000 1.000000 1.000000
v 3.237472 2.678956 1.539272 1.000000 1.000000 1.000000 1.000000
v 3.219519 0.618778 1.617060 1.000000 1.000000 1.000000 1.000000
v 3.078453 0.072422 1.922587 1.000000 1.000000 1.000000 1.000000
v 3.081274 1.282465 1.698584 1.000000 1.000000 1.000000 1.000000
v 2.993802 0.492837 1.893056 1.000000 1.000000 1.000000 1.000000
v 2.988747 0.072950 2.095825 1.000000 1.000000 1.000000 1.000000
v 2.828429 2.261818 1.813832 1.000000 1.000000 1.000000 1.000000
v 2.851080 1.479638 1.912729 1.000000 1.000000 1.000000 1.000000
v 2.733216 3.214152 1.809735 1.000000 1.000000 1.000000 1.000000
v 2.821456 1.847275 1.975910 1.000000 1.000000 1.000000 1.000000
v 3.016643 0.080133 2.168861 1.000000 1.000000 1.000000 1.000000
v 2.650632 4.076327 1.736202 1.000000 1.000000 1.000000 1.000000
v 2.788038 2.910249 1.918616 1.000000 1.000000 1.000000 1.000000
v 2.952093 1.268167 2.104033 1.000000 1.000000 1.000000 1.000000
v 3.096806 0.083959 2.200580 1.000000 1.000000 1.000000 1.000000
v 2.783726 3.633821 1.857904 1.000000 1.000000 1.000000 1.000000
v 2.712892 4.099189 1.785057 1.000000 1.000000 1.000000 1.000000
v 2.573578 5.684955 1.344588 1.000000 1.000000 1.000000 1.000000
v 2.675429 6.412522 1.072521 1.000000 1.000000 1.000000 1.000000
v 2.787298 6.637158 1.021271 1.000000 1.000000 1.000000 1.000000
v 2.650286 5.596833 1.466807 1.000000 1.000000 1.000000 1.000000
v 2.735105 5.068621 1.609200 1.000000 1.000000 1.000000 1.000000
v 2.816779 6.488734 1.133250 1.000000 1.000000 1.000000 1.000000
v 2.854372 6.639576 1.086520 1.000000 1.000000 1.000000 1.000000
v 2.769722 5.874230 1.425924 1.000000 1.000000 1.000000 1.000000
v 2.820571 5.963169 1.378341 1.000000 1.000000 1.000000 1.000000
v 2.883373 6.637697 1.086837 1.000000 1.000000 1.000000 1.000000
v 2.796794 5.074218 1.591667 1.000000 1.000000 1.000000 1.000000
v 2.892448 2.987530 1.920007 1.000000 1.000000 1.000000 1.000000
v 2.835961 4.866026 1.583891 1.000000 1.000000 1.000000 1.000000
v 3.091995 1.018552 2.056697 1.000000 1.000000 1.000000 1.000000
v 3.158726 0.077779 2.120916 1.000000 1.000000 1.000000 1.000000
v 3.006127 2.958555 1.785666 1.000000 1.000000 1.000000 1.000000
v 3.137029 0.825837 1.956645 1.000000 1.000000 1.000000 1.000000
v 3.248583 0.038924 1.721964 1.000000 1.000000 1.000000 1.000000
v 3.146729 1.774833 1.786426 1.000000 1.000000 1.000000 1.000000
v 3.221462 1.218309 1.658678 1.000000 1.000000 1.000000 1.000000
v 3.382257 0.022530 1.529788 1.000000 1.000000 1.000000 1.000000
v 3.358127 1.814906 1.489578 1.000000 1.000000 1.000000 1.000000
v 3.464244 0.018739 1.498104 1.000000 1.000000 1.000000 1.000000
v 3.107636 3.025495 1.668597 1.000000 1.000000 1.000000 1.000000
v 3.446717 3.593590 1.426436 1.000000 1.000000 1.000000 1.000000
v 2.961305 4.272642 1.552356 1.000000 1.000000 1.000000 1.000000
v 3.035644 4.196036 1.519489 1.000000 1.000000 1.000000 1.000000
v 3.507228 3.289448 1.440307 1.000000 1.000000 1.000000 1.000000
v 3.320421 4.452490 1.364407 1.000000 1.000000 1.000000 1.000000
v 3.532480 2.625536 1.440435 1.000000 1.000000 1.000000 1.000000
v 3.545795 0.015362 1.532895 1.000000 1.000000 1.000000 1.000000
v 3.420714 4.561234 1.397336 1.000000 1.000000 1.000000 1.000000
v 3.511388 3.846701 1.483373 1.000000 1.000000 1.000000 1.000000
v 3.561611 2.899956 1.475652 1.000000 1.000000 1.000000 1.000000
v 3.587980 0.015031 1.599873 1.000000 1.000000 1.000000 1.000000
v 3.562950 2.973395 1.500112 1.000000 1.000000 1.000000 1.000000
v 3.573027 0.593260 1.675854 1.000000 1.000000 1.000000 1.000000
v 3.593893 0.014257 1.652112 1.000000 1.000000 1.000000 1.000000
v 3.542225 3.336447 1.529298 1.000000 1.000000 1.000000 1.000000
v 3.450944 0.494985 1.815233 1.000000 1.000000 1.000000 1.000000
v 3.429714 0.019353 1.706451 1.000000 1.000000 1.000000 1.000000
v 3.488238 2.108845 1.655999 1.000000 1.000000 1.000000 1.000000
v 3.265819 0.493505 1.930742 1.000000 1.000000 1.000000 1.000000
v 3.289922 0.019935 1.764931 1.000000 1.000000 1.000000 1.000000
v 3.174389 2.787640 1.695101 1.000000 1.000000 1.000000 1.000000
v 3.228092 0.544057 1.988373 1.000000 1.000000 1.000000 1.000000
v 3.292401 0.019019 1.867521 1.000000 1.000000 1.000000 1.000000
v 3.066713 3.852938 1.609450 1.000000 1.000000 1.000000 1.000000
v 3.240224 0.580529 2.061093 1.000000 1.000000 1.000000 1.000000
v 3.415109 0.014742 2.121911 1.000000 1.000000 1.000000 1.000000
v 3.001039 3.497880 1.755670 1.000000 1.000000 1.000000 1.000000
v 2.974028 3.567106 1.826544 1.000000 1.000000 1.000000 1.000000
v 3.170574 3.817680 1.572133 1.000000 1.000000 1.000000 1.000000
v 2.964250 5.393484 1.346154 1.000000 1.000000 1.000000 1.000000
v 2.908995 4.729025 1.620783 1.000000 1.000000 1.000000 1.000000
v 2.908523 5.624277 1.357411 1.000000 1.000000 1.000000 1.000000
v 3.051402 5.814189 1.282085 1.000000 1.000000 1.000000 1.000000
v 2.974439 6.129797 1.274389 1.000000 1.000000 1.000000 1.000000
v 3.357203 4.109359 1.539432 1.000000 1.000000 1.000000 1.000000
v 3.097745 6.463893 1.253363 1.000000 1.000000 1.000000 1.000000
v 3.456958 4.093223 1.532116 1.000000 1.000000 1.000000 1.000000
v 3.201691 6.111090 1.294746 1.000000 1.000000 1.000000 1.000000
v 3.067631 6.617546 1.218634 1.000000 1.000000 1.000000 1.000000
v 3.068212 6.626436 1.262033 1.000000 1.000000 1.000000 1.000000
v 3.267109 6.004463 1.252396 1.000000 1.000000 1.000000 1.000000
v 3.073279 6.634894 1.181579 1.000000 1.000000 1.000000 1.000000
v 2.917850 5.761773 1.372790 1.000000 1.000000 1.000000 1.000000
v 3.014253 6.282149 1.357356 1.000000 1.000000 1.000000 1.000000
v 3.153483 6.628730 1.314223 1.000000 1.000000 1.000000 1.000000
v 2.914404 5.134628 1.641037 1.000000 1.000000 1.000000 1.000000
v 2.970919 5.664910 1.477530 1.000000 1.000000 1.000000 1.000000
v 3.156957 6.502964 1.389342 1.000000 1.000000 1.000000 1.000000
v 3.189458 6.610388 1.388754 1.000000 1.000000 1.000000 1.000000
v 2.982583 3.875004 1.862716 1.000000 1.000000 1.000000 1.000000
v 3.027156 5.605841 1.700446 1.000000 1.000000 1.000000 1.000000
v 3.101503 6.241542 1.557931 1.000000 1.000000 1.000000 1.000000
v 3.121032 6.041239 1.634290 1.000000 1.000000 1.000000 1.000000
v 3.200292 6.542737 1.472002 1.000000 1.000000 1.000000 1.000000
v 3.087368 5.091491 1.787773 1.000000 1.000000 1.000000 1.000000
v 3.049209 4.589455 1.837418 1.000000 1.000000 1.000000 1.000000
v 3.088275 2.795747 1.970828 1.000000 1.000000 1.000000 1.000000
v 3.231858 1.864744 2.041496 1.000000 1.000000 1.000000 1.000000
v 3.310890 0.423821 2.117331 1.000000 1.000000 1.000000 1.000000
v 3.433996 0.220656 2.124164 1.000000 1.000000 1.000000 1.000000
v 3.546982 0.021928 2.096589 1.000000 1.000000 1.000000 1.000000
v 3.560010 0.234910 1.957372 1.000000 1.000000 1.000000 1.000000
v 3.831351 0.015532 1.657832 1.000000 1.000000 1.000000 1.000000
v 3.461270 0.625355 2.072236 1.000000 1.000000 1.000000 1.000000
v 3.805373 0.482858 1.679146 1.000000 1.000000 1.000000 1.000000
v 3.873767 0.485757 1.664949 1.000000 1.000000 1.000000 1.000000
v 3.949077 0.010909 1.715021 1.000000 1.000000 1.000000 1.000000
v 3.531273 1.012265 1.857192 1.000000 1.000000 1.000000 1.000000
v 3.662032 1.201833 1.620082 1.000000 1.000000 1.000000 1.000000
v 3.385816 1.642014 1.961466 1.000000 1.000000 1.000000 1.000000
v 3.500482 1.873803 1.733651 1.000000 1.000000 1.000000 1.000000
v 3.316619 2.436796 1.944574 1.000000 1.000000 1.000000 1.000000
v 3.224115 3.936025 1.845384 1.000000 1.000000 1.000000 1.000000
v 3.573241 3.134773 1.583082 1.000000 1.000000 1.000000 1.000000
v 3.325973 3.813120 1.724577 1.000000 1.000000 1.000000 1.000000
v 3.156247 5.598705 1.673678 1.000000 1.000000 1.000000 1.000000
v 3.198377 5.486042 1.598963 1.000000 1.000000 1.000000 1.000000
v 3.212677 6.311806 1.415229 1.000000 1.000000 1.000000 1.000000
v 3.261312 6.539256 1.373309 1.000000 1.000000 1.000000 1.000000
v 3.241035 6.147083 1.355203 1.000000 1.000000 1.000000 1.000000
v 3.304705 6.625802 1.440047 1.000000 1.000000 1.000000 1.000000
v 3.361397 4.220786 1.598356 1.000000 1.000000 1.000000 1.000000
v 3.412976 5.700873 1.327274 1.000000 1.000000 1.000000 1.000000
v 3.346279 6.264979 1.314362 1.000000 1.000000 1.000000 1.000000
v 3.519209 4.743006 1.478139 1.000000 1.000000 1.000000 1.000000
v 3.526412 5.600246 1.348742 1.000000 1.000000 1.000000 1.000000
v 3.391263 6.140189 1.343750 1.000000 1.000000 1.000000 1.000000
v 3.606134 4.038334 1.537366 1.000000 1.000000 1.000000 1.000000
v 3.667344 4.471636 1.565325 1.000000 1.000000 1.000000 1.000000
v 3.668491 2.912096 1.546501 1.000000 1.000000 1.000000 1.000000
v 3.785099 2.763655 1.565159 1.000000 1.000000 1.000000 1.000000
v 3.762532 1.659770 1.601230 1.000000 1.000000 1.000000 1.000000
v 3.881662 0.880847 1.675799 1.000000 1.000000 1.000000 1.000000
v 3.813173 2.792035 1.626395 1.000000 1.000000 1.000000 1.000000
v 3.735167 4.607162 1.637493 1.000000 1.000000 1.000000 1.000000
v 3.861562 1.919631 1.725051 1.000000 1.000000 1.000000 1.000000
v 3.938036 0.410627 1.796211 1.000000 1.000000 1.000000 1.000000
v 3.950890 0.012807 1.789592 1.000000 1.000000 1.000000 1.000000
v 3.795274 3.686797 1.665977 1.000000 1.000000 1.000000 1.000000
v 3.814447 2.352035 1.811571 1.000000 1.000000 1.000000 1.000000
v 3.867342 0.530281 1.899795 1.000000 1.000000 1.000000 1.000000
v 3.694901 0.487387 2.011032 1.000000 1.000000 1.000000 1.000000
v 3.762291 0.013477 1.879394 1.000000 1.000000 1.000000 1.000000
v 3.717008 4.701071 1.679788 1.000000 1.000000 1.000000 1.000000
v 3.689714 2.764102 1.843373 1.000000 1.000000 1.000000 1.000000
v 3.463503 0.397300 2.124986 1.000000 1.000000 1.000000 1.000000
v 3.668313 0.012834 2.018543 1.000000 1.000000 1.000000 1.000000
v 3.491410 2.531823 1.910447 1.000000 1.000000 1.000000 1.000000
v 3.380115 0.298365 2.281714 1.000000 1.000000 1.000000 1.000000
v 3.465997 0.020921 2.408870 1.000000 1.000000 1.000000 1.000000
v 3.349614 2.114316 2.001558 1.000000 1.000000 1.000000 1.000000
v 3.376608 0.331943 2.368862 1.000000 1.000000 1.000000 1.000000
v 3.489983 0.017854 2.469916 1.000000 1.000000 1.000000 1.000000
v 3.286903 1.239260 2.182593 1.000000 1.000000 1.000000 1.000000
v 3.319330 0.779755 2.328938 1.000000 1.000000 1.000000 1.000000
v 3.313346 4.394761 1.762916 1.000000 1.000000 1.000000 1.000000
v 3.233973 4.185973 1.864937 1.000000 1.000000 1.000000 1.000000
v 3.236742 2.348158 2.158620 1.000000 1.000000 1.000000 1.000000
v 3.400646 0.573189 2.374437 1.000000 1.000000 1.000000 1.000000
v 3.599008 0.029808 2.485039 1.000000 1.000000 1.000000 1.000000
v 3.312301 1.613331 2.287718 1.000000 1.000000 1.000000 1.000000
v 3.181072 5.451773 1.754291 1.000000 1.000000 1.000000 1.000000
v 3.211831 3.380800 2.149383 1.000000 1.000000 1.000000 1.000000
v 3.232530 5.800193 1.628373 1.000000 1.000000 1.000000 1.000000
v 3.284091 3.597899 2.217523 1.000000 1.000000 1.000000 1.000000
v 3.295678 5.939076 1.577770 1.000000 1.000000 1.000000 1.000000
v 3.355749 4.077722 2.207756 1.000000 1.000000 1.000000 1.000000
v 3.441762 4.131859 1.767429 1.000000 1.000000 1.000000 1.000000
v 3.656557 4.454065 1.727720 1.000000 1.000000 1.000000 1.000000
v 3.543285 5.317609 1.648878 1.000000 1.000000 1.000000 1.000000
v 3.650473 5.458365 1.617442 1.000000 1.000000 1.000000 1.000000
v 3.372699 6.519744 1.579345 1.000000 1.000000 1.000000 1.000000
v 3.324245 6.452217 1.583331 1.000000 1.000000 1.000000 1.000000
v 3.423374 6.623043 1.544800 1.000000 1.000000 1.000000 1.000000
v 3.700647 5.254551 1.583716 1.000000 1.000000 1.000000 1.000000
v 3.623915 5.803428 1.554742 1.000000 1.000000 1.000000 1.000000
v 3.697720 5.240210 1.508757 1.000000 1.000000 1.000000 1.000000
v 3.604409 5.655249 1.445149 1.000000 1.000000 1.000000 1.000000
v 3.566211 6.004621 1.541710 1.000000 1.000000 1.000000 1.000000
v 3.419931 6.186979 1.456939 1.000000 1.000000 1.000000 1.000000
v 3.392847 6.448930 1.474555 1.000000 1.000000 1.000000 1.000000
v 3.379291 6.631301 1.510775 1.000000 1.000000 1.000000 1.000000
v 3.394477 6.625492 1.591933 1.000000 1.000000 1.000000 1.000000
v 3.284518 6.245481 1.630160 1.000000 1.000000 1.000000 1.000000
v 3.444609 6.625145 1.639475 1.000000 1.000000 1.000000 1.000000
v 3.281972 6.128347 1.690633 1.000000 1.000000 1.000000 1.000000
v 3.195149 5.595936 1.773500 1.000000 1.000000 1.000000 1.000000
v 3.359123 6.055450 1.748370 1.000000 1.000000 1.000000 1.000000
v 3.474836 6.620556 1.671224 1.000000 1.000000 1.000000 1.000000
v 3.215441 5.402449 1.915328 1.000000 1.000000 1.000000 1.000000
v 3.453916 6.490606 1.702725 1.000000 1.000000 1.000000 1.000000
v 3.250011 4.597472 2.104888 1.000000 1.000000 1.000000 1.000000
v 3.318277 5.744253 1.985353 1.000000 1.000000 1.000000 1.000000
v 3.422833 6.152546 1.913211 1.000000 1.000000 1.000000 1.000000
v 3.548006 6.629885 1.753272 1.000000 1.000000 1.000000 1.000000
v 3.345203 5.388477 2.086549 1.000000 1.000000 1.000000 1.000000
v 3.443164 5.825852 2.023681 1.000000 1.000000 1.000000 1.000000
v 3.526532 6.265450 1.896156 1.000000 1.000000 1.000000 1.000000
v 3.585853 6.620430 1.737346 1.000000 1.000000 1.000000 1.000000
v 3.423422 4.444494 2.161293 1.000000 1.000000 1.000000 1.000000
v 3.502737 5.687057 2.004522 1.000000 1.000000 1.000000 1.000000
v 3.542993 6.387379 1.806453 1.000000 1.000000 1.000000 1.000000
v 3.478940 4.384200 2.112648 1.000000 1.000000 1.000000 1.000000
v 3.507890 5.474489 1.976269 1.000000 1.000000 1.000000 1.000000
v 3.484561 4.688499 1.945653 1.000000 1.000000 1.000000 1.000000
v 3.499775 3.226143 2.202594 1.000000 1.000000 1.000000 1.000000
v 3.577929 3.486761 2.088403 1.000000 1.000000 1.000000 1.000000
v 3.471119 5.251996 1.769178 1.000000 1.000000 1.000000 1.000000
v 3.440230 0.579346 2.376285 1.000000 1.000000 1.000000 1.000000
v 3.589380 1.390308 2.232994 1.000000 1.000000 1.000000 1.000000
v 3.465923 0.594581 2.354618 1.000000 1.000000 1.000000 1.000000
v 3.719070 0.031272 2.394933 1.000000 1.000000 1.000000 1.000000
v 3.733238 0.572470 2.065107 1.000000 1.000000 1.000000 1.000000
v 3.919658 0.209464 1.968793 1.000000 1.000000 1.000000 1.000000
v 4.183219 0.011631 1.839633 1.000000 1.000000 1.000000 1.000000
v 4.191284 0.047330 1.841079 1.000000 1.000000 1.000000 1.000000
v 3.867803 1.438597 1.873738 1.000000 1.000000 1.000000 1.000000
v 3.944864 0.471780 1.883065 1.000000 1.000000 1.000000 1.000000
v 4.015673 1.079504 1.792185 1.000000 1.000000 1.000000 1.000000
v 3.777691 3.080919 1.840047 1.000000 1.000000 1.000000 1.000000
v 3.552828 4.003184 1.913634 1.000000 1.000000 1.000000 1.000000
v 3.542820 4.470758 1.806717 1.000000 1.000000 1.000000 1.000000
v 3.874563 3.308821 1.749505 1.000000 1.000000 1.000000 1.000000
v 4.234017 0.318803 1.810746 1.000000 1.000000 1.000000 1.000000
v 4.358305 0.011961 1.962648 1.000000 1.000000 1.000000 1.000000
v 4.104782 2.606338 1.732318 1.000000 1.000000 1.000000 1.000000
v 3.833215 4.380031 1.737386 1.000000 1.000000 1.000000 1.000000
v 3.518109 5.573087 1.714497 1.000000 1.000000 1.000000 1.000000
v 3.556131 5.215944 1.706456 1.000000 1.000000 1.000000 1.000000
v 3.617037 6.479268 1.724353 1.000000 1.000000 1.000000 1.000000
v 3.658176 6.618950 1.775251 1.000000 1.000000 1.000000 1.000000
v 3.564674 5.668792 1.722054 1.000000 1.000000 1.000000 1.000000
v 3.621511 6.177825 1.704851 1.000000 1.000000 1.000000 1.000000
v 3.626954 5.915793 1.824483 1.000000 1.000000 1.000000 1.000000
v 3.683349 5.979928 1.854739 1.000000 1.000000 1.000000 1.000000
v 3.627884 5.271899 1.716665 1.000000 1.000000 1.000000 1.000000
v 3.677078 6.628479 1.833935 1.000000 1.000000 1.000000 1.000000
v 3.859326 4.999389 1.709123 1.000000 1.000000 1.000000 1.000000
v 3.811979 5.479079 1.826881 1.000000 1.000000 1.000000 1.000000
v 3.734334 6.245044 1.849159 1.000000 1.000000 1.000000 1.000000
v 3.846144 6.252613 1.769482 1.000000 1.000000 1.000000 1.000000
v 3.741970 6.612206 1.841663 1.000000 1.000000 1.000000 1.000000
v 4.016098 5.664349 1.780065 1.000000 1.000000 1.000000 1.000000
v 3.891677 6.225004 1.778798 1.000000 1.000000 1.000000 1.000000
v 3.753745 6.630853 1.859133 1.000000 1.000000 1.000000 1.000000
v 4.058830 5.766537 1.815806 1.000000 1.000000 1.000000 1.000000
v 4.066053 5.148180 1.840352 1.000000 1.000000 1.000000 1.000000
v 3.894979 4.536404 1.748554 1.000000 1.000000 1.000000 1.000000
v 4.040668 5.913041 1.933506 1.000000 1.000000 1.000000 1.000000
v 3.777739 6.628398 1.906169 1.000000 1.000000 1.000000 1.000000
v 4.146317 5.273760 1.934751 1.000000 1.000000 1.000000 1.000000
v 3.927978 6.382940 1.983906 1.000000 1.000000 1.000000 1.000000
v 3.810074 6.605786 1.978611 1.000000 1.000000 1.000000 1.000000
v 4.077308 5.719417 2.012414 1.000000 1.000000 1.000000 1.000000
v 4.147583 4.727010 1.944312 1.000000 1.000000 1.000000 1.000000
v 4.172214 4.623088 2.037831 1.000000 1.000000 1.000000 1.000000
v 4.210021 3.272818 1.841238 1.000000 1.000000 1.000000 1.000000
v 4.236990 4.042020 1.978052 1.000000 1.000000 1.000000 1.000000
v 4.253053 2.313327 1.808951 1.000000 1.000000 1.000000 1.000000
v 4.283830 2.606301 1.994687 1.000000 1.000000 1.000000 1.000000
v 4.312153 0.370504 1.867073 1.000000 1.000000 1.000000 1.000000
v 4.292070 2.594520 1.898512 1.000000 1.000000 1.000000 1.000000
v 4.323850 0.128126 1.962466 1.000000 1.000000 1.000000 1.000000
v 4.310733 0.659635 1.979690 1.000000 1.000000 1.000000 1.000000
v 4.364752 0.014936 2.009555 1.000000 1.000000 1.000000 1.000000
v 4.172144 4.294096 2.090837 1.000000 1.000000 1.000000 1.000000
v 4.201764 1.940619 2.111200 1.000000 1.000000 1.000000 1.000000
v 3.982052 0.417448 2.175241 1.000000 1.000000 1.000000 1.000000
v 4.154259 0.666538 2.109040 1.000000 1.000000 1.000000 1.000000
v 4.067153 1.644400 2.145607 1.000000 1.000000 1.000000 1.000000
v 4.133144 3.806059 2.123628 1.000000 1.000000 1.000000 1.000000
v 3.833462 0.278992 2.273735 1.000000 1.000000 1.000000 1.000000
v 3.938607 0.030736 2.405464 1.000000 1.000000 1.000000 1.000000
v 3.528189 0.021574 2.753631 1.000000 1.000000 1.000000 1.000000
v 3.778967 0.927123 2.242201 1.000000 1.000000 1.000000 1.000000
v 3.995602 3.993463 2.121568 1.000000 1.000000 1.000000 1.000000
v 3.517773 0.283007 2.589172 1.000000 1.000000 1.000000 1.000000
v 3.868908 2.787902 2.112827 1.000000 1.000000 1.000000 1.000000
v 3.971793 5.327574 2.112982 1.000000 1.000000 1.000000 1.000000
v 3.788770 5.267726 2.005790 1.000000 1.000000 1.000000 1.000000
v 3.956652 6.065500 2.047378 1.000000 1.000000 1.000000 1.000000
v 3.902983 5.843694 2.059746 1.000000 1.000000 1.000000 1.000000
v 3.779921 6.547197 1.988715 1.000000 1.000000 1.000000 1.000000
v 3.752582 6.443871 2.008425 1.000000 1.000000 1.000000 1.000000
v 3.816215 6.634424 2.020030 1.000000 1.000000 1.000000 1.000000
v 3.746646 6.245036 1.960458 1.000000 1.000000 1.000000 1.000000
v 3.642462 4.677936 2.006509 1.000000 1.000000 1.000000 1.000000
v 3.597066 4.874402 2.013752 1.000000 1.000000 1.000000 1.000000
v 3.622386 1.728315 2.255843 1.000000 1.000000 1.000000 1.000000
v 3.539245 1.001780 2.403620 1.000000 1.000000 1.000000 1.000000
v 3.552121 4.753032 2.063074 1.000000 1.000000 1.000000 1.000000
v 3.460164 0.382613 2.664871 1.000000 1.000000 1.000000 1.000000
v 3.518008 2.530562 2.306436 1.000000 1.000000 1.000000 1.000000
v 3.484772 0.408089 2.699934 1.000000 1.000000 1.000000 1.000000
v 3.540644 0.019035 2.825039 1.000000 1.000000 1.000000 1.000000
v 3.467784 0.665513 2.656401 1.000000 1.000000 1.000000 1.000000
v 3.517855 4.227243 2.245070 1.000000 1.000000 1.000000 1.000000
v 3.581745 5.026079 2.107414 1.000000 1.000000 1.000000 1.000000
v 3.729824 6.269449 2.100040 1.000000 1.000000 1.000000 1.000000
v 3.910129 6.622745 2.103317 1.000000 1.000000 1.000000 1.000000
v 3.740236 6.136631 2.159417 1.000000 1.000000 1.000000 1.000000
v 3.653937 5.240791 2.160861 1.000000 1.000000 1.000000 1.000000
v 3.854494 6.394069 2.134480 1.000000 1.000000 1.000000 1.000000
v 3.938781 6.280339 2.112278 1.000000 1.000000 1.000000 1.000000
v 3.955220 6.199908 2.129135 1.000000 1.000000 1.000000 1.000000
v 3.971355 6.620489 2.122244 1.000000 1.000000 1.000000 1.000000
v 3.849560 5.548021 2.169477 1.000000 1.000000 1.000000 1.000000
v 3.567494 4.483809 2.284873 1.000000 1.000000 1.000000 1.000000
v 3.720199 4.798640 2.296147 1.000000 1.000000 1.000000 1.000000
v 3.926270 5.915057 2.209299 1.000000 1.000000 1.000000 1.000000
v 3.861210 5.258565 2.297144 1.000000 1.000000 1.000000 1.000000
v 3.719663 4.570933 2.483891 1.000000 1.000000 1.000000 1.000000
v 3.602833 4.028292 2.455982 1.000000 1.000000 1.000000 1.000000
v 3.534531 2.396165 2.555347 1.000000 1.000000 1.000000 1.000000
v 3.738830 4.266016 2.568932 1.000000 1.000000 1.000000 1.000000
v 3.569271 2.184188 2.622575 1.000000 1.000000 1.000000 1.000000
v 3.885722 5.072721 2.542031 1.000000 1.000000 1.000000 1.000000
v 3.543855 0.885255 2.718933 1.000000 1.000000 1.000000 1.000000
v 3.885100 4.805021 2.596228 1.000000 1.000000 1.000000 1.000000
v 3.532776 0.363797 2.735398 1.000000 1.000000 1.000000 1.000000
v 3.898659 3.303243 2.637029 1.000000 1.000000 1.000000 1.000000
v 3.571238 0.334211 2.714953 1.000000 1.000000 1.000000 1.000000
v 3.635391 0.028336 2.840299 1.000000 1.000000 1.000000 1.000000
v 3.811221 1.523858 2.669963 1.000000 1.000000 1.000000 1.000000
v 4.125833 0.252861 2.347568 1.000000 1.000000 1.000000 1.000000
v 4.165808 0.016355 2.512443 1.000000 1.000000 1.000000 1.000000
v 4.550111 0.020124 2.304057 1.000000 1.000000 1.000000 1.000000
v 3.873036 0.580469 2.517593 1.000000 1.000000 1.000000 1.000000
v 4.091835 0.607302 2.322377 1.000000 1.000000 1.000000 1.000000
v 3.977714 1.636610 2.513085 1.000000 1.000000 1.000000 1.000000
v 3.950861 3.041471 2.618511 1.000000 1.000000 1.000000 1.000000
v 3.988838 4.850607 2.569174 1.000000 1.000000 1.000000 1.000000
v 4.051308 4.309154 2.530886 1.000000 1.000000 1.000000 1.000000
v 3.998669 5.896461 2.453620 1.000000 1.000000 1.000000 1.000000
v 4.076952 5.658845 2.417851 1.000000 1.000000 1.000000 1.000000
v 4.048833 6.414352 2.317812 1.000000 1.000000 1.000000 1.000000
v 3.901964 5.876729 2.411116 1.000000 1.000000 1.000000 1.000000
v 4.036229 6.633053 2.239166 1.000000 1.000000 1.000000 1.000000
v 4.070349 6.627569 2.232986 1.000000 1.000000 1.000000 1.000000
v 3.965583 6.620889 2.160959 1.000000 1.000000 1.000000 1.000000
v 4.049311 6.159721 2.205930 1.000000 1.000000 1.000000 1.000000
v 3.866778 6.075110 2.308038 1.000000 1.000000 1.000000 1.000000
v 3.844603 5.142699 2.467268 1.000000 1.000000 1.000000 1.000000
v 4.069618 4.582658 2.421858 1.000000 1.000000 1.000000 1.000000
v 4.054259 5.950361 2.129527 1.000000 1.000000 1.000000 1.000000
v 4.089664 4.059294 2.308914 1.000000 1.000000 1.000000 1.000000
v 4.105040 2.830420 2.371434 1.000000 1.000000 1.000000 1.000000
v 4.096703 6.273918 2.130815 1.000000 1.000000 1.000000 1.000000
v 4.124404 6.620231 2.230598 1.000000 1.000000 1.000000 1.000000
v 4.206641 2.685723 2.175457 1.000000 1.000000 1.000000 1.000000
v 4.148347 4.019343 2.169517 1.000000 1.000000 1.000000 1.000000
v 4.099853 5.040100 2.155272 1.000000 1.000000 1.000000 1.000000
v 4.281730 3.304319 2.106413 1.000000 1.000000 1.000000 1.000000
v 4.265546 0.577561 2.218942 1.000000 1.000000 1.000000 1.000000
v 4.145870 5.537755 2.073236 1.000000 1.000000 1.000000 1.000000
v 4.426841 0.205910 2.318607 1.000000 1.000000 1.000000 1.000000
v 4.618091 0.017455 2.365225 1.000000 1.000000 1.000000 1.000000
v 4.422916 1.015269 2.168124 1.000000 1.000000 1.000000 1.000000
v 4.653581 0.222405 2.501573 1.000000 1.000000 1.000000 1.000000
v 4.745345 0.013309 2.576971 1.000000 1.000000 1.000000 1.000000
v 4.547393 0.698420 2.262195 1.000000 1.000000 1.000000 1.000000
v 4.424518 2.545080 2.117785 1.000000 1.000000 1.000000 1.000000
v 4.585753 0.500888 2.520024 1.000000 1.000000 1.000000 1.000000
v 4.731113 0.019960 2.761549 1.000000 1.000000 1.000000 1.000000
v 4.584463 0.625814 2.341800 1.000000 1.000000 1.000000 1.000000
v 4.395116 0.413498 3.130151 1.000000 1.000000 1.000000 1.000000
v 4.596367 0.032249 3.199518 1.000000 1.000000 1.000000 1.000000
v 4.557278 0.671844 2.491652 1.000000 1.000000 1.000000 1.000000
v 4.280188 1.093114 3.081646 1.000000 1.000000 1.000000 1.000000
v 4.532560 2.401346 2.212303 1.000000 1.000000 1.000000 1.000000
v 4.568119 3.768068 2.327199 1.000000 1.000000 1.000000 1.000000
v 4.516994 1.816339 2.583209 1.000000 1.000000 1.000000 1.000000
v 4.430904 2.176107 2.708762 1.000000 1.000000 1.000000 1.000000
v 4.142069 3.301354 2.972780 1.000000 1.000000 1.000000 1.000000
v 4.567083 3.869871 2.409736 1.000000 1.000000 1.000000 1.000000
v 4.545232 3.774736 2.239358 1.000000 1.000000 1.000000 1.000000
v 4.342530 3.378918 2.730860 1.000000 1.000000 1.000000 1.000000
v 4.460872 3.586923 2.135206 1.000000 1.000000 1.000000 1.000000
v 4.546593 4.777606 2.363512 1.000000 1.000000 1.000000 1.000000
v 4.242191 4.862833 2.100741 1.000000 1.000000 1.000000 1.000000
v 4.312566 5.151522 2.115041 1.000000 1.000000 1.000000 1.000000
v 4.208726 5.493712 2.073025 1.000000 1.000000 1.000000 1.000000
v 4.128468 6.208162 2.136606 1.000000 1.000000 1.000000 1.000000
v 4.155138 6.564396 2.238289 1.000000 1.000000 1.000000 1.000000
v 4.219419 6.630187 2.316008 1.000000 1.000000 1.000000 1.000000
v 4.192155 5.942412 2.147142 1.000000 1.000000 1.000000 1.000000
v 4.310566 5.674548 2.212785 1.000000 1.000000 1.000000 1.000000
v 4.185963 6.341915 2.287333 1.000000 1.000000 1.000000 1.000000
v 4.212464 6.353819 2.286834 1.000000 1.000000 1.000000 1.000000
v 4.452062 5.743228 2.258832 1.000000 1.000000 1.000000 1.000000
v 4.461501 5.282282 2.236458 1.000000 1.000000 1.000000 1.000000
v 4.479395 5.664272 2.347077 1.000000 1.000000 1.000000 1.000000
v 4.343133 6.393425 2.327107 1.000000 1.000000 1.000000 1.000000
v 4.274794 6.602949 2.384251 1.000000 1.000000 1.000000 1.000000
v 4.526821 4.217616 2.472150 1.000000 1.000000 1.000000 1.000000
v 4.438396 5.801409 2.415684 1.000000 1.000000 1.000000 1.000000
v 4.260415 6.633579 2.429127 1.000000 1.000000 1.000000 1.000000
v 4.448268 4.035192 2.561378 1.000000 1.000000 1.000000 1.000000
v 4.399238 5.060231 2.490722 1.000000 1.000000 1.000000 1.000000
v 4.237361 6.157834 2.411114 1.000000 1.000000 1.000000 1.000000
v 4.240306 4.966670 2.549453 1.000000 1.000000 1.000000 1.000000
v 4.172621 6.074374 2.455148 1.000000 1.000000 1.000000 1.000000
v 4.208879 4.543360 2.675407 1.000000 1.000000 1.000000 1.000000
v 4.105989 4.212683 2.925387 1.000000 1.000000 1.000000 1.000000
v 4.167064 6.251583 2.505905 1.000000 1.000000 1.000000 1.000000
v 4.164401 5.801426 2.531945 1.000000 1.000000 1.000000 1.000000
v 4.160931 5.022345 2.726328 1.000000 1.000000 1.000000 1.000000
v 4.208251 5.012137 2.865852 1.000000 1.000000 1.000000 1.000000
v 4.201218 5.816114 2.615462 1.000000 1.000000 1.000000 1.000000
v 4.344450 5.772405 2.700577 1.000000 1.000000 1.000000 1.000000
v 4.280430 6.222068 2.575413 1.000000 1.000000 1.000000 1.000000
v 4.346210 6.518320 2.452904 1.000000 1.000000 1.000000 1.000000
v 4.380028 6.182632 2.535884 1.000000 1.000000 1.000000 1.000000
v -3.119715 0.109062 1.724329 1.000000 1.000000 1.000000 1.000000
v -2.906087 0.979530 1.719377 1.000000 1.000000 1.000000 1.000000
v -3.042956 0.101422 1.688810 1.000000 1.000000 1.000000 1.000000
v -2.720355 2.856202 1.790041 1.000000 1.000000 1.000000 1.000000
v -2.903307 1.888633 1.724709 1.000000 1.000000 1.000000 1.000000
v -3.137841 0.106562 1.706555 1.000000 1.000000 1.000000 1.000000
v -3.004992 1.245039 1.686647 1.000000 1.000000 1.000000 1.000000
v -2.872835 2.546387 1.650086 1.000000 1.000000 1.000000 1.000000
v -3.004790 1.438475 1.586038 1.000000 1.000000 1.000000 1.000000
v -3.167422 0.106559 1.589514 1.000000 1.000000 1.000000 1.000000
v -3.144799 0.092969 1.288640 1.000000 1.000000 1.000000 1.000000
v -3.075716 1.891699 1.376159 1.000000 1.000000 1.000000 1.000000
v -3.193617 0.092831 1.236504 1.000000 1.000000 1.000000 1.000000
v -2.984372 2.813548 1.485098 1.000000 1.000000 1.000000 1.000000
v -3.212766 1.683208 1.248099 1.000000 1.000000 1.000000 1.000000
v -3.279036 0.091437 1.225959 1.000000 1.000000 1.000000 1.000000
v -2.740635 3.553396 1.620743 1.000000 1.000000 1.000000 1.000000
v -2.663971 3.545394 1.744267 1.000000 1.000000 1.000000 1.000000
v -2.600902 4.094242 1.643096 1.000000 1.000000 1.000000 1.000000
v -3.315452 1.803730 1.271447 1.000000 1.000000 1.000000 1.000000
v -3.356360 0.088607 1.267755 1.000000 1.000000 1.000000 1.000000
v -2.691985 4.547598 1.309827 1.000000 1.000000 1.000000 1.000000
v -3.370427 2.231134 1.335162 1.000000 1.000000 1.000000 1.000000
v -3.379641 0.084015 1.381896 1.000000 1.000000 1.000000 1.000000
v -2.886679 3.406153 1.528417 1.000000 1.000000 1.000000 1.000000
v -3.376172 2.497879 1.398108 1.000000 1.000000 1.000000 1.000000
v -3.355506 0.079139 1.477716 1.000000 1.000000 1.000000 1.000000
v -3.185926 3.608220 1.375610 1.000000 1.000000 1.000000 1.000000
v -2.858590 4.461286 1.297633 1.000000 1.000000 1.000000 1.000000
v -3.275039 3.583975 1.355231 1.000000 1.000000 1.000000 1.000000
v -3.029822 4.533074 1.233826 1.000000 1.000000 1.000000 1.000000
v -3.132451 4.451251 1.241514 1.000000 1.000000 1.000000 1.000000
v -2.768926 5.479113 0.902260 1.000000 1.000000 1.000000 1.000000
v -3.314466 3.526112 1.365460 1.000000 1.000000 1.000000 1.000000
v -3.219873 4.349717 1.314175 1.000000 1.000000 1.000000 1.000000
v -3.318311 3.616600 1.398928 1.000000 1.000000 1.000000 1.000000
v -3.142226 4.920966 1.120515 1.000000 1.000000 1.000000 1.000000
v -3.333950 3.462077 1.447351 1.000000 1.000000 1.000000 1.000000
v -3.209960 4.497067 1.322191 1.000000 1.000000 1.000000 1.000000
v -2.802759 5.890246 0.792926 1.000000 1.000000 1.000000 1.000000
v -2.907834 6.195646 0.826362 1.000000 1.000000 1.000000 1.000000
v -2.781141 6.458894 0.723428 1.000000 1.000000 1.000000 1.000000
v -2.666224 6.402075 0.718883 1.000000 1.000000 1.000000 1.000000
v -3.007381 5.898656 0.956842 1.000000 1.000000 1.000000 1.000000
v -2.842957 6.447939 0.842537 1.000000 1.000000 1.000000 1.000000
v -2.676163 6.628860 0.833545 1.000000 1.000000 1.000000 1.000000
v -2.638004 6.640184 0.784331 1.000000 1.000000 1.000000 1.000000
v -2.734873 6.635660 0.873085 1.000000 1.000000 1.000000 1.000000
v -2.696882 5.687537 0.893252 1.000000 1.000000 1.000000 1.000000
v -2.629556 5.073720 1.207155 1.000000 1.000000 1.000000 1.000000
v -2.541570 4.659690 1.509077 1.000000 1.000000 1.000000 1.000000
v -2.495842 5.821603 1.210536 1.000000 1.000000 1.000000 1.000000
v -2.636400 6.296321 0.953853 1.000000 1.000000 1.000000 1.000000
v -2.569076 6.677069 0.809582 1.000000 1.000000 1.000000 1.000000
v -2.469123 6.525774 0.933915 1.000000 1.000000 1.000000 1.000000
v -2.959402 6.034384 0.953133 1.000000 1.000000 1.000000 1.000000
v -2.786793 6.431897 0.852085 1.000000 1.000000 1.000000 1.000000
v -3.184733 4.489332 1.362528 1.000000 1.000000 1.000000 1.000000
v -2.719849 6.518284 0.876333 1.000000 1.000000 1.000000 1.000000
v -2.731617 6.636766 0.928812 1.000000 1.000000 1.000000 1.000000
v -2.738638 6.422095 0.895180 1.000000 1.000000 1.000000 1.000000
v -2.718243 6.455606 0.835040 1.000000 1.000000 1.000000 1.000000
v -2.793579 6.146761 0.966638 1.000000 1.000000 1.000000 1.000000
v -2.814183 6.168375 0.895419 1.000000 1.000000 1.000000 1.000000
v -2.745798 6.635554 0.968429 1.000000 1.000000 1.000000 1.000000
v -2.894296 5.684597 1.044964 1.000000 1.000000 1.000000 1.000000
v -2.943709 6.011379 0.977159 1.000000 1.000000 1.000000 1.000000
v -2.999955 5.263565 1.201543 1.000000 1.000000 1.000000 1.000000
v -2.785615 5.699484 0.996793 1.000000 1.000000 1.000000 1.000000
v -2.750334 5.757454 0.997110 1.000000 1.000000 1.000000 1.000000
v -2.864812 5.059536 1.246581 1.000000 1.000000 1.000000 1.000000
v -3.106941 4.039974 1.441432 1.000000 1.000000 1.000000 1.000000
v -2.680731 4.823475 1.325286 1.000000 1.000000 1.000000 1.000000
v -2.816676 4.119122 1.453533 1.000000 1.000000 1.000000 1.000000
v -3.237678 2.680121 1.539098 1.000000 1.000000 1.000000 1.000000
v -3.044201 2.364373 1.654115 1.000000 1.000000 1.000000 1.000000
v -2.798290 3.498059 1.605299 1.000000 1.000000 1.000000 1.000000
v -3.219460 0.619089 1.617097 1.000000 1.000000 1.000000 1.000000
v -3.078458 0.072422 1.922577 1.000000 1.000000 1.000000 1.000000
v -3.081192 1.283067 1.698608 1.000000 1.000000 1.000000 1.000000
v -2.993753 0.493267 1.893023 1.000000 1.000000 1.000000 1.000000
v -2.988366 0.072954 2.096599 1.000000 1.000000 1.000000 1.000000
v -2.827834 2.266702 1.813785 1.000000 1.000000 1.000000 1.000000
v -2.850867 1.481303 1.912405 1.000000 1.000000 1.000000 1.000000
v -2.734178 3.199594 1.813909 1.000000 1.000000 1.000000 1.000000
v -2.742083 3.122381 1.873793 1.000000 1.000000 1.000000 1.000000
v -2.956732 0.658432 2.124177 1.000000 1.000000 1.000000 1.000000
v -3.027829 0.084584 2.215729 1.000000 1.000000 1.000000 1.000000
v -2.623134 4.448562 1.536658 1.000000 1.000000 1.000000 1.000000
v -3.043076 0.372578 2.169221 1.000000 1.000000 1.000000 1.000000
v -3.097338 0.085453 2.210517 1.000000 1.000000 1.000000 1.000000
v -2.759458 3.491264 1.868090 1.000000 1.000000 1.000000 1.000000
v -2.651377 4.074889 1.743660 1.000000 1.000000 1.000000 1.000000
v -2.830080 3.227631 1.914846 1.000000 1.000000 1.000000 1.000000
v -2.624053 5.589475 1.156436 1.000000 1.000000 1.000000 1.000000
v -2.756720 6.344800 1.005821 1.000000 1.000000 1.000000 1.000000
v -2.570277 5.893192 1.208830 1.000000 1.000000 1.000000 1.000000
v -2.675416 6.412382 1.072564 1.000000 1.000000 1.000000 1.000000
v -2.787409 6.636897 1.020824 1.000000 1.000000 1.000000 1.000000
v -2.573580 5.685023 1.344568 1.000000 1.000000 1.000000 1.000000
v -2.651147 5.600109 1.466239 1.000000 1.000000 1.000000 1.000000
v -2.709482 4.728264 1.677319 1.000000 1.000000 1.000000 1.000000
v -2.815721 6.490020 1.126548 1.000000 1.000000 1.000000 1.000000
v -2.856142 6.638055 1.083501 1.000000 1.000000 1.000000 1.000000
v -2.735403 5.723672 1.470048 1.000000 1.000000 1.000000 1.000000
v -2.781143 6.032294 1.357856 1.000000 1.000000 1.000000 1.000000
v -2.819638 5.957918 1.385796 1.000000 1.000000 1.000000 1.000000
v -2.883496 6.637744 1.086590 1.000000 1.000000 1.000000 1.000000
v -2.768661 5.122256 1.596065 1.000000 1.000000 1.000000 1.000000
v -2.833932 5.327223 1.465963 1.000000 1.000000 1.000000 1.000000
v -2.882663 4.249549 1.671820 1.000000 1.000000 1.000000 1.000000
v -2.864576 6.073628 1.289998 1.000000 1.000000 1.000000 1.000000
v -2.868300 5.777876 1.201406 1.000000 1.000000 1.000000 1.000000
v -2.894650 6.400206 1.103454 1.000000 1.000000 1.000000 1.000000
v -2.906044 6.361606 1.020490 1.000000 1.000000 1.000000 1.000000
v -2.939799 6.616724 1.121625 1.000000 1.000000 1.000000 1.000000
v -2.956965 4.294623 1.551711 1.000000 1.000000 1.000000 1.000000
v -3.051424 6.323707 0.985256 1.000000 1.000000 1.000000 1.000000
v -2.999858 6.628499 1.118083 1.000000 1.000000 1.000000 1.000000
v -2.962282 5.801821 1.105586 1.000000 1.000000 1.000000 1.000000
v -2.963416 2.964572 1.841929 1.000000 1.000000 1.000000 1.000000
v -3.034584 4.196879 1.519744 1.000000 1.000000 1.000000 1.000000
v -3.056500 1.125923 2.083669 1.000000 1.000000 1.000000 1.000000
v -3.100386 1.043796 2.038151 1.000000 1.000000 1.000000 1.000000
v -3.157070 0.079263 2.132059 1.000000 1.000000 1.000000 1.000000
v -3.243815 0.039464 1.733357 1.000000 1.000000 1.000000 1.000000
v -3.149637 1.787073 1.782108 1.000000 1.000000 1.000000 1.000000
v -3.227428 1.307226 1.645974 1.000000 1.000000 1.000000 1.000000
v -3.379457 0.022768 1.532126 1.000000 1.000000 1.000000 1.000000
v -3.363105 1.808898 1.485565 1.000000 1.000000 1.000000 1.000000
v -3.464312 0.018723 1.498729 1.000000 1.000000 1.000000 1.000000
v -3.106706 3.027689 1.669011 1.000000 1.000000 1.000000 1.000000
v -3.447860 3.594329 1.426144 1.000000 1.000000 1.000000 1.000000
v -3.320381 4.452540 1.364398 1.000000 1.000000 1.000000 1.000000
v -3.507251 3.289479 1.440313 1.000000 1.000000 1.000000 1.000000
v -3.244927 5.472968 1.136083 1.000000 1.000000 1.000000 1.000000
v -3.420707 4.561279 1.397328 1.000000 1.000000 1.000000 1.000000
v -3.291950 5.792985 1.131895 1.000000 1.000000 1.000000 1.000000
v -3.532483 2.625563 1.440435 1.000000 1.000000 1.000000 1.000000
v -3.545805 0.015363 1.532896 1.000000 1.000000 1.000000 1.000000
v -3.511387 3.846724 1.483372 1.000000 1.000000 1.000000 1.000000
v -3.561609 2.899906 1.475655 1.000000 1.000000 1.000000 1.000000
v -3.587986 0.015032 1.599877 1.000000 1.000000 1.000000 1.000000
v -3.453110 4.612869 1.422524 1.000000 1.000000 1.000000 1.000000
v -3.562946 2.973622 1.500099 1.000000 1.000000 1.000000 1.000000
v -3.374208 5.334009 1.271500 1.000000 1.000000 1.000000 1.000000
v -3.573020 0.593488 1.675846 1.000000 1.000000 1.000000 1.000000
v -3.593893 0.014257 1.652111 1.000000 1.000000 1.000000 1.000000
v -3.542216 3.336622 1.529300 1.000000 1.000000 1.000000 1.000000
v -3.450939 0.495036 1.815232 1.000000 1.000000 1.000000 1.000000
v -3.429713 0.019353 1.706451 1.000000 1.000000 1.000000 1.000000
v -3.488234 2.109636 1.655942 1.000000 1.000000 1.000000 1.000000
v -3.445413 4.591617 1.461177 1.000000 1.000000 1.000000 1.000000
v -3.456954 4.093397 1.532104 1.000000 1.000000 1.000000 1.000000
v -3.391369 5.049579 1.370878 1.000000 1.000000 1.000000 1.000000
v -3.267104 6.004481 1.252395 1.000000 1.000000 1.000000 1.000000
v -3.201684 6.111131 1.294742 1.000000 1.000000 1.000000 1.000000
v -3.357188 4.109588 1.539405 1.000000 1.000000 1.000000 1.000000
v -3.227795 6.103535 1.155820 1.000000 1.000000 1.000000 1.000000
v -3.095833 6.337576 1.032484 1.000000 1.000000 1.000000 1.000000
v -3.073273 6.634894 1.181575 1.000000 1.000000 1.000000 1.000000
v -3.067631 6.617549 1.218634 1.000000 1.000000 1.000000 1.000000
v -3.097750 6.463914 1.253366 1.000000 1.000000 1.000000 1.000000
v -2.974442 6.129884 1.274383 1.000000 1.000000 1.000000 1.000000
v -3.068213 6.626437 1.262032 1.000000 1.000000 1.000000 1.000000
v -3.051392 5.814415 1.282061 1.000000 1.000000 1.000000 1.000000
v -3.170506 3.818128 1.572079 1.000000 1.000000 1.000000 1.000000
v -2.964245 5.393703 1.346115 1.000000 1.000000 1.000000 1.000000
v -3.174220 2.789706 1.694939 1.000000 1.000000 1.000000 1.000000
v -3.066676 3.853280 1.609417 1.000000 1.000000 1.000000 1.000000
v -3.265820 0.493521 1.930746 1.000000 1.000000 1.000000 1.000000
v -3.289922 0.019935 1.764931 1.000000 1.000000 1.000000 1.000000
v -3.001003 3.498369 1.755617 1.000000 1.000000 1.000000 1.000000
v -3.228086 0.544099 1.988376 1.000000 1.000000 1.000000 1.000000
v -3.292403 0.019019 1.867523 1.000000 1.000000 1.000000 1.000000
v -2.908523 5.624355 1.357396 1.000000 1.000000 1.000000 1.000000
v -3.240222 0.580558 2.061093 1.000000 1.000000 1.000000 1.000000
v -3.415110 0.014742 2.121911 1.000000 1.000000 1.000000 1.000000
v -2.973998 3.567477 1.826504 1.000000 1.000000 1.000000 1.000000
v -2.908985 4.729299 1.620724 1.000000 1.000000 1.000000 1.000000
v -2.917855 5.761824 1.372782 1.000000 1.000000 1.000000 1.000000
v -2.914407 5.134687 1.641027 1.000000 1.000000 1.000000 1.000000
v -3.014253 6.282149 1.357356 1.000000 1.000000 1.000000 1.000000
v -3.153483 6.628730 1.314223 1.000000 1.000000 1.000000 1.000000
v -2.970927 5.664960 1.477522 1.000000 1.000000 1.000000 1.000000
v -3.156959 6.502973 1.389339 1.000000 1.000000 1.000000 1.000000
v -3.189456 6.610389 1.388755 1.000000 1.000000 1.000000 1.000000
v -2.982580 3.874871 1.862727 1.000000 1.000000 1.000000 1.000000
v -3.027162 5.605906 1.700430 1.000000 1.000000 1.000000 1.000000
v -3.101505 6.241568 1.557920 1.000000 1.000000 1.000000 1.000000
v -3.121032 6.041243 1.634287 1.000000 1.000000 1.000000 1.000000
v -3.200294 6.542740 1.471997 1.000000 1.000000 1.000000 1.000000
v -3.087367 5.091746 1.787740 1.000000 1.000000 1.000000 1.000000
v -3.049181 4.590563 1.837313 1.000000 1.000000 1.000000 1.000000
v -3.088203 2.796710 1.970762 1.000000 1.000000 1.000000 1.000000
v -3.231769 1.865973 2.041419 1.000000 1.000000 1.000000 1.000000
v -3.310881 0.423873 2.117330 1.000000 1.000000 1.000000 1.000000
v -3.433982 0.220725 2.124162 1.000000 1.000000 1.000000 1.000000
v -3.546982 0.021928 2.096588 1.000000 1.000000 1.000000 1.000000
v -3.560009 0.234920 1.957372 1.000000 1.000000 1.000000 1.000000
v -3.831359 0.015533 1.657829 1.000000 1.000000 1.000000 1.000000
v -3.461247 0.625458 2.072238 1.000000 1.000000 1.000000 1.000000
v -3.805372 0.482867 1.679143 1.000000 1.000000 1.000000 1.000000
v -3.873746 0.485890 1.664946 1.000000 1.000000 1.000000 1.000000
v -3.949083 0.010910 1.715027 1.000000 1.000000 1.000000 1.000000
v -3.531241 1.012482 1.857172 1.000000 1.000000 1.000000 1.000000
v -3.385781 1.642439 1.961447 1.000000 1.000000 1.000000 1.000000
v -3.662023 1.201956 1.620072 1.000000 1.000000 1.000000 1.000000
v -3.500490 1.874021 1.733640 1.000000 1.000000 1.000000 1.000000
v -3.316569 2.438409 1.944436 1.000000 1.000000 1.000000 1.000000
v -3.224069 3.936600 1.845349 1.000000 1.000000 1.000000 1.000000
v -3.573229 3.135120 1.583074 1.000000 1.000000 1.000000 1.000000
v -3.325954 3.813511 1.724510 1.000000 1.000000 1.000000 1.000000
v -3.156254 5.598909 1.673642 1.000000 1.000000 1.000000 1.000000
v -3.198377 5.486202 1.598931 1.000000 1.000000 1.000000 1.000000
v -3.212677 6.311831 1.415226 1.000000 1.000000 1.000000 1.000000
v -3.261313 6.539266 1.373317 1.000000 1.000000 1.000000 1.000000
v -3.241033 6.147222 1.355182 1.000000 1.000000 1.000000 1.000000
v -3.304705 6.625802 1.440046 1.000000 1.000000 1.000000 1.000000
v -3.361382 4.220911 1.598342 1.000000 1.000000 1.000000 1.000000
v -3.412971 5.700908 1.327270 1.000000 1.000000 1.000000 1.000000
v -3.346279 6.264979 1.314363 1.000000 1.000000 1.000000 1.000000
v -3.519192 4.743233 1.478102 1.000000 1.000000 1.000000 1.000000
v -3.526412 5.600261 1.348739 1.000000 1.000000 1.000000 1.000000
v -3.391262 6.140192 1.343750 1.000000 1.000000 1.000000 1.000000
v -3.606105 4.038592 1.537361 1.000000 1.000000 1.000000 1.000000
v -3.667336 4.471710 1.565321 1.000000 1.000000 1.000000 1.000000
v -3.668489 2.912374 1.546496 1.000000 1.000000 1.000000 1.000000
v -3.785094 2.763955 1.565158 1.000000 1.000000 1.000000 1.000000
v -3.762502 1.660620 1.601187 1.000000 1.000000 1.000000 1.000000
v -3.735165 4.607169 1.637492 1.000000 1.000000 1.000000 1.000000
v -3.881675 0.880664 1.675806 1.000000 1.000000 1.000000 1.000000
v -3.813165 2.792396 1.626383 1.000000 1.000000 1.000000 1.000000
v -3.861536 1.920247 1.725023 1.000000 1.000000 1.000000 1.000000
v -3.938011 0.410918 1.796225 1.000000 1.000000 1.000000 1.000000
v -3.950890 0.012807 1.789591 1.000000 1.000000 1.000000 1.000000
v -3.795278 3.686805 1.665976 1.000000 1.000000 1.000000 1.000000
v -3.814399 2.353471 1.811489 1.000000 1.000000 1.000000 1.000000
v -3.867312 0.530445 1.899820 1.000000 1.000000 1.000000 1.000000
v -3.694849 0.487470 2.011058 1.000000 1.000000 1.000000 1.000000
v -3.762293 0.013477 1.879391 1.000000 1.000000 1.000000 1.000000
v -3.716998 4.701173 1.679783 1.000000 1.000000 1.000000 1.000000
v -3.689679 2.764901 1.843320 1.000000 1.000000 1.000000 1.000000
v -3.463492 0.397318 2.124993 1.000000 1.000000 1.000000 1.000000
v -3.668311 0.012833 2.018544 1.000000 1.000000 1.000000 1.000000
v -3.491327 2.533182 1.910341 1.000000 1.000000 1.000000 1.000000
v -3.380111 0.298392 2.281706 1.000000 1.000000 1.000000 1.000000
v -3.465997 0.020922 2.408871 1.000000 1.000000 1.000000 1.000000
v -3.349530 2.116220 2.001403 1.000000 1.000000 1.000000 1.000000
v -3.376605 0.331957 2.368859 1.000000 1.000000 1.000000 1.000000
v -3.489983 0.017854 2.469920 1.000000 1.000000 1.000000 1.000000
v -3.286897 1.239394 2.182582 1.000000 1.000000 1.000000 1.000000
v -3.319390 0.779967 2.328853 1.000000 1.000000 1.000000 1.000000
v -3.313325 4.395621 1.762819 1.000000 1.000000 1.000000 1.000000
v -3.233926 4.187993 1.864711 1.000000 1.000000 1.000000 1.000000
v -3.236669 2.350046 2.158435 1.000000 1.000000 1.000000 1.000000
v -3.377373 0.649077 2.378350 1.000000 1.000000 1.000000 1.000000
v -3.599009 0.029808 2.485039 1.000000 1.000000 1.000000 1.000000
v -3.312144 1.614584 2.287540 1.000000 1.000000 1.000000 1.000000
v -3.181073 5.452238 1.754202 1.000000 1.000000 1.000000 1.000000
v -3.211755 3.382014 2.149188 1.000000 1.000000 1.000000 1.000000
v -3.232547 5.800386 1.628331 1.000000 1.000000 1.000000 1.000000
v -3.441663 4.132670 1.767362 1.000000 1.000000 1.000000 1.000000
v -3.295676 5.939181 1.577759 1.000000 1.000000 1.000000 1.000000
v -3.656530 4.454928 1.727657 1.000000 1.000000 1.000000 1.000000
v -3.543255 5.317793 1.648857 1.000000 1.000000 1.000000 1.000000
v -3.650457 5.458465 1.617436 1.000000 1.000000 1.000000 1.000000
v -3.372702 6.519755 1.579345 1.000000 1.000000 1.000000 1.000000
v -3.324256 6.452250 1.583334 1.000000 1.000000 1.000000 1.000000
v -3.423374 6.623041 1.544799 1.000000 1.000000 1.000000 1.000000
v -3.700645 5.254571 1.583713 1.000000 1.000000 1.000000 1.000000
v -3.623913 5.803441 1.554742 1.000000 1.000000 1.000000 1.000000
v -3.697716 5.240239 1.508754 1.000000 1.000000 1.000000 1.000000
v -3.604407 5.655257 1.445149 1.000000 1.000000 1.000000 1.000000
v -3.566209 6.004632 1.541709 1.000000 1.000000 1.000000 1.000000
v -3.419928 6.186990 1.456939 1.000000 1.000000 1.000000 1.000000
v -3.392847 6.448931 1.474555 1.000000 1.000000 1.000000 1.000000
v -3.379290 6.631301 1.510775 1.000000 1.000000 1.000000 1.000000
v -3.394479 6.625492 1.591936 1.000000 1.000000 1.000000 1.000000
v -3.284521 6.245505 1.630161 1.000000 1.000000 1.000000 1.000000
v -3.444624 6.625139 1.639464 1.000000 1.000000 1.000000 1.000000
v -3.281974 6.128355 1.690632 1.000000 1.000000 1.000000 1.000000
v -3.195174 5.596033 1.773476 1.000000 1.000000 1.000000 1.000000
v -3.359130 6.055489 1.748361 1.000000 1.000000 1.000000 1.000000
v -3.474866 6.620550 1.671230 1.000000 1.000000 1.000000 1.000000
v -3.215446 5.402459 1.915320 1.000000 1.000000 1.000000 1.000000
v -3.453922 6.490598 1.702728 1.000000 1.000000 1.000000 1.000000
v -3.422942 6.152064 1.913465 1.000000 1.000000 1.000000 1.000000
v -3.547982 6.629916 1.753394 1.000000 1.000000 1.000000 1.000000
v -3.318360 5.744658 1.985335 1.000000 1.000000 1.000000 1.000000
v -3.250022 4.598076 2.104829 1.000000 1.000000 1.000000 1.000000
v -3.345216 5.388629 2.086535 1.000000 1.000000 1.000000 1.000000
v -3.283649 3.602257 2.217222 1.000000 1.000000 1.000000 1.000000
v -3.442583 5.815373 2.025135 1.000000 1.000000 1.000000 1.000000
v -3.355708 4.043798 2.209940 1.000000 1.000000 1.000000 1.000000
v -3.526544 6.265071 1.896309 1.000000 1.000000 1.000000 1.000000
v -3.585510 6.621812 1.733640 1.000000 1.000000 1.000000 1.000000
v -3.415843 4.311364 2.175490 1.000000 1.000000 1.000000 1.000000
v -3.502309 5.679969 2.005177 1.000000 1.000000 1.000000 1.000000
v -3.461105 3.373771 2.218423 1.000000 1.000000 1.000000 1.000000
v -3.544562 6.402819 1.800610 1.000000 1.000000 1.000000 1.000000
v -3.483562 4.171219 2.126366 1.000000 1.000000 1.000000 1.000000
v -3.507584 5.464889 1.976698 1.000000 1.000000 1.000000 1.000000
v -3.484426 5.190726 1.893433 1.000000 1.000000 1.000000 1.000000
v -3.514847 4.164531 1.997579 1.000000 1.000000 1.000000 1.000000
v -3.471706 5.124253 1.781086 1.000000 1.000000 1.000000 1.000000
v -3.594308 3.378381 2.081152 1.000000 1.000000 1.000000 1.000000
v -3.541889 4.194577 1.857027 1.000000 1.000000 1.000000 1.000000
v -3.517778 5.436636 1.714819 1.000000 1.000000 1.000000 1.000000
v -3.621435 6.505466 1.729624 1.000000 1.000000 1.000000 1.000000
v -3.664529 6.618070 1.772061 1.000000 1.000000 1.000000 1.000000
v -3.610404 4.147039 1.807536 1.000000 1.000000 1.000000 1.000000
v -3.549524 5.562324 1.715059 1.000000 1.000000 1.000000 1.000000
v -3.757120 3.138155 1.860683 1.000000 1.000000 1.000000 1.000000
v -3.618191 6.154314 1.704058 1.000000 1.000000 1.000000 1.000000
v -3.609678 5.180799 1.692199 1.000000 1.000000 1.000000 1.000000
v -3.632521 5.537445 1.787628 1.000000 1.000000 1.000000 1.000000
v -3.621629 6.093174 1.814574 1.000000 1.000000 1.000000 1.000000
v -3.683234 5.998031 1.853547 1.000000 1.000000 1.000000 1.000000
v -3.677078 6.628479 1.833935 1.000000 1.000000 1.000000 1.000000
v -3.734332 6.245067 1.849159 1.000000 1.000000 1.000000 1.000000
v -3.761151 6.614737 1.813855 1.000000 1.000000 1.000000 1.000000
v -3.810965 5.509702 1.828663 1.000000 1.000000 1.000000 1.000000
v -3.817244 5.108211 1.711894 1.000000 1.000000 1.000000 1.000000
v -3.963727 5.545064 1.772099 1.000000 1.000000 1.000000 1.000000
v -3.836119 4.398801 1.737080 1.000000 1.000000 1.000000 1.000000
v -3.861171 4.704092 1.734385 1.000000 1.000000 1.000000 1.000000
v -4.025490 5.641756 1.783672 1.000000 1.000000 1.000000 1.000000
v -3.944947 3.147081 1.729094 1.000000 1.000000 1.000000 1.000000
v -3.891076 6.232541 1.781847 1.000000 1.000000 1.000000 1.000000
v -3.753817 6.630889 1.859262 1.000000 1.000000 1.000000 1.000000
v -4.058710 5.767120 1.815904 1.000000 1.000000 1.000000 1.000000
v -4.066060 5.148239 1.840347 1.000000 1.000000 1.000000 1.000000
v -4.040666 5.913051 1.933506 1.000000 1.000000 1.000000 1.000000
v -3.777739 6.628398 1.906169 1.000000 1.000000 1.000000 1.000000
v -4.146309 5.273786 1.934740 1.000000 1.000000 1.000000 1.000000
v -3.927977 6.382943 1.983905 1.000000 1.000000 1.000000 1.000000
v -3.810073 6.605786 1.978610 1.000000 1.000000 1.000000 1.000000
v -4.077312 5.719405 2.012412 1.000000 1.000000 1.000000 1.000000
v -4.147572 4.727181 1.944313 1.000000 1.000000 1.000000 1.000000
v -4.172189 4.623144 2.037828 1.000000 1.000000 1.000000 1.000000
v -3.956644 6.065546 2.047373 1.000000 1.000000 1.000000 1.000000
v -4.236926 4.043105 1.978110 1.000000 1.000000 1.000000 1.000000
v -4.172129 4.294370 2.090836 1.000000 1.000000 1.000000 1.000000
v -4.283790 2.608474 1.994714 1.000000 1.000000 1.000000 1.000000
v -4.246077 2.607006 1.813153 1.000000 1.000000 1.000000 1.000000
v -4.292069 2.594773 1.898525 1.000000 1.000000 1.000000 1.000000
v -4.310733 0.659757 1.979693 1.000000 1.000000 1.000000 1.000000
v -4.312126 0.370425 1.867066 1.000000 1.000000 1.000000 1.000000
v -4.141781 2.496994 1.742852 1.000000 1.000000 1.000000 1.000000
v -4.263341 0.372682 1.822296 1.000000 1.000000 1.000000 1.000000
v -4.118726 0.833152 1.778948 1.000000 1.000000 1.000000 1.000000
v -4.358305 0.011961 1.962648 1.000000 1.000000 1.000000 1.000000
v -4.190950 0.047425 1.841738 1.000000 1.000000 1.000000 1.000000
v -4.323833 0.128120 1.962483 1.000000 1.000000 1.000000 1.000000
v -4.364749 0.014935 2.009554 1.000000 1.000000 1.000000 1.000000
v -3.942343 0.540057 1.873709 1.000000 1.000000 1.000000 1.000000
v -3.919656 0.209476 1.968789 1.000000 1.000000 1.000000 1.000000
v -4.183219 0.011631 1.839633 1.000000 1.000000 1.000000 1.000000
v -3.719077 0.031272 2.394924 1.000000 1.000000 1.000000 1.000000
v -3.891832 1.543482 1.847390 1.000000 1.000000 1.000000 1.000000
v -3.747625 0.564452 2.049891 1.000000 1.000000 1.000000 1.000000
v -3.464461 0.597501 2.355953 1.000000 1.000000 1.000000 1.000000
v -3.628130 1.489519 2.185140 1.000000 1.000000 1.000000 1.000000
v -3.440249 0.581040 2.377846 1.000000 1.000000 1.000000 1.000000
v -4.201759 1.941477 2.111205 1.000000 1.000000 1.000000 1.000000
v -4.154254 0.666703 2.109050 1.000000 1.000000 1.000000 1.000000
v -4.133124 3.806558 2.123627 1.000000 1.000000 1.000000 1.000000
v -3.981983 0.417552 2.175274 1.000000 1.000000 1.000000 1.000000
v -4.067191 1.645115 2.145591 1.000000 1.000000 1.000000 1.000000
v -3.833433 0.279019 2.273745 1.000000 1.000000 1.000000 1.000000
v -3.938577 0.030737 2.405492 1.000000 1.000000 1.000000 1.000000
v -3.529340 0.021807 2.753072 1.000000 1.000000 1.000000 1.000000
v -3.971775 5.327759 2.112976 1.000000 1.000000 1.000000 1.000000
v -3.995611 3.994414 2.121564 1.000000 1.000000 1.000000 1.000000
v -3.902980 5.843703 2.059744 1.000000 1.000000 1.000000 1.000000
v -3.868773 2.789036 2.112769 1.000000 1.000000 1.000000 1.000000
v -3.779922 6.547193 1.988715 1.000000 1.000000 1.000000 1.000000
v -3.788767 5.268096 2.005774 1.000000 1.000000 1.000000 1.000000
v -3.752555 6.443760 2.008445 1.000000 1.000000 1.000000 1.000000
v -3.816215 6.634424 2.020030 1.000000 1.000000 1.000000 1.000000
v -3.746640 6.245040 1.960464 1.000000 1.000000 1.000000 1.000000
v -3.642457 4.678288 2.006484 1.000000 1.000000 1.000000 1.000000
v -3.778895 0.927718 2.242190 1.000000 1.000000 1.000000 1.000000
v -3.597065 4.874190 2.013771 1.000000 1.000000 1.000000 1.000000
v -3.622359 1.729016 2.255799 1.000000 1.000000 1.000000 1.000000
v -3.539240 1.002134 2.403583 1.000000 1.000000 1.000000 1.000000
v -3.552224 4.752959 2.062952 1.000000 1.000000 1.000000 1.000000
v -3.517777 0.283044 2.589150 1.000000 1.000000 1.000000 1.000000
v -3.460157 0.382774 2.664833 1.000000 1.000000 1.000000 1.000000
v -3.518028 2.531987 2.306296 1.000000 1.000000 1.000000 1.000000
v -3.482428 0.362503 2.712569 1.000000 1.000000 1.000000 1.000000
v -3.541844 0.019085 2.824823 1.000000 1.000000 1.000000 1.000000
v -3.468727 0.737041 2.644449 1.000000 1.000000 1.000000 1.000000
v -3.518380 4.237310 2.242630 1.000000 1.000000 1.000000 1.000000
v -3.581843 5.026598 2.107425 1.000000 1.000000 1.000000 1.000000
v -3.534560 2.396842 2.555309 1.000000 1.000000 1.000000 1.000000
v -3.729827 6.269464 2.100039 1.000000 1.000000 1.000000 1.000000
v -3.910130 6.622744 2.103316 1.000000 1.000000 1.000000 1.000000
v -3.740238 6.136645 2.159417 1.000000 1.000000 1.000000 1.000000
v -3.653967 5.240933 2.160855 1.000000 1.000000 1.000000 1.000000
v -3.854496 6.394080 2.134479 1.000000 1.000000 1.000000 1.000000
v -3.938781 6.280345 2.112278 1.000000 1.000000 1.000000 1.000000
v -3.955222 6.199923 2.129133 1.000000 1.000000 1.000000 1.000000
v -3.971356 6.620489 2.122243 1.000000 1.000000 1.000000 1.000000
v -3.849566 5.548058 2.169473 1.000000 1.000000 1.000000 1.000000
v -3.567361 4.483423 2.284792 1.000000 1.000000 1.000000 1.000000
v -3.720204 4.798658 2.296144 1.000000 1.000000 1.000000 1.000000
v -3.602846 4.028439 2.455979 1.000000 1.000000 1.000000 1.000000
v -3.719675 4.570973 2.483887 1.000000 1.000000 1.000000 1.000000
v -3.861213 5.258588 2.297142 1.000000 1.000000 1.000000 1.000000
v -3.683261 3.938640 2.550326 1.000000 1.000000 1.000000 1.000000
v -3.926272 5.915079 2.209296 1.000000 1.000000 1.000000 1.000000
v -3.844605 5.142717 2.467266 1.000000 1.000000 1.000000 1.000000
v -3.866780 6.075130 2.308032 1.000000 1.000000 1.000000 1.000000
v -3.965583 6.620888 2.160958 1.000000 1.000000 1.000000 1.000000
v -3.885729 5.072680 2.542035 1.000000 1.000000 1.000000 1.000000
v -3.901970 5.876781 2.411108 1.000000 1.000000 1.000000 1.000000
v -4.036230 6.633052 2.239164 1.000000 1.000000 1.000000 1.000000
v -3.998654 5.896123 2.453678 1.000000 1.000000 1.000000 1.000000
v -3.885101 4.805274 2.596214 1.000000 1.000000 1.000000 1.000000
v -3.537456 0.849727 2.719716 1.000000 1.000000 1.000000 1.000000
v -4.048835 6.414322 2.317826 1.000000 1.000000 1.000000 1.000000
v -4.070348 6.627570 2.232985 1.000000 1.000000 1.000000 1.000000
v -3.988805 4.850407 2.569161 1.000000 1.000000 1.000000 1.000000
v -3.898783 3.305258 2.636964 1.000000 1.000000 1.000000 1.000000
v -3.529667 0.361309 2.735791 1.000000 1.000000 1.000000 1.000000
v -3.950978 3.043563 2.618471 1.000000 1.000000 1.000000 1.000000
v -3.571486 0.334441 2.714756 1.000000 1.000000 1.000000 1.000000
v -3.635391 0.028336 2.840299 1.000000 1.000000 1.000000 1.000000
v -3.811302 1.524373 2.669940 1.000000 1.000000 1.000000 1.000000
v -3.873054 0.580585 2.517592 1.000000 1.000000 1.000000 1.000000
v -3.977746 1.637516 2.513110 1.000000 1.000000 1.000000 1.000000
v -4.091875 0.607450 2.322345 1.000000 1.000000 1.000000 1.000000
v -4.125833 0.252868 2.347564 1.000000 1.000000 1.000000 1.000000
v -4.165813 0.016355 2.512439 1.000000 1.000000 1.000000 1.000000
v -4.550111 0.020124 2.304057 1.000000 1.000000 1.000000 1.000000
v -4.426840 0.205914 2.318604 1.000000 1.000000 1.000000 1.000000
v -4.618091 0.017455 2.365225 1.000000 1.000000 1.000000 1.000000
v -4.265556 0.577633 2.218933 1.000000 1.000000 1.000000 1.000000
v -4.206666 2.686766 2.175396 1.000000 1.000000 1.000000 1.000000
v -4.653577 0.222419 2.501570 1.000000 1.000000 1.000000 1.000000
v -4.745346 0.013309 2.576972 1.000000 1.000000 1.000000 1.000000
v -4.422931 1.015465 2.168113 1.000000 1.000000 1.000000 1.000000
v -4.585743 0.500917 2.520018 1.000000 1.000000 1.000000 1.000000
v -4.731112 0.019960 2.761553 1.000000 1.000000 1.000000 1.000000
v -4.547387 0.698448 2.262187 1.000000 1.000000 1.000000 1.000000
v -4.395108 0.413520 3.130148 1.000000 1.000000 1.000000 1.000000
v -4.596367 0.032249 3.199518 1.000000 1.000000 1.000000 1.000000
v -4.281711 3.304708 2.106413 1.000000 1.000000 1.000000 1.000000
v -4.557255 0.671895 2.491729 1.000000 1.000000 1.000000 1.000000
v -4.280169 1.093288 3.081633 1.000000 1.000000 1.000000 1.000000
v -4.584471 0.625728 2.341834 1.000000 1.000000 1.000000 1.000000
v -4.516984 1.818174 2.583137 1.000000 1.000000 1.000000 1.000000
v -4.568116 3.769813 2.327229 1.000000 1.000000 1.000000 1.000000
v -4.532552 2.402977 2.212280 1.000000 1.000000 1.000000 1.000000
v -4.424508 2.545914 2.117769 1.000000 1.000000 1.000000 1.000000
v -4.545232 3.774983 2.239372 1.000000 1.000000 1.000000 1.000000
v -4.460851 3.587292 2.135211 1.000000 1.000000 1.000000 1.000000
v -4.546583 4.777596 2.363511 1.000000 1.000000 1.000000 1.000000
v -4.567092 3.870179 2.409746 1.000000 1.000000 1.000000 1.000000
v -4.430909 2.177320 2.708663 1.000000 1.000000 1.000000 1.000000
v -4.142028 3.302081 2.972745 1.000000 1.000000 1.000000 1.000000
v -4.526822 4.217792 2.472147 1.000000 1.000000 1.000000 1.000000
v -4.342571 3.379782 2.730723 1.000000 1.000000 1.000000 1.000000
v -4.208867 4.543469 2.675387 1.000000 1.000000 1.000000 1.000000
v -4.105993 4.212769 2.925383 1.000000 1.000000 1.000000 1.000000
v -4.448257 4.035286 2.561374 1.000000 1.000000 1.000000 1.000000
v -4.160933 5.022395 2.726321 1.000000 1.000000 1.000000 1.000000
v -4.208255 5.012173 2.865848 1.000000 1.000000 1.000000 1.000000
v -4.240267 4.966975 2.549417 1.000000 1.000000 1.000000 1.000000
v -4.399227 5.060419 2.490707 1.000000 1.000000 1.000000 1.000000
v -4.172625 6.074439 2.455143 1.000000 1.000000 1.000000 1.000000
v -4.164401 5.801461 2.531941 1.000000 1.000000 1.000000 1.000000
v -4.201219 5.816125 2.615460 1.000000 1.000000 1.000000 1.000000
v -4.344450 5.772410 2.700576 1.000000 1.000000 1.000000 1.000000
v -4.167064 6.251588 2.505904 1.000000 1.000000 1.000000 1.000000
v -4.280430 6.222073 2.575412 1.000000 1.000000 1.000000 1.000000
v -4.380027 6.182633 2.535883 1.000000 1.000000 1.000000 1.000000
v -4.346210 6.518320 2.452904 1.000000 1.000000 1.000000 1.000000
v -4.260415 6.633580 2.429127 1.000000 1.000000 1.000000 1.000000
v -4.274795 6.602949 2.384251 1.000000 1.000000 1.000000 1.000000
v -4.219419 6.630186 2.316008 1.000000 1.000000 1.000000 1.000000
v -4.237359 6.157880 2.411111 1.000000 1.000000 1.000000 1.000000
v -4.438391 5.801450 2.415682 1.000000 1.000000 1.000000 1.000000
v -4.343134 6.393415 2.327108 1.000000 1.000000 1.000000 1.000000
v -4.479383 5.664312 2.347077 1.000000 1.000000 1.000000 1.000000
v -4.452060 5.743243 2.258832 1.000000 1.000000 1.000000 1.000000
v -4.461505 5.282320 2.236460 1.000000 1.000000 1.000000 1.000000
v -4.312561 5.151557 2.115036 1.000000 1.000000 1.000000 1.000000
v -4.212464 6.353823 2.286834 1.000000 1.000000 1.000000 1.000000
v -4.242163 4.863148 2.100741 1.000000 1.000000 1.000000 1.000000
v -4.310564 5.674563 2.212788 1.000000 1.000000 1.000000 1.000000
v -4.208725 5.493715 2.073027 1.000000 1.000000 1.000000 1.000000
v -4.185962 6.341921 2.287333 1.000000 1.000000 1.000000 1.000000
v -4.192154 5.942425 2.147143 1.000000 1.000000 1.000000 1.000000
v -4.155138 6.564397 2.238289 1.000000 1.000000 1.000000 1.000000
v -4.124405 6.620231 2.230598 1.000000 1.000000 1.000000 1.000000
v -4.128468 6.208169 2.136607 1.000000 1.000000 1.000000 1.000000
v -4.096704 6.273920 2.130815 1.000000 1.000000 1.000000 1.000000
v -4.145872 5.537745 2.073236 1.000000 1.000000 1.000000 1.000000
v -4.054260 5.950377 2.129526 1.000000 1.000000 1.000000 1.000000
v -4.099854 5.040213 2.155266 1.000000 1.000000 1.000000 1.000000
v -4.049310 6.159784 2.205928 1.000000 1.000000 1.000000 1.000000
v -4.148263 4.020756 2.169525 1.000000 1.000000 1.000000 1.000000
v -4.076956 5.659080 2.417818 1.000000 1.000000 1.000000 1.000000
v -4.069618 4.582901 2.421828 1.000000 1.000000 1.000000 1.000000
v -4.051312 4.309888 2.530873 1.000000 1.000000 1.000000 1.000000
v -4.089653 4.059625 2.308891 1.000000 1.000000 1.000000 1.000000
v -4.105042 2.830908 2.371439 1.000000 1.000000 1.000000 1.000000
v 2.596246 6.847780 0.631351 1.000000 1.000000 1.000000 1.000000
v 2.539633 6.664891 0.797693 1.000000 1.000000 1.000000 1.000000
v 2.824511 6.627678 1.005179 1.000000 1.000000 1.000000 1.000000
v 4.403362 6.867658 2.417271 1.000000 1.000000 1.000000 1.000000
v 4.311606 6.628089 2.444150 1.000000 1.000000 1.000000 1.000000
v 2.606540 6.912454 0.604882 1.000000 1.000000 1.000000 1.000000
v 4.403027 6.938466 2.422962 1.000000 1.000000 1.000000 1.000000
v 2.576684 6.979774 0.630766 1.000000 1.000000 1.000000 1.000000
v 4.380184 6.995710 2.446748 1.000000 1.000000 1.000000 1.000000
v 3.193769 7.019821 1.308634 1.000000 1.000000 1.000000 1.000000
v 4.336441 6.988875 2.491329 1.000000 1.000000 1.000000 1.000000
v 2.523468 6.987669 0.706557 1.000000 1.000000 1.000000 1.000000
v 4.301251 6.961458 2.526585 1.000000 1.000000 1.000000 1.000000
v 2.482180 6.926363 0.741947 1.000000 1.000000 1.000000 1.000000
v 4.294225 6.895430 2.542586 1.000000 1.000000 1.000000 1.000000
v 2.629267 6.824026 0.862001 1.000000 1.000000 1.000000 1.000000
v 4.297314 6.619622 2.457463 1.000000 1.000000 1.000000 1.000000
v 2.567750 6.647707 0.813753 1.000000 1.000000 1.000000 1.000000
v 2.994313 6.698171 1.165759 1.000000 1.000000 1.000000 1.000000
v 0.418905 6.668461 0.793912 1.000000 1.000000 1.000000 1.000000
v 0.312354 6.623657 0.676183 1.000000 1.000000 1.000000 1.000000
v 0.187172 6.900641 0.727950 1.000000 1.000000 1.000000 1.000000
v 0.463610 6.893842 0.753827 1.000000 1.000000 1.000000 1.000000
v 0.634004 6.697556 0.755031 1.000000 1.000000 1.000000 1.000000
v 0.775792 6.617440 0.681203 1.000000 1.000000 1.000000 1.000000
v 0.164917 6.981761 0.699893 1.000000 1.000000 1.000000 1.000000
v 1.185233 6.941373 0.746922 1.000000 1.000000 1.000000 1.000000
v 1.240898 6.664197 0.706665 1.000000 1.000000 1.000000 1.000000
v 1.367293 6.657566 0.779427 1.000000 1.000000 1.000000 1.000000
v 1.631113 6.639302 0.742095 1.000000 1.000000 1.000000 1.000000
v 1.893416 6.935542 0.739907 1.000000 1.000000 1.000000 1.000000
v 1.948810 6.668119 0.666292 1.000000 1.000000 1.000000 1.000000
v 1.867033 6.977106 0.686255 1.000000 1.000000 1.000000 1.000000
v 0.889149 6.993668 0.655534 1.000000 1.000000 1.000000 1.000000
v 0.153032 7.024976 0.628828 1.000000 1.000000 1.000000 1.000000
v 0.153102 6.966676 0.607848 1.000000 1.000000 1.000000 1.000000
v 1.749911 7.018175 0.615782 1.000000 1.000000 1.000000 1.000000
v 2.016511 6.953303 0.629203 1.000000 1.000000 1.000000 1.000000
v 2.224535 6.759262 0.594866 1.000000 1.000000 1.000000 1.000000
v 2.234604 6.578653 0.585500 1.000000 1.000000 1.000000 1.000000
v 2.317306 6.640849 0.643729 1.000000 1.000000 1.000000 1.000000
v 2.000957 6.964091 0.581581 1.000000 1.000000 1.000000 1.000000
v 0.154556 6.902429 0.554442 1.000000 1.000000 1.000000 1.000000
v 2.178559 6.960722 0.523600 1.000000 1.000000 1.000000 1.000000
v 0.316301 6.617794 0.641764 1.000000 1.000000 1.000000 1.000000
v 0.485184 6.668731 0.779665 1.000000 1.000000 1.000000 1.000000
v 2.257199 6.965778 0.520123 1.000000 1.000000 1.000000 1.000000
v 0.377716 6.879644 0.574381 1.000000 1.000000 1.000000 1.000000
v 0.657668 6.640476 0.723868 1.000000 1.000000 1.000000 1.000000
v 1.225251 6.866560 0.574073 1.000000 1.000000 1.000000 1.000000
v 1.226696 6.685392 0.700822 1.000000 1.000000 1.000000 1.000000
v 1.247716 6.658770 0.754961 1.000000 1.000000 1.000000 1.000000
v 1.648105 6.645507 0.760062 1.000000 1.000000 1.000000 1.000000
v 1.922421 6.892258 0.570911 1.000000 1.000000 1.000000 1.000000
v 1.957449 6.654473 0.669512 1.000000 1.000000 1.000000 1.000000
v 2.172408 6.599197 0.593510 1.000000 1.000000 1.000000 1.000000
v 2.186491 6.906212 0.500753 1.000000 1.000000 1.000000 1.000000
v 2.291806 6.618974 0.572140 1.000000 1.000000 1.000000 1.000000
v 2.260715 6.961772 0.487276 1.000000 1.000000 1.000000 1.000000
v 2.537805 6.647022 0.783183 1.000000 1.000000 1.000000 1.000000
v 2.607068 6.919676 0.601772 1.000000 1.000000 1.000000 1.000000
v 2.558398 7.012300 0.664219 1.000000 1.000000 1.000000 1.000000
v 2.507522 6.997002 0.719325 1.000000 1.000000 1.000000 1.000000
v 2.391307 6.983284 0.695014 1.000000 1.000000 1.000000 1.000000
v 2.483938 6.864147 0.769379 1.000000 1.000000 1.000000 1.000000
v 2.551121 6.662700 0.775489 1.000000 1.000000 1.000000 1.000000
v 2.674345 3.688716 2.455089 1.000000 1.000000 1.000000 1.000000
v 2.477542 3.557439 2.142276 1.000000 1.000000 1.000000 1.000000
v 2.506800 4.072741 2.257582 1.000000 1.000000 1.000000 1.000000
v 2.210303 4.674868 1.878372 1.000000 1.000000 1.000000 1.000000
v 2.289975 4.752380 2.102496 1.000000 1.000000 1.000000 1.000000
v 2.443385 3.501360 1.923330 1.000000 1.000000 1.000000 1.000000
v 2.269521 4.600967 1.490232 1.000000 1.000000 1.000000 1.000000
v 2.535165 3.437250 1.581398 1.000000 1.000000 1.000000 1.000000
v 2.449591 4.564768 1.189891 1.000000 1.000000 1.000000 1.000000
v 2.775286 3.428133 1.352191 1.000000 1.000000 1.000000 1.000000
v 2.730483 4.585364 1.079132 1.000000 1.000000 1.000000 1.000000
v 3.023206 3.450411 1.259757 1.000000 1.000000 1.000000 1.000000
v 3.352607 3.514332 1.325641 1.000000 1.000000 1.000000 1.000000
v 3.177987 4.675266 1.194734 1.000000 1.000000 1.000000 1.000000
v 3.778095 3.625170 1.546786 1.000000 1.000000 1.000000 1.000000
v 3.712618 4.832568 1.550021 1.000000 1.000000 1.000000 1.000000
v 4.372766 3.820978 2.017116 1.000000 1.000000 1.000000 1.000000
v 4.216198 5.001959 1.972089 1.000000 1.000000 1.000000 1.000000
v 4.651747 4.611110 2.394554 1.000000 1.000000 1.000000 1.000000
v 4.794913 3.965990 2.343994 1.000000 1.000000 1.000000 1.000000
v 4.549592 5.116978 2.311835 1.000000 1.000000 1.000000 1.000000
v -2.539634 6.664892 0.797694 1.000000 1.000000 1.000000 1.000000
v -2.596246 6.847783 0.631349 1.000000 1.000000 1.000000 1.000000
v -2.824521 6.627677 1.005188 1.000000 1.000000 1.000000 1.000000
v -4.403365 6.867665 2.417270 1.000000 1.000000 1.000000 1.000000
v -4.311606 6.628090 2.444150 1.000000 1.000000 1.000000 1.000000
v -2.606540 6.912454 0.604881 1.000000 1.000000 1.000000 1.000000
v -4.403027 6.938468 2.422963 1.000000 1.000000 1.000000 1.000000
v -2.576684 6.979775 0.630766 1.000000 1.000000 1.000000 1.000000
v -4.380184 6.995709 2.446747 1.000000 1.000000 1.000000 1.000000
v -3.193727 7.019822 1.308591 1.000000 1.000000 1.000000 1.000000
v -4.336440 6.988876 2.491330 1.000000 1.000000 1.000000 1.000000
v -2.523468 6.987669 0.706557 1.000000 1.000000 1.000000 1.000000
v -4.301251 6.961459 2.526585 1.000000 1.000000 1.000000 1.000000
v -2.482179 6.926363 0.741948 1.000000 1.000000 1.000000 1.000000
v -4.294225 6.895432 2.542585 1.000000 1.000000 1.000000 1.000000
v -2.629253 6.824011 0.861983 1.000000 1.000000 1.000000 1.000000
v -4.297314 6.619622 2.457464 1.000000 1.000000 1.000000 1.000000
v -2.567750 6.647707 0.813752 1.000000 1.000000 1.000000 1.000000
v -2.994313 6.698171 1.165759 1.000000 1.000000 1.000000 1.000000
v -0.312354 6.623657 0.676183 1.000000 1.000000 1.000000 1.000000
v -0.418904 6.668461 0.793912 1.000000 1.000000 1.000000 1.000000
v -0.187176 6.900630 0.727950 1.000000 1.000000 1.000000 1.000000
v -0.463616 6.893836 0.753826 1.000000 1.000000 1.000000 1.000000
v -0.634006 6.697555 0.755031 1.000000 1.000000 1.000000 1.000000
v -0.775792 6.617438 0.681203 1.000000 1.000000 1.000000 1.000000
v -0.164917 6.981762 0.699893 1.000000 1.000000 1.000000 1.000000
v -1.185271 6.941362 0.746924 1.000000 1.000000 1.000000 1.000000
v -1.240897 6.664197 0.706664 1.000000 1.000000 1.000000 1.000000
v -1.367297 6.657565 0.779429 1.000000 1.000000 1.000000 1.000000
v -1.631120 6.639302 0.742093 1.000000 1.000000 1.000000 1.000000
v -1.893422 6.935536 0.739905 1.000000 1.000000 1.000000 1.000000
v -1.948806 6.668121 0.666290 1.000000 1.000000 1.000000 1.000000
v -1.867044 6.977103 0.686257 1.000000 1.000000 1.000000 1.000000
v -0.889416 6.993669 0.655535 1.000000 1.000000 1.000000 1.000000
v -0.153032 7.024976 0.628828 1.000000 1.000000 1.000000 1.000000
v -0.153102 6.966677 0.607853 1.000000 1.000000 1.000000 1.000000
v -1.749931 7.018174 0.615782 1.000000 1.000000 1.000000 1.000000
v -2.016513 6.953301 0.629205 1.000000 1.000000 1.000000 1.000000
v -2.224537 6.759255 0.594865 1.000000 1.000000 1.000000 1.000000
v -2.234604 6.578653 0.585501 1.000000 1.000000 1.000000 1.000000
v -2.317306 6.640849 0.643729 1.000000 1.000000 1.000000 1.000000
v -2.000957 6.964092 0.581583 1.000000 1.000000 1.000000 1.000000
v -0.154556 6.902431 0.554441 1.000000 1.000000 1.000000 1.000000
v -2.178559 6.960721 0.523600 1.000000 1.000000 1.000000 1.000000
v -0.316301 6.617794 0.641764 1.000000 1.000000 1.000000 1.000000
v -0.485184 6.668731 0.779665 1.000000 1.000000 1.000000 1.000000
v -2.257200 6.965776 0.520123 1.000000 1.000000 1.000000 1.000000
v -0.377718 6.879649 0.574377 1.000000 1.000000 1.000000 1.000000
v -0.657668 6.640476 0.723867 1.000000 1.000000 1.000000 1.000000
v -1.225290 6.866568 0.574067 1.000000 1.000000 1.000000 1.000000
v -1.226696 6.685388 0.700815 1.000000 1.000000 1.000000 1.000000
v -1.247714 6.658769 0.754958 1.000000 1.000000 1.000000 1.000000
v -1.648110 6.645508 0.760061 1.000000 1.000000 1.000000 1.000000
v -1.922438 6.892264 0.570905 1.000000 1.000000 1.000000 1.000000
v -1.957448 6.654473 0.669511 1.000000 1.000000 1.000000 1.000000
v -2.172411 6.599195 0.593508 1.000000 1.000000 1.000000 1.000000
v -2.186493 6.906215 0.500750 1.000000 1.000000 1.000000 1.000000
v -2.291806 6.618974 0.572142 1.000000 1.000000 1.000000 1.000000
v -2.260721 6.961774 0.487277 1.000000 1.000000 1.000000 1.000000
v -2.537805 6.647022 0.783183 1.000000 1.000000 1.000000 1.000000
v -2.607069 6.919679 0.601770 1.000000 1.000000 1.000000 1.000000
v -2.558398 7.012299 0.664220 1.000000 1.000000 1.000000 1.000000
v -2.507522 6.997002 0.719326 1.000000 1.000000 1.000000 1.000000
v -2.391310 6.983281 0.695017 1.000000 1.000000 1.000000 1.000000
v -2.483939 6.864143 0.769380 1.000000 1.000000 1.000000 1.000000
v -2.551123 6.662700 0.775488 1.000000 1.000000 1.000000 1.000000
v -2.477551 3.557445 2.142291 1.000000 1.000000 1.000000 1.000000
v -2.674346 3.688716 2.455089 1.000000 1.000000 1.000000 1.000000
v -2.506797 4.072750 2.257579 1.000000 1.000000 1.000000 1.000000
v -2.210302 4.674868 1.878368 1.000000 1.000000 1.000000 1.000000
v -2.289975 4.752380 2.102496 1.000000 1.000000 1.000000 1.000000
v -2.443377 3.501367 1.923356 1.000000 1.000000 1.000000 1.000000
v -2.269529 4.600971 1.490222 1.000000 1.000000 1.000000 1.000000
v -2.535151 3.437250 1.581405 1.000000 1.000000 1.000000 1.000000
v -2.449586 4.564782 1.189887 1.000000 1.000000 1.000000 1.000000
v -2.775284 3.428137 1.352203 1.000000 1.000000 1.000000 1.000000
v -2.730432 4.585363 1.079133 1.000000 1.000000 1.000000 1.000000
v -3.023178 3.450409 1.259762 1.000000 1.000000 1.000000 1.000000
v -3.352579 3.514325 1.325624 1.000000 1.000000 1.000000 1.000000
v -3.177866 4.675241 1.194683 1.000000 1.000000 1.000000 1.000000
v -3.777850 3.625100 1.546633 1.000000 1.000000 1.000000 1.000000
v -3.712401 4.832500 1.549848 1.000000 1.000000 1.000000 1.000000
v -4.372499 3.820888 2.016896 1.000000 1.000000 1.000000 1.000000
v -4.216051 5.001907 1.971922 1.000000 1.000000 1.000000 1.000000
v -4.651740 4.611142 2.394554 1.000000 1.000000 1.000000 1.000000
v -4.549599 5.116978 2.311827 1.000000 1.000000 1.000000 1.000000
v -4.794913 3.965990 2.343994 1.000000 1.000000 1.000000 1.000000
v 2.539633 6.664891 0.797693 1.000000 1.000000 1.000000 1.000000
v 2.596246 6.847780 0.631351 1.000000 1.000000 1.000000 1.000000
v 2.824511 6.627678 1.005179 1.000000 1.000000 1.000000 1.000000
v 4.403362 6.867658 2.417271 1.000000 1.000000 1.000000 1.000000
v 4.311606 6.628089 2.444150 1.000000 1.000000 1.000000 1.000000
v 2.606540 6.912454 0.604882 1.000000 1.000000 1.000000 1.000000
v 4.403027 6.938466 2.422962 1.000000 1.000000 1.000000 1.000000
v 2.576684 6.979774 0.630766 1.000000 1.000000 1.000000 1.000000
v 4.380184 6.995710 2.446748 1.000000 1.000000 1.000000 1.000000
v 3.193769 7.019821 1.308634 1.000000 1.000000 1.000000 1.000000
v 4.336441 6.988875 2.491329 1.000000 1.000000 1.000000 1.000000
v 2.523468 6.987669 0.706557 1.000000 1.000000 1.000000 1.000000
v 4.301251 6.961458 2.526585 1.000000 1.000000 1.000000 1.000000
v 2.482180 6.926363 0.741947 1.000000 1.000000 1.000000 1.000000
v 4.294225 6.895430 2.542586 1.000000 1.000000 1.000000 1.000000
v 2.629267 6.824026 0.862001 1.000000 1.000000 1.000000 1.000000
v 4.297314 6.619622 2.457463 1.000000 1.000000 1.000000 1.000000
v 2.567750 6.647707 0.813753 1.000000 1.000000 1.000000 1.000000
v 2.994313 6.698171 1.165759 1.000000 1.000000 1.000000 1.000000
v 0.312354 6.623657 0.676183 1.000000 1.000000 1.000000 1.000000
v 0.418905 6.668461 0.793912 1.000000 1.000000 1.000000 1.000000
v 0.187172 6.900641 0.727950 1.000000 1.000000 1.000000 1.000000
v 0.463610 6.893842 0.753827 1.000000 1.000000 1.000000 1.000000
v 0.634004 6.697556 0.755031 1.000000 1.000000 1.000000 1.000000
v 0.775792 6.617440 0.681203 1.000000 1.000000 1.000000 1.000000
v 0.164917 6.981761 0.699893 1.000000 1.000000 1.000000 1.000000
v 1.185233 6.941373 0.746922 1.000000 1.000000 1.000000 1.000000
v 1.240898 6.664197 0.706665 1.000000 1.000000 1.000000 1.000000
v 1.367293 6.657566 0.779427 1.000000 1.000000 1.000000 1.000000
v 1.631113 6.639302 0.742095 1.000000 1.000000 1.000000 1.000000
v 1.893416 6.935542 0.739907 1.000000 1.000000 1.000000 1.000000
v 1.948810 6.668119 0.666292 1.000000 1.000000 1.000000 1.000000
v 1.867033 6.977106 0.686255 1.000000 1.000000 1.000000 1.000000
v 0.889149 6.993668 0.655534 1.000000 1.000000 1.000000 1.000000
v 0.153032 7.024976 0.628828 1.000000 1.000000 1.000000 1.000000
v 0.153102 6.966676 0.607848 1.000000 1.000000 1.000000 1.000000
v 1.749911 7.018175 0.615782 1.000000 1.000000 1.000000 1.000000
v 2.016511 6.953303 0.629203 1.000000 1.000000 1.000000 1.000000
v 2.224535 6.759262 0.594866 1.000000 1.000000 1.000000 1.000000
v 2.234604 6.578653 0.585500 1.000000 1.000000 1.000000 1.000000
v 2.317306 6.640849 0.643729 1.000000 1.000000 1.000000 1.000000
v 2.000957 6.964091 0.581581 1.000000 1.000000 1.000000 1.000000
v 0.154556 6.902429 0.554442 1.000000 1.000000 1.000000 1.000000
v 2.178559 6.960722 0.523600 1.000000 1.000000 1.000000 1.000000
v 0.485184 6.668731 0.779665 1.000000 1.000000 1.000000 1.000000
v 0.316301 6.617794 0.641764 1.000000 1.000000 1.000000 1.000000
v 2.257199 6.965778 0.520123 1.000000 1.000000 1.000000 1.000000
v 0.377716 6.879644 0.574381 1.000000 1.000000 1.000000 1.000000
v 0.657668 6.640476 0.723868 1.000000 1.000000 1.000000 1.000000
v 1.225251 6.866560 0.574073 1.000000 1.000000 1.000000 1.000000
v 1.226696 6.685392 0.700822 1.000000 1.000000 1.000000 1.000000
v 1.247716 6.658770 0.754961 1.000000 1.000000 1.000000 1.000000
v 1.648105 6.645507 0.760062 1.000000 1.000000 1.000000 1.000000
v 1.922421 6.892258 0.570911 1.000000 1.000000 1.000000 1.000000
v 1.957449 6.654473 0.669512 1.000000 1.000000 1.000000 1.000000
v 2.172408 6.599197 0.593510 1.000000 1.000000 1.000000 1.000000
v 2.186491 6.906212 0.500753 1.000000 1.000000 1.000000 1.000000
v 2.291806 6.618974 0.572140 1.000000 1.000000 1.000000 1.000000
v 2.260715 6.961772 0.487276 1.000000 1.000000 1.000000 1.000000
v 2.537805 6.647022 0.783183 1.000000 1.000000 1.000000 1.000000
v 2.607068 6.919676 0.601772 1.000000 1.000000 1.000000 1.000000
v 2.558398 7.012300 0.664219 1.000000 1.000000 1.000000 1.000000
v 2.507522 6.997002 0.719325 1.000000 1.000000 1.000000 1.000000
v 2.391307 6.983284 0.695014 1.000000 1.000000 1.000000 1.000000
v 2.483938 6.864147 0.769379 1.000000 1.000000 1.000000 1.000000
v 2.551121 6.662700 0.775489 1.000000 1.000000 1.000000 1.000000
v 2.477542 3.557439 2.142276 1.000000 1.000000 1.000000 1.000000
v 2.674345 3.688716 2.455089 1.000000 1.000000 1.000000 1.000000
v 2.506800 4.072741 2.257582 1.000000 1.000000 1.000000 1.000000
v 2.210303 4.674868 1.878372 1.000000 1.000000 1.000000 1.000000
v 2.289975 4.752380 2.102496 1.000000 1.000000 1.000000 1.000000
v 2.443385 3.501360 1.923330 1.000000 1.000000 1.000000 1.000000
v 2.269521 4.600967 1.490232 1.000000 1.000000 1.000000 1.000000
v 2.535165 3.437250 1.581398 1.000000 1.000000 1.000000 1.000000
v 2.449591 4.564768 1.189891 1.000000 1.000000 1.000000 1.000000
v 2.775286 3.428133 1.352191 1.000000 1.000000 1.000000 1.000000
v 2.730483 4.585364 1.079132 1.000000 1.000000 1.000000 1.000000
v 3.023206 3.450411 1.259757 1.000000 1.000000 1.000000 1.000000
v 3.352607 3.514332 1.325641 1.000000 1.000000 1.000000 1.000000
v 3.177987 4.675266 1.194734 1.000000 1.000000 1.000000 1.000000
v 3.778095 3.625170 1.546786 1.000000 1.000000 1.000000 1.000000
v 3.712618 4.832568 1.550021 1.000000 1.000000 1.000000 1.000000
v 4.372766 3.820978 2.017116 1.000000 1.000000 1.000000 1.000000
v 4.216198 5.001959 1.972089 1.000000 1.000000 1.000000 1.000000
v 4.651747 4.611110 2.394554 1.000000 1.000000 1.000000 1.000000
v 4.549592 5.116978 2.311835 1.000000 1.000000 1.000000 1.000000
v 4.794913 3.965990 2.343994 1.000000 1.000000 1.000000 1.000000
v -2.596246 6.847783 0.631349 1.000000 1.000000 1.000000 1.000000
v -2.539634 6.664892 0.797694 1.000000 1.000000 1.000000 1.000000
v -2.824521 6.627677 1.005188 1.000000 1.000000 1.000000 1.000000
v -4.403365 6.867665 2.417270 1.000000 1.000000 1.000000 1.000000
v -4.311606 6.628090 2.444150 1.000000 1.000000 1.000000 1.000000
v -2.606540 6.912454 0.604881 1.000000 1.000000 1.000000 1.000000
v -4.403027 6.938468 2.422963 1.000000 1.000000 1.000000 1.000000
v -2.576684 6.979775 0.630766 1.000000 1.000000 1.000000 1.000000
v -4.380184 6.995709 2.446747 1.000000 1.000000 1.000000 1.000000
v -3.193727 7.019822 1.308591 1.000000 1.000000 1.000000 1.000000
v -4.336440 6.988876 2.491330 1.000000 1.000000 1.000000 1.000000
v -2.523468 6.987669 0.706557 1.000000 1.000000 1.000000 1.000000
v -4.301251 6.961459 2.526585 1.000000 1.000000 1.000000 1.000000
v -2.482179 6.926363 0.741948 1.000000 1.000000 1.000000 1.000000
v -4.294225 6.895432 2.542585 1.000000 1.000000 1.000000 1.000000
v -2.629253 6.824011 0.861983 1.000000 1.000000 1.000000 1.000000
v -4.297314 6.619622 2.457464 1.000000 1.000000 1.000000 1.000000
v -2.567750 6.647707 0.813752 1.000000 1.000000 1.000000 1.000000
v -2.994313 6.698171 1.165759 1.000000 1.000000 1.000000 1.000000
v -0.418904 6.668461 0.793912 1.000000 1.000000 1.000000 1.000000
v -0.312354 6.623657 0.676183 1.000000 1.000000 1.000000 1.000000
v -0.187176 6.900630 0.727950 1.000000 1.000000 1.000000 1.000000
v -0.463616 6.893836 0.753826 1.000000 1.000000 1.000000 1.000000
v -0.634006 6.697555 0.755031 1.000000 1.000000 1.000000 1.000000
v -0.775792 6.617438 0.681203 1.000000 1.000000 1.000000 1.000000
v -0.164917 6.981762 0.699893 1.000000 1.000000 1.000000 1.000000
v -1.185271 6.941362 0.746924 1.000000 1.000000 1.000000 1.000000
v -1.240897 6.664197 0.706664 1.000000 1.000000 1.000000 1.000000
v -1.367297 6.657565 0.779429 1.000000 1.000000 1.000000 1.000000
v -1.631120 6.639302 0.742093 1.000000 1.000000 1.000000 1.000000
v -1.893422 6.935536 0.739905 1.000000 1.000000 1.000000 1.000000
v -1.948806 6.668121 0.666290 1.000000 1.000000 1.000000 1.000000
v -1.867044 6.977103 0.686257 1.000000 1.000000 1.000000 1.000000
v -0.889416 6.993669 0.655535 1.000000 1.000000 1.000000 1.000000
v -0.153032 7.024976 0.628828 1.000000 1.000000 1.000000 1.000000
v -0.153102 6.966677 0.607853 1.000000 1.000000 1.000000 1.000000
v -1.749931 7.018174 0.615782 1.000000 1.000000 1.000000 1.000000
v -2.016513 6.953301 0.629205 1.000000 1.000000 1.000000 1.000000
v -2.224537 6.759255 0.594865 1.000000 1.000000 1.000000 1.000000
v -2.234604 6.578653 0.585501 1.000000 1.000000 1.000000 1.000000
v -2.317306 6.640849 0.643729 1.000000 1.000000 1.000000 1.000000
v -2.000957 6.964092 0.581583 1.000000 1.000000 1.000000 1.000000
v -0.154556 6.902431 0.554441 1.000000 1.000000 1.000000 1.000000
v -2.178559 6.960721 0.523600 1.000000 1.000000 1.000000 1.000000
v -0.316301 6.617794 0.641764 1.000000 1.000000 1.000000 1.000000
v -0.485184 6.668731 0.779665 1.000000 1.000000 1.000000 1.000000
v -2.257200 6.965776 0.520123 1.000000 1.000000 1.000000 1.000000
v -0.377718 6.879649 0.574377 1.000000 1.000000 1.000000 1.000000
v -0.657668 6.640476 0.723867 1.000000 1.000000 1.000000 1.000000
v -1.225290 6.866568 0.574067 1.000000 1.000000 1.000000 1.000000
v -1.226696 6.685388 0.700815 1.000000 1.000000 1.000000 1.000000
v -1.247714 6.658769 0.754958 1.000000 1.000000 1.000000 1.000000
v -1.648110 6.645508 0.760061 1.000000 1.000000 1.000000 1.000000
v -1.922438 6.892264 0.570905 1.000000 1.000000 1.000000 1.000000
v -1.957448 6.654473 0.669511 1.000000 1.000000 1.000000 1.000000
v -2.172411 6.599195 0.593508 1.000000 1.000000 1.000000 1.000000
v -2.186493 6.906215 0.500750 1.000000 1.000000 1.000000 1.000000
v -2.291806 6.618974 0.572142 1.000000 1.000000 1.000000 1.000000
v -2.260721 6.961774 0.487277 1.000000 1.000000 1.000000 1.000000
v -2.537805 6.647022 0.783183 1.000000 1.000000 1.000000 1.000000
v -2.607069 6.919679 0.601770 1.000000 1.000000 1.000000 1.000000
v -2.558398 7.012299 0.664220 1.000000 1.000000 1.000000 1.000000
v -2.507522 6.997002 0.719326 1.000000 1.000000 1.000000 1.000000
v -2.391310 6.983281 0.695017 1.000000 1.000000 1.000000 1.000000
v -2.483939 6.864143 0.769380 1.000000 1.000000 1.000000 1.000000
v -2.551123 6.662700 0.775488 1.000000 1.000000 1.000000 1.000000
v -2.674346 3.688716 2.455089 1.000000 1.000000 1.000000 1.000000
v -2.477551 3.557445 2.142291 1.000000 1.000000 1.000000 1.000000
v -2.506797 4.072750 2.257579 1.000000 1.000000 1.000000 1.000000
v -2.210302 4.674868 1.878368 1.000000 1.000000 1.000000 1.000000
v -2.289975 4.752380 2.102496 1.000000 1.000000 1.000000 1.000000
v -2.443377 3.501367 1.923356 1.000000 1.000000 1.000000 1.000000
v -2.269529 4.600971 1.490222 1.000000 1.000000 1.000000 1.000000
v -2.535151 3.437250 1.581405 1.000000 1.000000 1.000000 1.000000
v -2.449586 4.564782 1.189887 1.000000 1.000000 1.000000 1.000000
v -2.775284 3.428137 1.352203 1.000000 1.000000 1.000000 1.000000
v -2.730432 4.585363 1.079133 1.000000 1.000000 1.000000 1.000000
v -3.023178 3.450409 1.259762 1.000000 1.000000 1.000000 1.000000
v -3.352579 3.514325 1.325624 1.000000 1.000000 1.000000 1.000000
v -3.177866 4.675241 1.194683 1.000000 1.000000 1.000000 1.000000
v -3.777850 3.625100 1.546633 1.000000 1.000000 1.000000 1.000000
v -3.712401 4.832500 1.549848 1.000000 1.000000 1.000000 1.000000
v -4.372499 3.820888 2.016896 1.000000 1.000000 1.000000 1.000000
v -4.216051 5.001907 1.971922 1.000000 1.000000 1.000000 1.000000
v -4.651740 4.611142 2.394554 1.000000 1.000000 1.000000 1.000000
v -4.794913 3.965990 2.343994 1.000000 1.000000 1.000000 1.000000
v -4.549599 5.116978 2.311827 1.000000 1.000000 1.000000 1.000000
v 2.469123 6.525770 0.933917 1.000000 1.000000 1.000000 1.000000
v 2.495841 5.821553 1.210546 1.000000 1.000000 1.000000 1.000000
v 2.569078 6.677071 0.809586 1.000000 1.000000 1.000000 1.000000
v 2.636400 6.296283 0.953864 1.000000 1.000000 1.000000 1.000000
v 2.638007 6.640183 0.784328 1.000000 1.000000 1.000000 1.000000
v 2.629553 5.073597 1.207195 1.000000 1.000000 1.000000 1.000000
v 2.541574 4.659632 1.509092 1.000000 1.000000 1.000000 1.000000
v 2.696883 5.687484 0.893265 1.000000 1.000000 1.000000 1.000000
v 2.666227 6.402053 0.718881 1.000000 1.000000 1.000000 1.000000
v 2.676162 6.628860 0.833544 1.000000 1.000000 1.000000 1.000000
v 2.768930 5.479033 0.902288 1.000000 1.000000 1.000000 1.000000
v 2.802786 5.890107 0.792962 1.000000 1.000000 1.000000 1.000000
v 2.781145 6.458881 0.723428 1.000000 1.000000 1.000000 1.000000
v 3.142268 4.920754 1.120576 1.000000 1.000000 1.000000 1.000000
v 2.907866 6.195494 0.826397 1.000000 1.000000 1.000000 1.000000
v 2.842955 6.447942 0.842536 1.000000 1.000000 1.000000 1.000000
v 2.734873 6.635660 0.873085 1.000000 1.000000 1.000000 1.000000
v 3.007381 5.898656 0.956842 1.000000 1.000000 1.000000 1.000000
v 2.959401 6.034389 0.953134 1.000000 1.000000 1.000000 1.000000
v 2.786793 6.431896 0.852085 1.000000 1.000000 1.000000 1.000000
v 2.719849 6.518284 0.876333 1.000000 1.000000 1.000000 1.000000
v 2.731617 6.636765 0.928812 1.000000 1.000000 1.000000 1.000000
v 2.943712 6.011367 0.977163 1.000000 1.000000 1.000000 1.000000
v 2.738638 6.422095 0.895180 1.000000 1.000000 1.000000 1.000000
v 2.718243 6.455606 0.835040 1.000000 1.000000 1.000000 1.000000
v 2.999963 5.263489 1.201565 1.000000 1.000000 1.000000 1.000000
v 2.894299 5.684562 1.044976 1.000000 1.000000 1.000000 1.000000
v 2.814182 6.168371 0.895419 1.000000 1.000000 1.000000 1.000000
v 2.785612 5.699463 0.996804 1.000000 1.000000 1.000000 1.000000
v 2.864816 5.059452 1.246605 1.000000 1.000000 1.000000 1.000000
v 2.750322 5.757350 0.997152 1.000000 1.000000 1.000000 1.000000
v 2.793578 6.146738 0.966641 1.000000 1.000000 1.000000 1.000000
v 2.756717 6.344791 1.005821 1.000000 1.000000 1.000000 1.000000
v 2.796515 0.020876 1.564634 1.000000 1.000000 1.000000 1.000000
v 2.228579 0.026941 1.092485 1.000000 1.000000 1.000000 1.000000
v 2.551911 0.014800 0.870738 1.000000 1.000000 1.000000 1.000000
v 2.706239 0.061332 1.924655 1.000000 1.000000 1.000000 1.000000
v 3.125901 0.048779 2.528094 1.000000 1.000000 1.000000 1.000000
v 2.353469 0.150358 1.623532 1.000000 1.000000 1.000000 1.000000
v 2.144113 0.107074 1.152088 1.000000 1.000000 1.000000 1.000000
v 2.968436 0.169075 2.584091 1.000000 1.000000 1.000000 1.000000
v 3.124160 0.014707 2.628206 1.000000 1.000000 1.000000 1.000000
v 2.267766 0.247732 1.532585 1.000000 1.000000 1.000000 1.000000
v 2.166771 0.267309 1.164004 1.000000 1.000000 1.000000 1.000000
v 2.968813 0.267201 2.589567 1.000000 1.000000 1.000000 1.000000
v 3.169075 0.022520 2.597757 1.000000 1.000000 1.000000 1.000000
v 2.390592 0.593410 1.608010 1.000000 1.000000 1.000000 1.000000
v 2.478064 1.085798 1.174200 1.000000 1.000000 1.000000 1.000000
v 2.384417 0.577893 1.903358 1.000000 1.000000 1.000000 1.000000
v 2.652355 1.841146 1.199821 1.000000 1.000000 1.000000 1.000000
v 2.456522 0.438583 2.049561 1.000000 1.000000 1.000000 1.000000
v 2.856825 0.311324 2.579812 1.000000 1.000000 1.000000 1.000000
v 2.466230 1.600695 1.947461 1.000000 1.000000 1.000000 1.000000
v 2.727306 0.731561 2.512922 1.000000 1.000000 1.000000 1.000000
v 2.570825 2.113011 1.583784 1.000000 1.000000 1.000000 1.000000
v 2.778584 2.671266 1.248352 1.000000 1.000000 1.000000 1.000000
v 2.440289 1.238473 2.115531 1.000000 1.000000 1.000000 1.000000
v 2.462361 2.768835 1.982462 1.000000 1.000000 1.000000 1.000000
v 2.548488 2.760742 1.715498 1.000000 1.000000 1.000000 1.000000
v 2.844813 3.211185 1.288958 1.000000 1.000000 1.000000 1.000000
v 2.522209 1.434619 2.295531 1.000000 1.000000 1.000000 1.000000
v 2.642938 3.437371 1.489077 1.000000 1.000000 1.000000 1.000000
v 2.842735 3.584622 1.306768 1.000000 1.000000 1.000000 1.000000
v 2.505034 3.534078 1.681248 1.000000 1.000000 1.000000 1.000000
v 2.437585 4.338840 1.358361 1.000000 1.000000 1.000000 1.000000
v 2.619282 4.365770 1.193506 1.000000 1.000000 1.000000 1.000000
v 2.493951 4.582328 1.127272 1.000000 1.000000 1.000000 1.000000
v 2.332817 4.517064 1.450978 1.000000 1.000000 1.000000 1.000000
v 2.294721 4.731094 1.054201 1.000000 1.000000 1.000000 1.000000
v 2.248077 4.584784 1.531346 1.000000 1.000000 1.000000 1.000000
v 1.333080 5.578184 0.824056 1.000000 1.000000 1.000000 1.000000
v 2.260501 4.572489 1.867426 1.000000 1.000000 1.000000 1.000000
v 2.454153 3.628607 1.994846 1.000000 1.000000 1.000000 1.000000
v 2.485790 2.178973 2.217770 1.000000 1.000000 1.000000 1.000000
v 2.531107 3.171004 2.275328 1.000000 1.000000 1.000000 1.000000
v 2.515721 3.695682 2.177785 1.000000 1.000000 1.000000 1.000000
v 2.655236 1.913224 2.425579 1.000000 1.000000 1.000000 1.000000
v 2.549766 3.815107 2.220404 1.000000 1.000000 1.000000 1.000000
v 2.341323 4.545773 2.033862 1.000000 1.000000 1.000000 1.000000
v 2.831068 0.566629 2.602986 1.000000 1.000000 1.000000 1.000000
v 2.836059 1.220487 2.530581 1.000000 1.000000 1.000000 1.000000
v 2.890937 0.539861 2.592619 1.000000 1.000000 1.000000 1.000000
v 2.534509 4.082159 2.170273 1.000000 1.000000 1.000000 1.000000
v 2.875803 1.616491 2.444702 1.000000 1.000000 1.000000 1.000000
v 2.978273 0.372531 2.549239 1.000000 1.000000 1.000000 1.000000
v 3.175013 0.024031 2.488470 1.000000 1.000000 1.000000 1.000000
v 2.954653 0.734507 2.502714 1.000000 1.000000 1.000000 1.000000
v 3.000336 0.331044 2.355683 1.000000 1.000000 1.000000 1.000000
v 2.957727 0.158550 2.232238 1.000000 1.000000 1.000000 1.000000
v 2.940995 0.845468 2.400289 1.000000 1.000000 1.000000 1.000000
v 2.845201 0.125833 2.010331 1.000000 1.000000 1.000000 1.000000
v 2.759366 0.010753 1.210766 1.000000 1.000000 1.000000 1.000000
v 2.720454 0.514516 2.025556 1.000000 1.000000 1.000000 1.000000
v 2.611040 0.152921 1.291165 1.000000 1.000000 1.000000 1.000000
v 2.756130 0.021799 1.155922 1.000000 1.000000 1.000000 1.000000
v 2.681115 0.316113 1.823179 1.000000 1.000000 1.000000 1.000000
v 2.631004 0.206746 1.291272 1.000000 1.000000 1.000000 1.000000
v 2.566409 0.296743 1.292520 1.000000 1.000000 1.000000 1.000000
v 2.576504 1.230794 1.844866 1.000000 1.000000 1.000000 1.000000
v 2.569407 0.870494 1.631211 1.000000 1.000000 1.000000 1.000000
v 2.755289 0.864791 2.028155 1.000000 1.000000 1.000000 1.000000
v 2.904270 1.602780 2.194280 1.000000 1.000000 1.000000 1.000000
v 2.620417 1.551513 1.961626 1.000000 1.000000 1.000000 1.000000
v 2.810965 1.356144 2.074470 1.000000 1.000000 1.000000 1.000000
v 2.906929 1.959731 2.260949 1.000000 1.000000 1.000000 1.000000
v 2.779949 2.907098 2.116527 1.000000 1.000000 1.000000 1.000000
v 2.842298 2.426263 2.292675 1.000000 1.000000 1.000000 1.000000
v 2.629205 3.806574 2.105447 1.000000 1.000000 1.000000 1.000000
v 2.565295 4.004938 2.158643 1.000000 1.000000 1.000000 1.000000
v 2.690756 1.928250 2.039016 1.000000 1.000000 1.000000 1.000000
v 2.308057 4.674037 2.002756 1.000000 1.000000 1.000000 1.000000
v 2.523061 4.029627 2.026138 1.000000 1.000000 1.000000 1.000000
v 2.549189 3.023473 2.026683 1.000000 1.000000 1.000000 1.000000
v 2.337592 4.687079 1.943545 1.000000 1.000000 1.000000 1.000000
v 2.494166 3.684032 1.984148 1.000000 1.000000 1.000000 1.000000
v 2.309034 4.630514 1.843771 1.000000 1.000000 1.000000 1.000000
v 2.527621 2.260161 1.917708 1.000000 1.000000 1.000000 1.000000
v 2.557353 1.789130 1.703050 1.000000 1.000000 1.000000 1.000000
v 2.491804 3.526963 1.904501 1.000000 1.000000 1.000000 1.000000
v 2.516670 2.943372 1.816385 1.000000 1.000000 1.000000 1.000000
v 2.289220 4.597045 1.808727 1.000000 1.000000 1.000000 1.000000
v 2.554514 3.526724 1.633851 1.000000 1.000000 1.000000 1.000000
v 2.358753 4.419942 1.562001 1.000000 1.000000 1.000000 1.000000
v 2.623523 2.859385 1.645384 1.000000 1.000000 1.000000 1.000000
v 2.436226 4.466880 1.334766 1.000000 1.000000 1.000000 1.000000
v 2.680907 3.453722 1.475324 1.000000 1.000000 1.000000 1.000000
v 2.349952 4.644253 1.324916 1.000000 1.000000 1.000000 1.000000
v 2.648350 2.167181 1.442514 1.000000 1.000000 1.000000 1.000000
v 2.830896 3.365827 1.389024 1.000000 1.000000 1.000000 1.000000
v 2.692702 4.484822 1.154901 1.000000 1.000000 1.000000 1.000000
v 2.865118 3.782304 1.275882 1.000000 1.000000 1.000000 1.000000
v 2.069004 4.786857 1.491077 1.000000 1.000000 1.000000 1.000000
v 2.502653 4.661309 1.044654 1.000000 1.000000 1.000000 1.000000
v 2.770867 4.327028 1.194713 1.000000 1.000000 1.000000 1.000000
v 1.237307 5.723865 1.001758 1.000000 1.000000 1.000000 1.000000
v 2.663894 4.589451 1.115603 1.000000 1.000000 1.000000 1.000000
v 1.454217 5.468451 0.986340 1.000000 1.000000 1.000000 1.000000
v 2.374826 4.935351 0.943898 1.000000 1.000000 1.000000 1.000000
v 1.931831 5.086163 0.941882 1.000000 1.000000 1.000000 1.000000
v 2.140120 5.163323 0.833254 1.000000 1.000000 1.000000 1.000000
v 2.249041 5.151845 0.908550 1.000000 1.000000 1.000000 1.000000
v 1.832722 5.727758 0.743742 1.000000 1.000000 1.000000 1.000000
v 1.545828 5.832365 0.658030 1.000000 1.000000 1.000000 1.000000
v 1.755092 5.938758 0.823367 1.000000 1.000000 1.000000 1.000000
v 1.579284 5.706510 0.725541 1.000000 1.000000 1.000000 1.000000
v 2.204468 5.238726 0.957843 1.000000 1.000000 1.000000 1.000000
v 1.627843 5.492385 0.863465 1.000000 1.000000 1.000000 1.000000
v 1.072245 6.409291 0.708513 1.000000 1.000000 1.000000 1.000000
v 1.482251 5.997449 0.650869 1.000000 1.000000 1.000000 1.000000
v 1.103426 6.403893 0.659496 1.000000 1.000000 1.000000 1.000000
v 0.983631 6.635358 0.665986 1.000000 1.000000 1.000000 1.000000
v 1.034613 6.363812 0.776796 1.000000 1.000000 1.000000 1.000000
v 0.950521 6.643103 0.657480 1.000000 1.000000 1.000000 1.000000
v 0.883108 6.648326 0.709171 1.000000 1.000000 1.000000 1.000000
v 1.309212 6.445305 0.693220 1.000000 1.000000 1.000000 1.000000
v 1.163044 6.667086 0.715046 1.000000 1.000000 1.000000 1.000000
v 1.483968 6.287663 0.742713 1.000000 1.000000 1.000000 1.000000
v 1.316779 6.552695 0.708146 1.000000 1.000000 1.000000 1.000000
v 1.265842 6.675349 0.741767 1.000000 1.000000 1.000000 1.000000
v 1.305115 6.463141 0.769087 1.000000 1.000000 1.000000 1.000000
v 1.731172 5.931739 0.888738 1.000000 1.000000 1.000000 1.000000
v 1.492793 6.227430 0.829449 1.000000 1.000000 1.000000 1.000000
v 2.086737 5.268303 1.063116 1.000000 1.000000 1.000000 1.000000
v 1.431035 5.984185 0.971734 1.000000 1.000000 1.000000 1.000000
v 1.758785 5.534118 1.089259 1.000000 1.000000 1.000000 1.000000
v 2.212152 4.877993 1.342692 1.000000 1.000000 1.000000 1.000000
v 2.463273 4.637996 1.285886 1.000000 1.000000 1.000000 1.000000
v 1.291605 6.476081 0.797489 1.000000 1.000000 1.000000 1.000000
v 1.307539 6.639851 0.746685 1.000000 1.000000 1.000000 1.000000
v 1.392549 6.209844 0.929697 1.000000 1.000000 1.000000 1.000000
v 1.465835 6.657916 0.773246 1.000000 1.000000 1.000000 1.000000
v 2.042326 5.020259 1.402117 1.000000 1.000000 1.000000 1.000000
v 1.567685 6.040719 1.157138 1.000000 1.000000 1.000000 1.000000
v 1.450158 5.937706 1.037596 1.000000 1.000000 1.000000 1.000000
v 2.264637 4.679400 1.739669 1.000000 1.000000 1.000000 1.000000
v 1.563810 5.817531 1.183113 1.000000 1.000000 1.000000 1.000000
v 2.027263 5.047626 1.598932 1.000000 1.000000 1.000000 1.000000
v 1.838521 5.465601 1.427195 1.000000 1.000000 1.000000 1.000000
v 1.636169 6.128706 1.130867 1.000000 1.000000 1.000000 1.000000
v 1.606315 6.656054 0.768569 1.000000 1.000000 1.000000 1.000000
v 1.727007 6.019865 1.168165 1.000000 1.000000 1.000000 1.000000
v 2.198752 4.891656 1.701007 1.000000 1.000000 1.000000 1.000000
v 1.737184 6.214679 0.943065 1.000000 1.000000 1.000000 1.000000
v 1.997577 5.382585 1.422262 1.000000 1.000000 1.000000 1.000000
v 1.759811 6.261319 0.890158 1.000000 1.000000 1.000000 1.000000
v 1.700958 6.647694 0.755681 1.000000 1.000000 1.000000 1.000000
v 2.258148 4.972345 1.607600 1.000000 1.000000 1.000000 1.000000
v 2.279039 4.696013 1.755665 1.000000 1.000000 1.000000 1.000000
v 1.856085 6.041903 0.989767 1.000000 1.000000 1.000000 1.000000
v 2.331855 4.566339 1.745355 1.000000 1.000000 1.000000 1.000000
v 1.905173 6.226688 0.979091 1.000000 1.000000 1.000000 1.000000
v 2.380243 4.586691 1.434916 1.000000 1.000000 1.000000 1.000000
v 2.205188 5.420242 1.350196 1.000000 1.000000 1.000000 1.000000
v 1.950710 6.340144 0.954586 1.000000 1.000000 1.000000 1.000000
v 1.886821 6.648152 0.711023 1.000000 1.000000 1.000000 1.000000
v 2.306877 5.286489 1.399429 1.000000 1.000000 1.000000 1.000000
v 2.143936 5.973737 1.077606 1.000000 1.000000 1.000000 1.000000
v 1.934959 6.656842 0.665167 1.000000 1.000000 1.000000 1.000000
v 2.397920 4.645605 1.769350 1.000000 1.000000 1.000000 1.000000
v 2.398408 5.053320 1.473580 1.000000 1.000000 1.000000 1.000000
v 2.443304 4.322901 1.877663 1.000000 1.000000 1.000000 1.000000
v 2.583826 3.917838 1.878316 1.000000 1.000000 1.000000 1.000000
v 2.411072 4.315805 1.858129 1.000000 1.000000 1.000000 1.000000
v 2.550065 3.608973 1.948380 1.000000 1.000000 1.000000 1.000000
v 2.540666 3.430094 1.861931 1.000000 1.000000 1.000000 1.000000
v 2.571509 3.707265 1.946333 1.000000 1.000000 1.000000 1.000000
v 2.623543 3.526477 1.577511 1.000000 1.000000 1.000000 1.000000
v 2.552055 2.609110 1.937641 1.000000 1.000000 1.000000 1.000000
v 2.566642 3.086623 1.759769 1.000000 1.000000 1.000000 1.000000
v 2.709195 2.877639 1.603238 1.000000 1.000000 1.000000 1.000000
v 2.592256 3.153499 1.992516 1.000000 1.000000 1.000000 1.000000
v 2.564989 2.018305 1.788896 1.000000 1.000000 1.000000 1.000000
v 2.676981 2.156969 1.983236 1.000000 1.000000 1.000000 1.000000
v 2.785439 3.268014 1.492144 1.000000 1.000000 1.000000 1.000000
v 2.733248 0.650875 1.882980 1.000000 1.000000 1.000000 1.000000
v 2.702192 2.513212 1.968551 1.000000 1.000000 1.000000 1.000000
v 2.650674 0.968049 1.855073 1.000000 1.000000 1.000000 1.000000
v 2.689745 3.007020 1.928192 1.000000 1.000000 1.000000 1.000000
v 2.761897 0.910641 1.900007 1.000000 1.000000 1.000000 1.000000
v 2.768567 1.902861 1.894067 1.000000 1.000000 1.000000 1.000000
v 2.623035 3.422861 1.825660 1.000000 1.000000 1.000000 1.000000
v 2.793224 0.821851 1.866779 1.000000 1.000000 1.000000 1.000000
v 2.471210 4.571526 1.598300 1.000000 1.000000 1.000000 1.000000
v 2.810881 1.501822 1.717962 1.000000 1.000000 1.000000 1.000000
v 2.761108 0.605933 1.863150 1.000000 1.000000 1.000000 1.000000
v 2.778776 0.962862 1.454284 1.000000 1.000000 1.000000 1.000000
v 2.818753 0.408175 1.906859 1.000000 1.000000 1.000000 1.000000
v 2.782933 0.419132 1.866292 1.000000 1.000000 1.000000 1.000000
v 2.835021 0.399846 1.867024 1.000000 1.000000 1.000000 1.000000
v 3.105019 0.034000 1.843436 1.000000 1.000000 1.000000 1.000000
v 3.085658 0.023360 1.828553 1.000000 1.000000 1.000000 1.000000
v 3.110790 0.040337 1.812058 1.000000 1.000000 1.000000 1.000000
v 2.838724 0.190923 1.692772 1.000000 1.000000 1.000000 1.000000
v 2.820577 0.463931 1.824724 1.000000 1.000000 1.000000 1.000000
v 2.915926 0.025535 1.218700 1.000000 1.000000 1.000000 1.000000
v 2.965638 0.029526 1.462648 1.000000 1.000000 1.000000 1.000000
v 2.770514 0.412150 1.450392 1.000000 1.000000 1.000000 1.000000
v 2.802562 0.500747 1.297101 1.000000 1.000000 1.000000 1.000000
v 2.887518 0.237232 1.234871 1.000000 1.000000 1.000000 1.000000
v 2.943054 0.028115 1.174938 1.000000 1.000000 1.000000 1.000000
v 2.857444 1.711985 1.310397 1.000000 1.000000 1.000000 1.000000
v 2.905525 1.789814 1.228189 1.000000 1.000000 1.000000 1.000000
v 2.990313 0.284835 1.247667 1.000000 1.000000 1.000000 1.000000
v 3.053501 0.045315 1.315820 1.000000 1.000000 1.000000 1.000000
v 2.970732 1.621585 1.213899 1.000000 1.000000 1.000000 1.000000
v 3.028971 1.777719 1.247421 1.000000 1.000000 1.000000 1.000000
v 3.065176 2.025153 1.316177 1.000000 1.000000 1.000000 1.000000
v 3.052023 0.055979 1.421001 1.000000 1.000000 1.000000 1.000000
v 3.085947 2.481467 1.243409 1.000000 1.000000 1.000000 1.000000
v 3.096705 2.725380 1.299649 1.000000 1.000000 1.000000 1.000000
v 3.075458 3.049620 1.283261 1.000000 1.000000 1.000000 1.000000
v 3.100131 3.629029 1.329553 1.000000 1.000000 1.000000 1.000000
v 3.080316 3.169823 1.369746 1.000000 1.000000 1.000000 1.000000
v 3.025309 1.336333 1.419349 1.000000 1.000000 1.000000 1.000000
v 2.980971 0.488835 1.550593 1.000000 1.000000 1.000000 1.000000
v 3.045036 0.101636 1.684851 1.000000 1.000000 1.000000 1.000000
v 2.889617 1.179997 1.750341 1.000000 1.000000 1.000000 1.000000
v 2.906818 1.711920 1.534374 1.000000 1.000000 1.000000 1.000000
v 3.095593 3.631234 1.340503 1.000000 1.000000 1.000000 1.000000
v 3.021595 3.219935 1.428213 1.000000 1.000000 1.000000 1.000000
v 3.041846 3.856793 1.359797 1.000000 1.000000 1.000000 1.000000
v 2.728808 2.914090 1.661784 1.000000 1.000000 1.000000 1.000000
v 2.690776 3.037665 1.716864 1.000000 1.000000 1.000000 1.000000
v 2.732735 2.652464 1.792440 1.000000 1.000000 1.000000 1.000000
v 2.692882 3.224557 1.773907 1.000000 1.000000 1.000000 1.000000
v 2.797998 3.395031 1.533123 1.000000 1.000000 1.000000 1.000000
v 2.640267 3.753659 1.563782 1.000000 1.000000 1.000000 1.000000
v 2.550168 4.130270 1.559033 1.000000 1.000000 1.000000 1.000000
v 2.644064 3.676981 1.728245 1.000000 1.000000 1.000000 1.000000
v 2.555708 4.527946 1.338770 1.000000 1.000000 1.000000 1.000000
v 2.469948 4.573393 1.480274 1.000000 1.000000 1.000000 1.000000
v 2.515842 5.080225 1.395421 1.000000 1.000000 1.000000 1.000000
v 2.447190 4.718189 1.356600 1.000000 1.000000 1.000000 1.000000
v 2.368675 5.403348 1.217383 1.000000 1.000000 1.000000 1.000000
v 2.495634 5.819960 1.200060 1.000000 1.000000 1.000000 1.000000
v 2.484886 6.326660 1.012715 1.000000 1.000000 1.000000 1.000000
v 2.475033 6.662571 0.763159 1.000000 1.000000 1.000000 1.000000
v 2.300708 5.736786 0.949983 1.000000 1.000000 1.000000 1.000000
v 2.333847 5.799635 0.988282 1.000000 1.000000 1.000000 1.000000
v 2.443203 6.651791 0.734118 1.000000 1.000000 1.000000 1.000000
v 2.332611 6.639744 0.696004 1.000000 1.000000 1.000000 1.000000
v 2.289770 6.348887 0.758597 1.000000 1.000000 1.000000 1.000000
v 2.335286 6.622155 0.617708 1.000000 1.000000 1.000000 1.000000
v 2.374029 5.353430 1.028577 1.000000 1.000000 1.000000 1.000000
v 2.293949 6.157115 0.755680 1.000000 1.000000 1.000000 1.000000
v 2.463729 5.853405 0.783721 1.000000 1.000000 1.000000 1.000000
v 2.919086 4.495697 1.227700 1.000000 1.000000 1.000000 1.000000
v 2.376970 6.424245 0.553572 1.000000 1.000000 1.000000 1.000000
v 2.947707 4.511026 1.205375 1.000000 1.000000 1.000000 1.000000
v 2.793597 4.987905 1.001995 1.000000 1.000000 1.000000 1.000000
v 2.947553 4.518971 1.180480 1.000000 1.000000 1.000000 1.000000
v 2.380549 6.399213 0.526201 1.000000 1.000000 1.000000 1.000000
v 2.279459 6.599760 0.550073 1.000000 1.000000 1.000000 1.000000
v 2.528183 5.994390 0.666714 1.000000 1.000000 1.000000 1.000000
v 2.379375 6.225780 0.542889 1.000000 1.000000 1.000000 1.000000
v 2.125027 6.610469 0.613528 1.000000 1.000000 1.000000 1.000000
v 2.699315 5.220485 0.860773 1.000000 1.000000 1.000000 1.000000
v 2.524612 5.882706 0.670293 1.000000 1.000000 1.000000 1.000000
v 2.307959 6.170058 0.608301 1.000000 1.000000 1.000000 1.000000
v 2.202708 6.296029 0.689868 1.000000 1.000000 1.000000 1.000000
v 2.047902 6.629712 0.648657 1.000000 1.000000 1.000000 1.000000
v 2.507374 5.635180 0.722213 1.000000 1.000000 1.000000 1.000000
v 2.159878 6.170151 0.682864 1.000000 1.000000 1.000000 1.000000
v 2.034086 6.195140 0.654345 1.000000 1.000000 1.000000 1.000000
v 2.303685 5.654190 0.699475 1.000000 1.000000 1.000000 1.000000
v 2.648039 5.006472 0.868774 1.000000 1.000000 1.000000 1.000000
v 2.088525 5.946418 0.707563 1.000000 1.000000 1.000000 1.000000
v 2.925229 4.425212 1.200906 1.000000 1.000000 1.000000 1.000000
v 2.313588 5.384190 0.807064 1.000000 1.000000 1.000000 1.000000
v 3.076885 3.638943 1.317392 1.000000 1.000000 1.000000 1.000000
v 2.288087 5.152049 1.035613 1.000000 1.000000 1.000000 1.000000
v 3.030629 3.238254 1.321853 1.000000 1.000000 1.000000 1.000000
v 2.998575 3.941793 1.294710 1.000000 1.000000 1.000000 1.000000
v 2.698647 4.638105 1.156867 1.000000 1.000000 1.000000 1.000000
v 2.901224 2.398173 1.381983 1.000000 1.000000 1.000000 1.000000
v 2.917054 3.169364 1.466341 1.000000 1.000000 1.000000 1.000000
v 2.761905 2.243081 1.592021 1.000000 1.000000 1.000000 1.000000
v 2.808226 1.679993 1.561651 1.000000 1.000000 1.000000 1.000000
v 2.661980 2.862447 1.704614 1.000000 1.000000 1.000000 1.000000
v 2.762021 3.141246 1.573358 1.000000 1.000000 1.000000 1.000000
v 2.821520 3.793798 1.405547 1.000000 1.000000 1.000000 1.000000
v 2.528299 4.642708 1.280703 1.000000 1.000000 1.000000 1.000000
v 2.646884 3.629125 1.548015 1.000000 1.000000 1.000000 1.000000
v 2.414320 4.751706 1.314793 1.000000 1.000000 1.000000 1.000000
v 2.594212 3.545319 1.706467 1.000000 1.000000 1.000000 1.000000
v 2.410796 4.647986 1.447313 1.000000 1.000000 1.000000 1.000000
v 2.183081 5.510936 0.944120 1.000000 1.000000 1.000000 1.000000
v 2.229996 5.594923 1.052197 1.000000 1.000000 1.000000 1.000000
v 1.993180 6.456985 0.682630 1.000000 1.000000 1.000000 1.000000
v -2.228590 0.026937 1.092478 1.000000 1.000000 1.000000 1.000000
v -2.796354 0.020867 1.564174 1.000000 1.000000 1.000000 1.000000
v -2.551911 0.014800 0.870738 1.000000 1.000000 1.000000 1.000000
v -2.705633 0.061319 1.923731 1.000000 1.000000 1.000000 1.000000
v -3.125888 0.048781 2.528048 1.000000 1.000000 1.000000 1.000000
v -2.353264 0.150313 1.623123 1.000000 1.000000 1.000000 1.000000
v -2.144109 0.107081 1.152090 1.000000 1.000000 1.000000 1.000000
v -2.968431 0.169069 2.584078 1.000000 1.000000 1.000000 1.000000
v -3.124160 0.014707 2.628206 1.000000 1.000000 1.000000 1.000000
v -2.267723 0.247678 1.532432 1.000000 1.000000 1.000000 1.000000
v -2.166765 0.267294 1.164004 1.000000 1.000000 1.000000 1.000000
v -2.968810 0.267204 2.589564 1.000000 1.000000 1.000000 1.000000
v -3.169074 0.022519 2.597760 1.000000 1.000000 1.000000 1.000000
v -2.390568 0.593372 1.607907 1.000000 1.000000 1.000000 1.000000
v -2.478003 1.085602 1.174195 1.000000 1.000000 1.000000 1.000000
v -2.384393 0.577701 1.903215 1.000000 1.000000 1.000000 1.000000
v -2.652306 1.840799 1.199805 1.000000 1.000000 1.000000 1.000000
v -2.456419 0.438362 2.049296 1.000000 1.000000 1.000000 1.000000
v -2.856834 0.311295 2.579796 1.000000 1.000000 1.000000 1.000000
v -2.466208 1.599760 1.947321 1.000000 1.000000 1.000000 1.000000
v -2.831064 0.566649 2.602985 1.000000 1.000000 1.000000 1.000000
v -2.570897 2.112568 1.583479 1.000000 1.000000 1.000000 1.000000
v -2.778565 2.671109 1.248343 1.000000 1.000000 1.000000 1.000000
v -2.440205 1.236825 2.115287 1.000000 1.000000 1.000000 1.000000
v -2.548536 2.760504 1.715394 1.000000 1.000000 1.000000 1.000000
v -2.844816 3.211186 1.288960 1.000000 1.000000 1.000000 1.000000
v -2.462376 2.767087 1.982502 1.000000 1.000000 1.000000 1.000000
v -2.642975 3.437270 1.489066 1.000000 1.000000 1.000000 1.000000
v -2.842738 3.584611 1.306769 1.000000 1.000000 1.000000 1.000000
v -2.505072 3.533945 1.681222 1.000000 1.000000 1.000000 1.000000
v -2.437595 4.338845 1.358346 1.000000 1.000000 1.000000 1.000000
v -2.619283 4.365758 1.193505 1.000000 1.000000 1.000000 1.000000
v -2.493951 4.582328 1.127272 1.000000 1.000000 1.000000 1.000000
v -2.332813 4.517344 1.450781 1.000000 1.000000 1.000000 1.000000
v -2.292120 4.732204 1.053347 1.000000 1.000000 1.000000 1.000000
v -2.247552 4.586235 1.528404 1.000000 1.000000 1.000000 1.000000
v -1.327391 5.584545 0.822723 1.000000 1.000000 1.000000 1.000000
v -2.260656 4.571851 1.867735 1.000000 1.000000 1.000000 1.000000
v -2.454178 3.628237 1.994850 1.000000 1.000000 1.000000 1.000000
v -2.485755 2.176766 2.217748 1.000000 1.000000 1.000000 1.000000
v -2.515735 3.695539 2.177797 1.000000 1.000000 1.000000 1.000000
v -2.522180 1.433635 2.295448 1.000000 1.000000 1.000000 1.000000
v -2.531126 3.169583 2.275453 1.000000 1.000000 1.000000 1.000000
v -2.727317 0.731405 2.512923 1.000000 1.000000 1.000000 1.000000
v -2.655424 1.911227 2.425805 1.000000 1.000000 1.000000 1.000000
v -2.549759 3.815125 2.220406 1.000000 1.000000 1.000000 1.000000
v -2.836221 1.218843 2.530779 1.000000 1.000000 1.000000 1.000000
v -2.341316 4.545845 2.033844 1.000000 1.000000 1.000000 1.000000
v -2.535737 4.074355 2.170955 1.000000 1.000000 1.000000 1.000000
v -2.890935 0.539874 2.592609 1.000000 1.000000 1.000000 1.000000
v -2.875910 1.615497 2.444816 1.000000 1.000000 1.000000 1.000000
v -2.978275 0.372525 2.549243 1.000000 1.000000 1.000000 1.000000
v -3.175022 0.024026 2.488509 1.000000 1.000000 1.000000 1.000000
v -2.954643 0.734488 2.502707 1.000000 1.000000 1.000000 1.000000
v -3.000337 0.331055 2.355693 1.000000 1.000000 1.000000 1.000000
v -2.957537 0.158522 2.231977 1.000000 1.000000 1.000000 1.000000
v -2.940968 0.845280 2.400260 1.000000 1.000000 1.000000 1.000000
v -2.845391 0.125812 2.010742 1.000000 1.000000 1.000000 1.000000
v -2.759371 0.010756 1.210773 1.000000 1.000000 1.000000 1.000000
v -2.719875 0.514076 2.024190 1.000000 1.000000 1.000000 1.000000
v -2.610404 0.153308 1.289252 1.000000 1.000000 1.000000 1.000000
v -2.754999 0.020480 1.156124 1.000000 1.000000 1.000000 1.000000
v -2.676434 0.320723 1.816510 1.000000 1.000000 1.000000 1.000000
v -2.780054 0.932923 2.048821 1.000000 1.000000 1.000000 1.000000
v -2.592561 1.266872 1.879856 1.000000 1.000000 1.000000 1.000000
v -2.904277 1.602651 2.194301 1.000000 1.000000 1.000000 1.000000
v -2.626621 1.519995 1.963982 1.000000 1.000000 1.000000 1.000000
v -2.804911 2.240507 2.102388 1.000000 1.000000 1.000000 1.000000
v -2.906950 1.959398 2.260995 1.000000 1.000000 1.000000 1.000000
v -2.768463 2.999490 2.126497 1.000000 1.000000 1.000000 1.000000
v -2.842383 2.425390 2.292786 1.000000 1.000000 1.000000 1.000000
v -2.618075 3.825145 2.105344 1.000000 1.000000 1.000000 1.000000
v -2.565289 4.005049 2.158535 1.000000 1.000000 1.000000 1.000000
v -2.699668 3.204293 2.068544 1.000000 1.000000 1.000000 1.000000
v -2.310547 4.671527 2.003630 1.000000 1.000000 1.000000 1.000000
v -2.601263 2.529648 2.023992 1.000000 1.000000 1.000000 1.000000
v -2.473829 4.174127 2.002002 1.000000 1.000000 1.000000 1.000000
v -2.492310 3.615100 1.991488 1.000000 1.000000 1.000000 1.000000
v -2.336700 4.689742 1.942710 1.000000 1.000000 1.000000 1.000000
v -2.545291 1.602807 1.816376 1.000000 1.000000 1.000000 1.000000
v -2.337063 4.407604 1.868436 1.000000 1.000000 1.000000 1.000000
v -2.576854 0.349599 1.403735 1.000000 1.000000 1.000000 1.000000
v -2.275804 4.688782 1.845673 1.000000 1.000000 1.000000 1.000000
v -2.580608 0.246093 1.274389 1.000000 1.000000 1.000000 1.000000
v -0.928180 6.398117 0.995965 1.000000 1.000000 1.000000 1.000000
v -2.570653 0.878397 1.309820 1.000000 1.000000 1.000000 1.000000
v -2.624353 0.212571 1.293357 1.000000 1.000000 1.000000 1.000000
v -2.637571 1.502916 1.284967 1.000000 1.000000 1.000000 1.000000
v -2.660770 0.139241 1.262552 1.000000 1.000000 1.000000 1.000000
v -2.810680 0.049604 1.181047 1.000000 1.000000 1.000000 1.000000
v -2.965633 0.029525 1.462637 1.000000 1.000000 1.000000 1.000000
v -2.639413 0.678248 1.250317 1.000000 1.000000 1.000000 1.000000
v -2.782548 0.174391 1.402595 1.000000 1.000000 1.000000 1.000000
v -2.675992 0.467766 1.275230 1.000000 1.000000 1.000000 1.000000
v -2.838723 0.190916 1.692749 1.000000 1.000000 1.000000 1.000000
v -3.085658 0.023360 1.828552 1.000000 1.000000 1.000000 1.000000
v -2.801144 1.966691 1.288118 1.000000 1.000000 1.000000 1.000000
v -2.783619 0.418055 1.866719 1.000000 1.000000 1.000000 1.000000
v -3.104935 0.033928 1.843422 1.000000 1.000000 1.000000 1.000000
v -2.703696 0.458539 1.578362 1.000000 1.000000 1.000000 1.000000
v -2.711851 0.617821 1.336107 1.000000 1.000000 1.000000 1.000000
v -2.751419 1.978599 1.274949 1.000000 1.000000 1.000000 1.000000
v -2.871733 2.586311 1.330888 1.000000 1.000000 1.000000 1.000000
v -2.647708 0.931419 1.627424 1.000000 1.000000 1.000000 1.000000
v -2.901249 3.028583 1.318947 1.000000 1.000000 1.000000 1.000000
v -2.652802 0.898189 1.841989 1.000000 1.000000 1.000000 1.000000
v -2.899122 3.232490 1.324882 1.000000 1.000000 1.000000 1.000000
v -2.935079 3.282335 1.348166 1.000000 1.000000 1.000000 1.000000
v -2.823828 2.214331 1.416422 1.000000 1.000000 1.000000 1.000000
v -2.701264 1.416206 1.517086 1.000000 1.000000 1.000000 1.000000
v -2.877202 2.986524 1.454051 1.000000 1.000000 1.000000 1.000000
v -2.587971 2.046679 1.732097 1.000000 1.000000 1.000000 1.000000
v -2.922875 3.504352 1.337257 1.000000 1.000000 1.000000 1.000000
v -2.755531 3.139675 1.542498 1.000000 1.000000 1.000000 1.000000
v -2.543622 2.404835 1.893966 1.000000 1.000000 1.000000 1.000000
v -2.566649 3.086198 1.759798 1.000000 1.000000 1.000000 1.000000
v -2.623579 3.526350 1.577507 1.000000 1.000000 1.000000 1.000000
v -2.538645 3.442869 1.855278 1.000000 1.000000 1.000000 1.000000
v -2.562685 2.495821 1.952307 1.000000 1.000000 1.000000 1.000000
v -2.543415 3.504073 1.952425 1.000000 1.000000 1.000000 1.000000
v -2.734998 0.648570 1.885786 1.000000 1.000000 1.000000 1.000000
v -2.572015 3.441333 1.983202 1.000000 1.000000 1.000000 1.000000
v -2.450208 4.040358 1.899789 1.000000 1.000000 1.000000 1.000000
v -2.818753 0.408175 1.906859 1.000000 1.000000 1.000000 1.000000
v -2.835021 0.399845 1.867024 1.000000 1.000000 1.000000 1.000000
v -3.110791 0.040337 1.812061 1.000000 1.000000 1.000000 1.000000
v -2.758649 0.601790 1.862760 1.000000 1.000000 1.000000 1.000000
v -2.820590 0.463912 1.824729 1.000000 1.000000 1.000000 1.000000
v -2.915923 0.025535 1.218695 1.000000 1.000000 1.000000 1.000000
v -2.770519 0.412156 1.450476 1.000000 1.000000 1.000000 1.000000
v -2.763863 0.938381 1.900853 1.000000 1.000000 1.000000 1.000000
v -2.802538 0.500778 1.297140 1.000000 1.000000 1.000000 1.000000
v -2.778752 0.962528 1.454367 1.000000 1.000000 1.000000 1.000000
v -2.793429 0.820228 1.866647 1.000000 1.000000 1.000000 1.000000
v -2.887518 0.237217 1.234871 1.000000 1.000000 1.000000 1.000000
v -2.943050 0.028114 1.174935 1.000000 1.000000 1.000000 1.000000
v -2.857433 1.711813 1.310411 1.000000 1.000000 1.000000 1.000000
v -2.990328 0.284676 1.247673 1.000000 1.000000 1.000000 1.000000
v -3.053501 0.045314 1.315817 1.000000 1.000000 1.000000 1.000000
v -2.905489 1.789367 1.228183 1.000000 1.000000 1.000000 1.000000
v -2.970688 1.620532 1.213913 1.000000 1.000000 1.000000 1.000000
v -3.028968 1.777407 1.247418 1.000000 1.000000 1.000000 1.000000
v -3.065159 2.024005 1.316191 1.000000 1.000000 1.000000 1.000000
v -3.052025 0.055977 1.420994 1.000000 1.000000 1.000000 1.000000
v -3.085947 2.481467 1.243409 1.000000 1.000000 1.000000 1.000000
v -3.025309 1.335090 1.419382 1.000000 1.000000 1.000000 1.000000
v -3.075421 3.049280 1.283221 1.000000 1.000000 1.000000 1.000000
v -3.096728 2.725681 1.299660 1.000000 1.000000 1.000000 1.000000
v -3.100127 3.629007 1.329557 1.000000 1.000000 1.000000 1.000000
v -3.080302 3.169232 1.369744 1.000000 1.000000 1.000000 1.000000
v -3.095608 3.631160 1.340511 1.000000 1.000000 1.000000 1.000000
v -2.981065 0.488179 1.550518 1.000000 1.000000 1.000000 1.000000
v -3.045039 0.101637 1.684850 1.000000 1.000000 1.000000 1.000000
v -2.889647 1.179766 1.750330 1.000000 1.000000 1.000000 1.000000
v -2.906970 1.710427 1.534271 1.000000 1.000000 1.000000 1.000000
v -2.690800 3.037436 1.716866 1.000000 1.000000 1.000000 1.000000
v -2.732734 2.652404 1.792440 1.000000 1.000000 1.000000 1.000000
v -2.692882 3.224557 1.773907 1.000000 1.000000 1.000000 1.000000
v -2.728845 2.913878 1.661761 1.000000 1.000000 1.000000 1.000000
v -3.021659 3.219831 1.428167 1.000000 1.000000 1.000000 1.000000
v -3.041880 3.856530 1.359824 1.000000 1.000000 1.000000 1.000000
v -2.798090 3.394695 1.533151 1.000000 1.000000 1.000000 1.000000
v -2.640339 3.753244 1.563843 1.000000 1.000000 1.000000 1.000000
v -2.550200 4.130079 1.559075 1.000000 1.000000 1.000000 1.000000
v -2.644064 3.676962 1.728248 1.000000 1.000000 1.000000 1.000000
v -2.555757 4.527781 1.338816 1.000000 1.000000 1.000000 1.000000
v -2.469969 4.573267 1.480311 1.000000 1.000000 1.000000 1.000000
v -2.515845 5.080173 1.395435 1.000000 1.000000 1.000000 1.000000
v -2.447222 4.718064 1.356642 1.000000 1.000000 1.000000 1.000000
v -2.368673 5.403302 1.217398 1.000000 1.000000 1.000000 1.000000
v -2.495633 5.819952 1.200064 1.000000 1.000000 1.000000 1.000000
v -2.484887 6.326660 1.012715 1.000000 1.000000 1.000000 1.000000
v -2.475033 6.662571 0.763159 1.000000 1.000000 1.000000 1.000000
v -2.300724 5.736671 0.950027 1.000000 1.000000 1.000000 1.000000
v -2.333845 5.799612 0.988292 1.000000 1.000000 1.000000 1.000000
v -2.443202 6.651790 0.734118 1.000000 1.000000 1.000000 1.000000
v -2.332608 6.639744 0.696003 1.000000 1.000000 1.000000 1.000000
v -2.289768 6.348872 0.758601 1.000000 1.000000 1.000000 1.000000
v -2.335287 6.622155 0.617708 1.000000 1.000000 1.000000 1.000000
v -2.374046 5.353283 1.028630 1.000000 1.000000 1.000000 1.000000
v -2.293954 6.157064 0.755691 1.000000 1.000000 1.000000 1.000000
v -2.463830 5.853160 0.783787 1.000000 1.000000 1.000000 1.000000
v -2.919169 4.495407 1.227786 1.000000 1.000000 1.000000 1.000000
v -2.376971 6.424240 0.553575 1.000000 1.000000 1.000000 1.000000
v -2.947714 4.511001 1.205380 1.000000 1.000000 1.000000 1.000000
v -2.793616 4.987832 1.002019 1.000000 1.000000 1.000000 1.000000
v -2.947556 4.518961 1.180482 1.000000 1.000000 1.000000 1.000000
v -2.380549 6.399209 0.526203 1.000000 1.000000 1.000000 1.000000
v -2.279459 6.599760 0.550072 1.000000 1.000000 1.000000 1.000000
v -2.528184 5.994385 0.666714 1.000000 1.000000 1.000000 1.000000
v -2.379376 6.225772 0.542890 1.000000 1.000000 1.000000 1.000000
v -2.125027 6.610469 0.613529 1.000000 1.000000 1.000000 1.000000
v -2.699334 5.220421 0.860792 1.000000 1.000000 1.000000 1.000000
v -2.524617 5.882690 0.670297 1.000000 1.000000 1.000000 1.000000
v -2.307961 6.170053 0.608303 1.000000 1.000000 1.000000 1.000000
v -2.202709 6.296024 0.689869 1.000000 1.000000 1.000000 1.000000
v -2.047901 6.629713 0.648659 1.000000 1.000000 1.000000 1.000000
v -2.507376 5.635167 0.722214 1.000000 1.000000 1.000000 1.000000
v -2.159882 6.170135 0.682864 1.000000 1.000000 1.000000 1.000000
v -2.013380 6.347404 0.648898 1.000000 1.000000 1.000000 1.000000
v -1.951713 6.657872 0.670114 1.000000 1.000000 1.000000 1.000000
v -2.303689 5.654170 0.699477 1.000000 1.000000 1.000000 1.000000
v -2.117623 5.969012 0.667122 1.000000 1.000000 1.000000 1.000000
v -2.648066 5.006409 0.868798 1.000000 1.000000 1.000000 1.000000
v -2.135008 5.795350 0.737170 1.000000 1.000000 1.000000 1.000000
v -2.313598 5.384154 0.807081 1.000000 1.000000 1.000000 1.000000
v -2.925233 4.425193 1.200909 1.000000 1.000000 1.000000 1.000000
v -2.288080 5.152133 1.035572 1.000000 1.000000 1.000000 1.000000
v -3.076891 3.638863 1.317405 1.000000 1.000000 1.000000 1.000000
v -2.698648 4.638093 1.156877 1.000000 1.000000 1.000000 1.000000
v -3.030620 3.238125 1.321848 1.000000 1.000000 1.000000 1.000000
v -2.998592 3.941714 1.294725 1.000000 1.000000 1.000000 1.000000
v -2.901159 2.397881 1.382035 1.000000 1.000000 1.000000 1.000000
v -2.916984 3.169026 1.466419 1.000000 1.000000 1.000000 1.000000
v -2.528312 4.642621 1.280730 1.000000 1.000000 1.000000 1.000000
v -2.761920 2.243658 1.592245 1.000000 1.000000 1.000000 1.000000
v -2.821534 3.793629 1.405582 1.000000 1.000000 1.000000 1.000000
v -2.762011 3.141119 1.573382 1.000000 1.000000 1.000000 1.000000
v -2.414078 4.754615 1.311767 1.000000 1.000000 1.000000 1.000000
v -2.646925 3.628806 1.548090 1.000000 1.000000 1.000000 1.000000
v -2.647570 3.014017 1.724500 1.000000 1.000000 1.000000 1.000000
v -2.808227 1.679952 1.561676 1.000000 1.000000 1.000000 1.000000
v -2.810884 1.501723 1.718068 1.000000 1.000000 1.000000 1.000000
v -2.530424 3.880726 1.626746 1.000000 1.000000 1.000000 1.000000
v -2.680072 2.794838 1.815425 1.000000 1.000000 1.000000 1.000000
v -2.778862 1.772574 1.896873 1.000000 1.000000 1.000000 1.000000
v -2.691661 2.736146 1.962089 1.000000 1.000000 1.000000 1.000000
v -2.639061 3.433971 1.856097 1.000000 1.000000 1.000000 1.000000
v -2.409278 4.646048 1.448940 1.000000 1.000000 1.000000 1.000000
v -2.651078 2.678238 1.993644 1.000000 1.000000 1.000000 1.000000
v -2.596937 3.572953 1.945000 1.000000 1.000000 1.000000 1.000000
v -2.500898 4.016453 1.945826 1.000000 1.000000 1.000000 1.000000
v -2.567304 4.120092 1.774666 1.000000 1.000000 1.000000 1.000000
v -2.548166 4.160623 1.838759 1.000000 1.000000 1.000000 1.000000
v -2.471244 4.571348 1.598373 1.000000 1.000000 1.000000 1.000000
v -2.394580 5.056409 1.473108 1.000000 1.000000 1.000000 1.000000
v -2.410422 4.501836 1.823635 1.000000 1.000000 1.000000 1.000000
v -2.390061 4.406255 1.852231 1.000000 1.000000 1.000000 1.000000
v -2.331861 4.566309 1.745350 1.000000 1.000000 1.000000 1.000000
v -2.279045 4.696001 1.755669 1.000000 1.000000 1.000000 1.000000
v -2.380264 4.586666 1.434879 1.000000 1.000000 1.000000 1.000000
v -2.264647 4.679387 1.739671 1.000000 1.000000 1.000000 1.000000
v -2.464206 4.635469 1.286642 1.000000 1.000000 1.000000 1.000000
v -2.211964 4.878074 1.342704 1.000000 1.000000 1.000000 1.000000
v -2.891258 3.721529 1.328546 1.000000 1.000000 1.000000 1.000000
v -2.931916 3.492100 1.300843 1.000000 1.000000 1.000000 1.000000
v -2.890435 3.801377 1.286848 1.000000 1.000000 1.000000 1.000000
v -2.890638 3.723229 1.289812 1.000000 1.000000 1.000000 1.000000
v -2.740145 4.435500 1.190901 1.000000 1.000000 1.000000 1.000000
v -2.811680 4.161564 1.201288 1.000000 1.000000 1.000000 1.000000
v -2.204710 5.238375 0.957913 1.000000 1.000000 1.000000 1.000000
v -2.702354 4.517577 1.147553 1.000000 1.000000 1.000000 1.000000
v -2.677336 4.532294 1.127845 1.000000 1.000000 1.000000 1.000000
v -2.086905 5.268097 1.063143 1.000000 1.000000 1.000000 1.000000
v -2.249105 5.151752 0.908569 1.000000 1.000000 1.000000 1.000000
v -1.758933 5.533924 1.089308 1.000000 1.000000 1.000000 1.000000
v -2.374853 4.935315 0.943909 1.000000 1.000000 1.000000 1.000000
v -1.755092 5.938758 0.823367 1.000000 1.000000 1.000000 1.000000
v -1.731172 5.931739 0.888738 1.000000 1.000000 1.000000 1.000000
v -1.492843 6.227347 0.829475 1.000000 1.000000 1.000000 1.000000
v -1.316781 6.552692 0.708147 1.000000 1.000000 1.000000 1.000000
v -1.832757 5.727706 0.743749 1.000000 1.000000 1.000000 1.000000
v -1.483973 6.287654 0.742715 1.000000 1.000000 1.000000 1.000000
v -1.431026 5.984204 0.971719 1.000000 1.000000 1.000000 1.000000
v -1.305115 6.463141 0.769087 1.000000 1.000000 1.000000 1.000000
v -1.265842 6.675349 0.741766 1.000000 1.000000 1.000000 1.000000
v -1.291605 6.476081 0.797489 1.000000 1.000000 1.000000 1.000000
v -1.163043 6.667086 0.715046 1.000000 1.000000 1.000000 1.000000
v -1.309211 6.445303 0.693219 1.000000 1.000000 1.000000 1.000000
v -0.983632 6.635358 0.665986 1.000000 1.000000 1.000000 1.000000
v -1.482287 5.997406 0.650868 1.000000 1.000000 1.000000 1.000000
v -1.103428 6.403893 0.659493 1.000000 1.000000 1.000000 1.000000
v -2.140348 5.163035 0.833342 1.000000 1.000000 1.000000 1.000000
v -1.537457 5.838361 0.669061 1.000000 1.000000 1.000000 1.000000
v -1.072262 6.409288 0.708491 1.000000 1.000000 1.000000 1.000000
v -0.950521 6.643103 0.657480 1.000000 1.000000 1.000000 1.000000
v -1.797356 5.263622 0.884585 1.000000 1.000000 1.000000 1.000000
v -2.455557 4.741716 1.000337 1.000000 1.000000 1.000000 1.000000
v -1.042032 6.350512 0.778954 1.000000 1.000000 1.000000 1.000000
v -0.883107 6.648326 0.709171 1.000000 1.000000 1.000000 1.000000
v -2.660034 4.483073 1.163736 1.000000 1.000000 1.000000 1.000000
v -0.982488 6.306357 0.777178 1.000000 1.000000 1.000000 1.000000
v -0.781475 6.636932 0.715038 1.000000 1.000000 1.000000 1.000000
v -1.339412 5.699686 0.906417 1.000000 1.000000 1.000000 1.000000
v -1.025754 6.025861 0.868891 1.000000 1.000000 1.000000 1.000000
v -1.725765 5.223738 0.998656 1.000000 1.000000 1.000000 1.000000
v -2.418862 4.706264 1.044606 1.000000 1.000000 1.000000 1.000000
v -0.911050 6.174690 0.876355 1.000000 1.000000 1.000000 1.000000
v -0.719809 6.655175 0.732555 1.000000 1.000000 1.000000 1.000000
v -1.475862 5.425740 1.072452 1.000000 1.000000 1.000000 1.000000
v -2.118919 4.771695 1.383360 1.000000 1.000000 1.000000 1.000000
v -2.388704 4.604349 1.332993 1.000000 1.000000 1.000000 1.000000
v -2.254230 4.633260 1.738828 1.000000 1.000000 1.000000 1.000000
v -1.492057 5.467364 1.208083 1.000000 1.000000 1.000000 1.000000
v -0.847449 6.351323 0.877474 1.000000 1.000000 1.000000 1.000000
v -0.608993 6.690087 0.780172 1.000000 1.000000 1.000000 1.000000
v -1.268170 5.981843 1.306425 1.000000 1.000000 1.000000 1.000000
v -2.358755 4.419820 1.562126 1.000000 1.000000 1.000000 1.000000
v -2.498981 3.535907 1.837369 1.000000 1.000000 1.000000 1.000000
v -2.556992 3.533978 1.625005 1.000000 1.000000 1.000000 1.000000
v -2.498827 2.881163 1.876021 1.000000 1.000000 1.000000 1.000000
v -2.700011 3.270607 1.518958 1.000000 1.000000 1.000000 1.000000
v -2.604373 2.474046 1.637424 1.000000 1.000000 1.000000 1.000000
v -2.791101 3.066054 1.394239 1.000000 1.000000 1.000000 1.000000
v -0.963358 6.331983 1.084048 1.000000 1.000000 1.000000 1.000000
v -0.542126 6.689459 0.789734 1.000000 1.000000 1.000000 1.000000
v -1.156797 5.928651 1.353609 1.000000 1.000000 1.000000 1.000000
v -0.439718 6.677035 0.798268 1.000000 1.000000 1.000000 1.000000
v -1.887408 5.142600 1.804859 1.000000 1.000000 1.000000 1.000000
v -0.844289 6.143343 1.179250 1.000000 1.000000 1.000000 1.000000
v -0.375332 6.655279 0.767422 1.000000 1.000000 1.000000 1.000000
v -1.442790 5.529996 1.564365 1.000000 1.000000 1.000000 1.000000
v -2.173921 4.778082 1.938354 1.000000 1.000000 1.000000 1.000000
v -0.890993 6.019928 1.204836 1.000000 1.000000 1.000000 1.000000
v -1.708966 5.160887 1.664764 1.000000 1.000000 1.000000 1.000000
v -0.663752 6.172899 0.889808 1.000000 1.000000 1.000000 1.000000
v -0.322876 6.634005 0.657277 1.000000 1.000000 1.000000 1.000000
v -0.498337 6.452336 0.631090 1.000000 1.000000 1.000000 1.000000
v 2.228579 0.026941 1.092485 1.000000 1.000000 1.000000 1.000000
v 2.796515 0.020876 1.564634 1.000000 1.000000 1.000000 1.000000
v 2.551911 0.014800 0.870738 1.000000 1.000000 1.000000 1.000000
v 2.706239 0.061332 1.924655 1.000000 1.000000 1.000000 1.000000
v 3.125901 0.048779 2.528094 1.000000 1.000000 1.000000 1.000000
v 2.353469 0.150358 1.623532 1.000000 1.000000 1.000000 1.000000
v 2.144113 0.107074 1.152088 1.000000 1.000000 1.000000 1.000000
v 2.968436 0.169075 2.584091 1.000000 1.000000 1.000000 1.000000
v 3.124160 0.014707 2.628206 1.000000 1.000000 1.000000 1.000000
v 2.267766 0.247732 1.532585 1.000000 1.000000 1.000000 1.000000
v 2.166771 0.267309 1.164004 1.000000 1.000000 1.000000 1.000000
v 2.968813 0.267201 2.589567 1.000000 1.000000 1.000000 1.000000
v 3.169075 0.022520 2.597757 1.000000 1.000000 1.000000 1.000000
v 2.390592 0.593410 1.608010 1.000000 1.000000 1.000000 1.000000
v 2.478064 1.085798 1.174200 1.000000 1.000000 1.000000 1.000000
v 2.384417 0.577893 1.903358 1.000000 1.000000 1.000000 1.000000
v 2.652355 1.841146 1.199821 1.000000 1.000000 1.000000 1.000000
v 2.456522 0.438583 2.049561 1.000000 1.000000 1.000000 1.000000
v 2.856825 0.311324 2.579812 1.000000 1.000000 1.000000 1.000000
v 2.466230 1.600695 1.947461 1.000000 1.000000 1.000000 1.000000
v 2.831068 0.566629 2.602986 1.000000 1.000000 1.000000 1.000000
v 2.570825 2.113011 1.583784 1.000000 1.000000 1.000000 1.000000
v 2.778584 2.671266 1.248352 1.000000 1.000000 1.000000 1.000000
v 2.440289 1.238473 2.115531 1.000000 1.000000 1.000000 1.000000
v 2.548488 2.760742 1.715498 1.000000 1.000000 1.000000 1.000000
v 2.844813 3.211185 1.288958 1.000000 1.000000 1.000000 1.000000
v 2.462361 2.768835 1.982462 1.000000 1.000000 1.000000 1.000000
v 2.642938 3.437371 1.489077 1.000000 1.000000 1.000000 1.000000
v 2.842735 3.584622 1.306768 1.000000 1.000000 1.000000 1.000000
v 2.505034 3.534078 1.681248 1.000000 1.000000 1.000000 1.000000
v 2.437585 4.338840 1.358361 1.000000 1.000000 1.000000 1.000000
v 2.619282 4.365770 1.193506 1.000000 1.000000 1.000000 1.000000
v 2.493951 4.582328 1.127272 1.000000 1.000000 1.000000 1.000000
v 2.332817 4.517064 1.450978 1.000000 1.000000 1.000000 1.000000
v 2.294721 4.731094 1.054201 1.000000 1.000000 1.000000 1.000000
v 2.248077 4.584784 1.531346 1.000000 1.000000 1.000000 1.000000
v 1.333080 5.578184 0.824056 1.000000 1.000000 1.000000 1.000000
v 2.260501 4.572489 1.867426 1.000000 1.000000 1.000000 1.000000
v 2.454153 3.628607 1.994846 1.000000 1.000000 1.000000 1.000000
v 2.485790 2.178973 2.217770 1.000000 1.000000 1.000000 1.000000
v 2.515721 3.695682 2.177785 1.000000 1.000000 1.000000 1.000000
v 2.522209 1.434619 2.295531 1.000000 1.000000 1.000000 1.000000
v 2.531107 3.171004 2.275328 1.000000 1.000000 1.000000 1.000000
v 2.727306 0.731561 2.512922 1.000000 1.000000 1.000000 1.000000
v 2.655236 1.913224 2.425579 1.000000 1.000000 1.000000 1.000000
v 2.549766 3.815107 2.220404 1.000000 1.000000 1.000000 1.000000
v 2.836059 1.220487 2.530581 1.000000 1.000000 1.000000 1.000000
v 2.341323 4.545773 2.033862 1.000000 1.000000 1.000000 1.000000
v 2.534509 4.082159 2.170273 1.000000 1.000000 1.000000 1.000000
v 2.890937 0.539861 2.592619 1.000000 1.000000 1.000000 1.000000
v 2.875803 1.616491 2.444702 1.000000 1.000000 1.000000 1.000000
v 2.978273 0.372531 2.549239 1.000000 1.000000 1.000000 1.000000
v 3.175013 0.024031 2.488470 1.000000 1.000000 1.000000 1.000000
v 2.954653 0.734507 2.502714 1.000000 1.000000 1.000000 1.000000
v 3.000336 0.331044 2.355683 1.000000 1.000000 1.000000 1.000000
v 2.957727 0.158550 2.232238 1.000000 1.000000 1.000000 1.000000
v 2.940995 0.845468 2.400289 1.000000 1.000000 1.000000 1.000000
v 2.845201 0.125833 2.010331 1.000000 1.000000 1.000000 1.000000
v 2.759366 0.010753 1.210766 1.000000 1.000000 1.000000 1.000000
v 2.720454 0.514516 2.025556 1.000000 1.000000 1.000000 1.000000
v 2.611040 0.152921 1.291165 1.000000 1.000000 1.000000 1.000000
v 2.756130 0.021799 1.155922 1.000000 1.000000 1.000000 1.000000
v 2.681115 0.316113 1.823179 1.000000 1.000000 1.000000 1.000000
v 2.631004 0.206746 1.291272 1.000000 1.000000 1.000000 1.000000
v 2.566409 0.296743 1.292520 1.000000 1.000000 1.000000 1.000000
v 2.576504 1.230794 1.844866 1.000000 1.000000 1.000000 1.000000
v 2.660770 0.139240 1.262552 1.000000 1.000000 1.000000 1.000000
v 2.810681 0.049603 1.181048 1.000000 1.000000 1.000000 1.000000
v 2.965638 0.029526 1.462648 1.000000 1.000000 1.000000 1.000000
v 2.569407 0.870494 1.631211 1.000000 1.000000 1.000000 1.000000
v 2.788298 0.170656 1.408578 1.000000 1.000000 1.000000 1.000000
v 2.838724 0.190923 1.692772 1.000000 1.000000 1.000000 1.000000
v 3.085658 0.023360 1.828553 1.000000 1.000000 1.000000 1.000000
v 2.782933 0.419132 1.866292 1.000000 1.000000 1.000000 1.000000
v 3.105019 0.034000 1.843436 1.000000 1.000000 1.000000 1.000000
v 2.676246 0.568276 1.697938 1.000000 1.000000 1.000000 1.000000
v 2.675994 0.467784 1.275236 1.000000 1.000000 1.000000 1.000000
v 2.818753 0.408175 1.906859 1.000000 1.000000 1.000000 1.000000
v 2.711767 0.620802 1.334476 1.000000 1.000000 1.000000 1.000000
v 2.835021 0.399846 1.867024 1.000000 1.000000 1.000000 1.000000
v 3.110790 0.040337 1.812058 1.000000 1.000000 1.000000 1.000000
v 2.820577 0.463931 1.824724 1.000000 1.000000 1.000000 1.000000
v 2.915926 0.025535 1.218700 1.000000 1.000000 1.000000 1.000000
v 2.761108 0.605933 1.863150 1.000000 1.000000 1.000000 1.000000
v 2.770514 0.412150 1.450392 1.000000 1.000000 1.000000 1.000000
v 2.802562 0.500747 1.297101 1.000000 1.000000 1.000000 1.000000
v 2.778776 0.962862 1.454284 1.000000 1.000000 1.000000 1.000000
v 2.887518 0.237232 1.234871 1.000000 1.000000 1.000000 1.000000
v 2.943054 0.028115 1.174938 1.000000 1.000000 1.000000 1.000000
v 2.857444 1.711985 1.310397 1.000000 1.000000 1.000000 1.000000
v 2.990313 0.284835 1.247667 1.000000 1.000000 1.000000 1.000000
v 3.053501 0.045315 1.315820 1.000000 1.000000 1.000000 1.000000
v 2.905525 1.789814 1.228189 1.000000 1.000000 1.000000 1.000000
v 2.970732 1.621585 1.213899 1.000000 1.000000 1.000000 1.000000
v 3.028971 1.777719 1.247421 1.000000 1.000000 1.000000 1.000000
v 3.065176 2.025153 1.316177 1.000000 1.000000 1.000000 1.000000
v 3.052023 0.055979 1.421001 1.000000 1.000000 1.000000 1.000000
v 3.085947 2.481467 1.243409 1.000000 1.000000 1.000000 1.000000
v 3.025309 1.336333 1.419349 1.000000 1.000000 1.000000 1.000000
v 3.075458 3.049620 1.283261 1.000000 1.000000 1.000000 1.000000
v 3.096705 2.725380 1.299649 1.000000 1.000000 1.000000 1.000000
v 3.100131 3.629029 1.329553 1.000000 1.000000 1.000000 1.000000
v 3.080316 3.169823 1.369746 1.000000 1.000000 1.000000 1.000000
v 3.095593 3.631234 1.340503 1.000000 1.000000 1.000000 1.000000
v 2.980971 0.488835 1.550593 1.000000 1.000000 1.000000 1.000000
v 3.045036 0.101636 1.684851 1.000000 1.000000 1.000000 1.000000
v 2.889617 1.179997 1.750341 1.000000 1.000000 1.000000 1.000000
v 2.906818 1.711920 1.534374 1.000000 1.000000 1.000000 1.000000
v 2.690776 3.037665 1.716864 1.000000 1.000000 1.000000 1.000000
v 2.732735 2.652464 1.792440 1.000000 1.000000 1.000000 1.000000
v 2.692882 3.224557 1.773907 1.000000 1.000000 1.000000 1.000000
v 2.728808 2.914090 1.661784 1.000000 1.000000 1.000000 1.000000
v 3.021595 3.219935 1.428213 1.000000 1.000000 1.000000 1.000000
v 3.041846 3.856793 1.359797 1.000000 1.000000 1.000000 1.000000
v 2.797998 3.395031 1.533123 1.000000 1.000000 1.000000 1.000000
v 2.640267 3.753659 1.563782 1.000000 1.000000 1.000000 1.000000
v 2.550168 4.130270 1.559033 1.000000 1.000000 1.000000 1.000000
v 2.644064 3.676981 1.728245 1.000000 1.000000 1.000000 1.000000
v 2.555708 4.527946 1.338770 1.000000 1.000000 1.000000 1.000000
v 2.469948 4.573393 1.480274 1.000000 1.000000 1.000000 1.000000
v 2.515842 5.080225 1.395421 1.000000 1.000000 1.000000 1.000000
v 2.447190 4.718189 1.356600 1.000000 1.000000 1.000000 1.000000
v 2.368675 5.403348 1.217383 1.000000 1.000000 1.000000 1.000000
v 2.495634 5.819960 1.200060 1.000000 1.000000 1.000000 1.000000
v 2.484886 6.326660 1.012715 1.000000 1.000000 1.000000 1.000000
v 2.475033 6.662571 0.763159 1.000000 1.000000 1.000000 1.000000
v 2.300708 5.736786 0.949983 1.000000 1.000000 1.000000 1.000000
v 2.333847 5.799635 0.988282 1.000000 1.000000 1.000000 1.000000
v 2.443203 6.651791 0.734118 1.000000 1.000000 1.000000 1.000000
v 2.332611 6.639744 0.696004 1.000000 1.000000 1.000000 1.000000
v 2.289770 6.348887 0.758597 1.000000 1.000000 1.000000 1.000000
v 2.335286 6.622155 0.617708 1.000000 1.000000 1.000000 1.000000
v 2.374029 5.353430 1.028577 1.000000 1.000000 1.000000 1.000000
v 2.293949 6.157115 0.755680 1.000000 1.000000 1.000000 1.000000
v 2.463729 5.853405 0.783721 1.000000 1.000000 1.000000 1.000000
v 2.919086 4.495697 1.227700 1.000000 1.000000 1.000000 1.000000
v 2.376970 6.424245 0.553572 1.000000 1.000000 1.000000 1.000000
v 2.380549 6.399213 0.526201 1.000000 1.000000 1.000000 1.000000
v 2.279459 6.599760 0.550073 1.000000 1.000000 1.000000 1.000000
v 2.947707 4.511026 1.205375 1.000000 1.000000 1.000000 1.000000
v 2.793597 4.987905 1.001995 1.000000 1.000000 1.000000 1.000000
v 2.528183 5.994390 0.666714 1.000000 1.000000 1.000000 1.000000
v 2.379375 6.225780 0.542889 1.000000 1.000000 1.000000 1.000000
v 2.125027 6.610469 0.613528 1.000000 1.000000 1.000000 1.000000
v 2.947553 4.518971 1.180480 1.000000 1.000000 1.000000 1.000000
v 2.699315 5.220485 0.860773 1.000000 1.000000 1.000000 1.000000
v 2.524612 5.882706 0.670293 1.000000 1.000000 1.000000 1.000000
v 2.307959 6.170058 0.608301 1.000000 1.000000 1.000000 1.000000
v 2.202708 6.296029 0.689868 1.000000 1.000000 1.000000 1.000000
v 2.047902 6.629712 0.648657 1.000000 1.000000 1.000000 1.000000
v 2.507374 5.635180 0.722213 1.000000 1.000000 1.000000 1.000000
v 2.159878 6.170151 0.682864 1.000000 1.000000 1.000000 1.000000
v 2.034086 6.195140 0.654345 1.000000 1.000000 1.000000 1.000000
v 2.303685 5.654190 0.699475 1.000000 1.000000 1.000000 1.000000
v 1.934959 6.656842 0.665167 1.000000 1.000000 1.000000 1.000000
v 2.648039 5.006472 0.868774 1.000000 1.000000 1.000000 1.000000
v 2.313588 5.384190 0.807064 1.000000 1.000000 1.000000 1.000000
v 2.925229 4.425212 1.200906 1.000000 1.000000 1.000000 1.000000
v 2.088525 5.946418 0.707563 1.000000 1.000000 1.000000 1.000000
v 3.076885 3.638943 1.317392 1.000000 1.000000 1.000000 1.000000
v 3.030629 3.238254 1.321853 1.000000 1.000000 1.000000 1.000000
v 2.998575 3.941793 1.294710 1.000000 1.000000 1.000000 1.000000
v 2.901224 2.398173 1.381983 1.000000 1.000000 1.000000 1.000000
v 2.917054 3.169364 1.466341 1.000000 1.000000 1.000000 1.000000
v 2.761905 2.243081 1.592021 1.000000 1.000000 1.000000 1.000000
v 2.698647 4.638105 1.156867 1.000000 1.000000 1.000000 1.000000
v 2.821520 3.793798 1.405547 1.000000 1.000000 1.000000 1.000000
v 2.288087 5.152049 1.035613 1.000000 1.000000 1.000000 1.000000
v 2.528299 4.642708 1.280703 1.000000 1.000000 1.000000 1.000000
v 2.414320 4.751706 1.314793 1.000000 1.000000 1.000000 1.000000
v 2.762021 3.141246 1.573358 1.000000 1.000000 1.000000 1.000000
v 2.646884 3.629125 1.548015 1.000000 1.000000 1.000000 1.000000
v 2.661980 2.862447 1.704614 1.000000 1.000000 1.000000 1.000000
v 2.594212 3.545319 1.706467 1.000000 1.000000 1.000000 1.000000
v 2.410796 4.647986 1.447313 1.000000 1.000000 1.000000 1.000000
v 2.808226 1.679993 1.561651 1.000000 1.000000 1.000000 1.000000
v 2.810881 1.501822 1.717962 1.000000 1.000000 1.000000 1.000000
v 2.623035 3.422861 1.825660 1.000000 1.000000 1.000000 1.000000
v 2.793224 0.821851 1.866779 1.000000 1.000000 1.000000 1.000000
v 2.768567 1.902861 1.894067 1.000000 1.000000 1.000000 1.000000
v 2.761897 0.910641 1.900007 1.000000 1.000000 1.000000 1.000000
v 2.733248 0.650875 1.882980 1.000000 1.000000 1.000000 1.000000
v 2.702192 2.513212 1.968551 1.000000 1.000000 1.000000 1.000000
v 2.650674 0.968049 1.855073 1.000000 1.000000 1.000000 1.000000
v 2.676981 2.156969 1.983236 1.000000 1.000000 1.000000 1.000000
v 2.552055 2.609110 1.937641 1.000000 1.000000 1.000000 1.000000
v 2.592256 3.153499 1.992516 1.000000 1.000000 1.000000 1.000000
v 2.571509 3.707265 1.946333 1.000000 1.000000 1.000000 1.000000
v 2.689745 3.007020 1.928192 1.000000 1.000000 1.000000 1.000000
v 2.550065 3.608973 1.948380 1.000000 1.000000 1.000000 1.000000
v 2.583826 3.917838 1.878316 1.000000 1.000000 1.000000 1.000000
v 2.443304 4.322901 1.877663 1.000000 1.000000 1.000000 1.000000
v 2.471210 4.571526 1.598300 1.000000 1.000000 1.000000 1.000000
v 2.397920 4.645605 1.769350 1.000000 1.000000 1.000000 1.000000
v 2.183081 5.510936 0.944120 1.000000 1.000000 1.000000 1.000000
v 2.398408 5.053320 1.473580 1.000000 1.000000 1.000000 1.000000
v 2.229996 5.594923 1.052197 1.000000 1.000000 1.000000 1.000000
v 1.993180 6.456985 0.682630 1.000000 1.000000 1.000000 1.000000
v 2.143936 5.973737 1.077606 1.000000 1.000000 1.000000 1.000000
v 1.886821 6.648152 0.711023 1.000000 1.000000 1.000000 1.000000
v 2.306877 5.286489 1.399429 1.000000 1.000000 1.000000 1.000000
v 1.950710 6.340144 0.954586 1.000000 1.000000 1.000000 1.000000
v 1.700958 6.647694 0.755681 1.000000 1.000000 1.000000 1.000000
v 2.258148 4.972345 1.607600 1.000000 1.000000 1.000000 1.000000
v 2.205188 5.420242 1.350196 1.000000 1.000000 1.000000 1.000000
v 1.905173 6.226688 0.979091 1.000000 1.000000 1.000000 1.000000
v 1.856085 6.041903 0.989767 1.000000 1.000000 1.000000 1.000000
v 1.759811 6.261319 0.890158 1.000000 1.000000 1.000000 1.000000
v 1.606315 6.656054 0.768569 1.000000 1.000000 1.000000 1.000000
v 1.997577 5.382585 1.422262 1.000000 1.000000 1.000000 1.000000
v 1.737184 6.214679 0.943065 1.000000 1.000000 1.000000 1.000000
v 1.727007 6.019865 1.168165 1.000000 1.000000 1.000000 1.000000
v 1.636169 6.128706 1.130867 1.000000 1.000000 1.000000 1.000000
v 1.465835 6.657916 0.773246 1.000000 1.000000 1.000000 1.000000
v 1.838521 5.465601 1.427195 1.000000 1.000000 1.000000 1.000000
v 2.198752 4.891656 1.701007 1.000000 1.000000 1.000000 1.000000
v 1.567685 6.040719 1.157138 1.000000 1.000000 1.000000 1.000000
v 2.279039 4.696013 1.755665 1.000000 1.000000 1.000000 1.000000
v 2.027263 5.047626 1.598932 1.000000 1.000000 1.000000 1.000000
v 1.563810 5.817531 1.183113 1.000000 1.000000 1.000000 1.000000
v 1.392549 6.209844 0.929697 1.000000 1.000000 1.000000 1.000000
v 1.307539 6.639851 0.746685 1.000000 1.000000 1.000000 1.000000
v 1.291605 6.476081 0.797489 1.000000 1.000000 1.000000 1.000000
v 1.450158 5.937706 1.037596 1.000000 1.000000 1.000000 1.000000
v 1.431035 5.984185 0.971734 1.000000 1.000000 1.000000 1.000000
v 2.264637 4.679400 1.739669 1.000000 1.000000 1.000000 1.000000
v 2.042326 5.020259 1.402117 1.000000 1.000000 1.000000 1.000000
v 1.305115 6.463141 0.769087 1.000000 1.000000 1.000000 1.000000
v 1.265842 6.675349 0.741767 1.000000 1.000000 1.000000 1.000000
v 2.212152 4.877993 1.342692 1.000000 1.000000 1.000000 1.000000
v 1.316779 6.552695 0.708146 1.000000 1.000000 1.000000 1.000000
v 1.163044 6.667086 0.715046 1.000000 1.000000 1.000000 1.000000
v 1.492793 6.227430 0.829449 1.000000 1.000000 1.000000 1.000000
v 1.758785 5.534118 1.089259 1.000000 1.000000 1.000000 1.000000
v 2.086737 5.268303 1.063116 1.000000 1.000000 1.000000 1.000000
v 1.731172 5.931739 0.888738 1.000000 1.000000 1.000000 1.000000
v 2.463273 4.637996 1.285886 1.000000 1.000000 1.000000 1.000000
v 2.204468 5.238726 0.957843 1.000000 1.000000 1.000000 1.000000
v 1.755092 5.938758 0.823367 1.000000 1.000000 1.000000 1.000000
v 1.309212 6.445305 0.693220 1.000000 1.000000 1.000000 1.000000
v 0.983631 6.635358 0.665986 1.000000 1.000000 1.000000 1.000000
v 1.483968 6.287663 0.742713 1.000000 1.000000 1.000000 1.000000
v 1.482251 5.997449 0.650869 1.000000 1.000000 1.000000 1.000000
v 1.103426 6.403893 0.659496 1.000000 1.000000 1.000000 1.000000
v 1.832722 5.727758 0.743742 1.000000 1.000000 1.000000 1.000000
v 2.249041 5.151845 0.908550 1.000000 1.000000 1.000000 1.000000
v 2.140120 5.163323 0.833254 1.000000 1.000000 1.000000 1.000000
v 2.374826 4.935351 0.943898 1.000000 1.000000 1.000000 1.000000
v 2.663894 4.589451 1.115603 1.000000 1.000000 1.000000 1.000000
v 2.750103 4.423284 1.196890 1.000000 1.000000 1.000000 1.000000
v 2.692702 4.484822 1.154901 1.000000 1.000000 1.000000 1.000000
v 2.770867 4.327028 1.194713 1.000000 1.000000 1.000000 1.000000
v 2.903759 3.708905 1.295077 1.000000 1.000000 1.000000 1.000000
v 2.502653 4.661309 1.044654 1.000000 1.000000 1.000000 1.000000
v 2.865118 3.782304 1.275882 1.000000 1.000000 1.000000 1.000000
v 2.888312 3.727762 1.327179 1.000000 1.000000 1.000000 1.000000
v 2.931916 3.492100 1.300843 1.000000 1.000000 1.000000 1.000000
v 2.923924 3.508404 1.336104 1.000000 1.000000 1.000000 1.000000
v 2.785439 3.268014 1.492144 1.000000 1.000000 1.000000 1.000000
v 2.901627 3.280065 1.329128 1.000000 1.000000 1.000000 1.000000
v 2.623543 3.526477 1.577511 1.000000 1.000000 1.000000 1.000000
v 2.900969 3.026201 1.419373 1.000000 1.000000 1.000000 1.000000
v 2.380243 4.586691 1.434916 1.000000 1.000000 1.000000 1.000000
v 2.709195 2.877639 1.603238 1.000000 1.000000 1.000000 1.000000
v 2.331855 4.566339 1.745355 1.000000 1.000000 1.000000 1.000000
v 2.540666 3.430094 1.861931 1.000000 1.000000 1.000000 1.000000
v 2.411072 4.315805 1.858129 1.000000 1.000000 1.000000 1.000000
v 2.566642 3.086623 1.759769 1.000000 1.000000 1.000000 1.000000
v 2.564989 2.018305 1.788896 1.000000 1.000000 1.000000 1.000000
v 2.628696 1.983801 1.665428 1.000000 1.000000 1.000000 1.000000
v 2.647645 0.932057 1.627564 1.000000 1.000000 1.000000 1.000000
v 2.701209 1.416628 1.517219 1.000000 1.000000 1.000000 1.000000
v 2.864894 2.678499 1.334866 1.000000 1.000000 1.000000 1.000000
v 2.934662 3.248306 1.348459 1.000000 1.000000 1.000000 1.000000
v 2.901288 2.932611 1.320243 1.000000 1.000000 1.000000 1.000000
v 2.801149 2.333497 1.292163 1.000000 1.000000 1.000000 1.000000
v 2.656745 0.715000 1.240240 1.000000 1.000000 1.000000 1.000000
v 2.664755 1.370420 1.264460 1.000000 1.000000 1.000000 1.000000
v 2.600135 0.245003 1.267682 1.000000 1.000000 1.000000 1.000000
v 2.575298 0.946536 1.299792 1.000000 1.000000 1.000000 1.000000
v 2.679937 2.084489 1.339679 1.000000 1.000000 1.000000 1.000000
v 2.648350 2.167181 1.442514 1.000000 1.000000 1.000000 1.000000
v 2.830896 3.365827 1.389024 1.000000 1.000000 1.000000 1.000000
v 2.557353 1.789130 1.703050 1.000000 1.000000 1.000000 1.000000
v 2.623523 2.859385 1.645384 1.000000 1.000000 1.000000 1.000000
v 2.680907 3.453722 1.475324 1.000000 1.000000 1.000000 1.000000
v 2.516670 2.943372 1.816385 1.000000 1.000000 1.000000 1.000000
v 2.527621 2.260161 1.917708 1.000000 1.000000 1.000000 1.000000
v 2.554514 3.526724 1.633851 1.000000 1.000000 1.000000 1.000000
v 2.491804 3.526963 1.904501 1.000000 1.000000 1.000000 1.000000
v 2.436226 4.466880 1.334766 1.000000 1.000000 1.000000 1.000000
v 2.358753 4.419942 1.562001 1.000000 1.000000 1.000000 1.000000
v 2.349952 4.644253 1.324916 1.000000 1.000000 1.000000 1.000000
v 2.289220 4.597045 1.808727 1.000000 1.000000 1.000000 1.000000
v 2.069004 4.786857 1.491077 1.000000 1.000000 1.000000 1.000000
v 2.494166 3.684032 1.984148 1.000000 1.000000 1.000000 1.000000
v 2.309034 4.630514 1.843771 1.000000 1.000000 1.000000 1.000000
v 1.931831 5.086163 0.941882 1.000000 1.000000 1.000000 1.000000
v 2.620417 1.551513 1.961626 1.000000 1.000000 1.000000 1.000000
v 1.545828 5.832365 0.658030 1.000000 1.000000 1.000000 1.000000
v 1.072245 6.409291 0.708513 1.000000 1.000000 1.000000 1.000000
v 0.950521 6.643103 0.657480 1.000000 1.000000 1.000000 1.000000
v 1.579284 5.706510 0.725541 1.000000 1.000000 1.000000 1.000000
v 1.627843 5.492385 0.863465 1.000000 1.000000 1.000000 1.000000
v 1.034613 6.363812 0.776796 1.000000 1.000000 1.000000 1.000000
v 0.883108 6.648326 0.709171 1.000000 1.000000 1.000000 1.000000
v 1.454217 5.468451 0.986340 1.000000 1.000000 1.000000 1.000000
v 1.333037 5.720321 0.898840 1.000000 1.000000 1.000000 1.000000
v 1.003704 6.240005 0.792207 1.000000 1.000000 1.000000 1.000000
v 0.780822 6.636852 0.714701 1.000000 1.000000 1.000000 1.000000
v 0.991846 6.128054 0.846020 1.000000 1.000000 1.000000 1.000000
v 0.845796 6.317772 0.821968 1.000000 1.000000 1.000000 1.000000
v 0.720995 6.655855 0.732702 1.000000 1.000000 1.000000 1.000000
v 1.237307 5.723865 1.001758 1.000000 1.000000 1.000000 1.000000
v 0.875727 6.301359 0.896572 1.000000 1.000000 1.000000 1.000000
v 0.923653 6.395293 0.996542 1.000000 1.000000 1.000000 1.000000
v 0.612361 6.686963 0.777439 1.000000 1.000000 1.000000 1.000000
v 2.337592 4.687079 1.943545 1.000000 1.000000 1.000000 1.000000
v 1.206686 6.057772 1.263580 1.000000 1.000000 1.000000 1.000000
v 0.963341 6.332001 1.084035 1.000000 1.000000 1.000000 1.000000
v 0.542126 6.689459 0.789734 1.000000 1.000000 1.000000 1.000000
v 1.156717 5.928715 1.353554 1.000000 1.000000 1.000000 1.000000
v 0.439718 6.677035 0.798269 1.000000 1.000000 1.000000 1.000000
v 0.844197 6.143423 1.179166 1.000000 1.000000 1.000000 1.000000
v 0.376926 6.656785 0.771777 1.000000 1.000000 1.000000 1.000000
v 1.887339 5.142647 1.804833 1.000000 1.000000 1.000000 1.000000
v 0.908461 5.992820 1.213454 1.000000 1.000000 1.000000 1.000000
v 0.319291 6.632330 0.655891 1.000000 1.000000 1.000000 1.000000
v 1.442019 5.530696 1.563906 1.000000 1.000000 1.000000 1.000000
v 2.308057 4.674037 2.002756 1.000000 1.000000 1.000000 1.000000
v 2.172148 4.780045 1.937050 1.000000 1.000000 1.000000 1.000000
v 0.846603 5.982350 0.944714 1.000000 1.000000 1.000000 1.000000
v 0.513413 6.423027 0.624612 1.000000 1.000000 1.000000 1.000000
v 1.706655 5.163135 1.663251 1.000000 1.000000 1.000000 1.000000
v 2.565295 4.004938 2.158643 1.000000 1.000000 1.000000 1.000000
v 2.842298 2.426263 2.292675 1.000000 1.000000 1.000000 1.000000
v 2.629205 3.806574 2.105447 1.000000 1.000000 1.000000 1.000000
v 2.906929 1.959731 2.260949 1.000000 1.000000 1.000000 1.000000
v 2.904270 1.602780 2.194280 1.000000 1.000000 1.000000 1.000000
v 2.779949 2.907098 2.116527 1.000000 1.000000 1.000000 1.000000
v 2.523061 4.029627 2.026138 1.000000 1.000000 1.000000 1.000000
v 2.549189 3.023473 2.026683 1.000000 1.000000 1.000000 1.000000
v 2.690756 1.928250 2.039016 1.000000 1.000000 1.000000 1.000000
v 2.810965 1.356144 2.074470 1.000000 1.000000 1.000000 1.000000
v 2.755289 0.864791 2.028155 1.000000 1.000000 1.000000 1.000000
v -2.796354 0.020867 1.564174 1.000000 1.000000 1.000000 1.000000
v -2.228590 0.026937 1.092478 1.000000 1.000000 1.000000 1.000000
v -2.551911 0.014800 0.870738 1.000000 1.000000 1.000000 1.000000
v -2.705633 0.061319 1.923731 1.000000 1.000000 1.000000 1.000000
v -3.125888 0.048781 2.528048 1.000000 1.000000 1.000000 1.000000
v -2.353264 0.150313 1.623123 1.000000 1.000000 1.000000 1.000000
v -2.144109 0.107081 1.152090 1.000000 1.000000 1.000000 1.000000
v -2.968431 0.169069 2.584078 1.000000 1.000000 1.000000 1.000000
v -3.124160 0.014707 2.628206 1.000000 1.000000 1.000000 1.000000
v -2.267723 0.247678 1.532432 1.000000 1.000000 1.000000 1.000000
v -2.166765 0.267294 1.164004 1.000000 1.000000 1.000000 1.000000
v -2.968810 0.267204 2.589564 1.000000 1.000000 1.000000 1.000000
v -3.169074 0.022519 2.597760 1.000000 1.000000 1.000000 1.000000
v -2.390568 0.593372 1.607907 1.000000 1.000000 1.000000 1.000000
v -2.478003 1.085602 1.174195 1.000000 1.000000 1.000000 1.000000
v -2.384393 0.577701 1.903215 1.000000 1.000000 1.000000 1.000000
v -2.652306 1.840799 1.199805 1.000000 1.000000 1.000000 1.000000
v -2.456419 0.438362 2.049296 1.000000 1.000000 1.000000 1.000000
v -2.856834 0.311295 2.579796 1.000000 1.000000 1.000000 1.000000
v -2.466208 1.599760 1.947321 1.000000 1.000000 1.000000 1.000000
v -2.727317 0.731405 2.512923 1.000000 1.000000 1.000000 1.000000
v -2.570897 2.112568 1.583479 1.000000 1.000000 1.000000 1.000000
v -2.778565 2.671109 1.248343 1.000000 1.000000 1.000000 1.000000
v -2.440205 1.236825 2.115287 1.000000 1.000000 1.000000 1.000000
v -2.462376 2.767087 1.982502 1.000000 1.000000 1.000000 1.000000
v -2.548536 2.760504 1.715394 1.000000 1.000000 1.000000 1.000000
v -2.844816 3.211186 1.288960 1.000000 1.000000 1.000000 1.000000
v -2.522180 1.433635 2.295448 1.000000 1.000000 1.000000 1.000000
v -2.642975 3.437270 1.489066 1.000000 1.000000 1.000000 1.000000
v -2.842738 3.584611 1.306769 1.000000 1.000000 1.000000 1.000000
v -2.505072 3.533945 1.681222 1.000000 1.000000 1.000000 1.000000
v -2.437595 4.338845 1.358346 1.000000 1.000000 1.000000 1.000000
v -2.619283 4.365758 1.193505 1.000000 1.000000 1.000000 1.000000
v -2.493951 4.582328 1.127272 1.000000 1.000000 1.000000 1.000000
v -2.332813 4.517344 1.450781 1.000000 1.000000 1.000000 1.000000
v -2.292120 4.732204 1.053347 1.000000 1.000000 1.000000 1.000000
v -2.247552 4.586235 1.528404 1.000000 1.000000 1.000000 1.000000
v -1.327391 5.584545 0.822723 1.000000 1.000000 1.000000 1.000000
v -2.260656 4.571851 1.867735 1.000000 1.000000 1.000000 1.000000
v -2.454178 3.628237 1.994850 1.000000 1.000000 1.000000 1.000000
v -2.485755 2.176766 2.217748 1.000000 1.000000 1.000000 1.000000
v -2.531126 3.169583 2.275453 1.000000 1.000000 1.000000 1.000000
v -2.515735 3.695539 2.177797 1.000000 1.000000 1.000000 1.000000
v -2.655424 1.911227 2.425805 1.000000 1.000000 1.000000 1.000000
v -2.549759 3.815125 2.220406 1.000000 1.000000 1.000000 1.000000
v -2.341316 4.545845 2.033844 1.000000 1.000000 1.000000 1.000000
v -2.831064 0.566649 2.602985 1.000000 1.000000 1.000000 1.000000
v -2.836221 1.218843 2.530779 1.000000 1.000000 1.000000 1.000000
v -2.890935 0.539874 2.592609 1.000000 1.000000 1.000000 1.000000
v -2.535737 4.074355 2.170955 1.000000 1.000000 1.000000 1.000000
v -2.875910 1.615497 2.444816 1.000000 1.000000 1.000000 1.000000
v -2.978275 0.372525 2.549243 1.000000 1.000000 1.000000 1.000000
v -3.175022 0.024026 2.488509 1.000000 1.000000 1.000000 1.000000
v -2.954643 0.734488 2.502707 1.000000 1.000000 1.000000 1.000000
v -3.000337 0.331055 2.355693 1.000000 1.000000 1.000000 1.000000
v -2.957537 0.158522 2.231977 1.000000 1.000000 1.000000 1.000000
v -2.940968 0.845280 2.400260 1.000000 1.000000 1.000000 1.000000
v -2.845391 0.125812 2.010742 1.000000 1.000000 1.000000 1.000000
v -2.759371 0.010756 1.210773 1.000000 1.000000 1.000000 1.000000
v -2.719875 0.514076 2.024190 1.000000 1.000000 1.000000 1.000000
v -2.610404 0.153308 1.289252 1.000000 1.000000 1.000000 1.000000
v -2.676434 0.320723 1.816510 1.000000 1.000000 1.000000 1.000000
v -2.754999 0.020480 1.156124 1.000000 1.000000 1.000000 1.000000
v -2.592561 1.266872 1.879856 1.000000 1.000000 1.000000 1.000000
v -2.780054 0.932923 2.048821 1.000000 1.000000 1.000000 1.000000
v -2.904277 1.602651 2.194301 1.000000 1.000000 1.000000 1.000000
v -2.626621 1.519995 1.963982 1.000000 1.000000 1.000000 1.000000
v -2.804911 2.240507 2.102388 1.000000 1.000000 1.000000 1.000000
v -2.906950 1.959398 2.260995 1.000000 1.000000 1.000000 1.000000
v -2.768463 2.999490 2.126497 1.000000 1.000000 1.000000 1.000000
v -2.842383 2.425390 2.292786 1.000000 1.000000 1.000000 1.000000
v -2.618075 3.825145 2.105344 1.000000 1.000000 1.000000 1.000000
v -2.565289 4.005049 2.158535 1.000000 1.000000 1.000000 1.000000
v -2.699668 3.204293 2.068544 1.000000 1.000000 1.000000 1.000000
v -2.310547 4.671527 2.003630 1.000000 1.000000 1.000000 1.000000
v -2.601263 2.529648 2.023992 1.000000 1.000000 1.000000 1.000000
v -2.473829 4.174127 2.002002 1.000000 1.000000 1.000000 1.000000
v -2.492310 3.615100 1.991488 1.000000 1.000000 1.000000 1.000000
v -2.336700 4.689742 1.942710 1.000000 1.000000 1.000000 1.000000
v -2.545291 1.602807 1.816376 1.000000 1.000000 1.000000 1.000000
v -2.337063 4.407604 1.868436 1.000000 1.000000 1.000000 1.000000
v -2.576854 0.349599 1.403735 1.000000 1.000000 1.000000 1.000000
v -2.498827 2.881163 1.876021 1.000000 1.000000 1.000000 1.000000
v -2.580608 0.246093 1.274389 1.000000 1.000000 1.000000 1.000000
v -2.570653 0.878397 1.309820 1.000000 1.000000 1.000000 1.000000
v -2.604373 2.474046 1.637424 1.000000 1.000000 1.000000 1.000000
v -2.498981 3.535907 1.837369 1.000000 1.000000 1.000000 1.000000
v -2.791101 3.066054 1.394239 1.000000 1.000000 1.000000 1.000000
v -2.556992 3.533978 1.625005 1.000000 1.000000 1.000000 1.000000
v -2.700011 3.270607 1.518958 1.000000 1.000000 1.000000 1.000000
v -2.358755 4.419820 1.562126 1.000000 1.000000 1.000000 1.000000
v -2.388704 4.604349 1.332993 1.000000 1.000000 1.000000 1.000000
v -2.254230 4.633260 1.738828 1.000000 1.000000 1.000000 1.000000
v -2.275804 4.688782 1.845673 1.000000 1.000000 1.000000 1.000000
v -2.118919 4.771695 1.383360 1.000000 1.000000 1.000000 1.000000
v -0.928180 6.398117 0.995965 1.000000 1.000000 1.000000 1.000000
v -2.418862 4.706264 1.044606 1.000000 1.000000 1.000000 1.000000
v -1.492057 5.467364 1.208083 1.000000 1.000000 1.000000 1.000000
v -1.475862 5.425740 1.072452 1.000000 1.000000 1.000000 1.000000
v -0.847449 6.351323 0.877474 1.000000 1.000000 1.000000 1.000000
v -0.911050 6.174690 0.876355 1.000000 1.000000 1.000000 1.000000
v -0.719809 6.655175 0.732555 1.000000 1.000000 1.000000 1.000000
v -0.608993 6.690087 0.780172 1.000000 1.000000 1.000000 1.000000
v -0.781475 6.636932 0.715038 1.000000 1.000000 1.000000 1.000000
v -1.268170 5.981843 1.306425 1.000000 1.000000 1.000000 1.000000
v -1.025754 6.025861 0.868891 1.000000 1.000000 1.000000 1.000000
v -0.982488 6.306357 0.777178 1.000000 1.000000 1.000000 1.000000
v -0.883107 6.648326 0.709171 1.000000 1.000000 1.000000 1.000000
v -1.725765 5.223738 0.998656 1.000000 1.000000 1.000000 1.000000
v -1.339412 5.699686 0.906417 1.000000 1.000000 1.000000 1.000000
v -1.042032 6.350512 0.778954 1.000000 1.000000 1.000000 1.000000
v -0.950521 6.643103 0.657480 1.000000 1.000000 1.000000 1.000000
v -1.072262 6.409288 0.708491 1.000000 1.000000 1.000000 1.000000
v -1.797356 5.263622 0.884585 1.000000 1.000000 1.000000 1.000000
v -2.455557 4.741716 1.000337 1.000000 1.000000 1.000000 1.000000
v -1.537457 5.838361 0.669061 1.000000 1.000000 1.000000 1.000000
v -2.660034 4.483073 1.163736 1.000000 1.000000 1.000000 1.000000
v -1.103428 6.403893 0.659493 1.000000 1.000000 1.000000 1.000000
v -0.983632 6.635358 0.665986 1.000000 1.000000 1.000000 1.000000
v -2.140348 5.163035 0.833342 1.000000 1.000000 1.000000 1.000000
v -1.482287 5.997406 0.650868 1.000000 1.000000 1.000000 1.000000
v -1.309211 6.445303 0.693219 1.000000 1.000000 1.000000 1.000000
v -1.163043 6.667086 0.715046 1.000000 1.000000 1.000000 1.000000
v -1.832757 5.727706 0.743749 1.000000 1.000000 1.000000 1.000000
v -1.316781 6.552692 0.708147 1.000000 1.000000 1.000000 1.000000
v -1.265842 6.675349 0.741766 1.000000 1.000000 1.000000 1.000000
v -1.483973 6.287654 0.742715 1.000000 1.000000 1.000000 1.000000
v -1.305115 6.463141 0.769087 1.000000 1.000000 1.000000 1.000000
v -1.755092 5.938758 0.823367 1.000000 1.000000 1.000000 1.000000
v -2.374853 4.935315 0.943909 1.000000 1.000000 1.000000 1.000000
v -2.249105 5.151752 0.908569 1.000000 1.000000 1.000000 1.000000
v -1.731172 5.931739 0.888738 1.000000 1.000000 1.000000 1.000000
v -2.677336 4.532294 1.127845 1.000000 1.000000 1.000000 1.000000
v -2.702354 4.517577 1.147553 1.000000 1.000000 1.000000 1.000000
v -2.204710 5.238375 0.957913 1.000000 1.000000 1.000000 1.000000
v -2.811680 4.161564 1.201288 1.000000 1.000000 1.000000 1.000000
v -2.890638 3.723229 1.289812 1.000000 1.000000 1.000000 1.000000
v -2.740145 4.435500 1.190901 1.000000 1.000000 1.000000 1.000000
v -2.890435 3.801377 1.286848 1.000000 1.000000 1.000000 1.000000
v -2.931916 3.492100 1.300843 1.000000 1.000000 1.000000 1.000000
v -2.891258 3.721529 1.328546 1.000000 1.000000 1.000000 1.000000
v -2.464206 4.635469 1.286642 1.000000 1.000000 1.000000 1.000000
v -2.899122 3.232490 1.324882 1.000000 1.000000 1.000000 1.000000
v -2.922875 3.504352 1.337257 1.000000 1.000000 1.000000 1.000000
v -2.755531 3.139675 1.542498 1.000000 1.000000 1.000000 1.000000
v -2.637571 1.502916 1.284967 1.000000 1.000000 1.000000 1.000000
v -2.935079 3.282335 1.348166 1.000000 1.000000 1.000000 1.000000
v -2.639413 0.678248 1.250317 1.000000 1.000000 1.000000 1.000000
v -2.877202 2.986524 1.454051 1.000000 1.000000 1.000000 1.000000
v -2.751419 1.978599 1.274949 1.000000 1.000000 1.000000 1.000000
v -2.901249 3.028583 1.318947 1.000000 1.000000 1.000000 1.000000
v -2.871733 2.586311 1.330888 1.000000 1.000000 1.000000 1.000000
v -2.823828 2.214331 1.416422 1.000000 1.000000 1.000000 1.000000
v -2.801144 1.966691 1.288118 1.000000 1.000000 1.000000 1.000000
v -2.711851 0.617821 1.336107 1.000000 1.000000 1.000000 1.000000
v -2.701264 1.416206 1.517086 1.000000 1.000000 1.000000 1.000000
v -2.675992 0.467766 1.275230 1.000000 1.000000 1.000000 1.000000
v -2.587971 2.046679 1.732097 1.000000 1.000000 1.000000 1.000000
v -2.647708 0.931419 1.627424 1.000000 1.000000 1.000000 1.000000
v -2.566649 3.086198 1.759798 1.000000 1.000000 1.000000 1.000000
v -2.543622 2.404835 1.893966 1.000000 1.000000 1.000000 1.000000
v -2.623579 3.526350 1.577507 1.000000 1.000000 1.000000 1.000000
v -2.538645 3.442869 1.855278 1.000000 1.000000 1.000000 1.000000
v -2.380264 4.586666 1.434879 1.000000 1.000000 1.000000 1.000000
v -2.211964 4.878074 1.342704 1.000000 1.000000 1.000000 1.000000
v -2.543415 3.504073 1.952425 1.000000 1.000000 1.000000 1.000000
v -2.086905 5.268097 1.063143 1.000000 1.000000 1.000000 1.000000
v -1.492843 6.227347 0.829475 1.000000 1.000000 1.000000 1.000000
v -1.758933 5.533924 1.089308 1.000000 1.000000 1.000000 1.000000
v -1.431026 5.984204 0.971719 1.000000 1.000000 1.000000 1.000000
v -1.291605 6.476081 0.797489 1.000000 1.000000 1.000000 1.000000
v -1.307539 6.639850 0.746685 1.000000 1.000000 1.000000 1.000000
v -2.042326 5.020259 1.402117 1.000000 1.000000 1.000000 1.000000
v -1.392549 6.209836 0.929698 1.000000 1.000000 1.000000 1.000000
v -1.465835 6.657916 0.773246 1.000000 1.000000 1.000000 1.000000
v -1.450163 5.937695 1.037597 1.000000 1.000000 1.000000 1.000000
v -2.264647 4.679387 1.739671 1.000000 1.000000 1.000000 1.000000
v -1.563821 5.817505 1.183124 1.000000 1.000000 1.000000 1.000000
v -2.331861 4.566309 1.745350 1.000000 1.000000 1.000000 1.000000
v -2.027303 5.047560 1.598963 1.000000 1.000000 1.000000 1.000000
v -2.450208 4.040358 1.899789 1.000000 1.000000 1.000000 1.000000
v -2.279045 4.696001 1.755669 1.000000 1.000000 1.000000 1.000000
v -2.390061 4.406255 1.852231 1.000000 1.000000 1.000000 1.000000
v -2.572015 3.441333 1.983202 1.000000 1.000000 1.000000 1.000000
v -2.500898 4.016453 1.945826 1.000000 1.000000 1.000000 1.000000
v -2.410422 4.501836 1.823635 1.000000 1.000000 1.000000 1.000000
v -2.198757 4.891646 1.701012 1.000000 1.000000 1.000000 1.000000
v -2.548166 4.160623 1.838759 1.000000 1.000000 1.000000 1.000000
v -1.838539 5.465559 1.427212 1.000000 1.000000 1.000000 1.000000
v -2.258163 4.972301 1.607625 1.000000 1.000000 1.000000 1.000000
v -1.567691 6.040681 1.157158 1.000000 1.000000 1.000000 1.000000
v -1.636181 6.128652 1.130900 1.000000 1.000000 1.000000 1.000000
v -1.606314 6.656054 0.768570 1.000000 1.000000 1.000000 1.000000
v -1.727020 6.019815 1.168193 1.000000 1.000000 1.000000 1.000000
v -1.997599 5.382530 1.422293 1.000000 1.000000 1.000000 1.000000
v -1.737205 6.214602 0.943107 1.000000 1.000000 1.000000 1.000000
v -1.759828 6.261263 0.890186 1.000000 1.000000 1.000000 1.000000
v -1.700957 6.647694 0.755681 1.000000 1.000000 1.000000 1.000000
v -1.856117 6.041817 0.989812 1.000000 1.000000 1.000000 1.000000
v -2.205204 5.420186 1.350222 1.000000 1.000000 1.000000 1.000000
v -1.905192 6.226640 0.979115 1.000000 1.000000 1.000000 1.000000
v -1.950729 6.340101 0.954608 1.000000 1.000000 1.000000 1.000000
v -1.886819 6.648152 0.711023 1.000000 1.000000 1.000000 1.000000
v -2.306890 5.286439 1.399451 1.000000 1.000000 1.000000 1.000000
v -2.143960 5.973674 1.077638 1.000000 1.000000 1.000000 1.000000
v -1.951713 6.657872 0.670114 1.000000 1.000000 1.000000 1.000000
v -2.394580 5.056409 1.473108 1.000000 1.000000 1.000000 1.000000
v -2.230089 5.594586 1.052381 1.000000 1.000000 1.000000 1.000000
v -2.567304 4.120092 1.774666 1.000000 1.000000 1.000000 1.000000
v -1.994739 6.353574 0.680568 1.000000 1.000000 1.000000 1.000000
v -2.471244 4.571348 1.598373 1.000000 1.000000 1.000000 1.000000
v -2.596937 3.572953 1.945000 1.000000 1.000000 1.000000 1.000000
v -2.639061 3.433971 1.856097 1.000000 1.000000 1.000000 1.000000
v -2.182949 5.511632 0.943871 1.000000 1.000000 1.000000 1.000000
v -2.409278 4.646048 1.448940 1.000000 1.000000 1.000000 1.000000
v -2.135008 5.795350 0.737170 1.000000 1.000000 1.000000 1.000000
v -2.013380 6.347404 0.648898 1.000000 1.000000 1.000000 1.000000
v -2.047901 6.629713 0.648659 1.000000 1.000000 1.000000 1.000000
v -2.288080 5.152133 1.035572 1.000000 1.000000 1.000000 1.000000
v -2.117623 5.969012 0.667122 1.000000 1.000000 1.000000 1.000000
v -2.313598 5.384154 0.807081 1.000000 1.000000 1.000000 1.000000
v -2.159882 6.170135 0.682864 1.000000 1.000000 1.000000 1.000000
v -2.202709 6.296024 0.689869 1.000000 1.000000 1.000000 1.000000
v -2.125027 6.610469 0.613529 1.000000 1.000000 1.000000 1.000000
v -2.303689 5.654170 0.699477 1.000000 1.000000 1.000000 1.000000
v -2.307961 6.170053 0.608303 1.000000 1.000000 1.000000 1.000000
v -2.507376 5.635167 0.722214 1.000000 1.000000 1.000000 1.000000
v -2.648066 5.006409 0.868798 1.000000 1.000000 1.000000 1.000000
v -2.524617 5.882690 0.670297 1.000000 1.000000 1.000000 1.000000
v -2.379376 6.225772 0.542890 1.000000 1.000000 1.000000 1.000000
v -2.279459 6.599760 0.550072 1.000000 1.000000 1.000000 1.000000
v -2.699334 5.220421 0.860792 1.000000 1.000000 1.000000 1.000000
v -2.380549 6.399209 0.526203 1.000000 1.000000 1.000000 1.000000
v -2.335287 6.622155 0.617708 1.000000 1.000000 1.000000 1.000000
v -2.528184 5.994385 0.666714 1.000000 1.000000 1.000000 1.000000
v -2.376971 6.424240 0.553575 1.000000 1.000000 1.000000 1.000000
v -2.793616 4.987832 1.002019 1.000000 1.000000 1.000000 1.000000
v -2.947556 4.518961 1.180482 1.000000 1.000000 1.000000 1.000000
v -2.293954 6.157064 0.755691 1.000000 1.000000 1.000000 1.000000
v -2.925233 4.425193 1.200909 1.000000 1.000000 1.000000 1.000000
v -2.289768 6.348872 0.758601 1.000000 1.000000 1.000000 1.000000
v -2.332608 6.639744 0.696003 1.000000 1.000000 1.000000 1.000000
v -2.698648 4.638093 1.156877 1.000000 1.000000 1.000000 1.000000
v -2.333845 5.799612 0.988292 1.000000 1.000000 1.000000 1.000000
v -2.443202 6.651790 0.734118 1.000000 1.000000 1.000000 1.000000
v -2.475033 6.662571 0.763159 1.000000 1.000000 1.000000 1.000000
v -2.300724 5.736671 0.950027 1.000000 1.000000 1.000000 1.000000
v -2.368673 5.403302 1.217398 1.000000 1.000000 1.000000 1.000000
v -2.484887 6.326660 1.012715 1.000000 1.000000 1.000000 1.000000
v -2.495633 5.819952 1.200064 1.000000 1.000000 1.000000 1.000000
v -2.515845 5.080173 1.395435 1.000000 1.000000 1.000000 1.000000
v -2.469969 4.573267 1.480311 1.000000 1.000000 1.000000 1.000000
v -2.644064 3.676962 1.728248 1.000000 1.000000 1.000000 1.000000
v -2.374046 5.353283 1.028630 1.000000 1.000000 1.000000 1.000000
v -2.550200 4.130079 1.559075 1.000000 1.000000 1.000000 1.000000
v -2.692882 3.224557 1.773907 1.000000 1.000000 1.000000 1.000000
v -2.447222 4.718064 1.356642 1.000000 1.000000 1.000000 1.000000
v -2.690800 3.037436 1.716866 1.000000 1.000000 1.000000 1.000000
v -2.732734 2.652404 1.792440 1.000000 1.000000 1.000000 1.000000
v -2.889647 1.179766 1.750330 1.000000 1.000000 1.000000 1.000000
v -2.640339 3.753244 1.563843 1.000000 1.000000 1.000000 1.000000
v -2.555757 4.527781 1.338816 1.000000 1.000000 1.000000 1.000000
v -2.463830 5.853160 0.783787 1.000000 1.000000 1.000000 1.000000
v -2.919169 4.495407 1.227786 1.000000 1.000000 1.000000 1.000000
v -2.798090 3.394695 1.533151 1.000000 1.000000 1.000000 1.000000
v -2.947714 4.511001 1.205380 1.000000 1.000000 1.000000 1.000000
v -3.041880 3.856530 1.359824 1.000000 1.000000 1.000000 1.000000
v -2.728845 2.913878 1.661761 1.000000 1.000000 1.000000 1.000000
v -3.021659 3.219831 1.428167 1.000000 1.000000 1.000000 1.000000
v -3.095608 3.631160 1.340511 1.000000 1.000000 1.000000 1.000000
v -2.906970 1.710427 1.534271 1.000000 1.000000 1.000000 1.000000
v -3.080302 3.169232 1.369744 1.000000 1.000000 1.000000 1.000000
v -2.981065 0.488179 1.550518 1.000000 1.000000 1.000000 1.000000
v -3.045039 0.101637 1.684850 1.000000 1.000000 1.000000 1.000000
v -3.052025 0.055977 1.420994 1.000000 1.000000 1.000000 1.000000
v -3.025309 1.335090 1.419382 1.000000 1.000000 1.000000 1.000000
v -3.065159 2.024005 1.316191 1.000000 1.000000 1.000000 1.000000
v -3.053501 0.045314 1.315817 1.000000 1.000000 1.000000 1.000000
v -3.096728 2.725681 1.299660 1.000000 1.000000 1.000000 1.000000
v -3.028968 1.777407 1.247418 1.000000 1.000000 1.000000 1.000000
v -2.990328 0.284676 1.247673 1.000000 1.000000 1.000000 1.000000
v -2.943050 0.028114 1.174935 1.000000 1.000000 1.000000 1.000000
v -3.085947 2.481467 1.243409 1.000000 1.000000 1.000000 1.000000
v -2.887518 0.237217 1.234871 1.000000 1.000000 1.000000 1.000000
v -2.970688 1.620532 1.213913 1.000000 1.000000 1.000000 1.000000
v -2.915923 0.025535 1.218695 1.000000 1.000000 1.000000 1.000000
v -3.075421 3.049280 1.283221 1.000000 1.000000 1.000000 1.000000
v -2.905489 1.789367 1.228183 1.000000 1.000000 1.000000 1.000000
v -3.100127 3.629007 1.329557 1.000000 1.000000 1.000000 1.000000
v -3.076891 3.638863 1.317405 1.000000 1.000000 1.000000 1.000000
v -3.030620 3.238125 1.321848 1.000000 1.000000 1.000000 1.000000
v -2.998592 3.941714 1.294725 1.000000 1.000000 1.000000 1.000000
v -2.901159 2.397881 1.382035 1.000000 1.000000 1.000000 1.000000
v -2.916984 3.169026 1.466419 1.000000 1.000000 1.000000 1.000000
v -2.528312 4.642621 1.280730 1.000000 1.000000 1.000000 1.000000
v -2.821534 3.793629 1.405582 1.000000 1.000000 1.000000 1.000000
v -2.762011 3.141119 1.573382 1.000000 1.000000 1.000000 1.000000
v -2.761920 2.243658 1.592245 1.000000 1.000000 1.000000 1.000000
v -2.414078 4.754615 1.311767 1.000000 1.000000 1.000000 1.000000
v -2.646925 3.628806 1.548090 1.000000 1.000000 1.000000 1.000000
v -2.530424 3.880726 1.626746 1.000000 1.000000 1.000000 1.000000
v -2.647570 3.014017 1.724500 1.000000 1.000000 1.000000 1.000000
v -2.680072 2.794838 1.815425 1.000000 1.000000 1.000000 1.000000
v -2.808227 1.679952 1.561676 1.000000 1.000000 1.000000 1.000000
v -2.691661 2.736146 1.962089 1.000000 1.000000 1.000000 1.000000
v -2.810884 1.501723 1.718068 1.000000 1.000000 1.000000 1.000000
v -2.778862 1.772574 1.896873 1.000000 1.000000 1.000000 1.000000
v -2.651078 2.678238 1.993644 1.000000 1.000000 1.000000 1.000000
v -2.763863 0.938381 1.900853 1.000000 1.000000 1.000000 1.000000
v -2.793429 0.820228 1.866647 1.000000 1.000000 1.000000 1.000000
v -2.857433 1.711813 1.310411 1.000000 1.000000 1.000000 1.000000
v -2.778752 0.962528 1.454367 1.000000 1.000000 1.000000 1.000000
v -2.802538 0.500778 1.297140 1.000000 1.000000 1.000000 1.000000
v -2.770519 0.412156 1.450476 1.000000 1.000000 1.000000 1.000000
v -2.758649 0.601790 1.862760 1.000000 1.000000 1.000000 1.000000
v -2.820590 0.463912 1.824729 1.000000 1.000000 1.000000 1.000000
v -3.110791 0.040337 1.812061 1.000000 1.000000 1.000000 1.000000
v -2.835021 0.399845 1.867024 1.000000 1.000000 1.000000 1.000000
v -3.104935 0.033928 1.843422 1.000000 1.000000 1.000000 1.000000
v -2.818753 0.408175 1.906859 1.000000 1.000000 1.000000 1.000000
v -2.734998 0.648570 1.885786 1.000000 1.000000 1.000000 1.000000
v -2.783619 0.418055 1.866719 1.000000 1.000000 1.000000 1.000000
v -3.085658 0.023360 1.828552 1.000000 1.000000 1.000000 1.000000
v -2.562685 2.495821 1.952307 1.000000 1.000000 1.000000 1.000000
v -2.652802 0.898189 1.841989 1.000000 1.000000 1.000000 1.000000
v -2.838723 0.190916 1.692749 1.000000 1.000000 1.000000 1.000000
v -2.965633 0.029525 1.462637 1.000000 1.000000 1.000000 1.000000
v -2.703696 0.458539 1.578362 1.000000 1.000000 1.000000 1.000000
v -2.782548 0.174391 1.402595 1.000000 1.000000 1.000000 1.000000
v -2.660770 0.139241 1.262552 1.000000 1.000000 1.000000 1.000000
v -2.810680 0.049604 1.181047 1.000000 1.000000 1.000000 1.000000
v -2.624353 0.212571 1.293357 1.000000 1.000000 1.000000 1.000000
v 2.660770 0.139240 1.262552 1.000000 1.000000 1.000000 1.000000
v 2.810681 0.049603 1.181048 1.000000 1.000000 1.000000 1.000000
v 2.788298 0.170656 1.408578 1.000000 1.000000 1.000000 1.000000
v 2.675994 0.467784 1.275236 1.000000 1.000000 1.000000 1.000000
v 2.676246 0.568276 1.697938 1.000000 1.000000 1.000000 1.000000
v 2.711767 0.620802 1.334476 1.000000 1.000000 1.000000 1.000000
v 2.647645 0.932057 1.627564 1.000000 1.000000 1.000000 1.000000
v 2.628696 1.983801 1.665428 1.000000 1.000000 1.000000 1.000000
v 2.701209 1.416628 1.517219 1.000000 1.000000 1.000000 1.000000
v 2.900969 3.026201 1.419373 1.000000 1.000000 1.000000 1.000000
v 2.864894 2.678499 1.334866 1.000000 1.000000 1.000000 1.000000
v 2.656745 0.715000 1.240240 1.000000 1.000000 1.000000 1.000000
v 2.934662 3.248306 1.348459 1.000000 1.000000 1.000000 1.000000
v 2.600135 0.245003 1.267682 1.000000 1.000000 1.000000 1.000000
v 2.923924 3.508404 1.336104 1.000000 1.000000 1.000000 1.000000
v 2.575298 0.946536 1.299792 1.000000 1.000000 1.000000 1.000000
v 2.664755 1.370420 1.264460 1.000000 1.000000 1.000000 1.000000
v 2.679937 2.084489 1.339679 1.000000 1.000000 1.000000 1.000000
v 2.901627 3.280065 1.329128 1.000000 1.000000 1.000000 1.000000
v 2.801149 2.333497 1.292163 1.000000 1.000000 1.000000 1.000000
v 2.901288 2.932611 1.320243 1.000000 1.000000 1.000000 1.000000
v 2.931916 3.492100 1.300843 1.000000 1.000000 1.000000 1.000000
v 2.903759 3.708905 1.295077 1.000000 1.000000 1.000000 1.000000
v 2.888312 3.727762 1.327179 1.000000 1.000000 1.000000 1.000000
v 2.750103 4.423284 1.196890 1.000000 1.000000 1.000000 1.000000
v 0.846603 5.982350 0.944714 1.000000 1.000000 1.000000 1.000000
v 0.513413 6.423027 0.624612 1.000000 1.000000 1.000000 1.000000
v 0.319291 6.632330 0.655891 1.000000 1.000000 1.000000 1.000000
v 0.908461 5.992820 1.213454 1.000000 1.000000 1.000000 1.000000
v 0.376926 6.656785 0.771777 1.000000 1.000000 1.000000 1.000000
v 1.706655 5.163135 1.663251 1.000000 1.000000 1.000000 1.000000
v 2.172148 4.780045 1.937050 1.000000 1.000000 1.000000 1.000000
v 0.844197 6.143423 1.179166 1.000000 1.000000 1.000000 1.000000
v 0.439718 6.677035 0.798269 1.000000 1.000000 1.000000 1.000000
v 1.442019 5.530696 1.563906 1.000000 1.000000 1.000000 1.000000
v 1.887339 5.142647 1.804833 1.000000 1.000000 1.000000 1.000000
v 1.156717 5.928715 1.353554 1.000000 1.000000 1.000000 1.000000
v 0.542126 6.689459 0.789734 1.000000 1.000000 1.000000 1.000000
v 1.206686 6.057772 1.263580 1.000000 1.000000 1.000000 1.000000
v 0.963341 6.332001 1.084035 1.000000 1.000000 1.000000 1.000000
v 0.612361 6.686963 0.777439 1.000000 1.000000 1.000000 1.000000
v 0.923653 6.395293 0.996542 1.000000 1.000000 1.000000 1.000000
v 0.720995 6.655855 0.732702 1.000000 1.000000 1.000000 1.000000
v 0.875727 6.301359 0.896572 1.000000 1.000000 1.000000 1.000000
v 0.845796 6.317772 0.821968 1.000000 1.000000 1.000000 1.000000
v 0.780822 6.636852 0.714701 1.000000 1.000000 1.000000 1.000000
v 0.991846 6.128054 0.846020 1.000000 1.000000 1.000000 1.000000
v 1.003704 6.240005 0.792207 1.000000 1.000000 1.000000 1.000000
v 1.333037 5.720321 0.898840 1.000000 1.000000 1.000000 1.000000
v -2.182949 5.511632 0.943871 1.000000 1.000000 1.000000 1.000000
v -1.994739 6.353574 0.680568 1.000000 1.000000 1.000000 1.000000
v -2.230089 5.594586 1.052381 1.000000 1.000000 1.000000 1.000000
v -2.143960 5.973674 1.077638 1.000000 1.000000 1.000000 1.000000
v -1.886819 6.648152 0.711023 1.000000 1.000000 1.000000 1.000000
v -2.306890 5.286439 1.399451 1.000000 1.000000 1.000000 1.000000
v -1.950729 6.340101 0.954608 1.000000 1.000000 1.000000 1.000000
v -1.700957 6.647694 0.755681 1.000000 1.000000 1.000000 1.000000
v -2.258163 4.972301 1.607625 1.000000 1.000000 1.000000 1.000000
v -2.205204 5.420186 1.350222 1.000000 1.000000 1.000000 1.000000
v -1.905192 6.226640 0.979115 1.000000 1.000000 1.000000 1.000000
v -1.856117 6.041817 0.989812 1.000000 1.000000 1.000000 1.000000
v -1.759828 6.261263 0.890186 1.000000 1.000000 1.000000 1.000000
v -1.606314 6.656054 0.768570 1.000000 1.000000 1.000000 1.000000
v -2.198757 4.891646 1.701012 1.000000 1.000000 1.000000 1.000000
v -1.997599 5.382530 1.422293 1.000000 1.000000 1.000000 1.000000
v -1.737205 6.214602 0.943107 1.000000 1.000000 1.000000 1.000000
v -1.727020 6.019815 1.168193 1.000000 1.000000 1.000000 1.000000
v -1.636181 6.128652 1.130900 1.000000 1.000000 1.000000 1.000000
v -1.465835 6.657916 0.773246 1.000000 1.000000 1.000000 1.000000
v -1.838539 5.465559 1.427212 1.000000 1.000000 1.000000 1.000000
v -1.567691 6.040681 1.157158 1.000000 1.000000 1.000000 1.000000
v -2.027303 5.047560 1.598963 1.000000 1.000000 1.000000 1.000000
v -1.563821 5.817505 1.183124 1.000000 1.000000 1.000000 1.000000
v -1.392549 6.209836 0.929698 1.000000 1.000000 1.000000 1.000000
v -1.307539 6.639850 0.746685 1.000000 1.000000 1.000000 1.000000
v -1.450163 5.937695 1.037597 1.000000 1.000000 1.000000 1.000000
v -2.042326 5.020259 1.402117 1.000000 1.000000 1.000000 1.000000
v -0.663752 6.172899 0.889808 1.000000 1.000000 1.000000 1.000000
v -0.498337 6.452336 0.631090 1.000000 1.000000 1.000000 1.000000
v -0.322876 6.634005 0.657277 1.000000 1.000000 1.000000 1.000000
v -0.375332 6.655279 0.767422 1.000000 1.000000 1.000000 1.000000
v -1.708966 5.160887 1.664764 1.000000 1.000000 1.000000 1.000000
v -0.890993 6.019928 1.204836 1.000000 1.000000 1.000000 1.000000
v -2.173921 4.778082 1.938354 1.000000 1.000000 1.000000 1.000000
v -0.844289 6.143343 1.179250 1.000000 1.000000 1.000000 1.000000
v -0.439718 6.677035 0.798268 1.000000 1.000000 1.000000 1.000000
v -1.442790 5.529996 1.564365 1.000000 1.000000 1.000000 1.000000
v -1.887408 5.142600 1.804859 1.000000 1.000000 1.000000 1.000000
v -1.156797 5.928651 1.353609 1.000000 1.000000 1.000000 1.000000
v -0.542126 6.689459 0.789734 1.000000 1.000000 1.000000 1.000000
v -0.963358 6.331983 1.084048 1.000000 1.000000 1.000000 1.000000
v -2.675416 6.412382 1.072564 1.000000 1.000000 1.000000 1.000000
v -2.787409 6.636897 1.020824 1.000000 1.000000 1.000000 1.000000
v -2.573580 5.685023 1.344568 1.000000 1.000000 1.000000 1.000000
v -2.651147 5.600109 1.466239 1.000000 1.000000 1.000000 1.000000
v -2.815721 6.490020 1.126548 1.000000 1.000000 1.000000 1.000000
v -2.856142 6.638055 1.083501 1.000000 1.000000 1.000000 1.000000
v -2.735403 5.723672 1.470048 1.000000 1.000000 1.000000 1.000000
v -2.781143 6.032294 1.357856 1.000000 1.000000 1.000000 1.000000
v -2.819638 5.957918 1.385796 1.000000 1.000000 1.000000 1.000000
v -2.883496 6.637744 1.086590 1.000000 1.000000 1.000000 1.000000
v -2.833932 5.327223 1.465963 1.000000 1.000000 1.000000 1.000000
v -2.864576 6.073628 1.289998 1.000000 1.000000 1.000000 1.000000
v -2.868300 5.777876 1.201406 1.000000 1.000000 1.000000 1.000000
v -2.894650 6.400206 1.103454 1.000000 1.000000 1.000000 1.000000
v -2.906044 6.361606 1.020490 1.000000 1.000000 1.000000 1.000000
v -2.939799 6.616724 1.121625 1.000000 1.000000 1.000000 1.000000
v -2.962282 5.801821 1.105586 1.000000 1.000000 1.000000 1.000000
v -3.051424 6.323707 0.985256 1.000000 1.000000 1.000000 1.000000
v -2.999858 6.628499 1.118083 1.000000 1.000000 1.000000 1.000000
v -3.244927 5.472968 1.136083 1.000000 1.000000 1.000000 1.000000
v -3.320381 4.452540 1.364398 1.000000 1.000000 1.000000 1.000000
v -3.095833 6.337576 1.032484 1.000000 1.000000 1.000000 1.000000
v -3.420707 4.561279 1.397328 1.000000 1.000000 1.000000 1.000000
v -3.291950 5.792985 1.131895 1.000000 1.000000 1.000000 1.000000
v -3.227795 6.103535 1.155820 1.000000 1.000000 1.000000 1.000000
v -3.374208 5.334009 1.271500 1.000000 1.000000 1.000000 1.000000
v -3.453110 4.612869 1.422524 1.000000 1.000000 1.000000 1.000000
v -3.391369 5.049579 1.370878 1.000000 1.000000 1.000000 1.000000
v -3.445413 4.591617 1.461177 1.000000 1.000000 1.000000 1.000000
v 2.864958 6.077992 1.290289 1.000000 1.000000 1.000000 1.000000
v 2.863571 5.725353 1.230205 1.000000 1.000000 1.000000 1.000000
v 2.894649 6.400196 1.103455 1.000000 1.000000 1.000000 1.000000
v 2.910650 6.354437 1.016881 1.000000 1.000000 1.000000 1.000000
v 2.939031 6.616752 1.120785 1.000000 1.000000 1.000000 1.000000
v 2.962297 5.801518 1.105663 1.000000 1.000000 1.000000 1.000000
v 3.051440 6.323587 0.985226 1.000000 1.000000 1.000000 1.000000
v 2.999850 6.628496 1.118058 1.000000 1.000000 1.000000 1.000000
v 3.245185 5.471754 1.136372 1.000000 1.000000 1.000000 1.000000
v 3.095834 6.337569 1.032483 1.000000 1.000000 1.000000 1.000000
v 3.291945 5.792993 1.131896 1.000000 1.000000 1.000000 1.000000
v 3.227798 6.103528 1.155820 1.000000 1.000000 1.000000 1.000000
v 3.374212 5.333978 1.271507 1.000000 1.000000 1.000000 1.000000
v 3.453111 4.612864 1.422526 1.000000 1.000000 1.000000 1.000000
v 3.391380 5.049480 1.370893 1.000000 1.000000 1.000000 1.000000
v 3.445415 4.591620 1.461177 1.000000 1.000000 1.000000 1.000000
vt -0.901367 0.371582
vt -0.787598 0.372559
vt -0.896484 0.386719
vt -0.543457 0.343750
vt -0.672852 0.347168
vt -0.901367 0.367676
vt -0.757324 0.349609
vt -0.588379 0.326172
vt -0.734863 0.333984
vt -0.903320 0.352051
vt -0.909668 0.314453
vt -0.681152 0.298828
vt -0.911133 0.305664
vt -0.558594 0.294922
vt -0.711914 0.280762
vt -0.912598 0.292480
vt -0.453857 0.308105
vt -0.452637 0.326660
vt -0.377930 0.312012
vt -0.698242 0.262695
vt -0.915039 0.279785
vt -0.317139 0.264160
vt -0.646484 0.243652
vt -0.917480 0.264160
vt -0.477783 0.290039
vt -0.613281 0.232910
vt -0.919922 0.250977
vt -0.462891 0.243652
vt -0.336670 0.247559
vt -0.469482 0.233398
vt -0.335205 0.223145
vt -0.479004 0.229492
vt -0.349121 0.218262
vt -0.468994 0.219238
vt -0.367188 0.210449
vt -0.490967 0.214844
vt -0.352295 0.196777
vt -0.855469 0.219727
vt -0.929688 0.186523
vt -0.356689 0.188477
vt -0.876953 0.175781
vt -0.934082 0.159668
vt -0.593262 0.205566
vt -0.774414 0.192383
vt -0.754883 0.150879
vt -0.417480 0.183594
vt -0.636719 0.181152
vt -0.654785 0.148926
vt -0.411865 0.146484
vt -0.710449 0.135254
vt -0.936523 0.145020
vt -0.493896 0.144043
vt -0.536133 0.125000
vt -0.324219 0.120605
vt -0.578125 0.116211
vt -0.375977 0.112793
vt -0.787598 0.123535
vt -0.938965 0.129395
vt -0.428955 0.105957
vt -0.489258 0.096191
vt -0.429932 0.093750
vt -0.203491 0.064453
vt -0.315430 0.060059
vt -0.232422 0.088867
vt -0.249268 0.053711
vt -0.233032 0.062988
vt -0.141602 0.033691
vt -0.109009 0.030762
vt -0.113708 0.012695
vt -0.136963 0.008301
vt -0.119995 -0.008789
vt -0.218750 0.032227
vt -0.208252 0.021484
vt -0.122314 -0.018555
vt -0.315674 0.051758
vt -0.193848 0.008301
vt -0.571777 0.097168
vt -0.341064 0.049805
vt -0.822266 0.106445
vt -0.941406 0.116211
vt -0.578125 0.076172
vt -0.847656 0.093750
vt -0.948730 0.062012
vt -0.729004 0.070312
vt -0.800781 0.053223
vt -0.952637 0.030273
vt -0.727539 0.024414
vt -0.953125 0.019043
vt -0.572266 0.056152
vt -0.508301 -0.000977
vt -0.415283 0.042969
vt -0.426270 0.034668
vt -0.236206 0.005371
vt -0.153076 -0.016602
vt -0.159424 -0.027344
vt -0.124939 -0.039062
vt -0.227417 -0.013672
vt -0.166504 -0.045898
vt -0.128052 -0.066406
vt -0.273682 -0.032227
vt -0.400879 -0.008789
vt -0.390625 -0.024414
vt -0.237793 -0.050781
vt -0.166260 -0.055664
vt -0.200073 -0.065430
vt -0.133301 -0.089844
vt -0.216431 -0.073242
vt -0.137573 -0.102539
vt -0.296631 -0.047852
vt -0.204956 -0.087891
vt -0.333496 -0.049805
vt -0.386230 -0.033203
vt -0.547363 -0.004883
vt -0.480713 -0.020508
vt -0.628906 -0.003906
vt -0.955566 0.004883
vt -0.390137 -0.038086
vt -0.595703 -0.013672
vt -0.956543 -0.007812
vt -0.542969 -0.023438
vt -0.451660 -0.036133
vt -0.586914 -0.017578
vt -0.885254 -0.024414
vt -0.958008 -0.015625
vt -0.696289 -0.036133
vt -0.899414 -0.048828
vt -0.959961 -0.039062
vt -0.450195 -0.046875
vt -0.613281 -0.074219
vt -0.160400 -0.103516
vt -0.486084 -0.069336
vt -0.241333 -0.101562
vt -0.202759 -0.116211
vt -0.138306 -0.124023
vt -0.293457 -0.103516
vt -0.481934 -0.083984
vt -0.900879 -0.076172
vt -0.962402 -0.058594
vt -0.527344 -0.098633
vt -0.266602 -0.114258
vt -0.895020 -0.086914
vt -0.962402 -0.073242
vt -0.378906 -0.117188
vt -0.891602 -0.098633
vt -0.520020 -0.109375
vt -0.966309 -0.113281
vt -0.249878 -0.122070
vt -0.331543 -0.130859
vt -0.183472 -0.133789
vt -0.137939 -0.150391
vt -0.263184 -0.132812
vt -0.156982 -0.159180
vt -0.145020 -0.181641
vt -0.485596 -0.123047
vt -0.277344 -0.156250
vt -0.195557 -0.167969
vt -0.222534 -0.170898
vt -0.157959 -0.187500
vt -0.340576 -0.158203
vt -0.401367 -0.144531
vt -0.617188 -0.119141
vt -0.734375 -0.124023
vt -0.913574 -0.111328
vt -0.941406 -0.125000
vt -0.968750 -0.135742
vt -0.941895 -0.153320
vt -0.973145 -0.206055
vt -0.892090 -0.136719
vt -0.913574 -0.207031
vt -0.914062 -0.218750
vt -0.975098 -0.228516
vt -0.844238 -0.166016
vt -0.764648 -0.145508
vt -0.821289 -0.200195
vt -0.737305 -0.177734
vt -0.665527 -0.144531
vt -0.482422 -0.158203
vt -0.583496 -0.203125
vt -0.498535 -0.175781
vt -0.278320 -0.172852
vt -0.291260 -0.182617
vt -0.185791 -0.199219
vt -0.156250 -0.210938
vt -0.206177 -0.207031
vt -0.143921 -0.236328
vt -0.448486 -0.193359
vt -0.262939 -0.221680
vt -0.191772 -0.225586
vt -0.384521 -0.220703
vt -0.277100 -0.232422
vt -0.207520 -0.233398
vt -0.473389 -0.219727
vt -0.421143 -0.235352
vt -0.611816 -0.212891
vt -0.631348 -0.225586
vt -0.766113 -0.217773
vt -0.864746 -0.227539
vt -0.627441 -0.237305
vt -0.735840 -0.244141
vt -0.925293 -0.244141
vt -0.976074 -0.246094
vt -0.519531 -0.249023
vt -0.910156 -0.260742
vt -0.406250 -0.249023
vt -0.683105 -0.259766
vt -0.395264 -0.257812
vt -0.325684 -0.249023
vt -0.325439 -0.258789
vt -0.272705 -0.248047
vt -0.256348 -0.262695
vt -0.201538 -0.248047
vt -0.229736 -0.262695
vt -0.168335 -0.255859
vt -0.146484 -0.269531
vt -0.150635 -0.284180
vt -0.149902 -0.307617
vt -0.300537 -0.267578
vt -0.173828 -0.306641
vt -0.164917 -0.295898
vt -0.425537 -0.267578
vt -0.317871 -0.279297
vt -0.238892 -0.305664
vt -0.463867 -0.293945
vt -0.632324 -0.274414
vt -0.430908 -0.307617
vt -0.257324 -0.312500
vt -0.199585 -0.317383
vt -0.147705 -0.330078
vt -0.660645 -0.301758
vt -0.214355 -0.326172
vt -0.915039 -0.289062
vt -0.975586 -0.275391
vt -0.711426 -0.323242
vt -0.924805 -0.325195
vt -0.975098 -0.298828
vt -0.456787 -0.323242
vt -0.819336 -0.344727
vt -0.937012 -0.350586
vt -0.975586 -0.360352
vt -0.934082 -0.363281
vt -0.977539 -0.375000
vt -0.877441 -0.362305
vt -0.682617 -0.348633
vt -0.301758 -0.324219
vt -0.773926 -0.366211
vt -0.283447 -0.330078
vt -0.556641 -0.352539
vt -0.309082 -0.342773
vt -0.222412 -0.337891
vt -0.148071 -0.349609
vt -0.165649 -0.347656
vt -0.214722 -0.365234
vt -0.150024 -0.375977
vt -0.267334 -0.358398
vt -0.408936 -0.357422
vt -0.312256 -0.367188
vt -0.530273 -0.366211
vt -0.257324 -0.375000
vt -0.471436 -0.375977
vt -0.902832 -0.378906
vt -0.977539 -0.392578
vt -0.427002 -0.383789
vt -0.199951 -0.380859
vt -0.149536 -0.393555
vt -0.273193 -0.384766
vt -0.575195 -0.394531
vt -0.181885 -0.391602
vt -0.433594 -0.393555
vt -0.298584 -0.392578
vt -0.394287 -0.408203
vt -0.322998 -0.418945
vt -0.541992 -0.410156
vt -0.476807 -0.422852
vt -0.903320 -0.383789
vt -0.801270 -0.408203
vt -0.902344 -0.386719
vt -0.977051 -0.413086
vt -0.791504 -0.465820
vt -0.944824 -0.472656
vt -0.967773 -0.514648
vt -0.901367 -0.441406
vt -0.962402 -0.515625
vt -0.910645 -0.479492
vt -0.834473 -0.489258
vt -0.589844 -0.451172
vt -0.927246 -0.521484
vt -0.966797 -0.546875
vt -0.418457 -0.428711
vt -0.561035 -0.466797
vt -0.645996 -0.495117
vt -0.429443 -0.463867
vt -0.281982 -0.420898
vt -0.326172 -0.430664
vt -0.165649 -0.409180
vt -0.146606 -0.425781
vt -0.268555 -0.424805
vt -0.202759 -0.419922
vt -0.235474 -0.435547
vt -0.227417 -0.442383
vt -0.144653 -0.446289
vt -0.318604 -0.437500
vt -0.193970 -0.452148
vt -0.352783 -0.465820
vt -0.291016 -0.458008
vt -0.194702 -0.469727
vt -0.146606 -0.464844
vt -0.270508 -0.481445
vt -0.199097 -0.476562
vt -0.143555 -0.478516
vt -0.259033 -0.488281
vt -0.334473 -0.492188
vt -0.410645 -0.471680
vt -0.240723 -0.500000
vt -0.143311 -0.490234
vt -0.319580 -0.505859
vt -0.386719 -0.507812
vt -0.179810 -0.505859
vt -0.148315 -0.516602
vt -0.264893 -0.511719
vt -0.399170 -0.521484
vt -0.564453 -0.511719
vt -0.470215 -0.522461
vt -0.680664 -0.517578
vt -0.642578 -0.540039
vt -0.919922 -0.536133
vt -0.645020 -0.528320
vt -0.950684 -0.553711
vt -0.882324 -0.550781
vt -0.966309 -0.554688
vt -0.437012 -0.537109
vt -0.722168 -0.563477
vt -0.220947 -0.518555
vt -0.494873 -0.550781
vt -0.310791 -0.536133
vt -0.157227 -0.527344
vt -0.246704 -0.531250
vt -0.313721 -0.561523
vt -0.469971 -0.562500
vt -0.756348 -0.583984
vt -0.612793 -0.598633
vt -0.879883 -0.578125
vt -0.908691 -0.605469
vt -0.841797 -0.627930
vt -0.923340 -0.630859
vt -0.960449 -0.634766
vt -0.952148 -0.708008
vt -0.379150 -0.596680
vt -0.828613 -0.665039
vt -0.194702 -0.541992
vt -0.739746 -0.640625
vt -0.355957 -0.595703
vt -0.169067 -0.541992
vt -0.141724 -0.536133
vt -0.368652 -0.607422
vt -0.186401 -0.560547
vt -0.135254 -0.572266
vt -0.337158 -0.603516
vt -0.200562 -0.574219
vt -0.165527 -0.575195
vt -0.308594 -0.606445
vt -0.176025 -0.591797
vt -0.186035 -0.597656
vt -0.132446 -0.590820
vt -0.266113 -0.613281
vt -0.399170 -0.634766
vt -0.356934 -0.637695
vt -0.220215 -0.613281
vt -0.299072 -0.634766
vt -0.200928 -0.624023
vt -0.130859 -0.602539
vt -0.312744 -0.656250
vt -0.383789 -0.662109
vt -0.224365 -0.641602
vt -0.128540 -0.621094
vt -0.319824 -0.668945
vt -0.220093 -0.654297
vt -0.155640 -0.640625
vt -0.125000 -0.637695
vt -0.349365 -0.686523
vt -0.419189 -0.679688
vt -0.451660 -0.662109
vt -0.651855 -0.686523
vt -0.430420 -0.633789
vt -0.677734 -0.697266
vt -0.867676 -0.701172
vt -0.638184 -0.652344
vt -0.904297 -0.701172
vt -0.900879 -0.709961
vt -0.917480 -0.690430
vt -0.952637 -0.721680
vt -0.838867 -0.716797
vt -0.904785 -0.719727
vt -0.531738 -0.720703
vt -0.341553 -0.694336
vt -0.754395 -0.738281
vt -0.562500 -0.732422
vt -0.243530 -0.676758
vt -0.403076 -0.721680
vt -0.735352 -0.765625
vt -0.178711 -0.671875
vt -0.367432 -0.724609
vt -0.198242 -0.694336
vt -0.427002 -0.753906
vt -0.582031 -0.772461
vt -0.161743 -0.674805
vt -0.119812 -0.654297
vt -0.427734 -0.772461
vt -0.302246 -0.740234
vt -0.241943 -0.723633
vt -0.166504 -0.684570
vt -0.122437 -0.667969
vt -0.107422 -0.686523
vt -0.244751 -0.733398
vt -0.192261 -0.709961
vt -0.142700 -0.693359
vt -0.216187 -0.741211
vt -0.140503 -0.696289
vt -0.317871 -0.765625
vt -0.280029 -0.762695
vt -0.203247 -0.754883
vt -0.514160 -0.805664
vt -0.129150 -0.717773
vt -0.595215 -0.801758
vt -0.103882 -0.705078
vt -0.085266 -0.713867
vt -0.859863 -0.805664
vt -0.869141 -0.769531
vt -0.908691 -0.727539
vt -0.950684 -0.734375
vt -0.859863 -0.832031
vt -0.902344 -0.815430
vt -0.938477 -0.814453
vt -0.931152 -0.869141
vt -0.905762 -0.856445
vt -0.930664 -0.879883
vt -0.802246 -0.847656
vt -0.607910 -0.833984
vt -0.841309 -0.869141
vt -0.903320 -0.895508
vt -0.930664 -0.909180
vt -0.473877 -0.824219
vt -0.865723 -0.902344
vt -0.929688 -0.931641
vt -0.869629 -0.983398
vt -0.923340 -0.989258
vt -0.850098 -0.881836
vt -0.843262 -0.900391
vt -0.784180 -0.979492
vt -0.624023 -0.854492
vt -0.445068 -0.852539
vt -0.446533 -0.834961
vt -0.314453 -0.816406
vt -0.694824 -0.906250
vt -0.257568 -0.777344
vt -0.645996 -0.921875
vt -0.205688 -0.773438
vt -0.489502 -0.955078
vt -0.186035 -0.772461
vt -0.428467 -0.856445
vt -0.379639 -0.856445
vt -0.484375 -0.914062
vt -0.322266 -0.886719
vt -0.361328 -0.928711
vt -0.400879 -0.873047
vt -0.254395 -0.873047
vt -0.248657 -0.893555
vt -0.270264 -0.853516
vt -0.267578 -0.829102
vt -0.134766 -0.777344
vt -0.136597 -0.757812
vt -0.160034 -0.806641
vt -0.118225 -0.758789
vt -0.152100 -0.813477
vt -0.144409 -0.833008
vt -0.105042 -0.774414
vt -0.078613 -0.734375
vt -0.096191 -0.783203
vt 0.679199 0.372559
vt 0.792480 0.371582
vt 0.787598 0.386719
vt 0.434570 0.343750
vt 0.564453 0.347168
vt 0.792969 0.367676
vt 0.648926 0.349609
vt 0.479736 0.326172
vt 0.625977 0.333984
vt 0.794434 0.352051
vt 0.800781 0.314453
vt 0.572266 0.298828
vt 0.802734 0.305664
vt 0.449951 0.294922
vt 0.603027 0.280762
vt 0.804199 0.292480
vt 0.345215 0.308105
vt 0.343750 0.326660
vt 0.269287 0.312012
vt 0.589355 0.262695
vt 0.806152 0.279785
vt 0.208496 0.264160
vt 0.537598 0.243652
vt 0.808594 0.264160
vt 0.369141 0.290039
vt 0.504395 0.232910
vt 0.811523 0.250977
vt 0.354248 0.243652
vt 0.382080 0.214844
vt 0.360840 0.233398
vt 0.226562 0.223145
vt 0.370361 0.229492
vt 0.240479 0.218262
vt 0.258545 0.210449
vt 0.360352 0.219238
vt 0.228149 0.247559
vt 0.088806 0.191406
vt 0.059814 0.182617
vt 0.047272 0.152344
vt 0.132812 0.247070
vt 0.189087 0.293945
vt 0.024155 0.220703
vt -0.049225 0.097168
vt -0.050720 0.128418
vt -0.017563 0.148926
vt -0.044891 0.105469
vt -0.009048 0.113281
vt -0.021133 0.075684
vt -0.002928 0.097168
vt 0.179565 0.194336
vt 0.030319 0.112305
vt 0.009895 0.083984
vt -0.010757 0.061035
vt 0.069946 0.126465
vt 0.243652 0.196777
vt 0.055298 0.115723
vt 0.014359 0.071777
vt 0.248047 0.188477
vt 0.004898 0.060547
vt -0.006538 0.044922
vt 0.017853 0.060547
vt 0.051270 0.074707
vt 0.000356 0.030762
vt 0.045380 0.083496
vt 0.012138 0.064941
vt 0.033173 0.052734
vt 0.101196 0.119141
vt 0.094788 0.064453
vt 0.061127 0.110352
vt 0.152710 0.147461
vt 0.100708 0.105469
vt 0.095398 0.099609
vt 0.123779 0.088867
vt 0.215576 0.120605
vt 0.181396 0.137207
vt 0.308838 0.183594
vt 0.302979 0.146484
vt 0.268311 0.112793
vt 0.385254 0.144043
vt 0.527832 0.181152
vt 0.484375 0.205566
vt 0.746582 0.219727
vt 0.820801 0.186523
vt 0.665527 0.192383
vt 0.768066 0.175781
vt 0.825195 0.159668
vt 0.545410 0.148926
vt 0.645996 0.150879
vt 0.429199 0.124512
vt 0.441162 0.119141
vt 0.320801 0.105469
vt 0.754395 0.138184
vt 0.828613 0.143555
vt 0.397217 0.104492
vt 0.792969 0.130371
vt 0.830566 0.130371
vt 0.246460 0.074219
vt 0.699219 0.111328
vt 0.432129 0.100098
vt 0.710938 0.104492
vt 0.832520 0.117188
vt 0.839844 0.063477
vt 0.468018 0.084473
vt 0.619141 0.069336
vt 0.681152 0.051270
vt 0.843750 0.030762
vt 0.620117 0.023438
vt 0.844727 0.018555
vt 0.463135 0.056641
vt 0.399902 -0.000977
vt 0.303955 0.043457
vt 0.317627 0.034668
vt 0.438721 -0.004883
vt 0.308105 0.060547
vt 0.520020 -0.003906
vt 0.846680 0.004883
vt 0.200806 0.054199
vt 0.486816 -0.013672
vt 0.848145 -0.007812
vt 0.372070 -0.020508
vt 0.478271 -0.017578
vt 0.776855 -0.024414
vt 0.849121 -0.015625
vt 0.434570 -0.023438
vt 0.790527 -0.048828
vt 0.851562 -0.039062
vt 0.587402 -0.036133
vt 0.791992 -0.076172
vt 0.853516 -0.058594
vt 0.504395 -0.074219
vt 0.786621 -0.086914
vt 0.853516 -0.073242
vt 0.373291 -0.083984
vt 0.782715 -0.098633
vt 0.857910 -0.113281
vt 0.418457 -0.098633
vt 0.411621 -0.109375
vt 0.377197 -0.069336
vt 0.184814 -0.103516
vt 0.270264 -0.117188
vt 0.132568 -0.101562
vt 0.157837 -0.114258
vt 0.341553 -0.046875
vt 0.094116 -0.116211
vt 0.051788 -0.103516
vt 0.343018 -0.036133
vt 0.096252 -0.087891
vt 0.029922 -0.107422
vt 0.029694 -0.124023
vt 0.107666 -0.073242
vt 0.024765 -0.089844
vt 0.141235 -0.122070
vt 0.074768 -0.133789
vt 0.029251 -0.150391
vt 0.223022 -0.130859
vt 0.154419 -0.132812
vt 0.048340 -0.159180
vt 0.036377 -0.181641
vt 0.376953 -0.123047
vt 0.168701 -0.156250
vt 0.086853 -0.167969
vt 0.113831 -0.170898
vt 0.049286 -0.187500
vt 0.231934 -0.158203
vt 0.292480 -0.144531
vt 0.508789 -0.119141
vt 0.625488 -0.124023
vt 0.805176 -0.111328
vt 0.833008 -0.125000
vt 0.859863 -0.135742
vt 0.833008 -0.153320
vt 0.864258 -0.206055
vt 0.783203 -0.136719
vt 0.805176 -0.207031
vt 0.805176 -0.218750
vt 0.866699 -0.228516
vt 0.735352 -0.166016
vt 0.712402 -0.200195
vt 0.655762 -0.145508
vt 0.628418 -0.177734
vt 0.556641 -0.144531
vt 0.373535 -0.158203
vt 0.474854 -0.203125
vt 0.389648 -0.175781
vt 0.169556 -0.172852
vt 0.182617 -0.182617
vt 0.077087 -0.199219
vt 0.047638 -0.210938
vt 0.097412 -0.207031
vt 0.035278 -0.236328
vt 0.339600 -0.193359
vt 0.154297 -0.221680
vt 0.083069 -0.225586
vt 0.275879 -0.220703
vt 0.168457 -0.232422
vt 0.098877 -0.233398
vt 0.364746 -0.219727
vt 0.312500 -0.235352
vt 0.502930 -0.212891
vt 0.522461 -0.225586
vt 0.657227 -0.217773
vt 0.755859 -0.227539
vt 0.519043 -0.237305
vt 0.626953 -0.244141
vt 0.816406 -0.244141
vt 0.867188 -0.246094
vt 0.410889 -0.249023
vt 0.801270 -0.260742
vt 0.297607 -0.249023
vt 0.574219 -0.259766
vt 0.286621 -0.257812
vt 0.806152 -0.289062
vt 0.866699 -0.275391
vt 0.523438 -0.274414
vt 0.816406 -0.325195
vt 0.866211 -0.298828
vt 0.551758 -0.301758
vt 0.828613 -0.350586
vt 0.866699 -0.360352
vt 0.602051 -0.323242
vt 0.825684 -0.363281
vt 0.868652 -0.375000
vt 0.710938 -0.344727
vt 0.768555 -0.362305
vt 0.785156 -0.375000
vt 0.869141 -0.392578
vt 0.573730 -0.348633
vt 0.347656 -0.323242
vt 0.322266 -0.307617
vt 0.665039 -0.366211
vt 0.355225 -0.293945
vt 0.316895 -0.267578
vt 0.130249 -0.305664
vt 0.209229 -0.279297
vt 0.191772 -0.267578
vt 0.148682 -0.312500
vt 0.056305 -0.295898
vt 0.065186 -0.306641
vt 0.041962 -0.284180
vt 0.216797 -0.258789
vt 0.147827 -0.262695
vt 0.217163 -0.249023
vt 0.164185 -0.248047
vt 0.121033 -0.262695
vt 0.092896 -0.248047
vt 0.059631 -0.255859
vt 0.037781 -0.269531
vt 0.041260 -0.307617
vt 0.090942 -0.317383
vt 0.039093 -0.330078
vt 0.192993 -0.324219
vt 0.105713 -0.326172
vt 0.447754 -0.352539
vt 0.174683 -0.330078
vt 0.113770 -0.337891
vt 0.039459 -0.349609
vt 0.200439 -0.342773
vt 0.057007 -0.347656
vt 0.106140 -0.365234
vt 0.041382 -0.376953
vt 0.158691 -0.358398
vt 0.300293 -0.357422
vt 0.203491 -0.367188
vt 0.421387 -0.366211
vt 0.150024 -0.375000
vt 0.366943 -0.375977
vt 0.091309 -0.380859
vt 0.040588 -0.393555
vt 0.334717 -0.382812
vt 0.165405 -0.384766
vt 0.448486 -0.389648
vt 0.071106 -0.391602
vt 0.351074 -0.394531
vt 0.191162 -0.392578
vt 0.223511 -0.405273
vt 0.349854 -0.409180
vt 0.230103 -0.418945
vt 0.447021 -0.412109
vt 0.343994 -0.426758
vt 0.190552 -0.423828
vt 0.053650 -0.409180
vt 0.038086 -0.425781
vt 0.349609 -0.436523
vt 0.173828 -0.424805
vt 0.474121 -0.447266
vt 0.097168 -0.419922
vt 0.221680 -0.437500
vt 0.175293 -0.437500
vt 0.104187 -0.433594
vt 0.116455 -0.442383
vt 0.035950 -0.446289
vt 0.230591 -0.459961
vt 0.085327 -0.452148
vt 0.178589 -0.458008
vt 0.039337 -0.463867
vt 0.176270 -0.474609
vt 0.318604 -0.463867
vt 0.281494 -0.466797
vt 0.471680 -0.474609
vt 0.164795 -0.482422
vt 0.089478 -0.476562
vt 0.034912 -0.478516
vt 0.150269 -0.488281
vt 0.225952 -0.492188
vt 0.132080 -0.500000
vt 0.034698 -0.490234
vt 0.210938 -0.505859
vt 0.071167 -0.505859
vt 0.039642 -0.516602
vt 0.156250 -0.511719
vt 0.278076 -0.507812
vt 0.290527 -0.521484
vt 0.112305 -0.518555
vt 0.361328 -0.522461
vt 0.328369 -0.537109
vt 0.533691 -0.540039
vt 0.536133 -0.515625
vt 0.536133 -0.528320
vt 0.773926 -0.550781
vt 0.811035 -0.536133
vt 0.550293 -0.500000
vt 0.811523 -0.526367
vt 0.755371 -0.504883
vt 0.857910 -0.546875
vt 0.853516 -0.515625
vt 0.841797 -0.553711
vt 0.857422 -0.554688
vt 0.793457 -0.479492
vt 0.835938 -0.472656
vt 0.859375 -0.514648
vt 0.868652 -0.413086
vt 0.669434 -0.469727
vt 0.793457 -0.444336
vt 0.793457 -0.386719
vt 0.679688 -0.416016
vt 0.794434 -0.383789
vt 0.613281 -0.563477
vt 0.771484 -0.578125
vt 0.385986 -0.550781
vt 0.799805 -0.605469
vt 0.647949 -0.583984
vt 0.814453 -0.630859
vt 0.852051 -0.634766
vt 0.843750 -0.707031
vt 0.733398 -0.627930
vt 0.361328 -0.562500
vt 0.202148 -0.536133
vt 0.503906 -0.598633
vt 0.205078 -0.561523
vt 0.138062 -0.531250
vt 0.048615 -0.527344
vt 0.270508 -0.596680
vt 0.085999 -0.541992
vt 0.060486 -0.541992
vt 0.033142 -0.536133
vt 0.247437 -0.595703
vt 0.630859 -0.640625
vt 0.260010 -0.607422
vt 0.719727 -0.665039
vt 0.077759 -0.560547
vt 0.809082 -0.690430
vt 0.026611 -0.572266
vt 0.795410 -0.701172
vt 0.228516 -0.602539
vt 0.529297 -0.652344
vt 0.797363 -0.710938
vt 0.843750 -0.721680
vt 0.750488 -0.699219
vt 0.320312 -0.633789
vt 0.543457 -0.686523
vt 0.091858 -0.574219
vt 0.343018 -0.662109
vt 0.056946 -0.575195
vt 0.290527 -0.634766
vt 0.200073 -0.606445
vt 0.067383 -0.591797
vt 0.077393 -0.597656
vt 0.157593 -0.613281
vt 0.023834 -0.590820
vt 0.248291 -0.637695
vt 0.275146 -0.662109
vt 0.190552 -0.634766
vt 0.111572 -0.613281
vt 0.092224 -0.624023
vt 0.022247 -0.602539
vt 0.203979 -0.656250
vt 0.115662 -0.641602
vt 0.019882 -0.621094
vt 0.211182 -0.668945
vt 0.350830 -0.679688
vt 0.111450 -0.654297
vt 0.240723 -0.686523
vt 0.734375 -0.715820
vt 0.046997 -0.640625
vt 0.016388 -0.637695
vt 0.233032 -0.694336
vt 0.423096 -0.720703
vt 0.796387 -0.719727
vt 0.453857 -0.732422
vt 0.799805 -0.727539
vt 0.842285 -0.734375
vt 0.645508 -0.738281
vt 0.760742 -0.769531
vt 0.793945 -0.815430
vt 0.829590 -0.814453
vt 0.822266 -0.869141
vt 0.750977 -0.805664
vt 0.626465 -0.765625
vt 0.750977 -0.832031
vt 0.796875 -0.856445
vt 0.822266 -0.879883
vt 0.486328 -0.801758
vt 0.794922 -0.895508
vt 0.821777 -0.909180
vt 0.693848 -0.847656
vt 0.756836 -0.902344
vt 0.820801 -0.931641
vt 0.732422 -0.869141
vt 0.760742 -0.983398
vt 0.814941 -0.989258
vt 0.405518 -0.805664
vt 0.734375 -0.900391
vt 0.675293 -0.979492
vt 0.741699 -0.881836
vt 0.585938 -0.906250
vt 0.335938 -0.852539
vt 0.515137 -0.853516
vt 0.537109 -0.921875
vt 0.380615 -0.955078
vt 0.319580 -0.856445
vt 0.337646 -0.834961
vt 0.375488 -0.914062
vt 0.205811 -0.816406
vt 0.365234 -0.824219
vt 0.499268 -0.833984
vt 0.209351 -0.765625
vt 0.171509 -0.762695
vt 0.148804 -0.777344
vt 0.097046 -0.773438
vt 0.094543 -0.754883
vt 0.270996 -0.856445
vt 0.020554 -0.717773
vt 0.077393 -0.772461
vt 0.292236 -0.873047
vt 0.158813 -0.829102
vt 0.161621 -0.853516
vt 0.213501 -0.886719
vt 0.252686 -0.928711
vt 0.026169 -0.777344
vt 0.027954 -0.757812
vt -0.004768 -0.705078
vt 0.051331 -0.806641
vt 0.145752 -0.873047
vt 0.139893 -0.893555
vt 0.009575 -0.758789
vt 0.043396 -0.813477
vt 0.035797 -0.833008
vt -0.023376 -0.713867
vt -0.003599 -0.774414
vt -0.012482 -0.783203
vt -0.030045 -0.734375
vt -0.001263 -0.686523
vt 0.031860 -0.696289
vt 0.107544 -0.741211
vt 0.034119 -0.693359
vt 0.013786 -0.667969
vt 0.011154 -0.654297
vt 0.083557 -0.709961
vt 0.135986 -0.733398
vt 0.057831 -0.684570
vt 0.133301 -0.723633
vt 0.053131 -0.674805
vt 0.193481 -0.740234
vt 0.089600 -0.694336
vt 0.318848 -0.772461
vt 0.318115 -0.753906
vt 0.473389 -0.772461
vt 0.294434 -0.721680
vt 0.258545 -0.724609
vt 0.134766 -0.676758
vt 0.070068 -0.671875
vt -0.787598 0.372559
vt -0.901367 0.371582
vt -0.896484 0.386719
vt -0.543457 0.343750
vt -0.672852 0.347168
vt -0.901367 0.367676
vt -0.757324 0.349609
vt -0.588379 0.326172
vt -0.734863 0.333984
vt -0.903320 0.352051
vt -0.909668 0.314453
vt -0.681152 0.298828
vt -0.911133 0.305664
vt -0.558594 0.294922
vt -0.711914 0.280762
vt -0.912598 0.292480
vt -0.453857 0.308105
vt -0.452637 0.326660
vt -0.377930 0.312012
vt -0.698242 0.262695
vt -0.915039 0.279785
vt -0.317139 0.264160
vt -0.646484 0.243652
vt -0.917480 0.264160
vt -0.477783 0.290039
vt -0.613281 0.232910
vt -0.919922 0.250977
vt -0.462891 0.243652
vt -0.490967 0.214844
vt -0.469482 0.233398
vt -0.335205 0.223145
vt -0.479004 0.229492
vt -0.349121 0.218262
vt -0.367188 0.210449
vt -0.468994 0.219238
vt -0.336670 0.247559
vt -0.197510 0.191406
vt -0.168457 0.182617
vt -0.156006 0.152344
vt -0.241455 0.247070
vt -0.297852 0.293945
vt -0.132812 0.220703
vt -0.099609 0.113281
vt -0.063782 0.105469
vt -0.091125 0.148926
vt -0.059448 0.097168
vt -0.057953 0.128418
vt -0.087524 0.075684
vt -0.105713 0.097168
vt -0.288330 0.194336
vt -0.139038 0.112305
vt -0.118591 0.083984
vt -0.097900 0.061035
vt -0.178589 0.126465
vt -0.352295 0.196777
vt -0.163940 0.115723
vt -0.123047 0.071777
vt -0.356689 0.188477
vt -0.113586 0.060547
vt -0.102112 0.044922
vt -0.126465 0.060547
vt -0.159912 0.074707
vt -0.109009 0.030762
vt -0.154053 0.083496
vt -0.120789 0.064941
vt -0.141846 0.052734
vt -0.209839 0.119141
vt -0.203491 0.064453
vt -0.169800 0.110352
vt -0.261475 0.147461
vt -0.209351 0.105469
vt -0.204102 0.099609
vt -0.232422 0.088867
vt -0.324219 0.120605
vt -0.290039 0.137207
vt -0.417480 0.183594
vt -0.411865 0.146484
vt -0.375977 0.112793
vt -0.493896 0.144043
vt -0.636719 0.181152
vt -0.593262 0.205566
vt -0.855469 0.219727
vt -0.929688 0.186523
vt -0.774414 0.192383
vt -0.876953 0.175781
vt -0.934082 0.159668
vt -0.654785 0.148926
vt -0.754883 0.150879
vt -0.536133 0.125000
vt -0.710449 0.135254
vt -0.936523 0.145020
vt -0.428955 0.105957
vt -0.578125 0.116211
vt -0.787598 0.123535
vt -0.938965 0.129395
vt -0.489258 0.096191
vt -0.429932 0.093750
vt -0.233032 0.062988
vt -0.141602 0.033691
vt -0.113708 0.012695
vt -0.249268 0.053711
vt -0.315430 0.060059
vt -0.136963 0.008301
vt -0.119995 -0.008789
vt -0.218750 0.032227
vt -0.208252 0.021484
vt -0.122314 -0.018555
vt -0.315674 0.051758
vt -0.571777 0.097168
vt -0.341064 0.049805
vt -0.822266 0.106445
vt -0.941406 0.116211
vt -0.578125 0.076172
vt -0.847656 0.093750
vt -0.948730 0.062012
vt -0.729004 0.070312
vt -0.800781 0.053223
vt -0.952637 0.030273
vt -0.727539 0.024414
vt -0.953125 0.019043
vt -0.572266 0.056152
vt -0.508301 -0.000977
vt -0.415283 0.042969
vt -0.426270 0.034668
vt -0.547363 -0.004883
vt -0.400879 -0.008789
vt -0.628906 -0.003906
vt -0.955566 0.004883
vt -0.390625 -0.024414
vt -0.480713 -0.020508
vt -0.595703 -0.013672
vt -0.956543 -0.007812
vt -0.586914 -0.017578
vt -0.885254 -0.024414
vt -0.958008 -0.015625
vt -0.542969 -0.023438
vt -0.899414 -0.048828
vt -0.959961 -0.039062
vt -0.696289 -0.036133
vt -0.900879 -0.076172
vt -0.962402 -0.058594
vt -0.613281 -0.074219
vt -0.895020 -0.086914
vt -0.962402 -0.073242
vt -0.481934 -0.083984
vt -0.891602 -0.098633
vt -0.966309 -0.113281
vt -0.527344 -0.098633
vt -0.520020 -0.109375
vt -0.486084 -0.069336
vt -0.293457 -0.103516
vt -0.378906 -0.117188
vt -0.266602 -0.114258
vt -0.241333 -0.101562
vt -0.202759 -0.116211
vt -0.450195 -0.046875
vt -0.160400 -0.103516
vt -0.451660 -0.036133
vt -0.204956 -0.087891
vt -0.138550 -0.107422
vt -0.138306 -0.124023
vt -0.216309 -0.073242
vt -0.133423 -0.089844
vt -0.249878 -0.122070
vt -0.183472 -0.133789
vt -0.137939 -0.150391
vt -0.331543 -0.130859
vt -0.263184 -0.132812
vt -0.156982 -0.159180
vt -0.145020 -0.181641
vt -0.485596 -0.123047
vt -0.277344 -0.156250
vt -0.195557 -0.167969
vt -0.222534 -0.170898
vt -0.157959 -0.187500
vt -0.340576 -0.158203
vt -0.401367 -0.144531
vt -0.617188 -0.119141
vt -0.734375 -0.124023
vt -0.913574 -0.111328
vt -0.941406 -0.125000
vt -0.968750 -0.135742
vt -0.941895 -0.153320
vt -0.973145 -0.206055
vt -0.892090 -0.136719
vt -0.913574 -0.207031
vt -0.914062 -0.218750
vt -0.975098 -0.228516
vt -0.844238 -0.166016
vt -0.821289 -0.200195
vt -0.764648 -0.145508
vt -0.737305 -0.177734
vt -0.665527 -0.144531
vt -0.482422 -0.158203
vt -0.583496 -0.203125
vt -0.498535 -0.175781
vt -0.278320 -0.172852
vt -0.291260 -0.182617
vt -0.185791 -0.199219
vt -0.156250 -0.210938
vt -0.206177 -0.207031
vt -0.143921 -0.236328
vt -0.448486 -0.193359
vt -0.262939 -0.221680
vt -0.191772 -0.225586
vt -0.384521 -0.220703
vt -0.277100 -0.232422
vt -0.207520 -0.233398
vt -0.473389 -0.219727
vt -0.421143 -0.235352
vt -0.611816 -0.212891
vt -0.631348 -0.225586
vt -0.766113 -0.217773
vt -0.864746 -0.227539
vt -0.627441 -0.237305
vt -0.406250 -0.249023
vt -0.735840 -0.244141
vt -0.925293 -0.244141
vt -0.976074 -0.246094
vt -0.519531 -0.249023
vt -0.683105 -0.259766
vt -0.910156 -0.260742
vt -0.915039 -0.289062
vt -0.975586 -0.275391
vt -0.395264 -0.257812
vt -0.632324 -0.274414
vt -0.924805 -0.325195
vt -0.975098 -0.298828
vt -0.660645 -0.301758
vt -0.937012 -0.350586
vt -0.975586 -0.360352
vt -0.711426 -0.323242
vt -0.934082 -0.363281
vt -0.977539 -0.375000
vt -0.819336 -0.344727
vt -0.877441 -0.362305
vt -0.430908 -0.307617
vt -0.456787 -0.323242
vt -0.682617 -0.348633
vt -0.902832 -0.378906
vt -0.977539 -0.392578
vt -0.773926 -0.366211
vt -0.301758 -0.324219
vt -0.556641 -0.352539
vt -0.257324 -0.312500
vt -0.530273 -0.366211
vt -0.238892 -0.305664
vt -0.471436 -0.375977
vt -0.463867 -0.293945
vt -0.425537 -0.267578
vt -0.317871 -0.279297
vt -0.300537 -0.267578
vt -0.164917 -0.295898
vt -0.173828 -0.306641
vt -0.150635 -0.284180
vt -0.325439 -0.258789
vt -0.256348 -0.262695
vt -0.325684 -0.249023
vt -0.272705 -0.248047
vt -0.229736 -0.262695
vt -0.201538 -0.248047
vt -0.168335 -0.255859
vt -0.146484 -0.269531
vt -0.149902 -0.307617
vt -0.199585 -0.317383
vt -0.147705 -0.330078
vt -0.214355 -0.326172
vt -0.283447 -0.330078
vt -0.222412 -0.337891
vt -0.148071 -0.349609
vt -0.309082 -0.342773
vt -0.165649 -0.347656
vt -0.408936 -0.357422
vt -0.267334 -0.358398
vt -0.214722 -0.365234
vt -0.150024 -0.375977
vt -0.312256 -0.367188
vt -0.257324 -0.375000
vt -0.199951 -0.380859
vt -0.149536 -0.393555
vt -0.427002 -0.383789
vt -0.273193 -0.384766
vt -0.181885 -0.391602
vt -0.433594 -0.393555
vt -0.298584 -0.392578
vt -0.394287 -0.408203
vt -0.575195 -0.394531
vt -0.541992 -0.410156
vt -0.322998 -0.418945
vt -0.903320 -0.383789
vt -0.801270 -0.408203
vt -0.902344 -0.386719
vt -0.977051 -0.413086
vt -0.901367 -0.441406
vt -0.944824 -0.472656
vt -0.967773 -0.514648
vt -0.962402 -0.515625
vt -0.791504 -0.465820
vt -0.910645 -0.479492
vt -0.834473 -0.489258
vt -0.589844 -0.451172
vt -0.476807 -0.422852
vt -0.418457 -0.428711
vt -0.561035 -0.466797
vt -0.927246 -0.521484
vt -0.966797 -0.546875
vt -0.645996 -0.495117
vt -0.429443 -0.463867
vt -0.281982 -0.420898
vt -0.326172 -0.430664
vt -0.165649 -0.409180
vt -0.146606 -0.425781
vt -0.268555 -0.424805
vt -0.202759 -0.419922
vt -0.235474 -0.435547
vt -0.227417 -0.442383
vt -0.318604 -0.437500
vt -0.144653 -0.446289
vt -0.352783 -0.465820
vt -0.291016 -0.458008
vt -0.193970 -0.452148
vt -0.194702 -0.469727
vt -0.146606 -0.464844
vt -0.270508 -0.481445
vt -0.199097 -0.476562
vt -0.143555 -0.478516
vt -0.259033 -0.488281
vt -0.334473 -0.492188
vt -0.410645 -0.471680
vt -0.240723 -0.500000
vt -0.143311 -0.490234
vt -0.319580 -0.505859
vt -0.179810 -0.505859
vt -0.148315 -0.516602
vt -0.264893 -0.511719
vt -0.386719 -0.507812
vt -0.399170 -0.521484
vt -0.564453 -0.511719
vt -0.470215 -0.522461
vt -0.680664 -0.517578
vt -0.642578 -0.540039
vt -0.919922 -0.536133
vt -0.645020 -0.528320
vt -0.950684 -0.553711
vt -0.882324 -0.550781
vt -0.966309 -0.554688
vt -0.437012 -0.537109
vt -0.722168 -0.563477
vt -0.908691 -0.605469
vt -0.879883 -0.578125
vt -0.756348 -0.583984
vt -0.494873 -0.550781
vt -0.923340 -0.630859
vt -0.960449 -0.634766
vt -0.952148 -0.708008
vt -0.841797 -0.627930
vt -0.469971 -0.562500
vt -0.917480 -0.690430
vt -0.612793 -0.598633
vt -0.310791 -0.536133
vt -0.313721 -0.561523
vt -0.220947 -0.518555
vt -0.246704 -0.531250
vt -0.157227 -0.527344
vt -0.169067 -0.541992
vt -0.141724 -0.536133
vt -0.194702 -0.541992
vt -0.379150 -0.596680
vt -0.355957 -0.595703
vt -0.739746 -0.640625
vt -0.828613 -0.665039
vt -0.368652 -0.607422
vt -0.904297 -0.701172
vt -0.638184 -0.652344
vt -0.900879 -0.709961
vt -0.952637 -0.721680
vt -0.867676 -0.701172
vt -0.430420 -0.633789
vt -0.337158 -0.603516
vt -0.186401 -0.560547
vt -0.135254 -0.572266
vt -0.200562 -0.574219
vt -0.308594 -0.606445
vt -0.165527 -0.575195
vt -0.176025 -0.591797
vt -0.186035 -0.597656
vt -0.132446 -0.590820
vt -0.266113 -0.613281
vt -0.399170 -0.634766
vt -0.356934 -0.637695
vt -0.220215 -0.613281
vt -0.299072 -0.634766
vt -0.383789 -0.662109
vt -0.451660 -0.662109
vt -0.651855 -0.686523
vt -0.419189 -0.679688
vt -0.677734 -0.697266
vt -0.319824 -0.668945
vt -0.838867 -0.716797
vt -0.349365 -0.686523
vt -0.904785 -0.719727
vt -0.531738 -0.720703
vt -0.908691 -0.727539
vt -0.950684 -0.734375
vt -0.754395 -0.738281
vt -0.902344 -0.815430
vt -0.938477 -0.814453
vt -0.931152 -0.869141
vt -0.869141 -0.769531
vt -0.859863 -0.805664
vt -0.735352 -0.765625
vt -0.562500 -0.732422
vt -0.341553 -0.694336
vt -0.403076 -0.721680
vt -0.220093 -0.654297
vt -0.243530 -0.676758
vt -0.155640 -0.640625
vt -0.224365 -0.641602
vt -0.128540 -0.621094
vt -0.125000 -0.637695
vt -0.130859 -0.602539
vt -0.178711 -0.671875
vt -0.200928 -0.624023
vt -0.312744 -0.656250
vt -0.367432 -0.724609
vt -0.198242 -0.694336
vt -0.427002 -0.753906
vt -0.582031 -0.772461
vt -0.161743 -0.674805
vt -0.119812 -0.654297
vt -0.595215 -0.801758
vt -0.427734 -0.772461
vt -0.302246 -0.740234
vt -0.514160 -0.805664
vt -0.859863 -0.832031
vt -0.241943 -0.723633
vt -0.905762 -0.856445
vt -0.930664 -0.879883
vt -0.802246 -0.847656
vt -0.903320 -0.895508
vt -0.930664 -0.909180
vt -0.841309 -0.869141
vt -0.607910 -0.833984
vt -0.865723 -0.902344
vt -0.929688 -0.931641
vt -0.850098 -0.881836
vt -0.869629 -0.983398
vt -0.923340 -0.989258
vt -0.843262 -0.900391
vt -0.784180 -0.979492
vt -0.624023 -0.854492
vt -0.445068 -0.852539
vt -0.694824 -0.906250
vt -0.645996 -0.921875
vt -0.489502 -0.955078
vt -0.428467 -0.856445
vt -0.446533 -0.834961
vt -0.484375 -0.914062
vt -0.473877 -0.824219
vt -0.314453 -0.816406
vt -0.317871 -0.765625
vt -0.280029 -0.762695
vt -0.244751 -0.733398
vt -0.166504 -0.684570
vt -0.122437 -0.667969
vt -0.107422 -0.686523
vt -0.192261 -0.709961
vt -0.216187 -0.741211
vt -0.142700 -0.693359
vt -0.140503 -0.696289
vt -0.203247 -0.754883
vt -0.257568 -0.777344
vt -0.205688 -0.773438
vt -0.129150 -0.717773
vt -0.103882 -0.705078
vt -0.379639 -0.856445
vt -0.186035 -0.772461
vt -0.085266 -0.713867
vt -0.400879 -0.873047
vt -0.267578 -0.829102
vt -0.136597 -0.757812
vt -0.270264 -0.853516
vt -0.134766 -0.777344
vt -0.322266 -0.886719
vt -0.361328 -0.928711
vt -0.118225 -0.758789
vt -0.160034 -0.806641
vt -0.254395 -0.873047
vt -0.248657 -0.893555
vt -0.152100 -0.813477
vt -0.144409 -0.833008
vt -0.105042 -0.774414
vt -0.078613 -0.734375
vt -0.096191 -0.783203
vt 0.792480 0.371582
vt 0.679199 0.372559
vt 0.787598 0.386719
vt 0.434570 0.343750
vt 0.564453 0.347168
vt 0.792969 0.367676
vt 0.648926 0.349609
vt 0.479736 0.326172
vt 0.625977 0.333984
vt 0.794434 0.352051
vt 0.800781 0.314453
vt 0.572266 0.298828
vt 0.802734 0.305664
vt 0.449951 0.294922
vt 0.603027 0.280762
vt 0.804199 0.292480
vt 0.345215 0.308105
vt 0.343750 0.326660
vt 0.269287 0.312012
vt 0.589355 0.262695
vt 0.806152 0.279785
vt 0.208496 0.264160
vt 0.537598 0.243652
vt 0.808594 0.264160
vt 0.369141 0.290039
vt 0.504395 0.232910
vt 0.811523 0.250977
vt 0.354248 0.243652
vt 0.228149 0.247559
vt 0.360840 0.233398
vt 0.226562 0.223145
vt 0.240479 0.218262
vt 0.088806 0.191406
vt 0.370361 0.229492
vt 0.258545 0.210449
vt 0.360352 0.219238
vt 0.179565 0.194336
vt 0.382080 0.214844
vt 0.243652 0.196777
vt 0.047272 0.152344
vt 0.030319 0.112305
vt -0.002928 0.097168
vt -0.009048 0.113281
vt 0.069946 0.126465
vt 0.009895 0.083984
vt -0.021133 0.075684
vt -0.044891 0.105469
vt -0.010757 0.061035
vt 0.059814 0.182617
vt 0.132812 0.247070
vt 0.189087 0.293945
vt 0.024155 0.220703
vt -0.017563 0.148926
vt -0.049225 0.097168
vt -0.050720 0.128418
vt 0.055298 0.115723
vt 0.014381 0.071777
vt 0.248047 0.188477
vt 0.004898 0.060547
vt -0.006538 0.044922
vt 0.017853 0.060059
vt 0.012138 0.064941
vt 0.051270 0.074707
vt 0.045380 0.083496
vt 0.000356 0.030762
vt 0.101196 0.119141
vt 0.061127 0.110352
vt 0.152710 0.147461
vt 0.100708 0.105469
vt 0.095398 0.099609
vt 0.181396 0.137207
vt 0.308838 0.183594
vt 0.215576 0.120605
vt 0.302979 0.146484
vt 0.484375 0.205566
vt 0.527832 0.181152
vt 0.385254 0.144043
vt 0.746582 0.219727
vt 0.820801 0.186523
vt 0.665527 0.192383
vt 0.768066 0.175781
vt 0.825195 0.159668
vt 0.545410 0.148926
vt 0.645996 0.150879
vt 0.429199 0.124512
vt 0.441162 0.119141
vt 0.754395 0.138184
vt 0.828613 0.143555
vt 0.268311 0.112793
vt 0.792969 0.130371
vt 0.830566 0.130371
vt 0.397217 0.104492
vt 0.320801 0.105469
vt 0.432129 0.100098
vt 0.123779 0.088867
vt 0.033173 0.052734
vt 0.094788 0.064453
vt 0.032928 0.033691
vt 0.004993 0.012695
vt 0.124329 0.062988
vt 0.140259 0.053223
vt 0.246460 0.074219
vt 0.027756 0.009277
vt 0.011551 -0.008789
vt 0.128174 0.039551
vt 0.089478 0.026855
vt 0.100220 0.021973
vt 0.013657 -0.018555
vt 0.200806 0.054199
vt 0.176758 0.034668
vt 0.308105 0.060547
vt 0.085754 0.008301
vt 0.121094 0.001465
vt 0.044434 -0.016602
vt 0.049896 -0.026367
vt 0.016342 -0.039062
vt 0.303955 0.043457
vt 0.057800 -0.045898
vt 0.019424 -0.066406
vt 0.118713 -0.013672
vt 0.468018 0.084473
vt 0.317627 0.034668
vt 0.699219 0.111328
vt 0.710938 0.104492
vt 0.832520 0.117188
vt 0.839844 0.063477
vt 0.619141 0.069336
vt 0.681152 0.051270
vt 0.843750 0.030762
vt 0.620117 0.023438
vt 0.844727 0.018555
vt 0.463135 0.056641
vt 0.399902 -0.000977
vt 0.291992 -0.008789
vt 0.438721 -0.004883
vt 0.164795 -0.032227
vt 0.281982 -0.024414
vt 0.129028 -0.050781
vt 0.520020 -0.003906
vt 0.846680 0.004883
vt 0.372070 -0.020508
vt 0.486816 -0.013672
vt 0.848145 -0.007812
vt 0.277588 -0.033203
vt 0.478271 -0.017578
vt 0.187866 -0.047852
vt 0.776855 -0.024414
vt 0.849121 -0.015625
vt 0.434570 -0.023438
vt 0.790527 -0.048828
vt 0.851562 -0.039062
vt 0.587402 -0.036133
vt 0.281494 -0.038086
vt 0.343018 -0.036133
vt 0.224976 -0.049805
vt 0.107727 -0.073242
vt 0.096252 -0.087891
vt 0.341553 -0.046875
vt 0.091431 -0.065430
vt 0.057648 -0.055664
vt 0.024689 -0.089844
vt 0.028946 -0.102539
vt 0.051727 -0.103516
vt 0.094116 -0.116211
vt 0.029678 -0.124023
vt 0.132568 -0.101562
vt 0.377197 -0.069336
vt 0.184814 -0.103516
vt 0.504395 -0.074219
vt 0.373291 -0.083984
vt 0.791992 -0.076172
vt 0.853516 -0.058594
vt 0.418457 -0.098633
vt 0.786621 -0.086914
vt 0.853516 -0.073242
vt 0.157837 -0.114258
vt 0.782715 -0.098633
vt 0.857910 -0.113281
vt 0.411621 -0.109375
vt 0.270264 -0.117188
vt 0.141235 -0.122070
vt 0.223022 -0.130859
vt 0.074768 -0.133789
vt 0.029251 -0.150391
vt 0.154419 -0.132812
vt 0.048340 -0.159180
vt 0.036377 -0.181641
vt 0.376953 -0.123047
vt 0.168701 -0.156250
vt 0.086853 -0.167969
vt 0.113831 -0.170898
vt 0.049286 -0.187500
vt 0.231934 -0.158203
vt 0.292480 -0.144531
vt 0.508789 -0.119141
vt 0.625488 -0.124023
vt 0.805176 -0.111328
vt 0.833008 -0.125000
vt 0.859863 -0.135742
vt 0.833008 -0.153320
vt 0.864258 -0.206055
vt 0.783203 -0.136719
vt 0.805176 -0.207031
vt 0.805176 -0.218750
vt 0.866699 -0.228516
vt 0.735352 -0.166016
vt 0.655762 -0.145508
vt 0.712402 -0.200195
vt 0.628418 -0.177734
vt 0.556641 -0.144531
vt 0.373535 -0.158203
vt 0.474854 -0.203125
vt 0.389648 -0.175781
vt 0.169556 -0.172852
vt 0.182617 -0.182617
vt 0.077087 -0.199219
vt 0.047638 -0.210938
vt 0.097412 -0.207031
vt 0.035278 -0.236328
vt 0.339600 -0.193359
vt 0.154297 -0.221680
vt 0.083069 -0.225586
vt 0.275879 -0.220703
vt 0.168457 -0.232422
vt 0.098877 -0.233398
vt 0.364746 -0.219727
vt 0.312500 -0.235352
vt 0.502930 -0.212891
vt 0.522461 -0.225586
vt 0.657227 -0.217773
vt 0.297607 -0.249023
vt 0.755859 -0.227539
vt 0.519043 -0.237305
vt 0.626953 -0.244141
vt 0.816406 -0.244141
vt 0.867188 -0.246094
vt 0.410889 -0.249023
vt 0.574219 -0.259766
vt 0.801270 -0.260742
vt 0.806152 -0.289062
vt 0.866699 -0.275391
vt 0.286621 -0.257812
vt 0.523438 -0.274414
vt 0.816406 -0.325195
vt 0.866211 -0.298828
vt 0.551758 -0.301758
vt 0.828613 -0.350586
vt 0.866699 -0.360352
vt 0.602051 -0.323242
vt 0.825684 -0.363281
vt 0.868652 -0.375000
vt 0.710938 -0.344727
vt 0.768555 -0.362305
vt 0.322266 -0.307617
vt 0.347656 -0.323242
vt 0.573730 -0.348633
vt 0.785156 -0.375000
vt 0.869141 -0.392578
vt 0.665039 -0.366211
vt 0.192993 -0.324219
vt 0.447754 -0.352539
vt 0.148682 -0.312500
vt 0.355225 -0.293945
vt 0.130249 -0.305664
vt 0.316895 -0.267578
vt 0.209229 -0.279297
vt 0.191772 -0.267578
vt 0.056305 -0.295898
vt 0.065186 -0.306641
vt 0.041962 -0.284180
vt 0.216797 -0.258789
vt 0.147827 -0.262695
vt 0.217163 -0.249023
vt 0.164185 -0.248047
vt 0.121033 -0.262695
vt 0.092896 -0.248047
vt 0.059631 -0.255859
vt 0.037781 -0.269531
vt 0.041260 -0.307617
vt 0.090942 -0.317383
vt 0.039093 -0.330078
vt 0.105713 -0.326172
vt 0.174683 -0.330078
vt 0.113770 -0.337891
vt 0.039459 -0.349609
vt 0.200439 -0.342773
vt 0.057007 -0.347656
vt 0.106140 -0.365234
vt 0.041382 -0.376953
vt 0.158691 -0.358398
vt 0.300293 -0.357422
vt 0.203491 -0.367188
vt 0.421387 -0.366211
vt 0.150024 -0.375000
vt 0.366943 -0.375977
vt 0.091309 -0.380859
vt 0.040588 -0.393555
vt 0.334717 -0.382812
vt 0.165405 -0.384766
vt 0.448486 -0.389648
vt 0.071106 -0.391602
vt 0.351074 -0.394531
vt 0.191162 -0.392578
vt 0.223511 -0.405273
vt 0.349854 -0.409180
vt 0.230103 -0.418945
vt 0.447021 -0.412109
vt 0.343994 -0.426758
vt 0.190552 -0.423828
vt 0.053650 -0.409180
vt 0.038086 -0.425781
vt 0.349609 -0.436523
vt 0.173828 -0.424805
vt 0.474121 -0.447266
vt 0.097168 -0.419922
vt 0.221680 -0.437500
vt 0.175293 -0.437500
vt 0.104187 -0.433594
vt 0.116455 -0.442383
vt 0.035950 -0.446289
vt 0.085327 -0.452148
vt 0.039337 -0.463867
vt 0.178589 -0.458008
vt 0.230591 -0.459961
vt 0.176270 -0.474609
vt 0.318604 -0.463867
vt 0.281494 -0.466797
vt 0.164795 -0.482422
vt 0.471680 -0.474609
vt 0.089478 -0.476562
vt 0.034912 -0.478516
vt 0.150269 -0.488281
vt 0.225952 -0.492188
vt 0.132080 -0.500000
vt 0.034698 -0.490234
vt 0.210938 -0.505859
vt 0.071167 -0.505859
vt 0.039642 -0.516602
vt 0.156250 -0.511719
vt 0.278076 -0.507812
vt 0.290527 -0.521484
vt 0.112305 -0.518555
vt 0.361328 -0.522461
vt 0.328369 -0.537109
vt 0.533691 -0.540039
vt 0.536133 -0.515625
vt 0.536133 -0.528320
vt 0.773926 -0.550781
vt 0.811035 -0.536133
vt 0.550293 -0.500000
vt 0.811523 -0.526367
vt 0.755371 -0.504883
vt 0.857910 -0.546875
vt 0.853516 -0.515625
vt 0.841797 -0.553711
vt 0.857422 -0.554688
vt 0.793457 -0.479492
vt 0.835938 -0.472656
vt 0.859375 -0.514648
vt 0.868652 -0.413086
vt 0.669434 -0.469727
vt 0.793457 -0.444336
vt 0.793457 -0.386719
vt 0.679688 -0.416016
vt 0.794434 -0.383789
vt 0.613281 -0.563477
vt 0.771484 -0.578125
vt 0.385986 -0.550781
vt 0.799805 -0.605469
vt 0.647949 -0.583984
vt 0.814453 -0.630859
vt 0.852051 -0.634766
vt 0.843750 -0.707031
vt 0.202148 -0.536133
vt 0.361328 -0.562500
vt 0.138062 -0.531250
vt 0.503906 -0.598633
vt 0.048615 -0.527344
vt 0.205078 -0.561523
vt 0.060486 -0.541992
vt 0.033142 -0.536133
vt 0.085999 -0.541992
vt 0.270508 -0.596680
vt 0.733398 -0.627930
vt 0.247437 -0.595703
vt 0.630859 -0.640625
vt 0.719727 -0.665039
vt 0.260010 -0.607422
vt 0.809082 -0.690430
vt 0.795410 -0.701172
vt 0.529297 -0.652344
vt 0.797363 -0.710938
vt 0.843750 -0.721680
vt 0.750488 -0.699219
vt 0.320312 -0.633789
vt 0.228516 -0.602539
vt 0.543457 -0.686523
vt 0.077759 -0.560547
vt 0.026611 -0.572266
vt 0.091858 -0.574219
vt 0.200073 -0.606445
vt 0.056946 -0.575195
vt 0.067383 -0.591797
vt 0.077393 -0.597656
vt 0.023834 -0.590820
vt 0.157593 -0.613281
vt 0.290527 -0.634766
vt 0.248291 -0.637695
vt 0.343018 -0.662109
vt 0.275146 -0.662109
vt 0.190552 -0.634766
vt 0.350830 -0.679688
vt 0.111572 -0.613281
vt 0.203979 -0.656250
vt 0.092224 -0.624023
vt 0.022247 -0.602539
vt 0.211182 -0.668945
vt 0.115662 -0.641602
vt 0.019882 -0.621094
vt 0.111450 -0.654297
vt 0.240723 -0.686523
vt 0.734375 -0.715820
vt 0.046997 -0.640625
vt 0.016388 -0.637695
vt 0.233032 -0.694336
vt 0.423096 -0.720703
vt 0.796387 -0.719727
vt 0.453857 -0.732422
vt 0.799805 -0.727539
vt 0.842285 -0.734375
vt 0.645508 -0.738281
vt 0.760742 -0.769531
vt 0.626465 -0.765625
vt 0.750977 -0.805664
vt 0.793945 -0.815430
vt 0.829590 -0.814453
vt 0.822266 -0.869141
vt 0.796875 -0.856445
vt 0.822266 -0.879883
vt 0.750977 -0.832031
vt 0.486328 -0.801758
vt 0.794922 -0.895508
vt 0.821777 -0.909180
vt 0.693848 -0.847656
vt 0.756836 -0.902344
vt 0.820801 -0.931641
vt 0.732422 -0.869141
vt 0.760742 -0.983398
vt 0.814941 -0.989258
vt 0.405518 -0.805664
vt 0.734375 -0.900391
vt 0.675293 -0.979492
vt 0.741699 -0.881836
vt 0.585938 -0.906250
vt 0.335938 -0.852539
vt 0.515137 -0.853516
vt 0.499268 -0.833984
vt 0.337646 -0.834961
vt 0.365234 -0.824219
vt 0.205811 -0.816406
vt 0.319580 -0.856445
vt 0.537109 -0.921875
vt 0.380615 -0.955078
vt 0.270996 -0.856445
vt 0.375488 -0.914062
vt 0.213501 -0.886719
vt 0.252686 -0.928711
vt 0.292236 -0.873047
vt 0.145752 -0.873047
vt 0.139893 -0.893555
vt 0.161621 -0.853516
vt 0.158813 -0.829102
vt 0.026169 -0.777344
vt 0.051331 -0.806641
vt 0.043396 -0.813477
vt 0.035797 -0.833008
vt 0.009575 -0.758789
vt -0.003599 -0.774414
vt -0.012482 -0.783203
vt -0.030045 -0.734375
vt -0.023376 -0.713867
vt -0.004768 -0.705078
vt -0.001263 -0.686523
vt 0.027954 -0.757812
vt 0.077393 -0.772461
vt 0.020554 -0.717773
vt 0.097046 -0.773438
vt 0.094543 -0.754883
vt 0.148804 -0.777344
vt 0.171509 -0.762695
vt 0.031860 -0.696289
vt 0.209351 -0.765625
vt 0.107544 -0.741211
vt 0.135986 -0.733398
vt 0.034119 -0.693359
vt 0.083557 -0.709961
vt 0.013786 -0.667969
vt 0.011154 -0.654297
vt 0.057831 -0.684570
vt 0.053131 -0.674805
vt 0.133301 -0.723633
vt 0.089600 -0.694336
vt 0.193481 -0.740234
vt 0.070068 -0.671875
vt 0.318848 -0.772461
vt 0.134766 -0.676758
vt 0.258545 -0.724609
vt 0.294434 -0.721680
vt 0.318115 -0.753906
vt 0.473389 -0.772461
vt 0.962402 -0.902344
vt 0.991211 -0.893555
vt 0.992188 -0.848633
vt 0.958496 -0.584961
vt 0.989746 -0.590820
vt 0.953125 -0.904297
vt 0.949707 -0.583984
vt 0.941895 -0.904297
vt 0.939453 -0.583984
vt 0.933594 -0.790039
vt 0.928223 -0.583984
vt 0.923828 -0.902344
vt 0.918457 -0.583984
vt 0.911621 -0.902344
vt 0.910156 -0.583008
vt 0.898926 -0.877930
vt 0.874512 -0.590820
vt 0.875977 -0.887695
vt 0.883301 -0.819336
vt 1.773438 0.161133
vt 1.780273 0.180176
vt 1.743164 0.188965
vt 1.744141 0.153809
vt 1.769531 0.133789
vt 1.781250 0.115234
vt 1.729492 0.191406
vt 1.741211 0.062988
vt 1.775391 0.057617
vt 1.776367 0.040527
vt 1.779297 0.007324
vt 1.742188 -0.023438
vt 1.773438 -0.035156
vt 1.732422 -0.021484
vt 1.722656 0.100098
vt 1.717773 0.192383
vt 1.709961 0.192383
vt 1.721680 -0.007812
vt 1.730469 -0.041992
vt 1.755859 -0.070312
vt 1.779297 -0.072266
vt 1.772461 -0.085938
vt 1.713867 -0.040039
vt 1.698242 0.191406
vt 1.725586 -0.067383
vt 1.660156 0.179688
vt 1.658203 0.151367
vt 1.726562 -0.077148
vt 1.695312 0.163574
vt 1.661133 0.126465
vt 1.697266 0.057129
vt 1.669922 0.056152
vt 1.663086 0.052734
vt 1.663086 0.002930
vt 1.704102 -0.031250
vt 1.671875 -0.035156
vt 1.667969 -0.062500
vt 1.708984 -0.067383
vt 1.669922 -0.080078
vt 1.712891 -0.078125
vt 1.664062 -0.123047
vt 1.705078 -0.123047
vt 1.720703 -0.121094
vt 1.732422 -0.118164
vt 1.735352 -0.103516
vt 1.751953 -0.116211
vt 1.777344 -0.119141
vt 1.797852 -0.516602
vt 1.795898 -0.564453
vt 1.852539 -0.532227
vt 1.943359 -0.567383
vt 1.944336 -0.535156
vt 1.794922 -0.592773
vt 1.942383 -0.617188
vt 1.794922 -0.637695
vt 1.942383 -0.662109
vt 1.793945 -0.678711
vt 1.940430 -0.700195
vt 1.792969 -0.710938
vt 1.791992 -0.753906
vt 1.939453 -0.758789
vt 1.792969 -0.815430
vt 1.941406 -0.841797
vt 1.795898 -0.913086
vt 1.944336 -0.926758
vt 1.880859 -0.990234
vt 1.798828 -0.981445
vt 1.946289 -0.987305
vt 1.717773 -0.449219
vt 1.747070 -0.457031
vt 1.716797 -0.404297
vt 1.750977 -0.139648
vt 1.719727 -0.145508
vt 1.755859 -0.458984
vt 1.759766 -0.138672
vt 1.767578 -0.458984
vt 1.769531 -0.138672
vt 1.775391 -0.344727
vt 1.781250 -0.138672
vt 1.785156 -0.457031
vt 1.791016 -0.138672
vt 1.797852 -0.457031
vt 1.798828 -0.137695
vt 1.810547 -0.433594
vt 1.834961 -0.145508
vt 1.833008 -0.442383
vt 1.826172 -0.374023
vt 1.797852 0.250488
vt 1.805664 0.231445
vt 1.835938 0.259277
vt 1.833984 0.224121
vt 1.808594 0.204102
vt 1.797852 0.185547
vt 1.848633 0.261719
vt 1.837891 0.133301
vt 1.802734 0.127930
vt 1.801758 0.110840
vt 1.799805 0.077637
vt 1.836914 0.046387
vt 1.805664 0.034668
vt 1.845703 0.048340
vt 1.855469 0.169922
vt 1.861328 0.262695
vt 1.869141 0.262695
vt 1.857422 0.062500
vt 1.848633 0.027832
vt 1.822266 0.000000
vt 1.799805 -0.001953
vt 1.806641 -0.015625
vt 1.864258 0.029785
vt 1.880859 0.261719
vt 1.853516 0.002930
vt 1.917969 0.250000
vt 1.920898 0.221680
vt 1.852539 -0.006836
vt 1.883789 0.233887
vt 1.917969 0.196777
vt 1.880859 0.126953
vt 1.909180 0.126465
vt 1.916016 0.123047
vt 1.915039 0.072754
vt 1.875000 0.038574
vt 1.906250 0.034668
vt 1.910156 0.007812
vt 1.870117 0.002441
vt 1.909180 -0.009766
vt 1.865234 -0.007812
vt 1.915039 -0.052734
vt 1.873047 -0.052734
vt 1.858398 -0.050781
vt 1.845703 -0.048828
vt 1.843750 -0.033203
vt 1.827148 -0.045898
vt 1.800781 -0.048828
vt 2.001953 -0.095703
vt 2.000000 -0.047852
vt 1.944336 -0.063477
vt 1.853516 -0.098633
vt 1.852539 -0.066406
vt 2.001953 -0.124023
vt 1.854492 -0.148438
vt 2.001953 -0.168945
vt 1.854492 -0.193359
vt 2.003906 -0.209961
vt 1.856445 -0.231445
vt 2.003906 -0.243164
vt 2.003906 -0.285156
vt 1.857422 -0.290039
vt 2.003906 -0.346680
vt 1.855469 -0.373047
vt 2.000000 -0.444336
vt 1.852539 -0.458008
vt 1.916016 -0.521484
vt 1.850586 -0.518555
vt 1.999023 -0.512695
vt 0.991211 -0.893555
vt 0.962402 -0.902344
vt 0.992188 -0.848633
vt 0.958496 -0.584961
vt 0.989746 -0.590820
vt 0.953125 -0.904297
vt 0.949707 -0.583984
vt 0.941895 -0.904297
vt 0.939453 -0.583984
vt 0.933594 -0.790039
vt 0.928223 -0.583984
vt 0.923828 -0.902344
vt 0.918457 -0.583984
vt 0.911621 -0.902344
vt 0.910156 -0.583008
vt 0.898926 -0.877930
vt 0.874512 -0.590820
vt 0.875977 -0.887695
vt 0.883301 -0.819336
vt 1.780273 0.180176
vt 1.773438 0.161133
vt 1.743164 0.188965
vt 1.744141 0.153809
vt 1.769531 0.133789
vt 1.781250 0.115234
vt 1.729492 0.191406
vt 1.741211 0.062988
vt 1.775391 0.057617
vt 1.776367 0.040527
vt 1.779297 0.007324
vt 1.742188 -0.023438
vt 1.773438 -0.035156
vt 1.732422 -0.021484
vt 1.722656 0.100098
vt 1.717773 0.192383
vt 1.709961 0.192383
vt 1.721680 -0.007812
vt 1.730469 -0.041992
vt 1.755859 -0.070312
vt 1.779297 -0.072266
vt 1.772461 -0.085938
vt 1.713867 -0.040039
vt 1.698242 0.191406
vt 1.725586 -0.067383
vt 1.658203 0.151367
vt 1.660156 0.179688
vt 1.726562 -0.077148
vt 1.695312 0.163574
vt 1.661133 0.126465
vt 1.697266 0.057129
vt 1.669922 0.056152
vt 1.663086 0.052734
vt 1.663086 0.002930
vt 1.704102 -0.031250
vt 1.671875 -0.035156
vt 1.667969 -0.062500
vt 1.708984 -0.067383
vt 1.669922 -0.080078
vt 1.712891 -0.078125
vt 1.664062 -0.123047
vt 1.705078 -0.123047
vt 1.720703 -0.121094
vt 1.732422 -0.118164
vt 1.735352 -0.103516
vt 1.751953 -0.116211
vt 1.777344 -0.119141
vt 1.795898 -0.564453
vt 1.797852 -0.516602
vt 1.852539 -0.532227
vt 1.943359 -0.567383
vt 1.944336 -0.535156
vt 1.794922 -0.592773
vt 1.942383 -0.617188
vt 1.794922 -0.637695
vt 1.942383 -0.662109
vt 1.793945 -0.678711
vt 1.940430 -0.700195
vt 1.792969 -0.710938
vt 1.791992 -0.753906
vt 1.939453 -0.758789
vt 1.792969 -0.815430
vt 1.941406 -0.841797
vt 1.795898 -0.913086
vt 1.944336 -0.926758
vt 1.880859 -0.990234
vt 1.946289 -0.987305
vt 1.798828 -0.981445
vt 1.747070 -0.457031
vt 1.717773 -0.449219
vt 1.716797 -0.404297
vt 1.750977 -0.139648
vt 1.719727 -0.145508
vt 1.755859 -0.458984
vt 1.759766 -0.138672
vt 1.767578 -0.458984
vt 1.769531 -0.138672
vt 1.775391 -0.344727
vt 1.781250 -0.138672
vt 1.785156 -0.457031
vt 1.791016 -0.138672
vt 1.797852 -0.457031
vt 1.798828 -0.137695
vt 1.810547 -0.433594
vt 1.834961 -0.145508
vt 1.833008 -0.442383
vt 1.826172 -0.374023
vt 1.805664 0.231445
vt 1.797852 0.250488
vt 1.835938 0.259277
vt 1.833984 0.224121
vt 1.808594 0.204102
vt 1.797852 0.185547
vt 1.848633 0.261719
vt 1.837891 0.133301
vt 1.802734 0.127930
vt 1.801758 0.110840
vt 1.799805 0.077637
vt 1.836914 0.046387
vt 1.805664 0.034668
vt 1.845703 0.048340
vt 1.855469 0.169922
vt 1.861328 0.262695
vt 1.869141 0.262695
vt 1.857422 0.062500
vt 1.848633 0.027832
vt 1.822266 0.000000
vt 1.799805 -0.001953
vt 1.806641 -0.015625
vt 1.864258 0.029785
vt 1.880859 0.261719
vt 1.853516 0.002930
vt 1.917969 0.250000
vt 1.920898 0.221680
vt 1.852539 -0.006836
vt 1.883789 0.233887
vt 1.917969 0.196777
vt 1.880859 0.126953
vt 1.909180 0.126465
vt 1.916016 0.123047
vt 1.915039 0.072754
vt 1.875000 0.038574
vt 1.906250 0.034668
vt 1.910156 0.007812
vt 1.870117 0.002441
vt 1.909180 -0.009766
vt 1.865234 -0.007812
vt 1.915039 -0.052734
vt 1.873047 -0.052734
vt 1.858398 -0.050781
vt 1.845703 -0.048828
vt 1.843750 -0.033203
vt 1.827148 -0.045898
vt 1.800781 -0.048828
vt 2.000000 -0.047852
vt 2.001953 -0.095703
vt 1.944336 -0.063477
vt 1.853516 -0.098633
vt 1.852539 -0.066406
vt 2.001953 -0.124023
vt 1.854492 -0.148438
vt 2.001953 -0.168945
vt 1.854492 -0.193359
vt 2.003906 -0.209961
vt 1.856445 -0.231445
vt 2.003906 -0.243164
vt 2.003906 -0.285156
vt 1.857422 -0.290039
vt 2.003906 -0.346680
vt 1.855469 -0.373047
vt 2.000000 -0.444336
vt 1.852539 -0.458008
vt 1.916016 -0.521484
vt 1.999023 -0.512695
vt 1.850586 -0.518555
vt -0.057953 0.128418
vt -0.132812 0.220703
vt -0.059448 0.097168
vt -0.091125 0.148926
vt -0.063782 0.105469
vt -0.241455 0.247070
vt -0.297852 0.293945
vt -0.168457 0.182617
vt -0.099609 0.113281
vt -0.087524 0.075684
vt -0.197510 0.191406
vt -0.156006 0.152344
vt -0.105713 0.097168
vt -0.288330 0.194336
vt -0.139038 0.112305
vt -0.118591 0.083984
vt -0.097900 0.061035
vt -0.178589 0.126465
vt -0.163940 0.115723
vt -0.123047 0.071777
vt -0.113586 0.060547
vt -0.102112 0.044922
vt -0.169800 0.110352
vt -0.126465 0.060059
vt -0.120789 0.064941
vt -0.261475 0.147461
vt -0.209839 0.119141
vt -0.154053 0.083496
vt -0.209351 0.105469
vt -0.290039 0.137207
vt -0.204102 0.099609
vt -0.159912 0.074707
vt -0.141846 0.052734
vt 1.063477 0.313965
vt 0.974609 0.339355
vt 0.974609 0.290039
vt 1.093750 0.349121
vt 1.185547 0.349121
vt 1.037109 0.367676
vt 0.974609 0.356445
vt 1.180664 0.374023
vt 1.196289 0.351074
vt 1.021484 0.380371
vt 0.974609 0.376953
vt 1.188477 0.387695
vt 1.205078 0.351562
vt 1.029297 0.426758
vt 0.972656 0.487305
vt 1.066406 0.425293
vt 0.972656 0.585938
vt 1.087891 0.409180
vt 1.172852 0.395020
vt 1.068359 0.554199
vt 1.153320 0.446777
vt 1.021484 0.619873
vt 0.975586 0.692871
vt 1.089844 0.508545
vt 1.075195 0.701172
vt 1.041016 0.701904
vt 0.979004 0.761475
vt 1.113281 0.533447
vt 1.014648 0.789673
vt 0.980957 0.807007
vt 1.045898 0.801147
vt 1.016602 0.907288
vt 0.985840 0.906006
vt 0.984375 0.935730
vt 1.032227 0.932251
vt 0.982910 0.964172
vt 1.041992 0.942535
vt 0.988281 1.140625
vt 1.086914 0.933655
vt 1.085938 0.809448
vt 1.101562 0.625977
vt 1.115234 0.749023
vt 1.112305 0.814575
vt 1.135742 0.592773
vt 1.118164 0.828247
vt 1.109375 0.923401
vt 1.171875 0.426758
vt 1.163086 0.507812
vt 1.181641 0.423828
vt 1.120117 0.861328
vt 1.166992 0.558105
vt 1.196289 0.402344
vt 1.215820 0.355469
vt 1.193359 0.450684
vt 1.222656 0.403320
vt 1.246094 0.388184
vt 1.204102 0.466797
vt 1.278320 0.394043
vt 1.380859 0.395508
vt 1.267578 0.443359
vt 1.371094 0.422363
vt 1.386719 0.396973
vt 1.299805 0.426270
vt 1.379883 0.431152
vt 1.366211 0.439941
vt 1.271484 0.536377
vt 1.307617 0.499023
vt 1.252930 0.484375
vt 1.202148 0.564697
vt 1.248047 0.571777
vt 1.228516 0.540527
vt 1.181641 0.604492
vt 1.170898 0.722656
vt 1.162109 0.659424
vt 1.143555 0.830078
vt 1.127930 0.852295
vt 1.222656 0.613037
vt 1.113281 0.939606
vt 1.152344 0.862671
vt 1.195312 0.746338
vt 1.125000 0.942291
vt 1.177734 0.826538
vt 1.139648 0.944092
vt 1.235352 0.659668
vt 1.273438 0.608398
vt 1.193359 0.811523
vt 1.226562 0.745361
vt 1.149414 0.943726
vt 1.226562 0.822266
vt 1.188477 0.933777
vt 1.252930 0.741455
vt 1.216797 0.947723
vt 1.253906 0.819702
vt 1.208008 0.970856
vt 1.295898 0.661865
vt 1.277344 0.812744
vt 1.257812 0.952698
vt 1.279297 0.865845
vt 1.166992 0.993641
vt 1.246094 0.981644
vt 1.268555 0.932434
vt 1.151367 1.158936
vt 1.264648 0.966095
vt 1.169922 1.122253
vt 1.250977 1.021179
vt 1.208008 1.059235
vt 1.236328 1.059692
vt 1.252930 1.051270
vt 1.237305 1.137329
vt 1.211914 1.165649
vt 1.249023 1.163696
vt 1.207031 1.148926
vt 1.260742 1.062500
vt 1.194336 1.119873
vt 1.189453 1.252197
vt 1.217773 1.187256
vt 1.197266 1.251709
vt 1.194336 1.284180
vt 1.176758 1.246826
vt 1.181641 1.285400
vt 1.166992 1.286865
vt 1.230469 1.247803
vt 1.223633 1.280762
vt 1.240234 1.218994
vt 1.244141 1.259521
vt 1.248047 1.277344
vt 1.256836 1.250732
vt 1.256836 1.164185
vt 1.254883 1.211426
vt 1.276367 1.072571
vt 1.281250 1.189941
vt 1.288086 1.121765
vt 1.310547 1.023117
vt 1.297852 0.982330
vt 1.262695 1.253174
vt 1.260742 1.274902
vt 1.281250 1.218872
vt 1.290039 1.278564
vt 1.321289 1.049103
vt 1.309570 1.189453
vt 1.288086 1.182983
vt 1.360352 0.998454
vt 1.304688 1.163452
vt 1.346680 1.052490
vt 1.335938 1.110779
vt 1.318359 1.200439
vt 1.317383 1.279297
vt 1.329102 1.186157
vt 1.364258 1.027206
vt 1.337891 1.220947
vt 1.355469 1.099731
vt 1.342773 1.228760
vt 1.339844 1.280273
vt 1.376953 1.039886
vt 1.366211 1.000541
vt 1.352539 1.198120
vt 1.360352 0.982391
vt 1.361328 1.218384
vt 1.320312 0.981262
vt 1.381836 1.104126
vt 1.370117 1.231323
vt 1.375000 1.280518
vt 1.391602 1.084412
vt 1.388672 1.180298
vt 1.388672 1.282471
vt 1.382812 0.992950
vt 1.401367 1.053040
vt 1.383789 0.951935
vt 1.408203 0.905945
vt 1.375977 0.951019
vt 1.395508 0.865601
vt 1.383789 0.842041
vt 1.404297 0.878967
vt 1.344727 0.848389
vt 1.410156 0.744629
vt 1.377930 0.798462
vt 1.356445 0.768066
vt 1.410156 0.811768
vt 1.405273 0.669678
vt 1.434570 0.691650
vt 1.330078 0.812134
vt 1.458008 0.506592
vt 1.435547 0.735840
vt 1.441406 0.543701
vt 1.429688 0.796387
vt 1.459961 0.539551
vt 1.456055 0.662354
vt 1.433594 0.850342
vt 1.466797 0.528076
vt 1.414062 0.992989
vt 1.481445 0.614746
vt 1.466797 0.499512
vt 1.517578 0.549805
vt 1.464844 0.472656
vt 1.459961 0.475098
vt 1.470703 0.471680
vt 1.478516 0.415039
vt 1.473633 0.414062
vt 1.484375 0.416016
vt 1.443359 0.441406
vt 1.475586 0.480469
vt 1.558594 0.435547
vt 1.426758 0.408691
vt 1.523438 0.482422
vt 1.541992 0.494629
vt 1.559570 0.463379
vt 1.570312 0.436523
vt 1.529297 0.645264
vt 1.541016 0.656006
vt 1.574219 0.471191
vt 1.591797 0.442383
vt 1.552734 0.636475
vt 1.563477 0.657715
vt 1.571289 0.690186
vt 1.604492 0.445312
vt 1.548828 0.744873
vt 1.550781 0.776245
vt 1.535156 0.814819
vt 1.530273 0.888489
vt 1.550781 0.833496
vt 1.593750 0.605469
vt 1.620117 0.500488
vt 1.637695 0.453125
vt 1.640625 0.589600
vt 1.608398 0.655518
vt 1.535156 0.889404
vt 1.558594 0.841064
vt 1.539062 0.918518
vt 1.612305 0.810669
vt 1.621094 0.827271
vt 1.632812 0.779663
vt 1.625000 0.850220
vt 1.585938 0.868408
vt 1.597656 0.916260
vt 1.601562 0.964935
vt 1.619141 0.905579
vt 1.576172 1.017227
vt 1.601562 1.023285
vt 1.611328 1.090637
vt 1.586914 1.044189
vt 1.587891 1.138306
vt 1.592773 1.196777
vt 1.563477 1.266357
vt 1.525391 1.307861
vt 1.553711 1.184082
vt 1.560547 1.193604
vt 1.517578 1.302734
vt 1.504883 1.295410
vt 1.516602 1.258789
vt 1.488281 1.289795
vt 1.559570 1.132202
vt 1.521484 1.234985
vt 1.520508 1.192261
vt 1.531250 1.001361
vt 1.490234 1.265137
vt 1.524414 1.002207
vt 1.520508 1.070801
vt 1.519531 1.003496
vt 1.479492 1.260498
vt 1.463867 1.286377
vt 1.497070 1.206543
vt 1.475586 1.239502
vt 1.433594 1.285645
vt 1.504883 1.104309
vt 1.489258 1.192383
vt 1.463867 1.231934
vt 1.444336 1.244507
vt 1.415039 1.284668
vt 1.484375 1.161133
vt 1.439453 1.228760
vt 1.423828 1.230957
vt 1.458984 1.165039
vt 1.492188 1.079468
vt 1.430664 1.199585
vt 1.512695 0.991432
vt 1.457031 1.129395
vt 1.525391 0.889526
vt 1.443359 1.091736
vt 1.524414 0.838013
vt 1.515625 0.927856
vt 1.485352 1.020874
vt 1.517578 0.730957
vt 1.501953 0.827515
vt 1.488281 0.708984
vt 1.498047 0.638672
vt 1.462891 0.784424
vt 1.478516 0.821899
vt 1.490234 0.907104
vt 1.458984 1.017487
vt 1.462891 0.883423
vt 1.441406 1.029510
vt 1.445312 0.868652
vt 1.429688 1.010651
vt 1.431641 1.137451
vt 1.415039 1.139038
vt 1.400391 1.258057
vt -0.680664 0.782349
vt -0.769531 0.757324
vt -0.680664 0.733398
vt -0.800293 0.792358
vt -0.892578 0.792236
vt -0.744141 0.810791
vt -0.680664 0.799438
vt -0.887207 0.817383
vt -0.903320 0.794312
vt -0.728027 0.823486
vt -0.680664 0.820190
vt -0.894531 0.830688
vt -0.912109 0.794922
vt -0.735840 0.869751
vt -0.678711 0.930298
vt -0.772461 0.868408
vt -0.678711 1.029068
vt -0.794922 0.852173
vt -0.879395 0.838013
vt -0.774414 0.997288
vt -0.877930 0.869751
vt -0.728027 1.062988
vt -0.682129 1.136108
vt -0.796387 0.951660
vt -0.747070 1.145020
vt -0.685547 1.204712
vt -0.781738 1.144165
vt -0.721680 1.232788
vt -0.687500 1.250244
vt -0.751953 1.244385
vt -0.723145 1.350586
vt -0.691895 1.349121
vt -0.690430 1.378906
vt -0.738281 1.375488
vt -0.688965 1.407715
vt -0.747070 1.385986
vt -0.694824 1.584961
vt -0.793457 1.376709
vt -0.792480 1.252686
vt -0.808594 1.068909
vt -0.818359 1.257568
vt -0.820312 0.976501
vt -0.821289 1.192017
vt -0.860352 0.889771
vt -0.842773 1.035797
vt -0.825195 1.271484
vt -0.869629 0.950714
vt -0.815918 1.366455
vt -0.827148 1.303467
vt -0.888672 0.866943
vt -0.873535 1.001181
vt -0.903320 0.845337
vt -0.922852 0.798706
vt -0.899902 0.893799
vt -0.928711 0.846680
vt -0.952148 0.831543
vt -0.910156 0.909912
vt -0.984375 0.837158
vt -1.086914 0.838379
vt -0.974609 0.886353
vt -1.077148 0.865479
vt -1.092773 0.840210
vt -1.005859 0.870239
vt -0.953613 0.934631
vt -0.972656 0.982986
vt -0.908203 1.007927
vt -0.954102 1.010956
vt -0.901367 1.087585
vt -0.888184 1.047760
vt -0.873535 1.176392
vt -0.869141 1.102417
vt -0.849121 1.275635
vt -0.834961 1.295410
vt -0.875977 1.203613
vt -0.819336 1.382324
vt -0.916016 1.129883
vt -0.855957 1.324463
vt -0.887695 1.262207
vt -0.831543 1.385742
vt -0.971191 1.025513
vt -0.859375 1.361328
vt -1.057617 0.886841
vt -0.842285 1.394287
vt -1.078125 0.878845
vt -0.817383 1.681641
vt -1.051758 0.951935
vt -1.084961 0.875000
vt -1.039062 1.028625
vt -1.089844 0.864624
vt -1.099609 0.842163
vt -1.133789 0.851807
vt -1.073242 0.932495
vt -1.112305 0.874146
vt -1.088867 0.909302
vt -1.149414 0.884644
vt -1.179688 0.857056
vt -1.043945 1.090576
vt -1.166016 0.917847
vt -1.184570 0.858032
vt -1.126953 0.916626
vt -1.094727 0.929810
vt -1.035156 1.089294
vt -1.028320 1.166626
vt -1.121094 0.976364
vt -1.009766 1.218628
vt -1.148438 0.978043
vt -1.000000 1.242310
vt -1.008789 1.250488
vt -1.051758 1.125122
vt -1.091797 1.031891
vt -1.032227 1.218872
vt -1.103516 1.114685
vt -1.002930 1.277100
vt -1.046875 1.241455
vt -1.114258 1.162354
vt -1.083984 1.241577
vt -1.050781 1.291504
vt -1.089844 1.286621
vt -1.120117 1.174561
vt -1.102539 1.295898
vt -1.165039 0.949646
vt -1.109375 1.289307
vt -1.088867 1.360840
vt -1.171875 0.915833
vt -1.176758 0.914673
vt -1.191406 0.859253
vt -1.172852 0.942322
vt -1.181641 0.923462
vt -1.264648 0.878784
vt -1.229492 0.925415
vt -1.166992 0.986191
vt -1.248047 0.937836
vt -1.223633 0.992981
vt -1.173828 0.971176
vt -1.265625 0.906555
vt -1.276367 0.879883
vt -1.236328 1.088440
vt -1.280273 0.914062
vt -1.298828 0.885742
vt -1.247070 1.099182
vt -1.258789 1.079590
vt -1.269531 1.100769
vt -1.277344 1.133301
vt -1.310547 0.888367
vt -1.254883 1.187988
vt -1.299805 1.048401
vt -1.241211 1.258057
vt -1.256836 1.219482
vt -1.236328 1.331543
vt -1.257812 1.276611
vt -1.241211 1.332520
vt -1.326172 0.943573
vt -1.343750 0.896118
vt -1.346680 1.032745
vt -1.314453 1.098572
vt -1.327148 1.270264
vt -1.338867 1.222778
vt -1.331055 1.293457
vt -1.318359 1.253906
vt -1.264648 1.284180
vt -1.245117 1.361572
vt -1.291992 1.311523
vt -1.303711 1.359375
vt -1.307617 1.408203
vt -1.325195 1.348633
vt -1.282227 1.460449
vt -1.307617 1.466553
vt -1.318359 1.533691
vt -1.292969 1.487305
vt -1.293945 1.581543
vt -1.298828 1.639648
vt -1.269531 1.709473
vt -1.232422 1.750977
vt -1.259766 1.626953
vt -1.266602 1.636719
vt -1.223633 1.745605
vt -1.210938 1.738770
vt -1.222656 1.702148
vt -1.195312 1.732910
vt -1.265625 1.575195
vt -1.227539 1.678223
vt -1.226562 1.635254
vt -1.237305 1.444580
vt -1.196289 1.708496
vt -1.230469 1.445312
vt -1.226562 1.513672
vt -1.225586 1.446777
vt -1.186523 1.703613
vt -1.169922 1.729492
vt -1.203125 1.649414
vt -1.181641 1.682617
vt -1.139648 1.729004
vt -1.210938 1.547363
vt -1.195312 1.635254
vt -1.169922 1.674805
vt -1.150391 1.687500
vt -1.121094 1.728027
vt -1.190430 1.604492
vt -1.146484 1.671875
vt -1.123047 1.692383
vt -1.095703 1.724609
vt -1.166016 1.608398
vt -1.142578 1.646973
vt -1.198242 1.522461
vt -1.142578 1.623535
vt -1.163086 1.572754
vt -1.218750 1.434570
vt -1.149414 1.534668
vt -1.231445 1.332764
vt -1.191406 1.464111
vt -1.230469 1.281006
vt -1.221680 1.371094
vt -1.223633 1.174072
vt -1.208008 1.270752
vt -1.165039 1.460693
vt -1.194336 1.152222
vt -1.196289 1.350342
vt -1.184570 1.264893
vt -1.148438 1.473145
vt -1.168945 1.326660
vt -1.164062 1.246216
vt -1.205078 1.081848
vt -1.187500 1.057922
vt -1.147461 1.355469
vt -1.156250 1.216797
vt -1.162109 1.089417
vt -1.138672 1.206299
vt -1.134766 1.292969
vt -1.136719 1.453613
vt -1.131836 1.198242
vt -1.116211 1.306396
vt -1.097656 1.357910
vt -1.119141 1.376221
vt -1.108398 1.378418
vt -1.120117 1.436279
vt -1.107422 1.496582
vt -1.087891 1.417725
vt -1.083008 1.405273
vt -1.067383 1.425537
vt -1.073242 1.443848
vt -1.026367 1.424561
vt -1.066406 1.441650
vt -1.003906 1.425293
vt -1.016602 1.466309
vt -0.999023 1.302979
vt -0.998047 1.274658
vt -0.991211 1.312012
vt -0.988281 1.301758
vt -0.978516 1.388672
vt -0.979004 1.355713
vt -0.966797 1.505371
vt -0.972656 1.399414
vt -0.966309 1.402100
vt -0.982910 1.515625
vt -0.958984 1.494385
vt -0.995117 1.564941
vt -0.957520 1.464355
vt -0.955566 1.606934
vt -0.963379 1.607422
vt -0.961914 1.654785
vt -0.950684 1.702637
vt -0.943848 1.580566
vt -0.946289 1.662109
vt -0.987793 1.632812
vt -0.963867 1.693848
vt -0.955078 1.720703
vt -0.969727 1.696289
vt -0.929688 1.724121
vt -0.937012 1.690918
vt -0.900879 1.727539
vt -0.923828 1.630371
vt -0.904297 1.694824
vt -0.942871 1.502930
vt -0.916992 1.609863
vt -0.895508 1.695312
vt -0.888184 1.728516
vt -0.908203 1.529297
vt -0.952637 1.438232
vt -0.883301 1.687988
vt -0.873535 1.729980
vt -0.960449 1.395996
vt -0.873047 1.685547
vt -0.856934 1.731445
vt -0.878418 1.598633
vt -0.860840 1.649414
vt -0.893555 1.524902
vt -0.945312 1.433350
vt -0.851074 1.669434
vt -0.841797 1.733398
vt -0.868652 1.556152
vt -0.888672 1.438232
vt -0.916504 1.407959
vt -0.860352 1.396484
vt -0.853027 1.551270
vt -0.835449 1.689453
vt -0.827148 1.741211
vt -0.807617 1.605957
vt -0.895508 1.376953
vt -0.906738 1.258301
vt -0.933594 1.266602
vt -0.927246 1.178955
vt -0.963379 1.239258
vt -0.970703 1.137329
vt -0.989258 1.218140
vt -0.813965 1.668945
vt -0.815918 1.746094
vt -0.790527 1.607422
vt -0.802246 1.752441
vt -0.801270 1.463379
vt -0.782715 1.657715
vt -0.792969 1.758301
vt -0.784180 1.540527
vt -0.807129 1.403076
vt -0.770508 1.642578
vt -0.779297 1.482178
vt -0.744629 1.692383
vt -0.778320 1.769043
vt -0.753418 1.746582
vt 0.974609 0.339355
vt 1.063477 0.313965
vt 0.974609 0.290039
vt 1.093750 0.349121
vt 1.185547 0.349121
vt 1.037109 0.367676
vt 0.974609 0.356445
vt 1.180664 0.374023
vt 1.196289 0.351074
vt 1.021484 0.380371
vt 0.974609 0.376953
vt 1.188477 0.387695
vt 1.205078 0.351562
vt 1.029297 0.426758
vt 0.972656 0.487305
vt 1.066406 0.425293
vt 0.972656 0.585938
vt 1.087891 0.409180
vt 1.172852 0.395020
vt 1.068359 0.554199
vt 1.171875 0.426758
vt 1.021484 0.619873
vt 0.975586 0.692871
vt 1.089844 0.508545
vt 1.041016 0.701904
vt 0.979004 0.761475
vt 1.075195 0.701172
vt 1.014648 0.789673
vt 0.980957 0.807007
vt 1.045898 0.801147
vt 1.016602 0.907288
vt 0.985840 0.906006
vt 0.984375 0.935730
vt 1.032227 0.932251
vt 0.982910 0.964172
vt 1.041992 0.942535
vt 0.988281 1.140625
vt 1.086914 0.933655
vt 1.085938 0.809448
vt 1.101562 0.625977
vt 1.112305 0.814575
vt 1.113281 0.533447
vt 1.115234 0.749023
vt 1.153320 0.446777
vt 1.135742 0.592773
vt 1.118164 0.828247
vt 1.163086 0.507812
vt 1.109375 0.923401
vt 1.120117 0.861328
vt 1.181641 0.423828
vt 1.166992 0.558105
vt 1.196289 0.402344
vt 1.215820 0.355469
vt 1.193359 0.450684
vt 1.222656 0.403320
vt 1.246094 0.388184
vt 1.204102 0.466797
vt 1.278320 0.394043
vt 1.380859 0.395508
vt 1.267578 0.443359
vt 1.371094 0.422363
vt 1.386719 0.396973
vt 1.299805 0.426270
vt 1.379883 0.431152
vt 1.366211 0.439941
vt 1.271484 0.536377
vt 1.382812 0.421387
vt 1.393555 0.398926
vt 1.426758 0.408691
vt 1.307617 0.499023
vt 1.407227 0.430664
vt 1.443359 0.441406
vt 1.473633 0.414062
vt 1.459961 0.475098
vt 1.478516 0.415039
vt 1.433594 0.490723
vt 1.382812 0.466309
vt 1.464844 0.472656
vt 1.387695 0.486816
vt 1.470703 0.471680
vt 1.484375 0.416016
vt 1.475586 0.480469
vt 1.558594 0.435547
vt 1.466797 0.499512
vt 1.523438 0.482422
vt 1.541992 0.494629
vt 1.517578 0.549805
vt 1.559570 0.463379
vt 1.570312 0.436523
vt 1.529297 0.645264
vt 1.574219 0.471191
vt 1.591797 0.442383
vt 1.541016 0.656006
vt 1.552734 0.636475
vt 1.563477 0.657715
vt 1.571289 0.690186
vt 1.604492 0.445312
vt 1.548828 0.744873
vt 1.593750 0.605469
vt 1.535156 0.814819
vt 1.550781 0.776245
vt 1.530273 0.888489
vt 1.550781 0.833496
vt 1.535156 0.889404
vt 1.620117 0.500488
vt 1.637695 0.453125
vt 1.640625 0.589600
vt 1.608398 0.655518
vt 1.621094 0.827271
vt 1.632812 0.779663
vt 1.625000 0.850220
vt 1.612305 0.810669
vt 1.558594 0.841064
vt 1.539062 0.918518
vt 1.585938 0.868408
vt 1.597656 0.916260
vt 1.601562 0.964935
vt 1.619141 0.905579
vt 1.576172 1.017227
vt 1.601562 1.023285
vt 1.611328 1.090637
vt 1.586914 1.044189
vt 1.587891 1.138306
vt 1.592773 1.196777
vt 1.563477 1.266357
vt 1.525391 1.307861
vt 1.553711 1.184082
vt 1.560547 1.193604
vt 1.517578 1.302734
vt 1.504883 1.295410
vt 1.516602 1.258789
vt 1.488281 1.289795
vt 1.559570 1.132202
vt 1.521484 1.234985
vt 1.520508 1.192261
vt 1.531250 1.001361
vt 1.490234 1.265137
vt 1.479492 1.260498
vt 1.463867 1.286377
vt 1.524414 1.002207
vt 1.520508 1.070801
vt 1.497070 1.206543
vt 1.475586 1.239502
vt 1.433594 1.285645
vt 1.519531 1.003496
vt 1.504883 1.104309
vt 1.489258 1.192383
vt 1.463867 1.231934
vt 1.444336 1.244507
vt 1.415039 1.284668
vt 1.484375 1.161133
vt 1.439453 1.228760
vt 1.423828 1.230957
vt 1.458984 1.165039
vt 1.388672 1.282471
vt 1.492188 1.079468
vt 1.457031 1.129395
vt 1.512695 0.991432
vt 1.430664 1.199585
vt 1.525391 0.889526
vt 1.524414 0.838013
vt 1.515625 0.927856
vt 1.517578 0.730957
vt 1.501953 0.827515
vt 1.488281 0.708984
vt 1.485352 1.020874
vt 1.490234 0.907104
vt 1.443359 1.091736
vt 1.458984 1.017487
vt 1.441406 1.029510
vt 1.478516 0.821899
vt 1.462891 0.883423
vt 1.462891 0.784424
vt 1.445312 0.868652
vt 1.429688 1.010651
vt 1.498047 0.638672
vt 1.481445 0.614746
vt 1.433594 0.850342
vt 1.466797 0.528076
vt 1.456055 0.662354
vt 1.459961 0.539551
vt 1.458008 0.506592
vt 1.435547 0.735840
vt 1.441406 0.543701
vt 1.434570 0.691650
vt 1.410156 0.744629
vt 1.410156 0.811768
vt 1.404297 0.878967
vt 1.429688 0.796387
vt 1.395508 0.865601
vt 1.408203 0.905945
vt 1.383789 0.951935
vt 1.414062 0.992989
vt 1.382812 0.992950
vt 1.431641 1.137451
vt 1.401367 1.053040
vt 1.415039 1.139038
vt 1.400391 1.258057
vt 1.388672 1.180298
vt 1.375000 1.280518
vt 1.391602 1.084412
vt 1.370117 1.231323
vt 1.339844 1.280273
vt 1.376953 1.039886
vt 1.381836 1.104126
vt 1.361328 1.218384
vt 1.352539 1.198120
vt 1.342773 1.228760
vt 1.317383 1.279297
vt 1.355469 1.099731
vt 1.337891 1.220947
vt 1.329102 1.186157
vt 1.318359 1.200439
vt 1.290039 1.278564
vt 1.335938 1.110779
vt 1.364258 1.027206
vt 1.309570 1.189453
vt 1.366211 1.000541
vt 1.346680 1.052490
vt 1.304688 1.163452
vt 1.281250 1.218872
vt 1.260742 1.274902
vt 1.262695 1.253174
vt 1.288086 1.182983
vt 1.281250 1.189941
vt 1.360352 0.998454
vt 1.321289 1.049103
vt 1.257812 1.250732
vt 1.248047 1.277588
vt 1.310547 1.023117
vt 1.244141 1.259521
vt 1.223633 1.280762
vt 1.254883 1.211426
vt 1.288086 1.121765
vt 1.276367 1.072571
vt 1.256836 1.164185
vt 1.297852 0.982330
vt 1.260742 1.062500
vt 1.249023 1.163696
vt 1.230469 1.247803
vt 1.194336 1.284180
vt 1.240234 1.218994
vt 1.217773 1.187256
vt 1.197266 1.251465
vt 1.237305 1.137329
vt 1.252930 1.051270
vt 1.236328 1.059692
vt 1.250977 1.021179
vt 1.264648 0.966095
vt 1.272461 0.943542
vt 1.257812 0.952698
vt 1.268555 0.932434
vt 1.287109 0.857788
vt 1.246094 0.981644
vt 1.279297 0.865845
vt 1.292969 0.860718
vt 1.291992 0.831421
vt 1.296875 0.834229
vt 1.330078 0.812134
vt 1.291992 0.804932
vt 1.344727 0.848389
vt 1.319336 0.779541
vt 1.320312 0.981262
vt 1.356445 0.768066
vt 1.360352 0.982391
vt 1.383789 0.842041
vt 1.375977 0.951019
vt 1.377930 0.798462
vt 1.405273 0.669678
vt 1.389648 0.661865
vt 1.415039 0.533203
vt 1.385742 0.588867
vt 1.319336 0.734375
vt 1.302734 0.803345
vt 1.307617 0.764160
vt 1.321289 0.689941
vt 1.369141 0.494629
vt 1.341797 0.571045
vt 1.374023 0.436035
vt 1.344727 0.517578
vt 1.311523 0.654785
vt 1.295898 0.661865
vt 1.277344 0.812744
vt 1.273438 0.608398
vt 1.252930 0.741455
vt 1.253906 0.819702
vt 1.226562 0.745361
vt 1.235352 0.659668
vt 1.226562 0.822266
vt 1.193359 0.811523
vt 1.216797 0.947723
vt 1.188477 0.933777
vt 1.208008 0.970856
vt 1.149414 0.943726
vt 1.166992 0.993641
vt 1.177734 0.826538
vt 1.139648 0.944092
vt 1.208008 1.059235
vt 1.248047 0.571777
vt 1.211914 1.165649
vt 1.189453 1.252197
vt 1.181641 1.285400
vt 1.207031 1.148926
vt 1.194336 1.119873
vt 1.176758 1.246826
vt 1.166992 1.286865
vt 1.169922 1.122253
vt 1.172852 1.158447
vt 1.166016 1.233643
vt 1.150391 1.288330
vt 1.155273 1.219604
vt 1.144531 1.245728
vt 1.134766 1.290039
vt 1.151367 1.158936
vt 1.130859 1.239014
vt 1.112305 1.238647
vt 1.121094 1.297607
vt 1.125000 0.942291
vt 1.100586 1.175781
vt 1.107422 1.225830
vt 1.109375 1.302979
vt 1.083984 1.164062
vt 1.095703 1.309326
vt 1.076172 1.214722
vt 1.086914 1.314453
vt 1.094727 1.020065
vt 1.063477 1.195435
vt 1.072266 1.325928
vt 1.078125 1.097778
vt 1.113281 0.939606
vt 1.100586 0.960052
vt 1.030273 1.214355
vt 1.045898 1.299805
vt 1.073242 1.039398
vt 1.127930 0.852295
vt 1.162109 0.659424
vt 1.143555 0.830078
vt 1.181641 0.604492
vt 1.202148 0.564697
vt 1.170898 0.722656
vt 1.152344 0.862671
vt 1.195312 0.746338
vt 1.222656 0.613037
vt 1.228516 0.540527
vt 1.252930 0.484375
vt -0.769531 0.757324
vt -0.680664 0.782349
vt -0.680664 0.733398
vt -0.800293 0.792358
vt -0.892578 0.792236
vt -0.744141 0.810791
vt -0.680664 0.799438
vt -0.887207 0.817383
vt -0.903320 0.794312
vt -0.728027 0.823486
vt -0.680664 0.820190
vt -0.894531 0.830688
vt -0.912109 0.794922
vt -0.735840 0.869751
vt -0.678711 0.930298
vt -0.772461 0.868408
vt -0.678711 1.029068
vt -0.794922 0.852173
vt -0.879395 0.838013
vt -0.774414 0.997288
vt -0.860352 0.889771
vt -0.728027 1.062988
vt -0.682129 1.136108
vt -0.796387 0.951660
vt -0.781738 1.144165
vt -0.747070 1.145020
vt -0.685547 1.204712
vt -0.820312 0.976501
vt -0.721680 1.232788
vt -0.687500 1.250244
vt -0.751953 1.244385
vt -0.723145 1.350586
vt -0.691895 1.349121
vt -0.690430 1.378906
vt -0.738281 1.375488
vt -0.688965 1.407715
vt -0.747070 1.385986
vt -0.694824 1.584961
vt -0.793457 1.376709
vt -0.792480 1.252686
vt -0.808594 1.068909
vt -0.821289 1.192017
vt -0.818359 1.257568
vt -0.842773 1.035797
vt -0.825195 1.271484
vt -0.815918 1.366455
vt -0.877930 0.869751
vt -0.869629 0.950714
vt -0.888672 0.866943
vt -0.827148 1.303467
vt -0.873535 1.001181
vt -0.903320 0.845337
vt -0.922852 0.798706
vt -0.899902 0.893799
vt -0.928711 0.846680
vt -0.952148 0.831543
vt -0.910156 0.909912
vt -0.984375 0.837158
vt -1.086914 0.838379
vt -0.974609 0.886353
vt -1.077148 0.865479
vt -1.005859 0.870239
vt -1.092773 0.840210
vt -0.972656 0.982986
vt -0.953613 0.934631
vt -0.908203 1.007927
vt -0.954102 1.010956
vt -0.901367 1.087585
vt -0.888184 1.047760
vt -0.873535 1.176392
vt -0.869141 1.102417
vt -0.849121 1.275635
vt -0.834961 1.295410
vt -0.875977 1.203613
vt -0.819336 1.382324
vt -0.916016 1.129883
vt -0.855957 1.324463
vt -0.887695 1.262207
vt -0.831543 1.385742
vt -0.971191 1.025513
vt -0.859375 1.361328
vt -1.057617 0.886841
vt -0.927246 1.178955
vt -1.078125 0.878845
vt -1.051758 0.951935
vt -0.970703 1.137329
vt -0.906738 1.258301
vt -0.989258 1.218140
vt -0.933594 1.266602
vt -0.963379 1.239258
vt -0.895508 1.376953
vt -0.916504 1.407959
vt -0.860352 1.396484
vt -0.842285 1.394287
vt -0.888672 1.438232
vt -0.817383 1.681641
vt -0.945312 1.433350
vt -0.853027 1.551270
vt -0.868652 1.556152
vt -0.835449 1.689453
vt -0.851074 1.669434
vt -0.841797 1.733398
vt -0.827148 1.741211
vt -0.856934 1.731445
vt -0.807617 1.605957
vt -0.860840 1.649414
vt -0.873047 1.685547
vt -0.873535 1.729980
vt -0.893555 1.524902
vt -0.878418 1.598633
vt -0.883301 1.687988
vt -0.888184 1.728516
vt -0.895508 1.695312
vt -0.908203 1.529297
vt -0.952637 1.438232
vt -0.916992 1.609863
vt -0.960449 1.395996
vt -0.904297 1.694824
vt -0.900391 1.727539
vt -0.942871 1.502930
vt -0.923828 1.630371
vt -0.937012 1.690918
vt -0.929688 1.724121
vt -0.943848 1.580566
vt -0.950684 1.702637
vt -0.955078 1.720703
vt -0.946289 1.662109
vt -0.963867 1.693848
vt -0.955566 1.606934
vt -0.957520 1.464355
vt -0.958984 1.494385
vt -0.963379 1.607422
vt -0.966309 1.402100
vt -0.972656 1.399414
vt -0.966797 1.505371
vt -0.979004 1.355713
vt -0.988281 1.301758
vt -0.978516 1.388672
vt -0.991211 1.312012
vt -0.998047 1.274658
vt -0.999023 1.302979
vt -1.003906 1.425293
vt -1.000000 1.242310
vt -1.002930 1.277100
vt -1.046875 1.241455
vt -1.039062 1.028625
vt -1.008789 1.250488
vt -1.073242 0.932495
vt -1.032227 1.218872
vt -1.035156 1.089294
vt -1.009766 1.218628
vt -1.028320 1.166626
vt -1.051758 1.125122
vt -1.043945 1.090576
vt -1.094727 0.929810
vt -1.091797 1.031891
vt -1.088867 0.909302
vt -1.103516 1.114685
vt -1.121094 0.976364
vt -1.083984 1.241577
vt -1.114258 1.162354
vt -1.050781 1.291504
vt -1.089844 1.286621
vt -1.026367 1.424561
vt -1.016602 1.466309
vt -1.102539 1.295898
vt -0.982910 1.515625
vt -0.961914 1.654785
vt -0.995117 1.564941
vt -0.987793 1.632812
vt -0.969727 1.696289
vt -0.966797 1.718262
vt -1.027344 1.492432
vt -0.987793 1.662109
vt -0.996582 1.721680
vt -0.994141 1.625977
vt -1.066406 1.441650
vt -1.011719 1.606445
vt -1.067383 1.425537
vt -1.052734 1.495605
vt -1.088867 1.360840
vt -1.073242 1.443848
vt -1.083008 1.405273
vt -1.109375 1.289307
vt -1.097656 1.357910
vt -1.087891 1.417725
vt -1.070312 1.470459
vt -1.108398 1.378418
vt -1.042969 1.553711
vt -1.083008 1.483154
vt -1.015625 1.632812
vt -1.024414 1.643555
vt -1.024414 1.722656
vt -1.035156 1.629395
vt -1.061523 1.542969
vt -1.043945 1.664062
vt -1.048828 1.671875
vt -1.045898 1.723633
vt -1.058594 1.641113
vt -1.088867 1.547363
vt -1.068359 1.661621
vt -1.076172 1.674316
vt -1.081055 1.723633
vt -1.097656 1.527344
vt -1.094727 1.623535
vt -1.095703 1.724609
vt -1.107422 1.496582
vt -1.121094 1.582031
vt -1.119141 1.376221
vt -1.114258 1.690430
vt -1.120117 1.436279
vt -1.116211 1.306396
vt -1.134766 1.292969
vt -1.137695 1.580566
vt -1.136719 1.453613
vt -1.142578 1.623535
vt -1.123047 1.692383
vt -1.121094 1.728027
vt -1.149414 1.534668
vt -1.142578 1.646973
vt -1.163086 1.572754
vt -1.146484 1.671875
vt -1.150391 1.687500
vt -1.139648 1.729004
vt -1.166016 1.608398
vt -1.169922 1.674805
vt -1.190430 1.604492
vt -1.198242 1.522461
vt -1.195312 1.635254
vt -1.181641 1.682617
vt -1.169922 1.729492
vt -1.210938 1.547363
vt -1.186523 1.703613
vt -1.195312 1.732910
vt -1.203125 1.649414
vt -1.196289 1.708496
vt -1.226562 1.513672
vt -1.225586 1.446777
vt -1.227539 1.678223
vt -1.218750 1.434570
vt -1.222656 1.702148
vt -1.210938 1.738770
vt -1.191406 1.464111
vt -1.266602 1.636719
vt -1.223633 1.745605
vt -1.232422 1.750977
vt -1.259766 1.626953
vt -1.293945 1.581543
vt -1.269531 1.709473
vt -1.298828 1.639648
vt -1.318359 1.533691
vt -1.307617 1.466553
vt -1.325195 1.348633
vt -1.265625 1.575195
vt -1.307617 1.408203
vt -1.331055 1.293457
vt -1.292969 1.487305
vt -1.327148 1.270264
vt -1.338867 1.222778
vt -1.346680 1.032745
vt -1.303711 1.359375
vt -1.282227 1.460449
vt -1.226562 1.635254
vt -1.237305 1.444580
vt -1.291992 1.311523
vt -1.230469 1.445312
vt -1.245117 1.361572
vt -1.318359 1.253906
vt -1.264648 1.284180
vt -1.241211 1.332520
vt -1.314453 1.098572
vt -1.257812 1.276611
vt -1.326172 0.943573
vt -1.343750 0.896118
vt -1.310547 0.888367
vt -1.299805 1.048401
vt -1.277344 1.133301
vt -1.298828 0.885742
vt -1.256836 1.219482
vt -1.269531 1.100769
vt -1.280273 0.914062
vt -1.276367 0.879883
vt -1.254883 1.187988
vt -1.265625 0.906555
vt -1.258789 1.079590
vt -1.264648 0.878784
vt -1.241211 1.258057
vt -1.247070 1.099182
vt -1.236328 1.331543
vt -1.231445 1.332764
vt -1.230469 1.281006
vt -1.221680 1.371094
vt -1.223633 1.174072
vt -1.208008 1.270752
vt -1.165039 1.460693
vt -1.196289 1.350342
vt -1.184570 1.264893
vt -1.194336 1.152222
vt -1.148438 1.473145
vt -1.168945 1.326660
vt -1.147461 1.355469
vt -1.164062 1.246216
vt -1.156250 1.216797
vt -1.205078 1.081848
vt -1.138672 1.206299
vt -1.187500 1.057922
vt -1.162109 1.089417
vt -1.131836 1.198242
vt -1.166992 0.986191
vt -1.173828 0.971176
vt -1.236328 1.088440
vt -1.223633 0.992981
vt -1.248047 0.937836
vt -1.229492 0.925415
vt -1.172852 0.942322
vt -1.181641 0.923462
vt -1.191406 0.859253
vt -1.176758 0.914673
vt -1.184570 0.858032
vt -1.171875 0.915833
vt -1.165039 0.949646
vt -1.166016 0.917847
vt -1.179688 0.857056
vt -1.120117 1.174561
vt -1.148438 0.978043
vt -1.149414 0.884644
vt -1.133789 0.851807
vt -1.126953 0.916626
vt -1.112305 0.874146
vt -1.089844 0.864624
vt -1.099609 0.842163
vt -1.084961 0.875000
vt 1.382812 0.421387
vt 1.393555 0.398926
vt 1.407227 0.430664
vt 1.382812 0.466309
vt 1.433594 0.490723
vt 1.387695 0.486816
vt 1.415039 0.533203
vt 1.389648 0.661865
vt 1.385742 0.588867
vt 1.319336 0.779541
vt 1.319336 0.734375
vt 1.369141 0.494629
vt 1.302734 0.803345
vt 1.374023 0.436035
vt 1.296875 0.834229
vt 1.344727 0.517578
vt 1.341797 0.571045
vt 1.311523 0.654785
vt 1.291992 0.804932
vt 1.321289 0.689941
vt 1.307617 0.764160
vt 1.291992 0.831421
vt 1.287109 0.857788
vt 1.292969 0.860718
vt 1.272461 0.943542
vt 1.030273 1.214355
vt 1.045898 1.299805
vt 1.072266 1.325928
vt 1.063477 1.195435
vt 1.086914 1.314453
vt 1.073242 1.039398
vt 1.100586 0.960052
vt 1.076172 1.214722
vt 1.095703 1.309326
vt 1.078125 1.097778
vt 1.094727 1.020065
vt 1.083984 1.164062
vt 1.109375 1.302979
vt 1.100586 1.175781
vt 1.107422 1.225830
vt 1.121094 1.297607
vt 1.112305 1.238647
vt 1.134766 1.290039
vt 1.130859 1.239014
vt 1.144531 1.245728
vt 1.150391 1.288330
vt 1.155273 1.219604
vt 1.166016 1.233643
vt 1.172852 1.158447
vt -1.137695 1.580566
vt -1.114258 1.690430
vt -1.121094 1.582031
vt -1.094727 1.623535
vt -1.081055 1.723633
vt -1.097656 1.527344
vt -1.076172 1.674316
vt -1.045898 1.723633
vt -1.083008 1.483154
vt -1.088867 1.547363
vt -1.068359 1.661621
vt -1.058594 1.641113
vt -1.048828 1.671875
vt -1.024414 1.722656
vt -1.070312 1.470459
vt -1.061523 1.542969
vt -1.043945 1.664062
vt -1.035156 1.629395
vt -1.024414 1.643555
vt -0.996582 1.721680
vt -1.042969 1.553711
vt -1.015625 1.632812
vt -1.052734 1.495605
vt -1.011719 1.606445
vt -0.987793 1.662109
vt -0.966797 1.718262
vt -0.994141 1.625977
vt -1.027344 1.492432
vt -0.744629 1.692383
vt -0.753418 1.746582
vt -0.778320 1.769043
vt -0.792969 1.758301
vt -0.779297 1.482178
vt -0.770508 1.642578
vt -0.807129 1.403076
vt -0.782715 1.657715
vt -0.802246 1.752441
vt -0.784180 1.540527
vt -0.801270 1.463379
vt -0.790527 1.607422
vt -0.815918 1.746094
vt -0.813965 1.668945
vt 0.032928 0.033691
vt 0.004993 0.012695
vt 0.124329 0.062988
vt 0.140259 0.053223
vt 0.027756 0.009277
vt 0.011551 -0.008789
vt 0.128174 0.039551
vt 0.089478 0.026855
vt 0.100220 0.021973
vt 0.013657 -0.018555
vt 0.176758 0.034668
vt 0.085754 0.008301
vt 0.121094 0.001465
vt 0.044434 -0.016602
vt 0.049896 -0.026367
vt 0.016342 -0.039062
vt 0.118713 -0.013672
vt 0.057800 -0.045898
vt 0.019424 -0.066406
vt 0.164795 -0.032227
vt 0.291992 -0.008789
vt 0.057648 -0.055664
vt 0.281982 -0.024414
vt 0.129028 -0.050781
vt 0.091431 -0.065430
vt 0.187866 -0.047852
vt 0.277588 -0.033203
vt 0.224976 -0.049805
vt 0.281494 -0.038086
vt -0.193848 0.008301
vt -0.236206 0.005371
vt -0.153076 -0.016602
vt -0.159424 -0.027344
vt -0.124939 -0.039062
vt -0.227417 -0.013672
vt -0.166504 -0.045898
vt -0.128052 -0.066406
vt -0.273682 -0.032227
vt -0.166260 -0.055664
vt -0.237793 -0.050781
vt -0.200073 -0.065430
vt -0.296631 -0.047852
vt -0.386230 -0.033203
vt -0.333496 -0.049805
vt -0.390137 -0.038086
vt1 0.310791 0.970917
vt1 0.310791 0.933533
vt1 0.305908 0.969269
vt1 0.320312 0.853149
vt1 0.319092 0.895813
vt1 0.312256 0.970993
vt1 0.318359 0.923645
vt1 0.325928 0.867920
vt1 0.323486 0.916077
vt1 0.317383 0.971573
vt1 0.330078 0.973633
vt1 0.335205 0.898376
vt1 0.333008 0.974182
vt1 0.336426 0.858154
vt1 0.341064 0.908630
vt1 0.337402 0.974701
vt1 0.332031 0.823730
vt1 0.325928 0.823242
vt1 0.330566 0.798706
vt1 0.347168 0.904175
vt1 0.341553 0.975357
vt1 0.346680 0.778687
vt1 0.353271 0.887085
vt1 0.346680 0.976212
vt1 0.337891 0.831543
vt1 0.356934 0.876099
vt1 0.350830 0.977097
vt1 0.353516 0.826660
vt1 0.352051 0.785156
vt1 0.356934 0.828857
vt1 0.360352 0.784668
vt1 0.358154 0.831909
vt1 0.361816 0.789185
vt1 0.361572 0.828735
vt1 0.364502 0.795166
vt1 0.363037 0.835815
vt1 0.369141 0.790283
vt1 0.361328 0.955841
vt1 0.372314 0.980255
vt1 0.371826 0.791748
vt1 0.375977 0.962891
vt1 0.381348 0.981689
vt1 0.365967 0.869507
vt1 0.370361 0.929077
vt1 0.384277 0.922668
vt1 0.373535 0.811768
vt1 0.374268 0.883850
vt1 0.384766 0.889709
vt1 0.385742 0.809814
vt1 0.389404 0.908203
vt1 0.386230 0.982422
vt1 0.386475 0.836914
vt1 0.392822 0.850708
vt1 0.394287 0.781006
vt1 0.395752 0.864624
vt1 0.396729 0.797974
vt1 0.393311 0.933533
vt1 0.391357 0.983307
vt1 0.399170 0.815430
vt1 0.402344 0.835327
vt1 0.403320 0.815796
vt1 0.413086 0.741211
vt1 0.414551 0.778076
vt1 0.404785 0.750732
vt1 0.416504 0.756348
vt1 0.413330 0.750977
vt1 0.423096 0.720947
vt1 0.424072 0.710205
vt1 0.430176 0.711670
vt1 0.431641 0.719482
vt1 0.437256 0.713867
vt1 0.423584 0.746338
vt1 0.427246 0.742920
vt1 0.440674 0.714600
vt1 0.417236 0.778198
vt1 0.431641 0.738281
vt1 0.402100 0.862549
vt1 0.417725 0.786499
vt1 0.398926 0.944946
vt1 0.395752 0.984070
vt1 0.409180 0.864624
vt1 0.403076 0.953278
vt1 0.413818 0.986458
vt1 0.411133 0.914307
vt1 0.416748 0.937805
vt1 0.424316 0.987740
vt1 0.426270 0.913818
vt1 0.427979 0.987976
vt1 0.415527 0.862671
vt1 0.434814 0.841675
vt1 0.419922 0.811035
vt1 0.422852 0.814575
vt1 0.432617 0.752075
vt1 0.440186 0.724854
vt1 0.443359 0.726807
vt1 0.447510 0.715576
vt1 0.438965 0.749268
vt1 0.449463 0.729248
vt1 0.456299 0.716553
vt1 0.445312 0.764404
vt1 0.437500 0.806152
vt1 0.442627 0.802856
vt1 0.451416 0.752563
vt1 0.452881 0.729004
vt1 0.456055 0.740234
vt1 0.464355 0.718262
vt1 0.458984 0.745605
vt1 0.468506 0.719727
vt1 0.450195 0.771851
vt1 0.463379 0.741699
vt1 0.450928 0.784058
vt1 0.445312 0.801392
vt1 0.436035 0.854492
vt1 0.441162 0.832520
vt1 0.435791 0.881226
vt1 0.432617 0.988762
vt1 0.447266 0.802734
vt1 0.438721 0.870361
vt1 0.437012 0.989136
vt1 0.442383 0.853027
vt1 0.446289 0.822998
vt1 0.440186 0.867432
vt1 0.442383 0.965668
vt1 0.439453 0.989578
vt1 0.446533 0.903381
vt1 0.450439 0.970261
vt1 0.447266 0.990265
vt1 0.449951 0.822510
vt1 0.458984 0.876160
vt1 0.468750 0.727051
vt1 0.457520 0.834229
vt1 0.468262 0.753662
vt1 0.472900 0.741211
vt1 0.475586 0.719971
vt1 0.468750 0.770874
vt1 0.462158 0.832886
vt1 0.459961 0.970718
vt1 0.453857 0.991028
vt1 0.467041 0.847900
vt1 0.472412 0.761963
vt1 0.463379 0.968887
vt1 0.458740 0.991020
vt1 0.473145 0.798950
vt1 0.467285 0.967682
vt1 0.470947 0.845581
vt1 0.472168 0.992344
vt1 0.475098 0.756470
vt1 0.477783 0.783447
vt1 0.478760 0.734619
vt1 0.484131 0.719727
vt1 0.478760 0.760864
vt1 0.487305 0.726074
vt1 0.494629 0.722168
vt1 0.475342 0.834106
vt1 0.486084 0.765625
vt1 0.490234 0.738770
vt1 0.490967 0.747559
vt1 0.496582 0.726318
vt1 0.486816 0.786377
vt1 0.482422 0.806396
vt1 0.473877 0.877502
vt1 0.475586 0.915955
vt1 0.471436 0.974976
vt1 0.475830 0.984146
vt1 0.479492 0.993092
vt1 0.485352 0.984222
vt1 0.502930 0.994553
vt1 0.479736 0.967834
vt1 0.502930 0.975021
vt1 0.506836 0.975098
vt1 0.510254 0.995262
vt1 0.489502 0.952148
vt1 0.482666 0.925903
vt1 0.500488 0.944580
vt1 0.493408 0.916931
vt1 0.482422 0.893433
vt1 0.486816 0.833008
vt1 0.501465 0.866333
vt1 0.492920 0.838379
vt1 0.491943 0.765869
vt1 0.495117 0.770142
vt1 0.500488 0.735596
vt1 0.504395 0.725830
vt1 0.503418 0.742188
vt1 0.512695 0.721680
vt1 0.498535 0.821899
vt1 0.507812 0.760864
vt1 0.509277 0.737549
vt1 0.507324 0.800903
vt1 0.511230 0.765503
vt1 0.511719 0.742676
vt1 0.507324 0.830078
vt1 0.512207 0.812866
vt1 0.504883 0.875610
vt1 0.509277 0.882019
vt1 0.506348 0.926392
vt1 0.509766 0.958832
vt1 0.513184 0.880859
vt1 0.515137 0.916443
vt1 0.515137 0.978760
vt1 0.516113 0.995434
vt1 0.517090 0.845337
vt1 0.520996 0.973801
vt1 0.516602 0.808105
vt1 0.520508 0.899170
vt1 0.520020 0.804443
vt1 0.517090 0.781494
vt1 0.520020 0.781372
vt1 0.516602 0.764038
vt1 0.521484 0.758667
vt1 0.516602 0.740723
vt1 0.521484 0.750000
vt1 0.519043 0.729736
vt1 0.523926 0.722656
vt1 0.528320 0.723877
vt1 0.536621 0.723633
vt1 0.522949 0.773193
vt1 0.536133 0.731689
vt1 0.532227 0.728760
vt1 0.522949 0.814331
vt1 0.526855 0.778931
vt1 0.535645 0.752930
vt1 0.532227 0.827026
vt1 0.525391 0.882446
vt1 0.536621 0.816162
vt1 0.538086 0.759033
vt1 0.539551 0.739990
vt1 0.543945 0.722900
vt1 0.534180 0.891663
vt1 0.542480 0.744873
vt1 0.530273 0.975372
vt1 0.525879 0.995274
vt1 0.541504 0.908386
vt1 0.542480 0.978699
vt1 0.533691 0.995197
vt1 0.541504 0.824585
vt1 0.548828 0.943970
vt1 0.550781 0.982712
vt1 0.554199 0.995346
vt1 0.554688 0.981750
vt1 0.559082 0.995945
vt1 0.554688 0.963013
vt1 0.549805 0.898987
vt1 0.541992 0.773560
vt1 0.556152 0.928955
vt1 0.543945 0.767578
vt1 0.551270 0.857422
vt1 0.548340 0.776001
vt1 0.546387 0.747559
vt1 0.550293 0.723145
vt1 0.549805 0.728760
vt1 0.555664 0.745117
vt1 0.559082 0.723633
vt1 0.553223 0.762329
vt1 0.553223 0.808838
vt1 0.556152 0.777100
vt1 0.556152 0.848877
vt1 0.558594 0.759033
vt1 0.559082 0.829468
vt1 0.560059 0.971466
vt1 0.564453 0.996067
vt1 0.561523 0.814819
vt1 0.560547 0.740234
vt1 0.564941 0.723633
vt1 0.562012 0.764160
vt1 0.565430 0.863647
vt1 0.564453 0.734131
vt1 0.564941 0.817017
vt1 0.564453 0.772583
vt1 0.569824 0.804077
vt1 0.573242 0.780640
vt1 0.570312 0.852783
vt1 0.574707 0.831177
vt1 0.561523 0.971512
vt1 0.569824 0.937988
vt1 0.562988 0.971252
vt1 0.571777 0.995899
vt1 0.588867 0.934875
vt1 0.591309 0.985229
vt1 0.605469 0.992836
vt1 0.580566 0.970978
vt1 0.605469 0.990944
vt1 0.593750 0.974060
vt1 0.596680 0.948914
vt1 0.583984 0.868408
vt1 0.607422 0.979416
vt1 0.615723 0.992439
vt1 0.576660 0.812012
vt1 0.589355 0.859009
vt1 0.598633 0.886841
vt1 0.588379 0.815674
vt1 0.574219 0.767090
vt1 0.577148 0.781616
vt1 0.570312 0.728760
vt1 0.575684 0.722656
vt1 0.575195 0.762695
vt1 0.573730 0.740967
vt1 0.579102 0.751709
vt1 0.581543 0.749268
vt1 0.582520 0.721924
vt1 0.579590 0.779175
vt1 0.584473 0.738281
vt1 0.588867 0.790405
vt1 0.586426 0.770020
vt1 0.590332 0.738525
vt1 0.588867 0.722656
vt1 0.593750 0.763306
vt1 0.592285 0.739990
vt1 0.593262 0.721680
vt1 0.596680 0.759521
vt1 0.597656 0.784424
vt1 0.590820 0.809448
vt1 0.600586 0.753540
vt1 0.597168 0.721436
vt1 0.602051 0.779541
vt1 0.603027 0.801636
vt1 0.602539 0.733643
vt1 0.605957 0.723145
vt1 0.604492 0.761475
vt1 0.607422 0.805664
vt1 0.604004 0.860107
vt1 0.607422 0.828979
vt1 0.605957 0.898254
vt1 0.613770 0.885803
vt1 0.612305 0.976974
vt1 0.609375 0.886597
vt1 0.618164 0.987106
vt1 0.617188 0.964691
vt1 0.618652 0.992287
vt1 0.612793 0.818115
vt1 0.621582 0.911926
vt1 0.606445 0.747070
vt1 0.617188 0.837158
vt1 0.612305 0.776611
vt1 0.609375 0.726074
vt1 0.610352 0.755493
vt1 0.620605 0.777588
vt1 0.621094 0.828979
vt1 0.628418 0.923279
vt1 0.632812 0.875916
vt1 0.626465 0.963928
vt1 0.635254 0.973358
vt1 0.642578 0.951385
vt1 0.643555 0.978165
vt1 0.645020 0.990448
vt1 0.669434 0.987656
vt1 0.632324 0.799072
vt1 0.655273 0.947021
vt1 0.614258 0.738525
vt1 0.646973 0.917786
vt1 0.632324 0.791504
vt1 0.614258 0.729980
vt1 0.612305 0.720947
vt1 0.636230 0.795654
vt1 0.620117 0.735596
vt1 0.624512 0.718750
vt1 0.634277 0.785278
vt1 0.625000 0.740234
vt1 0.625488 0.728760
vt1 0.635742 0.775879
vt1 0.630859 0.732178
vt1 0.632812 0.735596
vt1 0.630371 0.718018
vt1 0.637695 0.761963
vt1 0.645020 0.805664
vt1 0.645996 0.791748
vt1 0.637695 0.746826
vt1 0.645020 0.772705
vt1 0.641602 0.740479
vt1 0.634277 0.717529
vt1 0.652344 0.777222
vt1 0.654297 0.800659
vt1 0.646973 0.748291
vt1 0.640625 0.716553
vt1 0.656250 0.779541
vt1 0.651367 0.746826
vt1 0.646973 0.725586
vt1 0.645996 0.715576
vt1 0.662109 0.789307
vt1 0.659668 0.812256
vt1 0.654297 0.822998
vt1 0.662109 0.888916
vt1 0.645020 0.816040
vt1 0.665527 0.897278
vt1 0.666992 0.959869
vt1 0.650879 0.884338
vt1 0.666992 0.971893
vt1 0.669922 0.970688
vt1 0.663574 0.976288
vt1 0.673828 0.987808
vt1 0.672363 0.950317
vt1 0.673340 0.972076
vt1 0.673828 0.849365
vt1 0.665039 0.786743
vt1 0.679199 0.922485
vt1 0.677734 0.859497
vt1 0.659180 0.754395
vt1 0.673828 0.807007
vt1 0.688477 0.916321
vt1 0.657227 0.733154
vt1 0.674805 0.795166
vt1 0.665039 0.739502
vt1 0.684570 0.814819
vt1 0.690918 0.865845
vt1 0.658203 0.727539
vt1 0.651855 0.713867
vt1 0.690918 0.815063
vt1 0.679688 0.773804
vt1 0.674805 0.753906
vt1 0.661621 0.729248
vt1 0.656250 0.714600
vt1 0.662109 0.709717
vt1 0.677734 0.754883
vt1 0.669922 0.737549
vt1 0.664551 0.721436
vt1 0.680176 0.745605
vt1 0.665527 0.720703
vt1 0.688477 0.778931
vt1 0.687500 0.766479
vt1 0.685059 0.741211
vt1 0.701660 0.843628
vt1 0.672363 0.716797
vt1 0.700684 0.870239
vt1 0.668457 0.708496
vt1 0.671387 0.702393
vt1 0.701660 0.957275
vt1 0.689453 0.960358
vt1 0.675781 0.973282
vt1 0.678223 0.987213
vt1 0.710449 0.957275
vt1 0.705078 0.971298
vt1 0.704590 0.983139
vt1 0.723145 0.980667
vt1 0.718750 0.972305
vt1 0.726562 0.980591
vt1 0.715820 0.938354
vt1 0.711426 0.874512
vt1 0.722656 0.951111
vt1 0.731445 0.971634
vt1 0.736328 0.980499
vt1 0.708008 0.830322
vt1 0.733887 0.959198
vt1 0.743652 0.980194
vt1 0.760742 0.960480
vt1 0.762695 0.978195
vt1 0.727051 0.954102
vt1 0.732910 0.951752
vt1 0.759766 0.932373
vt1 0.717773 0.879700
vt1 0.717285 0.820801
vt1 0.711426 0.821289
vt1 0.705566 0.777832
vt1 0.735352 0.902954
vt1 0.692383 0.759033
vt1 0.740234 0.886902
vt1 0.690918 0.741943
vt1 0.751465 0.835449
vt1 0.690430 0.735596
vt1 0.718750 0.815308
vt1 0.718750 0.799194
vt1 0.737793 0.833740
vt1 0.728516 0.780396
vt1 0.742676 0.793213
vt1 0.724121 0.806274
vt1 0.724121 0.758057
vt1 0.730957 0.756104
vt1 0.717773 0.763306
vt1 0.709473 0.762329
vt1 0.692383 0.718750
vt1 0.686035 0.719238
vt1 0.702148 0.727051
vt1 0.686035 0.713379
vt1 0.704102 0.724365
vt1 0.710938 0.721924
vt1 0.691406 0.708984
vt1 0.678223 0.700195
vt1 0.694336 0.706055
vt1 0.066467 0.538574
vt1 0.029083 0.538330
vt1 0.030731 0.543213
vt1 0.146851 0.529053
vt1 0.104187 0.530029
vt1 0.029007 0.536865
vt1 0.076355 0.531006
vt1 0.132080 0.523193
vt1 0.083923 0.525635
vt1 0.028427 0.531738
vt1 0.026367 0.519287
vt1 0.101624 0.514160
vt1 0.025818 0.516357
vt1 0.141846 0.512695
vt1 0.091370 0.508057
vt1 0.025299 0.511963
vt1 0.176270 0.517090
vt1 0.176758 0.523193
vt1 0.201294 0.518555
vt1 0.095886 0.502197
vt1 0.024643 0.507812
vt1 0.221313 0.502686
vt1 0.113037 0.496094
vt1 0.023788 0.502686
vt1 0.168457 0.511230
vt1 0.123901 0.492188
vt1 0.022903 0.498535
vt1 0.173340 0.496094
vt1 0.164185 0.486328
vt1 0.171143 0.492676
vt1 0.215332 0.489258
vt1 0.168091 0.491211
vt1 0.210815 0.487305
vt1 0.204834 0.484863
vt1 0.171265 0.487793
vt1 0.214844 0.497070
vt1 0.260742 0.478516
vt1 0.270264 0.475586
vt1 0.274414 0.465332
vt1 0.246216 0.497070
vt1 0.227661 0.512451
vt1 0.281982 0.488281
vt1 0.306152 0.447266
vt1 0.306641 0.457520
vt1 0.295654 0.464355
vt1 0.304688 0.450195
vt1 0.292969 0.452637
vt1 0.296875 0.439941
vt1 0.290771 0.447266
vt1 0.230835 0.479492
vt1 0.280029 0.452148
vt1 0.286621 0.442871
vt1 0.293457 0.435059
vt1 0.266846 0.457031
vt1 0.209717 0.480469
vt1 0.271729 0.453613
vt1 0.285156 0.438965
vt1 0.208252 0.477539
vt1 0.288330 0.435059
vt1 0.291992 0.430176
vt1 0.283936 0.435059
vt1 0.272949 0.439941
vt1 0.289795 0.425293
vt1 0.274902 0.442871
vt1 0.285889 0.436523
vt1 0.279053 0.432617
vt1 0.256592 0.454590
vt1 0.258789 0.436523
vt1 0.269775 0.451660
vt1 0.239624 0.463867
vt1 0.256836 0.450195
vt1 0.258545 0.448242
vt1 0.249268 0.444336
vt1 0.218994 0.455078
vt1 0.230225 0.460449
vt1 0.188232 0.476074
vt1 0.190186 0.463867
vt1 0.201660 0.452637
vt1 0.163086 0.462891
vt1 0.116150 0.475098
vt1 0.130493 0.483398
vt1 0.044189 0.487793
vt1 0.019745 0.477051
vt1 0.070923 0.479004
vt1 0.037140 0.473633
vt1 0.018311 0.467773
vt1 0.110474 0.464355
vt1 0.077393 0.464844
vt1 0.148682 0.456543
vt1 0.144653 0.454590
vt1 0.184326 0.450195
vt1 0.041656 0.460938
vt1 0.017319 0.462891
vt1 0.159180 0.449707
vt1 0.029037 0.458496
vt1 0.016602 0.458496
vt1 0.208862 0.439453
vt1 0.059784 0.452148
vt1 0.147705 0.448242
vt1 0.056030 0.449707
vt1 0.016006 0.454102
vt1 0.013596 0.436035
vt1 0.135864 0.442871
vt1 0.086182 0.437988
vt1 0.065796 0.432129
vt1 0.012283 0.425293
vt1 0.085876 0.422852
vt1 0.012016 0.421387
vt1 0.137451 0.433594
vt1 0.158325 0.414551
vt1 0.189941 0.429199
vt1 0.185425 0.426270
vt1 0.145508 0.413574
vt1 0.188477 0.435059
vt1 0.118774 0.413574
vt1 0.011238 0.416504
vt1 0.223877 0.433105
vt1 0.129639 0.410645
vt1 0.010864 0.412598
vt1 0.167480 0.408203
vt1 0.132568 0.409180
vt1 0.034332 0.406738
vt1 0.010422 0.409668
vt1 0.146973 0.407227
vt1 0.029739 0.398926
vt1 0.009735 0.402344
vt1 0.096619 0.402832
vt1 0.029282 0.389648
vt1 0.008972 0.395508
vt1 0.123901 0.390137
vt1 0.031128 0.386230
vt1 0.008980 0.390625
vt1 0.167114 0.387207
vt1 0.032318 0.382324
vt1 0.007656 0.377441
vt1 0.152222 0.382324
vt1 0.154419 0.378418
vt1 0.165771 0.391602
vt1 0.229126 0.380859
vt1 0.201050 0.375977
vt1 0.246338 0.381348
vt1 0.238037 0.376953
vt1 0.177490 0.399414
vt1 0.259033 0.376465
vt1 0.272949 0.380371
vt1 0.177002 0.402832
vt1 0.258301 0.385742
vt1 0.280029 0.379395
vt1 0.280029 0.373535
vt1 0.254395 0.390625
vt1 0.281738 0.384766
vt1 0.243530 0.374512
vt1 0.265381 0.370605
vt1 0.280273 0.365234
vt1 0.216553 0.371582
vt1 0.239136 0.370605
vt1 0.273926 0.361816
vt1 0.277832 0.354492
vt1 0.165894 0.374023
vt1 0.234375 0.363281
vt1 0.261230 0.359375
vt1 0.252441 0.358398
vt1 0.273682 0.353027
vt1 0.213623 0.362305
vt1 0.193726 0.366699
vt1 0.122559 0.375488
vt1 0.084106 0.374023
vt1 0.025024 0.377930
vt1 0.015869 0.373535
vt1 0.006908 0.370117
vt1 0.015778 0.363770
vt1 0.005447 0.346191
vt1 0.032166 0.369629
vt1 0.024979 0.346191
vt1 0.024918 0.342285
vt1 0.004738 0.338867
vt1 0.047852 0.359863
vt1 0.055420 0.348633
vt1 0.074097 0.366699
vt1 0.083069 0.355957
vt1 0.106628 0.366699
vt1 0.166992 0.362305
vt1 0.133667 0.347656
vt1 0.161621 0.356445
vt1 0.234131 0.357422
vt1 0.229858 0.354492
vt1 0.264404 0.348633
vt1 0.274170 0.344727
vt1 0.257812 0.346191
vt1 0.278320 0.336426
vt1 0.178101 0.350586
vt1 0.239136 0.341309
vt1 0.262451 0.339844
vt1 0.199097 0.341797
vt1 0.234497 0.337891
vt1 0.257324 0.337402
vt1 0.169922 0.342285
vt1 0.187134 0.336914
vt1 0.124451 0.344238
vt1 0.117981 0.339844
vt1 0.073669 0.342773
vt1 0.041168 0.339355
vt1 0.119141 0.336426
vt1 0.083618 0.333984
vt1 0.021255 0.333984
vt1 0.004566 0.333008
vt1 0.154663 0.332031
vt1 0.026199 0.328125
vt1 0.191895 0.332520
vt1 0.100891 0.328613
vt1 0.195557 0.329102
vt1 0.024628 0.318848
vt1 0.004726 0.323242
vt1 0.117615 0.323730
vt1 0.021301 0.307129
vt1 0.004803 0.315918
vt1 0.108398 0.314941
vt1 0.017288 0.298340
vt1 0.004654 0.294922
vt1 0.091736 0.307617
vt1 0.018250 0.294434
vt1 0.004055 0.290527
vt1 0.056030 0.300293
vt1 0.036987 0.294434
vt1 0.031464 0.290527
vt1 0.003933 0.284668
vt1 0.101074 0.299316
vt1 0.175537 0.307617
vt1 0.183838 0.312988
vt1 0.071045 0.293457
vt1 0.173096 0.317383
vt1 0.185669 0.326172
vt1 0.247070 0.313477
vt1 0.221069 0.322266
vt1 0.226807 0.326172
vt1 0.240967 0.311035
vt1 0.271240 0.316895
vt1 0.268311 0.312988
vt1 0.276123 0.320801
vt1 0.218628 0.329102
vt1 0.241333 0.327637
vt1 0.218506 0.332520
vt1 0.235962 0.332520
vt1 0.250000 0.327637
vt1 0.259277 0.332520
vt1 0.270264 0.330078
vt1 0.277344 0.325684
vt1 0.276367 0.312500
vt1 0.260010 0.309570
vt1 0.277100 0.305176
vt1 0.226440 0.307129
vt1 0.255127 0.306641
vt1 0.142578 0.297852
vt1 0.232422 0.305176
vt1 0.252441 0.302734
vt1 0.276855 0.298828
vt1 0.223999 0.301270
vt1 0.271240 0.299316
vt1 0.254883 0.293945
vt1 0.276367 0.290039
vt1 0.237671 0.295898
vt1 0.191162 0.295898
vt1 0.222900 0.292969
vt1 0.151245 0.293457
vt1 0.240601 0.290527
vt1 0.169189 0.290039
vt1 0.259766 0.288574
vt1 0.276611 0.284180
vt1 0.179810 0.287598
vt1 0.235474 0.287109
vt1 0.142334 0.285645
vt1 0.266602 0.284668
vt1 0.174438 0.284180
vt1 0.227051 0.284668
vt1 0.216431 0.280273
vt1 0.174805 0.278809
vt1 0.214233 0.275879
vt1 0.142822 0.277832
vt1 0.176758 0.273438
vt1 0.227173 0.273926
vt1 0.272217 0.279297
vt1 0.277344 0.273438
vt1 0.174927 0.270020
vt1 0.232788 0.273926
vt1 0.133911 0.266602
vt1 0.257812 0.275391
vt1 0.217041 0.269531
vt1 0.232300 0.269531
vt1 0.255615 0.270996
vt1 0.251465 0.268066
vt1 0.278076 0.267090
vt1 0.213989 0.262207
vt1 0.261719 0.264648
vt1 0.231201 0.263184
vt1 0.276855 0.261230
vt1 0.231934 0.257324
vt1 0.185059 0.260742
vt1 0.197266 0.259766
vt1 0.134644 0.257324
vt1 0.235718 0.254883
vt1 0.260498 0.256836
vt1 0.278320 0.255859
vt1 0.240479 0.252930
vt1 0.215576 0.251465
vt1 0.246460 0.249023
vt1 0.278564 0.251953
vt1 0.220459 0.247070
vt1 0.266357 0.247070
vt1 0.276855 0.243652
vt1 0.238525 0.245117
vt1 0.198364 0.246094
vt1 0.194336 0.241699
vt1 0.252930 0.242676
vt1 0.171021 0.241699
vt1 0.181885 0.236816
vt1 0.114319 0.235352
vt1 0.113403 0.243652
vt1 0.113403 0.239746
vt1 0.035309 0.231934
vt1 0.023026 0.236816
vt1 0.108887 0.248535
vt1 0.022797 0.240234
vt1 0.041290 0.247559
vt1 0.007561 0.233398
vt1 0.009056 0.243652
vt1 0.012894 0.230957
vt1 0.007713 0.230469
vt1 0.028748 0.255859
vt1 0.014771 0.257812
vt1 0.007164 0.244141
vt1 0.004101 0.277832
vt1 0.069580 0.258789
vt1 0.028763 0.267578
vt1 0.028854 0.286621
vt1 0.066162 0.276855
vt1 0.028549 0.287598
vt1 0.088074 0.228027
vt1 0.036102 0.222656
vt1 0.162842 0.231934
vt1 0.026657 0.213867
vt1 0.076721 0.221191
vt1 0.021835 0.205566
vt1 0.009552 0.204102
vt1 0.012337 0.180176
vt1 0.048615 0.206543
vt1 0.171021 0.228027
vt1 0.223389 0.236816
vt1 0.124146 0.216309
vt1 0.222412 0.228516
vt1 0.244507 0.238770
vt1 0.273926 0.239746
vt1 0.200928 0.216797
vt1 0.261475 0.234863
vt1 0.270020 0.234863
vt1 0.279053 0.236816
vt1 0.208496 0.216797
vt1 0.082275 0.202148
vt1 0.204346 0.213379
vt1 0.053009 0.194336
vt1 0.264404 0.229004
vt1 0.023712 0.185547
vt1 0.281250 0.225098
vt1 0.028107 0.182129
vt1 0.214722 0.214844
vt1 0.115723 0.198242
vt1 0.027557 0.179199
vt1 0.012207 0.175293
vt1 0.042969 0.183105
vt1 0.184448 0.204590
vt1 0.111145 0.187012
vt1 0.259766 0.224121
vt1 0.177002 0.195312
vt1 0.271240 0.224121
vt1 0.194336 0.204102
vt1 0.224121 0.213867
vt1 0.267822 0.218262
vt1 0.264404 0.216309
vt1 0.238037 0.211426
vt1 0.281982 0.218750
vt1 0.208252 0.203125
vt1 0.199341 0.194824
vt1 0.227295 0.204102
vt1 0.253174 0.211426
vt1 0.259521 0.207520
vt1 0.282471 0.214844
vt1 0.222778 0.196777
vt1 0.251709 0.202148
vt1 0.283447 0.208496
vt1 0.220459 0.192871
vt1 0.174438 0.188965
vt1 0.253174 0.197754
vt1 0.210693 0.187012
vt1 0.048187 0.177246
vt1 0.274414 0.202148
vt1 0.284424 0.203125
vt1 0.213257 0.184570
vt1 0.150635 0.175293
vt1 0.027786 0.175781
vt1 0.140503 0.171875
vt1 0.026733 0.173340
vt1 0.012787 0.170898
vt1 0.077515 0.169922
vt1 0.039642 0.159668
vt1 0.028702 0.144043
vt1 0.016861 0.144531
vt1 0.019333 0.126465
vt1 0.042755 0.147461
vt1 0.083740 0.160645
vt1 0.042725 0.138672
vt1 0.027695 0.130371
vt1 0.019409 0.122559
vt1 0.129883 0.148926
vt1 0.028366 0.117676
vt1 0.019501 0.112793
vt1 0.061646 0.133301
vt1 0.040802 0.115234
vt1 0.019806 0.105469
vt1 0.048889 0.126465
vt1 0.039520 0.088379
vt1 0.021805 0.086426
vt1 0.156494 0.147461
vt1 0.048248 0.116211
vt1 0.067627 0.089844
vt1 0.045898 0.122070
vt1 0.097168 0.114258
vt1 0.179321 0.131836
vt1 0.120361 0.131348
vt1 0.113159 0.108887
vt1 0.164673 0.097656
vt1 0.184692 0.130371
vt1 0.178711 0.137695
vt1 0.166382 0.111328
vt1 0.222168 0.144043
vt1 0.169800 0.141602
vt1 0.125610 0.137695
vt1 0.221069 0.160645
vt1 0.233521 0.161621
vt1 0.240967 0.156738
vt1 0.258057 0.158203
vt1 0.258789 0.164062
vt1 0.200806 0.130371
vt1 0.283203 0.176758
vt1 0.264404 0.158691
vt1 0.193726 0.125000
vt1 0.237671 0.139648
vt1 0.236694 0.131348
vt1 0.219604 0.120605
vt1 0.206787 0.106445
vt1 0.281250 0.156738
vt1 0.280762 0.163574
vt1 0.291504 0.180664
vt1 0.272949 0.146973
vt1 0.241943 0.125000
vt1 0.243896 0.118164
vt1 0.286621 0.163086
vt1 0.275635 0.145020
vt1 0.278076 0.138184
vt1 0.297607 0.177734
vt1 0.291016 0.157715
vt1 0.293945 0.154785
vt1 0.299805 0.170898
vt1 0.290283 0.187012
vt1 0.279297 0.183594
vt1 0.254395 0.168945
vt1 0.278564 0.184570
vt1 0.285400 0.192871
vt1 0.286133 0.197754
vt1 0.262451 0.179199
vt1 0.245117 0.171387
vt1 0.270752 0.187500
vt1 0.246094 0.174316
vt1 0.272461 0.190918
vt1 0.226196 0.169434
vt1 0.260498 0.184570
vt1 0.185059 0.158203
vt1 0.185181 0.164551
vt1 0.134155 0.158691
vt1 0.192993 0.175293
vt1 0.204834 0.174316
vt1 0.245605 0.190430
vt1 0.266846 0.191895
vt1 0.375977 0.681396
vt1 0.338379 0.681152
vt1 0.340088 0.686279
vt1 0.456299 0.671875
vt1 0.413574 0.672852
vt1 0.338379 0.679688
vt1 0.385742 0.673828
vt1 0.441406 0.666016
vt1 0.393311 0.668701
vt1 0.337891 0.674561
vt1 0.335693 0.662109
vt1 0.411133 0.656982
vt1 0.335205 0.659180
vt1 0.451172 0.655762
vt1 0.400879 0.650879
vt1 0.334717 0.654785
vt1 0.485840 0.659912
vt1 0.486328 0.666260
vt1 0.510742 0.661377
vt1 0.405273 0.645020
vt1 0.333984 0.650635
vt1 0.530762 0.645508
vt1 0.422363 0.638672
vt1 0.333252 0.645508
vt1 0.477783 0.654053
vt1 0.433350 0.635010
vt1 0.332275 0.641113
vt1 0.482910 0.638672
vt1 0.473633 0.628906
vt1 0.480713 0.635254
vt1 0.524902 0.631836
vt1 0.477539 0.633789
vt1 0.520020 0.630127
vt1 0.514160 0.627686
vt1 0.480713 0.630615
vt1 0.524414 0.639893
vt1 0.569824 0.621338
vt1 0.579590 0.618408
vt1 0.583496 0.608154
vt1 0.555664 0.639648
vt1 0.537109 0.655273
vt1 0.591309 0.631104
vt1 0.602051 0.595215
vt1 0.614258 0.592773
vt1 0.604980 0.607178
vt1 0.615723 0.590088
vt1 0.616211 0.600342
vt1 0.606445 0.582764
vt1 0.600098 0.590088
vt1 0.540039 0.622314
vt1 0.589355 0.594971
vt1 0.596191 0.585693
vt1 0.603027 0.577881
vt1 0.576172 0.599609
vt1 0.519043 0.623047
vt1 0.581055 0.596191
vt1 0.594727 0.581543
vt1 0.517578 0.620361
vt1 0.597656 0.577881
vt1 0.601562 0.572754
vt1 0.593262 0.577637
vt1 0.582520 0.582520
vt1 0.599121 0.567871
vt1 0.584473 0.585449
vt1 0.595215 0.579102
vt1 0.588379 0.575195
vt1 0.565918 0.597412
vt1 0.567871 0.579102
vt1 0.579102 0.594482
vt1 0.548828 0.606689
vt1 0.565918 0.592773
vt1 0.567871 0.590820
vt1 0.558594 0.587158
vt1 0.528320 0.597900
vt1 0.539551 0.603271
vt1 0.497803 0.618652
vt1 0.499756 0.606445
vt1 0.511230 0.595215
vt1 0.472656 0.605713
vt1 0.425537 0.617676
vt1 0.439941 0.625977
vt1 0.353516 0.630615
vt1 0.329102 0.619629
vt1 0.380371 0.621582
vt1 0.346436 0.616211
vt1 0.327637 0.610596
vt1 0.419678 0.607178
vt1 0.386719 0.607910
vt1 0.458740 0.599121
vt1 0.401367 0.602783
vt1 0.326904 0.605957
vt1 0.493896 0.593018
vt1 0.444824 0.596436
vt1 0.375977 0.598877
vt1 0.326172 0.600586
vt1 0.474121 0.589844
vt1 0.493652 0.588867
vt1 0.558594 0.578613
vt1 0.588379 0.568848
vt1 0.597656 0.562012
vt1 0.553223 0.575439
vt1 0.531250 0.577637
vt1 0.589844 0.560547
vt1 0.595703 0.554688
vt1 0.562988 0.568359
vt1 0.566406 0.564697
vt1 0.594727 0.551270
vt1 0.531250 0.574951
vt1 0.446777 0.589844
vt1 0.522949 0.574219
vt1 0.364502 0.593018
vt1 0.325439 0.596191
vt1 0.444824 0.583008
vt1 0.356201 0.588867
vt1 0.322998 0.578369
vt1 0.395020 0.581055
vt1 0.371582 0.575439
vt1 0.321777 0.567871
vt1 0.395508 0.565674
vt1 0.321533 0.563965
vt1 0.446777 0.576416
vt1 0.467773 0.557129
vt1 0.498535 0.572021
vt1 0.494873 0.569092
vt1 0.455078 0.556152
vt1 0.502930 0.554688
vt1 0.428223 0.556396
vt1 0.320557 0.559326
vt1 0.506348 0.549316
vt1 0.477051 0.550781
vt1 0.439209 0.553223
vt1 0.320312 0.555176
vt1 0.441895 0.551758
vt1 0.343750 0.549561
vt1 0.319824 0.552490
vt1 0.456299 0.549805
vt1 0.339111 0.541504
vt1 0.319092 0.544922
vt1 0.406006 0.545654
vt1 0.338623 0.532227
vt1 0.318359 0.538086
vt1 0.433350 0.532959
vt1 0.340576 0.528809
vt1 0.318359 0.533203
vt1 0.476562 0.529785
vt1 0.341797 0.524902
vt1 0.317139 0.520020
vt1 0.461670 0.525146
vt1 0.463867 0.521240
vt1 0.475098 0.534424
vt1 0.538574 0.523438
vt1 0.510254 0.518799
vt1 0.547363 0.519775
vt1 0.555664 0.523926
vt1 0.568359 0.519043
vt1 0.487061 0.541992
vt1 0.582031 0.523438
vt1 0.486572 0.545654
vt1 0.567383 0.528564
vt1 0.589355 0.522217
vt1 0.589355 0.516357
vt1 0.563965 0.533203
vt1 0.591309 0.527832
vt1 0.552734 0.517090
vt1 0.574707 0.513184
vt1 0.589844 0.507812
vt1 0.525879 0.514404
vt1 0.548340 0.513428
vt1 0.583496 0.504639
vt1 0.587402 0.497559
vt1 0.475342 0.516846
vt1 0.543945 0.505859
vt1 0.570801 0.501953
vt1 0.562012 0.500977
vt1 0.583008 0.495605
vt1 0.522949 0.505371
vt1 0.502930 0.509766
vt1 0.431885 0.518066
vt1 0.393555 0.516602
vt1 0.334473 0.520752
vt1 0.325195 0.516113
vt1 0.316406 0.512695
vt1 0.325195 0.506836
vt1 0.314941 0.489258
vt1 0.341553 0.512451
vt1 0.334473 0.489258
vt1 0.334229 0.484863
vt1 0.314209 0.481934
vt1 0.357178 0.502686
vt1 0.364746 0.491211
vt1 0.383545 0.509521
vt1 0.392578 0.499023
vt1 0.416016 0.509521
vt1 0.476318 0.505371
vt1 0.443115 0.490723
vt1 0.471191 0.499512
vt1 0.543457 0.500000
vt1 0.539062 0.497070
vt1 0.573730 0.491699
vt1 0.583496 0.487793
vt1 0.567383 0.488770
vt1 0.587891 0.479492
vt1 0.487549 0.493652
vt1 0.548340 0.483887
vt1 0.571777 0.482910
vt1 0.508301 0.484375
vt1 0.543945 0.480957
vt1 0.566895 0.480469
vt1 0.479248 0.484863
vt1 0.496582 0.479980
vt1 0.433838 0.487305
vt1 0.427490 0.482910
vt1 0.383057 0.485352
vt1 0.350586 0.481934
vt1 0.428467 0.479004
vt1 0.501465 0.475098
vt1 0.393066 0.476562
vt1 0.330566 0.477051
vt1 0.313965 0.476074
vt1 0.464111 0.475098
vt1 0.410400 0.471680
vt1 0.335693 0.471191
vt1 0.333984 0.461914
vt1 0.314209 0.466309
vt1 0.504883 0.472168
vt1 0.427002 0.466797
vt1 0.330811 0.449707
vt1 0.314209 0.458496
vt1 0.417725 0.457520
vt1 0.326660 0.441406
vt1 0.313965 0.437988
vt1 0.401123 0.450195
vt1 0.327637 0.437012
vt1 0.313477 0.433105
vt1 0.365479 0.443359
vt1 0.346436 0.437500
vt1 0.493408 0.455566
vt1 0.484863 0.450684
vt1 0.410400 0.441895
vt1 0.337891 0.432129
vt1 0.313232 0.427246
vt1 0.380371 0.436035
vt1 0.535645 0.450195
vt1 0.451904 0.440430
vt1 0.550293 0.454102
vt1 0.460449 0.436035
vt1 0.556641 0.456055
vt1 0.479980 0.433105
vt1 0.482422 0.459961
vt1 0.495117 0.468750
vt1 0.530273 0.465332
vt1 0.536133 0.469238
vt1 0.580566 0.459473
vt1 0.577637 0.456055
vt1 0.585449 0.463379
vt1 0.527832 0.472168
vt1 0.550781 0.470215
vt1 0.527832 0.475098
vt1 0.545410 0.475586
vt1 0.559570 0.470703
vt1 0.568848 0.475586
vt1 0.579590 0.473145
vt1 0.586914 0.468262
vt1 0.585938 0.455566
vt1 0.569336 0.452637
vt1 0.586426 0.448242
vt1 0.564453 0.449707
vt1 0.541992 0.448242
vt1 0.562012 0.445312
vt1 0.586426 0.441895
vt1 0.533203 0.443848
vt1 0.580566 0.442383
vt1 0.500488 0.438965
vt1 0.546875 0.438965
vt1 0.564453 0.436523
vt1 0.585449 0.432617
vt1 0.532227 0.436035
vt1 0.550293 0.433105
vt1 0.569336 0.431641
vt1 0.585938 0.427246
vt1 0.494629 0.430176
vt1 0.544922 0.429688
vt1 0.575195 0.427734
vt1 0.492432 0.427246
vt1 0.536621 0.427246
vt1 0.505371 0.422363
vt1 0.445801 0.426758
vt1 0.456787 0.421875
vt1 0.528809 0.418945
vt1 0.337891 0.430176
vt1 0.371338 0.422363
vt1 0.338135 0.429199
vt1 0.313477 0.420410
vt1 0.338379 0.411133
vt1 0.324219 0.400879
vt1 0.316650 0.386719
vt1 0.318359 0.386719
vt1 0.374512 0.403320
vt1 0.335449 0.398438
vt1 0.360596 0.395508
vt1 0.441162 0.408203
vt1 0.478271 0.417480
vt1 0.497559 0.415527
vt1 0.450439 0.402832
vt1 0.330078 0.384277
vt1 0.316895 0.375977
vt1 0.422607 0.393066
vt1 0.493896 0.403809
vt1 0.541992 0.417969
vt1 0.527832 0.414551
vt1 0.580566 0.421875
vt1 0.586914 0.416504
vt1 0.546875 0.416504
vt1 0.568359 0.418457
vt1 0.557617 0.413086
vt1 0.560059 0.410645
vt1 0.530273 0.412598
vt1 0.587402 0.409668
vt1 0.519043 0.403320
vt1 0.539062 0.405762
vt1 0.571289 0.407715
vt1 0.570801 0.401855
vt1 0.586914 0.403320
vt1 0.545898 0.397949
vt1 0.569336 0.399414
vt1 0.587891 0.398926
vt1 0.549805 0.395508
vt1 0.524902 0.394531
vt1 0.500000 0.401367
vt1 0.555664 0.391602
vt1 0.587891 0.395020
vt1 0.529785 0.390137
vt1 0.575684 0.389648
vt1 0.586426 0.386230
vt1 0.547852 0.387695
vt1 0.507812 0.389160
vt1 0.503906 0.384277
vt1 0.449463 0.388184
vt1 0.480469 0.384277
vt1 0.411133 0.386230
vt1 0.423584 0.378418
vt1 0.332520 0.379883
vt1 0.422852 0.382324
vt1 0.322266 0.374023
vt1 0.344727 0.374512
vt1 0.317139 0.373535
vt1 0.491455 0.379395
vt1 0.397461 0.370605
vt1 0.335938 0.356934
vt1 0.345459 0.365723
vt1 0.386230 0.363770
vt1 0.472412 0.375000
vt1 0.331299 0.348145
vt1 0.318848 0.347168
vt1 0.321777 0.322754
vt1 0.357910 0.349121
vt1 0.480469 0.371094
vt1 0.333008 0.328613
vt1 0.433594 0.359375
vt1 0.532715 0.379883
vt1 0.531738 0.371582
vt1 0.562500 0.385742
vt1 0.553711 0.381348
vt1 0.583496 0.382812
vt1 0.579590 0.377930
vt1 0.588379 0.379883
vt1 0.570801 0.377930
vt1 0.510254 0.359863
vt1 0.518066 0.359863
vt1 0.391602 0.345215
vt1 0.362305 0.336914
vt1 0.513672 0.355957
vt1 0.337402 0.324707
vt1 0.425049 0.341309
vt1 0.338623 0.322266
vt1 0.321533 0.318359
vt1 0.349609 0.325195
vt1 0.493408 0.347168
vt1 0.523926 0.357422
vt1 0.573730 0.371582
vt1 0.590332 0.367676
vt1 0.568848 0.367188
vt1 0.533203 0.356445
vt1 0.580566 0.366699
vt1 0.577148 0.361328
vt1 0.573730 0.359375
vt1 0.591309 0.361816
vt1 0.547363 0.354004
vt1 0.503906 0.347168
vt1 0.517578 0.345703
vt1 0.562500 0.354492
vt1 0.536621 0.346680
vt1 0.508789 0.337891
vt1 0.486572 0.337891
vt1 0.420410 0.330078
vt1 0.497314 0.332031
vt1 0.412109 0.326660
vt1 0.529785 0.335938
vt1 0.359131 0.319824
vt1 0.520020 0.329590
vt1 0.337402 0.318848
vt1 0.459961 0.318359
vt1 0.336182 0.316406
vt1 0.322266 0.313965
vt1 0.386963 0.312500
vt1 0.338135 0.287109
vt1 0.326172 0.287109
vt1 0.328857 0.269043
vt1 0.349121 0.302246
vt1 0.352051 0.290039
vt1 0.393066 0.303223
vt1 0.449951 0.314453
vt1 0.522461 0.327148
vt1 0.502441 0.318359
vt1 0.562500 0.340332
vt1 0.554688 0.333008
vt1 0.583984 0.345215
vt1 0.561035 0.344727
vt1 0.592773 0.351562
vt1 0.593750 0.346191
vt1 0.591797 0.357910
vt1 0.576172 0.334961
vt1 0.568848 0.350586
vt1 0.532227 0.339844
vt1 0.514160 0.317383
vt1 0.569824 0.327148
vt1 0.494629 0.307617
vt1 0.443604 0.301270
vt1 0.582031 0.333496
vt1 0.595703 0.340332
vt1 0.439209 0.291504
vt1 0.494385 0.301270
vt1 0.535645 0.312012
vt1 0.465820 0.290527
vt1 0.352051 0.281738
vt1 0.555664 0.317383
vt1 0.337158 0.273438
vt1 0.328857 0.265625
vt1 0.371094 0.276367
vt1 0.337891 0.260742
vt1 0.328857 0.255859
vt1 0.358398 0.269531
vt1 0.435059 0.280762
vt1 0.350098 0.258301
vt1 0.329102 0.248535
vt1 0.355225 0.265137
vt1 0.348877 0.231445
vt1 0.331299 0.229492
vt1 0.357666 0.258789
vt1 0.376953 0.232422
vt1 0.429688 0.274414
vt1 0.488770 0.274414
vt1 0.406494 0.256836
vt1 0.422607 0.251465
vt1 0.474121 0.240723
vt1 0.494141 0.273438
vt1 0.488281 0.280762
vt1 0.475830 0.254395
vt1 0.479248 0.284180
vt1 0.531738 0.286621
vt1 0.530273 0.303223
vt1 0.542969 0.304688
vt1 0.554688 0.314453
vt1 0.580078 0.330566
vt1 0.594727 0.335938
vt1 0.599609 0.329590
vt1 0.571777 0.322266
vt1 0.563965 0.311523
vt1 0.587891 0.327637
vt1 0.588867 0.326660
vt1 0.568359 0.307129
vt1 0.550293 0.299316
vt1 0.567383 0.301270
vt1 0.592773 0.319824
vt1 0.601074 0.323730
vt1 0.510254 0.273438
vt1 0.573730 0.301270
vt1 0.606934 0.320801
vt1 0.502930 0.267578
vt1 0.546875 0.282715
vt1 0.590332 0.306152
vt1 0.545898 0.274414
vt1 0.590820 0.299316
vt1 0.528809 0.263184
vt1 0.516113 0.249512
vt1 0.596191 0.306152
vt1 0.582520 0.290039
vt1 0.551270 0.267578
vt1 0.553223 0.261230
vt1 0.584961 0.287598
vt1 0.587402 0.281250
vt1 0.600586 0.300781
vt1 0.609375 0.313965
vt1 0.603516 0.297852
vt1 0.280029 0.990585
vt1 0.242798 0.990791
vt1 0.278320 0.995583
vt1 0.162354 0.981216
vt1 0.204956 0.982346
vt1 0.280273 0.989189
vt1 0.232788 0.983170
vt1 0.177124 0.975433
vt1 0.225342 0.977997
vt1 0.280762 0.983994
vt1 0.282715 0.971466
vt1 0.207642 0.966370
vt1 0.283447 0.968536
vt1 0.167358 0.965057
vt1 0.217773 0.960358
vt1 0.283936 0.964203
vt1 0.132812 0.969406
vt1 0.132446 0.975555
vt1 0.107910 0.970795
vt1 0.213257 0.954407
vt1 0.284424 0.960052
vt1 0.087891 0.954926
vt1 0.196167 0.948090
vt1 0.285400 0.954865
vt1 0.140747 0.963531
vt1 0.185303 0.944458
vt1 0.286377 0.950531
vt1 0.135864 0.948029
vt1 0.094360 0.949371
vt1 0.137939 0.944611
vt1 0.093811 0.941223
vt1 0.098389 0.939575
vt1 0.048492 0.930725
vt1 0.141113 0.943329
vt1 0.104309 0.937073
vt1 0.137817 0.940002
vt1 0.078369 0.931702
vt1 0.145020 0.938416
vt1 0.099426 0.932434
vt1 0.034821 0.917664
vt1 0.029251 0.904480
vt1 0.018311 0.899414
vt1 0.016296 0.904724
vt1 0.042297 0.909119
vt1 0.022522 0.895020
vt1 0.012314 0.892334
vt1 0.004494 0.902222
vt1 0.015732 0.887390
vt1 0.038940 0.927795
vt1 0.062988 0.949158
vt1 0.081482 0.964783
vt1 0.027222 0.940430
vt1 0.013489 0.916565
vt1 0.003067 0.899475
vt1 0.002581 0.909790
vt1 0.037445 0.905640
vt1 0.024002 0.890991
vt1 0.100891 0.929749
vt1 0.020874 0.887207
vt1 0.017120 0.882080
vt1 0.025146 0.887146
vt1 0.023270 0.888672
vt1 0.036133 0.891907
vt1 0.034210 0.894958
vt1 0.019379 0.877319
vt1 0.052582 0.906799
vt1 0.039368 0.903809
vt1 0.069519 0.916199
vt1 0.052399 0.902222
vt1 0.050659 0.900146
vt1 0.078918 0.912781
vt1 0.120911 0.928040
vt1 0.090210 0.907227
vt1 0.119019 0.915833
vt1 0.178589 0.935486
vt1 0.192993 0.927246
vt1 0.145996 0.915039
vt1 0.264893 0.940063
vt1 0.289307 0.929138
vt1 0.238281 0.931091
vt1 0.271973 0.925598
vt1 0.290771 0.920105
vt1 0.198730 0.916626
vt1 0.231812 0.917236
vt1 0.160522 0.908569
vt1 0.164429 0.906677
vt1 0.267578 0.913086
vt1 0.291748 0.914856
vt1 0.107544 0.904663
vt1 0.280029 0.910461
vt1 0.292480 0.910461
vt1 0.150024 0.901855
vt1 0.124817 0.902161
vt1 0.161499 0.900391
vt1 0.059998 0.896667
vt1 0.030197 0.884705
vt1 0.050446 0.888489
vt1 0.030106 0.878357
vt1 0.020905 0.871460
vt1 0.060181 0.888123
vt1 0.065430 0.884827
vt1 0.100403 0.891785
vt1 0.028412 0.870239
vt1 0.023071 0.864014
vt1 0.061462 0.880249
vt1 0.048706 0.876160
vt1 0.052246 0.874512
vt1 0.023758 0.860840
vt1 0.085388 0.885071
vt1 0.077454 0.878723
vt1 0.120728 0.887329
vt1 0.047485 0.869995
vt1 0.059113 0.867676
vt1 0.033875 0.861450
vt1 0.035675 0.858276
vt1 0.024643 0.854126
vt1 0.119324 0.881531
vt1 0.038300 0.852051
vt1 0.025665 0.845215
vt1 0.058319 0.862549
vt1 0.173340 0.895142
vt1 0.123779 0.878662
vt1 0.249390 0.904175
vt1 0.253174 0.901794
vt1 0.293213 0.906128
vt1 0.295654 0.888306
vt1 0.223022 0.890259
vt1 0.243408 0.884155
vt1 0.296875 0.877380
vt1 0.223267 0.875000
vt1 0.297119 0.873413
vt1 0.171631 0.885864
vt1 0.150879 0.866577
vt1 0.115417 0.864014
vt1 0.163574 0.865601
vt1 0.073486 0.856323
vt1 0.112061 0.858887
vt1 0.061768 0.850220
vt1 0.190430 0.865723
vt1 0.297852 0.868774
vt1 0.141602 0.860229
vt1 0.179443 0.862671
vt1 0.298340 0.864624
vt1 0.110657 0.856079
vt1 0.176636 0.861328
vt1 0.081116 0.851318
vt1 0.274902 0.859131
vt1 0.298828 0.861938
vt1 0.162231 0.859131
vt1 0.279541 0.851074
vt1 0.299316 0.854248
vt1 0.212524 0.855103
vt1 0.111938 0.854248
vt1 0.132080 0.855225
vt1 0.093323 0.850708
vt1 0.054718 0.842651
vt1 0.050934 0.838013
vt1 0.131592 0.851440
vt1 0.049377 0.845337
vt1 0.038239 0.848755
vt1 0.027390 0.837280
vt1 0.028793 0.832886
vt1 0.036285 0.832886
vt1 0.050232 0.828613
vt1 0.029037 0.825928
vt1 0.062927 0.833374
vt1 0.143433 0.843994
vt1 0.080078 0.832886
vt1 0.185303 0.842529
vt1 0.142090 0.839233
vt1 0.279785 0.841675
vt1 0.300293 0.847656
vt1 0.156982 0.834473
vt1 0.278076 0.838257
vt1 0.300293 0.842651
vt1 0.071228 0.829102
vt1 0.276855 0.834351
vt1 0.301514 0.829468
vt1 0.154663 0.830688
vt1 0.108215 0.828369
vt1 0.065735 0.826538
vt1 0.092651 0.823730
vt1 0.043854 0.822754
vt1 0.028900 0.817383
vt1 0.070068 0.822876
vt1 0.035187 0.814209
vt1 0.031250 0.806763
vt1 0.143311 0.826294
vt1 0.074768 0.815308
vt1 0.047852 0.811401
vt1 0.056732 0.810547
vt1 0.035492 0.804932
vt1 0.095581 0.814697
vt1 0.115540 0.819092
vt1 0.186646 0.827637
vt1 0.225098 0.826050
vt1 0.284180 0.830078
vt1 0.293213 0.825684
vt1 0.302246 0.822144
vt1 0.293457 0.816162
vt1 0.303711 0.798584
vt1 0.277100 0.821777
vt1 0.284180 0.798462
vt1 0.284180 0.794312
vt1 0.304443 0.791260
vt1 0.261230 0.812012
vt1 0.235107 0.818848
vt1 0.253662 0.800659
vt1 0.226074 0.808228
vt1 0.202515 0.819092
vt1 0.142212 0.814697
vt1 0.175537 0.799805
vt1 0.147461 0.808594
vt1 0.075073 0.809570
vt1 0.079346 0.806519
vt1 0.044647 0.801025
vt1 0.034943 0.797119
vt1 0.051331 0.798218
vt1 0.030884 0.788696
vt1 0.130981 0.802979
vt1 0.070068 0.793457
vt1 0.046631 0.792114
vt1 0.110046 0.793945
vt1 0.074707 0.790039
vt1 0.051819 0.789673
vt1 0.139282 0.794312
vt1 0.122131 0.789062
vt1 0.184814 0.796509
vt1 0.191162 0.792114
vt1 0.235596 0.794922
vt1 0.117249 0.784546
vt1 0.268066 0.791382
vt1 0.190063 0.788452
vt1 0.225586 0.786133
vt1 0.287842 0.786133
vt1 0.304688 0.785400
vt1 0.154419 0.784424
vt1 0.208252 0.781006
vt1 0.282959 0.780396
vt1 0.284424 0.771118
vt1 0.304443 0.775635
vt1 0.113647 0.781372
vt1 0.191650 0.776001
vt1 0.287842 0.759033
vt1 0.304443 0.767944
vt1 0.200806 0.766968
vt1 0.291992 0.750610
vt1 0.304443 0.747314
vt1 0.217529 0.759766
vt1 0.291016 0.746582
vt1 0.305176 0.742676
vt1 0.253174 0.752563
vt1 0.272217 0.746826
vt1 0.125244 0.765015
vt1 0.133667 0.759888
vt1 0.208130 0.751465
vt1 0.277588 0.742676
vt1 0.305176 0.736816
vt1 0.238159 0.745605
vt1 0.082764 0.759521
vt1 0.166626 0.750000
vt1 0.068176 0.763306
vt1 0.136108 0.769409
vt1 0.062134 0.765503
vt1 0.123535 0.778320
vt1 0.088074 0.774414
vt1 0.082397 0.778320
vt1 0.037811 0.769043
vt1 0.040710 0.765381
vt1 0.033081 0.772827
vt1 0.090576 0.781372
vt1 0.067932 0.779785
vt1 0.090759 0.784424
vt1 0.073303 0.784790
vt1 0.059082 0.779907
vt1 0.049835 0.784668
vt1 0.038879 0.782227
vt1 0.031708 0.777710
vt1 0.032837 0.764893
vt1 0.049194 0.761841
vt1 0.032135 0.757568
vt1 0.054047 0.758911
vt1 0.076721 0.757568
vt1 0.056702 0.754761
vt1 0.032257 0.750977
vt1 0.085266 0.753296
vt1 0.038025 0.751587
vt1 0.054199 0.746094
vt1 0.032867 0.742188
vt1 0.071472 0.748047
vt1 0.118042 0.748291
vt1 0.086243 0.745361
vt1 0.157959 0.745361
vt1 0.068665 0.742676
vt1 0.140015 0.742432
vt1 0.049316 0.740723
vt1 0.032623 0.736328
vt1 0.129395 0.739990
vt1 0.073669 0.739258
vt1 0.166870 0.737793
vt1 0.042664 0.737061
vt1 0.134766 0.736084
vt1 0.082153 0.736816
vt1 0.092834 0.732422
vt1 0.134399 0.731201
vt1 0.094971 0.728027
vt1 0.166382 0.730225
vt1 0.132446 0.725586
vt1 0.081970 0.726318
vt1 0.036926 0.731445
vt1 0.031799 0.725830
vt1 0.134277 0.722168
vt1 0.076477 0.726074
vt1 0.175293 0.718750
vt1 0.051239 0.727783
vt1 0.092224 0.721924
vt1 0.076904 0.721924
vt1 0.053558 0.723145
vt1 0.057617 0.720215
vt1 0.031113 0.719238
vt1 0.047363 0.717041
vt1 0.032196 0.713379
vt1 0.078003 0.715332
vt1 0.095154 0.714355
vt1 0.077271 0.709473
vt1 0.124146 0.713135
vt1 0.111938 0.712158
vt1 0.073486 0.707031
vt1 0.174438 0.709473
vt1 0.048706 0.708984
vt1 0.030762 0.708252
vt1 0.068726 0.705078
vt1 0.093628 0.703857
vt1 0.062744 0.700928
vt1 0.030685 0.704346
vt1 0.088684 0.699219
vt1 0.042694 0.698975
vt1 0.032318 0.695801
vt1 0.070679 0.697266
vt1 0.110779 0.698486
vt1 0.114868 0.693848
vt1 0.056213 0.695068
vt1 0.138184 0.693848
vt1 0.127319 0.688721
vt1 0.194946 0.687744
vt1 0.195801 0.696045
vt1 0.195801 0.691895
vt1 0.273926 0.684082
vt1 0.286133 0.689209
vt1 0.200317 0.700928
vt1 0.286377 0.692383
vt1 0.267822 0.699707
vt1 0.301514 0.685547
vt1 0.300049 0.696045
vt1 0.296387 0.683350
vt1 0.301514 0.682861
vt1 0.280518 0.708008
vt1 0.294434 0.710205
vt1 0.302002 0.696289
vt1 0.305176 0.729980
vt1 0.239624 0.711182
vt1 0.280518 0.719727
vt1 0.280273 0.738770
vt1 0.243042 0.729248
vt1 0.280518 0.739746
vt1 0.221069 0.680176
vt1 0.272949 0.675049
vt1 0.146240 0.684326
vt1 0.282471 0.666260
vt1 0.232422 0.673096
vt1 0.287354 0.657715
vt1 0.299561 0.656250
vt1 0.296875 0.632324
vt1 0.085815 0.689209
vt1 0.138184 0.680420
vt1 0.064697 0.690918
vt1 0.185059 0.668457
vt1 0.035248 0.692139
vt1 0.086792 0.680908
vt1 0.039154 0.687012
vt1 0.030182 0.689209
vt1 0.047577 0.687256
vt1 0.108276 0.669189
vt1 0.260498 0.658691
vt1 0.100708 0.669189
vt1 0.226929 0.654541
vt1 0.256104 0.646240
vt1 0.104858 0.665527
vt1 0.285400 0.637939
vt1 0.281006 0.634277
vt1 0.193481 0.650635
vt1 0.281494 0.631104
vt1 0.296875 0.627441
vt1 0.266113 0.635254
vt1 0.124756 0.656738
vt1 0.094482 0.666992
vt1 0.198120 0.639404
vt1 0.044861 0.681152
vt1 0.028030 0.677002
vt1 0.049500 0.676514
vt1 0.085083 0.666016
vt1 0.037994 0.676025
vt1 0.041443 0.670654
vt1 0.044739 0.668701
vt1 0.027115 0.671143
vt1 0.071106 0.663574
vt1 0.114868 0.656494
vt1 0.100952 0.655273
vt1 0.132202 0.647217
vt1 0.109802 0.647217
vt1 0.081970 0.656250
vt1 0.134766 0.641357
vt1 0.056000 0.663574
vt1 0.086426 0.649170
vt1 0.049622 0.659912
vt1 0.026596 0.667236
vt1 0.088745 0.645020
vt1 0.057343 0.654297
vt1 0.025818 0.660889
vt1 0.055939 0.649902
vt1 0.098450 0.639160
vt1 0.260986 0.629395
vt1 0.034729 0.654541
vt1 0.024658 0.655518
vt1 0.095947 0.636719
vt1 0.158447 0.627686
vt1 0.281250 0.628174
vt1 0.168579 0.624023
vt1 0.282471 0.625732
vt1 0.296387 0.623291
vt1 0.231689 0.622070
vt1 0.269531 0.611816
vt1 0.225464 0.612793
vt1 0.266357 0.599609
vt1 0.280518 0.596436
vt1 0.292236 0.596680
vt1 0.289795 0.578613
vt1 0.281494 0.582764
vt1 0.289795 0.574951
vt1 0.266357 0.591064
vt1 0.179321 0.601074
vt1 0.280762 0.569824
vt1 0.289551 0.565186
vt1 0.247559 0.585693
vt1 0.268311 0.567627
vt1 0.289307 0.557617
vt1 0.260254 0.578613
vt1 0.269531 0.540771
vt1 0.287354 0.538818
vt1 0.152710 0.599854
vt1 0.260986 0.568359
vt1 0.241577 0.541992
vt1 0.263184 0.574463
vt1 0.212036 0.566162
vt1 0.129883 0.583984
vt1 0.188843 0.583740
vt1 0.183594 0.590088
vt1 0.130371 0.590088
vt1 0.139404 0.593750
vt1 0.086975 0.596191
vt1 0.124451 0.582764
vt1 0.196045 0.561035
vt1 0.144531 0.550049
vt1 0.108459 0.582764
vt1 0.142822 0.563721
vt1 0.089539 0.572754
vt1 0.102417 0.558838
vt1 0.115417 0.577148
vt1 0.067200 0.577148
vt1 0.065308 0.570557
vt1 0.072449 0.583740
vt1 0.071533 0.592041
vt1 0.027878 0.608887
vt1 0.036163 0.599365
vt1 0.033539 0.597168
vt1 0.031052 0.590576
vt1 0.022415 0.615234
vt1 0.018082 0.610107
vt1 0.015167 0.607178
vt1 0.009384 0.623291
vt1 0.011574 0.630127
vt1 0.017700 0.633057
vt1 0.018845 0.639160
vt1 0.028473 0.615723
vt1 0.044739 0.610840
vt1 0.026031 0.628906
vt1 0.051208 0.610596
vt1 0.050385 0.616455
vt1 0.068237 0.608887
vt1 0.075684 0.614014
vt1 0.029755 0.635986
vt1 0.088135 0.612793
vt1 0.054657 0.621094
vt1 0.064026 0.623779
vt1 0.030502 0.636963
vt1 0.046783 0.631348
vt1 0.023804 0.645264
vt1 0.022934 0.649902
vt1 0.038300 0.639893
vt1 0.036743 0.643066
vt1 0.063110 0.626709
vt1 0.048767 0.636719
vt1 0.082947 0.621582
vt1 0.042328 0.644287
vt1 0.124207 0.610596
vt1 0.063599 0.642334
vt1 0.104370 0.626709
vt1 0.116150 0.627441
vt1 0.123962 0.616943
vt1 0.175049 0.610840
vt1 0.977539 0.652588
vt1 0.987305 0.655273
vt1 0.987793 0.670166
vt1 0.976562 0.757568
vt1 0.986816 0.755371
vt1 0.974609 0.652100
vt1 0.973633 0.757812
vt1 0.970703 0.651855
vt1 0.970215 0.757812
vt1 0.968262 0.689941
vt1 0.966309 0.757935
vt1 0.964844 0.652588
vt1 0.963379 0.757812
vt1 0.960938 0.652588
vt1 0.960449 0.758057
vt1 0.956543 0.660645
vt1 0.948730 0.755371
vt1 0.949219 0.657471
vt1 0.951660 0.680176
vt1 0.978516 0.985634
vt1 0.980957 0.991959
vt1 0.968750 0.994797
vt1 0.969238 0.983215
vt1 0.977539 0.976547
vt1 0.980957 0.970367
vt1 0.964355 0.995590
vt1 0.967773 0.953125
vt1 0.979492 0.951263
vt1 0.979492 0.945648
vt1 0.980469 0.934570
vt1 0.968262 0.924194
vt1 0.978516 0.920410
vt1 0.965332 0.924927
vt1 0.961914 0.965302
vt1 0.959961 0.996033
vt1 0.957520 0.995899
vt1 0.961426 0.929626
vt1 0.964355 0.918152
vt1 0.972656 0.908752
vt1 0.980469 0.908142
vt1 0.978027 0.903503
vt1 0.958984 0.918762
vt1 0.953613 0.995594
vt1 0.962891 0.909851
vt1 0.940918 0.991692
vt1 0.940430 0.982300
vt1 0.962891 0.906616
vt1 0.952637 0.986450
vt1 0.941406 0.974121
vt1 0.953613 0.951019
vt1 0.944336 0.950836
vt1 0.941895 0.949615
vt1 0.941895 0.933044
vt1 0.955566 0.921692
vt1 0.945312 0.920349
vt1 0.943848 0.911377
vt1 0.957031 0.909729
vt1 0.944336 0.905518
vt1 0.958496 0.906067
vt1 0.942383 0.891357
vt1 0.956055 0.891174
vt1 0.960938 0.891785
vt1 0.964844 0.892700
vt1 0.965820 0.897583
vt1 0.971191 0.893555
vt1 0.979980 0.892578
vt1 0.767090 0.869507
vt1 0.766602 0.853516
vt1 0.785645 0.864136
vt1 0.815430 0.852783
vt1 0.815918 0.863159
vt1 0.766602 0.844238
vt1 0.815430 0.836182
vt1 0.766113 0.829468
vt1 0.814941 0.821533
vt1 0.766113 0.816040
vt1 0.814453 0.808838
vt1 0.765625 0.805176
vt1 0.765625 0.791138
vt1 0.814453 0.789429
vt1 0.765625 0.770874
vt1 0.814941 0.762085
vt1 0.766602 0.738770
vt1 0.815918 0.734131
vt1 0.794922 0.713135
vt1 0.767578 0.716064
vt1 0.816406 0.714111
vt1 0.225708 0.004883
vt1 0.228516 0.014160
vt1 0.210815 0.004395
vt1 0.123413 0.015625
vt1 0.125488 0.005371
vt1 0.229004 0.017578
vt1 0.123169 0.018555
vt1 0.229126 0.020996
vt1 0.123108 0.021973
vt1 0.191162 0.023926
vt1 0.123108 0.025879
vt1 0.228394 0.027344
vt1 0.123108 0.028809
vt1 0.228516 0.031250
vt1 0.122986 0.031738
vt1 0.220459 0.035156
vt1 0.125488 0.043457
vt1 0.223633 0.042969
vt1 0.200928 0.040527
vt1 0.933105 0.864990
vt1 0.931152 0.858765
vt1 0.920898 0.867920
vt1 0.921387 0.856323
vt1 0.929688 0.849609
vt1 0.933594 0.843384
vt1 0.916504 0.868652
vt1 0.920410 0.826172
vt1 0.931641 0.824341
vt1 0.932129 0.818726
vt1 0.933105 0.807617
vt1 0.920410 0.797241
vt1 0.931152 0.793457
vt1 0.917480 0.797974
vt1 0.914062 0.838379
vt1 0.912598 0.869141
vt1 0.910156 0.869019
vt1 0.913574 0.802612
vt1 0.916504 0.791138
vt1 0.925293 0.781738
vt1 0.932617 0.781250
vt1 0.930664 0.776489
vt1 0.911133 0.791748
vt1 0.905762 0.868652
vt1 0.915039 0.782837
vt1 0.893555 0.864746
vt1 0.892578 0.855347
vt1 0.915527 0.779663
vt1 0.904785 0.859497
vt1 0.893555 0.847168
vt1 0.905762 0.824097
vt1 0.896484 0.823853
vt1 0.894531 0.822632
vt1 0.894531 0.806152
vt1 0.908203 0.794800
vt1 0.897461 0.793335
vt1 0.895996 0.784424
vt1 0.909668 0.782837
vt1 0.896484 0.778564
vt1 0.911133 0.779053
vt1 0.894531 0.764404
vt1 0.908203 0.764282
vt1 0.913574 0.764771
vt1 0.917480 0.765747
vt1 0.918457 0.770630
vt1 0.923828 0.766602
vt1 0.932617 0.765625
vt1 0.789062 0.931580
vt1 0.772949 0.930908
vt1 0.778320 0.912598
vt1 0.790039 0.882812
vt1 0.779297 0.882507
vt1 0.798340 0.931580
vt1 0.806641 0.882996
vt1 0.812988 0.931824
vt1 0.821289 0.883179
vt1 0.826660 0.932190
vt1 0.833984 0.883545
vt1 0.837402 0.932373
vt1 0.851562 0.932556
vt1 0.853516 0.883911
vt1 0.871582 0.932434
vt1 0.880371 0.883423
vt1 0.903809 0.931335
vt1 0.908691 0.882385
vt1 0.929688 0.903381
vt1 0.928711 0.881836
vt1 0.926758 0.930603
vt1 0.106628 0.075195
vt1 0.109436 0.065430
vt1 0.091797 0.075195
vt1 0.004425 0.064453
vt1 0.006531 0.074707
vt1 0.109985 0.062500
vt1 0.004177 0.061523
vt1 0.110046 0.058594
vt1 0.004093 0.058105
vt1 0.072205 0.056152
vt1 0.004086 0.054199
vt1 0.109314 0.052734
vt1 0.004105 0.051270
vt1 0.109436 0.048828
vt1 0.003948 0.048340
vt1 0.101440 0.044434
vt1 0.006561 0.036621
vt1 0.104614 0.037109
vt1 0.081909 0.039551
vt1 0.988770 0.872925
vt1 0.986328 0.866699
vt1 0.976562 0.875793
vt1 0.977051 0.864258
vt1 0.985352 0.857544
vt1 0.989258 0.851318
vt1 0.972168 0.876587
vt1 0.975586 0.834106
vt1 0.987305 0.832275
vt1 0.987793 0.826660
vt1 0.988281 0.815552
vt1 0.976074 0.805176
vt1 0.986328 0.801392
vt1 0.973145 0.805908
vt1 0.969727 0.846313
vt1 0.968262 0.877014
vt1 0.965332 0.876892
vt1 0.969238 0.810547
vt1 0.972168 0.799072
vt1 0.980957 0.789673
vt1 0.988281 0.789185
vt1 0.986328 0.784424
vt1 0.966797 0.799683
vt1 0.961426 0.876587
vt1 0.970703 0.790771
vt1 0.948242 0.863281
vt1 0.949219 0.872681
vt1 0.970703 0.787598
vt1 0.960449 0.867432
vt1 0.949219 0.855103
vt1 0.961426 0.832031
vt1 0.952148 0.831787
vt1 0.950195 0.830566
vt1 0.950195 0.814087
vt1 0.963379 0.802734
vt1 0.953125 0.801392
vt1 0.951660 0.792358
vt1 0.964844 0.790771
vt1 0.952148 0.786499
vt1 0.966309 0.787109
vt1 0.950195 0.772339
vt1 0.963867 0.772217
vt1 0.968750 0.772705
vt1 0.973145 0.773682
vt1 0.974121 0.778564
vt1 0.979492 0.774536
vt1 0.987793 0.773560
vt1 0.830078 0.853516
vt1 0.830566 0.869507
vt1 0.849121 0.864136
vt1 0.878906 0.852783
vt1 0.879395 0.863159
vt1 0.830078 0.844238
vt1 0.878906 0.836182
vt1 0.830078 0.829468
vt1 0.878418 0.821533
vt1 0.829590 0.816040
vt1 0.877930 0.808838
vt1 0.829102 0.805176
vt1 0.829102 0.791138
vt1 0.877930 0.789429
vt1 0.829102 0.770874
vt1 0.878418 0.762085
vt1 0.830566 0.738770
vt1 0.879395 0.734131
vt1 0.858398 0.713135
vt1 0.879883 0.714111
vt1 0.831055 0.716064
vt1 0.291992 0.062012
vt1 0.289062 0.052246
vt1 0.274170 0.052246
vt1 0.186890 0.063477
vt1 0.188965 0.052734
vt1 0.292480 0.064941
vt1 0.186646 0.065918
vt1 0.292480 0.068848
vt1 0.186523 0.069336
vt1 0.254639 0.071289
vt1 0.186523 0.073242
vt1 0.291748 0.074707
vt1 0.186646 0.076660
vt1 0.291992 0.078613
vt1 0.186401 0.079102
vt1 0.283936 0.083008
vt1 0.189087 0.090820
vt1 0.287109 0.090332
vt1 0.264404 0.088379
vt1 0.606445 0.708008
vt1 0.612793 0.710449
vt1 0.615723 0.697998
vt1 0.604004 0.698486
vt1 0.597168 0.706787
vt1 0.591309 0.710693
vt1 0.616211 0.693604
vt1 0.573730 0.697266
vt1 0.571777 0.708984
vt1 0.566406 0.709229
vt1 0.555176 0.709961
vt1 0.544922 0.697510
vt1 0.541016 0.708008
vt1 0.545410 0.694580
vt1 0.585938 0.691406
vt1 0.616699 0.689697
vt1 0.616699 0.687012
vt1 0.550293 0.690918
vt1 0.539062 0.693848
vt1 0.529297 0.702393
vt1 0.528809 0.709961
vt1 0.524414 0.707764
vt1 0.539551 0.688477
vt1 0.616211 0.683105
vt1 0.530762 0.692139
vt1 0.612305 0.670654
vt1 0.603027 0.669922
vt1 0.527344 0.692383
vt1 0.607422 0.682129
vt1 0.594727 0.670898
vt1 0.571777 0.682861
vt1 0.571777 0.673828
vt1 0.570312 0.671631
vt1 0.553711 0.671631
vt1 0.542480 0.685059
vt1 0.541016 0.674561
vt1 0.532227 0.673096
vt1 0.530273 0.686523
vt1 0.526367 0.673828
vt1 0.526855 0.687988
vt1 0.512207 0.671631
vt1 0.511719 0.685547
vt1 0.512695 0.690430
vt1 0.513672 0.694580
vt1 0.518066 0.695557
vt1 0.514160 0.700928
vt1 0.513184 0.709473
vt1 0.772949 0.994377
vt1 0.789062 0.995029
vt1 0.778320 0.976044
vt1 0.790039 0.946320
vt1 0.779297 0.945984
vt1 0.798340 0.995056
vt1 0.806641 0.946503
vt1 0.812988 0.995308
vt1 0.821289 0.946625
vt1 0.826660 0.995636
vt1 0.833984 0.947052
vt1 0.837402 0.995865
vt1 0.851562 0.996021
vt1 0.853516 0.947418
vt1 0.871582 0.995884
vt1 0.880371 0.946869
vt1 0.903809 0.994823
vt1 0.908691 0.945892
vt1 0.929688 0.966858
vt1 0.926758 0.994045
vt1 0.928711 0.945343
vt1 0.391602 0.693359
vt1 0.361084 0.718018
vt1 0.402100 0.693848
vt1 0.385010 0.704346
vt1 0.399170 0.695312
vt1 0.352295 0.753784
vt1 0.336670 0.772339
vt1 0.373779 0.729736
vt1 0.396729 0.707031
vt1 0.409180 0.703125
vt1 0.370850 0.739258
vt1 0.383789 0.725586
vt1 0.402100 0.709229
vt1 0.369873 0.769165
vt1 0.396973 0.719971
vt1 0.406494 0.713379
vt1 0.414062 0.706543
vt1 0.392334 0.733154
vt1 0.395752 0.728271
vt1 0.410400 0.714844
vt1 0.414307 0.711670
vt1 0.419434 0.708008
vt1 0.397705 0.730225
vt1 0.414307 0.716064
vt1 0.412842 0.714111
vt1 0.385254 0.760376
vt1 0.394775 0.743408
vt1 0.406494 0.725098
vt1 0.399170 0.743164
vt1 0.388672 0.769775
vt1 0.401367 0.741455
vt1 0.409668 0.727051
vt1 0.416748 0.720947
vt1 0.647461 0.035156
vt1 0.639160 0.005371
vt1 0.655762 0.005859
vt1 0.636230 0.045410
vt1 0.636230 0.075684
vt1 0.629883 0.026367
vt1 0.633789 0.005859
vt1 0.627930 0.074219
vt1 0.635254 0.079102
vt1 0.625977 0.021484
vt1 0.626953 0.005371
vt1 0.623535 0.076660
vt1 0.635254 0.082031
vt1 0.610352 0.023926
vt1 0.590332 0.004883
vt1 0.610840 0.036133
vt1 0.557617 0.004883
vt1 0.616211 0.043457
vt1 0.621094 0.071289
vt1 0.568359 0.036621
vt1 0.604004 0.064941
vt1 0.546387 0.021484
vt1 0.522461 0.005859
vt1 0.583496 0.043945
vt1 0.519531 0.039062
vt1 0.519531 0.027832
vt1 0.499756 0.007324
vt1 0.575195 0.051758
vt1 0.490479 0.019043
vt1 0.484863 0.007812
vt1 0.486572 0.029297
vt1 0.451660 0.019531
vt1 0.451904 0.009277
vt1 0.442139 0.008789
vt1 0.443359 0.024902
vt1 0.432861 0.008301
vt1 0.439941 0.027832
vt1 0.374512 0.010254
vt1 0.442871 0.042969
vt1 0.483887 0.042480
vt1 0.544434 0.047852
vt1 0.503906 0.052246
vt1 0.482178 0.051270
vt1 0.555664 0.059082
vt1 0.477783 0.053223
vt1 0.446289 0.050293
vt1 0.610352 0.070801
vt1 0.583496 0.068359
vt1 0.611328 0.074219
vt1 0.466797 0.054199
vt1 0.566895 0.069336
vt1 0.618652 0.079102
vt1 0.633789 0.085938
vt1 0.602539 0.078125
vt1 0.618164 0.087891
vt1 0.623047 0.095703
vt1 0.597168 0.081543
vt1 0.621094 0.106445
vt1 0.620605 0.140137
vt1 0.604980 0.103027
vt1 0.611816 0.137207
vt1 0.620117 0.142090
vt1 0.610352 0.113281
vt1 0.608887 0.139648
vt1 0.605957 0.135254
vt1 0.574219 0.104004
vt1 0.586426 0.116211
vt1 0.591309 0.098145
vt1 0.564941 0.081055
vt1 0.562500 0.096191
vt1 0.572754 0.089844
vt1 0.551758 0.074219
vt1 0.512695 0.070801
vt1 0.533691 0.067871
vt1 0.477051 0.061523
vt1 0.469727 0.056641
vt1 0.548828 0.087891
vt1 0.440918 0.051758
vt1 0.466309 0.064453
vt1 0.504883 0.079102
vt1 0.439941 0.055664
vt1 0.478271 0.072754
vt1 0.439453 0.060547
vt1 0.533203 0.092285
vt1 0.550293 0.104980
vt1 0.483154 0.078125
vt1 0.504883 0.088867
vt1 0.439453 0.063477
vt1 0.479736 0.088867
vt1 0.442871 0.076660
vt1 0.506348 0.098145
vt1 0.438232 0.085938
vt1 0.480469 0.098145
vt1 0.430664 0.083008
vt1 0.532715 0.112305
vt1 0.482910 0.105957
vt1 0.436523 0.099609
vt1 0.465332 0.106445
vt1 0.423096 0.069336
vt1 0.427002 0.095703
vt1 0.443359 0.103027
vt1 0.368408 0.064453
vt1 0.432129 0.101562
vt1 0.380615 0.070312
vt1 0.413818 0.097168
vt1 0.401367 0.083008
vt1 0.401123 0.092285
vt1 0.404053 0.097656
vt1 0.375488 0.092773
vt1 0.366211 0.084473
vt1 0.366699 0.096680
vt1 0.371582 0.082520
vt1 0.400146 0.100586
vt1 0.381348 0.078613
vt1 0.337402 0.076660
vt1 0.358887 0.085938
vt1 0.337646 0.079590
vt1 0.326904 0.078613
vt1 0.339355 0.072754
vt1 0.326660 0.074219
vt1 0.325928 0.069336
vt1 0.338867 0.090332
vt1 0.328125 0.087891
vt1 0.348633 0.093750
vt1 0.335205 0.095215
vt1 0.329102 0.096680
vt1 0.337891 0.099609
vt1 0.366699 0.099121
vt1 0.351074 0.098633
vt1 0.396973 0.105957
vt1 0.358154 0.107422
vt1 0.380615 0.109863
vt1 0.413330 0.117188
vt1 0.426758 0.112793
vt1 0.337158 0.101562
vt1 0.330078 0.100586
vt1 0.348633 0.107422
vt1 0.328857 0.110352
vt1 0.404785 0.120605
vt1 0.358154 0.116699
vt1 0.360352 0.109375
vt1 0.421387 0.133789
vt1 0.366943 0.115234
vt1 0.403564 0.128906
vt1 0.384277 0.125488
vt1 0.354736 0.119629
vt1 0.328613 0.119629
vt1 0.359375 0.123047
vt1 0.411865 0.134766
vt1 0.347900 0.125977
vt1 0.387939 0.131836
vt1 0.345215 0.127930
vt1 0.328125 0.126465
vt1 0.407715 0.138672
vt1 0.420654 0.135742
vt1 0.355469 0.130859
vt1 0.426758 0.133789
vt1 0.348633 0.133789
vt1 0.427246 0.120117
vt1 0.386475 0.140625
vt1 0.344482 0.136719
vt1 0.328125 0.138184
vt1 0.393066 0.144043
vt1 0.361328 0.142578
vt1 0.327637 0.143066
vt1 0.423340 0.141113
vt1 0.403320 0.146973
vt1 0.436768 0.141113
vt1 0.452148 0.149414
vt1 0.437012 0.138672
vt1 0.465332 0.145020
vt1 0.473145 0.141602
vt1 0.460938 0.147949
vt1 0.470947 0.128418
vt1 0.505371 0.149902
vt1 0.487549 0.139160
vt1 0.497559 0.132324
vt1 0.483154 0.149902
vt1 0.530273 0.148438
vt1 0.522949 0.158203
vt1 0.483154 0.123535
vt1 0.583984 0.166016
vt1 0.508301 0.158203
vt1 0.571777 0.160156
vt1 0.488281 0.156738
vt1 0.573242 0.166504
vt1 0.532227 0.165039
vt1 0.470459 0.157715
vt1 0.576660 0.168945
vt1 0.423340 0.151367
vt1 0.548340 0.173340
vt1 0.586426 0.168457
vt1 0.569824 0.185547
vt1 0.595215 0.168457
vt1 0.594727 0.166504
vt1 0.595703 0.169922
vt1 0.614258 0.172852
vt1 0.614746 0.170898
vt1 0.613770 0.174805
vt1 0.605469 0.161133
vt1 0.592773 0.171875
vt1 0.607422 0.199219
vt1 0.616211 0.155762
vt1 0.592285 0.187500
vt1 0.587891 0.193848
vt1 0.598145 0.199707
vt1 0.606934 0.203125
vt1 0.538086 0.189453
vt1 0.534668 0.193359
vt1 0.595703 0.204102
vt1 0.604980 0.210449
vt1 0.541016 0.197266
vt1 0.534180 0.200684
vt1 0.523438 0.203125
vt1 0.604492 0.214355
vt1 0.505371 0.195801
vt1 0.494873 0.196777
vt1 0.482178 0.191406
vt1 0.457764 0.189941
vt1 0.476074 0.196777
vt1 0.551270 0.210938
vt1 0.585938 0.219238
vt1 0.601562 0.225098
vt1 0.556641 0.226074
vt1 0.534668 0.215820
vt1 0.457520 0.191406
vt1 0.473389 0.199219
vt1 0.447754 0.192383
vt1 0.483643 0.217285
vt1 0.478027 0.219727
vt1 0.493896 0.223633
vt1 0.470459 0.221191
vt1 0.464355 0.208008
vt1 0.448730 0.211914
vt1 0.432617 0.213379
vt1 0.452148 0.219238
vt1 0.415283 0.205078
vt1 0.413330 0.213379
vt1 0.390869 0.216797
vt1 0.406250 0.208496
vt1 0.375244 0.208984
vt1 0.355957 0.210449
vt1 0.332764 0.200684
vt1 0.319092 0.188477
vt1 0.360107 0.197754
vt1 0.356934 0.199707
vt1 0.320801 0.185547
vt1 0.323242 0.181152
vt1 0.335205 0.185547
vt1 0.324951 0.176270
vt1 0.377197 0.199219
vt1 0.343262 0.187012
vt1 0.357422 0.186523
vt1 0.420410 0.190430
vt1 0.333252 0.176758
vt1 0.420166 0.187988
vt1 0.397461 0.186523
vt1 0.419678 0.186035
vt1 0.334717 0.173340
vt1 0.326172 0.167480
vt1 0.352539 0.178711
vt1 0.341797 0.171875
vt1 0.326416 0.157715
vt1 0.386475 0.181152
vt1 0.357422 0.176270
vt1 0.344238 0.167969
vt1 0.340088 0.161133
vt1 0.326904 0.151855
vt1 0.367676 0.174316
vt1 0.345215 0.159668
vt1 0.344482 0.154785
vt1 0.366211 0.166504
vt1 0.394531 0.177246
vt1 0.354980 0.156738
vt1 0.423828 0.184082
vt1 0.378174 0.165527
vt1 0.457520 0.188477
vt1 0.390625 0.161133
vt1 0.474609 0.187988
vt1 0.444824 0.185059
vt1 0.414062 0.174805
vt1 0.509766 0.185547
vt1 0.478027 0.180664
vt1 0.517090 0.175781
vt1 0.540527 0.179199
vt1 0.492188 0.167480
vt1 0.479736 0.172852
vt1 0.451660 0.176758
vt1 0.415039 0.166016
vt1 0.459473 0.167480
vt1 0.411133 0.160645
vt1 0.464355 0.161621
vt1 0.417480 0.156738
vt1 0.375488 0.157227
vt1 0.375000 0.151367
vt1 0.335693 0.146484
vt1 0.615234 0.456055
vt1 0.606934 0.426758
vt1 0.599121 0.456055
vt1 0.618652 0.416504
vt1 0.618652 0.385742
vt1 0.624512 0.435059
vt1 0.620605 0.456055
vt1 0.626953 0.387695
vt1 0.619141 0.382324
vt1 0.628906 0.440430
vt1 0.627441 0.456055
vt1 0.631348 0.385254
vt1 0.619141 0.379395
vt1 0.644043 0.437500
vt1 0.664062 0.456543
vt1 0.643555 0.425781
vt1 0.696777 0.456543
vt1 0.638184 0.417969
vt1 0.633789 0.390137
vt1 0.686035 0.424805
vt1 0.644043 0.390625
vt1 0.708008 0.440430
vt1 0.731934 0.455566
vt1 0.671387 0.417480
vt1 0.734863 0.434082
vt1 0.754883 0.454590
vt1 0.734863 0.422363
vt1 0.764160 0.442383
vt1 0.770020 0.453613
vt1 0.768066 0.432129
vt1 0.803223 0.441895
vt1 0.802734 0.452148
vt1 0.812500 0.452637
vt1 0.811523 0.437012
vt1 0.821777 0.453125
vt1 0.814941 0.434082
vt1 0.880859 0.451172
vt1 0.811523 0.418457
vt1 0.770508 0.418945
vt1 0.709961 0.413574
vt1 0.772461 0.410156
vt1 0.679199 0.409668
vt1 0.750488 0.409180
vt1 0.650879 0.396484
vt1 0.698730 0.402344
vt1 0.776855 0.408203
vt1 0.670898 0.393066
vt1 0.808594 0.411133
vt1 0.787598 0.407227
vt1 0.643066 0.387207
vt1 0.687500 0.392090
vt1 0.636230 0.382324
vt1 0.620605 0.375977
vt1 0.651855 0.383301
vt1 0.636230 0.374023
vt1 0.631348 0.365723
vt1 0.657227 0.379883
vt1 0.633301 0.355469
vt1 0.633789 0.321289
vt1 0.649414 0.358398
vt1 0.642578 0.324219
vt1 0.634277 0.319336
vt1 0.644043 0.348145
vt1 0.665527 0.365234
vt1 0.681641 0.359375
vt1 0.689941 0.380371
vt1 0.690918 0.365234
vt1 0.716309 0.382812
vt1 0.703125 0.387207
vt1 0.745605 0.392090
vt1 0.721191 0.393555
vt1 0.778320 0.399902
vt1 0.784668 0.404785
vt1 0.754395 0.391113
vt1 0.813477 0.410156
vt1 0.729980 0.377930
vt1 0.794434 0.397949
vt1 0.773926 0.387207
vt1 0.814941 0.406250
vt1 0.695801 0.359863
vt1 0.806641 0.396973
vt1 0.649902 0.331055
vt1 0.817383 0.402344
vt1 0.646973 0.324219
vt1 0.912598 0.410645
vt1 0.671387 0.333008
vt1 0.645996 0.322266
vt1 0.696777 0.337402
vt1 0.642578 0.320312
vt1 0.634766 0.316895
vt1 0.638184 0.306152
vt1 0.665039 0.325684
vt1 0.645508 0.312988
vt1 0.657227 0.320801
vt1 0.648926 0.300293
vt1 0.639648 0.290527
vt1 0.717285 0.335449
vt1 0.660156 0.294922
vt1 0.640137 0.289062
vt1 0.659668 0.308105
vt1 0.664062 0.318848
vt1 0.716797 0.338379
vt1 0.742188 0.340820
vt1 0.679199 0.310059
vt1 0.759277 0.347168
vt1 0.679688 0.300781
vt1 0.767090 0.350098
vt1 0.770020 0.347168
vt1 0.728516 0.333008
vt1 0.697754 0.319336
vt1 0.759277 0.339355
vt1 0.725098 0.315918
vt1 0.778809 0.349121
vt1 0.767090 0.334473
vt1 0.740723 0.312012
vt1 0.767090 0.322266
vt1 0.783691 0.333008
vt1 0.781738 0.320312
vt1 0.744629 0.310059
vt1 0.785156 0.316406
vt1 0.670410 0.295410
vt1 0.782715 0.313965
vt1 0.806641 0.320801
vt1 0.659180 0.293457
vt1 0.658691 0.291504
vt1 0.640625 0.286621
vt1 0.667969 0.292969
vt1 0.661621 0.290039
vt1 0.646973 0.262207
vt1 0.662598 0.273926
vt1 0.682617 0.294922
vt1 0.666504 0.268066
vt1 0.684570 0.275879
vt1 0.677734 0.292480
vt1 0.656250 0.262207
vt1 0.647461 0.258789
vt1 0.716309 0.271973
vt1 0.658691 0.257324
vt1 0.649414 0.251465
vt1 0.719727 0.268066
vt1 0.713379 0.264160
vt1 0.720703 0.260742
vt1 0.731445 0.258301
vt1 0.650391 0.247070
vt1 0.749512 0.265625
vt1 0.703125 0.250977
vt1 0.772461 0.270020
vt1 0.759766 0.264648
vt1 0.796875 0.271484
vt1 0.778809 0.264648
vt1 0.797363 0.270020
vt1 0.668457 0.242188
vt1 0.652832 0.236328
vt1 0.697754 0.235352
vt1 0.719727 0.245605
vt1 0.776367 0.241699
vt1 0.760742 0.237793
vt1 0.784180 0.240234
vt1 0.770996 0.244629
vt1 0.781250 0.262207
vt1 0.806641 0.269043
vt1 0.790039 0.253418
vt1 0.806152 0.249512
vt1 0.822266 0.248047
vt1 0.802246 0.242188
vt1 0.839355 0.256348
vt1 0.841309 0.248047
vt1 0.863770 0.244629
vt1 0.848145 0.252930
vt1 0.879395 0.252930
vt1 0.898926 0.250977
vt1 0.921875 0.260742
vt1 0.935547 0.273438
vt1 0.894531 0.264160
vt1 0.897949 0.261719
vt1 0.933594 0.275879
vt1 0.931152 0.280273
vt1 0.919434 0.276367
vt1 0.929688 0.285645
vt1 0.877441 0.262207
vt1 0.911621 0.274902
vt1 0.897461 0.274902
vt1 0.833984 0.271484
vt1 0.921387 0.285156
vt1 0.834473 0.273926
vt1 0.856934 0.274902
vt1 0.834961 0.275391
vt1 0.919922 0.288574
vt1 0.928223 0.293945
vt1 0.901855 0.282715
vt1 0.913086 0.290039
vt1 0.928223 0.303711
vt1 0.868164 0.280273
vt1 0.897461 0.285156
vt1 0.910156 0.293457
vt1 0.914551 0.300293
vt1 0.927734 0.310059
vt1 0.887207 0.287109
vt1 0.909180 0.301758
vt1 0.916016 0.309570
vt1 0.926758 0.318359
vt1 0.888184 0.295410
vt1 0.900879 0.302734
vt1 0.859863 0.284668
vt1 0.893555 0.302734
vt1 0.876465 0.295898
vt1 0.831055 0.277344
vt1 0.864258 0.300781
vt1 0.797363 0.273438
vt1 0.840820 0.286621
vt1 0.780273 0.273926
vt1 0.810059 0.276367
vt1 0.744629 0.275879
vt1 0.776855 0.281250
vt1 0.839355 0.295410
vt1 0.737305 0.285645
vt1 0.802734 0.285156
vt1 0.774902 0.289062
vt1 0.843750 0.300781
vt1 0.794922 0.293945
vt1 0.768555 0.295898
vt1 0.714355 0.282227
vt1 0.706055 0.288086
vt1 0.804688 0.301270
vt1 0.758789 0.298340
vt1 0.716797 0.296387
vt1 0.755371 0.304199
vt1 0.784180 0.305664
vt1 0.836914 0.305176
vt1 0.752930 0.306641
vt1 0.788574 0.311523
vt1 0.805664 0.317871
vt1 0.811523 0.310547
vt1 0.812012 0.313965
vt1 0.831543 0.310547
vt1 0.851562 0.314453
vt1 0.825195 0.320801
vt1 0.821289 0.322754
vt1 0.827637 0.328125
vt1 0.833984 0.326172
vt1 0.827637 0.341309
vt1 0.833008 0.328125
vt1 0.827637 0.348633
vt1 0.841309 0.344727
vt1 0.787109 0.350586
vt1 0.777832 0.351074
vt1 0.790527 0.353027
vt1 0.787109 0.354004
vt1 0.815430 0.357422
vt1 0.804688 0.357422
vt1 0.854492 0.361328
vt1 0.819336 0.359375
vt1 0.820312 0.361328
vt1 0.857910 0.355957
vt1 0.850586 0.363770
vt1 0.874023 0.352051
vt1 0.840820 0.364258
vt1 0.887695 0.364746
vt1 0.888184 0.362305
vt1 0.903809 0.362793
vt1 0.919434 0.366699
vt1 0.878906 0.368652
vt1 0.906250 0.367676
vt1 0.896484 0.354004
vt1 0.916504 0.362305
vt1 0.925293 0.365234
vt1 0.917480 0.360352
vt1 0.926758 0.373535
vt1 0.915527 0.371094
vt1 0.927734 0.382812
vt1 0.895508 0.375488
vt1 0.916992 0.381836
vt1 0.853516 0.369141
vt1 0.888672 0.377441
vt1 0.916992 0.384766
vt1 0.928223 0.387207
vt1 0.862305 0.380371
vt1 0.832031 0.365723
vt1 0.914551 0.388672
vt1 0.928711 0.392090
vt1 0.817871 0.363281
vt1 0.914062 0.392090
vt1 0.929199 0.397461
vt1 0.885254 0.390625
vt1 0.901855 0.395996
vt1 0.860840 0.385254
vt1 0.830566 0.368164
vt1 0.908691 0.399414
vt1 0.929688 0.402832
vt1 0.871094 0.393555
vt1 0.832031 0.387207
vt1 0.822266 0.377930
vt1 0.818359 0.396484
vt1 0.869629 0.398926
vt1 0.915039 0.404785
vt1 0.932129 0.407227
vt1 0.887695 0.414062
vt1 0.812012 0.384766
vt1 0.772461 0.380859
vt1 0.775391 0.372070
vt1 0.746094 0.374023
vt1 0.766113 0.362305
vt1 0.732422 0.359863
vt1 0.759277 0.353516
vt1 0.908203 0.411621
vt1 0.934082 0.411133
vt1 0.888184 0.419434
vt1 0.936035 0.415527
vt1 0.840332 0.416016
vt1 0.904785 0.422363
vt1 0.937988 0.418945
vt1 0.866211 0.421875
vt1 0.820312 0.414062
vt1 0.899414 0.426270
vt1 0.846680 0.423340
vt1 0.916016 0.434570
vt1 0.941406 0.423340
vt1 0.934082 0.432129
vt1 0.615234 0.465820
vt1 0.606934 0.495605
vt1 0.599121 0.465820
vt1 0.618652 0.505371
vt1 0.618652 0.535889
vt1 0.624512 0.486816
vt1 0.620605 0.465820
vt1 0.626953 0.534180
vt1 0.619141 0.539551
vt1 0.628906 0.481934
vt1 0.627441 0.465820
vt1 0.631348 0.536621
vt1 0.619141 0.542480
vt1 0.644043 0.484375
vt1 0.664062 0.465332
vt1 0.643555 0.496094
vt1 0.696777 0.465332
vt1 0.638184 0.503662
vt1 0.633789 0.531738
vt1 0.686035 0.497070
vt1 0.644043 0.531250
vt1 0.708008 0.481445
vt1 0.731934 0.466309
vt1 0.671387 0.504150
vt1 0.734863 0.487793
vt1 0.754883 0.467285
vt1 0.734863 0.499512
vt1 0.764160 0.479492
vt1 0.770020 0.468262
vt1 0.768066 0.489746
vt1 0.803223 0.479980
vt1 0.802734 0.469727
vt1 0.812500 0.469238
vt1 0.811523 0.484863
vt1 0.821777 0.468750
vt1 0.814453 0.488281
vt1 0.880371 0.470703
vt1 0.811523 0.503174
vt1 0.770508 0.502930
vt1 0.709961 0.508057
vt1 0.772461 0.511475
vt1 0.679199 0.511963
vt1 0.750488 0.512451
vt1 0.650879 0.525146
vt1 0.699219 0.519531
vt1 0.776855 0.513672
vt1 0.670898 0.528564
vt1 0.808594 0.510498
vt1 0.787598 0.514160
vt1 0.643066 0.534668
vt1 0.687500 0.529785
vt1 0.636230 0.539551
vt1 0.620605 0.545898
vt1 0.651855 0.538330
vt1 0.636230 0.547852
vt1 0.631348 0.555908
vt1 0.657227 0.541748
vt1 0.633301 0.566406
vt1 0.633789 0.600586
vt1 0.649414 0.562988
vt1 0.642578 0.597168
vt1 0.634277 0.602295
vt1 0.644043 0.573486
vt1 0.645508 0.600098
vt1 0.648438 0.595459
vt1 0.680176 0.564209
vt1 0.642578 0.601318
vt1 0.634766 0.604736
vt1 0.638184 0.615723
vt1 0.667969 0.576172
vt1 0.645508 0.609375
vt1 0.648926 0.621338
vt1 0.639648 0.631104
vt1 0.660156 0.626709
vt1 0.640137 0.633057
vt1 0.665527 0.617920
vt1 0.657227 0.601074
vt1 0.659180 0.628418
vt1 0.664062 0.602783
vt1 0.658691 0.630127
vt1 0.640625 0.635010
vt1 0.661621 0.631836
vt1 0.646973 0.659424
vt1 0.668457 0.628906
vt1 0.662598 0.647705
vt1 0.666504 0.653809
vt1 0.685059 0.645752
vt1 0.656250 0.659668
vt1 0.647461 0.663086
vt1 0.716309 0.649902
vt1 0.658691 0.664551
vt1 0.649414 0.670410
vt1 0.719727 0.653564
vt1 0.713379 0.657471
vt1 0.720703 0.660889
vt1 0.731445 0.663574
vt1 0.650391 0.674561
vt1 0.749512 0.656250
vt1 0.703125 0.670898
vt1 0.772461 0.651611
vt1 0.759766 0.656982
vt1 0.796875 0.650146
vt1 0.778809 0.656982
vt1 0.797363 0.651611
vt1 0.668457 0.679688
vt1 0.652832 0.685547
vt1 0.697754 0.686523
vt1 0.719727 0.676025
vt1 0.776367 0.680176
vt1 0.760742 0.683838
vt1 0.784180 0.681396
vt1 0.770996 0.677246
vt1 0.781250 0.659424
vt1 0.806641 0.652832
vt1 0.790039 0.668213
vt1 0.806152 0.672119
vt1 0.822266 0.673584
vt1 0.802246 0.679443
vt1 0.839355 0.665283
vt1 0.841309 0.673584
vt1 0.863770 0.677002
vt1 0.848145 0.668701
vt1 0.879395 0.668945
vt1 0.898926 0.670654
vt1 0.921875 0.661133
vt1 0.935547 0.648438
vt1 0.894531 0.657715
vt1 0.897949 0.659912
vt1 0.933594 0.645752
vt1 0.931152 0.641357
vt1 0.919434 0.645508
vt1 0.929688 0.636230
vt1 0.877441 0.659668
vt1 0.911621 0.646973
vt1 0.897461 0.646729
vt1 0.833984 0.650391
vt1 0.921387 0.636719
vt1 0.919922 0.633301
vt1 0.928223 0.627930
vt1 0.834473 0.647949
vt1 0.856934 0.646973
vt1 0.901855 0.639160
vt1 0.913086 0.631836
vt1 0.928223 0.617920
vt1 0.834961 0.646240
vt1 0.868164 0.641357
vt1 0.897461 0.636475
vt1 0.910156 0.628174
vt1 0.914551 0.621338
vt1 0.927734 0.611816
vt1 0.887207 0.634766
vt1 0.909180 0.620117
vt1 0.910156 0.614746
vt1 0.888184 0.626465
vt1 0.927246 0.603027
vt1 0.859863 0.637207
vt1 0.876465 0.625732
vt1 0.831055 0.644287
vt1 0.899902 0.616943
vt1 0.797363 0.648438
vt1 0.780273 0.647949
vt1 0.810059 0.645264
vt1 0.744629 0.645752
vt1 0.776855 0.640625
vt1 0.737305 0.635986
vt1 0.840820 0.635010
vt1 0.803223 0.636719
vt1 0.864258 0.621094
vt1 0.839355 0.626465
vt1 0.843262 0.620605
vt1 0.774902 0.632812
vt1 0.794922 0.627686
vt1 0.762207 0.627441
vt1 0.790039 0.621826
vt1 0.837402 0.616699
vt1 0.714355 0.639404
vt1 0.706055 0.633789
vt1 0.784180 0.618164
vt1 0.677734 0.629150
vt1 0.722168 0.625244
vt1 0.681641 0.626953
vt1 0.670410 0.625977
vt1 0.746094 0.618408
vt1 0.682617 0.620605
vt1 0.731934 0.618408
vt1 0.749512 0.610107
vt1 0.771484 0.610107
vt1 0.793457 0.608154
vt1 0.766602 0.616699
vt1 0.789062 0.605469
vt1 0.802734 0.609619
vt1 0.817871 0.601562
vt1 0.831543 0.611328
vt1 0.831543 0.601074
vt1 0.879395 0.617188
vt1 0.851074 0.607422
vt1 0.879883 0.611816
vt1 0.918945 0.606934
vt1 0.893555 0.603027
vt1 0.926758 0.598633
vt1 0.861816 0.604004
vt1 0.910156 0.596924
vt1 0.926270 0.586914
vt1 0.846680 0.599121
vt1 0.868164 0.601074
vt1 0.905762 0.594238
vt1 0.899414 0.591064
vt1 0.909180 0.587891
vt1 0.926270 0.579590
vt1 0.866699 0.592041
vt1 0.906738 0.586182
vt1 0.895508 0.583252
vt1 0.899902 0.579590
vt1 0.925781 0.570312
vt1 0.870117 0.585693
vt1 0.842773 0.594971
vt1 0.896484 0.576904
vt1 0.833984 0.595703
vt1 0.851074 0.589111
vt1 0.887695 0.575439
vt1 0.906250 0.567627
vt1 0.924805 0.560547
vt1 0.917480 0.561523
vt1 0.894043 0.569580
vt1 0.896484 0.567627
vt1 0.833008 0.593750
vt1 0.850098 0.580811
vt1 0.916504 0.559570
vt1 0.925293 0.556641
vt1 0.841309 0.577148
vt1 0.919434 0.555176
vt1 0.926758 0.548340
vt1 0.903809 0.558838
vt1 0.874023 0.569824
vt1 0.857910 0.565918
vt1 0.888184 0.559326
vt1 0.827637 0.572754
vt1 0.854492 0.560547
vt1 0.887695 0.556885
vt1 0.915527 0.550537
vt1 0.927734 0.538818
vt1 0.906250 0.553955
vt1 0.895508 0.546387
vt1 0.916992 0.539795
vt1 0.878906 0.552979
vt1 0.850586 0.558105
vt1 0.853516 0.552734
vt1 0.840820 0.557373
vt1 0.822266 0.561768
vt1 0.814941 0.564453
vt1 0.817871 0.559814
vt1 0.811523 0.563477
vt1 0.786621 0.569336
vt1 0.827637 0.555908
vt1 0.789551 0.566895
vt1 0.787598 0.571289
vt1 0.777832 0.570801
vt1 0.778809 0.572510
vt1 0.771484 0.583740
vt1 0.769043 0.571045
vt1 0.783691 0.588623
vt1 0.760742 0.580078
vt1 0.827637 0.580322
vt1 0.756836 0.592285
vt1 0.827637 0.593750
vt1 0.781250 0.601562
vt1 0.817383 0.598877
vt1 0.767090 0.599365
vt1 0.724609 0.608643
vt1 0.721680 0.603516
vt1 0.679199 0.611816
vt1 0.697754 0.602295
vt1 0.746094 0.580078
vt1 0.768555 0.574707
vt1 0.755859 0.576172
vt1 0.730957 0.580811
vt1 0.666504 0.596680
vt1 0.691895 0.587646
vt1 0.647461 0.598145
vt1 0.674316 0.588623
vt1 0.719727 0.577637
vt1 0.721680 0.572510
vt1 0.771973 0.566406
vt1 0.704102 0.564941
vt1 0.748047 0.558105
vt1 0.773926 0.558350
vt1 0.749512 0.549316
vt1 0.721191 0.552246
vt1 0.774902 0.549316
vt1 0.771484 0.538330
vt1 0.816406 0.546387
vt1 0.812012 0.536865
vt1 0.824219 0.543213
vt1 0.814941 0.523682
vt1 0.831543 0.529785
vt1 0.776367 0.533203
vt1 0.815430 0.520508
vt1 0.853516 0.542969
vt1 0.691895 0.556396
vt1 0.888672 0.544434
vt1 0.916992 0.537109
vt1 0.928223 0.534668
vt1 0.882812 0.542725
vt1 0.873535 0.538818
vt1 0.915527 0.532715
vt1 0.928711 0.529785
vt1 0.874023 0.530518
vt1 0.886230 0.531494
vt1 0.911133 0.529297
vt1 0.929199 0.524170
vt1 0.906250 0.525879
vt1 0.915039 0.522217
vt1 0.929688 0.519043
vt1 0.886230 0.524414
vt1 0.912598 0.517822
vt1 0.912598 0.511475
vt1 0.932129 0.514404
vt1 0.814453 0.515869
vt1 0.891602 0.507812
vt1 0.908203 0.510010
vt1 0.934082 0.510742
vt1 0.888184 0.502197
vt1 0.936035 0.506104
vt1 0.904785 0.499512
vt1 0.937500 0.502930
vt1 0.840332 0.505615
vt1 0.898438 0.495605
vt1 0.941406 0.498535
vt1 0.866211 0.500000
vt1 0.813965 0.511719
vt1 0.820312 0.507568
vt1 0.904785 0.484375
vt1 0.932617 0.489746
vt1 0.846680 0.498535
vt1 0.784668 0.516846
vt1 0.721191 0.528076
vt1 0.777344 0.521973
vt1 0.703125 0.534424
vt1 0.689941 0.541260
vt1 0.742188 0.531006
vt1 0.788086 0.524658
vt1 0.750000 0.539062
vt1 0.705566 0.548096
vt1 0.681641 0.550049
vt1 0.663086 0.558105
vt1 0.630859 0.196289
vt1 0.639160 0.225586
vt1 0.622559 0.225586
vt1 0.642090 0.186035
vt1 0.642090 0.155762
vt1 0.648438 0.204590
vt1 0.644531 0.225586
vt1 0.650391 0.157227
vt1 0.643066 0.152344
vt1 0.652344 0.209961
vt1 0.651367 0.225586
vt1 0.654785 0.154785
vt1 0.643066 0.149414
vt1 0.667969 0.207520
vt1 0.687988 0.226562
vt1 0.667480 0.195312
vt1 0.720703 0.226562
vt1 0.662109 0.187988
vt1 0.657227 0.160156
vt1 0.709961 0.194824
vt1 0.674316 0.166504
vt1 0.731934 0.209961
vt1 0.755859 0.225586
vt1 0.694824 0.187500
vt1 0.758789 0.192383
vt1 0.758789 0.203613
vt1 0.778809 0.224121
vt1 0.703125 0.179688
vt1 0.788086 0.212402
vt1 0.793457 0.223633
vt1 0.791992 0.202148
vt1 0.826660 0.211914
vt1 0.826660 0.222168
vt1 0.836426 0.222656
vt1 0.834961 0.206543
vt1 0.845703 0.223145
vt1 0.838379 0.203613
vt1 0.904297 0.221191
vt1 0.835449 0.188477
vt1 0.794434 0.188965
vt1 0.733887 0.183594
vt1 0.774414 0.179199
vt1 0.796387 0.180176
vt1 0.722656 0.172363
vt1 0.800781 0.177734
vt1 0.832031 0.181152
vt1 0.667969 0.160645
vt1 0.694824 0.163086
vt1 0.666992 0.156738
vt1 0.811523 0.177246
vt1 0.711426 0.162109
vt1 0.659668 0.151855
vt1 0.644531 0.145508
vt1 0.675781 0.153320
vt1 0.660156 0.143555
vt1 0.655273 0.135742
vt1 0.681152 0.149902
vt1 0.657227 0.125000
vt1 0.657715 0.090820
vt1 0.673340 0.128418
vt1 0.666504 0.094238
vt1 0.667969 0.117676
vt1 0.658203 0.089355
vt1 0.705078 0.128906
vt1 0.689453 0.135254
vt1 0.713379 0.150391
vt1 0.714355 0.135254
vt1 0.739746 0.152832
vt1 0.726562 0.157227
vt1 0.769043 0.161621
vt1 0.744629 0.163574
vt1 0.802246 0.169922
vt1 0.808594 0.174805
vt1 0.778320 0.161133
vt1 0.837402 0.179688
vt1 0.753906 0.147949
vt1 0.818359 0.167480
vt1 0.797852 0.157227
vt1 0.838379 0.175781
vt1 0.719238 0.129395
vt1 0.830566 0.166504
vt1 0.673340 0.100586
vt1 0.770020 0.144043
vt1 0.670898 0.094238
vt1 0.694824 0.102539
vt1 0.756348 0.129883
vt1 0.796387 0.150879
vt1 0.783203 0.123535
vt1 0.799316 0.142090
vt1 0.790039 0.132324
vt1 0.835449 0.154785
vt1 0.845703 0.147949
vt1 0.842285 0.166504
vt1 0.841309 0.172363
vt1 0.855957 0.156738
vt1 0.936523 0.180664
vt1 0.854492 0.138184
vt1 0.893066 0.168945
vt1 0.895020 0.163574
vt1 0.938965 0.174316
vt1 0.932129 0.169434
vt1 0.953613 0.172363
vt1 0.956055 0.177246
vt1 0.952637 0.167480
vt1 0.911133 0.183594
vt1 0.925781 0.166016
vt1 0.937500 0.162109
vt1 0.952148 0.161621
vt1 0.884766 0.155273
vt1 0.909180 0.160156
vt1 0.938477 0.158691
vt1 0.951660 0.157227
vt1 0.940918 0.154785
vt1 0.886230 0.150391
vt1 0.855957 0.135742
vt1 0.912598 0.147461
vt1 0.841797 0.133301
vt1 0.940918 0.151855
vt1 0.951660 0.152832
vt1 0.877441 0.139160
vt1 0.919434 0.145020
vt1 0.939453 0.141113
vt1 0.950195 0.143066
vt1 0.902832 0.138672
vt1 0.943359 0.136230
vt1 0.949219 0.134766
vt1 0.929688 0.137695
vt1 0.940430 0.131836
vt1 0.911621 0.134766
vt1 0.864746 0.134277
vt1 0.874512 0.133789
vt1 0.911621 0.132324
vt1 0.843750 0.131348
vt1 0.842773 0.128906
vt1 0.877930 0.130859
vt1 0.828613 0.126953
vt1 0.810547 0.124023
vt1 0.839355 0.127441
vt1 0.813965 0.123047
vt1 0.801758 0.120605
vt1 0.811035 0.120117
vt1 0.851562 0.118652
vt1 0.791016 0.120117
vt1 0.802734 0.118652
vt1 0.791016 0.104492
vt1 0.720215 0.106934
vt1 0.793945 0.117188
vt1 0.688477 0.095703
vt1 0.783203 0.109375
vt1 0.740234 0.108398
vt1 0.783203 0.116699
vt1 0.766113 0.110840
vt1 0.752441 0.102539
vt1 0.740723 0.105469
vt1 0.687500 0.088867
vt1 0.721680 0.089355
vt1 0.681152 0.090332
vt1 0.749023 0.085449
vt1 0.703125 0.080078
vt1 0.791016 0.092285
vt1 0.764648 0.082031
vt1 0.807129 0.103027
vt1 0.805664 0.090332
vt1 0.851074 0.111328
vt1 0.865234 0.114258
vt1 0.808594 0.085938
vt1 0.881348 0.125488
vt1 0.927246 0.132812
vt1 0.897949 0.121582
vt1 0.920410 0.124023
vt1 0.941406 0.129883
vt1 0.948242 0.130859
vt1 0.873535 0.110840
vt1 0.929688 0.124023
vt1 0.949707 0.121094
vt1 0.917969 0.122070
vt1 0.856934 0.097656
vt1 0.911621 0.116211
vt1 0.851562 0.097656
vt1 0.875000 0.102539
vt1 0.830078 0.090820
vt1 0.857910 0.095703
vt1 0.844727 0.092773
vt1 0.806641 0.083496
vt1 0.829102 0.087402
vt1 0.849121 0.090820
vt1 0.866699 0.096680
vt1 0.835938 0.083984
vt1 0.894043 0.105957
vt1 0.870605 0.092285
vt1 0.920410 0.114746
vt1 0.923828 0.111816
vt1 0.949707 0.111816
vt1 0.918945 0.108398
vt1 0.890625 0.099609
vt1 0.930664 0.105469
vt1 0.933105 0.103516
vt1 0.950195 0.104492
vt1 0.922852 0.100586
vt1 0.892090 0.090820
vt1 0.929688 0.097656
vt1 0.934082 0.094727
vt1 0.950195 0.093262
vt1 0.885254 0.087402
vt1 0.916992 0.088867
vt1 0.950684 0.088379
vt1 0.875000 0.084473
vt1 0.903320 0.080078
vt1 0.835449 0.080566
vt1 0.939453 0.082031
vt1 0.854980 0.080078
vt1 0.812012 0.081543
vt1 0.807617 0.075195
vt1 0.902832 0.074219
vt1 0.860840 0.074707
vt1 0.916992 0.072754
vt1 0.939941 0.079102
vt1 0.951660 0.079590
vt1 0.887695 0.070312
vt1 0.924805 0.072754
vt1 0.900391 0.065918
vt1 0.933105 0.071777
vt1 0.938477 0.070312
vt1 0.952148 0.073730
vt1 0.912109 0.064941
vt1 0.934082 0.063477
vt1 0.910645 0.056641
vt1 0.883789 0.054199
vt1 0.920898 0.055176
vt1 0.936523 0.059570
vt1 0.952148 0.063965
vt1 0.892090 0.050293
vt1 0.943848 0.058105
vt1 0.953125 0.055176
vt1 0.925781 0.052734
vt1 0.945312 0.054688
vt1 0.880859 0.044922
vt1 0.858887 0.045410
vt1 0.935059 0.044434
vt1 0.854492 0.047363
vt1 0.943359 0.045898
vt1 0.955078 0.050293
vt1 0.864258 0.056641
vt1 0.921387 0.031738
vt1 0.957520 0.045898
vt1 0.959473 0.042969
vt1 0.918457 0.033691
vt1 0.903320 0.022461
vt1 0.945801 0.030762
vt1 0.922363 0.020996
vt1 0.887695 0.014648
vt1 0.865234 0.018066
vt1 0.826172 0.012207
vt1 0.901367 0.032227
vt1 0.845703 0.018066
vt1 0.808105 0.010254
vt1 0.872070 0.022949
vt1 0.800293 0.011230
vt1 0.784668 0.007812
vt1 0.721680 0.004883
vt1 0.829590 0.019531
vt1 0.863281 0.026367
vt1 0.920898 0.044922
vt1 0.857910 0.041016
vt1 0.813965 0.023438
vt1 0.858398 0.043457
vt1 0.830566 0.039062
vt1 0.794922 0.014160
vt1 0.804688 0.032227
vt1 0.820801 0.040039
vt1 0.743652 0.015625
vt1 0.802246 0.034668
vt1 0.692383 0.011719
vt1 0.676758 0.006348
vt1 0.673828 0.017090
vt1 0.727051 0.020508
vt1 0.754883 0.028320
vt1 0.673340 0.020996
vt1 0.783691 0.034668
vt1 0.744141 0.030762
vt1 0.682617 0.026855
vt1 0.671387 0.028320
vt1 0.772949 0.035645
vt1 0.680176 0.031738
vt1 0.737305 0.034180
vt1 0.670898 0.032227
vt1 0.796387 0.040039
vt1 0.743652 0.038086
vt1 0.820801 0.041504
vt1 0.820801 0.042969
vt1 0.803711 0.043457
vt1 0.833496 0.046387
vt1 0.768555 0.045898
vt1 0.800293 0.050781
vt1 0.863281 0.065430
vt1 0.826660 0.054688
vt1 0.798340 0.058594
vt1 0.761230 0.055664
vt1 0.867188 0.070801
vt1 0.818848 0.063965
vt1 0.828613 0.070801
vt1 0.792480 0.065918
vt1 0.782715 0.068359
vt1 0.737793 0.052246
vt1 0.779297 0.074219
vt1 0.729980 0.057617
vt1 0.740723 0.065918
vt1 0.776367 0.076172
vt1 0.706543 0.064941
vt1 0.701172 0.062500
vt1 0.740234 0.041992
vt1 0.708496 0.045898
vt1 0.690430 0.037598
vt1 0.686035 0.043945
vt1 0.691895 0.062500
vt1 0.685547 0.059570
vt1 0.664551 0.056641
vt1 0.682617 0.061523
vt1 0.664062 0.058594
vt1 0.683105 0.062988
vt1 0.694336 0.065430
vt1 0.683594 0.064941
vt1 0.663574 0.060547
vt1 0.768555 0.080078
vt1 0.703613 0.070801
vt1 0.672852 0.070312
vt1 0.662109 0.075684
vt1 0.683594 0.077637
vt1 0.669434 0.082520
vt1 0.666016 0.090332
vt1 0.658691 0.086914
vt1 0.669434 0.091797
vt1 0.612305 0.141113
vt1 0.619629 0.144531
vt1 0.609375 0.148926
vt1 0.597168 0.141113
vt1 0.589355 0.157715
vt1 0.590332 0.142578
vt1 0.575195 0.151367
vt1 0.532715 0.143555
vt1 0.556641 0.142090
vt1 0.493896 0.120117
vt1 0.508789 0.120117
vt1 0.587891 0.136230
vt1 0.486084 0.114746
vt1 0.607422 0.138184
vt1 0.475830 0.112305
vt1 0.580566 0.128418
vt1 0.562500 0.127441
vt1 0.535156 0.117188
vt1 0.485352 0.110840
vt1 0.523438 0.120605
vt1 0.498779 0.115723
vt1 0.476562 0.110840
vt1 0.468018 0.109375
vt1 0.467041 0.111328
vt1 0.439697 0.104492
vt1 0.350098 0.023926
vt1 0.321777 0.029297
vt1 0.313232 0.038086
vt1 0.356201 0.035156
vt1 0.316895 0.042969
vt1 0.407959 0.038574
vt1 0.434082 0.047363
vt1 0.349854 0.039551
vt1 0.318604 0.045898
vt1 0.388672 0.040039
vt1 0.414307 0.045410
vt1 0.366699 0.041992
vt1 0.320801 0.050293
vt1 0.362793 0.047363
vt1 0.346191 0.049805
vt1 0.322510 0.054199
vt1 0.342041 0.051270
vt1 0.324951 0.059082
vt1 0.341797 0.057617
vt1 0.339600 0.062012
vt1 0.325684 0.063965
vt1 0.348389 0.065918
vt1 0.343750 0.068848
vt1 0.368652 0.071289
vt1 0.879395 0.304688
vt1 0.915527 0.312012
vt1 0.879883 0.310059
vt1 0.893555 0.318848
vt1 0.926758 0.323242
vt1 0.861816 0.317871
vt1 0.910156 0.324707
vt1 0.926270 0.334961
vt1 0.846680 0.322754
vt1 0.868164 0.320801
vt1 0.905762 0.327637
vt1 0.899414 0.330566
vt1 0.909180 0.333984
vt1 0.926270 0.342285
vt1 0.842773 0.326660
vt1 0.866699 0.329590
vt1 0.906738 0.335449
vt1 0.895508 0.338379
vt1 0.899902 0.342285
vt1 0.925781 0.351562
vt1 0.870117 0.335938
vt1 0.896484 0.344727
vt1 0.851074 0.332520
vt1 0.887695 0.346191
vt1 0.906250 0.354004
vt1 0.924805 0.361328
vt1 0.894043 0.352051
vt1 0.850098 0.340820
vt1 0.939941 0.204590
vt1 0.958008 0.201660
vt1 0.965332 0.193359
vt1 0.961426 0.188477
vt1 0.870605 0.192871
vt1 0.923340 0.195801
vt1 0.844238 0.184082
vt1 0.928711 0.191895
vt1 0.959961 0.185547
vt1 0.889648 0.191406
vt1 0.864258 0.186035
vt1 0.911621 0.189453
vt1 0.957520 0.181152
vt1 0.932129 0.181641
vt1 0.279053 0.426270
vt1 0.288330 0.419434
vt1 0.249023 0.436035
vt1 0.243774 0.432617
vt1 0.280762 0.417969
vt1 0.286133 0.411621
vt1 0.247803 0.428223
vt1 0.260498 0.423828
vt1 0.256836 0.422363
vt1 0.285400 0.408691
vt1 0.231812 0.426758
vt1 0.261719 0.417969
vt1 0.250000 0.415527
vt1 0.275146 0.409180
vt1 0.273438 0.406250
vt1 0.284424 0.401855
vt1 0.250732 0.410156
vt1 0.270752 0.399902
vt1 0.283447 0.393066
vt1 0.235718 0.404297
vt1 0.193848 0.412109
vt1 0.270996 0.396484
vt1 0.197144 0.406738
vt1 0.247437 0.397949
vt1 0.259766 0.393066
vt1 0.228149 0.398926
vt1 0.198608 0.403809
vt1 0.215942 0.398438
vt1 0.197266 0.402344
vt1 0.571289 0.560547
vt1 0.557129 0.559570
vt1 0.584473 0.552002
vt1 0.582520 0.548584
vt1 0.593750 0.544678
vt1 0.560059 0.552979
vt1 0.580078 0.542480
vt1 0.592773 0.535645
vt1 0.544922 0.546875
vt1 0.580078 0.539307
vt1 0.556641 0.540771
vt1 0.569336 0.535889
vt1 0.537598 0.541748
vt1 0.507812 0.546631
vt1 0.525391 0.541260
vt1 0.506836 0.544922
vn -0.086614 -0.015748 -1.000000
vn 0.102362 0.047244 -0.992126
vn 0.740157 0.133858 -0.653543
vn -0.771654 -0.086614 -0.629921
vn -0.685039 -0.078740 -0.724409
vn -0.818898 -0.141732 -0.551181
vn -0.929134 -0.110236 -0.362205
vn -0.818898 -0.086614 -0.574803
vn -0.984252 -0.094488 -0.149606
vn -0.984252 -0.118110 0.157480
vn -0.960630 -0.062992 -0.267716
vn -0.834646 0.007874 -0.551181
vn -0.669291 -0.007874 -0.740157
vn -0.700787 -0.007874 -0.716535
vn -0.472441 0.055118 -0.881890
vn 0.204724 0.023622 -0.976378
vn -0.795276 -0.181102 -0.582677
vn -0.842520 -0.157480 -0.511811
vn -0.866142 -0.196850 -0.456693
vn 0.401575 0.023622 -0.913386
vn 0.866142 0.015748 -0.496063
vn -0.606299 -0.291339 -0.740157
vn 0.960630 0.015748 -0.267716
vn 0.992126 -0.015748 0.118110
vn -0.393701 -0.125984 -0.913386
vn 0.937008 0.000000 0.354331
vn 0.874016 0.000000 0.480315
vn -0.480315 -0.047244 -0.874016
vn -0.125984 -0.307087 -0.944882
vn -0.007874 0.015748 -1.000000
vn -0.307087 -0.322835 -0.897638
vn 0.535433 0.062992 -0.842520
vn 0.110236 -0.244095 -0.960630
vn 0.992126 0.086614 -0.031496
vn 0.866142 0.007874 -0.496063
vn 0.622047 0.039370 0.787401
vn 0.866142 0.212598 0.456693
vn 0.724409 0.047244 0.685039
vn 0.755906 0.220472 0.622047
vn 0.401575 0.220473 0.889764
vn 0.787402 0.149606 0.598425
vn 0.992126 0.141732 0.039370
vn 0.464567 0.047244 0.881890
vn 0.614173 0.047244 0.787401
vn 0.905512 0.086614 0.409449
vn -0.007874 0.118110 0.992126
vn 0.425197 0.102362 0.897638
vn 0.716535 0.086614 0.692913
vn 0.267717 0.196850 0.944882
vn 0.976378 0.055118 -0.188976
vn 0.716535 0.007874 -0.692913
vn 0.685039 0.188976 0.700787
vn 0.952756 0.094488 0.283465
vn 0.496063 0.251969 0.834646
vn 0.716535 -0.031496 -0.692913
vn 0.921260 0.173228 0.338583
vn 0.094488 -0.078740 -0.992126
vn -0.496063 -0.118110 -0.858268
vn 0.937008 0.023622 -0.338583
vn -0.188976 -0.133858 -0.976378
vn 0.417323 -0.110236 -0.905512
vn 0.968504 -0.007874 0.244094
vn -0.141732 -0.220473 -0.968504
vn 0.795276 0.102362 0.590551
vn 0.590551 -0.251969 -0.771653
vn 0.889764 -0.157480 -0.433071
vn 0.653543 -0.448819 -0.614173
vn 0.850394 -0.110236 0.519685
vn 0.385827 -0.425197 -0.818897
vn 0.897638 -0.291339 -0.322835
vn 0.173228 -0.527559 -0.826771
vn 0.283465 -0.330709 -0.897638
vn -0.661417 -0.149606 -0.732283
vn -0.834646 -0.204724 -0.511811
vn -0.740157 -0.157480 -0.653543
vn -0.992126 0.062992 -0.078740
vn -0.645669 -0.133858 -0.748031
vn -0.897638 -0.125984 -0.425197
vn -0.889764 -0.102362 -0.440945
vn -0.976378 -0.086614 -0.212598
vn -0.779528 -0.118110 -0.614173
vn -0.976378 -0.062992 -0.212598
vn -0.937008 -0.070866 -0.346457
vn -0.889764 -0.055118 -0.448819
vn -0.874016 -0.015748 -0.480315
vn -0.598425 -0.055118 -0.803149
vn -0.685039 -0.000000 -0.724409
vn -0.094488 -0.047244 -0.992126
vn -0.629921 -0.086614 -0.771653
vn -0.322835 -0.023622 -0.944882
vn -0.685039 -0.188976 -0.700787
vn -0.401575 -0.212599 -0.889764
vn -0.944882 -0.102362 -0.299213
vn -0.992126 0.070866 0.078740
vn -0.685039 -0.094488 -0.716535
vn -0.078740 0.417323 -0.905512
vn -0.377953 -0.244095 -0.889764
vn 0.110236 -0.047244 -0.992126
vn 0.905512 0.417323 -0.062992
vn 0.047244 -0.220473 -0.976378
vn -0.149606 -0.181102 -0.968504
vn 0.574803 -0.094488 -0.811023
vn 0.732283 0.023622 -0.677165
vn 0.771654 0.267716 -0.574803
vn 0.881890 0.362205 -0.299213
vn 0.622047 0.251968 -0.748031
vn 0.913386 0.244095 0.322835
vn 0.708661 0.354331 0.614173
vn 0.976378 0.055118 -0.204724
vn 0.102362 0.125984 0.984252
vn 0.700787 0.157480 0.700787
vn 0.944882 0.031496 -0.330709
vn 0.165354 0.031496 -0.984252
vn 0.929134 0.070866 -0.362205
vn 0.488189 -0.015748 -0.874016
vn 0.606299 -0.007874 -0.795275
vn 0.692913 0.133858 0.708661
vn 0.937008 -0.000000 -0.346457
vn 0.984252 0.015748 -0.165354
vn 0.732283 0.039370 0.677165
vn 0.259843 0.102362 0.960630
vn 0.984252 0.031496 0.165354
vn 0.866142 0.023622 0.503937
vn 0.763780 -0.015748 0.645669
vn 0.354331 0.062992 0.929134
vn 0.480315 0.047244 0.874016
vn 0.291339 -0.299212 0.905512
vn -0.070866 0.102362 0.992126
vn 0.409449 0.110236 0.905512
vn -0.299213 0.102362 0.952756
vn 0.133858 0.133858 0.984252
vn -0.228346 0.078740 0.968504
vn 0.448819 0.015748 0.889764
vn 0.944882 -0.330709 -0.031496
vn 0.401575 0.165354 0.897638
vn 0.503937 0.149606 0.850394
vn 0.653543 0.055118 0.755905
vn 0.582677 -0.283464 0.763779
vn 0.866142 0.118110 0.488189
vn 0.897638 0.070866 0.433071
vn 0.921260 0.086614 0.377953
vn 0.976378 0.220472 -0.039370
vn 1.000000 0.039370 -0.031496
vn 0.889764 0.086614 -0.448819
vn 0.992126 0.070866 -0.078740
vn 0.488189 0.078740 -0.866142
vn 0.944882 -0.118110 -0.299213
vn 0.944882 -0.070866 -0.322835
vn 0.251969 -0.125984 -0.960630
vn 0.362205 -0.165354 -0.921260
vn 0.732283 -0.275591 -0.622047
vn 0.976378 -0.165354 0.133858
vn 0.275591 -0.574803 -0.771653
vn 0.748031 -0.031496 -0.661417
vn 0.692913 -0.181102 -0.692913
vn 0.937008 -0.165354 -0.299213
vn 0.031496 -0.220473 -0.976378
vn -0.850394 -0.165354 -0.496063
vn -0.377953 -0.102362 -0.921260
vn 0.188976 -0.102362 -0.976378
vn 0.448819 -0.023622 -0.889764
vn -0.251969 -0.078740 -0.968504
vn 0.314961 0.023622 -0.952756
vn -0.440945 -0.102362 -0.889764
vn -0.803150 -0.307087 -0.511811
vn -0.834646 -0.110236 -0.535433
vn -0.629921 -0.015748 -0.771653
vn -0.732283 -0.094488 -0.669291
vn -0.653543 -0.102362 -0.748031
vn 0.173228 -0.031496 -0.984252
vn 0.881890 0.086614 -0.456693
vn -0.866142 -0.181102 -0.464567
vn -0.826772 -0.094488 -0.559055
vn -0.559055 -0.094488 -0.818897
vn -0.842520 -0.039370 -0.527559
vn -0.716535 -0.070866 -0.692913
vn -0.755906 -0.102362 -0.645669
vn -0.629921 -0.047244 -0.771653
vn -0.803150 -0.133858 -0.582677
vn -0.850394 -0.055118 -0.519685
vn -0.937008 -0.070866 -0.338583
vn -1.000000 0.023622 -0.023622
vn -0.464567 0.149606 -0.874016
vn -0.795276 -0.102362 -0.598425
vn 0.889764 0.283464 -0.354331
vn -0.511811 -0.141732 -0.850394
vn -0.236220 -0.133858 -0.960630
vn 0.307087 0.086614 -0.944882
vn 0.047244 -0.149606 -0.984252
vn 0.385827 -0.062992 -0.921260
vn 0.929134 0.196850 -0.314961
vn -0.055118 -0.023622 -1.000000
vn 0.535433 -0.031496 -0.842520
vn -0.275591 -0.015748 -0.960630
vn 0.385827 0.007874 -0.921260
vn 0.236220 -0.039370 -0.968504
vn 0.700787 0.023622 -0.708661
vn 0.905512 -0.007874 -0.433071
vn 1.000000 0.039370 -0.031496
vn 0.944882 0.055118 0.330709
vn 0.598425 -0.086614 0.795275
vn 0.929134 0.055118 0.370079
vn 0.669291 0.023622 0.748031
vn 0.905512 0.062992 -0.417323
vn 0.685039 0.070866 0.724409
vn 0.535433 0.086614 0.842520
vn 0.850394 -0.015748 -0.527559
vn 0.960630 0.094488 0.259842
vn 0.803150 0.220472 -0.551181
vn 0.968504 0.220472 -0.141732
vn 0.795276 0.267716 -0.551181
vn 0.700787 0.141732 -0.700787
vn 0.133858 -0.007874 -0.992126
vn 0.629921 0.338583 -0.692913
vn 0.795276 0.275591 0.543307
vn 0.881890 -0.472441 0.047244
vn 0.480315 0.094488 0.874016
vn 0.496063 -0.094488 0.858268
vn -0.196850 0.062992 0.976378
vn 0.157480 0.078740 0.984252
vn -0.086614 0.070866 0.992126
vn 0.094488 0.078740 0.992126
vn 0.062992 0.086614 0.992126
vn 0.244094 0.078740 0.968504
vn 0.330709 0.118110 0.937008
vn 0.700787 0.070866 0.708661
vn 0.968504 -0.196850 -0.165354
vn 0.023622 -0.196850 -0.976378
vn 0.236220 0.094488 0.968504
vn 0.472441 -0.165354 -0.866142
vn 0.362205 0.023622 0.929134
vn 0.566929 -0.133858 0.811023
vn 0.464567 0.094488 0.881890
vn 0.622047 0.094488 0.779527
vn 0.732283 0.393701 0.551181
vn 0.795276 0.078740 0.598425
vn 0.866142 0.078740 0.496063
vn 0.897638 0.251969 0.354331
vn 0.897638 0.385827 0.204724
vn 0.952756 0.141732 -0.259843
vn 0.503937 -0.102362 -0.858268
vn 0.913386 0.055118 -0.401575
vn 1.000000 0.031496 0.055118
vn 0.984252 0.015748 0.188976
vn 0.606299 -0.023622 -0.795275
vn 0.944882 -0.173228 -0.283464
vn 0.944882 -0.000000 -0.330709
vn 0.897638 -0.157480 -0.409449
vn 0.637795 -0.307087 -0.700787
vn 0.874016 -0.291339 -0.377953
vn 0.968504 -0.125984 0.204724
vn 0.724409 -0.314961 -0.614173
vn 0.062992 -0.464567 -0.881890
vn 0.874016 -0.212598 -0.448819
vn 0.771654 -0.062992 -0.629921
vn 0.448819 -0.125984 -0.881890
vn 0.527559 -0.047244 -0.850394
vn -0.157480 -0.149606 -0.976378
vn 0.023622 -0.047244 -1.000000
vn -0.039370 -0.070866 -1.000000
vn -0.385827 -0.307087 -0.866142
vn -0.551181 -0.055118 -0.834646
vn -0.834646 -0.141732 -0.535433
vn -0.850394 0.070866 -0.519685
vn -0.921260 -0.015748 -0.393701
vn -0.622047 -0.055118 -0.779527
vn -0.992126 0.094488 0.031496
vn -0.921260 -0.047244 -0.393701
vn -1.000000 0.039370 0.055118
vn -0.992126 -0.023622 0.102362
vn -0.976378 -0.000000 -0.204724
vn -0.850394 -0.078740 -0.519685
vn -0.937008 -0.165354 -0.314961
vn -0.464567 -0.055118 -0.881890
vn -0.732283 -0.007874 -0.677165
vn -0.708661 -0.181102 -0.677165
vn -0.755906 -0.425197 -0.503937
vn -0.748031 -0.039370 -0.661417
vn -0.700787 -0.330709 -0.629921
vn -0.527559 -0.440945 -0.724409
vn -0.748031 -0.078740 -0.653543
vn -0.181102 -0.204724 -0.960630
vn -0.582677 -0.118110 -0.803149
vn -0.401575 -0.047244 -0.913386
vn -0.755906 -0.086614 -0.653543
vn 0.299213 -0.062992 -0.952756
vn 0.803150 -0.110236 -0.582677
vn -0.551181 -0.133858 -0.826772
vn -0.385827 -0.047244 -0.921260
vn 0.181102 0.007874 -0.984252
vn -0.031496 -0.031496 -1.000000
vn -0.566929 0.015748 -0.826772
vn -0.141732 -0.047244 -0.992126
vn 0.181102 0.078740 -0.976378
vn 1.000000 -0.023622 -0.062992
vn 0.590551 -0.015748 -0.811023
vn 0.929134 -0.125984 -0.354331
vn 0.881890 0.007874 -0.472441
vn 0.299213 0.031496 -0.952756
vn -0.149606 -0.118110 -0.984252
vn 0.236220 0.173228 -0.952756
vn -0.582677 -0.110236 -0.811023
vn 0.244094 0.062992 -0.968504
vn -0.165354 0.157480 -0.976378
vn -0.338583 -0.023622 -0.944882
vn 0.133858 0.322834 -0.937008
vn 0.125984 -0.015748 -0.992126
vn 0.771654 0.307087 -0.559055
vn 0.905512 0.385827 -0.173228
vn 0.842520 0.181102 -0.511811
vn 0.669291 -0.102362 -0.732283
vn 0.448819 0.023622 -0.897638
vn 0.937008 0.275590 -0.212598
vn 0.645669 0.204724 -0.732283
vn 0.984252 0.007874 -0.173228
vn 0.716535 0.047244 -0.692913
vn 0.937008 0.291339 -0.204724
vn 0.606299 0.307087 0.732283
vn 0.850394 0.133858 0.511811
vn 0.976378 0.086614 0.196850
vn 0.653543 0.102362 -0.755905
vn 0.952756 0.086614 -0.283465
vn 0.708661 0.015748 -0.708661
vn 0.944882 0.015748 0.322835
vn 0.881890 0.007874 -0.472441
vn 0.960630 0.023622 -0.267716
vn 0.763780 0.039370 0.645669
vn 0.937008 0.015748 0.354331
vn 0.582677 0.370079 0.724409
vn 0.606299 0.031496 0.795275
vn 0.464567 0.015748 0.889764
vn 0.283465 0.118110 0.952756
vn 0.141732 -0.007874 0.992126
vn -0.228346 0.031496 0.976378
vn -0.433071 -0.047244 0.897638
vn -0.551181 0.007874 0.834646
vn -0.456693 0.047244 0.889764
vn -0.283465 -0.007874 0.960630
vn 0.157480 0.023622 0.984252
vn -0.055118 0.047244 1.000000
vn 0.401575 -0.055118 0.913386
vn 0.425197 0.023622 0.905512
vn 0.393701 0.055118 0.921260
vn 0.582677 0.291339 0.755905
vn 0.559055 0.614173 0.559055
vn 0.716535 0.393701 0.574803
vn 0.133858 0.062992 0.992126
vn 0.748031 0.078740 0.661417
vn 0.196850 -0.039370 0.984252
vn 0.519685 0.070866 0.850394
vn 0.543307 0.039370 0.842520
vn 0.866142 -0.188976 0.456693
vn 0.803150 -0.503937 -0.307087
vn 0.858268 0.031496 0.519685
vn 0.874016 -0.204724 -0.440945
vn 0.086614 -0.181102 -0.976378
vn 0.921260 -0.094488 -0.370079
vn 0.275591 -0.055118 -0.960630
vn -0.456693 -0.039370 -0.889764
vn 0.299213 -0.039370 -0.952756
vn -0.031496 -0.039370 -1.000000
vn 0.850394 -0.062992 -0.527559
vn 0.960630 0.000000 0.267716
vn 0.377953 -0.118110 -0.921260
vn 0.779528 -0.251969 -0.574803
vn 0.740157 -0.330709 -0.582677
vn 0.913386 0.015748 0.409449
vn 0.976378 -0.181102 -0.141732
vn 0.976378 -0.031496 0.228346
vn 0.811024 -0.314961 -0.496063
vn 0.992126 -0.102362 -0.078740
vn 0.858268 -0.236221 -0.464567
vn 0.763780 -0.149606 -0.629921
vn 0.409449 -0.456693 -0.795275
vn 0.669291 -0.149606 -0.724409
vn -0.228346 -0.165354 -0.960630
vn -0.889764 -0.157480 -0.425197
vn -0.905512 0.110236 -0.409449
vn 0.220472 -0.047244 -0.976378
vn 0.598425 -0.078740 -0.795275
vn 0.795276 -0.078740 -0.606299
vn 0.834646 -0.062992 -0.551181
vn 0.992126 -0.031496 -0.133858
vn 0.629921 -0.078740 -0.771653
vn 0.984252 -0.039370 -0.173228
vn 0.921260 0.015748 0.385827
vn 0.976378 0.078740 0.204724
vn 0.771654 -0.023622 -0.637795
vn 0.763780 0.267717 0.590551
vn 0.417323 -0.299213 -0.858268
vn 0.307087 -0.062992 -0.952756
vn -0.236220 0.031496 -0.968504
vn -0.220472 -0.023622 -0.976378
vn -0.527559 -0.031496 -0.850394
vn -0.559055 0.039370 -0.826772
vn -0.582677 0.007874 -0.811023
vn -0.984252 -0.000000 -0.157480
vn -0.905512 -0.000000 -0.417323
vn -0.826772 0.055118 -0.559055
vn -0.984252 0.007874 0.181102
vn -1.000000 0.000000 0.007874
vn -0.960630 -0.007874 -0.275591
vn -0.984252 -0.055118 -0.165354
vn -0.921260 0.015748 -0.393701
vn -0.346457 0.102362 -0.929134
vn 0.417323 0.385827 -0.826772
vn -0.834646 -0.055118 -0.551181
vn -0.708661 -0.047244 -0.700787
vn -0.314961 -0.023622 -0.944882
vn 0.496063 0.102362 -0.858268
vn 0.992126 0.125984 -0.078740
vn 0.362205 0.244094 -0.897638
vn 0.346457 0.094488 -0.937008
vn 0.913386 0.094488 -0.401575
vn 0.700787 0.086614 -0.708661
vn 0.464567 0.228346 -0.850394
vn -0.141732 0.023622 -0.992126
vn 0.015748 -0.015748 -1.000000
vn 0.559055 0.015748 -0.826772
vn 0.503937 0.118110 -0.858268
vn -0.354331 -0.023622 -0.937008
vn 0.960630 0.283465 0.007874
vn -0.779528 -0.023622 -0.622047
vn 0.480315 0.110236 0.866142
vn 0.267717 -0.409449 -0.874016
vn -0.614173 -0.007874 -0.787401
vn -0.669291 0.086614 -0.740157
vn -0.566929 -0.141732 -0.811023
vn -0.519685 -0.433071 -0.740157
vn -0.338583 -0.102362 -0.937008
vn -0.448819 -0.354331 -0.818897
vn -0.401575 -0.637795 -0.661417
vn -0.181102 -0.236221 -0.952756
vn 0.236220 -0.196850 -0.952756
vn 0.582677 0.385827 -0.708661
vn 0.102362 -0.062992 -0.992126
vn 0.330709 -0.007874 -0.944882
vn 0.748031 -0.078740 -0.653543
vn 0.850394 0.062992 -0.519685
vn 0.952756 0.173228 -0.244094
vn 0.574803 0.047244 -0.818897
vn 0.889764 0.314961 0.322835
vn 0.834646 0.448819 0.314961
vn 0.905512 0.338583 0.259842
vn 0.826772 0.503937 0.244094
vn 1.000000 0.023622 -0.070866
vn 0.952756 0.039370 0.307087
vn 0.897638 0.078740 0.440945
vn 0.866142 -0.007874 -0.503937
vn 1.000000 -0.007874 0.007874
vn 0.858268 0.023622 -0.503937
vn 0.921260 0.070866 -0.385827
vn 0.897638 0.023622 0.440945
vn 0.755906 -0.031496 -0.653543
vn 0.826772 0.047244 0.559055
vn 0.992126 0.102362 0.094488
vn 0.740157 0.070866 0.669291
vn 0.472441 0.110236 0.874016
vn 0.929134 -0.007874 0.362205
vn 0.755906 0.031496 0.653543
vn 0.732283 0.062992 0.677165
vn 0.842520 0.118110 0.519685
vn 0.897638 0.055118 0.440945
vn 0.598425 0.086614 0.795275
vn 1.000000 -0.047244 -0.070866
vn 0.960630 -0.141732 -0.236220
vn 0.511811 0.141732 0.850394
vn 0.212598 0.086614 0.976378
vn 0.685039 0.055118 0.732283
vn 0.141732 0.062992 0.984252
vn 1.000000 -0.007874 -0.055118
vn 0.960630 -0.102362 -0.244094
vn 0.637795 -0.141732 -0.763779
vn 0.370079 -0.259843 -0.889764
vn -0.023622 -0.212599 -0.976378
vn -0.755906 -0.307087 -0.582677
vn -0.362205 -0.259843 -0.897638
vn -0.102362 0.047244 -0.992126
vn 0.086614 -0.015748 -1.000000
vn -0.740157 0.133858 -0.653543
vn 0.771654 -0.086614 -0.629921
vn 0.685039 -0.078740 -0.724409
vn 0.818898 -0.141732 -0.551181
vn 0.929134 -0.110236 -0.362205
vn 0.818898 -0.086614 -0.574803
vn 0.984252 -0.094488 -0.149606
vn 0.984252 -0.118110 0.157480
vn 0.960630 -0.062992 -0.267716
vn 0.834646 0.007874 -0.551181
vn 0.669291 -0.007874 -0.740157
vn 0.700787 -0.007874 -0.716535
vn 0.472441 0.055118 -0.881890
vn -0.204724 0.023622 -0.976378
vn 0.795276 -0.181102 -0.582677
vn 0.842520 -0.157480 -0.511811
vn 0.866142 -0.196850 -0.456693
vn -0.401575 0.023622 -0.913386
vn -0.866142 0.015748 -0.496063
vn 0.606299 -0.291339 -0.740157
vn -0.960630 0.015748 -0.267716
vn -0.992126 -0.015748 0.118110
vn 0.393701 -0.125984 -0.913386
vn -0.937008 0.000000 0.354331
vn -0.874016 0.000000 0.480315
vn 0.480315 -0.047244 -0.874016
vn -0.622047 0.039370 0.787401
vn 0.007874 0.015748 -1.000000
vn 0.307087 -0.322835 -0.897638
vn -0.535433 0.062992 -0.842520
vn -0.110236 -0.244095 -0.960630
vn -0.866142 0.007874 -0.496063
vn -0.992126 0.086614 -0.031496
vn 0.125984 -0.307087 -0.944882
vn 0.251969 -0.322835 -0.913386
vn 0.874016 -0.149606 -0.464567
vn -0.204724 -0.196850 -0.960630
vn 0.881890 -0.125984 -0.448819
vn 0.858268 -0.196850 -0.472441
vn 0.598425 -0.181102 -0.779527
vn 0.141732 -0.551181 -0.818897
vn -0.118110 -0.535433 -0.834646
vn 0.842520 -0.157480 -0.519685
vn 1.000000 -0.031496 0.062992
vn 0.440945 -0.118110 -0.889764
vn -0.440945 0.622047 -0.645669
vn -0.535433 0.055118 -0.842520
vn -0.598425 -0.141732 -0.787401
vn -0.779528 0.039370 -0.629921
vn -0.897638 0.433071 0.023622
vn -0.748031 0.157480 0.645669
vn -0.984252 0.188976 -0.031496
vn -0.866142 0.212598 0.456693
vn -0.614173 0.330709 0.716535
vn 0.346457 0.055118 0.937008
vn -0.401575 0.220473 0.889764
vn -0.937008 0.047244 0.354331
vn -0.748031 0.062992 -0.653543
vn -0.937008 0.133858 -0.314961
vn -0.968504 -0.039370 0.259842
vn -0.850394 -0.110236 0.519685
vn 0.118110 0.133858 0.984252
vn -0.362205 0.157480 0.921260
vn -0.535433 0.062992 0.842520
vn 0.440945 0.275591 0.858268
vn -0.968504 -0.007874 0.244094
vn 0.094488 0.251969 0.960630
vn 0.007874 0.267717 0.960630
vn 0.110236 0.330709 0.937008
vn -0.480315 0.212599 0.850394
vn -0.795276 0.102362 0.590551
vn -0.496063 0.251969 0.826771
vn 0.165354 0.236221 0.960630
vn 0.007874 0.118110 0.992126
vn -0.267717 0.196850 0.944882
vn -0.921260 0.173228 0.338583
vn -0.685039 0.188976 0.700787
vn -0.425197 0.102362 0.897638
vn -0.464567 0.047244 0.881890
vn -0.724409 0.047244 0.685039
vn -0.755906 0.220472 0.622047
vn -0.614173 0.047244 0.787401
vn -0.787402 0.149606 0.598425
vn -0.992126 0.141732 0.039370
vn -0.716535 0.086614 0.692913
vn -0.905512 0.086614 0.409449
vn -0.960630 0.094488 0.267716
vn -0.952756 0.023622 -0.299213
vn -0.921260 0.015748 -0.377953
vn -0.708661 0.007874 -0.700787
vn -0.669291 -0.031496 -0.748031
vn -0.362205 -0.094488 -0.929134
vn 0.062992 -0.086614 -0.992126
vn 0.629921 -0.149606 -0.763779
vn -0.220472 -0.181102 -0.960630
vn 0.716535 -0.110236 -0.692913
vn 0.401575 -0.133858 -0.905512
vn 0.937008 -0.078740 -0.330709
vn 0.944882 -0.094488 -0.307087
vn 0.952756 -0.070866 -0.299213
vn 0.811024 -0.125984 -0.574803
vn 0.889764 -0.062992 -0.456693
vn 0.866142 -0.007874 -0.503937
vn 0.606299 -0.055118 -0.795275
vn 0.685039 -0.000000 -0.732283
vn 0.086614 -0.047244 -0.992126
vn 0.629921 -0.086614 -0.771653
vn 0.314961 -0.023622 -0.944882
vn 0.692913 -0.188976 -0.692913
vn 0.401575 -0.212599 -0.889764
vn -0.165354 0.031496 -0.984252
vn 0.842520 -0.133858 -0.519685
vn -0.488189 -0.015748 -0.874016
vn -0.606299 -0.007874 -0.795275
vn 0.598425 -0.173228 -0.787401
vn -0.937008 -0.000000 -0.346457
vn -0.984252 0.015748 -0.165354
vn -0.929134 0.070866 -0.362205
vn -0.984252 0.031496 0.165354
vn -0.866142 0.023622 0.503937
vn -0.763780 -0.015748 0.645669
vn -0.732283 0.039370 0.677165
vn -0.480315 0.047244 0.874016
vn -0.291339 -0.299212 0.905512
vn -0.354331 0.062992 0.929134
vn -0.653543 0.055118 0.755905
vn -0.582677 -0.283464 0.763779
vn -0.409449 0.110236 0.905512
vn -0.921260 0.086614 0.377953
vn -0.976378 0.220472 -0.039370
vn -0.503937 0.149606 0.850394
vn -0.889764 0.086614 -0.448819
vn -0.488189 0.078740 -0.866142
vn -0.866142 0.118110 0.488189
vn -0.992126 0.070866 -0.078740
vn -0.133858 0.133858 0.984252
vn -0.401575 0.165354 0.897638
vn -1.000000 0.039370 -0.031496
vn 0.228346 0.078740 0.968504
vn -0.897638 0.070866 0.433071
vn 0.070866 0.102362 0.992126
vn -0.448819 0.015748 0.889764
vn 0.314961 0.086614 0.944882
vn -0.259843 0.102362 0.960630
vn -0.102362 0.125984 0.984252
vn -0.330709 0.133858 0.929134
vn -0.944882 -0.322835 -0.039370
vn -0.913386 0.251969 0.314961
vn -0.614173 0.244094 -0.748031
vn -0.944882 -0.118110 -0.299213
vn -0.251969 -0.125984 -0.960630
vn -0.362205 -0.165354 -0.921260
vn -0.944882 -0.070866 -0.322835
vn -0.732283 -0.275591 -0.622047
vn -0.976378 -0.165354 0.133858
vn -0.275591 -0.574803 -0.771653
vn -0.748031 -0.031496 -0.661417
vn -0.692913 -0.181102 -0.692913
vn -0.937008 -0.165354 -0.299213
vn -0.031496 -0.220473 -0.976378
vn 0.850394 -0.165354 -0.496063
vn 0.377953 -0.102362 -0.921260
vn -0.188976 -0.102362 -0.976378
vn -0.448819 -0.023622 -0.889764
vn 0.251969 -0.078740 -0.968504
vn -0.314961 0.023622 -0.952756
vn 0.440945 -0.102362 -0.889764
vn 0.803150 -0.307087 -0.511811
vn 0.834646 -0.110236 -0.535433
vn 0.629921 -0.015748 -0.771653
vn 0.732283 -0.094488 -0.669291
vn 0.653543 -0.102362 -0.748031
vn -0.173228 -0.031496 -0.984252
vn -0.881890 0.086614 -0.456693
vn 0.866142 -0.181102 -0.464567
vn 0.559055 -0.094488 -0.818897
vn 0.826772 -0.094488 -0.559055
vn 0.842520 -0.039370 -0.527559
vn 0.716535 -0.070866 -0.692913
vn 0.755906 -0.102362 -0.645669
vn 0.629921 -0.047244 -0.771653
vn 0.803150 -0.133858 -0.582677
vn 0.850394 -0.055118 -0.519685
vn 0.937008 -0.070866 -0.338583
vn 1.000000 0.023622 -0.023622
vn 0.464567 0.149606 -0.874016
vn 0.795276 -0.102362 -0.598425
vn -0.889764 0.283464 -0.354331
vn 0.511811 -0.141732 -0.850394
vn 0.236220 -0.133858 -0.960630
vn -0.307087 0.086614 -0.944882
vn -0.047244 -0.149606 -0.984252
vn -0.385827 -0.062992 -0.921260
vn -0.929134 0.196850 -0.314961
vn 0.055118 -0.023622 -1.000000
vn -0.535433 -0.031496 -0.842520
vn 0.275591 -0.015748 -0.960630
vn -0.385827 0.007874 -0.921260
vn -0.236220 -0.039370 -0.968504
vn -0.700787 0.023622 -0.708661
vn -0.905512 -0.007874 -0.433071
vn -1.000000 0.039370 -0.031496
vn -0.944882 0.055118 0.330709
vn -0.598425 -0.086614 0.795275
vn -0.929134 0.055118 0.370079
vn -0.669291 0.023622 0.748031
vn -0.905512 0.062992 -0.417323
vn -0.685039 0.070866 0.724409
vn -0.535433 0.086614 0.842520
vn -0.362205 0.023622 0.929134
vn -0.566929 -0.133858 0.811023
vn -0.244094 0.078740 0.968504
vn -0.622047 0.094488 0.779527
vn -0.732283 0.393701 0.551181
vn -0.236220 0.094488 0.968504
vn -0.897638 0.251969 0.354331
vn -0.897638 0.385827 0.204724
vn -0.464567 0.094488 0.881890
vn -0.952756 0.141732 -0.259843
vn -0.503937 -0.102362 -0.858268
vn -0.866142 0.078740 0.496063
vn -0.913386 0.055118 -0.401575
vn -0.078740 -0.070866 -0.992126
vn 0.385827 -0.307087 -0.866142
vn -1.000000 0.031496 0.055118
vn -0.795276 0.078740 0.598425
vn -0.330709 0.118110 0.937008
vn -0.614173 -0.023622 -0.787401
vn -0.062992 0.086614 0.992126
vn -0.157480 0.078740 0.984252
vn -0.094488 0.078740 0.992126
vn 0.086614 0.070866 0.992126
vn -0.480315 0.094488 0.874016
vn -0.700787 0.070866 0.708661
vn 0.196850 0.062992 0.976378
vn -0.496063 -0.094488 0.858268
vn -0.795276 0.275591 0.543307
vn -0.960630 0.094488 0.259842
vn -0.968504 0.220472 -0.141732
vn -0.850394 -0.015748 -0.527559
vn -0.803150 0.220472 -0.551181
vn -0.700787 0.141732 -0.700787
vn -0.795276 0.267716 -0.551181
vn -0.133858 -0.007874 -0.992126
vn -0.629921 0.338583 -0.692913
vn -0.881890 -0.472441 0.047244
vn -0.968504 -0.196850 -0.165354
vn -0.023622 -0.196850 -0.976378
vn -0.984252 0.015748 0.188976
vn -0.472441 -0.165354 -0.866142
vn -0.944882 -0.000000 -0.330709
vn -0.944882 -0.173228 -0.283464
vn -0.637795 -0.307087 -0.700787
vn -0.874016 -0.291339 -0.377953
vn -0.897638 -0.157480 -0.409449
vn -0.968504 -0.125984 0.204724
vn -0.724409 -0.314961 -0.614173
vn -0.055118 -0.464567 -0.881890
vn -0.874016 -0.212598 -0.448819
vn -0.771654 -0.062992 -0.629921
vn -0.448819 -0.125984 -0.881890
vn -0.527559 -0.047244 -0.842520
vn 0.157480 -0.149606 -0.976378
vn -0.031496 -0.047244 -1.000000
vn 0.834646 -0.141732 -0.535433
vn 0.850394 0.078740 -0.519685
vn 0.503937 -0.055118 -0.858268
vn 0.921260 -0.015748 -0.393701
vn 0.511811 -0.055118 -0.858268
vn 0.992126 0.094488 0.015748
vn 0.905512 -0.055118 -0.425197
vn 1.000000 0.039370 0.055118
vn 0.984252 0.031496 0.165354
vn 0.992126 -0.086614 -0.086614
vn 0.976378 -0.023622 -0.228346
vn 0.858268 -0.078740 -0.511811
vn 0.874016 -0.165354 -0.456693
vn 0.472441 -0.023622 -0.881890
vn -0.157480 0.086614 -0.984252
vn -0.992126 -0.015748 -0.118110
vn 0.496063 -0.118110 -0.858268
vn -0.346457 0.031496 -0.937008
vn 0.779528 -0.094488 -0.614173
vn -0.913386 -0.133858 -0.385827
vn -0.015748 -0.015748 -1.000000
vn -0.535433 0.181102 -0.826772
vn -0.960630 -0.015748 -0.267716
vn -0.275591 0.023622 -0.960630
vn 0.149606 -0.118110 -0.984252
vn -0.157480 0.118110 -0.976378
vn 0.582677 -0.110236 -0.811023
vn 0.228346 0.125984 -0.968504
vn 0.141732 0.118110 -0.984252
vn 0.165354 -0.007874 -0.984252
vn 0.015748 -0.023622 -1.000000
vn -0.385827 0.023622 -0.921260
vn 0.299213 -0.023622 -0.952756
vn -0.307087 0.007874 -0.952756
vn -0.779528 0.307087 -0.551181
vn -0.905512 0.385827 -0.173228
vn -0.842520 0.181102 -0.511811
vn -0.669291 -0.102362 -0.732283
vn -0.937008 0.275590 -0.212598
vn -0.645669 0.204724 -0.732283
vn -0.984252 0.007874 -0.173228
vn -0.937008 0.291339 -0.204724
vn -0.606299 0.307087 0.732283
vn -0.850394 0.133858 0.511811
vn -0.716535 0.047244 -0.692913
vn -0.976378 0.086614 0.196850
vn -0.283465 0.118110 0.952756
vn -0.952756 0.086614 -0.283465
vn -0.606299 0.031496 0.795275
vn -0.944882 0.015748 0.322835
vn -0.669291 0.062992 -0.740157
vn -0.960630 0.023622 -0.267716
vn -0.937008 0.015748 0.354331
vn -0.881890 0.007874 -0.472441
vn -0.291339 0.007874 -0.952756
vn -0.511811 -0.047244 -0.858268
vn 0.102362 -0.055118 -0.992126
vn -0.803150 -0.110236 -0.582677
vn 0.173228 -0.204724 -0.960630
vn -0.763780 0.039370 0.645669
vn -0.582677 0.370079 0.724409
vn 0.574803 -0.086614 -0.811023
vn 0.700787 -0.330709 -0.629921
vn 0.527559 -0.440945 -0.724409
vn 0.755906 -0.425197 -0.503937
vn 0.685039 -0.047244 -0.724409
vn 0.748031 -0.078740 -0.661417
vn 0.708661 -0.181102 -0.685039
vn 0.795276 -0.007874 -0.606299
vn 0.480315 -0.055118 -0.874016
vn -0.464567 0.015748 0.889764
vn -0.401575 -0.055118 0.913386
vn -0.141732 -0.007874 0.992126
vn -0.425197 0.023622 0.905512
vn -0.157480 0.023622 0.984252
vn -0.582677 0.291339 0.755905
vn -0.559055 0.614173 0.559055
vn -0.708661 0.401575 0.582677
vn -0.393701 0.055118 0.921260
vn 0.283465 -0.007874 0.960630
vn 0.228346 0.031496 0.976378
vn 0.055118 0.047244 1.000000
vn 0.456693 0.047244 0.889764
vn 0.551181 0.007874 0.834646
vn 0.433071 -0.047244 0.897638
vn -0.133858 0.062992 0.992126
vn -0.196850 -0.039370 0.976378
vn -0.866142 -0.188976 0.456693
vn -0.803150 -0.503937 -0.307087
vn -0.543307 0.039370 0.842520
vn -0.519685 0.070866 0.850394
vn -0.858268 0.031496 0.519685
vn -0.748031 0.078740 0.661417
vn -0.874016 -0.204724 -0.440945
vn -0.763780 0.267717 0.590551
vn -0.086614 -0.181102 -0.976378
vn -0.976378 0.078740 0.204724
vn -0.921260 -0.094488 -0.377953
vn -0.921260 0.015748 0.385827
vn -0.755906 -0.047244 -0.653543
vn -0.401575 -0.307087 -0.866142
vn -0.984252 -0.039370 -0.149606
vn -0.992126 -0.031496 -0.125984
vn -0.834646 -0.062992 -0.551181
vn -0.275591 -0.055118 -0.960630
vn -0.795276 -0.078740 -0.606299
vn 0.456693 -0.039370 -0.889764
vn -0.779528 -0.251969 -0.574803
vn -0.299213 -0.039370 -0.952756
vn 0.031496 -0.039370 -1.000000
vn -0.850394 -0.062992 -0.527559
vn -0.377953 -0.118110 -0.921260
vn -0.960630 0.000000 0.267716
vn -0.740157 -0.330709 -0.582677
vn -0.858268 -0.236221 -0.464567
vn -0.976378 -0.181102 -0.141732
vn -0.913386 0.015748 0.409449
vn -0.976378 -0.031496 0.228346
vn -0.811024 -0.314961 -0.496063
vn -0.992126 -0.102362 -0.078740
vn -0.763780 -0.149606 -0.629921
vn -0.409449 -0.456693 -0.795275
vn -0.669291 -0.149606 -0.724409
vn -0.637795 -0.070866 -0.763779
vn 0.228346 -0.165354 -0.960630
vn -0.220472 -0.047244 -0.976378
vn -0.330709 -0.070866 -0.944882
vn 0.889764 -0.157480 -0.425197
vn 0.905512 0.110236 -0.409449
vn 0.527559 -0.031496 -0.850394
vn 0.220472 -0.023622 -0.976378
vn 0.228346 0.031496 -0.976378
vn 0.582677 0.007874 -0.811023
vn 0.566929 -0.141732 -0.811023
vn 0.519685 -0.433071 -0.740157
vn 0.559055 0.039370 -0.826772
vn 0.669291 0.086614 -0.740157
vn 0.448819 -0.354331 -0.818897
vn 0.401575 -0.637795 -0.661417
vn 0.181102 -0.236221 -0.952756
vn 0.614173 -0.007874 -0.787401
vn 0.826772 0.055118 -0.559055
vn 0.338583 -0.102362 -0.937008
vn -0.236220 -0.196850 -0.952756
vn -0.582677 0.385827 -0.708661
vn 0.779528 -0.023622 -0.622047
vn -0.850394 0.062992 -0.519685
vn -0.952756 0.173228 -0.244094
vn -0.102362 -0.062992 -0.992126
vn -0.889764 0.314961 0.322835
vn -0.834646 0.448819 0.314961
vn -0.748031 -0.078740 -0.653543
vn -0.905512 0.338583 0.259842
vn -0.826772 0.503937 0.244094
vn 0.354331 -0.023622 -0.937008
vn -0.952756 0.039370 0.307087
vn -0.897638 0.078740 0.440945
vn -1.000000 0.023622 -0.070866
vn -0.897638 0.023622 0.440945
vn -1.000000 -0.007874 0.007874
vn -0.866142 -0.007874 -0.503937
vn -0.826772 0.047244 0.559055
vn -0.740157 0.070866 0.669291
vn -0.929134 -0.007874 0.362205
vn -0.858268 0.023622 -0.503937
vn -0.732283 0.062992 0.677165
vn -0.921260 0.070866 -0.385827
vn -0.574803 0.047244 -0.818897
vn -0.330709 -0.007874 -0.944882
vn -0.015748 -0.015748 -1.000000
vn -0.559055 0.015748 -0.826772
vn -0.755906 -0.031496 -0.653543
vn -0.992126 0.102362 0.094488
vn -0.503937 0.118110 -0.858268
vn -0.755906 0.031496 0.653543
vn -0.960630 0.283465 0.007874
vn -0.472441 0.110236 0.874016
vn -0.598425 0.086614 0.795275
vn -0.212598 0.086614 0.976378
vn -0.511811 0.141732 0.850394
vn -0.842520 0.118110 0.519685
vn -0.897638 0.055118 0.440945
vn -0.685039 0.055118 0.732283
vn -0.141732 0.062992 0.984252
vn -0.480315 0.110236 0.866142
vn -1.000000 -0.007874 -0.055118
vn -1.000000 -0.047244 -0.070866
vn -0.960630 -0.141732 -0.236220
vn -0.960630 -0.102362 -0.244094
vn -0.637795 -0.141732 -0.763779
vn -0.370079 -0.259843 -0.889764
vn -0.267717 -0.409449 -0.874016
vn 0.023622 -0.212599 -0.976378
vn 0.362205 -0.259843 -0.897638
vn 0.755906 -0.307087 -0.582677
vn -0.362205 0.244094 -0.897638
vn 0.141732 0.023622 -0.992126
vn -0.464567 0.228346 -0.850394
vn -0.700787 0.086614 -0.708661
vn -0.992126 0.125984 -0.078740
vn -0.417323 0.385827 -0.826772
vn -0.913386 0.094488 -0.401575
vn -0.346457 0.094488 -0.937008
vn -0.496063 0.102362 -0.858268
vn 0.314961 -0.023622 -0.944882
vn 0.346457 0.102362 -0.929134
vn 0.708661 -0.047244 -0.700787
vn 0.960630 -0.007874 -0.275591
vn 0.834646 -0.055118 -0.551181
vn 0.984252 -0.055118 -0.165354
vn 0.921260 0.015748 -0.393701
vn 0.905512 -0.000000 -0.417323
vn 1.000000 0.000000 0.007874
vn 0.984252 -0.000000 -0.157480
vn 0.984252 0.007874 0.181102
vn -0.102362 -0.047244 0.992126
vn 0.086614 0.015748 1.000000
vn -0.740157 -0.133858 0.653543
vn 0.771654 0.086614 0.629921
vn 0.685039 0.078740 0.724409
vn 0.818898 0.141732 0.551181
vn 0.929134 0.110236 0.362205
vn 0.818898 0.086614 0.574803
vn 0.984252 0.094488 0.149606
vn 0.984252 0.118110 -0.157480
vn 0.960630 0.062992 0.267716
vn 0.834646 -0.007874 0.551181
vn 0.669291 0.007874 0.740157
vn 0.700787 0.007874 0.716535
vn 0.472441 -0.055118 0.881890
vn -0.204724 -0.023622 0.976378
vn 0.795276 0.181102 0.582677
vn 0.842520 0.157480 0.511811
vn 0.866142 0.196850 0.456693
vn -0.401575 -0.023622 0.913386
vn -0.866142 -0.015748 0.496063
vn 0.606299 0.291339 0.740157
vn -0.960630 -0.015748 0.267716
vn -0.992126 0.015748 -0.118110
vn 0.393701 0.125984 0.913386
vn -0.937008 -0.000000 -0.354331
vn -0.874016 -0.000000 -0.480315
vn 0.480315 0.047244 0.874016
vn -0.622047 -0.039370 -0.787401
vn 0.007874 -0.015748 1.000000
vn 0.307087 0.322835 0.897638
vn -0.535433 -0.062992 0.842520
vn -0.110236 0.244095 0.960630
vn -0.866142 -0.007874 0.496063
vn -0.992126 -0.086614 0.031496
vn 0.125984 0.307087 0.944882
vn 0.251969 0.322835 0.913386
vn 0.874016 0.149606 0.464567
vn -0.204724 0.196850 0.960630
vn 0.881890 0.125984 0.448819
vn 0.858268 0.196850 0.472441
vn 0.598425 0.181102 0.779527
vn 0.440945 0.118110 0.889764
vn 1.000000 0.031496 -0.062992
vn 0.842520 0.157480 0.519685
vn 0.141732 0.551181 0.818897
vn -0.118110 0.535433 0.834646
vn -0.440945 -0.622047 0.645669
vn -0.535433 -0.055118 0.842520
vn -0.598425 0.141732 0.787401
vn -0.779528 -0.039370 0.629921
vn -0.897638 -0.433071 -0.023622
vn -0.748031 -0.157480 -0.645669
vn -0.984252 -0.188976 0.031496
vn -0.866142 -0.212598 -0.456693
vn -0.614173 -0.330709 -0.716535
vn 0.346457 -0.055118 -0.937008
vn -0.401575 -0.220473 -0.889764
vn -0.937008 -0.047244 -0.354331
vn -0.748031 -0.062992 0.653543
vn -0.937008 -0.133858 0.314961
vn -0.968504 0.039370 -0.259842
vn -0.850394 0.110236 -0.519685
vn 0.118110 -0.133858 -0.984252
vn -0.362205 -0.157480 -0.921260
vn -0.535433 -0.062992 -0.842520
vn 0.440945 -0.275591 -0.858268
vn -0.968504 0.007874 -0.244094
vn 0.094488 -0.251969 -0.960630
vn 0.007874 -0.267717 -0.960630
vn 0.110236 -0.330709 -0.937008
vn -0.480315 -0.212599 -0.850394
vn -0.795276 -0.102362 -0.590551
vn -0.496063 -0.251969 -0.834646
vn 0.165354 -0.236221 -0.960630
vn 0.007874 -0.118110 -0.992126
vn -0.267717 -0.196850 -0.944882
vn -0.921260 -0.173228 -0.338583
vn -0.685039 -0.188976 -0.700787
vn -0.425197 -0.102362 -0.897638
vn -0.464567 -0.047244 -0.881890
vn -0.724409 -0.047244 -0.685039
vn -0.755906 -0.220472 -0.622047
vn -0.614173 -0.047244 -0.787401
vn -0.787402 -0.149606 -0.598425
vn -0.992126 -0.141732 -0.039370
vn -0.716535 -0.086614 -0.692913
vn -0.905512 -0.086614 -0.409449
vn -0.952756 -0.094488 -0.283465
vn -0.976378 -0.055118 0.188976
vn -0.716535 -0.007874 0.692913
vn -0.937008 -0.023622 0.338583
vn -0.716535 0.031496 0.692913
vn -0.094488 0.078740 0.992126
vn 0.496063 0.118110 0.858268
vn 0.188976 0.133858 0.976378
vn -0.417323 0.110236 0.905512
vn -0.889764 0.157480 0.433071
vn -0.653543 0.448819 0.614173
vn -0.385827 0.425197 0.818897
vn -0.590551 0.251969 0.771653
vn 0.141732 0.220473 0.968504
vn -0.897638 0.291339 0.322835
vn -0.173228 0.527559 0.826771
vn -0.283465 0.330709 0.897638
vn 0.661417 0.149606 0.732283
vn 0.834646 0.204724 0.511811
vn 0.740157 0.157480 0.653543
vn 0.645669 0.133858 0.748031
vn 0.897638 0.125984 0.425197
vn 0.889764 0.102362 0.440945
vn 0.976378 0.086614 0.212598
vn 0.779528 0.118110 0.614173
vn 0.976378 0.062992 0.212598
vn 0.937008 0.070866 0.346457
vn 0.889764 0.055118 0.448819
vn 0.874016 0.015748 0.480315
vn 0.598425 0.055118 0.803149
vn 0.685039 0.000000 0.724409
vn 0.094488 0.047244 0.992126
vn 0.629921 0.086614 0.771653
vn 0.322835 0.023622 0.944882
vn 0.685039 0.188976 0.700787
vn 0.401575 0.212599 0.889764
vn -0.165354 -0.031496 0.984252
vn 0.149606 0.181102 0.968504
vn -0.488189 0.015748 0.874016
vn -0.606299 0.007874 0.795275
vn -0.574803 0.094488 0.811023
vn -0.929134 -0.070866 0.362205
vn -0.937008 0.000000 0.346457
vn -0.984252 -0.015748 0.165354
vn -0.984252 -0.031496 -0.165354
vn -0.866142 -0.023622 -0.503937
vn -0.763780 0.015748 -0.645669
vn -0.732283 -0.039370 -0.677165
vn -0.480315 -0.047244 -0.874016
vn -0.291339 0.299212 -0.905512
vn -0.354331 -0.062992 -0.929134
vn -0.653543 -0.055118 -0.755905
vn -0.582677 0.283464 -0.763779
vn -0.409449 -0.110236 -0.905512
vn -0.921260 -0.086614 -0.377953
vn -0.976378 -0.220472 0.039370
vn -0.503937 -0.149606 -0.850394
vn -0.889764 -0.086614 0.448819
vn -0.488189 -0.078740 0.866142
vn -0.866142 -0.118110 -0.488189
vn -0.992126 -0.070866 0.078740
vn -0.133858 -0.133858 -0.984252
vn -0.401575 -0.165354 -0.897638
vn -1.000000 -0.039370 0.031496
vn -0.897638 -0.070866 -0.433071
vn 0.228346 -0.078740 -0.968504
vn -0.448819 -0.015748 -0.889764
vn 0.070866 -0.102362 -0.992126
vn 0.314961 -0.086614 -0.944882
vn -0.259843 -0.102362 -0.960630
vn -0.102362 -0.125984 -0.984252
vn -0.330709 -0.133858 -0.929134
vn -0.944882 0.322835 0.039370
vn -0.913386 -0.251969 -0.314961
vn -0.614173 -0.244094 0.748031
vn -0.944882 0.118110 0.299213
vn -0.251969 0.125984 0.960630
vn -0.362205 0.165354 0.921260
vn -0.944882 0.070866 0.322835
vn -0.732283 0.275591 0.622047
vn -0.976378 0.165354 -0.133858
vn -0.275591 0.574803 0.771653
vn -0.748031 0.031496 0.661417
vn -0.692913 0.181102 0.692913
vn -0.937008 0.165354 0.299213
vn -0.031496 0.220473 0.976378
vn 0.850394 0.165354 0.496063
vn 0.377953 0.102362 0.921260
vn -0.188976 0.102362 0.976378
vn -0.448819 0.023622 0.889764
vn 0.251969 0.078740 0.968504
vn -0.314961 -0.023622 0.952756
vn 0.440945 0.102362 0.889764
vn 0.803150 0.307087 0.511811
vn 0.834646 0.110236 0.535433
vn 0.629921 0.015748 0.771653
vn 0.732283 0.094488 0.669291
vn 0.653543 0.102362 0.748031
vn -0.173228 0.031496 0.984252
vn -0.881890 -0.086614 0.456693
vn 0.866142 0.181102 0.464567
vn 0.559055 0.094488 0.818897
vn 0.826772 0.094488 0.559055
vn 0.842520 0.039370 0.527559
vn 0.716535 0.070866 0.692913
vn 0.755906 0.102362 0.645669
vn 0.629921 0.047244 0.771653
vn 0.803150 0.133858 0.582677
vn 0.850394 0.055118 0.519685
vn 0.937008 0.070866 0.338583
vn 1.000000 -0.023622 0.023622
vn 0.464567 -0.149606 0.874016
vn 0.795276 0.102362 0.598425
vn -0.889764 -0.283464 0.354331
vn 0.511811 0.141732 0.850394
vn 0.236220 0.133858 0.960630
vn -0.307087 -0.086614 0.944882
vn -0.047244 0.149606 0.984252
vn -0.385827 0.062992 0.921260
vn -0.929134 -0.196850 0.314961
vn 0.055118 0.023622 1.000000
vn -0.535433 0.031496 0.842520
vn 0.275591 0.015748 0.960630
vn -0.385827 -0.007874 0.921260
vn -0.236220 0.039370 0.968504
vn -0.700787 -0.023622 0.708661
vn -0.905512 0.007874 0.433071
vn -0.905512 -0.062992 0.417323
vn -1.000000 -0.039370 0.031496
vn -0.944882 -0.055118 -0.330709
vn -0.598425 0.086614 -0.795275
vn -0.929134 -0.055118 -0.370079
vn -0.685039 -0.070866 -0.724409
vn -0.669291 -0.023622 -0.748031
vn -0.362205 -0.023622 -0.929134
vn -0.566929 0.133858 -0.811023
vn -0.535433 -0.086614 -0.842520
vn -0.244094 -0.078740 -0.968504
vn -0.622047 -0.094488 -0.779527
vn -0.732283 -0.393701 -0.551181
vn -0.236220 -0.094488 -0.968504
vn -0.897638 -0.251969 -0.354331
vn -0.897638 -0.385827 -0.204724
vn -0.464567 -0.094488 -0.881890
vn -0.952756 -0.141732 0.259843
vn -0.503937 0.102362 0.858268
vn -0.866142 -0.078740 -0.496063
vn -0.913386 -0.055118 0.401575
vn -0.330709 -0.118110 -0.937008
vn -0.795276 -0.078740 -0.598425
vn -1.000000 -0.031496 -0.055118
vn 0.039370 0.070866 1.000000
vn 0.385827 0.307087 0.866142
vn -0.606299 0.023622 0.795275
vn -0.984252 -0.015748 -0.188976
vn -0.944882 0.000000 0.330709
vn -0.700787 -0.070866 -0.708661
vn -0.527559 0.047244 0.850394
vn -0.094488 -0.078740 -0.992126
vn -0.023622 0.047244 1.000000
vn -0.062992 -0.086614 -0.992126
vn -0.157480 -0.078740 -0.984252
vn 0.086614 -0.070866 -0.992126
vn -0.480315 -0.094488 -0.874016
vn 0.196850 -0.062992 -0.976378
vn -0.496063 0.094488 -0.858268
vn -0.795276 -0.275591 -0.543307
vn -0.960630 -0.094488 -0.259842
vn -0.968504 -0.220472 0.141732
vn -0.850394 0.015748 0.527559
vn -0.803150 -0.220472 0.551181
vn -0.700787 -0.141732 0.700787
vn -0.795276 -0.267716 0.551181
vn -0.133858 0.007874 0.992126
vn -0.629921 -0.338583 0.692913
vn -0.881890 0.472441 -0.047244
vn -0.968504 0.196850 0.165354
vn -0.023622 0.196850 0.976378
vn -0.472441 0.165354 0.866142
vn -0.944882 0.173228 0.283464
vn -0.637795 0.307087 0.700787
vn -0.874016 0.291339 0.377953
vn -0.897638 0.157480 0.409449
vn -0.968504 0.125984 -0.204724
vn -0.771654 0.062992 0.629921
vn -0.874016 0.212598 0.448819
vn -0.724409 0.314961 0.614173
vn -0.062992 0.464567 0.881890
vn -0.448819 0.125984 0.881890
vn 0.157480 0.149606 0.976378
vn 0.834646 0.141732 0.535433
vn 0.850394 -0.070866 0.519685
vn 0.551181 0.055118 0.834646
vn 0.921260 0.015748 0.393701
vn 0.992126 -0.094488 -0.031496
vn 0.921260 0.047244 0.393701
vn 1.000000 -0.039370 -0.055118
vn 0.992126 0.023622 -0.102362
vn 0.622047 0.055118 0.779527
vn 0.850394 0.078740 0.519685
vn 0.976378 0.000000 0.204724
vn 0.464567 0.055118 0.881890
vn 0.732283 0.007874 0.677165
vn 0.708661 0.181102 0.677165
vn 0.755906 0.425197 0.503937
vn 0.748031 0.078740 0.653543
vn 0.700787 0.330709 0.629921
vn 0.527559 0.440945 0.724409
vn 0.181102 0.204724 0.960630
vn 0.748031 0.039370 0.661417
vn 0.582677 0.118110 0.803149
vn 0.401575 0.047244 0.913386
vn 0.755906 0.086614 0.653543
vn 0.937008 0.165354 0.314961
vn 0.551181 0.133858 0.826772
vn 0.385827 0.047244 0.921260
vn -0.299213 0.062992 0.952756
vn -0.803150 0.110236 0.582677
vn -0.181102 -0.007874 0.984252
vn 0.031496 0.031496 1.000000
vn 0.566929 -0.015748 0.826772
vn 0.141732 0.047244 0.992126
vn -0.181102 -0.078740 0.976378
vn -1.000000 0.023622 0.062992
vn -0.590551 0.015748 0.811023
vn -0.929134 0.125984 0.354331
vn -0.881890 -0.007874 0.472441
vn -0.299213 -0.031496 0.952756
vn -0.236220 -0.173228 0.952756
vn 0.149606 0.118110 0.984252
vn -0.244094 -0.062992 0.968504
vn 0.165354 -0.157480 0.976378
vn 0.582677 0.110236 0.811023
vn 0.338583 0.023622 0.944882
vn -0.133858 -0.322834 0.937008
vn -0.125984 0.015748 0.992126
vn -0.771654 -0.307087 0.559055
vn -0.905512 -0.385827 0.173228
vn -0.842520 -0.181102 0.511811
vn -0.669291 0.102362 0.732283
vn -0.448819 -0.023622 0.897638
vn -0.937008 -0.275590 0.212598
vn -0.645669 -0.204724 0.732283
vn -0.984252 -0.007874 0.173228
vn -0.937008 -0.291339 0.204724
vn -0.606299 -0.307087 -0.732283
vn -0.850394 -0.133858 -0.511811
vn -0.716535 -0.047244 0.692913
vn -0.976378 -0.086614 -0.196850
vn -0.653543 -0.102362 0.755905
vn -0.952756 -0.086614 0.283465
vn -0.708661 -0.015748 0.708661
vn -0.944882 -0.015748 -0.322835
vn -0.881890 -0.007874 0.472441
vn -0.960630 -0.023622 0.267716
vn -0.763780 -0.039370 -0.645669
vn -0.937008 -0.015748 -0.354331
vn -0.582677 -0.370079 -0.724409
vn -0.606299 -0.031496 -0.795275
vn -0.464567 -0.015748 -0.889764
vn -0.425197 -0.023622 -0.905512
vn -0.401575 0.055118 -0.913386
vn -0.157480 -0.023622 -0.984252
vn -0.141732 0.007874 -0.992126
vn -0.582677 -0.291339 -0.755905
vn -0.559055 -0.614173 -0.559055
vn -0.716535 -0.393701 -0.574803
vn -0.393701 -0.055118 -0.921260
vn 0.283465 0.007874 -0.960630
vn -0.763780 -0.267717 -0.590551
vn 0.055118 -0.047244 -1.000000
vn 0.228346 -0.031496 -0.976378
vn 0.456693 -0.047244 -0.889764
vn -0.283465 -0.118110 -0.952756
vn 0.551181 -0.007874 -0.834646
vn 0.433071 0.047244 -0.897638
vn -0.866142 0.188976 -0.456693
vn -0.803150 0.503937 0.307087
vn -0.196850 0.039370 -0.984252
vn -0.133858 -0.062992 -0.992126
vn -0.543307 -0.039370 -0.842520
vn -0.519685 -0.070866 -0.850394
vn -0.748031 -0.078740 -0.661417
vn -0.858268 -0.031496 -0.519685
vn -0.976378 -0.078740 -0.204724
vn -0.921260 -0.015748 -0.385827
vn -0.771654 0.023622 0.637795
vn -0.417323 0.299213 0.858268
vn -0.984252 0.039370 0.173228
vn -0.992126 0.031496 0.133858
vn -0.921260 0.094488 0.370079
vn -0.874016 0.204724 0.440945
vn -0.086614 0.181102 0.976378
vn -0.275591 0.055118 0.960630
vn -0.299213 0.039370 0.952756
vn 0.456693 0.039370 0.889764
vn 0.031496 0.039370 1.000000
vn -0.850394 0.062992 0.527559
vn -0.960630 -0.000000 -0.267716
vn -0.377953 0.118110 0.921260
vn -0.779528 0.251969 0.574803
vn -0.740157 0.330709 0.582677
vn -0.913386 -0.015748 -0.409449
vn -0.976378 0.181102 0.141732
vn -0.858268 0.236221 0.464567
vn -0.795276 0.078740 0.606299
vn -0.834646 0.062992 0.551181
vn -0.598425 0.078740 0.795275
vn -0.629921 0.078740 0.771653
vn -0.669291 0.149606 0.724409
vn -0.307087 0.062992 0.952756
vn -0.220472 0.047244 0.976378
vn 0.236220 -0.031496 0.968504
vn 0.220472 0.023622 0.976378
vn 0.566929 0.141732 0.811023
vn 0.519685 0.433071 0.740157
vn 0.559055 -0.039370 0.826772
vn 0.448819 0.354331 0.818897
vn 0.401575 0.637795 0.661417
vn 0.181102 0.236221 0.952756
vn 0.669291 -0.086614 0.740157
vn 0.614173 0.007874 0.787401
vn 0.826772 -0.055118 0.559055
vn 0.582677 -0.007874 0.811023
vn 0.527559 0.031496 0.850394
vn 0.905512 0.000000 0.417323
vn 0.228346 0.165354 0.960630
vn 0.984252 0.000000 0.157480
vn 0.889764 0.157480 0.425197
vn -0.763780 0.149606 0.629921
vn -0.409449 0.456693 0.795275
vn 0.905512 -0.110236 0.409449
vn -0.811024 0.314961 0.496063
vn 0.984252 -0.007874 -0.181102
vn -0.976378 0.031496 -0.228346
vn -0.992126 0.102362 0.078740
vn 1.000000 -0.000000 -0.007874
vn 0.960630 0.007874 0.275591
vn 0.984252 0.055118 0.165354
vn 0.921260 -0.015748 0.393701
vn 0.346457 -0.102362 0.929134
vn -0.417323 -0.385827 0.826772
vn 0.779528 0.023622 0.622047
vn 0.834646 0.055118 0.551181
vn 0.708661 0.047244 0.700787
vn 0.354331 0.023622 0.937008
vn 0.338583 0.102362 0.937008
vn 0.314961 0.023622 0.944882
vn -0.236220 0.196850 0.952756
vn -0.582677 -0.385827 0.708661
vn -0.102362 0.062992 0.992126
vn -0.850394 -0.062992 0.519685
vn -0.952756 -0.173228 0.244094
vn -0.748031 0.078740 0.653543
vn -0.330709 0.007874 0.944882
vn -0.889764 -0.314961 -0.322835
vn -0.834646 -0.448819 -0.314961
vn -1.000000 -0.023622 0.070866
vn -0.905512 -0.338583 -0.259842
vn -0.826772 -0.503937 -0.244094
vn -0.952756 -0.039370 -0.307087
vn -0.897638 -0.078740 -0.440945
vn -0.866142 0.007874 0.503937
vn -1.000000 0.007874 -0.007874
vn -0.897638 -0.023622 -0.440945
vn -0.826772 -0.047244 -0.559055
vn -0.740157 -0.070866 -0.669291
vn -0.929134 0.007874 -0.362205
vn -0.858268 -0.023622 0.503937
vn -0.732283 -0.062992 -0.677165
vn -0.574803 -0.047244 0.818897
vn -0.921260 -0.070866 0.385827
vn -0.015748 0.015748 1.000000
vn -0.559055 -0.015748 0.826772
vn -0.346457 -0.094488 0.937008
vn -0.496063 -0.102362 0.858268
vn -0.992126 -0.125984 0.078740
vn -0.362205 -0.244094 0.897638
vn -0.913386 -0.094488 0.401575
vn -0.464567 -0.228346 0.850394
vn -0.700787 -0.086614 0.708661
vn 0.141732 -0.023622 0.992126
vn -0.503937 -0.118110 0.858268
vn -0.755906 0.031496 0.653543
vn -0.992126 -0.102362 -0.094488
vn -0.960630 -0.283465 -0.007874
vn -0.480315 -0.110236 -0.866142
vn -0.755906 -0.031496 -0.653543
vn -0.472441 -0.110236 -0.874016
vn -0.267717 0.409449 0.874016
vn -0.598425 -0.086614 -0.795275
vn -0.212598 -0.086614 -0.976378
vn -0.141732 -0.062992 -0.984252
vn -0.511811 -0.141732 -0.850394
vn -0.685039 -0.055118 -0.732283
vn -0.842520 -0.118110 -0.519685
vn -0.897638 -0.055118 -0.440945
vn -0.960630 0.102362 0.244094
vn -1.000000 0.007874 0.055118
vn -1.000000 0.047244 0.070866
vn -0.960630 0.141732 0.236220
vn -0.637795 0.141732 0.763779
vn -0.370079 0.259843 0.889764
vn 0.023622 0.212599 0.976378
vn 0.755906 0.307087 0.582677
vn 0.362205 0.259843 0.897638
vn -0.086614 0.015748 1.000000
vn 0.102362 -0.047244 0.992126
vn 0.740157 -0.133858 0.653543
vn -0.771654 0.086614 0.629921
vn -0.685039 0.078740 0.724409
vn -0.818898 0.141732 0.551181
vn -0.929134 0.110236 0.362205
vn -0.818898 0.086614 0.574803
vn -0.984252 0.094488 0.149606
vn -0.984252 0.118110 -0.157480
vn -0.960630 0.062992 0.267716
vn -0.834646 -0.007874 0.551181
vn -0.669291 0.007874 0.740157
vn -0.700787 0.007874 0.716535
vn -0.472441 -0.055118 0.881890
vn 0.204724 -0.023622 0.976378
vn -0.795276 0.181102 0.582677
vn -0.842520 0.157480 0.511811
vn -0.866142 0.196850 0.456693
vn 0.401575 -0.023622 0.913386
vn 0.866142 -0.015748 0.496063
vn -0.606299 0.291339 0.740157
vn 0.960630 -0.015748 0.267716
vn 0.992126 0.015748 -0.118110
vn -0.393701 0.125984 0.913386
vn 0.937008 -0.000000 -0.354331
vn 0.874016 -0.000000 -0.480315
vn -0.480315 0.047244 0.874016
vn -0.125984 0.307087 0.944882
vn -0.007874 -0.015748 1.000000
vn -0.307087 0.322835 0.897638
vn 0.110236 0.244095 0.960630
vn -0.251969 0.322835 0.913386
vn 0.535433 -0.062992 0.842520
vn 0.866142 -0.007874 0.496063
vn 0.992126 -0.086614 0.031496
vn 0.598425 0.141732 0.787401
vn 0.622047 -0.039370 -0.787401
vn 0.866142 -0.212598 -0.456693
vn 0.204724 0.196850 0.960630
vn 0.779528 -0.039370 0.629921
vn 0.535433 -0.055118 0.842520
vn -0.440945 0.118110 0.889764
vn 0.984252 -0.188976 0.031496
vn 0.897638 -0.433071 -0.023622
vn 0.440945 -0.622047 0.645669
vn -1.000000 0.031496 -0.062992
vn 0.748031 -0.157480 -0.645669
vn -0.874016 0.149606 0.464567
vn -0.881890 0.125984 0.448819
vn -0.858268 0.196850 0.472441
vn -0.598425 0.181102 0.779527
vn -0.842520 0.157480 0.519685
vn -0.141732 0.551181 0.818897
vn 0.118110 0.535433 0.834646
vn 0.614173 -0.330709 -0.716535
vn -0.338583 -0.062992 -0.937008
vn 0.401575 -0.220473 -0.889764
vn 0.937008 -0.047244 -0.354331
vn 0.748031 -0.062992 0.653543
vn 0.937008 -0.133858 0.322835
vn 0.362205 -0.157480 -0.921260
vn 0.968504 0.039370 -0.259842
vn -0.118110 -0.133858 -0.984252
vn 0.850394 0.110236 -0.519685
vn -0.440945 -0.275591 -0.858268
vn -0.094488 -0.251969 -0.960630
vn -0.007874 -0.267717 -0.960630
vn -0.110236 -0.330709 -0.937008
vn 0.480315 -0.212599 -0.850394
vn -0.165354 -0.236221 -0.960630
vn -0.007874 -0.118110 -0.992126
vn 0.496063 -0.251969 -0.826771
vn 0.267717 -0.196850 -0.944882
vn 0.464567 -0.047244 -0.881890
vn 0.425197 -0.102362 -0.897638
vn 0.685039 -0.188976 -0.700787
vn 0.724409 -0.047244 -0.685039
vn 0.755906 -0.220472 -0.622047
vn 0.614173 -0.047244 -0.787401
vn 0.787402 -0.149606 -0.598425
vn 0.992126 -0.141732 -0.039370
vn 0.716535 -0.086614 -0.692913
vn 0.905512 -0.086614 -0.409449
vn 0.960630 -0.094488 -0.267716
vn 0.952756 -0.023622 0.299213
vn 0.708661 -0.007874 0.700787
vn 0.669291 0.031496 0.748031
vn 0.921260 -0.173228 -0.338583
vn -0.062992 0.086614 0.992126
vn -0.629921 0.149606 0.763779
vn 0.362205 0.094488 0.929134
vn 0.921260 -0.015748 0.377953
vn -0.401575 0.133858 0.905512
vn 0.795276 -0.102362 -0.590551
vn 0.535433 -0.062992 -0.842520
vn 0.968504 0.007874 -0.244094
vn 0.653543 0.448819 0.614173
vn 0.393701 0.425197 0.818897
vn 0.889764 0.157480 0.433071
vn 0.582677 0.251969 0.771653
vn 0.220472 0.181102 0.960630
vn 0.897638 0.307087 0.322835
vn 0.086614 0.519685 0.850394
vn 0.220472 0.291339 0.929134
vn 0.598425 0.346457 0.724409
vn -0.590551 0.181102 0.787401
vn -0.834646 0.204724 0.511811
vn -0.598425 0.173228 0.787401
vn -0.952756 0.078740 0.307087
vn -0.842520 0.133858 0.519685
vn -0.992126 -0.062992 0.062992
vn -0.937008 0.110236 0.322835
vn -0.992126 -0.070866 -0.078740
vn -0.700787 0.086614 0.708661
vn -0.094488 -0.417323 0.905512
vn -0.692913 0.188976 0.692913
vn 0.110236 0.047244 0.992126
vn 0.905512 -0.417323 0.062992
vn -0.377953 0.244095 0.889764
vn -0.811024 0.125984 0.574803
vn -0.401575 0.212599 0.889764
vn -0.716535 0.110236 0.692913
vn -0.937008 0.078740 0.330709
vn -0.944882 0.094488 0.307087
vn -0.952756 0.070866 0.299213
vn -0.889764 0.062992 0.456693
vn -0.866142 0.007874 0.503937
vn -0.606299 0.055118 0.795275
vn -0.685039 0.000000 0.732283
vn -0.086614 0.047244 0.992126
vn -0.629921 0.086614 0.771653
vn -0.314961 0.023622 0.944882
vn -0.149606 0.181102 0.968504
vn 0.165354 -0.031496 0.984252
vn 0.047244 0.220473 0.976378
vn 0.574803 0.094488 0.811023
vn 0.732283 -0.023622 0.677165
vn 0.488189 0.015748 0.874016
vn 0.606299 0.007874 0.795275
vn 0.929134 -0.070866 0.362205
vn 0.937008 0.000000 0.346457
vn 0.984252 -0.015748 0.165354
vn 0.944882 -0.031496 0.330709
vn 0.984252 -0.031496 -0.165354
vn 0.976378 -0.055118 0.204724
vn 0.866142 -0.023622 -0.503937
vn 0.763780 0.015748 -0.645669
vn 0.732283 -0.039370 -0.677165
vn 0.480315 -0.047244 -0.874016
vn 0.291339 0.299212 -0.905512
vn 0.354331 -0.062992 -0.929134
vn 0.692913 -0.133858 -0.708661
vn 0.259843 -0.102362 -0.960630
vn 0.700787 -0.157480 -0.700787
vn 0.913386 -0.244095 -0.322835
vn 0.102362 -0.125984 -0.984252
vn -0.070866 -0.102362 -0.992126
vn 0.881890 -0.362205 0.299213
vn 0.771654 -0.267716 0.574803
vn 0.622047 -0.251968 0.748031
vn 0.708661 -0.354331 -0.614173
vn -0.299213 -0.102362 -0.952756
vn 0.448819 -0.015748 -0.889764
vn 0.944882 0.330709 0.031496
vn -0.228346 -0.078740 -0.968504
vn 0.133858 -0.133858 -0.984252
vn 0.401575 -0.165354 -0.897638
vn 0.409449 -0.110236 -0.905512
vn 0.503937 -0.149606 -0.850394
vn 0.653543 -0.055118 -0.755905
vn 0.582677 0.283464 -0.763779
vn 0.866142 -0.118110 -0.488189
vn 0.921260 -0.086614 -0.377953
vn 0.976378 -0.220472 0.039370
vn 0.897638 -0.070866 -0.433071
vn 0.889764 -0.086614 0.448819
vn 0.488189 -0.078740 0.866142
vn 0.992126 -0.070866 0.078740
vn 1.000000 -0.039370 0.031496
vn 0.944882 0.118110 0.299213
vn 0.944882 0.070866 0.322835
vn 0.251969 0.125984 0.960630
vn 0.362205 0.165354 0.921260
vn 0.732283 0.275591 0.622047
vn 0.976378 0.165354 -0.133858
vn 0.275591 0.574803 0.771653
vn 0.748031 0.031496 0.661417
vn 0.692913 0.181102 0.692913
vn 0.937008 0.165354 0.299213
vn 0.031496 0.220473 0.976378
vn -0.850394 0.165354 0.496063
vn -0.377953 0.102362 0.921260
vn 0.188976 0.102362 0.976378
vn 0.448819 0.023622 0.889764
vn -0.251969 0.078740 0.968504
vn 0.314961 -0.023622 0.952756
vn -0.440945 0.102362 0.889764
vn -0.803150 0.307087 0.511811
vn -0.834646 0.110236 0.535433
vn -0.629921 0.015748 0.771653
vn -0.732283 0.094488 0.669291
vn -0.653543 0.102362 0.748031
vn 0.173228 0.031496 0.984252
vn 0.881890 -0.086614 0.456693
vn -0.866142 0.181102 0.464567
vn -0.826772 0.094488 0.559055
vn -0.559055 0.094488 0.818897
vn -0.842520 0.039370 0.527559
vn -0.716535 0.070866 0.692913
vn -0.755906 0.102362 0.645669
vn -0.629921 0.047244 0.771653
vn -0.803150 0.133858 0.582677
vn -0.850394 0.055118 0.519685
vn -0.937008 0.070866 0.338583
vn -1.000000 -0.023622 0.023622
vn -0.464567 -0.149606 0.874016
vn -0.795276 0.102362 0.598425
vn 0.889764 -0.283464 0.354331
vn -0.511811 0.141732 0.850394
vn -0.236220 0.133858 0.960630
vn 0.307087 -0.086614 0.944882
vn 0.047244 0.149606 0.984252
vn 0.385827 0.062992 0.921260
vn 0.929134 -0.196850 0.314961
vn -0.055118 0.023622 1.000000
vn 0.535433 0.031496 0.842520
vn -0.275591 0.015748 0.960630
vn 0.385827 -0.007874 0.921260
vn 0.236220 0.039370 0.968504
vn 0.905512 -0.062992 0.417323
vn 0.700787 -0.023622 0.708661
vn 0.905512 0.007874 0.433071
vn 1.000000 -0.039370 0.031496
vn 0.944882 -0.055118 -0.330709
vn 0.598425 0.086614 -0.795275
vn 0.929134 -0.055118 -0.370079
vn 0.685039 -0.070866 -0.724409
vn 0.669291 -0.023622 -0.748031
vn 0.362205 -0.023622 -0.929134
vn 0.566929 0.133858 -0.811023
vn 0.535433 -0.086614 -0.842520
vn 0.244094 -0.078740 -0.968504
vn 0.622047 -0.094488 -0.779527
vn 0.732283 -0.393701 -0.551181
vn 0.236220 -0.094488 -0.968504
vn 0.897638 -0.251969 -0.354331
vn 0.897638 -0.385827 -0.204724
vn 0.464567 -0.094488 -0.881890
vn 0.952756 -0.141732 0.259843
vn 0.503937 0.102362 0.858268
vn 0.866142 -0.078740 -0.496063
vn 0.913386 -0.055118 0.401575
vn 0.330709 -0.118110 -0.937008
vn 0.795276 -0.078740 -0.598425
vn 1.000000 -0.031496 -0.055118
vn 0.078740 0.070866 0.992126
vn -0.385827 0.307087 0.866142
vn 0.614173 0.023622 0.787401
vn 0.984252 -0.015748 -0.188976
vn 0.944882 0.000000 0.330709
vn 0.700787 -0.070866 -0.708661
vn 0.062992 -0.086614 -0.992126
vn 0.094488 -0.078740 -0.992126
vn 0.157480 -0.078740 -0.984252
vn -0.086614 -0.070866 -0.992126
vn 0.480315 -0.094488 -0.874016
vn -0.196850 -0.062992 -0.976378
vn 0.496063 0.094488 -0.858268
vn 0.795276 -0.275591 -0.543307
vn 0.960630 -0.094488 -0.259842
vn 0.968504 -0.220472 0.141732
vn 0.850394 0.015748 0.527559
vn 0.803150 -0.220472 0.551181
vn 0.700787 -0.141732 0.700787
vn 0.795276 -0.267716 0.551181
vn 0.133858 0.007874 0.992126
vn 0.629921 -0.338583 0.692913
vn 0.881890 0.472441 -0.047244
vn 0.968504 0.196850 0.165354
vn 0.023622 0.196850 0.976378
vn 0.472441 0.165354 0.866142
vn 0.944882 0.173228 0.283464
vn 0.637795 0.307087 0.700787
vn 0.874016 0.291339 0.377953
vn 0.897638 0.157480 0.409449
vn 0.968504 0.125984 -0.204724
vn 0.724409 0.314961 0.614173
vn 0.055118 0.464567 0.881890
vn 0.874016 0.212598 0.448819
vn 0.771654 0.062992 0.629921
vn 0.448819 0.125984 0.881890
vn 0.527559 0.047244 0.842520
vn -0.157480 0.149606 0.976378
vn 0.031496 0.047244 1.000000
vn -0.834646 0.141732 0.535433
vn -0.850394 -0.078740 0.519685
vn -0.503937 0.055118 0.858268
vn -0.921260 0.015748 0.393701
vn -0.511811 0.055118 0.858268
vn -0.992126 -0.094488 -0.015748
vn -0.905512 0.055118 0.425197
vn -1.000000 -0.039370 -0.055118
vn -0.984252 -0.031496 -0.165354
vn -0.992126 0.086614 0.086614
vn -0.976378 0.023622 0.228346
vn -0.858268 0.078740 0.511811
vn -0.874016 0.165354 0.456693
vn -0.472441 0.023622 0.881890
vn 0.157480 -0.086614 0.984252
vn 0.992126 0.015748 0.118110
vn -0.496063 0.118110 0.858268
vn 0.346457 -0.031496 0.937008
vn -0.779528 0.094488 0.614173
vn 0.913386 0.133858 0.385827
vn 0.015748 0.015748 1.000000
vn 0.535433 -0.181102 0.826772
vn 0.960630 0.015748 0.267716
vn 0.275591 -0.023622 0.960630
vn -0.149606 0.118110 0.984252
vn -0.582677 0.110236 0.811023
vn -0.141732 -0.118110 0.984252
vn -0.228346 -0.125984 0.968504
vn 0.157480 -0.118110 0.976378
vn -0.165354 0.007874 0.984252
vn -0.015748 0.023622 1.000000
vn 0.385827 -0.023622 0.921260
vn 0.307087 -0.007874 0.952756
vn -0.299213 0.023622 0.952756
vn 0.779528 -0.307087 0.551181
vn 0.905512 -0.385827 0.173228
vn 0.842520 -0.181102 0.511811
vn 0.669291 0.102362 0.732283
vn 0.937008 -0.275590 0.212598
vn 0.645669 -0.204724 0.732283
vn 0.984252 -0.007874 0.173228
vn 0.937008 -0.291339 0.204724
vn 0.606299 -0.307087 -0.732283
vn 0.850394 -0.133858 -0.511811
vn 0.716535 -0.047244 0.692913
vn 0.976378 -0.086614 -0.196850
vn 0.283465 -0.118110 -0.952756
vn 0.952756 -0.086614 0.283465
vn 0.606299 -0.031496 -0.795275
vn 0.944882 -0.015748 -0.322835
vn 0.669291 -0.062992 0.740157
vn 0.960630 -0.023622 0.267716
vn 0.937008 -0.015748 -0.354331
vn 0.881890 -0.007874 0.472441
vn 0.291339 -0.007874 0.952756
vn 0.511811 0.047244 0.858268
vn -0.102362 0.055118 0.992126
vn 0.803150 0.110236 0.582677
vn -0.173228 0.204724 0.960630
vn 0.763780 -0.039370 -0.645669
vn 0.582677 -0.370079 -0.724409
vn -0.574803 0.086614 0.811023
vn -0.700787 0.330709 0.629921
vn -0.527559 0.440945 0.724409
vn -0.755906 0.425197 0.503937
vn -0.685039 0.047244 0.724409
vn -0.748031 0.078740 0.661417
vn -0.708661 0.181102 0.685039
vn -0.795276 0.007874 0.606299
vn -0.480315 0.055118 0.874016
vn 0.464567 -0.015748 -0.889764
vn 0.401575 0.055118 -0.913386
vn 0.141732 0.007874 -0.992126
vn 0.425197 -0.023622 -0.905512
vn 0.157480 -0.023622 -0.984252
vn 0.582677 -0.291339 -0.755905
vn 0.559055 -0.614173 -0.559055
vn 0.708661 -0.401575 -0.582677
vn -0.228346 -0.031496 -0.976378
vn -0.283465 0.007874 -0.960630
vn -0.551181 -0.007874 -0.834646
vn -0.055118 -0.047244 -1.000000
vn -0.433071 0.047244 -0.897638
vn -0.456693 -0.047244 -0.889764
vn 0.866142 0.188976 -0.456693
vn 0.803150 0.503937 0.307087
vn 0.196850 0.039370 -0.976378
vn 0.133858 -0.062992 -0.992126
vn 0.393701 -0.055118 -0.921260
vn 0.543307 -0.039370 -0.842520
vn 0.519685 -0.070866 -0.850394
vn 0.748031 -0.078740 -0.661417
vn 0.858268 -0.031496 -0.519685
vn 0.763780 -0.267717 -0.590551
vn 0.976378 -0.078740 -0.204724
vn 0.921260 -0.015748 -0.385827
vn 0.755906 0.047244 0.653543
vn 0.401575 0.307087 0.866142
vn 0.984252 0.039370 0.149606
vn 0.992126 0.031496 0.125984
vn 0.921260 0.094488 0.377953
vn 0.834646 0.062992 0.551181
vn 0.874016 0.204724 0.440945
vn 0.086614 0.181102 0.976378
vn 0.275591 0.055118 0.960630
vn 0.299213 0.039370 0.952756
vn -0.456693 0.039370 0.889764
vn -0.031496 0.039370 1.000000
vn 0.850394 0.062992 0.527559
vn 0.960630 -0.000000 -0.267716
vn 0.377953 0.118110 0.921260
vn 0.779528 0.251969 0.574803
vn 0.740157 0.330709 0.582677
vn 0.795276 0.078740 0.606299
vn 0.858268 0.236221 0.464567
vn 0.976378 0.181102 0.141732
vn 0.637795 0.070866 0.763779
vn 0.913386 -0.015748 -0.409449
vn 0.992126 0.102362 0.078740
vn 0.976378 0.031496 -0.228346
vn 0.811024 0.314961 0.496063
vn 0.669291 0.149606 0.724409
vn 0.763780 0.149606 0.629921
vn 0.409449 0.456693 0.795275
vn -0.228346 0.165354 0.960630
vn 0.220472 0.047244 0.976378
vn 0.330709 0.070866 0.944882
vn -0.889764 0.157480 0.425197
vn -0.905512 -0.110236 0.409449
vn -0.527559 0.031496 0.850394
vn -0.220472 0.023622 0.976378
vn -0.228346 -0.031496 0.976378
vn -0.582677 -0.007874 0.811023
vn -0.566929 0.141732 0.811023
vn -0.519685 0.433071 0.740157
vn -0.559055 -0.039370 0.826772
vn -0.669291 -0.086614 0.740157
vn -0.826772 -0.055118 0.559055
vn -0.614173 0.007874 0.787401
vn -0.448819 0.354331 0.818897
vn -0.401575 0.637795 0.661417
vn -0.181102 0.236221 0.952756
vn 0.236220 0.196850 0.952756
vn 0.582677 -0.385827 0.708661
vn -0.338583 0.102362 0.937008
vn -0.779528 0.023622 0.622047
vn 0.850394 -0.062992 0.519685
vn 0.952756 -0.173228 0.244094
vn 0.102362 0.062992 0.992126
vn 0.889764 -0.314961 -0.322835
vn 0.834646 -0.448819 -0.314961
vn 0.748031 0.078740 0.653543
vn 0.905512 -0.338583 -0.259842
vn 0.826772 -0.503937 -0.244094
vn -0.354331 0.023622 0.937008
vn 0.952756 -0.039370 -0.307087
vn 0.897638 -0.078740 -0.440945
vn 1.000000 -0.023622 0.070866
vn 0.897638 -0.023622 -0.440945
vn 1.000000 0.007874 -0.007874
vn 0.866142 0.007874 0.503937
vn 0.330709 0.007874 0.944882
vn 0.858268 -0.023622 0.503937
vn 0.574803 -0.047244 0.818897
vn 0.921260 -0.070866 0.385827
vn 0.929134 0.007874 -0.362205
vn 0.826772 -0.047244 -0.559055
vn 0.740157 -0.070866 -0.669291
vn 0.755906 -0.031496 -0.653543
vn 0.732283 -0.062992 -0.677165
vn 0.842520 -0.118110 -0.519685
vn 0.897638 -0.055118 -0.440945
vn 0.598425 -0.086614 -0.795275
vn 1.000000 0.047244 0.070866
vn 0.960630 0.141732 0.236220
vn 0.511811 -0.141732 -0.850394
vn 0.212598 -0.086614 -0.976378
vn 0.685039 -0.055118 -0.732283
vn 1.000000 0.007874 0.055118
vn 0.637795 0.141732 0.763779
vn 0.370079 0.259843 0.889764
vn 0.960630 0.102362 0.244094
vn -0.023622 0.212599 0.976378
vn -0.362205 0.259843 0.897638
vn -0.755906 0.307087 0.582677
vn 0.267717 0.409449 0.874016
vn 0.480315 -0.110236 -0.866142
vn 0.362205 -0.244094 0.897638
vn 0.141732 -0.062992 -0.984252
vn 0.472441 -0.110236 -0.874016
vn 0.960630 -0.283465 -0.007874
vn 0.992126 -0.102362 -0.094488
vn 0.503937 -0.118110 0.858268
vn 0.755906 0.031496 0.653543
vn 0.559055 -0.015748 0.826772
vn -0.141732 -0.023622 0.992126
vn 0.015748 0.015748 1.000000
vn 0.464567 -0.228346 0.850394
vn 0.346457 -0.094488 0.937008
vn 0.700787 -0.086614 0.708661
vn 0.913386 -0.094488 0.401575
vn 0.992126 -0.125984 0.078740
vn 0.417323 -0.385827 0.826772
vn 0.496063 -0.102362 0.858268
vn -0.346457 -0.102362 0.929134
vn -0.314961 0.023622 0.944882
vn -0.960630 0.007874 0.275591
vn -0.708661 0.047244 0.700787
vn -0.984252 -0.007874 -0.181102
vn -0.834646 0.055118 0.551181
vn -0.984252 0.000000 0.157480
vn -1.000000 -0.000000 -0.007874
vn -0.905512 0.000000 0.417323
vn -0.984252 0.055118 0.165354
vn -0.921260 -0.015748 0.393701
vn 0.566929 -0.503937 -0.653543
vn 0.314961 -0.433071 -0.842520
vn 0.653543 -0.385827 -0.645669
vn 0.685039 -0.259843 -0.685039
vn 0.669291 -0.307087 -0.677165
vn 0.716535 -0.133858 -0.685039
vn 0.685039 0.086614 -0.724409
vn 0.574803 0.614173 -0.543307
vn 0.425197 0.779527 -0.456693
vn 0.094488 0.992126 -0.094488
vn -0.322835 0.897638 0.291338
vn -0.401575 0.803150 0.448819
vn -0.685039 0.330709 0.645669
vn -0.692913 0.086614 0.716535
vn -0.724409 -0.110236 0.685039
vn -0.661417 -0.236220 0.708661
vn -0.685039 -0.362205 0.629921
vn -0.590551 -0.047244 0.803149
vn -0.692913 -0.015748 0.724409
vn -0.259843 0.070866 0.960630
vn -0.606299 -0.377953 0.700787
vn -0.188976 -0.196850 0.960630
vn 0.078740 0.086614 0.992126
vn 0.314961 0.236221 0.921260
vn 0.188976 -0.165354 0.968504
vn 0.039370 0.677165 0.732283
vn -0.062992 0.110236 0.992126
vn -0.283465 -0.346457 0.889764
vn 0.055118 0.078740 0.992126
vn 0.110236 -0.047244 0.992126
vn 0.141732 0.039370 0.992126
vn 0.212598 -0.228346 0.952756
vn 0.078740 0.818898 0.566929
vn -0.031496 1.000000 0.023622
vn 0.118110 0.968504 -0.236221
vn 0.015748 0.653543 -0.755905
vn 0.023622 0.952756 -0.291339
vn 0.456693 0.795276 0.393701
vn 0.370079 -0.015748 0.929134
vn 0.181102 -0.582677 0.795276
vn -0.779528 -0.110236 0.614173
vn -0.007874 0.370079 -0.929134
vn 0.070866 -0.244095 -0.968504
vn 0.236220 0.740157 0.629921
vn 0.629921 0.110236 -0.763779
vn 0.275591 -0.700787 -0.661417
vn -0.488189 0.598425 0.637795
vn -0.007874 -0.527559 -0.850394
vn -0.251969 -0.669291 -0.700787
vn 0.047244 -0.464567 -0.881890
vn 0.204724 -0.354331 -0.913386
vn 0.023622 -0.677165 -0.740157
vn -0.078740 -0.724409 -0.685039
vn -0.149606 -0.330709 -0.929134
vn -0.283465 -0.535433 -0.795275
vn -0.488189 -0.409449 -0.771653
vn -0.236220 -0.086614 -0.968504
vn 0.590551 -0.070866 -0.803149
vn 0.338583 -0.078740 -0.937008
vn 0.456693 -0.661417 -0.598425
vn 0.251969 -0.370079 -0.889764
vn 0.110236 0.874016 -0.472441
vn -0.283465 0.818898 0.496063
vn -0.700787 0.377953 0.606299
vn -0.338583 0.094488 0.937008
vn -0.503937 -0.244094 0.826772
vn -0.842520 0.110236 0.527559
vn -0.929134 -0.023622 0.370079
vn -0.842520 -0.094488 0.527559
vn -0.937008 -0.291339 0.204724
vn -0.834646 -0.196850 0.511811
vn -0.992126 -0.118110 0.015748
vn -0.921260 -0.307087 -0.251968
vn -0.850394 -0.220472 -0.472441
vn -0.614173 -0.362205 -0.700787
vn -0.503937 -0.181102 -0.842520
vn 0.015748 -0.220473 -0.976378
vn -0.039370 -0.118110 -0.992126
vn 0.346457 -0.023622 -0.937008
vn 0.448819 -0.086614 -0.889764
vn 0.551181 0.023622 -0.834646
vn 0.614173 -0.007874 -0.787401
vn 0.645669 0.118110 -0.755905
vn 0.700787 -0.023622 -0.716535
vn 0.677165 0.110236 -0.724409
vn 0.511811 0.204724 -0.834646
vn 0.732283 -0.015748 -0.677165
vn -0.314961 -0.433071 -0.842520
vn -0.566929 -0.503937 -0.653543
vn -0.653543 -0.385827 -0.645669
vn -0.685039 -0.259843 -0.685039
vn -0.669291 -0.307087 -0.677165
vn -0.716535 -0.133858 -0.685039
vn -0.685039 0.086614 -0.724409
vn -0.574803 0.614173 -0.543307
vn -0.425197 0.779527 -0.456693
vn -0.094488 0.992126 -0.094488
vn 0.322835 0.897638 0.291338
vn 0.401575 0.803150 0.448819
vn 0.685039 0.330709 0.645669
vn 0.692913 0.086614 0.716535
vn 0.724409 -0.110236 0.685039
vn 0.661417 -0.236220 0.708661
vn 0.685039 -0.362205 0.629921
vn 0.590551 -0.047244 0.803149
vn 0.692913 -0.015748 0.724409
vn 0.606299 -0.377953 0.700787
vn 0.259843 0.070866 0.960630
vn 0.188976 -0.196850 0.960630
vn -0.078740 0.086614 0.992126
vn -0.314961 0.236221 0.921260
vn -0.188976 -0.165354 0.968504
vn -0.039370 0.677165 0.732283
vn 0.062992 0.110236 0.992126
vn 0.283465 -0.346457 0.889764
vn -0.055118 0.078740 0.992126
vn -0.110236 -0.047244 0.992126
vn -0.141732 0.039370 0.992126
vn -0.212598 -0.228346 0.952756
vn -0.078740 0.818898 0.566929
vn 0.031496 1.000000 0.023622
vn -0.118110 0.968504 -0.236221
vn -0.015748 0.653543 -0.755905
vn -0.023622 0.952756 -0.291339
vn -0.456693 0.795276 0.393701
vn -0.370079 -0.015748 0.929134
vn -0.181102 -0.582677 0.795276
vn 0.779528 -0.110236 0.614173
vn 0.007874 0.370079 -0.929134
vn -0.070866 -0.244095 -0.968504
vn -0.236220 0.740157 0.629921
vn -0.629921 0.110236 -0.763779
vn -0.275591 -0.700787 -0.661417
vn 0.488189 0.598425 0.637795
vn 0.007874 -0.527559 -0.850394
vn 0.251969 -0.669291 -0.700787
vn -0.047244 -0.464567 -0.881890
vn -0.204724 -0.354331 -0.913386
vn -0.023622 -0.677165 -0.740157
vn 0.078740 -0.724409 -0.685039
vn 0.149606 -0.330709 -0.929134
vn 0.283465 -0.535433 -0.795275
vn 0.488189 -0.409449 -0.771653
vn 0.236220 -0.086614 -0.968504
vn -0.590551 -0.070866 -0.803149
vn -0.338583 -0.078740 -0.937008
vn -0.456693 -0.661417 -0.598425
vn -0.251969 -0.370079 -0.889764
vn -0.110236 0.874016 -0.472441
vn 0.283465 0.818898 0.496063
vn 0.700787 0.377953 0.606299
vn 0.338583 0.094488 0.937008
vn 0.503937 -0.244094 0.826772
vn 0.929134 -0.023622 0.370079
vn 0.842520 0.110236 0.527559
vn 0.842520 -0.094488 0.527559
vn 0.937008 -0.291339 0.204724
vn 0.834646 -0.196850 0.511811
vn 0.992126 -0.118110 0.015748
vn 0.921260 -0.307087 -0.251968
vn 0.850394 -0.220472 -0.472441
vn 0.614173 -0.362205 -0.700787
vn 0.503937 -0.181102 -0.842520
vn -0.015748 -0.220473 -0.976378
vn 0.039370 -0.118110 -0.992126
vn -0.346457 -0.023622 -0.937008
vn -0.448819 -0.086614 -0.889764
vn -0.551181 0.023622 -0.834646
vn -0.614173 -0.007874 -0.787401
vn -0.645669 0.118110 -0.755905
vn -0.700787 -0.023622 -0.716535
vn -0.677165 0.110236 -0.724409
vn -0.732283 -0.015748 -0.677165
vn -0.511811 0.204724 -0.834646
vn -0.314961 0.433071 0.842520
vn -0.566929 0.503937 0.653543
vn -0.653543 0.385827 0.645669
vn -0.685039 0.259843 0.685039
vn -0.669291 0.307087 0.677165
vn -0.716535 0.133858 0.685039
vn -0.685039 -0.086614 0.724409
vn -0.574803 -0.614173 0.543307
vn -0.425197 -0.779527 0.456693
vn -0.094488 -0.992126 0.094488
vn 0.322835 -0.897638 -0.291338
vn 0.401575 -0.803150 -0.448819
vn 0.685039 -0.330709 -0.645669
vn 0.692913 -0.086614 -0.716535
vn 0.724409 0.110236 -0.685039
vn 0.661417 0.236220 -0.708661
vn 0.685039 0.362205 -0.629921
vn 0.590551 0.047244 -0.803149
vn 0.692913 0.015748 -0.724409
vn 0.606299 0.377953 -0.700787
vn 0.259843 -0.070866 -0.960630
vn 0.188976 0.196850 -0.960630
vn -0.078740 -0.086614 -0.992126
vn -0.314961 -0.236221 -0.921260
vn -0.188976 0.165354 -0.968504
vn -0.039370 -0.677165 -0.732283
vn 0.062992 -0.110236 -0.992126
vn 0.283465 0.346457 -0.889764
vn -0.055118 -0.078740 -0.992126
vn -0.110236 0.047244 -0.992126
vn -0.141732 -0.039370 -0.992126
vn -0.212598 0.228346 -0.952756
vn -0.078740 -0.818898 -0.566929
vn 0.031496 -1.000000 -0.023622
vn -0.118110 -0.968504 0.236221
vn -0.015748 -0.653543 0.755905
vn -0.023622 -0.952756 0.291339
vn -0.456693 -0.795276 -0.393701
vn -0.370079 0.015748 -0.929134
vn -0.181102 0.582677 -0.795276
vn 0.779528 0.110236 -0.614173
vn 0.007874 -0.370079 0.929134
vn -0.070866 0.244095 0.968504
vn -0.236220 -0.740157 -0.629921
vn -0.275591 0.700787 0.661417
vn -0.629921 -0.110236 0.763779
vn 0.488189 -0.598425 -0.637795
vn 0.007874 0.527559 0.850394
vn 0.251969 0.669291 0.700787
vn -0.047244 0.464567 0.881890
vn -0.204724 0.354331 0.913386
vn -0.023622 0.677165 0.740157
vn 0.078740 0.724409 0.685039
vn 0.149606 0.330709 0.929134
vn 0.283465 0.535433 0.795275
vn 0.488189 0.409449 0.771653
vn 0.236220 0.086614 0.968504
vn -0.590551 0.070866 0.803149
vn -0.338583 0.078740 0.937008
vn -0.456693 0.661417 0.598425
vn -0.251969 0.370079 0.889764
vn -0.110236 -0.874016 0.472441
vn 0.283465 -0.818898 -0.496063
vn 0.700787 -0.377953 -0.606299
vn 0.338583 -0.094488 -0.937008
vn 0.503937 0.244094 -0.826772
vn 0.929134 0.023622 -0.370079
vn 0.842520 -0.110236 -0.527559
vn 0.842520 0.094488 -0.527559
vn 0.937008 0.291339 -0.204724
vn 0.834646 0.196850 -0.511811
vn 0.992126 0.118110 -0.015748
vn 0.921260 0.307087 0.251968
vn 0.850394 0.220472 0.472441
vn 0.614173 0.362205 0.700787
vn 0.503937 0.181102 0.842520
vn -0.015748 0.220473 0.976378
vn 0.039370 0.118110 0.992126
vn -0.346457 0.023622 0.937008
vn -0.448819 0.086614 0.889764
vn -0.551181 -0.023622 0.834646
vn -0.614173 0.007874 0.787401
vn -0.645669 -0.118110 0.755905
vn -0.700787 0.023622 0.716535
vn -0.677165 -0.110236 0.724409
vn -0.732283 0.015748 0.677165
vn -0.511811 -0.204724 0.834646
vn 0.566929 0.503937 0.653543
vn 0.314961 0.433071 0.842520
vn 0.653543 0.385827 0.645669
vn 0.685039 0.259843 0.685039
vn 0.669291 0.307087 0.677165
vn 0.716535 0.133858 0.685039
vn 0.685039 -0.086614 0.724409
vn 0.574803 -0.614173 0.543307
vn 0.425197 -0.779527 0.456693
vn 0.094488 -0.992126 0.094488
vn -0.322835 -0.897638 -0.291338
vn -0.401575 -0.803150 -0.448819
vn -0.685039 -0.330709 -0.645669
vn -0.692913 -0.086614 -0.716535
vn -0.724409 0.110236 -0.685039
vn -0.661417 0.236220 -0.708661
vn -0.685039 0.362205 -0.629921
vn -0.590551 0.047244 -0.803149
vn -0.692913 0.015748 -0.724409
vn -0.259843 -0.070866 -0.960630
vn -0.606299 0.377953 -0.700787
vn -0.188976 0.196850 -0.960630
vn 0.078740 -0.086614 -0.992126
vn 0.314961 -0.236221 -0.921260
vn 0.188976 0.165354 -0.968504
vn 0.039370 -0.677165 -0.732283
vn -0.062992 -0.110236 -0.992126
vn -0.283465 0.346457 -0.889764
vn 0.055118 -0.078740 -0.992126
vn 0.110236 0.047244 -0.992126
vn 0.141732 -0.039370 -0.992126
vn 0.212598 0.228346 -0.952756
vn 0.078740 -0.818898 -0.566929
vn -0.031496 -1.000000 -0.023622
vn 0.118110 -0.968504 0.236221
vn 0.015748 -0.653543 0.755905
vn 0.023622 -0.952756 0.291339
vn 0.456693 -0.795276 -0.393701
vn 0.370079 0.015748 -0.929134
vn 0.181102 0.582677 -0.795276
vn -0.779528 0.110236 -0.614173
vn -0.007874 -0.370079 0.929134
vn 0.070866 0.244095 0.968504
vn 0.236220 -0.740157 -0.629921
vn 0.629921 -0.110236 0.763779
vn 0.275591 0.700787 0.661417
vn -0.488189 -0.598425 -0.637795
vn -0.007874 0.527559 0.850394
vn -0.251969 0.669291 0.700787
vn 0.047244 0.464567 0.881890
vn 0.204724 0.354331 0.913386
vn 0.023622 0.677165 0.740157
vn -0.078740 0.724409 0.685039
vn -0.149606 0.330709 0.929134
vn -0.283465 0.535433 0.795275
vn -0.488189 0.409449 0.771653
vn -0.236220 0.086614 0.968504
vn 0.590551 0.070866 0.803149
vn 0.338583 0.078740 0.937008
vn 0.456693 0.661417 0.598425
vn 0.251969 0.370079 0.889764
vn 0.110236 -0.874016 0.472441
vn -0.283465 -0.818898 -0.496063
vn -0.700787 -0.377953 -0.606299
vn -0.338583 -0.094488 -0.937008
vn -0.503937 0.244094 -0.826772
vn -0.842520 -0.110236 -0.527559
vn -0.929134 0.023622 -0.370079
vn -0.842520 0.094488 -0.527559
vn -0.937008 0.291339 -0.204724
vn -0.834646 0.196850 -0.511811
vn -0.992126 0.118110 -0.015748
vn -0.921260 0.307087 0.251968
vn -0.850394 0.220472 0.472441
vn -0.614173 0.362205 0.700787
vn -0.503937 0.181102 0.842520
vn 0.015748 0.220473 0.976378
vn -0.039370 0.118110 0.992126
vn 0.346457 0.023622 0.937008
vn 0.448819 0.086614 0.889764
vn 0.551181 -0.023622 0.834646
vn 0.614173 0.007874 0.787401
vn 0.645669 -0.118110 0.755905
vn 0.700787 0.023622 0.716535
vn 0.677165 -0.110236 0.724409
vn 0.511811 -0.204724 0.834646
vn 0.732283 0.015748 0.677165
vn 0.118110 -0.535433 -0.834646
vn -0.598425 -0.181102 -0.779527
vn -0.141732 -0.551181 -0.818897
vn -0.842520 -0.157480 -0.519685
vn -1.000000 -0.031496 0.062992
vn -0.881890 -0.125984 -0.448819
vn -0.858268 -0.196850 -0.472441
vn -0.874016 -0.149606 -0.464567
vn -0.440945 -0.118110 -0.889764
vn 0.440945 0.622047 -0.645669
vn -0.251969 -0.322835 -0.913386
vn 0.204724 -0.196850 -0.960630
vn 0.535433 0.055118 -0.842520
vn 0.598425 -0.141732 -0.787401
vn 0.779528 0.039370 -0.629921
vn 0.897638 0.433071 0.023622
vn 0.748031 0.157480 0.645669
vn 0.984252 0.188976 -0.031496
vn 0.614173 0.330709 0.716535
vn -0.338583 0.062992 0.937008
vn 0.937008 0.047244 0.354331
vn 0.748031 0.062992 -0.653543
vn -0.094488 0.251969 0.960630
vn 0.937008 0.133858 -0.322835
vn 0.362205 0.157480 0.921260
vn -0.007874 0.267717 0.960630
vn -0.440945 0.275591 0.858268
vn -0.118110 0.133858 0.984252
vn -0.110236 0.330709 0.937008
vn -0.165354 0.236221 0.960630
vn 0.480315 0.212599 0.850394
vn 0.968504 -0.039370 0.259842
vn 0.535433 0.062992 0.842520
vn 0.062992 1.000000 -0.055118
vn 0.181102 0.976378 -0.141732
vn 0.000000 1.000000 -0.015748
vn 0.283465 0.937008 -0.188976
vn 0.543307 0.811023 -0.236221
vn 0.637795 0.669291 -0.377953
vn 0.755906 0.535433 -0.370079
vn 0.614173 0.661417 -0.425197
vn 0.503937 0.401575 -0.763779
vn 0.952756 -0.007874 -0.314961
vn 0.921260 -0.291339 -0.259842
vn -0.118110 -0.031496 -0.992126
vn -0.818898 -0.527559 -0.236220
vn 0.944882 -0.314961 -0.078740
vn 0.960630 -0.259842 -0.110236
vn 0.984252 -0.149606 -0.039370
vn 0.968504 -0.133858 0.220472
vn 0.858268 0.204724 -0.464567
vn 0.763780 0.314961 -0.566929
vn 0.984252 -0.039370 0.165354
vn 0.763780 0.047244 -0.645669
vn 0.944882 -0.062992 0.307087
vn 0.897638 -0.125984 0.425197
vn 0.984252 -0.031496 -0.173228
vn 0.984252 0.007874 0.157480
vn 0.889764 -0.015748 0.456693
vn 0.771654 -0.031496 0.629921
vn 0.818898 0.015748 -0.574803
vn 0.748031 0.125984 0.645669
vn 0.574803 0.188976 0.795275
vn 0.905512 0.173228 0.377953
vn 0.716535 0.338583 0.606299
vn 0.582677 0.346457 0.732283
vn 0.582677 0.598425 0.551181
vn 0.874016 0.377953 0.314961
vn 0.535433 0.763779 0.362205
vn 0.677165 0.724409 0.141732
vn 0.637795 0.732283 0.228346
vn 0.944882 0.299213 -0.133858
vn 0.992126 0.047244 -0.118110
vn 0.960630 -0.015748 -0.283465
vn 0.795276 -0.047244 -0.606299
vn 0.858268 0.015748 -0.519685
vn 0.519685 -0.047244 -0.850394
vn 0.322835 -0.094488 -0.944882
vn 0.771654 0.110236 -0.622047
vn 0.464567 -0.023622 -0.881890
vn -0.062992 -0.125984 -0.992126
vn -0.456693 -0.062992 -0.889764
vn -0.173228 -0.196850 -0.968504
vn -0.622047 -0.133858 -0.771653
vn -0.889764 -0.401575 -0.220472
vn -0.677165 -0.677165 0.291339
vn -0.984252 -0.015748 -0.157480
vn -0.960630 -0.141732 0.228346
vn -0.755906 -0.330709 0.559055
vn -0.905512 -0.039370 0.417323
vn -0.700787 -0.645669 0.291339
vn -0.511811 -0.858268 0.094488
vn -0.842520 -0.078740 0.527559
vn -0.842520 -0.535433 0.086614
vn -0.629921 0.015748 -0.779527
vn -0.921260 -0.244094 0.307087
vn 0.259843 0.047244 -0.960630
vn -1.000000 -0.062992 0.047244
vn -0.929134 -0.055118 0.370079
vn -1.000000 -0.047244 0.070866
vn -0.779528 0.086614 0.622047
vn -0.913386 0.023622 0.409449
vn -0.669291 -0.086614 0.732283
vn -0.677165 0.000000 0.740157
vn -0.992126 -0.078740 0.086614
vn -0.653543 -0.055118 0.755905
vn -0.897638 -0.141732 -0.425197
vn -0.976378 -0.212598 0.047244
vn -0.748031 -0.259843 -0.614173
vn -0.417323 -0.055118 0.905512
vn -0.433071 -0.574803 -0.692913
vn -0.377953 0.015748 0.929134
vn -0.535433 -0.031496 0.842520
vn -0.866142 -0.393701 0.299213
vn -0.889764 -0.047244 0.456693
vn -0.779528 -0.244094 0.574803
vn -0.984252 -0.055118 0.157480
vn -0.984252 0.015748 -0.188976
vn -0.992126 -0.094488 -0.031496
vn -0.929134 -0.023622 -0.377953
vn -0.921260 -0.385827 0.062992
vn -0.889764 -0.181102 -0.409449
vn -0.952756 -0.236220 -0.196850
vn -0.842520 0.015748 -0.543307
vn -0.724409 -0.330709 -0.606299
vn -0.645669 -0.204724 -0.732283
vn -0.708661 -0.598425 -0.377953
vn -0.937008 0.118110 -0.314961
vn -0.724409 -0.000000 -0.692913
vn -0.377953 -0.362205 -0.850394
vn -0.291339 -0.196850 -0.937008
vn -0.653543 -0.755905 -0.039370
vn -0.377953 -0.716535 -0.582677
vn 0.692913 0.070866 -0.724409
vn -0.795276 -0.543307 0.267717
vn 0.874016 0.433071 -0.212598
vn -0.637795 -0.669291 -0.377953
vn 0.566929 0.094488 -0.818897
vn -0.496063 -0.669291 -0.551181
vn 0.078740 -0.283465 -0.960630
vn 0.826772 0.456693 -0.330709
vn 0.637795 0.354331 -0.685039
vn -0.362205 -0.377953 -0.850394
vn 0.818898 0.574803 0.055118
vn -0.629921 -0.527559 -0.566929
vn 0.740157 0.566929 0.370079
vn -0.535433 -0.433071 -0.724409
vn -0.779528 -0.535433 -0.330709
vn 0.212598 0.188976 -0.960630
vn -0.440945 -0.283465 -0.850394
vn 0.165354 0.149606 -0.976378
vn -0.307087 -0.322835 -0.889764
vn -0.724409 -0.519685 -0.456693
vn 0.062992 -0.236221 -0.968504
vn 0.031496 -0.086614 -0.992126
vn -0.015748 0.031496 -1.000000
vn 0.574803 0.299212 -0.763779
vn 0.661417 0.582677 0.464567
vn 0.976378 0.196850 0.047244
vn 0.692913 0.409449 0.598425
vn 0.566929 0.519685 0.637795
vn 0.220472 0.409449 0.889764
vn 0.519685 0.503937 0.685039
vn 0.732283 0.503937 0.464567
vn 0.448819 0.519685 0.724409
vn 0.645669 0.637795 0.425197
vn 0.551181 0.385827 0.740157
vn 0.968504 0.141732 -0.212598
vn 0.102362 -0.322835 -0.937008
vn 0.629921 -0.204724 -0.755905
vn 0.527559 -0.401575 -0.755905
vn 0.685039 0.669291 0.291338
vn 0.598425 -0.275591 -0.755905
vn 0.921260 0.393701 -0.055118
vn 0.842520 0.535433 -0.110236
vn 0.818898 0.070866 -0.566929
vn 0.748031 0.228346 -0.622047
vn 0.141732 -0.314961 -0.937008
vn -0.023622 -0.488189 -0.874016
vn -0.645669 -0.527559 -0.559055
vn -0.661417 -0.464567 -0.590551
vn -0.031496 -0.401575 -0.913386
vn -0.771654 -0.433071 -0.464567
vn -0.574803 -0.574803 -0.582677
vn -0.307087 -0.472441 -0.826771
vn 0.503937 -0.259843 -0.818897
vn -0.370079 -0.590551 -0.716535
vn 0.401575 -0.125984 -0.905512
vn 0.188976 -0.377953 -0.905512
vn 0.968504 0.251968 0.031496
vn 0.614173 -0.118110 -0.779527
vn 0.897638 0.322835 0.314961
vn 0.188976 -0.377953 -0.905512
vn -0.094488 -0.480315 -0.874016
vn -0.511811 -0.598425 -0.614173
vn -0.299213 -0.456693 -0.842520
vn -0.724409 -0.456693 -0.519685
vn -0.952756 -0.291339 0.047244
vn -0.543307 -0.440945 -0.716535
vn -0.952756 -0.267716 -0.118110
vn -0.086614 -0.220473 -0.968504
vn -0.968504 -0.149606 -0.212598
vn 0.905512 0.118110 -0.401575
vn 0.771654 0.023622 -0.637795
vn 0.992126 0.094488 0.118110
vn -0.535433 -0.125984 -0.834646
vn 0.803150 0.212598 0.559055
vn 0.944882 0.023622 -0.322835
vn 0.897638 0.039370 0.448819
vn 0.669291 0.039370 0.740157
vn 0.291339 -0.000000 -0.952756
vn 0.952756 -0.007874 0.307087
vn -0.110236 0.031496 -0.992126
vn 0.535433 0.181102 0.826772
vn 0.393701 0.110236 -0.913386
vn -0.795276 -0.055118 -0.606299
vn 0.889764 0.118110 -0.440945
vn -0.992126 -0.062992 -0.062992
vn -0.448819 0.070866 -0.889764
vn -0.976378 -0.070866 -0.188976
vn -0.929134 -0.102362 0.346457
vn -0.992126 0.055118 -0.110236
vn -0.803150 0.078740 0.582677
vn -1.000000 -0.039370 0.000000
vn -0.992126 -0.102362 -0.031496
vn -1.000000 0.078740 -0.007874
vn 0.314961 0.181102 -0.929134
vn 0.763780 0.354331 -0.535433
vn -0.763780 -0.456693 -0.456693
vn -0.291339 -0.023622 -0.960630
vn 0.606299 0.645669 -0.464567
vn -0.779528 -0.598425 0.204724
vn 0.787402 0.590551 -0.173228
vn -0.866142 -0.456693 0.196850
vn -0.929134 -0.370079 0.086614
vn 0.622047 0.748031 -0.228347
vn -0.976378 -0.196850 0.015748
vn -0.905512 -0.015748 -0.425197
vn -0.330709 0.007874 -0.944882
vn 0.110236 0.204724 -0.976378
vn -0.960630 0.047244 -0.267716
vn -0.763780 0.070866 -0.645669
vn 0.488189 -0.039370 -0.874016
vn 0.984252 -0.031496 -0.181102
vn -0.055118 0.007874 -1.000000
vn 0.866142 -0.015748 -0.496063
vn 0.952756 -0.015748 0.291339
vn 0.960630 0.031496 0.267716
vn 0.685039 0.023622 -0.724409
vn 1.000000 -0.039370 0.062992
vn -0.141732 0.118110 -0.984252
vn 0.818898 0.047244 -0.566929
vn 0.732283 -0.031496 0.677165
vn 0.834646 0.015748 0.551181
vn 0.937008 0.094488 0.330709
vn 0.968504 0.196850 -0.173228
vn 0.992126 0.118110 0.031496
vn 0.708661 0.015748 0.708661
vn 0.937008 0.094488 0.346457
vn 0.543307 0.015748 0.834646
vn 0.472441 0.165354 0.866142
vn 0.763780 0.070866 0.637795
vn 0.984252 0.078740 0.181102
vn 0.984252 0.094488 -0.149606
vn 0.937008 0.070866 -0.346457
vn 0.370079 0.157480 0.913386
vn 0.795276 0.236221 0.559055
vn 0.984252 0.173228 -0.015748
vn 0.779528 0.023622 -0.622047
vn 0.440945 0.330709 0.834646
vn 0.818898 -0.015748 -0.566929
vn 0.244094 -0.236221 -0.937008
vn 0.842520 0.307087 0.433071
vn 0.748031 -0.212598 -0.629921
vn 0.708661 -0.228346 -0.661417
vn 0.960630 -0.125984 -0.244094
vn 0.866142 -0.244095 -0.440945
vn 0.976378 0.125984 0.157480
vn 0.661417 -0.275591 -0.692913
vn 0.338583 -0.322835 -0.881890
vn 0.433071 -0.346457 -0.834646
vn 0.992126 -0.078740 -0.110236
vn 0.866142 0.031496 0.503937
vn 0.574803 0.370079 0.732283
vn 0.622047 0.259843 0.740157
vn 0.259843 0.354331 0.897638
vn 0.267717 0.354331 0.897638
vn 0.755906 0.377953 0.535433
vn 0.803150 0.346457 0.488189
vn 0.834646 0.377953 0.409449
vn 0.921260 0.102362 -0.370079
vn 0.716535 0.181102 -0.669291
vn -0.165354 0.055118 -0.984252
vn 0.952756 0.299213 0.023622
vn -0.188976 -0.251969 -0.952756
vn -0.826772 -0.299213 -0.472441
vn 0.645669 -0.110236 -0.755905
vn 0.007874 -0.330709 -0.944882
vn -0.779528 -0.425197 -0.464567
vn -0.409449 -0.244095 -0.881890
vn 0.354331 0.015748 -0.937008
vn -0.110236 -0.141732 -0.984252
vn 0.433071 0.094488 -0.897638
vn -0.346457 -0.141732 -0.929134
vn 0.031496 -0.110236 -0.992126
vn -0.110236 -0.488189 -0.866142
vn -0.921260 -0.259843 -0.299213
vn 0.125984 -0.228347 -0.968504
vn -0.511811 -0.456693 -0.732283
vn -0.078740 -0.070866 -0.992126
vn -0.732283 -0.496063 -0.464567
vn -0.740157 0.062992 -0.669291
vn -0.551181 -0.236221 -0.803149
vn -0.535433 -0.559055 -0.629921
vn -0.889764 0.141732 -0.425197
vn -0.661417 -0.023622 -0.755905
vn -0.858268 0.031496 -0.519685
vn -0.976378 -0.102362 -0.173228
vn -0.937008 -0.086614 -0.330709
vn -0.566929 -0.125984 -0.811023
vn -0.267717 -0.212599 -0.937008
vn -0.425197 -0.338583 -0.834646
vn -0.748031 -0.228346 -0.622047
vn -0.692913 -0.393701 -0.598425
vn -0.976378 -0.157480 -0.149606
vn -0.984252 -0.157480 0.062992
vn -0.976378 -0.133858 0.173228
vn -0.905512 -0.007874 0.433071
vn -0.881890 -0.125984 0.448819
vn -0.181102 0.976378 -0.141732
vn -0.062992 1.000000 -0.055118
vn 0.000000 1.000000 -0.015748
vn -0.283465 0.937008 -0.188976
vn -0.543307 0.811023 -0.236221
vn -0.637795 0.669291 -0.377953
vn -0.755906 0.535433 -0.370079
vn -0.614173 0.661417 -0.425197
vn -0.503937 0.401575 -0.763779
vn -0.952756 -0.007874 -0.314961
vn -0.921260 -0.291339 -0.259842
vn 0.118110 -0.031496 -0.992126
vn 0.818898 -0.527559 -0.236220
vn -0.944882 -0.314961 -0.078740
vn -0.960630 -0.259842 -0.110236
vn -0.984252 -0.149606 -0.039370
vn -0.968504 -0.133858 0.220472
vn -0.858268 0.204724 -0.464567
vn -0.763780 0.314961 -0.566929
vn -0.984252 -0.039370 0.165354
vn -0.464567 -0.023622 -0.881890
vn -0.944882 -0.062992 0.307087
vn -0.897638 -0.125984 0.425197
vn -0.984252 -0.031496 -0.173228
vn -0.889764 -0.015748 0.456693
vn -0.771654 -0.031496 0.629921
vn -0.984252 0.007874 0.157480
vn -0.748031 0.125984 0.645669
vn -0.574803 0.188976 0.795275
vn -0.905512 0.173228 0.377953
vn -0.716535 0.338583 0.606299
vn -0.582677 0.346457 0.732283
vn -0.582677 0.598425 0.551181
vn -0.874016 0.377953 0.314961
vn -0.535433 0.763779 0.362205
vn -0.677165 0.724409 0.133858
vn -0.637795 0.732283 0.236220
vn -0.944882 0.299213 -0.133858
vn -0.992126 0.047244 -0.118110
vn -0.960630 -0.015748 -0.283465
vn -0.858268 0.015748 -0.519685
vn -0.818898 0.015748 -0.574803
vn -0.795276 -0.047244 -0.606299
vn -0.763780 0.047244 -0.645669
vn -0.519685 -0.047244 -0.850394
vn -0.322835 -0.094488 -0.944882
vn 0.062992 -0.125984 -0.992126
vn -0.771654 0.110236 -0.622047
vn 0.181102 -0.196850 -0.960630
vn 0.456693 -0.062992 -0.889764
vn 0.622047 -0.133858 -0.771653
vn 0.889764 -0.401575 -0.220472
vn 0.677165 -0.677165 0.291339
vn 0.984252 -0.015748 -0.157480
vn 0.960630 -0.141732 0.228346
vn 0.755906 -0.330709 0.559055
vn 0.905512 -0.039370 0.417323
vn 0.700787 -0.645669 0.291339
vn 0.511811 -0.858268 0.094488
vn 0.842520 -0.078740 0.527559
vn 0.842520 -0.535433 0.086614
vn 0.629921 0.015748 -0.771653
vn 0.929134 -0.228346 0.299213
vn 0.755906 0.070866 0.653543
vn 0.874016 -0.055118 0.480315
vn 0.913386 0.023622 0.409449
vn 0.606299 -0.078740 0.787401
vn 0.582677 -0.039370 0.811023
vn 0.992126 -0.078740 0.086614
vn 0.818898 -0.086614 0.566929
vn 0.897638 -0.141732 -0.425197
vn 0.976378 -0.220472 0.023622
vn 0.748031 -0.259843 -0.614173
vn 0.425197 -0.015748 0.905512
vn 0.448819 -0.582677 -0.685039
vn 0.385827 -0.031496 0.921260
vn 0.417323 0.015748 0.905512
vn 0.929134 -0.055118 0.377953
vn 0.866142 -0.393701 0.307087
vn 1.000000 -0.015748 0.023622
vn 0.952756 -0.196850 0.212598
vn 0.976378 -0.125984 0.157480
vn 0.763780 -0.220472 0.606299
vn 0.874016 -0.086614 -0.472441
vn 0.771654 -0.464567 0.425197
vn 0.992126 0.062992 -0.125984
vn -0.102362 -0.023622 -0.992126
vn 0.803150 0.086614 -0.590551
vn -0.440945 0.740157 -0.503937
vn -0.283465 0.944882 -0.165354
vn -0.622047 0.748031 -0.228347
vn -0.031496 -0.007874 -1.000000
vn -0.874016 0.370079 -0.330709
vn -0.905512 -0.055118 -0.425197
vn -0.787402 0.590551 -0.173228
vn -0.606299 0.645669 -0.464567
vn -0.834646 -0.055118 -0.543307
vn -0.763780 0.354331 -0.535433
vn 0.291339 -0.023622 -0.960630
vn -0.968504 0.251968 0.023622
vn -1.000000 -0.062992 0.062992
vn 0.047244 0.047244 -1.000000
vn -0.968504 -0.094488 -0.220472
vn -0.960630 0.039370 0.275591
vn -0.401575 0.015748 -0.913386
vn -0.929134 0.149606 -0.338583
vn 0.393701 0.086614 -0.913386
vn -0.992126 0.007874 0.118110
vn -0.881890 -0.110236 0.448819
vn -0.866142 -0.047244 0.496063
vn -0.716535 -0.031496 0.692913
vn -0.850394 -0.023622 0.519685
vn -0.811024 0.125984 0.566929
vn -0.582677 0.125984 0.803149
vn -1.000000 0.015748 -0.039370
vn -0.889764 0.039370 0.448819
vn -0.803150 0.212598 0.559055
vn -0.984252 0.102362 0.125984
vn -0.842520 0.047244 -0.535433
vn -0.874016 0.031496 -0.480315
vn -0.385827 0.102362 -0.921260
vn -0.385827 -0.007874 -0.921260
vn -0.937008 0.133858 -0.322835
vn -0.314961 0.181102 -0.929134
vn 0.763780 -0.456693 -0.456693
vn 0.779528 -0.598425 0.204724
vn 0.992126 -0.110236 -0.031496
vn 0.866142 -0.456693 0.196850
vn 0.929134 -0.370079 0.086614
vn 0.976378 -0.196850 0.015748
vn 0.480315 0.070866 -0.874016
vn 0.905512 -0.015748 -0.425197
vn 1.000000 0.078740 -0.007874
vn 0.992126 0.055118 -0.102362
vn 0.330709 0.007874 -0.944882
vn -0.110236 0.204724 -0.976378
vn 0.960630 0.047244 -0.267716
vn -0.488189 -0.039370 -0.874016
vn -0.984252 -0.031496 -0.181102
vn 0.763780 0.070866 -0.645669
vn 0.055118 0.007874 -1.000000
vn -0.866142 -0.015748 -0.496063
vn -0.952756 -0.015748 0.291339
vn -0.960630 0.031496 0.267716
vn -0.685039 0.023622 -0.724409
vn -0.834646 0.015748 0.551181
vn 0.141732 0.118110 -0.984252
vn -1.000000 -0.039370 0.062992
vn -0.818898 0.047244 -0.566929
vn -0.732283 -0.031496 0.677165
vn -0.937008 0.094488 0.346457
vn -0.937008 0.094488 0.330709
vn -0.968504 0.196850 -0.173228
vn -0.992126 0.118110 0.031496
vn -0.708661 0.015748 0.708661
vn -0.984252 0.078740 0.181102
vn -0.984252 0.094488 -0.149606
vn -0.937008 0.070866 -0.346457
vn -0.763780 0.070866 0.637795
vn -0.543307 0.015748 0.834646
vn -0.472441 0.165354 0.866142
vn -0.370079 0.157480 0.913386
vn -0.795276 0.236221 0.559055
vn -0.984252 0.173228 -0.015748
vn -0.779528 0.023622 -0.622047
vn -0.440945 0.330709 0.834646
vn -0.818898 -0.015748 -0.566929
vn -0.244094 -0.236221 -0.937008
vn -0.842520 0.307087 0.433071
vn -0.748031 -0.212598 -0.629921
vn -0.708661 -0.228346 -0.661417
vn -0.960630 -0.125984 -0.244094
vn -0.866142 -0.244095 -0.440945
vn -0.976378 0.125984 0.157480
vn -0.661417 -0.275591 -0.692913
vn -0.338583 -0.322835 -0.881890
vn -0.433071 -0.346457 -0.834646
vn -0.992126 -0.078740 -0.110236
vn -0.866142 0.031496 0.503937
vn -0.574803 0.370079 0.732283
vn -0.622047 0.259843 0.740157
vn -0.259843 0.354331 0.897638
vn -0.267717 0.354331 0.897638
vn -0.755906 0.377953 0.535433
vn -0.803150 0.346457 0.488189
vn -0.834646 0.377953 0.409449
vn -0.921260 0.102362 -0.370079
vn -0.716535 0.181102 -0.669291
vn 0.165354 0.055118 -0.984252
vn -0.952756 0.299213 0.023622
vn 0.188976 -0.251969 -0.952756
vn 0.826772 -0.299213 -0.472441
vn -0.645669 -0.110236 -0.755905
vn -0.007874 -0.330709 -0.944882
vn 0.779528 -0.425197 -0.464567
vn 0.409449 -0.244095 -0.881890
vn -0.354331 0.015748 -0.937008
vn 0.110236 -0.141732 -0.984252
vn -0.433071 0.094488 -0.897638
vn 0.322835 -0.141732 -0.937008
vn 0.952756 -0.275590 0.133858
vn -0.031496 -0.110236 -0.992126
vn 0.275591 -0.181102 -0.944882
vn 0.110236 -0.488189 -0.866142
vn 0.858268 -0.322835 -0.393701
vn 0.511811 -0.456693 -0.732283
vn -0.125984 -0.228347 -0.968504
vn 0.732283 -0.496063 -0.464567
vn 0.078740 -0.070866 -0.992126
vn 0.535433 -0.559055 -0.629921
vn 0.740157 0.062992 -0.669291
vn 0.551181 -0.236221 -0.803149
vn 0.889764 0.141732 -0.425197
vn 0.661417 -0.023622 -0.755905
vn 0.425197 -0.338583 -0.834646
vn 0.858268 0.031496 -0.519685
vn 0.267717 -0.212599 -0.937008
vn 0.566929 -0.125984 -0.811023
vn 0.685039 -0.401575 -0.606299
vn 0.748031 -0.228346 -0.622047
vn 0.952756 -0.094488 -0.283465
vn 0.976378 -0.102362 -0.173228
vn 1.000000 -0.039370 0.000000
vn 0.960630 -0.204724 -0.173228
vn 0.952756 -0.094488 0.275591
vn 0.960630 -0.047244 -0.275591
vn 0.921260 -0.062992 -0.385827
vn 0.937008 -0.094488 0.346457
vn 0.984252 -0.149606 0.094488
vn 0.212598 -0.000000 -0.976378
vn 0.779528 -0.133858 -0.614173
vn 0.070866 -0.141732 -0.984252
vn 0.960630 -0.055118 0.267716
vn 0.874016 -0.220472 -0.425197
vn 0.803150 0.078740 0.582677
vn 0.944882 -0.283465 -0.149606
vn 0.456693 -0.393701 -0.795275
vn -0.692913 -0.023622 -0.716535
vn -0.968504 0.251968 0.031496
vn -0.401575 -0.125984 -0.905512
vn -0.897638 0.322835 0.314961
vn -0.842520 0.535433 -0.110236
vn -0.551181 0.385827 0.740157
vn -0.645669 0.637795 0.425197
vn -0.511811 0.204724 0.834646
vn -0.346457 -0.000000 -0.937008
vn -0.984252 0.165354 -0.031496
vn 0.283465 -0.181102 -0.944882
vn -0.669291 0.456693 0.582677
vn -0.496063 -0.039370 -0.866142
vn -0.740157 0.566929 0.362205
vn -0.889764 0.417323 -0.196850
vn -0.259843 -0.173228 -0.952756
vn -0.519685 0.503937 0.685039
vn -0.826772 0.456693 -0.330709
vn -0.448819 0.519685 0.724409
vn -0.566929 0.094488 -0.818897
vn -0.818898 0.574803 0.055118
vn -0.566929 0.519685 0.637795
vn -0.220472 0.409449 0.889764
vn -0.661417 0.582677 0.464567
vn -0.637795 0.354331 -0.685039
vn -0.574803 0.299212 -0.763779
vn -0.732283 0.503937 0.464567
vn -0.692913 0.409449 0.590551
vn -0.984252 0.188976 0.007874
vn -0.968504 0.141732 -0.212598
vn 0.015748 0.031496 -1.000000
vn -0.031496 -0.086614 -0.992126
vn -0.212598 0.173228 -0.960630
vn -0.220472 0.188976 -0.960630
vn 0.440945 -0.283465 -0.850394
vn -0.078740 -0.283465 -0.960630
vn 0.464567 -0.433071 -0.771653
vn 0.779528 -0.535433 -0.330709
vn 0.708661 -0.511811 -0.480315
vn 0.527559 -0.535433 -0.653543
vn 0.141732 -0.566929 -0.811023
vn 0.299213 -0.314961 -0.897638
vn -0.062992 -0.236221 -0.968504
vn 0.496063 -0.385827 -0.771653
vn -0.259843 -0.062992 -0.960630
vn 0.259843 -0.259843 -0.929134
vn 0.267717 -0.346457 -0.897638
vn 0.582677 -0.543307 -0.606299
vn 0.606299 -0.677165 -0.425197
vn 0.448819 -0.771653 -0.456693
vn 0.866142 -0.480315 0.133858
vn 0.866142 -0.488189 0.133858
vn 0.748031 -0.661417 -0.055118
vn 0.535433 -0.826772 -0.181102
vn 0.748031 -0.425197 -0.503937
vn 0.811024 -0.574803 0.125984
vn 0.771654 -0.448819 0.440945
vn 0.732283 -0.251968 0.629921
vn 0.370079 -0.771653 -0.511811
vn 0.480315 -0.740157 -0.472441
vn 0.952756 -0.236220 -0.196850
vn 0.976378 -0.133858 -0.165354
vn 0.889764 -0.196850 -0.417323
vn 0.960630 -0.015748 -0.267716
vn 0.677165 -0.141732 -0.716535
vn 0.905512 0.062992 -0.425197
vn 0.811024 0.118110 -0.574803
vn 0.023622 -0.622047 -0.779527
vn -0.307087 -0.346457 -0.881890
vn -0.157480 -0.488189 -0.858268
vn 0.102362 -0.669291 -0.732283
vn -0.188976 -0.251969 -0.944882
vn -0.425197 -0.220473 -0.881890
vn -0.787402 0.149606 -0.598425
vn -0.566929 0.094488 -0.818897
vn -0.724409 0.440945 -0.527559
vn -0.763780 0.385827 -0.519685
vn -0.724409 0.629921 -0.267717
vn -0.732283 0.677165 0.015748
vn -0.779528 0.629921 -0.015748
vn -0.622047 0.661417 0.425197
vn -0.181102 -0.976378 0.141732
vn -0.062992 -1.000000 0.055118
vn 0.000000 -1.000000 0.015748
vn -0.283465 -0.937008 0.188976
vn -0.543307 -0.811023 0.236221
vn -0.637795 -0.669291 0.377953
vn -0.755906 -0.535433 0.370079
vn -0.614173 -0.661417 0.425197
vn -0.503937 -0.401575 0.763779
vn -0.952756 0.007874 0.314961
vn -0.921260 0.291339 0.259842
vn 0.118110 0.031496 0.992126
vn 0.818898 0.527559 0.236220
vn -0.944882 0.314961 0.078740
vn -0.960630 0.259842 0.110236
vn -0.984252 0.149606 0.039370
vn -0.968504 0.133858 -0.220472
vn -0.858268 -0.204724 0.464567
vn -0.763780 -0.314961 0.566929
vn -0.984252 0.039370 -0.165354
vn -0.464567 0.023622 0.881890
vn -0.944882 0.062992 -0.307087
vn -0.897638 0.125984 -0.425197
vn -0.984252 0.031496 0.173228
vn -0.889764 0.015748 -0.456693
vn -0.771654 0.031496 -0.629921
vn -0.984252 -0.007874 -0.157480
vn -0.748031 -0.125984 -0.645669
vn -0.574803 -0.188976 -0.795275
vn -0.905512 -0.173228 -0.377953
vn -0.716535 -0.338583 -0.606299
vn -0.582677 -0.346457 -0.732283
vn -0.582677 -0.598425 -0.551181
vn -0.874016 -0.377953 -0.314961
vn -0.535433 -0.763779 -0.362205
vn -0.677165 -0.724409 -0.141732
vn -0.637795 -0.732283 -0.228346
vn -0.944882 -0.299213 0.133858
vn -0.992126 -0.047244 0.118110
vn -0.960630 0.015748 0.283465
vn -0.858268 -0.015748 0.519685
vn -0.818898 -0.015748 0.574803
vn -0.795276 0.047244 0.606299
vn -0.763780 -0.047244 0.645669
vn -0.519685 0.047244 0.850394
vn -0.322835 0.094488 0.944882
vn 0.062992 0.125984 0.992126
vn -0.771654 -0.110236 0.622047
vn 0.173228 0.196850 0.968504
vn 0.456693 0.062992 0.889764
vn 0.622047 0.133858 0.771653
vn 0.889764 0.401575 0.220472
vn 0.677165 0.677165 -0.291339
vn 0.984252 0.015748 0.157480
vn 0.960630 0.141732 -0.228346
vn 0.755906 0.330709 -0.559055
vn 0.905512 0.039370 -0.417323
vn 0.700787 0.645669 -0.291339
vn 0.511811 0.858268 -0.094488
vn 0.842520 0.078740 -0.527559
vn 0.842520 0.535433 -0.086614
vn 0.629921 -0.015748 0.779527
vn 0.921260 0.244094 -0.307087
vn -0.259843 -0.047244 0.960630
vn 1.000000 0.062992 -0.047244
vn 0.929134 0.055118 -0.370079
vn -0.440945 -0.740157 0.503937
vn -0.283465 -0.944882 0.165354
vn -0.622047 -0.748031 0.228347
vn 1.000000 0.047244 -0.070866
vn -0.866142 -0.377953 0.322835
vn -0.787402 -0.590551 0.173228
vn -0.606299 -0.645669 0.464567
vn -0.763780 -0.354331 0.535433
vn 0.291339 0.023622 0.960630
vn -0.976378 -0.212598 0.000000
vn -0.905512 0.055118 0.425197
vn -0.314961 -0.181102 0.929134
vn -1.000000 0.062992 -0.062992
vn 0.763780 0.456693 0.456693
vn 0.779528 0.598425 -0.204724
vn 0.866142 0.456693 -0.196850
vn 0.929134 0.370079 -0.086614
vn 0.992126 0.102362 0.031496
vn 0.976378 0.196850 -0.015748
vn 0.905512 0.015748 0.425197
vn 1.000000 -0.078740 0.007874
vn 0.330709 -0.007874 0.944882
vn -0.110236 -0.204724 0.976378
vn 0.960630 -0.047244 0.267716
vn -0.488189 0.039370 0.874016
vn -0.984252 0.031496 0.181102
vn 0.763780 -0.070866 0.645669
vn 0.055118 -0.007874 1.000000
vn -0.866142 0.015748 0.496063
vn -0.952756 0.015748 -0.291339
vn -0.960630 -0.031496 -0.267716
vn -0.685039 -0.023622 0.724409
vn -0.834646 -0.015748 -0.551181
vn 0.141732 -0.118110 0.984252
vn -1.000000 0.039370 -0.062992
vn -0.818898 -0.047244 0.566929
vn -0.732283 0.031496 -0.677165
vn -0.937008 -0.094488 -0.346457
vn -0.937008 -0.094488 -0.330709
vn -0.968504 -0.196850 0.173228
vn -0.992126 -0.118110 -0.031496
vn -0.708661 -0.015748 -0.708661
vn -0.984252 -0.078740 -0.181102
vn -0.984252 -0.094488 0.149606
vn -0.937008 -0.070866 0.346457
vn -0.763780 -0.070866 -0.637795
vn -0.543307 -0.015748 -0.834646
vn -0.472441 -0.165354 -0.866142
vn -0.370079 -0.157480 -0.913386
vn -0.795276 -0.236221 -0.559055
vn -0.984252 -0.173228 0.015748
vn -0.779528 -0.023622 0.622047
vn -0.440945 -0.330709 -0.834646
vn -0.818898 0.015748 0.566929
vn -0.244094 0.236221 0.937008
vn -0.842520 -0.307087 -0.433071
vn -0.748031 0.212598 0.629921
vn -0.708661 0.228346 0.661417
vn -0.960630 0.125984 0.244094
vn -0.866142 0.244095 0.440945
vn -0.976378 -0.125984 -0.157480
vn -0.661417 0.275591 0.692913
vn -0.338583 0.322835 0.881890
vn -0.433071 0.346457 0.834646
vn -0.992126 0.078740 0.110236
vn -0.866142 -0.031496 -0.503937
vn -0.574803 -0.370079 -0.732283
vn -0.622047 -0.259843 -0.740157
vn -0.259843 -0.354331 -0.897638
vn -0.267717 -0.354331 -0.897638
vn -0.755906 -0.377953 -0.535433
vn -0.716535 -0.181102 0.669291
vn 0.165354 -0.055118 0.984252
vn -0.803150 -0.346457 -0.488189
vn -0.834646 -0.377953 -0.409449
vn -0.952756 -0.299213 -0.023622
vn 0.188976 0.251969 0.952756
vn 0.826772 0.299213 0.472441
vn -0.921260 -0.102362 0.370079
vn -0.645669 0.110236 0.755905
vn -0.007874 0.330709 0.944882
vn 0.779528 0.425197 0.464567
vn 0.409449 0.244095 0.881890
vn -0.354331 -0.015748 0.937008
vn 0.110236 0.141732 0.984252
vn -0.433071 -0.094488 0.897638
vn 0.346457 0.141732 0.929134
vn -0.031496 0.110236 0.992126
vn 0.952756 0.291339 -0.047244
vn 0.110236 0.488189 0.866142
vn 0.511811 0.456693 0.732283
vn -0.125984 0.228347 0.968504
vn 0.921260 0.259843 0.299213
vn 0.078740 0.070866 0.992126
vn 0.740157 -0.062992 0.669291
vn 0.551181 0.236221 0.803149
vn 0.889764 -0.141732 0.425197
vn 0.661417 0.023622 0.755905
vn 0.858268 -0.031496 0.519685
vn 0.535433 0.559055 0.629921
vn 0.267717 0.212599 0.937008
vn 0.732283 0.496063 0.464567
vn 0.425197 0.338583 0.834646
vn 0.692913 0.393701 0.598425
vn 0.566929 0.125984 0.811023
vn 0.748031 0.228346 0.622047
vn 0.937008 0.086614 0.330709
vn 0.976378 0.157480 0.149606
vn 0.984252 0.157480 -0.062992
vn 0.976378 0.102362 0.173228
vn 1.000000 0.039370 -0.000000
vn 0.929134 0.102362 -0.346457
vn 0.992126 -0.055118 0.110236
vn 0.976378 0.070866 0.188976
vn 0.448819 -0.070866 0.889764
vn -0.393701 -0.110236 0.913386
vn 0.795276 0.055118 0.606299
vn -0.889764 -0.118110 0.440945
vn 0.110236 -0.031496 0.992126
vn -0.944882 -0.023622 0.322835
vn -0.291339 0.000000 0.952756
vn 0.535433 0.125984 0.834646
vn 0.992126 0.062992 0.062992
vn -0.771654 -0.023622 0.637795
vn 0.968504 0.149606 0.212598
vn 0.086614 0.220473 0.968504
vn 0.803150 -0.078740 -0.582677
vn 0.543307 0.440945 0.716535
vn 0.976378 0.133858 -0.173228
vn 0.952756 0.267716 0.118110
vn 0.905512 0.007874 -0.433071
vn 0.881890 0.125984 -0.448819
vn 0.724409 0.456693 0.519685
vn 0.511811 0.598425 0.614173
vn 0.299213 0.456693 0.842520
vn 0.094488 0.480315 0.874016
vn -0.503937 0.259843 0.818897
vn 0.370079 0.590551 0.716535
vn -0.188976 0.377953 0.905512
vn -0.614173 0.118110 0.779527
vn -0.188976 0.377953 0.905512
vn 0.307087 0.472441 0.826771
vn 0.645669 0.527559 0.559055
vn 0.574803 0.574803 0.582677
vn 0.771654 0.433071 0.464567
vn 0.661417 0.464567 0.590551
vn 0.023622 0.488189 0.874016
vn -0.527559 0.401575 0.755905
vn -0.141732 0.314961 0.937008
vn 0.031496 0.401575 0.913386
vn -0.598425 0.275591 0.755905
vn -0.401575 0.125984 0.905512
vn -0.748031 -0.228346 0.622047
vn -0.818898 -0.070866 0.566929
vn -0.622047 0.204724 0.755905
vn -0.078740 0.330709 0.944882
vn -0.968504 -0.141732 0.212598
vn -0.921260 -0.393701 0.055118
vn -0.732283 -0.503937 -0.464567
vn -0.842520 -0.535433 0.110236
vn -0.685039 -0.669291 -0.291338
vn -0.692913 -0.409449 -0.590551
vn -0.984252 -0.188976 -0.007874
vn -0.645669 -0.637795 -0.425197
vn -0.661417 -0.582677 -0.464567
vn 0.015748 -0.031496 1.000000
vn -0.220472 -0.409449 -0.889764
vn -0.448819 -0.519685 -0.724409
vn -0.519685 -0.503937 -0.685039
vn -0.566929 -0.519685 -0.637795
vn -0.551181 -0.385827 -0.740157
vn -0.740157 -0.566929 -0.370079
vn -0.818898 -0.574803 -0.055118
vn -0.031496 0.086614 0.992126
vn -0.212598 -0.173228 0.960630
vn -0.574803 -0.299212 0.763779
vn -0.220472 -0.188976 0.960630
vn 0.440945 0.283465 0.850394
vn -0.637795 -0.354331 0.685039
vn -0.826772 -0.456693 0.330709
vn -0.078740 0.283465 0.960630
vn -0.566929 -0.094488 0.818897
vn -0.874016 -0.433071 0.212598
vn -0.677165 -0.464567 -0.574803
vn 0.377953 0.362205 0.850394
vn -0.692913 -0.070866 0.724409
vn -0.968504 -0.133858 0.196850
vn 0.377953 0.716535 0.582677
vn 0.291339 0.196850 0.937008
vn -0.511811 -0.204724 -0.834646
vn -0.346457 0.000000 0.937008
vn -0.818898 -0.125984 -0.559055
vn -0.535433 -0.181102 -0.826772
vn 0.448819 -0.078740 0.889764
vn -0.803150 -0.212598 -0.559055
vn -0.787402 0.062992 -0.606299
vn -0.897638 -0.322835 -0.314961
vn -0.669291 -0.039370 -0.740157
vn -0.968504 -0.251968 -0.031496
vn -0.992126 -0.094488 -0.118110
vn -0.905512 -0.118110 0.401575
vn -0.897638 -0.039370 -0.448819
vn -0.952756 0.007874 -0.307087
vn -0.818898 0.039370 -0.574803
vn -0.960630 -0.039370 -0.275591
vn -0.866142 0.047244 -0.496063
vn -0.952756 0.078740 0.283465
vn -0.992126 -0.000000 -0.102362
vn -0.606299 0.015748 0.795275
vn -0.165354 -0.039370 0.984252
vn -0.346457 0.031496 0.937008
vn 0.496063 -0.070866 0.866142
vn 0.614173 0.078740 0.787401
vn 0.952756 -0.055118 0.291339
vn 0.897638 -0.133858 0.417323
vn 0.937008 -0.118110 0.314961
vn 0.724409 0.000000 0.692913
vn 0.984252 -0.015748 0.188976
vn 0.842520 -0.015748 0.543307
vn 0.645669 0.204724 0.732283
vn 0.929134 0.023622 0.377953
vn 0.984252 0.055118 -0.157480
vn 0.889764 0.181102 0.409449
vn 0.992126 0.094488 0.031496
vn 0.724409 0.330709 0.606299
vn 0.952756 0.236220 0.196850
vn 0.708661 0.598425 0.377953
vn 0.921260 0.385827 -0.062992
vn 0.653543 0.755905 0.039370
vn 0.889764 0.047244 -0.456693
vn 0.779528 0.244094 -0.574803
vn 0.496063 0.669291 0.551181
vn 0.669291 0.086614 -0.732283
vn 0.362205 0.377953 0.850394
vn 0.779528 0.535433 0.330709
vn 0.708661 0.511811 0.480315
vn 0.629921 0.527559 0.566929
vn 0.535433 0.433071 0.724409
vn 0.307087 0.322835 0.889764
vn -0.062992 0.236221 0.968504
vn 0.637795 0.669291 0.377953
vn 0.244094 0.330709 0.913386
vn -0.259843 0.070866 0.960630
vn 0.244094 0.244095 0.937008
vn 0.472441 0.488189 0.740157
vn 0.866142 0.480315 0.141732
vn 0.858268 0.488189 -0.141732
vn 0.795276 0.543307 -0.267717
vn 0.740157 0.251968 -0.622047
vn 0.771654 0.448819 -0.448819
vn 0.433071 0.779527 0.448819
vn 0.866142 0.393701 -0.299213
vn 0.480315 0.748031 0.464567
vn 0.023622 0.622047 0.779527
vn -0.307087 0.346457 0.881890
vn -0.157480 0.488189 0.858268
vn 0.102362 0.669291 0.732283
vn -0.425197 0.220473 0.881890
vn -0.779528 -0.110236 0.614173
vn -0.188976 0.251969 0.944882
vn -0.771654 -0.425197 0.464567
vn -0.818898 -0.559055 0.133858
vn -0.566929 -0.094488 0.818897
vn 0.433071 0.574803 0.692913
vn -0.724409 -0.440945 0.527559
vn -0.708661 -0.708661 -0.062992
vn -0.614173 -0.645669 -0.448819
vn -0.724409 -0.629921 0.267717
vn 0.748031 0.259843 0.614173
vn 0.897638 0.141732 0.425197
vn 0.976378 0.212598 -0.047244
vn 0.992126 0.078740 -0.086614
vn 0.913386 -0.023622 -0.409449
vn 0.653543 0.055118 -0.755905
vn 0.377953 -0.015748 -0.929134
vn 0.535433 0.031496 -0.842520
vn 0.417323 0.055118 -0.905512
vn 0.677165 -0.000000 -0.740157
vn 0.779528 -0.086614 -0.622047
vn 0.062992 -1.000000 0.055118
vn 0.181102 -0.976378 0.141732
vn 0.000000 -1.000000 0.015748
vn 0.283465 -0.937008 0.188976
vn 0.543307 -0.811023 0.236221
vn 0.637795 -0.669291 0.377953
vn 0.755906 -0.535433 0.370079
vn 0.614173 -0.661417 0.425197
vn 0.503937 -0.401575 0.763779
vn 0.952756 0.007874 0.314961
vn 0.921260 0.291339 0.259842
vn -0.118110 0.031496 0.992126
vn -0.818898 0.527559 0.236220
vn 0.944882 0.314961 0.078740
vn 0.960630 0.259842 0.110236
vn 0.984252 0.149606 0.039370
vn 0.968504 0.133858 -0.220472
vn 0.858268 -0.204724 0.464567
vn 0.763780 -0.314961 0.566929
vn 0.984252 0.039370 -0.165354
vn 0.763780 -0.047244 0.645669
vn 0.944882 0.062992 -0.307087
vn 0.897638 0.125984 -0.425197
vn 0.984252 0.031496 0.173228
vn 0.984252 -0.007874 -0.157480
vn 0.889764 0.015748 -0.456693
vn 0.771654 0.031496 -0.629921
vn 0.818898 -0.015748 0.574803
vn 0.748031 -0.125984 -0.645669
vn 0.574803 -0.188976 -0.795275
vn 0.905512 -0.173228 -0.377953
vn 0.716535 -0.338583 -0.606299
vn 0.582677 -0.346457 -0.732283
vn 0.582677 -0.598425 -0.551181
vn 0.874016 -0.377953 -0.314961
vn 0.535433 -0.763779 -0.362205
vn 0.677165 -0.724409 -0.133858
vn 0.637795 -0.732283 -0.236220
vn 0.944882 -0.299213 0.133858
vn 0.992126 -0.047244 0.118110
vn 0.960630 0.015748 0.283465
vn 0.795276 0.047244 0.606299
vn 0.858268 -0.015748 0.519685
vn 0.519685 0.047244 0.850394
vn 0.322835 0.094488 0.944882
vn 0.771654 -0.110236 0.622047
vn 0.464567 0.023622 0.881890
vn -0.062992 0.125984 0.992126
vn -0.456693 0.062992 0.889764
vn -0.181102 0.196850 0.960630
vn -0.622047 0.133858 0.771653
vn -0.889764 0.401575 0.220472
vn -0.677165 0.677165 -0.291339
vn -0.984252 0.015748 0.157480
vn -0.960630 0.141732 -0.228346
vn -0.755906 0.330709 -0.559055
vn -0.905512 0.039370 -0.417323
vn -0.700787 0.645669 -0.291339
vn -0.511811 0.858268 -0.094488
vn -0.842520 0.078740 -0.527559
vn -0.842520 0.535433 -0.086614
vn -0.929134 0.228346 -0.299213
vn -0.629921 -0.015748 0.771653
vn -0.874016 0.055118 -0.480315
vn -0.755906 -0.070866 -0.653543
vn -0.913386 -0.023622 -0.409449
vn -0.606299 0.078740 -0.787401
vn -0.582677 0.039370 -0.811023
vn -0.992126 0.078740 -0.086614
vn -0.818898 0.086614 -0.566929
vn -0.897638 0.141732 0.425197
vn -0.976378 0.220472 -0.023622
vn -0.748031 0.259843 0.614173
vn -0.425197 0.015748 -0.905512
vn -0.448819 0.582677 0.685039
vn -0.385827 0.031496 -0.921260
vn -0.417323 -0.015748 -0.905512
vn -0.929134 0.055118 -0.377953
vn -0.866142 0.393701 -0.307087
vn -1.000000 0.015748 -0.023622
vn -0.952756 0.196850 -0.212598
vn -0.976378 0.125984 -0.157480
vn -0.960630 0.015748 0.267716
vn -0.874016 0.086614 0.472441
vn -0.992126 -0.062992 0.125984
vn -0.905512 -0.062992 0.425197
vn -0.976378 0.133858 0.165354
vn -0.811024 -0.118110 0.574803
vn -0.889764 0.196850 0.417323
vn -0.677165 0.141732 0.716535
vn -0.952756 0.236220 0.196850
vn -0.748031 0.425197 0.503937
vn -0.811024 0.574803 -0.125984
vn -0.763780 0.220472 -0.606299
vn -0.535433 0.826772 0.181102
vn -0.771654 0.464567 -0.425197
vn -0.448819 0.771653 0.456693
vn -0.771654 0.448819 -0.440945
vn -0.748031 0.661417 0.055118
vn -0.732283 0.251968 -0.629921
vn -0.866142 0.480315 -0.133858
vn -0.866142 0.488189 -0.133858
vn -0.370079 0.771653 0.511811
vn -0.259843 0.259843 0.929134
vn -0.480315 0.740157 0.472441
vn -0.582677 0.543307 0.606299
vn 0.259843 0.062992 0.960630
vn 0.062992 0.236221 0.968504
vn -0.606299 0.677165 0.425197
vn -0.267717 0.346457 0.897638
vn -0.299213 0.314961 0.897638
vn -0.724409 0.519685 0.456693
vn -0.779528 0.535433 0.330709
vn -0.527559 0.535433 0.653543
vn -0.141732 0.566929 0.811023
vn -0.464567 0.433071 0.771653
vn -0.496063 0.385827 0.771653
vn -0.440945 0.283465 0.850394
vn 0.165354 -0.149606 0.976378
vn 0.078740 0.283465 0.960630
vn 0.212598 -0.188976 0.960630
vn 0.031496 0.086614 0.992126
vn -0.015748 -0.031496 1.000000
vn 0.637795 -0.354331 0.685039
vn 0.661417 -0.582677 -0.464567
vn 0.976378 -0.196850 -0.047244
vn 0.574803 -0.299212 0.763779
vn 0.692913 -0.409449 -0.598425
vn 0.818898 -0.574803 -0.055118
vn 0.566929 -0.094488 0.818897
vn 0.826772 -0.456693 0.330709
vn 0.566929 -0.519685 -0.637795
vn 0.259843 0.173228 0.952756
vn 0.889764 -0.417323 0.196850
vn 0.740157 -0.566929 -0.362205
vn 0.496063 0.039370 0.866142
vn -0.283465 0.181102 0.944882
vn 0.669291 -0.456693 -0.582677
vn 0.984252 -0.165354 0.031496
vn 0.346457 0.000000 0.937008
vn 0.511811 -0.204724 -0.834646
vn 0.551181 -0.385827 -0.740157
vn -0.393701 -0.086614 0.913386
vn 0.811024 -0.125984 -0.566929
vn 0.582677 -0.125984 -0.803149
vn -0.803150 -0.086614 0.590551
vn 0.992126 -0.007874 -0.118110
vn 0.031496 0.007874 1.000000
vn 0.716535 0.031496 -0.692913
vn -0.047244 -0.047244 1.000000
vn 0.401575 -0.015748 0.913386
vn 0.968504 0.094488 0.220472
vn 0.881890 0.110236 -0.448819
vn 0.834646 0.055118 0.543307
vn 1.000000 0.062992 -0.062992
vn 0.866142 0.047244 -0.496063
vn 0.905512 0.055118 0.425197
vn 0.850394 0.023622 -0.519685
vn 0.960630 -0.039370 -0.275591
vn 0.889764 -0.039370 -0.448819
vn 1.000000 -0.015748 0.039370
vn 0.803150 -0.212598 -0.559055
vn 0.984252 -0.102362 -0.125984
vn 0.897638 -0.322835 -0.314961
vn 0.645669 -0.637795 -0.425197
vn 0.874016 -0.031496 0.480315
vn 0.519685 -0.503937 -0.685039
vn 0.220472 -0.409449 -0.889764
vn 0.448819 -0.519685 -0.724409
vn 0.732283 -0.503937 -0.464567
vn 0.968504 -0.141732 0.212598
vn 0.102362 0.322835 0.937008
vn 0.685039 -0.669291 -0.291338
vn 0.629921 0.204724 0.755905
vn 0.527559 0.401575 0.755905
vn 0.921260 -0.393701 0.055118
vn 0.842520 -0.535433 0.110236
vn 0.818898 -0.070866 0.566929
vn 0.968504 -0.251968 -0.031496
vn 0.748031 -0.228346 0.622047
vn 0.937008 -0.133858 0.322835
vn 0.401575 0.125984 0.905512
vn 0.692913 0.023622 0.716535
vn 0.385827 0.007874 0.921260
vn -0.070866 0.141732 0.984252
vn -0.456693 0.393701 0.795275
vn -0.031496 0.401575 0.913386
vn -0.874016 0.220472 0.425197
vn 0.141732 0.314961 0.937008
vn -0.370079 0.590551 0.716535
vn 0.598425 0.275591 0.755905
vn -0.023622 0.488189 0.874016
vn -0.645669 0.527559 0.559055
vn -0.661417 0.464567 0.590551
vn -0.574803 0.574803 0.582677
vn -0.771654 0.433071 0.464567
vn -0.307087 0.472441 0.826771
vn 0.503937 0.259843 0.818897
vn 0.188976 0.377953 0.905512
vn 0.188976 0.377953 0.905512
vn 0.614173 0.118110 0.779527
vn -0.094488 0.480315 0.874016
vn -0.511811 0.598425 0.614173
vn -0.299213 0.456693 0.842520
vn -0.724409 0.456693 0.519685
vn -0.952756 0.275590 -0.133858
vn -0.944882 0.283465 0.149606
vn -0.905512 0.007874 -0.433071
vn -0.960630 0.055118 -0.267716
vn -0.937008 0.141732 -0.322835
vn -0.803150 -0.078740 -0.582677
vn -0.779528 0.133858 0.614173
vn -0.937008 0.094488 -0.346457
vn -0.976378 0.133858 -0.173228
vn -0.984252 0.149606 -0.094488
vn -0.858268 0.322835 0.393701
vn -0.322835 0.141732 0.937008
vn 0.354331 -0.015748 0.937008
vn -0.732283 0.496063 0.464567
vn -0.275591 0.181102 0.944882
vn -0.511811 0.456693 0.732283
vn 0.433071 -0.094488 0.897638
vn -0.409449 0.244095 0.881890
vn -0.826772 0.299213 0.472441
vn 0.031496 0.110236 0.992126
vn -0.779528 0.425197 0.464567
vn -0.110236 0.141732 0.984252
vn -0.110236 0.488189 0.866142
vn 0.007874 0.330709 0.944882
vn -0.188976 0.251969 0.952756
vn -0.165354 -0.055118 0.984252
vn 0.645669 0.110236 0.755905
vn 0.716535 -0.181102 0.669291
vn 0.866142 -0.031496 -0.503937
vn 0.952756 -0.299213 -0.023622
vn 0.755906 -0.377953 -0.535433
vn 0.834646 -0.377953 -0.409449
vn 0.921260 -0.102362 0.370079
vn 0.622047 -0.259843 -0.740157
vn 0.125984 0.228347 0.968504
vn 0.992126 0.078740 0.110236
vn 0.433071 0.346457 0.834646
vn -0.535433 0.559055 0.629921
vn 0.661417 0.275591 0.692913
vn 0.338583 0.322835 0.881890
vn 0.866142 0.244095 0.440945
vn 0.976378 -0.125984 -0.157480
vn 0.748031 0.212598 0.629921
vn 0.960630 0.125984 0.244094
vn 0.708661 0.228346 0.661417
vn 0.244094 0.236221 0.937008
vn 0.818898 0.015748 0.566929
vn 0.779528 -0.023622 0.622047
vn 0.574803 -0.370079 -0.732283
vn 0.984252 -0.173228 0.015748
vn 0.937008 -0.070866 0.346457
vn 0.842520 -0.307087 -0.433071
vn 0.984252 -0.078740 -0.181102
vn 0.984252 -0.094488 0.149606
vn 0.992126 -0.118110 -0.031496
vn 0.795276 -0.236221 -0.559055
vn 0.440945 -0.330709 -0.834646
vn 0.259843 -0.354331 -0.897638
vn 0.267717 -0.354331 -0.897638
vn 0.370079 -0.157480 -0.913386
vn 0.803150 -0.346457 -0.488189
vn 0.472441 -0.165354 -0.866142
vn 0.763780 -0.070866 -0.637795
vn 0.543307 -0.015748 -0.834646
vn 0.937008 -0.094488 -0.346457
vn 0.708661 -0.015748 -0.708661
vn 0.732283 0.031496 -0.677165
vn 0.937008 -0.094488 -0.330709
vn 0.968504 -0.196850 0.173228
vn 0.960630 -0.031496 -0.267716
vn 0.834646 -0.015748 -0.551181
vn 0.952756 0.015748 -0.291339
vn 0.984252 0.031496 0.181102
vn 1.000000 0.039370 -0.062992
vn 0.866142 0.015748 0.496063
vn 0.488189 0.039370 0.874016
vn 0.110236 -0.204724 0.976378
vn 0.685039 -0.023622 0.724409
vn -0.330709 -0.007874 0.944882
vn -0.055118 -0.007874 1.000000
vn -0.929134 0.370079 -0.086614
vn -0.141732 -0.118110 0.984252
vn -0.763780 -0.070866 0.645669
vn 0.818898 -0.047244 0.566929
vn -0.078740 0.070866 0.992126
vn -0.740157 -0.062992 0.669291
vn -0.551181 0.236221 0.803149
vn -0.889764 -0.141732 0.425197
vn -0.661417 0.023622 0.755905
vn -0.425197 0.338583 0.834646
vn -0.267717 0.212599 0.937008
vn -0.566929 0.125984 0.811023
vn -0.858268 -0.031496 0.519685
vn -0.685039 0.401575 0.606299
vn -0.748031 0.228346 0.622047
vn -0.960630 0.204724 0.173228
vn -0.952756 0.094488 0.283465
vn -0.952756 0.094488 -0.275591
vn -0.976378 0.102362 0.173228
vn -0.921260 0.062992 0.385827
vn -1.000000 0.039370 -0.000000
vn -0.960630 0.047244 0.275591
vn -0.212598 0.000000 0.976378
vn -0.480315 -0.070866 0.874016
vn -0.992126 -0.055118 0.102362
vn -0.960630 -0.047244 0.267716
vn -1.000000 -0.078740 0.007874
vn -0.905512 0.015748 0.425197
vn -0.976378 0.196850 -0.015748
vn -0.992126 0.110236 0.031496
vn -0.866142 0.456693 -0.196850
vn -0.779528 0.598425 -0.204724
vn -0.763780 0.456693 0.456693
vn -0.291339 0.023622 0.960630
vn 0.314961 -0.181102 0.929134
vn 0.385827 -0.102362 0.921260
vn 0.763780 -0.354331 0.535433
vn 0.606299 -0.645669 0.464567
vn 0.842520 -0.047244 0.535433
vn 0.929134 -0.149606 0.338583
vn 0.787402 -0.590551 0.173228
vn 0.622047 -0.748031 0.228347
vn 0.968504 -0.251968 -0.023622
vn 0.874016 -0.370079 0.330709
vn 0.440945 -0.740157 0.503937
vn 0.283465 -0.944882 0.165354
vn 0.102362 0.023622 0.992126
vn 0.440945 0.740157 -0.503937
vn 0.283465 0.944882 -0.165354
vn 0.866142 0.377953 -0.322835
vn 0.905512 -0.055118 -0.425197
vn 0.976378 0.212598 -0.000000
vn 1.000000 -0.062992 0.062992
vn 0.960630 0.039370 0.275591
vn 0.818898 -0.039370 0.574803
vn 0.866142 -0.047244 0.496063
vn 0.787402 -0.062992 0.606299
vn 0.952756 -0.078740 -0.283465
vn 0.346457 -0.031496 -0.937008
vn 0.992126 0.000000 0.102362
vn -0.614173 -0.078740 -0.787401
vn 0.818898 0.125984 0.559055
vn -0.952756 0.055118 -0.291339
vn -0.496063 0.070866 -0.866142
vn -0.897638 0.133858 -0.417323
vn -0.448819 0.078740 -0.889764
vn 0.165354 0.039370 -0.984252
vn 0.606299 -0.015748 -0.795275
vn 0.346457 -0.000000 -0.937008
vn 0.968504 0.133858 -0.196850
vn 0.511811 0.204724 0.834646
vn 0.677165 0.464567 0.574803
vn 0.708661 0.708661 0.062992
vn 0.614173 0.645669 0.448819
vn 0.818898 0.559055 -0.133858
vn 0.771654 0.425197 -0.464567
vn 0.779528 0.110236 -0.614173
vn 0.724409 0.629921 -0.267717
vn 0.724409 0.440945 -0.527559
vn 0.425197 -0.220473 -0.881890
vn -0.102362 -0.669291 -0.732283
vn 0.566929 0.094488 -0.818897
vn 0.188976 -0.251969 -0.944882
vn 0.157480 -0.488189 -0.858268
vn 0.307087 -0.346457 -0.881890
vn -0.480315 -0.748031 -0.464567
vn -0.023622 -0.622047 -0.779527
vn -0.433071 -0.779527 -0.448819
vn -0.771654 -0.448819 0.448819
vn -0.858268 -0.488189 0.141732
vn -0.740157 -0.251968 0.622047
vn -0.866142 -0.480315 -0.141732
vn -0.244094 -0.244095 -0.937008
vn -0.472441 -0.488189 -0.740157
vn 0.259843 -0.070866 -0.960630
vn -0.244094 -0.330709 -0.913386
vn 0.976378 -0.133858 0.173228
vn 0.937008 -0.141732 0.322835
vn 0.905512 -0.007874 0.433071
vn 0.724409 -0.456693 -0.519685
vn 0.511811 -0.598425 -0.614173
vn 0.299213 -0.456693 -0.842520
vn 0.094488 -0.480315 -0.874016
vn -0.503937 -0.259843 -0.818897
vn 0.370079 -0.590551 -0.716535
vn -0.188976 -0.377953 -0.905512
vn -0.614173 -0.118110 -0.779527
vn -0.188976 -0.377953 -0.905512
vn 0.307087 -0.472441 -0.826771
vn 0.645669 -0.527559 -0.559055
vn 0.031496 -0.401575 -0.913386
vn 0.574803 -0.574803 -0.582677
vn 0.771654 -0.433071 -0.464567
vn 0.661417 -0.464567 -0.590551
vn 0.023622 -0.488189 -0.874016
vn -0.527559 -0.401575 -0.755905
vn -0.141732 -0.314961 -0.937008
vn -0.598425 -0.275591 -0.755905
vn -0.748031 0.228346 -0.622047
vn -0.818898 0.070866 -0.566929
vn -0.622047 -0.204724 -0.755905
vn -0.078740 -0.330709 -0.944882
vn -0.921260 0.393701 -0.055118
vn -0.685039 0.669291 0.291338
vn 0.732283 -0.677165 -0.015748
vn 0.622047 -0.661417 -0.425197
vn 0.779528 -0.629921 0.015748
vn 0.787402 -0.149606 0.598425
vn 0.724409 -0.629921 0.267717
vn 0.763780 -0.385827 0.519685
vn 0.724409 -0.440945 0.527559
vn 0.425197 0.220473 0.881890
vn -0.102362 0.669291 0.732283
vn 0.566929 -0.094488 0.818897
vn 0.188976 0.251969 0.944882
vn 0.157480 0.488189 0.858268
vn 0.307087 0.346457 0.881890
vn -0.023622 0.622047 0.779527
vn -0.653543 -0.448819 -0.614173
vn -0.393701 -0.425197 -0.818897
vn -0.889764 -0.157480 -0.433071
vn -0.582677 -0.251969 -0.771653
vn -0.897638 -0.307087 -0.322835
vn -0.086614 -0.519685 -0.850394
vn -0.220472 -0.291339 -0.929134
vn -0.598425 -0.346457 -0.724409
vn 0.590551 -0.181102 -0.787401
vn 0.834646 -0.204724 -0.511811
vn 0.952756 -0.078740 -0.307087
vn 0.992126 0.062992 -0.062992
vn 0.937008 -0.110236 -0.322835
vn 0.992126 0.070866 0.078740
vn 0.700787 -0.086614 -0.708661
vn 0.094488 0.417323 -0.905512
vn 0.377953 -0.244095 -0.889764
vn -0.110236 -0.047244 -0.992126
vn -0.905512 0.417323 -0.062992
vn -0.047244 -0.220473 -0.976378
vn 0.149606 -0.181102 -0.968504
vn -0.771654 0.267716 -0.574803
vn -0.574803 -0.094488 -0.811023
vn -0.732283 0.023622 -0.677165
vn -0.881890 0.362205 -0.299213
vn -0.976378 0.055118 -0.204724
vn -0.944882 0.031496 -0.330709
vn -0.700787 0.157480 0.700787
vn -0.692913 0.133858 0.708661
vn 0.992126 -0.062992 0.078740
vn 0.944882 0.102362 0.299213
vn 0.992126 -0.070866 -0.078740
vn 0.685039 0.094488 0.716535
vn 0.078740 -0.417323 0.905512
vn 0.377953 0.244095 0.889764
vn -0.110236 0.047244 0.992126
vn -0.905512 -0.417323 0.062992
vn -0.047244 0.220473 0.976378
vn -0.771654 -0.267716 0.574803
vn -0.732283 -0.023622 0.677165
vn -0.881890 -0.362205 0.299213
vn -0.976378 -0.055118 0.204724
vn -0.944882 -0.031496 0.330709
vn -0.700787 -0.157480 -0.700787
vn -0.692913 -0.133858 -0.708661
tan 0.976378 0.204724 -0.087792 1.000000
tan 0.968690 0.226548 0.110732 1.000000
tan 0.643127 0.080600 0.744869 1.000000
tan 0.628557 0.017112 -0.772335 1.000000
tan 0.723169 0.045012 -0.688759 1.000000
tan 0.547833 0.023684 -0.820013 1.000000
tan 0.355261 0.058528 -0.929134 1.000000
tan 0.572075 0.030318 -0.819579 1.000000
tan 0.138756 0.100750 -0.976502 1.000000
tan -0.168330 0.100750 -0.976502 1.000000
tan 0.262261 0.083204 -0.960630 1.000000
tan 0.551429 0.026288 -0.834646 1.000000
tan 0.740157 0.005828 -0.669353 1.000000
tan 0.716535 0.005642 -0.700849 1.000000
tan 0.881890 0.020832 -0.471139 1.000000
tan 0.968690 0.092256 0.205344 1.000000
tan 0.581251 0.020026 -0.799553 1.000000
tan 0.508091 0.027962 -0.845000 1.000000
tan 0.458243 -0.003224 -0.867692 1.000000
tan 0.913386 0.050344 0.402877 1.000000
tan 0.495567 0.027280 0.866142 1.000000
tan 0.742451 0.047678 -0.626945 1.000000
tan 0.266849 0.052948 0.960630 1.000000
tan -0.115444 0.109368 0.984314 1.000000
tan 0.906194 0.107880 -0.405481 1.000000
tan -0.354331 0.044268 0.937008 1.000000
tan -0.480315 0.027528 0.874016 1.000000
tan 0.867134 0.075702 -0.480625 1.000000
tan 0.818402 0.468721 -0.261455 1.000000
tan 0.968504 0.236220 -0.003906 1.000000
tan 0.834026 0.332197 -0.404799 1.000000
tan 0.842024 0.057288 0.539401 1.000000
tan 0.877426 0.400893 -0.001178 1.000000
tan 0.021700 0.109368 0.984314 1.000000
tan 0.491289 0.095480 0.859322 1.000000
tan -0.787402 0.006200 0.621737 1.000000
tan -0.484655 0.139624 0.854176 1.000000
tan -0.685411 0.005704 0.724409 1.000000
tan -0.637671 0.048670 0.757641 1.000000
tan -0.889764 0.049042 0.389423 1.000000
tan -0.604315 0.031000 0.787401 1.000000
tan -0.072726 0.242173 0.960878 1.000000
tan -0.881890 0.013888 0.463823 1.000000
tan -0.787402 0.000000 0.614173 1.000000
tan -0.414905 0.057040 0.905512 1.000000
tan -0.992126 0.054684 -0.014384 1.000000
tan -0.897638 0.014136 0.423585 1.000000
tan -0.693595 0.005642 0.716535 1.000000
tan -0.944882 0.044640 0.258416 1.000000
tan 0.180978 0.115320 0.968690 1.000000
tan 0.692665 0.033480 0.716659 1.000000
tan -0.702275 0.005394 0.685039 1.000000
tan -0.294625 0.157542 0.937752 1.000000
tan -0.834646 0.046004 0.482175 1.000000
tan 0.693409 0.016740 0.716287 1.000000
tan -0.372931 0.239383 0.892244 1.000000
tan 0.984314 0.148428 0.081964 1.000000
tan 0.858268 0.033790 -0.500713 1.000000
tan 0.325749 0.191828 0.914874 1.000000
tan 0.968690 0.146072 -0.207514 1.000000
tan 0.898382 0.078430 0.404489 1.000000
tan -0.211544 0.457561 0.854114 1.000000
tan 0.938000 0.244032 -0.192820 1.000000
tan -0.598983 0.147064 0.781139 1.000000
tan 0.775497 0.084010 0.566061 1.000000
tan 0.460971 0.273235 0.847728 1.000000
tan 0.702151 0.154070 0.634571 1.000000
tan -0.505177 0.084444 0.844566 1.000000
tan 0.822494 0.086490 0.342613 1.000000
tan 0.431087 0.534627 0.716163 1.000000
tan 0.823300 0.224378 0.029326 1.000000
tan 0.881642 0.188232 0.209064 1.000000
tan 0.732283 0.028830 -0.667307 1.000000
tan 0.523095 -0.037944 -0.837870 1.000000
tan 0.653543 0.005146 -0.741397 1.000000
tan 0.083700 0.078120 -0.992126 1.000000
tan 0.748031 0.017670 -0.648831 1.000000
tan 0.425197 -0.000000 -0.897638 1.000000
tan 0.441751 -0.007006 -0.889764 1.000000
tan 0.212598 -0.000000 -0.976378 1.000000
tan 0.615103 -0.006138 -0.779527 1.000000
tan 0.212598 -0.000000 -0.976378 1.000000
tan 0.346457 -0.000000 -0.937008 1.000000
tan 0.448819 -0.000000 -0.889764 1.000000
tan 0.480315 -0.000000 -0.874016 1.000000
tan 0.803150 0.006324 -0.598859 1.000000
tan 0.724409 -0.000000 -0.685039 1.000000
tan 0.992126 0.031248 -0.095976 1.000000
tan 0.771654 0.006076 -0.630603 1.000000
tan 0.944882 0.074400 -0.324695 1.000000
tan 0.702275 0.000124 -0.686527 1.000000
tan 0.882758 0.112096 -0.425197 1.000000
tan 0.296795 0.022320 -0.944882 1.000000
tan -0.071982 0.085932 -0.984314 1.000000
tan 0.716535 0.011284 -0.686527 1.000000
tan 0.834212 0.349371 0.088474 1.000000
tan 0.861740 0.231198 -0.429475 1.000000
tan 0.937442 0.335917 0.088164 1.000000
tan 0.194246 -0.291834 0.858888 1.000000
tan 0.899498 0.384401 -0.043276 1.000000
tan 0.938000 0.228780 -0.187674 1.000000
tan 0.811768 0.049228 0.569595 1.000000
tan 0.676421 0.039060 0.732841 1.000000
tan 0.564263 0.048484 0.780085 1.000000
tan 0.173848 0.273173 0.843078 1.000000
tan 0.728253 0.116746 0.644925 1.000000
tan -0.374171 0.230145 0.884618 1.000000
tan -0.630913 0.018972 0.717031 1.000000
tan 0.181474 0.269081 0.937938 1.000000
tan -0.976502 0.100750 0.088660 1.000000
tan -0.705747 0.033108 0.698307 1.000000
tan 0.319797 0.171120 0.930002 1.000000
tan 0.976502 0.085250 0.166780 1.000000
tan 0.359415 0.036580 0.929134 1.000000
tan 0.874016 0.006882 0.488065 1.000000
tan 0.795276 0.006262 0.606237 1.000000
tan -0.712877 0.021824 0.692913 1.000000
tan 0.346457 0.022134 0.937008 1.000000
tan 0.164362 0.062000 0.984252 1.000000
tan -0.677475 0.005766 0.732283 1.000000
tan -0.960630 0.007564 0.259036 1.000000
tan -0.166594 0.038750 0.984252 1.000000
tan -0.504309 0.013640 0.866142 1.000000
tan -0.645545 0.006014 0.763779 1.000000
tan -0.929134 -0.014632 0.355323 1.000000
tan -0.874016 -0.006882 0.480687 1.000000
tan -0.886478 0.204476 0.352781 1.000000
tan -0.992126 0.031248 -0.074090 1.000000
tan -0.905512 -0.014260 0.411185 1.000000
tan -0.952756 0.037510 -0.303243 1.000000
tan -0.984252 -0.007750 0.134912 1.000000
tan -0.960878 0.114390 -0.235848 1.000000
tan -0.889764 0.049042 0.447951 1.000000
tan 0.062496 0.089280 0.937442 1.000000
tan -0.897638 0.056544 0.391159 1.000000
tan -0.850394 -0.006696 0.505115 1.000000
tan -0.755906 0.000000 0.653543 1.000000
tan -0.771158 0.056668 0.609337 1.000000
tan -0.492839 0.034100 0.866142 1.000000
tan -0.437473 0.098952 0.890570 1.000000
tan -0.379999 0.021762 0.921260 1.000000
tan 0.059892 -0.092256 0.968690 1.000000
tan 0.020584 0.251969 0.968504 1.000000
tan 0.447455 0.014012 0.889764 1.000000
tan 0.067518 0.148428 0.984314 1.000000
tan 0.859322 0.115940 0.494885 1.000000
tan 0.313101 0.148800 0.930002 1.000000
tan 0.329717 0.193440 0.922562 1.000000
tan 0.961622 -0.066092 0.260897 1.000000
tan 0.921260 -0.079794 0.376527 1.000000
tan 0.643747 0.057660 0.732283 1.000000
tan -0.058218 0.384401 0.899498 1.000000
tan 0.843822 -0.130200 0.398351 1.000000
tan 0.662409 0.033976 0.747535 1.000000
tan 0.700043 0.032736 0.691487 1.000000
tan 0.331453 0.236097 0.907496 1.000000
tan 0.976378 0.053816 0.019344 1.000000
tan 0.509083 -0.066960 -0.850394 1.000000
tan 0.921260 0.043524 -0.382789 1.000000
tan 0.968690 0.123008 0.174592 1.000000
tan 0.889764 0.042036 0.447703 1.000000
tan 0.968504 0.076260 -0.258168 1.000000
tan 0.945254 0.097526 0.314899 1.000000
tan 0.889764 0.063054 -0.448199 1.000000
tan 0.535991 -0.051150 -0.810403 1.000000
tan 0.536301 -0.002356 -0.835514 1.000000
tan 0.771654 0.012152 -0.630169 1.000000
tan 0.669291 0.005270 -0.733027 1.000000
tan 0.748031 0.011780 -0.655155 1.000000
tan 0.976502 0.100750 0.168640 1.000000
tan 0.456011 0.006944 0.881890 1.000000
tan 0.473123 -0.040920 -0.866142 1.000000
tan 0.560543 -0.008618 -0.827516 1.000000
tan 0.818898 0.012896 -0.560543 1.000000
tan 0.527559 -0.000000 -0.842520 1.000000
tan 0.692913 0.005456 -0.717093 1.000000
tan 0.645669 0.005084 -0.756711 1.000000
tan 0.771654 0.006076 -0.630293 1.000000
tan 0.583731 -0.006324 -0.803149 1.000000
tan 0.520553 -0.013392 -0.850394 1.000000
tan 0.340815 -0.029512 -0.937008 1.000000
tan 0.021762 -0.078740 -1.000000 1.000000
tan 0.874016 -0.020646 -0.468101 1.000000
tan 0.599231 -0.006262 -0.795275 1.000000
tan 0.402319 -0.159774 0.882448 1.000000
tan 0.850394 0.026784 -0.516275 1.000000
tan 0.953066 0.143716 -0.254387 1.000000
tan 0.944882 0.059520 0.312543 1.000000
tan 0.976502 0.116250 0.029202 1.000000
tan 0.914006 0.108810 0.375349 1.000000
tan 0.321161 -0.029264 0.929134 1.000000
tan 0.992126 0.133858 -0.057846 1.000000
tan 0.842520 0.026536 0.534441 1.000000
tan 0.960630 0.045384 -0.276335 1.000000
tan 0.921260 0.029016 0.386075 1.000000
tan 0.968504 0.038130 0.234670 1.000000
tan 0.708475 0.016678 0.701159 1.000000
tan 0.433257 0.021390 0.905512 1.000000
tan 0.029326 0.055118 1.000000 1.000000
tan -0.332011 0.022320 0.944882 1.000000
tan -0.795958 0.007812 0.599789 1.000000
tan -0.370947 0.014632 0.929134 1.000000
tan -0.748031 0.000000 0.669291 1.000000
tan 0.414843 0.035650 0.905512 1.000000
tan -0.724409 0.000000 0.685039 1.000000
tan -0.842520 -0.006634 0.536115 1.000000
tan 0.528427 0.046872 0.850394 1.000000
tan -0.270445 0.128588 0.953066 1.000000
tan 0.545973 0.045012 0.813565 1.000000
tan 0.118048 0.099138 0.960878 1.000000
tan 0.555397 -0.003844 0.799491 1.000000
tan 0.698555 0.049662 0.708599 1.000000
tan 0.960878 0.242172 0.127720 1.000000
tan 0.674003 0.124000 0.673321 1.000000
tan -0.565007 0.058342 0.797445 1.000000
tan -0.050964 -0.006572 0.885610 1.000000
tan -0.874760 -0.009982 0.481803 1.000000
tan -0.858268 0.027032 0.499039 1.000000
tan -0.976378 -0.015376 -0.195858 1.000000
tan -0.984252 -0.031000 0.159960 1.000000
tan -0.992126 -0.007812 -0.086056 1.000000
tan -0.992126 0.015624 0.093248 1.000000
tan -0.992126 -0.054684 0.067766 1.000000
tan -0.968504 -0.045756 0.247814 1.000000
tan -0.937008 -0.036890 0.335359 1.000000
tan -0.709219 0.005518 0.700787 1.000000
tan 0.168454 0.015252 0.968504 1.000000
tan 0.922562 -0.315209 0.085870 1.000000
tan -0.968504 -0.053382 0.241428 1.000000
tan 0.859322 -0.102300 0.488251 1.000000
tan -0.929134 -0.021948 0.362763 1.000000
tan -0.812078 0.014694 0.570091 1.000000
tan -0.881890 -0.020832 0.466799 1.000000
tan -0.779528 -0.012276 0.623535 1.000000
tan -0.603261 0.055986 0.761485 1.000000
tan -0.599045 0.006262 0.795275 1.000000
tan -0.497303 0.013640 0.866142 1.000000
tan -0.375349 0.084816 0.890570 1.000000
tan -0.322463 0.302313 0.844131 1.000000
tan 0.243289 0.097526 0.945254 1.000000
tan 0.859074 0.044516 0.499101 1.000000
tan 0.400273 0.021576 0.913386 1.000000
tan -0.056110 0.031496 1.000000 1.000000
tan -0.189100 0.100750 0.976502 1.000000
tan 0.795276 0.000000 0.606299 1.000000
tan 0.298965 0.096720 0.937442 1.000000
tan 0.330709 0.029760 0.944882 1.000000
tan 0.421849 0.070680 0.897638 1.000000
tan 0.710459 -0.024056 0.657139 1.000000
tan 0.427057 0.165168 0.860252 1.000000
tan -0.167524 0.236407 0.938000 1.000000
tan 0.644057 0.065348 0.726145 1.000000
tan 0.864716 -0.200880 0.167586 1.000000
tan 0.468721 0.096348 0.867134 1.000000
tan 0.630417 0.006076 0.771653 1.000000
tan 0.881890 -0.034720 0.453779 1.000000
tan 0.850394 0.000000 0.527559 1.000000
tan 0.976378 -0.084568 -0.144522 1.000000
tan 1.000000 -0.007874 0.023994 1.000000
tan 1.000000 0.031496 -0.041602 1.000000
tan 0.859322 0.095480 -0.416641 1.000000
tan 0.834646 -0.006572 -0.550747 1.000000
tan 0.552421 -0.129084 -0.826958 1.000000
tan 0.516337 -0.040176 -0.850394 1.000000
tan 0.392213 -0.094302 -0.914006 1.000000
tan 0.779528 -0.000000 -0.622047 1.000000
tan -0.053568 -0.242173 -0.960878 1.000000
tan 0.396677 -0.058032 -0.921260 1.000000
tan -0.060264 -0.141732 -0.992126 1.000000
tan -0.098580 -0.124992 -0.984314 1.000000
tan 0.203112 -0.107632 -0.968690 1.000000
tan 0.521545 -0.020088 -0.850394 1.000000
tan 0.332011 -0.110670 -0.929630 1.000000
tan 0.881890 0.013888 -0.465435 1.000000
tan 0.677165 -0.000000 -0.732283 1.000000
tan 0.681443 -0.011408 -0.710087 1.000000
tan 0.601277 -0.188480 -0.742885 1.000000
tan 0.661727 -0.005890 -0.748031 1.000000
tan 0.656209 -0.051336 -0.703081 1.000000
tan 0.766322 0.037758 -0.581065 1.000000
tan 0.654783 -0.011780 -0.748031 1.000000
tan 0.960630 -0.000000 -0.181102 1.000000
tan 0.804080 0.001736 -0.583607 1.000000
tan 0.913386 -0.007192 -0.401203 1.000000
tan 0.654907 -0.011904 -0.755905 1.000000
tan 0.952756 -0.015004 0.300205 1.000000
tan 0.592225 0.074152 0.802281 1.000000
tan 0.826772 0.006510 -0.552235 1.000000
tan 0.921260 0.007254 -0.386199 1.000000
tan 0.984252 -0.007750 0.181040 1.000000
tan 1.000000 0.007874 -0.031744 1.000000
tan 0.826648 -0.043524 -0.567673 1.000000
tan 0.992126 -0.054684 -0.139128 1.000000
tan 0.968690 -0.123008 0.169756 1.000000
tan 0.061132 -0.078740 1.000000 1.000000
tan 0.810776 -0.060388 0.591543 1.000000
tan 0.347387 -0.051212 0.929134 1.000000
tan 0.472565 -0.013888 0.881890 1.000000
tan 0.952756 0.015004 0.299709 1.000000
tan 0.984252 -0.015500 -0.147746 1.000000
tan 0.952756 -0.052514 0.226672 1.000000
tan 0.811892 0.033728 -0.587885 1.000000
tan 0.968504 -0.038130 0.241614 1.000000
tan 0.976378 -0.015376 -0.167834 1.000000
tan 0.937442 0.104160 -0.338521 1.000000
tan 0.914874 0.191828 0.196788 1.000000
tan 0.992126 0.031248 0.125488 1.000000
tan 0.583235 -0.038750 0.783743 1.000000
tan 0.272739 -0.249550 0.869862 1.000000
tan 0.517515 -0.022506 0.843946 1.000000
tan 0.733089 -0.012028 0.671709 1.000000
tan 0.897638 0.000000 0.448819 1.000000
tan 0.232128 -0.066402 0.937008 1.000000
tan 0.735507 0.035960 0.658565 1.000000
tan 0.173476 -0.031000 0.984252 1.000000
tan 0.693285 -0.005642 0.716535 1.000000
tan 0.184078 0.066402 0.937008 1.000000
tan -0.741956 -0.003968 0.615971 1.000000
tan -0.508649 -0.024118 0.851448 1.000000
tan -0.192076 -0.053816 0.976378 1.000000
tan 0.756711 0.000806 0.654349 1.000000
tan 0.288921 -0.060016 0.952756 1.000000
tan 0.708661 0.000000 0.708661 1.000000
tan -0.322215 -0.037200 0.944882 1.000000
tan 0.472503 -0.006944 0.881890 1.000000
tan 0.269019 -0.052948 0.960630 1.000000
tan -0.645669 -0.005084 0.764089 1.000000
tan -0.353959 -0.022134 0.937008 1.000000
tan -0.724533 -0.082088 0.624713 1.000000
tan -0.795276 -0.012524 0.606795 1.000000
tan -0.889764 -0.014012 0.464815 1.000000
tan -0.937752 -0.180048 0.301321 1.000000
tan -0.984314 -0.132804 0.139562 1.000000
tan -0.961002 -0.153760 -0.219790 1.000000
tan -0.897638 -0.049476 -0.435675 1.000000
tan -0.828136 -0.089776 -0.546035 1.000000
tan -0.889764 -0.070060 -0.452973 1.000000
tan -0.953066 -0.121024 -0.282225 1.000000
tan -0.984252 -0.046500 0.158596 1.000000
tan -0.992126 -0.102362 -0.049848 1.000000
tan -0.913386 -0.021576 0.400273 1.000000
tan -0.905512 -0.042780 0.426313 1.000000
tan -0.921260 -0.036270 0.395871 1.000000
tan -0.756836 -0.063612 0.607911 1.000000
tan -0.668299 -0.048422 0.721495 1.000000
tan -0.604377 0.003224 0.751193 1.000000
tan -0.984314 -0.132804 0.141236 1.000000
tan -0.661417 0.000000 0.748031 1.000000
tan -0.968752 -0.170500 0.186930 1.000000
tan -0.850394 -0.020088 0.521359 1.000000
tan -0.842520 -0.033170 0.544857 1.000000
tan -0.475417 -0.102300 0.859322 1.000000
tan 0.272925 -0.082026 0.848410 1.000000
tan -0.518693 -0.027032 0.858268 1.000000
tan 0.413293 -0.103230 0.867134 1.000000
tan 0.899498 -0.376713 0.149668 1.000000
tan 0.357493 -0.094302 0.914006 1.000000
tan 0.915246 -0.302561 0.279931 1.000000
tan 0.868746 -0.175150 -0.438155 1.000000
tan 0.907744 -0.285077 0.296857 1.000000
tan 0.960630 -0.267716 -0.019716 1.000000
tan 0.526071 -0.024242 0.850890 1.000000
tan -0.267717 -0.037820 0.960630 1.000000
tan 0.899498 -0.203112 0.395065 1.000000
tan 0.572819 -0.024242 0.787463 1.000000
tan 0.580693 -0.062992 0.773389 1.000000
tan -0.408333 -0.064728 0.913386 1.000000
tan 0.120652 -0.107632 0.968690 1.000000
tan -0.229834 -0.046128 0.976378 1.000000
tan 0.520863 0.044330 0.823424 1.000000
tan 0.066836 -0.109368 0.984314 1.000000
tan 0.460847 -0.020832 0.861988 1.000000
tan 0.627565 -0.021948 0.766135 1.000000
tan 0.781016 -0.184450 0.508029 1.000000
tan 0.723231 -0.033790 0.675181 1.000000
tan 0.922810 -0.272305 -0.172484 1.000000
tan 0.448633 -0.189162 -0.868746 1.000000
tan 0.384773 -0.149730 -0.891252 1.000000
tan 0.961002 -0.169136 0.225184 1.000000
tan 0.795276 -0.037572 0.602145 1.000000
tan 0.605059 -0.017298 0.795895 1.000000
tan 0.551181 -0.004340 0.835142 1.000000
tan 0.131130 -0.085932 0.992126 1.000000
tan 0.771654 -0.024304 0.632401 1.000000
tan 0.173538 0.007750 0.984252 1.000000
tan -0.385827 0.000000 0.921260 1.000000
tan -0.205344 0.007688 0.976378 1.000000
tan 0.638167 0.012152 0.771653 1.000000
tan -0.596875 0.013392 0.765887 1.000000
tan 0.860624 -0.023746 0.426747 1.000000
tan 0.952756 -0.060016 0.311055 1.000000
tan 0.968504 -0.083886 -0.238948 1.000000
tan 0.968690 -0.107632 -0.216132 1.000000
tan 0.850394 -0.053568 -0.525575 1.000000
tan 0.826772 -0.019530 -0.559985 1.000000
tan 0.811024 -0.025544 -0.582925 1.000000
tan 0.145080 -0.379751 -0.906752 1.000000
tan 0.417323 -0.078430 -0.905512 1.000000
tan 0.558621 -0.006510 -0.826772 1.000000
tan -0.166098 -0.441751 -0.883502 1.000000
tan -0.007502 -0.299213 -0.952756 1.000000
tan 0.264989 -0.294997 -0.915246 1.000000
tan 0.172732 -0.201500 -0.961002 1.000000
tan 0.392709 -0.058032 -0.921260 1.000000
tan 0.885238 -0.278009 -0.360717 1.000000
tan 0.825904 -0.162874 0.340877 1.000000
tan 0.554219 -0.046004 -0.834646 1.000000
tan 0.702275 -0.038874 -0.707545 1.000000
tan 0.915122 -0.238080 -0.299089 1.000000
tan 0.847170 -0.153636 0.471325 1.000000
tan 0.130696 -0.492157 0.859322 1.000000
tan 0.898258 -0.138632 0.324757 1.000000
tan 0.914874 -0.206584 0.317441 1.000000
tan 0.403807 -0.388369 0.827082 1.000000
tan 0.715481 -0.083080 0.697377 1.000000
tan 0.840598 -0.141236 0.421291 1.000000
tan 0.921818 -0.367165 -0.140430 1.000000
tan 0.968504 -0.244094 0.019096 1.000000
tan 0.826896 -0.062992 0.557939 1.000000
tan 0.845682 -0.139128 0.477401 1.000000
tan 0.937008 -0.059024 -0.352843 1.000000
tan 0.131502 -0.468969 0.839606 1.000000
tan 0.622419 -0.012276 -0.779527 1.000000
tan -0.810714 -0.317503 0.489987 1.000000
tan 0.529915 -0.695083 0.487941 1.000000
tan 0.787402 -0.012400 -0.614049 1.000000
tan 0.740157 -0.011656 -0.670655 1.000000
tan 0.812140 -0.017236 -0.564697 1.000000
tan 0.760618 -0.007068 -0.529915 1.000000
tan 0.937008 -0.044268 -0.333747 1.000000
tan 0.821688 0.022258 -0.459979 1.000000
tan 0.826214 0.062124 -0.561535 1.000000
tan 0.892740 0.345093 -0.255255 1.000000
tan 0.952756 0.000000 0.236220 1.000000
tan 0.756712 0.008060 0.626573 1.000000
tan 0.992126 -0.070308 0.106826 1.000000
tan 0.944882 -0.044640 0.331081 1.000000
tan 0.654783 0.006634 0.748651 1.000000
tan 0.518197 0.020088 0.850394 1.000000
tan 0.252279 -0.045012 0.952756 1.000000
tan 0.818898 -0.019344 0.573687 1.000000
tan -0.335235 0.035030 0.889764 1.000000
tan -0.343233 0.042656 0.848782 1.000000
tan -0.273173 0.035650 0.905512 1.000000
tan -0.280055 0.012028 0.923740 1.000000
tan 0.070866 0.000000 1.000000 1.000000
tan -0.306777 -0.007502 0.952756 1.000000
tan -0.440945 0.000000 0.897638 1.000000
tan 0.503813 -0.013640 0.866142 1.000000
tan -0.008990 -0.149606 0.992126 1.000000
tan 0.505797 -0.067580 0.858268 1.000000
tan 0.391717 -0.116064 0.914006 1.000000
tan -0.440573 -0.014136 0.897638 1.000000
tan 0.651311 -0.079298 0.757145 1.000000
tan -0.558683 -0.006510 0.826772 1.000000
tan -0.055428 -0.328104 0.937442 1.000000
tan -0.668733 -0.011098 0.740715 1.000000
tan -0.818092 -0.306529 0.480873 1.000000
tan -0.360221 -0.102424 0.921818 1.000000
tan -0.652799 -0.017856 0.755905 1.000000
tan -0.676669 -0.011098 0.732779 1.000000
tan -0.511315 -0.063798 0.843450 1.000000
tan -0.430963 -0.106020 0.890570 1.000000
tan -0.795276 -0.050096 0.603881 1.000000
tan 0.049662 -0.354331 0.937008 1.000000
tan 0.181536 -0.293136 0.914130 1.000000
tan -0.835886 -0.144646 0.527187 1.000000
tan -0.884122 -0.415153 0.229338 1.000000
tan -0.723913 -0.107322 0.685287 1.000000
tan -0.666501 -0.720751 0.142104 1.000000
tan 0.044392 -0.480315 0.874016 1.000000
tan 0.125798 -0.607043 0.749643 1.000000
tan 0.730796 -0.214582 0.650071 1.000000
tan 0.642507 -0.619443 0.448137 1.000000
tan 0.376713 -0.899498 0.186744 1.000000
tan 0.379503 -0.887222 -0.024738 1.000000
tan 0.411061 -0.817162 0.070680 1.000000
tan -0.968690 0.226548 0.110732 1.000000
tan -0.976378 0.204724 -0.087792 1.000000
tan -0.643127 0.080600 0.744869 1.000000
tan -0.628557 0.017112 -0.772335 1.000000
tan -0.723169 0.045012 -0.688759 1.000000
tan -0.547833 0.023684 -0.820013 1.000000
tan -0.355261 0.058528 -0.929134 1.000000
tan -0.572075 0.030318 -0.819579 1.000000
tan -0.138756 0.100750 -0.976502 1.000000
tan 0.168330 0.100750 -0.976502 1.000000
tan -0.262261 0.083204 -0.960630 1.000000
tan -0.551429 0.026288 -0.834646 1.000000
tan -0.740157 0.005828 -0.669353 1.000000
tan -0.716535 0.005642 -0.700849 1.000000
tan -0.881890 0.020832 -0.471139 1.000000
tan -0.968690 0.092256 0.205344 1.000000
tan -0.581251 0.020026 -0.799553 1.000000
tan -0.508091 0.027962 -0.845000 1.000000
tan -0.458243 -0.003224 -0.867692 1.000000
tan -0.913386 0.050344 0.402877 1.000000
tan -0.495567 0.027280 0.866142 1.000000
tan -0.742451 0.047678 -0.626945 1.000000
tan -0.266849 0.052948 0.960630 1.000000
tan 0.115444 0.109368 0.984314 1.000000
tan -0.906194 0.107880 -0.405481 1.000000
tan 0.354331 0.044268 0.937008 1.000000
tan 0.480315 0.027528 0.874016 1.000000
tan -0.867134 0.075702 -0.480625 1.000000
tan 0.787402 0.006200 0.621737 1.000000
tan -0.968504 0.236220 -0.003906 1.000000
tan -0.834026 0.332197 -0.404799 1.000000
tan -0.842024 0.057288 0.539401 1.000000
tan -0.877426 0.400893 -0.001178 1.000000
tan -0.491289 0.095480 0.859322 1.000000
tan -0.021700 0.109368 0.984314 1.000000
tan -0.818402 0.468721 -0.261455 1.000000
tan -0.690433 0.604129 -0.403993 1.000000
tan -0.433691 0.137640 -0.860252 1.000000
tan -0.673197 0.680761 0.003968 1.000000
tan -0.440883 0.055552 -0.881890 1.000000
tan -0.469341 0.017236 -0.859818 1.000000
tan -0.774815 0.075082 -0.612251 1.000000
tan -0.073036 0.813565 -0.560233 1.000000
tan -0.038936 0.837436 -0.531713 1.000000
tan -0.445533 0.285820 -0.808916 1.000000
tan 0.066712 0.716535 -0.700787 1.000000
tan -0.805692 0.378325 -0.449501 1.000000
tan -0.211792 0.626821 0.748527 1.000000
tan -0.789448 0.285263 0.520367 1.000000
tan -0.785666 0.093248 0.580321 1.000000
tan -0.620311 0.106950 0.774319 1.000000
tan 0.383967 0.770413 0.466489 1.000000
tan 0.650629 0.008308 0.751751 1.000000
tan 0.109864 0.689999 0.706739 1.000000
tan 0.484655 0.139624 0.854176 1.000000
tan 0.742141 0.137020 0.572881 1.000000
tan 0.929630 0.088536 -0.348937 1.000000
tan 0.889764 0.049042 0.389423 1.000000
tan 0.358051 0.073780 0.937008 1.000000
tan -0.653543 0.005146 0.748527 1.000000
tan -0.254387 0.304979 0.886416 1.000000
tan 0.210862 0.449935 0.854114 1.000000
tan 0.505177 0.084444 0.844566 1.000000
tan 0.961002 0.209250 -0.143778 1.000000
tan 0.926220 0.004154 0.363445 1.000000
tan 0.823610 0.174282 0.510385 1.000000
tan 0.840164 0.185752 -0.491289 1.000000
tan 0.211544 0.457561 0.854114 1.000000
tan 0.892554 0.347945 -0.179056 1.000000
tan 0.915246 0.294997 -0.089714 1.000000
tan 0.841094 0.405791 -0.242172 1.000000
tan 0.842024 0.158658 0.435923 1.000000
tan 0.598983 0.147064 0.781139 1.000000
tan 0.826772 0.045570 0.482175 1.000000
tan 0.937938 0.211792 -0.213528 1.000000
tan 0.992126 0.054684 -0.014384 1.000000
tan 0.944882 0.044640 0.258416 1.000000
tan 0.372931 0.239383 0.892244 1.000000
tan 0.702275 0.005394 0.685039 1.000000
tan 0.897638 0.014136 0.423585 1.000000
tan 0.881890 0.013888 0.463823 1.000000
tan 0.685411 0.005704 0.724409 1.000000
tan 0.637671 0.048670 0.757641 1.000000
tan 0.787402 0.000000 0.614173 1.000000
tan 0.604315 0.031000 0.787401 1.000000
tan 0.072726 0.242173 0.960878 1.000000
tan 0.693595 0.005642 0.716535 1.000000
tan 0.414905 0.057040 0.905512 1.000000
tan 0.279125 0.158844 0.945502 1.000000
tan -0.294811 0.082522 0.945254 1.000000
tan -0.365925 0.181350 0.899498 1.000000
tan -0.700477 0.049972 0.708909 1.000000
tan -0.749023 0.050530 0.668051 1.000000
tan -0.921818 0.087792 0.350425 1.000000
tan -0.984314 0.140616 -0.074772 1.000000
tan -0.764958 0.013082 -0.633455 1.000000
tan -0.937938 0.196664 0.178188 1.000000
tan -0.693781 0.010726 -0.719139 1.000000
tan -0.905512 0.057040 -0.410007 1.000000
tan -0.330709 -0.000000 -0.937008 1.000000
tan -0.307831 -0.007440 -0.944882 1.000000
tan -0.299213 -0.000000 -0.952756 1.000000
tan -0.575795 -0.006386 -0.811023 1.000000
tan -0.456693 -0.000000 -0.889764 1.000000
tan -0.503875 0.006820 -0.866142 1.000000
tan -0.795276 0.006262 -0.606733 1.000000
tan -0.732283 -0.000000 -0.685039 1.000000
tan -0.992126 0.039060 -0.088474 1.000000
tan -0.771654 0.006076 -0.630603 1.000000
tan -0.944882 0.074400 -0.316821 1.000000
tan -0.694401 -0.000000 -0.694401 1.000000
tan -0.882758 0.112096 -0.425197 1.000000
tan -0.976502 0.085250 0.166780 1.000000
tan -0.520739 -0.002542 -0.843574 1.000000
tan -0.874016 0.006882 0.488065 1.000000
tan -0.795276 0.006262 0.606237 1.000000
tan -0.787402 0.031000 -0.605245 1.000000
tan -0.346457 0.022134 0.937008 1.000000
tan -0.164362 0.062000 0.984252 1.000000
tan -0.359415 0.036580 0.929134 1.000000
tan 0.166594 0.038750 0.984252 1.000000
tan 0.504309 0.013640 0.866142 1.000000
tan 0.645545 0.006014 0.763779 1.000000
tan 0.677475 0.005766 0.732283 1.000000
tan 0.874016 -0.006882 0.480687 1.000000
tan 0.886478 0.204476 0.352781 1.000000
tan 0.929134 -0.014632 0.355323 1.000000
tan 0.755906 0.000000 0.653543 1.000000
tan 0.771158 0.056668 0.609337 1.000000
tan 0.905512 -0.014260 0.411185 1.000000
tan 0.379999 0.021762 0.921260 1.000000
tan -0.059892 -0.092256 0.968690 1.000000
tan 0.850394 -0.006696 0.505115 1.000000
tan -0.447455 0.014012 0.889764 1.000000
tan -0.859322 0.115940 0.494885 1.000000
tan 0.492839 0.034100 0.866142 1.000000
tan -0.067518 0.148428 0.984314 1.000000
tan 0.984252 -0.007750 0.134912 1.000000
tan 0.897638 0.056544 0.391159 1.000000
tan -0.020584 0.251969 0.968504 1.000000
tan 0.960878 0.114390 -0.235848 1.000000
tan 0.437473 0.098952 0.890570 1.000000
tan 0.992126 0.031248 -0.074090 1.000000
tan 0.889764 0.049042 0.447951 1.000000
tan 0.944882 0.037200 -0.318371 1.000000
tan 0.960630 0.007564 0.259036 1.000000
tan 0.976502 0.100750 0.088660 1.000000
tan 0.929134 -0.021948 0.333871 1.000000
tan -0.069564 0.089280 0.937442 1.000000
tan 0.370513 0.237337 0.884618 1.000000
tan -0.730609 0.111476 0.636245 1.000000
tan -0.313101 0.148800 0.930002 1.000000
tan -0.961622 -0.066092 0.260897 1.000000
tan -0.921260 -0.079794 0.376527 1.000000
tan -0.329717 0.193440 0.922562 1.000000
tan -0.643747 0.057660 0.732283 1.000000
tan 0.058218 0.384401 0.899498 1.000000
tan -0.843822 -0.130200 0.398351 1.000000
tan -0.662409 0.033976 0.747535 1.000000
tan -0.700043 0.032736 0.691487 1.000000
tan -0.331453 0.236097 0.907496 1.000000
tan -0.976378 0.053816 0.019344 1.000000
tan -0.509083 -0.066960 -0.850394 1.000000
tan -0.921260 0.043524 -0.382789 1.000000
tan -0.968690 0.123008 0.174592 1.000000
tan -0.889764 0.042036 0.447703 1.000000
tan -0.968504 0.076260 -0.258168 1.000000
tan -0.945254 0.097526 0.314899 1.000000
tan -0.889764 0.063054 -0.448199 1.000000
tan -0.535991 -0.051150 -0.810403 1.000000
tan -0.536301 -0.002356 -0.835514 1.000000
tan -0.771654 0.012152 -0.630169 1.000000
tan -0.669291 0.005270 -0.733027 1.000000
tan -0.748031 0.011780 -0.655155 1.000000
tan -0.976502 0.100750 0.168640 1.000000
tan -0.456011 0.006944 0.881890 1.000000
tan -0.473123 -0.040920 -0.866142 1.000000
tan -0.818898 0.012896 -0.560543 1.000000
tan -0.560543 -0.008618 -0.827516 1.000000
tan -0.527559 -0.000000 -0.842520 1.000000
tan -0.692913 0.005456 -0.717093 1.000000
tan -0.645669 0.005084 -0.756711 1.000000
tan -0.771654 0.006076 -0.630293 1.000000
tan -0.583731 -0.006324 -0.803149 1.000000
tan -0.520553 -0.013392 -0.850394 1.000000
tan -0.340815 -0.029512 -0.937008 1.000000
tan -0.021762 -0.078740 -1.000000 1.000000
tan -0.874016 -0.020646 -0.468101 1.000000
tan -0.599231 -0.006262 -0.795275 1.000000
tan -0.402319 -0.159774 0.882448 1.000000
tan -0.850394 0.026784 -0.516275 1.000000
tan -0.953066 0.143716 -0.254387 1.000000
tan -0.944882 0.059520 0.312543 1.000000
tan -0.976502 0.116250 0.029202 1.000000
tan -0.914006 0.108810 0.375349 1.000000
tan -0.321161 -0.029264 0.929134 1.000000
tan -0.992126 0.133858 -0.057846 1.000000
tan -0.842520 0.026536 0.534441 1.000000
tan -0.960630 0.045384 -0.276335 1.000000
tan -0.921260 0.029016 0.386075 1.000000
tan -0.968504 0.038130 0.234670 1.000000
tan -0.708475 0.016678 0.701159 1.000000
tan -0.433257 0.021390 0.905512 1.000000
tan -0.029326 0.055118 1.000000 1.000000
tan 0.332011 0.022320 0.944882 1.000000
tan 0.795958 0.007812 0.599789 1.000000
tan 0.370947 0.014632 0.929134 1.000000
tan 0.748031 0.000000 0.669291 1.000000
tan -0.414843 0.035650 0.905512 1.000000
tan 0.724409 0.000000 0.685039 1.000000
tan 0.842520 -0.006634 0.536115 1.000000
tan 0.929134 -0.021948 0.362763 1.000000
tan 0.812078 0.014694 0.570091 1.000000
tan 0.968504 -0.045756 0.247814 1.000000
tan 0.779528 -0.012276 0.623535 1.000000
tan 0.603261 0.055986 0.761485 1.000000
tan 0.968504 -0.053382 0.241428 1.000000
tan 0.375349 0.084816 0.890570 1.000000
tan 0.322463 0.302313 0.844131 1.000000
tan 0.881890 -0.020832 0.466799 1.000000
tan -0.243289 0.097526 0.945254 1.000000
tan -0.859074 0.044516 0.499101 1.000000
tan 0.497303 0.013640 0.866142 1.000000
tan -0.400273 0.021576 0.913386 1.000000
tan -0.992126 0.046872 0.075392 1.000000
tan -0.859322 0.095480 -0.416641 1.000000
tan 0.056110 0.031496 1.000000 1.000000
tan 0.599045 0.006262 0.795275 1.000000
tan 0.937008 -0.036890 0.335359 1.000000
tan -0.787402 0.000000 0.614173 1.000000
tan 0.992126 -0.054684 0.067766 1.000000
tan 0.984252 -0.031000 0.159960 1.000000
tan 0.992126 0.015624 0.093248 1.000000
tan 0.992126 -0.007812 -0.086056 1.000000
tan 0.874760 -0.009982 0.481803 1.000000
tan 0.709219 0.005518 0.700787 1.000000
tan 0.976378 -0.015376 -0.195858 1.000000
tan 0.858268 0.027032 0.499039 1.000000
tan 0.565007 0.058342 0.797445 1.000000
tan 0.270445 0.128588 0.953066 1.000000
tan -0.118048 0.099138 0.960878 1.000000
tan -0.528427 0.046872 0.850394 1.000000
tan -0.545973 0.045012 0.813565 1.000000
tan -0.698555 0.049662 0.708599 1.000000
tan -0.555397 -0.003844 0.799491 1.000000
tan -0.960878 0.242172 0.127720 1.000000
tan -0.674003 0.124000 0.673321 1.000000
tan 0.050964 -0.006572 0.885610 1.000000
tan -0.168454 0.015252 0.968504 1.000000
tan -0.922562 -0.315209 0.085870 1.000000
tan 0.189100 0.100750 0.976502 1.000000
tan -0.859322 -0.102300 0.488251 1.000000
tan -0.330709 0.029760 0.944882 1.000000
tan -0.298965 0.096720 0.937442 1.000000
tan -0.710459 -0.024056 0.657139 1.000000
tan -0.427057 0.165168 0.860252 1.000000
tan -0.421849 0.070680 0.897638 1.000000
tan 0.167524 0.236407 0.938000 1.000000
tan -0.644057 0.065348 0.726145 1.000000
tan -0.864716 -0.200942 0.159898 1.000000
tan -0.468721 0.096348 0.867134 1.000000
tan -0.630417 0.006076 0.771653 1.000000
tan -0.881890 -0.034720 0.453779 1.000000
tan -0.842520 0.000000 0.527559 1.000000
tan -0.976378 -0.076880 -0.145700 1.000000
tan -1.000000 -0.007874 0.031868 1.000000
tan -0.552421 -0.129084 -0.826958 1.000000
tan -0.515965 -0.040176 -0.850394 1.000000
tan -0.858268 -0.006758 -0.503503 1.000000
tan -0.392213 -0.094302 -0.914006 1.000000
tan -0.858268 -0.000000 -0.511811 1.000000
tan 0.038316 -0.242173 -0.960878 1.000000
tan -0.427801 -0.042780 -0.905512 1.000000
tan 0.060264 -0.141732 -0.992126 1.000000
tan 0.168268 -0.131750 -0.976502 1.000000
tan -0.097526 -0.132804 -0.984314 1.000000
tan -0.228966 -0.099944 -0.968690 1.000000
tan -0.513671 -0.020274 -0.858268 1.000000
tan -0.469713 -0.068820 -0.874016 1.000000
tan -0.881890 -0.027776 -0.471697 1.000000
tan -0.976502 -0.124000 0.145328 1.000000
tan -0.116870 -0.078120 0.992126 1.000000
tan -0.859198 0.023126 -0.499783 1.000000
tan -0.937008 -0.081158 0.343729 1.000000
tan -0.616405 -0.018414 -0.779527 1.000000
tan -0.379503 -0.043152 0.913386 1.000000
tan -1.000000 -0.047244 0.016492 1.000000
tan -0.829624 -0.021452 0.532581 1.000000
tan -0.267345 -0.022692 0.960630 1.000000
tan -0.960630 0.015128 0.275963 1.000000
tan -0.984252 -0.015500 -0.147746 1.000000
tan -0.976378 -0.046128 0.151900 1.000000
tan -0.811892 0.033728 -0.587885 1.000000
tan -0.968504 -0.015252 -0.230330 1.000000
tan -0.968752 0.155000 -0.120900 1.000000
tan -0.984252 0.023250 -0.165540 1.000000
tan -1.000000 0.007874 -0.015934 1.000000
tan -0.921260 0.000000 0.385827 1.000000
tan -0.952756 -0.000000 -0.299213 1.000000
tan -0.952756 0.015004 0.307211 1.000000
tan -0.575361 -0.039680 0.791617 1.000000
tan -0.272739 -0.249550 0.869862 1.000000
tan -0.517515 -0.022506 0.843946 1.000000
tan -0.733089 -0.012028 0.671709 1.000000
tan -0.232128 -0.066402 0.937008 1.000000
tan -0.735507 0.035960 0.658565 1.000000
tan -0.173476 -0.031000 0.984252 1.000000
tan -0.184078 0.066402 0.937008 1.000000
tan 0.741956 -0.003968 0.615971 1.000000
tan 0.508649 -0.024118 0.851448 1.000000
tan -0.693285 -0.005642 0.716535 1.000000
tan 0.192076 -0.053816 0.976378 1.000000
tan 0.937752 -0.180048 0.301321 1.000000
tan -0.288921 -0.060016 0.952756 1.000000
tan 0.795276 -0.012524 0.606795 1.000000
tan 0.322215 -0.037200 0.944882 1.000000
tan -0.740157 0.000000 0.669291 1.000000
tan -0.269019 -0.052948 0.960630 1.000000
tan 0.353959 -0.022134 0.937008 1.000000
tan -0.472503 -0.006944 0.881890 1.000000
tan -0.952756 -0.015004 0.291215 1.000000
tan -0.858268 -0.006758 0.512183 1.000000
tan -0.992126 -0.023436 -0.101060 1.000000
tan -0.592225 0.074152 0.802281 1.000000
tan -0.960630 -0.000000 -0.173228 1.000000
tan 0.645669 -0.005084 0.764089 1.000000
tan 0.724533 -0.082088 0.624713 1.000000
tan -0.811024 -0.000000 -0.574803 1.000000
tan -0.656209 -0.051336 -0.703081 1.000000
tan -0.766322 0.037758 -0.581065 1.000000
tan -0.601277 -0.188480 -0.742885 1.000000
tan -0.724781 -0.005394 -0.685039 1.000000
tan -0.662037 -0.005890 -0.748031 1.000000
tan -0.689317 -0.011346 -0.710087 1.000000
tan -0.606299 -0.000000 -0.795275 1.000000
tan -0.874016 0.013764 -0.481183 1.000000
tan 0.889764 -0.014012 0.464815 1.000000
tan 0.913386 -0.021576 0.400273 1.000000
tan 0.984314 -0.132804 0.139562 1.000000
tan 0.905512 -0.042780 0.426313 1.000000
tan 0.984252 -0.046500 0.158596 1.000000
tan 0.756836 -0.063612 0.607911 1.000000
tan 0.668299 -0.048422 0.721495 1.000000
tan 0.612871 -0.002852 0.747349 1.000000
tan 0.921260 -0.036270 0.395871 1.000000
tan 0.953066 -0.121024 -0.282225 1.000000
tan 0.961002 -0.153760 -0.219790 1.000000
tan 0.992126 -0.102362 -0.049848 1.000000
tan 0.889764 -0.070060 -0.452973 1.000000
tan 0.828136 -0.089776 -0.546035 1.000000
tan 0.897638 -0.049476 -0.435675 1.000000
tan 0.984314 -0.132804 0.141236 1.000000
tan 0.961002 -0.169136 0.186930 1.000000
tan 0.475417 -0.102300 0.859322 1.000000
tan -0.272925 -0.082026 0.848410 1.000000
tan 0.842520 -0.033170 0.544857 1.000000
tan 0.850394 -0.020088 0.521359 1.000000
tan 0.518693 -0.027032 0.858268 1.000000
tan 0.661417 0.000000 0.748031 1.000000
tan -0.413293 -0.103230 0.867134 1.000000
tan 0.596875 0.013392 0.765887 1.000000
tan -0.899498 -0.376713 0.149668 1.000000
tan 0.205344 0.007688 0.976378 1.000000
tan -0.365305 -0.094302 0.914006 1.000000
tan 0.385827 0.000000 0.921260 1.000000
tan -0.653915 0.005952 0.755905 1.000000
tan -0.868560 -0.030938 0.413665 1.000000
tan -0.149916 0.007750 0.984252 1.000000
tan -0.123256 -0.085932 0.992126 1.000000
tan -0.551181 -0.004340 0.835142 1.000000
tan -0.915246 -0.302561 0.279931 1.000000
tan -0.605059 -0.017298 0.795895 1.000000
tan -0.868746 -0.175150 -0.438155 1.000000
tan -0.572819 -0.024242 0.787463 1.000000
tan -0.907744 -0.285077 0.296857 1.000000
tan -0.960630 -0.267716 -0.019716 1.000000
tan -0.526071 -0.024242 0.850890 1.000000
tan -0.899498 -0.203112 0.395065 1.000000
tan 0.267717 -0.037820 0.960630 1.000000
tan -0.580693 -0.062992 0.773389 1.000000
tan -0.460847 -0.020832 0.861988 1.000000
tan -0.120652 -0.107632 0.968690 1.000000
tan 0.408333 -0.064728 0.913386 1.000000
tan 0.229834 -0.046128 0.976378 1.000000
tan -0.520863 0.044330 0.823424 1.000000
tan -0.066836 -0.109368 0.984314 1.000000
tan -0.627565 -0.021948 0.766135 1.000000
tan -0.781016 -0.184450 0.508029 1.000000
tan -0.723231 -0.033790 0.675181 1.000000
tan -0.763780 -0.030070 0.640585 1.000000
tan -0.922810 -0.272305 -0.172484 1.000000
tan -0.961002 -0.169136 0.225184 1.000000
tan -0.944882 -0.052080 0.334615 1.000000
tan -0.448633 -0.189162 -0.868746 1.000000
tan -0.384773 -0.149730 -0.891252 1.000000
tan -0.850394 -0.053568 -0.525575 1.000000
tan -0.968690 -0.107632 -0.216132 1.000000
tan -0.976378 -0.084568 -0.231074 1.000000
tan -0.811024 -0.025544 -0.582925 1.000000
tan -0.812140 -0.017236 -0.564697 1.000000
tan -0.760618 -0.007068 -0.529915 1.000000
tan -0.826772 -0.019530 -0.559985 1.000000
tan -0.740157 -0.011656 -0.670655 1.000000
tan -0.821688 0.022258 -0.459979 1.000000
tan -0.826214 0.062124 -0.561535 1.000000
tan -0.892740 0.345093 -0.255255 1.000000
tan -0.787402 -0.012400 -0.614049 1.000000
tan -0.558621 -0.006510 -0.826772 1.000000
tan -0.937008 -0.044268 -0.333747 1.000000
tan -0.952756 0.000000 0.236220 1.000000
tan -0.756712 0.008060 0.626573 1.000000
tan -0.622419 -0.012276 -0.779527 1.000000
tan -0.518197 0.020088 0.850394 1.000000
tan -0.252279 -0.045012 0.952756 1.000000
tan -0.992126 -0.070308 0.106826 1.000000
tan 0.335235 0.035030 0.889764 1.000000
tan 0.343233 0.042656 0.848782 1.000000
tan -0.654783 0.006634 0.748651 1.000000
tan 0.273173 0.035650 0.905512 1.000000
tan 0.280055 0.012028 0.923740 1.000000
tan -0.937008 -0.059024 -0.352843 1.000000
tan 0.306777 -0.007502 0.952756 1.000000
tan 0.440945 0.000000 0.897638 1.000000
tan -0.070866 0.000000 1.000000 1.000000
tan 0.440573 -0.014136 0.897638 1.000000
tan 0.008990 -0.149606 0.992126 1.000000
tan -0.503813 -0.013640 0.866142 1.000000
tan 0.558683 -0.006510 0.826772 1.000000
tan 0.668733 -0.011098 0.740715 1.000000
tan 0.360221 -0.102424 0.921818 1.000000
tan -0.505797 -0.067580 0.858268 1.000000
tan 0.676669 -0.011098 0.732779 1.000000
tan -0.391717 -0.116064 0.914006 1.000000
tan -0.818898 -0.019344 0.573687 1.000000
tan -0.944882 -0.044640 0.331081 1.000000
tan -0.968504 -0.244094 0.019096 1.000000
tan -0.826896 -0.062992 0.557939 1.000000
tan -0.651311 -0.079298 0.757145 1.000000
tan 0.055428 -0.328104 0.937442 1.000000
tan -0.845682 -0.139128 0.477401 1.000000
tan 0.652799 -0.017856 0.755905 1.000000
tan -0.131502 -0.468969 0.839606 1.000000
tan 0.818092 -0.306529 0.480873 1.000000
tan 0.795276 -0.050096 0.603881 1.000000
tan 0.884122 -0.415153 0.229338 1.000000
tan 0.835886 -0.144646 0.527187 1.000000
tan 0.511315 -0.063798 0.843450 1.000000
tan 0.430963 -0.106020 0.890570 1.000000
tan 0.723913 -0.107322 0.685287 1.000000
tan 0.666501 -0.720751 0.142104 1.000000
tan 0.810714 -0.317503 0.489987 1.000000
tan -0.044392 -0.480315 0.874016 1.000000
tan -0.049662 -0.354331 0.937008 1.000000
tan -0.181536 -0.293136 0.914130 1.000000
tan -0.125798 -0.607043 0.749643 1.000000
tan -0.730796 -0.214582 0.650071 1.000000
tan -0.642507 -0.619443 0.448137 1.000000
tan -0.529915 -0.695083 0.487941 1.000000
tan -0.376713 -0.899498 0.186744 1.000000
tan -0.411061 -0.817162 0.070680 1.000000
tan -0.379503 -0.887222 -0.024738 1.000000
tan -0.898258 -0.138632 0.324757 1.000000
tan -0.921818 -0.367165 -0.140430 1.000000
tan -0.840598 -0.141236 0.421291 1.000000
tan -0.715481 -0.083080 0.697377 1.000000
tan -0.130696 -0.492157 0.859322 1.000000
tan -0.825904 -0.162874 0.340877 1.000000
tan -0.403807 -0.388369 0.827082 1.000000
tan -0.914874 -0.206584 0.317441 1.000000
tan -0.847170 -0.153636 0.471325 1.000000
tan -0.915122 -0.238080 -0.299089 1.000000
tan -0.885238 -0.278009 -0.360717 1.000000
tan -0.702275 -0.038874 -0.707545 1.000000
tan -0.264989 -0.294997 -0.915246 1.000000
tan -0.554219 -0.046004 -0.834646 1.000000
tan -0.172732 -0.201500 -0.961002 1.000000
tan -0.392709 -0.058032 -0.921260 1.000000
tan -0.417323 -0.078430 -0.905512 1.000000
tan 0.007502 -0.299213 -0.952756 1.000000
tan -0.145080 -0.379751 -0.906752 1.000000
tan 0.166098 -0.441751 -0.883502 1.000000
tan 0.968690 0.226548 0.110732 1.000000
tan 0.976378 0.204724 -0.087792 1.000000
tan 0.643127 0.080600 0.744869 1.000000
tan 0.628557 0.017112 -0.772335 1.000000
tan 0.723169 0.045012 -0.688759 1.000000
tan 0.547833 0.023684 -0.820013 1.000000
tan 0.355261 0.058528 -0.929134 1.000000
tan 0.572075 0.030318 -0.819579 1.000000
tan 0.138756 0.100750 -0.976502 1.000000
tan -0.168330 0.100750 -0.976502 1.000000
tan 0.262261 0.083204 -0.960630 1.000000
tan 0.551429 0.026288 -0.834646 1.000000
tan 0.740157 0.005828 -0.669353 1.000000
tan 0.716535 0.005642 -0.700849 1.000000
tan 0.881890 0.020832 -0.471139 1.000000
tan 0.968690 0.092256 0.205344 1.000000
tan 0.581251 0.020026 -0.799553 1.000000
tan 0.508091 0.027962 -0.845000 1.000000
tan 0.458243 -0.003224 -0.867692 1.000000
tan 0.913386 0.050344 0.402877 1.000000
tan 0.495567 0.027280 0.866142 1.000000
tan 0.742451 0.047678 -0.626945 1.000000
tan 0.266849 0.052948 0.960630 1.000000
tan -0.115444 0.109368 0.984314 1.000000
tan 0.906194 0.107880 -0.405481 1.000000
tan -0.354331 0.044268 0.937008 1.000000
tan -0.480315 0.027528 0.874016 1.000000
tan 0.867134 0.075702 -0.480625 1.000000
tan -0.787402 0.006200 0.621737 1.000000
tan 0.968504 0.236220 -0.003906 1.000000
tan 0.834026 0.332197 -0.404799 1.000000
tan 0.842024 0.057288 0.539401 1.000000
tan 0.877426 0.400893 -0.001178 1.000000
tan 0.491289 0.095480 0.859322 1.000000
tan 0.021700 0.109368 0.984314 1.000000
tan 0.818402 0.468721 -0.261455 1.000000
tan 0.690433 0.604129 -0.403993 1.000000
tan 0.433691 0.137640 -0.860252 1.000000
tan 0.673197 0.680761 0.003968 1.000000
tan 0.440883 0.055552 -0.881890 1.000000
tan 0.469341 0.017236 -0.859818 1.000000
tan 0.774815 0.075082 -0.612251 1.000000
tan 0.805692 0.378325 -0.449501 1.000000
tan -0.066712 0.716535 -0.700787 1.000000
tan 0.445533 0.285820 -0.808916 1.000000
tan 0.073036 0.813565 -0.560233 1.000000
tan 0.038936 0.837436 -0.531713 1.000000
tan 0.211792 0.626821 0.748527 1.000000
tan 0.789448 0.285263 0.520367 1.000000
tan 0.785666 0.093248 0.580321 1.000000
tan 0.620311 0.106950 0.774319 1.000000
tan -0.383967 0.770413 0.466489 1.000000
tan -0.650629 0.008308 0.751751 1.000000
tan -0.109864 0.689999 0.706739 1.000000
tan -0.484655 0.139624 0.854176 1.000000
tan -0.742141 0.137020 0.572881 1.000000
tan -0.929630 0.088536 -0.348937 1.000000
tan -0.889764 0.049042 0.389423 1.000000
tan -0.358051 0.073780 0.937008 1.000000
tan 0.653543 0.005146 0.748527 1.000000
tan 0.254387 0.304979 0.886416 1.000000
tan -0.210862 0.449935 0.854114 1.000000
tan -0.505177 0.084444 0.844566 1.000000
tan -0.961002 0.209250 -0.143778 1.000000
tan -0.926220 0.004154 0.363445 1.000000
tan -0.823610 0.174282 0.510385 1.000000
tan -0.840164 0.185752 -0.491289 1.000000
tan -0.211544 0.457561 0.854114 1.000000
tan -0.892554 0.347945 -0.179056 1.000000
tan -0.915246 0.294997 -0.089714 1.000000
tan -0.841094 0.405791 -0.242172 1.000000
tan -0.842024 0.158658 0.435923 1.000000
tan -0.598983 0.147064 0.781139 1.000000
tan -0.834646 0.046004 0.482175 1.000000
tan -0.937938 0.211792 -0.213528 1.000000
tan -0.992126 0.054684 -0.014384 1.000000
tan -0.944882 0.044640 0.258416 1.000000
tan -0.372931 0.239383 0.892244 1.000000
tan -0.702275 0.005394 0.685039 1.000000
tan -0.897638 0.014136 0.423585 1.000000
tan -0.881890 0.013888 0.463823 1.000000
tan -0.685411 0.005704 0.724409 1.000000
tan -0.637671 0.048670 0.757641 1.000000
tan -0.787402 0.000000 0.614173 1.000000
tan -0.604315 0.031000 0.787401 1.000000
tan -0.072726 0.242173 0.960878 1.000000
tan -0.693595 0.005642 0.716535 1.000000
tan -0.414905 0.057040 0.905512 1.000000
tan -0.294625 0.157542 0.937752 1.000000
tan 0.180978 0.115320 0.968690 1.000000
tan 0.692665 0.033480 0.716659 1.000000
tan 0.325749 0.191828 0.914874 1.000000
tan 0.693409 0.016740 0.716287 1.000000
tan 0.984314 0.148428 0.081964 1.000000
tan 0.858268 0.033790 -0.500713 1.000000
tan 0.968690 0.146072 -0.207514 1.000000
tan 0.898382 0.078430 0.404489 1.000000
tan 0.460971 0.273235 0.847728 1.000000
tan 0.702151 0.154070 0.634571 1.000000
tan 0.822494 0.086490 0.342613 1.000000
tan 0.775497 0.084010 0.566061 1.000000
tan 0.938000 0.244032 -0.192820 1.000000
tan 0.431087 0.534627 0.716163 1.000000
tan 0.823300 0.224378 0.029326 1.000000
tan 0.881642 0.188232 0.209064 1.000000
tan 0.732283 0.028830 -0.667307 1.000000
tan 0.523095 -0.037944 -0.837870 1.000000
tan 0.653543 0.005146 -0.741397 1.000000
tan 0.748031 0.017670 -0.648831 1.000000
tan 0.425197 -0.000000 -0.897638 1.000000
tan 0.441751 -0.007006 -0.889764 1.000000
tan 0.212598 -0.000000 -0.976378 1.000000
tan 0.615103 -0.006138 -0.779527 1.000000
tan 0.212598 -0.000000 -0.976378 1.000000
tan 0.346457 -0.000000 -0.937008 1.000000
tan 0.448819 -0.000000 -0.889764 1.000000
tan 0.480315 -0.000000 -0.874016 1.000000
tan 0.803150 0.006324 -0.598859 1.000000
tan 0.724409 -0.000000 -0.685039 1.000000
tan 0.992126 0.031248 -0.095976 1.000000
tan 0.771654 0.006076 -0.630603 1.000000
tan 0.944882 0.074400 -0.324695 1.000000
tan 0.702275 0.000124 -0.686527 1.000000
tan 0.882758 0.112096 -0.425197 1.000000
tan 0.976502 0.085250 0.166780 1.000000
tan 0.938000 0.228780 -0.187674 1.000000
tan 0.874016 0.006882 0.488065 1.000000
tan 0.795276 0.006262 0.606237 1.000000
tan 0.811768 0.049228 0.569595 1.000000
tan 0.359415 0.036580 0.929134 1.000000
tan 0.346457 0.022134 0.937008 1.000000
tan 0.164362 0.062000 0.984252 1.000000
tan -0.166594 0.038750 0.984252 1.000000
tan -0.504309 0.013640 0.866142 1.000000
tan -0.645545 0.006014 0.763779 1.000000
tan -0.677475 0.005766 0.732283 1.000000
tan -0.874016 -0.006882 0.480687 1.000000
tan -0.886478 0.204476 0.352781 1.000000
tan -0.929134 -0.014632 0.355323 1.000000
tan -0.755906 0.000000 0.653543 1.000000
tan -0.771158 0.056668 0.609337 1.000000
tan -0.905512 -0.014260 0.411185 1.000000
tan -0.379999 0.021762 0.921260 1.000000
tan 0.059892 -0.092256 0.968690 1.000000
tan -0.850394 -0.006696 0.505115 1.000000
tan 0.447455 0.014012 0.889764 1.000000
tan 0.859322 0.115940 0.494885 1.000000
tan -0.492839 0.034100 0.866142 1.000000
tan 0.067518 0.148428 0.984314 1.000000
tan -0.984252 -0.007750 0.134912 1.000000
tan -0.897638 0.056544 0.391159 1.000000
tan 0.020584 0.251969 0.968504 1.000000
tan -0.437473 0.098952 0.890570 1.000000
tan -0.960878 0.114390 -0.235848 1.000000
tan -0.889764 0.049042 0.447951 1.000000
tan -0.992126 0.031248 -0.074090 1.000000
tan -0.944882 0.037200 -0.318371 1.000000
tan -0.960630 0.007564 0.259036 1.000000
tan -0.976502 0.100750 0.088660 1.000000
tan -0.929134 -0.021948 0.333871 1.000000
tan 0.069564 0.089280 0.937442 1.000000
tan -0.370513 0.237337 0.884618 1.000000
tan 0.730609 0.111476 0.636245 1.000000
tan 0.313101 0.148800 0.930002 1.000000
tan 0.961622 -0.066092 0.260897 1.000000
tan 0.921260 -0.079794 0.376527 1.000000
tan 0.329717 0.193440 0.922562 1.000000
tan 0.643747 0.057660 0.732283 1.000000
tan -0.058218 0.384401 0.899498 1.000000
tan 0.843822 -0.130200 0.398351 1.000000
tan 0.662409 0.033976 0.747535 1.000000
tan 0.700043 0.032736 0.691487 1.000000
tan 0.331453 0.236097 0.907496 1.000000
tan 0.976378 0.053816 0.019344 1.000000
tan 0.509083 -0.066960 -0.850394 1.000000
tan 0.921260 0.043524 -0.382789 1.000000
tan 0.968690 0.123008 0.174592 1.000000
tan 0.889764 0.042036 0.447703 1.000000
tan 0.968504 0.076260 -0.258168 1.000000
tan 0.945254 0.097526 0.314899 1.000000
tan 0.889764 0.063054 -0.448199 1.000000
tan 0.535991 -0.051150 -0.810403 1.000000
tan 0.536301 -0.002356 -0.835514 1.000000
tan 0.771654 0.012152 -0.630169 1.000000
tan 0.669291 0.005270 -0.733027 1.000000
tan 0.748031 0.011780 -0.655155 1.000000
tan 0.976502 0.100750 0.168640 1.000000
tan 0.456011 0.006944 0.881890 1.000000
tan 0.473123 -0.040920 -0.866142 1.000000
tan 0.818898 0.012896 -0.560543 1.000000
tan 0.560543 -0.008618 -0.827516 1.000000
tan 0.527559 -0.000000 -0.842520 1.000000
tan 0.692913 0.005456 -0.717093 1.000000
tan 0.645669 0.005084 -0.756711 1.000000
tan 0.771654 0.006076 -0.630293 1.000000
tan 0.583731 -0.006324 -0.803149 1.000000
tan 0.520553 -0.013392 -0.850394 1.000000
tan 0.340815 -0.029512 -0.937008 1.000000
tan 0.021762 -0.078740 -1.000000 1.000000
tan 0.874016 -0.020646 -0.468101 1.000000
tan 0.599231 -0.006262 -0.795275 1.000000
tan 0.402319 -0.159774 0.882448 1.000000
tan 0.850394 0.026784 -0.516275 1.000000
tan 0.953066 0.143716 -0.254387 1.000000
tan 0.944882 0.059520 0.312543 1.000000
tan 0.976502 0.116250 0.029202 1.000000
tan 0.914006 0.108810 0.375349 1.000000
tan 0.321161 -0.029264 0.929134 1.000000
tan 0.992126 0.133858 -0.057846 1.000000
tan 0.842520 0.026536 0.534441 1.000000
tan 0.960630 0.045384 -0.276335 1.000000
tan 0.921260 0.029016 0.386075 1.000000
tan 0.968504 0.038130 0.234670 1.000000
tan 0.708475 0.016678 0.701159 1.000000
tan 0.433257 0.021390 0.905512 1.000000
tan 0.414843 0.035650 0.905512 1.000000
tan 0.029326 0.055118 1.000000 1.000000
tan -0.332011 0.022320 0.944882 1.000000
tan -0.795958 0.007812 0.599789 1.000000
tan -0.370947 0.014632 0.929134 1.000000
tan -0.724409 0.000000 0.685039 1.000000
tan -0.748031 0.000000 0.669291 1.000000
tan -0.929134 -0.021948 0.362763 1.000000
tan -0.812078 0.014694 0.570091 1.000000
tan -0.842520 -0.006634 0.536115 1.000000
tan -0.968504 -0.045756 0.247814 1.000000
tan -0.779528 -0.012276 0.623535 1.000000
tan -0.603261 0.055986 0.761485 1.000000
tan -0.968504 -0.053382 0.241428 1.000000
tan -0.375349 0.084816 0.890570 1.000000
tan -0.322463 0.302313 0.844131 1.000000
tan -0.881890 -0.020832 0.466799 1.000000
tan 0.243289 0.097526 0.945254 1.000000
tan 0.859074 0.044516 0.499101 1.000000
tan -0.497303 0.013640 0.866142 1.000000
tan 0.400273 0.021576 0.913386 1.000000
tan -0.937008 -0.036890 0.335359 1.000000
tan -0.599045 0.006262 0.795275 1.000000
tan -0.056110 0.031496 1.000000 1.000000
tan 1.000000 0.031496 -0.041602 1.000000
tan 0.859322 0.095480 -0.416641 1.000000
tan 0.795276 0.000000 0.606299 1.000000
tan -0.189100 0.100750 0.976502 1.000000
tan 0.330709 0.029760 0.944882 1.000000
tan -0.709219 0.005518 0.700787 1.000000
tan 0.850394 0.000000 0.527559 1.000000
tan -0.992126 0.015624 0.093248 1.000000
tan 1.000000 -0.007874 0.023994 1.000000
tan -0.992126 -0.054684 0.067766 1.000000
tan -0.984252 -0.031000 0.159960 1.000000
tan -0.992126 -0.007812 -0.086056 1.000000
tan -0.874760 -0.009982 0.481803 1.000000
tan -0.976378 -0.015376 -0.195858 1.000000
tan -0.858268 0.027032 0.499039 1.000000
tan -0.565007 0.058342 0.797445 1.000000
tan -0.270445 0.128588 0.953066 1.000000
tan 0.118048 0.099138 0.960878 1.000000
tan 0.528427 0.046872 0.850394 1.000000
tan 0.545973 0.045012 0.813565 1.000000
tan 0.698555 0.049662 0.708599 1.000000
tan 0.555397 -0.003844 0.799491 1.000000
tan 0.960878 0.242172 0.127720 1.000000
tan 0.674003 0.124000 0.673321 1.000000
tan -0.050964 -0.006572 0.885610 1.000000
tan 0.168454 0.015252 0.968504 1.000000
tan 0.922562 -0.315209 0.085870 1.000000
tan 0.859322 -0.102300 0.488251 1.000000
tan 0.298965 0.096720 0.937442 1.000000
tan 0.710459 -0.024056 0.657139 1.000000
tan 0.427057 0.165168 0.860252 1.000000
tan 0.421849 0.070680 0.897638 1.000000
tan -0.167524 0.236407 0.938000 1.000000
tan 0.630417 0.006076 0.771653 1.000000
tan 0.468721 0.096348 0.867134 1.000000
tan 0.644057 0.065348 0.726145 1.000000
tan 0.864716 -0.200880 0.167586 1.000000
tan 0.881890 -0.034720 0.453779 1.000000
tan 0.976378 -0.084568 -0.144522 1.000000
tan 0.552421 -0.129084 -0.826958 1.000000
tan 0.516337 -0.040176 -0.850394 1.000000
tan 0.834646 -0.006572 -0.550747 1.000000
tan 0.392213 -0.094302 -0.914006 1.000000
tan -0.053568 -0.242173 -0.960878 1.000000
tan 0.396677 -0.058032 -0.921260 1.000000
tan -0.060264 -0.141732 -0.992126 1.000000
tan -0.098580 -0.124992 -0.984314 1.000000
tan 0.779528 -0.000000 -0.622047 1.000000
tan 0.521545 -0.020088 -0.850394 1.000000
tan 0.203112 -0.107632 -0.968690 1.000000
tan 0.881890 0.013888 -0.465435 1.000000
tan 0.677165 -0.000000 -0.732283 1.000000
tan 0.681443 -0.011408 -0.710087 1.000000
tan 0.601277 -0.188480 -0.742885 1.000000
tan 0.654783 -0.011780 -0.748031 1.000000
tan 0.656209 -0.051336 -0.703081 1.000000
tan 0.766322 0.037758 -0.581065 1.000000
tan 0.960630 -0.000000 -0.181102 1.000000
tan 0.661727 -0.005890 -0.748031 1.000000
tan 0.804080 0.001736 -0.583607 1.000000
tan 0.913386 -0.007192 -0.401203 1.000000
tan 0.654907 -0.011904 -0.755905 1.000000
tan 0.332011 -0.110670 -0.929630 1.000000
tan 0.826772 0.006510 -0.552235 1.000000
tan 0.921260 0.007254 -0.386199 1.000000
tan 0.952756 -0.015004 0.300205 1.000000
tan 0.592225 0.074152 0.802281 1.000000
tan 0.984252 -0.007750 0.181040 1.000000
tan 1.000000 0.007874 -0.031744 1.000000
tan 0.826648 -0.043524 -0.567673 1.000000
tan 0.992126 -0.054684 -0.139128 1.000000
tan 0.968690 -0.123008 0.169756 1.000000
tan 0.061132 -0.078740 1.000000 1.000000
tan 0.810776 -0.060388 0.591543 1.000000
tan 0.347387 -0.051212 0.929134 1.000000
tan 0.472565 -0.013888 0.881890 1.000000
tan 0.952756 0.015004 0.299709 1.000000
tan 0.952756 -0.052514 0.226672 1.000000
tan 0.984252 -0.015500 -0.147746 1.000000
tan 0.968504 -0.038130 0.241614 1.000000
tan 0.976378 -0.015376 -0.167834 1.000000
tan 0.811892 0.033728 -0.587885 1.000000
tan 0.937442 0.104160 -0.338521 1.000000
tan 0.914874 0.191828 0.196788 1.000000
tan 0.992126 0.031248 0.125488 1.000000
tan 0.583235 -0.038750 0.783743 1.000000
tan 0.272739 -0.249550 0.869862 1.000000
tan 0.517515 -0.022506 0.843946 1.000000
tan 0.733089 -0.012028 0.671709 1.000000
tan 0.897638 0.000000 0.448819 1.000000
tan 0.232128 -0.066402 0.937008 1.000000
tan 0.735507 0.035960 0.658565 1.000000
tan 0.173476 -0.031000 0.984252 1.000000
tan 0.184078 0.066402 0.937008 1.000000
tan -0.741956 -0.003968 0.615971 1.000000
tan -0.508649 -0.024118 0.851448 1.000000
tan 0.693285 -0.005642 0.716535 1.000000
tan -0.192076 -0.053816 0.976378 1.000000
tan 0.756711 0.000806 0.654349 1.000000
tan 0.288921 -0.060016 0.952756 1.000000
tan 0.708661 0.000000 0.708661 1.000000
tan -0.322215 -0.037200 0.944882 1.000000
tan 0.472503 -0.006944 0.881890 1.000000
tan 0.269019 -0.052948 0.960630 1.000000
tan -0.645669 -0.005084 0.764089 1.000000
tan -0.353959 -0.022134 0.937008 1.000000
tan -0.724533 -0.082088 0.624713 1.000000
tan -0.795276 -0.012524 0.606795 1.000000
tan -0.889764 -0.014012 0.464815 1.000000
tan -0.905512 -0.042780 0.426313 1.000000
tan -0.913386 -0.021576 0.400273 1.000000
tan -0.984252 -0.046500 0.158596 1.000000
tan -0.984314 -0.132804 0.139562 1.000000
tan -0.756836 -0.063612 0.607911 1.000000
tan -0.668299 -0.048422 0.721495 1.000000
tan -0.604377 0.003224 0.751193 1.000000
tan -0.921260 -0.036270 0.395871 1.000000
tan -0.953066 -0.121024 -0.282225 1.000000
tan -0.596875 0.013392 0.765887 1.000000
tan -0.992126 -0.102362 -0.049848 1.000000
tan -0.961002 -0.153760 -0.219790 1.000000
tan -0.889764 -0.070060 -0.452973 1.000000
tan -0.937752 -0.180048 0.301321 1.000000
tan -0.828136 -0.089776 -0.546035 1.000000
tan -0.897638 -0.049476 -0.435675 1.000000
tan -0.475417 -0.102300 0.859322 1.000000
tan 0.272925 -0.082026 0.848410 1.000000
tan -0.968752 -0.170500 0.186930 1.000000
tan -0.984314 -0.132804 0.141236 1.000000
tan -0.842520 -0.033170 0.544857 1.000000
tan -0.850394 -0.020088 0.521359 1.000000
tan -0.661417 0.000000 0.748031 1.000000
tan -0.518693 -0.027032 0.858268 1.000000
tan -0.205344 0.007688 0.976378 1.000000
tan -0.385827 0.000000 0.921260 1.000000
tan 0.638167 0.012152 0.771653 1.000000
tan 0.860624 -0.023746 0.426747 1.000000
tan 0.173538 0.007750 0.984252 1.000000
tan 0.131130 -0.085932 0.992126 1.000000
tan 0.357493 -0.094302 0.914006 1.000000
tan 0.413293 -0.103230 0.867134 1.000000
tan 0.899498 -0.376713 0.149668 1.000000
tan 0.915246 -0.302561 0.279931 1.000000
tan 0.907744 -0.285077 0.296857 1.000000
tan 0.868746 -0.175150 -0.438155 1.000000
tan 0.960630 -0.267716 -0.019716 1.000000
tan 0.526071 -0.024242 0.850890 1.000000
tan -0.267717 -0.037820 0.960630 1.000000
tan 0.899498 -0.203112 0.395065 1.000000
tan 0.572819 -0.024242 0.787463 1.000000
tan 0.580693 -0.062992 0.773389 1.000000
tan -0.408333 -0.064728 0.913386 1.000000
tan 0.120652 -0.107632 0.968690 1.000000
tan 0.460847 -0.020832 0.861988 1.000000
tan 0.605059 -0.017298 0.795895 1.000000
tan 0.551181 -0.004340 0.835142 1.000000
tan 0.795276 -0.037572 0.602145 1.000000
tan 0.771654 -0.024304 0.632401 1.000000
tan 0.723231 -0.033790 0.675181 1.000000
tan 0.952756 -0.060016 0.311055 1.000000
tan 0.961002 -0.169136 0.225184 1.000000
tan 0.968504 -0.083886 -0.238948 1.000000
tan 0.968690 -0.107632 -0.216132 1.000000
tan 0.812140 -0.017236 -0.564697 1.000000
tan 0.760618 -0.007068 -0.529915 1.000000
tan 0.826772 -0.019530 -0.559985 1.000000
tan 0.821688 0.022258 -0.459979 1.000000
tan 0.826214 0.062124 -0.561535 1.000000
tan 0.892740 0.345093 -0.255255 1.000000
tan 0.740157 -0.011656 -0.670655 1.000000
tan 0.787402 -0.012400 -0.614049 1.000000
tan 0.558621 -0.006510 -0.826772 1.000000
tan 0.811024 -0.025544 -0.582925 1.000000
tan 0.850394 -0.053568 -0.525575 1.000000
tan 0.417323 -0.078430 -0.905512 1.000000
tan 0.922810 -0.272305 -0.172484 1.000000
tan 0.145080 -0.379751 -0.906752 1.000000
tan 0.448633 -0.189162 -0.868746 1.000000
tan 0.627565 -0.021948 0.766135 1.000000
tan 0.781016 -0.184450 0.508029 1.000000
tan 0.384773 -0.149730 -0.891252 1.000000
tan 0.520863 0.044330 0.823424 1.000000
tan -0.166098 -0.441751 -0.883502 1.000000
tan -0.229834 -0.046128 0.976378 1.000000
tan 0.066836 -0.109368 0.984314 1.000000
tan -0.007502 -0.299213 -0.952756 1.000000
tan 0.264989 -0.294997 -0.915246 1.000000
tan 0.172732 -0.201500 -0.961002 1.000000
tan 0.392709 -0.058032 -0.921260 1.000000
tan 0.885238 -0.278009 -0.360717 1.000000
tan 0.825904 -0.162874 0.340877 1.000000
tan 0.622419 -0.012276 -0.779527 1.000000
tan 0.554219 -0.046004 -0.834646 1.000000
tan 0.702275 -0.038874 -0.707545 1.000000
tan 0.937008 -0.059024 -0.352843 1.000000
tan 0.937008 -0.044268 -0.333747 1.000000
tan 0.915122 -0.238080 -0.299089 1.000000
tan 0.952756 0.000000 0.236220 1.000000
tan 0.756712 0.008060 0.626573 1.000000
tan 0.992126 -0.070308 0.106826 1.000000
tan 0.518197 0.020088 0.850394 1.000000
tan 0.252279 -0.045012 0.952756 1.000000
tan 0.654783 0.006634 0.748651 1.000000
tan 0.944882 -0.044640 0.331081 1.000000
tan -0.335235 0.035030 0.889764 1.000000
tan -0.343233 0.042656 0.848782 1.000000
tan 0.070866 0.000000 1.000000 1.000000
tan -0.273173 0.035650 0.905512 1.000000
tan -0.280055 0.012028 0.923740 1.000000
tan -0.306777 -0.007502 0.952756 1.000000
tan -0.440945 0.000000 0.897638 1.000000
tan 0.503813 -0.013640 0.866142 1.000000
tan -0.008990 -0.149606 0.992126 1.000000
tan -0.440573 -0.014136 0.897638 1.000000
tan -0.558683 -0.006510 0.826772 1.000000
tan -0.668733 -0.011098 0.740715 1.000000
tan -0.360221 -0.102424 0.921818 1.000000
tan 0.505797 -0.067580 0.858268 1.000000
tan -0.676669 -0.011098 0.732779 1.000000
tan 0.818898 -0.019344 0.573687 1.000000
tan 0.391717 -0.116064 0.914006 1.000000
tan 0.968504 -0.244094 0.019096 1.000000
tan 0.826896 -0.062992 0.557939 1.000000
tan 0.914874 -0.206584 0.317441 1.000000
tan 0.847170 -0.153636 0.471325 1.000000
tan 0.130696 -0.492157 0.859322 1.000000
tan 0.898258 -0.138632 0.324757 1.000000
tan 0.403807 -0.388369 0.827082 1.000000
tan 0.840598 -0.141236 0.421291 1.000000
tan 0.715481 -0.083080 0.697377 1.000000
tan 0.921818 -0.367165 -0.140430 1.000000
tan 0.845682 -0.139128 0.477401 1.000000
tan 0.651311 -0.079298 0.757145 1.000000
tan -0.055428 -0.328104 0.937442 1.000000
tan 0.131502 -0.468969 0.839606 1.000000
tan -0.810714 -0.317503 0.489987 1.000000
tan -0.652799 -0.017856 0.755905 1.000000
tan -0.818092 -0.306529 0.480873 1.000000
tan 0.529915 -0.695083 0.487941 1.000000
tan -0.795276 -0.050096 0.603881 1.000000
tan -0.884122 -0.415153 0.229338 1.000000
tan -0.666501 -0.720751 0.142104 1.000000
tan -0.835886 -0.144646 0.527187 1.000000
tan -0.723913 -0.107322 0.685287 1.000000
tan -0.511315 -0.063798 0.843450 1.000000
tan -0.430963 -0.106020 0.890570 1.000000
tan 0.125798 -0.607043 0.749643 1.000000
tan 0.044392 -0.480315 0.874016 1.000000
tan 0.049662 -0.354331 0.937008 1.000000
tan 0.181536 -0.293136 0.914130 1.000000
tan 0.730796 -0.214582 0.650071 1.000000
tan 0.642507 -0.619443 0.448137 1.000000
tan 0.376713 -0.899498 0.186744 1.000000
tan 0.379503 -0.887222 -0.024738 1.000000
tan 0.411061 -0.817162 0.070680 1.000000
tan -0.976378 0.204724 -0.087792 1.000000
tan -0.968690 0.226548 0.110732 1.000000
tan -0.643127 0.080600 0.744869 1.000000
tan -0.628557 0.017112 -0.772335 1.000000
tan -0.723169 0.045012 -0.688759 1.000000
tan -0.547833 0.023684 -0.820013 1.000000
tan -0.355261 0.058528 -0.929134 1.000000
tan -0.572075 0.030318 -0.819579 1.000000
tan -0.138756 0.100750 -0.976502 1.000000
tan 0.168330 0.100750 -0.976502 1.000000
tan -0.262261 0.083204 -0.960630 1.000000
tan -0.551429 0.026288 -0.834646 1.000000
tan -0.740157 0.005828 -0.669353 1.000000
tan -0.716535 0.005642 -0.700849 1.000000
tan -0.881890 0.020832 -0.471139 1.000000
tan -0.968690 0.092256 0.205344 1.000000
tan -0.581251 0.020026 -0.799553 1.000000
tan -0.508091 0.027962 -0.845000 1.000000
tan -0.458243 -0.003224 -0.867692 1.000000
tan -0.913386 0.050344 0.402877 1.000000
tan -0.495567 0.027280 0.866142 1.000000
tan -0.742451 0.047678 -0.626945 1.000000
tan -0.266849 0.052948 0.960630 1.000000
tan 0.115444 0.109368 0.984314 1.000000
tan -0.906194 0.107880 -0.405481 1.000000
tan 0.354331 0.044268 0.937008 1.000000
tan 0.480315 0.027528 0.874016 1.000000
tan -0.867134 0.075702 -0.480625 1.000000
tan -0.818402 0.468721 -0.261455 1.000000
tan -0.968504 0.236220 -0.003906 1.000000
tan -0.834026 0.332197 -0.404799 1.000000
tan -0.877426 0.400893 -0.001178 1.000000
tan -0.690433 0.604129 -0.403993 1.000000
tan -0.842024 0.057288 0.539401 1.000000
tan -0.491289 0.095480 0.859322 1.000000
tan -0.021700 0.109368 0.984314 1.000000
tan -0.785666 0.093248 0.580321 1.000000
tan 0.787402 0.006200 0.621737 1.000000
tan 0.484655 0.139624 0.854176 1.000000
tan -0.673197 0.680761 0.003968 1.000000
tan -0.620311 0.106950 0.774319 1.000000
tan -0.789448 0.285263 0.520367 1.000000
tan -0.805692 0.378325 -0.449501 1.000000
tan 0.109864 0.689999 0.706739 1.000000
tan 0.383967 0.770413 0.466489 1.000000
tan -0.211792 0.626821 0.748527 1.000000
tan 0.066712 0.716535 -0.700787 1.000000
tan 0.650629 0.008308 0.751751 1.000000
tan -0.433691 0.137640 -0.860252 1.000000
tan -0.440883 0.055552 -0.881890 1.000000
tan -0.469341 0.017236 -0.859818 1.000000
tan -0.774815 0.075082 -0.612251 1.000000
tan -0.445533 0.285820 -0.808916 1.000000
tan -0.073036 0.813565 -0.560233 1.000000
tan -0.038936 0.837436 -0.531713 1.000000
tan 0.742141 0.137020 0.572881 1.000000
tan 0.929630 0.110670 -0.343357 1.000000
tan 0.889764 0.049042 0.389423 1.000000
tan 0.358051 0.073780 0.937008 1.000000
tan -0.653543 0.005146 0.748527 1.000000
tan -0.259719 0.319797 0.886416 1.000000
tan 0.924980 -0.063984 0.374605 1.000000
tan 0.210862 0.449935 0.854114 1.000000
tan 0.961002 0.217000 -0.144832 1.000000
tan 0.505177 0.084444 0.844566 1.000000
tan 0.840164 0.185752 -0.491289 1.000000
tan 0.892554 0.347945 -0.179056 1.000000
tan 0.915246 0.294997 -0.089714 1.000000
tan 0.841094 0.405791 -0.242172 1.000000
tan 0.842024 0.158658 0.435923 1.000000
tan 0.937938 0.211792 -0.213528 1.000000
tan 0.992126 0.054684 -0.014384 1.000000
tan 0.826772 0.045570 0.482175 1.000000
tan 0.944882 0.044640 0.258416 1.000000
tan 0.881890 0.013888 0.463823 1.000000
tan 0.897638 0.014136 0.423585 1.000000
tan 0.702275 0.005394 0.685039 1.000000
tan 0.685411 0.005704 0.724409 1.000000
tan 0.637671 0.048670 0.757641 1.000000
tan 0.787402 0.000000 0.614173 1.000000
tan 0.604315 0.031000 0.787401 1.000000
tan 0.072726 0.242173 0.960878 1.000000
tan 0.693595 0.005642 0.716535 1.000000
tan 0.414905 0.057040 0.905512 1.000000
tan 0.279125 0.158844 0.945502 1.000000
tan -0.294811 0.082522 0.945254 1.000000
tan -0.700477 0.049972 0.708909 1.000000
tan -0.749023 0.050530 0.668051 1.000000
tan 0.372931 0.239383 0.892244 1.000000
tan -0.984314 0.140616 -0.074772 1.000000
tan -0.764958 0.013082 -0.633455 1.000000
tan -0.921818 0.087792 0.350425 1.000000
tan -0.365925 0.181350 0.899498 1.000000
tan -0.905512 0.057040 -0.410007 1.000000
tan 0.598983 0.147064 0.781139 1.000000
tan 0.823610 0.174282 0.510385 1.000000
tan 0.211544 0.457561 0.854114 1.000000
tan -0.702151 0.154070 0.634571 1.000000
tan -0.822494 0.086676 0.350425 1.000000
tan -0.460971 0.273235 0.847728 1.000000
tan -0.775497 0.083700 0.558249 1.000000
tan -0.937938 0.196664 0.178188 1.000000
tan -0.440635 0.527559 0.723355 1.000000
tan -0.833282 0.243784 -0.064108 1.000000
tan -0.902164 0.243164 0.137826 1.000000
tan -0.783434 0.204104 0.549569 1.000000
tan -0.788828 0.044950 -0.601959 1.000000
tan -0.523095 -0.037944 -0.837870 1.000000
tan -0.787402 0.031000 -0.605245 1.000000
tan -0.305227 0.022506 -0.952756 1.000000
tan -0.520739 -0.002542 -0.843574 1.000000
tan -0.067952 0.078120 -0.992126 1.000000
tan -0.320231 0.022134 -0.937008 1.000000
tan 0.071982 0.085932 -0.984314 1.000000
tan -0.707979 0.011098 -0.701469 1.000000
tan -0.841342 0.342241 0.069936 1.000000
tan -0.694401 -0.000000 -0.694401 1.000000
tan -0.937442 0.335917 0.088164 1.000000
tan -0.194246 -0.291834 0.858888 1.000000
tan -0.861740 0.231198 -0.429475 1.000000
tan -0.575795 -0.006386 -0.811023 1.000000
tan -0.882758 0.112096 -0.425197 1.000000
tan -0.693781 0.010726 -0.719139 1.000000
tan -0.330709 -0.000000 -0.937008 1.000000
tan -0.307831 -0.007440 -0.944882 1.000000
tan -0.299213 -0.000000 -0.952756 1.000000
tan -0.456693 -0.000000 -0.889764 1.000000
tan -0.503875 0.006820 -0.866142 1.000000
tan -0.795276 0.006262 -0.606733 1.000000
tan -0.732283 -0.000000 -0.685039 1.000000
tan -0.992126 0.039060 -0.088474 1.000000
tan -0.771654 0.006076 -0.630603 1.000000
tan -0.944882 0.074400 -0.316821 1.000000
tan -0.938000 0.228780 -0.187674 1.000000
tan -0.976502 0.085250 0.166780 1.000000
tan -0.899498 0.384401 -0.043276 1.000000
tan -0.811768 0.049228 0.569595 1.000000
tan -0.676421 0.039060 0.732841 1.000000
tan -0.874016 0.006882 0.488065 1.000000
tan -0.795276 0.006262 0.606237 1.000000
tan -0.359415 0.036580 0.929134 1.000000
tan -0.346457 0.022134 0.937008 1.000000
tan -0.164362 0.062000 0.984252 1.000000
tan -0.319797 0.171120 0.930002 1.000000
tan 0.166594 0.038750 0.984252 1.000000
tan -0.181474 0.269081 0.937938 1.000000
tan 0.504309 0.013640 0.866142 1.000000
tan 0.645545 0.006014 0.763779 1.000000
tan 0.677475 0.005766 0.732283 1.000000
tan 0.874016 -0.006882 0.480687 1.000000
tan 0.886478 0.204476 0.352781 1.000000
tan 0.929134 -0.014632 0.355323 1.000000
tan 0.712877 0.021824 0.692913 1.000000
tan 0.960630 0.007564 0.259036 1.000000
tan 0.705747 0.033108 0.698307 1.000000
tan 0.374171 0.230145 0.884618 1.000000
tan 0.976502 0.100750 0.088660 1.000000
tan 0.992126 0.031248 -0.074090 1.000000
tan -0.173848 0.273173 0.843078 1.000000
tan -0.564263 0.048484 0.780085 1.000000
tan -0.728253 0.116746 0.644925 1.000000
tan 0.630913 0.018972 0.717031 1.000000
tan 0.952756 0.037510 -0.303243 1.000000
tan 0.889764 0.049042 0.447951 1.000000
tan -0.062496 0.089280 0.937442 1.000000
tan 0.960878 0.114390 -0.235848 1.000000
tan 0.984252 -0.007750 0.134912 1.000000
tan 0.897638 0.056544 0.391159 1.000000
tan 0.905512 -0.014260 0.411185 1.000000
tan 0.850394 -0.006696 0.505115 1.000000
tan 0.755906 0.000000 0.653543 1.000000
tan 0.771158 0.056668 0.609337 1.000000
tan 0.492839 0.034100 0.866142 1.000000
tan 0.379999 0.021762 0.921260 1.000000
tan -0.059892 -0.092256 0.968690 1.000000
tan 0.437473 0.098952 0.890570 1.000000
tan -0.447455 0.014012 0.889764 1.000000
tan -0.859322 0.115940 0.494885 1.000000
tan -0.067518 0.148428 0.984314 1.000000
tan -0.020584 0.251969 0.968504 1.000000
tan -0.313101 0.148800 0.930002 1.000000
tan -0.329717 0.193440 0.922562 1.000000
tan -0.961622 -0.066092 0.260897 1.000000
tan -0.921260 -0.079794 0.376527 1.000000
tan -0.643747 0.057660 0.732283 1.000000
tan 0.058218 0.384401 0.899498 1.000000
tan -0.843822 -0.130200 0.398351 1.000000
tan -0.662409 0.033976 0.747535 1.000000
tan -0.700043 0.032736 0.691487 1.000000
tan -0.331453 0.236097 0.907496 1.000000
tan -0.976378 0.053816 0.019344 1.000000
tan -0.509083 -0.066960 -0.850394 1.000000
tan -0.921260 0.043524 -0.382789 1.000000
tan -0.968690 0.123008 0.174592 1.000000
tan -0.889764 0.042036 0.447703 1.000000
tan -0.968504 0.076260 -0.258168 1.000000
tan -0.945254 0.097526 0.314899 1.000000
tan -0.889764 0.063054 -0.448199 1.000000
tan -0.535991 -0.051150 -0.810403 1.000000
tan -0.536301 -0.002356 -0.835514 1.000000
tan -0.771654 0.012152 -0.630169 1.000000
tan -0.669291 0.005270 -0.733027 1.000000
tan -0.748031 0.011780 -0.655155 1.000000
tan -0.976502 0.100750 0.168640 1.000000
tan -0.456011 0.006944 0.881890 1.000000
tan -0.473123 -0.040920 -0.866142 1.000000
tan -0.560543 -0.008618 -0.827516 1.000000
tan -0.818898 0.012896 -0.560543 1.000000
tan -0.527559 -0.000000 -0.842520 1.000000
tan -0.692913 0.005456 -0.717093 1.000000
tan -0.645669 0.005084 -0.756711 1.000000
tan -0.771654 0.006076 -0.630293 1.000000
tan -0.583731 -0.006324 -0.803149 1.000000
tan -0.520553 -0.013392 -0.850394 1.000000
tan -0.340815 -0.029512 -0.937008 1.000000
tan -0.021762 -0.078740 -1.000000 1.000000
tan -0.874016 -0.020646 -0.468101 1.000000
tan -0.599231 -0.006262 -0.795275 1.000000
tan -0.402319 -0.159774 0.882448 1.000000
tan -0.850394 0.026784 -0.516275 1.000000
tan -0.953066 0.143716 -0.254387 1.000000
tan -0.944882 0.059520 0.312543 1.000000
tan -0.976502 0.116250 0.029202 1.000000
tan -0.914006 0.108810 0.375349 1.000000
tan -0.321161 -0.029264 0.929134 1.000000
tan -0.992126 0.133858 -0.057846 1.000000
tan -0.842520 0.026536 0.534441 1.000000
tan -0.960630 0.045384 -0.276335 1.000000
tan -0.921260 0.029016 0.386075 1.000000
tan -0.968504 0.038130 0.234670 1.000000
tan -0.414843 0.035650 0.905512 1.000000
tan -0.708475 0.016678 0.701159 1.000000
tan -0.433257 0.021390 0.905512 1.000000
tan -0.029326 0.055118 1.000000 1.000000
tan 0.332011 0.022320 0.944882 1.000000
tan 0.795958 0.007812 0.599789 1.000000
tan 0.370947 0.014632 0.929134 1.000000
tan 0.724409 0.000000 0.685039 1.000000
tan 0.748031 0.000000 0.669291 1.000000
tan 0.929134 -0.021948 0.362763 1.000000
tan 0.812078 0.014694 0.570091 1.000000
tan 0.842520 -0.006634 0.536115 1.000000
tan 0.968504 -0.045756 0.247814 1.000000
tan 0.779528 -0.012276 0.623535 1.000000
tan 0.603261 0.055986 0.761485 1.000000
tan 0.968504 -0.053382 0.241428 1.000000
tan 0.375349 0.084816 0.890570 1.000000
tan 0.322463 0.302313 0.844131 1.000000
tan 0.881890 -0.020832 0.466799 1.000000
tan -0.243289 0.097526 0.945254 1.000000
tan -0.859074 0.044516 0.499101 1.000000
tan 0.497303 0.013640 0.866142 1.000000
tan -0.400273 0.021576 0.913386 1.000000
tan 0.937008 -0.036890 0.335359 1.000000
tan 0.599045 0.006262 0.795275 1.000000
tan 0.056110 0.031496 1.000000 1.000000
tan -0.992126 0.046872 0.075392 1.000000
tan -0.859322 0.095480 -0.416641 1.000000
tan -0.787402 0.000000 0.614173 1.000000
tan 0.189100 0.100750 0.976502 1.000000
tan -0.330709 0.029760 0.944882 1.000000
tan 0.709219 0.005518 0.700787 1.000000
tan 0.992126 -0.054684 0.067766 1.000000
tan 0.992126 0.015624 0.093248 1.000000
tan 0.984252 -0.031000 0.159960 1.000000
tan 0.992126 -0.007812 -0.086056 1.000000
tan 0.874760 -0.009982 0.481803 1.000000
tan 0.976378 -0.015376 -0.195858 1.000000
tan 0.858268 0.027032 0.499039 1.000000
tan 0.565007 0.058342 0.797445 1.000000
tan 0.270445 0.128588 0.953066 1.000000
tan -0.118048 0.099138 0.960878 1.000000
tan -0.528427 0.046872 0.850394 1.000000
tan -0.545973 0.045012 0.813565 1.000000
tan -0.698555 0.049662 0.708599 1.000000
tan -0.555397 -0.003844 0.799491 1.000000
tan -0.960878 0.242172 0.127720 1.000000
tan -0.674003 0.124000 0.673321 1.000000
tan 0.050964 -0.006572 0.885610 1.000000
tan -0.168454 0.015252 0.968504 1.000000
tan -0.922562 -0.315209 0.085870 1.000000
tan -0.859322 -0.102300 0.488251 1.000000
tan -0.298965 0.096720 0.937442 1.000000
tan -0.710459 -0.024056 0.657139 1.000000
tan -0.427057 0.165168 0.860252 1.000000
tan -0.421849 0.070680 0.897638 1.000000
tan 0.167524 0.236407 0.938000 1.000000
tan -0.644057 0.065348 0.726145 1.000000
tan -0.864716 -0.200942 0.159898 1.000000
tan -0.468721 0.096348 0.867134 1.000000
tan -0.630417 0.006076 0.771653 1.000000
tan -0.881890 -0.034720 0.453779 1.000000
tan -0.842520 0.000000 0.527559 1.000000
tan -0.976378 -0.076880 -0.145700 1.000000
tan -1.000000 -0.007874 0.031868 1.000000
tan -0.552421 -0.129084 -0.826958 1.000000
tan -0.515965 -0.040176 -0.850394 1.000000
tan -0.858268 -0.006758 -0.503503 1.000000
tan -0.392213 -0.094302 -0.914006 1.000000
tan -0.858268 -0.000000 -0.511811 1.000000
tan 0.038316 -0.242173 -0.960878 1.000000
tan -0.427801 -0.042780 -0.905512 1.000000
tan 0.060264 -0.141732 -0.992126 1.000000
tan 0.168268 -0.131750 -0.976502 1.000000
tan -0.097526 -0.132804 -0.984314 1.000000
tan -0.228966 -0.099944 -0.968690 1.000000
tan -0.513671 -0.020274 -0.858268 1.000000
tan -0.469713 -0.068820 -0.874016 1.000000
tan -0.881890 -0.027776 -0.471697 1.000000
tan -0.976502 -0.124000 0.145328 1.000000
tan -0.116870 -0.078120 0.992126 1.000000
tan -0.859198 0.023126 -0.499783 1.000000
tan -0.937008 -0.081158 0.343729 1.000000
tan -0.616405 -0.018414 -0.779527 1.000000
tan -0.379503 -0.043152 0.913386 1.000000
tan -1.000000 -0.047244 0.016492 1.000000
tan -0.829624 -0.021452 0.532581 1.000000
tan -0.267345 -0.022692 0.960630 1.000000
tan -0.960630 0.015128 0.275963 1.000000
tan -0.984252 -0.015500 -0.147746 1.000000
tan -0.811892 0.033728 -0.587885 1.000000
tan -0.968752 0.155000 -0.120900 1.000000
tan -0.968504 -0.015252 -0.230330 1.000000
tan -0.976378 -0.046128 0.151900 1.000000
tan -0.984252 0.023250 -0.165540 1.000000
tan -1.000000 0.007874 -0.015934 1.000000
tan -0.921260 0.000000 0.385827 1.000000
tan -0.952756 0.015004 0.307211 1.000000
tan -0.952756 -0.000000 -0.299213 1.000000
tan -0.575361 -0.039680 0.791617 1.000000
tan -0.272739 -0.249550 0.869862 1.000000
tan -0.517515 -0.022506 0.843946 1.000000
tan -0.733089 -0.012028 0.671709 1.000000
tan -0.232128 -0.066402 0.937008 1.000000
tan -0.735507 0.035960 0.658565 1.000000
tan -0.173476 -0.031000 0.984252 1.000000
tan -0.184078 0.066402 0.937008 1.000000
tan 0.741956 -0.003968 0.615971 1.000000
tan 0.508649 -0.024118 0.851448 1.000000
tan -0.693285 -0.005642 0.716535 1.000000
tan 0.192076 -0.053816 0.976378 1.000000
tan 0.937752 -0.180048 0.301321 1.000000
tan -0.288921 -0.060016 0.952756 1.000000
tan 0.795276 -0.012524 0.606795 1.000000
tan 0.322215 -0.037200 0.944882 1.000000
tan -0.740157 0.000000 0.669291 1.000000
tan -0.269019 -0.052948 0.960630 1.000000
tan 0.353959 -0.022134 0.937008 1.000000
tan -0.472503 -0.006944 0.881890 1.000000
tan -0.952756 -0.015004 0.291215 1.000000
tan -0.858268 -0.006758 0.512183 1.000000
tan -0.992126 -0.023436 -0.101060 1.000000
tan -0.592225 0.074152 0.802281 1.000000
tan -0.960630 -0.000000 -0.173228 1.000000
tan 0.645669 -0.005084 0.764089 1.000000
tan 0.724533 -0.082088 0.624713 1.000000
tan -0.811024 -0.000000 -0.574803 1.000000
tan -0.656209 -0.051336 -0.703081 1.000000
tan -0.766322 0.037758 -0.581065 1.000000
tan -0.601277 -0.188480 -0.742885 1.000000
tan -0.724781 -0.005394 -0.685039 1.000000
tan -0.662037 -0.005890 -0.748031 1.000000
tan -0.689317 -0.011346 -0.710087 1.000000
tan -0.606299 -0.000000 -0.795275 1.000000
tan -0.874016 0.013764 -0.481183 1.000000
tan 0.889764 -0.014012 0.464815 1.000000
tan 0.913386 -0.021576 0.400273 1.000000
tan 0.984314 -0.132804 0.139562 1.000000
tan 0.905512 -0.042780 0.426313 1.000000
tan 0.984252 -0.046500 0.158596 1.000000
tan 0.756836 -0.063612 0.607911 1.000000
tan 0.668299 -0.048422 0.721495 1.000000
tan 0.612871 -0.002852 0.747349 1.000000
tan 0.961002 -0.153760 -0.219790 1.000000
tan 0.953066 -0.121024 -0.282225 1.000000
tan 0.828136 -0.089776 -0.546035 1.000000
tan 0.992126 -0.102362 -0.049848 1.000000
tan 0.897638 -0.049476 -0.435675 1.000000
tan 0.889764 -0.070060 -0.452973 1.000000
tan 0.475417 -0.102300 0.859322 1.000000
tan -0.272925 -0.082026 0.848410 1.000000
tan 0.961002 -0.169136 0.186930 1.000000
tan 0.984314 -0.132804 0.141236 1.000000
tan 0.921260 -0.036270 0.395871 1.000000
tan 0.842520 -0.033170 0.544857 1.000000
tan 0.850394 -0.020088 0.521359 1.000000
tan 0.661417 0.000000 0.748031 1.000000
tan 0.518693 -0.027032 0.858268 1.000000
tan 0.596875 0.013392 0.765887 1.000000
tan 0.205344 0.007688 0.976378 1.000000
tan 0.385827 0.000000 0.921260 1.000000
tan -0.653915 0.005952 0.755905 1.000000
tan -0.868560 -0.030938 0.413665 1.000000
tan -0.149916 0.007750 0.984252 1.000000
tan -0.123256 -0.085932 0.992126 1.000000
tan -0.365305 -0.094302 0.914006 1.000000
tan -0.551181 -0.004340 0.835142 1.000000
tan -0.413293 -0.103230 0.867134 1.000000
tan -0.899498 -0.376713 0.149668 1.000000
tan -0.915246 -0.302561 0.279931 1.000000
tan -0.907744 -0.285077 0.296857 1.000000
tan -0.868746 -0.175150 -0.438155 1.000000
tan -0.960630 -0.267716 -0.019716 1.000000
tan -0.526071 -0.024242 0.850890 1.000000
tan 0.267717 -0.037820 0.960630 1.000000
tan -0.899498 -0.203112 0.395065 1.000000
tan -0.572819 -0.024242 0.787463 1.000000
tan -0.580693 -0.062992 0.773389 1.000000
tan -0.605059 -0.017298 0.795895 1.000000
tan -0.460847 -0.020832 0.861988 1.000000
tan -0.120652 -0.107632 0.968690 1.000000
tan -0.763780 -0.030070 0.640585 1.000000
tan 0.408333 -0.064728 0.913386 1.000000
tan -0.066836 -0.109368 0.984314 1.000000
tan 0.229834 -0.046128 0.976378 1.000000
tan -0.520863 0.044330 0.823424 1.000000
tan -0.723231 -0.033790 0.675181 1.000000
tan -0.627565 -0.021948 0.766135 1.000000
tan -0.781016 -0.184450 0.508029 1.000000
tan -0.922810 -0.272305 -0.172484 1.000000
tan -0.961002 -0.169136 0.225184 1.000000
tan -0.944882 -0.052080 0.334615 1.000000
tan -0.448633 -0.189162 -0.868746 1.000000
tan -0.384773 -0.149730 -0.891252 1.000000
tan -0.850394 -0.053568 -0.525575 1.000000
tan -0.968690 -0.107632 -0.216132 1.000000
tan -0.976378 -0.084568 -0.231074 1.000000
tan -0.811024 -0.025544 -0.582925 1.000000
tan -0.812140 -0.017236 -0.564697 1.000000
tan -0.760618 -0.007068 -0.529915 1.000000
tan -0.826772 -0.019530 -0.559985 1.000000
tan -0.740157 -0.011656 -0.670655 1.000000
tan -0.558621 -0.006510 -0.826772 1.000000
tan -0.787402 -0.012400 -0.614049 1.000000
tan -0.821688 0.022258 -0.459979 1.000000
tan -0.826214 0.062124 -0.561535 1.000000
tan -0.892740 0.345093 -0.255255 1.000000
tan -0.952756 0.000000 0.236220 1.000000
tan -0.756712 0.008060 0.626573 1.000000
tan -0.937008 -0.044268 -0.333747 1.000000
tan -0.622419 -0.012276 -0.779527 1.000000
tan -0.518197 0.020088 0.850394 1.000000
tan -0.252279 -0.045012 0.952756 1.000000
tan -0.992126 -0.070308 0.106826 1.000000
tan 0.335235 0.035030 0.889764 1.000000
tan 0.343233 0.042656 0.848782 1.000000
tan -0.654783 0.006634 0.748651 1.000000
tan 0.273173 0.035650 0.905512 1.000000
tan 0.280055 0.012028 0.923740 1.000000
tan -0.937008 -0.059024 -0.352843 1.000000
tan 0.306777 -0.007502 0.952756 1.000000
tan 0.440945 0.000000 0.897638 1.000000
tan -0.070866 0.000000 1.000000 1.000000
tan 0.440573 -0.014136 0.897638 1.000000
tan 0.008990 -0.149606 0.992126 1.000000
tan -0.503813 -0.013640 0.866142 1.000000
tan -0.944882 -0.044640 0.331081 1.000000
tan -0.505797 -0.067580 0.858268 1.000000
tan -0.818898 -0.019344 0.573687 1.000000
tan -0.391717 -0.116064 0.914006 1.000000
tan 0.360221 -0.102424 0.921818 1.000000
tan 0.558683 -0.006510 0.826772 1.000000
tan 0.668733 -0.011098 0.740715 1.000000
tan 0.652799 -0.017856 0.755905 1.000000
tan 0.676669 -0.011098 0.732779 1.000000
tan 0.511315 -0.063798 0.843450 1.000000
tan 0.430963 -0.106020 0.890570 1.000000
tan 0.795276 -0.050096 0.603881 1.000000
tan -0.049662 -0.354331 0.937008 1.000000
tan -0.181536 -0.293136 0.914130 1.000000
tan 0.835886 -0.144646 0.527187 1.000000
tan 0.884122 -0.415153 0.229338 1.000000
tan 0.723913 -0.107322 0.685287 1.000000
tan -0.044392 -0.480315 0.874016 1.000000
tan -0.730796 -0.214582 0.650071 1.000000
tan -0.642507 -0.619443 0.448137 1.000000
tan -0.125798 -0.607043 0.749643 1.000000
tan -0.376713 -0.899498 0.186744 1.000000
tan -0.411061 -0.817162 0.070680 1.000000
tan -0.379503 -0.887222 -0.024738 1.000000
tan -0.529915 -0.695083 0.487941 1.000000
tan 0.810714 -0.317503 0.489987 1.000000
tan -0.898258 -0.138632 0.324757 1.000000
tan 0.666501 -0.720751 0.142104 1.000000
tan 0.818092 -0.306529 0.480873 1.000000
tan -0.131502 -0.468969 0.839606 1.000000
tan 0.055428 -0.328104 0.937442 1.000000
tan -0.845682 -0.139128 0.477401 1.000000
tan -0.651311 -0.079298 0.757145 1.000000
tan -0.826896 -0.062992 0.557939 1.000000
tan -0.921818 -0.367165 -0.140430 1.000000
tan -0.968504 -0.244094 0.019096 1.000000
tan -0.840598 -0.141236 0.421291 1.000000
tan -0.914874 -0.206584 0.317441 1.000000
tan -0.715481 -0.083080 0.697377 1.000000
tan -0.403807 -0.388369 0.827082 1.000000
tan -0.130696 -0.492157 0.859322 1.000000
tan -0.825904 -0.162874 0.340877 1.000000
tan -0.847170 -0.153636 0.471325 1.000000
tan -0.885238 -0.278009 -0.360717 1.000000
tan -0.915122 -0.238080 -0.299089 1.000000
tan -0.264989 -0.294997 -0.915246 1.000000
tan -0.702275 -0.038874 -0.707545 1.000000
tan 0.166098 -0.441751 -0.883502 1.000000
tan -0.554219 -0.046004 -0.834646 1.000000
tan -0.145080 -0.379751 -0.906752 1.000000
tan 0.007502 -0.299213 -0.952756 1.000000
tan -0.417323 -0.078430 -0.905512 1.000000
tan -0.172732 -0.201500 -0.961002 1.000000
tan -0.392709 -0.058032 -0.921260 1.000000
tan -0.694091 0.089466 -0.671089 1.000000
tan -0.783186 0.341683 -0.468411 1.000000
tan -0.677041 -0.005828 -0.681815 1.000000
tan -0.687085 -0.005394 -0.685039 1.000000
tan -0.679583 0.000062 -0.671709 1.000000
tan -0.689255 -0.006386 -0.719697 1.000000
tan -0.724409 -0.005704 -0.685721 1.000000
tan -0.708661 0.069688 -0.670965 1.000000
tan -0.546469 -0.070680 -0.629425 1.000000
tan -0.703081 -0.000000 -0.703081 1.000000
tan -0.654845 -0.034286 -0.620001 1.000000
tan -0.609151 0.082398 -0.692479 1.000000
tan -0.669229 -0.018662 -0.700477 1.000000
tan -0.717217 0.005828 -0.694277 1.000000
tan -0.685907 0.000310 -0.725277 1.000000
tan -0.710521 -0.005952 -0.665137 1.000000
tan -0.647033 0.012524 -0.696447 1.000000
tan -0.803150 -0.006324 -0.590923 1.000000
tan -0.724533 0.005456 -0.692913 1.000000
tan 0.953066 0.113460 0.249426 1.000000
tan 0.744188 0.027404 0.658627 1.000000
tan 0.960630 0.068076 0.202926 1.000000
tan 0.992126 0.039060 -0.082150 1.000000
tan 0.923120 0.070060 -0.333561 1.000000
tan 0.960878 0.099138 -0.170562 1.000000
tan 0.984996 0.066836 -0.114762 1.000000
tan 0.992126 0.000000 0.062992 1.000000
tan 0.882758 -0.077066 0.251224 1.000000
tan 0.992126 0.007812 -0.055738 1.000000
tan 0.992126 -0.000000 -0.110236 1.000000
tan 0.992126 -0.046872 -0.139872 1.000000
tan 0.930250 -0.210056 -0.257920 1.000000
tan 0.793602 0.189472 -0.383905 1.000000
tan 1.000000 0.032426 -0.039370 1.000000
tan 0.970364 -0.123690 -0.021948 1.000000
tan 0.961870 -0.150536 -0.110112 1.000000
tan 0.947548 -0.055552 -0.104842 1.000000
tan 0.835266 -0.348813 -0.264306 1.000000
tan 0.929010 0.048298 -0.369211 1.000000
tan 0.863662 0.133548 -0.098828 1.000000
tan 0.615041 -0.006138 0.779527 1.000000
tan 0.866204 -0.336475 -0.141360 1.000000
tan 0.968504 -0.007626 0.072788 1.000000
tan 0.892802 0.089280 -0.439705 1.000000
tan 0.731911 0.219046 0.635253 1.000000
tan 0.856904 0.493459 -0.165788 1.000000
tan 0.827268 0.223820 0.423213 1.000000
tan 0.871164 -0.020398 0.004588 1.000000
tan 0.741026 -0.472689 0.185008 1.000000
tan 0.871660 -0.152396 0.126976 1.000000
tan 0.901792 0.159836 0.140120 1.000000
tan 0.731973 -0.464629 0.448447 1.000000
tan 0.977246 -0.201438 0.100688 1.000000
tan 0.929134 -0.014632 -0.144398 1.000000
tan 0.814682 0.204476 -0.428049 1.000000
tan 0.784922 0.043772 -0.519809 1.000000
tan 0.968504 0.053382 -0.240994 1.000000
tan 0.803708 0.055242 0.586087 1.000000
tan 0.937008 0.081158 0.331763 1.000000
tan 0.727633 -0.105772 0.672205 1.000000
tan 0.839544 -0.311303 0.367227 1.000000
tan 0.534193 0.313473 0.704569 1.000000
tan 0.786782 -0.052452 0.536177 1.000000
tan 0.683613 0.154194 0.694029 1.000000
tan 0.937008 0.081158 0.330399 1.000000
tan 0.813752 0.149730 0.540207 1.000000
tan -0.538347 -0.150102 -0.828384 1.000000
tan -0.360159 -0.160952 -0.914502 1.000000
tan -0.515221 -0.077128 -0.836630 1.000000
tan -0.135656 -0.206584 -0.914874 1.000000
tan -0.477401 -0.168144 -0.843202 1.000000
tan 0.010664 -0.218737 -0.968690 1.000000
tan 0.323827 -0.239383 -0.892244 1.000000
tan 0.489553 -0.080352 -0.843698 1.000000
tan 0.715047 0.025482 -0.639841 1.000000
tan 0.843946 0.055738 -0.516771 1.000000
tan 0.945626 0.238328 -0.038564 1.000000
tan 0.976502 0.164052 -0.058280 1.000000
tan 0.929630 0.110670 0.340939 1.000000
tan 0.889764 0.077066 0.441317 1.000000
tan 0.834646 0.046004 0.552483 1.000000
tan 0.787402 0.024800 0.613925 1.000000
tan 0.755906 0.017856 0.648459 1.000000
tan 0.716721 0.011160 0.700601 1.000000
tan 0.723541 0.028148 0.680637 1.000000
tan 0.823114 0.160270 0.544051 1.000000
tan 0.677909 0.055924 0.731787 1.000000
tan 0.783186 0.341683 -0.468411 1.000000
tan 0.694091 0.089466 -0.671089 1.000000
tan 0.677041 -0.005828 -0.681815 1.000000
tan 0.687085 -0.005394 -0.685039 1.000000
tan 0.679583 0.000062 -0.671709 1.000000
tan 0.689255 -0.006386 -0.719697 1.000000
tan 0.724409 -0.005704 -0.685721 1.000000
tan 0.708661 0.069688 -0.670965 1.000000
tan 0.546469 -0.070680 -0.629425 1.000000
tan 0.703081 -0.000000 -0.703081 1.000000
tan 0.654845 -0.034286 -0.620001 1.000000
tan 0.609151 0.082398 -0.692479 1.000000
tan 0.669229 -0.018662 -0.700477 1.000000
tan 0.717217 0.005828 -0.694277 1.000000
tan 0.685907 0.000310 -0.725277 1.000000
tan 0.710521 -0.005952 -0.665137 1.000000
tan 0.647033 0.012524 -0.696447 1.000000
tan 0.803150 -0.006324 -0.590923 1.000000
tan 0.724533 0.005456 -0.692913 1.000000
tan -0.744188 0.027404 0.658627 1.000000
tan -0.953066 0.113460 0.249426 1.000000
tan -0.960630 0.068076 0.202926 1.000000
tan -0.992126 0.039060 -0.082150 1.000000
tan -0.923120 0.070060 -0.333561 1.000000
tan -0.960878 0.099138 -0.170562 1.000000
tan -0.984996 0.066836 -0.114762 1.000000
tan -0.992126 0.000000 0.062992 1.000000
tan -0.882758 -0.077066 0.251224 1.000000
tan -0.992126 0.007812 -0.055738 1.000000
tan -0.992126 -0.000000 -0.110236 1.000000
tan -0.992126 -0.046872 -0.139872 1.000000
tan -0.930250 -0.210056 -0.257920 1.000000
tan -0.793602 0.189472 -0.383905 1.000000
tan -1.000000 0.032426 -0.039370 1.000000
tan -0.970364 -0.123690 -0.021948 1.000000
tan -0.961870 -0.150536 -0.110112 1.000000
tan -0.947548 -0.055552 -0.104842 1.000000
tan -0.835266 -0.348813 -0.264306 1.000000
tan -0.929010 0.048298 -0.369211 1.000000
tan -0.863662 0.133548 -0.098828 1.000000
tan -0.615041 -0.006138 0.779527 1.000000
tan -0.866204 -0.336475 -0.141360 1.000000
tan -0.968504 -0.007626 0.072788 1.000000
tan -0.892802 0.089280 -0.439705 1.000000
tan -0.731911 0.219046 0.635253 1.000000
tan -0.856904 0.493459 -0.165788 1.000000
tan -0.827268 0.223820 0.423213 1.000000
tan -0.871164 -0.020398 0.004588 1.000000
tan -0.741026 -0.472689 0.185008 1.000000
tan -0.871660 -0.152396 0.126976 1.000000
tan -0.901792 0.159836 0.140120 1.000000
tan -0.731973 -0.464629 0.448447 1.000000
tan -0.977246 -0.201438 0.100688 1.000000
tan -0.929134 -0.014632 -0.144398 1.000000
tan -0.814682 0.204476 -0.428049 1.000000
tan -0.784922 0.043772 -0.519809 1.000000
tan -0.968504 0.053382 -0.240994 1.000000
tan -0.803708 0.055242 0.586087 1.000000
tan -0.937008 0.081158 0.331763 1.000000
tan -0.727633 -0.105772 0.672205 1.000000
tan -0.839544 -0.311303 0.367227 1.000000
tan -0.534193 0.313473 0.704569 1.000000
tan -0.786782 -0.052452 0.536177 1.000000
tan -0.683613 0.154194 0.694029 1.000000
tan -0.937008 0.081158 0.330399 1.000000
tan -0.813752 0.149730 0.540207 1.000000
tan 0.360159 -0.160952 -0.914502 1.000000
tan 0.538347 -0.150102 -0.828384 1.000000
tan 0.515221 -0.077128 -0.836630 1.000000
tan 0.135656 -0.206584 -0.914874 1.000000
tan 0.477401 -0.168144 -0.843202 1.000000
tan -0.010664 -0.218737 -0.968690 1.000000
tan -0.323827 -0.239383 -0.892244 1.000000
tan -0.489553 -0.080352 -0.843698 1.000000
tan -0.715047 0.025482 -0.639841 1.000000
tan -0.843946 0.055738 -0.516771 1.000000
tan -0.945626 0.238328 -0.038564 1.000000
tan -0.976502 0.164052 -0.058280 1.000000
tan -0.929630 0.110670 0.340939 1.000000
tan -0.889764 0.077066 0.441317 1.000000
tan -0.834646 0.046004 0.552483 1.000000
tan -0.787402 0.024800 0.613925 1.000000
tan -0.755906 0.017856 0.648459 1.000000
tan -0.716721 0.011160 0.700601 1.000000
tan -0.723541 0.028148 0.680637 1.000000
tan -0.677909 0.055924 0.731787 1.000000
tan -0.823114 0.160270 0.544051 1.000000
tan -0.783186 0.341683 -0.468411 1.000000
tan -0.694091 0.089466 -0.671089 1.000000
tan -0.677041 -0.005828 -0.681815 1.000000
tan -0.687085 -0.005394 -0.685039 1.000000
tan -0.679583 0.000062 -0.671709 1.000000
tan -0.689255 -0.006386 -0.719697 1.000000
tan -0.724409 -0.005704 -0.685721 1.000000
tan -0.708661 0.069688 -0.670965 1.000000
tan -0.546469 -0.070680 -0.629425 1.000000
tan -0.703081 -0.000000 -0.703081 1.000000
tan -0.654845 -0.034286 -0.620001 1.000000
tan -0.609151 0.082398 -0.692479 1.000000
tan -0.669229 -0.018662 -0.700477 1.000000
tan -0.717217 0.005828 -0.694277 1.000000
tan -0.685907 0.000310 -0.725277 1.000000
tan -0.710521 -0.005952 -0.665137 1.000000
tan -0.647033 0.012524 -0.696447 1.000000
tan -0.803150 -0.006324 -0.590923 1.000000
tan -0.724533 0.005456 -0.692913 1.000000
tan 0.744188 0.027404 0.658627 1.000000
tan 0.953066 0.113460 0.249426 1.000000
tan 0.960630 0.068076 0.202926 1.000000
tan 0.992126 0.039060 -0.082150 1.000000
tan 0.923120 0.070060 -0.333561 1.000000
tan 0.960878 0.099138 -0.170562 1.000000
tan 0.984996 0.066836 -0.114762 1.000000
tan 0.992126 0.000000 0.062992 1.000000
tan 0.882758 -0.077066 0.251224 1.000000
tan 0.992126 0.007812 -0.055738 1.000000
tan 0.992126 -0.000000 -0.110236 1.000000
tan 0.992126 -0.046872 -0.139872 1.000000
tan 0.930250 -0.210056 -0.257920 1.000000
tan 0.793602 0.189472 -0.383905 1.000000
tan 1.000000 0.032426 -0.039370 1.000000
tan 0.970364 -0.123690 -0.021948 1.000000
tan 0.961870 -0.150536 -0.110112 1.000000
tan 0.947548 -0.055552 -0.104842 1.000000
tan 0.835266 -0.348813 -0.264306 1.000000
tan 0.929010 0.048298 -0.369211 1.000000
tan 0.863662 0.133548 -0.098828 1.000000
tan 0.615041 -0.006138 0.779527 1.000000
tan 0.866204 -0.336475 -0.141360 1.000000
tan 0.968504 -0.007626 0.072788 1.000000
tan 0.892802 0.089280 -0.439705 1.000000
tan 0.856904 0.493459 -0.165788 1.000000
tan 0.731911 0.219046 0.635253 1.000000
tan 0.827268 0.223820 0.423213 1.000000
tan 0.871164 -0.020398 0.004588 1.000000
tan 0.741026 -0.472689 0.185008 1.000000
tan 0.871660 -0.152396 0.126976 1.000000
tan 0.901792 0.159836 0.140120 1.000000
tan 0.731973 -0.464629 0.448447 1.000000
tan 0.977246 -0.201438 0.100688 1.000000
tan 0.929134 -0.014632 -0.144398 1.000000
tan 0.814682 0.204476 -0.428049 1.000000
tan 0.784922 0.043772 -0.519809 1.000000
tan 0.968504 0.053382 -0.240994 1.000000
tan 0.803708 0.055242 0.586087 1.000000
tan 0.937008 0.081158 0.331763 1.000000
tan 0.727633 -0.105772 0.672205 1.000000
tan 0.839544 -0.311303 0.367227 1.000000
tan 0.534193 0.313473 0.704569 1.000000
tan 0.786782 -0.052452 0.536177 1.000000
tan 0.683613 0.154194 0.694029 1.000000
tan 0.937008 0.081158 0.330399 1.000000
tan 0.813752 0.149730 0.540207 1.000000
tan -0.360159 -0.160952 -0.914502 1.000000
tan -0.538347 -0.150102 -0.828384 1.000000
tan -0.515221 -0.077128 -0.836630 1.000000
tan -0.135656 -0.206584 -0.914874 1.000000
tan -0.477401 -0.168144 -0.843202 1.000000
tan 0.010664 -0.218737 -0.968690 1.000000
tan 0.323827 -0.239383 -0.892244 1.000000
tan 0.489553 -0.080352 -0.843698 1.000000
tan 0.715047 0.025482 -0.639841 1.000000
tan 0.843946 0.055738 -0.516771 1.000000
tan 0.945626 0.238328 -0.038564 1.000000
tan 0.976502 0.164052 -0.058280 1.000000
tan 0.929630 0.110670 0.340939 1.000000
tan 0.889764 0.077066 0.441317 1.000000
tan 0.834646 0.046004 0.552483 1.000000
tan 0.787402 0.024800 0.613925 1.000000
tan 0.755906 0.017856 0.648459 1.000000
tan 0.716721 0.011160 0.700601 1.000000
tan 0.723541 0.028148 0.680637 1.000000
tan 0.677909 0.055924 0.731787 1.000000
tan 0.823114 0.160270 0.544051 1.000000
tan 0.694091 0.089466 -0.671089 1.000000
tan 0.783186 0.341683 -0.468411 1.000000
tan 0.677041 -0.005828 -0.681815 1.000000
tan 0.687085 -0.005394 -0.685039 1.000000
tan 0.679583 0.000062 -0.671709 1.000000
tan 0.689255 -0.006386 -0.719697 1.000000
tan 0.724409 -0.005704 -0.685721 1.000000
tan 0.708661 0.069688 -0.670965 1.000000
tan 0.546469 -0.070680 -0.629425 1.000000
tan 0.703081 -0.000000 -0.703081 1.000000
tan 0.654845 -0.034286 -0.620001 1.000000
tan 0.609151 0.082398 -0.692479 1.000000
tan 0.669229 -0.018662 -0.700477 1.000000
tan 0.717217 0.005828 -0.694277 1.000000
tan 0.685907 0.000310 -0.725277 1.000000
tan 0.710521 -0.005952 -0.665137 1.000000
tan 0.647033 0.012524 -0.696447 1.000000
tan 0.803150 -0.006324 -0.590923 1.000000
tan 0.724533 0.005456 -0.692913 1.000000
tan -0.953066 0.113460 0.249426 1.000000
tan -0.744188 0.027404 0.658627 1.000000
tan -0.960630 0.068076 0.202926 1.000000
tan -0.992126 0.039060 -0.082150 1.000000
tan -0.923120 0.070060 -0.333561 1.000000
tan -0.960878 0.099138 -0.170562 1.000000
tan -0.984996 0.066836 -0.114762 1.000000
tan -0.992126 0.000000 0.062992 1.000000
tan -0.882758 -0.077066 0.251224 1.000000
tan -0.992126 0.007812 -0.055738 1.000000
tan -0.992126 -0.000000 -0.110236 1.000000
tan -0.992126 -0.046872 -0.139872 1.000000
tan -0.930250 -0.210056 -0.257920 1.000000
tan -0.793602 0.189472 -0.383905 1.000000
tan -1.000000 0.032426 -0.039370 1.000000
tan -0.970364 -0.123690 -0.021948 1.000000
tan -0.961870 -0.150536 -0.110112 1.000000
tan -0.947548 -0.055552 -0.104842 1.000000
tan -0.835266 -0.348813 -0.264306 1.000000
tan -0.929010 0.048298 -0.369211 1.000000
tan -0.863662 0.133548 -0.098828 1.000000
tan -0.615041 -0.006138 0.779527 1.000000
tan -0.866204 -0.336475 -0.141360 1.000000
tan -0.968504 -0.007626 0.072788 1.000000
tan -0.892802 0.089280 -0.439705 1.000000
tan -0.731911 0.219046 0.635253 1.000000
tan -0.856904 0.493459 -0.165788 1.000000
tan -0.827268 0.223820 0.423213 1.000000
tan -0.871164 -0.020398 0.004588 1.000000
tan -0.741026 -0.472689 0.185008 1.000000
tan -0.871660 -0.152396 0.126976 1.000000
tan -0.901792 0.159836 0.140120 1.000000
tan -0.731973 -0.464629 0.448447 1.000000
tan -0.977246 -0.201438 0.100688 1.000000
tan -0.929134 -0.014632 -0.144398 1.000000
tan -0.814682 0.204476 -0.428049 1.000000
tan -0.784922 0.043772 -0.519809 1.000000
tan -0.968504 0.053382 -0.240994 1.000000
tan -0.803708 0.055242 0.586087 1.000000
tan -0.937008 0.081158 0.331763 1.000000
tan -0.727633 -0.105772 0.672205 1.000000
tan -0.839544 -0.311303 0.367227 1.000000
tan -0.534193 0.313473 0.704569 1.000000
tan -0.786782 -0.052452 0.536177 1.000000
tan -0.683613 0.154194 0.694029 1.000000
tan -0.937008 0.081158 0.330399 1.000000
tan -0.813752 0.149730 0.540207 1.000000
tan 0.538347 -0.150102 -0.828384 1.000000
tan 0.360159 -0.160952 -0.914502 1.000000
tan 0.515221 -0.077128 -0.836630 1.000000
tan 0.135656 -0.206584 -0.914874 1.000000
tan 0.477401 -0.168144 -0.843202 1.000000
tan -0.010664 -0.218737 -0.968690 1.000000
tan -0.323827 -0.239383 -0.892244 1.000000
tan -0.489553 -0.080352 -0.843698 1.000000
tan -0.715047 0.025482 -0.639841 1.000000
tan -0.843946 0.055738 -0.516771 1.000000
tan -0.945626 0.238328 -0.038564 1.000000
tan -0.976502 0.164052 -0.058280 1.000000
tan -0.929630 0.110670 0.340939 1.000000
tan -0.889764 0.077066 0.441317 1.000000
tan -0.834646 0.046004 0.552483 1.000000
tan -0.787402 0.024800 0.613925 1.000000
tan -0.755906 0.017856 0.648459 1.000000
tan -0.716721 0.011160 0.700601 1.000000
tan -0.723541 0.028148 0.680637 1.000000
tan -0.823114 0.160270 0.544051 1.000000
tan -0.677909 0.055924 0.731787 1.000000
tan 0.038936 0.837436 -0.531713 1.000000
tan 0.774815 0.075082 -0.612251 1.000000
tan 0.073036 0.813565 -0.560233 1.000000
tan 0.445533 0.285820 -0.808916 1.000000
tan -0.066712 0.716535 -0.700787 1.000000
tan 0.440883 0.055552 -0.881890 1.000000
tan 0.469341 0.017236 -0.859818 1.000000
tan 0.433691 0.137640 -0.860252 1.000000
tan 0.805692 0.378325 -0.449501 1.000000
tan 0.211792 0.626821 0.748527 1.000000
tan 0.690433 0.604129 -0.403993 1.000000
tan 0.673197 0.680761 0.003968 1.000000
tan 0.789448 0.285263 0.520367 1.000000
tan 0.785666 0.093248 0.580321 1.000000
tan 0.620311 0.106950 0.774319 1.000000
tan -0.383967 0.770413 0.466489 1.000000
tan -0.650629 0.008308 0.751751 1.000000
tan -0.109864 0.689999 0.706739 1.000000
tan -0.742141 0.137020 0.572881 1.000000
tan -0.929630 0.110670 -0.343357 1.000000
tan -0.358051 0.073780 0.937008 1.000000
tan 0.653543 0.005146 0.748527 1.000000
tan -0.892554 0.347945 -0.179056 1.000000
tan 0.259719 0.319797 0.886416 1.000000
tan -0.924980 -0.063984 0.374605 1.000000
tan -0.915246 0.294997 -0.089714 1.000000
tan -0.840164 0.185752 -0.491289 1.000000
tan -0.961002 0.217000 -0.144832 1.000000
tan -0.841094 0.405791 -0.242172 1.000000
tan -0.937938 0.211792 -0.213528 1.000000
tan -0.842024 0.158658 0.435923 1.000000
tan -0.210862 0.449935 0.854114 1.000000
tan -0.823610 0.174282 0.510385 1.000000
tan 0.826772 -0.083328 -0.566929 1.000000
tan 0.814930 -0.228160 -0.530473 1.000000
tan 0.826772 -0.008928 -0.566929 1.000000
tan 0.811582 -0.339265 -0.464815 1.000000
tan 0.790006 -0.584413 -0.189472 1.000000
tan 0.661045 -0.689317 -0.105152 1.000000
tan 0.513733 -0.796577 -0.103168 1.000000
tan 0.645793 -0.686713 -0.135408 1.000000
tan 0.211606 -0.892182 -0.329468 1.000000
tan -0.045012 -0.945254 -0.112530 1.000000
tan -0.317689 -0.916052 -0.099262 1.000000
tan 0.093744 -0.984314 0.020088 1.000000
tan 0.506665 -0.827329 0.091264 1.000000
tan -0.318061 -0.944882 -0.037200 1.000000
tan -0.265051 -0.960630 -0.045384 1.000000
tan -0.150846 -0.984252 -0.031000 1.000000
tan -0.135594 -0.968504 0.007626 1.000000
tan 0.175460 -0.858268 -0.054064 1.000000
tan 0.278753 -0.836568 -0.089218 1.000000
tan -0.040672 -0.984252 0.007750 1.000000
tan -0.007316 -0.947672 -0.077996 1.000000
tan -0.072664 -0.944882 0.029760 1.000000
tan -0.152768 -0.907682 0.053568 1.000000
tan -0.034224 -0.984252 -0.015500 1.000000
tan -0.000806 -0.984252 0.054250 1.000000
tan -0.058776 -0.889950 0.083824 1.000000
tan -0.074400 -0.932482 0.044516 1.000000
tan 0.002170 -0.850580 -0.020212 1.000000
tan 0.063240 -0.941720 0.110484 1.000000
tan 0.065224 -0.898692 0.166408 1.000000
tan 0.121272 -0.895406 0.119846 1.000000
tan 0.532953 -0.816790 -0.173724 1.000000
tan 0.382851 -0.828136 0.087172 1.000000
tan 0.567797 -0.785045 0.252093 1.000000
tan 0.377953 -0.876496 0.002976 1.000000
tan 0.748280 -0.609833 0.179800 1.000000
tan 0.724409 -0.680513 0.017112 1.000000
tan 0.732283 -0.657573 0.063426 1.000000
tan 0.311613 -0.937442 0.104160 1.000000
tan 0.058962 -0.984314 0.101556 1.000000
tan -0.004588 -0.960630 0.037820 1.000000
tan 0.260959 -0.794159 0.404179 1.000000
tan 0.198896 -0.832847 0.303243 1.000000
tan 0.030504 -0.883130 0.067704 1.000000
tan 0.155496 -0.932544 0.146382 1.000000
tan 0.551739 -0.551119 0.586769 1.000000
tan -0.076570 -0.885548 -0.016616 1.000000
tan -0.070308 -0.992126 0.130448 1.000000
tan -0.231756 -0.901482 0.182776 1.000000
tan -0.074710 -0.969868 0.210491 1.000000
tan -0.658875 -0.426871 0.605183 1.000000
tan 0.357059 -0.882696 0.166780 1.000000
tan 0.690929 -0.684047 0.015996 1.000000
tan -0.024428 -0.953252 0.248001 1.000000
tan 0.213714 -0.900118 0.340381 1.000000
tan 0.626139 -0.588505 0.498481 1.000000
tan 0.225618 -0.808977 0.413231 1.000000
tan 0.657139 -0.705375 0.017422 1.000000
tan 0.858268 -0.512555 -0.006758 1.000000
tan 0.483725 -0.472689 0.701965 1.000000
tan 0.538843 -0.842520 0.033170 1.000000
tan 0.492219 -0.744684 -0.412797 1.000000
tan 0.321533 -0.884990 0.261145 1.000000
tan -0.212164 -0.935892 -0.103416 1.000000
tan 0.073284 -0.968504 0.259843 1.000000
tan 0.231322 -0.804761 0.460909 1.000000
tan 0.062310 -0.976378 0.228347 1.000000
tan 0.483973 -0.478579 0.673135 1.000000
tan 0.216008 -0.747969 0.525017 1.000000
tan 0.640151 -0.519375 0.523653 1.000000
tan 0.676049 -0.395561 0.618513 1.000000
tan 0.098828 -0.953066 0.265609 1.000000
tan 0.736437 -0.224068 0.620373 1.000000
tan -0.072540 -0.791617 0.417013 1.000000
tan 0.217620 -0.953314 0.207577 1.000000
tan -0.292207 -0.642135 0.627565 1.000000
tan 0.513361 -0.748651 0.191022 1.000000
tan 0.449501 -0.803397 0.385517 1.000000
tan 0.658441 -0.651125 0.278877 1.000000
tan 0.572757 -0.654907 0.339513 1.000000
tan 0.491041 -0.743381 0.443301 1.000000
tan 0.427925 -0.406349 0.791680 1.000000
tan 0.616963 -0.182528 0.759191 1.000000
tan 0.100874 -0.937752 0.302251 1.000000
tan -0.061380 -0.953252 0.240251 1.000000
tan 0.077624 -0.929630 0.343729 1.000000
tan -0.154566 -0.826709 0.431645 1.000000
tan 0.390043 -0.892244 0.239383 1.000000
tan -0.054126 -0.763655 0.455391 1.000000
tan 0.163060 -0.907744 0.300081 1.000000
tan -0.437473 -0.530287 0.663029 1.000000
tan -0.111104 -0.740529 0.536673 1.000000
tan -0.619319 -0.418811 0.663153 1.000000
tan 0.569905 -0.729865 0.087048 1.000000
tan -0.202740 -0.900118 0.265609 1.000000
tan -0.632897 -0.398041 0.661665 1.000000
tan 0.016244 -0.853370 0.356253 1.000000
tan -0.147560 -0.922252 0.239631 1.000000
tan 0.755596 -0.656023 0.052762 1.000000
tan 0.299027 -0.685349 0.648831 1.000000
tan -0.114824 -0.949098 -0.202678 1.000000
tan 0.589497 -0.778597 0.171058 1.000000
tan 0.453097 -0.872156 0.086118 1.000000
tan 0.640647 -0.726703 0.205778 1.000000
tan 0.723913 -0.442433 0.450121 1.000000
tan 0.372311 -0.733895 0.556079 1.000000
tan 0.340381 -0.900118 0.293509 1.000000
tan 0.523033 -0.803336 0.198214 1.000000
tan 0.697687 -0.537355 0.371629 1.000000
tan 0.316201 -0.804389 0.222828 1.000000
tan 0.574369 -0.820199 0.020026 1.000000
tan 0.534069 -0.824849 0.174158 1.000000
tan 0.596069 -0.748899 -0.044888 1.000000
tan 0.370265 -0.813194 0.212475 1.000000
tan 0.522413 -0.792547 0.051770 1.000000
tan 0.400893 -0.869862 -0.082398 1.000000
tan 0.314713 -0.848906 0.119784 1.000000
tan 0.230640 -0.945626 -0.105834 1.000000
tan 0.254759 -0.857152 0.223077 1.000000
tan 0.485337 -0.816666 0.159464 1.000000
tan 0.236406 -0.938000 0.244157 1.000000
tan 0.445285 -0.882758 0.091202 1.000000
tan 0.370079 -0.929134 -0.035092 1.000000
tan 0.666315 -0.552173 0.285139 1.000000
tan 0.661107 -0.749457 -0.001240 1.000000
tan 0.198710 -0.976750 -0.036890 1.000000
tan 0.588009 -0.796825 -0.135656 1.000000
tan 0.619381 -0.773389 0.079608 1.000000
tan 0.405791 -0.802157 0.268585 1.000000
tan 0.514725 -0.708475 0.130696 1.000000
tan 0.599603 -0.795337 -0.082398 1.000000
tan 0.394817 -0.735073 0.282721 1.000000
tan 0.679645 -0.684109 -0.005890 1.000000
tan 0.681071 -0.446773 -0.274288 1.000000
tan 0.131688 -0.971852 -0.047988 1.000000
tan -0.221340 -0.907496 0.288487 1.000000
tan 0.277513 -0.833281 0.456941 1.000000
tan 0.172794 -0.776551 0.533139 1.000000
tan 0.686279 -0.720131 0.040672 1.000000
tan 0.429475 -0.680761 0.588195 1.000000
tan 0.397607 -0.921260 0.065286 1.000000
tan 0.536301 -0.843388 0.002418 1.000000
tan 0.470953 -0.581809 0.607539 1.000000
tan 0.562155 -0.693719 0.421353 1.000000
tan 0.147560 -0.922252 0.332321 1.000000
tan -0.010726 -0.873830 0.488375 1.000000
tan -0.056730 -0.667741 0.695641 1.000000
tan 0.036580 -0.786781 0.577965 1.000000
tan 0.079112 -0.906194 0.395685 1.000000
tan 0.159030 -0.740281 0.425941 1.000000
tan 0.206522 -0.789199 0.574803 1.000000
tan -0.031620 -0.831608 0.486949 1.000000
tan 0.385145 -0.738049 0.471201 1.000000
tan 0.015624 -0.736933 0.599293 1.000000
tan -0.060016 -0.914998 0.100688 1.000000
tan 0.106950 -0.898382 0.397297 1.000000
tan 0.252713 -0.968504 -0.022878 1.000000
tan 0.566929 -0.607105 0.538657 1.000000
tan 0.364933 -0.890570 -0.127224 1.000000
tan 0.156860 -0.891252 0.404737 1.000000
tan 0.052638 -0.876248 0.475851 1.000000
tan 0.149296 -0.747969 0.604377 1.000000
tan 0.007192 -0.847232 0.456693 1.000000
tan 0.222704 -0.802529 0.394817 1.000000
tan 0.290161 -0.900242 0.300081 1.000000
tan -0.020398 -0.828321 0.525203 1.000000
tan 0.209002 -0.892740 0.337591 1.000000
tan 0.053382 -0.968504 0.215699 1.000000
tan 0.066526 -0.907496 0.335545 1.000000
tan 0.170934 -0.917354 0.115630 1.000000
tan -0.514291 -0.510695 -0.641143 1.000000
tan 0.102858 -0.992126 -0.070308 1.000000
tan -0.665385 -0.513981 0.504433 1.000000
tan 0.523343 -0.631037 -0.511873 1.000000
tan -0.089714 -0.885362 -0.327361 1.000000
tan 0.236778 -0.805754 -0.402877 1.000000
tan 0.671213 -0.418997 -0.584661 1.000000
tan -0.150040 -0.937752 -0.045880 1.000000
tan 0.069750 -0.922748 -0.240064 1.000000
tan -0.101556 -0.984314 -0.019964 1.000000
tan 0.608283 -0.568293 -0.269452 1.000000
tan -0.548329 -0.727385 -0.324137 1.000000
tan -0.234360 -0.816231 0.381611 1.000000
tan -0.064790 -0.830120 -0.353091 1.000000
tan 0.047616 -0.968690 0.218737 1.000000
tan -0.295369 -0.847790 0.081468 1.000000
tan 0.039990 -0.961002 0.153760 1.000000
tan 0.252030 -0.826709 0.431645 1.000000
tan -0.061194 -0.992126 0.054684 1.000000
tan 0.518073 -0.312108 0.756277 1.000000
tan 0.039370 -1.000000 0.078740 1.000000
tan 0.098580 -0.984314 0.093744 1.000000
tan -0.078802 -0.992126 0.086614 1.000000
tan 0.059768 -0.944014 -0.163742 1.000000
tan 0.317813 -0.821006 -0.089962 1.000000
tan 0.460289 -0.822494 0.052700 1.000000
tan 0.347945 -0.892554 -0.083576 1.000000
tan 0.640771 -0.713001 -0.154690 1.000000
tan 0.614545 -0.779527 0.061380 1.000000
tan 0.578275 -0.795585 -0.083700 1.000000
tan 0.474797 -0.859322 0.095480 1.000000
tan 0.376217 -0.929134 0.065844 1.000000
tan 0.738545 -0.649513 -0.115816 1.000000
tan 0.196912 -0.968690 0.099944 1.000000
tan -0.102052 -0.873210 0.249675 1.000000
tan -0.431521 -0.840722 0.144026 1.000000
tan -0.301445 -0.929382 -0.228904 1.000000
tan -0.088660 -0.945502 0.151280 1.000000
tan -0.527621 -0.608221 0.557381 1.000000
tan -0.575547 -0.707607 -0.289602 1.000000
tan -0.049786 -0.976502 -0.100750 1.000000
tan -0.133858 -0.992126 -0.000434 1.000000
tan -0.332197 -0.674251 -0.558621 1.000000
tan 0.041850 -0.937752 -0.187550 1.000000
tan 0.056544 -0.953066 -0.090768 1.000000
tan -0.265547 -0.917912 -0.281046 1.000000
tan -0.033604 -0.992126 -0.086614 1.000000
tan -0.155000 -0.968752 -0.093930 1.000000
tan -0.344845 -0.671089 -0.554033 1.000000
tan 0.637733 -0.290285 -0.703143 1.000000
tan 0.214272 -0.805878 -0.301445 1.000000
tan 0.132804 -0.929630 -0.110670 1.000000
tan 0.192758 -0.968504 -0.022878 1.000000
tan 0.119350 -0.992126 -0.039060 1.000000
tan 0.564697 -0.613801 -0.551057 1.000000
tan 0.173352 -0.918408 -0.218364 1.000000
tan 0.453841 -0.709467 -0.282038 1.000000
tan 0.399467 -0.781821 -0.068634 1.000000
tan 0.605431 -0.396119 -0.681009 1.000000
tan 0.105214 -0.976502 -0.147250 1.000000
tan 0.079608 -0.976502 -0.093000 1.000000
tan 0.073594 -0.956104 0.003472 1.000000
tan 0.317689 -0.858764 0.019344 1.000000
tan 0.572571 -0.581375 -0.568851 1.000000
tan 0.173476 -0.976502 0.100750 1.000000
tan 0.452291 -0.652799 0.542005 1.000000
tan 0.253581 -0.809102 0.186620 1.000000
tan 0.368157 -0.689441 0.550933 1.000000
tan 0.025854 -0.933164 0.241987 1.000000
tan 0.307087 -0.856160 0.009672 1.000000
tan 0.027404 -0.835141 0.314403 1.000000
tan -0.275343 -0.954182 0.034410 1.000000
tan -0.133672 -0.958708 -0.031248 1.000000
tan -0.413541 -0.780954 -0.379999 1.000000
tan 0.138384 -0.976378 -0.076880 1.000000
tan -0.512059 -0.802281 -0.169694 1.000000
tan -0.496931 -0.761671 0.088040 1.000000
tan -0.475293 -0.730485 0.056606 1.000000
tan -0.100316 -0.968690 -0.210924 1.000000
tan 0.277265 -0.770042 -0.428421 1.000000
tan 0.389981 -0.758943 0.077438 1.000000
tan 0.625581 -0.634881 -0.302870 1.000000
tan 0.278443 -0.857276 0.257797 1.000000
tan 0.172422 -0.885610 0.298159 1.000000
tan 0.614049 -0.692665 -0.377953 1.000000
tan 0.454213 -0.843450 -0.148676 1.000000
tan 0.339513 -0.860314 0.102052 1.000000
tan 0.156922 -0.925662 0.134602 1.000000
tan 0.329283 -0.906876 0.107136 1.000000
tan 0.093000 -0.976502 -0.070308 1.000000
tan 0.298469 -0.952756 0.030008 1.000000
tan 0.110546 -0.943766 0.227665 1.000000
tan -0.070432 -0.645421 0.532023 1.000000
tan 0.599045 -0.521669 0.587761 1.000000
tan 0.138756 -0.937504 0.329283 1.000000
tan 0.306343 -0.834150 0.249427 1.000000
tan -0.246575 -0.869242 0.355075 1.000000
tan -0.198958 -0.920454 -0.090706 1.000000
tan 0.062000 -0.984252 0.134788 1.000000
tan -0.013392 -0.901048 -0.101308 1.000000
tan -0.269577 -0.895282 0.237089 1.000000
tan 0.023436 -0.992126 0.110980 1.000000
tan 0.019592 -0.864406 0.484717 1.000000
tan 0.117180 -0.841465 0.369955 1.000000
tan 0.099138 -0.960878 0.239445 1.000000
tan -0.038378 -0.801909 0.526939 1.000000
tan -0.148428 -0.984314 0.082088 1.000000
tan 0.306529 -0.794779 0.365491 1.000000
tan -0.378139 -0.852936 0.337901 1.000000
tan -0.387253 -0.721681 0.478021 1.000000
tan 0.110422 -0.780457 0.598797 1.000000
tan -0.187488 -0.889454 0.095852 1.000000
tan -0.613429 -0.555025 0.554095 1.000000
tan -0.253581 -0.781263 0.371443 1.000000
tan 0.087358 -0.976378 0.084568 1.000000
tan -0.002046 -0.907496 0.243475 1.000000
tan -0.301569 -0.769483 0.330337 1.000000
tan -0.020460 -0.939116 0.218923 1.000000
tan -0.118296 -0.828074 0.396181 1.000000
tan -0.139872 -0.786905 0.457065 1.000000
tan -0.108500 -0.737305 0.610701 1.000000
tan 0.120776 -0.953314 0.215265 1.000000
tan 0.168888 -0.906752 0.372001 1.000000
tan 0.198214 -0.868746 0.445905 1.000000
tan 0.345837 -0.556141 0.713001 1.000000
tan 0.426685 -0.565999 0.679521 1.000000
tan -0.814930 -0.228160 -0.530473 1.000000
tan -0.826772 -0.083328 -0.566929 1.000000
tan -0.826772 -0.008928 -0.566929 1.000000
tan -0.811582 -0.339265 -0.464815 1.000000
tan -0.790006 -0.584413 -0.189472 1.000000
tan -0.661045 -0.689317 -0.105152 1.000000
tan -0.513733 -0.796577 -0.103168 1.000000
tan -0.645793 -0.686713 -0.135408 1.000000
tan -0.211606 -0.892182 -0.329468 1.000000
tan 0.045012 -0.945254 -0.112530 1.000000
tan 0.317689 -0.916052 -0.099262 1.000000
tan -0.093744 -0.984314 0.020088 1.000000
tan -0.506665 -0.827329 0.091264 1.000000
tan 0.318061 -0.944882 -0.037200 1.000000
tan 0.265051 -0.960630 -0.045384 1.000000
tan 0.150846 -0.984252 -0.031000 1.000000
tan 0.135594 -0.968504 0.007626 1.000000
tan -0.175460 -0.858268 -0.054064 1.000000
tan -0.278753 -0.836568 -0.089218 1.000000
tan 0.040672 -0.984252 0.007750 1.000000
tan 0.076570 -0.885548 -0.016616 1.000000
tan 0.072664 -0.944882 0.029760 1.000000
tan 0.152768 -0.907682 0.053568 1.000000
tan 0.034224 -0.984252 -0.015500 1.000000
tan 0.058776 -0.889950 0.083824 1.000000
tan 0.074400 -0.932482 0.044516 1.000000
tan 0.000806 -0.984252 0.054250 1.000000
tan -0.063240 -0.941720 0.110484 1.000000
tan -0.065224 -0.898692 0.166408 1.000000
tan -0.121272 -0.895406 0.119846 1.000000
tan -0.532953 -0.816790 -0.173724 1.000000
tan -0.382851 -0.828136 0.087172 1.000000
tan -0.567797 -0.785045 0.252093 1.000000
tan -0.377953 -0.876496 0.002976 1.000000
tan -0.748280 -0.609833 0.179800 1.000000
tan -0.724409 -0.679273 0.011408 1.000000
tan -0.732283 -0.656395 0.057660 1.000000
tan -0.311613 -0.937442 0.104160 1.000000
tan -0.058962 -0.984314 0.101556 1.000000
tan 0.004588 -0.960630 0.037820 1.000000
tan -0.198896 -0.832847 0.303243 1.000000
tan -0.002170 -0.850580 -0.020212 1.000000
tan -0.260959 -0.794159 0.404179 1.000000
tan 0.007316 -0.947672 -0.077996 1.000000
tan -0.030504 -0.883130 0.067704 1.000000
tan -0.155496 -0.932544 0.146382 1.000000
tan 0.070308 -0.992126 0.130448 1.000000
tan -0.551739 -0.551119 0.586769 1.000000
tan 0.074090 -0.962056 0.211111 1.000000
tan 0.231756 -0.901482 0.182776 1.000000
tan 0.658875 -0.426871 0.605183 1.000000
tan -0.357059 -0.882696 0.166780 1.000000
tan -0.690929 -0.684047 0.015996 1.000000
tan 0.024428 -0.953252 0.248001 1.000000
tan -0.213714 -0.900118 0.340381 1.000000
tan -0.626139 -0.588505 0.498481 1.000000
tan -0.228904 -0.808977 0.420361 1.000000
tan -0.657139 -0.705375 0.017422 1.000000
tan -0.858268 -0.512555 -0.006758 1.000000
tan -0.480191 -0.479323 0.695331 1.000000
tan -0.538843 -0.842520 0.033170 1.000000
tan -0.486825 -0.747970 -0.412673 1.000000
tan -0.304731 -0.885238 0.270693 1.000000
tan -0.607725 -0.260586 0.731167 1.000000
tan -0.338397 -0.699547 0.535495 1.000000
tan -0.216008 -0.747969 0.525017 1.000000
tan -0.711761 -0.379193 0.510137 1.000000
tan -0.623473 -0.576911 0.419927 1.000000
tan -0.098828 -0.953066 0.265609 1.000000
tan -0.547771 -0.385393 0.732345 1.000000
tan 0.072540 -0.791617 0.417013 1.000000
tan -0.220472 -0.953314 0.215265 1.000000
tan 0.290161 -0.648025 0.627565 1.000000
tan -0.471077 -0.783433 0.207576 1.000000
tan -0.455763 -0.806125 0.387067 1.000000
tan -0.536797 -0.747163 0.199268 1.000000
tan -0.720007 -0.552297 0.341435 1.000000
tan -0.301383 -0.668733 0.643375 1.000000
tan -0.495071 -0.743381 0.443301 1.000000
tan -0.020398 -0.976378 0.212599 1.000000
tan -0.279559 -0.810217 0.502635 1.000000
tan -0.160456 -0.945626 0.238329 1.000000
tan -0.642321 -0.188728 0.740529 1.000000
tan 0.208754 -0.723727 0.518879 1.000000
tan -0.624837 -0.635253 0.439891 1.000000
tan 0.088288 -0.968690 0.210925 1.000000
tan 0.203112 -0.968690 0.002108 1.000000
tan 0.510261 -0.547771 0.613615 1.000000
tan -0.364809 -0.657697 -0.646785 1.000000
tan -0.632401 -0.312109 -0.699361 1.000000
tan -0.738545 -0.649513 -0.115816 1.000000
tan 0.433071 -0.897638 -0.006572 1.000000
tan -0.213342 -0.805196 -0.337219 1.000000
tan 0.224440 -0.827082 -0.370761 1.000000
tan -0.578275 -0.795585 -0.083700 1.000000
tan -0.640771 -0.713001 -0.154690 1.000000
tan 0.434745 -0.605679 -0.606423 1.000000
tan -0.317813 -0.821006 -0.089962 1.000000
tan -0.347945 -0.892554 -0.083576 1.000000
tan -0.250666 -0.945626 -0.190650 1.000000
tan 0.051088 -0.984252 -0.173228 1.000000
tan 0.456693 -0.889764 -0.020460 1.000000
tan 0.166656 -0.909232 -0.342427 1.000000
tan -0.119970 -0.915246 -0.287432 1.000000
tan 0.754665 -0.523281 -0.340815 1.000000
tan -0.032054 -0.877922 -0.299956 1.000000
tan 0.760990 -0.497241 0.280861 1.000000
tan -0.039184 -0.953066 -0.265608 1.000000
tan -0.119226 -0.770785 -0.423585 1.000000
tan -0.229710 -0.733647 -0.470953 1.000000
tan -0.593713 -0.478145 -0.635687 1.000000
tan -0.296299 -0.684481 -0.515965 1.000000
tan -0.474177 -0.665943 -0.530349 1.000000
tan -0.736561 -0.342613 -0.480625 1.000000
tan -0.008060 -0.984252 -0.188976 1.000000
tan -0.236778 -0.798686 -0.399343 1.000000
tan -0.523343 -0.631037 -0.511873 1.000000
tan -0.111290 -0.984252 -0.069750 1.000000
tan 0.198276 -0.774939 -0.380371 1.000000
tan 0.164114 -0.824788 -0.352719 1.000000
tan 0.523901 -0.748341 -0.302560 1.000000
tan 0.261206 -0.888028 -0.101804 1.000000
tan -0.116064 -0.939550 -0.052700 1.000000
tan -0.059768 -0.944014 -0.163742 1.000000
tan -0.460289 -0.822494 0.052700 1.000000
tan -0.614545 -0.779527 0.061380 1.000000
tan -0.106392 -0.984314 0.093744 1.000000
tan -0.474797 -0.859322 0.095480 1.000000
tan -0.376217 -0.929134 0.065844 1.000000
tan -0.196912 -0.968690 0.099944 1.000000
tan 0.173166 -0.867816 0.024800 1.000000
tan 0.102052 -0.873210 0.249675 1.000000
tan 0.078802 -0.992126 0.086614 1.000000
tan 0.060760 -0.992126 0.054684 1.000000
tan 0.431521 -0.840722 0.144026 1.000000
tan 0.301445 -0.929382 -0.228904 1.000000
tan 0.088660 -0.945502 0.151280 1.000000
tan 0.575547 -0.707607 -0.289602 1.000000
tan 0.049786 -0.976502 -0.100750 1.000000
tan 0.527621 -0.608221 0.557381 1.000000
tan 0.141732 -0.992126 0.000000 1.000000
tan 0.332197 -0.674251 -0.558621 1.000000
tan -0.041850 -0.937752 -0.187550 1.000000
tan -0.056544 -0.953066 -0.090768 1.000000
tan 0.265547 -0.917912 -0.281046 1.000000
tan -0.214272 -0.805878 -0.301445 1.000000
tan 0.155000 -0.968752 -0.093930 1.000000
tan 0.033604 -0.992126 -0.086614 1.000000
tan 0.344845 -0.671089 -0.554033 1.000000
tan -0.637733 -0.290285 -0.703143 1.000000
tan -0.173352 -0.918408 -0.218364 1.000000
tan -0.132804 -0.929630 -0.110670 1.000000
tan -0.192758 -0.968504 -0.022878 1.000000
tan -0.119350 -0.992126 -0.039060 1.000000
tan -0.564697 -0.613801 -0.551057 1.000000
tan -0.105214 -0.976502 -0.147250 1.000000
tan -0.079608 -0.976502 -0.093000 1.000000
tan -0.073594 -0.956104 0.003472 1.000000
tan -0.605431 -0.396119 -0.681009 1.000000
tan -0.453841 -0.709467 -0.282038 1.000000
tan -0.399467 -0.781821 -0.068634 1.000000
tan -0.317689 -0.858764 0.019344 1.000000
tan -0.572571 -0.581375 -0.568851 1.000000
tan -0.173476 -0.976502 0.100750 1.000000
tan -0.452291 -0.652799 0.542005 1.000000
tan -0.253581 -0.809102 0.186620 1.000000
tan -0.368157 -0.689441 0.550933 1.000000
tan -0.025854 -0.933164 0.241987 1.000000
tan -0.307087 -0.856160 0.009672 1.000000
tan -0.027404 -0.835141 0.314403 1.000000
tan 0.275343 -0.954182 0.034410 1.000000
tan 0.133672 -0.958708 -0.031248 1.000000
tan 0.413541 -0.780954 -0.379999 1.000000
tan -0.138384 -0.976378 -0.076880 1.000000
tan 0.512059 -0.802281 -0.169694 1.000000
tan 0.496931 -0.761671 0.088040 1.000000
tan 0.475293 -0.730485 0.056606 1.000000
tan 0.100316 -0.968690 -0.210924 1.000000
tan -0.277265 -0.770042 -0.428421 1.000000
tan -0.389981 -0.758943 0.077438 1.000000
tan -0.625581 -0.634881 -0.302870 1.000000
tan -0.278443 -0.857276 0.257797 1.000000
tan -0.172422 -0.885610 0.298159 1.000000
tan -0.614049 -0.692665 -0.377953 1.000000
tan -0.454213 -0.843450 -0.148676 1.000000
tan -0.339513 -0.860314 0.102052 1.000000
tan -0.156922 -0.925662 0.134602 1.000000
tan -0.329283 -0.906876 0.107136 1.000000
tan -0.093000 -0.976502 -0.070308 1.000000
tan -0.298469 -0.952756 0.030008 1.000000
tan -0.110546 -0.943766 0.227665 1.000000
tan 0.070432 -0.645421 0.532023 1.000000
tan -0.599045 -0.521669 0.587761 1.000000
tan -0.138756 -0.937504 0.329283 1.000000
tan -0.306343 -0.834150 0.249427 1.000000
tan 0.246575 -0.869242 0.355075 1.000000
tan 0.198958 -0.920454 -0.090706 1.000000
tan -0.062000 -0.984252 0.134788 1.000000
tan 0.013392 -0.901048 -0.101308 1.000000
tan 0.313907 -0.885610 0.242111 1.000000
tan -0.305599 -0.885238 0.352595 1.000000
tan -0.023436 -0.992126 0.110980 1.000000
tan 0.125054 -0.939612 0.216567 1.000000
tan -0.019592 -0.864406 0.484717 1.000000
tan -0.145514 -0.806187 0.343853 1.000000
tan 0.038378 -0.801909 0.526939 1.000000
tan -0.099138 -0.960878 0.239445 1.000000
tan -0.306529 -0.794779 0.365491 1.000000
tan 0.148428 -0.984314 0.082088 1.000000
tan -0.110422 -0.780457 0.598797 1.000000
tan 0.378139 -0.852936 0.337901 1.000000
tan 0.387253 -0.721681 0.478021 1.000000
tan 0.187488 -0.889454 0.095852 1.000000
tan 0.613429 -0.555025 0.554095 1.000000
tan 0.118296 -0.828074 0.396181 1.000000
tan 0.253581 -0.781263 0.371443 1.000000
tan 0.020460 -0.939116 0.218923 1.000000
tan 0.301569 -0.769483 0.330337 1.000000
tan 0.109802 -0.739971 0.614173 1.000000
tan 0.139872 -0.786905 0.457065 1.000000
tan -0.010416 -0.915246 0.270073 1.000000
tan -0.087358 -0.976378 0.084568 1.000000
tan -0.039370 -1.000000 0.078740 1.000000
tan -0.158968 -0.936574 0.225309 1.000000
tan -0.158782 -0.922748 0.232563 1.000000
tan -0.003100 -0.945502 0.151280 1.000000
tan 0.103974 -0.840288 0.385455 1.000000
tan -0.240312 -0.841093 0.420547 1.000000
tan -0.175336 -0.899002 0.403001 1.000000
tan 0.169136 -0.961002 0.036828 1.000000
tan 0.495443 -0.417199 0.719759 1.000000
tan 0.085250 -0.984252 0.147870 1.000000
tan -0.165850 -0.869862 0.416021 1.000000
tan 0.011532 -0.783991 0.430219 1.000000
tan -0.518073 -0.312108 0.756277 1.000000
tan -0.213776 -0.885362 0.327361 1.000000
tan 0.116250 -0.823237 0.474301 1.000000
tan -0.063550 -0.988840 0.094054 1.000000
tan -0.252713 -0.968504 -0.022878 1.000000
tan 0.060016 -0.914998 0.100688 1.000000
tan -0.364933 -0.890570 -0.127224 1.000000
tan -0.536301 -0.843388 0.002418 1.000000
tan -0.684109 -0.451113 -0.274288 1.000000
tan -0.679645 -0.684109 -0.005890 1.000000
tan -0.504185 -0.698555 -0.137826 1.000000
tan 0.295121 -0.901730 -0.109120 1.000000
tan -0.157046 -0.968752 -0.178250 1.000000
tan 0.252961 -0.907682 0.249861 1.000000
tan -0.670469 -0.658813 -0.253766 1.000000
tan 0.000310 -0.942340 0.042656 1.000000
tan -0.595449 -0.748713 -0.044888 1.000000
tan -0.428173 -0.891314 0.045756 1.000000
tan -0.207328 -0.934342 0.226425 1.000000
tan -0.514725 -0.708475 0.130696 1.000000
tan -0.523033 -0.803336 0.198214 1.000000
tan -0.394817 -0.735073 0.282721 1.000000
tan -0.723913 -0.442433 0.450121 1.000000
tan -0.574369 -0.820199 0.020026 1.000000
tan -0.619381 -0.773389 0.079608 1.000000
tan -0.405791 -0.802157 0.268585 1.000000
tan -0.661107 -0.749457 -0.001240 1.000000
tan -0.697687 -0.537355 0.371629 1.000000
tan -0.666315 -0.552173 0.285139 1.000000
tan -0.599603 -0.795337 -0.082398 1.000000
tan -0.589249 -0.793664 -0.141112 1.000000
tan -0.188790 -0.984252 0.023250 1.000000
tan -0.131688 -0.971852 -0.047988 1.000000
tan -0.370079 -0.929134 -0.035092 1.000000
tan -0.445285 -0.882758 0.091202 1.000000
tan -0.242048 -0.930374 -0.114204 1.000000
tan -0.400893 -0.869862 -0.079112 1.000000
tan -0.314713 -0.848906 0.119784 1.000000
tan -0.340381 -0.900118 0.293509 1.000000
tan -0.364747 -0.796267 0.227292 1.000000
tan -0.522413 -0.792547 0.051770 1.000000
tan -0.480315 -0.816914 0.161820 1.000000
tan -0.275281 -0.767065 0.406225 1.000000
tan -0.096410 -0.807985 0.547957 1.000000
tan -0.261517 -0.855230 0.212908 1.000000
tan -0.236406 -0.938000 0.244157 1.000000
tan 0.009114 -0.808543 0.410131 1.000000
tan -0.385765 -0.877426 0.161882 1.000000
tan -0.099200 -0.925910 0.231199 1.000000
tan -0.238700 -0.873582 0.265981 1.000000
tan -0.406411 -0.836878 0.359353 1.000000
tan -0.630541 -0.722611 0.251721 1.000000
tan -0.537169 -0.638167 0.550375 1.000000
tan -0.498109 -0.816293 0.294005 1.000000
tan -0.506541 -0.838862 0.218241 1.000000
tan -0.660549 -0.748031 0.011780 1.000000
tan -0.778350 -0.564387 0.275343 1.000000
tan -0.189968 -0.742761 0.344721 1.000000
tan -0.585157 -0.804637 0.095790 1.000000
tan -0.621055 -0.641453 0.433939 1.000000
tan -0.665633 -0.157418 0.710831 1.000000
tan -0.496063 -0.631409 0.593279 1.000000
tan -0.579701 -0.671771 0.463079 1.000000
tan -0.163060 -0.907744 0.300081 1.000000
tan -0.069440 -0.914874 0.330585 1.000000
tan 0.047926 -0.763655 0.462397 1.000000
tan 0.073656 -0.907682 0.317689 1.000000
tan 0.677227 -0.226672 0.684853 1.000000
tan 0.289789 -0.748651 0.506231 1.000000
tan 0.494637 -0.586459 0.577407 1.000000
tan -0.273607 -0.751069 0.591047 1.000000
tan -0.620745 -0.622543 0.460723 1.000000
tan -0.216256 -0.831236 0.512493 1.000000
tan -0.128154 -0.733771 0.652737 1.000000
tan -0.520801 -0.788641 0.314465 1.000000
tan -0.704817 -0.527497 0.471697 1.000000
tan -0.617273 -0.217248 0.757889 1.000000
tan -0.795338 -0.219728 0.525265 1.000000
tan -0.686341 -0.546593 0.485585 1.000000
tan -0.644429 -0.408953 0.643499 1.000000
tan -0.648149 -0.720813 0.057784 1.000000
tan -0.676917 -0.732407 0.016864 1.000000
tan -0.627193 -0.773265 0.115444 1.000000
tan -0.565441 -0.737367 0.319797 1.000000
tan 0.814930 -0.228160 -0.530473 1.000000
tan 0.826772 -0.083328 -0.566929 1.000000
tan 0.826772 -0.008928 -0.566929 1.000000
tan 0.811582 -0.339265 -0.464815 1.000000
tan 0.790006 -0.584413 -0.189472 1.000000
tan 0.661045 -0.689317 -0.105152 1.000000
tan 0.513733 -0.796577 -0.103168 1.000000
tan 0.645793 -0.686713 -0.135408 1.000000
tan 0.211606 -0.892182 -0.329468 1.000000
tan -0.045012 -0.945254 -0.112530 1.000000
tan -0.317689 -0.916052 -0.099262 1.000000
tan 0.093744 -0.984314 0.020088 1.000000
tan 0.506665 -0.827329 0.091264 1.000000
tan -0.318061 -0.944882 -0.037200 1.000000
tan -0.265051 -0.960630 -0.045384 1.000000
tan -0.150846 -0.984252 -0.031000 1.000000
tan -0.135594 -0.968504 0.007626 1.000000
tan 0.175460 -0.858268 -0.054064 1.000000
tan 0.278753 -0.836568 -0.089218 1.000000
tan -0.040672 -0.984252 0.007750 1.000000
tan -0.076570 -0.885548 -0.016616 1.000000
tan -0.072664 -0.944882 0.029760 1.000000
tan -0.152768 -0.907682 0.053568 1.000000
tan -0.034224 -0.984252 -0.015500 1.000000
tan -0.058776 -0.889950 0.083824 1.000000
tan -0.074400 -0.932482 0.044516 1.000000
tan -0.000806 -0.984252 0.054250 1.000000
tan 0.063240 -0.941720 0.110484 1.000000
tan 0.065224 -0.898692 0.166408 1.000000
tan 0.121272 -0.895406 0.119846 1.000000
tan 0.532953 -0.816790 -0.173724 1.000000
tan 0.382851 -0.828136 0.087172 1.000000
tan 0.567797 -0.785045 0.252093 1.000000
tan 0.377953 -0.876496 0.002976 1.000000
tan 0.748280 -0.609833 0.179800 1.000000
tan 0.724409 -0.680513 0.017112 1.000000
tan 0.732283 -0.657573 0.063426 1.000000
tan 0.311613 -0.937442 0.104160 1.000000
tan 0.058962 -0.984314 0.101556 1.000000
tan -0.004588 -0.960630 0.037820 1.000000
tan 0.198896 -0.832847 0.303243 1.000000
tan 0.002170 -0.850580 -0.020212 1.000000
tan 0.260959 -0.794159 0.404179 1.000000
tan -0.007316 -0.947672 -0.077996 1.000000
tan 0.030504 -0.883130 0.067704 1.000000
tan 0.155496 -0.932544 0.146382 1.000000
tan -0.070308 -0.992126 0.130448 1.000000
tan 0.551739 -0.551119 0.586769 1.000000
tan -0.074710 -0.969868 0.210491 1.000000
tan -0.231756 -0.901482 0.182776 1.000000
tan -0.658875 -0.426871 0.605183 1.000000
tan 0.357059 -0.882696 0.166780 1.000000
tan 0.690929 -0.684047 0.015996 1.000000
tan -0.024428 -0.953252 0.248001 1.000000
tan 0.213714 -0.900118 0.340381 1.000000
tan 0.626139 -0.588505 0.498481 1.000000
tan 0.225618 -0.808977 0.413231 1.000000
tan 0.657139 -0.705375 0.017422 1.000000
tan 0.858268 -0.512555 -0.006758 1.000000
tan 0.483725 -0.472689 0.701965 1.000000
tan 0.538843 -0.842520 0.033170 1.000000
tan 0.492219 -0.744684 -0.412797 1.000000
tan 0.321533 -0.884990 0.261145 1.000000
tan -0.212164 -0.935892 -0.103416 1.000000
tan 0.073284 -0.968504 0.259843 1.000000
tan 0.231322 -0.804761 0.460909 1.000000
tan 0.364809 -0.657697 -0.646785 1.000000
tan 0.632401 -0.312109 -0.699361 1.000000
tan 0.738545 -0.649513 -0.115816 1.000000
tan 0.062310 -0.976378 0.228347 1.000000
tan 0.231694 -0.802220 -0.317565 1.000000
tan 0.578275 -0.795585 -0.083700 1.000000
tan 0.640771 -0.713001 -0.154690 1.000000
tan 0.317813 -0.821006 -0.089962 1.000000
tan 0.347945 -0.892554 -0.083576 1.000000
tan 0.209250 -0.961002 -0.161448 1.000000
tan -0.224440 -0.827082 -0.370761 1.000000
tan 0.059768 -0.944014 -0.163742 1.000000
tan -0.051088 -0.984252 -0.173228 1.000000
tan 0.460289 -0.822494 0.052700 1.000000
tan 0.614545 -0.779527 0.061380 1.000000
tan 0.474797 -0.859322 0.095480 1.000000
tan 0.376217 -0.929134 0.065844 1.000000
tan 0.098580 -0.984314 0.093744 1.000000
tan 0.196912 -0.968690 0.099944 1.000000
tan -0.102052 -0.873210 0.249675 1.000000
tan -0.078802 -0.992126 0.086614 1.000000
tan -0.431521 -0.840722 0.144026 1.000000
tan -0.301445 -0.929382 -0.228904 1.000000
tan -0.088660 -0.945502 0.151280 1.000000
tan -0.575547 -0.707607 -0.289602 1.000000
tan -0.049786 -0.976502 -0.100750 1.000000
tan -0.527621 -0.608221 0.557381 1.000000
tan -0.133858 -0.992126 -0.000434 1.000000
tan -0.332197 -0.674251 -0.558621 1.000000
tan 0.041850 -0.937752 -0.187550 1.000000
tan 0.056544 -0.953066 -0.090768 1.000000
tan -0.265547 -0.917912 -0.281046 1.000000
tan 0.214272 -0.805878 -0.301445 1.000000
tan -0.155000 -0.968752 -0.093930 1.000000
tan -0.033604 -0.992126 -0.086614 1.000000
tan -0.344845 -0.671089 -0.554033 1.000000
tan 0.637733 -0.290285 -0.703143 1.000000
tan 0.173352 -0.918408 -0.218364 1.000000
tan 0.132804 -0.929630 -0.110670 1.000000
tan 0.192758 -0.968504 -0.022878 1.000000
tan 0.119350 -0.992126 -0.039060 1.000000
tan 0.564697 -0.613801 -0.551057 1.000000
tan 0.105214 -0.976502 -0.147250 1.000000
tan 0.079608 -0.976502 -0.093000 1.000000
tan 0.073594 -0.956104 0.003472 1.000000
tan 0.605431 -0.396119 -0.681009 1.000000
tan 0.453841 -0.709467 -0.282038 1.000000
tan 0.399467 -0.781821 -0.068634 1.000000
tan 0.317689 -0.858764 0.019344 1.000000
tan 0.572571 -0.581375 -0.568851 1.000000
tan 0.173476 -0.976502 0.100750 1.000000
tan 0.452291 -0.652799 0.542005 1.000000
tan 0.253581 -0.809102 0.186620 1.000000
tan 0.368157 -0.689441 0.550933 1.000000
tan 0.025854 -0.933164 0.241987 1.000000
tan 0.307087 -0.856160 0.009672 1.000000
tan 0.027404 -0.835141 0.314403 1.000000
tan -0.275343 -0.954182 0.034410 1.000000
tan -0.133672 -0.958708 -0.031248 1.000000
tan -0.413541 -0.780954 -0.379999 1.000000
tan 0.138384 -0.976378 -0.076880 1.000000
tan -0.512059 -0.802281 -0.169694 1.000000
tan -0.496931 -0.761671 0.088040 1.000000
tan -0.475293 -0.730485 0.056606 1.000000
tan -0.100316 -0.968690 -0.210924 1.000000
tan 0.277265 -0.770042 -0.428421 1.000000
tan 0.389981 -0.758943 0.077438 1.000000
tan 0.625581 -0.634881 -0.302870 1.000000
tan 0.278443 -0.857276 0.257797 1.000000
tan 0.172422 -0.885610 0.298159 1.000000
tan 0.614049 -0.692665 -0.377953 1.000000
tan 0.329283 -0.906876 0.107136 1.000000
tan 0.093000 -0.976502 -0.070308 1.000000
tan 0.454213 -0.843450 -0.148676 1.000000
tan 0.339513 -0.860314 0.102052 1.000000
tan 0.298469 -0.952756 0.030008 1.000000
tan 0.110546 -0.943766 0.227665 1.000000
tan -0.070432 -0.645421 0.532023 1.000000
tan 0.156922 -0.925662 0.134602 1.000000
tan 0.599045 -0.521669 0.587761 1.000000
tan 0.138756 -0.937504 0.329283 1.000000
tan 0.306343 -0.834150 0.249427 1.000000
tan -0.246575 -0.869242 0.355075 1.000000
tan -0.198958 -0.920454 -0.090706 1.000000
tan 0.062000 -0.984252 0.134788 1.000000
tan -0.013392 -0.901048 -0.101308 1.000000
tan -0.269577 -0.895282 0.237089 1.000000
tan 0.023436 -0.992126 0.110980 1.000000
tan 0.290161 -0.900242 0.300081 1.000000
tan 0.019592 -0.864406 0.484717 1.000000
tan -0.038378 -0.801909 0.526939 1.000000
tan 0.099138 -0.960878 0.239445 1.000000
tan 0.117180 -0.841465 0.369955 1.000000
tan -0.148428 -0.984314 0.082088 1.000000
tan -0.378139 -0.852936 0.337901 1.000000
tan -0.387253 -0.721681 0.478021 1.000000
tan -0.187488 -0.889454 0.095852 1.000000
tan -0.613429 -0.555025 0.554095 1.000000
tan -0.253581 -0.781263 0.371443 1.000000
tan 0.110422 -0.780457 0.598797 1.000000
tan -0.020460 -0.939116 0.218923 1.000000
tan 0.306529 -0.794779 0.365491 1.000000
tan -0.118296 -0.828074 0.396181 1.000000
tan -0.108500 -0.737305 0.610701 1.000000
tan -0.301569 -0.769483 0.330337 1.000000
tan -0.139872 -0.786905 0.457065 1.000000
tan -0.002046 -0.907496 0.243475 1.000000
tan 0.120776 -0.953314 0.215265 1.000000
tan 0.168888 -0.906752 0.372001 1.000000
tan 0.087358 -0.976378 0.084568 1.000000
tan 0.039370 -1.000000 0.078740 1.000000
tan 0.252030 -0.826709 0.431645 1.000000
tan -0.061194 -0.992126 0.054684 1.000000
tan 0.039990 -0.961002 0.153760 1.000000
tan -0.295369 -0.847790 0.081468 1.000000
tan -0.548329 -0.727385 -0.324137 1.000000
tan -0.234360 -0.816231 0.381611 1.000000
tan -0.064790 -0.830120 -0.353091 1.000000
tan -0.101556 -0.984314 -0.019964 1.000000
tan -0.089714 -0.885362 -0.327361 1.000000
tan -0.150040 -0.937752 -0.045880 1.000000
tan -0.665385 -0.513981 0.504433 1.000000
tan 0.047616 -0.968690 0.218737 1.000000
tan -0.514291 -0.510695 -0.641143 1.000000
tan 0.066526 -0.907496 0.335545 1.000000
tan 0.053382 -0.968504 0.215699 1.000000
tan 0.518073 -0.312108 0.756277 1.000000
tan -0.020398 -0.828321 0.525203 1.000000
tan 0.198214 -0.868746 0.445905 1.000000
tan 0.209002 -0.892740 0.337591 1.000000
tan 0.345837 -0.556141 0.713001 1.000000
tan 0.426685 -0.565999 0.679521 1.000000
tan 0.222704 -0.802529 0.394817 1.000000
tan 0.149296 -0.747969 0.604377 1.000000
tan 0.007192 -0.847232 0.456693 1.000000
tan 0.052638 -0.876248 0.475851 1.000000
tan 0.385145 -0.738049 0.471201 1.000000
tan 0.015624 -0.736933 0.599293 1.000000
tan 0.156860 -0.891252 0.404737 1.000000
tan 0.566929 -0.607105 0.538657 1.000000
tan 0.106950 -0.898382 0.397297 1.000000
tan -0.031620 -0.831608 0.486949 1.000000
tan -0.056730 -0.667741 0.695641 1.000000
tan 0.206522 -0.789199 0.574803 1.000000
tan 0.159030 -0.740281 0.425941 1.000000
tan 0.036580 -0.786781 0.577965 1.000000
tan -0.010726 -0.873830 0.488375 1.000000
tan 0.172794 -0.776551 0.533139 1.000000
tan 0.147560 -0.922252 0.332321 1.000000
tan 0.079112 -0.906194 0.395685 1.000000
tan 0.429475 -0.680761 0.588195 1.000000
tan -0.060016 -0.914998 0.100688 1.000000
tan 0.562155 -0.693719 0.421353 1.000000
tan 0.470953 -0.581809 0.607539 1.000000
tan 0.279125 -0.825779 0.453345 1.000000
tan -0.223200 -0.922562 0.304297 1.000000
tan 0.131688 -0.971852 -0.047988 1.000000
tan 0.397607 -0.921260 0.065286 1.000000
tan 0.599603 -0.795337 -0.082398 1.000000
tan 0.536301 -0.843388 0.002418 1.000000
tan 0.686279 -0.720131 0.040672 1.000000
tan 0.589249 -0.793664 -0.141112 1.000000
tan 0.188790 -0.984252 0.023250 1.000000
tan 0.679645 -0.684109 -0.005890 1.000000
tan 0.661107 -0.749457 -0.001240 1.000000
tan 0.370079 -0.929134 -0.035092 1.000000
tan 0.405791 -0.802157 0.268585 1.000000
tan 0.394817 -0.735073 0.282721 1.000000
tan 0.514725 -0.708475 0.130696 1.000000
tan 0.619381 -0.773389 0.079608 1.000000
tan 0.681071 -0.446773 -0.274288 1.000000
tan 0.596069 -0.748899 -0.044888 1.000000
tan 0.574369 -0.820199 0.020026 1.000000
tan 0.445285 -0.882758 0.091202 1.000000
tan 0.242048 -0.930374 -0.114204 1.000000
tan 0.666315 -0.552173 0.285139 1.000000
tan 0.400893 -0.869862 -0.079112 1.000000
tan 0.314713 -0.848906 0.119784 1.000000
tan 0.697687 -0.537355 0.371629 1.000000
tan 0.523033 -0.803336 0.198214 1.000000
tan 0.340381 -0.900118 0.293509 1.000000
tan 0.723913 -0.442433 0.450121 1.000000
tan 0.453097 -0.872156 0.086118 1.000000
tan 0.671089 -0.672577 -0.247008 1.000000
tan 0.016244 -0.853370 0.356253 1.000000
tan -0.114824 -0.949098 -0.202678 1.000000
tan 0.084196 -0.945626 -0.228780 1.000000
tan 0.299027 -0.685349 0.648831 1.000000
tan -0.147560 -0.922252 0.239631 1.000000
tan 0.499225 -0.709157 -0.132184 1.000000
tan -0.295121 -0.901730 -0.109120 1.000000
tan 0.468845 -0.666005 -0.536673 1.000000
tan 0.608283 -0.568293 -0.269452 1.000000
tan -0.770042 -0.444851 0.349061 1.000000
tan 0.523343 -0.631037 -0.511873 1.000000
tan 0.516461 -0.399715 -0.712257 1.000000
tan 0.364933 -0.890570 -0.127224 1.000000
tan 0.671213 -0.418997 -0.584661 1.000000
tan 0.252713 -0.968504 -0.022878 1.000000
tan 0.102858 -0.992126 -0.070308 1.000000
tan 0.170934 -0.917354 0.115630 1.000000
tan 0.236778 -0.805754 -0.402877 1.000000
tan 0.069750 -0.922748 -0.240064 1.000000
tan 0.322029 -0.685535 -0.505735 1.000000
tan 0.119970 -0.915246 -0.287432 1.000000
tan 0.229710 -0.733647 -0.470953 1.000000
tan -0.230640 -0.765205 -0.562651 1.000000
tan 0.027404 -0.953066 -0.265608 1.000000
tan -0.629549 -0.586025 -0.468349 1.000000
tan -0.550251 -0.813752 -0.124992 1.000000
tan -0.457437 -0.818959 -0.141608 1.000000
tan -0.792238 -0.369273 0.423523 1.000000
tan -0.613801 -0.579081 0.536673 1.000000
tan -0.163184 -0.877736 0.367599 1.000000
tan -0.270011 -0.854237 0.306777 1.000000
tan -0.202740 -0.900118 0.265609 1.000000
tan -0.632897 -0.398041 0.661665 1.000000
tan -0.061380 -0.953252 0.240251 1.000000
tan -0.437473 -0.530287 0.663029 1.000000
tan -0.619319 -0.418811 0.663153 1.000000
tan -0.154566 -0.826709 0.431645 1.000000
tan 0.100874 -0.937752 0.302251 1.000000
tan -0.054126 -0.763655 0.455391 1.000000
tan 0.077624 -0.929630 0.343729 1.000000
tan -0.111104 -0.740529 0.536673 1.000000
tan 0.163060 -0.907744 0.300081 1.000000
tan 0.569905 -0.729865 0.087048 1.000000
tan 0.390043 -0.892244 0.239383 1.000000
tan 0.755596 -0.656023 0.052762 1.000000
tan 0.427925 -0.406349 0.791680 1.000000
tan 0.616963 -0.182528 0.759191 1.000000
tan 0.372311 -0.733895 0.556079 1.000000
tan 0.640151 -0.519375 0.523653 1.000000
tan 0.316201 -0.804389 0.222828 1.000000
tan 0.522413 -0.792547 0.051770 1.000000
tan 0.480315 -0.816914 0.161820 1.000000
tan 0.534069 -0.824849 0.174158 1.000000
tan 0.370265 -0.813194 0.212475 1.000000
tan 0.254759 -0.857152 0.223077 1.000000
tan 0.236406 -0.938000 0.244157 1.000000
tan 0.640647 -0.726703 0.205778 1.000000
tan 0.256929 -0.881270 0.250419 1.000000
tan 0.393329 -0.877426 0.171120 1.000000
tan 0.099758 -0.933474 0.217187 1.000000
tan 0.142724 -0.815673 0.446897 1.000000
tan 0.430591 -0.843326 0.226549 1.000000
tan 0.507409 -0.831236 0.209498 1.000000
tan 0.589497 -0.778597 0.171058 1.000000
tan 0.658937 -0.176018 0.712753 1.000000
tan 0.632587 -0.605059 0.482547 1.000000
tan 0.572695 -0.621303 0.526505 1.000000
tan 0.491041 -0.743381 0.443301 1.000000
tan 0.593279 -0.666811 0.460289 1.000000
tan 0.273607 -0.751069 0.591047 1.000000
tan 0.620745 -0.622543 0.460723 1.000000
tan 0.216256 -0.831236 0.512493 1.000000
tan 0.128154 -0.733771 0.652737 1.000000
tan 0.704817 -0.527497 0.471697 1.000000
tan 0.623101 -0.194742 0.755905 1.000000
tan 0.520801 -0.788641 0.314465 1.000000
tan 0.626883 -0.543183 0.544113 1.000000
tan 0.573067 -0.793105 0.193440 1.000000
tan 0.795338 -0.219728 0.525265 1.000000
tan 0.449501 -0.803397 0.385517 1.000000
tan 0.682187 -0.546593 0.479881 1.000000
tan 0.707669 -0.709653 0.022320 1.000000
tan 0.595511 -0.713683 0.211792 1.000000
tan 0.648149 -0.720813 0.057784 1.000000
tan -0.292207 -0.642135 0.627565 1.000000
tan -0.072540 -0.791617 0.417013 1.000000
tan 0.217620 -0.953314 0.207577 1.000000
tan 0.098828 -0.953066 0.265609 1.000000
tan 0.216008 -0.747969 0.525017 1.000000
tan 0.736437 -0.224068 0.620373 1.000000
tan 0.658441 -0.651125 0.278877 1.000000
tan 0.572757 -0.654907 0.339513 1.000000
tan 0.513361 -0.748651 0.191022 1.000000
tan 0.676049 -0.395561 0.618513 1.000000
tan 0.483973 -0.478579 0.673135 1.000000
tan -0.826772 -0.083328 -0.566929 1.000000
tan -0.814930 -0.228160 -0.530473 1.000000
tan -0.826772 -0.008928 -0.566929 1.000000
tan -0.811582 -0.339265 -0.464815 1.000000
tan -0.790006 -0.584413 -0.189472 1.000000
tan -0.661045 -0.689317 -0.105152 1.000000
tan -0.513733 -0.796577 -0.103168 1.000000
tan -0.645793 -0.686713 -0.135408 1.000000
tan -0.211606 -0.892182 -0.329468 1.000000
tan 0.045012 -0.945254 -0.112530 1.000000
tan 0.317689 -0.916052 -0.099262 1.000000
tan -0.093744 -0.984314 0.020088 1.000000
tan -0.506665 -0.827329 0.091264 1.000000
tan 0.318061 -0.944882 -0.037200 1.000000
tan 0.265051 -0.960630 -0.045384 1.000000
tan 0.150846 -0.984252 -0.031000 1.000000
tan 0.135594 -0.968504 0.007626 1.000000
tan -0.175460 -0.858268 -0.054064 1.000000
tan -0.278753 -0.836568 -0.089218 1.000000
tan 0.040672 -0.984252 0.007750 1.000000
tan 0.007316 -0.947672 -0.077996 1.000000
tan 0.072664 -0.944882 0.029760 1.000000
tan 0.152768 -0.907682 0.053568 1.000000
tan 0.034224 -0.984252 -0.015500 1.000000
tan 0.000806 -0.984252 0.054250 1.000000
tan 0.058776 -0.889950 0.083824 1.000000
tan 0.074400 -0.932482 0.044516 1.000000
tan -0.002170 -0.850580 -0.020212 1.000000
tan -0.063240 -0.941720 0.110484 1.000000
tan -0.065224 -0.898692 0.166408 1.000000
tan -0.121272 -0.895406 0.119846 1.000000
tan -0.532953 -0.816790 -0.173724 1.000000
tan -0.382851 -0.828136 0.087172 1.000000
tan -0.567797 -0.785045 0.252093 1.000000
tan -0.377953 -0.876496 0.002976 1.000000
tan -0.748280 -0.609833 0.179800 1.000000
tan -0.724409 -0.679273 0.011408 1.000000
tan -0.732283 -0.656395 0.057660 1.000000
tan -0.311613 -0.937442 0.104160 1.000000
tan -0.058962 -0.984314 0.101556 1.000000
tan 0.004588 -0.960630 0.037820 1.000000
tan -0.260959 -0.794159 0.404179 1.000000
tan -0.198896 -0.832847 0.303243 1.000000
tan -0.030504 -0.883130 0.067704 1.000000
tan -0.155496 -0.932544 0.146382 1.000000
tan -0.551739 -0.551119 0.586769 1.000000
tan 0.076570 -0.885548 -0.016616 1.000000
tan 0.070308 -0.992126 0.130448 1.000000
tan 0.231756 -0.901482 0.182776 1.000000
tan 0.074090 -0.962056 0.211111 1.000000
tan 0.658875 -0.426871 0.605183 1.000000
tan -0.357059 -0.882696 0.166780 1.000000
tan -0.690929 -0.684047 0.015996 1.000000
tan 0.024428 -0.953252 0.248001 1.000000
tan -0.213714 -0.900118 0.340381 1.000000
tan -0.626139 -0.588505 0.498481 1.000000
tan -0.228904 -0.808977 0.420361 1.000000
tan -0.657139 -0.705375 0.017422 1.000000
tan -0.858268 -0.512555 -0.006758 1.000000
tan -0.480191 -0.479323 0.695331 1.000000
tan -0.538843 -0.842520 0.033170 1.000000
tan -0.304731 -0.885238 0.270693 1.000000
tan -0.486825 -0.747970 -0.412673 1.000000
tan -0.338397 -0.699547 0.535495 1.000000
tan -0.607725 -0.260586 0.731167 1.000000
tan -0.216008 -0.747969 0.525017 1.000000
tan -0.711761 -0.379193 0.510137 1.000000
tan -0.623473 -0.576911 0.419927 1.000000
tan -0.098828 -0.953066 0.265609 1.000000
tan -0.547771 -0.385393 0.732345 1.000000
tan 0.072540 -0.791617 0.417013 1.000000
tan -0.220472 -0.953314 0.215265 1.000000
tan 0.290161 -0.648025 0.627565 1.000000
tan -0.471077 -0.783433 0.207576 1.000000
tan -0.455763 -0.806125 0.387067 1.000000
tan -0.536797 -0.747163 0.199268 1.000000
tan -0.720007 -0.552297 0.341435 1.000000
tan -0.301383 -0.668733 0.643375 1.000000
tan -0.495071 -0.743381 0.443301 1.000000
tan -0.020398 -0.976378 0.212599 1.000000
tan -0.279559 -0.810217 0.502635 1.000000
tan -0.160456 -0.945626 0.238329 1.000000
tan 0.073656 -0.907682 0.317689 1.000000
tan 0.208754 -0.723727 0.518879 1.000000
tan 0.088288 -0.968690 0.210925 1.000000
tan 0.289789 -0.748651 0.506231 1.000000
tan -0.069440 -0.914874 0.330585 1.000000
tan 0.494637 -0.586459 0.577407 1.000000
tan 0.047926 -0.763655 0.462397 1.000000
tan 0.677227 -0.226672 0.684853 1.000000
tan -0.163060 -0.907744 0.300081 1.000000
tan -0.189968 -0.742761 0.344721 1.000000
tan -0.585157 -0.804637 0.095790 1.000000
tan -0.642321 -0.188728 0.740529 1.000000
tan -0.778350 -0.564387 0.275343 1.000000
tan -0.624837 -0.635253 0.439891 1.000000
tan -0.537169 -0.638167 0.550375 1.000000
tan -0.621055 -0.641453 0.433939 1.000000
tan -0.660549 -0.748031 0.011780 1.000000
tan -0.665633 -0.157418 0.710831 1.000000
tan -0.498109 -0.816293 0.294005 1.000000
tan -0.506541 -0.838862 0.218241 1.000000
tan -0.496063 -0.631409 0.593279 1.000000
tan -0.099200 -0.925910 0.231199 1.000000
tan -0.579701 -0.671771 0.463079 1.000000
tan -0.406411 -0.836878 0.359353 1.000000
tan -0.385765 -0.877426 0.161882 1.000000
tan -0.236406 -0.938000 0.244157 1.000000
tan -0.630541 -0.722611 0.251721 1.000000
tan -0.238700 -0.873582 0.265981 1.000000
tan -0.261517 -0.855230 0.212908 1.000000
tan -0.485337 -0.816666 0.159464 1.000000
tan -0.522413 -0.792547 0.051770 1.000000
tan -0.275281 -0.767065 0.406225 1.000000
tan -0.096410 -0.807985 0.547957 1.000000
tan -0.364747 -0.796267 0.227292 1.000000
tan 0.009114 -0.808543 0.410131 1.000000
tan -0.314713 -0.848906 0.119784 1.000000
tan -0.230640 -0.945626 -0.105834 1.000000
tan -0.340381 -0.900118 0.293509 1.000000
tan -0.400893 -0.869862 -0.082398 1.000000
tan -0.445285 -0.882758 0.091202 1.000000
tan -0.370079 -0.929134 -0.035092 1.000000
tan -0.697687 -0.537355 0.371629 1.000000
tan -0.661107 -0.749457 -0.001240 1.000000
tan -0.198710 -0.976750 -0.036890 1.000000
tan -0.666315 -0.552173 0.285139 1.000000
tan -0.588009 -0.796825 -0.135656 1.000000
tan -0.574369 -0.820199 0.020026 1.000000
tan -0.723913 -0.442433 0.450121 1.000000
tan -0.523033 -0.803336 0.198214 1.000000
tan -0.619381 -0.773389 0.079608 1.000000
tan -0.207328 -0.934342 0.226425 1.000000
tan -0.428173 -0.891314 0.045756 1.000000
tan -0.595449 -0.748713 -0.044888 1.000000
tan 0.000310 -0.942340 0.042656 1.000000
tan 0.252961 -0.907682 0.249861 1.000000
tan -0.670469 -0.658813 -0.253766 1.000000
tan -0.157046 -0.968752 -0.178250 1.000000
tan 0.295121 -0.901730 -0.109120 1.000000
tan -0.504185 -0.698555 -0.137826 1.000000
tan -0.684109 -0.451113 -0.274288 1.000000
tan 0.760990 -0.497241 0.280861 1.000000
tan -0.474177 -0.665943 -0.530349 1.000000
tan -0.736561 -0.342613 -0.480625 1.000000
tan 0.510261 -0.547771 0.613615 1.000000
tan -0.039184 -0.953066 -0.265608 1.000000
tan 0.433071 -0.897638 -0.006572 1.000000
tan -0.593713 -0.478145 -0.635687 1.000000
tan 0.456693 -0.889764 -0.020460 1.000000
tan 0.754665 -0.523281 -0.340815 1.000000
tan 0.166656 -0.909232 -0.342427 1.000000
tan -0.119226 -0.770785 -0.423585 1.000000
tan 0.434745 -0.605679 -0.606423 1.000000
tan 0.051088 -0.984252 -0.173228 1.000000
tan -0.229710 -0.733647 -0.470953 1.000000
tan 0.224440 -0.827082 -0.370761 1.000000
tan -0.296299 -0.684481 -0.515965 1.000000
tan -0.119970 -0.915246 -0.287432 1.000000
tan -0.236778 -0.798686 -0.399343 1.000000
tan -0.008060 -0.984252 -0.188976 1.000000
tan -0.523343 -0.631037 -0.511873 1.000000
tan -0.111290 -0.984252 -0.069750 1.000000
tan -0.364933 -0.890570 -0.127224 1.000000
tan -0.679645 -0.684109 -0.005890 1.000000
tan 0.164114 -0.824788 -0.352719 1.000000
tan -0.514725 -0.708475 0.130696 1.000000
tan -0.405791 -0.802157 0.268585 1.000000
tan -0.394817 -0.735073 0.282721 1.000000
tan -0.599603 -0.795337 -0.082398 1.000000
tan -0.131688 -0.971852 -0.047988 1.000000
tan 0.221340 -0.907496 0.288487 1.000000
tan -0.686279 -0.720131 0.040672 1.000000
tan -0.277513 -0.833281 0.456941 1.000000
tan -0.172794 -0.776551 0.533139 1.000000
tan -0.397607 -0.921260 0.065286 1.000000
tan -0.536301 -0.843388 0.002418 1.000000
tan -0.466489 -0.581809 0.601091 1.000000
tan -0.252713 -0.968504 -0.022878 1.000000
tan -0.562155 -0.693719 0.421353 1.000000
tan -0.116064 -0.939550 -0.052700 1.000000
tan 0.060016 -0.914998 0.100688 1.000000
tan -0.063550 -0.988840 0.094054 1.000000
tan 0.261206 -0.888028 -0.101804 1.000000
tan 0.085250 -0.984252 0.147870 1.000000
tan 0.116250 -0.823237 0.474301 1.000000
tan -0.079112 -0.906194 0.395685 1.000000
tan 0.011532 -0.783991 0.430219 1.000000
tan -0.147560 -0.922252 0.332321 1.000000
tan -0.015624 -0.736933 0.599293 1.000000
tan -0.429475 -0.680761 0.588195 1.000000
tan 0.010726 -0.873830 0.488375 1.000000
tan 0.056730 -0.667741 0.695641 1.000000
tan -0.036580 -0.786781 0.577965 1.000000
tan -0.206522 -0.789199 0.574803 1.000000
tan -0.159030 -0.740281 0.425941 1.000000
tan 0.031620 -0.831608 0.486949 1.000000
tan -0.385145 -0.738049 0.471201 1.000000
tan -0.106950 -0.898382 0.397297 1.000000
tan -0.156860 -0.891252 0.404737 1.000000
tan -0.566929 -0.607105 0.538657 1.000000
tan -0.052638 -0.876248 0.475851 1.000000
tan -0.149296 -0.747969 0.604377 1.000000
tan -0.007192 -0.847232 0.456693 1.000000
tan -0.222704 -0.802529 0.394817 1.000000
tan -0.305599 -0.885238 0.352595 1.000000
tan -0.213776 -0.885362 0.327361 1.000000
tan -0.345837 -0.556141 0.713001 1.000000
tan -0.165850 -0.869862 0.416021 1.000000
tan -0.323517 -0.693533 0.634509 1.000000
tan -0.518073 -0.312108 0.756277 1.000000
tan 0.495443 -0.417199 0.719759 1.000000
tan -0.240312 -0.841093 0.420547 1.000000
tan -0.198214 -0.868746 0.445905 1.000000
tan -0.175336 -0.899002 0.403001 1.000000
tan -0.145514 -0.806187 0.343853 1.000000
tan 0.313907 -0.885610 0.242111 1.000000
tan 0.198958 -0.920454 -0.090706 1.000000
tan -0.306529 -0.794779 0.365491 1.000000
tan 0.125054 -0.939612 0.216567 1.000000
tan 0.038378 -0.801909 0.526939 1.000000
tan 0.013392 -0.901048 -0.101308 1.000000
tan 0.246575 -0.869242 0.355075 1.000000
tan 0.070432 -0.645421 0.532023 1.000000
tan -0.023436 -0.992126 0.110980 1.000000
tan -0.306343 -0.834150 0.249427 1.000000
tan -0.062000 -0.984252 0.134788 1.000000
tan -0.019592 -0.864406 0.484717 1.000000
tan -0.138756 -0.937504 0.329283 1.000000
tan -0.110546 -0.943766 0.227665 1.000000
tan -0.093000 -0.976502 -0.070308 1.000000
tan -0.599045 -0.521669 0.587761 1.000000
tan -0.329283 -0.906876 0.107136 1.000000
tan -0.277265 -0.770042 -0.428421 1.000000
tan -0.298469 -0.952756 0.030008 1.000000
tan -0.614049 -0.692665 -0.377953 1.000000
tan -0.339513 -0.860314 0.102052 1.000000
tan -0.156922 -0.925662 0.134602 1.000000
tan -0.625581 -0.634881 -0.302870 1.000000
tan -0.099138 -0.960878 0.239445 1.000000
tan 0.100316 -0.968690 -0.210924 1.000000
tan 0.475293 -0.730485 0.056606 1.000000
tan -0.110422 -0.780457 0.598797 1.000000
tan 0.512059 -0.802281 -0.169694 1.000000
tan 0.496931 -0.761671 0.088040 1.000000
tan 0.413541 -0.780954 -0.379999 1.000000
tan -0.138384 -0.976378 -0.076880 1.000000
tan -0.027404 -0.835141 0.314403 1.000000
tan 0.133672 -0.958708 -0.031248 1.000000
tan 0.275343 -0.954182 0.034410 1.000000
tan -0.025854 -0.933164 0.241987 1.000000
tan -0.368157 -0.689441 0.550933 1.000000
tan -0.452291 -0.652799 0.542005 1.000000
tan -0.389981 -0.758943 0.077438 1.000000
tan -0.173476 -0.976502 0.100750 1.000000
tan -0.073594 -0.956104 0.003472 1.000000
tan -0.307087 -0.856160 0.009672 1.000000
tan -0.105214 -0.976502 -0.147250 1.000000
tan -0.079608 -0.976502 -0.093000 1.000000
tan -0.119350 -0.992126 -0.039060 1.000000
tan -0.572571 -0.581375 -0.568851 1.000000
tan -0.253581 -0.809102 0.186620 1.000000
tan -0.278443 -0.857276 0.257797 1.000000
tan -0.172422 -0.885610 0.298159 1.000000
tan -0.317689 -0.858764 0.019344 1.000000
tan -0.454213 -0.843450 -0.148676 1.000000
tan -0.399467 -0.781821 -0.068634 1.000000
tan -0.605431 -0.396119 -0.681009 1.000000
tan -0.453841 -0.709467 -0.282038 1.000000
tan -0.173352 -0.918408 -0.218364 1.000000
tan -0.564697 -0.613801 -0.551057 1.000000
tan -0.637733 -0.290285 -0.703143 1.000000
tan -0.132804 -0.929630 -0.110670 1.000000
tan -0.192758 -0.968504 -0.022878 1.000000
tan -0.056544 -0.953066 -0.090768 1.000000
tan -0.214272 -0.805878 -0.301445 1.000000
tan -0.041850 -0.937752 -0.187550 1.000000
tan 0.049786 -0.976502 -0.100750 1.000000
tan 0.033604 -0.992126 -0.086614 1.000000
tan 0.332197 -0.674251 -0.558621 1.000000
tan 0.575547 -0.707607 -0.289602 1.000000
tan 0.301445 -0.929382 -0.228904 1.000000
tan 0.265547 -0.917912 -0.281046 1.000000
tan 0.431521 -0.840722 0.144026 1.000000
tan 0.141732 -0.992126 0.000000 1.000000
tan -0.376217 -0.929134 0.065844 1.000000
tan 0.155000 -0.968752 -0.093930 1.000000
tan 0.527621 -0.608221 0.557381 1.000000
tan 0.344845 -0.671089 -0.554033 1.000000
tan 0.148428 -0.984314 0.082088 1.000000
tan 0.378139 -0.852936 0.337901 1.000000
tan 0.387253 -0.721681 0.478021 1.000000
tan 0.187488 -0.889454 0.095852 1.000000
tan 0.613429 -0.555025 0.554095 1.000000
tan 0.118296 -0.828074 0.396181 1.000000
tan 0.020460 -0.939116 0.218923 1.000000
tan 0.301569 -0.769483 0.330337 1.000000
tan 0.253581 -0.781263 0.371443 1.000000
tan 0.109802 -0.739971 0.614173 1.000000
tan 0.139872 -0.786905 0.457065 1.000000
tan -0.158968 -0.936574 0.225309 1.000000
tan -0.010416 -0.915246 0.270073 1.000000
tan -0.158782 -0.922748 0.232563 1.000000
tan -0.087358 -0.976378 0.084568 1.000000
tan 0.103974 -0.840288 0.385455 1.000000
tan -0.039370 -1.000000 0.078740 1.000000
tan -0.003100 -0.945502 0.151280 1.000000
tan 0.169136 -0.961002 0.036828 1.000000
tan 0.173166 -0.867816 0.024800 1.000000
tan 0.060760 -0.992126 0.054684 1.000000
tan 0.088660 -0.945502 0.151280 1.000000
tan 0.078802 -0.992126 0.086614 1.000000
tan 0.102052 -0.873210 0.249675 1.000000
tan -0.196912 -0.968690 0.099944 1.000000
tan -0.106392 -0.984314 0.093744 1.000000
tan -0.474797 -0.859322 0.095480 1.000000
tan -0.614545 -0.779527 0.061380 1.000000
tan -0.460289 -0.822494 0.052700 1.000000
tan -0.347945 -0.892554 -0.083576 1.000000
tan -0.059768 -0.944014 -0.163742 1.000000
tan 0.523901 -0.748341 -0.302560 1.000000
tan -0.317813 -0.821006 -0.089962 1.000000
tan -0.640771 -0.713001 -0.154690 1.000000
tan 0.198276 -0.774939 -0.380371 1.000000
tan -0.032054 -0.877922 -0.299956 1.000000
tan -0.578275 -0.795585 -0.083700 1.000000
tan -0.738545 -0.649513 -0.115816 1.000000
tan -0.250666 -0.945626 -0.190650 1.000000
tan -0.213342 -0.805196 -0.337219 1.000000
tan -0.364809 -0.657697 -0.646785 1.000000
tan -0.632401 -0.312109 -0.699361 1.000000
tan 0.203112 -0.968690 0.002108 1.000000
tan 0.364809 -0.657697 -0.646785 1.000000
tan 0.632401 -0.312109 -0.699361 1.000000
tan 0.231694 -0.802220 -0.317565 1.000000
tan -0.224440 -0.827082 -0.370761 1.000000
tan 0.209250 -0.961002 -0.161448 1.000000
tan -0.051088 -0.984252 -0.173228 1.000000
tan 0.119970 -0.915246 -0.287432 1.000000
tan 0.322029 -0.685535 -0.505735 1.000000
tan 0.229710 -0.733647 -0.470953 1.000000
tan 0.516461 -0.399715 -0.712257 1.000000
tan -0.230640 -0.765205 -0.562651 1.000000
tan -0.457437 -0.818959 -0.141608 1.000000
tan 0.027404 -0.953066 -0.265608 1.000000
tan -0.613801 -0.579081 0.536673 1.000000
tan 0.468845 -0.666005 -0.536673 1.000000
tan -0.163184 -0.877736 0.367599 1.000000
tan -0.792238 -0.369273 0.423523 1.000000
tan -0.270011 -0.854237 0.306777 1.000000
tan -0.770042 -0.444851 0.349061 1.000000
tan -0.550251 -0.813752 -0.124992 1.000000
tan -0.629549 -0.586025 -0.468349 1.000000
tan -0.295121 -0.901730 -0.109120 1.000000
tan 0.084196 -0.945626 -0.228780 1.000000
tan 0.499225 -0.709157 -0.132184 1.000000
tan 0.671089 -0.672577 -0.247008 1.000000
tan 0.707669 -0.709653 0.022320 1.000000
tan 0.595511 -0.713683 0.211792 1.000000
tan 0.573067 -0.793105 0.193440 1.000000
tan 0.626883 -0.543183 0.544113 1.000000
tan 0.623101 -0.194742 0.755905 1.000000
tan 0.648149 -0.720813 0.057784 1.000000
tan 0.682187 -0.546593 0.479881 1.000000
tan 0.704817 -0.527497 0.471697 1.000000
tan 0.128154 -0.733771 0.652737 1.000000
tan 0.795338 -0.219728 0.525265 1.000000
tan 0.520801 -0.788641 0.314465 1.000000
tan 0.216256 -0.831236 0.512493 1.000000
tan 0.620745 -0.622543 0.460723 1.000000
tan 0.593279 -0.666811 0.460289 1.000000
tan 0.273607 -0.751069 0.591047 1.000000
tan 0.572695 -0.621303 0.526505 1.000000
tan 0.632587 -0.605059 0.482547 1.000000
tan 0.507409 -0.831236 0.209498 1.000000
tan 0.658937 -0.176018 0.712753 1.000000
tan 0.430591 -0.843326 0.226549 1.000000
tan 0.099758 -0.933474 0.217187 1.000000
tan 0.142724 -0.815673 0.446897 1.000000
tan 0.393329 -0.877426 0.171120 1.000000
tan 0.256929 -0.881270 0.250419 1.000000
tan -0.198214 -0.868746 0.445905 1.000000
tan -0.323517 -0.693533 0.634509 1.000000
tan -0.345837 -0.556141 0.713001 1.000000
tan -0.222704 -0.802529 0.394817 1.000000
tan -0.149296 -0.747969 0.604377 1.000000
tan -0.007192 -0.847232 0.456693 1.000000
tan -0.052638 -0.876248 0.475851 1.000000
tan -0.385145 -0.738049 0.471201 1.000000
tan -0.015624 -0.736933 0.599293 1.000000
tan -0.156860 -0.891252 0.404737 1.000000
tan -0.566929 -0.607105 0.538657 1.000000
tan -0.106950 -0.898382 0.397297 1.000000
tan 0.031620 -0.831608 0.486949 1.000000
tan 0.056730 -0.667741 0.695641 1.000000
tan -0.079112 -0.906194 0.395685 1.000000
tan -0.206522 -0.789199 0.574803 1.000000
tan -0.159030 -0.740281 0.425941 1.000000
tan -0.036580 -0.786781 0.577965 1.000000
tan 0.010726 -0.873830 0.488375 1.000000
tan -0.172794 -0.776551 0.533139 1.000000
tan -0.147560 -0.922252 0.332321 1.000000
tan -0.429475 -0.680761 0.588195 1.000000
tan -0.562155 -0.693719 0.421353 1.000000
tan -0.466489 -0.581809 0.601091 1.000000
tan -0.279125 -0.825779 0.453345 1.000000
tan 0.223200 -0.922562 0.304297 1.000000
tan -0.397607 -0.921260 0.065286 1.000000
tan -0.686279 -0.720131 0.040672 1.000000
tan -0.676917 -0.732407 0.016864 1.000000
tan -0.565441 -0.737367 0.319797 1.000000
tan -0.627193 -0.773265 0.115444 1.000000
tan -0.617273 -0.217248 0.757889 1.000000
tan -0.648149 -0.720813 0.057784 1.000000
tan -0.644429 -0.408953 0.643499 1.000000
tan -0.686341 -0.546593 0.485585 1.000000
tan -0.704817 -0.527497 0.471697 1.000000
tan -0.128154 -0.733771 0.652737 1.000000
tan -0.795338 -0.219728 0.525265 1.000000
tan -0.520801 -0.788641 0.314465 1.000000
tan -0.216256 -0.831236 0.512493 1.000000
tan -0.620745 -0.622543 0.460723 1.000000
tan -0.273607 -0.751069 0.591047 1.000000
tan -0.702151 0.154070 0.634571 1.000000
tan -0.822494 0.086676 0.350425 1.000000
tan -0.460971 0.273235 0.847728 1.000000
tan -0.775497 0.083700 0.558249 1.000000
tan -0.440635 0.527559 0.723355 1.000000
tan -0.833282 0.243784 -0.064108 1.000000
tan -0.902164 0.243164 0.137826 1.000000
tan -0.783434 0.204104 0.549569 1.000000
tan -0.788828 0.044950 -0.601959 1.000000
tan -0.523095 -0.037944 -0.837870 1.000000
tan -0.305227 0.022506 -0.952756 1.000000
tan -0.067952 0.078120 -0.992126 1.000000
tan -0.320231 0.022134 -0.937008 1.000000
tan 0.071982 0.085932 -0.984314 1.000000
tan -0.707979 0.011098 -0.701469 1.000000
tan -0.841342 0.342241 0.069936 1.000000
tan -0.861740 0.231198 -0.429475 1.000000
tan -0.937442 0.335917 0.088164 1.000000
tan -0.194246 -0.291834 0.858888 1.000000
tan -0.899498 0.384401 -0.043276 1.000000
tan -0.938000 0.228780 -0.187674 1.000000
tan -0.564263 0.048484 0.780085 1.000000
tan -0.811768 0.049228 0.569595 1.000000
tan -0.676421 0.039060 0.732841 1.000000
tan -0.173848 0.273173 0.843078 1.000000
tan -0.181474 0.269081 0.937938 1.000000
tan -0.319797 0.171120 0.930002 1.000000
tan 0.705747 0.033108 0.698307 1.000000
tan 0.712877 0.021824 0.692913 1.000000
tan 0.083700 0.078120 -0.992126 1.000000
tan 0.296795 0.022320 -0.944882 1.000000
tan -0.071982 0.085932 -0.984314 1.000000
tan 0.716535 0.011284 -0.686527 1.000000
tan 0.834212 0.349371 0.088474 1.000000
tan 0.861740 0.231198 -0.429475 1.000000
tan 0.937442 0.335917 0.088164 1.000000
tan 0.194246 -0.291834 0.858888 1.000000
tan 0.899498 0.384401 -0.043276 1.000000
tan 0.564263 0.048484 0.780085 1.000000
tan 0.676421 0.039060 0.732841 1.000000
tan 0.173848 0.273173 0.843078 1.000000
tan 0.181474 0.269081 0.937938 1.000000
tan 0.319797 0.171120 0.930002 1.000000
tan -0.705747 0.033108 0.698307 1.000000
tan -0.712877 0.021824 0.692913 1.000000
f 3/3/3 2/2/2 1/1/1
f 2/2/2 4/4/4 1/1/1
f 5/5/5 1/1/1 4/4/4
f 1/1/1 5/5/5 6/6/6
f 5/5/5 7/7/7 6/6/6
f 8/8/8 5/5/5 4/4/4
f 5/5/5 8/8/8 7/7/7
f 6/6/6 7/7/7 9/9/9
f 7/7/7 8/8/8 9/9/9
f 6/6/6 9/9/9 10/10/10
f 10/10/10 9/9/9 11/11/11
f 9/9/9 12/12/12 11/11/11
f 9/9/9 8/8/8 12/12/12
f 11/11/11 12/12/12 13/13/13
f 8/8/8 14/14/14 12/12/12
f 14/14/14 8/8/8 4/4/4
f 15/15/15 13/13/13 12/12/12
f 15/15/15 12/12/12 14/14/14
f 13/13/13 15/15/15 16/16/16
f 17/17/17 14/14/14 4/4/4
f 4/4/4 18/18/18 17/17/17
f 18/18/18 19/19/19 17/17/17
f 20/20/20 16/16/16 15/15/15
f 20/20/20 21/21/21 16/16/16
f 22/22/22 17/17/17 19/19/19
f 23/23/23 21/21/21 20/20/20
f 24/24/24 21/21/21 23/23/23
f 17/17/17 25/25/25 14/14/14
f 17/17/17 22/22/22 25/25/25
f 23/23/23 26/26/26 24/24/24
f 26/26/26 27/27/27 24/24/24
f 28/28/28 14/14/14 25/25/25
f 28/28/28 15/15/15 14/14/14
f 22/22/22 29/29/29 25/25/25
f 30/30/30 15/15/15 28/28/28
f 15/15/15 30/30/30 20/20/20
f 31/31/31 28/28/28 25/25/25
f 29/29/29 31/31/31 25/25/25
f 20/20/20 30/30/30 32/32/32
f 32/32/32 23/23/23 20/20/20
f 30/30/30 28/28/28 33/33/33
f 31/31/31 33/33/33 28/28/28
f 34/34/34 23/23/23 32/32/32
f 23/23/23 34/34/34 26/26/26
f 30/30/30 35/35/35 32/32/32
f 34/34/34 32/32/32 35/35/35
f 30/30/30 33/33/33 35/35/35
f 36/36/36 26/26/26 34/34/34
f 36/36/36 27/27/27 26/26/26
f 35/35/35 37/37/37 34/34/34
f 36/36/36 34/34/34 37/37/37
f 38/38/38 27/27/27 36/36/36
f 39/39/39 27/27/27 38/38/38
f 36/36/36 37/37/37 40/40/40
f 38/38/38 41/41/41 39/39/39
f 41/41/41 42/42/42 39/39/39
f 36/36/36 43/43/43 38/38/38
f 41/41/41 38/38/38 44/44/44
f 44/44/44 38/38/38 43/43/43
f 42/42/42 41/41/41 45/45/45
f 36/36/36 46/46/46 43/43/43
f 40/40/40 46/46/46 36/36/36
f 43/43/43 47/47/47 44/44/44
f 47/47/47 43/43/43 46/46/46
f 41/41/41 44/44/44 48/48/48
f 48/48/48 44/44/44 47/47/47
f 48/48/48 45/45/45 41/41/41
f 46/46/46 49/49/49 47/47/47
f 42/42/42 45/45/45 50/50/50
f 50/50/50 51/51/51 42/42/42
f 47/47/47 52/52/52 48/48/48
f 47/47/47 49/49/49 52/52/52
f 45/45/45 48/48/48 53/53/53
f 52/52/52 53/53/53 48/48/48
f 50/50/50 45/45/45 53/53/53
f 54/54/54 52/52/52 49/49/49
f 53/53/53 55/55/55 50/50/50
f 55/55/55 51/51/51 50/50/50
f 53/53/53 52/52/52 56/56/56
f 52/52/52 54/54/54 56/56/56
f 51/51/51 55/55/55 57/57/57
f 58/58/58 51/51/51 57/57/57
f 53/53/53 59/59/59 55/55/55
f 59/59/59 53/53/53 56/56/56
f 60/60/60 57/57/57 55/55/55
f 60/60/60 58/58/58 57/57/57
f 55/55/55 59/59/59 61/61/61
f 61/61/61 60/60/60 55/55/55
f 59/59/59 56/56/56 62/62/62
f 63/63/63 60/60/60 61/61/61
f 62/62/62 56/56/56 64/64/64
f 54/54/54 64/64/64 56/56/56
f 61/61/61 59/59/59 65/65/65
f 61/61/61 65/65/65 63/63/63
f 59/59/59 62/62/62 66/66/66
f 66/66/66 65/65/65 59/59/59
f 62/62/62 67/67/67 66/66/66
f 65/65/65 66/66/66 67/67/67
f 68/68/68 67/67/67 62/62/62
f 67/67/67 69/69/69 65/65/65
f 69/69/69 67/67/67 68/68/68
f 69/69/69 70/70/70 65/65/65
f 70/70/70 69/69/69 71/71/71
f 72/72/72 65/65/65 70/70/70
f 70/70/70 71/71/71 72/72/72
f 65/65/65 72/72/72 63/63/63
f 72/72/72 71/71/71 73/73/73
f 63/63/63 72/72/72 73/73/73
f 73/73/73 71/71/71 74/74/74
f 75/75/75 63/63/63 73/73/73
f 63/63/63 75/75/75 60/60/60
f 74/74/74 76/76/76 73/73/73
f 60/60/60 75/75/75 77/77/77
f 58/58/58 60/60/60 77/77/77
f 75/75/75 73/73/73 78/78/78
f 75/75/75 78/78/78 77/77/77
f 78/78/78 73/73/73 76/76/76
f 58/58/58 77/77/77 79/79/79
f 80/80/80 58/58/58 79/79/79
f 81/81/81 77/77/77 78/78/78
f 77/77/77 81/81/81 79/79/79
f 79/79/79 82/82/82 80/80/80
f 83/83/83 80/80/80 82/82/82
f 79/79/79 84/84/84 82/82/82
f 82/82/82 84/84/84 83/83/83
f 79/79/79 81/81/81 84/84/84
f 85/85/85 83/83/83 84/84/84
f 86/86/86 83/83/83 85/85/85
f 84/84/84 87/87/87 85/85/85
f 85/85/85 87/87/87 86/86/86
f 84/84/84 81/81/81 87/87/87
f 87/87/87 88/88/88 86/86/86
f 81/81/81 89/89/89 87/87/87
f 88/88/88 87/87/87 90/90/90
f 87/87/87 89/89/89 90/90/90
f 89/89/89 81/81/81 91/91/91
f 78/78/78 91/91/91 81/81/81
f 89/89/89 92/92/92 90/90/90
f 92/92/92 89/89/89 91/91/91
f 93/93/93 91/91/91 78/78/78
f 78/78/78 76/76/76 93/93/93
f 93/93/93 76/76/76 94/94/94
f 74/74/74 94/94/94 76/76/76
f 94/94/94 95/95/95 93/93/93
f 95/95/95 94/94/94 74/74/74
f 93/93/93 95/95/95 91/91/91
f 74/74/74 96/96/96 95/95/95
f 95/95/95 97/97/97 91/91/91
f 92/92/92 91/91/91 97/97/97
f 95/95/95 96/96/96 98/98/98
f 98/98/98 97/97/97 95/95/95
f 99/99/99 98/98/98 96/96/96
f 100/100/100 92/92/92 97/97/97
f 98/98/98 100/100/100 97/97/97
f 100/100/100 101/101/101 92/92/92
f 101/101/101 90/90/90 92/92/92
f 101/101/101 100/100/100 102/102/102
f 102/102/102 90/90/90 101/101/101
f 103/103/103 100/100/100 98/98/98
f 100/100/100 103/103/103 102/102/102
f 99/99/99 104/104/104 98/98/98
f 104/104/104 103/103/103 98/98/98
f 105/105/105 104/104/104 99/99/99
f 105/105/105 103/103/103 104/104/104
f 106/106/106 105/105/105 99/99/99
f 106/106/106 107/107/107 105/105/105
f 103/103/103 105/105/105 107/107/107
f 106/106/106 108/108/108 107/107/107
f 107/107/107 109/109/109 103/103/103
f 102/102/102 103/103/103 109/109/109
f 107/107/107 108/108/108 110/110/110
f 107/107/107 111/111/111 109/109/109
f 111/111/111 107/107/107 110/110/110
f 109/109/109 112/112/112 102/102/102
f 111/111/111 112/112/112 109/109/109
f 102/102/102 113/113/113 90/90/90
f 88/88/88 90/90/90 113/113/113
f 112/112/112 114/114/114 102/102/102
f 113/113/113 102/102/102 114/114/114
f 88/88/88 113/113/113 115/115/115
f 115/115/115 113/113/113 114/114/114
f 116/116/116 88/88/88 115/115/115
f 117/117/117 114/114/114 112/112/112
f 112/112/112 111/111/111 117/117/117
f 118/118/118 116/116/116 115/115/115
f 114/114/114 118/118/118 115/115/115
f 118/118/118 119/119/119 116/116/116
f 117/117/117 120/120/120 114/114/114
f 114/114/114 120/120/120 118/118/118
f 111/111/111 121/121/121 117/117/117
f 120/120/120 117/117/117 121/121/121
f 121/121/121 111/111/111 110/110/110
f 122/122/122 118/118/118 120/120/120
f 119/119/119 118/118/118 122/122/122
f 123/123/123 119/119/119 122/122/122
f 122/122/122 120/120/120 123/123/123
f 124/124/124 119/119/119 123/123/123
f 125/125/125 120/120/120 121/121/121
f 125/125/125 123/123/123 120/120/120
f 123/123/123 126/126/126 124/124/124
f 123/123/123 125/125/125 126/126/126
f 127/127/127 124/124/124 126/126/126
f 128/128/128 125/125/125 121/121/121
f 110/110/110 128/128/128 121/121/121
f 126/126/126 125/125/125 129/129/129
f 110/110/110 130/130/130 128/128/128
f 108/108/108 130/130/130 110/110/110
f 125/125/125 128/128/128 131/131/131
f 129/129/129 125/125/125 131/131/131
f 132/132/132 128/128/128 130/130/130
f 128/128/128 132/132/132 131/131/131
f 108/108/108 133/133/133 130/130/130
f 132/132/132 130/130/130 133/133/133
f 134/134/134 133/133/133 108/108/108
f 132/132/132 135/135/135 131/131/131
f 135/135/135 132/132/132 133/133/133
f 131/131/131 136/136/136 129/129/129
f 131/131/131 135/135/135 136/136/136
f 129/129/129 137/137/137 126/126/126
f 129/129/129 136/136/136 137/137/137
f 126/126/126 137/137/137 127/127/127
f 138/138/138 127/127/127 137/137/137
f 136/136/136 135/135/135 139/139/139
f 136/136/136 139/139/139 137/137/137
f 140/140/140 135/135/135 133/133/133
f 140/140/140 139/139/139 135/135/135
f 134/134/134 140/140/140 133/133/133
f 137/137/137 141/141/141 138/138/138
f 137/137/137 139/139/139 141/141/141
f 142/142/142 138/138/138 141/141/141
f 143/143/143 139/139/139 140/140/140
f 141/141/141 144/144/144 142/142/142
f 139/139/139 145/145/145 141/141/141
f 139/139/139 143/143/143 145/145/145
f 144/144/144 141/141/141 145/145/145
f 146/146/146 142/142/142 144/144/144
f 147/147/147 143/143/143 140/140/140
f 140/140/140 134/134/134 147/147/147
f 148/148/148 145/145/145 143/143/143
f 148/148/148 143/143/143 147/147/147
f 149/149/149 147/147/147 134/134/134
f 134/134/134 150/150/150 149/149/149
f 147/147/147 149/149/149 151/151/151
f 150/150/150 151/151/151 149/149/149
f 148/148/148 147/147/147 151/151/151
f 150/150/150 152/152/152 151/151/151
f 151/151/151 152/152/152 148/148/148
f 150/150/150 153/153/153 152/152/152
f 145/145/145 148/148/148 154/154/154
f 144/144/144 145/145/145 154/154/154
f 152/152/152 155/155/155 148/148/148
f 155/155/155 154/154/154 148/148/148
f 153/153/153 156/156/156 152/152/152
f 155/155/155 152/152/152 156/156/156
f 153/153/153 157/157/157 156/156/156
f 157/157/157 155/155/155 156/156/156
f 158/158/158 157/157/157 153/153/153
f 157/157/157 159/159/159 155/155/155
f 159/159/159 157/157/157 158/158/158
f 155/155/155 160/160/160 154/154/154
f 159/159/159 160/160/160 155/155/155
f 154/154/154 160/160/160 161/161/161
f 161/161/161 144/144/144 154/154/154
f 162/162/162 161/161/161 160/160/160
f 160/160/160 159/159/159 162/162/162
f 163/163/163 144/144/144 161/161/161
f 161/161/161 162/162/162 163/163/163
f 163/163/163 146/146/146 144/144/144
f 163/163/163 164/164/164 146/146/146
f 164/164/164 163/163/163 162/162/162
f 165/165/165 146/146/146 164/164/164
f 164/164/164 166/166/166 165/165/165
f 165/165/165 166/166/166 167/167/167
f 164/164/164 168/168/168 166/166/166
f 168/168/168 164/164/164 162/162/162
f 166/166/166 169/169/169 167/167/167
f 169/169/169 166/166/166 168/168/168
f 170/170/170 167/167/167 169/169/169
f 170/170/170 171/171/171 167/167/167
f 168/168/168 172/172/172 169/169/169
f 168/168/168 162/162/162 173/173/173
f 173/173/173 172/172/172 168/168/168
f 174/174/174 169/169/169 172/172/172
f 174/174/174 170/170/170 169/169/169
f 175/175/175 172/172/172 173/173/173
f 172/172/172 175/175/175 174/174/174
f 162/162/162 176/176/176 173/173/173
f 175/175/175 173/173/173 176/176/176
f 176/176/176 162/162/162 177/177/177
f 159/159/159 177/177/177 162/162/162
f 175/175/175 176/176/176 178/178/178
f 175/175/175 178/178/178 174/174/174
f 177/177/177 179/179/179 176/176/176
f 176/176/176 179/179/179 178/178/178
f 159/159/159 180/180/180 177/177/177
f 158/158/158 180/180/180 159/159/159
f 180/180/180 181/181/181 177/177/177
f 181/181/181 179/179/179 177/177/177
f 158/158/158 182/182/182 180/180/180
f 181/181/181 180/180/180 182/182/182
f 182/182/182 158/158/158 183/183/183
f 183/183/183 158/158/158 153/153/153
f 182/182/182 184/184/184 181/181/181
f 181/181/181 184/184/184 179/179/179
f 184/184/184 182/182/182 183/183/183
f 153/153/153 185/185/185 183/183/183
f 179/179/179 184/184/184 186/186/186
f 186/186/186 178/178/178 179/179/179
f 184/184/184 183/183/183 187/187/187
f 186/186/186 184/184/184 187/187/187
f 188/188/188 187/187/187 183/183/183
f 188/188/188 183/183/183 185/185/185
f 187/187/187 189/189/189 186/186/186
f 187/187/187 188/188/188 190/190/190
f 187/187/187 190/190/190 189/189/189
f 191/191/191 188/188/188 185/185/185
f 191/191/191 190/190/190 188/188/188
f 192/192/192 186/186/186 189/189/189
f 186/186/186 192/192/192 178/178/178
f 189/189/189 190/190/190 193/193/193
f 189/189/189 193/193/193 192/192/192
f 192/192/192 194/194/194 178/178/178
f 194/194/194 174/174/174 178/178/178
f 192/192/192 193/193/193 195/195/195
f 192/192/192 195/195/195 194/194/194
f 194/194/194 196/196/196 174/174/174
f 196/196/196 194/194/194 195/195/195
f 170/170/170 174/174/174 196/196/196
f 196/196/196 197/197/197 170/170/170
f 171/171/171 170/170/170 197/197/197
f 195/195/195 198/198/198 196/196/196
f 197/197/197 196/196/196 198/198/198
f 171/171/171 197/197/197 199/199/199
f 198/198/198 199/199/199 197/197/197
f 200/200/200 171/171/171 199/199/199
f 201/201/201 171/171/171 200/200/200
f 199/199/199 198/198/198 202/202/202
f 200/200/200 203/203/203 201/201/201
f 198/198/198 195/195/195 204/204/204
f 202/202/202 198/198/198 204/204/204
f 193/193/193 204/204/204 195/195/195
f 200/200/200 199/199/199 205/205/205
f 205/205/205 199/199/199 202/202/202
f 205/205/205 203/203/203 200/200/200
f 204/204/204 206/206/206 202/202/202
f 205/205/205 202/202/202 206/206/206
f 193/193/193 207/207/207 204/204/204
f 207/207/207 193/193/193 190/190/190
f 204/204/204 208/208/208 206/206/206
f 207/207/207 208/208/208 204/204/204
f 209/209/209 207/207/207 190/190/190
f 190/190/190 191/191/191 209/209/209
f 207/207/207 210/210/210 208/208/208
f 210/210/210 207/207/207 209/209/209
f 211/211/211 209/209/209 191/191/191
f 211/211/211 191/191/191 185/185/185
f 212/212/212 209/209/209 211/211/211
f 209/209/209 212/212/212 210/210/210
f 185/185/185 213/213/213 211/211/211
f 211/211/211 213/213/213 212/212/212
f 214/214/214 213/213/213 185/185/185
f 212/212/212 213/213/213 214/214/214
f 215/215/215 212/212/212 214/214/214
f 212/212/212 215/215/215 210/210/210
f 216/216/216 215/215/215 214/214/214
f 217/217/217 208/208/208 210/210/210
f 217/217/217 210/210/210 215/215/215
f 217/217/217 206/206/206 208/208/208
f 215/215/215 216/216/216 218/218/218
f 215/215/215 219/219/219 217/217/217
f 218/218/218 219/219/219 215/215/215
f 206/206/206 217/217/217 220/220/220
f 217/217/217 219/219/219 221/221/221
f 217/217/217 221/221/221 220/220/220
f 219/219/219 222/222/222 221/221/221
f 219/219/219 218/218/218 222/222/222
f 221/221/221 223/223/223 220/220/220
f 221/221/221 222/222/222 223/223/223
f 206/206/206 220/220/220 224/224/224
f 220/220/220 223/223/223 224/224/224
f 206/206/206 224/224/224 205/205/205
f 223/223/223 222/222/222 225/225/225
f 223/223/223 225/225/225 224/224/224
f 222/222/222 218/218/218 226/226/226
f 225/225/225 222/222/222 226/226/226
f 218/218/218 216/216/216 227/227/227
f 226/226/226 218/218/218 227/227/227
f 216/216/216 228/228/228 227/227/227
f 229/229/229 224/224/224 225/225/225
f 230/230/230 227/227/227 228/228/228
f 231/231/231 224/224/224 229/229/229
f 205/205/205 224/224/224 231/231/231
f 205/205/205 231/231/231 203/203/203
f 203/203/203 231/231/231 201/201/201
f 232/232/232 201/201/201 231/231/231
f 229/229/229 233/233/233 231/231/231
f 233/233/233 229/229/229 225/225/225
f 232/232/232 231/231/231 234/234/234
f 231/231/231 233/233/233 234/234/234
f 232/232/232 234/234/234 235/235/235
f 233/233/233 225/225/225 236/236/236
f 226/226/226 236/236/236 225/225/225
f 233/233/233 237/237/237 234/234/234
f 233/233/233 236/236/236 237/237/237
f 235/235/235 234/234/234 238/238/238
f 234/234/234 237/237/237 238/238/238
f 239/239/239 235/235/235 238/238/238
f 239/239/239 238/238/238 240/240/240
f 239/239/239 240/240/240 241/241/241
f 240/240/240 238/238/238 242/242/242
f 242/242/242 241/241/241 240/240/240
f 237/237/237 242/242/242 238/238/238
f 236/236/236 243/243/243 237/237/237
f 242/242/242 237/237/237 243/243/243
f 236/236/236 226/226/226 244/244/244
f 236/236/236 244/244/244 243/243/243
f 227/227/227 244/244/244 226/226/226
f 243/243/243 245/245/245 242/242/242
f 244/244/244 227/227/227 246/246/246
f 230/230/230 246/246/246 227/227/227
f 247/247/247 243/243/243 244/244/244
f 247/247/247 245/245/245 243/243/243
f 244/244/244 246/246/246 248/248/248
f 248/248/248 247/247/247 244/244/244
f 246/246/246 230/230/230 249/249/249
f 248/248/248 246/246/246 249/249/249
f 249/249/249 230/230/230 228/228/228
f 228/228/228 250/250/250 249/249/249
f 250/250/250 251/251/251 249/249/249
f 248/248/248 249/249/249 251/251/251
f 251/251/251 250/250/250 252/252/252
f 252/252/252 250/250/250 253/253/253
f 251/251/251 254/254/254 248/248/248
f 251/251/251 252/252/252 254/254/254
f 255/255/255 248/248/248 254/254/254
f 255/255/255 247/247/247 248/248/248
f 256/256/256 254/254/254 252/252/252
f 255/255/255 254/254/254 256/256/256
f 255/255/255 257/257/257 247/247/247
f 256/256/256 257/257/257 255/255/255
f 245/245/245 247/247/247 257/257/257
f 258/258/258 256/256/256 252/252/252
f 257/257/257 256/256/256 258/258/258
f 252/252/252 253/253/253 258/258/258
f 257/257/257 259/259/259 245/245/245
f 257/257/257 258/258/258 259/259/259
f 260/260/260 245/245/245 259/259/259
f 260/260/260 242/242/242 245/245/245
f 241/241/241 242/242/242 260/260/260
f 260/260/260 261/261/261 241/241/241
f 259/259/259 258/258/258 262/262/262
f 260/260/260 259/259/259 262/262/262
f 253/253/253 263/263/263 258/258/258
f 263/263/263 253/253/253 264/264/264
f 258/258/258 265/265/265 262/262/262
f 265/265/265 258/258/258 263/263/263
f 262/262/262 266/266/266 260/260/260
f 263/263/263 267/267/267 265/265/265
f 267/267/267 263/263/263 264/264/264
f 262/262/262 265/265/265 268/268/268
f 266/266/266 262/262/262 268/268/268
f 269/269/269 265/265/265 267/267/267
f 265/265/265 269/269/269 268/268/268
f 267/267/267 270/270/270 269/269/269
f 268/268/268 269/269/269 270/270/270
f 271/271/271 267/267/267 264/264/264
f 267/267/267 271/271/271 270/270/270
f 270/270/270 272/272/272 268/268/268
f 268/268/268 272/272/272 266/266/266
f 271/271/271 273/273/273 270/270/270
f 272/272/272 270/270/270 273/273/273
f 274/274/274 260/260/260 266/266/266
f 261/261/261 260/260/260 274/274/274
f 266/266/266 275/275/275 274/274/274
f 266/266/266 272/272/272 275/275/275
f 276/276/276 261/261/261 274/274/274
f 274/274/274 275/275/275 276/276/276
f 261/261/261 276/276/276 277/277/277
f 278/278/278 275/275/275 272/272/272
f 276/276/276 279/279/279 277/277/277
f 277/277/277 279/279/279 280/280/280
f 281/281/281 276/276/276 275/275/275
f 276/276/276 281/281/281 279/279/279
f 275/275/275 278/278/278 281/281/281
f 279/279/279 282/282/282 280/280/280
f 281/281/281 283/283/283 279/279/279
f 282/282/282 279/279/279 283/283/283
f 281/281/281 278/278/278 283/283/283
f 283/283/283 284/284/284 282/282/282
f 283/283/283 278/278/278 284/284/284
f 272/272/272 285/285/285 278/278/278
f 285/285/285 284/284/284 278/278/278
f 272/272/272 273/273/273 285/285/285
f 282/282/282 284/284/284 286/286/286
f 282/282/282 286/286/286 287/287/287
f 288/288/288 285/285/285 273/273/273
f 273/273/273 271/271/271 288/288/288
f 284/284/284 285/285/285 289/289/289
f 288/288/288 289/289/289 285/285/285
f 289/289/289 290/290/290 284/284/284
f 286/286/286 284/284/284 290/290/290
f 291/291/291 289/289/289 288/288/288
f 291/291/291 290/290/290 289/289/289
f 271/271/271 292/292/292 288/288/288
f 264/264/264 292/292/292 271/271/271
f 288/288/288 293/293/293 291/291/291
f 288/288/288 292/292/292 293/293/293
f 292/292/292 264/264/264 294/294/294
f 264/264/264 295/295/295 294/294/294
f 292/292/292 296/296/296 293/293/293
f 292/292/292 294/294/294 296/296/296
f 294/294/294 295/295/295 297/297/297
f 294/294/294 297/297/297 296/296/296
f 297/297/297 295/295/295 298/298/298
f 298/298/298 296/296/296 297/297/297
f 298/298/298 295/295/295 299/299/299
f 295/295/295 300/300/300 299/299/299
f 298/298/298 301/301/301 296/296/296
f 298/298/298 299/299/299 301/301/301
f 301/301/301 293/293/293 296/296/296
f 300/300/300 302/302/302 299/299/299
f 293/293/293 301/301/301 303/303/303
f 303/303/303 291/291/291 293/293/293
f 304/304/304 301/301/301 299/299/299
f 304/304/304 299/299/299 302/302/302
f 301/301/301 304/304/304 303/303/303
f 305/305/305 302/302/302 300/300/300
f 304/304/304 302/302/302 305/305/305
f 300/300/300 306/306/306 305/305/305
f 305/305/305 307/307/307 304/304/304
f 304/304/304 307/307/307 303/303/303
f 308/308/308 305/305/305 306/306/306
f 305/305/305 308/308/308 307/307/307
f 309/309/309 308/308/308 306/306/306
f 310/310/310 307/307/307 308/308/308
f 309/309/309 310/310/310 308/308/308
f 303/303/303 307/307/307 311/311/311
f 310/310/310 311/311/311 307/307/307
f 291/291/291 303/303/303 312/312/312
f 303/303/303 311/311/311 312/312/312
f 290/290/290 291/291/291 312/312/312
f 313/313/313 310/310/310 309/309/309
f 314/314/314 313/313/313 309/309/309
f 310/310/310 315/315/315 311/311/311
f 315/315/315 310/310/310 313/313/313
f 316/316/316 312/312/312 311/311/311
f 315/315/315 316/316/316 311/311/311
f 314/314/314 317/317/317 313/313/313
f 318/318/318 317/317/317 314/314/314
f 319/319/319 313/313/313 317/317/317
f 313/313/313 319/319/319 315/315/315
f 317/317/317 318/318/318 319/319/319
f 316/316/316 315/315/315 320/320/320
f 315/315/315 319/319/319 320/320/320
f 321/321/321 312/312/312 316/316/316
f 312/312/312 321/321/321 290/290/290
f 322/322/322 316/316/316 320/320/320
f 322/322/322 321/321/321 316/316/316
f 323/323/323 290/290/290 321/321/321
f 322/322/322 323/323/323 321/321/321
f 286/286/286 290/290/290 323/323/323
f 324/324/324 322/322/322 320/320/320
f 323/323/323 325/325/325 286/286/286
f 287/287/287 286/286/286 325/325/325
f 326/326/326 323/323/323 322/322/322
f 325/325/325 323/323/323 326/326/326
f 322/322/322 324/324/324 326/326/326
f 327/327/327 287/287/287 325/325/325
f 328/328/328 325/325/325 326/326/326
f 328/328/328 326/326/326 324/324/324
f 327/327/327 325/325/325 328/328/328
f 287/287/287 327/327/327 329/329/329
f 328/328/328 324/324/324 330/330/330
f 320/320/320 330/330/330 324/324/324
f 330/330/330 320/320/320 319/319/319
f 328/328/328 331/331/331 327/327/327
f 331/331/331 328/328/328 330/330/330
f 330/330/330 319/319/319 332/332/332
f 332/332/332 319/319/319 318/318/318
f 331/331/331 330/330/330 333/333/333
f 332/332/332 334/334/334 330/330/330
f 334/334/334 333/333/333 330/330/330
f 318/318/318 335/335/335 332/332/332
f 334/334/334 332/332/332 336/336/336
f 336/336/336 332/332/332 335/335/335
f 336/336/336 337/337/337 334/334/334
f 337/337/337 336/336/336 335/335/335
f 333/333/333 334/334/334 338/338/338
f 338/338/338 334/334/334 337/337/337
f 338/338/338 339/339/339 333/333/333
f 333/333/333 339/339/339 331/331/331
f 340/340/340 338/338/338 337/337/337
f 338/338/338 340/340/340 339/339/339
f 331/331/331 339/339/339 341/341/341
f 331/331/331 341/341/341 327/327/327
f 342/342/342 327/327/327 341/341/341
f 341/341/341 339/339/339 342/342/342
f 329/329/329 327/327/327 342/342/342
f 343/343/343 339/339/339 340/340/340
f 339/339/339 343/343/343 342/342/342
f 342/342/342 344/344/344 329/329/329
f 344/344/344 342/342/342 343/343/343
f 329/329/329 344/344/344 345/345/345
f 346/346/346 345/345/345 344/344/344
f 343/343/343 340/340/340 347/347/347
f 337/337/337 347/347/347 340/340/340
f 343/343/343 348/348/348 344/344/344
f 337/337/337 349/349/349 347/347/347
f 335/335/335 349/349/349 337/337/337
f 347/347/347 350/350/350 343/343/343
f 343/343/343 350/350/350 348/348/348
f 347/347/347 349/349/349 351/351/351
f 347/347/347 351/351/351 350/350/350
f 352/352/352 349/349/349 335/335/335
f 352/352/352 351/351/351 349/349/349
f 335/335/335 318/318/318 352/352/352
f 318/318/318 353/353/353 352/352/352
f 351/351/351 354/354/354 350/350/350
f 354/354/354 351/351/351 352/352/352
f 348/348/348 350/350/350 354/354/354
f 355/355/355 352/352/352 353/353/353
f 356/356/356 355/355/355 353/353/353
f 357/357/357 354/354/354 352/352/352
f 355/355/355 357/357/357 352/352/352
f 356/356/356 358/358/358 355/355/355
f 355/355/355 358/358/358 357/357/357
f 356/356/356 359/359/359 358/358/358
f 360/360/360 357/357/357 358/358/358
f 360/360/360 358/358/358 359/359/359
f 361/361/361 359/359/359 356/356/356
f 359/359/359 361/361/361 360/360/360
f 362/362/362 361/361/361 356/356/356
f 356/356/356 363/363/363 362/362/362
f 364/364/364 360/360/360 361/361/361
f 361/361/361 362/362/362 364/364/364
f 357/357/357 360/360/360 365/365/365
f 364/364/364 365/365/365 360/360/360
f 362/362/362 366/366/366 364/364/364
f 365/365/365 364/364/364 366/366/366
f 367/367/367 362/362/362 363/363/363
f 362/362/362 368/368/368 366/366/366
f 367/367/367 368/368/368 362/362/362
f 367/367/367 363/363/363 369/369/369
f 370/370/370 369/369/369 363/363/363
f 371/371/371 368/368/368 367/367/367
f 367/367/367 369/369/369 371/371/371
f 372/372/372 366/366/366 368/368/368
f 368/368/368 371/371/371 372/372/372
f 366/366/366 372/372/372 365/365/365
f 369/369/369 370/370/370 373/373/373
f 369/369/369 373/373/373 371/371/371
f 370/370/370 374/374/374 373/373/373
f 375/375/375 371/371/371 373/373/373
f 371/371/371 375/375/375 372/372/372
f 374/374/374 376/376/376 373/373/373
f 376/376/376 375/375/375 373/373/373
f 374/374/374 377/377/377 376/376/376
f 374/374/374 378/378/378 377/377/377
f 375/375/375 376/376/376 379/379/379
f 380/380/380 372/372/372 375/375/375
f 379/379/379 380/380/380 375/375/375
f 380/380/380 381/381/381 372/372/372
f 365/365/365 372/372/372 381/381/381
f 381/381/381 380/380/380 382/382/382
f 381/381/381 383/383/383 365/365/365
f 382/382/382 383/383/383 381/381/381
f 383/383/383 357/357/357 365/365/365
f 354/354/354 357/357/357 383/383/383
f 382/382/382 380/380/380 384/384/384
f 384/384/384 380/380/380 379/379/379
f 383/383/383 382/382/382 385/385/385
f 382/382/382 384/384/384 385/385/385
f 383/383/383 386/386/386 354/354/354
f 385/385/385 386/386/386 383/383/383
f 354/354/354 386/386/386 348/348/348
f 385/385/385 387/387/387 386/386/386
f 387/387/387 348/348/348 386/386/386
f 388/388/388 385/385/385 384/384/384
f 387/387/387 385/385/385 388/388/388
f 387/387/387 389/389/389 348/348/348
f 389/389/389 344/344/344 348/348/348
f 344/344/344 389/389/389 346/346/346
f 389/389/389 387/387/387 346/346/346
f 387/387/387 388/388/388 346/346/346
f 390/390/390 346/346/346 388/388/388
f 388/388/388 384/384/384 391/391/391
f 379/379/379 391/391/391 384/384/384
f 390/390/390 388/388/388 392/392/392
f 391/391/391 392/392/392 388/388/388
f 379/379/379 393/393/393 391/391/391
f 393/393/393 392/392/392 391/391/391
f 393/393/393 379/379/379 394/394/394
f 394/394/394 379/379/379 376/376/376
f 394/394/394 376/376/376 377/377/377
f 393/393/393 395/395/395 392/392/392
f 396/396/396 393/393/393 394/394/394
f 395/395/395 393/393/393 396/396/396
f 394/394/394 377/377/377 397/397/397
f 394/394/394 398/398/398 396/396/396
f 394/394/394 397/397/397 398/398/398
f 396/396/396 399/399/399 395/395/395
f 396/396/396 398/398/398 399/399/399
f 377/377/377 400/400/400 397/397/397
f 400/400/400 377/377/377 378/378/378
f 400/400/400 401/401/401 397/397/397
f 398/398/398 397/397/397 401/401/401
f 400/400/400 378/378/378 402/402/402
f 401/401/401 400/400/400 402/402/402
f 398/398/398 401/401/401 403/403/403
f 402/402/402 403/403/403 401/401/401
f 398/398/398 403/403/403 404/404/404
f 399/399/399 398/398/398 404/404/404
f 402/402/402 378/378/378 405/405/405
f 406/406/406 405/405/405 378/378/378
f 403/403/403 407/407/407 404/404/404
f 402/402/402 408/408/408 403/403/403
f 407/407/407 403/403/403 408/408/408
f 402/402/402 405/405/405 409/409/409
f 409/409/409 408/408/408 402/402/402
f 406/406/406 410/410/410 405/405/405
f 410/410/410 409/409/409 405/405/405
f 410/410/410 406/406/406 411/411/411
f 406/406/406 412/412/412 411/411/411
f 413/413/413 409/409/409 410/410/410
f 411/411/411 414/414/414 410/410/410
f 414/414/414 413/413/413 410/410/410
f 411/411/411 415/415/415 414/414/414
f 412/412/412 415/415/415 411/411/411
f 415/415/415 416/416/416 414/414/414
f 413/413/413 414/414/414 416/416/416
f 417/417/417 415/415/415 412/412/412
f 417/417/417 416/416/416 415/415/415
f 413/413/413 418/418/418 409/409/409
f 418/418/418 408/408/408 409/409/409
f 419/419/419 413/413/413 416/416/416
f 419/419/419 418/418/418 413/413/413
f 420/420/420 416/416/416 417/417/417
f 416/416/416 420/420/420 419/419/419
f 412/412/412 420/420/420 417/417/417
f 408/408/408 418/418/418 421/421/421
f 407/407/407 408/408/408 421/421/421
f 412/412/412 422/422/422 420/420/420
f 423/423/423 407/407/407 421/421/421
f 423/423/423 404/404/404 407/407/407
f 404/404/404 423/423/423 399/399/399
f 412/412/412 424/424/424 422/422/422
f 425/425/425 424/424/424 412/412/412
f 426/426/426 399/399/399 423/423/423
f 399/399/399 426/426/426 427/427/427
f 395/395/395 399/399/399 427/427/427
f 395/395/395 427/427/427 392/392/392
f 427/427/427 428/428/428 392/392/392
f 427/427/427 426/426/426 428/428/428
f 428/428/428 390/390/390 392/392/392
f 429/429/429 390/390/390 428/428/428
f 423/423/423 430/430/430 426/426/426
f 430/430/430 423/423/423 421/421/421
f 431/431/431 428/428/428 426/426/426
f 428/428/428 431/431/431 429/429/429
f 426/426/426 430/430/430 431/431/431
f 432/432/432 429/429/429 431/431/431
f 432/432/432 431/431/431 433/433/433
f 434/434/434 433/433/433 431/431/431
f 434/434/434 431/431/431 430/430/430
f 433/433/433 434/434/434 435/435/435
f 436/436/436 430/430/430 421/421/421
f 434/434/434 430/430/430 436/436/436
f 421/421/421 437/437/437 436/436/436
f 437/437/437 421/421/421 418/418/418
f 434/434/434 436/436/436 438/438/438
f 436/436/436 437/437/437 438/438/438
f 434/434/434 439/439/439 435/435/435
f 438/438/438 439/439/439 434/434/434
f 440/440/440 435/435/435 439/439/439
f 418/418/418 441/441/441 437/437/437
f 419/419/419 441/441/441 418/418/418
f 439/439/439 442/442/442 440/440/440
f 443/443/443 440/440/440 442/442/442
f 445/445/445 443/443/443 444/444/444
f 442/442/442 444/444/444 443/443/443
f 446/446/446 442/442/442 439/439/439
f 438/438/438 446/446/446 439/439/439
f 442/442/442 447/447/447 444/444/444
f 442/442/442 446/446/446 447/447/447
f 448/448/448 444/444/444 447/447/447
f 449/449/449 446/446/446 438/438/438
f 449/449/449 438/438/438 437/437/437
f 449/449/449 437/437/437 441/441/441
f 446/446/446 450/450/450 447/447/447
f 450/450/450 446/446/446 449/449/449
f 451/451/451 449/449/449 441/441/441
f 449/449/449 451/451/451 450/450/450
f 452/452/452 451/451/451 441/441/441
f 452/452/452 450/450/450 451/451/451
f 452/452/452 441/441/441 419/419/419
f 453/453/453 447/447/447 450/450/450
f 447/447/447 453/453/453 448/448/448
f 419/419/419 454/454/454 452/452/452
f 454/454/454 419/419/419 420/420/420
f 453/453/453 455/455/455 448/448/448
f 454/454/454 420/420/420 456/456/456
f 452/452/452 454/454/454 456/456/456
f 422/422/422 456/456/456 420/420/420
f 448/448/448 455/455/455 457/457/457
f 422/422/422 458/458/458 456/456/456
f 458/458/458 422/422/422 424/424/424
f 456/456/456 459/459/459 452/452/452
f 459/459/459 450/450/450 452/452/452
f 459/459/459 453/453/453 450/450/450
f 455/455/455 453/453/453 459/459/459
f 459/459/459 456/456/456 460/460/460
f 455/455/455 459/459/459 460/460/460
f 458/458/458 460/460/460 456/456/456
f 461/461/461 457/457/457 455/455/455
f 461/461/461 455/455/455 460/460/460
f 461/461/461 462/462/462 457/457/457
f 463/463/463 457/457/457 462/462/462
f 461/461/461 460/460/460 464/464/464
f 462/462/462 465/465/465 463/463/463
f 466/466/466 463/463/463 465/465/465
f 467/467/467 461/461/461 464/464/464
f 462/462/462 461/461/461 467/467/467
f 460/460/460 468/468/468 464/464/464
f 467/467/467 464/464/464 468/468/468
f 460/460/460 458/458/458 468/468/468
f 467/467/467 469/469/469 462/462/462
f 469/469/469 467/467/467 468/468/468
f 470/470/470 468/468/468 458/458/458
f 468/468/468 470/470/470 469/469/469
f 458/458/458 424/424/424 470/470/470
f 470/470/470 424/424/424 469/469/469
f 471/471/471 462/462/462 469/469/469
f 462/462/462 471/471/471 465/465/465
f 469/469/469 424/424/424 472/472/472
f 472/472/472 471/471/471 469/469/469
f 425/425/425 472/472/472 424/424/424
f 473/473/473 465/465/465 471/471/471
f 471/471/471 472/472/472 473/473/473
f 465/465/465 473/473/473 466/466/466
f 425/425/425 473/473/473 472/472/472
f 474/474/474 466/466/466 473/473/473
f 473/473/473 425/425/425 475/475/475
f 473/473/473 475/475/475 474/474/474
f 425/425/425 476/476/476 475/475/475
f 474/474/474 475/475/475 477/477/477
f 477/477/477 475/475/475 476/476/476
f 480/480/480 479/479/479 478/478/478
f 478/478/478 479/479/479 481/481/481
f 482/482/482 481/481/481 479/479/479
f 483/483/483 482/482/482 479/479/479
f 482/482/482 483/483/483 484/484/484
f 485/485/485 481/481/481 482/482/482
f 482/482/482 484/484/484 485/485/485
f 483/483/483 486/486/486 484/484/484
f 484/484/484 486/486/486 485/485/485
f 487/487/487 486/486/486 483/483/483
f 487/487/487 488/488/488 486/486/486
f 486/486/486 488/488/488 489/489/489
f 489/489/489 485/485/485 486/486/486
f 489/489/489 488/488/488 490/490/490
f 485/485/485 489/489/489 491/491/491
f 491/491/491 481/481/481 485/485/485
f 492/492/492 489/489/489 490/490/490
f 489/489/489 492/492/492 491/491/491
f 490/490/490 493/493/493 492/492/492
f 494/494/494 481/481/481 491/491/491
f 481/481/481 494/494/494 495/495/495
f 495/495/495 494/494/494 496/496/496
f 497/497/497 492/492/492 493/493/493
f 497/497/497 493/493/493 498/498/498
f 499/499/499 496/496/496 494/494/494
f 500/500/500 497/497/497 498/498/498
f 501/501/501 500/500/500 498/498/498
f 494/494/494 491/491/491 502/502/502
f 494/494/494 502/502/502 499/499/499
f 500/500/500 501/501/501 503/503/503
f 503/503/503 501/501/501 504/504/504
f 502/502/502 491/491/491 505/505/505
f 491/491/491 492/492/492 505/505/505
f 506/506/506 503/503/503 504/504/504
f 505/505/505 492/492/492 507/507/507
f 492/492/492 497/497/497 507/507/507
f 508/508/508 502/502/502 505/505/505
f 497/497/497 509/509/509 507/507/507
f 500/500/500 509/509/509 497/497/497
f 507/507/507 510/510/510 505/505/505
f 508/508/508 505/505/505 510/510/510
f 507/507/507 509/509/509 511/511/511
f 507/507/507 511/511/511 510/510/510
f 509/509/509 500/500/500 512/512/512
f 500/500/500 503/503/503 512/512/512
f 509/509/509 512/512/512 511/511/511
f 506/506/506 512/512/512 503/503/503
f 513/513/513 502/502/502 508/508/508
f 499/499/499 502/502/502 513/513/513
f 508/508/508 514/514/514 513/513/513
f 513/513/513 514/514/514 499/499/499
f 514/514/514 508/508/508 510/510/510
f 515/515/515 499/499/499 514/514/514
f 514/514/514 510/510/510 516/516/516
f 517/517/517 499/499/499 515/515/515
f 517/517/517 496/496/496 499/499/499
f 518/518/518 496/496/496 517/517/517
f 518/518/518 517/517/517 519/519/519
f 521/521/521 519/519/519 520/520/520
f 522/522/522 520/520/520 519/519/519
f 517/517/517 522/522/522 519/519/519
f 520/520/520 522/522/522 523/523/523
f 522/522/522 517/517/517 523/523/523
f 515/515/515 523/523/523 517/517/517
f 523/523/523 515/515/515 524/524/524
f 514/514/514 524/524/524 515/515/515
f 516/516/516 524/524/524 514/514/514
f 525/525/525 523/523/523 524/524/524
f 516/516/516 526/526/526 524/524/524
f 526/526/526 525/525/525 524/524/524
f 510/510/510 527/527/527 516/516/516
f 526/526/526 516/516/516 527/527/527
f 510/510/510 511/511/511 527/527/527
f 528/528/528 526/526/526 527/527/527
f 527/527/527 511/511/511 528/528/528
f 529/529/529 525/525/525 526/526/526
f 528/528/528 529/529/529 526/526/526
f 525/525/525 529/529/529 530/530/530
f 511/511/511 531/531/531 528/528/528
f 529/529/529 528/528/528 531/531/531
f 532/532/532 531/531/531 511/511/511
f 511/511/511 512/512/512 532/532/532
f 506/506/506 532/532/532 512/512/512
f 529/529/529 531/531/531 533/533/533
f 531/531/531 532/532/532 533/533/533
f 529/529/529 534/534/534 530/530/530
f 534/534/534 529/529/529 533/533/533
f 535/535/535 533/533/533 532/532/532
f 535/535/535 532/532/532 506/506/506
f 536/536/536 530/530/530 534/534/534
f 536/536/536 537/537/537 530/530/530
f 536/536/536 538/538/538 537/537/537
f 538/538/538 536/536/536 534/534/534
f 539/539/539 537/537/537 538/538/538
f 540/540/540 537/537/537 539/539/539
f 539/539/539 538/538/538 541/541/541
f 542/542/542 541/541/541 538/538/538
f 542/542/542 534/534/534 541/541/541
f 539/539/539 543/543/543 540/540/540
f 534/534/534 544/544/544 541/541/541
f 540/540/540 543/543/543 545/545/545
f 544/544/544 534/534/534 546/546/546
f 534/534/534 533/533/533 546/546/546
f 546/546/546 533/533/533 547/547/547
f 546/546/546 547/547/547 544/544/544
f 535/535/535 547/547/547 533/533/533
f 548/548/548 541/541/541 544/544/544
f 544/544/544 547/547/547 548/548/548
f 539/539/539 541/541/541 549/549/549
f 549/549/549 541/541/541 548/548/548
f 543/543/543 539/539/539 550/550/550
f 550/550/550 539/539/539 549/549/549
f 545/545/545 543/543/543 550/550/550
f 549/549/549 548/548/548 551/551/551
f 550/550/550 549/549/549 551/551/551
f 552/552/552 548/548/548 547/547/547
f 551/551/551 548/548/548 552/552/552
f 553/553/553 547/547/547 535/535/535
f 547/547/547 553/553/553 552/552/552
f 535/535/535 506/506/506 553/553/553
f 552/552/552 554/554/554 551/551/551
f 554/554/554 552/552/552 553/553/553
f 555/555/555 550/550/550 551/551/551
f 545/545/545 550/550/550 555/555/555
f 551/551/551 554/554/554 556/556/556
f 556/556/556 555/555/555 551/551/551
f 553/553/553 557/557/557 554/554/554
f 554/554/554 557/557/557 556/556/556
f 553/553/553 506/506/506 558/558/558
f 558/558/558 557/557/557 553/553/553
f 558/558/558 506/506/506 559/559/559
f 559/559/559 506/506/506 504/504/504
f 560/560/560 559/559/559 504/504/504
f 557/557/557 558/558/558 561/561/561
f 561/561/561 558/558/558 559/559/559
f 559/559/559 560/560/560 562/562/562
f 562/562/562 561/561/561 559/559/559
f 562/562/562 560/560/560 563/563/563
f 561/561/561 564/564/564 557/557/557
f 562/562/562 564/564/564 561/561/561
f 557/557/557 564/564/564 556/556/556
f 565/565/565 564/564/564 562/562/562
f 563/563/563 565/565/565 562/562/562
f 556/556/556 564/564/564 566/566/566
f 565/565/565 566/566/566 564/564/564
f 566/566/566 555/555/555 556/556/556
f 563/563/563 567/567/567 565/565/565
f 567/567/567 566/566/566 565/565/565
f 568/568/568 555/555/555 566/566/566
f 567/567/567 568/568/568 566/566/566
f 568/568/568 545/545/545 555/555/555
f 569/569/569 567/567/567 563/563/563
f 570/570/570 569/569/569 563/563/563
f 571/571/571 567/567/567 569/569/569
f 567/567/567 571/571/571 568/568/568
f 572/572/572 569/569/569 570/570/570
f 569/569/569 572/572/572 571/571/571
f 570/570/570 573/573/573 572/572/572
f 574/574/574 568/568/568 571/571/571
f 573/573/573 575/575/575 572/572/572
f 572/572/572 576/576/576 571/571/571
f 575/575/575 576/576/576 572/572/572
f 571/571/571 576/576/576 574/574/574
f 575/575/575 573/573/573 577/577/577
f 578/578/578 577/577/577 573/573/573
f 579/579/579 577/577/577 578/578/578
f 580/580/580 575/575/575 577/577/577
f 580/580/580 576/576/576 575/575/575
f 579/579/579 581/581/581 577/577/577
f 577/577/577 581/581/581 580/580/580
f 579/579/579 582/582/582 581/581/581
f 583/583/583 582/582/582 579/579/579
f 581/581/581 582/582/582 584/584/584
f 583/583/583 584/584/584 582/582/582
f 584/584/584 580/580/580 581/581/581
f 584/584/584 583/583/583 585/585/585
f 580/580/580 584/584/584 586/586/586
f 585/585/585 587/587/587 584/584/584
f 584/584/584 587/587/587 586/586/586
f 580/580/580 586/586/586 588/588/588
f 586/586/586 587/587/587 589/589/589
f 586/586/586 589/589/589 588/588/588
f 585/585/585 590/590/590 587/587/587
f 591/591/591 580/580/580 588/588/588
f 576/576/576 580/580/580 591/591/591
f 585/585/585 592/592/592 590/590/590
f 585/585/585 593/593/593 592/592/592
f 594/594/594 576/576/576 591/591/591
f 574/574/574 576/576/576 594/594/594
f 595/595/595 592/592/592 593/593/593
f 595/595/595 593/593/593 596/596/596
f 590/590/590 592/592/592 597/597/597
f 595/595/595 597/597/597 592/592/592
f 596/596/596 598/598/598 595/595/595
f 599/599/599 598/598/598 596/596/596
f 600/600/600 599/599/599 596/596/596
f 598/598/598 601/601/601 595/595/595
f 601/601/601 598/598/598 599/599/599
f 597/597/597 595/595/595 601/601/601
f 599/599/599 600/600/600 602/602/602
f 603/603/603 602/602/602 600/600/600
f 599/599/599 604/604/604 601/601/601
f 599/599/599 602/602/602 604/604/604
f 602/602/602 603/603/603 605/605/605
f 606/606/606 605/605/605 603/603/603
f 602/602/602 607/607/607 604/604/604
f 607/607/607 602/602/602 605/605/605
f 605/605/605 606/606/606 608/608/608
f 606/606/606 609/609/609 608/608/608
f 605/605/605 610/610/610 607/607/607
f 611/611/611 608/608/608 609/609/609
f 609/609/609 612/612/612 611/611/611
f 608/608/608 613/613/613 605/605/605
f 610/610/610 605/605/605 613/613/613
f 611/611/611 614/614/614 608/608/608
f 613/613/613 608/608/608 614/614/614
f 615/615/615 607/607/607 610/610/610
f 607/607/607 615/615/615 604/604/604
f 610/610/610 613/613/613 616/616/616
f 610/610/610 616/616/616 615/615/615
f 613/613/613 614/614/614 617/617/617
f 616/616/616 618/618/618 615/615/615
f 617/617/617 619/619/619 613/613/613
f 619/619/619 616/616/616 613/613/613
f 604/604/604 615/615/615 620/620/620
f 620/620/620 615/615/615 618/618/618
f 616/616/616 621/621/621 618/618/618
f 619/619/619 621/621/621 616/616/616
f 618/618/618 622/622/622 620/620/620
f 618/618/618 621/621/621 622/622/622
f 620/620/620 623/623/623 604/604/604
f 601/601/601 604/604/604 623/623/623
f 624/624/624 620/620/620 622/622/622
f 624/624/624 623/623/623 620/620/620
f 625/625/625 622/622/622 621/621/621
f 622/622/622 625/625/625 624/624/624
f 626/626/626 625/625/625 621/621/621
f 626/626/626 621/621/621 619/619/619
f 627/627/627 624/624/624 625/625/625
f 628/628/628 627/627/627 625/625/625
f 619/619/619 629/629/629 626/626/626
f 619/619/619 617/617/617 629/629/629
f 630/630/630 626/626/626 629/629/629
f 631/631/631 626/626/626 630/630/630
f 632/632/632 629/629/629 617/617/617
f 632/632/632 617/617/617 614/614/614
f 629/629/629 633/633/633 630/630/630
f 631/631/631 630/630/630 633/633/633
f 632/632/632 633/633/633 629/629/629
f 631/631/631 633/633/633 634/634/634
f 633/633/633 632/632/632 634/634/634
f 631/631/631 634/634/634 635/635/635
f 614/614/614 636/636/636 632/632/632
f 611/611/611 636/636/636 614/614/614
f 634/634/634 632/632/632 637/637/637
f 632/632/632 636/636/636 637/637/637
f 638/638/638 635/635/635 634/634/634
f 637/637/637 638/638/638 634/634/634
f 635/635/635 638/638/638 639/639/639
f 637/637/637 639/639/639 638/638/638
f 635/635/635 639/639/639 640/640/640
f 639/639/639 637/637/637 641/641/641
f 641/641/641 640/640/640 639/639/639
f 637/637/637 636/636/636 642/642/642
f 641/641/641 637/637/637 642/642/642
f 636/636/636 643/643/643 642/642/642
f 611/611/611 643/643/643 636/636/636
f 644/644/644 642/642/642 643/643/643
f 642/642/642 644/644/644 641/641/641
f 645/645/645 643/643/643 611/611/611
f 643/643/643 645/645/645 644/644/644
f 645/645/645 611/611/611 612/612/612
f 646/646/646 645/645/645 612/612/612
f 646/646/646 644/644/644 645/645/645
f 647/647/647 646/646/646 612/612/612
f 646/646/646 647/647/647 648/648/648
f 649/649/649 648/648/648 647/647/647
f 646/646/646 648/648/648 650/650/650
f 650/650/650 644/644/644 646/646/646
f 648/648/648 649/649/649 651/651/651
f 650/650/650 648/648/648 651/651/651
f 652/652/652 651/651/651 649/649/649
f 653/653/653 652/652/652 649/649/649
f 650/650/650 651/651/651 654/654/654
f 655/655/655 651/651/651 652/652/652
f 655/655/655 654/654/654 651/651/651
f 656/656/656 650/650/650 654/654/654
f 650/650/650 656/656/656 644/644/644
f 656/656/656 654/654/654 657/657/657
f 654/654/654 655/655/655 657/657/657
f 656/656/656 658/658/658 644/644/644
f 658/658/658 656/656/656 657/657/657
f 644/644/644 658/658/658 659/659/659
f 641/641/641 644/644/644 659/659/659
f 657/657/657 660/660/660 658/658/658
f 655/655/655 660/660/660 657/657/657
f 661/661/661 659/659/659 658/658/658
f 658/658/658 660/660/660 661/661/661
f 641/641/641 659/659/659 662/662/662
f 640/640/640 641/641/641 662/662/662
f 663/663/663 659/659/659 661/661/661
f 663/663/663 662/662/662 659/659/659
f 640/640/640 662/662/662 664/664/664
f 663/663/663 664/664/664 662/662/662
f 664/664/664 665/665/665 640/640/640
f 640/640/640 665/665/665 635/635/635
f 664/664/664 663/663/663 666/666/666
f 663/663/663 661/661/661 666/666/666
f 664/664/664 666/666/666 665/665/665
f 635/635/635 665/665/665 667/667/667
f 666/666/666 661/661/661 668/668/668
f 668/668/668 661/661/661 660/660/660
f 666/666/666 669/669/669 665/665/665
f 668/668/668 669/669/669 666/666/666
f 670/670/670 665/665/665 669/669/669
f 670/670/670 667/667/667 665/665/665
f 669/669/669 668/668/668 671/671/671
f 669/669/669 672/672/672 670/670/670
f 669/669/669 671/671/671 672/672/672
f 673/673/673 667/667/667 670/670/670
f 670/670/670 672/672/672 673/673/673
f 674/674/674 671/671/671 668/668/668
f 674/674/674 668/668/668 660/660/660
f 671/671/671 675/675/675 672/672/672
f 671/671/671 674/674/674 675/675/675
f 674/674/674 660/660/660 676/676/676
f 676/676/676 660/660/660 655/655/655
f 675/675/675 674/674/674 677/677/677
f 674/674/674 676/676/676 677/677/677
f 676/676/676 655/655/655 678/678/678
f 676/676/676 678/678/678 677/677/677
f 655/655/655 652/652/652 678/678/678
f 678/678/678 652/652/652 679/679/679
f 652/652/652 653/653/653 679/679/679
f 677/677/677 678/678/678 680/680/680
f 679/679/679 680/680/680 678/678/678
f 653/653/653 681/681/681 679/679/679
f 680/680/680 679/679/679 681/681/681
f 682/682/682 681/681/681 653/653/653
f 683/683/683 682/682/682 653/653/653
f 681/681/681 684/684/684 680/680/680
f 682/682/682 683/683/683 685/685/685
f 677/677/677 680/680/680 686/686/686
f 686/686/686 680/680/680 684/684/684
f 675/675/675 677/677/677 686/686/686
f 682/682/682 687/687/687 681/681/681
f 687/687/687 684/684/684 681/681/681
f 687/687/687 682/682/682 685/685/685
f 688/688/688 686/686/686 684/684/684
f 687/687/687 688/688/688 684/684/684
f 685/685/685 683/683/683 689/689/689
f 687/687/687 685/685/685 689/689/689
f 690/690/690 689/689/689 683/683/683
f 688/688/688 687/687/687 691/691/691
f 689/689/689 691/691/691 687/687/687
f 690/690/690 692/692/692 689/689/689
f 693/693/693 692/692/692 690/690/690
f 689/689/689 694/694/694 691/691/691
f 693/693/693 695/695/695 692/692/692
f 696/696/696 695/695/695 693/693/693
f 692/692/692 697/697/697 689/689/689
f 694/694/694 689/689/689 697/697/697
f 696/696/696 698/698/698 695/695/695
f 696/696/696 699/699/699 698/698/698
f 692/692/692 695/695/695 700/700/700
f 697/697/697 692/692/692 700/700/700
f 698/698/698 701/701/701 695/695/695
f 698/698/698 699/699/699 701/701/701
f 700/700/700 695/695/695 701/701/701
f 699/699/699 702/702/702 701/701/701
f 703/703/703 702/702/702 699/699/699
f 701/701/701 704/704/704 700/700/700
f 697/697/697 700/700/700 705/705/705
f 705/705/705 700/700/700 704/704/704
f 697/697/697 706/706/706 694/694/694
f 697/697/697 705/705/705 706/706/706
f 694/694/694 706/706/706 691/691/691
f 704/704/704 701/701/701 707/707/707
f 702/702/702 707/707/707 701/701/701
f 708/708/708 691/691/691 706/706/706
f 709/709/709 691/691/691 708/708/708
f 688/688/688 691/691/691 709/709/709
f 708/708/708 706/706/706 710/710/710
f 711/711/711 709/709/709 708/708/708
f 711/711/711 708/708/708 710/710/710
f 709/709/709 712/712/712 688/688/688
f 712/712/712 709/709/709 711/711/711
f 706/706/706 713/713/713 710/710/710
f 713/713/713 706/706/706 705/705/705
f 714/714/714 711/711/711 710/710/710
f 712/712/712 711/711/711 714/714/714
f 714/714/714 710/710/710 715/715/715
f 713/713/713 715/715/715 710/710/710
f 716/716/716 712/712/712 714/714/714
f 715/715/715 716/716/716 714/714/714
f 712/712/712 717/717/717 688/688/688
f 686/686/686 688/688/688 717/717/717
f 712/712/712 718/718/718 717/717/717
f 712/712/712 716/716/716 718/718/718
f 719/719/719 686/686/686 717/717/717
f 717/717/717 718/718/718 719/719/719
f 675/675/675 686/686/686 719/719/719
f 675/675/675 719/719/719 672/672/672
f 720/720/720 672/672/672 719/719/719
f 720/720/720 719/719/719 718/718/718
f 672/672/672 720/720/720 673/673/673
f 718/718/718 721/721/721 720/720/720
f 716/716/716 721/721/721 718/718/718
f 722/722/722 673/673/673 720/720/720
f 722/722/722 720/720/720 721/721/721
f 722/722/722 667/667/667 673/673/673
f 667/667/667 722/722/722 723/723/723
f 722/722/722 721/721/721 723/723/723
f 724/724/724 667/667/667 723/723/723
f 721/721/721 724/724/724 723/723/723
f 716/716/716 724/724/724 721/721/721
f 716/716/716 725/725/725 724/724/724
f 716/716/716 715/715/715 725/725/725
f 725/725/725 715/715/715 726/726/726
f 715/715/715 713/713/713 726/726/726
f 725/725/725 726/726/726 727/727/727
f 726/726/726 713/713/713 728/728/728
f 705/705/705 728/728/728 713/713/713
f 704/704/704 728/728/728 705/705/705
f 729/729/729 727/727/727 726/726/726
f 728/728/728 704/704/704 730/730/730
f 730/730/730 704/704/704 707/707/707
f 731/731/731 726/726/726 728/728/728
f 726/726/726 731/731/731 729/729/729
f 732/732/732 727/727/727 729/729/729
f 731/731/731 732/732/732 729/729/729
f 727/727/727 732/732/732 733/733/733
f 728/728/728 734/734/734 731/731/731
f 734/734/734 732/732/732 731/731/731
f 728/728/728 730/730/730 734/734/734
f 732/732/732 735/735/735 733/733/733
f 734/734/734 735/735/735 732/732/732
f 735/735/735 736/736/736 733/733/733
f 733/733/733 736/736/736 737/737/737
f 735/735/735 734/734/734 738/738/738
f 735/735/735 738/738/738 736/736/736
f 730/730/730 739/739/739 734/734/734
f 739/739/739 738/738/738 734/734/734
f 740/740/740 736/736/736 738/738/738
f 739/739/739 740/740/740 738/738/738
f 741/741/741 739/739/739 730/730/730
f 739/739/739 741/741/741 740/740/740
f 707/707/707 741/741/741 730/730/730
f 742/742/742 736/736/736 740/740/740
f 741/741/741 742/742/742 740/740/740
f 737/737/737 736/736/736 742/742/742
f 741/741/741 707/707/707 743/743/743
f 742/742/742 741/741/741 743/743/743
f 702/702/702 743/743/743 707/707/707
f 737/737/737 742/742/742 744/744/744
f 744/744/744 745/745/745 737/737/737
f 743/743/743 746/746/746 742/742/742
f 747/747/747 744/744/744 742/742/742
f 746/746/746 747/747/747 742/742/742
f 748/748/748 743/743/743 702/702/702
f 743/743/743 748/748/748 746/746/746
f 744/744/744 747/747/747 749/749/749
f 749/749/749 745/745/745 744/744/744
f 746/746/746 750/750/750 747/747/747
f 746/746/746 748/748/748 750/750/750
f 747/747/747 751/751/751 749/749/749
f 751/751/751 747/747/747 750/750/750
f 749/749/749 751/751/751 752/752/752
f 750/750/750 753/753/753 751/751/751
f 752/752/752 751/751/751 753/753/753
f 749/749/749 752/752/752 754/754/754
f 753/753/753 754/754/754 752/752/752
f 754/754/754 745/745/745 749/749/749
f 753/753/753 750/750/750 755/755/755
f 755/755/755 750/750/750 748/748/748
f 756/756/756 754/754/754 753/753/753
f 755/755/755 756/756/756 753/753/753
f 745/745/745 754/754/754 757/757/757
f 756/756/756 757/757/757 754/754/754
f 745/745/745 757/757/757 758/758/758
f 759/759/759 745/745/745 758/758/758
f 756/756/756 760/760/760 757/757/757
f 757/757/757 761/761/761 758/758/758
f 760/760/760 756/756/756 762/762/762
f 755/755/755 762/762/762 756/756/756
f 763/763/763 758/758/758 761/761/761
f 763/763/763 759/759/759 758/758/758
f 757/757/757 764/764/764 761/761/761
f 757/757/757 760/760/760 764/764/764
f 765/765/765 763/763/763 761/761/761
f 765/765/765 761/761/761 764/764/764
f 763/763/763 766/766/766 759/759/759
f 763/763/763 765/765/765 766/766/766
f 767/767/767 759/759/759 766/766/766
f 766/766/766 765/765/765 767/767/767
f 759/759/759 767/767/767 768/768/768
f 769/769/769 765/765/765 764/764/764
f 768/768/768 767/767/767 770/770/770
f 771/771/771 767/767/767 765/765/765
f 771/771/771 770/770/770 767/767/767
f 765/765/765 769/769/769 771/771/771
f 770/770/770 772/772/772 768/768/768
f 771/771/771 773/773/773 770/770/770
f 772/772/772 770/770/770 773/773/773
f 771/771/771 769/769/769 773/773/773
f 769/769/769 764/764/764 774/774/774
f 760/760/760 774/774/774 764/764/764
f 775/775/775 773/773/773 769/769/769
f 774/774/774 775/775/775 769/769/769
f 760/760/760 776/776/776 774/774/774
f 776/776/776 775/775/775 774/774/774
f 762/762/762 776/776/776 760/760/760
f 777/777/777 772/772/772 773/773/773
f 773/773/773 775/775/775 777/777/777
f 778/778/778 772/772/772 777/777/777
f 779/779/779 772/772/772 778/778/778
f 777/777/777 780/780/780 778/778/778
f 778/778/778 780/780/780 779/779/779
f 775/775/775 781/781/781 777/777/777
f 780/780/780 777/777/777 781/781/781
f 780/780/780 782/782/782 779/779/779
f 783/783/783 779/779/779 782/782/782
f 780/780/780 781/781/781 784/784/784
f 784/784/784 782/782/782 780/780/780
f 783/783/783 782/782/782 785/785/785
f 786/786/786 783/783/783 785/785/785
f 787/787/787 785/785/785 782/782/782
f 782/782/782 784/784/784 787/787/787
f 786/786/786 785/785/785 787/787/787
f 781/781/781 788/788/788 784/784/784
f 788/788/788 781/781/781 775/775/775
f 784/784/784 789/789/789 787/787/787
f 789/789/789 784/784/784 788/788/788
f 790/790/790 786/786/786 787/787/787
f 791/791/791 789/789/789 788/788/788
f 789/789/789 792/792/792 787/787/787
f 792/792/792 790/790/790 787/787/787
f 793/793/793 789/789/789 791/791/791
f 789/789/789 793/793/793 792/792/792
f 788/788/788 794/794/794 791/791/791
f 794/794/794 788/788/788 775/775/775
f 793/793/793 791/791/791 795/795/795
f 795/795/795 791/791/791 794/794/794
f 796/796/796 793/793/793 795/795/795
f 796/796/796 792/792/792 793/793/793
f 797/797/797 795/795/795 794/794/794
f 796/796/796 795/795/795 797/797/797
f 794/794/794 775/775/775 798/798/798
f 775/775/775 776/776/776 798/798/798
f 794/794/794 799/799/799 797/797/797
f 798/798/798 799/799/799 794/794/794
f 800/800/800 798/798/798 776/776/776
f 798/798/798 800/800/800 799/799/799
f 801/801/801 797/797/797 799/799/799
f 799/799/799 800/800/800 802/802/802
f 802/802/802 801/801/801 799/799/799
f 803/803/803 797/797/797 801/801/801
f 803/803/803 796/796/796 797/797/797
f 801/801/801 804/804/804 803/803/803
f 805/805/805 802/802/802 800/800/800
f 776/776/776 805/805/805 800/800/800
f 802/802/802 805/805/805 806/806/806
f 802/802/802 806/806/806 807/807/807
f 807/807/807 806/806/806 808/808/808
f 809/809/809 805/805/805 776/776/776
f 762/762/762 809/809/809 776/776/776
f 810/810/810 806/806/806 805/805/805
f 809/809/809 810/810/810 805/805/805
f 811/811/811 808/808/808 806/806/806
f 806/806/806 810/810/810 811/811/811
f 703/703/703 808/808/808 811/811/811
f 812/812/812 810/810/810 809/809/809
f 810/810/810 812/812/812 811/811/811
f 812/812/812 809/809/809 762/762/762
f 755/755/755 812/812/812 762/762/762
f 755/755/755 748/748/748 812/812/812
f 811/811/811 813/813/813 703/703/703
f 813/813/813 811/811/811 812/812/812
f 748/748/748 813/813/813 812/812/812
f 703/703/703 813/813/813 702/702/702
f 702/702/702 813/813/813 748/748/748
f 814/814/814 796/796/796 803/803/803
f 814/814/814 792/792/792 796/796/796
f 814/814/814 803/803/803 815/815/815
f 814/814/814 816/816/816 792/792/792
f 817/817/817 815/815/815 803/803/803
f 803/803/803 804/804/804 817/817/817
f 814/814/814 815/815/815 818/818/818
f 815/815/815 817/817/817 818/818/818
f 816/816/816 814/814/814 818/818/818
f 817/817/817 804/804/804 819/819/819
f 804/804/804 820/820/820 819/819/819
f 821/821/821 819/819/819 820/820/820
f 818/818/818 817/817/817 822/822/822
f 817/817/817 819/819/819 822/822/822
f 823/823/823 816/816/816 818/818/818
f 816/816/816 824/824/824 792/792/792
f 823/823/823 824/824/824 816/816/816
f 790/790/790 792/792/792 824/824/824
f 823/823/823 818/818/818 825/825/825
f 822/822/822 825/825/825 818/818/818
f 823/823/823 826/826/826 824/824/824
f 825/825/825 826/826/826 823/823/823
f 824/824/824 827/827/827 790/790/790
f 826/826/826 827/827/827 824/824/824
f 827/827/827 828/828/828 790/790/790
f 826/826/826 828/828/828 827/827/827
f 828/828/828 786/786/786 790/790/790
f 826/826/826 825/825/825 829/829/829
f 822/822/822 829/829/829 825/825/825
f 830/830/830 828/828/828 826/826/826
f 826/826/826 829/829/829 830/830/830
f 828/828/828 831/831/831 786/786/786
f 831/831/831 828/828/828 830/830/830
f 786/786/786 831/831/831 832/832/832
f 829/829/829 833/833/833 830/830/830
f 831/831/831 830/830/830 833/833/833
f 829/829/829 834/834/834 833/833/833
f 829/829/829 822/822/822 834/834/834
f 833/833/833 834/834/834 835/835/835
f 833/833/833 835/835/835 831/831/831
f 836/836/836 834/834/834 822/822/822
f 836/836/836 835/835/835 834/834/834
f 822/822/822 819/819/819 836/836/836
f 837/837/837 832/832/832 831/831/831
f 819/819/819 838/838/838 836/836/836
f 838/838/838 819/819/819 821/821/821
f 839/839/839 832/832/832 837/837/837
f 838/838/838 821/821/821 840/840/840
f 836/836/836 838/838/838 840/840/840
f 837/837/837 831/831/831 841/841/841
f 841/841/841 831/831/831 835/835/835
f 836/836/836 840/840/840 842/842/842
f 835/835/835 836/836/836 842/842/842
f 840/840/840 821/821/821 843/843/843
f 844/844/844 843/843/843 821/821/821
f 845/845/845 842/842/842 840/840/840
f 840/840/840 843/843/843 845/845/845
f 846/846/846 835/835/835 842/842/842
f 845/845/845 846/846/846 842/842/842
f 835/835/835 846/846/846 841/841/841
f 847/847/847 845/845/845 843/843/843
f 846/846/846 845/845/845 847/847/847
f 837/837/837 841/841/841 848/848/848
f 837/837/837 848/848/848 839/839/839
f 847/847/847 849/849/849 846/846/846
f 839/839/839 848/848/848 850/850/850
f 851/851/851 841/841/841 846/846/846
f 849/849/849 851/851/851 846/846/846
f 852/852/852 848/848/848 841/841/841
f 852/852/852 850/850/850 848/848/848
f 852/852/852 841/841/841 851/851/851
f 853/853/853 839/839/839 850/850/850
f 850/850/850 852/852/852 853/853/853
f 854/854/854 839/839/839 853/853/853
f 855/855/855 853/853/853 852/852/852
f 852/852/852 851/851/851 855/855/855
f 853/853/853 855/855/855 854/854/854
f 839/839/839 854/854/854 856/856/856
f 851/851/851 857/857/857 855/855/855
f 854/854/854 855/855/855 857/857/857
f 858/858/858 857/857/857 851/851/851
f 851/851/851 849/849/849 858/858/858
f 854/854/854 857/857/857 859/859/859
f 858/858/858 859/859/859 857/857/857
f 860/860/860 856/856/856 854/854/854
f 859/859/859 860/860/860 854/854/854
f 861/861/861 856/856/856 860/860/860
f 862/862/862 856/856/856 861/861/861
f 859/859/859 863/863/863 860/860/860
f 861/861/861 860/860/860 863/863/863
f 863/863/863 859/859/859 858/858/858
f 864/864/864 862/862/862 861/861/861
f 864/864/864 861/861/861 863/863/863
f 865/865/865 862/862/862 864/864/864
f 863/863/863 858/858/858 866/866/866
f 866/866/866 864/864/864 863/863/863
f 867/867/867 858/858/858 849/849/849
f 867/867/867 866/866/866 858/858/858
f 849/849/849 847/847/847 867/867/867
f 843/843/843 867/867/867 847/847/847
f 868/868/868 864/864/864 866/866/866
f 865/865/865 864/864/864 868/868/868
f 869/869/869 866/866/866 867/867/867
f 866/866/866 869/869/869 868/868/868
f 843/843/843 870/870/870 867/867/867
f 869/869/869 867/867/867 870/870/870
f 865/865/865 868/868/868 871/871/871
f 872/872/872 865/865/865 871/871/871
f 873/873/873 868/868/868 869/869/869
f 873/873/873 871/871/871 868/868/868
f 869/869/869 870/870/870 874/874/874
f 874/874/874 873/873/873 869/869/869
f 843/843/843 875/875/875 870/870/870
f 870/870/870 875/875/875 874/874/874
f 843/843/843 844/844/844 875/875/875
f 876/876/876 873/873/873 874/874/874
f 877/877/877 875/875/875 844/844/844
f 844/844/844 878/878/878 877/877/877
f 874/874/874 875/875/875 879/879/879
f 879/879/879 876/876/876 874/874/874
f 875/875/875 877/877/877 880/880/880
f 879/879/879 875/875/875 880/880/880
f 877/877/877 878/878/878 881/881/881
f 882/882/882 881/881/881 878/878/878
f 881/881/881 882/882/882 883/883/883
f 880/880/880 877/877/877 884/884/884
f 881/881/881 884/884/884 877/877/877
f 880/880/880 885/885/885 879/879/879
f 885/885/885 880/880/880 884/884/884
f 876/876/876 879/879/879 885/885/885
f 884/884/884 881/881/881 886/886/886
f 887/887/887 881/881/881 883/883/883
f 887/887/887 886/886/886 881/881/881
f 888/888/888 887/887/887 883/883/883
f 889/889/889 884/884/884 886/886/886
f 884/884/884 889/889/889 885/885/885
f 887/887/887 888/888/888 890/890/890
f 891/891/891 890/890/890 888/888/888
f 886/886/886 887/887/887 892/892/892
f 890/890/890 891/891/891 893/893/893
f 894/894/894 893/893/893 891/891/891
f 895/895/895 887/887/887 890/890/890
f 887/887/887 895/895/895 892/892/892
f 897/897/897 896/896/896 894/894/894
f 893/893/893 894/894/894 896/896/896
f 886/886/886 892/892/892 898/898/898
f 886/886/886 898/898/898 889/889/889
f 893/893/893 896/896/896 899/899/899
f 896/896/896 900/900/900 899/899/899
f 893/893/893 901/901/901 890/890/890
f 893/893/893 899/899/899 901/901/901
f 895/895/895 890/890/890 901/901/901
f 899/899/899 900/900/900 902/902/902
f 901/901/901 899/899/899 903/903/903
f 903/903/903 899/899/899 902/902/902
f 904/904/904 895/895/895 901/901/901
f 904/904/904 901/901/901 903/903/903
f 900/900/900 905/905/905 902/902/902
f 900/900/900 906/906/906 905/905/905
f 903/903/903 902/902/902 907/907/907
f 902/902/902 905/905/905 907/907/907
f 904/904/904 903/903/903 908/908/908
f 906/906/906 909/909/909 905/905/905
f 910/910/910 908/908/908 903/903/903
f 907/907/907 910/910/910 903/903/903
f 911/911/911 904/904/904 908/908/908
f 911/911/911 908/908/908 910/910/910
f 912/912/912 895/895/895 904/904/904
f 912/912/912 904/904/904 911/911/911
f 892/892/892 895/895/895 912/912/912
f 898/898/898 892/892/892 912/912/912
f 913/913/913 912/912/912 911/911/911
f 898/898/898 912/912/912 913/913/913
f 910/910/910 914/914/914 911/911/911
f 914/914/914 913/913/913 911/911/911
f 910/910/910 915/915/915 914/914/914
f 910/910/910 916/916/916 915/915/915
f 910/910/910 907/907/907 916/916/916
f 915/915/915 917/917/917 914/914/914
f 915/915/915 916/916/916 917/917/917
f 907/907/907 905/905/905 918/918/918
f 907/907/907 918/918/918 916/916/916
f 909/909/909 918/918/918 905/905/905
f 916/916/916 919/919/919 917/917/917
f 918/918/918 920/920/920 916/916/916
f 919/919/919 916/916/916 920/920/920
f 918/918/918 909/909/909 921/921/921
f 918/918/918 922/922/922 920/920/920
f 921/921/921 922/922/922 918/918/918
f 923/923/923 921/921/921 909/909/909
f 921/921/921 923/923/923 922/922/922
f 923/923/923 909/909/909 924/924/924
f 909/909/909 906/906/906 924/924/924
f 925/925/925 924/924/924 906/906/906
f 923/923/923 926/926/926 922/922/922
f 923/923/923 924/924/924 926/926/926
f 927/927/927 920/920/920 922/922/922
f 926/926/926 927/927/927 922/922/922
f 927/927/927 928/928/928 920/920/920
f 927/927/927 926/926/926 928/928/928
f 920/920/920 928/928/928 919/919/919
f 929/929/929 926/926/926 924/924/924
f 924/924/924 925/925/925 930/930/930
f 924/924/924 930/930/930 929/929/929
f 931/931/931 930/930/930 925/925/925
f 932/932/932 926/926/926 929/929/929
f 926/926/926 932/932/932 928/928/928
f 933/933/933 929/929/929 930/930/930
f 930/930/930 931/931/931 933/933/933
f 929/929/929 933/933/933 932/932/932
f 934/934/934 933/933/933 931/931/931
f 935/935/935 928/928/928 932/932/932
f 935/935/935 932/932/932 933/933/933
f 933/933/933 934/934/934 936/936/936
f 933/933/933 936/936/936 935/935/935
f 936/936/936 934/934/934 937/937/937
f 937/937/937 938/938/938 936/936/936
f 935/935/935 936/936/936 938/938/938
f 928/928/928 935/935/935 939/939/939
f 939/939/939 919/919/919 928/928/928
f 919/919/919 939/939/939 917/917/917
f 940/940/940 917/917/917 939/939/939
f 941/941/941 917/917/917 940/940/940
f 941/941/941 914/914/914 917/917/917
f 942/942/942 940/940/940 939/939/939
f 941/941/941 940/940/940 942/942/942
f 942/942/942 939/939/939 943/943/943
f 939/939/939 944/944/944 943/943/943
f 942/942/942 945/945/945 941/941/941
f 943/943/943 945/945/945 942/942/942
f 946/946/946 914/914/914 941/941/941
f 946/946/946 941/941/941 945/945/945
f 913/913/913 914/914/914 946/946/946
f 947/947/947 945/945/945 943/943/943
f 945/945/945 947/947/947 946/946/946
f 947/947/947 943/943/943 944/944/944
f 946/946/946 948/948/948 913/913/913
f 947/947/947 948/948/948 946/946/946
f 944/944/944 949/949/949 947/947/947
f 949/949/949 948/948/948 947/947/947
f 944/944/944 872/872/872 949/949/949
f 950/950/950 913/913/913 948/948/948
f 950/950/950 898/898/898 913/913/913
f 951/951/951 948/948/948 949/949/949
f 951/951/951 949/949/949 872/872/872
f 948/948/948 951/951/951 950/950/950
f 952/952/952 898/898/898 950/950/950
f 898/898/898 952/952/952 889/889/889
f 951/951/951 953/953/953 950/950/950
f 952/952/952 950/950/950 953/953/953
f 889/889/889 952/952/952 954/954/954
f 953/953/953 954/954/954 952/952/952
f 954/954/954 885/885/885 889/889/889
f 885/885/885 954/954/954 955/955/955
f 953/953/953 955/955/955 954/954/954
f 885/885/885 955/955/955 876/876/876
f 873/873/873 876/876/876 955/955/955
f 955/955/955 953/953/953 956/956/956
f 951/951/951 956/956/956 953/953/953
f 873/873/873 955/955/955 957/957/957
f 955/955/955 956/956/956 957/957/957
f 957/957/957 871/871/871 873/873/873
f 956/956/956 951/951/951 958/958/958
f 958/958/958 957/957/957 956/956/956
f 871/871/871 957/957/957 958/958/958
f 958/958/958 951/951/951 872/872/872
f 958/958/958 872/872/872 871/871/871
f 961/961/961 960/960/960 959/959/959
f 959/959/959 960/960/960 962/962/962
f 963/963/963 962/962/962 960/960/960
f 964/964/964 963/963/963 960/960/960
f 963/963/963 964/964/964 965/965/965
f 966/966/966 962/962/962 963/963/963
f 963/963/963 965/965/965 966/966/966
f 964/964/964 967/967/967 965/965/965
f 965/965/965 967/967/967 966/966/966
f 968/968/968 967/967/967 964/964/964
f 968/968/968 969/969/969 967/967/967
f 967/967/967 969/969/969 970/970/970
f 970/970/970 966/966/966 967/967/967
f 970/970/970 969/969/969 971/971/971
f 966/966/966 970/970/970 972/972/972
f 972/972/972 962/962/962 966/966/966
f 973/973/973 970/970/970 971/971/971
f 973/973/973 972/972/972 970/970/970
f 971/971/971 974/974/974 973/973/973
f 975/975/975 962/962/962 972/972/972
f 962/962/962 975/975/975 976/976/976
f 976/976/976 975/975/975 977/977/977
f 978/978/978 973/973/973 974/974/974
f 978/978/978 974/974/974 979/979/979
f 980/980/980 977/977/977 975/975/975
f 981/981/981 978/978/978 979/979/979
f 982/982/982 981/981/981 979/979/979
f 975/975/975 972/972/972 983/983/983
f 975/975/975 983/983/983 980/980/980
f 981/981/981 982/982/982 984/984/984
f 984/984/984 982/982/982 985/985/985
f 986/986/986 983/983/983 972/972/972
f 986/986/986 972/972/972 973/973/973
f 987/987/987 984/984/984 985/985/985
f 988/988/988 986/986/986 973/973/973
f 988/988/988 973/973/973 978/978/978
f 989/989/989 983/983/983 986/986/986
f 978/978/978 990/990/990 988/988/988
f 981/981/981 990/990/990 978/978/978
f 988/988/988 991/991/991 986/986/986
f 989/989/989 986/986/986 991/991/991
f 992/992/992 988/988/988 990/990/990
f 992/992/992 991/991/991 988/988/988
f 990/990/990 981/981/981 993/993/993
f 981/981/981 984/984/984 993/993/993
f 990/990/990 993/993/993 992/992/992
f 987/987/987 993/993/993 984/984/984
f 994/994/994 983/983/983 989/989/989
f 980/980/980 983/983/983 994/994/994
f 989/989/989 995/995/995 994/994/994
f 994/994/994 995/995/995 980/980/980
f 995/995/995 989/989/989 991/991/991
f 996/996/996 980/980/980 995/995/995
f 997/997/997 995/995/995 991/991/991
f 998/998/998 980/980/980 996/996/996
f 998/998/998 977/977/977 980/980/980
f 999/999/999 977/977/977 998/998/998
f 999/999/999 998/998/998 1000/1000/1000
f 995/995/995 1001/1001/1001 996/996/996
f 1001/1001/1001 995/995/995 997/997/997
f 996/996/996 1002/1002/1002 998/998/998
f 1002/1002/1002 996/996/996 1001/1001/1001
f 998/998/998 1003/1003/1003 1000/1000/1000
f 1003/1003/1003 998/998/998 1002/1002/1002
f 1003/1003/1003 1004/1004/1004 1000/1000/1000
f 1004/1004/1004 1003/1003/1003 1002/1002/1002
f 1004/1004/1004 1005/1005/1005 1000/1000/1000
f 1006/1006/1006 1002/1002/1002 1001/1001/1001
f 1001/1001/1001 1007/1007/1007 1006/1006/1006
f 1007/1007/1007 1001/1001/1001 997/997/997
f 991/991/991 1008/1008/1008 997/997/997
f 1007/1007/1007 997/997/997 1008/1008/1008
f 991/991/991 992/992/992 1008/1008/1008
f 1009/1009/1009 1007/1007/1007 1008/1008/1008
f 1008/1008/1008 992/992/992 1009/1009/1009
f 1010/1010/1010 1006/1006/1006 1007/1007/1007
f 1009/1009/1009 1010/1010/1010 1007/1007/1007
f 1006/1006/1006 1010/1010/1010 1011/1011/1011
f 992/992/992 1012/1012/1012 1009/1009/1009
f 1010/1010/1010 1009/1009/1009 1012/1012/1012
f 1013/1013/1013 1012/1012/1012 992/992/992
f 992/992/992 993/993/993 1013/1013/1013
f 987/987/987 1013/1013/1013 993/993/993
f 1010/1010/1010 1012/1012/1012 1014/1014/1014
f 1012/1012/1012 1013/1013/1013 1014/1014/1014
f 1011/1011/1011 1010/1010/1010 1015/1015/1015
f 1014/1014/1014 1015/1015/1015 1010/1010/1010
f 1013/1013/1013 1016/1016/1016 1014/1014/1014
f 987/987/987 1016/1016/1016 1013/1013/1013
f 1017/1017/1017 1011/1011/1011 1015/1015/1015
f 1017/1017/1017 1018/1018/1018 1011/1011/1011
f 1017/1017/1017 1019/1019/1019 1018/1018/1018
f 1019/1019/1019 1017/1017/1017 1015/1015/1015
f 1020/1020/1020 1018/1018/1018 1019/1019/1019
f 1021/1021/1021 1018/1018/1018 1020/1020/1020
f 1020/1020/1020 1019/1019/1019 1022/1022/1022
f 1023/1023/1023 1022/1022/1022 1019/1019/1019
f 1023/1023/1023 1015/1015/1015 1022/1022/1022
f 1020/1020/1020 1024/1024/1024 1021/1021/1021
f 1015/1015/1015 1025/1025/1025 1022/1022/1022
f 1021/1021/1021 1024/1024/1024 1026/1026/1026
f 1027/1027/1027 1025/1025/1025 1015/1015/1015
f 1015/1015/1015 1014/1014/1014 1027/1027/1027
f 1027/1027/1027 1014/1014/1014 1028/1028/1028
f 1027/1027/1027 1028/1028/1028 1025/1025/1025
f 1014/1014/1014 1016/1016/1016 1028/1028/1028
f 1029/1029/1029 1022/1022/1022 1025/1025/1025
f 1025/1025/1025 1028/1028/1028 1029/1029/1029
f 1022/1022/1022 1030/1030/1030 1020/1020/1020
f 1029/1029/1029 1030/1030/1030 1022/1022/1022
f 1024/1024/1024 1020/1020/1020 1031/1031/1031
f 1031/1031/1031 1020/1020/1020 1030/1030/1030
f 1026/1026/1026 1024/1024/1024 1031/1031/1031
f 1030/1030/1030 1029/1029/1029 1032/1032/1032
f 1031/1031/1031 1030/1030/1030 1032/1032/1032
f 1033/1033/1033 1029/1029/1029 1028/1028/1028
f 1032/1032/1032 1029/1029/1029 1033/1033/1033
f 1016/1016/1016 1034/1034/1034 1028/1028/1028
f 1028/1028/1028 1034/1034/1034 1033/1033/1033
f 1016/1016/1016 987/987/987 1034/1034/1034
f 1033/1033/1033 1035/1035/1035 1032/1032/1032
f 1035/1035/1035 1033/1033/1033 1034/1034/1034
f 1036/1036/1036 1031/1031/1031 1032/1032/1032
f 1026/1026/1026 1031/1031/1031 1036/1036/1036
f 1032/1032/1032 1035/1035/1035 1037/1037/1037
f 1037/1037/1037 1036/1036/1036 1032/1032/1032
f 1034/1034/1034 1038/1038/1038 1035/1035/1035
f 1038/1038/1038 1037/1037/1037 1035/1035/1035
f 987/987/987 1039/1039/1039 1034/1034/1034
f 1034/1034/1034 1039/1039/1039 1038/1038/1038
f 987/987/987 1040/1040/1040 1039/1039/1039
f 985/985/985 1040/1040/1040 987/987/987
f 1041/1041/1041 1040/1040/1040 985/985/985
f 1039/1039/1039 1042/1042/1042 1038/1038/1038
f 1040/1040/1040 1042/1042/1042 1039/1039/1039
f 1040/1040/1040 1041/1041/1041 1043/1043/1043
f 1043/1043/1043 1042/1042/1042 1040/1040/1040
f 1043/1043/1043 1041/1041/1041 1044/1044/1044
f 1038/1038/1038 1042/1042/1042 1045/1045/1045
f 1043/1043/1043 1045/1045/1045 1042/1042/1042
f 1038/1038/1038 1045/1045/1045 1037/1037/1037
f 1044/1044/1044 1046/1046/1046 1043/1043/1043
f 1046/1046/1046 1045/1045/1045 1043/1043/1043
f 1037/1037/1037 1045/1045/1045 1047/1047/1047
f 1046/1046/1046 1047/1047/1047 1045/1045/1045
f 1047/1047/1047 1036/1036/1036 1037/1037/1037
f 1044/1044/1044 1048/1048/1048 1046/1046/1046
f 1048/1048/1048 1047/1047/1047 1046/1046/1046
f 1049/1049/1049 1048/1048/1048 1044/1044/1044
f 1050/1050/1050 1036/1036/1036 1047/1047/1047
f 1050/1050/1050 1026/1026/1026 1036/1036/1036
f 1047/1047/1047 1048/1048/1048 1051/1051/1051
f 1051/1051/1051 1048/1048/1048 1049/1049/1049
f 1051/1051/1051 1050/1050/1050 1047/1047/1047
f 1049/1049/1049 1052/1052/1052 1051/1051/1051
f 1052/1052/1052 1049/1049/1049 1053/1053/1053
f 1054/1054/1054 1051/1051/1051 1052/1052/1052
f 1054/1054/1054 1052/1052/1052 1053/1053/1053
f 1055/1055/1055 1050/1050/1050 1051/1051/1051
f 1055/1055/1055 1051/1051/1051 1054/1054/1054
f 1050/1050/1050 1056/1056/1056 1026/1026/1026
f 1026/1026/1026 1056/1056/1056 1057/1057/1057
f 1021/1021/1021 1026/1026/1026 1057/1057/1057
f 1058/1058/1058 1021/1021/1021 1057/1057/1057
f 1056/1056/1056 1050/1050/1050 1059/1059/1059
f 1059/1059/1059 1057/1057/1057 1056/1056/1056
f 1055/1055/1055 1059/1059/1059 1050/1050/1050
f 1059/1059/1059 1058/1058/1058 1057/1057/1057
f 1060/1060/1060 1055/1055/1055 1054/1054/1054
f 1055/1055/1055 1060/1060/1060 1059/1059/1059
f 1059/1059/1059 1061/1061/1061 1058/1058/1058
f 1061/1061/1061 1062/1062/1062 1058/1058/1058
f 1063/1063/1063 1061/1061/1061 1059/1059/1059
f 1061/1061/1061 1063/1063/1063 1062/1062/1062
f 1063/1063/1063 1059/1059/1059 1060/1060/1060
f 1064/1064/1064 1062/1062/1062 1063/1063/1063
f 1063/1063/1063 1060/1060/1060 1064/1064/1064
f 1064/1064/1064 1065/1065/1065 1062/1062/1062
f 1060/1060/1060 1054/1054/1054 1066/1066/1066
f 1060/1060/1060 1066/1066/1066 1064/1064/1064
f 1066/1066/1066 1054/1054/1054 1067/1067/1067
f 1067/1067/1067 1054/1054/1054 1053/1053/1053
f 1066/1066/1066 1068/1068/1068 1064/1064/1064
f 1066/1066/1066 1067/1067/1067 1068/1068/1068
f 1053/1053/1053 1069/1069/1069 1067/1067/1067
f 1070/1070/1070 1069/1069/1069 1053/1053/1053
f 1067/1067/1067 1071/1071/1071 1068/1068/1068
f 1067/1067/1067 1069/1069/1069 1071/1071/1071
f 1069/1069/1069 1070/1070/1070 1072/1072/1072
f 1072/1072/1072 1070/1070/1070 1073/1073/1073
f 1072/1072/1072 1074/1074/1074 1069/1069/1069
f 1073/1073/1073 1074/1074/1074 1072/1072/1072
f 1069/1069/1069 1074/1074/1074 1071/1071/1071
f 1074/1074/1074 1073/1073/1073 1075/1075/1075
f 1075/1075/1075 1073/1073/1073 1076/1076/1076
f 1074/1074/1074 1075/1075/1075 1077/1077/1077
f 1076/1076/1076 1077/1077/1077 1075/1075/1075
f 1077/1077/1077 1071/1071/1071 1074/1074/1074
f 1077/1077/1077 1076/1076/1076 1078/1078/1078
f 1071/1071/1071 1077/1077/1077 1079/1079/1079
f 1078/1078/1078 1080/1080/1080 1077/1077/1077
f 1077/1077/1077 1080/1080/1080 1079/1079/1079
f 1071/1071/1071 1079/1079/1079 1081/1081/1081
f 1068/1068/1068 1071/1071/1071 1081/1081/1081
f 1079/1079/1079 1080/1080/1080 1082/1082/1082
f 1081/1081/1081 1079/1079/1079 1082/1082/1082
f 1078/1078/1078 1083/1083/1083 1080/1080/1080
f 1084/1084/1084 1082/1082/1082 1080/1080/1080
f 1078/1078/1078 1085/1085/1085 1083/1083/1083
f 1086/1086/1086 1085/1085/1085 1078/1078/1078
f 1087/1087/1087 1080/1080/1080 1083/1083/1083
f 1087/1087/1087 1084/1084/1084 1080/1080/1080
f 1085/1085/1085 1088/1088/1088 1083/1083/1083
f 1083/1083/1083 1088/1088/1088 1087/1087/1087
f 1085/1085/1085 1086/1086/1086 1089/1089/1089
f 1089/1089/1089 1088/1088/1088 1085/1085/1085
f 1089/1089/1089 1086/1086/1086 1090/1090/1090
f 1090/1090/1090 1091/1091/1091 1089/1089/1089
f 1092/1092/1092 1091/1091/1091 1090/1090/1090
f 1093/1093/1093 1092/1092/1092 1090/1090/1090
f 1091/1091/1091 1094/1094/1094 1089/1089/1089
f 1091/1091/1091 1092/1092/1092 1094/1094/1094
f 1088/1088/1088 1089/1089/1089 1094/1094/1094
f 1092/1092/1092 1093/1093/1093 1095/1095/1095
f 1093/1093/1093 1096/1096/1096 1095/1095/1095
f 1094/1094/1094 1092/1092/1092 1097/1097/1097
f 1092/1092/1092 1095/1095/1095 1097/1097/1097
f 1095/1095/1095 1096/1096/1096 1098/1098/1098
f 1099/1099/1099 1098/1098/1098 1096/1096/1096
f 1095/1095/1095 1100/1100/1100 1097/1097/1097
f 1100/1100/1100 1095/1095/1095 1098/1098/1098
f 1098/1098/1098 1099/1099/1099 1101/1101/1101
f 1099/1099/1099 1102/1102/1102 1101/1101/1101
f 1100/1100/1100 1098/1098/1098 1103/1103/1103
f 1104/1104/1104 1101/1101/1101 1102/1102/1102
f 1102/1102/1102 1105/1105/1105 1104/1104/1104
f 1098/1098/1098 1101/1101/1101 1106/1106/1106
f 1106/1106/1106 1103/1103/1103 1098/1098/1098
f 1104/1104/1104 1107/1107/1107 1101/1101/1101
f 1106/1106/1106 1101/1101/1101 1107/1107/1107
f 1108/1108/1108 1100/1100/1100 1103/1103/1103
f 1100/1100/1100 1108/1108/1108 1097/1097/1097
f 1103/1103/1103 1106/1106/1106 1109/1109/1109
f 1108/1108/1108 1103/1103/1103 1109/1109/1109
f 1106/1106/1106 1107/1107/1107 1110/1110/1110
f 1111/1111/1111 1109/1109/1109 1106/1106/1106
f 1110/1110/1110 1111/1111/1111 1106/1106/1106
f 1112/1112/1112 1108/1108/1108 1109/1109/1109
f 1111/1111/1111 1113/1113/1113 1109/1109/1109
f 1109/1109/1109 1113/1113/1113 1112/1112/1112
f 1108/1108/1108 1112/1112/1112 1114/1114/1114
f 1097/1097/1097 1108/1108/1108 1114/1114/1114
f 1112/1112/1112 1113/1113/1113 1115/1115/1115
f 1115/1115/1115 1114/1114/1114 1112/1112/1112
f 1114/1114/1114 1116/1116/1116 1097/1097/1097
f 1094/1094/1094 1097/1097/1097 1116/1116/1116
f 1114/1114/1114 1115/1115/1115 1117/1117/1117
f 1117/1117/1117 1116/1116/1116 1114/1114/1114
f 1118/1118/1118 1115/1115/1115 1113/1113/1113
f 1118/1118/1118 1117/1117/1117 1115/1115/1115
f 1119/1119/1119 1118/1118/1118 1113/1113/1113
f 1119/1119/1119 1113/1113/1113 1111/1111/1111
f 1117/1117/1117 1118/1118/1118 1120/1120/1120
f 1121/1121/1121 1120/1120/1120 1118/1118/1118
f 1111/1111/1111 1122/1122/1122 1119/1119/1119
f 1111/1111/1111 1110/1110/1110 1122/1122/1122
f 1123/1123/1123 1119/1119/1119 1122/1122/1122
f 1123/1123/1123 1124/1124/1124 1119/1119/1119
f 1125/1125/1125 1122/1122/1122 1110/1110/1110
f 1125/1125/1125 1110/1110/1110 1107/1107/1107
f 1122/1122/1122 1126/1126/1126 1123/1123/1123
f 1124/1124/1124 1123/1123/1123 1126/1126/1126
f 1125/1125/1125 1126/1126/1126 1122/1122/1122
f 1124/1124/1124 1126/1126/1126 1127/1127/1127
f 1126/1126/1126 1125/1125/1125 1127/1127/1127
f 1124/1124/1124 1127/1127/1127 1128/1128/1128
f 1107/1107/1107 1129/1129/1129 1125/1125/1125
f 1104/1104/1104 1129/1129/1129 1107/1107/1107
f 1127/1127/1127 1125/1125/1125 1130/1130/1130
f 1125/1125/1125 1129/1129/1129 1130/1130/1130
f 1131/1131/1131 1128/1128/1128 1127/1127/1127
f 1130/1130/1130 1131/1131/1131 1127/1127/1127
f 1128/1128/1128 1131/1131/1131 1132/1132/1132
f 1132/1132/1132 1131/1131/1131 1130/1130/1130
f 1133/1133/1133 1128/1128/1128 1132/1132/1132
f 1132/1132/1132 1130/1130/1130 1134/1134/1134
f 1134/1134/1134 1133/1133/1133 1132/1132/1132
f 1130/1130/1130 1129/1129/1129 1135/1135/1135
f 1134/1134/1134 1130/1130/1130 1135/1135/1135
f 1135/1135/1135 1129/1129/1129 1136/1136/1136
f 1136/1136/1136 1129/1129/1129 1104/1104/1104
f 1137/1137/1137 1135/1135/1135 1136/1136/1136
f 1135/1135/1135 1137/1137/1137 1134/1134/1134
f 1138/1138/1138 1136/1136/1136 1104/1104/1104
f 1136/1136/1136 1138/1138/1138 1137/1137/1137
f 1138/1138/1138 1104/1104/1104 1105/1105/1105
f 1138/1138/1138 1105/1105/1105 1139/1139/1139
f 1137/1137/1137 1138/1138/1138 1139/1139/1139
f 1140/1140/1140 1139/1139/1139 1105/1105/1105
f 1139/1139/1139 1140/1140/1140 1141/1141/1141
f 1142/1142/1142 1141/1141/1141 1140/1140/1140
f 1139/1139/1139 1141/1141/1141 1143/1143/1143
f 1143/1143/1143 1137/1137/1137 1139/1139/1139
f 1141/1141/1141 1142/1142/1142 1144/1144/1144
f 1143/1143/1143 1141/1141/1141 1144/1144/1144
f 1145/1145/1145 1144/1144/1144 1142/1142/1142
f 1145/1145/1145 1142/1142/1142 1146/1146/1146
f 1143/1143/1143 1144/1144/1144 1147/1147/1147
f 1148/1148/1148 1144/1144/1144 1145/1145/1145
f 1148/1148/1148 1147/1147/1147 1144/1144/1144
f 1149/1149/1149 1143/1143/1143 1147/1147/1147
f 1143/1143/1143 1149/1149/1149 1137/1137/1137
f 1149/1149/1149 1147/1147/1147 1150/1150/1150
f 1147/1147/1147 1148/1148/1148 1150/1150/1150
f 1149/1149/1149 1151/1151/1151 1137/1137/1137
f 1151/1151/1151 1149/1149/1149 1150/1150/1150
f 1151/1151/1151 1152/1152/1152 1137/1137/1137
f 1134/1134/1134 1137/1137/1137 1152/1152/1152
f 1150/1150/1150 1153/1153/1153 1151/1151/1151
f 1148/1148/1148 1153/1153/1153 1150/1150/1150
f 1154/1154/1154 1152/1152/1152 1151/1151/1151
f 1151/1151/1151 1153/1153/1153 1154/1154/1154
f 1134/1134/1134 1152/1152/1152 1155/1155/1155
f 1133/1133/1133 1134/1134/1134 1155/1155/1155
f 1156/1156/1156 1152/1152/1152 1154/1154/1154
f 1156/1156/1156 1155/1155/1155 1152/1152/1152
f 1133/1133/1133 1155/1155/1155 1157/1157/1157
f 1156/1156/1156 1157/1157/1157 1155/1155/1155
f 1157/1157/1157 1158/1158/1158 1133/1133/1133
f 1133/1133/1133 1158/1158/1158 1128/1128/1128
f 1157/1157/1157 1156/1156/1156 1159/1159/1159
f 1156/1156/1156 1154/1154/1154 1159/1159/1159
f 1157/1157/1157 1159/1159/1159 1158/1158/1158
f 1128/1128/1128 1158/1158/1158 1160/1160/1160
f 1159/1159/1159 1154/1154/1154 1161/1161/1161
f 1161/1161/1161 1154/1154/1154 1153/1153/1153
f 1159/1159/1159 1162/1162/1162 1158/1158/1158
f 1161/1161/1161 1162/1162/1162 1159/1159/1159
f 1163/1163/1163 1158/1158/1158 1162/1162/1162
f 1163/1163/1163 1160/1160/1160 1158/1158/1158
f 1162/1162/1162 1161/1161/1161 1164/1164/1164
f 1163/1163/1163 1162/1162/1162 1165/1165/1165
f 1165/1165/1165 1162/1162/1162 1164/1164/1164
f 1166/1166/1166 1160/1160/1160 1163/1163/1163
f 1163/1163/1163 1165/1165/1165 1166/1166/1166
f 1167/1167/1167 1164/1164/1164 1161/1161/1161
f 1161/1161/1161 1153/1153/1153 1167/1167/1167
f 1164/1164/1164 1168/1168/1168 1165/1165/1165
f 1168/1168/1168 1164/1164/1164 1167/1167/1167
f 1167/1167/1167 1153/1153/1153 1169/1169/1169
f 1153/1153/1153 1148/1148/1148 1169/1169/1169
f 1167/1167/1167 1169/1169/1169 1170/1170/1170
f 1167/1167/1167 1170/1170/1170 1168/1168/1168
f 1169/1169/1169 1148/1148/1148 1171/1171/1171
f 1171/1171/1171 1170/1170/1170 1169/1169/1169
f 1145/1145/1145 1171/1171/1171 1148/1148/1148
f 1171/1171/1171 1145/1145/1145 1172/1172/1172
f 1146/1146/1146 1172/1172/1172 1145/1145/1145
f 1170/1170/1170 1171/1171/1171 1173/1173/1173
f 1172/1172/1172 1173/1173/1173 1171/1171/1171
f 1168/1168/1168 1170/1170/1170 1174/1174/1174
f 1173/1173/1173 1174/1174/1174 1170/1170/1170
f 1146/1146/1146 1175/1175/1175 1172/1172/1172
f 1173/1173/1173 1172/1172/1172 1175/1175/1175
f 1176/1176/1176 1175/1175/1175 1146/1146/1146
f 1177/1177/1177 1176/1176/1176 1146/1146/1146
f 1175/1175/1175 1178/1178/1178 1173/1173/1173
f 1174/1174/1174 1173/1173/1173 1178/1178/1178
f 1176/1176/1176 1179/1179/1179 1175/1175/1175
f 1179/1179/1179 1178/1178/1178 1175/1175/1175
f 1176/1176/1176 1177/1177/1177 1180/1180/1180
f 1179/1179/1179 1176/1176/1176 1180/1180/1180
f 1180/1180/1180 1177/1177/1177 1181/1181/1181
f 1179/1179/1179 1180/1180/1180 1181/1181/1181
f 1182/1182/1182 1181/1181/1181 1177/1177/1177
f 1179/1179/1179 1183/1183/1183 1178/1178/1178
f 1183/1183/1183 1174/1174/1174 1178/1178/1178
f 1179/1179/1179 1181/1181/1181 1184/1184/1184
f 1183/1183/1183 1179/1179/1179 1184/1184/1184
f 1182/1182/1182 1185/1185/1185 1181/1181/1181
f 1186/1186/1186 1185/1185/1185 1182/1182/1182
f 1181/1181/1181 1187/1187/1187 1184/1184/1184
f 1186/1186/1186 1188/1188/1188 1185/1185/1185
f 1189/1189/1189 1188/1188/1188 1186/1186/1186
f 1181/1181/1181 1185/1185/1185 1190/1190/1190
f 1190/1190/1190 1187/1187/1187 1181/1181/1181
f 1189/1189/1189 1191/1191/1191 1188/1188/1188
f 1189/1189/1189 1192/1192/1192 1191/1191/1191
f 1185/1185/1185 1188/1188/1188 1193/1193/1193
f 1190/1190/1190 1185/1185/1185 1193/1193/1193
f 1191/1191/1191 1194/1194/1194 1188/1188/1188
f 1191/1191/1191 1192/1192/1192 1194/1194/1194
f 1193/1193/1193 1188/1188/1188 1194/1194/1194
f 1190/1190/1190 1195/1195/1195 1187/1187/1187
f 1187/1187/1187 1195/1195/1195 1184/1184/1184
f 1190/1190/1190 1193/1193/1193 1196/1196/1196
f 1190/1190/1190 1196/1196/1196 1195/1195/1195
f 1194/1194/1194 1197/1197/1197 1193/1193/1193
f 1196/1196/1196 1193/1193/1193 1197/1197/1197
f 1198/1198/1198 1194/1194/1194 1192/1192/1192
f 1198/1198/1198 1192/1192/1192 1199/1199/1199
f 1197/1197/1197 1194/1194/1194 1200/1200/1200
f 1198/1198/1198 1200/1200/1200 1194/1194/1194
f 1197/1197/1197 1201/1201/1201 1196/1196/1196
f 1202/1202/1202 1197/1197/1197 1200/1200/1200
f 1201/1201/1201 1197/1197/1197 1202/1202/1202
f 1203/1203/1203 1195/1195/1195 1196/1196/1196
f 1196/1196/1196 1201/1201/1201 1203/1203/1203
f 1200/1200/1200 1204/1204/1204 1202/1202/1202
f 1195/1195/1195 1203/1203/1203 1205/1205/1205
f 1204/1204/1204 1200/1200/1200 1206/1206/1206
f 1198/1198/1198 1206/1206/1206 1200/1200/1200
f 1207/1207/1207 1195/1195/1195 1205/1205/1205
f 1195/1195/1195 1207/1207/1207 1184/1184/1184
f 1208/1208/1208 1184/1184/1184 1207/1207/1207
f 1184/1184/1184 1208/1208/1208 1183/1183/1183
f 1209/1209/1209 1208/1208/1208 1207/1207/1207
f 1207/1207/1207 1205/1205/1205 1209/1209/1209
f 1183/1183/1183 1208/1208/1208 1210/1210/1210
f 1210/1210/1210 1208/1208/1208 1209/1209/1209
f 1211/1211/1211 1209/1209/1209 1205/1205/1205
f 1209/1209/1209 1211/1211/1211 1210/1210/1210
f 1211/1211/1211 1205/1205/1205 1212/1212/1212
f 1205/1205/1205 1203/1203/1203 1212/1212/1212
f 1213/1213/1213 1210/1210/1210 1211/1211/1211
f 1212/1212/1212 1213/1213/1213 1211/1211/1211
f 1210/1210/1210 1214/1214/1214 1183/1183/1183
f 1174/1174/1174 1183/1183/1183 1214/1214/1214
f 1210/1210/1210 1215/1215/1215 1214/1214/1214
f 1210/1210/1210 1213/1213/1213 1215/1215/1215
f 1216/1216/1216 1174/1174/1174 1214/1214/1214
f 1214/1214/1214 1215/1215/1215 1216/1216/1216
f 1168/1168/1168 1174/1174/1174 1216/1216/1216
f 1216/1216/1216 1165/1165/1165 1168/1168/1168
f 1217/1217/1217 1165/1165/1165 1216/1216/1216
f 1217/1217/1217 1216/1216/1216 1215/1215/1215
f 1165/1165/1165 1217/1217/1217 1166/1166/1166
f 1217/1217/1217 1215/1215/1215 1218/1218/1218
f 1213/1213/1213 1218/1218/1218 1215/1215/1215
f 1219/1219/1219 1166/1166/1166 1217/1217/1217
f 1218/1218/1218 1219/1219/1219 1217/1217/1217
f 1219/1219/1219 1160/1160/1160 1166/1166/1166
f 1160/1160/1160 1219/1219/1219 1220/1220/1220
f 1219/1219/1219 1218/1218/1218 1220/1220/1220
f 1221/1221/1221 1160/1160/1160 1220/1220/1220
f 1218/1218/1218 1221/1221/1221 1220/1220/1220
f 1213/1213/1213 1221/1221/1221 1218/1218/1218
f 1213/1213/1213 1222/1222/1222 1221/1221/1221
f 1213/1213/1213 1212/1212/1212 1222/1222/1222
f 1212/1212/1212 1223/1223/1223 1222/1222/1222
f 1203/1203/1203 1223/1223/1223 1212/1212/1212
f 1222/1222/1222 1223/1223/1223 1224/1224/1224
f 1223/1223/1223 1203/1203/1203 1201/1201/1201
f 1225/1225/1225 1224/1224/1224 1223/1223/1223
f 1226/1226/1226 1223/1223/1223 1201/1201/1201
f 1225/1225/1225 1223/1223/1223 1226/1226/1226
f 1227/1227/1227 1224/1224/1224 1225/1225/1225
f 1226/1226/1226 1227/1227/1227 1225/1225/1225
f 1224/1224/1224 1227/1227/1227 1228/1228/1228
f 1201/1201/1201 1229/1229/1229 1226/1226/1226
f 1229/1229/1229 1227/1227/1227 1226/1226/1226
f 1201/1201/1201 1202/1202/1202 1229/1229/1229
f 1228/1228/1228 1227/1227/1227 1230/1230/1230
f 1229/1229/1229 1230/1230/1230 1227/1227/1227
f 1202/1202/1202 1231/1231/1231 1229/1229/1229
f 1204/1204/1204 1231/1231/1231 1202/1202/1202
f 1230/1230/1230 1229/1229/1229 1232/1232/1232
f 1231/1231/1231 1232/1232/1232 1229/1229/1229
f 1230/1230/1230 1233/1233/1233 1228/1228/1228
f 1230/1230/1230 1232/1232/1232 1233/1233/1233
f 1234/1234/1234 1228/1228/1228 1233/1233/1233
f 1231/1231/1231 1235/1235/1235 1232/1232/1232
f 1235/1235/1235 1233/1233/1233 1232/1232/1232
f 1235/1235/1235 1231/1231/1231 1204/1204/1204
f 1233/1233/1233 1235/1235/1235 1236/1236/1236
f 1204/1204/1204 1236/1236/1236 1235/1235/1235
f 1234/1234/1234 1233/1233/1233 1236/1236/1236
f 1236/1236/1236 1204/1204/1204 1206/1206/1206
f 1234/1234/1234 1236/1236/1236 1237/1237/1237
f 1237/1237/1237 1238/1238/1238 1234/1234/1234
f 1206/1206/1206 1239/1239/1239 1236/1236/1236
f 1198/1198/1198 1239/1239/1239 1206/1206/1206
f 1240/1240/1240 1237/1237/1237 1236/1236/1236
f 1239/1239/1239 1240/1240/1240 1236/1236/1236
f 1237/1237/1237 1240/1240/1240 1241/1241/1241
f 1241/1241/1241 1238/1238/1238 1237/1237/1237
f 1239/1239/1239 1242/1242/1242 1240/1240/1240
f 1240/1240/1240 1243/1243/1243 1241/1241/1241
f 1243/1243/1243 1240/1240/1240 1242/1242/1242
f 1241/1241/1241 1243/1243/1243 1244/1244/1244
f 1242/1242/1242 1244/1244/1244 1243/1243/1243
f 1245/1245/1245 1242/1242/1242 1239/1239/1239
f 1239/1239/1239 1198/1198/1198 1245/1245/1245
f 1244/1244/1244 1242/1242/1242 1246/1246/1246
f 1246/1246/1246 1242/1242/1242 1245/1245/1245
f 1241/1241/1241 1244/1244/1244 1247/1247/1247
f 1247/1247/1247 1238/1238/1238 1241/1241/1241
f 1198/1198/1198 1248/1248/1248 1245/1245/1245
f 1199/1199/1199 1248/1248/1248 1198/1198/1198
f 1245/1245/1245 1248/1248/1248 1249/1249/1249
f 1245/1245/1245 1249/1249/1249 1246/1246/1246
f 1250/1250/1250 1248/1248/1248 1199/1199/1199
f 1248/1248/1248 1250/1250/1250 1249/1249/1249
f 1199/1199/1199 1251/1251/1251 1250/1250/1250
f 1252/1252/1252 1249/1249/1249 1250/1250/1250
f 1250/1250/1250 1251/1251/1251 1253/1253/1253
f 1253/1253/1253 1252/1252/1252 1250/1250/1250
f 1254/1254/1254 1253/1253/1253 1251/1251/1251
f 1255/1255/1255 1253/1253/1253 1254/1254/1254
f 1249/1249/1249 1252/1252/1252 1256/1256/1256
f 1256/1256/1256 1246/1246/1246 1249/1249/1249
f 1252/1252/1252 1253/1253/1253 1257/1257/1257
f 1252/1252/1252 1257/1257/1257 1256/1256/1256
f 1255/1255/1255 1257/1257/1257 1253/1253/1253
f 1257/1257/1257 1258/1258/1258 1256/1256/1256
f 1257/1257/1257 1255/1255/1255 1258/1258/1258
f 1259/1259/1259 1246/1246/1246 1256/1256/1256
f 1259/1259/1259 1256/1256/1256 1258/1258/1258
f 1246/1246/1246 1259/1259/1259 1260/1260/1260
f 1246/1246/1246 1260/1260/1260 1244/1244/1244
f 1247/1247/1247 1244/1244/1244 1260/1260/1260
f 1261/1261/1261 1260/1260/1260 1259/1259/1259
f 1260/1260/1260 1261/1261/1261 1247/1247/1247
f 1258/1258/1258 1262/1262/1262 1259/1259/1259
f 1261/1261/1261 1259/1259/1259 1262/1262/1262
f 1255/1255/1255 1263/1263/1263 1258/1258/1258
f 1255/1255/1255 1264/1264/1264 1263/1263/1263
f 1262/1262/1262 1258/1258/1258 1265/1265/1265
f 1265/1265/1265 1258/1258/1258 1263/1263/1263
f 1266/1266/1266 1261/1261/1261 1262/1262/1262
f 1266/1266/1266 1262/1262/1262 1265/1265/1265
f 1261/1261/1261 1267/1267/1267 1247/1247/1247
f 1238/1238/1238 1247/1247/1247 1267/1267/1267
f 1261/1261/1261 1266/1266/1266 1268/1268/1268
f 1261/1261/1261 1268/1268/1268 1267/1267/1267
f 1238/1238/1238 1267/1267/1267 1269/1269/1269
f 1269/1269/1269 1270/1270/1270 1238/1238/1238
f 1271/1271/1271 1267/1267/1267 1268/1268/1268
f 1267/1267/1267 1271/1271/1271 1269/1269/1269
f 1272/1272/1272 1270/1270/1270 1269/1269/1269
f 1271/1271/1271 1272/1272/1272 1269/1269/1269
f 1272/1272/1272 1273/1273/1273 1270/1270/1270
f 1273/1273/1273 1272/1272/1272 1271/1271/1271
f 1274/1274/1274 1270/1270/1270 1273/1273/1273
f 1271/1271/1271 1275/1275/1275 1273/1273/1273
f 1275/1275/1275 1271/1271/1271 1268/1268/1268
f 1273/1273/1273 1275/1275/1275 1274/1274/1274
f 1270/1270/1270 1274/1274/1274 1276/1276/1276
f 1277/1277/1277 1275/1275/1275 1268/1268/1268
f 1277/1277/1277 1268/1268/1268 1266/1266/1266
f 1278/1278/1278 1274/1274/1274 1275/1275/1275
f 1275/1275/1275 1277/1277/1277 1278/1278/1278
f 1276/1276/1276 1274/1274/1274 1279/1279/1279
f 1278/1278/1278 1279/1279/1279 1274/1274/1274
f 1280/1280/1280 1276/1276/1276 1279/1279/1279
f 1278/1278/1278 1280/1280/1280 1279/1279/1279
f 1281/1281/1281 1276/1276/1276 1280/1280/1280
f 1278/1278/1278 1282/1282/1282 1280/1280/1280
f 1278/1278/1278 1277/1277/1277 1282/1282/1282
f 1280/1280/1280 1283/1283/1283 1281/1281/1281
f 1280/1280/1280 1282/1282/1282 1283/1283/1283
f 1284/1284/1284 1281/1281/1281 1283/1283/1283
f 1285/1285/1285 1283/1283/1283 1282/1282/1282
f 1283/1283/1283 1285/1285/1285 1284/1284/1284
f 1277/1277/1277 1286/1286/1286 1282/1282/1282
f 1285/1285/1285 1282/1282/1282 1286/1286/1286
f 1287/1287/1287 1277/1277/1277 1266/1266/1266
f 1277/1277/1277 1287/1287/1287 1286/1286/1286
f 1265/1265/1265 1287/1287/1287 1266/1266/1266
f 1285/1285/1285 1288/1288/1288 1284/1284/1284
f 1289/1289/1289 1284/1284/1284 1288/1288/1288
f 1285/1285/1285 1286/1286/1286 1290/1290/1290
f 1290/1290/1290 1288/1288/1288 1285/1285/1285
f 1289/1289/1289 1288/1288/1288 1291/1291/1291
f 1292/1292/1292 1289/1289/1289 1291/1291/1291
f 1293/1293/1293 1291/1291/1291 1288/1288/1288
f 1288/1288/1288 1290/1290/1290 1293/1293/1293
f 1292/1292/1292 1291/1291/1291 1293/1293/1293
f 1290/1290/1290 1286/1286/1286 1294/1294/1294
f 1294/1294/1294 1286/1286/1286 1287/1287/1287
f 1290/1290/1290 1295/1295/1295 1293/1293/1293
f 1295/1295/1295 1290/1290/1290 1294/1294/1294
f 1296/1296/1296 1294/1294/1294 1287/1287/1287
f 1265/1265/1265 1296/1296/1296 1287/1287/1287
f 1297/1297/1297 1294/1294/1294 1296/1296/1296
f 1297/1297/1297 1295/1295/1295 1294/1294/1294
f 1298/1298/1298 1296/1296/1296 1265/1265/1265
f 1296/1296/1296 1298/1298/1298 1297/1297/1297
f 1263/1263/1263 1298/1298/1298 1265/1265/1265
f 1299/1299/1299 1295/1295/1295 1297/1297/1297
f 1298/1298/1298 1263/1263/1263 1300/1300/1300
f 1264/1264/1264 1300/1300/1300 1263/1263/1263
f 1301/1301/1301 1297/1297/1297 1298/1298/1298
f 1300/1300/1300 1301/1301/1301 1298/1298/1298
f 1299/1299/1299 1297/1297/1297 1301/1301/1301
f 1302/1302/1302 1300/1300/1300 1264/1264/1264
f 1303/1303/1303 1301/1301/1301 1300/1300/1300
f 1303/1303/1303 1299/1299/1299 1301/1301/1301
f 1302/1302/1302 1303/1303/1303 1300/1300/1300
f 1264/1264/1264 1304/1304/1304 1302/1302/1302
f 1303/1303/1303 1305/1305/1305 1299/1299/1299
f 1295/1295/1295 1299/1299/1299 1305/1305/1305
f 1293/1293/1293 1295/1295/1295 1305/1305/1305
f 1303/1303/1303 1302/1302/1302 1306/1306/1306
f 1306/1306/1306 1305/1305/1305 1303/1303/1303
f 1307/1307/1307 1302/1302/1302 1304/1304/1304
f 1306/1306/1306 1302/1302/1302 1308/1308/1308
f 1307/1307/1307 1308/1308/1308 1302/1302/1302
f 1306/1306/1306 1308/1308/1308 1309/1309/1309
f 1308/1308/1308 1307/1307/1307 1309/1309/1309
f 1306/1306/1306 1310/1310/1310 1305/1305/1305
f 1309/1309/1309 1310/1310/1310 1306/1306/1306
f 1307/1307/1307 1304/1304/1304 1311/1311/1311
f 1304/1304/1304 1312/1312/1312 1311/1311/1311
f 1313/1313/1313 1311/1311/1311 1312/1312/1312
f 1314/1314/1314 1309/1309/1309 1307/1307/1307
f 1314/1314/1314 1307/1307/1307 1311/1311/1311
f 1315/1315/1315 1310/1310/1310 1309/1309/1309
f 1311/1311/1311 1313/1313/1313 1316/1316/1316
f 1315/1315/1315 1309/1309/1309 1317/1317/1317
f 1314/1314/1314 1317/1317/1317 1309/1309/1309
f 1310/1310/1310 1315/1315/1315 1318/1318/1318
f 1318/1318/1318 1305/1305/1305 1310/1310/1310
f 1317/1317/1317 1319/1319/1319 1315/1315/1315
f 1315/1315/1315 1319/1319/1319 1318/1318/1318
f 1320/1320/1320 1305/1305/1305 1318/1318/1318
f 1305/1305/1305 1320/1320/1320 1293/1293/1293
f 1320/1320/1320 1292/1292/1292 1293/1293/1293
f 1318/1318/1318 1321/1321/1321 1320/1320/1320
f 1321/1321/1321 1318/1318/1318 1319/1319/1319
f 1321/1321/1321 1322/1322/1322 1320/1320/1320
f 1292/1292/1292 1320/1320/1320 1322/1322/1322
f 1319/1319/1319 1322/1322/1322 1321/1321/1321
f 1322/1322/1322 1323/1323/1323 1292/1292/1292
f 1292/1292/1292 1323/1323/1323 1324/1324/1324
f 1322/1322/1322 1319/1319/1319 1325/1325/1325
f 1322/1322/1322 1325/1325/1325 1323/1323/1323
f 1319/1319/1319 1317/1317/1317 1326/1326/1326
f 1319/1319/1319 1326/1326/1326 1325/1325/1325
f 1314/1314/1314 1326/1326/1326 1317/1317/1317
f 1326/1326/1326 1327/1327/1327 1325/1325/1325
f 1323/1323/1323 1325/1325/1325 1327/1327/1327
f 1326/1326/1326 1314/1314/1314 1328/1328/1328
f 1328/1328/1328 1327/1327/1327 1326/1326/1326
f 1314/1314/1314 1329/1329/1329 1328/1328/1328
f 1314/1314/1314 1311/1311/1311 1329/1329/1329
f 1311/1311/1311 1316/1316/1316 1329/1329/1329
f 1327/1327/1327 1328/1328/1328 1330/1330/1330
f 1329/1329/1329 1330/1330/1330 1328/1328/1328
f 1327/1327/1327 1330/1330/1330 1323/1323/1323
f 1329/1329/1329 1316/1316/1316 1331/1331/1331
f 1316/1316/1316 1313/1313/1313 1331/1331/1331
f 1330/1330/1330 1329/1329/1329 1332/1332/1332
f 1329/1329/1329 1331/1331/1331 1332/1332/1332
f 1331/1331/1331 1313/1313/1313 1333/1333/1333
f 1334/1334/1334 1333/1333/1333 1313/1313/1313
f 1335/1335/1335 1332/1332/1332 1331/1331/1331
f 1331/1331/1331 1333/1333/1333 1335/1335/1335
f 1336/1336/1336 1330/1330/1330 1332/1332/1332
f 1335/1335/1335 1336/1336/1336 1332/1332/1332
f 1337/1337/1337 1323/1323/1323 1330/1330/1330
f 1330/1330/1330 1336/1336/1336 1337/1337/1337
f 1338/1338/1338 1324/1324/1324 1323/1323/1323
f 1338/1338/1338 1323/1323/1323 1337/1337/1337
f 1339/1339/1339 1324/1324/1324 1338/1338/1338
f 1338/1338/1338 1337/1337/1337 1340/1340/1340
f 1339/1339/1339 1338/1338/1338 1340/1340/1340
f 1341/1341/1341 1340/1340/1340 1337/1337/1337
f 1342/1342/1342 1339/1339/1339 1340/1340/1340
f 1341/1341/1341 1342/1342/1342 1340/1340/1340
f 1343/1343/1343 1339/1339/1339 1342/1342/1342
f 1342/1342/1342 1341/1341/1341 1343/1343/1343
f 1344/1344/1344 1339/1339/1339 1343/1343/1343
f 1339/1339/1339 1344/1344/1344 1345/1345/1345
f 1346/1346/1346 1343/1343/1343 1341/1341/1341
f 1343/1343/1343 1346/1346/1346 1344/1344/1344
f 1347/1347/1347 1341/1341/1341 1337/1337/1337
f 1346/1346/1346 1341/1341/1341 1347/1347/1347
f 1347/1347/1347 1337/1337/1337 1336/1336/1336
f 1344/1344/1344 1346/1346/1346 1348/1348/1348
f 1347/1347/1347 1348/1348/1348 1346/1346/1346
f 1349/1349/1349 1345/1345/1345 1344/1344/1344
f 1344/1344/1344 1348/1348/1348 1350/1350/1350
f 1350/1350/1350 1349/1349/1349 1344/1344/1344
f 1351/1351/1351 1348/1348/1348 1347/1347/1347
f 1351/1351/1351 1350/1350/1350 1348/1348/1348
f 1352/1352/1352 1347/1347/1347 1336/1336/1336
f 1347/1347/1347 1352/1352/1352 1351/1351/1351
f 1353/1353/1353 1352/1352/1352 1336/1336/1336
f 1336/1336/1336 1335/1335/1335 1353/1353/1353
f 1354/1354/1354 1351/1351/1351 1352/1352/1352
f 1352/1352/1352 1353/1353/1353 1354/1354/1354
f 1353/1353/1353 1335/1335/1335 1355/1355/1355
f 1355/1355/1355 1354/1354/1354 1353/1353/1353
f 1333/1333/1333 1355/1355/1355 1335/1335/1335
f 1354/1354/1354 1356/1356/1356 1351/1351/1351
f 1333/1333/1333 1357/1357/1357 1355/1355/1355
f 1355/1355/1355 1358/1358/1358 1354/1354/1354
f 1358/1358/1358 1355/1355/1355 1357/1357/1357
f 1354/1354/1354 1358/1358/1358 1356/1356/1356
f 1357/1357/1357 1333/1333/1333 1359/1359/1359
f 1334/1334/1334 1359/1359/1359 1333/1333/1333
f 1358/1358/1358 1357/1357/1357 1360/1360/1360
f 1360/1360/1360 1357/1357/1357 1359/1359/1359
f 1359/1359/1359 1334/1334/1334 1361/1361/1361
f 1362/1362/1362 1361/1361/1361 1334/1334/1334
f 1360/1360/1360 1359/1359/1359 1363/1363/1363
f 1361/1361/1361 1362/1362/1362 1364/1364/1364
f 1365/1365/1365 1364/1364/1364 1362/1362/1362
f 1364/1364/1364 1365/1365/1365 1366/1366/1366
f 1367/1367/1367 1359/1359/1359 1361/1361/1361
f 1363/1363/1363 1359/1359/1359 1367/1367/1367
f 1367/1367/1367 1361/1361/1361 1368/1368/1368
f 1364/1364/1364 1368/1368/1368 1361/1361/1361
f 1367/1367/1367 1369/1369/1369 1363/1363/1363
f 1369/1369/1369 1367/1367/1367 1368/1368/1368
f 1360/1360/1360 1363/1363/1363 1370/1370/1370
f 1370/1370/1370 1363/1363/1363 1369/1369/1369
f 1360/1360/1360 1370/1370/1370 1371/1371/1371
f 1360/1360/1360 1371/1371/1371 1358/1358/1358
f 1369/1369/1369 1372/1372/1372 1370/1370/1370
f 1371/1371/1371 1370/1370/1370 1372/1372/1372
f 1371/1371/1371 1373/1373/1373 1358/1358/1358
f 1356/1356/1356 1358/1358/1358 1373/1373/1373
f 1371/1371/1371 1372/1372/1372 1374/1374/1374
f 1371/1371/1371 1375/1375/1375 1373/1373/1373
f 1374/1374/1374 1375/1375/1375 1371/1371/1371
f 1376/1376/1376 1356/1356/1356 1373/1373/1373
f 1377/1377/1377 1373/1373/1373 1375/1375/1375
f 1377/1377/1377 1376/1376/1376 1373/1373/1373
f 1378/1378/1378 1377/1377/1377 1375/1375/1375
f 1377/1377/1377 1379/1379/1379 1376/1376/1376
f 1380/1380/1380 1378/1378/1378 1375/1375/1375
f 1375/1375/1375 1374/1374/1374 1380/1380/1380
f 1376/1376/1376 1379/1379/1379 1381/1381/1381
f 1379/1379/1379 1345/1345/1345 1381/1381/1381
f 1349/1349/1349 1381/1381/1381 1345/1345/1345
f 1376/1376/1376 1381/1381/1381 1382/1382/1382
f 1381/1381/1381 1349/1349/1349 1382/1382/1382
f 1356/1356/1356 1376/1376/1376 1382/1382/1382
f 1350/1350/1350 1382/1382/1382 1349/1349/1349
f 1382/1382/1382 1351/1351/1351 1356/1356/1356
f 1382/1382/1382 1350/1350/1350 1351/1351/1351
f 1380/1380/1380 1374/1374/1374 1383/1383/1383
f 1372/1372/1372 1383/1383/1383 1374/1374/1374
f 1383/1383/1383 1384/1384/1384 1380/1380/1380
f 1380/1380/1380 1384/1384/1384 1378/1378/1378
f 1372/1372/1372 1385/1385/1385 1383/1383/1383
f 1384/1384/1384 1383/1383/1383 1385/1385/1385
f 1385/1385/1385 1372/1372/1372 1386/1386/1386
f 1369/1369/1369 1386/1386/1386 1372/1372/1372
f 1384/1384/1384 1387/1387/1387 1378/1378/1378
f 1388/1388/1388 1378/1378/1378 1387/1387/1387
f 1386/1386/1386 1369/1369/1369 1389/1389/1389
f 1368/1368/1368 1389/1389/1389 1369/1369/1369
f 1385/1385/1385 1386/1386/1386 1390/1390/1390
f 1389/1389/1389 1390/1390/1390 1386/1386/1386
f 1390/1390/1390 1391/1391/1391 1385/1385/1385
f 1384/1384/1384 1385/1385/1385 1391/1391/1391
f 1392/1392/1392 1390/1390/1390 1389/1389/1389
f 1392/1392/1392 1391/1391/1391 1390/1390/1390
f 1389/1389/1389 1368/1368/1368 1393/1393/1393
f 1393/1393/1393 1392/1392/1392 1389/1389/1389
f 1368/1368/1368 1364/1364/1364 1393/1393/1393
f 1384/1384/1384 1391/1391/1391 1394/1394/1394
f 1394/1394/1394 1387/1387/1387 1384/1384/1384
f 1395/1395/1395 1393/1393/1393 1364/1364/1364
f 1395/1395/1395 1364/1364/1364 1366/1366/1366
f 1396/1396/1396 1395/1395/1395 1366/1366/1366
f 1395/1395/1395 1397/1397/1397 1393/1393/1393
f 1397/1397/1397 1392/1392/1392 1393/1393/1393
f 1395/1395/1395 1396/1396/1396 1398/1398/1398
f 1399/1399/1399 1398/1398/1398 1396/1396/1396
f 1400/1400/1400 1397/1397/1397 1395/1395/1395
f 1400/1400/1400 1395/1395/1395 1398/1398/1398
f 1392/1392/1392 1397/1397/1397 1401/1401/1401
f 1397/1397/1397 1400/1400/1400 1401/1401/1401
f 1398/1398/1398 1399/1399/1399 1402/1402/1402
f 1403/1403/1403 1402/1402/1402 1399/1399/1399
f 1400/1400/1400 1398/1398/1398 1404/1404/1404
f 1402/1402/1402 1404/1404/1404 1398/1398/1398
f 1406/1406/1406 1405/1405/1405 1403/1403/1403
f 1402/1402/1402 1403/1403/1403 1405/1405/1405
f 1402/1402/1402 1405/1405/1405 1407/1407/1407
f 1402/1402/1402 1407/1407/1407 1404/1404/1404
f 1405/1405/1405 1408/1408/1408 1407/1407/1407
f 1409/1409/1409 1400/1400/1400 1404/1404/1404
f 1409/1409/1409 1401/1401/1401 1400/1400/1400
f 1404/1404/1404 1407/1407/1407 1410/1410/1410
f 1409/1409/1409 1404/1404/1404 1410/1410/1410
f 1407/1407/1407 1408/1408/1408 1411/1411/1411
f 1410/1410/1410 1407/1407/1407 1411/1411/1411
f 1408/1408/1408 1412/1412/1412 1411/1411/1411
f 1408/1408/1408 1413/1413/1413 1412/1412/1412
f 1410/1410/1410 1411/1411/1411 1414/1414/1414
f 1411/1411/1411 1412/1412/1412 1414/1414/1414
f 1409/1409/1409 1410/1410/1410 1415/1415/1415
f 1413/1413/1413 1416/1416/1416 1412/1412/1412
f 1417/1417/1417 1409/1409/1409 1415/1415/1415
f 1409/1409/1409 1417/1417/1417 1401/1401/1401
f 1418/1418/1418 1415/1415/1415 1410/1410/1410
f 1417/1417/1417 1415/1415/1415 1418/1418/1418
f 1414/1414/1414 1418/1418/1418 1410/1410/1410
f 1417/1417/1417 1419/1419/1419 1401/1401/1401
f 1401/1401/1401 1419/1419/1419 1392/1392/1392
f 1419/1419/1419 1391/1391/1391 1392/1392/1392
f 1419/1419/1419 1394/1394/1394 1391/1391/1391
f 1420/1420/1420 1419/1419/1419 1417/1417/1417
f 1418/1418/1418 1420/1420/1420 1417/1417/1417
f 1421/1421/1421 1394/1394/1394 1419/1419/1419
f 1420/1420/1420 1421/1421/1421 1419/1419/1419
f 1421/1421/1421 1422/1422/1422 1394/1394/1394
f 1422/1422/1422 1387/1387/1387 1394/1394/1394
f 1388/1388/1388 1387/1387/1387 1422/1422/1422
f 1422/1422/1422 1423/1423/1423 1388/1388/1388
f 1424/1424/1424 1388/1388/1388 1423/1423/1423
f 1425/1425/1425 1422/1422/1422 1421/1421/1421
f 1422/1422/1422 1425/1425/1425 1423/1423/1423
f 1421/1421/1421 1426/1426/1426 1425/1425/1425
f 1420/1420/1420 1426/1426/1426 1421/1421/1421
f 1423/1423/1423 1425/1425/1425 1427/1427/1427
f 1427/1427/1427 1425/1425/1425 1426/1426/1426
f 1427/1427/1427 1424/1424/1424 1423/1423/1423
f 1427/1427/1427 1426/1426/1426 1428/1428/1428
f 1424/1424/1424 1427/1427/1427 1428/1428/1428
f 1426/1426/1426 1429/1429/1429 1428/1428/1428
f 1424/1424/1424 1428/1428/1428 1429/1429/1429
f 1426/1426/1426 1420/1420/1420 1429/1429/1429
f 1430/1430/1430 1429/1429/1429 1420/1420/1420
f 1418/1418/1418 1430/1430/1430 1420/1420/1420
f 1418/1418/1418 1431/1431/1431 1430/1430/1430
f 1430/1430/1430 1431/1431/1431 1429/1429/1429
f 1418/1418/1418 1414/1414/1414 1431/1431/1431
f 1424/1424/1424 1429/1429/1429 1432/1432/1432
f 1429/1429/1429 1431/1431/1431 1432/1432/1432
f 1424/1424/1424 1432/1432/1432 1433/1433/1433
f 1414/1414/1414 1434/1434/1434 1431/1431/1431
f 1414/1414/1414 1412/1412/1412 1434/1434/1434
f 1432/1432/1432 1431/1431/1431 1435/1435/1435
f 1435/1435/1435 1431/1431/1431 1434/1434/1434
f 1435/1435/1435 1433/1433/1433 1432/1432/1432
f 1416/1416/1416 1434/1434/1434 1412/1412/1412
f 1433/1433/1433 1436/1436/1436 1424/1424/1424
f 1434/1434/1434 1416/1416/1416 1437/1437/1437
f 1434/1434/1434 1438/1438/1438 1435/1435/1435
f 1434/1434/1434 1437/1437/1437 1438/1438/1438
f 1435/1435/1435 1439/1439/1439 1433/1433/1433
f 1439/1439/1439 1435/1435/1435 1438/1438/1438
f 1440/1440/1440 1437/1437/1437 1416/1416/1416
f 1438/1438/1438 1437/1437/1437 1440/1440/1440
f 1438/1438/1438 1441/1441/1441 1439/1439/1439
f 1438/1438/1438 1440/1440/1440 1441/1441/1441
f 1439/1439/1439 1441/1441/1441 1433/1433/1433
f 1440/1440/1440 1416/1416/1416 1442/1442/1442
f 1440/1440/1440 1442/1442/1442 1441/1441/1441
f 1416/1416/1416 1413/1413/1413 1442/1442/1442
f 1443/1443/1443 1442/1442/1442 1413/1413/1413
f 1441/1441/1441 1444/1444/1444 1433/1433/1433
f 1436/1436/1436 1433/1433/1433 1444/1444/1444
f 1445/1445/1445 1441/1441/1441 1442/1442/1442
f 1444/1444/1444 1441/1441/1441 1445/1445/1445
f 1442/1442/1442 1443/1443/1443 1446/1446/1446
f 1442/1442/1442 1446/1446/1446 1445/1445/1445
f 1447/1447/1447 1446/1446/1446 1443/1443/1443
f 1445/1445/1445 1448/1448/1448 1444/1444/1444
f 1448/1448/1448 1445/1445/1445 1446/1446/1446
f 1446/1446/1446 1447/1447/1447 1448/1448/1448
f 1436/1436/1436 1444/1444/1444 1448/1448/1448
f 1449/1449/1449 1448/1448/1448 1447/1447/1447
f 1448/1448/1448 1450/1450/1450 1436/1436/1436
f 1448/1448/1448 1449/1449/1449 1450/1450/1450
f 1436/1436/1436 1450/1450/1450 1451/1451/1451
f 1449/1449/1449 1452/1452/1452 1450/1450/1450
f 1452/1452/1452 1451/1451/1451 1450/1450/1450
f 1455/1455/1455 1454/1454/1454 1453/1453/1453
f 1454/1454/1454 1456/1456/1456 1453/1453/1453
f 1457/1457/1457 1453/1453/1453 1456/1456/1456
f 1453/1453/1453 1457/1457/1457 1458/1458/1458
f 1457/1457/1457 1459/1459/1459 1458/1458/1458
f 1460/1460/1460 1457/1457/1457 1456/1456/1456
f 1457/1457/1457 1460/1460/1460 1459/1459/1459
f 1458/1458/1458 1459/1459/1459 1461/1461/1461
f 1459/1459/1459 1460/1460/1460 1461/1461/1461
f 1458/1458/1458 1461/1461/1461 1462/1462/1462
f 1462/1462/1462 1461/1461/1461 1463/1463/1463
f 1461/1461/1461 1464/1464/1464 1463/1463/1463
f 1461/1461/1461 1460/1460/1460 1464/1464/1464
f 1463/1463/1463 1464/1464/1464 1465/1465/1465
f 1460/1460/1460 1466/1466/1466 1464/1464/1464
f 1466/1466/1466 1460/1460/1460 1456/1456/1456
f 1467/1467/1467 1465/1465/1465 1464/1464/1464
f 1464/1464/1464 1466/1466/1466 1467/1467/1467
f 1465/1465/1465 1467/1467/1467 1468/1468/1468
f 1469/1469/1469 1466/1466/1466 1456/1456/1456
f 1456/1456/1456 1470/1470/1470 1469/1469/1469
f 1470/1470/1470 1471/1471/1471 1469/1469/1469
f 1472/1472/1472 1468/1468/1468 1467/1467/1467
f 1472/1472/1472 1473/1473/1473 1468/1468/1468
f 1474/1474/1474 1469/1469/1469 1471/1471/1471
f 1475/1475/1475 1473/1473/1473 1472/1472/1472
f 1476/1476/1476 1473/1473/1473 1475/1475/1475
f 1469/1469/1469 1477/1477/1477 1466/1466/1466
f 1469/1469/1469 1474/1474/1474 1477/1477/1477
f 1475/1475/1475 1478/1478/1478 1476/1476/1476
f 1478/1478/1478 1479/1479/1479 1476/1476/1476
f 1477/1477/1477 1480/1480/1480 1466/1466/1466
f 1466/1466/1466 1480/1480/1480 1467/1467/1467
f 1474/1474/1474 1481/1481/1481 1477/1477/1477
f 1480/1480/1480 1482/1482/1482 1467/1467/1467
f 1482/1482/1482 1472/1472/1472 1467/1467/1467
f 1483/1483/1483 1480/1480/1480 1477/1477/1477
f 1481/1481/1481 1483/1483/1483 1477/1477/1477
f 1483/1483/1483 1484/1484/1484 1480/1480/1480
f 1482/1482/1482 1480/1480/1480 1484/1484/1484
f 1483/1483/1483 1481/1481/1481 1485/1485/1485
f 1485/1485/1485 1484/1484/1484 1483/1483/1483
f 1481/1481/1481 1474/1474/1474 1485/1485/1485
f 1486/1486/1486 1472/1472/1472 1482/1482/1482
f 1475/1475/1475 1472/1472/1472 1486/1486/1486
f 1487/1487/1487 1486/1486/1486 1482/1482/1482
f 1487/1487/1487 1482/1482/1482 1484/1484/1484
f 1488/1488/1488 1475/1475/1475 1486/1486/1486
f 1488/1488/1488 1486/1486/1486 1487/1487/1487
f 1475/1475/1475 1488/1488/1488 1478/1478/1478
f 1484/1484/1484 1489/1489/1489 1487/1487/1487
f 1490/1490/1490 1478/1478/1478 1488/1488/1488
f 1490/1490/1490 1479/1479/1479 1478/1478/1478
f 1487/1487/1487 1491/1491/1491 1488/1488/1488
f 1490/1490/1490 1488/1488/1488 1491/1491/1491
f 1484/1484/1484 1492/1492/1492 1489/1489/1489
f 1485/1485/1485 1492/1492/1492 1484/1484/1484
f 1487/1487/1487 1489/1489/1489 1493/1493/1493
f 1494/1494/1494 1489/1489/1489 1492/1492/1492
f 1489/1489/1489 1494/1494/1494 1493/1493/1493
f 1485/1485/1485 1495/1495/1495 1492/1492/1492
f 1494/1494/1494 1492/1492/1492 1495/1495/1495
f 1487/1487/1487 1493/1493/1493 1496/1496/1496
f 1491/1491/1491 1487/1487/1487 1496/1496/1496
f 1497/1497/1497 1493/1493/1493 1494/1494/1494
f 1497/1497/1497 1496/1496/1496 1493/1493/1493
f 1494/1494/1494 1495/1495/1495 1498/1498/1498
f 1497/1497/1497 1494/1494/1494 1498/1498/1498
f 1498/1498/1498 1495/1495/1495 1499/1499/1499
f 1498/1498/1498 1500/1500/1500 1497/1497/1497
f 1485/1485/1485 1501/1501/1501 1495/1495/1495
f 1499/1499/1499 1495/1495/1495 1501/1501/1501
f 1501/1501/1501 1485/1485/1485 1474/1474/1474
f 1474/1474/1474 1502/1502/1502 1501/1501/1501
f 1501/1501/1501 1502/1502/1502 1499/1499/1499
f 1502/1502/1502 1474/1474/1474 1471/1471/1471
f 1471/1471/1471 1503/1503/1503 1502/1502/1502
f 1502/1502/1502 1503/1503/1503 1504/1504/1504
f 1505/1505/1505 1499/1499/1499 1502/1502/1502
f 1504/1504/1504 1505/1505/1505 1502/1502/1502
f 1505/1505/1505 1506/1506/1506 1499/1499/1499
f 1505/1505/1505 1504/1504/1504 1506/1506/1506
f 1507/1507/1507 1506/1506/1506 1504/1504/1504
f 1497/1497/1497 1508/1508/1508 1496/1496/1496
f 1496/1496/1496 1508/1508/1508 1491/1491/1491
f 1509/1509/1509 1508/1508/1508 1497/1497/1497
f 1497/1497/1497 1500/1500/1500 1509/1509/1509
f 1491/1491/1491 1508/1508/1508 1510/1510/1510
f 1510/1510/1510 1490/1490/1490 1491/1491/1491
f 1511/1511/1511 1509/1509/1509 1500/1500/1500
f 1511/1511/1511 1500/1500/1500 1512/1512/1512
f 1512/1512/1512 1513/1513/1513 1511/1511/1511
f 1511/1511/1511 1513/1513/1513 1514/1514/1514
f 1515/1515/1515 1513/1513/1513 1512/1512/1512
f 1514/1514/1514 1513/1513/1513 1516/1516/1516
f 1514/1514/1514 1516/1516/1516 1509/1509/1509
f 1515/1515/1515 1516/1516/1516 1513/1513/1513
f 1517/1517/1517 1515/1515/1515 1512/1512/1512
f 1509/1509/1509 1516/1516/1516 1518/1518/1518
f 1519/1519/1519 1509/1509/1509 1518/1518/1518
f 1509/1509/1509 1519/1519/1519 1508/1508/1508
f 1519/1519/1519 1520/1520/1520 1508/1508/1508
f 1519/1519/1519 1518/1518/1518 1520/1520/1520
f 1510/1510/1510 1508/1508/1508 1520/1520/1520
f 1521/1521/1521 1518/1518/1518 1516/1516/1516
f 1518/1518/1518 1521/1521/1521 1520/1520/1520
f 1522/1522/1522 1521/1521/1521 1516/1516/1516
f 1516/1516/1516 1515/1515/1515 1522/1522/1522
f 1523/1523/1523 1520/1520/1520 1521/1521/1521
f 1524/1524/1524 1510/1510/1510 1520/1520/1520
f 1520/1520/1520 1523/1523/1523 1524/1524/1524
f 1510/1510/1510 1524/1524/1524 1490/1490/1490
f 1525/1525/1525 1523/1523/1523 1521/1521/1521
f 1522/1522/1522 1525/1525/1525 1521/1521/1521
f 1526/1526/1526 1524/1524/1524 1523/1523/1523
f 1523/1523/1523 1525/1525/1525 1526/1526/1526
f 1524/1524/1524 1527/1527/1527 1490/1490/1490
f 1524/1524/1524 1526/1526/1526 1528/1528/1528
f 1527/1527/1527 1524/1524/1524 1528/1528/1528
f 1525/1525/1525 1529/1529/1529 1526/1526/1526
f 1526/1526/1526 1529/1529/1529 1528/1528/1528
f 1527/1527/1527 1530/1530/1530 1490/1490/1490
f 1479/1479/1479 1490/1490/1490 1530/1530/1530
f 1531/1531/1531 1479/1479/1479 1530/1530/1530
f 1528/1528/1528 1532/1532/1532 1527/1527/1527
f 1530/1530/1530 1527/1527/1527 1532/1532/1532
f 1530/1530/1530 1533/1533/1533 1531/1531/1531
f 1533/1533/1533 1530/1530/1530 1532/1532/1532
f 1533/1533/1533 1534/1534/1534 1531/1531/1531
f 1532/1532/1532 1528/1528/1528 1535/1535/1535
f 1533/1533/1533 1532/1532/1532 1535/1535/1535
f 1528/1528/1528 1529/1529/1529 1535/1535/1535
f 1535/1535/1535 1536/1536/1536 1533/1533/1533
f 1534/1534/1534 1533/1533/1533 1536/1536/1536
f 1529/1529/1529 1537/1537/1537 1535/1535/1535
f 1536/1536/1536 1535/1535/1535 1537/1537/1537
f 1534/1534/1534 1536/1536/1536 1538/1538/1538
f 1538/1538/1538 1536/1536/1536 1537/1537/1537
f 1538/1538/1538 1539/1539/1539 1534/1534/1534
f 1540/1540/1540 1534/1534/1534 1539/1539/1539
f 1537/1537/1537 1529/1529/1529 1541/1541/1541
f 1529/1529/1529 1525/1525/1525 1541/1541/1541
f 1542/1542/1542 1540/1540/1540 1539/1539/1539
f 1540/1540/1540 1542/1542/1542 1543/1543/1543
f 1544/1544/1544 1539/1539/1539 1538/1538/1538
f 1539/1539/1539 1544/1544/1544 1542/1542/1542
f 1537/1537/1537 1545/1545/1545 1538/1538/1538
f 1538/1538/1538 1545/1545/1545 1544/1544/1544
f 1545/1545/1545 1537/1537/1537 1541/1541/1541
f 1542/1542/1542 1544/1544/1544 1546/1546/1546
f 1525/1525/1525 1547/1547/1547 1541/1541/1541
f 1547/1547/1547 1525/1525/1525 1522/1522/1522
f 1547/1547/1547 1522/1522/1522 1515/1515/1515
f 1548/1548/1548 1547/1547/1547 1515/1515/1515
f 1515/1515/1515 1517/1517/1517 1548/1548/1548
f 1549/1549/1549 1541/1541/1541 1547/1547/1547
f 1547/1547/1547 1548/1548/1548 1549/1549/1549
f 1517/1517/1517 1549/1549/1549 1548/1548/1548
f 1545/1545/1545 1541/1541/1541 1549/1549/1549
f 1517/1517/1517 1550/1550/1550 1549/1549/1549
f 1550/1550/1550 1517/1517/1517 1551/1551/1551
f 1549/1549/1549 1550/1550/1550 1552/1552/1552
f 1545/1545/1545 1549/1549/1549 1552/1552/1552
f 1552/1552/1552 1550/1550/1550 1553/1553/1553
f 1552/1552/1552 1553/1553/1553 1545/1545/1545
f 1551/1551/1551 1553/1553/1553 1550/1550/1550
f 1554/1554/1554 1544/1544/1544 1545/1545/1545
f 1554/1554/1554 1545/1545/1545 1553/1553/1553
f 1544/1544/1544 1554/1554/1554 1546/1546/1546
f 1555/1555/1555 1553/1553/1553 1551/1551/1551
f 1555/1555/1555 1551/1551/1551 1556/1556/1556
f 1557/1557/1557 1554/1554/1554 1553/1553/1553
f 1553/1553/1553 1555/1555/1555 1557/1557/1557
f 1555/1555/1555 1556/1556/1556 1558/1558/1558
f 1558/1558/1558 1557/1557/1557 1555/1555/1555
f 1556/1556/1556 1559/1559/1559 1558/1558/1558
f 1557/1557/1557 1558/1558/1558 1559/1559/1559
f 1559/1559/1559 1556/1556/1556 1560/1560/1560
f 1557/1557/1557 1561/1561/1561 1554/1554/1554
f 1557/1557/1557 1559/1559/1559 1561/1561/1561
f 1554/1554/1554 1561/1561/1561 1546/1546/1546
f 1561/1561/1561 1559/1559/1559 1562/1562/1562
f 1561/1561/1561 1563/1563/1563 1546/1546/1546
f 1561/1561/1561 1562/1562/1562 1563/1563/1563
f 1562/1562/1562 1559/1559/1559 1564/1564/1564
f 1560/1560/1560 1564/1564/1564 1559/1559/1559
f 1563/1563/1563 1562/1562/1562 1565/1565/1565
f 1562/1562/1562 1564/1564/1564 1565/1565/1565
f 1560/1560/1560 1566/1566/1566 1564/1564/1564
f 1565/1565/1565 1564/1564/1564 1566/1566/1566
f 1567/1567/1567 1566/1566/1566 1560/1560/1560
f 1566/1566/1566 1567/1567/1567 1565/1565/1565
f 1560/1560/1560 1568/1568/1568 1567/1567/1567
f 1565/1565/1565 1569/1569/1569 1563/1563/1563
f 1565/1565/1565 1567/1567/1567 1569/1569/1569
f 1567/1567/1567 1568/1568/1568 1570/1570/1570
f 1568/1568/1568 1571/1571/1571 1570/1570/1570
f 1567/1567/1567 1572/1572/1572 1569/1569/1569
f 1567/1567/1567 1570/1570/1570 1572/1572/1572
f 1563/1563/1563 1569/1569/1569 1573/1573/1573
f 1573/1573/1573 1546/1546/1546 1563/1563/1563
f 1574/1574/1574 1569/1569/1569 1572/1572/1572
f 1575/1575/1575 1546/1546/1546 1573/1573/1573
f 1542/1542/1542 1546/1546/1546 1575/1575/1575
f 1542/1542/1542 1575/1575/1575 1543/1543/1543
f 1576/1576/1576 1543/1543/1543 1575/1575/1575
f 1573/1573/1573 1576/1576/1576 1575/1575/1575
f 1577/1577/1577 1543/1543/1543 1576/1576/1576
f 1577/1577/1577 1576/1576/1576 1578/1578/1578
f 1576/1576/1576 1579/1579/1579 1578/1578/1578
f 1576/1576/1576 1573/1573/1573 1579/1579/1579
f 1578/1578/1578 1579/1579/1579 1580/1580/1580
f 1581/1581/1581 1578/1578/1578 1580/1580/1580
f 1579/1579/1579 1582/1582/1582 1580/1580/1580
f 1580/1580/1580 1582/1582/1582 1581/1581/1581
f 1579/1579/1579 1573/1573/1573 1582/1582/1582
f 1582/1582/1582 1583/1583/1583 1581/1581/1581
f 1573/1573/1573 1584/1584/1584 1582/1582/1582
f 1584/1584/1584 1573/1573/1573 1569/1569/1569
f 1569/1569/1569 1574/1574/1574 1584/1584/1584
f 1582/1582/1582 1584/1584/1584 1585/1585/1585
f 1584/1584/1584 1574/1574/1574 1585/1585/1585
f 1583/1583/1583 1582/1582/1582 1585/1585/1585
f 1586/1586/1586 1585/1585/1585 1574/1574/1574
f 1583/1583/1583 1585/1585/1585 1587/1587/1587
f 1574/1574/1574 1588/1588/1588 1586/1586/1586
f 1572/1572/1572 1588/1588/1588 1574/1574/1574
f 1588/1588/1588 1572/1572/1572 1570/1570/1570
f 1585/1585/1585 1586/1586/1586 1589/1589/1589
f 1586/1586/1586 1588/1588/1588 1589/1589/1589
f 1589/1589/1589 1587/1587/1587 1585/1585/1585
f 1590/1590/1590 1588/1588/1588 1570/1570/1570
f 1588/1588/1588 1590/1590/1590 1589/1589/1589
f 1591/1591/1591 1583/1583/1583 1587/1587/1587
f 1583/1583/1583 1591/1591/1591 1592/1592/1592
f 1587/1587/1587 1589/1589/1589 1593/1593/1593
f 1587/1587/1587 1593/1593/1593 1591/1591/1591
f 1591/1591/1591 1594/1594/1594 1592/1592/1592
f 1593/1593/1593 1594/1594/1594 1591/1591/1591
f 1594/1594/1594 1595/1595/1595 1592/1592/1592
f 1596/1596/1596 1593/1593/1593 1589/1589/1589
f 1595/1595/1595 1594/1594/1594 1597/1597/1597
f 1598/1598/1598 1596/1596/1596 1589/1589/1589
f 1589/1589/1589 1590/1590/1590 1598/1598/1598
f 1599/1599/1599 1595/1595/1595 1597/1597/1597
f 1600/1600/1600 1595/1595/1595 1599/1599/1599
f 1597/1597/1597 1594/1594/1594 1601/1601/1601
f 1601/1601/1601 1599/1599/1599 1597/1597/1597
f 1593/1593/1593 1601/1601/1601 1594/1594/1594
f 1599/1599/1599 1602/1602/1602 1600/1600/1600
f 1600/1600/1600 1602/1602/1602 1603/1603/1603
f 1599/1599/1599 1601/1601/1601 1604/1604/1604
f 1599/1599/1599 1604/1604/1604 1602/1602/1602
f 1593/1593/1593 1605/1605/1605 1601/1601/1601
f 1605/1605/1605 1593/1593/1593 1596/1596/1596
f 1606/1606/1606 1601/1601/1601 1605/1605/1605
f 1601/1601/1601 1606/1606/1606 1604/1604/1604
f 1596/1596/1596 1607/1607/1607 1605/1605/1605
f 1607/1607/1607 1606/1606/1606 1605/1605/1605
f 1607/1607/1607 1596/1596/1596 1598/1598/1598
f 1608/1608/1608 1607/1607/1607 1598/1598/1598
f 1608/1608/1608 1598/1598/1598 1590/1590/1590
f 1606/1606/1606 1607/1607/1607 1609/1609/1609
f 1609/1609/1609 1607/1607/1607 1608/1608/1608
f 1610/1610/1610 1604/1604/1604 1606/1606/1606
f 1609/1609/1609 1610/1610/1610 1606/1606/1606
f 1590/1590/1590 1611/1611/1611 1608/1608/1608
f 1611/1611/1611 1590/1590/1590 1612/1612/1612
f 1612/1612/1612 1590/1590/1590 1570/1570/1570
f 1612/1612/1612 1570/1570/1570 1571/1571/1571
f 1611/1611/1611 1612/1612/1612 1571/1571/1571
f 1613/1613/1613 1611/1611/1611 1571/1571/1571
f 1613/1613/1613 1608/1608/1608 1611/1611/1611
f 1613/1613/1613 1614/1614/1614 1608/1608/1608
f 1609/1609/1609 1608/1608/1608 1614/1614/1614
f 1614/1614/1614 1615/1615/1615 1609/1609/1609
f 1610/1610/1610 1609/1609/1609 1615/1615/1615
f 1614/1614/1614 1616/1616/1616 1615/1615/1615
f 1617/1617/1617 1616/1616/1616 1614/1614/1614
f 1618/1618/1618 1610/1610/1610 1615/1615/1615
f 1618/1618/1618 1615/1615/1615 1616/1616/1616
f 1619/1619/1619 1610/1610/1610 1618/1618/1618
f 1604/1604/1604 1610/1610/1610 1619/1619/1619
f 1620/1620/1620 1618/1618/1618 1616/1616/1616
f 1620/1620/1620 1619/1619/1619 1618/1618/1618
f 1621/1621/1621 1604/1604/1604 1619/1619/1619
f 1602/1602/1602 1604/1604/1604 1621/1621/1621
f 1619/1619/1619 1622/1622/1622 1621/1621/1621
f 1622/1622/1622 1619/1619/1619 1620/1620/1620
f 1621/1621/1621 1623/1623/1623 1602/1602/1602
f 1623/1623/1623 1621/1621/1621 1622/1622/1622
f 1602/1602/1602 1623/1623/1623 1603/1603/1603
f 1624/1624/1624 1603/1603/1603 1623/1623/1623
f 1622/1622/1622 1620/1620/1620 1625/1625/1625
f 1625/1625/1625 1623/1623/1623 1622/1622/1622
f 1623/1623/1623 1626/1626/1626 1624/1624/1624
f 1626/1626/1626 1623/1623/1623 1625/1625/1625
f 1627/1627/1627 1624/1624/1624 1626/1626/1626
f 1628/1628/1628 1625/1625/1625 1620/1620/1620
f 1628/1628/1628 1620/1620/1620 1616/1616/1616
f 1617/1617/1617 1628/1628/1628 1616/1616/1616
f 1626/1626/1626 1629/1629/1629 1627/1627/1627
f 1630/1630/1630 1627/1627/1627 1629/1629/1629
f 1625/1625/1625 1631/1631/1631 1626/1626/1626
f 1629/1629/1629 1626/1626/1626 1631/1631/1631
f 1632/1632/1632 1625/1625/1625 1628/1628/1628
f 1625/1625/1625 1632/1632/1632 1631/1631/1631
f 1633/1633/1633 1632/1632/1632 1628/1628/1628
f 1628/1628/1628 1617/1617/1617 1633/1633/1633
f 1634/1634/1634 1631/1631/1631 1632/1632/1632
f 1634/1634/1634 1632/1632/1632 1633/1633/1633
f 1635/1635/1635 1633/1633/1633 1617/1617/1617
f 1636/1636/1636 1635/1635/1635 1617/1617/1617
f 1633/1633/1633 1635/1635/1635 1637/1637/1637
f 1636/1636/1636 1637/1637/1637 1635/1635/1635
f 1634/1634/1634 1633/1633/1633 1637/1637/1637
f 1636/1636/1636 1638/1638/1638 1637/1637/1637
f 1637/1637/1637 1638/1638/1638 1634/1634/1634
f 1636/1636/1636 1639/1639/1639 1638/1638/1638
f 1631/1631/1631 1634/1634/1634 1640/1640/1640
f 1629/1629/1629 1631/1631/1631 1640/1640/1640
f 1638/1638/1638 1641/1641/1641 1634/1634/1634
f 1641/1641/1641 1640/1640/1640 1634/1634/1634
f 1639/1639/1639 1642/1642/1642 1638/1638/1638
f 1641/1641/1641 1638/1638/1638 1642/1642/1642
f 1639/1639/1639 1643/1643/1643 1642/1642/1642
f 1641/1641/1641 1642/1642/1642 1643/1643/1643
f 1639/1639/1639 1644/1644/1644 1643/1643/1643
f 1643/1643/1643 1645/1645/1645 1641/1641/1641
f 1645/1645/1645 1643/1643/1643 1644/1644/1644
f 1641/1641/1641 1646/1646/1646 1640/1640/1640
f 1645/1645/1645 1646/1646/1646 1641/1641/1641
f 1646/1646/1646 1647/1647/1647 1640/1640/1640
f 1629/1629/1629 1640/1640/1640 1647/1647/1647
f 1648/1648/1648 1647/1647/1647 1646/1646/1646
f 1646/1646/1646 1645/1645/1645 1648/1648/1648
f 1649/1649/1649 1629/1629/1629 1647/1647/1647
f 1647/1647/1647 1648/1648/1648 1649/1649/1649
f 1649/1649/1649 1630/1630/1630 1629/1629/1629
f 1630/1630/1630 1649/1649/1649 1650/1650/1650
f 1649/1649/1649 1648/1648/1648 1650/1650/1650
f 1651/1651/1651 1630/1630/1630 1650/1650/1650
f 1650/1650/1650 1652/1652/1652 1651/1651/1651
f 1651/1651/1651 1652/1652/1652 1653/1653/1653
f 1650/1650/1650 1654/1654/1654 1652/1652/1652
f 1654/1654/1654 1650/1650/1650 1648/1648/1648
f 1652/1652/1652 1655/1655/1655 1653/1653/1653
f 1655/1655/1655 1652/1652/1652 1654/1654/1654
f 1656/1656/1656 1653/1653/1653 1655/1655/1655
f 1656/1656/1656 1657/1657/1657 1653/1653/1653
f 1654/1654/1654 1658/1658/1658 1655/1655/1655
f 1654/1654/1654 1648/1648/1648 1659/1659/1659
f 1659/1659/1659 1658/1658/1658 1654/1654/1654
f 1660/1660/1660 1655/1655/1655 1658/1658/1658
f 1660/1660/1660 1656/1656/1656 1655/1655/1655
f 1661/1661/1661 1658/1658/1658 1659/1659/1659
f 1658/1658/1658 1661/1661/1661 1660/1660/1660
f 1648/1648/1648 1662/1662/1662 1659/1659/1659
f 1661/1661/1661 1659/1659/1659 1662/1662/1662
f 1648/1648/1648 1663/1663/1663 1662/1662/1662
f 1645/1645/1645 1663/1663/1663 1648/1648/1648
f 1661/1661/1661 1662/1662/1662 1664/1664/1664
f 1661/1661/1661 1664/1664/1664 1660/1660/1660
f 1663/1663/1663 1665/1665/1665 1662/1662/1662
f 1662/1662/1662 1665/1665/1665 1664/1664/1664
f 1645/1645/1645 1666/1666/1666 1663/1663/1663
f 1644/1644/1644 1666/1666/1666 1645/1645/1645
f 1666/1666/1666 1667/1667/1667 1663/1663/1663
f 1667/1667/1667 1665/1665/1665 1663/1663/1663
f 1644/1644/1644 1668/1668/1668 1666/1666/1666
f 1667/1667/1667 1666/1666/1666 1668/1668/1668
f 1668/1668/1668 1644/1644/1644 1669/1669/1669
f 1669/1669/1669 1644/1644/1644 1639/1639/1639
f 1668/1668/1668 1670/1670/1670 1667/1667/1667
f 1667/1667/1667 1670/1670/1670 1665/1665/1665
f 1670/1670/1670 1668/1668/1668 1669/1669/1669
f 1639/1639/1639 1671/1671/1671 1669/1669/1669
f 1665/1665/1665 1670/1670/1670 1672/1672/1672
f 1672/1672/1672 1664/1664/1664 1665/1665/1665
f 1670/1670/1670 1669/1669/1669 1673/1673/1673
f 1672/1672/1672 1670/1670/1670 1673/1673/1673
f 1674/1674/1674 1673/1673/1673 1669/1669/1669
f 1674/1674/1674 1669/1669/1669 1671/1671/1671
f 1673/1673/1673 1675/1675/1675 1672/1672/1672
f 1674/1674/1674 1676/1676/1676 1673/1673/1673
f 1676/1676/1676 1675/1675/1675 1673/1673/1673
f 1677/1677/1677 1674/1674/1674 1671/1671/1671
f 1674/1674/1674 1677/1677/1677 1676/1676/1676
f 1678/1678/1678 1672/1672/1672 1675/1675/1675
f 1664/1664/1664 1672/1672/1672 1678/1678/1678
f 1675/1675/1675 1676/1676/1676 1679/1679/1679
f 1679/1679/1679 1678/1678/1678 1675/1675/1675
f 1678/1678/1678 1680/1680/1680 1664/1664/1664
f 1664/1664/1664 1680/1680/1680 1660/1660/1660
f 1678/1678/1678 1681/1681/1681 1680/1680/1680
f 1681/1681/1681 1678/1678/1678 1679/1679/1679
f 1680/1680/1680 1682/1682/1682 1660/1660/1660
f 1680/1680/1680 1681/1681/1681 1682/1682/1682
f 1660/1660/1660 1682/1682/1682 1656/1656/1656
f 1679/1679/1679 1683/1683/1683 1681/1681/1681
f 1682/1682/1682 1684/1684/1684 1656/1656/1656
f 1656/1656/1656 1684/1684/1684 1657/1657/1657
f 1681/1681/1681 1685/1685/1685 1682/1682/1682
f 1684/1684/1684 1682/1682/1682 1685/1685/1685
f 1681/1681/1681 1683/1683/1683 1685/1685/1685
f 1657/1657/1657 1684/1684/1684 1686/1686/1686
f 1685/1685/1685 1686/1686/1686 1684/1684/1684
f 1687/1687/1687 1657/1657/1657 1686/1686/1686
f 1688/1688/1688 1657/1657/1657 1687/1687/1687
f 1686/1686/1686 1685/1685/1685 1689/1689/1689
f 1689/1689/1689 1685/1685/1685 1683/1683/1683
f 1687/1687/1687 1686/1686/1686 1690/1690/1690
f 1690/1690/1690 1686/1686/1686 1689/1689/1689
f 1687/1687/1687 1691/1691/1691 1688/1688/1688
f 1690/1690/1690 1691/1691/1691 1687/1687/1687
f 1691/1691/1691 1692/1692/1692 1688/1688/1688
f 1690/1690/1690 1692/1692/1692 1691/1691/1691
f 1693/1693/1693 1688/1688/1688 1692/1692/1692
f 1690/1690/1690 1689/1689/1689 1694/1694/1694
f 1683/1683/1683 1694/1694/1694 1689/1689/1689
f 1692/1692/1692 1690/1690/1690 1695/1695/1695
f 1694/1694/1694 1695/1695/1695 1690/1690/1690
f 1693/1693/1693 1692/1692/1692 1696/1696/1696
f 1697/1697/1697 1693/1693/1693 1696/1696/1696
f 1692/1692/1692 1695/1695/1695 1698/1698/1698
f 1697/1697/1697 1696/1696/1696 1699/1699/1699
f 1700/1700/1700 1697/1697/1697 1699/1699/1699
f 1696/1696/1696 1692/1692/1692 1701/1701/1701
f 1701/1701/1701 1692/1692/1692 1698/1698/1698
f 1700/1700/1700 1699/1699/1699 1702/1702/1702
f 1700/1700/1700 1702/1702/1702 1703/1703/1703
f 1696/1696/1696 1704/1704/1704 1699/1699/1699
f 1701/1701/1701 1704/1704/1704 1696/1696/1696
f 1702/1702/1702 1699/1699/1699 1705/1705/1705
f 1705/1705/1705 1703/1703/1703 1702/1702/1702
f 1704/1704/1704 1705/1705/1705 1699/1699/1699
f 1701/1701/1701 1698/1698/1698 1706/1706/1706
f 1698/1698/1698 1695/1695/1695 1706/1706/1706
f 1701/1701/1701 1707/1707/1707 1704/1704/1704
f 1701/1701/1701 1706/1706/1706 1707/1707/1707
f 1705/1705/1705 1704/1704/1704 1708/1708/1708
f 1707/1707/1707 1708/1708/1708 1704/1704/1704
f 1709/1709/1709 1703/1703/1703 1705/1705/1705
f 1703/1703/1703 1709/1709/1709 1710/1710/1710
f 1708/1708/1708 1711/1711/1711 1705/1705/1705
f 1709/1709/1709 1705/1705/1705 1711/1711/1711
f 1707/1707/1707 1712/1712/1712 1708/1708/1708
f 1713/1713/1713 1711/1711/1711 1708/1708/1708
f 1713/1713/1713 1708/1708/1708 1712/1712/1712
f 1714/1714/1714 1707/1707/1707 1706/1706/1706
f 1707/1707/1707 1714/1714/1714 1712/1712/1712
f 1706/1706/1706 1695/1695/1695 1715/1715/1715
f 1706/1706/1706 1716/1716/1716 1714/1714/1714
f 1715/1715/1715 1716/1716/1716 1706/1706/1706
f 1717/1717/1717 1715/1715/1715 1695/1695/1695
f 1695/1695/1695 1694/1694/1694 1717/1717/1717
f 1718/1718/1718 1715/1715/1715 1717/1717/1717
f 1715/1715/1715 1718/1718/1718 1716/1716/1716
f 1717/1717/1717 1694/1694/1694 1719/1719/1719
f 1719/1719/1719 1718/1718/1718 1717/1717/1717
f 1720/1720/1720 1716/1716/1716 1718/1718/1718
f 1718/1718/1718 1719/1719/1719 1720/1720/1720
f 1720/1720/1720 1721/1721/1721 1716/1716/1716
f 1714/1714/1714 1716/1716/1716 1721/1721/1721
f 1722/1722/1722 1720/1720/1720 1719/1719/1719
f 1721/1721/1721 1720/1720/1720 1722/1722/1722
f 1719/1719/1719 1694/1694/1694 1723/1723/1723
f 1683/1683/1683 1723/1723/1723 1694/1694/1694
f 1719/1719/1719 1723/1723/1723 1724/1724/1724
f 1719/1719/1719 1724/1724/1724 1722/1722/1722
f 1725/1725/1725 1723/1723/1723 1683/1683/1683
f 1725/1725/1725 1724/1724/1724 1723/1723/1723
f 1679/1679/1679 1725/1725/1725 1683/1683/1683
f 1679/1679/1679 1676/1676/1676 1725/1725/1725
f 1726/1726/1726 1725/1725/1725 1676/1676/1676
f 1724/1724/1724 1725/1725/1725 1726/1726/1726
f 1676/1676/1676 1677/1677/1677 1726/1726/1726
f 1724/1724/1724 1726/1726/1726 1727/1727/1727
f 1727/1727/1727 1722/1722/1722 1724/1724/1724
f 1728/1728/1728 1726/1726/1726 1677/1677/1677
f 1728/1728/1728 1727/1727/1727 1726/1726/1726
f 1728/1728/1728 1677/1677/1677 1671/1671/1671
f 1671/1671/1671 1729/1729/1729 1728/1728/1728
f 1728/1728/1728 1729/1729/1729 1727/1727/1727
f 1730/1730/1730 1729/1729/1729 1671/1671/1671
f 1727/1727/1727 1729/1729/1729 1730/1730/1730
f 1722/1722/1722 1727/1727/1727 1730/1730/1730
f 1731/1731/1731 1722/1722/1722 1730/1730/1730
f 1722/1722/1722 1731/1731/1731 1721/1721/1721
f 1731/1731/1731 1732/1732/1732 1721/1721/1721
f 1732/1732/1732 1714/1714/1714 1721/1721/1721
f 1731/1731/1731 1733/1733/1733 1732/1732/1732
f 1732/1732/1732 1712/1712/1712 1714/1714/1714
f 1734/1734/1734 1732/1732/1732 1733/1733/1733
f 1712/1712/1712 1732/1732/1732 1735/1735/1735
f 1732/1732/1732 1734/1734/1734 1735/1735/1735
f 1734/1734/1734 1733/1733/1733 1736/1736/1736
f 1735/1735/1735 1734/1734/1734 1736/1736/1736
f 1733/1733/1733 1737/1737/1737 1736/1736/1736
f 1712/1712/1712 1735/1735/1735 1738/1738/1738
f 1738/1738/1738 1735/1735/1735 1736/1736/1736
f 1738/1738/1738 1713/1713/1713 1712/1712/1712
f 1736/1736/1736 1737/1737/1737 1739/1739/1739
f 1738/1738/1738 1736/1736/1736 1739/1739/1739
f 1739/1739/1739 1737/1737/1737 1740/1740/1740
f 1737/1737/1737 1741/1741/1741 1740/1740/1740
f 1739/1739/1739 1742/1742/1742 1738/1738/1738
f 1739/1739/1739 1740/1740/1740 1742/1742/1742
f 1743/1743/1743 1713/1713/1713 1738/1738/1738
f 1743/1743/1743 1738/1738/1738 1742/1742/1742
f 1744/1744/1744 1742/1742/1742 1740/1740/1740
f 1743/1743/1743 1742/1742/1742 1744/1744/1744
f 1743/1743/1743 1745/1745/1745 1713/1713/1713
f 1743/1743/1743 1744/1744/1744 1745/1745/1745
f 1711/1711/1711 1713/1713/1713 1745/1745/1745
f 1740/1740/1740 1746/1746/1746 1744/1744/1744
f 1745/1745/1745 1744/1744/1744 1746/1746/1746
f 1741/1741/1741 1746/1746/1746 1740/1740/1740
f 1745/1745/1745 1747/1747/1747 1711/1711/1711
f 1746/1746/1746 1747/1747/1747 1745/1745/1745
f 1709/1709/1709 1711/1711/1711 1747/1747/1747
f 1741/1741/1741 1748/1748/1748 1746/1746/1746
f 1748/1748/1748 1741/1741/1741 1749/1749/1749
f 1750/1750/1750 1747/1747/1747 1746/1746/1746
f 1751/1751/1751 1746/1746/1746 1748/1748/1748
f 1746/1746/1746 1751/1751/1751 1750/1750/1750
f 1747/1747/1747 1752/1752/1752 1709/1709/1709
f 1747/1747/1747 1750/1750/1750 1752/1752/1752
f 1748/1748/1748 1753/1753/1753 1751/1751/1751
f 1753/1753/1753 1748/1748/1748 1749/1749/1749
f 1750/1750/1750 1751/1751/1751 1754/1754/1754
f 1750/1750/1750 1754/1754/1754 1752/1752/1752
f 1755/1755/1755 1751/1751/1751 1753/1753/1753
f 1751/1751/1751 1755/1755/1755 1754/1754/1754
f 1753/1753/1753 1756/1756/1756 1755/1755/1755
f 1754/1754/1754 1755/1755/1755 1757/1757/1757
f 1755/1755/1755 1756/1756/1756 1757/1757/1757
f 1753/1753/1753 1758/1758/1758 1756/1756/1756
f 1757/1757/1757 1756/1756/1756 1758/1758/1758
f 1758/1758/1758 1753/1753/1753 1749/1749/1749
f 1757/1757/1757 1759/1759/1759 1754/1754/1754
f 1754/1754/1754 1759/1759/1759 1752/1752/1752
f 1757/1757/1757 1758/1758/1758 1760/1760/1760
f 1759/1759/1759 1757/1757/1757 1760/1760/1760
f 1749/1749/1749 1761/1761/1761 1758/1758/1758
f 1758/1758/1758 1761/1761/1761 1760/1760/1760
f 1761/1761/1761 1749/1749/1749 1762/1762/1762
f 1763/1763/1763 1762/1762/1762 1749/1749/1749
f 1764/1764/1764 1760/1760/1760 1761/1761/1761
f 1761/1761/1761 1762/1762/1762 1765/1765/1765
f 1759/1759/1759 1760/1760/1760 1766/1766/1766
f 1764/1764/1764 1766/1766/1766 1760/1760/1760
f 1767/1767/1767 1765/1765/1765 1762/1762/1762
f 1762/1762/1762 1763/1763/1763 1767/1767/1767
f 1761/1761/1761 1765/1765/1765 1768/1768/1768
f 1761/1761/1761 1768/1768/1768 1764/1764/1764
f 1769/1769/1769 1765/1765/1765 1767/1767/1767
f 1769/1769/1769 1768/1768/1768 1765/1765/1765
f 1767/1767/1767 1763/1763/1763 1770/1770/1770
f 1770/1770/1770 1769/1769/1769 1767/1767/1767
f 1770/1770/1770 1763/1763/1763 1771/1771/1771
f 1770/1770/1770 1771/1771/1771 1769/1769/1769
f 1763/1763/1763 1772/1772/1772 1771/1771/1771
f 1772/1772/1772 1773/1773/1773 1771/1771/1771
f 1773/1773/1773 1772/1772/1772 1774/1774/1774
f 1775/1775/1775 1769/1769/1769 1771/1771/1771
f 1775/1775/1775 1771/1771/1771 1773/1773/1773
f 1769/1769/1769 1775/1775/1775 1776/1776/1776
f 1776/1776/1776 1768/1768/1768 1769/1769/1769
f 1775/1775/1775 1773/1773/1773 1777/1777/1777
f 1775/1775/1775 1777/1777/1777 1776/1776/1776
f 1773/1773/1773 1774/1774/1774 1777/1777/1777
f 1776/1776/1776 1778/1778/1778 1768/1768/1768
f 1764/1764/1764 1768/1768/1768 1778/1778/1778
f 1779/1779/1779 1776/1776/1776 1777/1777/1777
f 1779/1779/1779 1778/1778/1778 1776/1776/1776
f 1780/1780/1780 1777/1777/1777 1774/1774/1774
f 1777/1777/1777 1780/1780/1780 1779/1779/1779
f 1764/1764/1764 1778/1778/1778 1781/1781/1781
f 1781/1781/1781 1778/1778/1778 1779/1779/1779
f 1766/1766/1766 1764/1764/1764 1781/1781/1781
f 1780/1780/1780 1774/1774/1774 1782/1782/1782
f 1783/1783/1783 1782/1782/1782 1774/1774/1774
f 1780/1780/1780 1782/1782/1782 1784/1784/1784
f 1783/1783/1783 1784/1784/1784 1782/1782/1782
f 1784/1784/1784 1785/1785/1785 1780/1780/1780
f 1779/1779/1779 1780/1780/1780 1785/1785/1785
f 1786/1786/1786 1784/1784/1784 1783/1783/1783
f 1787/1787/1787 1786/1786/1786 1783/1783/1783
f 1784/1784/1784 1788/1788/1788 1785/1785/1785
f 1788/1788/1788 1784/1784/1784 1786/1786/1786
f 1787/1787/1787 1789/1789/1789 1786/1786/1786
f 1790/1790/1790 1789/1789/1789 1787/1787/1787
f 1791/1791/1791 1786/1786/1786 1789/1789/1789
f 1786/1786/1786 1791/1791/1791 1788/1788/1788
f 1789/1789/1789 1790/1790/1790 1791/1791/1791
f 1785/1785/1785 1788/1788/1788 1792/1792/1792
f 1792/1792/1792 1779/1779/1779 1785/1785/1785
f 1788/1788/1788 1791/1791/1791 1793/1793/1793
f 1792/1792/1792 1788/1788/1788 1793/1793/1793
f 1794/1794/1794 1791/1791/1791 1790/1790/1790
f 1795/1795/1795 1792/1792/1792 1793/1793/1793
f 1793/1793/1793 1791/1791/1791 1796/1796/1796
f 1796/1796/1796 1791/1791/1791 1794/1794/1794
f 1797/1797/1797 1795/1795/1795 1793/1793/1793
f 1793/1793/1793 1796/1796/1796 1797/1797/1797
f 1792/1792/1792 1795/1795/1795 1798/1798/1798
f 1798/1798/1798 1779/1779/1779 1792/1792/1792
f 1795/1795/1795 1797/1797/1797 1799/1799/1799
f 1799/1799/1799 1798/1798/1798 1795/1795/1795
f 1800/1800/1800 1799/1799/1799 1797/1797/1797
f 1800/1800/1800 1797/1797/1797 1796/1796/1796
f 1801/1801/1801 1798/1798/1798 1799/1799/1799
f 1800/1800/1800 1801/1801/1801 1799/1799/1799
f 1802/1802/1802 1779/1779/1779 1798/1798/1798
f 1779/1779/1779 1802/1802/1802 1781/1781/1781
f 1802/1802/1802 1798/1798/1798 1803/1803/1803
f 1798/1798/1798 1801/1801/1801 1803/1803/1803
f 1804/1804/1804 1781/1781/1781 1802/1802/1802
f 1802/1802/1802 1803/1803/1803 1804/1804/1804
f 1805/1805/1805 1803/1803/1803 1801/1801/1801
f 1803/1803/1803 1806/1806/1806 1804/1804/1804
f 1806/1806/1806 1803/1803/1803 1805/1805/1805
f 1807/1807/1807 1805/1805/1805 1801/1801/1801
f 1807/1807/1807 1801/1801/1801 1800/1800/1800
f 1805/1805/1805 1807/1807/1807 1808/1808/1808
f 1809/1809/1809 1804/1804/1804 1806/1806/1806
f 1781/1781/1781 1804/1804/1804 1809/1809/1809
f 1806/1806/1806 1810/1810/1810 1809/1809/1809
f 1810/1810/1810 1806/1806/1806 1811/1811/1811
f 1812/1812/1812 1810/1810/1810 1811/1811/1811
f 1813/1813/1813 1781/1781/1781 1809/1809/1809
f 1766/1766/1766 1781/1781/1781 1813/1813/1813
f 1814/1814/1814 1809/1809/1809 1810/1810/1810
f 1809/1809/1809 1814/1814/1814 1813/1813/1813
f 1815/1815/1815 1810/1810/1810 1812/1812/1812
f 1815/1815/1815 1814/1814/1814 1810/1810/1810
f 1710/1710/1710 1815/1815/1815 1812/1812/1812
f 1816/1816/1816 1813/1813/1813 1814/1814/1814
f 1816/1816/1816 1766/1766/1766 1813/1813/1813
f 1814/1814/1814 1815/1815/1815 1816/1816/1816
f 1759/1759/1759 1766/1766/1766 1816/1816/1816
f 1759/1759/1759 1816/1816/1816 1752/1752/1752
f 1815/1815/1815 1710/1710/1710 1817/1817/1817
f 1817/1817/1817 1816/1816/1816 1815/1815/1815
f 1752/1752/1752 1816/1816/1816 1817/1817/1817
f 1710/1710/1710 1709/1709/1709 1817/1817/1817
f 1709/1709/1709 1752/1752/1752 1817/1817/1817
f 1818/1818/1818 1807/1807/1807 1800/1800/1800
f 1818/1818/1818 1800/1800/1800 1796/1796/1796
f 1818/1818/1818 1819/1819/1819 1807/1807/1807
f 1818/1818/1818 1796/1796/1796 1820/1820/1820
f 1821/1821/1821 1807/1807/1807 1819/1819/1819
f 1821/1821/1821 1808/1808/1808 1807/1807/1807
f 1818/1818/1818 1822/1822/1822 1819/1819/1819
f 1819/1819/1819 1822/1822/1822 1821/1821/1821
f 1822/1822/1822 1818/1818/1818 1820/1820/1820
f 1821/1821/1821 1823/1823/1823 1808/1808/1808
f 1808/1808/1808 1823/1823/1823 1824/1824/1824
f 1824/1824/1824 1823/1823/1823 1825/1825/1825
f 1796/1796/1796 1826/1826/1826 1820/1820/1820
f 1794/1794/1794 1826/1826/1826 1796/1796/1796
f 1827/1827/1827 1820/1820/1820 1826/1826/1826
f 1827/1827/1827 1822/1822/1822 1820/1820/1820
f 1826/1826/1826 1794/1794/1794 1828/1828/1828
f 1827/1827/1827 1829/1829/1829 1822/1822/1822
f 1828/1828/1828 1794/1794/1794 1830/1830/1830
f 1830/1830/1830 1794/1794/1794 1790/1790/1790
f 1831/1831/1831 1826/1826/1826 1828/1828/1828
f 1827/1827/1827 1826/1826/1826 1831/1831/1831
f 1831/1831/1831 1828/1828/1828 1830/1830/1830
f 1829/1829/1829 1827/1827/1827 1831/1831/1831
f 1830/1830/1830 1790/1790/1790 1832/1832/1832
f 1790/1790/1790 1833/1833/1833 1832/1832/1832
f 1834/1834/1834 1831/1831/1831 1830/1830/1830
f 1830/1830/1830 1832/1832/1832 1834/1834/1834
f 1831/1831/1831 1835/1835/1835 1829/1829/1829
f 1831/1831/1831 1834/1834/1834 1835/1835/1835
f 1836/1836/1836 1822/1822/1822 1829/1829/1829
f 1836/1836/1836 1829/1829/1829 1835/1835/1835
f 1836/1836/1836 1821/1821/1821 1822/1822/1822
f 1821/1821/1821 1836/1836/1836 1823/1823/1823
f 1835/1835/1835 1834/1834/1834 1837/1837/1837
f 1832/1832/1832 1837/1837/1837 1834/1834/1834
f 1835/1835/1835 1838/1838/1838 1836/1836/1836
f 1838/1838/1838 1835/1835/1835 1837/1837/1837
f 1836/1836/1836 1839/1839/1839 1823/1823/1823
f 1839/1839/1839 1836/1836/1836 1838/1838/1838
f 1837/1837/1837 1840/1840/1840 1838/1838/1838
f 1839/1839/1839 1838/1838/1838 1840/1840/1840
f 1840/1840/1840 1837/1837/1837 1832/1832/1832
f 1823/1823/1823 1839/1839/1839 1841/1841/1841
f 1841/1841/1841 1825/1825/1825 1823/1823/1823
f 1842/1842/1842 1841/1841/1841 1839/1839/1839
f 1841/1841/1841 1842/1842/1842 1825/1825/1825
f 1840/1840/1840 1843/1843/1843 1839/1839/1839
f 1842/1842/1842 1839/1839/1839 1843/1843/1843
f 1842/1842/1842 1844/1844/1844 1825/1825/1825
f 1845/1845/1845 1825/1825/1825 1844/1844/1844
f 1846/1846/1846 1842/1842/1842 1843/1843/1843
f 1842/1842/1842 1846/1846/1846 1844/1844/1844
f 1847/1847/1847 1843/1843/1843 1840/1840/1840
f 1846/1846/1846 1843/1843/1843 1847/1847/1847
f 1848/1848/1848 1840/1840/1840 1832/1832/1832
f 1840/1840/1840 1848/1848/1848 1847/1847/1847
f 1847/1847/1847 1849/1849/1849 1846/1846/1846
f 1849/1849/1849 1844/1844/1844 1846/1846/1846
f 1850/1850/1850 1848/1848/1848 1832/1832/1832
f 1850/1850/1850 1832/1832/1832 1833/1833/1833
f 1851/1851/1851 1850/1850/1850 1833/1833/1833
f 1850/1850/1850 1852/1852/1852 1848/1848/1848
f 1850/1850/1850 1851/1851/1851 1852/1852/1852
f 1853/1853/1853 1848/1848/1848 1852/1852/1852
f 1854/1854/1854 1852/1852/1852 1851/1851/1851
f 1852/1852/1852 1854/1854/1854 1853/1853/1853
f 1855/1855/1855 1854/1854/1854 1851/1851/1851
f 1854/1854/1854 1855/1855/1855 1853/1853/1853
f 1856/1856/1856 1855/1855/1855 1851/1851/1851
f 1851/1851/1851 1857/1857/1857 1856/1856/1856
f 1858/1858/1858 1853/1853/1853 1855/1855/1855
f 1855/1855/1855 1856/1856/1856 1858/1858/1858
f 1859/1859/1859 1848/1848/1848 1853/1853/1853
f 1853/1853/1853 1858/1858/1858 1859/1859/1859
f 1847/1847/1847 1848/1848/1848 1859/1859/1859
f 1856/1856/1856 1860/1860/1860 1858/1858/1858
f 1859/1859/1859 1858/1858/1858 1860/1860/1860
f 1861/1861/1861 1847/1847/1847 1859/1859/1859
f 1849/1849/1849 1847/1847/1847 1861/1861/1861
f 1860/1860/1860 1862/1862/1862 1859/1859/1859
f 1859/1859/1859 1862/1862/1862 1861/1861/1861
f 1856/1856/1856 1863/1863/1863 1860/1860/1860
f 1862/1862/1862 1860/1860/1860 1863/1863/1863
f 1861/1861/1861 1864/1864/1864 1849/1849/1849
f 1864/1864/1864 1861/1861/1861 1862/1862/1862
f 1844/1844/1844 1849/1849/1849 1864/1864/1864
f 1865/1865/1865 1863/1863/1863 1856/1856/1856
f 1865/1865/1865 1856/1856/1856 1857/1857/1857
f 1863/1863/1863 1866/1866/1866 1862/1862/1862
f 1866/1866/1866 1863/1863/1863 1865/1865/1865
f 1867/1867/1867 1865/1865/1865 1857/1857/1857
f 1865/1865/1865 1867/1867/1867 1866/1866/1866
f 1868/1868/1868 1867/1867/1867 1857/1857/1857
f 1866/1866/1866 1869/1869/1869 1862/1862/1862
f 1864/1864/1864 1862/1862/1862 1869/1869/1869
f 1867/1867/1867 1870/1870/1870 1866/1866/1866
f 1867/1867/1867 1868/1868/1868 1870/1870/1870
f 1869/1869/1869 1866/1866/1866 1870/1870/1870
f 1868/1868/1868 1871/1871/1871 1870/1870/1870
f 1870/1870/1870 1872/1872/1872 1869/1869/1869
f 1871/1871/1871 1872/1872/1872 1870/1870/1870
f 1864/1864/1864 1869/1869/1869 1873/1873/1873
f 1869/1869/1869 1872/1872/1872 1873/1873/1873
f 1873/1873/1873 1874/1874/1874 1864/1864/1864
f 1844/1844/1844 1864/1864/1864 1874/1874/1874
f 1871/1871/1871 1875/1875/1875 1872/1872/1872
f 1871/1871/1871 1876/1876/1876 1875/1875/1875
f 1877/1877/1877 1873/1873/1873 1872/1872/1872
f 1877/1877/1877 1872/1872/1872 1875/1875/1875
f 1873/1873/1873 1878/1878/1878 1874/1874/1874
f 1878/1878/1878 1873/1873/1873 1877/1877/1877
f 1844/1844/1844 1874/1874/1874 1879/1879/1879
f 1874/1874/1874 1878/1878/1878 1879/1879/1879
f 1844/1844/1844 1879/1879/1879 1845/1845/1845
f 1878/1878/1878 1877/1877/1877 1880/1880/1880
f 1845/1845/1845 1879/1879/1879 1881/1881/1881
f 1845/1845/1845 1881/1881/1881 1882/1882/1882
f 1878/1878/1878 1883/1883/1883 1879/1879/1879
f 1878/1878/1878 1880/1880/1880 1883/1883/1883
f 1883/1883/1883 1884/1884/1884 1879/1879/1879
f 1879/1879/1879 1884/1884/1884 1881/1881/1881
f 1880/1880/1880 1885/1885/1885 1883/1883/1883
f 1883/1883/1883 1885/1885/1885 1884/1884/1884
f 1884/1884/1884 1886/1886/1886 1881/1881/1881
f 1885/1885/1885 1886/1886/1886 1884/1884/1884
f 1881/1881/1881 1887/1887/1887 1882/1882/1882
f 1887/1887/1887 1881/1881/1881 1886/1886/1886
f 1888/1888/1888 1882/1882/1882 1887/1887/1887
f 1888/1888/1888 1887/1887/1887 1889/1889/1889
f 1890/1890/1890 1889/1889/1889 1887/1887/1887
f 1889/1889/1889 1890/1890/1890 1891/1891/1891
f 1886/1886/1886 1892/1892/1892 1887/1887/1887
f 1890/1890/1890 1887/1887/1887 1892/1892/1892
f 1893/1893/1893 1892/1892/1892 1886/1886/1886
f 1886/1886/1886 1885/1885/1885 1893/1893/1893
f 1890/1890/1890 1894/1894/1894 1891/1891/1891
f 1895/1895/1895 1891/1891/1891 1894/1894/1894
f 1892/1892/1892 1896/1896/1896 1890/1890/1890
f 1894/1894/1894 1897/1897/1897 1895/1895/1895
f 1898/1898/1898 1895/1895/1895 1897/1897/1897
f 1899/1899/1899 1894/1894/1894 1890/1890/1890
f 1899/1899/1899 1890/1890/1890 1896/1896/1896
f 1901/1901/1901 1898/1898/1898 1900/1900/1900
f 1897/1897/1897 1900/1900/1900 1898/1898/1898
f 1892/1892/1892 1902/1902/1902 1896/1896/1896
f 1892/1892/1892 1893/1893/1893 1902/1902/1902
f 1897/1897/1897 1903/1903/1903 1900/1900/1900
f 1904/1904/1904 1900/1900/1900 1903/1903/1903
f 1905/1905/1905 1897/1897/1897 1894/1894/1894
f 1897/1897/1897 1905/1905/1905 1903/1903/1903
f 1899/1899/1899 1905/1905/1905 1894/1894/1894
f 1903/1903/1903 1906/1906/1906 1904/1904/1904
f 1905/1905/1905 1907/1907/1907 1903/1903/1903
f 1906/1906/1906 1903/1903/1903 1907/1907/1907
f 1908/1908/1908 1905/1905/1905 1899/1899/1899
f 1907/1907/1907 1905/1905/1905 1908/1908/1908
f 1896/1896/1896 1909/1909/1909 1899/1899/1899
f 1909/1909/1909 1908/1908/1908 1899/1899/1899
f 1902/1902/1902 1909/1909/1909 1896/1896/1896
f 1908/1908/1908 1910/1910/1910 1907/1907/1907
f 1909/1909/1909 1911/1911/1911 1908/1908/1908
f 1910/1910/1910 1908/1908/1908 1911/1911/1911
f 1912/1912/1912 1907/1907/1907 1910/1910/1910
f 1912/1912/1912 1910/1910/1910 1911/1911/1911
f 1913/1913/1913 1906/1906/1906 1907/1907/1907
f 1913/1913/1913 1907/1907/1907 1912/1912/1912
f 1906/1906/1906 1914/1914/1914 1904/1904/1904
f 1914/1914/1914 1906/1906/1906 1913/1913/1913
f 1904/1904/1904 1914/1914/1914 1915/1915/1915
f 1914/1914/1914 1913/1913/1913 1916/1916/1916
f 1917/1917/1917 1915/1915/1915 1914/1914/1914
f 1917/1917/1917 1914/1914/1914 1916/1916/1916
f 1917/1917/1917 1918/1918/1918 1915/1915/1915
f 1919/1919/1919 1915/1915/1915 1918/1918/1918
f 1917/1917/1917 1916/1916/1916 1920/1920/1920
f 1918/1918/1918 1921/1921/1921 1919/1919/1919
f 1922/1922/1922 1919/1919/1919 1921/1921/1921
f 1923/1923/1923 1917/1917/1917 1920/1920/1920
f 1918/1918/1918 1917/1917/1917 1923/1923/1923
f 1924/1924/1924 1923/1923/1923 1920/1920/1920
f 1920/1920/1920 1916/1916/1916 1924/1924/1924
f 1923/1923/1923 1925/1925/1925 1918/1918/1918
f 1924/1924/1924 1925/1925/1925 1923/1923/1923
f 1918/1918/1918 1926/1926/1926 1921/1921/1921
f 1926/1926/1926 1918/1918/1918 1925/1925/1925
f 1921/1921/1921 1927/1927/1927 1922/1922/1922
f 1927/1927/1927 1921/1921/1921 1926/1926/1926
f 1928/1928/1928 1922/1922/1922 1927/1927/1927
f 1929/1929/1929 1926/1926/1926 1925/1925/1925
f 1926/1926/1926 1929/1929/1929 1927/1927/1927
f 1927/1927/1927 1930/1930/1930 1928/1928/1928
f 1931/1931/1931 1928/1928/1928 1930/1930/1930
f 1931/1931/1931 1930/1930/1930 1932/1932/1932
f 1933/1933/1933 1932/1932/1932 1930/1930/1930
f 1927/1927/1927 1933/1933/1933 1930/1930/1930
f 1933/1933/1933 1927/1927/1927 1929/1929/1929
f 1933/1933/1933 1929/1929/1929 1934/1934/1934
f 1925/1925/1925 1934/1934/1934 1929/1929/1929
f 1933/1933/1933 1934/1934/1934 1935/1935/1935
f 1936/1936/1936 1934/1934/1934 1925/1925/1925
f 1925/1925/1925 1924/1924/1924 1936/1936/1936
f 1936/1936/1936 1924/1924/1924 1937/1937/1937
f 1936/1936/1936 1937/1937/1937 1934/1934/1934
f 1916/1916/1916 1937/1937/1937 1924/1924/1924
f 1937/1937/1937 1938/1938/1938 1934/1934/1934
f 1935/1935/1935 1934/1934/1934 1938/1938/1938
f 1939/1939/1939 1937/1937/1937 1916/1916/1916
f 1938/1938/1938 1937/1937/1937 1939/1939/1939
f 1913/1913/1913 1939/1939/1939 1916/1916/1916
f 1939/1939/1939 1913/1913/1913 1912/1912/1912
f 1940/1940/1940 1938/1938/1938 1939/1939/1939
f 1940/1940/1940 1935/1935/1935 1938/1938/1938
f 1912/1912/1912 1941/1941/1941 1939/1939/1939
f 1941/1941/1941 1940/1940/1940 1939/1939/1939
f 1942/1942/1942 1941/1941/1941 1912/1912/1912
f 1941/1941/1941 1942/1942/1942 1940/1940/1940
f 1912/1912/1912 1911/1911/1911 1942/1942/1942
f 1943/1943/1943 1935/1935/1935 1940/1940/1940
f 1942/1942/1942 1911/1911/1911 1944/1944/1944
f 1911/1911/1911 1909/1909/1909 1944/1944/1944
f 1902/1902/1902 1944/1944/1944 1909/1909/1909
f 1945/1945/1945 1940/1940/1940 1942/1942/1942
f 1945/1945/1945 1943/1943/1943 1940/1940/1940
f 1944/1944/1944 1946/1946/1946 1942/1942/1942
f 1946/1946/1946 1945/1945/1945 1942/1942/1942
f 1945/1945/1945 1947/1947/1947 1943/1943/1943
f 1947/1947/1947 1935/1935/1935 1943/1943/1943
f 1947/1947/1947 1945/1945/1945 1948/1948/1948
f 1946/1946/1946 1948/1948/1948 1945/1945/1945
f 1935/1935/1935 1947/1947/1947 1949/1949/1949
f 1949/1949/1949 1947/1947/1947 1948/1948/1948
f 1950/1950/1950 1935/1935/1935 1949/1949/1949
f 1949/1949/1949 1948/1948/1948 1951/1951/1951
f 1951/1951/1951 1950/1950/1950 1949/1949/1949
f 1948/1948/1948 1946/1946/1946 1951/1951/1951
f 1950/1950/1950 1951/1951/1951 1952/1952/1952
f 1950/1950/1950 1952/1952/1952 1876/1876/1876
f 1951/1951/1951 1946/1946/1946 1953/1953/1953
f 1952/1952/1952 1951/1951/1951 1953/1953/1953
f 1946/1946/1946 1944/1944/1944 1953/1953/1953
f 1954/1954/1954 1876/1876/1876 1952/1952/1952
f 1953/1953/1953 1954/1954/1954 1952/1952/1952
f 1955/1955/1955 1953/1953/1953 1944/1944/1944
f 1954/1954/1954 1953/1953/1953 1955/1955/1955
f 1944/1944/1944 1902/1902/1902 1955/1955/1955
f 1956/1956/1956 1876/1876/1876 1954/1954/1954
f 1956/1956/1956 1875/1875/1875 1876/1876/1876
f 1902/1902/1902 1957/1957/1957 1955/1955/1955
f 1893/1893/1893 1957/1957/1957 1902/1902/1902
f 1875/1875/1875 1956/1956/1956 1958/1958/1958
f 1877/1877/1877 1875/1875/1875 1958/1958/1958
f 1956/1956/1956 1959/1959/1959 1958/1958/1958
f 1959/1959/1959 1956/1956/1956 1954/1954/1954
f 1877/1877/1877 1958/1958/1958 1960/1960/1960
f 1960/1960/1960 1958/1958/1958 1959/1959/1959
f 1877/1877/1877 1960/1960/1960 1880/1880/1880
f 1880/1880/1880 1960/1960/1960 1885/1885/1885
f 1954/1954/1954 1961/1961/1961 1959/1959/1959
f 1960/1960/1960 1959/1959/1959 1961/1961/1961
f 1954/1954/1954 1955/1955/1955 1961/1961/1961
f 1957/1957/1957 1961/1961/1961 1955/1955/1955
f 1885/1885/1885 1960/1960/1960 1962/1962/1962
f 1960/1960/1960 1961/1961/1961 1962/1962/1962
f 1961/1961/1961 1957/1957/1957 1962/1962/1962
f 1962/1962/1962 1893/1893/1893 1885/1885/1885
f 1893/1893/1893 1962/1962/1962 1957/1957/1957
f 1965/1965/1965 1964/1964/1964 1963/1963/1963
f 1965/1965/1965 1963/1963/1963 1966/1966/1966
f 1965/1965/1965 1966/1966/1966 1967/1967/1967
f 1963/1963/1963 1968/1968/1968 1966/1966/1966
f 1966/1966/1966 1968/1968/1968 1969/1969/1969
f 1970/1970/1970 1969/1969/1969 1968/1968/1968
f 1969/1969/1969 1970/1970/1970 1971/1971/1971
f 1972/1972/1972 1971/1971/1971 1970/1970/1970
f 1972/1972/1972 1973/1973/1973 1971/1971/1971
f 1974/1974/1974 1972/1972/1972 1970/1970/1970
f 1974/1974/1974 1973/1973/1973 1972/1972/1972
f 1973/1973/1973 1974/1974/1974 1975/1975/1975
f 1975/1975/1975 1974/1974/1974 1976/1976/1976
f 1977/1977/1977 1975/1975/1975 1976/1976/1976
f 1976/1976/1976 1978/1978/1978 1977/1977/1977
f 1977/1977/1977 1978/1978/1978 1979/1979/1979
f 1976/1976/1976 1980/1980/1980 1978/1978/1978
f 1978/1978/1978 1981/1981/1981 1979/1979/1979
f 1980/1980/1980 1979/1979/1979 1981/1981/1981
f 1978/1978/1978 1980/1980/1980 1981/1981/1981
f 1984/1984/1984 1983/1983/1983 1982/1982/1982
f 1984/1984/1984 1982/1982/1982 1985/1985/1985
f 1985/1985/1985 1982/1982/1982 1986/1986/1986
f 1987/1987/1987 1985/1985/1985 1986/1986/1986
f 1988/1988/1988 1984/1984/1984 1985/1985/1985
f 1987/1987/1987 1989/1989/1989 1985/1985/1985
f 1985/1985/1985 1989/1989/1989 1988/1988/1988
f 1989/1989/1989 1987/1987/1987 1990/1990/1990
f 1990/1990/1990 1991/1991/1991 1989/1989/1989
f 1989/1989/1989 1991/1991/1991 1992/1992/1992
f 1992/1992/1992 1993/1993/1993 1989/1989/1989
f 1992/1992/1992 1994/1994/1994 1993/1993/1993
f 1989/1989/1989 1995/1995/1995 1988/1988/1988
f 1993/1993/1993 1995/1995/1995 1989/1989/1989
f 1995/1995/1995 1996/1996/1996 1988/1988/1988
f 1997/1997/1997 1988/1988/1988 1996/1996/1996
f 1998/1998/1998 1997/1997/1997 1996/1996/1996
f 1999/1999/1999 1996/1996/1996 1995/1995/1995
f 1996/1996/1996 1999/1999/1999 1998/1998/1998
f 1995/1995/1995 1993/1993/1993 2000/2000/2000
f 1999/1999/1999 1995/1995/1995 2000/2000/2000
f 1994/1994/1994 2001/2001/2001 1993/1993/1993
f 2001/2001/2001 2000/2000/2000 1993/1993/1993
f 1994/1994/1994 2002/2002/2002 2001/2001/2001
f 2003/2003/2003 2001/2001/2001 2002/2002/2002
f 1999/1999/1999 2004/2004/2004 1998/1998/1998
f 2000/2000/2000 2004/2004/2004 1999/1999/1999
f 2004/2004/2004 2005/2005/2005 1998/1998/1998
f 2006/2006/2006 2000/2000/2000 2001/2001/2001
f 2004/2004/2004 2000/2000/2000 2006/2006/2006
f 2005/2005/2005 2008/2008/2008 2007/2007/2007
f 2009/2009/2009 2006/2006/2006 2001/2001/2001
f 2009/2009/2009 2001/2001/2001 2003/2003/2003
f 2010/2010/2010 2008/2008/2008 2005/2005/2005
f 2008/2008/2008 2010/2010/2010 2011/2011/2011
f 2012/2012/2012 2010/2010/2010 2005/2005/2005
f 2012/2012/2012 2011/2011/2011 2010/2010/2010
f 2012/2012/2012 2005/2005/2005 2004/2004/2004
f 2013/2013/2013 2011/2011/2011 2012/2012/2012
f 2014/2014/2014 2013/2013/2013 2012/2012/2012
f 2012/2012/2012 2015/2015/2015 2014/2014/2014
f 2015/2015/2015 2012/2012/2012 2016/2016/2016
f 2012/2012/2012 2004/2004/2004 2016/2016/2016
f 2017/2017/2017 2015/2015/2015 2016/2016/2016
f 2017/2017/2017 2016/2016/2016 2018/2018/2018
f 2016/2016/2016 2004/2004/2004 2019/2019/2019
f 2016/2016/2016 2019/2019/2019 2018/2018/2018
f 2006/2006/2006 2019/2019/2019 2004/2004/2004
f 2019/2019/2019 2020/2020/2020 2018/2018/2018
f 2006/2006/2006 2009/2009/2009 2019/2019/2019
f 2020/2020/2020 2019/2019/2019 2021/2021/2021
f 2009/2009/2009 2021/2021/2021 2019/2019/2019
f 2020/2020/2020 2021/2021/2021 2022/2022/2022
f 2022/2022/2022 2021/2021/2021 2023/2023/2023
f 2023/2023/2023 2021/2021/2021 2024/2024/2024
f 2021/2021/2021 2009/2009/2009 2024/2024/2024
f 2024/2024/2024 2009/2009/2009 2025/2025/2025
f 2009/2009/2009 2026/2026/2026 2025/2025/2025
f 2026/2026/2026 2009/2009/2009 2003/2003/2003
f 2025/2025/2025 2026/2026/2026 2027/2027/2027
f 2027/2027/2027 2026/2026/2026 2003/2003/2003
f 2027/2027/2027 2003/2003/2003 2028/2028/2028
f 2031/2031/2031 2030/2030/2030 2029/2029/2029
f 2031/2031/2031 2032/2032/2032 2030/2030/2030
f 2033/2033/2033 2032/2032/2032 2031/2031/2031
f 2030/2030/2030 2032/2032/2032 2034/2034/2034
f 2034/2034/2034 2032/2032/2032 2035/2035/2035
f 2035/2035/2035 2036/2036/2036 2034/2034/2034
f 2036/2036/2036 2035/2035/2035 2037/2037/2037
f 2038/2038/2038 2036/2036/2036 2037/2037/2037
f 2037/2037/2037 2039/2039/2039 2038/2038/2038
f 2040/2040/2040 2038/2038/2038 2039/2039/2039
f 2039/2039/2039 2041/2041/2041 2040/2040/2040
f 2042/2042/2042 2041/2041/2041 2039/2039/2039
f 2042/2042/2042 2043/2043/2043 2041/2041/2041
f 2044/2044/2044 2043/2043/2043 2042/2042/2042
f 2045/2045/2045 2043/2043/2043 2044/2044/2044
f 2046/2046/2046 2045/2045/2045 2044/2044/2044
f 2045/2045/2045 2046/2046/2046 2047/2047/2047
f 2045/2045/2045 2047/2047/2047 2048/2048/2048
f 2049/2049/2049 2047/2047/2047 2046/2046/2046
f 2052/2052/2052 2051/2051/2051 2050/2050/2050
f 2052/2052/2052 2053/2053/2053 2051/2051/2051
f 2052/2052/2052 2054/2054/2054 2053/2053/2053
f 2051/2051/2051 2053/2053/2053 2055/2055/2055
f 2053/2053/2053 2056/2056/2056 2055/2055/2055
f 2057/2057/2057 2055/2055/2055 2056/2056/2056
f 2058/2058/2058 2057/2057/2057 2056/2056/2056
f 2059/2059/2059 2057/2057/2057 2058/2058/2058
f 2059/2059/2059 2058/2058/2058 2060/2060/2060
f 2061/2061/2061 2057/2057/2057 2059/2059/2059
f 2061/2061/2061 2059/2059/2059 2060/2060/2060
f 2060/2060/2060 2062/2062/2062 2061/2061/2061
f 2061/2061/2061 2062/2062/2062 2063/2063/2063
f 2062/2062/2062 2064/2064/2064 2063/2063/2063
f 2063/2063/2063 2064/2064/2064 2065/2065/2065
f 2064/2064/2064 2066/2066/2066 2065/2065/2065
f 2063/2063/2063 2065/2065/2065 2067/2067/2067
f 2068/2068/2068 2066/2066/2066 2067/2067/2067
f 2065/2065/2065 2068/2068/2068 2067/2067/2067
f 2065/2065/2065 2066/2066/2066 2068/2068/2068
f 2071/2071/2071 2070/2070/2070 2069/2069/2069
f 2071/2071/2071 2072/2072/2072 2070/2070/2070
f 2072/2072/2072 2073/2073/2073 2070/2070/2070
f 2074/2074/2074 2073/2073/2073 2072/2072/2072
f 2075/2075/2075 2072/2072/2072 2071/2071/2071
f 2072/2072/2072 2076/2076/2076 2074/2074/2074
f 2072/2072/2072 2075/2075/2075 2076/2076/2076
f 2077/2077/2077 2074/2074/2074 2076/2076/2076
f 2078/2078/2078 2077/2077/2077 2076/2076/2076
f 2076/2076/2076 2079/2079/2079 2078/2078/2078
f 2080/2080/2080 2079/2079/2079 2076/2076/2076
f 2079/2079/2079 2080/2080/2080 2081/2081/2081
f 2076/2076/2076 2075/2075/2075 2082/2082/2082
f 2076/2076/2076 2082/2082/2082 2080/2080/2080
f 2082/2082/2082 2075/2075/2075 2083/2083/2083
f 2084/2084/2084 2083/2083/2083 2075/2075/2075
f 2083/2083/2083 2084/2084/2084 2085/2085/2085
f 2082/2082/2082 2083/2083/2083 2086/2086/2086
f 2083/2083/2083 2085/2085/2085 2086/2086/2086
f 2082/2082/2082 2087/2087/2087 2080/2080/2080
f 2086/2086/2086 2087/2087/2087 2082/2082/2082
f 2081/2081/2081 2080/2080/2080 2088/2088/2088
f 2087/2087/2087 2088/2088/2088 2080/2080/2080
f 2081/2081/2081 2088/2088/2088 2089/2089/2089
f 2089/2089/2089 2088/2088/2088 2090/2090/2090
f 2086/2086/2086 2085/2085/2085 2091/2091/2091
f 2087/2087/2087 2086/2086/2086 2091/2091/2091
f 2091/2091/2091 2085/2085/2085 2092/2092/2092
f 2087/2087/2087 2093/2093/2093 2088/2088/2088
f 2091/2091/2091 2093/2093/2093 2087/2087/2087
f 2095/2095/2095 2092/2092/2092 2094/2094/2094
f 2096/2096/2096 2088/2088/2088 2093/2093/2093
f 2096/2096/2096 2090/2090/2090 2088/2088/2088
f 2097/2097/2097 2092/2092/2092 2095/2095/2095
f 2095/2095/2095 2098/2098/2098 2097/2097/2097
f 2092/2092/2092 2097/2097/2097 2099/2099/2099
f 2098/2098/2098 2099/2099/2099 2097/2097/2097
f 2099/2099/2099 2091/2091/2091 2092/2092/2092
f 2098/2098/2098 2100/2100/2100 2099/2099/2099
f 2101/2101/2101 2099/2099/2099 2100/2100/2100
f 2099/2099/2099 2101/2101/2101 2102/2102/2102
f 2103/2103/2103 2099/2099/2099 2102/2102/2102
f 2099/2099/2099 2103/2103/2103 2091/2091/2091
f 2104/2104/2104 2103/2103/2103 2102/2102/2102
f 2103/2103/2103 2104/2104/2104 2105/2105/2105
f 2103/2103/2103 2106/2106/2106 2091/2091/2091
f 2103/2103/2103 2105/2105/2105 2106/2106/2106
f 2106/2106/2106 2093/2093/2093 2091/2091/2091
f 2105/2105/2105 2107/2107/2107 2106/2106/2106
f 2106/2106/2106 2096/2096/2096 2093/2093/2093
f 2106/2106/2106 2107/2107/2107 2108/2108/2108
f 2096/2096/2096 2106/2106/2106 2108/2108/2108
f 2107/2107/2107 2109/2109/2109 2108/2108/2108
f 2109/2109/2109 2110/2110/2110 2108/2108/2108
f 2110/2110/2110 2111/2111/2111 2108/2108/2108
f 2108/2108/2108 2111/2111/2111 2096/2096/2096
f 2112/2112/2112 2096/2096/2096 2111/2111/2111
f 2096/2096/2096 2112/2112/2112 2113/2113/2113
f 2113/2113/2113 2090/2090/2090 2096/2096/2096
f 2114/2114/2114 2113/2113/2113 2112/2112/2112
f 2090/2090/2090 2113/2113/2113 2114/2114/2114
f 2090/2090/2090 2114/2114/2114 2115/2115/2115
f 2118/2118/2118 2117/2117/2117 2116/2116/2116
f 2119/2119/2119 2118/2118/2118 2116/2116/2116
f 2120/2120/2120 2118/2118/2118 2119/2119/2119
f 2116/2116/2116 2121/2121/2121 2119/2119/2119
f 2121/2121/2121 2122/2122/2122 2119/2119/2119
f 2122/2122/2122 2121/2121/2121 2123/2123/2123
f 2123/2123/2123 2124/2124/2124 2122/2122/2122
f 2125/2125/2125 2124/2124/2124 2123/2123/2123
f 2124/2124/2124 2125/2125/2125 2126/2126/2126
f 2127/2127/2127 2126/2126/2126 2125/2125/2125
f 2126/2126/2126 2127/2127/2127 2128/2128/2128
f 2128/2128/2128 2129/2129/2129 2126/2126/2126
f 2129/2129/2129 2128/2128/2128 2130/2130/2130
f 2129/2129/2129 2130/2130/2130 2131/2131/2131
f 2130/2130/2130 2132/2132/2132 2131/2131/2131
f 2131/2131/2131 2132/2132/2132 2133/2133/2133
f 2132/2132/2132 2134/2134/2134 2133/2133/2133
f 2135/2135/2135 2133/2133/2133 2134/2134/2134
f 2132/2132/2132 2136/2136/2136 2134/2134/2134
f 2139/2139/2139 2138/2138/2138 2137/2137/2137
f 2139/2139/2139 2140/2140/2140 2138/2138/2138
f 2139/2139/2139 2141/2141/2141 2140/2140/2140
f 2138/2138/2138 2140/2140/2140 2142/2142/2142
f 2140/2140/2140 2143/2143/2143 2142/2142/2142
f 2144/2144/2144 2142/2142/2142 2143/2143/2143
f 2145/2145/2145 2144/2144/2144 2143/2143/2143
f 2146/2146/2146 2144/2144/2144 2145/2145/2145
f 2146/2146/2146 2145/2145/2145 2147/2147/2147
f 2148/2148/2148 2144/2144/2144 2146/2146/2146
f 2148/2148/2148 2146/2146/2146 2147/2147/2147
f 2147/2147/2147 2149/2149/2149 2148/2148/2148
f 2148/2148/2148 2149/2149/2149 2150/2150/2150
f 2149/2149/2149 2151/2151/2151 2150/2150/2150
f 2150/2150/2150 2151/2151/2151 2152/2152/2152
f 2151/2151/2151 2153/2153/2153 2152/2152/2152
f 2150/2150/2150 2152/2152/2152 2154/2154/2154
f 2155/2155/2155 2153/2153/2153 2154/2154/2154
f 2152/2152/2152 2155/2155/2155 2154/2154/2154
f 2153/2153/2153 2155/2155/2155 2152/2152/2152
f 2158/2158/2158 2157/2157/2157 2156/2156/2156
f 2158/2158/2158 2159/2159/2159 2157/2157/2157
f 2159/2159/2159 2160/2160/2160 2157/2157/2157
f 2161/2161/2161 2160/2160/2160 2159/2159/2159
f 2162/2162/2162 2159/2159/2159 2158/2158/2158
f 2161/2161/2161 2159/2159/2159 2163/2163/2163
f 2159/2159/2159 2162/2162/2162 2163/2163/2163
f 2164/2164/2164 2161/2161/2161 2163/2163/2163
f 2163/2163/2163 2165/2165/2165 2164/2164/2164
f 2165/2165/2165 2163/2163/2163 2166/2166/2166
f 2166/2166/2166 2163/2163/2163 2167/2167/2167
f 2166/2166/2166 2167/2167/2167 2168/2168/2168
f 2163/2163/2163 2162/2162/2162 2169/2169/2169
f 2167/2167/2167 2163/2163/2163 2169/2169/2169
f 2169/2169/2169 2162/2162/2162 2170/2170/2170
f 2171/2171/2171 2170/2170/2170 2162/2162/2162
f 2170/2170/2170 2171/2171/2171 2172/2172/2172
f 2169/2169/2169 2170/2170/2170 2173/2173/2173
f 2170/2170/2170 2172/2172/2172 2173/2173/2173
f 2169/2169/2169 2174/2174/2174 2167/2167/2167
f 2173/2173/2173 2174/2174/2174 2169/2169/2169
f 2168/2168/2168 2167/2167/2167 2175/2175/2175
f 2174/2174/2174 2175/2175/2175 2167/2167/2167
f 2168/2168/2168 2175/2175/2175 2176/2176/2176
f 2176/2176/2176 2175/2175/2175 2177/2177/2177
f 2173/2173/2173 2172/2172/2172 2178/2178/2178
f 2174/2174/2174 2173/2173/2173 2178/2178/2178
f 2178/2178/2178 2172/2172/2172 2179/2179/2179
f 2174/2174/2174 2180/2180/2180 2175/2175/2175
f 2178/2178/2178 2180/2180/2180 2174/2174/2174
f 2179/2179/2179 2182/2182/2182 2181/2181/2181
f 2183/2183/2183 2175/2175/2175 2180/2180/2180
f 2183/2183/2183 2177/2177/2177 2175/2175/2175
f 2184/2184/2184 2179/2179/2179 2181/2181/2181
f 2181/2181/2181 2185/2185/2185 2184/2184/2184
f 2186/2186/2186 2179/2179/2179 2184/2184/2184
f 2186/2186/2186 2184/2184/2184 2185/2185/2185
f 2179/2179/2179 2186/2186/2186 2178/2178/2178
f 2187/2187/2187 2186/2186/2186 2185/2185/2185
f 2188/2188/2188 2186/2186/2186 2187/2187/2187
f 2186/2186/2186 2188/2188/2188 2189/2189/2189
f 2190/2190/2190 2186/2186/2186 2189/2189/2189
f 2186/2186/2186 2190/2190/2190 2178/2178/2178
f 2191/2191/2191 2190/2190/2190 2189/2189/2189
f 2191/2191/2191 2192/2192/2192 2190/2190/2190
f 2178/2178/2178 2190/2190/2190 2193/2193/2193
f 2190/2190/2190 2192/2192/2192 2193/2193/2193
f 2193/2193/2193 2180/2180/2180 2178/2178/2178
f 2193/2193/2193 2192/2192/2192 2194/2194/2194
f 2193/2193/2193 2183/2183/2183 2180/2180/2180
f 2195/2195/2195 2193/2193/2193 2194/2194/2194
f 2183/2183/2183 2193/2193/2193 2195/2195/2195
f 2196/2196/2196 2195/2195/2195 2194/2194/2194
f 2196/2196/2196 2197/2197/2197 2195/2195/2195
f 2197/2197/2197 2198/2198/2198 2195/2195/2195
f 2195/2195/2195 2198/2198/2198 2183/2183/2183
f 2199/2199/2199 2183/2183/2183 2198/2198/2198
f 2183/2183/2183 2199/2199/2199 2200/2200/2200
f 2200/2200/2200 2177/2177/2177 2183/2183/2183
f 2199/2199/2199 2201/2201/2201 2200/2200/2200
f 2177/2177/2177 2200/2200/2200 2201/2201/2201
f 2201/2201/2201 2202/2202/2202 2177/2177/2177
f 2205/2205/2205 2204/2204/2204 2203/2203/2203
f 2206/2206/2206 2205/2205/2205 2203/2203/2203
f 2207/2207/2207 2205/2205/2205 2206/2206/2206
f 2203/2203/2203 2208/2208/2208 2206/2206/2206
f 2208/2208/2208 2209/2209/2209 2206/2206/2206
f 2209/2209/2209 2208/2208/2208 2210/2210/2210
f 2210/2210/2210 2211/2211/2211 2209/2209/2209
f 2211/2211/2211 2210/2210/2210 2212/2212/2212
f 2211/2211/2211 2212/2212/2212 2213/2213/2213
f 2214/2214/2214 2213/2213/2213 2212/2212/2212
f 2213/2213/2213 2214/2214/2214 2215/2215/2215
f 2216/2216/2216 2213/2213/2213 2215/2215/2215
f 2216/2216/2216 2215/2215/2215 2217/2217/2217
f 2218/2218/2218 2216/2216/2216 2217/2217/2217
f 2217/2217/2217 2219/2219/2219 2218/2218/2218
f 2220/2220/2220 2218/2218/2218 2219/2219/2219
f 2219/2219/2219 2221/2221/2221 2220/2220/2220
f 2222/2222/2222 2220/2220/2220 2221/2221/2221
f 2223/2223/2223 2221/2221/2221 2219/2219/2219
f 2226/2226/2226 2225/2225/2225 2224/2224/2224
f 2227/2227/2227 2226/2226/2226 2224/2224/2224
f 2226/2226/2226 2227/2227/2227 2228/2228/2228
f 2224/2224/2224 2229/2229/2229 2227/2227/2227
f 2227/2227/2227 2229/2229/2229 2230/2230/2230
f 2231/2231/2231 2230/2230/2230 2229/2229/2229
f 2232/2232/2232 2230/2230/2230 2231/2231/2231
f 2233/2233/2233 2232/2232/2232 2231/2231/2231
f 2233/2233/2233 2234/2234/2234 2232/2232/2232
f 2235/2235/2235 2233/2233/2233 2231/2231/2231
f 2235/2235/2235 2234/2234/2234 2233/2233/2233
f 2234/2234/2234 2235/2235/2235 2236/2236/2236
f 2236/2236/2236 2235/2235/2235 2237/2237/2237
f 2238/2238/2238 2236/2236/2236 2237/2237/2237
f 2237/2237/2237 2239/2239/2239 2238/2238/2238
f 2238/2238/2238 2239/2239/2239 2240/2240/2240
f 2237/2237/2237 2241/2241/2241 2239/2239/2239
f 2239/2239/2239 2242/2242/2242 2240/2240/2240
f 2241/2241/2241 2240/2240/2240 2242/2242/2242
f 2241/2241/2241 2242/2242/2242 2239/2239/2239
f 2245/2245/2245 2244/2244/2244 2243/2243/2243
f 2245/2245/2245 2243/2243/2243 2246/2246/2246
f 2246/2246/2246 2243/2243/2243 2247/2247/2247
f 2248/2248/2248 2246/2246/2246 2247/2247/2247
f 2249/2249/2249 2245/2245/2245 2246/2246/2246
f 2246/2246/2246 2248/2248/2248 2250/2250/2250
f 2246/2246/2246 2250/2250/2250 2249/2249/2249
f 2251/2251/2251 2250/2250/2250 2248/2248/2248
f 2252/2252/2252 2250/2250/2250 2251/2251/2251
f 2252/2252/2252 2253/2253/2253 2250/2250/2250
f 2254/2254/2254 2250/2250/2250 2253/2253/2253
f 2253/2253/2253 2255/2255/2255 2254/2254/2254
f 2250/2250/2250 2256/2256/2256 2249/2249/2249
f 2250/2250/2250 2254/2254/2254 2256/2256/2256
f 2256/2256/2256 2257/2257/2257 2249/2249/2249
f 2258/2258/2258 2249/2249/2249 2257/2257/2257
f 2259/2259/2259 2258/2258/2258 2257/2257/2257
f 2260/2260/2260 2257/2257/2257 2256/2256/2256
f 2257/2257/2257 2260/2260/2260 2259/2259/2259
f 2256/2256/2256 2254/2254/2254 2261/2261/2261
f 2260/2260/2260 2256/2256/2256 2261/2261/2261
f 2255/2255/2255 2262/2262/2262 2254/2254/2254
f 2262/2262/2262 2261/2261/2261 2254/2254/2254
f 2255/2255/2255 2263/2263/2263 2262/2262/2262
f 2264/2264/2264 2262/2262/2262 2263/2263/2263
f 2260/2260/2260 2265/2265/2265 2259/2259/2259
f 2261/2261/2261 2265/2265/2265 2260/2260/2260
f 2265/2265/2265 2266/2266/2266 2259/2259/2259
f 2267/2267/2267 2261/2261/2261 2262/2262/2262
f 2265/2265/2265 2261/2261/2261 2267/2267/2267
f 2269/2269/2269 2268/2268/2268 2266/2266/2266
f 2270/2270/2270 2267/2267/2267 2262/2262/2262
f 2270/2270/2270 2262/2262/2262 2264/2264/2264
f 2271/2271/2271 2269/2269/2269 2266/2266/2266
f 2269/2269/2269 2271/2271/2271 2272/2272/2272
f 2266/2266/2266 2273/2273/2273 2271/2271/2271
f 2272/2272/2272 2271/2271/2271 2273/2273/2273
f 2266/2266/2266 2265/2265/2265 2273/2273/2273
f 2273/2273/2273 2274/2274/2274 2272/2272/2272
f 2275/2275/2275 2274/2274/2274 2273/2273/2273
f 2273/2273/2273 2276/2276/2276 2275/2275/2275
f 2277/2277/2277 2276/2276/2276 2273/2273/2273
f 2273/2273/2273 2265/2265/2265 2277/2277/2277
f 2278/2278/2278 2276/2276/2276 2277/2277/2277
f 2277/2277/2277 2279/2279/2279 2278/2278/2278
f 2265/2265/2265 2280/2280/2280 2277/2277/2277
f 2277/2277/2277 2280/2280/2280 2279/2279/2279
f 2267/2267/2267 2280/2280/2280 2265/2265/2265
f 2279/2279/2279 2280/2280/2280 2281/2281/2281
f 2267/2267/2267 2270/2270/2270 2280/2280/2280
f 2282/2282/2282 2281/2281/2281 2280/2280/2280
f 2270/2270/2270 2282/2282/2282 2280/2280/2280
f 2282/2282/2282 2283/2283/2283 2281/2281/2281
f 2283/2283/2283 2282/2282/2282 2284/2284/2284
f 2284/2284/2284 2282/2282/2282 2285/2285/2285
f 2282/2282/2282 2270/2270/2270 2285/2285/2285
f 2285/2285/2285 2270/2270/2270 2286/2286/2286
f 2270/2270/2270 2287/2287/2287 2286/2286/2286
f 2287/2287/2287 2270/2270/2270 2264/2264/2264
f 2288/2288/2288 2286/2286/2286 2287/2287/2287
f 2288/2288/2288 2287/2287/2287 2264/2264/2264
f 2288/2288/2288 2264/2264/2264 2289/2289/2289
f 2292/2292/2292 2291/2291/2291 2290/2290/2290
f 2292/2292/2292 2293/2293/2293 2291/2291/2291
f 2294/2294/2294 2293/2293/2293 2292/2292/2292
f 2291/2291/2291 2293/2293/2293 2295/2295/2295
f 2295/2295/2295 2293/2293/2293 2296/2296/2296
f 2296/2296/2296 2297/2297/2297 2295/2295/2295
f 2297/2297/2297 2296/2296/2296 2298/2298/2298
f 2297/2297/2297 2298/2298/2298 2299/2299/2299
f 2298/2298/2298 2300/2300/2300 2299/2299/2299
f 2301/2301/2301 2299/2299/2299 2300/2300/2300
f 2300/2300/2300 2302/2302/2302 2301/2301/2301
f 2302/2302/2302 2300/2300/2300 2303/2303/2303
f 2303/2303/2303 2304/2304/2304 2302/2302/2302
f 2305/2305/2305 2304/2304/2304 2303/2303/2303
f 2304/2304/2304 2305/2305/2305 2306/2306/2306
f 2307/2307/2307 2306/2306/2306 2305/2305/2305
f 2306/2306/2306 2307/2307/2307 2308/2308/2308
f 2306/2306/2306 2308/2308/2308 2309/2309/2309
f 2310/2310/2310 2308/2308/2308 2307/2307/2307
f 2313/2313/2313 2312/2312/2312 2311/2311/2311
f 2314/2314/2314 2312/2312/2312 2313/2313/2313
f 2314/2314/2314 2313/2313/2313 2315/2315/2315
f 2312/2312/2312 2314/2314/2314 2316/2316/2316
f 2314/2314/2314 2315/2315/2315 2316/2316/2316
f 2316/2316/2316 2317/2317/2317 2312/2312/2312
f 19/19/19 2317/2317/2317 2316/2316/2316
f 2316/2316/2316 22/22/22 19/19/19
f 2318/2318/2318 2316/2316/2316 2315/2315/2315
f 22/22/22 2316/2316/2316 2318/2318/2318
f 2315/2315/2315 2319/2319/2319 2318/2318/2318
f 2315/2315/2315 2320/2320/2320 2319/2319/2319
f 2318/2318/2318 2321/2321/2321 22/22/22
f 2321/2321/2321 2318/2318/2318 2319/2319/2319
f 29/29/29 22/22/22 2321/2321/2321
f 31/31/31 29/29/29 2321/2321/2321
f 2321/2321/2321 33/33/33 31/31/31
f 2319/2319/2319 2322/2322/2322 2321/2321/2321
f 2322/2322/2322 33/33/33 2321/2321/2321
f 2320/2320/2320 2323/2323/2323 2319/2319/2319
f 2322/2322/2322 2319/2319/2319 2323/2323/2323
f 33/33/33 2322/2322/2322 2324/2324/2324
f 2323/2323/2323 2324/2324/2324 2322/2322/2322
f 33/33/33 2324/2324/2324 35/35/35
f 2325/2325/2325 2324/2324/2324 2323/2323/2323
f 35/35/35 2324/2324/2324 2325/2325/2325
f 2326/2326/2326 2323/2323/2323 2320/2320/2320
f 2326/2326/2326 2325/2325/2325 2323/2323/2323
f 2320/2320/2320 2327/2327/2327 2326/2326/2326
f 35/35/35 2325/2325/2325 2328/2328/2328
f 2326/2326/2326 2328/2328/2328 2325/2325/2325
f 37/37/37 35/35/35 2328/2328/2328
f 2328/2328/2328 2329/2329/2329 37/37/37
f 2326/2326/2326 2329/2329/2329 2328/2328/2328
f 2329/2329/2329 40/40/40 37/37/37
f 2327/2327/2327 2330/2330/2330 2326/2326/2326
f 2329/2329/2329 2326/2326/2326 2330/2330/2330
f 2331/2331/2331 2330/2330/2330 2327/2327/2327
f 2331/2331/2331 2327/2327/2327 2332/2332/2332
f 2330/2330/2330 2333/2333/2333 2329/2329/2329
f 2332/2332/2332 2334/2334/2334 2331/2331/2331
f 2331/2331/2331 2334/2334/2334 2335/2335/2335
f 2336/2336/2336 40/40/40 2329/2329/2329
f 2333/2333/2333 2336/2336/2336 2329/2329/2329
f 40/40/40 2336/2336/2336 46/46/46
f 2333/2333/2333 2330/2330/2330 2337/2337/2337
f 2333/2333/2333 2337/2337/2337 2336/2336/2336
f 2335/2335/2335 2338/2338/2338 2330/2330/2330
f 2330/2330/2330 2338/2338/2338 2337/2337/2337
f 2335/2335/2335 2334/2334/2334 2338/2338/2338
f 2337/2337/2337 2339/2339/2339 2336/2336/2336
f 2339/2339/2339 2337/2337/2337 2338/2338/2338
f 2336/2336/2336 2340/2340/2340 46/46/46
f 2340/2340/2340 2336/2336/2336 2339/2339/2339
f 49/49/49 46/46/46 2340/2340/2340
f 2340/2340/2340 54/54/54 49/49/49
f 54/54/54 2340/2340/2340 2339/2339/2339
f 2341/2341/2341 54/54/54 2339/2339/2339
f 2339/2339/2339 2338/2338/2338 2341/2341/2341
f 64/64/64 54/54/54 2341/2341/2341
f 2342/2342/2342 2341/2341/2341 2338/2338/2338
f 64/64/64 2341/2341/2341 2342/2342/2342
f 2342/2342/2342 2338/2338/2338 2334/2334/2334
f 2342/2342/2342 2334/2334/2334 2332/2332/2332
f 68/68/68 2342/2342/2342 2332/2332/2332
f 2343/2343/2343 64/64/64 2342/2342/2342
f 2342/2342/2342 68/68/68 2343/2343/2343
f 64/64/64 2343/2343/2343 62/62/62
f 68/68/68 62/62/62 2343/2343/2343
f 2346/2346/2346 2345/2345/2345 2344/2344/2344
f 2347/2347/2347 2344/2344/2344 2345/2345/2345
f 2344/2344/2344 2347/2347/2347 2348/2348/2348
f 2349/2349/2349 2347/2347/2347 2345/2345/2345
f 2345/2345/2345 2350/2350/2350 2349/2349/2349
f 2347/2347/2347 2351/2351/2351 2348/2348/2348
f 2349/2349/2349 2351/2351/2351 2347/2347/2347
f 2348/2348/2348 2351/2351/2351 2352/2352/2352
f 2353/2353/2353 2349/2349/2349 2350/2350/2350
f 2350/2350/2350 2354/2354/2354 2353/2353/2353
f 2351/2351/2351 2355/2355/2355 2352/2352/2352
f 2356/2356/2356 2352/2352/2352 2355/2355/2355
f 2357/2357/2357 2353/2353/2353 2354/2354/2354
f 2358/2358/2358 2357/2357/2357 2354/2354/2354
f 2359/2359/2359 2357/2357/2357 2358/2358/2358
f 2357/2357/2357 2359/2359/2359 2353/2353/2353
f 2358/2358/2358 2360/2360/2360 2359/2359/2359
f 2361/2361/2361 2349/2349/2349 2353/2353/2353
f 2353/2353/2353 2359/2359/2359 2361/2361/2361
f 2349/2349/2349 2362/2362/2362 2351/2351/2351
f 2349/2349/2349 2361/2361/2361 2362/2362/2362
f 2355/2355/2355 2351/2351/2351 2362/2362/2362
f 2363/2363/2363 2359/2359/2359 2360/2360/2360
f 2361/2361/2361 2364/2364/2364 2362/2362/2362
f 2363/2363/2363 2360/2360/2360 2365/2365/2365
f 2360/2360/2360 2366/2366/2366 2365/2365/2365
f 2363/2363/2363 2367/2367/2367 2359/2359/2359
f 2359/2359/2359 2367/2367/2367 2361/2361/2361
f 2368/2368/2368 2363/2363/2363 2365/2365/2365
f 2367/2367/2367 2363/2363/2363 2368/2368/2368
f 2369/2369/2369 2365/2365/2365 2366/2366/2366
f 2368/2368/2368 2365/2365/2365 2369/2369/2369
f 2366/2366/2366 2370/2370/2370 2369/2369/2369
f 2361/2361/2361 2367/2367/2367 2371/2371/2371
f 2364/2364/2364 2361/2361/2361 2371/2371/2371
f 2372/2372/2372 2369/2369/2369 2370/2370/2370
f 2373/2373/2373 2372/2372/2372 2370/2370/2370
f 2369/2369/2369 2372/2372/2372 2374/2374/2374
f 2368/2368/2368 2369/2369/2369 2374/2374/2374
f 2375/2375/2375 2372/2372/2372 2373/2373/2373
f 2375/2375/2375 2374/2374/2374 2372/2372/2372
f 2373/2373/2373 2376/2376/2376 2375/2375/2375
f 2376/2376/2376 2377/2377/2377 2375/2375/2375
f 2378/2378/2378 2375/2375/2375 2377/2377/2377
f 2374/2374/2374 2375/2375/2375 2378/2378/2378
f 2377/2377/2377 2379/2379/2379 2378/2378/2378
f 2380/2380/2380 2378/2378/2378 2379/2379/2379
f 2379/2379/2379 2381/2381/2381 2380/2380/2380
f 2378/2378/2378 2382/2382/2382 2374/2374/2374
f 2382/2382/2382 2378/2378/2378 2380/2380/2380
f 2374/2374/2374 2383/2383/2383 2368/2368/2368
f 2383/2383/2383 2374/2374/2374 2382/2382/2382
f 2384/2384/2384 2368/2368/2368 2383/2383/2383
f 2368/2368/2368 2384/2384/2384 2367/2367/2367
f 2371/2371/2371 2367/2367/2367 2384/2384/2384
f 2383/2383/2383 2385/2385/2385 2384/2384/2384
f 2385/2385/2385 2371/2371/2371 2384/2384/2384
f 2383/2383/2383 2382/2382/2382 2386/2386/2386
f 2383/2383/2383 2386/2386/2386 2385/2385/2385
f 2371/2371/2371 2385/2385/2385 2387/2387/2387
f 2387/2387/2387 2364/2364/2364 2371/2371/2371
f 2385/2385/2385 2386/2386/2386 2388/2388/2388
f 2388/2388/2388 2387/2387/2387 2385/2385/2385
f 2386/2386/2386 2382/2382/2382 2389/2389/2389
f 2389/2389/2389 2388/2388/2388 2386/2386/2386
f 2364/2364/2364 2387/2387/2387 2390/2390/2390
f 2364/2364/2364 2390/2390/2390 2362/2362/2362
f 2390/2390/2390 2355/2355/2355 2362/2362/2362
f 2387/2387/2387 2388/2388/2388 2391/2391/2391
f 2391/2391/2391 2390/2390/2390 2387/2387/2387
f 2390/2390/2390 2392/2392/2392 2355/2355/2355
f 2390/2390/2390 2391/2391/2391 2392/2392/2392
f 2393/2393/2393 2391/2391/2391 2388/2388/2388
f 2388/2388/2388 2389/2389/2389 2393/2393/2393
f 2394/2394/2394 2392/2392/2392 2391/2391/2391
f 2394/2394/2394 2391/2391/2391 2393/2393/2393
f 2355/2355/2355 2392/2392/2392 2395/2395/2395
f 2355/2355/2355 2395/2395/2395 2356/2356/2356
f 2356/2356/2356 2395/2395/2395 2396/2396/2396
f 2397/2397/2397 2395/2395/2395 2392/2392/2392
f 2394/2394/2394 2397/2397/2397 2392/2392/2392
f 2396/2396/2396 2395/2395/2395 2398/2398/2398
f 2395/2395/2395 2397/2397/2397 2398/2398/2398
f 2396/2396/2396 2398/2398/2398 2399/2399/2399
f 2398/2398/2398 2397/2397/2397 2400/2400/2400
f 2399/2399/2399 2398/2398/2398 2400/2400/2400
f 2399/2399/2399 2401/2401/2401 2396/2396/2396
f 2402/2402/2402 2396/2396/2396 2401/2401/2401
f 2400/2400/2400 2403/2403/2403 2399/2399/2399
f 2401/2401/2401 2404/2404/2404 2402/2402/2402
f 2404/2404/2404 2405/2405/2405 2402/2402/2402
f 2401/2401/2401 2399/2399/2399 2406/2406/2406
f 2404/2404/2404 2401/2401/2401 2406/2406/2406
f 2403/2403/2403 2406/2406/2406 2399/2399/2399
f 2404/2404/2404 2407/2407/2407 2405/2405/2405
f 2406/2406/2406 2408/2408/2408 2404/2404/2404
f 2407/2407/2407 2404/2404/2404 2408/2408/2408
f 2403/2403/2403 2409/2409/2409 2406/2406/2406
f 2406/2406/2406 2410/2410/2410 2408/2408/2408
f 2406/2406/2406 2409/2409/2409 2410/2410/2410
f 2400/2400/2400 2411/2411/2411 2403/2403/2403
f 2409/2409/2409 2403/2403/2403 2411/2411/2411
f 2400/2400/2400 2412/2412/2412 2411/2411/2411
f 2397/2397/2397 2412/2412/2412 2400/2400/2400
f 2413/2413/2413 2409/2409/2409 2411/2411/2411
f 2412/2412/2412 2414/2414/2414 2411/2411/2411
f 2413/2413/2413 2411/2411/2411 2414/2414/2414
f 2397/2397/2397 2415/2415/2415 2412/2412/2412
f 2412/2412/2412 2416/2416/2416 2414/2414/2414
f 2415/2415/2415 2416/2416/2416 2412/2412/2412
f 2415/2415/2415 2397/2397/2397 2417/2417/2417
f 2394/2394/2394 2417/2417/2417 2397/2397/2397
f 2417/2417/2417 2418/2418/2418 2415/2415/2415
f 2416/2416/2416 2415/2415/2415 2418/2418/2418
f 2394/2394/2394 2419/2419/2419 2417/2417/2417
f 2418/2418/2418 2417/2417/2417 2419/2419/2419
f 2419/2419/2419 2394/2394/2394 2393/2393/2393
f 2420/2420/2420 2414/2414/2414 2416/2416/2416
f 2414/2414/2414 2420/2420/2420 2413/2413/2413
f 2393/2393/2393 2421/2421/2421 2419/2419/2419
f 2421/2421/2421 2393/2393/2393 2389/2389/2389
f 2422/2422/2422 2420/2420/2420 2416/2416/2416
f 2416/2416/2416 2418/2418/2418 2422/2422/2422
f 2420/2420/2420 2423/2423/2423 2413/2413/2413
f 2420/2420/2420 2422/2422/2422 2423/2423/2423
f 2424/2424/2424 2418/2418/2418 2419/2419/2419
f 2424/2424/2424 2422/2422/2422 2418/2418/2418
f 2419/2419/2419 2421/2421/2421 2424/2424/2424
f 2425/2425/2425 2423/2423/2423 2422/2422/2422
f 2425/2425/2425 2413/2413/2413 2423/2423/2423
f 2422/2422/2422 2424/2424/2424 2426/2426/2426
f 2425/2425/2425 2422/2422/2422 2426/2426/2426
f 2413/2413/2413 2425/2425/2425 2427/2427/2427
f 2409/2409/2409 2413/2413/2413 2427/2427/2427
f 2409/2409/2409 2427/2427/2427 2410/2410/2410
f 2428/2428/2428 2410/2410/2410 2427/2427/2427
f 2410/2410/2410 2428/2428/2428 2408/2408/2408
f 2425/2425/2425 2429/2429/2429 2427/2427/2427
f 2427/2427/2427 2430/2430/2430 2428/2428/2428
f 2430/2430/2430 2427/2427/2427 2429/2429/2429
f 2425/2425/2425 2431/2431/2431 2429/2429/2429
f 2425/2425/2425 2426/2426/2426 2431/2431/2431
f 2429/2429/2429 2432/2432/2432 2430/2430/2430
f 2433/2433/2433 2429/2429/2429 2431/2431/2431
f 2429/2429/2429 2433/2433/2433 2432/2432/2432
f 2430/2430/2430 2434/2434/2434 2428/2428/2428
f 2435/2435/2435 2432/2432/2432 2433/2433/2433
f 2432/2432/2432 2436/2436/2436 2430/2430/2430
f 2435/2435/2435 2436/2436/2436 2432/2432/2432
f 2430/2430/2430 2436/2436/2436 2434/2434/2434
f 2433/2433/2433 2437/2437/2437 2435/2435/2435
f 2437/2437/2437 2433/2433/2433 2431/2431/2431
f 2428/2428/2428 2434/2434/2434 2438/2438/2438
f 2428/2428/2428 2438/2438/2438 2408/2408/2408
f 2439/2439/2439 2434/2434/2434 2436/2436/2436
f 2439/2439/2439 2438/2438/2438 2434/2434/2434
f 2435/2435/2435 2440/2440/2440 2436/2436/2436
f 2440/2440/2440 2435/2435/2435 2437/2437/2437
f 2436/2436/2436 2441/2441/2441 2439/2439/2439
f 2440/2440/2440 2441/2441/2441 2436/2436/2436
f 2431/2431/2431 2442/2442/2442 2437/2437/2437
f 2442/2442/2442 2431/2431/2431 2426/2426/2426
f 2437/2437/2437 2443/2443/2443 2440/2440/2440
f 2443/2443/2443 2437/2437/2437 2442/2442/2442
f 2441/2441/2441 2440/2440/2440 2444/2444/2444
f 2426/2426/2426 2445/2445/2445 2442/2442/2442
f 2446/2446/2446 2444/2444/2444 2440/2440/2440
f 2447/2447/2447 2442/2442/2442 2445/2445/2445
f 2440/2440/2440 2448/2448/2448 2446/2446/2446
f 2440/2440/2440 2443/2443/2443 2448/2448/2448
f 2442/2442/2442 2449/2449/2449 2443/2443/2443
f 2442/2442/2442 2447/2447/2447 2449/2449/2449
f 2443/2443/2443 2450/2450/2450 2448/2448/2448
f 2449/2449/2449 2450/2450/2450 2443/2443/2443
f 2451/2451/2451 2446/2446/2446 2448/2448/2448
f 2452/2452/2452 2448/2448/2448 2450/2450/2450
f 2448/2448/2448 2452/2452/2452 2451/2451/2451
f 2450/2450/2450 2449/2449/2449 2453/2453/2453
f 2452/2452/2452 2454/2454/2454 2451/2451/2451
f 2455/2455/2455 2453/2453/2453 2449/2449/2449
f 2456/2456/2456 2446/2446/2446 2451/2451/2451
f 2456/2456/2456 2451/2451/2451 2454/2454/2454
f 2457/2457/2457 2455/2455/2455 2449/2449/2449
f 2449/2449/2449 2447/2447/2447 2457/2457/2457
f 2455/2455/2455 2458/2458/2458 2453/2453/2453
f 2457/2457/2457 2458/2458/2458 2455/2455/2455
f 2450/2450/2450 2453/2453/2453 2459/2459/2459
f 2450/2450/2450 2459/2459/2459 2452/2452/2452
f 2458/2458/2458 2460/2460/2460 2453/2453/2453
f 2459/2459/2459 2453/2453/2453 2460/2460/2460
f 2458/2458/2458 2461/2461/2461 2460/2460/2460
f 2460/2460/2460 2461/2461/2461 2459/2459/2459
f 2458/2458/2458 2457/2457/2457 2462/2462/2462
f 2462/2462/2462 2463/2463/2463 2458/2458/2458
f 2463/2463/2463 2462/2462/2462 2464/2464/2464
f 2465/2465/2465 2459/2459/2459 2461/2461/2461
f 2465/2465/2465 2461/2461/2461 2466/2466/2466
f 2459/2459/2459 2467/2467/2467 2452/2452/2452
f 2467/2467/2467 2459/2459/2459 2465/2465/2465
f 2452/2452/2452 2467/2467/2467 2454/2454/2454
f 2468/2468/2468 2465/2465/2465 2466/2466/2466
f 2465/2465/2465 2468/2468/2468 2467/2467/2467
f 2467/2467/2467 2468/2468/2468 2454/2454/2454
f 2466/2466/2466 2469/2469/2469 2468/2468/2468
f 2470/2470/2470 2468/2468/2468 2469/2469/2469
f 2471/2471/2471 2454/2454/2454 2468/2468/2468
f 2471/2471/2471 2456/2456/2456 2454/2454/2454
f 2472/2472/2472 2471/2471/2471 2468/2468/2468
f 2470/2470/2470 2472/2472/2472 2468/2468/2468
f 2456/2456/2456 2471/2471/2471 2473/2473/2473
f 2472/2472/2472 2473/2473/2473 2471/2471/2471
f 2474/2474/2474 2472/2472/2472 2470/2470/2470
f 2475/2475/2475 2473/2473/2473 2472/2472/2472
f 2474/2474/2474 2475/2475/2475 2472/2472/2472
f 2475/2475/2475 2476/2476/2476 2473/2473/2473
f 2475/2475/2475 2474/2474/2474 2476/2476/2476
f 2473/2473/2473 2477/2477/2477 2456/2456/2456
f 2473/2473/2473 2476/2476/2476 2477/2477/2477
f 2478/2478/2478 2474/2474/2474 2470/2470/2470
f 2470/2470/2470 2479/2479/2479 2478/2478/2478
f 2480/2480/2480 2478/2478/2478 2479/2479/2479
f 2478/2478/2478 2480/2480/2480 2474/2474/2474
f 2479/2479/2479 2481/2481/2481 2480/2480/2480
f 2482/2482/2482 2476/2476/2476 2474/2474/2474
f 2480/2480/2480 2481/2481/2481 2483/2483/2483
f 2474/2474/2474 2484/2484/2484 2482/2482/2482
f 2474/2474/2474 2480/2480/2480 2484/2484/2484
f 2476/2476/2476 2482/2482/2482 2485/2485/2485
f 2485/2485/2485 2482/2482/2482 2484/2484/2484
f 2486/2486/2486 2484/2484/2484 2480/2480/2480
f 2483/2483/2483 2486/2486/2486 2480/2480/2480
f 2484/2484/2484 2486/2486/2486 2487/2487/2487
f 2487/2487/2487 2485/2485/2485 2484/2484/2484
f 2486/2486/2486 2483/2483/2483 2488/2488/2488
f 2488/2488/2488 2487/2487/2487 2486/2486/2486
f 2483/2483/2483 2481/2481/2481 2489/2489/2489
f 2489/2489/2489 2488/2488/2488 2483/2483/2483
f 2481/2481/2481 2490/2490/2490 2489/2489/2489
f 2491/2491/2491 2488/2488/2488 2489/2489/2489
f 2491/2491/2491 2489/2489/2489 2490/2490/2490
f 2492/2492/2492 2487/2487/2487 2488/2488/2488
f 2490/2490/2490 2493/2493/2493 2491/2491/2491
f 2488/2488/2488 2491/2491/2491 2494/2494/2494
f 2493/2493/2493 2494/2494/2494 2491/2491/2491
f 2494/2494/2494 2492/2492/2492 2488/2488/2488
f 2493/2493/2493 2490/2490/2490 2495/2495/2495
f 2494/2494/2494 2493/2493/2493 2495/2495/2495
f 2496/2496/2496 2495/2495/2495 2490/2490/2490
f 2492/2492/2492 2494/2494/2494 2497/2497/2497
f 2494/2494/2494 2495/2495/2495 2497/2497/2497
f 2492/2492/2492 2498/2498/2498 2487/2487/2487
f 2492/2492/2492 2497/2497/2497 2498/2498/2498
f 2485/2485/2485 2487/2487/2487 2498/2498/2498
f 2499/2499/2499 2497/2497/2497 2495/2495/2495
f 2495/2495/2495 2496/2496/2496 2499/2499/2499
f 2485/2485/2485 2498/2498/2498 2500/2500/2500
f 2499/2499/2499 2496/2496/2496 2501/2501/2501
f 2500/2500/2500 2502/2502/2502 2485/2485/2485
f 2485/2485/2485 2502/2502/2502 2476/2476/2476
f 2502/2502/2502 2477/2477/2477 2476/2476/2476
f 2501/2501/2501 2503/2503/2503 2499/2499/2499
f 2497/2497/2497 2499/2499/2499 2503/2503/2503
f 2496/2496/2496 2504/2504/2504 2501/2501/2501
f 2504/2504/2504 2503/2503/2503 2501/2501/2501
f 2496/2496/2496 2505/2505/2505 2504/2504/2504
f 2504/2504/2504 2506/2506/2506 2503/2503/2503
f 2497/2497/2497 2503/2503/2503 2506/2506/2506
f 2504/2504/2504 2505/2505/2505 2507/2507/2507
f 2504/2504/2504 2507/2507/2507 2506/2506/2506
f 2507/2507/2507 2505/2505/2505 2508/2508/2508
f 2506/2506/2506 2509/2509/2509 2497/2497/2497
f 2506/2506/2506 2507/2507/2507 2510/2510/2510
f 2509/2509/2509 2506/2506/2506 2510/2510/2510
f 2510/2510/2510 2507/2507/2507 2508/2508/2508
f 2509/2509/2509 2511/2511/2511 2497/2497/2497
f 2511/2511/2511 2498/2498/2498 2497/2497/2497
f 2510/2510/2510 2512/2512/2512 2509/2509/2509
f 2511/2511/2511 2509/2509/2509 2512/2512/2512
f 2511/2511/2511 2513/2513/2513 2498/2498/2498
f 2498/2498/2498 2513/2513/2513 2500/2500/2500
f 2511/2511/2511 2514/2514/2514 2513/2513/2513
f 2515/2515/2515 2500/2500/2500 2513/2513/2513
f 2515/2515/2515 2513/2513/2513 2514/2514/2514
f 2502/2502/2502 2500/2500/2500 2515/2515/2515
f 2511/2511/2511 2516/2516/2516 2514/2514/2514
f 2516/2516/2516 2511/2511/2511 2512/2512/2512
f 2517/2517/2517 2502/2502/2502 2515/2515/2515
f 2502/2502/2502 2517/2517/2517 2477/2477/2477
f 2514/2514/2514 2518/2518/2518 2515/2515/2515
f 2515/2515/2515 2519/2519/2519 2517/2517/2517
f 2515/2515/2515 2518/2518/2518 2519/2519/2519
f 2517/2517/2517 2519/2519/2519 2520/2520/2520
f 2514/2514/2514 2521/2521/2521 2518/2518/2518
f 2514/2514/2514 2516/2516/2516 2521/2521/2521
f 2518/2518/2518 2522/2522/2522 2519/2519/2519
f 2522/2522/2522 2520/2520/2520 2519/2519/2519
f 2523/2523/2523 2521/2521/2521 2516/2516/2516
f 2517/2517/2517 2520/2520/2520 2524/2524/2524
f 2477/2477/2477 2517/2517/2517 2524/2524/2524
f 2523/2523/2523 2525/2525/2525 2521/2521/2521
f 2521/2521/2521 2525/2525/2525 2518/2518/2518
f 2523/2523/2523 2516/2516/2516 2526/2526/2526
f 2527/2527/2527 2518/2518/2518 2525/2525/2525
f 2528/2528/2528 2526/2526/2526 2516/2516/2516
f 2512/2512/2512 2528/2528/2528 2516/2516/2516
f 2523/2523/2523 2526/2526/2526 2529/2529/2529
f 2525/2525/2525 2523/2523/2523 2529/2529/2529
f 2526/2526/2526 2528/2528/2528 2530/2530/2530
f 2529/2529/2529 2526/2526/2526 2530/2530/2530
f 2528/2528/2528 2512/2512/2512 2531/2531/2531
f 2531/2531/2531 2530/2530/2530 2528/2528/2528
f 2529/2529/2529 2530/2530/2530 2532/2532/2532
f 2531/2531/2531 2512/2512/2512 2533/2533/2533
f 2510/2510/2510 2533/2533/2533 2512/2512/2512
f 2534/2534/2534 2532/2532/2532 2530/2530/2530
f 2534/2534/2534 2530/2530/2530 2531/2531/2531
f 2532/2532/2532 2535/2535/2535 2529/2529/2529
f 2529/2529/2529 2535/2535/2535 2525/2525/2525
f 2532/2532/2532 2534/2534/2534 2536/2536/2536
f 2536/2536/2536 2535/2535/2535 2532/2532/2532
f 2525/2525/2525 2535/2535/2535 2537/2537/2537
f 2525/2525/2525 2537/2537/2537 2538/2538/2538
f 2525/2525/2525 2538/2538/2538 2527/2527/2527
f 2539/2539/2539 2537/2537/2537 2535/2535/2535
f 2540/2540/2540 2538/2538/2538 2537/2537/2537
f 2540/2540/2540 2537/2537/2537 2539/2539/2539
f 2538/2538/2538 2540/2540/2540 2541/2541/2541
f 2539/2539/2539 2542/2542/2542 2540/2540/2540
f 2543/2543/2543 2538/2538/2538 2541/2541/2541
f 2539/2539/2539 2544/2544/2544 2542/2542/2542
f 2544/2544/2544 2539/2539/2539 2535/2535/2535
f 2545/2545/2545 2542/2542/2542 2544/2544/2544
f 2541/2541/2541 2546/2546/2546 2543/2543/2543
f 2544/2544/2544 2535/2535/2535 2547/2547/2547
f 2544/2544/2544 2547/2547/2547 2545/2545/2545
f 2535/2535/2535 2536/2536/2536 2547/2547/2547
f 2547/2547/2547 2548/2548/2548 2545/2545/2545
f 2547/2547/2547 2536/2536/2536 2548/2548/2548
f 2548/2548/2548 2549/2549/2549 2545/2545/2545
f 2550/2550/2550 2545/2545/2545 2549/2549/2549
f 2536/2536/2536 2551/2551/2551 2548/2548/2548
f 2534/2534/2534 2551/2551/2551 2536/2536/2536
f 2549/2549/2549 2548/2548/2548 2552/2552/2552
f 2552/2552/2552 2548/2548/2548 2551/2551/2551
f 2553/2553/2553 2550/2550/2550 2549/2549/2549
f 2554/2554/2554 2550/2550/2550 2553/2553/2553
f 2553/2553/2553 2549/2549/2549 2555/2555/2555
f 2549/2549/2549 2552/2552/2552 2555/2555/2555
f 2553/2553/2553 2556/2556/2556 2554/2554/2554
f 2553/2553/2553 2555/2555/2555 2556/2556/2556
f 2557/2557/2557 2554/2554/2554 2556/2556/2556
f 2558/2558/2558 2554/2554/2554 2557/2557/2557
f 2556/2556/2556 2555/2555/2555 2559/2559/2559
f 2557/2557/2557 2556/2556/2556 2560/2560/2560
f 2560/2560/2560 2556/2556/2556 2559/2559/2559
f 2559/2559/2559 2555/2555/2555 2561/2561/2561
f 2561/2561/2561 2555/2555/2555 2552/2552/2552
f 2559/2559/2559 2562/2562/2562 2560/2560/2560
f 2561/2561/2561 2562/2562/2562 2559/2559/2559
f 2563/2563/2563 2557/2557/2557 2560/2560/2560
f 2564/2564/2564 2558/2558/2558 2557/2557/2557
f 2557/2557/2557 2563/2563/2563 2564/2564/2564
f 2565/2565/2565 2558/2558/2558 2564/2564/2564
f 2566/2566/2566 2558/2558/2558 2565/2565/2565
f 2567/2567/2567 2566/2566/2566 2565/2565/2565
f 2568/2568/2568 2564/2564/2564 2563/2563/2563
f 2568/2568/2568 2565/2565/2565 2564/2564/2564
f 2563/2563/2563 2560/2560/2560 2569/2569/2569
f 2560/2560/2560 2562/2562/2562 2569/2569/2569
f 2568/2568/2568 2563/2563/2563 2570/2570/2570
f 2571/2571/2571 2563/2563/2563 2569/2569/2569
f 2563/2563/2563 2571/2571/2571 2570/2570/2570
f 2568/2568/2568 2572/2572/2572 2565/2565/2565
f 2572/2572/2572 2568/2568/2568 2570/2570/2570
f 2567/2567/2567 2565/2565/2565 2573/2573/2573
f 2572/2572/2572 2573/2573/2573 2565/2565/2565
f 2574/2574/2574 2567/2567/2567 2573/2573/2573
f 2575/2575/2575 2574/2574/2574 2573/2573/2573
f 2570/2570/2570 2576/2576/2576 2572/2572/2572
f 2576/2576/2576 2570/2570/2570 2571/2571/2571
f 2573/2573/2573 2572/2572/2572 2577/2577/2577
f 2577/2577/2577 2572/2572/2572 2576/2576/2576
f 2573/2573/2573 2578/2578/2578 2575/2575/2575
f 2578/2578/2578 2573/2573/2573 2577/2577/2577
f 2579/2579/2579 2575/2575/2575 2578/2578/2578
f 2577/2577/2577 2576/2576/2576 2580/2580/2580
f 2578/2578/2578 2581/2581/2581 2579/2579/2579
f 2582/2582/2582 2579/2579/2579 2581/2581/2581
f 2583/2583/2583 2578/2578/2578 2577/2577/2577
f 2583/2583/2583 2581/2581/2581 2578/2578/2578
f 2583/2583/2583 2577/2577/2577 2580/2580/2580
f 2581/2581/2581 2584/2584/2584 2582/2582/2582
f 2585/2585/2585 2582/2582/2582 2584/2584/2584
f 2584/2584/2584 2586/2586/2586 2585/2585/2585
f 2587/2587/2587 2586/2586/2586 2584/2584/2584
f 2583/2583/2583 2588/2588/2588 2581/2581/2581
f 2584/2584/2584 2581/2581/2581 2588/2588/2588
f 2589/2589/2589 2587/2587/2587 2584/2584/2584
f 2584/2584/2584 2588/2588/2588 2589/2589/2589
f 2589/2589/2589 2590/2590/2590 2587/2587/2587
f 2590/2590/2590 2589/2589/2589 2591/2591/2591
f 2592/2592/2592 2591/2591/2591 2589/2589/2589
f 2588/2588/2588 2592/2592/2592 2589/2589/2589
f 2591/2591/2591 2592/2592/2592 2593/2593/2593
f 2594/2594/2594 2588/2588/2588 2583/2583/2583
f 2583/2583/2583 2580/2580/2580 2594/2594/2594
f 2592/2592/2592 2588/2588/2588 2595/2595/2595
f 2594/2594/2594 2595/2595/2595 2588/2588/2588
f 2595/2595/2595 2593/2593/2593 2592/2592/2592
f 2596/2596/2596 2594/2594/2594 2580/2580/2580
f 2596/2596/2596 2595/2595/2595 2594/2594/2594
f 2580/2580/2580 2597/2597/2597 2596/2596/2596
f 2580/2580/2580 2576/2576/2576 2597/2597/2597
f 2576/2576/2576 2571/2571/2571 2597/2597/2597
f 2598/2598/2598 2595/2595/2595 2596/2596/2596
f 2596/2596/2596 2597/2597/2597 2598/2598/2598
f 2595/2595/2595 2598/2598/2598 2593/2593/2593
f 2597/2597/2597 2571/2571/2571 2599/2599/2599
f 2569/2569/2569 2599/2599/2599 2571/2571/2571
f 2569/2569/2569 2562/2562/2562 2599/2599/2599
f 2599/2599/2599 2600/2600/2600 2597/2597/2597
f 2598/2598/2598 2597/2597/2597 2600/2600/2600
f 2601/2601/2601 2599/2599/2599 2562/2562/2562
f 2599/2599/2599 2601/2601/2601 2600/2600/2600
f 2593/2593/2593 2598/2598/2598 2602/2602/2602
f 2593/2593/2593 2602/2602/2602 2603/2603/2603
f 2600/2600/2600 2604/2604/2604 2598/2598/2598
f 2598/2598/2598 2604/2604/2604 2602/2602/2602
f 2605/2605/2605 2603/2603/2603 2602/2602/2602
f 2602/2602/2602 2604/2604/2604 2605/2605/2605
f 2605/2605/2605 2606/2606/2606 2603/2603/2603
f 2607/2607/2607 2604/2604/2604 2600/2600/2600
f 2607/2607/2607 2600/2600/2600 2601/2601/2601
f 2604/2604/2604 2608/2608/2608 2605/2605/2605
f 2608/2608/2608 2604/2604/2604 2607/2607/2607
f 2605/2605/2605 2609/2609/2609 2606/2606/2606
f 2605/2605/2605 2608/2608/2608 2609/2609/2609
f 2610/2610/2610 2606/2606/2606 2609/2609/2609
f 2610/2610/2610 2611/2611/2611 2606/2606/2606
f 2612/2612/2612 2609/2609/2609 2608/2608/2608
f 2610/2610/2610 2609/2609/2609 2612/2612/2612
f 2607/2607/2607 2612/2612/2612 2608/2608/2608
f 2613/2613/2613 2611/2611/2611 2610/2610/2610
f 2613/2613/2613 2610/2610/2610 2612/2612/2612
f 2611/2611/2611 2613/2613/2613 2614/2614/2614
f 2615/2615/2615 2613/2613/2613 2612/2612/2612
f 2613/2613/2613 2615/2615/2615 2614/2614/2614
f 2614/2614/2614 2508/2508/2508 2611/2611/2611
f 2612/2612/2612 2616/2616/2616 2615/2615/2615
f 2615/2615/2615 2616/2616/2616 2614/2614/2614
f 2616/2616/2616 2612/2612/2612 2607/2607/2607
f 2508/2508/2508 2614/2614/2614 2617/2617/2617
f 2618/2618/2618 2607/2607/2607 2601/2601/2601
f 2607/2607/2607 2618/2618/2618 2616/2616/2616
f 2601/2601/2601 2562/2562/2562 2618/2618/2618
f 2619/2619/2619 2614/2614/2614 2616/2616/2616
f 2617/2617/2617 2614/2614/2614 2619/2619/2619
f 2620/2620/2620 2618/2618/2618 2562/2562/2562
f 2562/2562/2562 2561/2561/2561 2620/2620/2620
f 2616/2616/2616 2621/2621/2621 2619/2619/2619
f 2621/2621/2621 2617/2617/2617 2619/2619/2619
f 2622/2622/2622 2620/2620/2620 2561/2561/2561
f 2622/2622/2622 2561/2561/2561 2552/2552/2552
f 2618/2618/2618 2620/2620/2620 2623/2623/2623
f 2622/2622/2622 2623/2623/2623 2620/2620/2620
f 2624/2624/2624 2616/2616/2616 2618/2618/2618
f 2618/2618/2618 2623/2623/2623 2624/2624/2624
f 2616/2616/2616 2624/2624/2624 2621/2621/2621
f 2552/2552/2552 2625/2625/2625 2622/2622/2622
f 2552/2552/2552 2551/2551/2551 2625/2625/2625
f 2626/2626/2626 2622/2622/2622 2625/2625/2625
f 2622/2622/2622 2626/2626/2626 2623/2623/2623
f 2551/2551/2551 2627/2627/2627 2625/2625/2625
f 2627/2627/2627 2626/2626/2626 2625/2625/2625
f 2628/2628/2628 2627/2627/2627 2551/2551/2551
f 2628/2628/2628 2551/2551/2551 2534/2534/2534
f 2534/2534/2534 2629/2629/2629 2628/2628/2628
f 2629/2629/2629 2627/2627/2627 2628/2628/2628
f 2534/2534/2534 2531/2531/2531 2629/2629/2629
f 2626/2626/2626 2627/2627/2627 2630/2630/2630
f 2630/2630/2630 2627/2627/2627 2629/2629/2629
f 2631/2631/2631 2623/2623/2623 2626/2626/2626
f 2631/2631/2631 2626/2626/2626 2630/2630/2630
f 2623/2623/2623 2631/2631/2631 2632/2632/2632
f 2632/2632/2632 2631/2631/2631 2630/2630/2630
f 2632/2632/2632 2624/2624/2624 2623/2623/2623
f 2633/2633/2633 2630/2630/2630 2629/2629/2629
f 2633/2633/2633 2632/2632/2632 2630/2630/2630
f 2634/2634/2634 2624/2624/2624 2632/2632/2632
f 2632/2632/2632 2633/2633/2633 2634/2634/2634
f 2634/2634/2634 2621/2621/2621 2624/2624/2624
f 2633/2633/2633 2629/2629/2629 2635/2635/2635
f 2634/2634/2634 2633/2633/2633 2635/2635/2635
f 2531/2531/2531 2635/2635/2635 2629/2629/2629
f 2635/2635/2635 2636/2636/2636 2634/2634/2634
f 2635/2635/2635 2531/2531/2531 2636/2636/2636
f 2621/2621/2621 2634/2634/2634 2636/2636/2636
f 2533/2533/2533 2636/2636/2636 2531/2531/2531
f 2637/2637/2637 2621/2621/2621 2636/2636/2636
f 2533/2533/2533 2637/2637/2637 2636/2636/2636
f 2637/2637/2637 2617/2617/2617 2621/2621/2621
f 2533/2533/2533 2638/2638/2638 2637/2637/2637
f 2510/2510/2510 2638/2638/2638 2533/2533/2533
f 2639/2639/2639 2617/2617/2617 2637/2637/2637
f 2638/2638/2638 2639/2639/2639 2637/2637/2637
f 2510/2510/2510 2639/2639/2639 2638/2638/2638
f 2617/2617/2617 2639/2639/2639 2508/2508/2508
f 2508/2508/2508 2639/2639/2639 2510/2510/2510
f 2642/2642/2642 2641/2641/2641 2640/2640/2640
f 2641/2641/2641 2643/2643/2643 2640/2640/2640
f 2641/2641/2641 2644/2644/2644 2643/2643/2643
f 2645/2645/2645 2640/2640/2640 2643/2643/2643
f 2640/2640/2640 2645/2645/2645 2646/2646/2646
f 2643/2643/2643 2644/2644/2644 2647/2647/2647
f 2643/2643/2643 2647/2647/2647 2645/2645/2645
f 2644/2644/2644 2648/2648/2648 2647/2647/2647
f 2649/2649/2649 2646/2646/2646 2645/2645/2645
f 2646/2646/2646 2649/2649/2649 2650/2650/2650
f 2651/2651/2651 2647/2647/2647 2648/2648/2648
f 2652/2652/2652 2651/2651/2651 2648/2648/2648
f 2649/2649/2649 2653/2653/2653 2650/2650/2650
f 2654/2654/2654 2650/2650/2650 2653/2653/2653
f 2655/2655/2655 2654/2654/2654 2653/2653/2653
f 2653/2653/2653 2649/2649/2649 2655/2655/2655
f 2654/2654/2654 2655/2655/2655 2656/2656/2656
f 2657/2657/2657 2649/2649/2649 2645/2645/2645
f 2649/2649/2649 2657/2657/2657 2655/2655/2655
f 2658/2658/2658 2645/2645/2645 2647/2647/2647
f 2645/2645/2645 2658/2658/2658 2657/2657/2657
f 2647/2647/2647 2651/2651/2651 2658/2658/2658
f 2656/2656/2656 2655/2655/2655 2659/2659/2659
f 2660/2660/2660 2658/2658/2658 2651/2651/2651
f 2656/2656/2656 2659/2659/2659 2661/2661/2661
f 2656/2656/2656 2661/2661/2661 2662/2662/2662
f 2659/2659/2659 2655/2655/2655 2663/2663/2663
f 2655/2655/2655 2657/2657/2657 2663/2663/2663
f 2664/2664/2664 2662/2662/2662 2661/2661/2661
f 2662/2662/2662 2664/2664/2664 2665/2665/2665
f 2659/2659/2659 2666/2666/2666 2661/2661/2661
f 2661/2661/2661 2666/2666/2666 2664/2664/2664
f 2663/2663/2663 2666/2666/2666 2659/2659/2659
f 2667/2667/2667 2665/2665/2665 2664/2664/2664
f 2667/2667/2667 2668/2668/2668 2665/2665/2665
f 2664/2664/2664 2669/2669/2669 2667/2667/2667
f 2666/2666/2666 2669/2669/2669 2664/2664/2664
f 2670/2670/2670 2668/2668/2668 2667/2667/2667
f 2670/2670/2670 2667/2667/2667 2669/2669/2669
f 2668/2668/2668 2670/2670/2670 2671/2671/2671
f 2671/2671/2671 2670/2670/2670 2672/2672/2672
f 2673/2673/2673 2672/2672/2672 2670/2670/2670
f 2669/2669/2669 2673/2673/2673 2670/2670/2670
f 2672/2672/2672 2673/2673/2673 2674/2674/2674
f 2675/2675/2675 2674/2674/2674 2673/2673/2673
f 2674/2674/2674 2675/2675/2675 2676/2676/2676
f 2673/2673/2673 2669/2669/2669 2677/2677/2677
f 2677/2677/2677 2675/2675/2675 2673/2673/2673
f 2669/2669/2669 2666/2666/2666 2678/2678/2678
f 2678/2678/2678 2677/2677/2677 2669/2669/2669
f 2679/2679/2679 2678/2678/2678 2666/2666/2666
f 2666/2666/2666 2663/2663/2663 2679/2679/2679
f 2678/2678/2678 2680/2680/2680 2677/2677/2677
f 2681/2681/2681 2679/2679/2679 2663/2663/2663
f 2657/2657/2657 2681/2681/2681 2663/2663/2663
f 2678/2678/2678 2679/2679/2679 2682/2682/2682
f 2682/2682/2682 2679/2679/2679 2681/2681/2681
f 2678/2678/2678 2682/2682/2682 2680/2680/2680
f 2683/2683/2683 2681/2681/2681 2657/2657/2657
f 2683/2683/2683 2657/2657/2657 2658/2658/2658
f 2660/2660/2660 2683/2683/2683 2658/2658/2658
f 2684/2684/2684 2681/2681/2681 2683/2683/2683
f 2681/2681/2681 2684/2684/2684 2682/2682/2682
f 2683/2683/2683 2660/2660/2660 2684/2684/2684
f 2682/2682/2682 2685/2685/2685 2680/2680/2680
f 2685/2685/2685 2682/2682/2682 2684/2684/2684
f 2686/2686/2686 2684/2684/2684 2660/2660/2660
f 2684/2684/2684 2686/2686/2686 2685/2685/2685
f 2687/2687/2687 2680/2680/2680 2685/2685/2685
f 2680/2680/2680 2687/2687/2687 2677/2677/2677
f 2685/2685/2685 2686/2686/2686 2688/2688/2688
f 2685/2685/2685 2688/2688/2688 2687/2687/2687
f 2660/2660/2660 2689/2689/2689 2686/2686/2686
f 2689/2689/2689 2660/2660/2660 2651/2651/2651
f 2688/2688/2688 2686/2686/2686 2690/2690/2690
f 2690/2690/2690 2686/2686/2686 2689/2689/2689
f 2651/2651/2651 2691/2691/2691 2689/2689/2689
f 2652/2652/2652 2691/2691/2691 2651/2651/2651
f 2691/2691/2691 2652/2652/2652 2692/2692/2692
f 2693/2693/2693 2689/2689/2689 2691/2691/2691
f 2690/2690/2690 2689/2689/2689 2693/2693/2693
f 2692/2692/2692 2694/2694/2694 2691/2691/2691
f 2694/2694/2694 2693/2693/2693 2691/2691/2691
f 2695/2695/2695 2694/2694/2694 2692/2692/2692
f 2694/2694/2694 2696/2696/2696 2693/2693/2693
f 2695/2695/2695 2696/2696/2696 2694/2694/2694
f 2695/2695/2695 2692/2692/2692 2697/2697/2697
f 2698/2698/2698 2697/2697/2697 2692/2692/2692
f 2696/2696/2696 2695/2695/2695 2699/2699/2699
f 2697/2697/2697 2698/2698/2698 2700/2700/2700
f 2700/2700/2700 2698/2698/2698 2701/2701/2701
f 2697/2697/2697 2702/2702/2702 2695/2695/2695
f 2699/2699/2699 2695/2695/2695 2702/2702/2702
f 2700/2700/2700 2702/2702/2702 2697/2697/2697
f 2696/2696/2696 2699/2699/2699 2703/2703/2703
f 2699/2699/2699 2702/2702/2702 2704/2704/2704
f 2704/2704/2704 2703/2703/2703 2699/2699/2699
f 2703/2703/2703 2705/2705/2705 2696/2696/2696
f 2693/2693/2693 2696/2696/2696 2705/2705/2705
f 2706/2706/2706 2703/2703/2703 2704/2704/2704
f 2705/2705/2705 2703/2703/2703 2707/2707/2707
f 2706/2706/2706 2707/2707/2707 2703/2703/2703
f 2693/2693/2693 2705/2705/2705 2708/2708/2708
f 2709/2709/2709 2705/2705/2705 2707/2707/2707
f 2708/2708/2708 2705/2705/2705 2709/2709/2709
f 2708/2708/2708 2710/2710/2710 2693/2693/2693
f 2693/2693/2693 2710/2710/2710 2690/2690/2690
f 2709/2709/2709 2711/2711/2711 2708/2708/2708
f 2710/2710/2710 2708/2708/2708 2711/2711/2711
f 2690/2690/2690 2710/2710/2710 2712/2712/2712
f 2711/2711/2711 2712/2712/2712 2710/2710/2710
f 2690/2690/2690 2712/2712/2712 2688/2688/2688
f 2707/2707/2707 2713/2713/2713 2709/2709/2709
f 2712/2712/2712 2714/2714/2714 2688/2688/2688
f 2687/2687/2687 2688/2688/2688 2714/2714/2714
f 2707/2707/2707 2715/2715/2715 2713/2713/2713
f 2715/2715/2715 2707/2707/2707 2706/2706/2706
f 2709/2709/2709 2713/2713/2713 2716/2716/2716
f 2716/2716/2716 2713/2713/2713 2715/2715/2715
f 2709/2709/2709 2716/2716/2716 2711/2711/2711
f 2706/2706/2706 2717/2717/2717 2715/2715/2715
f 2717/2717/2717 2716/2716/2716 2715/2715/2715
f 2706/2706/2706 2704/2704/2704 2717/2717/2717
f 2718/2718/2718 2712/2712/2712 2711/2711/2711
f 2718/2718/2718 2711/2711/2711 2716/2716/2716
f 2712/2712/2712 2718/2718/2718 2714/2714/2714
f 2704/2704/2704 2719/2719/2719 2717/2717/2717
f 2719/2719/2719 2704/2704/2704 2702/2702/2702
f 2717/2717/2717 2720/2720/2720 2716/2716/2716
f 2721/2721/2721 2719/2719/2719 2702/2702/2702
f 2702/2702/2702 2700/2700/2700 2721/2721/2721
f 2720/2720/2720 2722/2722/2722 2716/2716/2716
f 2716/2716/2716 2722/2722/2722 2718/2718/2718
f 2723/2723/2723 2721/2721/2721 2700/2700/2700
f 2724/2724/2724 2718/2718/2718 2722/2722/2722
f 2721/2721/2721 2723/2723/2723 2725/2725/2725
f 2725/2725/2725 2719/2719/2719 2721/2721/2721
f 2700/2700/2700 2726/2726/2726 2723/2723/2723
f 2726/2726/2726 2700/2700/2700 2701/2701/2701
f 2725/2725/2725 2723/2723/2723 2727/2727/2727
f 2701/2701/2701 2728/2728/2728 2726/2726/2726
f 2729/2729/2729 2728/2728/2728 2701/2701/2701
f 2729/2729/2729 2730/2730/2730 2728/2728/2728
f 2723/2723/2723 2726/2726/2726 2731/2731/2731
f 2731/2731/2731 2727/2727/2727 2723/2723/2723
f 2732/2732/2732 2726/2726/2726 2728/2728/2728
f 2728/2728/2728 2730/2730/2730 2732/2732/2732
f 2731/2731/2731 2726/2726/2726 2733/2733/2733
f 2732/2732/2732 2733/2733/2733 2726/2726/2726
f 2732/2732/2732 2730/2730/2730 2734/2734/2734
f 2735/2735/2735 2734/2734/2734 2730/2730/2730
f 2731/2731/2731 2733/2733/2733 2736/2736/2736
f 2734/2734/2734 2735/2735/2735 2737/2737/2737
f 2737/2737/2737 2735/2735/2735 2738/2738/2738
f 2734/2734/2734 2739/2739/2739 2732/2732/2732
f 2737/2737/2737 2739/2739/2739 2734/2734/2734
f 2732/2732/2732 2740/2740/2740 2733/2733/2733
f 2739/2739/2739 2740/2740/2740 2732/2732/2732
f 2733/2733/2733 2740/2740/2740 2736/2736/2736
f 2736/2736/2736 2741/2741/2741 2731/2731/2731
f 2727/2727/2727 2731/2731/2731 2741/2741/2741
f 2736/2736/2736 2740/2740/2740 2742/2742/2742
f 2741/2741/2741 2736/2736/2736 2742/2742/2742
f 2743/2743/2743 2740/2740/2740 2739/2739/2739
f 2742/2742/2742 2744/2744/2744 2741/2741/2741
f 2739/2739/2739 2745/2745/2745 2743/2743/2743
f 2737/2737/2737 2745/2745/2745 2739/2739/2739
f 2746/2746/2746 2741/2741/2741 2744/2744/2744
f 2727/2727/2727 2741/2741/2741 2746/2746/2746
f 2747/2747/2747 2744/2744/2744 2742/2742/2742
f 2746/2746/2746 2744/2744/2744 2747/2747/2747
f 2748/2748/2748 2742/2742/2742 2740/2740/2740
f 2742/2742/2742 2748/2748/2748 2747/2747/2747
f 2740/2740/2740 2749/2749/2749 2748/2748/2748
f 2740/2740/2740 2743/2743/2743 2749/2749/2749
f 2747/2747/2747 2748/2748/2748 2750/2750/2750
f 2748/2748/2748 2749/2749/2749 2750/2750/2750
f 2743/2743/2743 2751/2751/2751 2749/2749/2749
f 2749/2749/2749 2751/2751/2751 2750/2750/2750
f 2752/2752/2752 2747/2747/2747 2750/2750/2750
f 2747/2747/2747 2752/2752/2752 2746/2746/2746
f 2750/2750/2750 2751/2751/2751 2753/2753/2753
f 2753/2753/2753 2752/2752/2752 2750/2750/2750
f 2751/2751/2751 2743/2743/2743 2754/2754/2754
f 2745/2745/2745 2754/2754/2754 2743/2743/2743
f 2751/2751/2751 2755/2755/2755 2753/2753/2753
f 2754/2754/2754 2755/2755/2755 2751/2751/2751
f 2755/2755/2755 2756/2756/2756 2753/2753/2753
f 2757/2757/2757 2755/2755/2755 2754/2754/2754
f 2756/2756/2756 2755/2755/2755 2757/2757/2757
f 2754/2754/2754 2745/2745/2745 2758/2758/2758
f 2757/2757/2757 2754/2754/2754 2759/2759/2759
f 2759/2759/2759 2754/2754/2754 2758/2758/2758
f 2745/2745/2745 2760/2760/2760 2758/2758/2758
f 2760/2760/2760 2745/2745/2745 2737/2737/2737
f 2759/2759/2759 2758/2758/2758 2761/2761/2761
f 2758/2758/2758 2760/2760/2760 2761/2761/2761
f 2757/2757/2757 2759/2759/2759 2762/2762/2762
f 2759/2759/2759 2761/2761/2761 2762/2762/2762
f 2760/2760/2760 2737/2737/2737 2763/2763/2763
f 2738/2738/2738 2763/2763/2763 2737/2737/2737
f 2738/2738/2738 2764/2764/2764 2763/2763/2763
f 2738/2738/2738 2765/2765/2765 2764/2764/2764
f 2764/2764/2764 2766/2766/2766 2763/2763/2763
f 2760/2760/2760 2763/2763/2763 2766/2766/2766
f 2764/2764/2764 2765/2765/2765 2767/2767/2767
f 2767/2767/2767 2766/2766/2766 2764/2764/2764
f 2768/2768/2768 2767/2767/2767 2765/2765/2765
f 2767/2767/2767 2769/2769/2769 2766/2766/2766
f 2767/2767/2767 2768/2768/2768 2769/2769/2769
f 2770/2770/2770 2760/2760/2760 2766/2766/2766
f 2769/2769/2769 2768/2768/2768 2771/2771/2771
f 2766/2766/2766 2769/2769/2769 2772/2772/2772
f 2769/2769/2769 2771/2771/2771 2772/2772/2772
f 2772/2772/2772 2773/2773/2773 2766/2766/2766
f 2770/2770/2770 2766/2766/2766 2773/2773/2773
f 2771/2771/2771 2768/2768/2768 2774/2774/2774
f 2775/2775/2775 2774/2774/2774 2768/2768/2768
f 2772/2772/2772 2771/2771/2771 2776/2776/2776
f 2777/2777/2777 2774/2774/2774 2775/2775/2775
f 2778/2778/2778 2777/2777/2777 2775/2775/2775
f 2779/2779/2779 2771/2771/2771 2774/2774/2774
f 2776/2776/2776 2771/2771/2771 2779/2779/2779
f 2777/2777/2777 2780/2780/2780 2774/2774/2774
f 2779/2779/2779 2774/2774/2774 2780/2780/2780
f 2777/2777/2777 2778/2778/2778 2781/2781/2781
f 2780/2780/2780 2777/2777/2777 2781/2781/2781
f 2782/2782/2782 2781/2781/2781 2778/2778/2778
f 2778/2778/2778 2783/2783/2783 2782/2782/2782
f 2781/2781/2781 2784/2784/2784 2780/2780/2780
f 2785/2785/2785 2782/2782/2782 2783/2783/2783
f 2784/2784/2784 2786/2786/2786 2780/2780/2780
f 2786/2786/2786 2779/2779/2779 2780/2780/2780
f 2784/2784/2784 2781/2781/2781 2787/2787/2787
f 2787/2787/2787 2781/2781/2781 2782/2782/2782
f 2788/2788/2788 2786/2786/2786 2784/2784/2784
f 2784/2784/2784 2787/2787/2787 2788/2788/2788
f 2789/2789/2789 2787/2787/2787 2782/2782/2782
f 2782/2782/2782 2785/2785/2785 2789/2789/2789
f 2788/2788/2788 2787/2787/2787 2790/2790/2790
f 2789/2789/2789 2790/2790/2790 2787/2787/2787
f 2783/2783/2783 2791/2791/2791 2785/2785/2785
f 2783/2783/2783 2792/2792/2792 2791/2791/2791
f 2793/2793/2793 2791/2791/2791 2792/2792/2792
f 2794/2794/2794 2789/2789/2789 2785/2785/2785
f 2794/2794/2794 2785/2785/2785 2791/2791/2791
f 2791/2791/2791 2793/2793/2793 2795/2795/2795
f 2796/2796/2796 2795/2795/2795 2793/2793/2793
f 2797/2797/2797 2795/2795/2795 2796/2796/2796
f 2791/2791/2791 2798/2798/2798 2794/2794/2794
f 2798/2798/2798 2791/2791/2791 2795/2795/2795
f 2789/2789/2789 2794/2794/2794 2799/2799/2799
f 2798/2798/2798 2799/2799/2799 2794/2794/2794
f 2789/2789/2789 2799/2799/2799 2800/2800/2800
f 2800/2800/2800 2790/2790/2790 2789/2789/2789
f 2798/2798/2798 2801/2801/2801 2799/2799/2799
f 2801/2801/2801 2800/2800/2800 2799/2799/2799
f 2795/2795/2795 2802/2802/2802 2798/2798/2798
f 2802/2802/2802 2801/2801/2801 2798/2798/2798
f 2795/2795/2795 2797/2797/2797 2803/2803/2803
f 2802/2802/2802 2795/2795/2795 2803/2803/2803
f 2804/2804/2804 2803/2803/2803 2797/2797/2797
f 2801/2801/2801 2802/2802/2802 2805/2805/2805
f 2803/2803/2803 2804/2804/2804 2806/2806/2806
f 2807/2807/2807 2806/2806/2806 2804/2804/2804
f 2808/2808/2808 2802/2802/2802 2803/2803/2803
f 2806/2806/2806 2808/2808/2808 2803/2803/2803
f 2808/2808/2808 2805/2805/2805 2802/2802/2802
f 2806/2806/2806 2807/2807/2807 2809/2809/2809
f 2810/2810/2810 2809/2809/2809 2807/2807/2807
f 2810/2810/2810 2811/2811/2811 2809/2809/2809
f 2812/2812/2812 2809/2809/2809 2811/2811/2811
f 2808/2808/2808 2806/2806/2806 2813/2813/2813
f 2809/2809/2809 2813/2813/2813 2806/2806/2806
f 2814/2814/2814 2809/2809/2809 2812/2812/2812
f 2813/2813/2813 2809/2809/2809 2814/2814/2814
f 2814/2814/2814 2812/2812/2812 2815/2815/2815
f 2815/2815/2815 2816/2816/2816 2814/2814/2814
f 2816/2816/2816 2817/2817/2817 2814/2814/2814
f 2813/2813/2813 2814/2814/2814 2817/2817/2817
f 2817/2817/2817 2816/2816/2816 2818/2818/2818
f 2808/2808/2808 2813/2813/2813 2819/2819/2819
f 2808/2808/2808 2819/2819/2819 2805/2805/2805
f 2817/2817/2817 2820/2820/2820 2813/2813/2813
f 2819/2819/2819 2813/2813/2813 2820/2820/2820
f 2817/2817/2817 2818/2818/2818 2820/2820/2820
f 2819/2819/2819 2821/2821/2821 2805/2805/2805
f 2821/2821/2821 2819/2819/2819 2820/2820/2820
f 2805/2805/2805 2821/2821/2821 2822/2822/2822
f 2805/2805/2805 2822/2822/2822 2801/2801/2801
f 2800/2800/2800 2801/2801/2801 2822/2822/2822
f 2820/2820/2820 2823/2823/2823 2821/2821/2821
f 2821/2821/2821 2823/2823/2823 2822/2822/2822
f 2820/2820/2820 2818/2818/2818 2823/2823/2823
f 2822/2822/2822 2824/2824/2824 2800/2800/2800
f 2800/2800/2800 2824/2824/2824 2790/2790/2790
f 2790/2790/2790 2824/2824/2824 2788/2788/2788
f 2824/2824/2824 2822/2822/2822 2825/2825/2825
f 2823/2823/2823 2825/2825/2825 2822/2822/2822
f 2826/2826/2826 2788/2788/2788 2824/2824/2824
f 2824/2824/2824 2825/2825/2825 2826/2826/2826
f 2818/2818/2818 2827/2827/2827 2823/2823/2823
f 2818/2818/2818 2828/2828/2828 2827/2827/2827
f 2825/2825/2825 2823/2823/2823 2829/2829/2829
f 2823/2823/2823 2827/2827/2827 2829/2829/2829
f 2830/2830/2830 2827/2827/2827 2828/2828/2828
f 2827/2827/2827 2830/2830/2830 2829/2829/2829
f 2830/2830/2830 2828/2828/2828 2831/2831/2831
f 2832/2832/2832 2825/2825/2825 2829/2829/2829
f 2832/2832/2832 2826/2826/2826 2825/2825/2825
f 2833/2833/2833 2829/2829/2829 2830/2830/2830
f 2829/2829/2829 2833/2833/2833 2832/2832/2832
f 2834/2834/2834 2830/2830/2830 2831/2831/2831
f 2830/2830/2830 2834/2834/2834 2833/2833/2833
f 2834/2834/2834 2831/2831/2831 2835/2835/2835
f 2835/2835/2835 2831/2831/2831 2836/2836/2836
f 2837/2837/2837 2833/2833/2833 2834/2834/2834
f 2834/2834/2834 2835/2835/2835 2837/2837/2837
f 2832/2832/2832 2833/2833/2833 2837/2837/2837
f 2838/2838/2838 2835/2835/2835 2836/2836/2836
f 2838/2838/2838 2837/2837/2837 2835/2835/2835
f 2838/2838/2838 2836/2836/2836 2839/2839/2839
f 2839/2839/2839 2836/2836/2836 2840/2840/2840
f 2841/2841/2841 2837/2837/2837 2838/2838/2838
f 2838/2838/2838 2842/2842/2842 2841/2841/2841
f 2842/2842/2842 2838/2838/2838 2839/2839/2839
f 2837/2837/2837 2841/2841/2841 2843/2843/2843
f 2841/2841/2841 2842/2842/2842 2843/2843/2843
f 2843/2843/2843 2832/2832/2832 2837/2837/2837
f 2842/2842/2842 2839/2839/2839 2844/2844/2844
f 2845/2845/2845 2843/2843/2843 2842/2842/2842
f 2842/2842/2842 2844/2844/2844 2845/2845/2845
f 2832/2832/2832 2843/2843/2843 2846/2846/2846
f 2846/2846/2846 2826/2826/2826 2832/2832/2832
f 2826/2826/2826 2846/2846/2846 2788/2788/2788
f 2847/2847/2847 2843/2843/2843 2845/2845/2845
f 2845/2845/2845 2844/2844/2844 2847/2847/2847
f 2848/2848/2848 2788/2788/2788 2846/2846/2846
f 2788/2788/2788 2848/2848/2848 2786/2786/2786
f 2849/2849/2849 2846/2846/2846 2843/2843/2843
f 2843/2843/2843 2847/2847/2847 2849/2849/2849
f 2848/2848/2848 2850/2850/2850 2786/2786/2786
f 2850/2850/2850 2779/2779/2779 2786/2786/2786
f 2848/2848/2848 2846/2846/2846 2851/2851/2851
f 2850/2850/2850 2848/2848/2848 2851/2851/2851
f 2846/2846/2846 2849/2849/2849 2851/2851/2851
f 2852/2852/2852 2779/2779/2779 2850/2850/2850
f 2852/2852/2852 2776/2776/2776 2779/2779/2779
f 2850/2850/2850 2851/2851/2851 2853/2853/2853
f 2853/2853/2853 2852/2852/2852 2850/2850/2850
f 2854/2854/2854 2851/2851/2851 2849/2849/2849
f 2852/2852/2852 2853/2853/2853 2855/2855/2855
f 2776/2776/2776 2852/2852/2852 2855/2855/2855
f 2851/2851/2851 2856/2856/2856 2853/2853/2853
f 2854/2854/2854 2856/2856/2856 2851/2851/2851
f 2853/2853/2853 2856/2856/2856 2857/2857/2857
f 2856/2856/2856 2854/2854/2854 2857/2857/2857
f 2853/2853/2853 2857/2857/2857 2855/2855/2855
f 2858/2858/2858 2854/2854/2854 2849/2849/2849
f 2858/2858/2858 2849/2849/2849 2847/2847/2847
f 2859/2859/2859 2857/2857/2857 2854/2854/2854
f 2858/2858/2858 2859/2859/2859 2854/2854/2854
f 2860/2860/2860 2855/2855/2855 2857/2857/2857
f 2857/2857/2857 2859/2859/2859 2860/2860/2860
f 2861/2861/2861 2776/2776/2776 2855/2855/2855
f 2860/2860/2860 2861/2861/2861 2855/2855/2855
f 2861/2861/2861 2862/2862/2862 2776/2776/2776
f 2862/2862/2862 2861/2861/2861 2860/2860/2860
f 2862/2862/2862 2772/2772/2772 2776/2776/2776
f 2773/2773/2773 2772/2772/2772 2862/2862/2862
f 2860/2860/2860 2859/2859/2859 2863/2863/2863
f 2858/2858/2858 2863/2863/2863 2859/2859/2859
f 2862/2862/2862 2860/2860/2860 2864/2864/2864
f 2864/2864/2864 2860/2860/2860 2863/2863/2863
f 2862/2862/2862 2865/2865/2865 2773/2773/2773
f 2864/2864/2864 2865/2865/2865 2862/2862/2862
f 2865/2865/2865 2770/2770/2770 2773/2773/2773
f 2864/2864/2864 2866/2866/2866 2865/2865/2865
f 2770/2770/2770 2865/2865/2865 2866/2866/2866
f 2863/2863/2863 2867/2867/2867 2864/2864/2864
f 2864/2864/2864 2867/2867/2867 2866/2866/2866
f 2863/2863/2863 2858/2858/2858 2868/2868/2868
f 2867/2867/2867 2863/2863/2863 2868/2868/2868
f 2847/2847/2847 2868/2868/2868 2858/2858/2858
f 2869/2869/2869 2770/2770/2770 2866/2866/2866
f 2760/2760/2760 2770/2770/2770 2869/2869/2869
f 2869/2869/2869 2761/2761/2761 2760/2760/2760
f 2869/2869/2869 2866/2866/2866 2870/2870/2870
f 2761/2761/2761 2869/2869/2869 2870/2870/2870
f 2867/2867/2867 2870/2870/2870 2866/2866/2866
f 2870/2870/2870 2871/2871/2871 2761/2761/2761
f 2871/2871/2871 2762/2762/2762 2761/2761/2761
f 2872/2872/2872 2870/2870/2870 2867/2867/2867
f 2870/2870/2870 2873/2873/2873 2871/2871/2871
f 2872/2872/2872 2873/2873/2873 2870/2870/2870
f 2867/2867/2867 2874/2874/2874 2872/2872/2872
f 2868/2868/2868 2874/2874/2874 2867/2867/2867
f 2873/2873/2873 2872/2872/2872 2875/2875/2875
f 2874/2874/2874 2875/2875/2875 2872/2872/2872
f 2876/2876/2876 2871/2871/2871 2873/2873/2873
f 2875/2875/2875 2876/2876/2876 2873/2873/2873
f 2762/2762/2762 2871/2871/2871 2877/2877/2877
f 2876/2876/2876 2877/2877/2877 2871/2871/2871
f 2877/2877/2877 2878/2878/2878 2762/2762/2762
f 2762/2762/2762 2878/2878/2878 2757/2757/2757
f 2876/2876/2876 2879/2879/2879 2877/2877/2877
f 2879/2879/2879 2878/2878/2878 2877/2877/2877
f 2880/2880/2880 2757/2757/2757 2878/2878/2878
f 2756/2756/2756 2757/2757/2757 2880/2880/2880
f 2879/2879/2879 2881/2881/2881 2878/2878/2878
f 2878/2878/2878 2881/2881/2881 2880/2880/2880
f 2882/2882/2882 2756/2756/2756 2880/2880/2880
f 2756/2756/2756 2882/2882/2882 2753/2753/2753
f 2881/2881/2881 2883/2883/2883 2880/2880/2880
f 2880/2880/2880 2883/2883/2883 2882/2882/2882
f 2882/2882/2882 2884/2884/2884 2753/2753/2753
f 2752/2752/2752 2753/2753/2753 2884/2884/2884
f 2752/2752/2752 2884/2884/2884 2885/2885/2885
f 2752/2752/2752 2885/2885/2885 2746/2746/2746
f 2886/2886/2886 2885/2885/2885 2884/2884/2884
f 2887/2887/2887 2746/2746/2746 2885/2885/2885
f 2886/2886/2886 2887/2887/2887 2885/2885/2885
f 2888/2888/2888 2886/2886/2886 2884/2884/2884
f 2882/2882/2882 2888/2888/2888 2884/2884/2884
f 2886/2886/2886 2888/2888/2888 2889/2889/2889
f 2887/2887/2887 2886/2886/2886 2889/2889/2889
f 2888/2888/2888 2882/2882/2882 2890/2890/2890
f 2891/2891/2891 2889/2889/2889 2888/2888/2888
f 2891/2891/2891 2888/2888/2888 2890/2890/2890
f 2891/2891/2891 2892/2892/2892 2889/2889/2889
f 2887/2887/2887 2889/2889/2889 2892/2892/2892
f 2893/2893/2893 2890/2890/2890 2882/2882/2882
f 2893/2893/2893 2882/2882/2882 2883/2883/2883
f 2890/2890/2890 2894/2894/2894 2891/2891/2891
f 2895/2895/2895 2893/2893/2893 2883/2883/2883
f 2891/2891/2891 2894/2894/2894 2896/2896/2896
f 2891/2891/2891 2896/2896/2896 2892/2892/2892
f 2890/2890/2890 2897/2897/2897 2894/2894/2894
f 2890/2890/2890 2893/2893/2893 2898/2898/2898
f 2898/2898/2898 2897/2897/2897 2890/2890/2890
f 2899/2899/2899 2898/2898/2898 2893/2893/2893
f 2893/2893/2893 2895/2895/2895 2899/2899/2899
f 2898/2898/2898 2900/2900/2900 2897/2897/2897
f 2898/2898/2898 2899/2899/2899 2900/2900/2900
f 2901/2901/2901 2894/2894/2894 2897/2897/2897
f 2896/2896/2896 2894/2894/2894 2901/2901/2901
f 2900/2900/2900 2902/2902/2902 2897/2897/2897
f 2901/2901/2901 2897/2897/2897 2902/2902/2902
f 2903/2903/2903 2899/2899/2899 2895/2895/2895
f 2903/2903/2903 2895/2895/2895 2883/2883/2883
f 2904/2904/2904 2900/2900/2900 2899/2899/2899
f 2903/2903/2903 2904/2904/2904 2899/2899/2899
f 2904/2904/2904 2905/2905/2905 2900/2900/2900
f 2904/2904/2904 2906/2906/2906 2905/2905/2905
f 2904/2904/2904 2903/2903/2903 2906/2906/2906
f 2905/2905/2905 2907/2907/2907 2900/2900/2900
f 2900/2900/2900 2907/2907/2907 2908/2908/2908
f 2900/2900/2900 2908/2908/2908 2902/2902/2902
f 2908/2908/2908 2907/2907/2907 2909/2909/2909
f 2902/2902/2902 2908/2908/2908 2910/2910/2910
f 2908/2908/2908 2909/2909/2909 2910/2910/2910
f 2910/2910/2910 2901/2901/2901 2902/2902/2902
f 2910/2910/2910 2909/2909/2909 2911/2911/2911
f 2912/2912/2912 2901/2901/2901 2910/2910/2910
f 2901/2901/2901 2912/2912/2912 2896/2896/2896
f 2910/2910/2910 2911/2911/2911 2913/2913/2913
f 2912/2912/2912 2910/2910/2910 2913/2913/2913
f 2914/2914/2914 2913/2913/2913 2911/2911/2911
f 2911/2911/2911 2915/2915/2915 2914/2914/2914
f 2912/2912/2912 2913/2913/2913 2916/2916/2916
f 2916/2916/2916 2913/2913/2913 2914/2914/2914
f 2896/2896/2896 2912/2912/2912 2917/2917/2917
f 2917/2917/2917 2912/2912/2912 2916/2916/2916
f 2892/2892/2892 2896/2896/2896 2917/2917/2917
f 2914/2914/2914 2915/2915/2915 2918/2918/2918
f 2914/2914/2914 2918/2918/2918 2916/2916/2916
f 2915/2915/2915 2919/2919/2919 2918/2918/2918
f 2892/2892/2892 2917/2917/2917 2920/2920/2920
f 2918/2918/2918 2919/2919/2919 2921/2921/2921
f 2887/2887/2887 2892/2892/2892 2920/2920/2920
f 2922/2922/2922 2921/2921/2921 2919/2919/2919
f 2918/2918/2918 2921/2921/2921 2923/2923/2923
f 2918/2918/2918 2923/2923/2923 2916/2916/2916
f 2921/2921/2921 2922/2922/2922 2924/2924/2924
f 2921/2921/2921 2924/2924/2924 2923/2923/2923
f 2925/2925/2925 2916/2916/2916 2923/2923/2923
f 2924/2924/2924 2925/2925/2925 2923/2923/2923
f 2917/2917/2917 2916/2916/2916 2926/2926/2926
f 2916/2916/2916 2925/2925/2925 2926/2926/2926
f 2926/2926/2926 2920/2920/2920 2917/2917/2917
f 2924/2924/2924 2922/2922/2922 2927/2927/2927
f 2928/2928/2928 2927/2927/2927 2922/2922/2922
f 2924/2924/2924 2929/2929/2929 2925/2925/2925
f 2924/2924/2924 2927/2927/2927 2929/2929/2929
f 2926/2926/2926 2925/2925/2925 2930/2930/2930
f 2925/2925/2925 2929/2929/2929 2930/2930/2930
f 2926/2926/2926 2930/2930/2930 2931/2931/2931
f 2931/2931/2931 2920/2920/2920 2926/2926/2926
f 2932/2932/2932 2930/2930/2930 2929/2929/2929
f 2932/2932/2932 2931/2931/2931 2930/2930/2930
f 2933/2933/2933 2929/2929/2929 2927/2927/2927
f 2929/2929/2929 2933/2933/2933 2932/2932/2932
f 2934/2934/2934 2933/2933/2933 2927/2927/2927
f 2927/2927/2927 2928/2928/2928 2934/2934/2934
f 2932/2932/2932 2933/2933/2933 2722/2722/2722
f 2934/2934/2934 2722/2722/2722 2933/2933/2933
f 2934/2934/2934 2928/2928/2928 2724/2724/2724
f 2724/2724/2724 2722/2722/2722 2934/2934/2934
f 2935/2935/2935 2724/2724/2724 2928/2928/2928
f 2932/2932/2932 2722/2722/2722 2720/2720/2720
f 2724/2724/2724 2935/2935/2935 2936/2936/2936
f 2718/2718/2718 2724/2724/2724 2936/2936/2936
f 2936/2936/2936 2714/2714/2714 2718/2718/2718
f 2937/2937/2937 2932/2932/2932 2720/2720/2720
f 2931/2931/2931 2932/2932/2932 2937/2937/2937
f 2937/2937/2937 2720/2720/2720 2938/2938/2938
f 2717/2717/2717 2938/2938/2938 2720/2720/2720
f 2931/2931/2931 2937/2937/2937 2939/2939/2939
f 2938/2938/2938 2939/2939/2939 2937/2937/2937
f 2717/2717/2717 2940/2940/2940 2938/2938/2938
f 2939/2939/2939 2938/2938/2938 2940/2940/2940
f 2717/2717/2717 2719/2719/2719 2940/2940/2940
f 2931/2931/2931 2939/2939/2939 2941/2941/2941
f 2939/2939/2939 2940/2940/2940 2941/2941/2941
f 2920/2920/2920 2931/2931/2931 2941/2941/2941
f 2920/2920/2920 2941/2941/2941 2887/2887/2887
f 2719/2719/2719 2942/2942/2942 2940/2940/2940
f 2941/2941/2941 2940/2940/2940 2942/2942/2942
f 2719/2719/2719 2725/2725/2725 2942/2942/2942
f 2943/2943/2943 2887/2887/2887 2941/2941/2941
f 2942/2942/2942 2943/2943/2943 2941/2941/2941
f 2943/2943/2943 2942/2942/2942 2725/2725/2725
f 2943/2943/2943 2746/2746/2746 2887/2887/2887
f 2943/2943/2943 2725/2725/2725 2727/2727/2727
f 2943/2943/2943 2727/2727/2727 2746/2746/2746
f 2936/2936/2936 2935/2935/2935 2944/2944/2944
f 2935/2935/2935 2945/2945/2945 2944/2944/2944
f 2946/2946/2946 2944/2944/2944 2945/2945/2945
f 2936/2936/2936 2944/2944/2944 2946/2946/2946
f 2947/2947/2947 2946/2946/2946 2945/2945/2945
f 2936/2936/2936 2946/2946/2946 2948/2948/2948
f 2714/2714/2714 2936/2936/2936 2948/2948/2948
f 2946/2946/2946 2947/2947/2947 2949/2949/2949
f 2947/2947/2947 2950/2950/2950 2949/2949/2949
f 2951/2951/2951 2948/2948/2948 2946/2946/2946
f 2951/2951/2951 2946/2946/2946 2949/2949/2949
f 2952/2952/2952 2714/2714/2714 2948/2948/2948
f 2952/2952/2952 2948/2948/2948 2951/2951/2951
f 2687/2687/2687 2714/2714/2714 2952/2952/2952
f 2677/2677/2677 2687/2687/2687 2952/2952/2952
f 2677/2677/2677 2952/2952/2952 2675/2675/2675
f 2953/2953/2953 2951/2951/2951 2949/2949/2949
f 2952/2952/2952 2951/2951/2951 2953/2953/2953
f 2953/2953/2953 2949/2949/2949 2950/2950/2950
f 2954/2954/2954 2675/2675/2675 2952/2952/2952
f 2952/2952/2952 2953/2953/2953 2954/2954/2954
f 2955/2955/2955 2675/2675/2675 2954/2954/2954
f 2955/2955/2955 2954/2954/2954 2953/2953/2953
f 2953/2953/2953 2950/2950/2950 2955/2955/2955
f 2955/2955/2955 2676/2676/2676 2675/2675/2675
f 2950/2950/2950 2956/2956/2956 2955/2955/2955
f 2676/2676/2676 2955/2955/2955 2957/2957/2957
f 2956/2956/2956 2957/2957/2957 2955/2955/2955
f 2960/2960/2960 2959/2959/2959 2958/2958/2958
f 2959/2959/2959 2961/2961/2961 2958/2958/2958
f 2959/2959/2959 2962/2962/2962 2961/2961/2961
f 2963/2963/2963 2958/2958/2958 2961/2961/2961
f 2958/2958/2958 2963/2963/2963 2964/2964/2964
f 2961/2961/2961 2962/2962/2962 2965/2965/2965
f 2961/2961/2961 2965/2965/2965 2963/2963/2963
f 2962/2962/2962 2966/2966/2966 2965/2965/2965
f 2967/2967/2967 2964/2964/2964 2963/2963/2963
f 2964/2964/2964 2967/2967/2967 2968/2968/2968
f 2969/2969/2969 2965/2965/2965 2966/2966/2966
f 2970/2970/2970 2969/2969/2969 2966/2966/2966
f 2967/2967/2967 2971/2971/2971 2968/2968/2968
f 2972/2972/2972 2968/2968/2968 2971/2971/2971
f 2973/2973/2973 2972/2972/2972 2971/2971/2971
f 2971/2971/2971 2967/2967/2967 2973/2973/2973
f 2972/2972/2972 2973/2973/2973 2974/2974/2974
f 2975/2975/2975 2967/2967/2967 2963/2963/2963
f 2967/2967/2967 2975/2975/2975 2973/2973/2973
f 2976/2976/2976 2963/2963/2963 2965/2965/2965
f 2963/2963/2963 2976/2976/2976 2975/2975/2975
f 2965/2965/2965 2969/2969/2969 2976/2976/2976
f 2974/2974/2974 2973/2973/2973 2977/2977/2977
f 2978/2978/2978 2976/2976/2976 2969/2969/2969
f 2974/2974/2974 2977/2977/2977 2979/2979/2979
f 2974/2974/2974 2979/2979/2979 2980/2980/2980
f 2977/2977/2977 2973/2973/2973 2981/2981/2981
f 2973/2973/2973 2975/2975/2975 2981/2981/2981
f 2982/2982/2982 2980/2980/2980 2979/2979/2979
f 2980/2980/2980 2982/2982/2982 2983/2983/2983
f 2977/2977/2977 2984/2984/2984 2979/2979/2979
f 2979/2979/2979 2984/2984/2984 2982/2982/2982
f 2981/2981/2981 2984/2984/2984 2977/2977/2977
f 2985/2985/2985 2983/2983/2983 2982/2982/2982
f 2986/2986/2986 2983/2983/2983 2985/2985/2985
f 2982/2982/2982 2987/2987/2987 2985/2985/2985
f 2984/2984/2984 2987/2987/2987 2982/2982/2982
f 2988/2988/2988 2986/2986/2986 2985/2985/2985
f 2988/2988/2988 2985/2985/2985 2987/2987/2987
f 2986/2986/2986 2988/2988/2988 2989/2989/2989
f 2989/2989/2989 2988/2988/2988 2990/2990/2990
f 2991/2991/2991 2990/2990/2990 2988/2988/2988
f 2987/2987/2987 2991/2991/2991 2988/2988/2988
f 2990/2990/2990 2991/2991/2991 2992/2992/2992
f 2993/2993/2993 2992/2992/2992 2991/2991/2991
f 2992/2992/2992 2993/2993/2993 2994/2994/2994
f 2991/2991/2991 2987/2987/2987 2995/2995/2995
f 2995/2995/2995 2993/2993/2993 2991/2991/2991
f 2987/2987/2987 2984/2984/2984 2996/2996/2996
f 2996/2996/2996 2995/2995/2995 2987/2987/2987
f 2997/2997/2997 2996/2996/2996 2984/2984/2984
f 2984/2984/2984 2981/2981/2981 2997/2997/2997
f 2996/2996/2996 2998/2998/2998 2995/2995/2995
f 2999/2999/2999 2997/2997/2997 2981/2981/2981
f 2975/2975/2975 2999/2999/2999 2981/2981/2981
f 2996/2996/2996 2997/2997/2997 3000/3000/3000
f 3000/3000/3000 2997/2997/2997 2999/2999/2999
f 2996/2996/2996 3000/3000/3000 2998/2998/2998
f 3001/3001/3001 2999/2999/2999 2975/2975/2975
f 3001/3001/3001 2975/2975/2975 2976/2976/2976
f 2978/2978/2978 3001/3001/3001 2976/2976/2976
f 3002/3002/3002 2999/2999/2999 3001/3001/3001
f 2999/2999/2999 3002/3002/3002 3000/3000/3000
f 3001/3001/3001 2978/2978/2978 3002/3002/3002
f 3000/3000/3000 3003/3003/3003 2998/2998/2998
f 3003/3003/3003 3000/3000/3000 3002/3002/3002
f 3004/3004/3004 3002/3002/3002 2978/2978/2978
f 3004/3004/3004 3003/3003/3003 3002/3002/3002
f 3005/3005/3005 2998/2998/2998 3003/3003/3003
f 2998/2998/2998 3005/3005/3005 2995/2995/2995
f 3006/3006/3006 3003/3003/3003 3004/3004/3004
f 3003/3003/3003 3006/3006/3006 3005/3005/3005
f 2978/2978/2978 3007/3007/3007 3004/3004/3004
f 2978/2978/2978 2969/2969/2969 3007/3007/3007
f 3008/3008/3008 3006/3006/3006 3004/3004/3004
f 3008/3008/3008 3004/3004/3004 3007/3007/3007
f 2969/2969/2969 3009/3009/3009 3007/3007/3007
f 2970/2970/2970 3009/3009/3009 2969/2969/2969
f 3009/3009/3009 2970/2970/2970 3010/3010/3010
f 3011/3011/3011 3007/3007/3007 3009/3009/3009
f 3008/3008/3008 3007/3007/3007 3011/3011/3011
f 3010/3010/3010 3012/3012/3012 3009/3009/3009
f 3012/3012/3012 3011/3011/3011 3009/3009/3009
f 3013/3013/3013 3012/3012/3012 3010/3010/3010
f 3012/3012/3012 3014/3014/3014 3011/3011/3011
f 3013/3013/3013 3014/3014/3014 3012/3012/3012
f 3013/3013/3013 3010/3010/3010 3015/3015/3015
f 3016/3016/3016 3015/3015/3015 3010/3010/3010
f 3014/3014/3014 3013/3013/3013 3017/3017/3017
f 3015/3015/3015 3016/3016/3016 3018/3018/3018
f 3018/3018/3018 3016/3016/3016 3019/3019/3019
f 3015/3015/3015 3020/3020/3020 3013/3013/3013
f 3018/3018/3018 3020/3020/3020 3015/3015/3015
f 3017/3017/3017 3013/3013/3013 3020/3020/3020
f 3018/3018/3018 3019/3019/3019 3021/3021/3021
f 3020/3020/3020 3018/3018/3018 3022/3022/3022
f 3021/3021/3021 3022/3022/3022 3018/3018/3018
f 3017/3017/3017 3020/3020/3020 3023/3023/3023
f 3019/3019/3019 3024/3024/3024 3021/3021/3021
f 3025/3025/3025 3024/3024/3024 3019/3019/3019
f 3025/3025/3025 3026/3026/3026 3024/3024/3024
f 3020/3020/3020 3027/3027/3027 3023/3023/3023
f 3022/3022/3022 3027/3027/3027 3020/3020/3020
f 3024/3024/3024 3026/3026/3026 3028/3028/3028
f 3028/3028/3028 3021/3021/3021 3024/3024/3024
f 3028/3028/3028 3026/3026/3026 3029/3029/3029
f 3030/3030/3030 3029/3029/3029 3026/3026/3026
f 3029/3029/3029 3030/3030/3030 3031/3031/3031
f 3031/3031/3031 3030/3030/3030 3032/3032/3032
f 3029/3029/3029 3033/3033/3033 3028/3028/3028
f 3031/3031/3031 3033/3033/3033 3029/3029/3029
f 3021/3021/3021 3028/3028/3028 3034/3034/3034
f 3031/3031/3031 3032/3032/3032 3035/3035/3035
f 3028/3028/3028 3036/3036/3036 3034/3034/3034
f 3033/3033/3033 3036/3036/3036 3028/3028/3028
f 3032/3032/3032 3037/3037/3037 3035/3035/3035
f 3032/3032/3032 3038/3038/3038 3037/3037/3037
f 3037/3037/3037 3038/3038/3038 3039/3039/3039
f 3040/3040/3040 3039/3039/3039 3038/3038/3038
f 3037/3037/3037 3041/3041/3041 3035/3035/3035
f 3039/3039/3039 3041/3041/3041 3037/3037/3037
f 3039/3039/3039 3040/3040/3040 3042/3042/3042
f 3039/3039/3039 3042/3042/3042 3041/3041/3041
f 3042/3042/3042 3040/3040/3040 3043/3043/3043
f 3041/3041/3041 3042/3042/3042 3044/3044/3044
f 3042/3042/3042 3043/3043/3043 3044/3044/3044
f 3043/3043/3043 3040/3040/3040 3045/3045/3045
f 3046/3046/3046 3045/3045/3045 3040/3040/3040
f 3044/3044/3044 3043/3043/3043 3047/3047/3047
f 3048/3048/3048 3045/3045/3045 3046/3046/3046
f 3049/3049/3049 3048/3048/3048 3046/3046/3046
f 3050/3050/3050 3043/3043/3043 3045/3045/3045
f 3047/3047/3047 3043/3043/3043 3050/3050/3050
f 3048/3048/3048 3051/3051/3051 3045/3045/3045
f 3045/3045/3045 3051/3051/3051 3050/3050/3050
f 3048/3048/3048 3049/3049/3049 3052/3052/3052
f 3052/3052/3052 3051/3051/3051 3048/3048/3048
f 3053/3053/3053 3052/3052/3052 3049/3049/3049
f 3049/3049/3049 3054/3054/3054 3053/3053/3053
f 3052/3052/3052 3055/3055/3055 3051/3051/3051
f 3056/3056/3056 3053/3053/3053 3054/3054/3054
f 3055/3055/3055 3057/3057/3057 3051/3051/3051
f 3057/3057/3057 3050/3050/3050 3051/3051/3051
f 3055/3055/3055 3052/3052/3052 3058/3058/3058
f 3058/3058/3058 3052/3052/3052 3053/3053/3053
f 3055/3055/3055 3059/3059/3059 3057/3057/3057
f 3055/3055/3055 3058/3058/3058 3059/3059/3059
f 3060/3060/3060 3058/3058/3058 3053/3053/3053
f 3053/3053/3053 3056/3056/3056 3060/3060/3060
f 3059/3059/3059 3058/3058/3058 3061/3061/3061
f 3060/3060/3060 3061/3061/3061 3058/3058/3058
f 3054/3054/3054 3062/3062/3062 3056/3056/3056
f 3054/3054/3054 3063/3063/3063 3062/3062/3062
f 3064/3064/3064 3062/3062/3062 3063/3063/3063
f 3065/3065/3065 3060/3060/3060 3056/3056/3056
f 3065/3065/3065 3056/3056/3056 3062/3062/3062
f 3062/3062/3062 3064/3064/3064 3066/3066/3066
f 3067/3067/3067 3066/3066/3066 3064/3064/3064
f 3068/3068/3068 3066/3066/3066 3067/3067/3067
f 3062/3062/3062 3069/3069/3069 3065/3065/3065
f 3069/3069/3069 3062/3062/3062 3066/3066/3066
f 3070/3070/3070 3060/3060/3060 3065/3065/3065
f 3069/3069/3069 3070/3070/3070 3065/3065/3065
f 3060/3060/3060 3070/3070/3070 3071/3071/3071
f 3071/3071/3071 3061/3061/3061 3060/3060/3060
f 3070/3070/3070 3069/3069/3069 3072/3072/3072
f 3072/3072/3072 3071/3071/3071 3070/3070/3070
f 3066/3066/3066 3073/3073/3073 3069/3069/3069
f 3073/3073/3073 3072/3072/3072 3069/3069/3069
f 3066/3066/3066 3068/3068/3068 3074/3074/3074
f 3073/3073/3073 3066/3066/3066 3074/3074/3074
f 3075/3075/3075 3074/3074/3074 3068/3068/3068
f 3076/3076/3076 3072/3072/3072 3073/3073/3073
f 3074/3074/3074 3075/3075/3075 3077/3077/3077
f 3078/3078/3078 3077/3077/3077 3075/3075/3075
f 3079/3079/3079 3073/3073/3073 3074/3074/3074
f 3077/3077/3077 3079/3079/3079 3074/3074/3074
f 3079/3079/3079 3076/3076/3076 3073/3073/3073
f 3077/3077/3077 3078/3078/3078 3080/3080/3080
f 3081/3081/3081 3080/3080/3080 3078/3078/3078
f 3081/3081/3081 3082/3082/3082 3080/3080/3080
f 3083/3083/3083 3080/3080/3080 3082/3082/3082
f 3079/3079/3079 3077/3077/3077 3084/3084/3084
f 3080/3080/3080 3084/3084/3084 3077/3077/3077
f 3085/3085/3085 3080/3080/3080 3083/3083/3083
f 3084/3084/3084 3080/3080/3080 3085/3085/3085
f 3085/3085/3085 3083/3083/3083 3086/3086/3086
f 3086/3086/3086 3087/3087/3087 3085/3085/3085
f 3087/3087/3087 3088/3088/3088 3085/3085/3085
f 3084/3084/3084 3085/3085/3085 3088/3088/3088
f 3088/3088/3088 3087/3087/3087 3089/3089/3089
f 3079/3079/3079 3084/3084/3084 3090/3090/3090
f 3079/3079/3079 3090/3090/3090 3076/3076/3076
f 3088/3088/3088 3091/3091/3091 3084/3084/3084
f 3090/3090/3090 3084/3084/3084 3091/3091/3091
f 3088/3088/3088 3089/3089/3089 3091/3091/3091
f 3092/3092/3092 3076/3076/3076 3090/3090/3090
f 3092/3092/3092 3090/3090/3090 3091/3091/3091
f 3093/3093/3093 3076/3076/3076 3092/3092/3092
f 3076/3076/3076 3093/3093/3093 3072/3072/3072
f 3093/3093/3093 3071/3071/3071 3072/3072/3072
f 3094/3094/3094 3092/3092/3092 3091/3091/3091
f 3091/3091/3091 3089/3089/3089 3094/3094/3094
f 3092/3092/3092 3094/3094/3094 3093/3093/3093
f 3089/3089/3089 3095/3095/3095 3094/3094/3094
f 3095/3095/3095 3089/3089/3089 3096/3096/3096
f 3093/3093/3093 3097/3097/3097 3071/3071/3071
f 3061/3061/3061 3071/3071/3071 3097/3097/3097
f 3061/3061/3061 3097/3097/3097 3059/3059/3059
f 3094/3094/3094 3098/3098/3098 3093/3093/3093
f 3097/3097/3097 3093/3093/3093 3098/3098/3098
f 3094/3094/3094 3095/3095/3095 3099/3099/3099
f 3098/3098/3098 3094/3094/3094 3099/3099/3099
f 3100/3100/3100 3095/3095/3095 3096/3096/3096
f 3100/3100/3100 3099/3099/3099 3095/3095/3095
f 3100/3100/3100 3096/3096/3096 3101/3101/3101
f 3097/3097/3097 3098/3098/3098 3102/3102/3102
f 3102/3102/3102 3059/3059/3059 3097/3097/3097
f 3103/3103/3103 3098/3098/3098 3099/3099/3099
f 3103/3103/3103 3102/3102/3102 3098/3098/3098
f 3099/3099/3099 3100/3100/3100 3104/3104/3104
f 3099/3099/3099 3104/3104/3104 3103/3103/3103
f 3100/3100/3100 3101/3101/3101 3105/3105/3105
f 3100/3100/3100 3105/3105/3105 3104/3104/3104
f 3105/3105/3105 3101/3101/3101 3106/3106/3106
f 3106/3106/3106 3101/3101/3101 3107/3107/3107
f 3108/3108/3108 3104/3104/3104 3105/3105/3105
f 3105/3105/3105 3106/3106/3106 3108/3108/3108
f 3103/3103/3103 3104/3104/3104 3108/3108/3108
f 3109/3109/3109 3106/3106/3106 3107/3107/3107
f 3109/3109/3109 3108/3108/3108 3106/3106/3106
f 3110/3110/3110 3109/3109/3109 3107/3107/3107
f 3111/3111/3111 3108/3108/3108 3109/3109/3109
f 3110/3110/3110 3111/3111/3111 3109/3109/3109
f 3110/3110/3110 3107/3107/3107 3112/3112/3112
f 3111/3111/3111 3113/3113/3113 3108/3108/3108
f 3111/3111/3111 3110/3110/3110 3113/3113/3113
f 3113/3113/3113 3103/3103/3103 3108/3108/3108
f 3114/3114/3114 3113/3113/3113 3110/3110/3110
f 3115/3115/3115 3102/3102/3102 3103/3103/3103
f 3103/3103/3103 3113/3113/3113 3115/3115/3115
f 3102/3102/3102 3115/3115/3115 3059/3059/3059
f 3110/3110/3110 3116/3116/3116 3114/3114/3114
f 3112/3112/3112 3116/3116/3116 3110/3110/3110
f 3117/3117/3117 3059/3059/3059 3115/3115/3115
f 3059/3059/3059 3117/3117/3117 3057/3057/3057
f 3117/3117/3117 3118/3118/3118 3057/3057/3057
f 3118/3118/3118 3050/3050/3050 3057/3057/3057
f 3119/3119/3119 3117/3117/3117 3115/3115/3115
f 3118/3118/3118 3117/3117/3117 3119/3119/3119
f 3120/3120/3120 3050/3050/3050 3118/3118/3118
f 3120/3120/3120 3047/3047/3047 3050/3050/3050
f 3121/3121/3121 3120/3120/3120 3118/3118/3118
f 3121/3121/3121 3118/3118/3118 3119/3119/3119
f 3047/3047/3047 3120/3120/3120 3122/3122/3122
f 3120/3120/3120 3121/3121/3121 3122/3122/3122
f 3115/3115/3115 3123/3123/3123 3119/3119/3119
f 3123/3123/3123 3115/3115/3115 3113/3113/3113
f 3124/3124/3124 3121/3121/3121 3119/3119/3119
f 3113/3113/3113 3125/3125/3125 3123/3123/3123
f 3113/3113/3113 3114/3114/3114 3125/3125/3125
f 3114/3114/3114 3116/3116/3116 3125/3125/3125
f 3126/3126/3126 3119/3119/3119 3123/3123/3123
f 3119/3119/3119 3126/3126/3126 3124/3124/3124
f 3127/3127/3127 3123/3123/3123 3125/3125/3125
f 3127/3127/3127 3126/3126/3126 3123/3123/3123
f 3128/3128/3128 3121/3121/3121 3124/3124/3124
f 3126/3126/3126 3128/3128/3128 3124/3124/3124
f 3121/3121/3121 3128/3128/3128 3122/3122/3122
f 3129/3129/3129 3128/3128/3128 3126/3126/3126
f 3126/3126/3126 3127/3127/3127 3129/3129/3129
f 3128/3128/3128 3130/3130/3130 3122/3122/3122
f 3129/3129/3129 3130/3130/3130 3128/3128/3128
f 3127/3127/3127 3131/3131/3131 3129/3129/3129
f 3129/3129/3129 3131/3131/3131 3130/3130/3130
f 3131/3131/3131 3127/3127/3127 3132/3132/3132
f 3125/3125/3125 3132/3132/3132 3127/3127/3127
f 3130/3130/3130 3133/3133/3133 3122/3122/3122
f 3133/3133/3133 3047/3047/3047 3122/3122/3122
f 3133/3133/3133 3134/3134/3134 3047/3047/3047
f 3134/3134/3134 3133/3133/3133 3130/3130/3130
f 3134/3134/3134 3044/3044/3044 3047/3047/3047
f 3130/3130/3130 3131/3131/3131 3135/3135/3135
f 3134/3134/3134 3130/3130/3130 3135/3135/3135
f 3135/3135/3135 3131/3131/3131 3132/3132/3132
f 3136/3136/3136 3044/3044/3044 3134/3134/3134
f 3044/3044/3044 3136/3136/3136 3041/3041/3041
f 3134/3134/3134 3137/3137/3137 3136/3136/3136
f 3137/3137/3137 3134/3134/3134 3135/3135/3135
f 3138/3138/3138 3041/3041/3041 3136/3136/3136
f 3137/3137/3137 3138/3138/3138 3136/3136/3136
f 3138/3138/3138 3139/3139/3139 3041/3041/3041
f 3139/3139/3139 3035/3035/3035 3041/3041/3041
f 3139/3139/3139 3031/3031/3031 3035/3035/3035
f 3138/3138/3138 3137/3137/3137 3140/3140/3140
f 3139/3139/3139 3141/3141/3141 3031/3031/3031
f 3033/3033/3033 3031/3031/3031 3141/3141/3141
f 3139/3139/3139 3138/3138/3138 3142/3142/3142
f 3140/3140/3140 3142/3142/3142 3138/3138/3138
f 3141/3141/3141 3139/3139/3139 3143/3143/3143
f 3033/3033/3033 3141/3141/3141 3143/3143/3143
f 3142/3142/3142 3144/3144/3144 3139/3139/3139
f 3143/3143/3143 3139/3139/3139 3144/3144/3144
f 3142/3142/3142 3140/3140/3140 3145/3145/3145
f 3142/3142/3142 3145/3145/3145 3144/3144/3144
f 3140/3140/3140 3137/3137/3137 3146/3146/3146
f 3146/3146/3146 3145/3145/3145 3140/3140/3140
f 3135/3135/3135 3146/3146/3146 3137/3137/3137
f 3145/3145/3145 3147/3147/3147 3144/3144/3144
f 3147/3147/3147 3143/3143/3143 3144/3144/3144
f 3148/3148/3148 3145/3145/3145 3146/3146/3146
f 3135/3135/3135 3148/3148/3148 3146/3146/3146
f 3149/3149/3149 3147/3147/3147 3145/3145/3145
f 3145/3145/3145 3148/3148/3148 3149/3149/3149
f 3135/3135/3135 3150/3150/3150 3148/3148/3148
f 3132/3132/3132 3150/3150/3150 3135/3135/3135
f 3149/3149/3149 3148/3148/3148 3151/3151/3151
f 3132/3132/3132 3152/3152/3152 3150/3150/3150
f 3152/3152/3152 3132/3132/3132 3125/3125/3125
f 3152/3152/3152 3125/3125/3125 3116/3116/3116
f 3150/3150/3150 3153/3153/3153 3148/3148/3148
f 3153/3153/3153 3151/3151/3151 3148/3148/3148
f 3154/3154/3154 3150/3150/3150 3152/3152/3152
f 3154/3154/3154 3153/3153/3153 3150/3150/3150
f 3155/3155/3155 3152/3152/3152 3116/3116/3116
f 3152/3152/3152 3155/3155/3155 3154/3154/3154
f 3153/3153/3153 3154/3154/3154 3155/3155/3155
f 3116/3116/3116 3112/3112/3112 3155/3155/3155
f 3155/3155/3155 3112/3112/3112 3153/3153/3153
f 3153/3153/3153 3112/3112/3112 3156/3156/3156
f 3112/3112/3112 3157/3157/3157 3156/3156/3156
f 3158/3158/3158 3153/3153/3153 3156/3156/3156
f 3151/3151/3151 3153/3153/3153 3158/3158/3158
f 3156/3156/3156 3157/3157/3157 3159/3159/3159
f 3159/3159/3159 3158/3158/3158 3156/3156/3156
f 3160/3160/3160 3159/3159/3159 3157/3157/3157
f 3158/3158/3158 3161/3161/3161 3151/3151/3151
f 3151/3151/3151 3161/3161/3161 3149/3149/3149
f 3159/3159/3159 3162/3162/3162 3158/3158/3158
f 3161/3161/3161 3158/3158/3158 3162/3162/3162
f 3162/3162/3162 3159/3159/3159 3163/3163/3163
f 3160/3160/3160 3163/3163/3163 3159/3159/3159
f 3163/3163/3163 3164/3164/3164 3162/3162/3162
f 3164/3164/3164 3163/3163/3163 3160/3160/3160
f 3161/3161/3161 3162/3162/3162 3164/3164/3164
f 3165/3165/3165 3164/3164/3164 3160/3160/3160
f 3164/3164/3164 3165/3165/3165 3161/3161/3161
f 3160/3160/3160 3166/3166/3166 3165/3165/3165
f 3167/3167/3167 3161/3161/3161 3165/3165/3165
f 3168/3168/3168 3165/3165/3165 3166/3166/3166
f 3167/3167/3167 3165/3165/3165 3168/3168/3168
f 3166/3166/3166 3169/3169/3169 3168/3168/3168
f 3168/3168/3168 3169/3169/3169 3167/3167/3167
f 3169/3169/3169 3166/3166/3166 3170/3170/3170
f 3166/3166/3166 3171/3171/3171 3170/3170/3170
f 3172/3172/3172 3167/3167/3167 3169/3169/3169
f 3170/3170/3170 3172/3172/3172 3169/3169/3169
f 3173/3173/3173 3161/3161/3161 3167/3167/3167
f 3167/3167/3167 3172/3172/3172 3173/3173/3173
f 3174/3174/3174 3170/3170/3170 3171/3171/3171
f 3170/3170/3170 3174/3174/3174 3172/3172/3172
f 3173/3173/3173 3175/3175/3175 3161/3161/3161
f 3149/3149/3149 3161/3161/3161 3175/3175/3175
f 3173/3173/3173 3172/3172/3172 3176/3176/3176
f 3173/3173/3173 3176/3176/3176 3175/3175/3175
f 3177/3177/3177 3172/3172/3172 3174/3174/3174
f 3172/3172/3172 3177/3177/3177 3176/3176/3176
f 3178/3178/3178 3174/3174/3174 3171/3171/3171
f 3174/3174/3174 3178/3178/3178 3177/3177/3177
f 3179/3179/3179 3178/3178/3178 3171/3171/3171
f 3178/3178/3178 3179/3179/3179 3180/3180/3180
f 3177/3177/3177 3181/3181/3181 3176/3176/3176
f 3177/3177/3177 3178/3178/3178 3181/3181/3181
f 3178/3178/3178 3180/3180/3180 3182/3182/3182
f 3182/3182/3182 3181/3181/3181 3178/3178/3178
f 3183/3183/3183 3176/3176/3176 3181/3181/3181
f 3183/3183/3183 3175/3175/3175 3176/3176/3176
f 3182/3182/3182 3184/3184/3184 3181/3181/3181
f 3183/3183/3183 3181/3181/3181 3184/3184/3184
f 3180/3180/3180 3185/3185/3185 3182/3182/3182
f 3185/3185/3185 3180/3180/3180 3186/3186/3186
f 3184/3184/3184 3182/3182/3182 3187/3187/3187
f 3183/3183/3183 3184/3184/3184 3187/3187/3187
f 3185/3185/3185 3186/3186/3186 3188/3188/3188
f 3189/3189/3189 3188/3188/3188 3186/3186/3186
f 3182/3182/3182 3185/3185/3185 3190/3190/3190
f 3188/3188/3188 3190/3190/3190 3185/3185/3185
f 3182/3182/3182 3190/3190/3190 3191/3191/3191
f 3182/3182/3182 3191/3191/3191 3187/3187/3187
f 3191/3191/3191 3190/3190/3190 3192/3192/3192
f 3191/3191/3191 3192/3192/3192 3187/3187/3187
f 3190/3190/3190 3193/3193/3193 3192/3192/3192
f 3190/3190/3190 3188/3188/3188 3193/3193/3193
f 3192/3192/3192 3194/3194/3194 3187/3187/3187
f 3195/3195/3195 3192/3192/3192 3193/3193/3193
f 3192/3192/3192 3195/3195/3195 3194/3194/3194
f 3193/3193/3193 3188/3188/3188 3196/3196/3196
f 3193/3193/3193 3196/3196/3196 3195/3195/3195
f 3188/3188/3188 3189/3189/3189 3197/3197/3197
f 3197/3197/3197 3189/3189/3189 3198/3198/3198
f 3188/3188/3188 3197/3197/3197 3199/3199/3199
f 3188/3188/3188 3199/3199/3199 3196/3196/3196
f 3198/3198/3198 3200/3200/3200 3197/3197/3197
f 3197/3197/3197 3200/3200/3200 3199/3199/3199
f 3201/3201/3201 3200/3200/3200 3198/3198/3198
f 3202/3202/3202 3196/3196/3196 3199/3199/3199
f 3200/3200/3200 3202/3202/3202 3199/3199/3199
f 3202/3202/3202 3203/3203/3203 3196/3196/3196
f 3195/3195/3195 3196/3196/3196 3203/3203/3203
f 3204/3204/3204 3202/3202/3202 3200/3200/3200
f 3205/3205/3205 3203/3203/3203 3202/3202/3202
f 3204/3204/3204 3205/3205/3205 3202/3202/3202
f 3195/3195/3195 3203/3203/3203 3206/3206/3206
f 3206/3206/3206 3203/3203/3203 3205/3205/3205
f 3206/3206/3206 3207/3207/3207 3195/3195/3195
f 3207/3207/3207 3194/3194/3194 3195/3195/3195
f 3206/3206/3206 3205/3205/3205 3208/3208/3208
f 3207/3207/3207 3206/3206/3206 3209/3209/3209
f 3206/3206/3206 3208/3208/3208 3209/3209/3209
f 3210/3210/3210 3207/3207/3207 3209/3209/3209
f 3211/3211/3211 3208/3208/3208 3205/3205/3205
f 3211/3211/3211 3205/3205/3205 3204/3204/3204
f 3212/3212/3212 3209/3209/3209 3208/3208/3208
f 3210/3210/3210 3209/3209/3209 3212/3212/3212
f 3207/3207/3207 3210/3210/3210 3213/3213/3213
f 3213/3213/3213 3194/3194/3194 3207/3207/3207
f 3210/3210/3210 3212/3212/3212 3214/3214/3214
f 3210/3210/3210 3214/3214/3214 3213/3213/3213
f 3215/3215/3215 3213/3213/3213 3214/3214/3214
f 3194/3194/3194 3213/3213/3213 3216/3216/3216
f 3215/3215/3215 3216/3216/3216 3213/3213/3213
f 3217/3217/3217 3214/3214/3214 3212/3212/3212
f 3215/3215/3215 3214/3214/3214 3217/3217/3217
f 3218/3218/3218 3194/3194/3194 3216/3216/3216
f 3216/3216/3216 3215/3215/3215 3219/3219/3219
f 3194/3194/3194 3218/3218/3218 3220/3220/3220
f 3220/3220/3220 3187/3187/3187 3194/3194/3194
f 3183/3183/3183 3187/3187/3187 3220/3220/3220
f 3218/3218/3218 3216/3216/3216 3221/3221/3221
f 3219/3219/3219 3221/3221/3221 3216/3216/3216
f 3222/3222/3222 3183/3183/3183 3220/3220/3220
f 3175/3175/3175 3183/3183/3183 3222/3222/3222
f 3218/3218/3218 3223/3223/3223 3220/3220/3220
f 3220/3220/3220 3223/3223/3223 3222/3222/3222
f 3175/3175/3175 3222/3222/3222 3224/3224/3224
f 3224/3224/3224 3222/3222/3222 3223/3223/3223
f 3224/3224/3224 3149/3149/3149 3175/3175/3175
f 3149/3149/3149 3224/3224/3224 3147/3147/3147
f 3223/3223/3223 3147/3147/3147 3224/3224/3224
f 3223/3223/3223 3143/3143/3143 3147/3147/3147
f 3218/3218/3218 3225/3225/3225 3223/3223/3223
f 3223/3223/3223 3225/3225/3225 3143/3143/3143
f 3225/3225/3225 3218/3218/3218 3221/3221/3221
f 3143/3143/3143 3225/3225/3225 3226/3226/3226
f 3226/3226/3226 3225/3225/3225 3221/3221/3221
f 3143/3143/3143 3226/3226/3226 3033/3033/3033
f 3226/3226/3226 3221/3221/3221 3227/3227/3227
f 3219/3219/3219 3227/3227/3227 3221/3221/3221
f 3033/3033/3033 3226/3226/3226 3228/3228/3228
f 3226/3226/3226 3227/3227/3227 3228/3228/3228
f 3228/3228/3228 3036/3036/3036 3033/3033/3033
f 3228/3228/3228 3227/3227/3227 3229/3229/3229
f 3036/3036/3036 3228/3228/3228 3229/3229/3229
f 3229/3229/3229 3227/3227/3227 3219/3219/3219
f 3036/3036/3036 3229/3229/3229 3219/3219/3219
f 3219/3219/3219 3230/3230/3230 3036/3036/3036
f 3034/3034/3034 3036/3036/3036 3230/3230/3230
f 3230/3230/3230 3219/3219/3219 3231/3231/3231
f 3215/3215/3215 3231/3231/3231 3219/3219/3219
f 3231/3231/3231 3215/3215/3215 3217/3217/3217
f 3231/3231/3231 3232/3232/3232 3230/3230/3230
f 3231/3231/3231 3217/3217/3217 3232/3232/3232
f 3232/3232/3232 3233/3233/3233 3230/3230/3230
f 3232/3232/3232 3217/3217/3217 3233/3233/3233
f 3234/3234/3234 3034/3034/3034 3230/3230/3230
f 3230/3230/3230 3233/3233/3233 3234/3234/3234
f 3234/3234/3234 3021/3021/3021 3034/3034/3034
f 3235/3235/3235 3234/3234/3234 3233/3233/3233
f 3233/3233/3233 3217/3217/3217 3235/3235/3235
f 3236/3236/3236 3021/3021/3021 3234/3234/3234
f 3236/3236/3236 3234/3234/3234 3235/3235/3235
f 3236/3236/3236 3022/3022/3022 3021/3021/3021
f 3237/3237/3237 3236/3236/3236 3235/3235/3235
f 3022/3022/3022 3236/3236/3236 3237/3237/3237
f 3238/3238/3238 3237/3237/3237 3235/3235/3235
f 3238/3238/3238 3235/3235/3235 3217/3217/3217
f 3237/3237/3237 3238/3238/3238 3239/3239/3239
f 3239/3239/3239 3238/3238/3238 3217/3217/3217
f 3022/3022/3022 3237/3237/3237 3239/3239/3239
f 3240/3240/3240 3239/3239/3239 3217/3217/3217
f 3217/3217/3217 3212/3212/3212 3240/3240/3240
f 3241/3241/3241 3022/3022/3022 3239/3239/3239
f 3241/3241/3241 3027/3027/3027 3022/3022/3022
f 3240/3240/3240 3242/3242/3242 3239/3239/3239
f 3241/3241/3241 3239/3239/3239 3242/3242/3242
f 3243/3243/3243 3240/3240/3240 3212/3212/3212
f 3240/3240/3240 3243/3243/3243 3242/3242/3242
f 3208/3208/3208 3243/3243/3243 3212/3212/3212
f 3242/3242/3242 3244/3244/3244 3241/3241/3241
f 3244/3244/3244 3242/3242/3242 3243/3243/3243
f 3241/3241/3241 3245/3245/3245 3027/3027/3027
f 3245/3245/3245 3241/3241/3241 3244/3244/3244
f 3023/3023/3023 3027/3027/3027 3245/3245/3245
f 3246/3246/3246 3244/3244/3244 3243/3243/3243
f 3244/3244/3244 3247/3247/3247 3245/3245/3245
f 3246/3246/3246 3247/3247/3247 3244/3244/3244
f 3248/3248/3248 3246/3246/3246 3243/3243/3243
f 3248/3248/3248 3243/3243/3243 3208/3208/3208
f 3248/3248/3248 3249/3249/3249 3246/3246/3246
f 3247/3247/3247 3246/3246/3246 3249/3249/3249
f 3208/3208/3208 3250/3250/3250 3248/3248/3248
f 3249/3249/3249 3248/3248/3248 3250/3250/3250
f 3250/3250/3250 3208/3208/3208 3211/3211/3211
f 3249/3249/3249 3251/3251/3251 3247/3247/3247
f 3250/3250/3250 3251/3251/3251 3249/3249/3249
f 3211/3211/3211 3252/3252/3252 3250/3250/3250
f 3251/3251/3251 3250/3250/3250 3252/3252/3252
f 3253/3253/3253 3247/3247/3247 3251/3251/3251
f 3253/3253/3253 3245/3245/3245 3247/3247/3247
f 3252/3252/3252 3254/3254/3254 3251/3251/3251
f 3253/3253/3253 3251/3251/3251 3254/3254/3254
f 3211/3211/3211 3255/3255/3255 3252/3252/3252
f 3255/3255/3255 3211/3211/3211 3204/3204/3204
f 3256/3256/3256 3245/3245/3245 3253/3253/3253
f 3023/3023/3023 3245/3245/3245 3256/3256/3256
f 3204/3204/3204 3257/3257/3257 3255/3255/3255
f 3257/3257/3257 3204/3204/3204 3200/3200/3200
f 3201/3201/3201 3257/3257/3257 3200/3200/3200
f 3258/3258/3258 3257/3257/3257 3201/3201/3201
f 3201/3201/3201 3259/3259/3259 3258/3258/3258
f 3260/3260/3260 3255/3255/3255 3257/3257/3257
f 3257/3257/3257 3258/3258/3258 3260/3260/3260
f 3261/3261/3261 3255/3255/3255 3260/3260/3260
f 3261/3261/3261 3260/3260/3260 3258/3258/3258
f 3258/3258/3258 3259/3259/3259 3262/3262/3262
f 3258/3258/3258 3262/3262/3262 3261/3261/3261
f 3259/3259/3259 3263/3263/3263 3262/3262/3262
f 3255/3255/3255 3261/3261/3261 3264/3264/3264
f 3252/3252/3252 3255/3255/3255 3264/3264/3264
f 3262/3262/3262 3265/3265/3265 3261/3261/3261
f 3264/3264/3264 3261/3261/3261 3265/3265/3265
f 3262/3262/3262 3263/3263/3263 3266/3266/3266
f 3265/3265/3265 3262/3262/3262 3266/3266/3266
f 3263/3263/3263 3267/3267/3267 3266/3266/3266
f 3266/3266/3266 3268/3268/3268 3265/3265/3265
f 3266/3266/3266 3267/3267/3267 3268/3268/3268
f 3264/3264/3264 3265/3265/3265 3268/3268/3268
f 3268/3268/3268 3267/3267/3267 3269/3269/3269
f 3270/3270/3270 3269/3269/3269 3267/3267/3267
f 3271/3271/3271 3264/3264/3264 3268/3268/3268
f 3271/3271/3271 3268/3268/3268 3269/3269/3269
f 3264/3264/3264 3271/3271/3271 3252/3252/3252
f 3271/3271/3271 3254/3254/3254 3252/3252/3252
f 3272/3272/3272 3271/3271/3271 3269/3269/3269
f 3269/3269/3269 3270/3270/3270 3272/3272/3272
f 3272/3272/3272 3254/3254/3254 3271/3271/3271
f 3272/3272/3272 3270/3270/3270 3273/3273/3273
f 3273/3273/3273 3254/3254/3254 3272/3272/3272
f 3274/3274/3274 3273/3273/3273 3270/3270/3270
f 3273/3273/3273 3275/3275/3275 3254/3254/3254
f 3273/3273/3273 3274/3274/3274 3276/3276/3276
f 3275/3275/3275 3273/3273/3273 3276/3276/3276
f 3276/3276/3276 3274/3274/3274 3277/3277/3277
f 3278/3278/3278 3277/3277/3277 3274/3274/3274
f 3277/3277/3277 3278/3278/3278 3279/3279/3279
f 3279/3279/3279 3276/3276/3276 3277/3277/3277
f 3280/3280/3280 3279/3279/3279 3278/3278/3278
f 3279/3279/3279 3280/3280/3280 3281/3281/3281
f 3282/3282/3282 3281/3281/3281 3280/3280/3280
f 3279/3279/3279 3283/3283/3283 3276/3276/3276
f 3281/3281/3281 3282/3282/3282 3284/3284/3284
f 3284/3284/3284 3282/3282/3282 3285/3285/3285
f 3286/3286/3286 3279/3279/3279 3281/3281/3281
f 3279/3279/3279 3286/3286/3286 3283/3283/3283
f 3284/3284/3284 3286/3286/3286 3281/3281/3281
f 3283/3283/3283 3287/3287/3287 3276/3276/3276
f 3276/3276/3276 3287/3287/3287 3275/3275/3275
f 3288/3288/3288 3283/3283/3283 3286/3286/3286
f 3288/3288/3288 3287/3287/3287 3283/3283/3283
f 3288/3288/3288 3286/3286/3286 3284/3284/3284
f 3289/3289/3289 3284/3284/3284 3285/3285/3285
f 3285/3285/3285 3290/3290/3290 3289/3289/3289
f 3290/3290/3290 2994/2994/2994 3289/3289/3289
f 3289/3289/3289 2994/2994/2994 2993/2993/2993
f 3289/3289/3289 3291/3291/3291 3284/3284/3284
f 3289/3289/3289 2993/2993/2993 3291/3291/3291
f 3288/3288/3288 3284/3284/3284 3291/3291/3291
f 3291/3291/3291 2993/2993/2993 3288/3288/3288
f 2995/2995/2995 3288/3288/3288 2993/2993/2993
f 2995/2995/2995 3005/3005/3005 3288/3288/3288
f 3005/3005/3005 3287/3287/3287 3288/3288/3288
f 3005/3005/3005 3006/3006/3006 3287/3287/3287
f 3006/3006/3006 3292/3292/3292 3287/3287/3287
f 3292/3292/3292 3275/3275/3275 3287/3287/3287
f 3006/3006/3006 3008/3008/3008 3292/3292/3292
f 3008/3008/3008 3293/3293/3293 3292/3292/3292
f 3011/3011/3011 3293/3293/3293 3008/3008/3008
f 3275/3275/3275 3292/3292/3292 3294/3294/3294
f 3294/3294/3294 3292/3292/3292 3293/3293/3293
f 3295/3295/3295 3293/3293/3293 3011/3011/3011
f 3293/3293/3293 3295/3295/3295 3294/3294/3294
f 3011/3011/3011 3296/3296/3296 3295/3295/3295
f 3011/3011/3011 3014/3014/3014 3296/3296/3296
f 3297/3297/3297 3294/3294/3294 3295/3295/3295
f 3295/3295/3295 3296/3296/3296 3297/3297/3297
f 3275/3275/3275 3294/3294/3294 3298/3298/3298
f 3297/3297/3297 3298/3298/3298 3294/3294/3294
f 3275/3275/3275 3298/3298/3298 3254/3254/3254
f 3254/3254/3254 3298/3298/3298 3253/3253/3253
f 3253/3253/3253 3298/3298/3298 3299/3299/3299
f 3253/3253/3253 3299/3299/3299 3256/3256/3256
f 3300/3300/3300 3299/3299/3299 3298/3298/3298
f 3300/3300/3300 3256/3256/3256 3299/3299/3299
f 3298/3298/3298 3297/3297/3297 3300/3300/3300
f 3300/3300/3300 3297/3297/3297 3301/3301/3301
f 3301/3301/3301 3256/3256/3256 3300/3300/3300
f 3296/3296/3296 3301/3301/3301 3297/3297/3297
f 3256/3256/3256 3301/3301/3301 3302/3302/3302
f 3296/3296/3296 3302/3302/3302 3301/3301/3301
f 3302/3302/3302 3296/3296/3296 3014/3014/3014
f 3023/3023/3023 3256/3256/3256 3302/3302/3302
f 3014/3014/3014 3017/3017/3017 3302/3302/3302
f 3023/3023/3023 3302/3302/3302 3017/3017/3017
f 3305/3305/3305 3304/3304/3304 3303/3303/3303
f 3306/3306/3306 3303/3303/3303 3304/3304/3304
f 3303/3303/3303 3306/3306/3306 3307/3307/3307
f 3308/3308/3308 3306/3306/3306 3304/3304/3304
f 3304/3304/3304 3309/3309/3309 3308/3308/3308
f 3306/3306/3306 3310/3310/3310 3307/3307/3307
f 3308/3308/3308 3310/3310/3310 3306/3306/3306
f 3307/3307/3307 3310/3310/3310 3311/3311/3311
f 3312/3312/3312 3308/3308/3308 3309/3309/3309
f 3309/3309/3309 3313/3313/3313 3312/3312/3312
f 3310/3310/3310 3314/3314/3314 3311/3311/3311
f 3315/3315/3315 3311/3311/3311 3314/3314/3314
f 3316/3316/3316 3312/3312/3312 3313/3313/3313
f 3317/3317/3317 3316/3316/3316 3313/3313/3313
f 3318/3318/3318 3316/3316/3316 3317/3317/3317
f 3316/3316/3316 3318/3318/3318 3312/3312/3312
f 3317/3317/3317 3319/3319/3319 3318/3318/3318
f 3320/3320/3320 3308/3308/3308 3312/3312/3312
f 3312/3312/3312 3318/3318/3318 3320/3320/3320
f 3308/3308/3308 3321/3321/3321 3310/3310/3310
f 3308/3308/3308 3320/3320/3320 3321/3321/3321
f 3314/3314/3314 3310/3310/3310 3321/3321/3321
f 3322/3322/3322 3318/3318/3318 3319/3319/3319
f 3320/3320/3320 3323/3323/3323 3321/3321/3321
f 3322/3322/3322 3319/3319/3319 3324/3324/3324
f 3319/3319/3319 3325/3325/3325 3324/3324/3324
f 3322/3322/3322 3326/3326/3326 3318/3318/3318
f 3318/3318/3318 3326/3326/3326 3320/3320/3320
f 3327/3327/3327 3322/3322/3322 3324/3324/3324
f 3326/3326/3326 3322/3322/3322 3327/3327/3327
f 3328/3328/3328 3324/3324/3324 3325/3325/3325
f 3327/3327/3327 3324/3324/3324 3328/3328/3328
f 3325/3325/3325 3329/3329/3329 3328/3328/3328
f 3320/3320/3320 3326/3326/3326 3330/3330/3330
f 3323/3323/3323 3320/3320/3320 3330/3330/3330
f 3331/3331/3331 3328/3328/3328 3329/3329/3329
f 3329/3329/3329 3332/3332/3332 3331/3331/3331
f 3328/3328/3328 3331/3331/3331 3333/3333/3333
f 3327/3327/3327 3328/3328/3328 3333/3333/3333
f 3334/3334/3334 3331/3331/3331 3332/3332/3332
f 3334/3334/3334 3333/3333/3333 3331/3331/3331
f 3332/3332/3332 3335/3335/3335 3334/3334/3334
f 3335/3335/3335 3336/3336/3336 3334/3334/3334
f 3337/3337/3337 3334/3334/3334 3336/3336/3336
f 3333/3333/3333 3334/3334/3334 3337/3337/3337
f 3336/3336/3336 3338/3338/3338 3337/3337/3337
f 3339/3339/3339 3337/3337/3337 3338/3338/3338
f 3338/3338/3338 3340/3340/3340 3339/3339/3339
f 3337/3337/3337 3341/3341/3341 3333/3333/3333
f 3341/3341/3341 3337/3337/3337 3339/3339/3339
f 3333/3333/3333 3342/3342/3342 3327/3327/3327
f 3342/3342/3342 3333/3333/3333 3341/3341/3341
f 3343/3343/3343 3327/3327/3327 3342/3342/3342
f 3327/3327/3327 3343/3343/3343 3326/3326/3326
f 3330/3330/3330 3326/3326/3326 3343/3343/3343
f 3342/3342/3342 3344/3344/3344 3343/3343/3343
f 3344/3344/3344 3330/3330/3330 3343/3343/3343
f 3342/3342/3342 3341/3341/3341 3345/3345/3345
f 3342/3342/3342 3345/3345/3345 3344/3344/3344
f 3330/3330/3330 3344/3344/3344 3346/3346/3346
f 3346/3346/3346 3323/3323/3323 3330/3330/3330
f 3344/3344/3344 3345/3345/3345 3347/3347/3347
f 3347/3347/3347 3346/3346/3346 3344/3344/3344
f 3345/3345/3345 3341/3341/3341 3348/3348/3348
f 3348/3348/3348 3347/3347/3347 3345/3345/3345
f 3323/3323/3323 3346/3346/3346 3349/3349/3349
f 3323/3323/3323 3349/3349/3349 3321/3321/3321
f 3349/3349/3349 3314/3314/3314 3321/3321/3321
f 3350/3350/3350 3346/3346/3346 3347/3347/3347
f 3350/3350/3350 3349/3349/3349 3346/3346/3346
f 3314/3314/3314 3349/3349/3349 3351/3351/3351
f 3349/3349/3349 3350/3350/3350 3351/3351/3351
f 3347/3347/3347 3352/3352/3352 3350/3350/3350
f 3347/3347/3347 3348/3348/3348 3352/3352/3352
f 3353/3353/3353 3351/3351/3351 3350/3350/3350
f 3352/3352/3352 3353/3353/3353 3350/3350/3350
f 3314/3314/3314 3351/3351/3351 3354/3354/3354
f 3314/3314/3314 3354/3354/3354 3315/3315/3315
f 3315/3315/3315 3354/3354/3354 3355/3355/3355
f 3356/3356/3356 3354/3354/3354 3351/3351/3351
f 3353/3353/3353 3356/3356/3356 3351/3351/3351
f 3355/3355/3355 3354/3354/3354 3357/3357/3357
f 3354/3354/3354 3356/3356/3356 3357/3357/3357
f 3355/3355/3355 3357/3357/3357 3358/3358/3358
f 3357/3357/3357 3356/3356/3356 3359/3359/3359
f 3358/3358/3358 3357/3357/3357 3359/3359/3359
f 3358/3358/3358 3360/3360/3360 3355/3355/3355
f 3361/3361/3361 3355/3355/3355 3360/3360/3360
f 3359/3359/3359 3362/3362/3362 3358/3358/3358
f 3360/3360/3360 3363/3363/3363 3361/3361/3361
f 3360/3360/3360 3358/3358/3358 3364/3364/3364
f 3362/3362/3362 3364/3364/3364 3358/3358/3358
f 3363/3363/3363 3360/3360/3360 3364/3364/3364
f 3363/3363/3363 3365/3365/3365 3361/3361/3361
f 3362/3362/3362 3366/3366/3366 3364/3364/3364
f 3359/3359/3359 3367/3367/3367 3362/3362/3362
f 3366/3366/3366 3362/3362/3362 3367/3367/3367
f 3359/3359/3359 3368/3368/3368 3367/3367/3367
f 3356/3356/3356 3368/3368/3368 3359/3359/3359
f 3366/3366/3366 3367/3367/3367 3369/3369/3369
f 3368/3368/3368 3370/3370/3370 3367/3367/3367
f 3369/3369/3369 3367/3367/3367 3370/3370/3370
f 3356/3356/3356 3371/3371/3371 3368/3368/3368
f 3372/3372/3372 3370/3370/3370 3368/3368/3368
f 3371/3371/3371 3372/3372/3372 3368/3368/3368
f 3371/3371/3371 3356/3356/3356 3373/3373/3373
f 3353/3353/3353 3373/3373/3373 3356/3356/3356
f 3373/3373/3373 3374/3374/3374 3371/3371/3371
f 3372/3372/3372 3371/3371/3371 3374/3374/3374
f 3353/3353/3353 3375/3375/3375 3373/3373/3373
f 3374/3374/3374 3373/3373/3373 3375/3375/3375
f 3353/3353/3353 3352/3352/3352 3375/3375/3375
f 3370/3370/3370 3372/3372/3372 3376/3376/3376
f 3375/3375/3375 3352/3352/3352 3377/3377/3377
f 3377/3377/3377 3352/3352/3352 3348/3348/3348
f 3376/3376/3376 3378/3378/3378 3370/3370/3370
f 3378/3378/3378 3369/3369/3369 3370/3370/3370
f 3376/3376/3376 3372/3372/3372 3379/3379/3379
f 3379/3379/3379 3378/3378/3378 3376/3376/3376
f 3372/3372/3372 3374/3374/3374 3379/3379/3379
f 3369/3369/3369 3378/3378/3378 3380/3380/3380
f 3380/3380/3380 3378/3378/3378 3379/3379/3379
f 3369/3369/3369 3380/3380/3380 3366/3366/3366
f 3381/3381/3381 3379/3379/3379 3374/3374/3374
f 3381/3381/3381 3374/3374/3374 3375/3375/3375
f 3375/3375/3375 3377/3377/3377 3381/3381/3381
f 3366/3366/3366 3380/3380/3380 3382/3382/3382
f 3382/3382/3382 3364/3364/3364 3366/3366/3366
f 3379/3379/3379 3383/3383/3383 3380/3380/3380
f 3364/3364/3364 3382/3382/3382 3384/3384/3384
f 3364/3364/3364 3384/3384/3384 3363/3363/3363
f 3380/3380/3380 3385/3385/3385 3382/3382/3382
f 3384/3384/3384 3386/3386/3386 3363/3363/3363
f 3387/3387/3387 3384/3384/3384 3382/3382/3382
f 3384/3384/3384 3387/3387/3387 3386/3386/3386
f 3382/3382/3382 3385/3385/3385 3388/3388/3388
f 3382/3382/3382 3388/3388/3388 3387/3387/3387
f 3380/3380/3380 3389/3389/3389 3385/3385/3385
f 3380/3380/3380 3383/3383/3383 3389/3389/3389
f 3390/3390/3390 3387/3387/3387 3388/3388/3388
f 3389/3389/3389 3391/3391/3391 3385/3385/3385
f 3392/3392/3392 3388/3388/3388 3385/3385/3385
f 3391/3391/3391 3392/3392/3392 3385/3385/3385
f 3388/3388/3388 3392/3392/3392 3390/3390/3390
f 3389/3389/3389 3393/3393/3393 3391/3391/3391
f 3393/3393/3393 3389/3389/3389 3383/3383/3383
f 3394/3394/3394 3391/3391/3391 3393/3393/3393
f 3394/3394/3394 3392/3392/3392 3391/3391/3391
f 3383/3383/3383 3395/3395/3395 3393/3393/3393
f 3394/3394/3394 3393/3393/3393 3395/3395/3395
f 3383/3383/3383 3379/3379/3379 3396/3396/3396
f 3395/3395/3395 3383/3383/3383 3396/3396/3396
f 3381/3381/3381 3396/3396/3396 3379/3379/3379
f 3395/3395/3395 3397/3397/3397 3394/3394/3394
f 3398/3398/3398 3396/3396/3396 3381/3381/3381
f 3399/3399/3399 3394/3394/3394 3397/3397/3397
f 3400/3400/3400 3395/3395/3395 3396/3396/3396
f 3395/3395/3395 3401/3401/3401 3397/3397/3397
f 3400/3400/3400 3401/3401/3401 3395/3395/3395
f 3402/3402/3402 3400/3400/3400 3396/3396/3396
f 3398/3398/3398 3402/3402/3402 3396/3396/3396
f 3402/3402/3402 3403/3403/3403 3400/3400/3400
f 3400/3400/3400 3403/3403/3403 3401/3401/3401
f 3398/3398/3398 3404/3404/3404 3402/3402/3402
f 3402/3402/3402 3404/3404/3404 3403/3403/3403
f 3405/3405/3405 3404/3404/3404 3398/3398/3398
f 3404/3404/3404 3406/3406/3406 3403/3403/3403
f 3405/3405/3405 3398/3398/3398 3407/3407/3407
f 3407/3407/3407 3398/3398/3398 3381/3381/3381
f 3407/3407/3407 3381/3381/3381 3377/3377/3377
f 3408/3408/3408 3403/3403/3403 3406/3406/3406
f 3408/3408/3408 3401/3401/3401 3403/3403/3403
f 3408/3408/3408 3406/3406/3406 3409/3409/3409
f 3410/3410/3410 3409/3409/3409 3406/3406/3406
f 3408/3408/3408 3411/3411/3411 3401/3401/3401
f 3411/3411/3411 3397/3397/3397 3401/3401/3401
f 3397/3397/3397 3411/3411/3411 3399/3399/3399
f 3409/3409/3409 3412/3412/3412 3408/3408/3408
f 3408/3408/3408 3412/3412/3412 3411/3411/3411
f 3413/3413/3413 3409/3409/3409 3410/3410/3410
f 3412/3412/3412 3409/3409/3409 3413/3413/3413
f 3414/3414/3414 3413/3413/3413 3410/3410/3410
f 3413/3413/3413 3414/3414/3414 3415/3415/3415
f 3411/3411/3411 3412/3412/3412 3416/3416/3416
f 3413/3413/3413 3416/3416/3416 3412/3412/3412
f 3416/3416/3416 3399/3399/3399 3411/3411/3411
f 3415/3415/3415 3416/3416/3416 3413/3413/3413
f 3416/3416/3416 3417/3417/3417 3399/3399/3399
f 3416/3416/3416 3415/3415/3415 3418/3418/3418
f 3399/3399/3399 3417/3417/3417 3419/3419/3419
f 3394/3394/3394 3399/3399/3399 3419/3419/3419
f 3392/3392/3392 3394/3394/3394 3419/3419/3419
f 3415/3415/3415 3420/3420/3420 3418/3418/3418
f 3415/3415/3415 3421/3421/3421 3420/3420/3420
f 3422/3422/3422 3416/3416/3416 3418/3418/3418
f 3417/3417/3417 3416/3416/3416 3422/3422/3422
f 3420/3420/3420 3423/3423/3423 3418/3418/3418
f 3423/3423/3423 3420/3420/3420 3421/3421/3421
f 3418/3418/3418 3423/3423/3423 3422/3422/3422
f 3421/3421/3421 3424/3424/3424 3423/3423/3423
f 3424/3424/3424 3421/3421/3421 3425/3425/3425
f 3422/3422/3422 3423/3423/3423 3426/3426/3426
f 3427/3427/3427 3424/3424/3424 3425/3425/3425
f 3425/3425/3425 3428/3428/3428 3427/3427/3427
f 3424/3424/3424 3429/3429/3429 3423/3423/3423
f 3424/3424/3424 3427/3427/3427 3429/3429/3429
f 3423/3423/3423 3429/3429/3429 3426/3426/3426
f 3430/3430/3430 3427/3427/3427 3428/3428/3428
f 3426/3426/3426 3429/3429/3429 3431/3431/3431
f 3429/3429/3429 3427/3427/3427 3431/3431/3431
f 3426/3426/3426 3432/3432/3432 3422/3422/3422
f 3417/3417/3417 3422/3422/3422 3432/3432/3432
f 3426/3426/3426 3431/3431/3431 3433/3433/3433
f 3432/3432/3432 3426/3426/3426 3433/3433/3433
f 3434/3434/3434 3431/3431/3431 3427/3427/3427
f 3417/3417/3417 3432/3432/3432 3435/3435/3435
f 3417/3417/3417 3435/3435/3435 3419/3419/3419
f 3433/3433/3433 3436/3436/3436 3432/3432/3432
f 3435/3435/3435 3432/3432/3432 3436/3436/3436
f 3437/3437/3437 3433/3433/3433 3431/3431/3431
f 3437/3437/3437 3436/3436/3436 3433/3433/3433
f 3434/3434/3434 3437/3437/3437 3431/3431/3431
f 3436/3436/3436 3438/3438/3438 3435/3435/3435
f 3439/3439/3439 3419/3419/3419 3435/3435/3435
f 3439/3439/3439 3435/3435/3435 3438/3438/3438
f 3419/3419/3419 3439/3439/3439 3392/3392/3392
f 3392/3392/3392 3439/3439/3439 3390/3390/3390
f 3436/3436/3436 3440/3440/3440 3438/3438/3438
f 3436/3436/3436 3437/3437/3437 3440/3440/3440
f 3439/3439/3439 3438/3438/3438 3441/3441/3441
f 3441/3441/3441 3438/3438/3438 3440/3440/3440
f 3441/3441/3441 3442/3442/3442 3439/3439/3439
f 3440/3440/3440 3443/3443/3443 3441/3441/3441
f 3441/3441/3441 3443/3443/3443 3442/3442/3442
f 3440/3440/3440 3437/3437/3437 3444/3444/3444
f 3444/3444/3444 3443/3443/3443 3440/3440/3440
f 3439/3439/3439 3442/3442/3442 3445/3445/3445
f 3390/3390/3390 3439/3439/3439 3445/3445/3445
f 3446/3446/3446 3442/3442/3442 3443/3443/3443
f 3446/3446/3446 3445/3445/3445 3442/3442/3442
f 3446/3446/3446 3443/3443/3443 3447/3447/3447
f 3444/3444/3444 3447/3447/3447 3443/3443/3443
f 3448/3448/3448 3390/3390/3390 3445/3445/3445
f 3390/3390/3390 3448/3448/3448 3387/3387/3387
f 3387/3387/3387 3448/3448/3448 3386/3386/3386
f 3445/3445/3445 3446/3446/3446 3449/3449/3449
f 3450/3450/3450 3386/3386/3386 3448/3448/3448
f 3451/3451/3451 3449/3449/3449 3446/3446/3446
f 3447/3447/3447 3451/3451/3451 3446/3446/3446
f 3448/3448/3448 3445/3445/3445 3452/3452/3452
f 3450/3450/3450 3448/3448/3448 3452/3452/3452
f 3445/3445/3445 3449/3449/3449 3453/3453/3453
f 3445/3445/3445 3453/3453/3453 3452/3452/3452
f 3449/3449/3449 3454/3454/3454 3453/3453/3453
f 3454/3454/3454 3452/3452/3452 3453/3453/3453
f 3451/3451/3451 3455/3455/3455 3449/3449/3449
f 3454/3454/3454 3449/3449/3449 3455/3455/3455
f 3452/3452/3452 3454/3454/3454 3456/3456/3456
f 3456/3456/3456 3450/3450/3450 3452/3452/3452
f 3455/3455/3455 3457/3457/3457 3454/3454/3454
f 3457/3457/3457 3456/3456/3456 3454/3454/3454
f 3451/3451/3451 3458/3458/3458 3455/3455/3455
f 3457/3457/3457 3455/3455/3455 3458/3458/3458
f 3450/3450/3450 3456/3456/3456 3459/3459/3459
f 3457/3457/3457 3459/3459/3459 3456/3456/3456
f 3458/3458/3458 3451/3451/3451 3460/3460/3460
f 3451/3451/3451 3447/3447/3447 3460/3460/3460
f 3457/3457/3457 3458/3458/3458 3461/3461/3461
f 3458/3458/3458 3460/3460/3460 3461/3461/3461
f 3460/3460/3460 3447/3447/3447 3462/3462/3462
f 3460/3460/3460 3463/3463/3463 3461/3461/3461
f 3463/3463/3463 3460/3460/3460 3462/3462/3462
f 3464/3464/3464 3462/3462/3462 3447/3447/3447
f 3444/3444/3444 3464/3464/3464 3447/3447/3447
f 3465/3465/3465 3462/3462/3462 3464/3464/3464
f 3465/3465/3465 3463/3463/3463 3462/3462/3462
f 3466/3466/3466 3464/3464/3464 3444/3444/3444
f 3464/3464/3464 3466/3466/3466 3465/3465/3465
f 3466/3466/3466 3444/3444/3444 3467/3467/3467
f 3468/3468/3468 3463/3463/3463 3465/3465/3465
f 3469/3469/3469 3467/3467/3467 3444/3444/3444
f 3469/3469/3469 3444/3444/3444 3437/3437/3437
f 3437/3437/3437 3434/3434/3434 3469/3469/3469
f 3470/3470/3470 3469/3469/3469 3434/3434/3434
f 3434/3434/3434 3427/3427/3427 3470/3470/3470
f 3427/3427/3427 3430/3430/3430 3470/3470/3470
f 3469/3469/3469 3470/3470/3470 3471/3471/3471
f 3471/3471/3471 3467/3467/3467 3469/3469/3469
f 3472/3472/3472 3471/3471/3471 3470/3470/3470
f 3472/3472/3472 3470/3470/3470 3430/3430/3430
f 3471/3471/3471 3472/3472/3472 3467/3467/3467
f 3430/3430/3430 3473/3473/3473 3472/3472/3472
f 3430/3430/3430 3474/3474/3474 3473/3473/3473
f 3475/3475/3475 3467/3467/3467 3472/3472/3472
f 3476/3476/3476 3473/3473/3473 3474/3474/3474
f 3473/3473/3473 3476/3476/3476 3472/3472/3472
f 3474/3474/3474 3477/3477/3477 3476/3476/3476
f 3472/3472/3472 3478/3478/3478 3475/3475/3475
f 3472/3472/3472 3476/3476/3476 3478/3478/3478
f 3467/3467/3467 3475/3475/3475 3479/3479/3479
f 3479/3479/3479 3475/3475/3475 3478/3478/3478
f 3479/3479/3479 3466/3466/3466 3467/3467/3467
f 3480/3480/3480 3478/3478/3478 3476/3476/3476
f 3481/3481/3481 3466/3466/3466 3479/3479/3479
f 3466/3466/3466 3481/3481/3481 3465/3465/3465
f 3482/3482/3482 3479/3479/3479 3478/3478/3478
f 3478/3478/3478 3480/3480/3480 3482/3482/3482
f 3465/3465/3465 3481/3481/3481 3483/3483/3483
f 3465/3465/3465 3483/3483/3483 3468/3468/3468
f 3479/3479/3479 3484/3484/3484 3481/3481/3481
f 3479/3479/3479 3482/3482/3482 3484/3484/3484
f 3485/3485/3485 3483/3483/3483 3481/3481/3481
f 3484/3484/3484 3485/3485/3485 3481/3481/3481
f 3468/3468/3468 3483/3483/3483 3486/3486/3486
f 3483/3483/3483 3485/3485/3485 3487/3487/3487
f 3487/3487/3487 3486/3486/3486 3483/3483/3483
f 3488/3488/3488 3485/3485/3485 3484/3484/3484
f 3488/3488/3488 3487/3487/3487 3485/3485/3485
f 3489/3489/3489 3484/3484/3484 3482/3482/3482
f 3488/3488/3488 3490/3490/3490 3487/3487/3487
f 3482/3482/3482 3491/3491/3491 3489/3489/3489
f 3491/3491/3491 3482/3482/3482 3480/3480/3480
f 3489/3489/3489 3492/3492/3492 3484/3484/3484
f 3488/3488/3488 3484/3484/3484 3492/3492/3492
f 3493/3493/3493 3480/3480/3480 3476/3476/3476
f 3480/3480/3480 3493/3493/3493 3491/3491/3491
f 3476/3476/3476 3477/3477/3477 3493/3493/3493
f 3493/3493/3493 3477/3477/3477 3494/3494/3494
f 3494/3494/3494 3491/3491/3491 3493/3493/3493
f 3495/3495/3495 3494/3494/3494 3477/3477/3477
f 3496/3496/3496 3491/3491/3491 3494/3494/3494
f 3496/3496/3496 3494/3494/3494 3495/3495/3495
f 3491/3491/3491 3497/3497/3497 3489/3489/3489
f 3491/3491/3491 3496/3496/3496 3497/3497/3497
f 3489/3489/3489 3497/3497/3497 3492/3492/3492
f 3495/3495/3495 3498/3498/3498 3496/3496/3496
f 3498/3498/3498 3497/3497/3497 3496/3496/3496
f 3498/3498/3498 3495/3495/3495 3499/3499/3499
f 3497/3497/3497 3498/3498/3498 3499/3499/3499
f 3497/3497/3497 3499/3499/3499 3492/3492/3492
f 3495/3495/3495 3500/3500/3500 3499/3499/3499
f 3499/3499/3499 3501/3501/3501 3492/3492/3492
f 3501/3501/3501 3499/3499/3499 3500/3500/3500
f 3492/3492/3492 3501/3501/3501 3502/3502/3502
f 3501/3501/3501 3500/3500/3500 3503/3503/3503
f 3503/3503/3503 3502/3502/3502 3501/3501/3501
f 3500/3500/3500 3504/3504/3504 3503/3503/3503
f 3502/3502/3502 3503/3503/3503 3504/3504/3504
f 3500/3500/3500 3505/3505/3505 3504/3504/3504
f 3506/3506/3506 3492/3492/3492 3502/3502/3502
f 3504/3504/3504 3506/3506/3506 3502/3502/3502
f 3492/3492/3492 3506/3506/3506 3488/3488/3488
f 3504/3504/3504 3505/3505/3505 3507/3507/3507
f 3504/3504/3504 3507/3507/3507 3506/3506/3506
f 3507/3507/3507 3505/3505/3505 3508/3508/3508
f 3509/3509/3509 3488/3488/3488 3506/3506/3506
f 3506/3506/3506 3507/3507/3507 3509/3509/3509
f 3509/3509/3509 3507/3507/3507 3508/3508/3508
f 3509/3509/3509 3490/3490/3490 3488/3488/3488
f 3509/3509/3509 3508/3508/3508 3510/3510/3510
f 3490/3490/3490 3509/3509/3509 3511/3511/3511
f 3510/3510/3510 3508/3508/3508 3512/3512/3512
f 3509/3509/3509 3513/3513/3513 3511/3511/3511
f 3509/3509/3509 3510/3510/3510 3513/3513/3513
f 3511/3511/3511 3514/3514/3514 3490/3490/3490
f 3514/3514/3514 3487/3487/3487 3490/3490/3490
f 3486/3486/3486 3487/3487/3487 3514/3514/3514
f 3515/3515/3515 3511/3511/3511 3513/3513/3513
f 3515/3515/3515 3514/3514/3514 3511/3511/3511
f 3513/3513/3513 3510/3510/3510 3516/3516/3516
f 3510/3510/3510 3512/3512/3512 3516/3516/3516
f 3513/3513/3513 3516/3516/3516 3517/3517/3517
f 3513/3513/3513 3517/3517/3517 3515/3515/3515
f 3518/3518/3518 3516/3516/3516 3512/3512/3512
f 3508/3508/3508 3519/3519/3519 3512/3512/3512
f 3519/3519/3519 3518/3518/3518 3512/3512/3512
f 3519/3519/3519 3508/3508/3508 3520/3520/3520
f 3516/3516/3516 3518/3518/3518 3521/3521/3521
f 3516/3516/3516 3521/3521/3521 3517/3517/3517
f 3518/3518/3518 3519/3519/3519 3522/3522/3522
f 3521/3521/3521 3518/3518/3518 3523/3523/3523
f 3518/3518/3518 3522/3522/3522 3523/3523/3523
f 3524/3524/3524 3519/3519/3519 3520/3520/3520
f 3522/3522/3522 3519/3519/3519 3524/3524/3524
f 3524/3524/3524 3520/3520/3520 3525/3525/3525
f 3525/3525/3525 3520/3520/3520 3526/3526/3526
f 3522/3522/3522 3524/3524/3524 3527/3527/3527
f 3525/3525/3525 3526/3526/3526 3528/3528/3528
f 3524/3524/3524 3525/3525/3525 3529/3529/3529
f 3527/3527/3527 3524/3524/3524 3529/3529/3529
f 3525/3525/3525 3528/3528/3528 3529/3529/3529
f 3527/3527/3527 3530/3530/3530 3522/3522/3522
f 3523/3523/3523 3522/3522/3522 3530/3530/3530
f 3527/3527/3527 3529/3529/3529 3530/3530/3530
f 3521/3521/3521 3523/3523/3523 3530/3530/3530
f 3529/3529/3529 3528/3528/3528 3531/3531/3531
f 3528/3528/3528 3526/3526/3526 3532/3532/3532
f 3532/3532/3532 3531/3531/3531 3528/3528/3528
f 3532/3532/3532 3526/3526/3526 3533/3533/3533
f 3529/3529/3529 3531/3531/3531 3534/3534/3534
f 3530/3530/3530 3529/3529/3529 3534/3534/3534
f 3532/3532/3532 3533/3533/3533 3535/3535/3535
f 3535/3535/3535 3533/3533/3533 3536/3536/3536
f 3531/3531/3531 3532/3532/3532 3537/3537/3537
f 3532/3532/3532 3535/3535/3535 3537/3537/3537
f 3531/3531/3531 3537/3537/3537 3534/3534/3534
f 3538/3538/3538 3537/3537/3537 3535/3535/3535
f 3536/3536/3536 3538/3538/3538 3535/3535/3535
f 3534/3534/3534 3537/3537/3537 3539/3539/3539
f 3539/3539/3539 3537/3537/3537 3538/3538/3538
f 3534/3534/3534 3539/3539/3539 3540/3540/3540
f 3541/3541/3541 3538/3538/3538 3536/3536/3536
f 3542/3542/3542 3534/3534/3534 3540/3540/3540
f 3534/3534/3534 3542/3542/3542 3530/3530/3530
f 3541/3541/3541 3536/3536/3536 3543/3543/3543
f 3544/3544/3544 3543/3543/3543 3536/3536/3536
f 3545/3545/3545 3530/3530/3530 3542/3542/3542
f 3530/3530/3530 3545/3545/3545 3521/3521/3521
f 3543/3543/3543 3544/3544/3544 3546/3546/3546
f 3547/3547/3547 3546/3546/3546 3544/3544/3544
f 3546/3546/3546 3547/3547/3547 3548/3548/3548
f 3549/3549/3549 3543/3543/3543 3546/3546/3546
f 3543/3543/3543 3549/3549/3549 3541/3541/3541
f 3546/3546/3546 3548/3548/3548 3550/3550/3550
f 3550/3550/3550 3549/3549/3549 3546/3546/3546
f 3548/3548/3548 3551/3551/3551 3550/3550/3550
f 3550/3550/3550 3551/3551/3551 3552/3552/3552
f 3552/3552/3552 3553/3553/3553 3550/3550/3550
f 3554/3554/3554 3550/3550/3550 3553/3553/3553
f 3550/3550/3550 3554/3554/3554 3549/3549/3549
f 3553/3553/3553 3555/3555/3555 3554/3554/3554
f 3556/3556/3556 3541/3541/3541 3549/3549/3549
f 3557/3557/3557 3554/3554/3554 3555/3555/3555
f 3555/3555/3555 3558/3558/3558 3557/3557/3557
f 3559/3559/3559 3549/3549/3549 3554/3554/3554
f 3559/3559/3559 3554/3554/3554 3557/3557/3557
f 3556/3556/3556 3549/3549/3549 3559/3559/3559
f 3560/3560/3560 3557/3557/3557 3558/3558/3558
f 3558/3558/3558 3561/3561/3561 3560/3560/3560
f 3561/3561/3561 3562/3562/3562 3560/3560/3560
f 3559/3559/3559 3557/3557/3557 3563/3563/3563
f 3557/3557/3557 3560/3560/3560 3563/3563/3563
f 3564/3564/3564 3556/3556/3556 3559/3559/3559
f 3559/3559/3559 3563/3563/3563 3564/3564/3564
f 3565/3565/3565 3541/3541/3541 3556/3556/3556
f 3556/3556/3556 3564/3564/3564 3565/3565/3565
f 3541/3541/3541 3565/3565/3565 3538/3538/3538
f 3565/3565/3565 3566/3566/3566 3538/3538/3538
f 3564/3564/3564 3566/3566/3566 3565/3565/3565
f 3538/3538/3538 3566/3566/3566 3539/3539/3539
f 3567/3567/3567 3564/3564/3564 3563/3563/3563
f 3564/3564/3564 3567/3567/3567 3566/3566/3566
f 3568/3568/3568 3539/3539/3539 3566/3566/3566
f 3568/3568/3568 3540/3540/3540 3539/3539/3539
f 3569/3569/3569 3566/3566/3566 3567/3567/3567
f 3566/3566/3566 3569/3569/3569 3568/3568/3568
f 3563/3563/3563 3570/3570/3570 3567/3567/3567
f 3560/3560/3560 3570/3570/3570 3563/3563/3563
f 3567/3567/3567 3571/3571/3571 3569/3569/3569
f 3570/3570/3570 3571/3571/3571 3567/3567/3567
f 3569/3569/3569 3572/3572/3572 3568/3568/3568
f 3570/3570/3570 3573/3573/3573 3571/3571/3571
f 3574/3574/3574 3569/3569/3569 3571/3571/3571
f 3574/3574/3574 3571/3571/3571 3573/3573/3573
f 3569/3569/3569 3574/3574/3574 3572/3572/3572
f 3573/3573/3573 3570/3570/3570 3575/3575/3575
f 3570/3570/3570 3560/3560/3560 3575/3575/3575
f 3562/3562/3562 3575/3575/3575 3560/3560/3560
f 3562/3562/3562 3576/3576/3576 3575/3575/3575
f 3576/3576/3576 3577/3577/3577 3575/3575/3575
f 3573/3573/3573 3575/3575/3575 3578/3578/3578
f 3575/3575/3575 3577/3577/3577 3578/3578/3578
f 3573/3573/3573 3578/3578/3578 3574/3574/3574
f 3578/3578/3578 3577/3577/3577 3579/3579/3579
f 3579/3579/3579 3574/3574/3574 3578/3578/3578
f 3577/3577/3577 3580/3580/3580 3579/3579/3579
f 3574/3574/3574 3579/3579/3579 3581/3581/3581
f 3574/3574/3574 3581/3581/3581 3572/3572/3572
f 3579/3579/3579 3580/3580/3580 3582/3582/3582
f 3579/3579/3579 3582/3582/3582 3581/3581/3581
f 3583/3583/3583 3582/3582/3582 3580/3580/3580
f 3580/3580/3580 3584/3584/3584 3583/3583/3583
f 3581/3581/3581 3582/3582/3582 3585/3585/3585
f 3583/3583/3583 3584/3584/3584 3586/3586/3586
f 3582/3582/3582 3583/3583/3583 3587/3587/3587
f 3582/3582/3582 3587/3587/3587 3585/3585/3585
f 3583/3583/3583 3586/3586/3586 3587/3587/3587
f 3584/3584/3584 3588/3588/3588 3586/3586/3586
f 3585/3585/3585 3587/3587/3587 3589/3589/3589
f 3587/3587/3587 3586/3586/3586 3590/3590/3590
f 3589/3589/3589 3587/3587/3587 3590/3590/3590
f 3585/3585/3585 3591/3591/3591 3581/3581/3581
f 3581/3581/3581 3591/3591/3591 3572/3572/3572
f 3591/3591/3591 3585/3585/3585 3589/3589/3589
f 3572/3572/3572 3591/3591/3591 3568/3568/3568
f 3540/3540/3540 3568/3568/3568 3591/3591/3591
f 3540/3540/3540 3591/3591/3591 3542/3542/3542
f 3591/3591/3591 3589/3589/3589 3592/3592/3592
f 3592/3592/3592 3542/3542/3542 3591/3591/3591
f 3593/3593/3593 3592/3592/3592 3589/3589/3589
f 3593/3593/3593 3589/3589/3589 3590/3590/3590
f 3592/3592/3592 3594/3594/3594 3542/3542/3542
f 3593/3593/3593 3594/3594/3594 3592/3592/3592
f 3542/3542/3542 3594/3594/3594 3545/3545/3545
f 3590/3590/3590 3595/3595/3595 3593/3593/3593
f 3593/3593/3593 3596/3596/3596 3594/3594/3594
f 3596/3596/3596 3593/3593/3593 3595/3595/3595
f 3597/3597/3597 3545/3545/3545 3594/3594/3594
f 3596/3596/3596 3598/3598/3598 3594/3594/3594
f 3597/3597/3597 3594/3594/3594 3598/3598/3598
f 3596/3596/3596 3599/3599/3599 3598/3598/3598
f 3599/3599/3599 3597/3597/3597 3598/3598/3598
f 3600/3600/3600 3596/3596/3596 3595/3595/3595
f 3596/3596/3596 3600/3600/3600 3599/3599/3599
f 3601/3601/3601 3545/3545/3545 3597/3597/3597
f 3601/3601/3601 3521/3521/3521 3545/3545/3545
f 3521/3521/3521 3601/3601/3601 3517/3517/3517
f 3602/3602/3602 3597/3597/3597 3599/3599/3599
f 3601/3601/3601 3597/3597/3597 3602/3602/3602
f 3603/3603/3603 3517/3517/3517 3601/3601/3601
f 3601/3601/3601 3602/3602/3602 3603/3603/3603
f 3603/3603/3603 3515/3515/3515 3517/3517/3517
f 3604/3604/3604 3602/3602/3602 3599/3599/3599
f 3604/3604/3604 3603/3603/3603 3602/3602/3602
f 3604/3604/3604 3599/3599/3599 3600/3600/3600
f 3603/3603/3603 3605/3605/3605 3515/3515/3515
f 3605/3605/3605 3603/3603/3603 3604/3604/3604
f 3604/3604/3604 3600/3600/3600 3606/3606/3606
f 3607/3607/3607 3515/3515/3515 3605/3605/3605
f 3515/3515/3515 3607/3607/3607 3514/3514/3514
f 3608/3608/3608 3605/3605/3605 3604/3604/3604
f 3608/3608/3608 3604/3604/3604 3606/3606/3606
f 3605/3605/3605 3609/3609/3609 3607/3607/3607
f 3605/3605/3605 3608/3608/3608 3609/3609/3609
f 3610/3610/3610 3514/3514/3514 3607/3607/3607
f 3486/3486/3486 3514/3514/3514 3610/3610/3610
f 3611/3611/3611 3607/3607/3607 3609/3609/3609
f 3607/3607/3607 3611/3611/3611 3610/3610/3610
f 3608/3608/3608 3612/3612/3612 3609/3609/3609
f 3611/3611/3611 3609/3609/3609 3612/3612/3612
f 3606/3606/3606 3613/3613/3613 3608/3608/3608
f 3606/3606/3606 3600/3600/3600 3613/3613/3613
f 3613/3613/3613 3600/3600/3600 3595/3595/3595
f 3590/3590/3590 3613/3613/3613 3595/3595/3595
f 3612/3612/3612 3608/3608/3608 3614/3614/3614
f 3608/3608/3608 3613/3613/3613 3614/3614/3614
f 3590/3590/3590 3615/3615/3615 3613/3613/3613
f 3614/3614/3614 3613/3613/3613 3615/3615/3615
f 3586/3586/3586 3615/3615/3615 3590/3590/3590
f 3615/3615/3615 3586/3586/3586 3588/3588/3588
f 3616/3616/3616 3614/3614/3614 3615/3615/3615
f 3616/3616/3616 3615/3615/3615 3588/3588/3588
f 3614/3614/3614 3617/3617/3617 3612/3612/3612
f 3617/3617/3617 3614/3614/3614 3616/3616/3616
f 3612/3612/3612 3617/3617/3617 3611/3611/3611
f 3618/3618/3618 3616/3616/3616 3588/3588/3588
f 3618/3618/3618 3617/3617/3617 3616/3616/3616
f 3588/3588/3588 3619/3619/3619 3618/3618/3618
f 3620/3620/3620 3618/3618/3618 3619/3619/3619
f 3618/3618/3618 3620/3620/3620 3617/3617/3617
f 3620/3620/3620 3619/3619/3619 3621/3621/3621
f 3620/3620/3620 3622/3622/3622 3617/3617/3617
f 3621/3621/3621 3622/3622/3622 3620/3620/3620
f 3611/3611/3611 3617/3617/3617 3623/3623/3623
f 3623/3623/3623 3617/3617/3617 3622/3622/3622
f 3623/3623/3623 3610/3610/3610 3611/3611/3611
f 3610/3610/3610 3623/3623/3623 3486/3486/3486
f 3624/3624/3624 3622/3622/3622 3621/3621/3621
f 3623/3623/3623 3622/3622/3622 3624/3624/3624
f 3624/3624/3624 3621/3621/3621 3625/3625/3625
f 3486/3486/3486 3623/3623/3623 3626/3626/3626
f 3468/3468/3468 3486/3486/3486 3626/3626/3626
f 3468/3468/3468 3626/3626/3626 3463/3463/3463
f 3627/3627/3627 3626/3626/3626 3623/3623/3623
f 3626/3626/3626 3627/3627/3627 3463/3463/3463
f 3623/3623/3623 3624/3624/3624 3627/3627/3627
f 3627/3627/3627 3461/3461/3461 3463/3463/3463
f 3628/3628/3628 3624/3624/3624 3625/3625/3625
f 3625/3625/3625 3629/3629/3629 3628/3628/3628
f 3624/3624/3624 3630/3630/3630 3627/3627/3627
f 3630/3630/3630 3461/3461/3461 3627/3627/3627
f 3630/3630/3630 3624/3624/3624 3628/3628/3628
f 3461/3461/3461 3630/3630/3630 3457/3457/3457
f 3628/3628/3628 3631/3631/3631 3630/3630/3630
f 3630/3630/3630 3631/3631/3631 3457/3457/3457
f 3631/3631/3631 3628/3628/3628 3629/3629/3629
f 3631/3631/3631 3459/3459/3459 3457/3457/3457
f 3631/3631/3631 3629/3629/3629 3632/3632/3632
f 3633/3633/3633 3632/3632/3632 3629/3629/3629
f 3633/3633/3633 3365/3365/3365 3632/3632/3632
f 3631/3631/3631 3634/3634/3634 3459/3459/3459
f 3631/3631/3631 3632/3632/3632 3634/3634/3634
f 3365/3365/3365 3634/3634/3634 3632/3632/3632
f 3450/3450/3450 3459/3459/3459 3634/3634/3634
f 3634/3634/3634 3365/3365/3365 3363/3363/3363
f 3634/3634/3634 3386/3386/3386 3450/3450/3450
f 3634/3634/3634 3363/3363/3363 3386/3386/3386
f 3636/3636/3636 2405/2405/2405 3635/3635/3635
f 3636/3636/3636 3635/3635/3635 2546/2546/2546
f 3635/3635/3635 2405/2405/2405 2407/2407/2407
f 3637/3637/3637 2546/2546/2546 3635/3635/3635
f 3637/3637/3637 3635/3635/3635 2407/2407/2407
f 3637/3637/3637 2543/2543/2543 2546/2546/2546
f 3638/3638/3638 3637/3637/3637 2407/2407/2407
f 2543/2543/2543 3637/3637/3637 3639/3639/3639
f 3639/3639/3639 2538/2538/2538 2543/2543/2543
f 3639/3639/3639 2527/2527/2527 2538/2538/2538
f 3639/3639/3639 2518/2518/2518 2527/2527/2527
f 2518/2518/2518 3639/3639/3639 2522/2522/2522
f 3639/3639/3639 3637/3637/3637 3640/3640/3640
f 3637/3637/3637 3638/3638/3638 3640/3640/3640
f 3639/3639/3639 3641/3641/3641 2522/2522/2522
f 3641/3641/3641 3639/3639/3639 3640/3640/3640
f 3642/3642/3642 2522/2522/2522 3641/3641/3641
f 2522/2522/2522 3642/3642/3642 2520/2520/2520
f 3640/3640/3640 3643/3643/3643 3641/3641/3641
f 3643/3643/3643 3642/3642/3642 3641/3641/3641
f 3644/3644/3644 2520/2520/2520 3642/3642/3642
f 3643/3643/3643 3644/3644/3644 3642/3642/3642
f 3640/3640/3640 3644/3644/3644 3643/3643/3643
f 3644/3644/3644 2524/2524/2524 2520/2520/2520
f 3640/3640/3640 3638/3638/3638 3645/3645/3645
f 3644/3644/3644 3640/3640/3640 3645/3645/3645
f 3646/3646/3646 3645/3645/3645 3638/3638/3638
f 3646/3646/3646 3638/3638/3638 2407/2407/2407
f 3645/3645/3645 3647/3647/3647 3644/3644/3644
f 2407/2407/2407 3648/3648/3648 3646/3646/3646
f 3648/3648/3648 2407/2407/2407 2408/2408/2408
f 3644/3644/3644 3647/3647/3647 3649/3649/3649
f 2524/2524/2524 3644/3644/3644 3649/3649/3649
f 2408/2408/2408 3650/3650/3650 3648/3648/3648
f 2408/2408/2408 2438/2438/2438 3650/3650/3650
f 3650/3650/3650 3651/3651/3651 3648/3648/3648
f 3648/3648/3648 3651/3651/3651 3646/3646/3646
f 2438/2438/2438 3652/3652/3652 3650/3650/3650
f 3652/3652/3652 3651/3651/3651 3650/3650/3650
f 3652/3652/3652 2438/2438/2438 3653/3653/3653
f 3651/3651/3651 3652/3652/3652 3653/3653/3653
f 3653/3653/3653 2438/2438/2438 2439/2439/2439
f 3651/3651/3651 3654/3654/3654 3646/3646/3646
f 3654/3654/3654 3651/3651/3651 3653/3653/3653
f 3645/3645/3645 3646/3646/3646 3654/3654/3654
f 3653/3653/3653 2439/2439/2439 2441/2441/2441
f 3645/3645/3645 3654/3654/3654 3655/3655/3655
f 3655/3655/3655 3654/3654/3654 3653/3653/3653
f 3647/3647/3647 3645/3645/3645 3655/3655/3655
f 3647/3647/3647 3655/3655/3655 3653/3653/3653
f 3653/3653/3653 3649/3649/3649 3647/3647/3647
f 3653/3653/3653 2441/2441/2441 3656/3656/3656
f 3649/3649/3649 3653/3653/3653 3656/3656/3656
f 3657/3657/3657 3656/3656/3656 2441/2441/2441
f 2441/2441/2441 2444/2444/2444 3657/3657/3657
f 3649/3649/3649 3656/3656/3656 3658/3658/3658
f 3657/3657/3657 3658/3658/3658 3656/3656/3656
f 3649/3649/3649 3658/3658/3658 2524/2524/2524
f 2477/2477/2477 2524/2524/2524 3658/3658/3658
f 3657/3657/3657 2444/2444/2444 3659/3659/3659
f 3659/3659/3659 3658/3658/3658 3657/3657/3657
f 3658/3658/3658 3659/3659/3659 2477/2477/2477
f 2446/2446/2446 3659/3659/3659 2444/2444/2444
f 3659/3659/3659 2456/2456/2456 2477/2477/2477
f 2446/2446/2446 2456/2456/2456 3659/3659/3659
f 3661/3661/3661 3660/3660/3660 2381/2381/2381
f 3661/3661/3661 3662/3662/3662 3660/3660/3660
f 3660/3660/3660 2380/2380/2380 2381/2381/2381
f 3660/3660/3660 3662/3662/3662 3663/3663/3663
f 3662/3662/3662 3664/3664/3664 3663/3663/3663
f 3660/3660/3660 3665/3665/3665 2380/2380/2380
f 3660/3660/3660 3663/3663/3663 3665/3665/3665
f 3665/3665/3665 3666/3666/3666 2380/2380/2380
f 3665/3665/3665 3663/3663/3663 3666/3666/3666
f 2380/2380/2380 3666/3666/3666 2382/2382/2382
f 2382/2382/2382 3666/3666/3666 2389/2389/2389
f 2389/2389/2389 3666/3666/3666 2421/2421/2421
f 3667/3667/3667 3663/3663/3663 3664/3664/3664
f 3668/3668/3668 3667/3667/3667 3664/3664/3664
f 3669/3669/3669 3666/3666/3666 3663/3663/3663
f 3667/3667/3667 3669/3669/3669 3663/3663/3663
f 3666/3666/3666 3670/3670/3670 2421/2421/2421
f 3666/3666/3666 3669/3669/3669 3670/3670/3670
f 3668/3668/3668 3671/3671/3671 3667/3667/3667
f 3669/3669/3669 3667/3667/3667 3671/3671/3671
f 3671/3671/3671 3670/3670/3670 3669/3669/3669
f 3668/3668/3668 3672/3672/3672 3671/3671/3671
f 3670/3670/3670 3673/3673/3673 2421/2421/2421
f 3671/3671/3671 3673/3673/3673 3670/3670/3670
f 3673/3673/3673 2424/2424/2424 2421/2421/2421
f 3674/3674/3674 3671/3671/3671 3672/3672/3672
f 3671/3671/3671 3674/3674/3674 3673/3673/3673
f 3672/3672/3672 3675/3675/3675 3674/3674/3674
f 3673/3673/3673 3674/3674/3674 3675/3675/3675
f 3673/3673/3673 3676/3676/3676 2424/2424/2424
f 3675/3675/3675 3676/3676/3676 3673/3673/3673
f 3676/3676/3676 2426/2426/2426 2424/2424/2424
f 3675/3675/3675 3677/3677/3677 3676/3676/3676
f 3676/3676/3676 3678/3678/3678 2426/2426/2426
f 3676/3676/3676 3677/3677/3677 3678/3678/3678
f 3678/3678/3678 2445/2445/2445 2426/2426/2426
f 3678/3678/3678 3677/3677/3677 3679/3679/3679
f 3678/3678/3678 3679/3679/3679 2445/2445/2445
f 3677/3677/3677 3680/3680/3680 3679/3679/3679
f 2445/2445/2445 3679/3679/3679 3681/3681/3681
f 3681/3681/3681 3679/3679/3679 3680/3680/3680
f 2445/2445/2445 3681/3681/3681 2447/2447/2447
f 3682/3682/3682 3681/3681/3681 3680/3680/3680
f 3680/3680/3680 2464/2464/2464 3682/3682/3682
f 2462/2462/2462 3682/3682/3682 2464/2464/2464
f 2447/2447/2447 3681/3681/3681 3683/3683/3683
f 3682/3682/3682 3683/3683/3683 3681/3681/3681
f 2462/2462/2462 3683/3683/3683 3682/3682/3682
f 2447/2447/2447 3683/3683/3683 2457/2457/2457
f 2462/2462/2462 2457/2457/2457 3683/3683/3683
f 3684/3684/3684 2868/2868/2868 2847/2847/2847
f 3684/3684/3684 2847/2847/2847 2844/2844/2844
f 2868/2868/2868 3684/3684/3684 2874/2874/2874
f 2844/2844/2844 3685/3685/3685 3684/3684/3684
f 2839/2839/2839 3685/3685/3685 2844/2844/2844
f 3686/3686/3686 2874/2874/2874 3684/3684/3684
f 3684/3684/3684 3685/3685/3685 3686/3686/3686
f 2840/2840/2840 3685/3685/3685 2839/2839/2839
f 2840/2840/2840 3686/3686/3686 3685/3685/3685
f 3686/3686/3686 2875/2875/2875 2874/2874/2874
f 2875/2875/2875 3686/3686/3686 2840/2840/2840
f 2875/2875/2875 2840/2840/2840 3687/3687/3687
f 2840/2840/2840 3688/3688/3688 3687/3687/3687
f 2875/2875/2875 3687/3687/3687 3689/3689/3689
f 2875/2875/2875 3689/3689/3689 2876/2876/2876
f 3687/3687/3687 3688/3688/3688 3690/3690/3690
f 3690/3690/3690 3689/3689/3689 3687/3687/3687
f 3691/3691/3691 3690/3690/3690 3688/3688/3688
f 3692/3692/3692 2876/2876/2876 3689/3689/3689
f 2876/2876/2876 3692/3692/3692 2879/2879/2879
f 3690/3690/3690 3693/3693/3693 3689/3689/3689
f 3689/3689/3689 3693/3693/3693 3692/3692/3692
f 3690/3690/3690 3694/3694/3694 3693/3693/3693
f 3691/3691/3691 3694/3694/3694 3690/3690/3690
f 3694/3694/3694 3695/3695/3695 3693/3693/3693
f 3695/3695/3695 3694/3694/3694 3691/3691/3691
f 3692/3692/3692 3693/3693/3693 3695/3695/3695
f 3695/3695/3695 3691/3691/3691 3696/3696/3696
f 3696/3696/3696 3692/3692/3692 3695/3695/3695
f 3697/3697/3697 3696/3696/3696 3691/3691/3691
f 3698/3698/3698 2879/2879/2879 3692/3692/3692
f 3699/3699/3699 3692/3692/3692 3696/3696/3696
f 3698/3698/3698 3692/3692/3692 3699/3699/3699
f 3700/3700/3700 3696/3696/3696 3697/3697/3697
f 3699/3699/3699 3696/3696/3696 3700/3700/3700
f 3697/3697/3697 3701/3701/3701 3700/3700/3700
f 3700/3700/3700 3701/3701/3701 3699/3699/3699
f 3701/3701/3701 3697/3697/3697 3702/3702/3702
f 3697/3697/3697 3703/3703/3703 3702/3702/3702
f 3704/3704/3704 3699/3699/3699 3701/3701/3701
f 3701/3701/3701 3702/3702/3702 3704/3704/3704
f 3704/3704/3704 3698/3698/3698 3699/3699/3699
f 3705/3705/3705 3702/3702/3702 3703/3703/3703
f 3702/3702/3702 3705/3705/3705 3704/3704/3704
f 3698/3698/3698 3706/3706/3706 2879/2879/2879
f 3706/3706/3706 3698/3698/3698 3704/3704/3704
f 2881/2881/2881 2879/2879/2879 3706/3706/3706
f 3707/3707/3707 3704/3704/3704 3705/3705/3705
f 3704/3704/3704 3707/3707/3707 3706/3706/3706
f 3708/3708/3708 3705/3705/3705 3703/3703/3703
f 3707/3707/3707 3705/3705/3705 3708/3708/3708
f 3709/3709/3709 3708/3708/3708 3703/3703/3703
f 3708/3708/3708 3709/3709/3709 2906/2906/2906
f 3708/3708/3708 2906/2906/2906 2903/2903/2903
f 3707/3707/3707 3710/3710/3710 3706/3706/3706
f 3707/3707/3707 3708/3708/3708 3710/3710/3710
f 2903/2903/2903 3710/3710/3710 3708/3708/3708
f 2881/2881/2881 3706/3706/3706 3710/3710/3710
f 2903/2903/2903 3711/3711/3711 3710/3710/3710
f 2881/2881/2881 3710/3710/3710 3711/3711/3711
f 3711/3711/3711 2903/2903/2903 2883/2883/2883
f 2881/2881/2881 3711/3711/3711 2883/2883/2883
f 3340/3340/3340 3713/3713/3713 3712/3712/3712
f 3714/3714/3714 3712/3712/3712 3713/3713/3713
f 3712/3712/3712 3339/3339/3339 3340/3340/3340
f 3712/3712/3712 3714/3714/3714 3715/3715/3715
f 3712/3712/3712 3716/3716/3716 3339/3339/3339
f 3712/3712/3712 3715/3715/3715 3717/3717/3717
f 3712/3712/3712 3717/3717/3717 3716/3716/3716
f 3716/3716/3716 3718/3718/3718 3339/3339/3339
f 3716/3716/3716 3717/3717/3717 3718/3718/3718
f 3339/3339/3339 3718/3718/3718 3341/3341/3341
f 3341/3341/3341 3718/3718/3718 3348/3348/3348
f 3348/3348/3348 3718/3718/3718 3377/3377/3377
f 3717/3717/3717 3715/3715/3715 3719/3719/3719
f 3720/3720/3720 3719/3719/3719 3715/3715/3715
f 3721/3721/3721 3718/3718/3718 3717/3717/3717
f 3717/3717/3717 3719/3719/3719 3721/3721/3721
f 3718/3718/3718 3722/3722/3722 3377/3377/3377
f 3718/3718/3718 3721/3721/3721 3722/3722/3722
f 3377/3377/3377 3722/3722/3722 3407/3407/3407
f 3721/3721/3721 3719/3719/3719 3723/3723/3723
f 3721/3721/3721 3723/3723/3723 3722/3722/3722
f 3720/3720/3720 3723/3723/3723 3719/3719/3719
f 3407/3407/3407 3722/3722/3722 3723/3723/3723
f 3720/3720/3720 3724/3724/3724 3723/3723/3723
f 3407/3407/3407 3723/3723/3723 3725/3725/3725
f 3723/3723/3723 3724/3724/3724 3725/3725/3725
f 3407/3407/3407 3725/3725/3725 3405/3405/3405
f 3405/3405/3405 3725/3725/3725 3724/3724/3724
f 540/540/540 545/545/545 3726/3726/3726
f 3726/3726/3726 3727/3727/3727 540/540/540
f 545/545/545 3728/3728/3728 3726/3726/3726
f 568/568/568 3728/3728/3728 545/545/545
f 3728/3728/3728 3729/3729/3729 3726/3726/3726
f 3728/3728/3728 568/568/568 3729/3729/3729
f 3726/3726/3726 3729/3729/3729 3727/3727/3727
f 574/574/574 3729/3729/3729 568/568/568
f 3727/3727/3727 3729/3729/3729 3730/3730/3730
f 3730/3730/3730 3731/3731/3731 3727/3727/3727
f 3729/3729/3729 574/574/574 3732/3732/3732
f 3729/3729/3729 3732/3732/3732 3730/3730/3730
f 3732/3732/3732 574/574/574 594/594/594
f 3730/3730/3730 3733/3733/3733 3731/3731/3731
f 3730/3730/3730 3732/3732/3732 3733/3733/3733
f 3733/3733/3733 3734/3734/3734 3731/3731/3731
f 3732/3732/3732 3734/3734/3734 3733/3733/3733
f 594/594/594 3734/3734/3734 3732/3732/3732
f 3734/3734/3734 3735/3735/3735 3731/3731/3731
f 594/594/594 3736/3736/3736 3734/3734/3734
f 3736/3736/3736 594/594/594 591/591/591
f 3736/3736/3736 3737/3737/3737 3734/3734/3734
f 3735/3735/3735 3734/3734/3734 3737/3737/3737
f 591/591/591 3738/3738/3738 3736/3736/3736
f 3738/3738/3738 3737/3737/3737 3736/3736/3736
f 3738/3738/3738 591/591/591 588/588/588
f 3735/3735/3735 3737/3737/3737 3739/3739/3739
f 3738/3738/3738 3739/3739/3739 3737/3737/3737
f 3740/3740/3740 3735/3735/3735 3739/3739/3739
f 3739/3739/3739 3738/3738/3738 3740/3740/3740
f 3738/3738/3738 588/588/588 3740/3740/3740
f 3741/3741/3741 3735/3735/3735 3740/3740/3740
f 3740/3740/3740 588/588/588 3742/3742/3742
f 589/589/589 3742/3742/3742 588/588/588
f 3740/3740/3740 3743/3743/3743 3741/3741/3741
f 3740/3740/3740 3742/3742/3742 3743/3743/3743
f 3741/3741/3741 3743/3743/3743 3744/3744/3744
f 3742/3742/3742 589/589/589 3745/3745/3745
f 3745/3745/3745 3743/3743/3743 3742/3742/3742
f 3746/3746/3746 3745/3745/3745 589/589/589
f 3746/3746/3746 589/589/589 587/587/587
f 3747/3747/3747 3744/3744/3744 3743/3743/3743
f 587/587/587 3748/3748/3748 3746/3746/3746
f 3746/3746/3746 3748/3748/3748 3745/3745/3745
f 3748/3748/3748 587/587/587 590/590/590
f 3749/3749/3749 3743/3743/3743 3745/3745/3745
f 3747/3747/3747 3743/3743/3743 3749/3749/3749
f 3745/3745/3745 3748/3748/3748 3749/3749/3749
f 590/590/590 597/597/597 3748/3748/3748
f 3750/3750/3750 3744/3744/3744 3747/3747/3747
f 3747/3747/3747 3749/3749/3749 3750/3750/3750
f 3744/3744/3744 3750/3750/3750 628/628/628
f 3750/3750/3750 627/627/627 628/628/628
f 627/627/627 3750/3750/3750 3749/3749/3749
f 3748/3748/3748 3751/3751/3751 3749/3749/3749
f 3749/3749/3749 3751/3751/3751 627/627/627
f 3752/3752/3752 3748/3748/3748 597/597/597
f 3751/3751/3751 3748/3748/3748 3752/3752/3752
f 627/627/627 3751/3751/3751 3753/3753/3753
f 3753/3753/3753 3751/3751/3751 3752/3752/3752
f 624/624/624 627/627/627 3753/3753/3753
f 623/623/623 624/624/624 3753/3753/3753
f 3754/3754/3754 3752/3752/3752 597/597/597
f 3754/3754/3754 3753/3753/3753 3752/3752/3752
f 3753/3753/3753 3754/3754/3754 623/623/623
f 601/601/601 3754/3754/3754 597/597/597
f 623/623/623 3754/3754/3754 601/601/601
f 1068/1068/1068 3755/3755/3755 1064/1064/1064
f 1065/1065/1065 1064/1064/1064 3755/3755/3755
f 3756/3756/3756 3755/3755/3755 1068/1068/1068
f 3756/3756/3756 1068/1068/1068 1081/1081/1081
f 1065/1065/1065 3755/3755/3755 3757/3757/3757
f 3756/3756/3756 3757/3757/3757 3755/3755/3755
f 3758/3758/3758 1065/1065/1065 3757/3757/3757
f 3757/3757/3757 3756/3756/3756 3758/3758/3758
f 3756/3756/3756 1081/1081/1081 3758/3758/3758
f 3759/3759/3759 1065/1065/1065 3758/3758/3758
f 3758/3758/3758 1081/1081/1081 3760/3760/3760
f 1082/1082/1082 3760/3760/3760 1081/1081/1081
f 3758/3758/3758 3761/3761/3761 3759/3759/3759
f 3761/3761/3761 3758/3758/3758 3760/3760/3760
f 3762/3762/3762 3759/3759/3759 3761/3761/3761
f 3763/3763/3763 3760/3760/3760 1082/1082/1082
f 3760/3760/3760 3763/3763/3763 3761/3761/3761
f 1082/1082/1082 1084/1084/1084 3763/3763/3763
f 1084/1084/1084 1087/1087/1087 3763/3763/3763
f 3761/3761/3761 3764/3764/3764 3762/3762/3762
f 3765/3765/3765 3761/3761/3761 3763/3763/3763
f 3764/3764/3764 3761/3761/3761 3765/3765/3765
f 3763/3763/3763 1087/1087/1087 3765/3765/3765
f 3766/3766/3766 3762/3762/3762 3764/3764/3764
f 3764/3764/3764 3765/3765/3765 3766/3766/3766
f 3762/3762/3762 3766/3766/3766 1121/1121/1121
f 3766/3766/3766 1120/1120/1120 1121/1121/1121
f 1120/1120/1120 3766/3766/3766 3765/3765/3765
f 1087/1087/1087 3767/3767/3767 3765/3765/3765
f 3765/3765/3765 3767/3767/3767 1120/1120/1120
f 3767/3767/3767 1087/1087/1087 3768/3768/3768
f 3768/3768/3768 1087/1087/1087 1088/1088/1088
f 1120/1120/1120 3767/3767/3767 3769/3769/3769
f 3769/3769/3769 3767/3767/3767 3768/3768/3768
f 3769/3769/3769 1117/1117/1117 1120/1120/1120
f 1116/1116/1116 1117/1117/1117 3769/3769/3769
f 3770/3770/3770 3768/3768/3768 1088/1088/1088
f 3770/3770/3770 3769/3769/3769 3768/3768/3768
f 3769/3769/3769 3770/3770/3770 1116/1116/1116
f 3770/3770/3770 1088/1088/1088 1094/1094/1094
f 1094/1094/1094 1116/1116/1116 3770/3770/3770
