mtllib SM_Door_LOD1.mtl
g SM_Door_LOD1
#Vertices 726
#Indices 1398
#Section 0 Offset 0 NumIndices 1398 MaterialIndex 0 MI_Props
v 0.059584 9.333759 -0.223545
v 0.064196 9.501409 -0.237711
v 0.020325 9.515728 -0.197768
v -0.061636 9.504558 -0.243917
v -0.059941 9.332817 -0.223517
v -0.020073 9.516518 -0.197113
v 2.350289 7.722484 -0.237859
v 2.420031 7.126994 -0.265210
v 2.442553 7.127010 -0.242688
v 2.156201 8.176186 -0.265210
v 2.102860 8.326612 -0.224252
v 1.846974 8.654469 -0.263088
v 1.622280 8.903203 -0.224453
v 1.272927 9.152633 -0.264685
v 1.105466 9.244420 -0.226262
v 0.555004 9.445272 -0.243054
v -2.420030 7.127338 -0.265210
v -2.350355 7.722196 -0.237922
v -2.442550 7.127388 -0.242690
v -2.107708 8.314731 -0.224476
v -2.156200 8.176186 -0.265210
v -1.839336 8.664515 -0.264373
v -1.628779 8.899764 -0.223125
v -1.270712 9.153500 -0.264665
v -1.108792 9.242672 -0.224516
v -0.550039 9.444047 -0.240501
v 0.609533 1.586528 -0.000000
v 1.683341 0.284171 -0.000000
v 1.683518 1.586528 -0.000000
v 0.609533 0.284171 -0.000000
v 0.609556 3.409060 -0.000000
v 1.683723 1.956233 -0.000000
v 1.683907 3.409060 -0.000000
v 0.609556 1.956233 -0.000000
v 0.609577 5.250170 -0.000001
v 1.684112 3.788148 -0.000000
v 1.684301 5.250170 -0.000001
v 0.609577 3.788148 -0.000000
v 0.609608 6.843129 -0.000001
v 1.684513 5.615961 -0.000001
v 1.685066 6.843129 -0.000001
v 0.609608 5.615961 -0.000001
v 2.516589 7.895236 -0.220164
v 2.613520 7.491488 -0.220164
v 2.613520 7.491488 -0.000001
v 2.516589 7.895236 -0.000001
v 2.357691 8.278848 -0.220164
v 2.516589 7.895236 -0.220164
v 2.516589 7.895236 -0.000001
v 2.357691 8.278848 -0.000001
v 2.140739 8.632881 -0.220164
v 2.357691 8.278848 -0.220164
v 2.357691 8.278848 -0.000001
v 2.140739 8.632881 -0.000001
v 1.871074 8.948619 -0.220164
v 2.140739 8.632881 -0.220164
v 2.140739 8.632881 -0.000001
v 1.871074 8.948619 -0.000001
v 1.555338 9.218282 -0.220164
v 1.871074 8.948619 -0.220164
v 1.871074 8.948619 -0.000001
v 1.555338 9.218282 -0.000001
v 1.201304 9.435236 -0.220164
v 1.555338 9.218282 -0.220164
v 1.555338 9.218282 -0.000001
v 1.201304 9.435236 -0.000001
v 0.817690 9.594136 -0.220164
v 1.201304 9.435236 -0.220164
v 1.201304 9.435236 -0.000001
v 0.817690 9.594136 -0.000001
v 2.613520 7.491488 -0.220164
v 2.646096 7.126992 -0.220164
v 2.646096 7.126994 -0.000001
v 2.613520 7.491488 -0.000001
v 2.646096 7.126992 -0.220164
v 2.646096 -0.000000 -0.220163
v 2.646096 -0.000000 0.000000
v 2.646096 7.126994 -0.000001
v 0.463329 8.883059 -0.220164
v 0.463328 7.274371 -0.220164
v 0.546300 8.758883 -0.137192
v 0.546300 7.357344 -0.137192
v 0.463328 7.274371 -0.220164
v 1.746355 7.357344 -0.137192
v 0.546300 7.357344 -0.137192
v 1.852003 7.274372 -0.220164
v 0.463328 6.998361 -0.220164
v 0.463328 5.460731 -0.220164
v 0.546300 6.915387 -0.137192
v 0.546300 5.543698 -0.137192
v 1.748405 6.915387 -0.137192
v 0.463328 6.998361 -0.220164
v 0.546300 6.915387 -0.137192
v 1.831414 6.998361 -0.220164
v 1.748405 6.915387 -0.137192
v 1.830725 5.460731 -0.220164
v 1.831414 6.998361 -0.220164
v 1.747790 5.543698 -0.137192
v 0.463328 1.746197 -0.220163
v 0.546300 0.207452 -0.137191
v 0.546300 1.663229 -0.137191
v 0.463328 0.124482 -0.220163
v 0.463328 0.124482 -0.220163
v 1.829520 0.124482 -0.220163
v 0.546300 0.207452 -0.137191
v 1.746560 0.207452 -0.137191
v 1.829520 0.124482 -0.220163
v 1.746765 1.663224 -0.137191
v 1.746560 0.207452 -0.137191
v 1.829749 1.746197 -0.220163
v 1.746765 1.663224 -0.137191
v 0.463328 1.746197 -0.220163
v 0.546300 1.663229 -0.137191
v 1.829749 1.746197 -0.220163
v 0.463328 3.577588 -0.220163
v 0.546300 1.870680 -0.137191
v 0.546300 3.494617 -0.137192
v 0.463328 1.787707 -0.220163
v 0.463328 1.787707 -0.220163
v 1.829931 1.787707 -0.220163
v 0.546300 1.870680 -0.137191
v 1.746970 1.870680 -0.137191
v 1.829931 1.787707 -0.220163
v 1.830158 3.577588 -0.220163
v 1.746970 1.870680 -0.137191
v 1.747175 3.494617 -0.137192
v 1.747175 3.494617 -0.137192
v 0.463328 3.577588 -0.220163
v 0.546300 3.494617 -0.137192
v 1.830158 3.577588 -0.220163
v 0.463328 5.419220 -0.220164
v 0.463328 3.619096 -0.220163
v 0.546300 5.336247 -0.137192
v 0.546300 3.702068 -0.137192
v 0.463328 3.619096 -0.220163
v 1.830342 3.619095 -0.220163
v 0.546300 3.702068 -0.137192
v 1.747380 3.702067 -0.137192
v 1.830342 3.619095 -0.220163
v 1.747586 5.336247 -0.137192
v 1.747380 3.702067 -0.137192
v 1.830568 5.419220 -0.220164
v 1.747586 5.336247 -0.137192
v 0.463328 5.419220 -0.220164
v 0.546300 5.336247 -0.137192
v 1.830568 5.419220 -0.220164
v 0.463328 5.460731 -0.220164
v 1.830725 5.460731 -0.220164
v 0.546300 5.543698 -0.137192
v 1.747790 5.543698 -0.137192
v 1.746355 7.357344 -0.137192
v 0.613037 7.431873 -0.000001
v 0.546300 7.357344 -0.137192
v 1.686656 7.431873 -0.000001
v 0.546300 6.915387 -0.137192
v 1.685066 6.843129 -0.000001
v 1.748405 6.915387 -0.137192
v 0.609608 6.843129 -0.000001
v 0.546300 8.758883 -0.137192
v 0.546300 7.357344 -0.137192
v 0.613037 7.431873 -0.000001
v 0.613037 8.685741 -0.000001
v 1.746560 0.207452 -0.137191
v 0.609533 0.284171 -0.000000
v 0.546300 0.207452 -0.137191
v 1.683341 0.284171 -0.000000
v 0.546300 1.663229 -0.137191
v 0.546300 0.207452 -0.137191
v 0.609533 0.284171 -0.000000
v 0.609533 1.586528 -0.000000
v 1.746765 1.663224 -0.137191
v 1.683341 0.284171 -0.000000
v 1.746560 0.207452 -0.137191
v 1.683518 1.586528 -0.000000
v 1.746970 1.870680 -0.137191
v 0.609556 1.956233 -0.000000
v 0.546300 1.870680 -0.137191
v 1.683723 1.956233 -0.000000
v 0.546300 1.663229 -0.137191
v 1.683518 1.586528 -0.000000
v 1.746765 1.663224 -0.137191
v 0.609533 1.586528 -0.000000
v 0.546300 1.870680 -0.137191
v 0.609556 3.409060 -0.000000
v 0.546300 3.494617 -0.137192
v 0.609556 1.956233 -0.000000
v 1.746970 1.870680 -0.137191
v 1.747175 3.494617 -0.137192
v 1.683907 3.409060 -0.000000
v 1.683723 1.956233 -0.000000
v 1.747380 3.702067 -0.137192
v 0.609577 3.788148 -0.000000
v 0.546300 3.702068 -0.137192
v 1.684112 3.788148 -0.000000
v 0.546300 3.494617 -0.137192
v 1.683907 3.409060 -0.000000
v 1.747175 3.494617 -0.137192
v 0.609556 3.409060 -0.000000
v 0.546300 5.336247 -0.137192
v 0.546300 3.702068 -0.137192
v 0.609577 3.788148 -0.000000
v 0.609577 5.250170 -0.000001
v 1.747586 5.336247 -0.137192
v 1.684112 3.788148 -0.000000
v 1.747380 3.702067 -0.137192
v 1.684301 5.250170 -0.000001
v 1.747790 5.543698 -0.137192
v 0.609608 5.615961 -0.000001
v 0.546300 5.543698 -0.137192
v 1.684513 5.615961 -0.000001
v 0.546300 5.336247 -0.137192
v 1.684301 5.250170 -0.000001
v 1.747586 5.336247 -0.137192
v 0.609577 5.250170 -0.000001
v 0.546300 6.915387 -0.137192
v 0.546300 5.543698 -0.137192
v 0.609608 5.615961 -0.000001
v 0.609608 6.843129 -0.000001
v 1.748405 6.915387 -0.137192
v 1.684513 5.615961 -0.000001
v 1.747790 5.543698 -0.137192
v 1.685066 6.843129 -0.000001
v 2.420031 7.126994 -0.265210
v 2.442538 -0.000196 -0.242695
v 2.442553 7.127010 -0.242688
v 2.420022 -0.000001 -0.265210
v 2.261535 0.000016 -0.265211
v 2.420022 -0.000001 -0.265210
v 2.261525 7.126994 -0.265210
v 2.420031 7.126994 -0.265210
v 0.018584 9.722032 -0.178899
v 0.020325 9.515728 -0.197768
v 0.070562 9.741807 -0.224590
v 0.064196 9.501409 -0.237711
v 0.059584 9.333759 -0.223545
v 0.019709 9.316669 -0.181584
v 0.060846 0.000003 -0.220163
v 0.019830 0.000004 -0.181865
v 0.020325 9.515728 -0.197768
v 0.018584 9.722032 -0.178899
v -0.000026 9.519002 0.081891
v 0.000001 9.722268 0.107187
v 0.000001 0.000001 0.107188
v 0.019830 0.000004 -0.181865
v 0.000045 9.317396 0.105656
v 0.019709 9.316669 -0.181584
v -1.686450 1.586528 -0.000000
v -1.686450 0.284171 -0.000000
v -0.609698 1.586528 -0.000000
v -0.609698 0.284171 -0.000000
v -1.686450 3.409060 -0.000000
v -1.686450 1.956233 -0.000000
v -0.609698 3.409060 -0.000000
v -0.609698 1.956233 -0.000000
v -1.686450 5.250170 -0.000001
v -0.609698 3.788148 -0.000000
v -0.609698 5.250170 -0.000001
v -1.686450 3.788148 -0.000000
v -0.609698 6.843129 -0.000001
v -1.686450 5.615961 -0.000001
v -0.609698 5.615961 -0.000001
v -1.686450 6.843129 -0.000001
v -1.201302 9.435236 -0.220164
v -0.817688 9.594136 -0.220164
v -0.820117 9.603004 -0.000001
v -1.201302 9.435236 -0.000001
v -1.555336 9.218287 -0.220164
v -1.201302 9.435236 -0.220164
v -1.201302 9.435236 -0.000001
v -1.555336 9.218287 -0.000001
v -1.871072 8.948619 -0.220164
v -1.555336 9.218287 -0.220164
v -1.555336 9.218287 -0.000001
v -1.871072 8.948619 -0.000001
v -2.140737 8.632887 -0.220164
v -1.871072 8.948619 -0.220164
v -1.871072 8.948619 -0.000001
v -2.140737 8.632887 -0.000001
v -2.357689 8.278848 -0.220164
v -2.140737 8.632887 -0.220164
v -2.140737 8.632887 -0.000001
v -2.357689 8.278848 -0.000001
v -2.516587 7.895236 -0.220164
v -2.357689 8.278848 -0.220164
v -2.357689 8.278848 -0.000001
v -2.516587 7.895236 -0.000001
v -2.613519 7.491488 -0.220164
v -2.516587 7.895236 -0.220164
v -2.516587 7.895236 -0.000001
v -2.613519 7.491488 -0.000001
v -2.646096 7.127336 -0.220164
v -2.613519 7.491488 -0.220164
v -2.613519 7.491488 -0.000001
v -2.646096 7.127336 -0.000001
v -2.646096 0.000002 -0.220163
v -2.646096 7.127336 -0.220164
v -2.646096 7.127336 -0.000001
v -2.646096 -0.000000 0.000000
v -1.852003 7.274372 -0.220164
v -0.463326 7.274371 -0.220164
v -1.746354 7.357344 -0.137192
v -0.546298 7.357344 -0.137192
v -0.463326 7.274371 -0.220164
v -0.546298 8.758883 -0.137192
v -0.546298 7.357344 -0.137192
v -0.463326 8.883058 -0.220164
v -0.546298 6.915387 -0.137192
v -0.463326 5.460731 -0.220164
v -0.463326 6.998361 -0.220164
v -0.546298 5.543698 -0.137192
v -0.463326 6.998361 -0.220164
v -1.832822 6.998361 -0.220164
v -0.546298 6.915387 -0.137192
v -1.749851 6.915387 -0.137192
v -1.832822 6.998361 -0.220164
v -1.832822 5.460731 -0.220164
v -1.749851 6.915387 -0.137192
v -1.749851 5.543698 -0.137192
v -1.832822 1.746197 -0.220163
v -1.832822 0.124482 -0.220163
v -1.749851 1.663224 -0.137191
v -1.749851 0.207452 -0.137191
v -1.832822 0.124482 -0.220163
v -0.463326 0.124482 -0.220163
v -1.749851 0.207452 -0.137191
v -0.546298 0.207452 -0.137191
v -0.463326 1.746197 -0.220163
v -0.546298 0.207452 -0.137191
v -0.463326 0.124482 -0.220163
v -0.546298 1.663229 -0.137191
v -0.546298 1.663229 -0.137191
v -1.832822 1.746197 -0.220163
v -1.749851 1.663224 -0.137191
v -0.463326 1.746197 -0.220163
v -1.832822 3.577588 -0.220163
v -1.749851 1.870680 -0.137191
v -1.749851 3.494617 -0.137192
v -1.832822 1.787707 -0.220163
v -1.832822 1.787707 -0.220163
v -0.463326 1.787707 -0.220163
v -1.749851 1.870680 -0.137191
v -0.546298 1.870680 -0.137191
v -0.463326 3.577588 -0.220163
v -0.546298 1.870680 -0.137191
v -0.463326 1.787707 -0.220163
v -0.546298 3.494617 -0.137192
v -0.546298 3.494617 -0.137192
v -1.832822 3.577588 -0.220163
v -1.749851 3.494617 -0.137192
v -0.463326 3.577588 -0.220163
v -1.832823 5.419221 -0.220163
v -1.832822 3.619095 -0.220163
v -1.749851 5.336247 -0.137192
v -1.749851 3.702067 -0.137192
v -1.832822 3.619095 -0.220163
v -0.463326 3.619096 -0.220163
v -1.749851 3.702067 -0.137192
v -0.546298 3.702068 -0.137192
v -0.463326 3.619096 -0.220163
v -0.546298 5.336247 -0.137192
v -0.546298 3.702068 -0.137192
v -0.463326 5.419220 -0.220164
v -1.749851 5.336247 -0.137192
v -0.463326 5.419220 -0.220164
v -1.832823 5.419221 -0.220163
v -0.546298 5.336247 -0.137192
v -1.832822 5.460731 -0.220164
v -0.463326 5.460731 -0.220164
v -1.749851 5.543698 -0.137192
v -0.546298 5.543698 -0.137192
v -1.746354 7.357344 -0.137192
v -0.546298 7.357344 -0.137192
v -0.613035 7.431873 -0.000001
v -1.686655 7.431873 -0.000001
v -0.546298 6.915387 -0.137192
v -1.749851 6.915387 -0.137192
v -1.686450 6.843129 -0.000001
v -0.609698 6.843129 -0.000001
v -0.546298 8.758883 -0.137192
v -0.613035 7.431873 -0.000001
v -0.546298 7.357344 -0.137192
v -0.613035 8.685741 -0.000001
v -0.546298 0.207452 -0.137191
v -1.686450 0.284171 -0.000000
v -1.749851 0.207452 -0.137191
v -0.609698 0.284171 -0.000000
v -1.749851 1.663224 -0.137191
v -1.749851 0.207452 -0.137191
v -1.686450 0.284171 -0.000000
v -1.686450 1.586528 -0.000000
v -0.546298 1.663229 -0.137191
v -0.609698 0.284171 -0.000000
v -0.546298 0.207452 -0.137191
v -0.609698 1.586528 -0.000000
v -0.546298 1.870680 -0.137191
v -1.686450 1.956233 -0.000000
v -1.749851 1.870680 -0.137191
v -0.609698 1.956233 -0.000000
v -0.546298 1.663229 -0.137191
v -1.749851 1.663224 -0.137191
v -1.686450 1.586528 -0.000000
v -0.609698 1.586528 -0.000000
v -1.749851 1.870680 -0.137191
v -1.686450 3.409060 -0.000000
v -1.749851 3.494617 -0.137192
v -1.686450 1.956233 -0.000000
v -0.546298 1.870680 -0.137191
v -0.546298 3.494617 -0.137192
v -0.609698 3.409060 -0.000000
v -0.609698 1.956233 -0.000000
v -0.546298 3.702068 -0.137192
v -1.686450 3.788148 -0.000000
v -1.749851 3.702067 -0.137192
v -0.609698 3.788148 -0.000000
v -0.546298 3.494617 -0.137192
v -1.749851 3.494617 -0.137192
v -1.686450 3.409060 -0.000000
v -0.609698 3.409060 -0.000000
v -1.749851 5.336247 -0.137192
v -1.749851 3.702067 -0.137192
v -1.686450 3.788148 -0.000000
v -1.686450 5.250170 -0.000001
v -0.546298 5.336247 -0.137192
v -0.609698 3.788148 -0.000000
v -0.546298 3.702068 -0.137192
v -0.609698 5.250170 -0.000001
v -0.546298 5.543698 -0.137192
v -1.686450 5.615961 -0.000001
v -1.749851 5.543698 -0.137192
v -0.609698 5.615961 -0.000001
v -0.546298 5.336247 -0.137192
v -1.749851 5.336247 -0.137192
v -1.686450 5.250170 -0.000001
v -0.609698 5.250170 -0.000001
v -1.749851 6.915387 -0.137192
v -1.749851 5.543698 -0.137192
v -1.686450 5.615961 -0.000001
v -1.686450 6.843129 -0.000001
v -0.546298 6.915387 -0.137192
v -0.609698 5.615961 -0.000001
v -0.546298 5.543698 -0.137192
v -0.609698 6.843129 -0.000001
v -2.261523 7.127337 -0.265210
v -2.261539 0.000001 -0.265211
v -2.238996 7.127376 -0.242689
v -2.239051 -0.000581 -0.242689
v -2.420030 7.127338 -0.265210
v -2.420020 0.000024 -0.265211
v -2.261539 0.000001 -0.265211
v -2.261523 7.127337 -0.265210
v -0.074594 9.738334 -0.220132
v -0.020073 9.516518 -0.197113
v -0.019343 9.722002 -0.174787
v -0.061636 9.504558 -0.243917
v -0.059941 9.332817 -0.223517
v -0.060844 0.000003 -0.220163
v -0.019781 9.316603 -0.181580
v -0.019828 0.000003 -0.181865
v -0.019343 9.722002 -0.174787
v 0.000013 9.518986 0.081888
v 0.000001 9.722268 0.107187
v -0.020073 9.516518 -0.197113
v 0.000001 0.000001 0.107188
v -0.000045 9.317406 0.105656
v -0.019828 0.000003 -0.181865
v -0.019781 9.316603 -0.181580
v -0.595184 9.244781 -0.221507
v -0.059941 9.332817 -0.223517
v -0.558808 9.276464 -0.265027
v -1.123849 9.035003 -0.249166
v -1.713885 8.538866 -0.220973
v -1.469781 8.804086 -0.265012
v -1.940278 8.257574 -0.265584
v -1.983338 8.118055 -0.236673
v -2.202625 7.621890 -0.264879
v -2.158417 7.689142 -0.220447
v -2.238996 7.127376 -0.242689
v -2.261523 7.127337 -0.265210
v 0.000001 9.722268 0.107187
v 0.018584 9.722032 -0.178899
v 0.077073 9.731588 -0.000073
v 0.070562 9.741807 -0.224590
v 0.817690 9.594136 -0.000001
v 0.817690 9.594136 -0.220164
v 0.557487 9.276737 -0.264980
v 0.059584 9.333759 -0.223545
v 0.664382 9.221103 -0.220757
v 1.188235 9.015605 -0.265196
v 1.245795 8.944493 -0.232023
v 1.732311 8.545470 -0.265134
v 1.717397 8.538192 -0.221167
v 2.014125 8.069480 -0.258075
v 2.202997 7.619626 -0.264911
v 2.236870 7.313773 -0.218930
v 2.239004 7.127041 -0.242690
v 2.261525 7.126994 -0.265210
v -2.442550 7.127388 -0.242690
v -2.350355 7.722196 -0.237922
v -2.441661 7.304044 -0.220165
v -2.442551 -0.000002 -0.242685
v -2.442532 0.000010 -0.220165
v -2.239051 -0.000581 -0.242689
v -2.239047 -0.000001 -0.220166
v -0.019781 9.316603 -0.181580
v -0.000045 9.317406 0.105656
v -0.059941 9.332817 -0.223517
v 0.000013 9.518986 0.081888
v -0.020073 9.516518 -0.197113
v 2.646096 7.126992 -0.220164
v 2.442538 -0.000000 -0.220164
v 2.646096 -0.000000 -0.220163
v 2.441355 7.296108 -0.220069
v 2.613520 7.491488 -0.220164
v 2.350289 7.722484 -0.237859
v 2.516589 7.895236 -0.220164
v 2.357691 8.278848 -0.220164
v 2.102860 8.326612 -0.224252
v 2.140739 8.632881 -0.220164
v 1.871074 8.948619 -0.220164
v 1.622280 8.903203 -0.224453
v 1.555338 9.218282 -0.220164
v 1.201304 9.435236 -0.220164
v 1.105466 9.244420 -0.226262
v 0.555004 9.445272 -0.243054
v 0.817690 9.594136 -0.220164
v 0.070562 9.741807 -0.224590
v 0.064196 9.501409 -0.237711
v 0.546300 8.758883 -0.137192
v 0.962008 8.667206 -0.220033
v 0.463329 8.883059 -0.220164
v 0.950683 8.576445 -0.137414
v 1.308918 8.386472 -0.220164
v 1.348580 8.229483 -0.137115
v 1.667409 7.913145 -0.219865
v 1.627824 7.784673 -0.137406
v 1.746355 7.357344 -0.137192
v 1.852003 7.274372 -0.220164
v 0.950683 8.576445 -0.137414
v 0.546300 8.758883 -0.137192
v 0.613037 8.685741 -0.000001
v 0.977755 8.520707 0.000312
v 1.348580 8.229483 -0.137115
v 1.330368 8.211737 0.000042
v 1.579285 7.817322 0.000322
v 1.627824 7.784673 -0.137406
v 1.686656 7.431873 -0.000001
v 1.746355 7.357344 -0.137192
v 2.261535 0.000016 -0.265211
v 2.442538 -0.000196 -0.242695
v 2.420022 -0.000001 -0.265210
v 2.239004 0.000111 -0.242684
v 2.261525 7.126994 -0.265210
v 2.239004 7.127041 -0.242690
v 2.350289 7.722484 -0.237859
v 2.261525 7.126994 -0.265210
v 2.420031 7.126994 -0.265210
v 2.202997 7.619626 -0.264911
v 2.156201 8.176186 -0.265210
v 2.014125 8.069480 -0.258075
v 1.846974 8.654469 -0.263088
v 1.732311 8.545470 -0.265134
v 1.272927 9.152633 -0.264685
v 1.188235 9.015605 -0.265196
v 0.555004 9.445272 -0.243054
v 0.557487 9.276737 -0.264980
v 0.059584 9.333759 -0.223545
v 0.064196 9.501409 -0.237711
v 2.350289 7.722484 -0.237859
v 2.442553 7.127010 -0.242688
v 2.441355 7.296108 -0.220069
v 2.442538 -0.000000 -0.220164
v 2.442538 -0.000196 -0.242695
v 2.442538 -0.000196 -0.242695
v 2.239053 0.000001 -0.220165
v 2.442538 -0.000000 -0.220164
v 2.239004 0.000111 -0.242684
v 2.236870 7.313773 -0.218930
v 2.239004 7.127041 -0.242690
v 0.059584 9.333759 -0.223545
v 0.000045 9.317396 0.105656
v 0.019709 9.316669 -0.181584
v -0.000026 9.519002 0.081891
v 0.020325 9.515728 -0.197768
v -0.817688 9.594136 -0.220164
v -0.074594 9.738334 -0.220132
v -0.820117 9.603004 -0.000001
v -0.074815 9.717761 -0.000001
v -0.019343 9.722002 -0.174787
v 0.000001 9.722268 0.107187
v -0.463326 8.883058 -0.220164
v -0.962013 8.667202 -0.220033
v -0.546298 8.758883 -0.137192
v -0.950693 8.576437 -0.137414
v -1.308916 8.386472 -0.220164
v -1.348585 8.229474 -0.137115
v -1.667389 7.913128 -0.219922
v -1.627825 7.784666 -0.137406
v -1.746354 7.357344 -0.137192
v -1.852003 7.274372 -0.220164
v -1.627825 7.784666 -0.137406
v -1.746354 7.357344 -0.137192
v -1.686655 7.431873 -0.000001
v -1.579285 7.817318 0.000322
v -1.348585 8.229474 -0.137115
v -1.330370 8.211733 0.000042
v -0.977760 8.520703 0.000312
v -0.950693 8.576437 -0.137414
v -0.613035 8.685741 -0.000001
v -0.546298 8.758883 -0.137192
v -2.420020 0.000024 -0.265211
v -2.239051 -0.000581 -0.242689
v -2.261539 0.000001 -0.265211
v -2.442551 -0.000002 -0.242685
v -2.420030 7.127338 -0.265210
v -2.442550 7.127388 -0.242690
v -2.350355 7.722196 -0.237922
v -2.420030 7.127338 -0.265210
v -2.261523 7.127337 -0.265210
v -2.202625 7.621890 -0.264879
v -2.156200 8.176186 -0.265210
v -1.940278 8.257574 -0.265584
v -1.839336 8.664515 -0.264373
v -1.469781 8.804086 -0.265012
v -1.270712 9.153500 -0.264665
v -1.123849 9.035003 -0.249166
v -0.558808 9.276464 -0.265027
v -0.550039 9.444047 -0.240501
v -0.059941 9.332817 -0.223517
v -0.061636 9.504558 -0.243917
v -2.158417 7.689142 -0.220447
v -2.238996 7.127376 -0.242689
v -2.238138 7.276327 -0.220203
v -2.239047 -0.000001 -0.220166
v -2.239051 -0.000581 -0.242689
v 0.613037 8.685741 -0.000001
v 0.613037 7.431873 -0.000001
v 0.977755 8.520707 0.000312
v 1.330368 8.211737 0.000042
v 1.579285 7.817322 0.000322
v 1.686656 7.431873 -0.000001
v -2.441661 7.304044 -0.220165
v -2.646096 0.000002 -0.220163
v -2.442532 0.000010 -0.220165
v -2.646096 7.127336 -0.220164
v -2.613519 7.491488 -0.220164
v -2.350355 7.722196 -0.237922
v -2.516587 7.895236 -0.220164
v -2.357689 8.278848 -0.220164
v -2.107708 8.314731 -0.224476
v -2.140737 8.632887 -0.220164
v -1.871072 8.948619 -0.220164
v -1.628779 8.899764 -0.223125
v -1.555336 9.218287 -0.220164
v -1.108792 9.242672 -0.224516
v -1.201302 9.435236 -0.220164
v -0.550039 9.444047 -0.240501
v -0.817688 9.594136 -0.220164
v -0.074594 9.738334 -0.220132
v -0.061636 9.504558 -0.243917
v -0.613035 8.685741 -0.000001
v -0.977760 8.520703 0.000312
v -0.613035 7.431873 -0.000001
v -1.330370 8.211733 0.000042
v -1.579285 7.817318 0.000322
v -1.686655 7.431873 -0.000001
v 1.717397 8.538192 -0.221167
v 2.236870 7.313773 -0.218930
v 2.014125 8.069480 -0.258075
v 1.667409 7.913145 -0.219865
v 1.308918 8.386472 -0.220164
v 1.852003 7.274372 -0.220164
v 0.962008 8.667206 -0.220033
v 2.239053 0.000001 -0.220165
v 0.664382 9.221103 -0.220757
v 1.245795 8.944493 -0.232023
v 0.463329 8.883059 -0.220164
v 0.059584 9.333759 -0.223545
v 0.463328 6.998361 -0.220164
v 0.463328 7.274371 -0.220164
v 0.060846 0.000003 -0.220163
v 1.831414 6.998361 -0.220164
v 1.830725 5.460731 -0.220164
v 1.830568 5.419220 -0.220164
v 0.463328 5.460731 -0.220164
v 0.463328 5.419220 -0.220164
v 1.830342 3.619095 -0.220163
v 0.463328 3.619096 -0.220163
v 1.830158 3.577588 -0.220163
v 0.463328 3.577588 -0.220163
v 1.829931 1.787707 -0.220163
v 0.463328 1.787707 -0.220163
v 1.829749 1.746197 -0.220163
v 1.829520 0.124482 -0.220163
v 0.463328 1.746197 -0.220163
v 0.463328 0.124482 -0.220163
v -1.123849 9.035003 -0.249166
v -1.713885 8.538866 -0.220973
v -0.595184 9.244781 -0.221507
v -0.962013 8.667202 -0.220033
v -0.463326 8.883058 -0.220164
v -1.308916 8.386472 -0.220164
v -0.059941 9.332817 -0.223517
v -1.667389 7.913128 -0.219922
v -0.463326 7.274371 -0.220164
v -2.158417 7.689142 -0.220447
v -1.983338 8.118055 -0.236673
v -1.852003 7.274372 -0.220164
v -2.238138 7.276327 -0.220203
v -0.060844 0.000003 -0.220163
v -1.832823 5.419221 -0.220163
v -2.239047 -0.000001 -0.220166
v -0.463326 6.998361 -0.220164
v -1.832822 6.998361 -0.220164
v -0.463326 5.460731 -0.220164
v -1.832822 5.460731 -0.220164
v -0.463326 5.419220 -0.220164
v -0.463326 3.619096 -0.220163
v -1.832822 0.124482 -0.220163
v -0.463326 0.124482 -0.220163
v -1.832822 1.746197 -0.220163
v -0.463326 1.746197 -0.220163
v -1.832822 1.787707 -0.220163
v -1.832822 3.577588 -0.220163
v -0.463326 1.787707 -0.220163
v -1.832822 3.619095 -0.220163
v -0.463326 3.577588 -0.220163
vt 0.875977 0.956390
vt 0.883789 0.963715
vt 0.882812 0.967285
vt 0.139526 0.962708
vt 0.145996 0.953735
vt 0.141479 0.965912
vt 0.966797 0.794434
vt 0.966797 0.757446
vt 0.968750 0.757324
vt 0.959961 0.824097
vt 0.960938 0.834229
vt 0.950684 0.857788
vt 0.945312 0.877808
vt 0.931641 0.900635
vt 0.927734 0.911804
vt 0.906250 0.941040
vt 0.037659 0.768188
vt 0.038666 0.805298
vt 0.035675 0.768188
vt 0.046295 0.844116
vt 0.046570 0.834717
vt 0.058533 0.868652
vt 0.064758 0.887207
vt 0.081360 0.908875
vt 0.086670 0.919250
vt 0.113159 0.945282
vt 0.086243 0.197266
vt 0.153320 0.115723
vt 0.153320 0.197266
vt 0.086243 0.115723
vt 0.147583 0.100098
vt 0.214966 0.009277
vt 0.214722 0.100098
vt 0.147827 0.009277
vt 0.075928 0.100586
vt 0.143066 0.009277
vt 0.143066 0.100586
vt 0.075928 0.009277
vt 0.235229 0.192383
vt 0.302246 0.115234
vt 0.302490 0.192383
vt 0.235229 0.115234
vt 0.789062 0.070312
vt 0.763184 0.069824
vt 0.763184 0.056152
vt 0.789062 0.056641
vt 0.814941 0.070312
vt 0.789062 0.070312
vt 0.789062 0.056641
vt 0.814941 0.056641
vt 0.840820 0.070312
vt 0.814941 0.070312
vt 0.814941 0.056641
vt 0.840820 0.056641
vt 0.866699 0.070801
vt 0.840820 0.070312
vt 0.840820 0.056641
vt 0.866699 0.056641
vt 0.892578 0.070801
vt 0.866699 0.070801
vt 0.866699 0.056641
vt 0.892578 0.057129
vt 0.918457 0.070801
vt 0.892578 0.070801
vt 0.892578 0.057129
vt 0.918945 0.057129
vt 0.944824 0.071289
vt 0.918457 0.070801
vt 0.918945 0.057129
vt 0.944824 0.057129
vt 0.763184 0.069824
vt 0.740234 0.069824
vt 0.740234 0.056152
vt 0.763184 0.056152
vt 0.740234 0.069824
vt 0.294922 0.067383
vt 0.294922 0.053711
vt 0.740234 0.056152
vt 0.807129 0.909241
vt 0.808594 0.805908
vt 0.814453 0.901184
vt 0.815430 0.812500
vt 0.808594 0.805908
vt 0.895020 0.814209
vt 0.815430 0.812500
vt 0.902832 0.807373
vt 0.808594 0.788574
vt 0.807617 0.686279
vt 0.814941 0.782104
vt 0.814453 0.692871
vt 0.895508 0.783203
vt 0.808594 0.788574
vt 0.814941 0.782104
vt 0.902344 0.789917
vt 0.895508 0.783203
vt 0.904297 0.686523
vt 0.902344 0.789917
vt 0.896973 0.693115
vt 0.806152 0.441895
vt 0.812012 0.340332
vt 0.812988 0.435547
vt 0.805176 0.333984
vt 0.805176 0.333984
vt 0.900879 0.333008
vt 0.812012 0.340332
vt 0.894043 0.339355
vt 0.900879 0.333008
vt 0.895508 0.434570
vt 0.894043 0.339355
vt 0.902344 0.440918
vt 0.895508 0.434570
vt 0.806152 0.441895
vt 0.812988 0.435547
vt 0.902344 0.440918
vt 0.807129 0.562500
vt 0.812988 0.450684
vt 0.813965 0.556152
vt 0.806152 0.444336
vt 0.806152 0.444336
vt 0.902344 0.443359
vt 0.812988 0.450684
vt 0.895508 0.450195
vt 0.902344 0.443359
vt 0.903809 0.562012
vt 0.895508 0.450195
vt 0.896973 0.555420
vt 0.896973 0.555420
vt 0.807129 0.562500
vt 0.813965 0.556152
vt 0.903809 0.562012
vt 0.807617 0.683838
vt 0.807129 0.565186
vt 0.814453 0.677246
vt 0.813965 0.571533
vt 0.807129 0.565186
vt 0.903809 0.564453
vt 0.813965 0.571533
vt 0.896973 0.571045
vt 0.903809 0.564453
vt 0.897461 0.677490
vt 0.896973 0.571045
vt 0.904297 0.684082
vt 0.897461 0.677490
vt 0.807617 0.683838
vt 0.814453 0.677246
vt 0.904297 0.684082
vt 0.807617 0.686279
vt 0.904297 0.686523
vt 0.814453 0.692871
vt 0.896973 0.693115
vt 0.895020 0.814209
vt 0.823242 0.820190
vt 0.815430 0.812500
vt 0.888672 0.822876
vt 0.814941 0.782104
vt 0.888184 0.775635
vt 0.895508 0.783203
vt 0.822754 0.774536
vt 0.814453 0.901184
vt 0.815430 0.812500
vt 0.823242 0.820190
vt 0.822754 0.895325
vt 0.894043 0.339355
vt 0.819824 0.347656
vt 0.812012 0.340332
vt 0.886230 0.347168
vt 0.812988 0.435547
vt 0.812012 0.340332
vt 0.819824 0.347656
vt 0.820312 0.427734
vt 0.895508 0.434570
vt 0.886230 0.347168
vt 0.894043 0.339355
vt 0.887207 0.426758
vt 0.895508 0.450195
vt 0.821289 0.458496
vt 0.812988 0.450684
vt 0.887695 0.458008
vt 0.812988 0.435547
vt 0.887207 0.426758
vt 0.895508 0.434570
vt 0.820312 0.427734
vt 0.812988 0.450684
vt 0.821777 0.547852
vt 0.813965 0.556152
vt 0.821289 0.458496
vt 0.895508 0.450195
vt 0.896973 0.555420
vt 0.888672 0.547852
vt 0.887695 0.458008
vt 0.896973 0.571045
vt 0.822266 0.579346
vt 0.813965 0.571533
vt 0.889160 0.579102
vt 0.813965 0.556152
vt 0.888672 0.547852
vt 0.896973 0.555420
vt 0.821777 0.547852
vt 0.814453 0.677246
vt 0.813965 0.571533
vt 0.822266 0.579346
vt 0.822266 0.669189
vt 0.897461 0.677490
vt 0.889160 0.579102
vt 0.896973 0.571045
vt 0.889160 0.669678
vt 0.896973 0.693115
vt 0.822754 0.700195
vt 0.814453 0.692871
vt 0.889648 0.700684
vt 0.814453 0.677246
vt 0.889160 0.669678
vt 0.897461 0.677490
vt 0.822266 0.669189
vt 0.814941 0.782104
vt 0.814453 0.692871
vt 0.822754 0.700195
vt 0.822754 0.774536
vt 0.895508 0.783203
vt 0.889648 0.700684
vt 0.896973 0.693115
vt 0.888184 0.775635
vt 0.966309 0.757446
vt 0.957031 0.311035
vt 0.968262 0.757446
vt 0.955078 0.311523
vt 0.945312 0.311523
vt 0.955078 0.311523
vt 0.956055 0.757812
vt 0.966309 0.757446
vt 0.837891 0.993923
vt 0.838379 0.981018
vt 0.842285 0.995037
vt 0.841797 0.979935
vt 0.782715 0.939636
vt 0.779785 0.939331
vt 0.779785 0.326660
vt 0.776367 0.326660
vt 0.401611 0.027344
vt 0.388672 0.026367
vt 0.401367 0.009766
vt 0.388672 0.008301
vt 0.996094 0.007812
vt 0.996094 0.025879
vt 0.413818 0.008301
vt 0.414062 0.026367
vt 0.011559 0.196777
vt 0.011475 0.115234
vt 0.078857 0.196289
vt 0.078735 0.115234
vt 0.222168 0.100098
vt 0.222168 0.009277
vt 0.289307 0.100098
vt 0.289307 0.009277
vt 0.004807 0.100586
vt 0.072083 0.009277
vt 0.072083 0.100586
vt 0.004807 0.009277
vt 0.229858 0.193359
vt 0.162476 0.116699
vt 0.229858 0.116699
vt 0.162476 0.193359
vt 0.372803 0.047363
vt 0.346924 0.047363
vt 0.346924 0.033691
vt 0.372803 0.033691
vt 0.398682 0.047363
vt 0.372803 0.047363
vt 0.372803 0.033691
vt 0.398682 0.033691
vt 0.424805 0.047363
vt 0.398682 0.047363
vt 0.398682 0.033691
vt 0.424805 0.033691
vt 0.450684 0.047363
vt 0.424805 0.047363
vt 0.424805 0.033691
vt 0.450684 0.033691
vt 0.476562 0.047363
vt 0.450684 0.047363
vt 0.450684 0.033691
vt 0.476562 0.033691
vt 0.502441 0.047363
vt 0.476562 0.047363
vt 0.476562 0.033691
vt 0.502441 0.033691
vt 0.528320 0.047363
vt 0.502441 0.047363
vt 0.502441 0.033691
vt 0.528320 0.033691
vt 0.551270 0.047363
vt 0.528320 0.047363
vt 0.528320 0.033691
vt 0.551270 0.033691
vt 0.996582 0.047852
vt 0.551270 0.047363
vt 0.551270 0.033691
vt 0.996582 0.034180
vt 0.094604 0.806763
vt 0.188721 0.804932
vt 0.102356 0.813599
vt 0.182007 0.811646
vt 0.188721 0.804932
vt 0.183350 0.900208
vt 0.182007 0.811646
vt 0.190552 0.908264
vt 0.182129 0.781128
vt 0.189575 0.685547
vt 0.188721 0.787598
vt 0.182739 0.692139
vt 0.188721 0.787598
vt 0.095032 0.789307
vt 0.182129 0.781128
vt 0.101624 0.782593
vt 0.095032 0.789307
vt 0.093079 0.685547
vt 0.101624 0.782593
vt 0.099976 0.692139
vt 0.095093 0.439941
vt 0.096924 0.332031
vt 0.102112 0.433594
vt 0.103577 0.338379
vt 0.096924 0.332031
vt 0.192505 0.333008
vt 0.103577 0.338379
vt 0.185669 0.339355
vt 0.191772 0.440918
vt 0.185669 0.339355
vt 0.192505 0.333008
vt 0.184937 0.434570
vt 0.184937 0.434570
vt 0.095093 0.439941
vt 0.102112 0.433594
vt 0.191772 0.440918
vt 0.093628 0.561035
vt 0.101868 0.449219
vt 0.100647 0.554688
vt 0.095032 0.442383
vt 0.095032 0.442383
vt 0.191650 0.443848
vt 0.101868 0.449219
vt 0.184692 0.450195
vt 0.190674 0.561768
vt 0.184692 0.450195
vt 0.191650 0.443848
vt 0.183838 0.555176
vt 0.183838 0.555176
vt 0.093628 0.561035
vt 0.100647 0.554688
vt 0.190674 0.561768
vt 0.093079 0.683105
vt 0.093628 0.563721
vt 0.099976 0.676514
vt 0.100464 0.570312
vt 0.093628 0.563721
vt 0.190674 0.564453
vt 0.100464 0.570312
vt 0.183716 0.570801
vt 0.190674 0.564453
vt 0.182861 0.676514
vt 0.183716 0.570801
vt 0.189697 0.683105
vt 0.099976 0.676514
vt 0.189697 0.683105
vt 0.093079 0.683105
vt 0.182861 0.676514
vt 0.093079 0.685547
vt 0.189575 0.685547
vt 0.099976 0.692139
vt 0.182739 0.692139
vt 0.102356 0.813599
vt 0.182007 0.811646
vt 0.174194 0.819336
vt 0.108276 0.822144
vt 0.182129 0.781128
vt 0.101624 0.782593
vt 0.109009 0.774658
vt 0.174316 0.773804
vt 0.183350 0.900208
vt 0.174194 0.819336
vt 0.182007 0.811646
vt 0.174683 0.894531
vt 0.185669 0.339355
vt 0.111389 0.346191
vt 0.103577 0.338379
vt 0.177856 0.347168
vt 0.102112 0.433594
vt 0.103577 0.338379
vt 0.111389 0.346191
vt 0.109985 0.425781
vt 0.184937 0.434570
vt 0.177856 0.347168
vt 0.185669 0.339355
vt 0.177002 0.426758
vt 0.184692 0.450195
vt 0.109863 0.457031
vt 0.101868 0.449219
vt 0.176758 0.458008
vt 0.184937 0.434570
vt 0.102112 0.433594
vt 0.109985 0.425781
vt 0.177002 0.426758
vt 0.101868 0.449219
vt 0.108704 0.546631
vt 0.100647 0.554688
vt 0.109863 0.457031
vt 0.184692 0.450195
vt 0.183838 0.555176
vt 0.175781 0.547363
vt 0.176758 0.458008
vt 0.183716 0.570801
vt 0.108521 0.578125
vt 0.100464 0.570312
vt 0.175659 0.578857
vt 0.183838 0.555176
vt 0.100647 0.554688
vt 0.108704 0.546631
vt 0.175781 0.547363
vt 0.099976 0.676514
vt 0.100464 0.570312
vt 0.108521 0.578125
vt 0.107971 0.668457
vt 0.182861 0.676514
vt 0.175659 0.578857
vt 0.183716 0.570801
vt 0.174805 0.668701
vt 0.182739 0.692139
vt 0.107910 0.699463
vt 0.099976 0.692139
vt 0.174927 0.699707
vt 0.182861 0.676514
vt 0.099976 0.676514
vt 0.107971 0.668457
vt 0.174805 0.668701
vt 0.101624 0.782593
vt 0.099976 0.692139
vt 0.107910 0.699463
vt 0.109009 0.774658
vt 0.182129 0.781128
vt 0.174927 0.699707
vt 0.182739 0.692139
vt 0.174316 0.773804
vt 0.048248 0.768433
vt 0.048584 0.322266
vt 0.050537 0.768433
vt 0.050446 0.321777
vt 0.038300 0.768311
vt 0.038696 0.322266
vt 0.048767 0.322266
vt 0.048340 0.768433
vt 0.174316 0.997581
vt 0.177856 0.983749
vt 0.178711 0.996611
vt 0.174194 0.982941
vt 0.214355 0.938568
vt 0.218018 0.326172
vt 0.217529 0.938049
vt 0.221558 0.326172
vt 0.388672 0.075195
vt 0.401367 0.091309
vt 0.388672 0.092773
vt 0.401611 0.073730
vt 0.996094 0.092773
vt 0.414062 0.092773
vt 0.996094 0.074707
vt 0.414062 0.074707
vt 0.118286 0.930847
vt 0.145142 0.951813
vt 0.118408 0.934753
vt 0.093018 0.905457
vt 0.069397 0.862915
vt 0.077393 0.884277
vt 0.058746 0.842529
vt 0.058716 0.833252
vt 0.049438 0.800049
vt 0.052948 0.804443
vt 0.049591 0.768433
vt 0.047607 0.768433
vt 0.996582 0.050781
vt 0.995117 0.068848
vt 0.991699 0.057617
vt 0.992188 0.071777
vt 0.944824 0.057129
vt 0.944824 0.071289
vt 0.899414 0.931946
vt 0.876465 0.954224
vt 0.901367 0.924377
vt 0.923340 0.895874
vt 0.923340 0.889832
vt 0.941406 0.854004
vt 0.938965 0.853516
vt 0.949707 0.819946
vt 0.955566 0.789429
vt 0.954590 0.770020
vt 0.954590 0.757935
vt 0.956543 0.757812
vt 0.036285 0.768188
vt 0.038025 0.805420
vt 0.035034 0.779297
vt 0.036774 0.322266
vt 0.035187 0.321777
vt 0.049957 0.321777
vt 0.051300 0.321777
vt 0.414062 0.074707
vt 0.414062 0.092773
vt 0.413086 0.071777
vt 0.401367 0.091309
vt 0.401611 0.073730
vt 0.998535 0.827515
vt 0.974121 0.382812
vt 0.986816 0.382324
vt 0.986328 0.838379
vt 0.997070 0.850342
vt 0.980957 0.865234
vt 0.991699 0.875671
vt 0.982422 0.899902
vt 0.966797 0.903259
vt 0.969727 0.922363
vt 0.953125 0.942535
vt 0.937500 0.940094
vt 0.934082 0.959869
vt 0.912109 0.974045
vt 0.905762 0.962280
vt 0.872070 0.975677
vt 0.888672 0.984604
vt 0.842285 0.994991
vt 0.841309 0.979980
vt 0.814453 0.901184
vt 0.845703 0.903809
vt 0.807129 0.909241
vt 0.845703 0.896240
vt 0.871094 0.886353
vt 0.873047 0.874756
vt 0.896484 0.854980
vt 0.891602 0.845703
vt 0.895020 0.814209
vt 0.902832 0.807373
vt 0.845703 0.896179
vt 0.814453 0.901184
vt 0.822754 0.895325
vt 0.844727 0.886658
vt 0.873047 0.874878
vt 0.866699 0.868774
vt 0.882324 0.845337
vt 0.891602 0.845703
vt 0.888672 0.822876
vt 0.895020 0.814209
vt 0.945312 0.311523
vt 0.957031 0.311035
vt 0.955078 0.311523
vt 0.943359 0.311523
vt 0.956055 0.757812
vt 0.954102 0.757812
vt 0.965820 0.794556
vt 0.956543 0.757812
vt 0.966797 0.757446
vt 0.955566 0.789429
vt 0.959961 0.824097
vt 0.949707 0.819946
vt 0.950684 0.857910
vt 0.941895 0.854126
vt 0.931641 0.900757
vt 0.923340 0.895874
vt 0.905273 0.940460
vt 0.899414 0.932129
vt 0.877930 0.955536
vt 0.884766 0.962738
vt 0.967285 0.794556
vt 0.968262 0.757446
vt 0.970215 0.767944
vt 0.958496 0.311035
vt 0.957031 0.311035
vt 0.957031 0.311035
vt 0.941895 0.311523
vt 0.958496 0.310547
vt 0.943359 0.311523
vt 0.953125 0.769531
vt 0.954590 0.757812
vt 0.413086 0.029297
vt 0.413818 0.008301
vt 0.414062 0.026367
vt 0.401367 0.009766
vt 0.401611 0.027344
vt 0.346924 0.047363
vt 0.299561 0.047363
vt 0.346924 0.033691
vt 0.299561 0.033691
vt 0.296143 0.044434
vt 0.294922 0.026855
vt 0.190552 0.908264
vt 0.151855 0.903015
vt 0.183350 0.900208
vt 0.151978 0.895386
vt 0.126587 0.885742
vt 0.124573 0.874023
vt 0.101135 0.854248
vt 0.105835 0.844971
vt 0.102356 0.813599
vt 0.094604 0.806763
vt 0.105835 0.844971
vt 0.102356 0.813599
vt 0.108276 0.822144
vt 0.115234 0.844482
vt 0.124512 0.874146
vt 0.130981 0.868164
vt 0.153076 0.885864
vt 0.152100 0.895386
vt 0.174683 0.894531
vt 0.183350 0.900208
vt 0.038574 0.322266
vt 0.049957 0.321777
vt 0.048004 0.322266
vt 0.036774 0.322266
vt 0.038513 0.768188
vt 0.036377 0.768188
vt 0.039612 0.805298
vt 0.037659 0.768188
vt 0.047607 0.768433
vt 0.049316 0.800049
vt 0.046570 0.834717
vt 0.058777 0.842529
vt 0.058319 0.868774
vt 0.077515 0.884216
vt 0.081177 0.908936
vt 0.092407 0.905823
vt 0.118347 0.934753
vt 0.113953 0.944427
vt 0.143677 0.953369
vt 0.138672 0.962189
vt 0.053040 0.804321
vt 0.050537 0.768433
vt 0.051636 0.777832
vt 0.051941 0.321777
vt 0.050446 0.321777
vt 0.082214 0.287598
vt 0.080994 0.209473
vt 0.104858 0.277344
vt 0.126587 0.257324
vt 0.141724 0.232422
vt 0.148071 0.208496
vt 0.027176 0.844604
vt 0.017120 0.388184
vt 0.029831 0.388184
vt 0.014458 0.833496
vt 0.016373 0.856201
vt 0.032715 0.870728
vt 0.022263 0.881470
vt 0.032074 0.905518
vt 0.047668 0.907898
vt 0.045502 0.927734
vt 0.062225 0.947540
vt 0.077393 0.944580
vt 0.081848 0.964508
vt 0.109741 0.966217
vt 0.103882 0.978210
vt 0.144653 0.978973
vt 0.127808 0.988297
vt 0.174194 0.997559
vt 0.175049 0.982986
vt 0.071289 0.288086
vt 0.048523 0.277344
vt 0.071350 0.209473
vt 0.026505 0.258301
vt 0.010963 0.233398
vt 0.004257 0.209473
vt 0.896973 0.897095
vt 0.929688 0.809937
vt 0.917969 0.863281
vt 0.895508 0.854614
vt 0.871094 0.886353
vt 0.903809 0.807739
vt 0.845215 0.903259
vt 0.927734 0.324707
vt 0.817383 0.932861
vt 0.861328 0.922119
vt 0.807129 0.909241
vt 0.782715 0.939758
vt 0.808594 0.788086
vt 0.808594 0.805908
vt 0.779785 0.326660
vt 0.902344 0.789917
vt 0.904297 0.686523
vt 0.904297 0.684082
vt 0.807617 0.686279
vt 0.807617 0.683838
vt 0.903809 0.564453
vt 0.807129 0.565186
vt 0.903809 0.562012
vt 0.807129 0.562500
vt 0.902344 0.443359
vt 0.806152 0.444336
vt 0.902344 0.440918
vt 0.900879 0.333008
vt 0.806152 0.441895
vt 0.805176 0.333984
vt 0.146484 0.927002
vt 0.101013 0.896790
vt 0.184692 0.933777
vt 0.152100 0.902527
vt 0.190552 0.908264
vt 0.126587 0.885742
vt 0.214844 0.938293
vt 0.101562 0.853882
vt 0.188599 0.805298
vt 0.071167 0.835205
vt 0.081909 0.865967
vt 0.094299 0.807251
vt 0.068298 0.806885
vt 0.218262 0.326172
vt 0.092468 0.683105
vt 0.070984 0.323730
vt 0.188721 0.787598
vt 0.095032 0.789307
vt 0.189575 0.685547
vt 0.093079 0.685547
vt 0.189697 0.683105
vt 0.190674 0.564453
vt 0.096924 0.332031
vt 0.192505 0.333008
vt 0.095093 0.439941
vt 0.191772 0.440918
vt 0.095032 0.442383
vt 0.093628 0.561035
vt 0.191650 0.443848
vt 0.093628 0.563721
vt 0.190674 0.561768
vt1 0.576660 0.050781
vt1 0.586426 0.041992
vt1 0.585449 0.037598
vt1 0.632812 0.986450
vt1 0.625000 0.975388
vt1 0.630371 0.990387
vt1 0.688477 0.250488
vt1 0.688477 0.296387
vt1 0.690918 0.296387
vt1 0.680176 0.213867
vt1 0.681152 0.201660
vt1 0.668457 0.172363
vt1 0.662109 0.147949
vt1 0.645508 0.119629
vt1 0.640625 0.105957
vt1 0.614258 0.069824
vt1 0.758301 0.746826
vt1 0.756836 0.792358
vt1 0.760742 0.746826
vt1 0.747559 0.840210
vt1 0.747559 0.828613
vt1 0.732422 0.870483
vt1 0.725098 0.893372
vt1 0.704590 0.920105
vt1 0.697754 0.932861
vt1 0.665527 0.964966
vt1 0.120911 0.185547
vt1 0.203491 0.085449
vt1 0.203491 0.185547
vt1 0.120972 0.085449
vt1 0.056671 0.538086
vt1 0.168213 0.621094
vt1 0.056427 0.620850
vt1 0.168457 0.538330
vt1 0.056427 0.651367
vt1 0.168823 0.733887
vt1 0.056427 0.733887
vt1 0.168823 0.651367
vt1 0.443359 0.217773
vt1 0.525879 0.123535
vt1 0.525879 0.217773
vt1 0.443359 0.123535
vt1 0.832031 0.736328
vt1 0.832031 0.704346
vt1 0.849121 0.704346
vt1 0.848633 0.736328
vt1 0.831543 0.768188
vt1 0.832031 0.736328
vt1 0.848633 0.736328
vt1 0.848633 0.768311
vt1 0.831543 0.800049
vt1 0.831543 0.768188
vt1 0.848633 0.768311
vt1 0.848633 0.800293
vt1 0.831543 0.832031
vt1 0.831543 0.800049
vt1 0.848633 0.800293
vt1 0.848145 0.832153
vt1 0.831055 0.863892
vt1 0.831543 0.832031
vt1 0.848145 0.832153
vt1 0.848145 0.864136
vt1 0.831055 0.895874
vt1 0.831055 0.863892
vt1 0.848145 0.864136
vt1 0.847656 0.895935
vt1 0.830566 0.927856
vt1 0.831055 0.895874
vt1 0.847656 0.895935
vt1 0.847656 0.927979
vt1 0.832031 0.704346
vt1 0.832031 0.676270
vt1 0.849121 0.676270
vt1 0.849121 0.704346
vt1 0.832031 0.676270
vt1 0.835449 0.127930
vt1 0.852539 0.127930
vt1 0.849121 0.676270
vt1 0.482178 0.960205
vt1 0.483887 0.832153
vt1 0.490967 0.950165
vt1 0.492188 0.840332
vt1 0.483887 0.832153
vt1 0.590820 0.842407
vt1 0.492188 0.840332
vt1 0.600586 0.833984
vt1 0.483643 0.810669
vt1 0.482910 0.683838
vt1 0.491943 0.802612
vt1 0.491455 0.691895
vt1 0.591797 0.804077
vt1 0.483643 0.810669
vt1 0.491943 0.802612
vt1 0.600098 0.812378
vt1 0.591797 0.804077
vt1 0.602539 0.684326
vt1 0.600098 0.812378
vt1 0.593750 0.692383
vt1 0.480713 0.381348
vt1 0.488281 0.255371
vt1 0.489258 0.373047
vt1 0.479736 0.247070
vt1 0.479736 0.247070
vt1 0.598145 0.246094
vt1 0.488281 0.255371
vt1 0.589844 0.253906
vt1 0.598145 0.246094
vt1 0.591797 0.371582
vt1 0.589844 0.253906
vt1 0.600586 0.379883
vt1 0.591797 0.371582
vt1 0.480713 0.381348
vt1 0.489258 0.373047
vt1 0.600586 0.379883
vt1 0.481934 0.530762
vt1 0.489258 0.392090
vt1 0.490479 0.522705
vt1 0.480713 0.384277
vt1 0.480713 0.384277
vt1 0.600586 0.382812
vt1 0.489258 0.392090
vt1 0.592285 0.391113
vt1 0.600586 0.382812
vt1 0.602051 0.529785
vt1 0.592285 0.391113
vt1 0.593750 0.521973
vt1 0.593750 0.521973
vt1 0.481934 0.530762
vt1 0.490479 0.522705
vt1 0.602051 0.529785
vt1 0.482910 0.680664
vt1 0.481934 0.533936
vt1 0.491455 0.672852
vt1 0.490723 0.541748
vt1 0.481934 0.533936
vt1 0.602051 0.532959
vt1 0.490723 0.541748
vt1 0.593750 0.541016
vt1 0.602051 0.532959
vt1 0.594238 0.673096
vt1 0.593750 0.541016
vt1 0.602539 0.681152
vt1 0.594238 0.673096
vt1 0.482910 0.680664
vt1 0.491455 0.672852
vt1 0.602539 0.681152
vt1 0.482910 0.683838
vt1 0.602539 0.684326
vt1 0.491455 0.691895
vt1 0.593750 0.692383
vt1 0.590820 0.842407
vt1 0.501953 0.849854
vt1 0.492188 0.840332
vt1 0.583496 0.853149
vt1 0.491943 0.802612
vt1 0.582520 0.794556
vt1 0.591797 0.804077
vt1 0.501465 0.793213
vt1 0.490967 0.950165
vt1 0.492188 0.840332
vt1 0.501953 0.849854
vt1 0.501465 0.942932
vt1 0.589844 0.253906
vt1 0.498291 0.264648
vt1 0.488281 0.255371
vt1 0.580566 0.263672
vt1 0.489258 0.373047
vt1 0.488281 0.255371
vt1 0.498291 0.264648
vt1 0.498779 0.363281
vt1 0.591797 0.371582
vt1 0.580566 0.263672
vt1 0.589844 0.253906
vt1 0.582031 0.362793
vt1 0.592285 0.391113
vt1 0.499512 0.401855
vt1 0.489258 0.392090
vt1 0.582520 0.401367
vt1 0.489258 0.373047
vt1 0.582031 0.362793
vt1 0.591797 0.371582
vt1 0.498779 0.363281
vt1 0.489258 0.392090
vt1 0.500000 0.512451
vt1 0.490479 0.522705
vt1 0.499512 0.401855
vt1 0.592285 0.391113
vt1 0.593750 0.521973
vt1 0.583496 0.512207
vt1 0.582520 0.401367
vt1 0.593750 0.541016
vt1 0.500488 0.551270
vt1 0.490723 0.541748
vt1 0.583984 0.551270
vt1 0.490479 0.522705
vt1 0.583496 0.512207
vt1 0.593750 0.521973
vt1 0.500000 0.512451
vt1 0.491455 0.672852
vt1 0.490723 0.541748
vt1 0.500488 0.551270
vt1 0.500977 0.662842
vt1 0.594238 0.673096
vt1 0.583984 0.551270
vt1 0.593750 0.541016
vt1 0.583984 0.663330
vt1 0.593750 0.692383
vt1 0.500977 0.701172
vt1 0.491455 0.691895
vt1 0.584473 0.701660
vt1 0.491455 0.672852
vt1 0.583984 0.663330
vt1 0.594238 0.673096
vt1 0.500977 0.662842
vt1 0.491943 0.802612
vt1 0.491455 0.691895
vt1 0.500977 0.701172
vt1 0.501465 0.793213
vt1 0.591797 0.804077
vt1 0.584473 0.701660
vt1 0.593750 0.692383
vt1 0.582520 0.794556
vt1 0.687500 0.296387
vt1 0.676758 0.846313
vt1 0.690430 0.296387
vt1 0.674316 0.846069
vt1 0.662109 0.845825
vt1 0.674316 0.846191
vt1 0.675293 0.295898
vt1 0.687988 0.296387
vt1 0.008385 0.190918
vt1 0.009087 0.206543
vt1 0.013748 0.189453
vt1 0.013420 0.208008
vt1 0.451904 0.997826
vt1 0.448242 0.997477
vt1 0.448242 0.238770
vt1 0.443848 0.238770
vt1 0.880859 0.260254
vt1 0.882324 0.244141
vt1 0.902344 0.259766
vt1 0.904297 0.244141
vt1 0.905273 0.991936
vt1 0.882812 0.991959
vt1 0.904297 0.275391
vt1 0.882324 0.275391
vt1 0.008163 0.169434
vt1 0.008064 0.069336
vt1 0.091003 0.169434
vt1 0.090881 0.069336
vt1 0.056427 0.425293
vt1 0.168213 0.425293
vt1 0.056427 0.508301
vt1 0.168213 0.508301
vt1 0.056427 0.764038
vt1 0.168823 0.846802
vt1 0.056427 0.846802
vt1 0.168823 0.764038
vt1 0.413330 0.217773
vt1 0.330566 0.123535
vt1 0.413330 0.123535
vt1 0.330566 0.217773
vt1 0.782715 0.224121
vt1 0.782715 0.191895
vt1 0.799805 0.191895
vt1 0.799805 0.224121
vt1 0.782715 0.255859
vt1 0.782715 0.224121
vt1 0.799805 0.224121
vt1 0.799805 0.255859
vt1 0.782715 0.288086
vt1 0.782715 0.255859
vt1 0.799805 0.255859
vt1 0.799805 0.288086
vt1 0.782715 0.319824
vt1 0.782715 0.288086
vt1 0.799805 0.288086
vt1 0.799316 0.319824
vt1 0.782715 0.351562
vt1 0.782715 0.319824
vt1 0.799316 0.319824
vt1 0.799316 0.351562
vt1 0.782715 0.383789
vt1 0.782715 0.351562
vt1 0.799316 0.351562
vt1 0.799316 0.383789
vt1 0.782715 0.415527
vt1 0.782715 0.383789
vt1 0.799316 0.383789
vt1 0.799316 0.415527
vt1 0.782715 0.443848
vt1 0.782715 0.415527
vt1 0.799316 0.415527
vt1 0.799316 0.443848
vt1 0.782227 0.991898
vt1 0.782715 0.443848
vt1 0.799316 0.443848
vt1 0.798828 0.991936
vt1 0.267334 0.834961
vt1 0.384277 0.832642
vt1 0.277100 0.843262
vt1 0.375977 0.840820
vt1 0.384277 0.832642
vt1 0.377686 0.950653
vt1 0.375977 0.840820
vt1 0.386719 0.960632
vt1 0.376221 0.803101
vt1 0.385498 0.684814
vt1 0.384521 0.811035
vt1 0.376953 0.692627
vt1 0.384521 0.811035
vt1 0.268066 0.813232
vt1 0.376221 0.803101
vt1 0.276123 0.804932
vt1 0.268066 0.813232
vt1 0.265625 0.684814
vt1 0.276123 0.804932
vt1 0.274170 0.692871
vt1 0.268066 0.380371
vt1 0.270264 0.246582
vt1 0.276611 0.372559
vt1 0.278564 0.254883
vt1 0.270264 0.246582
vt1 0.389160 0.248047
vt1 0.278564 0.254883
vt1 0.380615 0.255859
vt1 0.388184 0.381836
vt1 0.380615 0.255859
vt1 0.389160 0.248047
vt1 0.379639 0.373535
vt1 0.379639 0.373535
vt1 0.268066 0.380371
vt1 0.276611 0.372559
vt1 0.388184 0.381836
vt1 0.266357 0.530518
vt1 0.276367 0.391602
vt1 0.274902 0.522461
vt1 0.268066 0.383789
vt1 0.268066 0.383789
vt1 0.388184 0.384766
vt1 0.276367 0.391602
vt1 0.379395 0.393066
vt1 0.386963 0.531250
vt1 0.379395 0.393066
vt1 0.388184 0.384766
vt1 0.378418 0.523193
vt1 0.378418 0.523193
vt1 0.266357 0.530518
vt1 0.274902 0.522461
vt1 0.386963 0.531250
vt1 0.265625 0.681641
vt1 0.266113 0.533691
vt1 0.274170 0.673584
vt1 0.274658 0.541748
vt1 0.266113 0.533691
vt1 0.386963 0.534424
vt1 0.274658 0.541748
vt1 0.378174 0.542480
vt1 0.386963 0.534424
vt1 0.377197 0.673584
vt1 0.378174 0.542480
vt1 0.385498 0.681641
vt1 0.274170 0.673584
vt1 0.385498 0.681641
vt1 0.265625 0.681641
vt1 0.377197 0.673584
vt1 0.265625 0.684814
vt1 0.385498 0.684814
vt1 0.274170 0.692871
vt1 0.376953 0.692627
vt1 0.277100 0.843262
vt1 0.375977 0.840820
vt1 0.366455 0.850464
vt1 0.284424 0.854004
vt1 0.376221 0.803101
vt1 0.276123 0.804932
vt1 0.285400 0.795166
vt1 0.366699 0.794067
vt1 0.377686 0.950653
vt1 0.366455 0.850464
vt1 0.375977 0.840820
vt1 0.366943 0.943634
vt1 0.380615 0.255859
vt1 0.288330 0.264160
vt1 0.278564 0.254883
vt1 0.370850 0.265625
vt1 0.276611 0.372559
vt1 0.278564 0.254883
vt1 0.288330 0.264160
vt1 0.286621 0.362793
vt1 0.379639 0.373535
vt1 0.370850 0.265625
vt1 0.380615 0.255859
vt1 0.369873 0.364258
vt1 0.379395 0.393066
vt1 0.286377 0.401367
vt1 0.276367 0.391602
vt1 0.369629 0.402832
vt1 0.379639 0.373535
vt1 0.276611 0.372559
vt1 0.286621 0.362793
vt1 0.369873 0.364258
vt1 0.276367 0.391602
vt1 0.284912 0.512451
vt1 0.274902 0.522461
vt1 0.286377 0.401367
vt1 0.379395 0.393066
vt1 0.378418 0.523193
vt1 0.368408 0.513428
vt1 0.369629 0.402832
vt1 0.378174 0.542480
vt1 0.284668 0.551514
vt1 0.274658 0.541748
vt1 0.368164 0.552490
vt1 0.378418 0.523193
vt1 0.274902 0.522461
vt1 0.284912 0.512451
vt1 0.368408 0.513428
vt1 0.274170 0.673584
vt1 0.274658 0.541748
vt1 0.284668 0.551514
vt1 0.284180 0.663574
vt1 0.377197 0.673584
vt1 0.368164 0.552490
vt1 0.378174 0.542480
vt1 0.367188 0.663818
vt1 0.376953 0.692627
vt1 0.283936 0.701904
vt1 0.274170 0.692871
vt1 0.367432 0.702148
vt1 0.377197 0.673584
vt1 0.274170 0.673584
vt1 0.284180 0.663574
vt1 0.367188 0.663818
vt1 0.276123 0.804932
vt1 0.274170 0.692871
vt1 0.283936 0.701904
vt1 0.285400 0.795166
vt1 0.376221 0.803101
vt1 0.367432 0.702148
vt1 0.376953 0.692627
vt1 0.366699 0.794067
vt1 0.745117 0.746826
vt1 0.744629 0.196777
vt1 0.742188 0.746826
vt1 0.742676 0.196289
vt1 0.757324 0.746826
vt1 0.756836 0.196777
vt1 0.744629 0.196777
vt1 0.745117 0.746826
vt1 0.204834 0.993134
vt1 0.209229 0.976105
vt1 0.210327 0.991936
vt1 0.204712 0.975113
vt1 0.416260 0.998178
vt1 0.420898 0.239258
vt1 0.420410 0.997541
vt1 0.425293 0.239258
vt1 0.949219 0.244141
vt1 0.929199 0.259766
vt1 0.927246 0.244141
vt1 0.950684 0.260254
vt1 0.927246 0.991943
vt1 0.927734 0.275391
vt1 0.949707 0.991974
vt1 0.949707 0.275391
vt1 0.659180 0.947113
vt1 0.625977 0.972992
vt1 0.658691 0.951965
vt1 0.689941 0.915833
vt1 0.719238 0.863403
vt1 0.709473 0.889709
vt1 0.732422 0.838257
vt1 0.732422 0.826782
vt1 0.743652 0.785889
vt1 0.739258 0.791260
vt1 0.743652 0.747070
vt1 0.746094 0.747070
vt1 0.855469 0.991936
vt1 0.833496 0.990173
vt1 0.847168 0.985870
vt1 0.830078 0.986412
vt1 0.847656 0.927979
vt1 0.830566 0.927856
vt1 0.605469 0.081055
vt1 0.577148 0.053711
vt1 0.608398 0.090332
vt1 0.634766 0.125488
vt1 0.635254 0.132812
vt1 0.657227 0.177246
vt1 0.654297 0.177734
vt1 0.667969 0.219238
vt1 0.674805 0.256836
vt1 0.673340 0.280762
vt1 0.673828 0.295898
vt1 0.676270 0.295898
vt1 0.759766 0.746826
vt1 0.757812 0.792480
vt1 0.761719 0.760254
vt1 0.759277 0.196777
vt1 0.761230 0.196289
vt1 0.743164 0.196289
vt1 0.741699 0.196289
vt1 0.949707 0.275391
vt1 0.927734 0.275391
vt1 0.953125 0.273926
vt1 0.929199 0.259766
vt1 0.950684 0.259766
vt1 0.206299 0.395996
vt1 0.176147 0.943115
vt1 0.191772 0.943573
vt1 0.190918 0.382324
vt1 0.204590 0.367676
vt1 0.184814 0.349121
vt1 0.197876 0.336426
vt1 0.186523 0.306641
vt1 0.166992 0.302246
vt1 0.170532 0.278809
vt1 0.150391 0.253906
vt1 0.131226 0.257324
vt1 0.126709 0.232910
vt1 0.099915 0.215332
vt1 0.092163 0.229980
vt1 0.050232 0.213379
vt1 0.070740 0.202148
vt1 0.013649 0.189453
vt1 0.012634 0.208008
vt1 0.490967 0.950165
vt1 0.529785 0.953430
vt1 0.482178 0.960205
vt1 0.529785 0.944031
vt1 0.561523 0.931885
vt1 0.563965 0.917480
vt1 0.592773 0.892944
vt1 0.586914 0.881409
vt1 0.590820 0.842407
vt1 0.600586 0.833984
vt1 0.529785 0.944031
vt1 0.490967 0.950165
vt1 0.501465 0.942932
vt1 0.528320 0.932251
vt1 0.563965 0.917480
vt1 0.555664 0.910034
vt1 0.575195 0.880981
vt1 0.586914 0.881409
vt1 0.583496 0.853149
vt1 0.590820 0.842407
vt1 0.662109 0.845825
vt1 0.676758 0.846313
vt1 0.674316 0.846069
vt1 0.659668 0.845825
vt1 0.675781 0.295898
vt1 0.673340 0.295898
vt1 0.687012 0.250488
vt1 0.676270 0.295898
vt1 0.688477 0.296387
vt1 0.674805 0.256836
vt1 0.680176 0.213867
vt1 0.667480 0.219238
vt1 0.668945 0.172363
vt1 0.657715 0.177246
vt1 0.645508 0.119629
vt1 0.634766 0.125488
vt1 0.612793 0.070801
vt1 0.605469 0.081055
vt1 0.579102 0.051758
vt1 0.587891 0.042969
vt1 0.689453 0.250488
vt1 0.690430 0.296387
vt1 0.692383 0.283203
vt1 0.678223 0.846558
vt1 0.676758 0.846313
vt1 0.676758 0.846313
vt1 0.658203 0.845947
vt1 0.678223 0.846802
vt1 0.659668 0.845825
vt1 0.671387 0.281250
vt1 0.673340 0.295898
vt1 0.878906 0.273926
vt1 0.904297 0.275391
vt1 0.882324 0.275391
vt1 0.902344 0.259766
vt1 0.880859 0.260254
vt1 0.782715 0.191895
vt1 0.782715 0.133789
vt1 0.799805 0.191895
vt1 0.799805 0.133789
vt1 0.786133 0.129883
vt1 0.808105 0.127930
vt1 0.386719 0.960632
vt1 0.338623 0.954163
vt1 0.377686 0.950653
vt1 0.338867 0.944702
vt1 0.307373 0.932739
vt1 0.304688 0.918274
vt1 0.275635 0.893738
vt1 0.281250 0.882202
vt1 0.277100 0.843262
vt1 0.267334 0.834961
vt1 0.281494 0.882202
vt1 0.277100 0.843262
vt1 0.284424 0.854004
vt1 0.293213 0.881653
vt1 0.304688 0.918335
vt1 0.312744 0.910889
vt1 0.340088 0.932922
vt1 0.338867 0.944672
vt1 0.366943 0.943634
vt1 0.377686 0.950653
vt1 0.757324 0.196777
vt1 0.743164 0.196289
vt1 0.745605 0.196777
vt1 0.759277 0.196777
vt1 0.757324 0.746826
vt1 0.759766 0.746826
vt1 0.755859 0.792358
vt1 0.758301 0.746826
vt1 0.746094 0.747070
vt1 0.744141 0.785889
vt1 0.747559 0.828613
vt1 0.732422 0.838257
vt1 0.732910 0.870605
vt1 0.708984 0.889648
vt1 0.704590 0.920166
vt1 0.690918 0.916321
vt1 0.658691 0.951996
vt1 0.664551 0.963898
vt1 0.627930 0.974930
vt1 0.633789 0.985786
vt1 0.739258 0.791260
vt1 0.742676 0.747070
vt1 0.741211 0.758545
vt1 0.740723 0.196289
vt1 0.742676 0.196289
vt1 0.057922 0.297852
vt1 0.056427 0.394043
vt1 0.085754 0.311035
vt1 0.112549 0.334961
vt1 0.131226 0.365723
vt1 0.139038 0.395508
vt1 0.023697 0.804810
vt1 0.011330 0.242676
vt1 0.026978 0.243164
vt1 0.008049 0.791138
vt1 0.010414 0.819092
vt1 0.030548 0.837036
vt1 0.017670 0.850220
vt1 0.029724 0.879822
vt1 0.048920 0.882690
vt1 0.046265 0.907104
vt1 0.066833 0.931519
vt1 0.085510 0.927917
vt1 0.091003 0.952423
vt1 0.125366 0.954529
vt1 0.118164 0.969299
vt1 0.168335 0.970230
vt1 0.147583 0.981705
vt1 0.204712 0.993103
vt1 0.205811 0.975159
vt1 0.300049 0.121582
vt1 0.272217 0.134277
vt1 0.300293 0.217773
vt1 0.245117 0.158203
vt1 0.225952 0.188477
vt1 0.217651 0.217773
vt1 0.593262 0.945160
vt1 0.634277 0.837158
vt1 0.620117 0.903198
vt1 0.592285 0.892456
vt1 0.561523 0.931885
vt1 0.602051 0.834351
vt1 0.529785 0.952789
vt1 0.631836 0.235840
vt1 0.494873 0.989418
vt1 0.549316 0.976151
vt1 0.482178 0.960144
vt1 0.451904 0.997980
vt1 0.483887 0.810059
vt1 0.483887 0.832153
vt1 0.447998 0.238281
vt1 0.600098 0.812378
vt1 0.602539 0.684326
vt1 0.602539 0.681152
vt1 0.482910 0.683838
vt1 0.482910 0.680664
vt1 0.602051 0.532959
vt1 0.481934 0.533936
vt1 0.602051 0.529785
vt1 0.481934 0.530762
vt1 0.600586 0.382812
vt1 0.480713 0.384277
vt1 0.600586 0.379883
vt1 0.598145 0.246094
vt1 0.480713 0.381348
vt1 0.479736 0.247070
vt1 0.332031 0.983826
vt1 0.275391 0.946381
vt1 0.379395 0.992245
vt1 0.338867 0.953522
vt1 0.386719 0.960632
vt1 0.307373 0.932739
vt1 0.416992 0.997856
vt1 0.276123 0.893250
vt1 0.384277 0.833008
vt1 0.238403 0.870117
vt1 0.251709 0.908264
vt1 0.267090 0.835571
vt1 0.234741 0.834961
vt1 0.421143 0.239258
vt1 0.264893 0.681885
vt1 0.238159 0.236328
vt1 0.384521 0.811035
vt1 0.268066 0.813232
vt1 0.385498 0.684814
vt1 0.265625 0.684814
vt1 0.385498 0.681641
vt1 0.386963 0.534424
vt1 0.270264 0.246582
vt1 0.389160 0.248047
vt1 0.268066 0.380371
vt1 0.388184 0.381836
vt1 0.268066 0.383789
vt1 0.266357 0.530518
vt1 0.388184 0.384766
vt1 0.266113 0.533691
vt1 0.386963 0.531250
vn -0.677165 0.007874 -0.732283
vn -0.677165 0.007874 -0.732283
vn -0.677165 0.007874 -0.732283
vn 0.685039 0.007874 -0.732283
vn 0.685039 0.007874 -0.732283
vn 0.685039 0.007874 -0.732283
vn 0.677165 0.188976 -0.708661
vn 0.700787 0.062992 -0.708661
vn 0.708661 0.007874 -0.708661
vn 0.629921 0.322835 -0.708661
vn 0.606299 0.362205 -0.708661
vn 0.535433 0.456693 -0.708661
vn 0.472441 0.527559 -0.708661
vn 0.370079 0.606299 -0.708661
vn 0.322835 0.629921 -0.708661
vn 0.157480 0.685039 -0.708661
vn -0.700787 0.062992 -0.708661
vn -0.677165 0.188976 -0.708661
vn -0.708661 0.007874 -0.708661
vn -0.614173 0.354331 -0.708661
vn -0.629921 0.322835 -0.708661
vn -0.535433 0.464567 -0.708661
vn -0.472441 0.527559 -0.708661
vn -0.370079 0.606299 -0.708661
vn -0.322835 0.629921 -0.708661
vn -0.157480 0.685039 -0.708661
vn 0.000000 -0.000000 -1.000000
vn 0.000000 -0.000000 -1.000000
vn 0.000000 -0.000000 -1.000000
vn 0.000000 -0.000000 -1.000000
vn 0.000000 -0.000000 -1.000000
vn 0.000000 -0.000000 -1.000000
vn 0.000000 -0.000000 -1.000000
vn 0.000000 -0.000000 -1.000000
vn 0.000000 -0.000000 -1.000000
vn 0.000000 -0.000000 -1.000000
vn 0.000000 -0.000000 -1.000000
vn 0.000000 -0.000000 -1.000000
vn 0.000000 -0.000000 -1.000000
vn 0.000000 -0.000000 -1.000000
vn 0.000000 -0.000000 -1.000000
vn 0.000000 -0.000000 -1.000000
vn 0.968504 0.236220 -0.000000
vn 0.968504 0.236220 -0.000000
vn 0.968504 0.236220 -0.000000
vn 0.968504 0.236220 -0.000000
vn 0.921260 0.385827 -0.000000
vn 0.921260 0.385827 -0.000000
vn 0.921260 0.385827 -0.000000
vn 0.921260 0.385827 -0.000000
vn 0.850394 0.519685 -0.000000
vn 0.850394 0.519685 -0.000000
vn 0.850394 0.519685 -0.000000
vn 0.850394 0.519685 -0.000000
vn 0.763780 0.645669 -0.000000
vn 0.763780 0.645669 -0.000000
vn 0.763780 0.645669 -0.000000
vn 0.763780 0.645669 -0.000000
vn 0.645669 0.763779 -0.000000
vn 0.645669 0.763779 -0.000000
vn 0.645669 0.763779 -0.000000
vn 0.645669 0.763779 -0.000000
vn 0.519685 0.850394 -0.000000
vn 0.519685 0.850394 -0.000000
vn 0.519685 0.850394 -0.000000
vn 0.519685 0.850394 -0.000000
vn 0.385827 0.921260 -0.000000
vn 0.385827 0.921260 -0.000000
vn 0.385827 0.921260 -0.000000
vn 0.385827 0.921260 -0.000000
vn 0.992126 0.086614 -0.000000
vn 0.992126 0.086614 -0.000000
vn 0.992126 0.086614 -0.000000
vn 0.992126 0.086614 -0.000000
vn 1.000000 0.000000 0.000000
vn 1.000000 0.000000 0.000000
vn 1.000000 0.000000 0.000000
vn 1.000000 0.000000 0.000000
vn 0.708661 -0.000000 -0.708661
vn 0.708661 -0.000000 -0.708661
vn 0.708661 -0.000000 -0.708661
vn 0.708661 -0.000000 -0.708661
vn 0.000000 0.708661 -0.708661
vn 0.000000 0.708661 -0.708661
vn 0.000000 0.708661 -0.708661
vn 0.000000 0.708661 -0.708661
vn 0.708661 -0.000000 -0.708661
vn 0.708661 -0.000000 -0.708661
vn 0.708661 -0.000000 -0.708661
vn 0.708661 -0.000000 -0.708661
vn 0.000000 -0.708661 -0.708661
vn 0.000000 -0.708661 -0.708661
vn 0.000000 -0.708661 -0.708661
vn 0.000000 -0.708661 -0.708661
vn -0.708661 -0.000000 -0.708661
vn -0.708661 -0.000000 -0.708661
vn -0.708661 -0.000000 -0.708661
vn -0.708661 -0.000000 -0.708661
vn 0.708661 -0.000000 -0.708661
vn 0.708661 -0.000000 -0.708661
vn 0.708661 -0.000000 -0.708661
vn 0.708661 -0.000000 -0.708661
vn 0.000000 0.708661 -0.708661
vn 0.000000 0.708661 -0.708661
vn 0.000000 0.708661 -0.708661
vn 0.000000 0.708661 -0.708661
vn -0.708661 -0.000000 -0.708661
vn -0.708661 -0.000000 -0.708661
vn -0.708661 -0.000000 -0.708661
vn -0.708661 -0.000000 -0.708661
vn 0.000000 -0.708661 -0.708661
vn 0.000000 -0.708661 -0.708661
vn 0.000000 -0.708661 -0.708661
vn 0.000000 -0.708661 -0.708661
vn 0.708661 -0.000000 -0.708661
vn 0.708661 -0.000000 -0.708661
vn 0.708661 -0.000000 -0.708661
vn 0.708661 -0.000000 -0.708661
vn 0.000000 0.708661 -0.708661
vn 0.000000 0.708661 -0.708661
vn 0.000000 0.708661 -0.708661
vn 0.000000 0.708661 -0.708661
vn -0.708661 -0.000000 -0.708661
vn -0.708661 -0.000000 -0.708661
vn -0.708661 -0.000000 -0.708661
vn -0.708661 -0.000000 -0.708661
vn 0.000000 -0.708661 -0.708661
vn 0.000000 -0.708661 -0.708661
vn 0.000000 -0.708661 -0.708661
vn 0.000000 -0.708661 -0.708661
vn 0.708661 -0.000000 -0.708661
vn 0.708661 -0.000000 -0.708661
vn 0.708661 -0.000000 -0.708661
vn 0.708661 -0.000000 -0.708661
vn 0.000000 0.708661 -0.708661
vn 0.000000 0.708661 -0.708661
vn 0.000000 0.708661 -0.708661
vn 0.000000 0.708661 -0.708661
vn -0.708661 -0.000000 -0.708661
vn -0.708661 -0.000000 -0.708661
vn -0.708661 -0.000000 -0.708661
vn -0.708661 -0.000000 -0.708661
vn 0.000000 -0.708661 -0.708661
vn 0.000000 -0.708661 -0.708661
vn 0.000000 -0.708661 -0.708661
vn 0.000000 -0.708661 -0.708661
vn 0.000000 0.708661 -0.708661
vn 0.000000 0.708661 -0.708661
vn 0.000000 0.708661 -0.708661
vn 0.000000 0.708661 -0.708661
vn 0.000000 0.881890 -0.480315
vn 0.000000 0.881890 -0.480315
vn 0.000000 0.881890 -0.480315
vn 0.000000 0.881890 -0.480315
vn 0.000000 -0.881890 -0.464567
vn 0.000000 -0.881890 -0.464567
vn 0.000000 -0.881890 -0.464567
vn 0.000000 -0.881890 -0.464567
vn 0.897638 -0.000000 -0.440945
vn 0.897638 -0.000000 -0.440945
vn 0.897638 -0.000000 -0.440945
vn 0.897638 -0.000000 -0.440945
vn 0.000000 0.874016 -0.488189
vn 0.000000 0.874016 -0.488189
vn 0.000000 0.874016 -0.488189
vn 0.000000 0.874016 -0.488189
vn 0.905512 -0.000000 -0.417323
vn 0.905512 -0.000000 -0.417323
vn 0.905512 -0.000000 -0.417323
vn 0.905512 -0.000000 -0.417323
vn -0.905512 -0.000000 -0.417323
vn -0.905512 -0.000000 -0.417323
vn -0.905512 -0.000000 -0.417323
vn -0.905512 -0.000000 -0.417323
vn 0.000000 0.850394 -0.527559
vn 0.000000 0.850394 -0.527559
vn 0.000000 0.850394 -0.527559
vn 0.000000 0.850394 -0.527559
vn 0.000000 -0.874016 -0.488189
vn 0.000000 -0.874016 -0.488189
vn 0.000000 -0.874016 -0.488189
vn 0.000000 -0.874016 -0.488189
vn 0.905512 -0.000000 -0.417323
vn 0.905512 -0.000000 -0.417323
vn 0.905512 -0.000000 -0.417323
vn 0.905512 -0.000000 -0.417323
vn -0.905512 -0.000000 -0.417323
vn -0.905512 -0.000000 -0.417323
vn -0.905512 -0.000000 -0.417323
vn -0.905512 -0.000000 -0.417323
vn 0.000000 0.850394 -0.527559
vn 0.000000 0.850394 -0.527559
vn 0.000000 0.850394 -0.527559
vn 0.000000 0.850394 -0.527559
vn 0.000000 -0.850394 -0.527559
vn 0.000000 -0.850394 -0.527559
vn 0.000000 -0.850394 -0.527559
vn 0.000000 -0.850394 -0.527559
vn 0.905512 -0.000000 -0.417323
vn 0.905512 -0.000000 -0.417323
vn 0.905512 -0.000000 -0.417323
vn 0.905512 -0.000000 -0.417323
vn -0.905512 -0.000000 -0.417323
vn -0.905512 -0.000000 -0.417323
vn -0.905512 -0.000000 -0.417323
vn -0.905512 -0.000000 -0.417323
vn 0.000000 0.881890 -0.464567
vn 0.000000 0.881890 -0.464567
vn 0.000000 0.881890 -0.464567
vn 0.000000 0.881890 -0.464567
vn 0.000000 -0.850394 -0.527559
vn 0.000000 -0.850394 -0.527559
vn 0.000000 -0.850394 -0.527559
vn 0.000000 -0.850394 -0.527559
vn 0.905512 -0.000000 -0.417323
vn 0.905512 -0.000000 -0.417323
vn 0.905512 -0.000000 -0.417323
vn 0.905512 -0.000000 -0.417323
vn -0.905512 -0.000000 -0.417323
vn -0.905512 -0.000000 -0.417323
vn -0.905512 -0.000000 -0.417323
vn -0.905512 -0.000000 -0.417323
vn 0.708661 -0.000000 -0.708661
vn 0.708661 -0.000000 -0.708661
vn 0.708661 0.007874 -0.708661
vn 0.708661 -0.000000 -0.708661
vn 0.000000 -0.000000 -1.000000
vn 0.000000 -0.000000 -1.000000
vn 0.000000 -0.000000 -1.000000
vn 0.000000 -0.000000 -1.000000
vn -0.645669 -0.000000 -0.763779
vn -0.645669 -0.000000 -0.763779
vn -0.645669 -0.000000 -0.763779
vn -0.645669 -0.000000 -0.763779
vn -0.685039 -0.000000 -0.732283
vn -0.685039 -0.000000 -0.732283
vn -0.685039 -0.000000 -0.732283
vn -0.685039 -0.000000 -0.732283
vn -1.000000 -0.000000 -0.062992
vn -1.000000 -0.000000 -0.062992
vn -1.000000 -0.000000 -0.062992
vn -1.000000 -0.000000 -0.062992
vn -1.000000 -0.000000 -0.070866
vn -1.000000 -0.000000 -0.070866
vn -1.000000 -0.000000 -0.070866
vn -1.000000 -0.000000 -0.070866
vn 0.000000 -0.000000 -1.000000
vn 0.000000 -0.000000 -1.000000
vn 0.000000 -0.000000 -1.000000
vn 0.000000 -0.000000 -1.000000
vn 0.000000 -0.000000 -1.000000
vn 0.000000 -0.000000 -1.000000
vn 0.000000 -0.000000 -1.000000
vn 0.000000 -0.000000 -1.000000
vn 0.000000 -0.000000 -1.000000
vn 0.000000 -0.000000 -1.000000
vn 0.000000 -0.000000 -1.000000
vn 0.000000 -0.000000 -1.000000
vn 0.000000 -0.000000 -1.000000
vn 0.000000 -0.000000 -1.000000
vn 0.000000 -0.000000 -1.000000
vn 0.000000 -0.000000 -1.000000
vn -0.385827 0.921260 -0.000000
vn -0.385827 0.921260 -0.000000
vn -0.385827 0.921260 -0.000000
vn -0.385827 0.921260 -0.000000
vn -0.519685 0.850394 -0.000000
vn -0.519685 0.850394 -0.000000
vn -0.519685 0.850394 -0.000000
vn -0.519685 0.850394 -0.000000
vn -0.645669 0.763779 -0.000000
vn -0.645669 0.763779 -0.000000
vn -0.645669 0.763779 -0.000000
vn -0.645669 0.763779 -0.000000
vn -0.763780 0.645669 -0.000000
vn -0.763780 0.645669 -0.000000
vn -0.763780 0.645669 -0.000000
vn -0.763780 0.645669 -0.000000
vn -0.850394 0.519685 -0.000000
vn -0.850394 0.519685 -0.000000
vn -0.850394 0.519685 -0.000000
vn -0.850394 0.519685 -0.000000
vn -0.921260 0.385827 -0.000000
vn -0.921260 0.385827 -0.000000
vn -0.921260 0.385827 -0.000000
vn -0.921260 0.385827 -0.000000
vn -0.968504 0.236220 -0.000000
vn -0.968504 0.236220 -0.000000
vn -0.968504 0.236220 -0.000000
vn -0.968504 0.236220 -0.000000
vn -0.992126 0.086614 -0.000000
vn -0.992126 0.086614 -0.000000
vn -0.992126 0.086614 -0.000000
vn -0.992126 0.086614 -0.000000
vn -1.000000 0.000000 0.000000
vn -1.000000 0.000000 0.000000
vn -1.000000 0.000000 0.000000
vn -1.000000 0.000000 0.000000
vn 0.000000 0.708661 -0.708661
vn 0.000000 0.708661 -0.708661
vn 0.000000 0.708661 -0.708661
vn 0.000000 0.708661 -0.708661
vn -0.708661 -0.000000 -0.708661
vn -0.708661 -0.000000 -0.708661
vn -0.708661 -0.000000 -0.708661
vn -0.708661 -0.000000 -0.708661
vn -0.708661 -0.000000 -0.708661
vn -0.708661 -0.000000 -0.708661
vn -0.708661 -0.000000 -0.708661
vn -0.708661 -0.000000 -0.708661
vn 0.000000 -0.708661 -0.708661
vn 0.000000 -0.708661 -0.708661
vn 0.000000 -0.708661 -0.708661
vn 0.000000 -0.708661 -0.708661
vn 0.708661 -0.000000 -0.708661
vn 0.708661 -0.000000 -0.708661
vn 0.708661 -0.000000 -0.708661
vn 0.708661 -0.000000 -0.708661
vn 0.708661 -0.000000 -0.708661
vn 0.708661 -0.000000 -0.708661
vn 0.708661 -0.000000 -0.708661
vn 0.708661 -0.000000 -0.708661
vn 0.000000 0.708661 -0.708661
vn 0.000000 0.708661 -0.708661
vn 0.000000 0.708661 -0.708661
vn 0.000000 0.708661 -0.708661
vn -0.708661 -0.000000 -0.708661
vn -0.708661 -0.000000 -0.708661
vn -0.708661 -0.000000 -0.708661
vn -0.708661 -0.000000 -0.708661
vn 0.000000 -0.708661 -0.708661
vn 0.000000 -0.708661 -0.708661
vn 0.000000 -0.708661 -0.708661
vn 0.000000 -0.708661 -0.708661
vn 0.708661 -0.000000 -0.708661
vn 0.708661 -0.000000 -0.708661
vn 0.708661 -0.000000 -0.708661
vn 0.708661 -0.000000 -0.708661
vn 0.000000 0.708661 -0.708661
vn 0.000000 0.708661 -0.708661
vn 0.000000 0.708661 -0.708661
vn 0.000000 0.708661 -0.708661
vn -0.708661 -0.000000 -0.708661
vn -0.708661 -0.000000 -0.708661
vn -0.708661 -0.000000 -0.708661
vn -0.708661 -0.000000 -0.708661
vn 0.000000 -0.708661 -0.708661
vn 0.000000 -0.708661 -0.708661
vn 0.000000 -0.708661 -0.708661
vn 0.000000 -0.708661 -0.708661
vn 0.708661 -0.000000 -0.708661
vn 0.708661 -0.000000 -0.708661
vn 0.708661 -0.000000 -0.708661
vn 0.708661 -0.000000 -0.708661
vn 0.000000 0.708661 -0.708661
vn 0.000000 0.708661 -0.708661
vn 0.000000 0.708661 -0.708661
vn 0.000000 0.708661 -0.708661
vn -0.708661 -0.000000 -0.708661
vn -0.708661 -0.000000 -0.708661
vn -0.708661 -0.000000 -0.708661
vn -0.708661 -0.000000 -0.708661
vn 0.000000 -0.708661 -0.708661
vn 0.000000 -0.708661 -0.708661
vn 0.000000 -0.708661 -0.708661
vn 0.000000 -0.708661 -0.708661
vn 0.000000 0.708661 -0.708661
vn 0.000000 0.708661 -0.708661
vn 0.000000 0.708661 -0.708661
vn 0.000000 0.708661 -0.708661
vn 0.000000 0.881890 -0.480315
vn 0.000000 0.881890 -0.480315
vn 0.000000 0.881890 -0.480315
vn 0.000000 0.881890 -0.480315
vn 0.000000 -0.881890 -0.464567
vn 0.000000 -0.881890 -0.464567
vn 0.000000 -0.881890 -0.464567
vn 0.000000 -0.881890 -0.464567
vn -0.897638 -0.000000 -0.440945
vn -0.897638 -0.000000 -0.440945
vn -0.897638 -0.000000 -0.440945
vn -0.897638 -0.000000 -0.440945
vn 0.000000 0.874016 -0.488189
vn 0.000000 0.874016 -0.488189
vn 0.000000 0.874016 -0.488189
vn 0.000000 0.874016 -0.488189
vn 0.905512 -0.000000 -0.417323
vn 0.905512 -0.000000 -0.417323
vn 0.905512 -0.000000 -0.417323
vn 0.905512 -0.000000 -0.417323
vn -0.905512 -0.000000 -0.417323
vn -0.905512 -0.000000 -0.417323
vn -0.905512 -0.000000 -0.417323
vn -0.905512 -0.000000 -0.417323
vn 0.000000 0.850394 -0.527559
vn 0.000000 0.850394 -0.527559
vn 0.000000 0.850394 -0.527559
vn 0.000000 0.850394 -0.527559
vn 0.000000 -0.874016 -0.488189
vn 0.000000 -0.874016 -0.488189
vn 0.000000 -0.874016 -0.488189
vn 0.000000 -0.874016 -0.488189
vn 0.905512 -0.000000 -0.417323
vn 0.905512 -0.000000 -0.417323
vn 0.905512 -0.000000 -0.417323
vn 0.905512 -0.000000 -0.417323
vn -0.905512 -0.000000 -0.417323
vn -0.905512 -0.000000 -0.417323
vn -0.905512 -0.000000 -0.417323
vn -0.905512 -0.000000 -0.417323
vn 0.000000 0.850394 -0.527559
vn 0.000000 0.850394 -0.527559
vn 0.000000 0.850394 -0.527559
vn 0.000000 0.850394 -0.527559
vn 0.000000 -0.850394 -0.527559
vn 0.000000 -0.850394 -0.527559
vn 0.000000 -0.850394 -0.527559
vn 0.000000 -0.850394 -0.527559
vn 0.905512 -0.000000 -0.417323
vn 0.905512 -0.000000 -0.417323
vn 0.905512 -0.000000 -0.417323
vn 0.905512 -0.000000 -0.417323
vn -0.905512 -0.000000 -0.417323
vn -0.905512 -0.000000 -0.417323
vn -0.905512 -0.000000 -0.417323
vn -0.905512 -0.000000 -0.417323
vn 0.000000 0.881890 -0.464567
vn 0.000000 0.881890 -0.464567
vn 0.000000 0.881890 -0.464567
vn 0.000000 0.881890 -0.464567
vn 0.000000 -0.850394 -0.527559
vn 0.000000 -0.850394 -0.527559
vn 0.000000 -0.850394 -0.527559
vn 0.000000 -0.850394 -0.527559
vn 0.905512 -0.000000 -0.417323
vn 0.905512 -0.000000 -0.417323
vn 0.905512 -0.000000 -0.417323
vn 0.905512 -0.000000 -0.417323
vn -0.905512 -0.000000 -0.417323
vn -0.905512 -0.000000 -0.417323
vn -0.905512 -0.000000 -0.417323
vn -0.905512 -0.000000 -0.417323
vn 0.708661 -0.000000 -0.708661
vn 0.708661 -0.000000 -0.708661
vn 0.708661 -0.000000 -0.708661
vn 0.708661 -0.000000 -0.708661
vn 0.000000 -0.000000 -1.000000
vn 0.000000 -0.000000 -1.000000
vn 0.000000 -0.000000 -1.000000
vn 0.000000 -0.000000 -1.000000
vn 0.669291 0.015748 -0.740157
vn 0.669291 0.015748 -0.740157
vn 0.669291 0.015748 -0.740157
vn 0.669291 0.015748 -0.740157
vn 0.685039 -0.000000 -0.732283
vn 0.685039 -0.000000 -0.732283
vn 0.685039 -0.000000 -0.732283
vn 0.685039 -0.000000 -0.732283
vn 1.000000 0.007874 -0.070866
vn 1.000000 0.007874 -0.070866
vn 1.000000 0.007874 -0.070866
vn 1.000000 0.007874 -0.070866
vn 1.000000 -0.000000 -0.070866
vn 1.000000 -0.000000 -0.070866
vn 1.000000 -0.000000 -0.070866
vn 1.000000 -0.000000 -0.070866
vn 0.188976 -0.677165 -0.708661
vn 0.055118 -0.700787 -0.708661
vn 0.173228 -0.685039 -0.708661
vn 0.354331 -0.614173 -0.708661
vn 0.535433 -0.456693 -0.708661
vn 0.456693 -0.535433 -0.708661
vn 0.606299 -0.370079 -0.708661
vn 0.622047 -0.330709 -0.708661
vn 0.685039 -0.173228 -0.708661
vn 0.677165 -0.196850 -0.708661
vn 0.708661 -0.007874 -0.708661
vn 0.700787 -0.062992 -0.708661
vn 0.070866 1.000000 -0.000000
vn 0.070866 1.000000 -0.000000
vn 0.086614 1.000000 -0.000000
vn 0.094488 0.992126 -0.000000
vn 0.236220 0.968504 -0.000000
vn 0.236220 0.968504 -0.000000
vn -0.173228 -0.685039 -0.708661
vn -0.055118 -0.700787 -0.708661
vn -0.204724 -0.677165 -0.708661
vn -0.370079 -0.606299 -0.708661
vn -0.393701 -0.590551 -0.708661
vn -0.543307 -0.456693 -0.708661
vn -0.535433 -0.456693 -0.708661
vn -0.629921 -0.314961 -0.708661
vn -0.685039 -0.165354 -0.708661
vn -0.700787 -0.078740 -0.708661
vn -0.708661 -0.007874 -0.708661
vn -0.700787 -0.062992 -0.708661
vn -1.000000 0.007874 -0.000000
vn -0.960630 0.275591 -0.000000
vn -1.000000 0.015748 -0.000000
vn -1.000000 -0.031496 0.000000
vn -1.000000 -0.062992 0.000000
vn 0.000000 -1.000000 0.000000
vn 0.000000 -1.000000 0.000000
vn 0.992126 -0.078740 -0.070866
vn 1.000000 -0.047244 -0.070866
vn 1.000000 -0.023622 -0.070866
vn 1.000000 0.031496 -0.070866
vn 1.000000 0.023622 -0.070866
vn 0.000000 -0.000000 -1.000000
vn 0.000000 -0.000000 -1.000000
vn 0.000000 -0.000000 -1.000000
vn 0.000000 -0.000000 -1.000000
vn 0.000000 -0.000000 -1.000000
vn 0.000000 -0.000000 -1.000000
vn 0.000000 -0.000000 -1.000000
vn 0.000000 -0.000000 -1.000000
vn 0.000000 -0.000000 -1.000000
vn 0.000000 -0.000000 -1.000000
vn 0.000000 -0.000000 -1.000000
vn 0.000000 -0.000000 -1.000000
vn 0.000000 -0.000000 -1.000000
vn 0.000000 -0.000000 -1.000000
vn 0.000000 -0.000000 -1.000000
vn 0.000000 -0.000000 -1.000000
vn 0.000000 -0.000000 -1.000000
vn 0.000000 -0.000000 -1.000000
vn 0.000000 -0.000000 -1.000000
vn -0.267717 -0.653543 -0.708661
vn -0.354331 -0.614173 -0.708661
vn -0.267717 -0.653543 -0.708661
vn -0.370079 -0.598425 -0.708661
vn -0.496063 -0.496063 -0.708661
vn -0.535433 -0.456693 -0.708661
vn -0.637795 -0.299213 -0.708661
vn -0.653543 -0.275591 -0.708661
vn -0.685039 -0.165354 -0.708661
vn -0.685039 -0.165354 -0.708661
vn -0.496063 -0.834646 -0.236220
vn -0.362205 -0.881890 -0.291338
vn -0.362205 -0.881890 -0.291338
vn -0.535433 -0.818897 -0.220472
vn -0.748031 -0.637795 -0.165354
vn -0.748031 -0.637795 -0.173228
vn -0.889764 -0.401575 -0.212598
vn -0.905512 -0.362205 -0.228346
vn -0.929134 -0.228346 -0.283464
vn -0.929134 -0.228346 -0.283464
vn -0.708661 -0.055118 -0.708661
vn 0.000000 -1.000000 0.000000
vn 0.000000 -1.000000 0.000000
vn -0.708661 -0.015748 -0.708661
vn -0.708661 -0.000000 -0.708661
vn -0.708661 -0.007874 -0.708661
vn 0.000000 -0.000000 -1.000000
vn 0.000000 -0.000000 -1.000000
vn 0.000000 -0.000000 -1.000000
vn 0.000000 -0.000000 -1.000000
vn 0.000000 -0.000000 -1.000000
vn 0.000000 -0.000000 -1.000000
vn 0.000000 -0.000000 -1.000000
vn 0.000000 -0.000000 -1.000000
vn 0.000000 -0.000000 -1.000000
vn 0.000000 -0.000000 -1.000000
vn 0.000000 -0.000000 -1.000000
vn 0.000000 -0.000000 -1.000000
vn 0.000000 -0.000000 -1.000000
vn 0.000000 -0.000000 -1.000000
vn 0.960630 0.275591 -0.000000
vn 1.000000 0.007874 -0.000000
vn 1.000000 0.023622 -0.000000
vn 1.000000 0.000000 0.000000
vn 1.000000 0.000000 0.000000
vn 0.000000 -1.000000 0.000000
vn -1.000000 -0.055118 0.000000
vn 0.000000 -1.000000 0.000000
vn -1.000000 -0.031496 0.000000
vn -1.000000 -0.015748 0.000000
vn -1.000000 -0.007874 0.000000
vn -1.000000 -0.015748 -0.070866
vn -1.000000 -0.031496 -0.070866
vn -0.992126 -0.062992 -0.070866
vn -1.000000 0.031496 -0.070866
vn -1.000000 0.023622 -0.070866
vn -0.236220 0.968504 -0.000000
vn -0.086614 0.992126 -0.000000
vn -0.244094 0.968504 -0.000000
vn -0.078740 1.000000 -0.000000
vn -0.070866 1.000000 -0.000000
vn -0.070866 1.000000 -0.000000
vn 0.267717 -0.653543 -0.708661
vn 0.354331 -0.614173 -0.708661
vn 0.267717 -0.653543 -0.708661
vn 0.370079 -0.598425 -0.708661
vn 0.496063 -0.496063 -0.708661
vn 0.535433 -0.456693 -0.708661
vn 0.637795 -0.299213 -0.708661
vn 0.653543 -0.275591 -0.708661
vn 0.685039 -0.165354 -0.708661
vn 0.685039 -0.165354 -0.708661
vn 0.905512 -0.362205 -0.228346
vn 0.929134 -0.228346 -0.283464
vn 0.929134 -0.228346 -0.283464
vn 0.889764 -0.401575 -0.212598
vn 0.748031 -0.637795 -0.165354
vn 0.748031 -0.637795 -0.173228
vn 0.535433 -0.818897 -0.220472
vn 0.496063 -0.834646 -0.236220
vn 0.362205 -0.881890 -0.291338
vn 0.362205 -0.881890 -0.291338
vn -0.708661 -0.055118 -0.708661
vn 0.000000 -1.000000 0.000000
vn 0.000000 -1.000000 0.000000
vn -0.708661 -0.015748 -0.708661
vn -0.708661 -0.000000 -0.708661
vn -0.708661 0.007874 -0.708661
vn 0.000000 -0.000000 -1.000000
vn 0.000000 -0.000000 -1.000000
vn 0.000000 -0.000000 -1.000000
vn 0.000000 -0.000000 -1.000000
vn 0.000000 -0.000000 -1.000000
vn 0.000000 -0.000000 -1.000000
vn 0.000000 -0.000000 -1.000000
vn 0.000000 -0.000000 -1.000000
vn 0.000000 -0.000000 -1.000000
vn 0.000000 -0.000000 -1.000000
vn 0.000000 -0.000000 -1.000000
vn 0.000000 -0.000000 -1.000000
vn 0.000000 -0.000000 -1.000000
vn 0.000000 -0.000000 -1.000000
vn 0.960630 -0.267716 0.000000
vn 1.000000 0.000000 0.000000
vn 1.000000 -0.023622 0.000000
vn 1.000000 0.000000 0.000000
vn 1.000000 0.000000 0.000000
vn 0.000000 -0.000000 -1.000000
vn 0.000000 -0.000000 -1.000000
vn 0.000000 -0.000000 -1.000000
vn 0.000000 -0.000000 -1.000000
vn 0.000000 -0.000000 -1.000000
vn 0.000000 -0.000000 -1.000000
vn 0.000000 -0.000000 -1.000000
vn 0.000000 -0.000000 -1.000000
vn 0.000000 -0.000000 -1.000000
vn 0.000000 -0.000000 -1.000000
vn 0.000000 -0.000000 -1.000000
vn 0.000000 -0.000000 -1.000000
vn 0.000000 -0.000000 -1.000000
vn 0.000000 -0.000000 -1.000000
vn 0.000000 -0.000000 -1.000000
vn 0.000000 -0.000000 -1.000000
vn 0.000000 -0.000000 -1.000000
vn 0.000000 -0.000000 -1.000000
vn 0.000000 -0.000000 -1.000000
vn 0.000000 -0.000000 -1.000000
vn 0.000000 -0.000000 -1.000000
vn 0.000000 -0.000000 -1.000000
vn 0.000000 -0.000000 -1.000000
vn 0.000000 -0.000000 -1.000000
vn 0.000000 -0.000000 -1.000000
vn 0.000000 -0.000000 -1.000000
vn 0.000000 -0.000000 -1.000000
vn 0.000000 -0.000000 -1.000000
vn 0.000000 -0.000000 -1.000000
vn 0.000000 -0.000000 -1.000000
vn 0.000000 -0.000000 -1.000000
vn 0.000000 -0.000000 -1.000000
vn 0.000000 -0.000000 -1.000000
vn 0.000000 -0.000000 -1.000000
vn 0.000000 -0.000000 -1.000000
vn 0.000000 -0.000000 -1.000000
vn 0.000000 -0.000000 -1.000000
vn 0.000000 -0.000000 -1.000000
vn 0.000000 -0.000000 -1.000000
vn 0.000000 -0.000000 -1.000000
vn 0.000000 -0.000000 -1.000000
vn 0.000000 -0.000000 -1.000000
vn 0.000000 -0.000000 -1.000000
vn 0.000000 -0.000000 -1.000000
vn 0.000000 -0.000000 -1.000000
vn 0.000000 -0.000000 -1.000000
vn 0.000000 -0.000000 -1.000000
vn 0.000000 -0.000000 -1.000000
vn 0.000000 -0.000000 -1.000000
vn 0.000000 -0.000000 -1.000000
vn 0.000000 -0.000000 -1.000000
vn 0.000000 -0.000000 -1.000000
vn 0.000000 -0.000000 -1.000000
vn 0.000000 -0.000000 -1.000000
vn 0.000000 -0.000000 -1.000000
vn 0.000000 -0.000000 -1.000000
vn 0.000000 -0.000000 -1.000000
vn 0.000000 -0.000000 -1.000000
vn 0.000000 -0.000000 -1.000000
vn 0.000000 -0.000000 -1.000000
vn 0.000000 -0.000000 -1.000000
vn 0.000000 -0.000000 -1.000000
vn 0.000000 -0.000000 -1.000000
vn 0.000000 -0.000000 -1.000000
vn 0.000000 -0.000000 -1.000000
vn 0.000000 -0.000000 -1.000000
vn 0.000000 -0.000000 -1.000000
vn 0.000000 -0.000000 -1.000000
vn 0.000000 -0.000000 -1.000000
vn 0.000000 -0.000000 -1.000000
vn 0.000000 -0.000000 -1.000000
vn 0.000000 -0.000000 -1.000000
vn 0.000000 -0.000000 -1.000000
vn 0.000000 -0.000000 -1.000000
vn 0.000000 -0.000000 -1.000000
vn 0.000000 -0.000000 -1.000000
vn 0.000000 -0.000000 -1.000000
vn 0.000000 -0.000000 -1.000000
vn 0.000000 -0.000000 -1.000000
vn 0.000000 -0.000000 -1.000000
vn 0.000000 -0.000000 -1.000000
vn 0.000000 -0.000000 -1.000000
vn 0.000000 -0.000000 -1.000000
vn 0.000000 -0.000000 -1.000000
vn 0.000000 -0.000000 -1.000000
vn 0.000000 -0.000000 -1.000000
vn 0.000000 -0.000000 -1.000000
vn 0.000000 -0.000000 -1.000000
vn 0.000000 -0.000000 -1.000000
vn 0.000000 -0.000000 -1.000000
vn 0.000000 -0.000000 -1.000000
vn 0.000000 -0.000000 -1.000000
tan 0.720007 -0.179304 -0.667741 1.000000
tan 0.714055 -0.212598 -0.662595 1.000000
tan 0.708103 -0.245893 -0.657449 1.000000
tan -0.690433 -0.325501 -0.649389 1.000000
tan -0.696385 -0.303553 -0.654721 1.000000
tan -0.684543 -0.347821 -0.644119 1.000000
tan 0.502573 -0.798809 0.267221 1.000000
tan 0.132928 -0.987786 0.043648 1.000000
tan 0.089218 -0.993242 0.078182 1.000000
tan 0.337777 -0.928142 -0.122574 1.000000
tan 0.484965 -0.734639 0.039432 1.000000
tan 0.373117 -0.834398 -0.255812 1.000000
tan 0.225432 -0.753302 -0.410503 1.000000
tan 0.327299 -0.766259 -0.484655 1.000000
tan 0.261641 -0.751937 -0.549197 1.000000
tan 0.082212 -0.718581 -0.676359 1.000000
tan -0.066464 -0.998884 -0.023064 1.000000
tan -0.283093 -0.941410 0.019468 1.000000
tan -0.027900 -1.004402 0.016740 1.000000
tan -0.329221 -0.839234 -0.134292 1.000000
tan -0.257115 -0.945502 -0.202182 1.000000
tan -0.292765 -0.849650 -0.335793 1.000000
tan -0.155744 -0.757021 -0.459731 1.000000
tan -0.231694 -0.771096 -0.538719 1.000000
tan -0.186620 -0.750387 -0.581995 1.000000
tan -0.049290 -0.714861 -0.680079 1.000000
tan 0.000000 -1.000000 0.000000 1.000000
tan 0.000000 -1.000000 0.000000 1.000000
tan 0.000000 -1.000000 0.000000 1.000000
tan 0.000000 -1.000000 0.000000 1.000000
tan 0.000000 -1.000000 0.000000 1.000000
tan 0.000000 -1.000000 0.000000 1.000000
tan 0.000000 -1.000000 0.000000 1.000000
tan 0.000000 -1.000000 0.000000 1.000000
tan 0.000000 -1.000000 0.000000 1.000000
tan 0.000000 -1.000000 0.000000 1.000000
tan 0.000000 -1.000000 0.000000 1.000000
tan 0.000000 -1.000000 0.000000 1.000000
tan 0.000000 -1.000000 0.000000 1.000000
tan 0.000000 -1.000000 0.000000 1.000000
tan 0.000000 -1.000000 0.000000 1.000000
tan 0.000000 -1.000000 0.000000 1.000000
tan 0.001860 -0.007626 0.972224 1.000000
tan 0.001860 -0.007626 0.972224 1.000000
tan 0.001860 -0.007626 0.972224 1.000000
tan 0.001860 -0.007626 0.972224 1.000000
tan 0.003038 -0.007254 0.948602 1.000000
tan 0.003038 -0.007254 0.948602 1.000000
tan 0.003038 -0.007254 0.948602 1.000000
tan 0.003038 -0.007254 0.948602 1.000000
tan 0.004092 -0.006696 0.944882 1.000000
tan 0.004092 -0.006696 0.944882 1.000000
tan 0.004092 -0.006696 0.944882 1.000000
tan 0.004092 -0.006696 0.944882 1.000000
tan 0.005084 -0.006014 0.990142 1.000000
tan 0.005084 -0.006014 0.990142 1.000000
tan 0.005084 -0.006014 0.990142 1.000000
tan 0.005084 -0.006014 0.990142 1.000000
tan 0.006014 -0.005084 0.990142 1.000000
tan 0.006014 -0.005084 0.990142 1.000000
tan 0.006014 -0.005084 0.990142 1.000000
tan 0.006014 -0.005084 0.990142 1.000000
tan 0.006696 -0.004092 0.944882 1.000000
tan 0.006696 -0.004092 0.944882 1.000000
tan 0.006696 -0.004092 0.944882 1.000000
tan 0.006696 -0.004092 0.944882 1.000000
tan 0.007254 -0.003038 0.948602 1.000000
tan 0.007254 -0.003038 0.948602 1.000000
tan 0.007254 -0.003038 0.948602 1.000000
tan 0.007254 -0.003038 0.948602 1.000000
tan 0.000682 -0.007812 0.992126 1.000000
tan 0.000682 -0.007812 0.992126 1.000000
tan 0.000682 -0.007812 0.992126 1.000000
tan 0.000682 -0.007812 0.992126 1.000000
tan 0.000000 -0.007874 1.000000 1.000000
tan 0.000000 -0.007874 1.000000 1.000000
tan 0.000000 -0.007874 1.000000 1.000000
tan 0.000000 -0.007874 1.000000 1.000000
tan 0.039060 -1.004402 0.039060 1.000000
tan -0.228780 -0.948602 -0.228780 1.000000
tan 0.011160 -1.004402 0.011160 1.000000
tan -0.251101 -0.937442 -0.251100 1.000000
tan -0.011160 -0.708661 -0.708661 1.000000
tan -0.011160 -0.708661 -0.708661 1.000000
tan -0.011160 -0.708661 -0.708661 1.000000
tan 0.000000 -0.708661 -0.708661 1.000000
tan 0.295741 -0.903962 0.295741 1.000000
tan -0.161820 -0.970922 -0.161820 1.000000
tan 0.145080 -0.982082 0.145080 1.000000
tan -0.189720 -0.959762 -0.189720 1.000000
tan -0.011160 -0.708661 0.708661 1.000000
tan 0.000000 -0.708661 0.708661 1.000000
tan -0.011160 -0.708661 0.708661 1.000000
tan -0.011160 -0.708661 0.708661 1.000000
tan -0.178560 -0.970922 0.178560 1.000000
tan 0.145080 -0.982082 -0.145080 1.000000
tan -0.189720 -0.970922 0.189720 1.000000
tan 0.172980 -0.970922 -0.172980 1.000000
tan 0.178560 -0.970922 0.178560 1.000000
tan -0.156240 -0.982082 -0.156240 1.000000
tan 0.206460 -0.959762 0.206461 1.000000
tan -0.167400 -0.970922 -0.167400 1.000000
tan 0.011160 -0.708661 -0.708661 1.000000
tan 0.011160 -0.708661 -0.708661 1.000000
tan 0.011160 -0.708661 -0.708661 1.000000
tan 0.011160 -0.708661 -0.708661 1.000000
tan 0.172980 -0.970922 -0.172980 1.000000
tan -0.156240 -0.982082 0.156240 1.000000
tan 0.200880 -0.959762 -0.200880 1.000000
tan -0.167400 -0.970922 0.167400 1.000000
tan 0.011160 -0.708661 0.708661 1.000000
tan 0.011160 -0.708661 0.708661 1.000000
tan 0.011160 -0.708661 0.708661 1.000000
tan 0.011160 -0.708661 0.708661 1.000000
tan 0.172980 -0.970922 0.172980 1.000000
tan -0.145080 -0.982082 -0.145080 1.000000
tan 0.195300 -0.959762 0.195300 1.000000
tan -0.156240 -0.982082 -0.156240 1.000000
tan 0.011160 -0.708661 -0.708661 1.000000
tan 0.011160 -0.708661 -0.708661 1.000000
tan 0.011160 -0.708661 -0.708661 1.000000
tan 0.011160 -0.708661 -0.708661 1.000000
tan 0.178560 -0.970922 -0.178560 1.000000
tan -0.161820 -0.970922 0.161820 1.000000
tan 0.167400 -0.970922 -0.167400 1.000000
tan -0.189720 -0.970922 0.189720 1.000000
tan 0.000000 -0.708661 0.708661 1.000000
tan 0.000000 -0.708661 0.708661 1.000000
tan 0.000000 -0.708661 0.708661 1.000000
tan 0.000000 -0.708661 0.708661 1.000000
tan 0.161820 -0.970922 0.161820 1.000000
tan -0.161820 -0.970922 -0.161820 1.000000
tan 0.156240 -0.982082 0.156240 1.000000
tan -0.189720 -0.970922 -0.189720 1.000000
tan 0.000000 -0.708661 -0.708661 1.000000
tan 0.000000 -0.708661 -0.708661 1.000000
tan 0.000000 -0.708661 -0.708661 1.000000
tan 0.000000 -0.708661 -0.708661 1.000000
tan 0.167400 -0.970922 -0.167400 1.000000
tan -0.167400 -0.970922 0.167400 1.000000
tan 0.195300 -0.959762 -0.195300 1.000000
tan -0.178560 -0.970922 0.178560 1.000000
tan 0.000000 -0.708661 0.708661 1.000000
tan 0.000000 -0.708661 0.708661 1.000000
tan 0.000000 -0.708661 0.708661 1.000000
tan 0.000000 -0.708661 0.708661 1.000000
tan 0.000000 -0.708661 -0.708661 1.000000
tan 0.000000 -0.708661 -0.708661 1.000000
tan 0.000000 -0.708661 -0.708661 1.000000
tan 0.000000 -0.708661 -0.708661 1.000000
tan -0.031558 -0.480315 -0.881890 1.000000
tan -0.020832 -0.480315 -0.881890 1.000000
tan -0.013888 -0.480315 -0.881890 1.000000
tan -0.031558 -0.480315 -0.881890 1.000000
tan -0.013888 -0.464567 0.881890 1.000000
tan -0.013888 -0.464567 0.881890 1.000000
tan -0.013888 -0.464567 0.881890 1.000000
tan -0.013888 -0.464567 0.881890 1.000000
tan 0.069440 -0.932110 0.141360 1.000000
tan -0.170128 -0.865026 -0.346333 1.000000
tan -0.156240 -0.882634 -0.318060 1.000000
tan 0.093744 -0.917974 0.190836 1.000000
tan 0.006882 -0.488189 -0.874016 1.000000
tan 0.013764 -0.488189 -0.874016 1.000000
tan 0.013764 -0.488189 -0.874016 1.000000
tan 0.006882 -0.488189 -0.874016 1.000000
tan 0.147870 -0.880774 0.320851 1.000000
tan -0.128154 -0.895034 -0.278070 1.000000
tan -0.115010 -0.909294 -0.249550 1.000000
tan 0.174158 -0.856098 0.377891 1.000000
tan -0.124868 -0.895034 0.270941 1.000000
tan 0.138012 -0.887904 -0.299460 1.000000
tan 0.154442 -0.873644 -0.335111 1.000000
tan -0.154442 -0.873644 0.335111 1.000000
tan 0.006696 -0.527559 -0.850394 1.000000
tan 0.006696 -0.527559 -0.850394 1.000000
tan 0.006696 -0.527559 -0.850394 1.000000
tan 0.006696 -0.527559 -0.850394 1.000000
tan 0.006882 -0.488189 0.874016 1.000000
tan 0.006882 -0.488189 0.874016 1.000000
tan 0.006882 -0.488189 0.874016 1.000000
tan 0.006882 -0.488189 0.874016 1.000000
tan -0.118296 -0.902164 -0.256680 1.000000
tan 0.128154 -0.895034 0.278071 1.000000
tan 0.138012 -0.887904 0.299461 1.000000
tan -0.141298 -0.887904 -0.306590 1.000000
tan 0.138012 -0.887904 -0.299460 1.000000
tan -0.118296 -0.902164 0.256681 1.000000
tan -0.105152 -0.909294 0.228161 1.000000
tan 0.161014 -0.870358 -0.349371 1.000000
tan 0.000000 -0.527559 -0.850394 1.000000
tan 0.006696 -0.527559 -0.850394 1.000000
tan 0.006696 -0.527559 -0.850394 1.000000
tan 0.000000 -0.527559 -0.850394 1.000000
tan 0.000000 -0.527559 0.850394 1.000000
tan 0.006696 -0.527559 0.850394 1.000000
tan 0.006696 -0.527559 0.850394 1.000000
tan 0.000000 -0.527559 0.850394 1.000000
tan 0.131440 -0.895034 0.285201 1.000000
tan -0.118296 -0.902164 -0.256680 1.000000
tan -0.105152 -0.909294 -0.228160 1.000000
tan 0.154442 -0.873644 0.335111 1.000000
tan -0.118296 -0.902164 0.256681 1.000000
tan 0.124868 -0.902164 -0.270940 1.000000
tan 0.138012 -0.887904 -0.299460 1.000000
tan -0.141298 -0.887904 0.306591 1.000000
tan -0.006944 -0.464567 -0.881890 1.000000
tan 0.000000 -0.464567 -0.881890 1.000000
tan 0.000000 -0.464567 -0.881890 1.000000
tan -0.006944 -0.464567 -0.881890 1.000000
tan 0.000000 -0.527559 0.850394 1.000000
tan 0.000000 -0.527559 0.850394 1.000000
tan 0.000000 -0.527559 0.850394 1.000000
tan 0.000000 -0.527559 0.850394 1.000000
tan 0.147870 -0.880774 0.320851 1.000000
tan -0.141298 -0.887904 -0.306590 1.000000
tan -0.124868 -0.902164 -0.270940 1.000000
tan 0.177444 -0.856098 0.385021 1.000000
tan -0.147870 -0.880774 0.320851 1.000000
tan 0.134726 -0.895034 -0.292330 1.000000
tan 0.151156 -0.880774 -0.327981 1.000000
tan -0.174158 -0.856098 0.377891 1.000000
tan 0.005580 -1.004402 0.005580 1.000000
tan 0.184140 -0.970922 0.184140 1.000000
tan 0.022320 -1.004402 0.011160 1.000000
tan 0.217620 -0.959762 0.217621 1.000000
tan 0.023622 -1.000000 0.000000 1.000000
tan 0.023622 -1.000000 0.000000 1.000000
tan 0.031496 -1.000000 0.000000 1.000000
tan 0.031496 -1.000000 0.000000 1.000000
tan 0.036084 -0.985988 -0.030504 1.000000
tan 0.126294 -0.941658 -0.106764 1.000000
tan 0.066154 -0.956910 -0.055924 1.000000
tan 0.216504 -0.881580 -0.183024 1.000000
tan -0.472813 -0.738235 0.442309 1.000000
tan -0.334429 -0.872528 0.312853 1.000000
tan 0.126852 -0.962552 -0.118668 1.000000
tan 0.051894 -0.978734 -0.048546 1.000000
tan -0.062992 0.000000 1.000000 1.000000
tan -0.062992 0.000000 1.000000 1.000000
tan -0.062992 0.000000 1.000000 1.000000
tan -0.062992 0.000000 1.000000 1.000000
tan -0.070866 0.000000 1.000000 1.000000
tan -0.070866 0.000000 1.000000 1.000000
tan -0.070866 0.000000 1.000000 1.000000
tan -0.070866 0.000000 1.000000 1.000000
tan 0.000000 -1.000000 0.000000 1.000000
tan 0.000000 -1.000000 0.000000 1.000000
tan 0.000000 -1.000000 0.000000 1.000000
tan 0.000000 -1.000000 0.000000 1.000000
tan 0.000000 -1.000000 0.000000 1.000000
tan 0.000000 -1.000000 0.000000 1.000000
tan 0.000000 -1.000000 0.000000 1.000000
tan 0.000000 -1.000000 0.000000 1.000000
tan 0.000000 -1.000000 0.000000 1.000000
tan 0.000000 -1.000000 0.000000 1.000000
tan 0.000000 -1.000000 0.000000 1.000000
tan 0.000000 -1.000000 0.000000 1.000000
tan 0.000000 -1.000000 0.000000 1.000000
tan 0.000000 -1.000000 0.000000 1.000000
tan 0.000000 -1.000000 0.000000 1.000000
tan 0.000000 -1.000000 0.000000 1.000000
tan 0.000000 0.000000 0.948602 1.000000
tan 0.000000 0.000000 0.948602 1.000000
tan 0.000000 0.000000 0.927336 1.000000
tan 0.000000 0.000000 0.948602 1.000000
tan 0.000000 0.000000 0.944882 1.000000
tan 0.000000 0.000000 0.944882 1.000000
tan 0.000000 0.000000 0.944882 1.000000
tan 0.000000 0.000000 0.944882 1.000000
tan 0.000000 0.000000 0.990142 1.000000
tan 0.000000 0.000000 0.990142 1.000000
tan 0.000000 0.000000 0.990142 1.000000
tan 0.000000 0.000000 0.990142 1.000000
tan 0.000000 0.000000 0.990142 1.000000
tan 0.000000 0.000000 0.990142 1.000000
tan 0.000000 0.000000 0.990142 1.000000
tan 0.000000 0.000000 0.990142 1.000000
tan 0.000000 0.000000 0.944882 1.000000
tan 0.000000 0.000000 0.944882 1.000000
tan 0.000000 0.000000 0.944882 1.000000
tan 0.000000 0.000000 0.944882 1.000000
tan 0.000000 0.000000 0.948602 1.000000
tan 0.000000 0.000000 0.948602 1.000000
tan 0.000000 0.000000 0.948602 1.000000
tan 0.000000 0.000000 0.948602 1.000000
tan 0.000000 0.000000 0.972224 1.000000
tan 0.000000 0.000000 0.972224 1.000000
tan 0.000000 0.000000 0.972224 1.000000
tan 0.000000 0.000000 0.972224 1.000000
tan 0.000000 0.000000 0.992126 1.000000
tan 0.000000 0.000000 0.992126 1.000000
tan 0.000000 0.000000 0.992126 1.000000
tan 0.000000 0.000000 0.992126 1.000000
tan 0.000000 0.000000 1.000000 1.000000
tan 0.000000 0.000000 1.000000 1.000000
tan 0.000000 0.000000 1.000000 1.000000
tan 0.000000 0.000000 1.000000 1.000000
tan 0.011160 -0.708661 -0.708661 1.000000
tan 0.011160 -0.708661 -0.708661 1.000000
tan 0.011160 -0.708661 -0.708661 1.000000
tan 0.011160 -0.708661 -0.708661 1.000000
tan 0.396181 -0.825842 -0.396181 1.000000
tan -0.005580 -1.004402 0.005580 1.000000
tan 0.245521 -0.937442 -0.245520 1.000000
tan -0.011160 -1.004402 0.011160 1.000000
tan -0.156240 -0.982082 0.156240 1.000000
tan 0.156240 -0.982082 -0.156240 1.000000
tan -0.167400 -0.970922 0.167400 1.000000
tan 0.184140 -0.970922 -0.184140 1.000000
tan 0.011160 -0.708661 0.708661 1.000000
tan 0.011160 -0.708661 0.708661 1.000000
tan 0.011160 -0.708661 0.708661 1.000000
tan 0.011160 -0.708661 0.708661 1.000000
tan 0.184140 -0.970922 0.184140 1.000000
tan -0.156240 -0.982082 -0.156240 1.000000
tan 0.167400 -0.970922 0.167400 1.000000
tan -0.184140 -0.970922 -0.184140 1.000000
tan 0.145080 -0.982082 0.145080 1.000000
tan -0.189720 -0.959762 -0.189720 1.000000
tan 0.133920 -0.982082 0.133920 1.000000
tan -0.217620 -0.948602 -0.217620 1.000000
tan -0.011160 -0.708661 -0.708661 1.000000
tan -0.011160 -0.708661 -0.708661 1.000000
tan -0.011160 -0.708661 -0.708661 1.000000
tan -0.011160 -0.708661 -0.708661 1.000000
tan -0.167400 -0.970922 0.167400 1.000000
tan 0.150660 -0.982082 -0.150660 1.000000
tan 0.161820 -0.970922 -0.161820 1.000000
tan -0.195300 -0.959762 0.195300 1.000000
tan -0.011160 -0.708661 0.708661 1.000000
tan -0.011160 -0.708661 0.708661 1.000000
tan -0.011160 -0.708661 0.708661 1.000000
tan -0.011160 -0.708661 0.708661 1.000000
tan 0.150660 -0.982082 0.150660 1.000000
tan -0.184140 -0.970922 -0.184140 1.000000
tan 0.172980 -0.970922 0.172980 1.000000
tan -0.195300 -0.959762 -0.195300 1.000000
tan -0.011160 -0.708661 -0.708661 1.000000
tan -0.011160 -0.708661 -0.708661 1.000000
tan -0.011160 -0.708661 -0.708661 1.000000
tan -0.011160 -0.708661 -0.708661 1.000000
tan -0.178560 -0.970922 0.178560 1.000000
tan 0.156240 -0.982082 -0.156240 1.000000
tan 0.167400 -0.970922 -0.167400 1.000000
tan -0.206460 -0.959762 0.206461 1.000000
tan 0.000000 -0.708661 0.708661 1.000000
tan 0.000000 -0.708661 0.708661 1.000000
tan 0.000000 -0.708661 0.708661 1.000000
tan 0.000000 -0.708661 0.708661 1.000000
tan 0.306901 -0.903962 0.306901 1.000000
tan -0.178560 -0.970922 -0.178560 1.000000
tan 0.156240 -0.982082 0.156240 1.000000
tan -0.206460 -0.959762 -0.206460 1.000000
tan 0.000000 -0.708661 -0.708661 1.000000
tan 0.000000 -0.708661 -0.708661 1.000000
tan 0.000000 -0.708661 -0.708661 1.000000
tan 0.000000 -0.708661 -0.708661 1.000000
tan 0.156240 -0.982082 -0.156240 1.000000
tan -0.167400 -0.970922 0.167400 1.000000
tan 0.178560 -0.970922 -0.178560 1.000000
tan -0.178560 -0.970922 0.178560 1.000000
tan 0.000000 -0.708661 0.708661 1.000000
tan 0.000000 -0.708661 0.708661 1.000000
tan 0.000000 -0.708661 0.708661 1.000000
tan 0.000000 -0.708661 0.708661 1.000000
tan 0.000000 -0.708661 -0.708661 1.000000
tan 0.000000 -0.708661 -0.708661 1.000000
tan 0.000000 -0.708661 -0.708661 1.000000
tan 0.000000 -0.708661 -0.708661 1.000000
tan 0.031558 -0.480315 -0.881890 1.000000
tan 0.020832 -0.480315 -0.881890 1.000000
tan 0.020832 -0.480315 -0.881890 1.000000
tan 0.031558 -0.480315 -0.881890 1.000000
tan 0.013888 -0.464567 0.881890 1.000000
tan 0.013888 -0.464567 0.881890 1.000000
tan 0.013888 -0.464567 0.881890 1.000000
tan 0.013888 -0.464567 0.881890 1.000000
tan -0.059024 -0.932110 0.120156 1.000000
tan 0.163184 -0.872094 -0.332197 1.000000
tan 0.177072 -0.865026 -0.360469 1.000000
tan -0.083328 -0.925042 0.169632 1.000000
tan -0.013764 -0.488189 -0.874016 1.000000
tan -0.013764 -0.488189 -0.874016 1.000000
tan -0.013764 -0.488189 -0.874016 1.000000
tan -0.013764 -0.488189 -0.874016 1.000000
tan 0.141298 -0.887904 0.306591 1.000000
tan -0.141298 -0.887904 -0.306590 1.000000
tan -0.124868 -0.902164 -0.270940 1.000000
tan 0.167586 -0.863228 0.363631 1.000000
tan -0.138012 -0.887904 0.299461 1.000000
tan 0.128154 -0.895034 -0.278070 1.000000
tan 0.144584 -0.887904 -0.313720 1.000000
tan -0.164300 -0.863228 0.356501 1.000000
tan -0.006696 -0.527559 -0.850394 1.000000
tan -0.006696 -0.527559 -0.850394 1.000000
tan -0.006696 -0.527559 -0.850394 1.000000
tan -0.006696 -0.527559 -0.850394 1.000000
tan -0.013764 -0.488189 0.874016 1.000000
tan -0.006882 -0.488189 0.874016 1.000000
tan -0.006882 -0.488189 0.874016 1.000000
tan -0.013764 -0.488189 0.874016 1.000000
tan -0.121582 -0.902164 -0.263810 1.000000
tan 0.121582 -0.902164 0.263811 1.000000
tan 0.131440 -0.895034 0.285201 1.000000
tan -0.144584 -0.880774 -0.313720 1.000000
tan 0.128154 -0.895034 -0.278070 1.000000
tan -0.124868 -0.895034 0.270941 1.000000
tan -0.115010 -0.909294 0.249551 1.000000
tan 0.151156 -0.880774 -0.327981 1.000000
tan -0.006696 -0.527559 -0.850394 1.000000
tan -0.006696 -0.527559 -0.850394 1.000000
tan -0.006696 -0.527559 -0.850394 1.000000
tan -0.006696 -0.527559 -0.850394 1.000000
tan -0.006696 -0.527559 0.850394 1.000000
tan -0.006696 -0.527559 0.850394 1.000000
tan -0.006696 -0.527559 0.850394 1.000000
tan -0.006696 -0.527559 0.850394 1.000000
tan 0.131440 -0.895034 0.285201 1.000000
tan -0.121582 -0.902164 -0.263810 1.000000
tan -0.111724 -0.909294 -0.242420 1.000000
tan 0.154442 -0.873644 0.335111 1.000000
tan -0.118296 -0.902164 0.256681 1.000000
tan 0.121582 -0.902164 -0.263810 1.000000
tan 0.131440 -0.895034 -0.285200 1.000000
tan -0.141298 -0.887904 0.306591 1.000000
tan 0.000000 -0.464567 -0.881890 1.000000
tan 0.000000 -0.464567 -0.881890 1.000000
tan 0.000000 -0.464567 -0.881890 1.000000
tan 0.000000 -0.464567 -0.881890 1.000000
tan 0.000000 -0.527559 0.850394 1.000000
tan 0.000000 -0.527559 0.850394 1.000000
tan 0.000000 -0.527559 0.850394 1.000000
tan 0.000000 -0.527559 0.850394 1.000000
tan 0.157728 -0.873644 0.342241 1.000000
tan -0.138012 -0.887904 -0.299460 1.000000
tan -0.118296 -0.902164 -0.256680 1.000000
tan 0.187302 -0.841837 0.406411 1.000000
tan -0.134726 -0.895034 0.292331 1.000000
tan 0.138012 -0.887904 -0.299460 1.000000
tan 0.154442 -0.873644 -0.335111 1.000000
tan -0.164300 -0.863228 0.356501 1.000000
tan -0.094860 -0.993242 -0.094860 1.000000
tan 0.318061 -0.892802 0.318061 1.000000
tan -0.161820 -0.970922 -0.161820 1.000000
tan 0.362701 -0.859322 0.362701 1.000000
tan -0.015748 -1.000000 0.000000 1.000000
tan 0.007874 -1.000000 0.000000 1.000000
tan 0.015748 -1.000000 0.000000 1.000000
tan -0.015748 -1.000000 0.000000 1.000000
tan -0.026784 -0.983074 -0.045136 1.000000
tan -0.032984 -0.973092 -0.050530 1.000000
tan -0.014012 -0.995536 -0.033852 1.000000
tan -0.063240 -0.948974 -0.077376 1.000000
tan 0.622729 -0.507409 0.582553 1.000000
tan -0.126852 -0.947486 -0.118668 1.000000
tan 0.443983 -0.771343 0.415339 1.000000
tan -0.051894 -0.978734 -0.048546 1.000000
tan -0.070866 -0.000000 -1.000000 1.000000
tan -0.070866 -0.000000 -1.000000 1.000000
tan -0.070866 -0.000000 -1.000000 1.000000
tan -0.070866 -0.000000 -1.000000 1.000000
tan -0.070866 -0.000000 -1.000000 1.000000
tan -0.070866 -0.000000 -1.000000 1.000000
tan -0.070866 -0.000000 -1.000000 1.000000
tan -0.070866 -0.000000 -1.000000 1.000000
tan -0.087048 -0.716473 0.661417 1.000000
tan -0.049910 -0.710831 0.699051 1.000000
tan -0.158658 -0.720689 0.657883 1.000000
tan -0.133176 -0.747721 0.581437 1.000000
tan -0.282101 -0.811581 0.309877 1.000000
tan -0.255069 -0.806249 0.444789 1.000000
tan -0.365057 -0.891438 0.153202 1.000000
tan -0.364561 -0.893112 0.096782 1.000000
tan -0.229028 -0.972410 0.016306 1.000000
tan -0.315581 -0.935830 -0.041602 1.000000
tan 0.016740 -1.004402 0.027900 1.000000
tan -0.010664 -0.998884 0.078244 1.000000
tan 0.007874 -0.000558 1.000000 1.000000
tan 0.007874 -0.000558 1.000000 1.000000
tan 0.007874 -0.000682 1.000000 1.000000
tan 0.007812 -0.000744 0.992126 1.000000
tan 0.007626 -0.001860 0.972224 1.000000
tan 0.007626 -0.001860 0.972224 1.000000
tan 0.224502 -0.723293 0.644305 1.000000
tan 0.094302 -0.706987 0.691797 1.000000
tan 0.092628 -0.717589 0.658937 1.000000
tan 0.326493 -0.769173 0.487569 1.000000
tan 0.253891 -0.764461 0.496001 1.000000
tan 0.397421 -0.827702 0.228719 1.000000
tan 0.363817 -0.787897 0.232873 1.000000
tan 0.416021 -0.865522 0.014880 1.000000
tan 0.321781 -0.933722 -0.093186 1.000000
tan 0.435861 -0.826896 -0.339141 1.000000
tan 0.044640 -1.004402 -0.033480 1.000000
tan 0.072044 -0.998884 0.017546 1.000000
tan -0.007874 -1.000000 0.007874 1.000000
tan -0.273421 -0.953066 -0.105896 1.000000
tan -0.015748 -1.000000 0.000000 1.000000
tan 0.030752 -0.976378 0.228347 1.000000
tan 0.057040 -0.905512 0.433071 1.000000
tan -0.015748 0.000000 1.000000 1.000000
tan -0.015748 0.000000 1.000000 1.000000
tan -0.071486 -0.007812 -0.992126 1.000000
tan -0.070866 -0.000000 -1.000000 1.000000
tan -0.070866 -0.000000 -1.000000 1.000000
tan -0.070866 -0.000000 -1.000000 1.000000
tan -0.070866 -0.000000 -1.000000 1.000000
tan 0.023622 -1.000000 0.000000 1.000000
tan 0.031496 -1.000000 0.000000 1.000000
tan 0.031496 -1.000000 0.000000 1.000000
tan 0.023622 -1.000000 0.000000 1.000000
tan 0.023622 -1.000000 0.000000 1.000000
tan 0.023622 -1.000000 0.000000 1.000000
tan 0.023622 -1.000000 0.000000 1.000000
tan 0.023622 -1.000000 0.000000 1.000000
tan 0.023622 -1.000000 0.000000 1.000000
tan 0.023622 -1.000000 0.000000 1.000000
tan 0.023622 -1.000000 0.000000 1.000000
tan 0.031496 -1.000000 0.000000 1.000000
tan 0.031496 -1.000000 0.000000 1.000000
tan 0.023622 -1.000000 0.000000 1.000000
tan 0.023622 -1.000000 0.000000 1.000000
tan 0.023622 -1.000000 0.000000 1.000000
tan 0.023622 -1.000000 0.000000 1.000000
tan 0.023622 -1.000000 0.000000 1.000000
tan 0.023622 -1.000000 0.000000 1.000000
tan -0.103044 -0.710149 0.693843 1.000000
tan -0.025668 -0.736561 0.651187 1.000000
tan -0.063116 -0.711513 0.680017 1.000000
tan -0.013020 -0.741211 0.632711 1.000000
tan 0.053010 -0.828631 0.542935 1.000000
tan -0.002852 -0.824229 0.533325 1.000000
tan 0.101432 -0.930746 0.301693 1.000000
tan 0.191890 -0.955980 0.194804 1.000000
tan 0.201252 -0.977246 0.033480 1.000000
tan 0.257425 -0.961250 -0.024552 1.000000
tan 0.532457 -0.502759 0.658255 1.000000
tan 0.097464 -0.338087 0.902226 1.000000
tan 0.162254 -0.361461 0.892430 1.000000
tan 0.596937 -0.546345 0.579577 1.000000
tan 0.581251 -0.747907 0.255317 1.000000
tan 0.579515 -0.749023 0.255317 1.000000
tan 0.337033 -0.865088 0.223511 1.000000
tan 0.316945 -0.894848 0.162564 1.000000
tan 0.273855 -0.925662 -0.151962 1.000000
tan 0.297477 -0.901482 -0.248868 1.000000
tan -0.078988 -0.987662 0.155806 1.000000
tan 0.165354 0.000000 0.984252 1.000000
tan 0.165354 0.000000 0.984252 1.000000
tan -0.083824 -0.993242 0.105896 1.000000
tan 0.100440 -0.993242 -0.100440 1.000000
tan 0.139376 -0.982082 -0.128464 1.000000
tan 0.141732 -0.992126 0.000000 1.000000
tan 0.062992 -1.000000 0.000000 1.000000
tan 0.047244 -1.000000 0.000000 1.000000
tan 0.149606 -0.992126 0.000000 1.000000
tan 0.244094 -0.968504 0.000000 1.000000
tan 0.259843 -0.968504 0.000000 1.000000
tan 0.346457 -0.937008 0.000000 1.000000
tan 0.362205 -0.929134 0.000000 1.000000
tan 0.488189 -0.874016 0.000000 1.000000
tan 0.503937 -0.866142 0.000000 1.000000
tan 0.622047 -0.787401 0.000000 1.000000
tan 0.614173 -0.795275 0.000000 1.000000
tan 0.661417 -0.748031 0.000000 1.000000
tan 0.669291 -0.748031 0.000000 1.000000
tan 0.275591 -0.960630 -0.068076 1.000000
tan 0.007874 -1.000000 0.000000 1.000000
tan 0.023622 -1.000000 0.000000 1.000000
tan 0.000000 -0.984252 0.157480 1.000000
tan 0.000000 -0.984252 0.157480 1.000000
tan 0.149606 0.000000 0.992126 1.000000
tan 0.054250 -0.984252 0.165354 1.000000
tan 0.141732 0.000000 0.992126 1.000000
tan 0.031496 -1.000000 0.086614 1.000000
tan 0.015748 -1.000000 -0.031496 1.000000
tan 0.007874 -1.000000 -0.031496 1.000000
tan -0.070866 0.000000 1.000000 1.000000
tan -0.070866 0.000000 1.000000 1.000000
tan -0.070866 0.000000 0.992126 1.000000
tan -0.070866 0.000000 1.000000 1.000000
tan -0.070866 0.000000 1.000000 1.000000
tan 0.000000 0.000000 0.972224 1.000000
tan 0.000000 0.000000 0.992126 1.000000
tan 0.000000 0.000000 0.968504 1.000000
tan 0.000000 0.000000 1.000000 1.000000
tan 0.000000 0.000000 1.000000 1.000000
tan 0.000000 0.000000 1.000000 1.000000
tan 0.103044 -0.704569 0.688697 1.000000
tan 0.030504 -0.733771 0.651187 1.000000
tan 0.108624 -0.704569 0.690805 1.000000
tan 0.017732 -0.738297 0.632711 1.000000
tan -0.043524 -0.824725 0.546841 1.000000
tan 0.008432 -0.824229 0.537541 1.000000
tan -0.107012 -0.930746 0.296671 1.000000
tan -0.203050 -0.955980 0.184512 1.000000
tan -0.195672 -0.977246 0.038874 1.000000
tan -0.253146 -0.966644 -0.019158 1.000000
tan -0.315147 -0.894848 0.169694 1.000000
tan -0.297477 -0.901482 -0.248868 1.000000
tan -0.273855 -0.925662 -0.151962 1.000000
tan -0.335359 -0.865088 0.230517 1.000000
tan -0.581251 -0.747907 0.255317 1.000000
tan -0.579515 -0.749023 0.255317 1.000000
tan -0.590489 -0.543865 0.586025 1.000000
tan -0.525885 -0.498853 0.658255 1.000000
tan -0.155310 -0.358609 0.892430 1.000000
tan -0.097464 -0.338087 0.902226 1.000000
tan -0.101742 -0.982082 0.178126 1.000000
tan 0.055118 0.000000 1.000000 1.000000
tan 0.070866 0.000000 1.000000 1.000000
tan -0.083824 -0.993242 0.105896 1.000000
tan -0.055800 -1.004402 0.055800 1.000000
tan -0.061318 -0.998822 0.050220 1.000000
tan -0.118110 -0.992126 0.000000 1.000000
tan -0.023622 -1.000000 0.000000 1.000000
tan -0.039370 -1.000000 0.000000 1.000000
tan -0.125984 -0.992126 0.000000 1.000000
tan -0.196850 -0.984252 0.000000 1.000000
tan -0.236220 -0.968504 0.000000 1.000000
tan -0.283465 -0.960630 0.000000 1.000000
tan -0.346457 -0.937008 0.000000 1.000000
tan -0.385827 -0.921260 0.000000 1.000000
tan -0.401575 -0.913386 0.000000 1.000000
tan -0.456693 -0.889764 0.000000 1.000000
tan -0.456693 -0.889764 0.000000 1.000000
tan -0.488189 -0.874016 0.000000 1.000000
tan -0.488189 -0.874016 0.000000 1.000000
tan -0.265609 -0.953066 0.105896 1.000000
tan 0.000000 -1.000000 -0.031496 1.000000
tan -0.023622 -1.000000 -0.023622 1.000000
tan 0.000000 -1.000000 0.086614 1.000000
tan 0.000000 -0.992126 0.094488 1.000000
tan 0.015748 -1.000000 0.000000 1.000000
tan 0.015748 -1.000000 0.000000 1.000000
tan 0.015748 -1.000000 0.000000 1.000000
tan 0.015748 -1.000000 0.000000 1.000000
tan 0.015748 -1.000000 0.000000 1.000000
tan 0.015748 -1.000000 0.000000 1.000000
tan -0.007874 -1.000000 0.000000 1.000000
tan -0.007874 -1.000000 0.000000 1.000000
tan -0.007874 -1.000000 0.000000 1.000000
tan -0.007874 -1.000000 0.000000 1.000000
tan -0.007874 -1.000000 0.000000 1.000000
tan -0.007874 -1.000000 0.000000 1.000000
tan -0.007874 -1.000000 0.000000 1.000000
tan -0.007874 -1.000000 0.000000 1.000000
tan -0.007874 -1.000000 0.000000 1.000000
tan -0.007874 -1.000000 0.000000 1.000000
tan -0.007874 -1.000000 0.000000 1.000000
tan -0.007874 -1.000000 0.000000 1.000000
tan -0.007874 -1.000000 0.000000 1.000000
tan -0.007874 -1.000000 0.000000 1.000000
tan -0.007874 -1.000000 0.000000 1.000000
tan -0.007874 -1.000000 0.000000 1.000000
tan -0.007874 -1.000000 0.000000 1.000000
tan -0.007874 -1.000000 0.000000 1.000000
tan -0.007874 -1.000000 0.000000 1.000000
tan 0.000000 -1.000000 0.000000 1.000000
tan 0.000000 -1.000000 0.000000 1.000000
tan 0.000000 -1.000000 0.000000 1.000000
tan 0.000000 -1.000000 0.000000 1.000000
tan 0.000000 -1.000000 0.000000 1.000000
tan 0.000000 -1.000000 0.000000 1.000000
tan 0.031496 -1.000000 0.000000 1.000000
tan 0.015748 -1.000000 0.000000 1.000000
tan 0.094488 -0.992126 0.000000 1.000000
tan 0.078740 -1.000000 0.000000 1.000000
tan -0.015748 -1.000000 0.000000 1.000000
tan -0.023622 -1.000000 0.000000 1.000000
tan -0.118110 -0.992126 0.000000 1.000000
tan 0.007874 -1.000000 0.000000 1.000000
tan -0.220472 -0.976378 0.000000 1.000000
tan -0.086614 -1.000000 0.000000 1.000000
tan -0.070866 -1.000000 0.000000 1.000000
tan -0.039370 -1.000000 0.000000 1.000000
tan 0.000000 -1.000000 0.000000 1.000000
tan 0.007874 -1.000000 0.000000 1.000000
tan 0.015748 -1.000000 0.000000 1.000000
tan -0.007874 -1.000000 0.000000 1.000000
tan -0.015748 -1.000000 0.000000 1.000000
tan -0.007874 -1.000000 0.000000 1.000000
tan 0.015748 -1.000000 0.000000 1.000000
tan 0.007874 -1.000000 0.000000 1.000000
tan 0.000000 -1.000000 0.000000 1.000000
tan 0.007874 -1.000000 0.000000 1.000000
tan 0.007874 -1.000000 0.000000 1.000000
tan 0.000000 -1.000000 0.000000 1.000000
tan 0.007874 -1.000000 0.000000 1.000000
tan 0.000000 -1.000000 0.000000 1.000000
tan 0.015748 -1.000000 0.000000 1.000000
tan -0.015748 -1.000000 0.000000 1.000000
tan -0.007874 -1.000000 0.000000 1.000000
tan 0.031496 -1.000000 0.000000 1.000000
tan 0.141732 -0.992126 0.000000 1.000000
tan -0.023622 -1.000000 0.000000 1.000000
tan 0.244094 -0.968504 0.000000 1.000000
tan 0.118110 -0.992126 0.000000 1.000000
tan 0.133858 -0.992126 0.000000 1.000000
tan 0.015748 -1.000000 0.000000 1.000000
tan 0.039370 -1.000000 0.000000 1.000000
tan -0.094488 -0.992126 0.000000 1.000000
tan 0.000000 -1.000000 0.000000 1.000000
tan -0.102362 -0.992126 0.000000 1.000000
tan -0.078740 -1.000000 0.000000 1.000000
tan 0.015748 -1.000000 0.000000 1.000000
tan 0.007874 -1.000000 0.000000 1.000000
tan -0.015748 -1.000000 0.000000 1.000000
tan -0.007874 -1.000000 0.000000 1.000000
tan -0.007874 -1.000000 0.000000 1.000000
tan 0.031496 -1.000000 0.000000 1.000000
tan 0.000000 -1.000000 0.000000 1.000000
tan -0.015748 -1.000000 0.000000 1.000000
tan 0.015748 -1.000000 0.000000 1.000000
tan -0.007874 -1.000000 0.000000 1.000000
tan -0.015748 -1.000000 0.000000 1.000000
tan 0.000000 -1.000000 0.000000 1.000000
tan -0.031496 -1.000000 0.000000 1.000000
tan -0.015748 -1.000000 0.000000 1.000000
tan -0.007874 -1.000000 0.000000 1.000000
tan -0.007874 -1.000000 0.000000 1.000000
tan -0.007874 -1.000000 0.000000 1.000000
tan -0.015748 -1.000000 0.000000 1.000000
tan -0.007874 -1.000000 0.000000 1.000000
tan -0.007874 -1.000000 0.000000 1.000000
f 3/3/3 2/2/2 1/1/1
f 6/6/6 5/5/5 4/4/4
f 9/9/9 8/8/8 7/7/7
f 11/11/11 7/7/7 10/10/10
f 11/11/11 10/10/10 12/12/12
f 12/12/12 13/13/13 11/11/11
f 14/14/14 13/13/13 12/12/12
f 14/14/14 15/15/15 13/13/13
f 15/15/15 14/14/14 16/16/16
f 19/19/19 18/18/18 17/17/17
f 21/21/21 18/18/18 20/20/20
f 22/22/22 21/21/21 20/20/20
f 20/20/20 23/23/23 22/22/22
f 24/24/24 22/22/22 23/23/23
f 23/23/23 25/25/25 24/24/24
f 25/25/25 26/26/26 24/24/24
f 29/29/29 28/28/28 27/27/27
f 30/30/30 27/27/27 28/28/28
f 33/33/33 32/32/32 31/31/31
f 34/34/34 31/31/31 32/32/32
f 37/37/37 36/36/36 35/35/35
f 38/38/38 35/35/35 36/36/36
f 41/41/41 40/40/40 39/39/39
f 42/42/42 39/39/39 40/40/40
f 45/45/45 44/44/44 43/43/43
f 46/46/46 45/45/45 43/43/43
f 49/49/49 48/48/48 47/47/47
f 50/50/50 49/49/49 47/47/47
f 53/53/53 52/52/52 51/51/51
f 54/54/54 53/53/53 51/51/51
f 57/57/57 56/56/56 55/55/55
f 58/58/58 57/57/57 55/55/55
f 61/61/61 60/60/60 59/59/59
f 62/62/62 61/61/61 59/59/59
f 65/65/65 64/64/64 63/63/63
f 66/66/66 65/65/65 63/63/63
f 69/69/69 68/68/68 67/67/67
f 70/70/70 69/69/69 67/67/67
f 73/73/73 72/72/72 71/71/71
f 74/74/74 73/73/73 71/71/71
f 77/77/77 76/76/76 75/75/75
f 78/78/78 77/77/77 75/75/75
f 81/81/81 80/80/80 79/79/79
f 82/82/82 80/80/80 81/81/81
f 85/85/85 84/84/84 83/83/83
f 86/86/86 83/83/83 84/84/84
f 89/89/89 88/88/88 87/87/87
f 90/90/90 88/88/88 89/89/89
f 93/93/93 92/92/92 91/91/91
f 91/91/91 92/92/92 94/94/94
f 97/97/97 96/96/96 95/95/95
f 98/98/98 95/95/95 96/96/96
f 101/101/101 100/100/100 99/99/99
f 102/102/102 99/99/99 100/100/100
f 105/105/105 104/104/104 103/103/103
f 106/106/106 104/104/104 105/105/105
f 109/109/109 108/108/108 107/107/107
f 110/110/110 107/107/107 108/108/108
f 113/113/113 112/112/112 111/111/111
f 111/111/111 112/112/112 114/114/114
f 117/117/117 116/116/116 115/115/115
f 118/118/118 115/115/115 116/116/116
f 121/121/121 120/120/120 119/119/119
f 122/122/122 120/120/120 121/121/121
f 125/125/125 124/124/124 123/123/123
f 126/126/126 124/124/124 125/125/125
f 129/129/129 128/128/128 127/127/127
f 127/127/127 128/128/128 130/130/130
f 133/133/133 132/132/132 131/131/131
f 134/134/134 132/132/132 133/133/133
f 137/137/137 136/136/136 135/135/135
f 138/138/138 136/136/136 137/137/137
f 141/141/141 140/140/140 139/139/139
f 142/142/142 139/139/139 140/140/140
f 145/145/145 144/144/144 143/143/143
f 143/143/143 144/144/144 146/146/146
f 149/149/149 148/148/148 147/147/147
f 150/150/150 148/148/148 149/149/149
f 153/153/153 152/152/152 151/151/151
f 154/154/154 151/151/151 152/152/152
f 157/157/157 156/156/156 155/155/155
f 158/158/158 155/155/155 156/156/156
f 161/161/161 160/160/160 159/159/159
f 162/162/162 161/161/161 159/159/159
f 165/165/165 164/164/164 163/163/163
f 166/166/166 163/163/163 164/164/164
f 169/169/169 168/168/168 167/167/167
f 170/170/170 169/169/169 167/167/167
f 173/173/173 172/172/172 171/171/171
f 174/174/174 171/171/171 172/172/172
f 177/177/177 176/176/176 175/175/175
f 178/178/178 175/175/175 176/176/176
f 181/181/181 180/180/180 179/179/179
f 182/182/182 179/179/179 180/180/180
f 185/185/185 184/184/184 183/183/183
f 186/186/186 183/183/183 184/184/184
f 189/189/189 188/188/188 187/187/187
f 190/190/190 189/189/189 187/187/187
f 193/193/193 192/192/192 191/191/191
f 194/194/194 191/191/191 192/192/192
f 197/197/197 196/196/196 195/195/195
f 198/198/198 195/195/195 196/196/196
f 201/201/201 200/200/200 199/199/199
f 202/202/202 201/201/201 199/199/199
f 205/205/205 204/204/204 203/203/203
f 206/206/206 203/203/203 204/204/204
f 209/209/209 208/208/208 207/207/207
f 210/210/210 207/207/207 208/208/208
f 213/213/213 212/212/212 211/211/211
f 214/214/214 211/211/211 212/212/212
f 217/217/217 216/216/216 215/215/215
f 218/218/218 217/217/217 215/215/215
f 221/221/221 220/220/220 219/219/219
f 222/222/222 219/219/219 220/220/220
f 225/225/225 224/224/224 223/223/223
f 226/226/226 223/223/223 224/224/224
f 229/229/229 228/228/228 227/227/227
f 230/230/230 228/228/228 229/229/229
f 233/233/233 232/232/232 231/231/231
f 234/234/234 232/232/232 233/233/233
f 237/237/237 236/236/236 235/235/235
f 237/237/237 238/238/238 236/236/236
f 241/241/241 240/240/240 239/239/239
f 241/241/241 242/242/242 240/240/240
f 245/245/245 244/244/244 243/243/243
f 244/244/244 245/245/245 246/246/246
f 249/249/249 248/248/248 247/247/247
f 250/250/250 248/248/248 249/249/249
f 253/253/253 252/252/252 251/251/251
f 254/254/254 252/252/252 253/253/253
f 257/257/257 256/256/256 255/255/255
f 258/258/258 255/255/255 256/256/256
f 261/261/261 260/260/260 259/259/259
f 262/262/262 259/259/259 260/260/260
f 265/265/265 264/264/264 263/263/263
f 266/266/266 265/265/265 263/263/263
f 269/269/269 268/268/268 267/267/267
f 270/270/270 269/269/269 267/267/267
f 273/273/273 272/272/272 271/271/271
f 274/274/274 273/273/273 271/271/271
f 277/277/277 276/276/276 275/275/275
f 278/278/278 277/277/277 275/275/275
f 281/281/281 280/280/280 279/279/279
f 282/282/282 281/281/281 279/279/279
f 285/285/285 284/284/284 283/283/283
f 286/286/286 285/285/285 283/283/283
f 289/289/289 288/288/288 287/287/287
f 290/290/290 289/289/289 287/287/287
f 293/293/293 292/292/292 291/291/291
f 294/294/294 293/293/293 291/291/291
f 297/297/297 296/296/296 295/295/295
f 298/298/298 297/297/297 295/295/295
f 301/301/301 300/300/300 299/299/299
f 302/302/302 300/300/300 301/301/301
f 305/305/305 304/304/304 303/303/303
f 306/306/306 303/303/303 304/304/304
f 309/309/309 308/308/308 307/307/307
f 310/310/310 307/307/307 308/308/308
f 313/313/313 312/312/312 311/311/311
f 314/314/314 312/312/312 313/313/313
f 317/317/317 316/316/316 315/315/315
f 318/318/318 316/316/316 317/317/317
f 321/321/321 320/320/320 319/319/319
f 322/322/322 320/320/320 321/321/321
f 325/325/325 324/324/324 323/323/323
f 326/326/326 324/324/324 325/325/325
f 329/329/329 328/328/328 327/327/327
f 330/330/330 327/327/327 328/328/328
f 333/333/333 332/332/332 331/331/331
f 331/331/331 332/332/332 334/334/334
f 337/337/337 336/336/336 335/335/335
f 338/338/338 335/335/335 336/336/336
f 341/341/341 340/340/340 339/339/339
f 342/342/342 340/340/340 341/341/341
f 345/345/345 344/344/344 343/343/343
f 346/346/346 343/343/343 344/344/344
f 349/349/349 348/348/348 347/347/347
f 347/347/347 348/348/348 350/350/350
f 353/353/353 352/352/352 351/351/351
f 354/354/354 352/352/352 353/353/353
f 357/357/357 356/356/356 355/355/355
f 358/358/358 356/356/356 357/357/357
f 361/361/361 360/360/360 359/359/359
f 362/362/362 359/359/359 360/360/360
f 365/365/365 364/364/364 363/363/363
f 366/366/366 363/363/363 364/364/364
f 369/369/369 368/368/368 367/367/367
f 370/370/370 368/368/368 369/369/369
f 373/373/373 372/372/372 371/371/371
f 374/374/374 373/373/373 371/371/371
f 377/377/377 376/376/376 375/375/375
f 378/378/378 377/377/377 375/375/375
f 381/381/381 380/380/380 379/379/379
f 382/382/382 379/379/379 380/380/380
f 385/385/385 384/384/384 383/383/383
f 386/386/386 383/383/383 384/384/384
f 389/389/389 388/388/388 387/387/387
f 390/390/390 389/389/389 387/387/387
f 393/393/393 392/392/392 391/391/391
f 394/394/394 391/391/391 392/392/392
f 397/397/397 396/396/396 395/395/395
f 398/398/398 395/395/395 396/396/396
f 401/401/401 400/400/400 399/399/399
f 402/402/402 401/401/401 399/399/399
f 405/405/405 404/404/404 403/403/403
f 406/406/406 403/403/403 404/404/404
f 409/409/409 408/408/408 407/407/407
f 410/410/410 409/409/409 407/407/407
f 413/413/413 412/412/412 411/411/411
f 414/414/414 411/411/411 412/412/412
f 417/417/417 416/416/416 415/415/415
f 418/418/418 417/417/417 415/415/415
f 421/421/421 420/420/420 419/419/419
f 422/422/422 421/421/421 419/419/419
f 425/425/425 424/424/424 423/423/423
f 426/426/426 423/423/423 424/424/424
f 429/429/429 428/428/428 427/427/427
f 430/430/430 427/427/427 428/428/428
f 433/433/433 432/432/432 431/431/431
f 434/434/434 433/433/433 431/431/431
f 437/437/437 436/436/436 435/435/435
f 438/438/438 437/437/437 435/435/435
f 441/441/441 440/440/440 439/439/439
f 442/442/442 439/439/439 440/440/440
f 445/445/445 444/444/444 443/443/443
f 446/446/446 444/444/444 445/445/445
f 449/449/449 448/448/448 447/447/447
f 449/449/449 447/447/447 450/450/450
f 453/453/453 452/452/452 451/451/451
f 454/454/454 451/451/451 452/452/452
f 457/457/457 456/456/456 455/455/455
f 458/458/458 456/456/456 457/457/457
f 461/461/461 460/460/460 459/459/459
f 462/462/462 459/459/459 460/460/460
f 465/465/465 464/464/464 463/463/463
f 464/464/464 465/465/465 466/466/466
f 469/469/469 468/468/468 467/467/467
f 469/469/469 467/467/467 470/470/470
f 472/472/472 470/470/470 471/471/471
f 471/471/471 473/473/473 472/472/472
f 473/473/473 471/471/471 474/474/474
f 474/474/474 475/475/475 473/473/473
f 475/475/475 474/474/474 476/476/476
f 476/476/476 477/477/477 475/475/475
f 478/478/478 475/475/475 477/477/477
f 481/481/481 480/480/480 479/479/479
f 480/480/480 481/481/481 482/482/482
f 481/481/481 483/483/483 482/482/482
f 483/483/483 484/484/484 482/482/482
f 487/487/487 486/486/486 485/485/485
f 485/485/485 488/488/488 487/487/487
f 489/489/489 487/487/487 488/488/488
f 488/488/488 490/490/490 489/489/489
f 491/491/491 489/489/489 490/490/490
f 490/490/490 492/492/492 491/491/491
f 494/494/494 492/492/492 493/493/493
f 494/494/494 493/493/493 495/495/495
f 496/496/496 495/495/495 493/493/493
f 499/499/499 498/498/498 497/497/497
f 499/499/499 497/497/497 500/500/500
f 501/501/501 499/499/499 500/500/500
f 501/501/501 500/500/500 502/502/502
f 503/503/503 501/501/501 502/502/502
f 506/506/506 505/505/505 504/504/504
f 505/505/505 506/506/506 507/507/507
f 508/508/508 507/507/507 506/506/506
f 511/511/511 510/510/510 509/509/509
f 510/510/510 512/512/512 509/509/509
f 509/509/509 512/512/512 513/513/513
f 512/512/512 514/514/514 513/513/513
f 515/515/515 513/513/513 514/514/514
f 515/515/515 514/514/514 516/516/516
f 517/517/517 516/516/516 514/514/514
f 516/516/516 517/517/517 518/518/518
f 518/518/518 517/517/517 519/519/519
f 520/520/520 519/519/519 517/517/517
f 519/519/519 520/520/520 521/521/521
f 521/521/521 520/520/520 522/522/522
f 523/523/523 522/522/522 520/520/520
f 523/523/523 524/524/524 522/522/522
f 524/524/524 525/525/525 522/522/522
f 525/525/525 524/524/524 526/526/526
f 524/524/524 527/527/527 526/526/526
f 530/530/530 529/529/529 528/528/528
f 531/531/531 528/528/528 529/529/529
f 529/529/529 532/532/532 531/531/531
f 533/533/533 531/531/531 532/532/532
f 532/532/532 534/534/534 533/533/533
f 533/533/533 534/534/534 535/535/535
f 534/534/534 536/536/536 535/535/535
f 534/534/534 537/537/537 536/536/536
f 540/540/540 539/539/539 538/538/538
f 538/538/538 541/541/541 540/540/540
f 541/541/541 538/538/538 542/542/542
f 543/543/543 541/541/541 542/542/542
f 543/543/543 542/542/542 544/544/544
f 545/545/545 544/544/544 542/542/542
f 544/544/544 545/545/545 546/546/546
f 547/547/547 546/546/546 545/545/545
f 550/550/550 549/549/549 548/548/548
f 548/548/548 549/549/549 551/551/551
f 548/548/548 551/551/551 552/552/552
f 552/552/552 551/551/551 553/553/553
f 556/556/556 555/555/555 554/554/554
f 557/557/557 554/554/554 555/555/555
f 554/554/554 557/557/557 558/558/558
f 559/559/559 558/558/558 557/557/557
f 558/558/558 559/559/559 560/560/560
f 561/561/561 560/560/560 559/559/559
f 560/560/560 561/561/561 562/562/562
f 563/563/563 562/562/562 561/561/561
f 562/562/562 563/563/563 564/564/564
f 565/565/565 564/564/564 563/563/563
f 565/565/565 566/566/566 564/564/564
f 566/566/566 567/567/567 564/564/564
f 570/570/570 569/569/569 568/568/568
f 570/570/570 571/571/571 569/569/569
f 571/571/571 572/572/572 569/569/569
f 575/575/575 574/574/574 573/573/573
f 574/574/574 576/576/576 573/573/573
f 574/574/574 577/577/577 576/576/576
f 577/577/577 578/578/578 576/576/576
f 581/581/581 580/580/580 579/579/579
f 580/580/580 582/582/582 579/579/579
f 583/583/583 579/579/579 582/582/582
f 586/586/586 585/585/585 584/584/584
f 586/586/586 587/587/587 585/585/585
f 585/585/585 587/587/587 588/588/588
f 589/589/589 588/588/588 587/587/587
f 592/592/592 591/591/591 590/590/590
f 591/591/591 592/592/592 593/593/593
f 591/591/591 593/593/593 594/594/594
f 595/595/595 594/594/594 593/593/593
f 594/594/594 595/595/595 596/596/596
f 595/595/595 597/597/597 596/596/596
f 597/597/597 598/598/598 596/596/596
f 599/599/599 596/596/596 598/598/598
f 602/602/602 601/601/601 600/600/600
f 600/600/600 603/603/603 602/602/602
f 603/603/603 600/600/600 604/604/604
f 605/605/605 603/603/603 604/604/604
f 605/605/605 604/604/604 606/606/606
f 607/607/607 606/606/606 604/604/604
f 606/606/606 607/607/607 608/608/608
f 609/609/609 608/608/608 607/607/607
f 612/612/612 611/611/611 610/610/610
f 610/610/610 611/611/611 613/613/613
f 610/610/610 613/613/613 614/614/614
f 614/614/614 613/613/613 615/615/615
f 618/618/618 617/617/617 616/616/616
f 616/616/616 619/619/619 618/618/618
f 619/619/619 616/616/616 620/620/620
f 620/620/620 621/621/621 619/619/619
f 620/620/620 622/622/622 621/621/621
f 623/623/623 621/621/621 622/622/622
f 622/622/622 624/624/624 623/623/623
f 625/625/625 623/623/623 624/624/624
f 625/625/625 624/624/624 626/626/626
f 627/627/627 626/626/626 624/624/624
f 626/626/626 627/627/627 628/628/628
f 629/629/629 628/628/628 627/627/627
f 632/632/632 631/631/631 630/630/630
f 632/632/632 633/633/633 631/631/631
f 633/633/633 634/634/634 631/631/631
f 637/637/637 636/636/636 635/635/635
f 638/638/638 636/636/636 637/637/637
f 638/638/638 639/639/639 636/636/636
f 636/636/636 639/639/639 640/640/640
f 643/643/643 642/642/642 641/641/641
f 641/641/641 642/642/642 644/644/644
f 641/641/641 644/644/644 645/645/645
f 641/641/641 645/645/645 646/646/646
f 647/647/647 646/646/646 645/645/645
f 646/646/646 647/647/647 648/648/648
f 648/648/648 649/649/649 646/646/646
f 650/650/650 649/649/649 648/648/648
f 650/650/650 651/651/651 649/649/649
f 652/652/652 649/649/649 651/651/651
f 653/653/653 652/652/652 651/651/651
f 652/652/652 653/653/653 654/654/654
f 655/655/655 654/654/654 653/653/653
f 654/654/654 655/655/655 656/656/656
f 657/657/657 656/656/656 655/655/655
f 657/657/657 658/658/658 656/656/656
f 659/659/659 656/656/656 658/658/658
f 662/662/662 661/661/661 660/660/660
f 662/662/662 663/663/663 661/661/661
f 662/662/662 664/664/664 663/663/663
f 664/664/664 662/662/662 665/665/665
f 668/668/668 667/667/667 666/666/666
f 667/667/667 669/669/669 666/666/666
f 670/670/670 666/666/666 669/669/669
f 667/667/667 671/671/671 669/669/669
f 672/672/672 666/666/666 670/670/670
f 673/673/673 671/671/671 667/667/667
f 666/666/666 672/672/672 674/674/674
f 675/675/675 666/666/666 674/674/674
f 676/676/676 674/674/674 672/672/672
f 676/676/676 677/677/677 674/674/674
f 678/678/678 677/677/677 676/676/676
f 679/679/679 678/678/678 676/676/676
f 678/678/678 679/679/679 671/671/671
f 680/680/680 677/677/677 678/678/678
f 671/671/671 681/681/681 678/678/678
f 682/682/682 681/681/681 671/671/671
f 683/683/683 682/682/682 671/671/671
f 671/671/671 673/673/673 683/683/683
f 682/682/682 683/683/683 684/684/684
f 685/685/685 684/684/684 683/683/683
f 678/678/678 684/684/684 685/685/685
f 686/686/686 683/683/683 673/673/673
f 685/685/685 687/687/687 678/678/678
f 686/686/686 688/688/688 687/687/687
f 688/688/688 686/686/686 673/673/673
f 678/678/678 687/687/687 689/689/689
f 689/689/689 687/687/687 688/688/688
f 678/678/678 689/689/689 680/680/680
f 690/690/690 688/688/688 673/673/673
f 691/691/691 680/680/680 689/689/689
f 692/692/692 690/690/690 673/673/673
f 690/690/690 692/692/692 691/691/691
f 673/673/673 693/693/693 692/692/692
f 694/694/694 691/691/691 692/692/692
f 680/680/680 691/691/691 694/694/694
f 673/673/673 695/695/695 693/693/693
f 694/694/694 695/695/695 680/680/680
f 680/680/680 695/695/695 673/673/673
f 698/698/698 697/697/697 696/696/696
f 697/697/697 698/698/698 699/699/699
f 698/698/698 700/700/700 699/699/699
f 699/699/699 701/701/701 697/697/697
f 700/700/700 698/698/698 702/702/702
f 701/701/701 703/703/703 697/697/697
f 702/702/702 704/704/704 700/700/700
f 705/705/705 697/697/697 703/703/703
f 706/706/706 697/697/697 705/705/705
f 705/705/705 703/703/703 707/707/707
f 707/707/707 708/708/708 705/705/705
f 702/702/702 709/709/709 704/704/704
f 710/710/710 708/708/708 707/707/707
f 710/710/710 711/711/711 708/708/708
f 704/704/704 712/712/712 707/707/707
f 707/707/707 712/712/712 713/713/713
f 707/707/707 713/713/713 710/710/710
f 714/714/714 712/712/712 704/704/704
f 715/715/715 710/710/710 713/713/713
f 715/715/715 714/714/714 710/710/710
f 716/716/716 714/714/714 704/704/704
f 716/716/716 710/710/710 714/714/714
f 716/716/716 704/704/704 717/717/717
f 709/709/709 717/717/717 704/704/704
f 711/711/711 710/710/710 718/718/718
f 711/711/711 718/718/718 709/709/709
f 719/719/719 709/709/709 718/718/718
f 720/720/720 718/718/718 710/710/710
f 721/721/721 709/709/709 719/719/719
f 720/720/720 710/710/710 722/722/722
f 723/723/723 722/722/722 710/710/710
f 720/720/720 722/722/722 724/724/724
f 721/721/721 720/720/720 724/724/724
f 721/721/721 724/724/724 709/709/709
f 723/723/723 710/710/710 725/725/725
f 724/724/724 726/726/726 709/709/709
f 723/723/723 725/725/725 726/726/726
f 726/726/726 717/717/717 709/709/709
f 717/717/717 726/726/726 725/725/725
