mtllib SM_Mansion_Roof_01@000002909DC3CF00.mtl
g SM_Mansion_Roof_01@000002909DC3CF00
#Vertices 3026
#Indices 15960
#Section 0 Offset 0 NumIndices 10560 MaterialIndex 0 MI_ConcreteTile_A_03
#Section 1 Offset 10560 NumIndices 2856 MaterialIndex 1 MI_RoofTile_A_01
#Section 2 Offset 13416 NumIndices 2544 MaterialIndex 2 MI_ConcreteTile_A_03
v 12.029373 5.148771 -0.886719 1.000000 1.000000 1.000000 1.000000
v 12.192731 4.893767 -1.040904 1.000000 1.000000 1.000000 1.000000
v 12.005872 5.146561 -0.907254 1.000000 1.000000 1.000000 1.000000
v 12.216479 4.891869 -1.020624 1.000000 1.000000 1.000000 1.000000
v 12.307059 4.614295 -1.129422 1.000000 1.000000 1.000000 1.000000
v 12.057185 5.155184 -0.873902 1.000000 1.000000 1.000000 1.000000
v 12.330481 4.616194 -1.108763 1.000000 1.000000 1.000000 1.000000
v 12.408985 4.381903 -1.209730 1.000000 1.000000 1.000000 1.000000
v 12.245272 4.892332 -1.008391 1.000000 1.000000 1.000000 1.000000
v 12.086583 5.165174 -0.870058 1.000000 1.000000 1.000000 1.000000
v 12.432408 4.383841 -1.189081 1.000000 1.000000 1.000000 1.000000
v 12.511057 4.159705 -1.291176 1.000000 1.000000 1.000000 1.000000
v 12.276291 4.895114 -1.005406 1.000000 1.000000 1.000000 1.000000
v 12.114692 5.177763 -0.875564 1.000000 1.000000 1.000000 1.000000
v 12.357450 4.624065 -1.094999 1.000000 1.000000 1.000000 1.000000
v 12.306500 4.899940 -1.011959 1.000000 1.000000 1.000000 1.000000
v 12.138760 5.191716 -0.889878 1.000000 1.000000 1.000000 1.000000
v 12.385332 4.637139 -1.089474 1.000000 1.000000 1.000000 1.000000
v 12.459261 4.391941 -1.175218 1.000000 1.000000 1.000000 1.000000
v 12.332943 4.906338 -1.027408 1.000000 1.000000 1.000000 1.000000
v 12.156429 5.205670 -0.911602 1.000000 1.000000 1.000000 1.000000
v 12.534481 4.161684 -1.270532 1.000000 1.000000 1.000000 1.000000
v 12.611650 3.949160 -1.372137 1.000000 1.000000 1.000000 1.000000
v 12.353032 4.913683 -1.050243 1.000000 1.000000 1.000000 1.000000
v 12.165972 5.218258 -0.938609 1.000000 1.000000 1.000000 1.000000
v 12.635069 3.951182 -1.351492 1.000000 1.000000 1.000000 1.000000
v 12.709126 3.751737 -1.450982 1.000000 1.000000 1.000000 1.000000
v 12.364797 4.921256 -1.078226 1.000000 1.000000 1.000000 1.000000
v 12.166453 5.228248 -0.968254 1.000000 1.000000 1.000000 1.000000
v 12.732539 3.753806 -1.430332 1.000000 1.000000 1.000000 1.000000
v 12.801847 3.568920 -1.526078 1.000000 1.000000 1.000000 1.000000
v 12.367091 4.928315 -1.108621 1.000000 1.000000 1.000000 1.000000
v 12.157826 5.234663 -0.997636 1.000000 1.000000 1.000000 1.000000
v 12.825244 3.571045 -1.505417 1.000000 1.000000 1.000000 1.000000
v 12.888162 3.402214 -1.595781 1.000000 1.000000 1.000000 1.000000
v 12.359686 4.934168 -1.138450 1.000000 1.000000 1.000000 1.000000
v 12.140936 5.236872 -1.023879 1.000000 1.000000 1.000000 1.000000
v 12.911533 3.404404 -1.575100 1.000000 1.000000 1.000000 1.000000
v 12.966794 3.252729 -1.658755 1.000000 1.000000 1.000000 1.000000
v 12.454045 4.725874 -1.175526 1.000000 1.000000 1.000000 1.000000
v 12.990130 3.255003 -1.638039 1.000000 1.000000 1.000000 1.000000
v 13.041080 3.116712 -1.717424 1.000000 1.000000 1.000000 1.000000
v 12.455512 4.711109 -1.147982 1.000000 1.000000 1.000000 1.000000
v 13.064342 3.119153 -1.696647 1.000000 1.000000 1.000000 1.000000
v 13.116817 2.987998 -1.776235 1.000000 1.000000 1.000000 1.000000
v 12.448293 4.693025 -1.123491 1.000000 1.000000 1.000000 1.000000
v 13.139954 2.990720 -1.755354 1.000000 1.000000 1.000000 1.000000
v 13.199256 2.861199 -1.839200 1.000000 1.000000 1.000000 1.000000
v 12.433090 4.673394 -1.104455 1.000000 1.000000 1.000000 1.000000
v 13.222221 2.864282 -1.818180 1.000000 1.000000 1.000000 1.000000
v 13.293353 2.731222 -1.910116 1.000000 1.000000 1.000000 1.000000
v 12.411396 4.654137 -1.092734 1.000000 1.000000 1.000000 1.000000
v 13.316120 2.734680 -1.888940 1.000000 1.000000 1.000000 1.000000
v 13.403931 2.592934 -1.992691 1.000000 1.000000 1.000000 1.000000
v 12.512657 4.422941 -1.172485 1.000000 1.000000 1.000000 1.000000
v 13.426507 2.596723 -1.971367 1.000000 1.000000 1.000000 1.000000
v 13.535928 2.440932 -2.090722 1.000000 1.000000 1.000000 1.000000
v 12.486912 4.405415 -1.169500 1.000000 1.000000 1.000000 1.000000
v 13.558342 2.444982 -2.069273 1.000000 1.000000 1.000000 1.000000
v 13.694507 2.269563 -2.208169 1.000000 1.000000 1.000000 1.000000
v 12.588671 4.183801 -1.250687 1.000000 1.000000 1.000000 1.000000
v 13.716793 2.273800 -2.186625 1.000000 1.000000 1.000000 1.000000
v 13.884938 2.073119 -2.349062 1.000000 1.000000 1.000000 1.000000
v 12.561227 4.169986 -1.256581 1.000000 1.000000 1.000000 1.000000
v 13.907136 2.077483 -2.327451 1.000000 1.000000 1.000000 1.000000
v 14.108612 1.849630 -2.514219 1.000000 1.000000 1.000000 1.000000
v 12.661716 3.959660 -1.337458 1.000000 1.000000 1.000000 1.000000
v 14.130742 1.854087 -2.492557 1.000000 1.000000 1.000000 1.000000
v 14.360884 1.602892 -2.699517 1.000000 1.000000 1.000000 1.000000
v 12.759095 3.762442 -1.416225 1.000000 1.000000 1.000000 1.000000
v 12.688977 3.973769 -1.331411 1.000000 1.000000 1.000000 1.000000
v 12.786196 3.776799 -1.410042 1.000000 1.000000 1.000000 1.000000
v 12.851721 3.579818 -1.491244 1.000000 1.000000 1.000000 1.000000
v 12.878684 3.594384 -1.484948 1.000000 1.000000 1.000000 1.000000
v 12.937939 3.413300 -1.560870 1.000000 1.000000 1.000000 1.000000
v 12.964788 3.428033 -1.554486 1.000000 1.000000 1.000000 1.000000
v 13.016466 3.264017 -1.623758 1.000000 1.000000 1.000000 1.000000
v 13.043222 3.278891 -1.617306 1.000000 1.000000 1.000000 1.000000
v 13.090530 3.128413 -1.682252 1.000000 1.000000 1.000000 1.000000
v 13.117081 3.143588 -1.675651 1.000000 1.000000 1.000000 1.000000
v 13.165854 3.000437 -1.740739 1.000000 1.000000 1.000000 1.000000
v 13.247705 2.874605 -1.803249 1.000000 1.000000 1.000000 1.000000
v 13.191978 3.016197 -1.733820 1.000000 1.000000 1.000000 1.000000
v 13.341113 2.745646 -1.873641 1.000000 1.000000 1.000000 1.000000
v 13.273203 2.891159 -1.795867 1.000000 1.000000 1.000000 1.000000
v 13.451009 2.608262 -1.955705 1.000000 1.000000 1.000000 1.000000
v 13.365875 2.763045 -1.865715 1.000000 1.000000 1.000000 1.000000
v 13.582420 2.456973 -2.053299 1.000000 1.000000 1.000000 1.000000
v 13.475039 2.626420 -1.947240 1.000000 1.000000 1.000000 1.000000
v 13.740541 2.286120 -2.170407 1.000000 1.000000 1.000000 1.000000
v 13.605811 2.475730 -2.044366 1.000000 1.000000 1.000000 1.000000
v 13.930644 2.090030 -2.311053 1.000000 1.000000 1.000000 1.000000
v 13.763429 2.305315 -2.161102 1.000000 1.000000 1.000000 1.000000
v 13.626225 2.499419 -2.043345 1.000000 1.000000 1.000000 1.000000
v 13.783210 2.329509 -2.159620 1.000000 1.000000 1.000000 1.000000
v 13.953156 2.109528 -2.301475 1.000000 1.000000 1.000000 1.000000
v 13.972473 2.134072 -2.299650 1.000000 1.000000 1.000000 1.000000
v 14.154075 1.866790 -2.476031 1.000000 1.000000 1.000000 1.000000
v 14.382943 1.607433 -2.677799 1.000000 1.000000 1.000000 1.000000
v 14.636627 1.337186 -2.900453 1.000000 1.000000 1.000000 1.000000
v 14.176326 1.886492 -2.466262 1.000000 1.000000 1.000000 1.000000
v 14.658610 1.341814 -2.878675 1.000000 1.000000 1.000000 1.000000
v 14.930644 1.056855 -3.112472 1.000000 1.000000 1.000000 1.000000
v 14.406141 1.620256 -2.661176 1.000000 1.000000 1.000000 1.000000
v 14.952541 1.061573 -3.090626 1.000000 1.000000 1.000000 1.000000
v 15.237701 0.766267 -3.330988 1.000000 1.000000 1.000000 1.000000
v 14.681693 1.354740 -2.861971 1.000000 1.000000 1.000000 1.000000
v 15.259498 0.771084 -3.309064 1.000000 1.000000 1.000000 1.000000
v 15.552536 0.469808 -3.551397 1.000000 1.000000 1.000000 1.000000
v 14.975518 1.074594 -3.073849 1.000000 1.000000 1.000000 1.000000
v 14.428205 1.640102 -2.651277 1.000000 1.000000 1.000000 1.000000
v 14.703613 1.374696 -2.851978 1.000000 1.000000 1.000000 1.000000
v 15.574217 0.474737 -3.529384 1.000000 1.000000 1.000000 1.000000
v 15.869879 0.171872 -3.769084 1.000000 1.000000 1.000000 1.000000
v 15.282368 0.784200 -3.292219 1.000000 1.000000 1.000000 1.000000
v 15.891423 0.176932 -3.746964 1.000000 1.000000 1.000000 1.000000
v 16.184446 -0.123136 -3.979419 1.000000 1.000000 1.000000 1.000000
v 16.205824 -0.117921 -3.957178 1.000000 1.000000 1.000000 1.000000
v 15.596980 0.487952 -3.512470 1.000000 1.000000 1.000000 1.000000
v 15.914069 0.190254 -3.729979 1.000000 1.000000 1.000000 1.000000
v 16.228336 -0.104475 -3.940115 1.000000 1.000000 1.000000 1.000000
v 15.304073 0.804329 -3.282104 1.000000 1.000000 1.000000 1.000000
v 15.935599 0.210532 -3.719790 1.000000 1.000000 1.000000 1.000000
v 16.249784 -0.084120 -3.929900 1.000000 1.000000 1.000000 1.000000
v 16.268076 -0.058845 -3.927534 1.000000 1.000000 1.000000 1.000000
v 15.618597 0.508156 -3.502313 1.000000 1.000000 1.000000 1.000000
v 15.953919 0.235784 -3.717393 1.000000 1.000000 1.000000 1.000000
v 16.281410 -0.031122 -3.933250 1.000000 1.000000 1.000000 1.000000
v 15.636960 0.533374 -3.499904 1.000000 1.000000 1.000000 1.000000
v 15.967225 0.263537 -3.723025 1.000000 1.000000 1.000000 1.000000
v 16.288479 -0.003669 -3.946487 1.000000 1.000000 1.000000 1.000000
v 15.322501 0.829502 -3.279705 1.000000 1.000000 1.000000 1.000000
v 15.974210 0.291074 -3.736130 1.000000 1.000000 1.000000 1.000000
v 16.288603 0.020829 -3.965947 1.000000 1.000000 1.000000 1.000000
v 15.650267 0.561137 -3.505483 1.000000 1.000000 1.000000 1.000000
v 15.974204 0.315699 -3.755431 1.000000 1.000000 1.000000 1.000000
v 16.281759 0.039972 -3.989729 1.000000 1.000000 1.000000 1.000000
v 15.657209 0.588727 -3.518502 1.000000 1.000000 1.000000 1.000000
v 15.335837 0.857256 -3.285262 1.000000 1.000000 1.000000 1.000000
v 14.997323 1.094642 -3.063787 1.000000 1.000000 1.000000 1.000000
v 15.015832 1.119757 -3.061422 1.000000 1.000000 1.000000 1.000000
v 14.722236 1.399732 -2.849673 1.000000 1.000000 1.000000 1.000000
v 15.029232 1.147479 -3.066987 1.000000 1.000000 1.000000 1.000000
v 14.446980 1.665031 -2.649069 1.000000 1.000000 1.000000 1.000000
v 14.735735 1.427397 -2.855283 1.000000 1.000000 1.000000 1.000000
v 15.342771 0.884873 -3.298226 1.000000 1.000000 1.000000 1.000000
v 14.195319 1.911268 -2.464203 1.000000 1.000000 1.000000 1.000000
v 14.460632 1.692602 -2.654769 1.000000 1.000000 1.000000 1.000000
v 14.209200 1.938691 -2.470059 1.000000 1.000000 1.000000 1.000000
v 13.986704 2.161258 -2.305760 1.000000 1.000000 1.000000 1.000000
v 14.467813 1.720116 -2.667819 1.000000 1.000000 1.000000 1.000000
v 13.797955 2.356331 -2.166108 1.000000 1.000000 1.000000 1.000000
v 14.216599 1.966079 -2.483253 1.000000 1.000000 1.000000 1.000000
v 13.994452 2.188426 -2.319206 1.000000 1.000000 1.000000 1.000000
v 13.641660 2.525721 -2.050338 1.000000 1.000000 1.000000 1.000000
v 13.806215 2.383158 -2.179930 1.000000 1.000000 1.000000 1.000000
v 14.216801 1.990747 -2.502497 1.000000 1.000000 1.000000 1.000000
v 13.496246 2.649420 -1.946800 1.000000 1.000000 1.000000 1.000000
v 13.387993 2.785176 -1.865939 1.000000 1.000000 1.000000 1.000000
v 13.512552 2.675011 -1.954426 1.000000 1.000000 1.000000 1.000000
v 13.296234 2.912320 -1.796759 1.000000 1.000000 1.000000 1.000000
v 13.405293 2.809871 -1.874290 1.000000 1.000000 1.000000 1.000000
v 13.650605 2.552061 -2.064660 1.000000 1.000000 1.000000 1.000000
v 13.215777 3.036457 -1.735277 1.000000 1.000000 1.000000 1.000000
v 13.314529 2.936021 -1.805836 1.000000 1.000000 1.000000 1.000000
v 13.522358 2.700687 -1.969375 1.000000 1.000000 1.000000 1.000000
v 13.141398 3.163188 -1.677487 1.000000 1.000000 1.000000 1.000000
v 13.234914 3.059235 -1.744965 1.000000 1.000000 1.000000 1.000000
v 13.416083 2.834714 -1.889952 1.000000 1.000000 1.000000 1.000000
v 13.067786 3.298165 -1.619317 1.000000 1.000000 1.000000 1.000000
v 13.161100 3.185300 -1.687583 1.000000 1.000000 1.000000 1.000000
v 13.326305 2.959940 -1.822210 1.000000 1.000000 1.000000 1.000000
v 12.989461 3.447160 -1.556572 1.000000 1.000000 1.000000 1.000000
v 13.087747 3.319957 -1.629594 1.000000 1.000000 1.000000 1.000000
v 13.247517 3.082301 -1.761938 1.000000 1.000000 1.000000 1.000000
v 12.903497 3.613315 -1.487145 1.000000 1.000000 1.000000 1.000000
v 13.009536 3.468811 -1.566925 1.000000 1.000000 1.000000 1.000000
v 13.174253 3.207756 -1.704949 1.000000 1.000000 1.000000 1.000000
v 12.811190 3.795472 -1.412388 1.000000 1.000000 1.000000 1.000000
v 12.923730 3.634759 -1.497620 1.000000 1.000000 1.000000 1.000000
v 13.101153 3.342132 -1.647130 1.000000 1.000000 1.000000 1.000000
v 12.714190 3.992124 -1.333939 1.000000 1.000000 1.000000 1.000000
v 12.831630 3.816634 -1.423033 1.000000 1.000000 1.000000 1.000000
v 13.023050 3.490864 -1.584530 1.000000 1.000000 1.000000 1.000000
v 12.614131 4.201776 -1.253429 1.000000 1.000000 1.000000 1.000000
v 12.734878 4.012931 -1.344797 1.000000 1.000000 1.000000 1.000000
v 12.635115 4.222152 -1.264538 1.000000 1.000000 1.000000 1.000000
v 12.533975 4.442804 -1.183883 1.000000 1.000000 1.000000 1.000000
v 12.749023 4.034153 -1.362921 1.000000 1.000000 1.000000 1.000000
v 12.548779 4.463060 -1.202576 1.000000 1.000000 1.000000 1.000000
v 12.649567 4.242936 -1.282927 1.000000 1.000000 1.000000 1.000000
v 12.555616 4.481727 -1.226734 1.000000 1.000000 1.000000 1.000000
v 12.656069 4.262091 -1.306794 1.000000 1.000000 1.000000 1.000000
v 12.553825 4.496976 -1.253995 1.000000 1.000000 1.000000 1.000000
v 12.653992 4.277742 -1.333805 1.000000 1.000000 1.000000 1.000000
v 12.755237 4.053712 -1.386538 1.000000 1.000000 1.000000 1.000000
v 12.752913 4.069692 -1.413335 1.000000 1.000000 1.000000 1.000000
v 12.643535 4.288359 -1.361315 1.000000 1.000000 1.000000 1.000000
v 12.742276 4.080531 -1.440690 1.000000 1.000000 1.000000 1.000000
v 12.848952 3.874338 -1.490965 1.000000 1.000000 1.000000 1.000000
v 12.543575 4.507316 -1.281688 1.000000 1.000000 1.000000 1.000000
v 12.838170 3.885347 -1.518194 1.000000 1.000000 1.000000 1.000000
v 12.444035 4.735878 -1.203429 1.000000 1.000000 1.000000 1.000000
v 12.343307 4.938244 -1.164794 1.000000 1.000000 1.000000 1.000000
v 12.426457 4.740138 -1.228959 1.000000 1.000000 1.000000 1.000000
v 12.319558 4.940142 -1.185074 1.000000 1.000000 1.000000 1.000000
v 12.117435 5.234662 -1.044414 1.000000 1.000000 1.000000 1.000000
v 12.403037 4.738239 -1.249618 1.000000 1.000000 1.000000 1.000000
v 12.525870 4.511732 -1.307103 1.000000 1.000000 1.000000 1.000000
v 12.290767 4.939679 -1.197305 1.000000 1.000000 1.000000 1.000000
v 12.089623 5.228248 -1.057231 1.000000 1.000000 1.000000 1.000000
v 12.625719 4.292899 -1.386631 1.000000 1.000000 1.000000 1.000000
v 12.502445 4.509796 -1.327753 1.000000 1.000000 1.000000 1.000000
v 12.602292 4.290922 -1.407276 1.000000 1.000000 1.000000 1.000000
v 12.724370 4.085166 -1.465925 1.000000 1.000000 1.000000 1.000000
v 12.700948 4.083145 -1.486569 1.000000 1.000000 1.000000 1.000000
v 12.575549 4.282619 -1.421227 1.000000 1.000000 1.000000 1.000000
v 12.674304 4.074666 -1.500602 1.000000 1.000000 1.000000 1.000000
v 12.475593 4.501695 -1.341614 1.000000 1.000000 1.000000 1.000000
v 12.376068 4.730369 -1.263383 1.000000 1.000000 1.000000 1.000000
v 12.348186 4.717293 -1.268907 1.000000 1.000000 1.000000 1.000000
v 12.447942 4.488220 -1.347332 1.000000 1.000000 1.000000 1.000000
v 12.259746 4.936897 -1.200291 1.000000 1.000000 1.000000 1.000000
v 12.060225 5.218258 -1.061075 1.000000 1.000000 1.000000 1.000000
v 12.322120 4.700296 -1.265647 1.000000 1.000000 1.000000 1.000000
v 12.229536 4.932072 -1.193739 1.000000 1.000000 1.000000 1.000000
v 12.032117 5.205670 -1.055569 1.000000 1.000000 1.000000 1.000000
v 12.203093 4.925673 -1.178289 1.000000 1.000000 1.000000 1.000000
v 12.008049 5.191716 -1.041254 1.000000 1.000000 1.000000 1.000000
v 12.422195 4.470695 -1.344346 1.000000 1.000000 1.000000 1.000000
v 12.183006 4.918328 -1.155454 1.000000 1.000000 1.000000 1.000000
v 11.990379 5.177763 -1.019530 1.000000 1.000000 1.000000 1.000000
v 12.300427 4.681038 -1.253926 1.000000 1.000000 1.000000 1.000000
v 12.171240 4.910755 -1.127471 1.000000 1.000000 1.000000 1.000000
v 11.980836 5.165174 -0.992524 1.000000 1.000000 1.000000 1.000000
v 12.285224 4.661408 -1.234890 1.000000 1.000000 1.000000 1.000000
v 12.400879 4.450831 -1.332950 1.000000 1.000000 1.000000 1.000000
v 12.168947 4.903697 -1.097077 1.000000 1.000000 1.000000 1.000000
v 11.980355 5.155184 -0.962879 1.000000 1.000000 1.000000 1.000000
v 12.278005 4.643325 -1.210400 1.000000 1.000000 1.000000 1.000000
v 12.386075 4.430575 -1.314258 1.000000 1.000000 1.000000 1.000000
v 12.176353 4.897843 -1.067248 1.000000 1.000000 1.000000 1.000000
v 11.988981 5.148771 -0.933497 1.000000 1.000000 1.000000 1.000000
v 12.192731 4.893767 -1.040904 1.000000 1.000000 1.000000 1.000000
v 12.005872 5.146561 -0.907254 1.000000 1.000000 1.000000 1.000000
v 12.307059 4.614295 -1.129422 1.000000 1.000000 1.000000 1.000000
v 12.289483 4.618556 -1.154952 1.000000 1.000000 1.000000 1.000000
v 12.408985 4.381903 -1.209730 1.000000 1.000000 1.000000 1.000000
v 12.279472 4.628559 -1.182855 1.000000 1.000000 1.000000 1.000000
v 12.379238 4.411909 -1.290097 1.000000 1.000000 1.000000 1.000000
v 12.381029 4.396660 -1.262837 1.000000 1.000000 1.000000 1.000000
v 12.391278 4.386320 -1.235144 1.000000 1.000000 1.000000 1.000000
v 12.511057 4.159705 -1.291176 1.000000 1.000000 1.000000 1.000000
v 12.480709 4.190515 -1.371014 1.000000 1.000000 1.000000 1.000000
v 12.493242 4.164248 -1.316493 1.000000 1.000000 1.000000 1.000000
v 12.611650 3.949160 -1.372137 1.000000 1.000000 1.000000 1.000000
v 12.482784 4.174863 -1.344002 1.000000 1.000000 1.000000 1.000000
v 12.593742 3.953796 -1.397372 1.000000 1.000000 1.000000 1.000000
v 12.709126 3.751737 -1.450982 1.000000 1.000000 1.000000 1.000000
v 12.583108 3.964635 -1.424727 1.000000 1.000000 1.000000 1.000000
v 12.691147 3.756439 -1.476154 1.000000 1.000000 1.000000 1.000000
v 12.801847 3.568920 -1.526078 1.000000 1.000000 1.000000 1.000000
v 12.680366 3.767448 -1.503382 1.000000 1.000000 1.000000 1.000000
v 12.783819 3.573656 -1.551206 1.000000 1.000000 1.000000 1.000000
v 12.888162 3.402214 -1.595781 1.000000 1.000000 1.000000 1.000000
v 12.580786 3.980615 -1.451523 1.000000 1.000000 1.000000 1.000000
v 12.870105 3.406948 -1.620891 1.000000 1.000000 1.000000 1.000000
v 12.966794 3.252729 -1.658755 1.000000 1.000000 1.000000 1.000000
v 12.772923 3.584784 -1.578342 1.000000 1.000000 1.000000 1.000000
v 12.948741 3.257419 -1.683874 1.000000 1.000000 1.000000 1.000000
v 13.041080 3.116712 -1.717424 1.000000 1.000000 1.000000 1.000000
v 12.859137 3.418139 -1.647972 1.000000 1.000000 1.000000 1.000000
v 13.023016 3.121331 -1.742552 1.000000 1.000000 1.000000 1.000000
v 13.116817 2.987998 -1.776235 1.000000 1.000000 1.000000 1.000000
v 12.937737 3.268611 -1.710940 1.000000 1.000000 1.000000 1.000000
v 13.098701 2.992536 -1.801340 1.000000 1.000000 1.000000 1.000000
v 13.199256 2.861199 -1.839200 1.000000 1.000000 1.000000 1.000000
v 13.011926 3.132554 -1.769569 1.000000 1.000000 1.000000 1.000000
v 13.181050 2.865659 -1.864253 1.000000 1.000000 1.000000 1.000000
v 13.293353 2.731222 -1.910116 1.000000 1.000000 1.000000 1.000000
v 13.087390 3.003890 -1.828209 1.000000 1.000000 1.000000 1.000000
v 13.275030 2.735610 -1.935096 1.000000 1.000000 1.000000 1.000000
v 13.403931 2.592934 -1.992691 1.000000 1.000000 1.000000 1.000000
v 13.169388 2.877222 -1.890884 1.000000 1.000000 1.000000 1.000000
v 13.083989 3.020950 -1.854214 1.000000 1.000000 1.000000 1.000000
v 13.385486 2.597263 -2.017591 1.000000 1.000000 1.000000 1.000000
v 13.008900 3.149286 -1.795830 1.000000 1.000000 1.000000 1.000000
v 13.165422 2.894760 -1.916486 1.000000 1.000000 1.000000 1.000000
v 12.934872 3.285214 -1.737302 1.000000 1.000000 1.000000 1.000000
v 13.262949 2.747412 -1.961433 1.000000 1.000000 1.000000 1.000000
v 12.856337 3.434695 -1.674371 1.000000 1.000000 1.000000 1.000000
v 13.258302 2.765478 -1.986551 1.000000 1.000000 1.000000 1.000000
v 12.770235 3.601219 -1.604829 1.000000 1.000000 1.000000 1.000000
v 12.940406 3.305598 -1.760382 1.000000 1.000000 1.000000 1.000000
v 12.677840 3.783689 -1.530003 1.000000 1.000000 1.000000 1.000000
v 12.861961 3.454991 -1.697506 1.000000 1.000000 1.000000 1.000000
v 12.776002 3.621350 -1.628073 1.000000 1.000000 1.000000 1.000000
v 12.683805 3.803572 -1.553411 1.000000 1.000000 1.000000 1.000000
v 12.586998 4.000173 -1.475140 1.000000 1.000000 1.000000 1.000000
v 12.789675 3.643208 -1.645800 1.000000 1.000000 1.000000 1.000000
v 12.487209 4.209669 -1.394882 1.000000 1.000000 1.000000 1.000000
v 12.697689 3.825150 -1.571314 1.000000 1.000000 1.000000 1.000000
v 12.601142 4.021394 -1.493265 1.000000 1.000000 1.000000 1.000000
v 12.501662 4.230452 -1.413270 1.000000 1.000000 1.000000 1.000000
v 12.718124 3.846312 -1.581959 1.000000 1.000000 1.000000 1.000000
v 12.522642 4.250828 -1.424379 1.000000 1.000000 1.000000 1.000000
v 12.621830 4.042201 -1.504122 1.000000 1.000000 1.000000 1.000000
v 12.548105 4.268804 -1.427121 1.000000 1.000000 1.000000 1.000000
v 12.647043 4.060557 -1.506651 1.000000 1.000000 1.000000 1.000000
v 12.770222 3.879343 -1.578121 1.000000 1.000000 1.000000 1.000000
v 12.743123 3.864986 -1.584306 1.000000 1.000000 1.000000 1.000000
v 12.796779 3.887979 -1.564015 1.000000 1.000000 1.000000 1.000000
v 12.861683 3.698147 -1.652176 1.000000 1.000000 1.000000 1.000000
v 12.834722 3.683582 -1.658472 1.000000 1.000000 1.000000 1.000000
v 12.820191 3.890047 -1.543365 1.000000 1.000000 1.000000 1.000000
v 12.888158 3.706921 -1.638005 1.000000 1.000000 1.000000 1.000000
v 12.947072 3.532557 -1.721166 1.000000 1.000000 1.000000 1.000000
v 12.809906 3.664651 -1.656276 1.000000 1.000000 1.000000 1.000000
v 12.920222 3.517822 -1.727550 1.000000 1.000000 1.000000 1.000000
v 12.895547 3.498694 -1.725463 1.000000 1.000000 1.000000 1.000000
v 12.875475 3.477044 -1.715111 1.000000 1.000000 1.000000 1.000000
v 12.998339 3.368840 -1.790205 1.000000 1.000000 1.000000 1.000000
v 12.953812 3.327773 -1.777918 1.000000 1.000000 1.000000 1.000000
v 12.973769 3.349564 -1.788194 1.000000 1.000000 1.000000 1.000000
v 13.025092 3.383713 -1.783753 1.000000 1.000000 1.000000 1.000000
v 13.027374 3.192344 -1.836133 1.000000 1.000000 1.000000 1.000000
v 12.973474 3.541451 -1.706937 1.000000 1.000000 1.000000 1.000000
v 13.014217 3.169889 -1.818768 1.000000 1.000000 1.000000 1.000000
v 12.911556 3.709045 -1.617343 1.000000 1.000000 1.000000 1.000000
v 13.088820 3.042045 -1.876808 1.000000 1.000000 1.000000 1.000000
v 12.929585 3.704311 -1.592214 1.000000 1.000000 1.000000 1.000000
v 13.169518 2.916554 -1.938555 1.000000 1.000000 1.000000 1.000000
v 13.101424 3.065111 -1.893780 1.000000 1.000000 1.000000 1.000000
v 13.181297 2.940474 -1.954930 1.000000 1.000000 1.000000 1.000000
v 13.261523 2.788035 -2.007990 1.000000 1.000000 1.000000 1.000000
v 13.272318 2.812878 -2.023651 1.000000 1.000000 1.000000 1.000000
v 13.199592 2.964173 -1.964006 1.000000 1.000000 1.000000 1.000000
v 13.289618 2.837571 -2.032002 1.000000 1.000000 1.000000 1.000000
v 13.379808 2.676756 -2.104012 1.000000 1.000000 1.000000 1.000000
v 13.120558 3.087888 -1.903468 1.000000 1.000000 1.000000 1.000000
v 13.369996 2.651079 -2.089064 1.000000 1.000000 1.000000 1.000000
v 13.047070 3.214455 -1.846228 1.000000 1.000000 1.000000 1.000000
v 13.367649 2.627832 -2.068257 1.000000 1.000000 1.000000 1.000000
v 13.071391 3.234057 -1.848067 1.000000 1.000000 1.000000 1.000000
v 13.144359 3.108149 -1.904925 1.000000 1.000000 1.000000 1.000000
v 13.222626 2.985337 -1.964899 1.000000 1.000000 1.000000 1.000000
v 13.170483 3.123910 -1.898007 1.000000 1.000000 1.000000 1.000000
v 13.097941 3.249232 -1.841463 1.000000 1.000000 1.000000 1.000000
v 13.311737 2.859703 -2.032226 1.000000 1.000000 1.000000 1.000000
v 13.051427 3.392727 -1.769473 1.000000 1.000000 1.000000 1.000000
v 13.124129 3.258492 -1.827070 1.000000 1.000000 1.000000 1.000000
v 12.996848 3.543641 -1.686255 1.000000 1.000000 1.000000 1.000000
v 13.074764 3.395001 -1.748757 1.000000 1.000000 1.000000 1.000000
v 13.014904 3.538908 -1.661145 1.000000 1.000000 1.000000 1.000000
v 13.092818 3.390313 -1.723638 1.000000 1.000000 1.000000 1.000000
v 13.147392 3.260932 -1.806293 1.000000 1.000000 1.000000 1.000000
v 13.165455 3.256316 -1.781166 1.000000 1.000000 1.000000 1.000000
v 13.103821 3.379121 -1.696571 1.000000 1.000000 1.000000 1.000000
v 13.176545 3.245092 -1.754148 1.000000 1.000000 1.000000 1.000000
v 13.025872 3.527717 -1.634065 1.000000 1.000000 1.000000 1.000000
v 12.940482 3.693182 -1.565078 1.000000 1.000000 1.000000 1.000000
v 13.028678 3.511161 -1.607665 1.000000 1.000000 1.000000 1.000000
v 12.851480 3.858096 -1.464344 1.000000 1.000000 1.000000 1.000000
v 12.943172 3.676747 -1.538592 1.000000 1.000000 1.000000 1.000000
v 12.845512 3.838213 -1.440936 1.000000 1.000000 1.000000 1.000000
v 12.937401 3.656616 -1.515348 1.000000 1.000000 1.000000 1.000000
v 13.106690 3.362517 -1.670209 1.000000 1.000000 1.000000 1.000000
v 13.179577 3.228359 -1.727885 1.000000 1.000000 1.000000 1.000000
v 13.248949 3.120457 -1.810536 1.000000 1.000000 1.000000 1.000000
v 13.252352 3.103396 -1.784531 1.000000 1.000000 1.000000 1.000000
v 13.237636 3.131811 -1.837406 1.000000 1.000000 1.000000 1.000000
v 13.326436 2.999274 -1.869881 1.000000 1.000000 1.000000 1.000000
v 13.330409 2.981735 -1.844279 1.000000 1.000000 1.000000 1.000000
v 13.314777 3.010837 -1.896513 1.000000 1.000000 1.000000 1.000000
v 13.419312 2.857270 -1.911390 1.000000 1.000000 1.000000 1.000000
v 13.414660 2.875336 -1.936508 1.000000 1.000000 1.000000 1.000000
v 13.524712 2.723935 -1.990180 1.000000 1.000000 1.000000 1.000000
v 13.519375 2.742479 -2.014808 1.000000 1.000000 1.000000 1.000000
v 13.402581 2.887139 -1.962845 1.000000 1.000000 1.000000 1.000000
v 13.652187 2.575859 -2.084909 1.000000 1.000000 1.000000 1.000000
v 13.646250 2.594786 -2.109103 1.000000 1.000000 1.000000 1.000000
v 13.807185 2.407361 -2.199733 1.000000 1.000000 1.000000 1.000000
v 13.800764 2.426572 -2.223577 1.000000 1.000000 1.000000 1.000000
v 13.506873 2.754503 -2.040846 1.000000 1.000000 1.000000 1.000000
v 13.633375 2.606990 -2.134875 1.000000 1.000000 1.000000 1.000000
v 13.994963 2.212914 -2.338674 1.000000 1.000000 1.000000 1.000000
v 13.988182 2.232327 -2.362255 1.000000 1.000000 1.000000 1.000000
v 13.787590 2.438912 -2.249132 1.000000 1.000000 1.000000 1.000000
v 14.209779 2.010282 -2.525905 1.000000 1.000000 1.000000 1.000000
v 13.974780 2.244764 -2.387641 1.000000 1.000000 1.000000 1.000000
v 13.768943 2.443169 -2.273893 1.000000 1.000000 1.000000 1.000000
v 13.956059 2.249005 -2.412350 1.000000 1.000000 1.000000 1.000000
v 14.196228 2.022773 -2.551187 1.000000 1.000000 1.000000 1.000000
v 13.614821 2.611276 -2.159701 1.000000 1.000000 1.000000 1.000000
v 14.460673 1.764468 -2.710264 1.000000 1.000000 1.000000 1.000000
v 14.467831 1.744880 -2.686941 1.000000 1.000000 1.000000 1.000000
v 14.735474 1.499381 -2.910625 1.000000 1.000000 1.000000 1.000000
v 14.742691 1.479785 -2.887327 1.000000 1.000000 1.000000 1.000000
v 14.742781 1.454982 -2.868258 1.000000 1.000000 1.000000 1.000000
v 15.036196 1.175095 -3.079936 1.000000 1.000000 1.000000 1.000000
v 15.036063 1.199900 -3.099003 1.000000 1.000000 1.000000 1.000000
v 15.342636 0.909648 -3.317331 1.000000 1.000000 1.000000 1.000000
v 15.028835 1.219468 -3.122321 1.000000 1.000000 1.000000 1.000000
v 15.335442 0.929157 -3.340709 1.000000 1.000000 1.000000 1.000000
v 15.657116 0.613442 -3.537684 1.000000 1.000000 1.000000 1.000000
v 15.649994 0.632865 -3.561155 1.000000 1.000000 1.000000 1.000000
v 15.967195 0.335001 -3.779036 1.000000 1.000000 1.000000 1.000000
v 15.321889 0.941492 -3.366068 1.000000 1.000000 1.000000 1.000000
v 15.953879 0.347092 -3.804633 1.000000 1.000000 1.000000 1.000000
v 16.268627 0.051888 -4.015503 1.000000 1.000000 1.000000 1.000000
v 16.250475 0.055410 -4.040746 1.000000 1.000000 1.000000 1.000000
v 15.636540 0.645093 -3.586617 1.000000 1.000000 1.000000 1.000000
v 15.935545 0.350787 -3.829719 1.000000 1.000000 1.000000 1.000000
v 16.229103 0.050194 -4.062988 1.000000 1.000000 1.000000 1.000000
v 15.618062 0.648929 -3.611576 1.000000 1.000000 1.000000 1.000000
v 15.914007 0.345727 -3.851837 1.000000 1.000000 1.000000 1.000000
v 16.206585 0.036751 -4.080050 1.000000 1.000000 1.000000 1.000000
v 15.303302 0.945443 -3.390925 1.000000 1.000000 1.000000 1.000000
v 15.891358 0.332407 -3.868823 1.000000 1.000000 1.000000 1.000000
v 16.185141 0.016395 -4.090264 1.000000 1.000000 1.000000 1.000000
v 15.596388 0.644000 -3.633590 1.000000 1.000000 1.000000 1.000000
v 15.869830 0.312127 -3.879011 1.000000 1.000000 1.000000 1.000000
v 15.573623 0.630787 -3.650502 1.000000 1.000000 1.000000 1.000000
v 15.281511 0.940626 -3.412850 1.000000 1.000000 1.000000 1.000000
v 15.015222 1.231883 -3.147608 1.000000 1.000000 1.000000 1.000000
v 14.996548 1.235927 -3.172386 1.000000 1.000000 1.000000 1.000000
v 14.721837 1.511850 -2.935871 1.000000 1.000000 1.000000 1.000000
v 14.974658 1.231209 -3.194234 1.000000 1.000000 1.000000 1.000000
v 14.447053 1.776965 -2.735505 1.000000 1.000000 1.000000 1.000000
v 14.703104 1.515970 -2.960593 1.000000 1.000000 1.000000 1.000000
v 14.428289 1.781145 -2.760193 1.000000 1.000000 1.000000 1.000000
v 14.177464 2.026995 -2.575867 1.000000 1.000000 1.000000 1.000000
v 14.681129 1.511343 -2.982372 1.000000 1.000000 1.000000 1.000000
v 14.406237 1.776604 -2.781911 1.000000 1.000000 1.000000 1.000000
v 14.155339 2.022538 -2.597531 1.000000 1.000000 1.000000 1.000000
v 13.933862 2.244641 -2.433961 1.000000 1.000000 1.000000 1.000000
v 14.383037 1.763782 -2.798533 1.000000 1.000000 1.000000 1.000000
v 13.746656 2.438932 -2.295437 1.000000 1.000000 1.000000 1.000000
v 14.132004 2.009837 -2.614054 1.000000 1.000000 1.000000 1.000000
v 13.910355 2.232097 -2.450357 1.000000 1.000000 1.000000 1.000000
v 13.592408 2.607226 -2.181150 1.000000 1.000000 1.000000 1.000000
v 13.722907 2.426614 -2.311655 1.000000 1.000000 1.000000 1.000000
v 14.109758 1.990134 -2.623825 1.000000 1.000000 1.000000 1.000000
v 13.488429 2.758832 -2.065747 1.000000 1.000000 1.000000 1.000000
v 14.360975 1.743935 -2.808433 1.000000 1.000000 1.000000 1.000000
v 13.384256 2.891524 -1.987824 1.000000 1.000000 1.000000 1.000000
v 13.465853 2.755042 -2.087072 1.000000 1.000000 1.000000 1.000000
v 13.296570 3.015295 -1.921565 1.000000 1.000000 1.000000 1.000000
v 13.361487 2.888068 -2.009001 1.000000 1.000000 1.000000 1.000000
v 13.568330 2.595235 -2.197122 1.000000 1.000000 1.000000 1.000000
v 13.441350 2.743504 -2.102732 1.000000 1.000000 1.000000 1.000000
v 13.273603 3.012212 -1.942585 1.000000 1.000000 1.000000 1.000000
v 13.219520 3.136348 -1.862510 1.000000 1.000000 1.000000 1.000000
v 13.196383 3.133626 -1.883392 1.000000 1.000000 1.000000 1.000000
v 13.248125 3.001889 -1.957516 1.000000 1.000000 1.000000 1.000000
v 13.336501 2.877102 -2.024301 1.000000 1.000000 1.000000 1.000000
v 13.417323 2.725346 -2.111198 1.000000 1.000000 1.000000 1.000000
v 13.544940 2.576478 -2.206059 1.000000 1.000000 1.000000 1.000000
v 13.396111 2.702344 -2.111639 1.000000 1.000000 1.000000 1.000000
v 13.700023 2.407418 -2.320961 1.000000 1.000000 1.000000 1.000000
v 13.524521 2.552787 -2.207078 1.000000 1.000000 1.000000 1.000000
v 13.509088 2.526487 -2.200085 1.000000 1.000000 1.000000 1.000000
v 13.680235 2.383223 -2.322441 1.000000 1.000000 1.000000 1.000000
v 13.887845 2.212597 -2.459937 1.000000 1.000000 1.000000 1.000000
v 13.868523 2.188052 -2.461761 1.000000 1.000000 1.000000 1.000000
v 13.665490 2.356402 -2.315953 1.000000 1.000000 1.000000 1.000000
v 13.500140 2.500147 -2.185763 1.000000 1.000000 1.000000 1.000000
v 14.090755 1.965356 -2.625883 1.000000 1.000000 1.000000 1.000000
v 13.854293 2.160868 -2.455652 1.000000 1.000000 1.000000 1.000000
v 13.657231 2.329575 -2.302131 1.000000 1.000000 1.000000 1.000000
v 13.498562 2.476351 -2.165514 1.000000 1.000000 1.000000 1.000000
v 13.372982 2.609287 -2.043630 1.000000 1.000000 1.000000 1.000000
v 13.656264 2.305373 -2.282328 1.000000 1.000000 1.000000 1.000000
v 13.517371 2.445218 -2.115547 1.000000 1.000000 1.000000 1.000000
v 13.535928 2.440932 -2.090722 1.000000 1.000000 1.000000 1.000000
v 13.504493 2.457422 -2.141320 1.000000 1.000000 1.000000 1.000000
v 13.675859 2.273822 -2.232929 1.000000 1.000000 1.000000 1.000000
v 13.694507 2.269563 -2.208169 1.000000 1.000000 1.000000 1.000000
v 13.662678 2.286160 -2.258484 1.000000 1.000000 1.000000 1.000000
v 13.866220 2.077363 -2.373769 1.000000 1.000000 1.000000 1.000000
v 13.884938 2.073119 -2.349062 1.000000 1.000000 1.000000 1.000000
v 13.846036 2.109212 -2.422737 1.000000 1.000000 1.000000 1.000000
v 14.089852 1.853854 -2.538899 1.000000 1.000000 1.000000 1.000000
v 14.108612 1.849630 -2.514219 1.000000 1.000000 1.000000 1.000000
v 13.852810 2.089798 -2.399157 1.000000 1.000000 1.000000 1.000000
v 14.342125 1.607074 -2.724205 1.000000 1.000000 1.000000 1.000000
v 14.360884 1.602892 -2.699517 1.000000 1.000000 1.000000 1.000000
v 14.076292 1.866343 -2.564181 1.000000 1.000000 1.000000 1.000000
v 14.069281 1.885880 -2.587588 1.000000 1.000000 1.000000 1.000000
v 14.617904 1.341309 -2.925175 1.000000 1.000000 1.000000 1.000000
v 14.636627 1.337186 -2.900453 1.000000 1.000000 1.000000 1.000000
v 14.328496 1.619569 -2.749446 1.000000 1.000000 1.000000 1.000000
v 14.321348 1.639159 -2.772767 1.000000 1.000000 1.000000 1.000000
v 14.911980 1.060902 -3.137250 1.000000 1.000000 1.000000 1.000000
v 14.930644 1.056855 -3.112472 1.000000 1.000000 1.000000 1.000000
v 14.604257 1.353777 -2.950421 1.000000 1.000000 1.000000 1.000000
v 14.597046 1.373374 -2.973718 1.000000 1.000000 1.000000 1.000000
v 15.219119 0.770219 -3.355845 1.000000 1.000000 1.000000 1.000000
v 15.237701 0.766267 -3.330988 1.000000 1.000000 1.000000 1.000000
v 14.898359 1.073315 -3.162538 1.000000 1.000000 1.000000 1.000000
v 14.891136 1.092884 -3.185854 1.000000 1.000000 1.000000 1.000000
v 15.534067 0.473645 -3.576356 1.000000 1.000000 1.000000 1.000000
v 15.552536 0.469808 -3.551397 1.000000 1.000000 1.000000 1.000000
v 15.205562 0.782553 -3.381204 1.000000 1.000000 1.000000 1.000000
v 15.198367 0.802064 -3.404580 1.000000 1.000000 1.000000 1.000000
v 15.851552 0.175569 -3.794168 1.000000 1.000000 1.000000 1.000000
v 15.869879 0.171872 -3.769084 1.000000 1.000000 1.000000 1.000000
v 15.520605 0.485872 -3.601817 1.000000 1.000000 1.000000 1.000000
v 16.166302 -0.119612 -4.004663 1.000000 1.000000 1.000000 1.000000
v 16.184446 -0.123136 -3.979419 1.000000 1.000000 1.000000 1.000000
v 15.838227 0.187658 -3.819766 1.000000 1.000000 1.000000 1.000000
v 16.153160 -0.107698 -4.030436 1.000000 1.000000 1.000000 1.000000
v 16.146320 -0.088553 -4.054217 1.000000 1.000000 1.000000 1.000000
v 15.831223 0.206962 -3.843370 1.000000 1.000000 1.000000 1.000000
v 16.146441 -0.064056 -4.073678 1.000000 1.000000 1.000000 1.000000
v 15.513486 0.505296 -3.625288 1.000000 1.000000 1.000000 1.000000
v 15.831214 0.231586 -3.862672 1.000000 1.000000 1.000000 1.000000
v 16.153511 -0.036601 -4.086915 1.000000 1.000000 1.000000 1.000000
v 15.513392 0.530010 -3.644471 1.000000 1.000000 1.000000 1.000000
v 15.838199 0.259123 -3.875778 1.000000 1.000000 1.000000 1.000000
v 16.166845 -0.008882 -4.092629 1.000000 1.000000 1.000000 1.000000
v 15.198232 0.826838 -3.423686 1.000000 1.000000 1.000000 1.000000
v 15.520333 0.557601 -3.657488 1.000000 1.000000 1.000000 1.000000
v 15.851506 0.286874 -3.881408 1.000000 1.000000 1.000000 1.000000
v 15.533641 0.585363 -3.663067 1.000000 1.000000 1.000000 1.000000
v 15.205167 0.854456 -3.436651 1.000000 1.000000 1.000000 1.000000
v 14.890997 1.117688 -3.204922 1.000000 1.000000 1.000000 1.000000
v 15.552011 0.610582 -3.660660 1.000000 1.000000 1.000000 1.000000
v 14.596954 1.398176 -2.992788 1.000000 1.000000 1.000000 1.000000
v 14.897967 1.145305 -3.217871 1.000000 1.000000 1.000000 1.000000
v 15.218504 0.882208 -3.442207 1.000000 1.000000 1.000000 1.000000
v 14.321361 1.663920 -2.791891 1.000000 1.000000 1.000000 1.000000
v 14.604000 1.425762 -3.005762 1.000000 1.000000 1.000000 1.000000
v 14.911366 1.173026 -3.223436 1.000000 1.000000 1.000000 1.000000
v 14.069477 1.910547 -2.606833 1.000000 1.000000 1.000000 1.000000
v 14.328544 1.691436 -2.804940 1.000000 1.000000 1.000000 1.000000
v 13.846544 2.133699 -2.442204 1.000000 1.000000 1.000000 1.000000
v 14.076879 1.937935 -2.620027 1.000000 1.000000 1.000000 1.000000
v 14.342192 1.719005 -2.810640 1.000000 1.000000 1.000000 1.000000
v 14.617497 1.453425 -3.011372 1.000000 1.000000 1.000000 1.000000
v 14.636126 1.478462 -3.009067 1.000000 1.000000 1.000000 1.000000
v 14.929880 1.198142 -3.221072 1.000000 1.000000 1.000000 1.000000
v 14.658044 1.498419 -2.999075 1.000000 1.000000 1.000000 1.000000
v 14.951680 1.218190 -3.211009 1.000000 1.000000 1.000000 1.000000
v 15.236936 0.907383 -3.439810 1.000000 1.000000 1.000000 1.000000
v 15.258637 0.927512 -3.429694 1.000000 1.000000 1.000000 1.000000
v 12.192731 4.893767 1.040902 1.000000 1.000000 1.000000 1.000000
v 12.045941 5.148771 0.927434 1.000000 1.000000 1.000000 1.000000
v 12.022439 5.146561 0.947969 1.000000 1.000000 1.000000 1.000000
v 12.216479 4.891869 1.020623 1.000000 1.000000 1.000000 1.000000
v 12.073752 5.155184 0.914617 1.000000 1.000000 1.000000 1.000000
v 12.307059 4.614295 1.129421 1.000000 1.000000 1.000000 1.000000
v 12.245272 4.892332 1.008390 1.000000 1.000000 1.000000 1.000000
v 12.103150 5.165174 0.910773 1.000000 1.000000 1.000000 1.000000
v 12.330481 4.616194 1.108762 1.000000 1.000000 1.000000 1.000000
v 12.408985 4.381903 1.209729 1.000000 1.000000 1.000000 1.000000
v 12.276291 4.895114 1.005405 1.000000 1.000000 1.000000 1.000000
v 12.131260 5.177763 0.916279 1.000000 1.000000 1.000000 1.000000
v 12.432408 4.383841 1.189080 1.000000 1.000000 1.000000 1.000000
v 12.511057 4.159705 1.291175 1.000000 1.000000 1.000000 1.000000
v 12.357450 4.624065 1.094998 1.000000 1.000000 1.000000 1.000000
v 12.534481 4.161684 1.270531 1.000000 1.000000 1.000000 1.000000
v 12.611650 3.949160 1.372136 1.000000 1.000000 1.000000 1.000000
v 12.459261 4.391941 1.175217 1.000000 1.000000 1.000000 1.000000
v 12.635069 3.951182 1.351491 1.000000 1.000000 1.000000 1.000000
v 12.709126 3.751737 1.450981 1.000000 1.000000 1.000000 1.000000
v 12.561227 4.169986 1.256580 1.000000 1.000000 1.000000 1.000000
v 12.732539 3.753807 1.430331 1.000000 1.000000 1.000000 1.000000
v 12.801847 3.568921 1.526077 1.000000 1.000000 1.000000 1.000000
v 12.661716 3.959661 1.337458 1.000000 1.000000 1.000000 1.000000
v 12.825244 3.571046 1.505416 1.000000 1.000000 1.000000 1.000000
v 12.888162 3.402215 1.595780 1.000000 1.000000 1.000000 1.000000
v 12.759095 3.762442 1.416224 1.000000 1.000000 1.000000 1.000000
v 12.911533 3.404405 1.575099 1.000000 1.000000 1.000000 1.000000
v 12.966794 3.252729 1.658754 1.000000 1.000000 1.000000 1.000000
v 12.851721 3.579818 1.491243 1.000000 1.000000 1.000000 1.000000
v 12.990130 3.255003 1.638039 1.000000 1.000000 1.000000 1.000000
v 13.041080 3.116712 1.717423 1.000000 1.000000 1.000000 1.000000
v 12.937939 3.413301 1.560869 1.000000 1.000000 1.000000 1.000000
v 13.064342 3.119153 1.696646 1.000000 1.000000 1.000000 1.000000
v 13.116817 2.987998 1.776235 1.000000 1.000000 1.000000 1.000000
v 13.016466 3.264018 1.623757 1.000000 1.000000 1.000000 1.000000
v 13.139954 2.990721 1.755353 1.000000 1.000000 1.000000 1.000000
v 13.199256 2.861199 1.839200 1.000000 1.000000 1.000000 1.000000
v 13.090530 3.128414 1.682252 1.000000 1.000000 1.000000 1.000000
v 13.222221 2.864282 1.818179 1.000000 1.000000 1.000000 1.000000
v 13.293353 2.731222 1.910116 1.000000 1.000000 1.000000 1.000000
v 13.165854 3.000437 1.740738 1.000000 1.000000 1.000000 1.000000
v 13.117081 3.143588 1.675650 1.000000 1.000000 1.000000 1.000000
v 13.316120 2.734680 1.888939 1.000000 1.000000 1.000000 1.000000
v 13.403931 2.592935 1.992691 1.000000 1.000000 1.000000 1.000000
v 13.247705 2.874606 1.803248 1.000000 1.000000 1.000000 1.000000
v 13.426507 2.596724 1.971366 1.000000 1.000000 1.000000 1.000000
v 13.535928 2.440932 2.090722 1.000000 1.000000 1.000000 1.000000
v 13.341113 2.745647 1.873641 1.000000 1.000000 1.000000 1.000000
v 13.191978 3.016197 1.733820 1.000000 1.000000 1.000000 1.000000
v 13.558342 2.444982 2.069273 1.000000 1.000000 1.000000 1.000000
v 13.694507 2.269563 2.208169 1.000000 1.000000 1.000000 1.000000
v 13.451009 2.608263 1.955704 1.000000 1.000000 1.000000 1.000000
v 13.273203 2.891159 1.795866 1.000000 1.000000 1.000000 1.000000
v 13.716793 2.273801 2.186625 1.000000 1.000000 1.000000 1.000000
v 13.884938 2.073119 2.349062 1.000000 1.000000 1.000000 1.000000
v 13.582420 2.456973 2.053299 1.000000 1.000000 1.000000 1.000000
v 13.365875 2.763046 1.865714 1.000000 1.000000 1.000000 1.000000
v 13.907136 2.077483 2.327450 1.000000 1.000000 1.000000 1.000000
v 14.108612 1.849630 2.514218 1.000000 1.000000 1.000000 1.000000
v 13.740541 2.286121 2.170406 1.000000 1.000000 1.000000 1.000000
v 13.475039 2.626421 1.947239 1.000000 1.000000 1.000000 1.000000
v 14.130742 1.854088 2.492556 1.000000 1.000000 1.000000 1.000000
v 14.360884 1.602892 2.699517 1.000000 1.000000 1.000000 1.000000
v 13.930644 2.090030 2.311053 1.000000 1.000000 1.000000 1.000000
v 13.605811 2.475731 2.044365 1.000000 1.000000 1.000000 1.000000
v 14.382943 1.607434 2.677798 1.000000 1.000000 1.000000 1.000000
v 14.636627 1.337187 2.900452 1.000000 1.000000 1.000000 1.000000
v 14.154075 1.866790 2.476031 1.000000 1.000000 1.000000 1.000000
v 13.763429 2.305316 2.161102 1.000000 1.000000 1.000000 1.000000
v 14.658610 1.341815 2.878675 1.000000 1.000000 1.000000 1.000000
v 14.930644 1.056856 3.112472 1.000000 1.000000 1.000000 1.000000
v 14.406141 1.620257 2.661176 1.000000 1.000000 1.000000 1.000000
v 13.953156 2.109529 2.301474 1.000000 1.000000 1.000000 1.000000
v 14.952541 1.061574 3.090626 1.000000 1.000000 1.000000 1.000000
v 15.237701 0.766268 3.330988 1.000000 1.000000 1.000000 1.000000
v 14.681693 1.354741 2.861971 1.000000 1.000000 1.000000 1.000000
v 14.176326 1.886492 2.466261 1.000000 1.000000 1.000000 1.000000
v 15.259498 0.771085 3.309064 1.000000 1.000000 1.000000 1.000000
v 15.552536 0.469808 3.551397 1.000000 1.000000 1.000000 1.000000
v 14.975518 1.074595 3.073848 1.000000 1.000000 1.000000 1.000000
v 14.428205 1.640103 2.651277 1.000000 1.000000 1.000000 1.000000
v 15.574217 0.474738 3.529384 1.000000 1.000000 1.000000 1.000000
v 15.869879 0.171873 3.769084 1.000000 1.000000 1.000000 1.000000
v 15.282368 0.784201 3.292219 1.000000 1.000000 1.000000 1.000000
v 14.703613 1.374697 2.851978 1.000000 1.000000 1.000000 1.000000
v 15.891423 0.176932 3.746964 1.000000 1.000000 1.000000 1.000000
v 16.184446 -0.123135 3.979419 1.000000 1.000000 1.000000 1.000000
v 16.205824 -0.117920 3.957178 1.000000 1.000000 1.000000 1.000000
v 15.596980 0.487952 3.512470 1.000000 1.000000 1.000000 1.000000
v 15.914069 0.190255 3.729979 1.000000 1.000000 1.000000 1.000000
v 16.228336 -0.104474 3.940115 1.000000 1.000000 1.000000 1.000000
v 15.304073 0.804330 3.282104 1.000000 1.000000 1.000000 1.000000
v 15.935599 0.210533 3.719790 1.000000 1.000000 1.000000 1.000000
v 16.249784 -0.084120 3.929900 1.000000 1.000000 1.000000 1.000000
v 16.268076 -0.058844 3.927534 1.000000 1.000000 1.000000 1.000000
v 15.618597 0.508156 3.502313 1.000000 1.000000 1.000000 1.000000
v 15.953919 0.235784 3.717393 1.000000 1.000000 1.000000 1.000000
v 16.281410 -0.031121 3.933250 1.000000 1.000000 1.000000 1.000000
v 15.636960 0.533375 3.499904 1.000000 1.000000 1.000000 1.000000
v 15.967225 0.263538 3.723025 1.000000 1.000000 1.000000 1.000000
v 16.288479 -0.003668 3.946487 1.000000 1.000000 1.000000 1.000000
v 15.322501 0.829502 3.279705 1.000000 1.000000 1.000000 1.000000
v 15.974210 0.291075 3.736130 1.000000 1.000000 1.000000 1.000000
v 16.288603 0.020830 3.965947 1.000000 1.000000 1.000000 1.000000
v 15.650267 0.561138 3.505483 1.000000 1.000000 1.000000 1.000000
v 15.974204 0.315699 3.755431 1.000000 1.000000 1.000000 1.000000
v 16.281759 0.039973 3.989729 1.000000 1.000000 1.000000 1.000000
v 15.657209 0.588728 3.518502 1.000000 1.000000 1.000000 1.000000
v 15.335837 0.857256 3.285262 1.000000 1.000000 1.000000 1.000000
v 14.997323 1.094643 3.063787 1.000000 1.000000 1.000000 1.000000
v 15.015832 1.119757 3.061422 1.000000 1.000000 1.000000 1.000000
v 14.722236 1.399733 2.849672 1.000000 1.000000 1.000000 1.000000
v 15.029232 1.147480 3.066986 1.000000 1.000000 1.000000 1.000000
v 14.446980 1.665031 2.649068 1.000000 1.000000 1.000000 1.000000
v 14.735735 1.427398 2.855283 1.000000 1.000000 1.000000 1.000000
v 15.342771 0.884874 3.298226 1.000000 1.000000 1.000000 1.000000
v 15.036196 1.175096 3.079936 1.000000 1.000000 1.000000 1.000000
v 15.657116 0.613443 3.537684 1.000000 1.000000 1.000000 1.000000
v 15.342636 0.909649 3.317331 1.000000 1.000000 1.000000 1.000000
v 15.967195 0.335002 3.779036 1.000000 1.000000 1.000000 1.000000
v 15.649994 0.632866 3.561155 1.000000 1.000000 1.000000 1.000000
v 15.953879 0.347093 3.804633 1.000000 1.000000 1.000000 1.000000
v 16.268627 0.051889 4.015503 1.000000 1.000000 1.000000 1.000000
v 16.250475 0.055411 4.040746 1.000000 1.000000 1.000000 1.000000
v 15.636540 0.645094 3.586617 1.000000 1.000000 1.000000 1.000000
v 15.935545 0.350787 3.829719 1.000000 1.000000 1.000000 1.000000
v 16.229103 0.050195 4.062988 1.000000 1.000000 1.000000 1.000000
v 15.321889 0.941493 3.366068 1.000000 1.000000 1.000000 1.000000
v 15.914007 0.345728 3.851837 1.000000 1.000000 1.000000 1.000000
v 16.206585 0.036752 4.080050 1.000000 1.000000 1.000000 1.000000
v 15.618062 0.648930 3.611576 1.000000 1.000000 1.000000 1.000000
v 15.891358 0.332408 3.868823 1.000000 1.000000 1.000000 1.000000
v 16.185141 0.016396 4.090264 1.000000 1.000000 1.000000 1.000000
v 15.596388 0.644001 3.633590 1.000000 1.000000 1.000000 1.000000
v 15.303302 0.945444 3.390925 1.000000 1.000000 1.000000 1.000000
v 15.335442 0.929158 3.340709 1.000000 1.000000 1.000000 1.000000
v 15.015222 1.231884 3.147607 1.000000 1.000000 1.000000 1.000000
v 15.036063 1.199901 3.099003 1.000000 1.000000 1.000000 1.000000
v 15.028835 1.219469 3.122321 1.000000 1.000000 1.000000 1.000000
v 14.742781 1.454983 2.868258 1.000000 1.000000 1.000000 1.000000
v 14.742691 1.479786 2.887327 1.000000 1.000000 1.000000 1.000000
v 14.460632 1.692603 2.654769 1.000000 1.000000 1.000000 1.000000
v 14.467813 1.720117 2.667818 1.000000 1.000000 1.000000 1.000000
v 14.195319 1.911268 2.464203 1.000000 1.000000 1.000000 1.000000
v 14.209200 1.938692 2.470058 1.000000 1.000000 1.000000 1.000000
v 13.972473 2.134073 2.299650 1.000000 1.000000 1.000000 1.000000
v 14.216599 1.966080 2.483253 1.000000 1.000000 1.000000 1.000000
v 13.783210 2.329509 2.159620 1.000000 1.000000 1.000000 1.000000
v 13.986704 2.161258 2.305759 1.000000 1.000000 1.000000 1.000000
v 13.626225 2.499419 2.043344 1.000000 1.000000 1.000000 1.000000
v 13.797955 2.356331 2.166108 1.000000 1.000000 1.000000 1.000000
v 13.496246 2.649420 1.946799 1.000000 1.000000 1.000000 1.000000
v 13.641660 2.525722 2.050337 1.000000 1.000000 1.000000 1.000000
v 13.994452 2.188426 2.319206 1.000000 1.000000 1.000000 1.000000
v 13.806215 2.383159 2.179930 1.000000 1.000000 1.000000 1.000000
v 13.387993 2.785176 1.865938 1.000000 1.000000 1.000000 1.000000
v 13.512552 2.675011 1.954426 1.000000 1.000000 1.000000 1.000000
v 13.296234 2.912320 1.796758 1.000000 1.000000 1.000000 1.000000
v 13.405293 2.809871 1.874290 1.000000 1.000000 1.000000 1.000000
v 13.650605 2.552062 2.064659 1.000000 1.000000 1.000000 1.000000
v 13.522358 2.700688 1.969374 1.000000 1.000000 1.000000 1.000000
v 13.215777 3.036457 1.735276 1.000000 1.000000 1.000000 1.000000
v 13.314529 2.936021 1.805835 1.000000 1.000000 1.000000 1.000000
v 13.416083 2.834714 1.889951 1.000000 1.000000 1.000000 1.000000
v 13.141398 3.163189 1.677486 1.000000 1.000000 1.000000 1.000000
v 13.234914 3.059235 1.744964 1.000000 1.000000 1.000000 1.000000
v 13.326305 2.959941 1.822209 1.000000 1.000000 1.000000 1.000000
v 13.043222 3.278892 1.617306 1.000000 1.000000 1.000000 1.000000
v 13.161100 3.185301 1.687582 1.000000 1.000000 1.000000 1.000000
v 12.964788 3.428033 1.554485 1.000000 1.000000 1.000000 1.000000
v 13.067786 3.298166 1.619317 1.000000 1.000000 1.000000 1.000000
v 12.878684 3.594385 1.484947 1.000000 1.000000 1.000000 1.000000
v 12.989461 3.447161 1.556571 1.000000 1.000000 1.000000 1.000000
v 12.786196 3.776800 1.410041 1.000000 1.000000 1.000000 1.000000
v 12.903497 3.613315 1.487144 1.000000 1.000000 1.000000 1.000000
v 13.087747 3.319958 1.629593 1.000000 1.000000 1.000000 1.000000
v 12.688977 3.973769 1.331410 1.000000 1.000000 1.000000 1.000000
v 12.811190 3.795472 1.412387 1.000000 1.000000 1.000000 1.000000
v 12.588671 4.183801 1.250687 1.000000 1.000000 1.000000 1.000000
v 12.714190 3.992125 1.333938 1.000000 1.000000 1.000000 1.000000
v 12.486912 4.405415 1.169499 1.000000 1.000000 1.000000 1.000000
v 12.614131 4.201776 1.253428 1.000000 1.000000 1.000000 1.000000
v 12.385332 4.637139 1.089473 1.000000 1.000000 1.000000 1.000000
v 12.512657 4.422941 1.172484 1.000000 1.000000 1.000000 1.000000
v 12.306500 4.899940 1.011958 1.000000 1.000000 1.000000 1.000000
v 12.155327 5.191716 0.930593 1.000000 1.000000 1.000000 1.000000
v 12.411396 4.654137 1.092732 1.000000 1.000000 1.000000 1.000000
v 12.332943 4.906338 1.027407 1.000000 1.000000 1.000000 1.000000
v 12.433090 4.673394 1.104453 1.000000 1.000000 1.000000 1.000000
v 12.533975 4.442804 1.183882 1.000000 1.000000 1.000000 1.000000
v 12.353032 4.913683 1.050241 1.000000 1.000000 1.000000 1.000000
v 12.172997 5.205670 0.952317 1.000000 1.000000 1.000000 1.000000
v 12.448293 4.693025 1.123490 1.000000 1.000000 1.000000 1.000000
v 12.548779 4.463060 1.202575 1.000000 1.000000 1.000000 1.000000
v 12.635115 4.222152 1.264537 1.000000 1.000000 1.000000 1.000000
v 12.649567 4.242936 1.282926 1.000000 1.000000 1.000000 1.000000
v 12.734878 4.012931 1.344796 1.000000 1.000000 1.000000 1.000000
v 12.749023 4.034153 1.362920 1.000000 1.000000 1.000000 1.000000
v 12.831630 3.816634 1.423033 1.000000 1.000000 1.000000 1.000000
v 12.845512 3.838213 1.440935 1.000000 1.000000 1.000000 1.000000
v 12.923730 3.634759 1.497619 1.000000 1.000000 1.000000 1.000000
v 12.937401 3.656616 1.515347 1.000000 1.000000 1.000000 1.000000
v 13.009536 3.468811 1.566925 1.000000 1.000000 1.000000 1.000000
v 13.023050 3.490865 1.584530 1.000000 1.000000 1.000000 1.000000
v 13.101153 3.342132 1.647130 1.000000 1.000000 1.000000 1.000000
v 13.174253 3.207756 1.704949 1.000000 1.000000 1.000000 1.000000
v 13.106690 3.362517 1.670208 1.000000 1.000000 1.000000 1.000000
v 13.247517 3.082302 1.761937 1.000000 1.000000 1.000000 1.000000
v 13.179577 3.228359 1.727885 1.000000 1.000000 1.000000 1.000000
v 13.252352 3.103396 1.784531 1.000000 1.000000 1.000000 1.000000
v 13.330409 2.981735 1.844279 1.000000 1.000000 1.000000 1.000000
v 13.419312 2.857271 1.911389 1.000000 1.000000 1.000000 1.000000
v 13.326436 2.999274 1.869880 1.000000 1.000000 1.000000 1.000000
v 13.524712 2.723936 1.990180 1.000000 1.000000 1.000000 1.000000
v 13.414660 2.875336 1.936508 1.000000 1.000000 1.000000 1.000000
v 13.519375 2.742479 2.014807 1.000000 1.000000 1.000000 1.000000
v 13.652187 2.575859 2.084908 1.000000 1.000000 1.000000 1.000000
v 13.646250 2.594787 2.109103 1.000000 1.000000 1.000000 1.000000
v 13.807185 2.407362 2.199732 1.000000 1.000000 1.000000 1.000000
v 13.800764 2.426572 2.223577 1.000000 1.000000 1.000000 1.000000
v 13.994963 2.212915 2.338673 1.000000 1.000000 1.000000 1.000000
v 13.988182 2.232327 2.362254 1.000000 1.000000 1.000000 1.000000
v 14.216801 1.990747 2.502496 1.000000 1.000000 1.000000 1.000000
v 14.209779 2.010283 2.525905 1.000000 1.000000 1.000000 1.000000
v 14.467831 1.744880 2.686940 1.000000 1.000000 1.000000 1.000000
v 14.460673 1.764469 2.710264 1.000000 1.000000 1.000000 1.000000
v 14.735474 1.499381 2.910625 1.000000 1.000000 1.000000 1.000000
v 14.196228 2.022774 2.551187 1.000000 1.000000 1.000000 1.000000
v 14.721837 1.511850 2.935870 1.000000 1.000000 1.000000 1.000000
v 14.447053 1.776966 2.735505 1.000000 1.000000 1.000000 1.000000
v 14.996548 1.235928 3.172386 1.000000 1.000000 1.000000 1.000000
v 14.703104 1.515971 2.960592 1.000000 1.000000 1.000000 1.000000
v 14.428289 1.781146 2.760192 1.000000 1.000000 1.000000 1.000000
v 15.281511 0.940627 3.412850 1.000000 1.000000 1.000000 1.000000
v 14.974658 1.231210 3.194233 1.000000 1.000000 1.000000 1.000000
v 15.573623 0.630788 3.650502 1.000000 1.000000 1.000000 1.000000
v 15.258637 0.927512 3.429694 1.000000 1.000000 1.000000 1.000000
v 14.681129 1.511344 2.982371 1.000000 1.000000 1.000000 1.000000
v 15.869830 0.312128 3.879011 1.000000 1.000000 1.000000 1.000000
v 15.552011 0.610583 3.660660 1.000000 1.000000 1.000000 1.000000
v 14.951680 1.218191 3.211008 1.000000 1.000000 1.000000 1.000000
v 15.851506 0.286875 3.881408 1.000000 1.000000 1.000000 1.000000
v 16.166845 -0.008881 4.092629 1.000000 1.000000 1.000000 1.000000
v 15.533641 0.585363 3.663067 1.000000 1.000000 1.000000 1.000000
v 15.236936 0.907384 3.439810 1.000000 1.000000 1.000000 1.000000
v 15.218504 0.882208 3.442207 1.000000 1.000000 1.000000 1.000000
v 15.520333 0.557602 3.657488 1.000000 1.000000 1.000000 1.000000
v 15.838199 0.259124 3.875778 1.000000 1.000000 1.000000 1.000000
v 16.153511 -0.036600 4.086915 1.000000 1.000000 1.000000 1.000000
v 15.205167 0.854457 3.436651 1.000000 1.000000 1.000000 1.000000
v 15.831214 0.231587 3.862672 1.000000 1.000000 1.000000 1.000000
v 16.146441 -0.064055 4.073678 1.000000 1.000000 1.000000 1.000000
v 15.513392 0.530011 3.644471 1.000000 1.000000 1.000000 1.000000
v 15.831223 0.206963 3.843370 1.000000 1.000000 1.000000 1.000000
v 16.146320 -0.088552 4.054217 1.000000 1.000000 1.000000 1.000000
v 15.513486 0.505297 3.625288 1.000000 1.000000 1.000000 1.000000
v 15.198232 0.826839 3.423686 1.000000 1.000000 1.000000 1.000000
v 15.198367 0.802065 3.404580 1.000000 1.000000 1.000000 1.000000
v 15.520605 0.485873 3.601817 1.000000 1.000000 1.000000 1.000000
v 15.838227 0.187659 3.819766 1.000000 1.000000 1.000000 1.000000
v 16.153160 -0.107697 4.030436 1.000000 1.000000 1.000000 1.000000
v 16.166302 -0.119611 4.004663 1.000000 1.000000 1.000000 1.000000
v 15.869879 0.171873 3.769084 1.000000 1.000000 1.000000 1.000000
v 16.184446 -0.123135 3.979419 1.000000 1.000000 1.000000 1.000000
v 15.851552 0.175570 3.794168 1.000000 1.000000 1.000000 1.000000
v 15.552536 0.469808 3.551397 1.000000 1.000000 1.000000 1.000000
v 15.534067 0.473645 3.576356 1.000000 1.000000 1.000000 1.000000
v 15.237701 0.766268 3.330988 1.000000 1.000000 1.000000 1.000000
v 15.205562 0.782554 3.381204 1.000000 1.000000 1.000000 1.000000
v 15.219119 0.770220 3.355845 1.000000 1.000000 1.000000 1.000000
v 14.930644 1.056856 3.112472 1.000000 1.000000 1.000000 1.000000
v 14.898359 1.073316 3.162537 1.000000 1.000000 1.000000 1.000000
v 14.911980 1.060902 3.137250 1.000000 1.000000 1.000000 1.000000
v 14.636627 1.337187 2.900452 1.000000 1.000000 1.000000 1.000000
v 14.891136 1.092885 3.185854 1.000000 1.000000 1.000000 1.000000
v 14.604257 1.353778 2.950421 1.000000 1.000000 1.000000 1.000000
v 14.617904 1.341310 2.925175 1.000000 1.000000 1.000000 1.000000
v 14.360884 1.602892 2.699517 1.000000 1.000000 1.000000 1.000000
v 14.890997 1.117689 3.204921 1.000000 1.000000 1.000000 1.000000
v 14.342125 1.607075 2.724205 1.000000 1.000000 1.000000 1.000000
v 14.108612 1.849630 2.514218 1.000000 1.000000 1.000000 1.000000
v 14.328496 1.619570 2.749445 1.000000 1.000000 1.000000 1.000000
v 14.597046 1.373375 2.973718 1.000000 1.000000 1.000000 1.000000
v 14.089852 1.853855 2.538898 1.000000 1.000000 1.000000 1.000000
v 13.884938 2.073119 2.349062 1.000000 1.000000 1.000000 1.000000
v 14.076292 1.866343 2.564180 1.000000 1.000000 1.000000 1.000000
v 14.321348 1.639160 2.772767 1.000000 1.000000 1.000000 1.000000
v 14.596954 1.398177 2.992788 1.000000 1.000000 1.000000 1.000000
v 14.897967 1.145306 3.217871 1.000000 1.000000 1.000000 1.000000
v 14.321361 1.663921 2.791891 1.000000 1.000000 1.000000 1.000000
v 14.911366 1.173026 3.223435 1.000000 1.000000 1.000000 1.000000
v 14.604000 1.425763 3.005762 1.000000 1.000000 1.000000 1.000000
v 14.929880 1.198142 3.221071 1.000000 1.000000 1.000000 1.000000
v 14.617497 1.453426 3.011372 1.000000 1.000000 1.000000 1.000000
v 14.328544 1.691437 2.804939 1.000000 1.000000 1.000000 1.000000
v 14.658044 1.498420 2.999074 1.000000 1.000000 1.000000 1.000000
v 14.636126 1.478463 3.009067 1.000000 1.000000 1.000000 1.000000
v 14.342192 1.719006 2.810639 1.000000 1.000000 1.000000 1.000000
v 14.406237 1.776605 2.781910 1.000000 1.000000 1.000000 1.000000
v 14.383037 1.763783 2.798532 1.000000 1.000000 1.000000 1.000000
v 14.177464 2.026995 2.575866 1.000000 1.000000 1.000000 1.000000
v 14.155339 2.022538 2.597530 1.000000 1.000000 1.000000 1.000000
v 14.360975 1.743936 2.808432 1.000000 1.000000 1.000000 1.000000
v 13.974780 2.244764 2.387641 1.000000 1.000000 1.000000 1.000000
v 13.956059 2.249006 2.412350 1.000000 1.000000 1.000000 1.000000
v 13.787590 2.438912 2.249131 1.000000 1.000000 1.000000 1.000000
v 13.933862 2.244642 2.433961 1.000000 1.000000 1.000000 1.000000
v 13.633375 2.606991 2.134874 1.000000 1.000000 1.000000 1.000000
v 13.768943 2.443170 2.273893 1.000000 1.000000 1.000000 1.000000
v 13.506873 2.754504 2.040846 1.000000 1.000000 1.000000 1.000000
v 13.614821 2.611276 2.159700 1.000000 1.000000 1.000000 1.000000
v 13.746656 2.438933 2.295437 1.000000 1.000000 1.000000 1.000000
v 14.132004 2.009838 2.614054 1.000000 1.000000 1.000000 1.000000
v 13.910355 2.232097 2.450357 1.000000 1.000000 1.000000 1.000000
v 14.109758 1.990135 2.623825 1.000000 1.000000 1.000000 1.000000
v 14.090755 1.965357 2.625882 1.000000 1.000000 1.000000 1.000000
v 13.887845 2.212597 2.459937 1.000000 1.000000 1.000000 1.000000
v 14.076879 1.937936 2.620027 1.000000 1.000000 1.000000 1.000000
v 13.868523 2.188053 2.461761 1.000000 1.000000 1.000000 1.000000
v 13.854293 2.160868 2.455651 1.000000 1.000000 1.000000 1.000000
v 14.069477 1.910548 2.606832 1.000000 1.000000 1.000000 1.000000
v 13.846544 2.133699 2.442204 1.000000 1.000000 1.000000 1.000000
v 14.069281 1.885881 2.587588 1.000000 1.000000 1.000000 1.000000
v 13.846036 2.109213 2.422737 1.000000 1.000000 1.000000 1.000000
v 13.852810 2.089799 2.399157 1.000000 1.000000 1.000000 1.000000
v 13.656264 2.305374 2.282327 1.000000 1.000000 1.000000 1.000000
v 13.866220 2.077363 2.373768 1.000000 1.000000 1.000000 1.000000
v 13.694507 2.269563 2.208169 1.000000 1.000000 1.000000 1.000000
v 13.662678 2.286161 2.258484 1.000000 1.000000 1.000000 1.000000
v 13.675859 2.273823 2.232929 1.000000 1.000000 1.000000 1.000000
v 13.535928 2.440932 2.090722 1.000000 1.000000 1.000000 1.000000
v 13.504493 2.457422 2.141319 1.000000 1.000000 1.000000 1.000000
v 13.517371 2.445219 2.115547 1.000000 1.000000 1.000000 1.000000
v 13.403931 2.592935 1.992691 1.000000 1.000000 1.000000 1.000000
v 13.498562 2.476351 2.165513 1.000000 1.000000 1.000000 1.000000
v 13.385486 2.597264 2.017591 1.000000 1.000000 1.000000 1.000000
v 13.372982 2.609288 2.043629 1.000000 1.000000 1.000000 1.000000
v 13.275030 2.735611 1.935095 1.000000 1.000000 1.000000 1.000000
v 13.293353 2.731222 1.910116 1.000000 1.000000 1.000000 1.000000
v 13.262949 2.747413 1.961432 1.000000 1.000000 1.000000 1.000000
v 13.367649 2.627833 2.068257 1.000000 1.000000 1.000000 1.000000
v 13.181050 2.865659 1.864253 1.000000 1.000000 1.000000 1.000000
v 13.199256 2.861199 1.839200 1.000000 1.000000 1.000000 1.000000
v 13.169388 2.877223 1.890883 1.000000 1.000000 1.000000 1.000000
v 13.258302 2.765479 1.986550 1.000000 1.000000 1.000000 1.000000
v 13.098701 2.992537 1.801339 1.000000 1.000000 1.000000 1.000000
v 13.116817 2.987998 1.776235 1.000000 1.000000 1.000000 1.000000
v 13.087390 3.003891 1.828209 1.000000 1.000000 1.000000 1.000000
v 13.165422 2.894761 1.916486 1.000000 1.000000 1.000000 1.000000
v 13.023016 3.121331 1.742551 1.000000 1.000000 1.000000 1.000000
v 13.041080 3.116712 1.717423 1.000000 1.000000 1.000000 1.000000
v 13.011926 3.132554 1.769568 1.000000 1.000000 1.000000 1.000000
v 13.083989 3.020951 1.854213 1.000000 1.000000 1.000000 1.000000
v 12.948741 3.257419 1.683874 1.000000 1.000000 1.000000 1.000000
v 12.966794 3.252729 1.658754 1.000000 1.000000 1.000000 1.000000
v 12.937737 3.268612 1.710939 1.000000 1.000000 1.000000 1.000000
v 13.008900 3.149287 1.795830 1.000000 1.000000 1.000000 1.000000
v 12.870105 3.406949 1.620891 1.000000 1.000000 1.000000 1.000000
v 12.888162 3.402215 1.595780 1.000000 1.000000 1.000000 1.000000
v 12.859137 3.418140 1.647971 1.000000 1.000000 1.000000 1.000000
v 12.934872 3.285214 1.737302 1.000000 1.000000 1.000000 1.000000
v 12.783819 3.573657 1.551206 1.000000 1.000000 1.000000 1.000000
v 12.801847 3.568921 1.526077 1.000000 1.000000 1.000000 1.000000
v 12.772923 3.584785 1.578341 1.000000 1.000000 1.000000 1.000000
v 12.691147 3.756439 1.476153 1.000000 1.000000 1.000000 1.000000
v 12.709126 3.751737 1.450981 1.000000 1.000000 1.000000 1.000000
v 12.680366 3.767448 1.503381 1.000000 1.000000 1.000000 1.000000
v 12.593742 3.953797 1.397371 1.000000 1.000000 1.000000 1.000000
v 12.611650 3.949160 1.372136 1.000000 1.000000 1.000000 1.000000
v 12.856337 3.434695 1.674371 1.000000 1.000000 1.000000 1.000000
v 12.493242 4.164248 1.316492 1.000000 1.000000 1.000000 1.000000
v 12.511057 4.159705 1.291175 1.000000 1.000000 1.000000 1.000000
v 12.583108 3.964636 1.424726 1.000000 1.000000 1.000000 1.000000
v 12.391278 4.386320 1.235143 1.000000 1.000000 1.000000 1.000000
v 12.408985 4.381903 1.209729 1.000000 1.000000 1.000000 1.000000
v 12.482784 4.174863 1.344001 1.000000 1.000000 1.000000 1.000000
v 12.677840 3.783689 1.530002 1.000000 1.000000 1.000000 1.000000
v 12.289483 4.618556 1.154951 1.000000 1.000000 1.000000 1.000000
v 12.307059 4.614295 1.129421 1.000000 1.000000 1.000000 1.000000
v 12.381029 4.396660 1.262836 1.000000 1.000000 1.000000 1.000000
v 12.580786 3.980616 1.451522 1.000000 1.000000 1.000000 1.000000
v 12.480709 4.190515 1.371013 1.000000 1.000000 1.000000 1.000000
v 12.279472 4.628559 1.182854 1.000000 1.000000 1.000000 1.000000
v 12.379238 4.411909 1.290096 1.000000 1.000000 1.000000 1.000000
v 12.586998 4.000173 1.475139 1.000000 1.000000 1.000000 1.000000
v 12.487209 4.209669 1.394881 1.000000 1.000000 1.000000 1.000000
v 12.278005 4.643325 1.210399 1.000000 1.000000 1.000000 1.000000
v 12.683805 3.803572 1.553410 1.000000 1.000000 1.000000 1.000000
v 12.386075 4.430575 1.314257 1.000000 1.000000 1.000000 1.000000
v 12.601142 4.021394 1.493264 1.000000 1.000000 1.000000 1.000000
v 12.501662 4.230452 1.413269 1.000000 1.000000 1.000000 1.000000
v 12.697689 3.825151 1.571313 1.000000 1.000000 1.000000 1.000000
v 12.776002 3.621350 1.628072 1.000000 1.000000 1.000000 1.000000
v 12.789675 3.643208 1.645800 1.000000 1.000000 1.000000 1.000000
v 12.718124 3.846313 1.581958 1.000000 1.000000 1.000000 1.000000
v 12.770235 3.601220 1.604828 1.000000 1.000000 1.000000 1.000000
v 12.861961 3.454992 1.697505 1.000000 1.000000 1.000000 1.000000
v 12.875475 3.477044 1.715110 1.000000 1.000000 1.000000 1.000000
v 12.940406 3.305599 1.760381 1.000000 1.000000 1.000000 1.000000
v 12.953812 3.327773 1.777917 1.000000 1.000000 1.000000 1.000000
v 13.014217 3.169889 1.818767 1.000000 1.000000 1.000000 1.000000
v 13.027374 3.192345 1.836132 1.000000 1.000000 1.000000 1.000000
v 13.088820 3.042046 1.876808 1.000000 1.000000 1.000000 1.000000
v 13.101424 3.065111 1.893779 1.000000 1.000000 1.000000 1.000000
v 13.169518 2.916555 1.938555 1.000000 1.000000 1.000000 1.000000
v 13.181297 2.940474 1.954929 1.000000 1.000000 1.000000 1.000000
v 13.261523 2.788035 2.007990 1.000000 1.000000 1.000000 1.000000
v 13.272318 2.812878 2.023651 1.000000 1.000000 1.000000 1.000000
v 13.369996 2.651080 2.089063 1.000000 1.000000 1.000000 1.000000
v 13.379808 2.676756 2.104011 1.000000 1.000000 1.000000 1.000000
v 13.500140 2.500148 2.185763 1.000000 1.000000 1.000000 1.000000
v 13.509088 2.526488 2.200085 1.000000 1.000000 1.000000 1.000000
v 13.657231 2.329576 2.302130 1.000000 1.000000 1.000000 1.000000
v 13.665490 2.356403 2.315952 1.000000 1.000000 1.000000 1.000000
v 13.680235 2.383223 2.322440 1.000000 1.000000 1.000000 1.000000
v 13.524521 2.552787 2.207078 1.000000 1.000000 1.000000 1.000000
v 13.700023 2.407419 2.320960 1.000000 1.000000 1.000000 1.000000
v 13.396111 2.702345 2.111638 1.000000 1.000000 1.000000 1.000000
v 13.544940 2.576478 2.206058 1.000000 1.000000 1.000000 1.000000
v 13.722907 2.426614 2.311654 1.000000 1.000000 1.000000 1.000000
v 13.568330 2.595236 2.197122 1.000000 1.000000 1.000000 1.000000
v 13.592408 2.607227 2.181149 1.000000 1.000000 1.000000 1.000000
v 13.488429 2.758832 2.065747 1.000000 1.000000 1.000000 1.000000
v 13.465853 2.755043 2.087072 1.000000 1.000000 1.000000 1.000000
v 13.441350 2.743505 2.102732 1.000000 1.000000 1.000000 1.000000
v 13.384256 2.891525 1.987823 1.000000 1.000000 1.000000 1.000000
v 13.402581 2.887139 1.962844 1.000000 1.000000 1.000000 1.000000
v 13.361487 2.888068 2.009000 1.000000 1.000000 1.000000 1.000000
v 13.296570 3.015295 1.921564 1.000000 1.000000 1.000000 1.000000
v 13.314777 3.010837 1.896512 1.000000 1.000000 1.000000 1.000000
v 13.273603 3.012213 1.942585 1.000000 1.000000 1.000000 1.000000
v 13.219520 3.136348 1.862510 1.000000 1.000000 1.000000 1.000000
v 13.237636 3.131812 1.837405 1.000000 1.000000 1.000000 1.000000
v 13.248949 3.120457 1.810535 1.000000 1.000000 1.000000 1.000000
v 13.147392 3.260932 1.806292 1.000000 1.000000 1.000000 1.000000
v 13.176545 3.245092 1.754147 1.000000 1.000000 1.000000 1.000000
v 13.165455 3.256316 1.781165 1.000000 1.000000 1.000000 1.000000
v 13.103821 3.379121 1.696571 1.000000 1.000000 1.000000 1.000000
v 13.092818 3.390313 1.723637 1.000000 1.000000 1.000000 1.000000
v 13.074764 3.395001 1.748757 1.000000 1.000000 1.000000 1.000000
v 13.196383 3.133627 1.883391 1.000000 1.000000 1.000000 1.000000
v 13.124129 3.258492 1.827069 1.000000 1.000000 1.000000 1.000000
v 12.996848 3.543641 1.686254 1.000000 1.000000 1.000000 1.000000
v 13.051427 3.392727 1.769472 1.000000 1.000000 1.000000 1.000000
v 13.014904 3.538908 1.661144 1.000000 1.000000 1.000000 1.000000
v 12.973474 3.541452 1.706936 1.000000 1.000000 1.000000 1.000000
v 12.911556 3.709045 1.617342 1.000000 1.000000 1.000000 1.000000
v 13.025872 3.527718 1.634064 1.000000 1.000000 1.000000 1.000000
v 12.929585 3.704311 1.592213 1.000000 1.000000 1.000000 1.000000
v 13.028678 3.511162 1.607664 1.000000 1.000000 1.000000 1.000000
v 12.943172 3.676747 1.538591 1.000000 1.000000 1.000000 1.000000
v 12.940482 3.693182 1.565077 1.000000 1.000000 1.000000 1.000000
v 12.851480 3.858097 1.464343 1.000000 1.000000 1.000000 1.000000
v 12.848952 3.874338 1.490964 1.000000 1.000000 1.000000 1.000000
v 12.755237 4.053712 1.386537 1.000000 1.000000 1.000000 1.000000
v 12.838170 3.885348 1.518193 1.000000 1.000000 1.000000 1.000000
v 12.752913 4.069692 1.413334 1.000000 1.000000 1.000000 1.000000
v 12.656069 4.262091 1.306793 1.000000 1.000000 1.000000 1.000000
v 12.555616 4.481727 1.226733 1.000000 1.000000 1.000000 1.000000
v 12.653992 4.277742 1.333804 1.000000 1.000000 1.000000 1.000000
v 12.455512 4.711109 1.147980 1.000000 1.000000 1.000000 1.000000
v 12.553825 4.496976 1.253994 1.000000 1.000000 1.000000 1.000000
v 12.742276 4.080531 1.440689 1.000000 1.000000 1.000000 1.000000
v 12.643535 4.288359 1.361314 1.000000 1.000000 1.000000 1.000000
v 12.364797 4.921256 1.078225 1.000000 1.000000 1.000000 1.000000
v 12.182539 5.218258 0.979324 1.000000 1.000000 1.000000 1.000000
v 12.183021 5.228248 1.008970 1.000000 1.000000 1.000000 1.000000
v 12.454045 4.725874 1.175524 1.000000 1.000000 1.000000 1.000000
v 12.367091 4.928315 1.108620 1.000000 1.000000 1.000000 1.000000
v 12.174395 5.234663 1.038352 1.000000 1.000000 1.000000 1.000000
v 12.359686 4.934168 1.138448 1.000000 1.000000 1.000000 1.000000
v 12.157503 5.236872 1.064594 1.000000 1.000000 1.000000 1.000000
v 12.543575 4.507316 1.281687 1.000000 1.000000 1.000000 1.000000
v 12.444035 4.735878 1.203428 1.000000 1.000000 1.000000 1.000000
v 12.343307 4.938244 1.164793 1.000000 1.000000 1.000000 1.000000
v 12.426457 4.740138 1.228957 1.000000 1.000000 1.000000 1.000000
v 12.525870 4.511732 1.307102 1.000000 1.000000 1.000000 1.000000
v 12.319558 4.940142 1.185073 1.000000 1.000000 1.000000 1.000000
v 12.134003 5.234662 1.085129 1.000000 1.000000 1.000000 1.000000
v 12.403037 4.738239 1.249617 1.000000 1.000000 1.000000 1.000000
v 12.290767 4.939679 1.197304 1.000000 1.000000 1.000000 1.000000
v 12.106191 5.228248 1.097946 1.000000 1.000000 1.000000 1.000000
v 12.376068 4.730369 1.263381 1.000000 1.000000 1.000000 1.000000
v 12.502445 4.509796 1.327752 1.000000 1.000000 1.000000 1.000000
v 12.475593 4.501695 1.341613 1.000000 1.000000 1.000000 1.000000
v 12.348186 4.717293 1.268906 1.000000 1.000000 1.000000 1.000000
v 12.259746 4.936897 1.200290 1.000000 1.000000 1.000000 1.000000
v 12.076792 5.218258 1.101790 1.000000 1.000000 1.000000 1.000000
v 12.447942 4.488220 1.347331 1.000000 1.000000 1.000000 1.000000
v 12.229536 4.932072 1.193738 1.000000 1.000000 1.000000 1.000000
v 12.048684 5.205670 1.096285 1.000000 1.000000 1.000000 1.000000
v 12.322120 4.700296 1.265646 1.000000 1.000000 1.000000 1.000000
v 12.203093 4.925673 1.178288 1.000000 1.000000 1.000000 1.000000
v 12.024616 5.191716 1.081970 1.000000 1.000000 1.000000 1.000000
v 12.006947 5.177763 1.060246 1.000000 1.000000 1.000000 1.000000
v 12.300427 4.681038 1.253925 1.000000 1.000000 1.000000 1.000000
v 12.183006 4.918328 1.155453 1.000000 1.000000 1.000000 1.000000
v 12.171240 4.910755 1.127470 1.000000 1.000000 1.000000 1.000000
v 11.997403 5.165174 1.033239 1.000000 1.000000 1.000000 1.000000
v 12.285224 4.661408 1.234888 1.000000 1.000000 1.000000 1.000000
v 12.422195 4.470695 1.344345 1.000000 1.000000 1.000000 1.000000
v 12.400879 4.450831 1.332949 1.000000 1.000000 1.000000 1.000000
v 12.168947 4.903697 1.097076 1.000000 1.000000 1.000000 1.000000
v 11.996922 5.155184 1.003594 1.000000 1.000000 1.000000 1.000000
v 12.176353 4.897843 1.067247 1.000000 1.000000 1.000000 1.000000
v 12.005549 5.148771 0.974212 1.000000 1.000000 1.000000 1.000000
v 12.192731 4.893767 1.040902 1.000000 1.000000 1.000000 1.000000
v 12.022439 5.146561 0.947969 1.000000 1.000000 1.000000 1.000000
v 12.522642 4.250828 1.424378 1.000000 1.000000 1.000000 1.000000
v 12.621830 4.042201 1.504121 1.000000 1.000000 1.000000 1.000000
v 12.548105 4.268804 1.427120 1.000000 1.000000 1.000000 1.000000
v 12.647043 4.060557 1.506650 1.000000 1.000000 1.000000 1.000000
v 12.743123 3.864987 1.584305 1.000000 1.000000 1.000000 1.000000
v 12.575549 4.282619 1.421226 1.000000 1.000000 1.000000 1.000000
v 12.674304 4.074666 1.500601 1.000000 1.000000 1.000000 1.000000
v 12.602292 4.290922 1.407275 1.000000 1.000000 1.000000 1.000000
v 12.770222 3.879343 1.578120 1.000000 1.000000 1.000000 1.000000
v 12.700948 4.083145 1.486568 1.000000 1.000000 1.000000 1.000000
v 12.625719 4.292899 1.386630 1.000000 1.000000 1.000000 1.000000
v 12.724370 4.085166 1.465924 1.000000 1.000000 1.000000 1.000000
v 12.796779 3.887979 1.564014 1.000000 1.000000 1.000000 1.000000
v 12.820191 3.890047 1.543364 1.000000 1.000000 1.000000 1.000000
v 12.888158 3.706921 1.638004 1.000000 1.000000 1.000000 1.000000
v 12.861683 3.698148 1.652175 1.000000 1.000000 1.000000 1.000000
v 12.947072 3.532557 1.721165 1.000000 1.000000 1.000000 1.000000
v 12.834722 3.683582 1.658471 1.000000 1.000000 1.000000 1.000000
v 13.025092 3.383714 1.783753 1.000000 1.000000 1.000000 1.000000
v 12.920222 3.517823 1.727549 1.000000 1.000000 1.000000 1.000000
v 12.809906 3.664652 1.656275 1.000000 1.000000 1.000000 1.000000
v 12.895547 3.498695 1.725462 1.000000 1.000000 1.000000 1.000000
v 12.998339 3.368840 1.790205 1.000000 1.000000 1.000000 1.000000
v 12.973769 3.349565 1.788193 1.000000 1.000000 1.000000 1.000000
v 13.097941 3.249233 1.841462 1.000000 1.000000 1.000000 1.000000
v 13.071391 3.234058 1.848066 1.000000 1.000000 1.000000 1.000000
v 13.047070 3.214456 1.846228 1.000000 1.000000 1.000000 1.000000
v 13.170483 3.123910 1.898006 1.000000 1.000000 1.000000 1.000000
v 13.144359 3.108150 1.904924 1.000000 1.000000 1.000000 1.000000
v 13.120558 3.087889 1.903467 1.000000 1.000000 1.000000 1.000000
v 13.222626 2.985337 1.964898 1.000000 1.000000 1.000000 1.000000
v 13.248125 3.001890 1.957516 1.000000 1.000000 1.000000 1.000000
v 13.199592 2.964174 1.964006 1.000000 1.000000 1.000000 1.000000
v 13.311737 2.859703 2.032225 1.000000 1.000000 1.000000 1.000000
v 13.336501 2.877103 2.024300 1.000000 1.000000 1.000000 1.000000
v 13.289618 2.837572 2.032001 1.000000 1.000000 1.000000 1.000000
v 13.417323 2.725346 2.111198 1.000000 1.000000 1.000000 1.000000
v 16.117998 -0.129008 -3.838843 1.000000 1.000000 1.000000 1.000000
v 16.090384 -0.170722 -3.892386 1.000000 1.000000 1.000000 1.000000
v 16.074970 -0.140902 -3.882272 1.000000 1.000000 1.000000 1.000000
v 16.040136 -0.137060 -3.933758 1.000000 1.000000 1.000000 1.000000
v 16.136312 -0.158026 -3.846031 1.000000 1.000000 1.000000 1.000000
v 16.165009 -0.102542 -3.807722 1.000000 1.000000 1.000000 1.000000
v 16.053204 -0.166621 -3.947343 1.000000 1.000000 1.000000 1.000000
v 16.016907 -0.117858 -3.988262 1.000000 1.000000 1.000000 1.000000
v 16.109104 -0.197312 -3.905487 1.000000 1.000000 1.000000 1.000000
v 16.186493 -0.129776 -3.812813 1.000000 1.000000 1.000000 1.000000
v 16.211403 -0.064095 -3.791956 1.000000 1.000000 1.000000 1.000000
v 16.028406 -0.146124 -4.005520 1.000000 1.000000 1.000000 1.000000
v 16.007555 -0.085175 -4.040448 1.000000 1.000000 1.000000 1.000000
v 16.070490 -0.193053 -3.962560 1.000000 1.000000 1.000000 1.000000
v 16.018427 -0.111239 -4.061224 1.000000 1.000000 1.000000 1.000000
v 16.156801 -0.184127 -3.857345 1.000000 1.000000 1.000000 1.000000
v 16.130667 -0.220019 -3.921250 1.000000 1.000000 1.000000 1.000000
v 16.044739 -0.171767 -4.022978 1.000000 1.000000 1.000000 1.000000
v 16.091574 -0.215707 -3.979034 1.000000 1.000000 1.000000 1.000000
v 16.178959 -0.206669 -3.872509 1.000000 1.000000 1.000000 1.000000
v 16.154545 -0.238283 -3.939288 1.000000 1.000000 1.000000 1.000000
v 16.065502 -0.194155 -4.040206 1.000000 1.000000 1.000000 1.000000
v 16.208914 -0.154789 -3.822848 1.000000 1.000000 1.000000 1.000000
v 16.115931 -0.234024 -3.996361 1.000000 1.000000 1.000000 1.000000
v 16.236012 -0.088737 -3.795985 1.000000 1.000000 1.000000 1.000000
v 16.034374 -0.135538 -4.080827 1.000000 1.000000 1.000000 1.000000
v 16.280022 -0.038927 -3.797193 1.000000 1.000000 1.000000 1.000000
v 16.252634 -0.017429 -3.793089 1.000000 1.000000 1.000000 1.000000
v 16.260340 -0.112170 -3.805372 1.000000 1.000000 1.000000 1.000000
v 16.314217 0.014779 -3.816321 1.000000 1.000000 1.000000 1.000000
v 16.284670 0.032886 -3.811009 1.000000 1.000000 1.000000 1.000000
v 16.306046 -0.060441 -3.806627 1.000000 1.000000 1.000000 1.000000
v 16.341558 -0.004666 -3.826491 1.000000 1.000000 1.000000 1.000000
v 16.335249 0.067124 -3.851495 1.000000 1.000000 1.000000 1.000000
v 16.304373 0.081925 -3.843961 1.000000 1.000000 1.000000 1.000000
v 16.363400 0.049695 -3.863020 1.000000 1.000000 1.000000 1.000000
v 16.341059 0.112983 -3.899271 1.000000 1.000000 1.000000 1.000000
v 16.309816 0.124889 -3.888722 1.000000 1.000000 1.000000 1.000000
v 16.300467 0.157572 -3.940908 1.000000 1.000000 1.000000 1.000000
v 16.369432 0.097321 -3.912637 1.000000 1.000000 1.000000 1.000000
v 16.331078 0.147869 -3.954975 1.000000 1.000000 1.000000 1.000000
v 16.277235 0.176774 -3.995412 1.000000 1.000000 1.000000 1.000000
v 16.394241 0.078286 -3.928489 1.000000 1.000000 1.000000 1.000000
v 16.306282 0.168365 -4.013152 1.000000 1.000000 1.000000 1.000000
v 16.242401 0.180616 -4.046898 1.000000 1.000000 1.000000 1.000000
v 16.359068 0.133550 -3.970486 1.000000 1.000000 1.000000 1.000000
v 16.269100 0.172466 -4.068108 1.000000 1.000000 1.000000 1.000000
v 16.333317 0.154835 -4.030904 1.000000 1.000000 1.000000 1.000000
v 16.383745 0.114967 -3.987059 1.000000 1.000000 1.000000 1.000000
v 16.388134 0.030067 -3.878253 1.000000 1.000000 1.000000 1.000000
v 16.414873 0.056350 -3.946438 1.000000 1.000000 1.000000 1.000000
v 16.366018 -0.024972 -3.841270 1.000000 1.000000 1.000000 1.000000
v 16.408840 0.008724 -3.896821 1.000000 1.000000 1.000000 1.000000
v 16.330065 -0.081442 -3.821158 1.000000 1.000000 1.000000 1.000000
v 16.386999 -0.045637 -3.860293 1.000000 1.000000 1.000000 1.000000
v 16.430820 0.032050 -3.966042 1.000000 1.000000 1.000000 1.000000
v 16.283789 -0.133815 -3.819887 1.000000 1.000000 1.000000 1.000000
v 16.425013 -0.013809 -3.918265 1.000000 1.000000 1.000000 1.000000
v 16.351488 -0.101412 -3.840428 1.000000 1.000000 1.000000 1.000000
v 16.403980 -0.066154 -3.883091 1.000000 1.000000 1.000000 1.000000
v 16.231722 -0.176966 -3.837582 1.000000 1.000000 1.000000 1.000000
v 16.305780 -0.153141 -3.839173 1.000000 1.000000 1.000000 1.000000
v 16.202242 -0.225098 -3.891147 1.000000 1.000000 1.000000 1.000000
v 16.254354 -0.195760 -3.856650 1.000000 1.000000 1.000000 1.000000
v 16.180149 -0.251655 -3.959157 1.000000 1.000000 1.000000 1.000000
v 16.226074 -0.238959 -3.912801 1.000000 1.000000 1.000000 1.000000
v 16.276257 -0.210709 -3.879583 1.000000 1.000000 1.000000 1.000000
v 16.369785 -0.119860 -3.863964 1.000000 1.000000 1.000000 1.000000
v 16.325775 -0.169670 -3.862755 1.000000 1.000000 1.000000 1.000000
v 16.249874 -0.247911 -3.936938 1.000000 1.000000 1.000000 1.000000
v 16.296886 -0.221444 -3.905817 1.000000 1.000000 1.000000 1.000000
v 16.206846 -0.259805 -3.980367 1.000000 1.000000 1.000000 1.000000
v 16.142965 -0.247554 -4.014113 1.000000 1.000000 1.000000 1.000000
v 16.233982 -0.262533 -4.002396 1.000000 1.000000 1.000000 1.000000
v 16.090181 -0.212738 -4.056779 1.000000 1.000000 1.000000 1.000000
v 16.172012 -0.255963 -4.031853 1.000000 1.000000 1.000000 1.000000
v 16.118172 -0.227057 -4.072291 1.000000 1.000000 1.000000 1.000000
v 16.055006 -0.157475 -4.098776 1.000000 1.000000 1.000000 1.000000
v 16.079815 -0.176509 -4.114628 1.000000 1.000000 1.000000 1.000000
v 16.148783 -0.236760 -4.086358 1.000000 1.000000 1.000000 1.000000
v 16.061115 -0.109255 -4.149012 1.000000 1.000000 1.000000 1.000000
v 16.108189 -0.192172 -4.127994 1.000000 1.000000 1.000000 1.000000
v 16.085848 -0.128883 -4.164245 1.000000 1.000000 1.000000 1.000000
v 16.113998 -0.146312 -4.175771 1.000000 1.000000 1.000000 1.000000
v 16.040407 -0.087912 -4.130444 1.000000 1.000000 1.000000 1.000000
v 16.107691 -0.074522 -4.200774 1.000000 1.000000 1.000000 1.000000
v 16.024235 -0.065379 -4.109000 1.000000 1.000000 1.000000 1.000000
v 16.012999 -0.042211 -4.085208 1.000000 1.000000 1.000000 1.000000
v 16.083229 -0.054217 -4.185996 1.000000 1.000000 1.000000 1.000000
v 16.062248 -0.033551 -4.166972 1.000000 1.000000 1.000000 1.000000
v 16.045267 -0.013034 -4.144174 1.000000 1.000000 1.000000 1.000000
v 16.032701 0.006828 -4.118161 1.000000 1.000000 1.000000 1.000000
v 16.119183 0.002253 -4.206107 1.000000 1.000000 1.000000 1.000000
v 16.079462 0.040672 -4.163301 1.000000 1.000000 1.000000 1.000000
v 16.064739 0.057143 -4.136081 1.000000 1.000000 1.000000 1.000000
v 16.097761 0.022223 -4.186837 1.000000 1.000000 1.000000 1.000000
v 16.123472 0.090482 -4.164510 1.000000 1.000000 1.000000 1.000000
v 16.105968 0.103808 -4.137214 1.000000 1.000000 1.000000 1.000000
v 16.152361 0.142256 -4.121448 1.000000 1.000000 1.000000 1.000000
v 16.143467 0.073952 -4.188092 1.000000 1.000000 1.000000 1.000000
v 16.172991 0.131520 -4.147682 1.000000 1.000000 1.000000 1.000000
v 16.199373 0.168722 -4.090327 1.000000 1.000000 1.000000 1.000000
v 16.165461 0.054627 -4.207378 1.000000 1.000000 1.000000 1.000000
v 16.194893 0.116572 -4.170616 1.000000 1.000000 1.000000 1.000000
v 16.223173 0.159770 -4.114464 1.000000 1.000000 1.000000 1.000000
v 16.247005 0.145910 -4.136118 1.000000 1.000000 1.000000 1.000000
v 16.217527 0.097777 -4.189684 1.000000 1.000000 1.000000 1.000000
v 16.294703 0.159094 -4.087977 1.000000 1.000000 1.000000 1.000000
v 16.270288 0.127481 -4.154757 1.000000 1.000000 1.000000 1.000000
v 16.188908 0.032981 -4.221893 1.000000 1.000000 1.000000 1.000000
v 16.357676 0.136518 -4.048231 1.000000 1.000000 1.000000 1.000000
v 16.143202 -0.018747 -4.220638 1.000000 1.000000 1.000000 1.000000
v 16.240334 0.075601 -4.204417 1.000000 1.000000 1.000000 1.000000
v 16.213236 0.009549 -4.231280 1.000000 1.000000 1.000000 1.000000
v 16.169226 -0.040261 -4.230072 1.000000 1.000000 1.000000 1.000000
v 16.135031 -0.093968 -4.210945 1.000000 1.000000 1.000000 1.000000
v 16.237844 -0.015094 -4.235309 1.000000 1.000000 1.000000 1.000000
v 16.196613 -0.061759 -4.234176 1.000000 1.000000 1.000000 1.000000
v 16.164577 -0.112074 -4.216257 1.000000 1.000000 1.000000 1.000000
v 16.144875 -0.161114 -4.183304 1.000000 1.000000 1.000000 1.000000
v 16.195602 -0.128396 -4.216579 1.000000 1.000000 1.000000 1.000000
v 16.139433 -0.204078 -4.138544 1.000000 1.000000 1.000000 1.000000
v 16.177711 -0.172923 -4.186659 1.000000 1.000000 1.000000 1.000000
v 16.224691 -0.082711 -4.232850 1.000000 1.000000 1.000000 1.000000
v 16.181261 -0.241609 -4.098633 1.000000 1.000000 1.000000 1.000000
v 16.172771 -0.211934 -4.146018 1.000000 1.000000 1.000000 1.000000
v 16.202353 -0.259044 -4.049145 1.000000 1.000000 1.000000 1.000000
v 16.214808 -0.241483 -4.108816 1.000000 1.000000 1.000000 1.000000
v 16.207386 -0.215546 -4.150232 1.000000 1.000000 1.000000 1.000000
v 16.211706 -0.181449 -4.185753 1.000000 1.000000 1.000000 1.000000
v 16.242428 -0.214825 -4.151082 1.000000 1.000000 1.000000 1.000000
v 16.233244 -0.256722 -4.065562 1.000000 1.000000 1.000000 1.000000
v 16.227343 -0.142531 -4.211905 1.000000 1.000000 1.000000 1.000000
v 16.246019 -0.186483 -4.180610 1.000000 1.000000 1.000000 1.000000
v 16.252768 -0.102601 -4.226126 1.000000 1.000000 1.000000 1.000000
v 16.259016 -0.154132 -4.202348 1.000000 1.000000 1.000000 1.000000
v 16.279802 -0.187899 -4.171355 1.000000 1.000000 1.000000 1.000000
v 16.262129 -0.040340 -4.233878 1.000000 1.000000 1.000000 1.000000
v 16.280149 -0.120940 -4.214170 1.000000 1.000000 1.000000 1.000000
v 16.285490 -0.065567 -4.227025 1.000000 1.000000 1.000000 1.000000
v 16.289843 -0.162912 -4.188145 1.000000 1.000000 1.000000 1.000000
v 16.277029 -0.209790 -4.148548 1.000000 1.000000 1.000000 1.000000
v 16.312229 -0.185664 -4.158216 1.000000 1.000000 1.000000 1.000000
v 16.306166 -0.137275 -4.197276 1.000000 1.000000 1.000000 1.000000
v 16.248596 -0.236386 -4.116656 1.000000 1.000000 1.000000 1.000000
v 16.307350 -0.090155 -4.214917 1.000000 1.000000 1.000000 1.000000
v 16.263920 -0.249053 -4.080700 1.000000 1.000000 1.000000 1.000000
v 16.281794 -0.226443 -4.121958 1.000000 1.000000 1.000000 1.000000
v 16.310341 -0.200565 -4.142692 1.000000 1.000000 1.000000 1.000000
v 16.260887 -0.259771 -4.024702 1.000000 1.000000 1.000000 1.000000
v 16.293631 -0.236227 -4.094187 1.000000 1.000000 1.000000 1.000000
v 16.286900 -0.251588 -4.046735 1.000000 1.000000 1.000000 1.000000
v 16.313583 -0.211899 -4.124593 1.000000 1.000000 1.000000 1.000000
v 16.311378 -0.238185 -4.067954 1.000000 1.000000 1.000000 1.000000
v 16.341541 -0.187375 -4.133658 1.000000 1.000000 1.000000 1.000000
v 16.321640 -0.218559 -4.105690 1.000000 1.000000 1.000000 1.000000
v 16.343184 -0.193113 -4.124496 1.000000 1.000000 1.000000 1.000000
v 16.342497 -0.179832 -4.141517 1.000000 1.000000 1.000000 1.000000
v 16.347263 -0.196484 -4.114927 1.000000 1.000000 1.000000 1.000000
v 16.319061 -0.168656 -4.169645 1.000000 1.000000 1.000000 1.000000
v 16.345957 -0.171222 -4.147303 1.000000 1.000000 1.000000 1.000000
v 16.330173 -0.151206 -4.175859 1.000000 1.000000 1.000000 1.000000
v 16.327173 -0.113498 -4.197853 1.000000 1.000000 1.000000 1.000000
v 16.351582 -0.162388 -4.150449 1.000000 1.000000 1.000000 1.000000
v 16.344473 -0.135022 -4.176252 1.000000 1.000000 1.000000 1.000000
v 16.369864 -0.170547 -4.121669 1.000000 1.000000 1.000000 1.000000
v 16.358820 -0.154195 -4.150648 1.000000 1.000000 1.000000 1.000000
v 16.366966 -0.147445 -4.147880 1.000000 1.000000 1.000000 1.000000
v 16.360563 -0.121687 -4.170784 1.000000 1.000000 1.000000 1.000000
v 16.375219 -0.142798 -4.142416 1.000000 1.000000 1.000000 1.000000
v 16.350813 -0.093908 -4.189820 1.000000 1.000000 1.000000 1.000000
v 16.376867 -0.112508 -4.159991 1.000000 1.000000 1.000000 1.000000
v 16.337954 -0.064792 -4.204516 1.000000 1.000000 1.000000 1.000000
v 16.374765 -0.080423 -4.173963 1.000000 1.000000 1.000000 1.000000
v 16.322306 -0.035055 -4.214513 1.000000 1.000000 1.000000 1.000000
v 16.368967 -0.047333 -4.183987 1.000000 1.000000 1.000000 1.000000
v 16.396688 -0.074363 -4.151835 1.000000 1.000000 1.000000 1.000000
v 16.304253 -0.005430 -4.219563 1.000000 1.000000 1.000000 1.000000
v 16.359613 -0.014052 -4.189816 1.000000 1.000000 1.000000 1.000000
v 16.397352 -0.039486 -4.155337 1.000000 1.000000 1.000000 1.000000
v 16.391790 -0.108383 -4.144929 1.000000 1.000000 1.000000 1.000000
v 16.420332 -0.042021 -4.121372 1.000000 1.000000 1.000000 1.000000
v 16.382774 -0.140710 -4.134791 1.000000 1.000000 1.000000 1.000000
v 16.414438 -0.076320 -4.125601 1.000000 1.000000 1.000000 1.000000
v 16.403872 -0.109716 -4.127073 1.000000 1.000000 1.000000 1.000000
v 16.388889 -0.141384 -4.125751 1.000000 1.000000 1.000000 1.000000
v 16.426273 -0.086104 -4.097830 1.000000 1.000000 1.000000 1.000000
v 16.411928 -0.116375 -4.108170 1.000000 1.000000 1.000000 1.000000
v 16.392969 -0.144756 -4.116182 1.000000 1.000000 1.000000 1.000000
v 16.435656 -0.054688 -4.085417 1.000000 1.000000 1.000000 1.000000
v 16.431038 -0.102757 -4.071240 1.000000 1.000000 1.000000 1.000000
v 16.415171 -0.127710 -4.090071 1.000000 1.000000 1.000000 1.000000
v 16.394611 -0.150494 -4.107020 1.000000 1.000000 1.000000 1.000000
v 16.393656 -0.158037 -4.099162 1.000000 1.000000 1.000000 1.000000
v 16.413282 -0.142611 -4.074547 1.000000 1.000000 1.000000 1.000000
v 16.390196 -0.166647 -4.093376 1.000000 1.000000 1.000000 1.000000
v 16.428267 -0.124648 -4.048433 1.000000 1.000000 1.000000 1.000000
v 16.406450 -0.159619 -4.063118 1.000000 1.000000 1.000000 1.000000
v 16.441824 -0.076249 -4.050990 1.000000 1.000000 1.000000 1.000000
v 16.384571 -0.175481 -4.090230 1.000000 1.000000 1.000000 1.000000
v 16.418226 -0.149635 -4.031643 1.000000 1.000000 1.000000 1.000000
v 16.395338 -0.177069 -4.056904 1.000000 1.000000 1.000000 1.000000
v 16.438232 -0.104591 -4.021462 1.000000 1.000000 1.000000 1.000000
v 16.377333 -0.183674 -4.090031 1.000000 1.000000 1.000000 1.000000
v 16.401903 -0.175272 -4.022512 1.000000 1.000000 1.000000 1.000000
v 16.381039 -0.193253 -4.056511 1.000000 1.000000 1.000000 1.000000
v 16.425236 -0.136942 -3.999724 1.000000 1.000000 1.000000 1.000000
v 16.447264 -0.048837 -4.029821 1.000000 1.000000 1.000000 1.000000
v 16.442944 -0.082934 -3.994299 1.000000 1.000000 1.000000 1.000000
v 16.439840 -0.022900 -4.071236 1.000000 1.000000 1.000000 1.000000
v 16.442276 -0.060209 -3.967611 1.000000 1.000000 1.000000 1.000000
v 16.421406 -0.007661 -4.114491 1.000000 1.000000 1.000000 1.000000
v 16.438726 0.008477 -4.055637 1.000000 1.000000 1.000000 1.000000
v 16.393763 -0.004612 -4.155350 1.000000 1.000000 1.000000 1.000000
v 16.417635 0.025912 -4.105125 1.000000 1.000000 1.000000 1.000000
v 16.386007 0.029400 -4.151874 1.000000 1.000000 1.000000 1.000000
v 16.346937 0.018601 -4.191307 1.000000 1.000000 1.000000 1.000000
v 16.374277 0.061714 -4.144994 1.000000 1.000000 1.000000 1.000000
v 16.331249 0.049820 -4.188423 1.000000 1.000000 1.000000 1.000000
v 16.284239 0.023354 -4.219543 1.000000 1.000000 1.000000 1.000000
v 16.409111 0.057872 -4.093507 1.000000 1.000000 1.000000 1.000000
v 16.358864 0.091533 -4.134879 1.000000 1.000000 1.000000 1.000000
v 16.312935 0.078837 -4.181235 1.000000 1.000000 1.000000 1.000000
v 16.262756 0.050587 -4.214452 1.000000 1.000000 1.000000 1.000000
v 16.292446 0.104939 -4.169920 1.000000 1.000000 1.000000 1.000000
v 16.340145 0.118123 -4.121778 1.000000 1.000000 1.000000 1.000000
v 16.318581 0.140830 -4.106015 1.000000 1.000000 1.000000 1.000000
v 16.396046 0.087432 -4.079923 1.000000 1.000000 1.000000 1.000000
v 16.378757 0.113864 -4.064705 1.000000 1.000000 1.000000 1.000000
v 16.404509 0.092579 -4.004287 1.000000 1.000000 1.000000 1.000000
v 16.420841 0.066936 -4.021745 1.000000 1.000000 1.000000 1.000000
v 16.441692 0.005987 -3.986817 1.000000 1.000000 1.000000 1.000000
v 16.432341 0.038670 -4.039003 1.000000 1.000000 1.000000 1.000000
v 16.436249 -0.036977 -3.942057 1.000000 1.000000 1.000000 1.000000
v 16.447218 -0.021199 -4.008253 1.000000 1.000000 1.000000 1.000000
v 16.416546 -0.086017 -3.909104 1.000000 1.000000 1.000000 1.000000
v 16.424385 -0.104736 -3.937691 1.000000 1.000000 1.000000 1.000000
v 16.384510 -0.136332 -3.891184 1.000000 1.000000 1.000000 1.000000
v 16.427305 -0.121852 -3.968147 1.000000 1.000000 1.000000 1.000000
v 16.395298 -0.150421 -3.921420 1.000000 1.000000 1.000000 1.000000
v 16.343279 -0.182997 -3.890052 1.000000 1.000000 1.000000 1.000000
v 16.401884 -0.161782 -3.953926 1.000000 1.000000 1.000000 1.000000
v 16.357861 -0.192793 -3.920392 1.000000 1.000000 1.000000 1.000000
v 16.315735 -0.227702 -3.934706 1.000000 1.000000 1.000000 1.000000
v 16.404102 -0.170134 -3.987903 1.000000 1.000000 1.000000 1.000000
v 16.369162 -0.198816 -3.953028 1.000000 1.000000 1.000000 1.000000
v 16.332344 -0.229328 -3.965539 1.000000 1.000000 1.000000 1.000000
v 16.376904 -0.200919 -3.987155 1.000000 1.000000 1.000000 1.000000
v 16.273052 -0.251733 -3.962964 1.000000 1.000000 1.000000 1.000000
v 16.295034 -0.250332 -3.990237 1.000000 1.000000 1.000000 1.000000
v 16.346298 -0.226282 -3.997556 1.000000 1.000000 1.000000 1.000000
v 16.315285 -0.243741 -4.018085 1.000000 1.000000 1.000000 1.000000
v 16.380894 -0.199049 -4.021935 1.000000 1.000000 1.000000 1.000000
v 16.357256 -0.218639 -4.029969 1.000000 1.000000 1.000000 1.000000
v 16.333303 -0.232124 -4.045825 1.000000 1.000000 1.000000 1.000000
v 16.364950 -0.206588 -4.061979 1.000000 1.000000 1.000000 1.000000
v 16.348644 -0.215767 -4.072772 1.000000 1.000000 1.000000 1.000000
v 16.369186 -0.190424 -4.092799 1.000000 1.000000 1.000000 1.000000
v 16.333721 -0.219892 -4.087834 1.000000 1.000000 1.000000 1.000000
v 16.360933 -0.195071 -4.098263 1.000000 1.000000 1.000000 1.000000
v 16.353378 -0.197159 -4.105887 1.000000 1.000000 1.000000 1.000000
v 16.002031 -0.057990 -4.019012 1.000000 1.000000 1.000000 1.000000
v 16.016907 -0.117858 -3.988262 1.000000 1.000000 1.000000 1.000000
v 16.007555 -0.085175 -4.040448 1.000000 1.000000 1.000000 1.000000
v 16.012999 -0.042211 -4.085208 1.000000 1.000000 1.000000 1.000000
v 16.010521 -0.087665 -3.971628 1.000000 1.000000 1.000000 1.000000
v 16.040136 -0.137060 -3.933758 1.000000 1.000000 1.000000 1.000000
v 16.006971 -0.018979 -4.059654 1.000000 1.000000 1.000000 1.000000
v 16.032701 0.006828 -4.118161 1.000000 1.000000 1.000000 1.000000
v 16.031612 -0.105100 -3.922140 1.000000 1.000000 1.000000 1.000000
v 16.074970 -0.140902 -3.882272 1.000000 1.000000 1.000000 1.000000
v 16.024862 0.025548 -4.089575 1.000000 1.000000 1.000000 1.000000
v 16.064739 0.057143 -4.136081 1.000000 1.000000 1.000000 1.000000
v 16.001984 -0.030351 -3.997444 1.000000 1.000000 1.000000 1.000000
v 16.006304 0.003745 -4.032966 1.000000 1.000000 1.000000 1.000000
v 16.053949 0.071233 -4.105845 1.000000 1.000000 1.000000 1.000000
v 16.105968 0.103808 -4.137214 1.000000 1.000000 1.000000 1.000000
v 16.021942 0.042664 -4.059118 1.000000 1.000000 1.000000 1.000000
v 16.091389 0.113604 -4.106874 1.000000 1.000000 1.000000 1.000000
v 16.047365 0.082594 -4.073339 1.000000 1.000000 1.000000 1.000000
v 16.024012 0.057754 -4.027541 1.000000 1.000000 1.000000 1.000000
v 16.133512 0.148514 -4.092559 1.000000 1.000000 1.000000 1.000000
v 16.152361 0.142256 -4.121448 1.000000 1.000000 1.000000 1.000000
v 16.080088 0.119627 -4.074238 1.000000 1.000000 1.000000 1.000000
v 16.176197 0.172544 -4.064302 1.000000 1.000000 1.000000 1.000000
v 16.199373 0.168722 -4.090327 1.000000 1.000000 1.000000 1.000000
v 16.116903 0.150140 -4.061726 1.000000 1.000000 1.000000 1.000000
v 16.154213 0.171143 -4.037028 1.000000 1.000000 1.000000 1.000000
v 16.215267 0.183344 -4.024869 1.000000 1.000000 1.000000 1.000000
v 16.242401 0.180616 -4.046898 1.000000 1.000000 1.000000 1.000000
v 16.277235 0.176774 -3.995412 1.000000 1.000000 1.000000 1.000000
v 16.045147 0.090946 -4.039362 1.000000 1.000000 1.000000 1.000000
v 16.072346 0.121730 -4.040110 1.000000 1.000000 1.000000 1.000000
v 16.047344 0.096084 -4.004753 1.000000 1.000000 1.000000 1.000000
v 16.102949 0.147094 -4.029709 1.000000 1.000000 1.000000 1.000000
v 16.068354 0.119861 -4.005330 1.000000 1.000000 1.000000 1.000000
v 16.133963 0.164553 -4.009180 1.000000 1.000000 1.000000 1.000000
v 16.091991 0.139451 -3.997297 1.000000 1.000000 1.000000 1.000000
v 16.068209 0.114065 -3.970754 1.000000 1.000000 1.000000 1.000000
v 16.188362 0.180582 -4.002563 1.000000 1.000000 1.000000 1.000000
v 16.115944 0.152936 -3.981440 1.000000 1.000000 1.000000 1.000000
v 16.162348 0.172399 -3.980530 1.000000 1.000000 1.000000 1.000000
v 16.084299 0.127399 -3.965286 1.000000 1.000000 1.000000 1.000000
v 16.053907 0.097881 -3.970361 1.000000 1.000000 1.000000 1.000000
v 16.071917 0.104485 -3.937235 1.000000 1.000000 1.000000 1.000000
v 16.100603 0.136578 -3.954493 1.000000 1.000000 1.000000 1.000000
v 16.080061 0.111236 -3.934467 1.000000 1.000000 1.000000 1.000000
v 16.137869 0.158996 -3.959312 1.000000 1.000000 1.000000 1.000000
v 16.088316 0.115882 -3.929003 1.000000 1.000000 1.000000 1.000000
v 16.115526 0.140703 -3.939431 1.000000 1.000000 1.000000 1.000000
v 16.155619 0.157039 -3.933078 1.000000 1.000000 1.000000 1.000000
v 16.095869 0.117971 -3.921378 1.000000 1.000000 1.000000 1.000000
v 16.185328 0.169865 -3.946565 1.000000 1.000000 1.000000 1.000000
v 16.127607 0.139371 -3.921575 1.000000 1.000000 1.000000 1.000000
v 16.101986 0.117296 -3.912338 1.000000 1.000000 1.000000 1.000000
v 16.079384 0.091358 -3.905596 1.000000 1.000000 1.000000 1.000000
v 16.106064 0.113925 -3.902769 1.000000 1.000000 1.000000 1.000000
v 16.135664 0.132711 -3.902672 1.000000 1.000000 1.000000 1.000000
v 16.107706 0.108187 -3.893607 1.000000 1.000000 1.000000 1.000000
v 16.167454 0.147255 -3.905307 1.000000 1.000000 1.000000 1.000000
v 16.138906 0.121376 -3.884573 1.000000 1.000000 1.000000 1.000000
v 16.106750 0.100643 -3.885748 1.000000 1.000000 1.000000 1.000000
v 16.172218 0.130602 -3.878717 1.000000 1.000000 1.000000 1.000000
v 16.137020 0.106475 -3.869049 1.000000 1.000000 1.000000 1.000000
v 16.200651 0.157197 -3.910610 1.000000 1.000000 1.000000 1.000000
v 16.216003 0.177533 -3.961704 1.000000 1.000000 1.000000 1.000000
v 16.246895 0.179856 -3.978121 1.000000 1.000000 1.000000 1.000000
v 16.300467 0.157572 -3.940908 1.000000 1.000000 1.000000 1.000000
v 16.234440 0.162294 -3.918449 1.000000 1.000000 1.000000 1.000000
v 16.267986 0.162420 -3.928632 1.000000 1.000000 1.000000 1.000000
v 16.309816 0.124889 -3.888722 1.000000 1.000000 1.000000 1.000000
v 16.276476 0.132745 -3.881248 1.000000 1.000000 1.000000 1.000000
v 16.206820 0.135637 -3.876183 1.000000 1.000000 1.000000 1.000000
v 16.241861 0.136357 -3.877034 1.000000 1.000000 1.000000 1.000000
v 16.271536 0.093735 -3.840606 1.000000 1.000000 1.000000 1.000000
v 16.304373 0.081925 -3.843961 1.000000 1.000000 1.000000 1.000000
v 16.237541 0.102261 -3.841512 1.000000 1.000000 1.000000 1.000000
v 16.253645 0.049208 -3.810686 1.000000 1.000000 1.000000 1.000000
v 16.284670 0.032886 -3.811009 1.000000 1.000000 1.000000 1.000000
v 16.252634 -0.017429 -3.793089 1.000000 1.000000 1.000000 1.000000
v 16.203230 0.107294 -3.846655 1.000000 1.000000 1.000000 1.000000
v 16.224558 0.003522 -3.794415 1.000000 1.000000 1.000000 1.000000
v 16.211403 -0.064095 -3.791956 1.000000 1.000000 1.000000 1.000000
v 16.221905 0.063343 -3.815361 1.000000 1.000000 1.000000 1.000000
v 16.187119 -0.038849 -3.793387 1.000000 1.000000 1.000000 1.000000
v 16.196482 0.023413 -3.801139 1.000000 1.000000 1.000000 1.000000
v 16.190233 0.074943 -3.824917 1.000000 1.000000 1.000000 1.000000
v 16.169445 0.108711 -3.855910 1.000000 1.000000 1.000000 1.000000
v 16.159407 0.083724 -3.839120 1.000000 1.000000 1.000000 1.000000
v 16.169098 0.041751 -3.813095 1.000000 1.000000 1.000000 1.000000
v 16.130186 0.089468 -3.857620 1.000000 1.000000 1.000000 1.000000
v 16.143084 0.058087 -3.829990 1.000000 1.000000 1.000000 1.000000
v 16.163759 -0.013621 -3.800241 1.000000 1.000000 1.000000 1.000000
v 16.141897 0.010967 -3.812348 1.000000 1.000000 1.000000 1.000000
v 16.103291 0.092033 -3.879962 1.000000 1.000000 1.000000 1.000000
v 16.119074 0.072017 -3.851406 1.000000 1.000000 1.000000 1.000000
v 16.122074 0.034310 -3.829413 1.000000 1.000000 1.000000 1.000000
v 16.097666 0.083200 -3.876817 1.000000 1.000000 1.000000 1.000000
v 16.104774 0.055833 -3.851013 1.000000 1.000000 1.000000 1.000000
v 16.098436 0.014720 -3.837446 1.000000 1.000000 1.000000 1.000000
v 16.090427 0.075007 -3.876617 1.000000 1.000000 1.000000 1.000000
v 16.088684 0.042499 -3.856481 1.000000 1.000000 1.000000 1.000000
v 16.082281 0.068256 -3.879385 1.000000 1.000000 1.000000 1.000000
v 16.074028 0.063610 -3.884849 1.000000 1.000000 1.000000 1.000000
v 16.072382 0.033320 -3.867274 1.000000 1.000000 1.000000 1.000000
v 16.111294 -0.014396 -3.822748 1.000000 1.000000 1.000000 1.000000
v 16.074482 0.001235 -3.853302 1.000000 1.000000 1.000000 1.000000
v 16.126942 -0.044133 -3.812752 1.000000 1.000000 1.000000 1.000000
v 16.080280 -0.031856 -3.843279 1.000000 1.000000 1.000000 1.000000
v 16.052559 -0.004826 -3.875431 1.000000 1.000000 1.000000 1.000000
v 16.057459 0.029195 -3.882336 1.000000 1.000000 1.000000 1.000000
v 16.066475 0.061521 -3.892474 1.000000 1.000000 1.000000 1.000000
v 16.045378 0.030527 -3.900192 1.000000 1.000000 1.000000 1.000000
v 16.034809 -0.002868 -3.901664 1.000000 1.000000 1.000000 1.000000
v 16.060358 0.062196 -3.901514 1.000000 1.000000 1.000000 1.000000
v 16.037321 0.037187 -3.919095 1.000000 1.000000 1.000000 1.000000
v 16.022974 0.006916 -3.929435 1.000000 1.000000 1.000000 1.000000
v 16.056278 0.065567 -3.911083 1.000000 1.000000 1.000000 1.000000
v 16.034079 0.048522 -3.937194 1.000000 1.000000 1.000000 1.000000
v 16.054638 0.071305 -3.920245 1.000000 1.000000 1.000000 1.000000
v 16.055593 0.078849 -3.928104 1.000000 1.000000 1.000000 1.000000
v 16.018209 0.023569 -3.956025 1.000000 1.000000 1.000000 1.000000
v 16.035963 0.063423 -3.952718 1.000000 1.000000 1.000000 1.000000
v 16.059052 0.087459 -3.933890 1.000000 1.000000 1.000000 1.000000
v 16.064678 0.096292 -3.937036 1.000000 1.000000 1.000000 1.000000
v 16.042799 0.080430 -3.964146 1.000000 1.000000 1.000000 1.000000
v 16.031021 0.070447 -3.995622 1.000000 1.000000 1.000000 1.000000
v 16.020983 0.045460 -3.978832 1.000000 1.000000 1.000000 1.000000
v 16.011015 0.025403 -4.005803 1.000000 1.000000 1.000000 1.000000
v 16.007423 -0.002940 -3.976275 1.000000 1.000000 1.000000 1.000000
v 16.013592 -0.024500 -3.941849 1.000000 1.000000 1.000000 1.000000
v 16.009407 -0.056288 -3.956029 1.000000 1.000000 1.000000 1.000000
v 16.028915 -0.037168 -3.905893 1.000000 1.000000 1.000000 1.000000
v 16.051895 -0.039702 -3.871928 1.000000 1.000000 1.000000 1.000000
v 16.027842 -0.071527 -3.912775 1.000000 1.000000 1.000000 1.000000
v 16.055485 -0.074576 -3.871915 1.000000 1.000000 1.000000 1.000000
v 16.089634 -0.065137 -3.837450 1.000000 1.000000 1.000000 1.000000
v 16.063240 -0.108589 -3.875391 1.000000 1.000000 1.000000 1.000000
v 16.102310 -0.097789 -3.835959 1.000000 1.000000 1.000000 1.000000
v 16.117998 -0.129008 -3.838843 1.000000 1.000000 1.000000 1.000000
v 16.144997 -0.073758 -3.807702 1.000000 1.000000 1.000000 1.000000
v 16.165009 -0.102542 -3.807722 1.000000 1.000000 1.000000 1.000000
v 16.074970 -0.140901 3.882272 1.000000 1.000000 1.000000 1.000000
v 16.102310 -0.097788 3.835959 1.000000 1.000000 1.000000 1.000000
v 16.063240 -0.108588 3.875391 1.000000 1.000000 1.000000 1.000000
v 16.031612 -0.105099 3.922140 1.000000 1.000000 1.000000 1.000000
v 16.117998 -0.129007 3.838843 1.000000 1.000000 1.000000 1.000000
v 16.144997 -0.073757 3.807702 1.000000 1.000000 1.000000 1.000000
v 16.040136 -0.137059 3.933758 1.000000 1.000000 1.000000 1.000000
v 16.010521 -0.087664 3.971628 1.000000 1.000000 1.000000 1.000000
v 16.090384 -0.170721 3.892386 1.000000 1.000000 1.000000 1.000000
v 16.165009 -0.102541 3.807722 1.000000 1.000000 1.000000 1.000000
v 16.016907 -0.117857 3.988262 1.000000 1.000000 1.000000 1.000000
v 16.002031 -0.057989 4.019012 1.000000 1.000000 1.000000 1.000000
v 16.053204 -0.166620 3.947343 1.000000 1.000000 1.000000 1.000000
v 16.136312 -0.158025 3.846031 1.000000 1.000000 1.000000 1.000000
v 16.109104 -0.197311 3.905487 1.000000 1.000000 1.000000 1.000000
v 16.028406 -0.146123 4.005520 1.000000 1.000000 1.000000 1.000000
v 16.070490 -0.193052 3.962560 1.000000 1.000000 1.000000 1.000000
v 16.156801 -0.184126 3.857345 1.000000 1.000000 1.000000 1.000000
v 16.007555 -0.085174 4.040448 1.000000 1.000000 1.000000 1.000000
v 16.186493 -0.129775 3.812813 1.000000 1.000000 1.000000 1.000000
v 16.012999 -0.042210 4.085208 1.000000 1.000000 1.000000 1.000000
v 16.006971 -0.018978 4.059654 1.000000 1.000000 1.000000 1.000000
v 16.130667 -0.220018 3.921250 1.000000 1.000000 1.000000 1.000000
v 16.032701 0.006829 4.118161 1.000000 1.000000 1.000000 1.000000
v 16.024862 0.025549 4.089575 1.000000 1.000000 1.000000 1.000000
v 16.024235 -0.065378 4.109000 1.000000 1.000000 1.000000 1.000000
v 16.064739 0.057144 4.136081 1.000000 1.000000 1.000000 1.000000
v 16.053949 0.071234 4.105845 1.000000 1.000000 1.000000 1.000000
v 16.045267 -0.013033 4.144174 1.000000 1.000000 1.000000 1.000000
v 16.079462 0.040673 4.163301 1.000000 1.000000 1.000000 1.000000
v 16.105968 0.103809 4.137214 1.000000 1.000000 1.000000 1.000000
v 16.091389 0.113605 4.106874 1.000000 1.000000 1.000000 1.000000
v 16.133512 0.148515 4.092559 1.000000 1.000000 1.000000 1.000000
v 16.123472 0.090483 4.164510 1.000000 1.000000 1.000000 1.000000
v 16.152361 0.142257 4.121448 1.000000 1.000000 1.000000 1.000000
v 16.176197 0.172545 4.064302 1.000000 1.000000 1.000000 1.000000
v 16.143467 0.073953 4.188092 1.000000 1.000000 1.000000 1.000000
v 16.199373 0.168723 4.090327 1.000000 1.000000 1.000000 1.000000
v 16.215267 0.183345 4.024869 1.000000 1.000000 1.000000 1.000000
v 16.172991 0.131521 4.147682 1.000000 1.000000 1.000000 1.000000
v 16.242401 0.180617 4.046898 1.000000 1.000000 1.000000 1.000000
v 16.223173 0.159771 4.114464 1.000000 1.000000 1.000000 1.000000
v 16.194893 0.116573 4.170616 1.000000 1.000000 1.000000 1.000000
v 16.097761 0.022224 4.186837 1.000000 1.000000 1.000000 1.000000
v 16.165461 0.054628 4.207378 1.000000 1.000000 1.000000 1.000000
v 16.062248 -0.033550 4.166972 1.000000 1.000000 1.000000 1.000000
v 16.119183 0.002254 4.206107 1.000000 1.000000 1.000000 1.000000
v 16.217527 0.097778 4.189684 1.000000 1.000000 1.000000 1.000000
v 16.188908 0.032982 4.221893 1.000000 1.000000 1.000000 1.000000
v 16.083229 -0.054216 4.185996 1.000000 1.000000 1.000000 1.000000
v 16.247005 0.145910 4.136118 1.000000 1.000000 1.000000 1.000000
v 16.040407 -0.087911 4.130444 1.000000 1.000000 1.000000 1.000000
v 16.018427 -0.111238 4.061224 1.000000 1.000000 1.000000 1.000000
v 16.044739 -0.171766 4.022978 1.000000 1.000000 1.000000 1.000000
v 16.034374 -0.135537 4.080827 1.000000 1.000000 1.000000 1.000000
v 16.091574 -0.215706 3.979034 1.000000 1.000000 1.000000 1.000000
v 16.065502 -0.194155 4.040206 1.000000 1.000000 1.000000 1.000000
v 16.061115 -0.109254 4.149012 1.000000 1.000000 1.000000 1.000000
v 16.055006 -0.157474 4.098776 1.000000 1.000000 1.000000 1.000000
v 16.115931 -0.234023 3.996361 1.000000 1.000000 1.000000 1.000000
v 16.090181 -0.212737 4.056779 1.000000 1.000000 1.000000 1.000000
v 16.154545 -0.238282 3.939288 1.000000 1.000000 1.000000 1.000000
v 16.178959 -0.206669 3.872509 1.000000 1.000000 1.000000 1.000000
v 16.180149 -0.251654 3.959157 1.000000 1.000000 1.000000 1.000000
v 16.208914 -0.154788 3.822848 1.000000 1.000000 1.000000 1.000000
v 16.202242 -0.225097 3.891147 1.000000 1.000000 1.000000 1.000000
v 16.231722 -0.176965 3.837582 1.000000 1.000000 1.000000 1.000000
v 16.236012 -0.088736 3.795985 1.000000 1.000000 1.000000 1.000000
v 16.260340 -0.112169 3.805372 1.000000 1.000000 1.000000 1.000000
v 16.254354 -0.195759 3.856650 1.000000 1.000000 1.000000 1.000000
v 16.211403 -0.064094 3.791956 1.000000 1.000000 1.000000 1.000000
v 16.187119 -0.038848 3.793387 1.000000 1.000000 1.000000 1.000000
v 16.224558 0.003523 3.794415 1.000000 1.000000 1.000000 1.000000
v 16.252634 -0.017428 3.793089 1.000000 1.000000 1.000000 1.000000
v 16.253645 0.049208 3.810686 1.000000 1.000000 1.000000 1.000000
v 16.280022 -0.038926 3.797193 1.000000 1.000000 1.000000 1.000000
v 16.306046 -0.060440 3.806627 1.000000 1.000000 1.000000 1.000000
v 16.314217 0.014780 3.816321 1.000000 1.000000 1.000000 1.000000
v 16.284670 0.032887 3.811009 1.000000 1.000000 1.000000 1.000000
v 16.304373 0.081926 3.843961 1.000000 1.000000 1.000000 1.000000
v 16.271536 0.093736 3.840606 1.000000 1.000000 1.000000 1.000000
v 16.335249 0.067125 3.851495 1.000000 1.000000 1.000000 1.000000
v 16.341558 -0.004665 3.826491 1.000000 1.000000 1.000000 1.000000
v 16.309816 0.124890 3.888722 1.000000 1.000000 1.000000 1.000000
v 16.276476 0.132746 3.881248 1.000000 1.000000 1.000000 1.000000
v 16.267986 0.162421 3.928632 1.000000 1.000000 1.000000 1.000000
v 16.341059 0.112984 3.899271 1.000000 1.000000 1.000000 1.000000
v 16.300467 0.157573 3.940908 1.000000 1.000000 1.000000 1.000000
v 16.246895 0.179857 3.978121 1.000000 1.000000 1.000000 1.000000
v 16.369432 0.097321 3.912637 1.000000 1.000000 1.000000 1.000000
v 16.277235 0.176775 3.995412 1.000000 1.000000 1.000000 1.000000
v 16.331078 0.147870 3.954975 1.000000 1.000000 1.000000 1.000000
v 16.306282 0.168366 4.013152 1.000000 1.000000 1.000000 1.000000
v 16.359068 0.133551 3.970486 1.000000 1.000000 1.000000 1.000000
v 16.269100 0.172467 4.068108 1.000000 1.000000 1.000000 1.000000
v 16.333317 0.154836 4.030904 1.000000 1.000000 1.000000 1.000000
v 16.294703 0.159095 4.087977 1.000000 1.000000 1.000000 1.000000
v 16.270288 0.127482 4.154757 1.000000 1.000000 1.000000 1.000000
v 16.357676 0.136519 4.048231 1.000000 1.000000 1.000000 1.000000
v 16.240334 0.075602 4.204417 1.000000 1.000000 1.000000 1.000000
v 16.318581 0.140831 4.106015 1.000000 1.000000 1.000000 1.000000
v 16.292446 0.104940 4.169920 1.000000 1.000000 1.000000 1.000000
v 16.213236 0.009550 4.231280 1.000000 1.000000 1.000000 1.000000
v 16.262756 0.050588 4.214452 1.000000 1.000000 1.000000 1.000000
v 16.340145 0.118124 4.121778 1.000000 1.000000 1.000000 1.000000
v 16.143202 -0.018746 4.220638 1.000000 1.000000 1.000000 1.000000
v 16.107691 -0.074521 4.200774 1.000000 1.000000 1.000000 1.000000
v 16.169226 -0.040260 4.230072 1.000000 1.000000 1.000000 1.000000
v 16.085848 -0.128882 4.164245 1.000000 1.000000 1.000000 1.000000
v 16.135031 -0.093967 4.210945 1.000000 1.000000 1.000000 1.000000
v 16.079815 -0.176508 4.114628 1.000000 1.000000 1.000000 1.000000
v 16.113998 -0.146311 4.175771 1.000000 1.000000 1.000000 1.000000
v 16.196613 -0.061758 4.234176 1.000000 1.000000 1.000000 1.000000
v 16.164577 -0.112073 4.216257 1.000000 1.000000 1.000000 1.000000
v 16.237844 -0.015093 4.235309 1.000000 1.000000 1.000000 1.000000
v 16.195602 -0.128395 4.216579 1.000000 1.000000 1.000000 1.000000
v 16.284239 0.023355 4.219543 1.000000 1.000000 1.000000 1.000000
v 16.224691 -0.082710 4.232850 1.000000 1.000000 1.000000 1.000000
v 16.312935 0.078838 4.181235 1.000000 1.000000 1.000000 1.000000
v 16.304253 -0.005429 4.219563 1.000000 1.000000 1.000000 1.000000
v 16.331249 0.049821 4.188423 1.000000 1.000000 1.000000 1.000000
v 16.358864 0.091534 4.134879 1.000000 1.000000 1.000000 1.000000
v 16.262129 -0.040339 4.233878 1.000000 1.000000 1.000000 1.000000
v 16.346937 0.018602 4.191307 1.000000 1.000000 1.000000 1.000000
v 16.252768 -0.102600 4.226126 1.000000 1.000000 1.000000 1.000000
v 16.374277 0.061715 4.144994 1.000000 1.000000 1.000000 1.000000
v 16.322306 -0.035054 4.214513 1.000000 1.000000 1.000000 1.000000
v 16.359613 -0.014051 4.189816 1.000000 1.000000 1.000000 1.000000
v 16.386007 0.029401 4.151874 1.000000 1.000000 1.000000 1.000000
v 16.285490 -0.065566 4.227025 1.000000 1.000000 1.000000 1.000000
v 16.368967 -0.047332 4.183987 1.000000 1.000000 1.000000 1.000000
v 16.337954 -0.064791 4.204516 1.000000 1.000000 1.000000 1.000000
v 16.280149 -0.120939 4.214170 1.000000 1.000000 1.000000 1.000000
v 16.307350 -0.090154 4.214917 1.000000 1.000000 1.000000 1.000000
v 16.374765 -0.080422 4.173963 1.000000 1.000000 1.000000 1.000000
v 16.350813 -0.093907 4.189820 1.000000 1.000000 1.000000 1.000000
v 16.306166 -0.137274 4.197276 1.000000 1.000000 1.000000 1.000000
v 16.327173 -0.113497 4.197853 1.000000 1.000000 1.000000 1.000000
v 16.376867 -0.112507 4.159991 1.000000 1.000000 1.000000 1.000000
v 16.360563 -0.121686 4.170784 1.000000 1.000000 1.000000 1.000000
v 16.396688 -0.074362 4.151835 1.000000 1.000000 1.000000 1.000000
v 16.397352 -0.039485 4.155337 1.000000 1.000000 1.000000 1.000000
v 16.393763 -0.004611 4.155350 1.000000 1.000000 1.000000 1.000000
v 16.420332 -0.042020 4.121372 1.000000 1.000000 1.000000 1.000000
v 16.421406 -0.007660 4.114491 1.000000 1.000000 1.000000 1.000000
v 16.417635 0.025913 4.105125 1.000000 1.000000 1.000000 1.000000
v 16.439840 -0.022899 4.071236 1.000000 1.000000 1.000000 1.000000
v 16.409111 0.057873 4.093507 1.000000 1.000000 1.000000 1.000000
v 16.438726 0.008478 4.055637 1.000000 1.000000 1.000000 1.000000
v 16.396046 0.087433 4.079923 1.000000 1.000000 1.000000 1.000000
v 16.432341 0.038671 4.039003 1.000000 1.000000 1.000000 1.000000
v 16.378757 0.113865 4.064705 1.000000 1.000000 1.000000 1.000000
v 16.420841 0.066937 4.021745 1.000000 1.000000 1.000000 1.000000
v 16.404509 0.092580 4.004287 1.000000 1.000000 1.000000 1.000000
v 16.383745 0.114968 3.987059 1.000000 1.000000 1.000000 1.000000
v 16.430820 0.032051 3.966042 1.000000 1.000000 1.000000 1.000000
v 16.394241 0.078287 3.928489 1.000000 1.000000 1.000000 1.000000
v 16.414873 0.056351 3.946438 1.000000 1.000000 1.000000 1.000000
v 16.363400 0.049696 3.863020 1.000000 1.000000 1.000000 1.000000
v 16.388134 0.030068 3.878253 1.000000 1.000000 1.000000 1.000000
v 16.366018 -0.024971 3.841270 1.000000 1.000000 1.000000 1.000000
v 16.408840 0.008725 3.896821 1.000000 1.000000 1.000000 1.000000
v 16.330065 -0.081441 3.821158 1.000000 1.000000 1.000000 1.000000
v 16.386999 -0.045636 3.860293 1.000000 1.000000 1.000000 1.000000
v 16.425013 -0.013808 3.918265 1.000000 1.000000 1.000000 1.000000
v 16.283789 -0.133814 3.819887 1.000000 1.000000 1.000000 1.000000
v 16.351488 -0.101411 3.840428 1.000000 1.000000 1.000000 1.000000
v 16.403980 -0.066153 3.883091 1.000000 1.000000 1.000000 1.000000
v 16.441692 0.005988 3.986817 1.000000 1.000000 1.000000 1.000000
v 16.436249 -0.036976 3.942057 1.000000 1.000000 1.000000 1.000000
v 16.447218 -0.021198 4.008253 1.000000 1.000000 1.000000 1.000000
v 16.416546 -0.086016 3.909104 1.000000 1.000000 1.000000 1.000000
v 16.447264 -0.048836 4.029821 1.000000 1.000000 1.000000 1.000000
v 16.442276 -0.060208 3.967611 1.000000 1.000000 1.000000 1.000000
v 16.435656 -0.054687 4.085417 1.000000 1.000000 1.000000 1.000000
v 16.369785 -0.119859 3.863964 1.000000 1.000000 1.000000 1.000000
v 16.414438 -0.076319 4.125601 1.000000 1.000000 1.000000 1.000000
v 16.305780 -0.153140 3.839173 1.000000 1.000000 1.000000 1.000000
v 16.391790 -0.108382 4.144929 1.000000 1.000000 1.000000 1.000000
v 16.276257 -0.210708 3.879583 1.000000 1.000000 1.000000 1.000000
v 16.375219 -0.142797 4.142416 1.000000 1.000000 1.000000 1.000000
v 16.325775 -0.169669 3.862755 1.000000 1.000000 1.000000 1.000000
v 16.226074 -0.238958 3.912801 1.000000 1.000000 1.000000 1.000000
v 16.384510 -0.136331 3.891184 1.000000 1.000000 1.000000 1.000000
v 16.296886 -0.221443 3.905817 1.000000 1.000000 1.000000 1.000000
v 16.424385 -0.104735 3.937691 1.000000 1.000000 1.000000 1.000000
v 16.343279 -0.182996 3.890052 1.000000 1.000000 1.000000 1.000000
v 16.395298 -0.150420 3.921420 1.000000 1.000000 1.000000 1.000000
v 16.442944 -0.082933 3.994299 1.000000 1.000000 1.000000 1.000000
v 16.427305 -0.121851 3.968147 1.000000 1.000000 1.000000 1.000000
v 16.357861 -0.192792 3.920392 1.000000 1.000000 1.000000 1.000000
v 16.401884 -0.161781 3.953926 1.000000 1.000000 1.000000 1.000000
v 16.425236 -0.136941 3.999724 1.000000 1.000000 1.000000 1.000000
v 16.438232 -0.104590 4.021462 1.000000 1.000000 1.000000 1.000000
v 16.441824 -0.076248 4.050990 1.000000 1.000000 1.000000 1.000000
v 16.418226 -0.149634 4.031643 1.000000 1.000000 1.000000 1.000000
v 16.426273 -0.086103 4.097830 1.000000 1.000000 1.000000 1.000000
v 16.428267 -0.124647 4.048433 1.000000 1.000000 1.000000 1.000000
v 16.431038 -0.102756 4.071240 1.000000 1.000000 1.000000 1.000000
v 16.403872 -0.109715 4.127073 1.000000 1.000000 1.000000 1.000000
v 16.411928 -0.116374 4.108170 1.000000 1.000000 1.000000 1.000000
v 16.382774 -0.140709 4.134791 1.000000 1.000000 1.000000 1.000000
v 16.388889 -0.141383 4.125751 1.000000 1.000000 1.000000 1.000000
v 16.369864 -0.170546 4.121669 1.000000 1.000000 1.000000 1.000000
v 16.392969 -0.144755 4.116182 1.000000 1.000000 1.000000 1.000000
v 16.415171 -0.127709 4.090071 1.000000 1.000000 1.000000 1.000000
v 16.394611 -0.150493 4.107020 1.000000 1.000000 1.000000 1.000000
v 16.413282 -0.142610 4.074547 1.000000 1.000000 1.000000 1.000000
v 16.393656 -0.158036 4.099162 1.000000 1.000000 1.000000 1.000000
v 16.406450 -0.159618 4.063118 1.000000 1.000000 1.000000 1.000000
v 16.390196 -0.166646 4.093376 1.000000 1.000000 1.000000 1.000000
v 16.384571 -0.175480 4.090230 1.000000 1.000000 1.000000 1.000000
v 16.395338 -0.177068 4.056904 1.000000 1.000000 1.000000 1.000000
v 16.401903 -0.175271 4.022512 1.000000 1.000000 1.000000 1.000000
v 16.377333 -0.183673 4.090031 1.000000 1.000000 1.000000 1.000000
v 16.404102 -0.170133 3.987903 1.000000 1.000000 1.000000 1.000000
v 16.381039 -0.193252 4.056511 1.000000 1.000000 1.000000 1.000000
v 16.369162 -0.198815 3.953028 1.000000 1.000000 1.000000 1.000000
v 16.376904 -0.200918 3.987155 1.000000 1.000000 1.000000 1.000000
v 16.380894 -0.199048 4.021935 1.000000 1.000000 1.000000 1.000000
v 16.332344 -0.229327 3.965539 1.000000 1.000000 1.000000 1.000000
v 16.346298 -0.226281 3.997556 1.000000 1.000000 1.000000 1.000000
v 16.357256 -0.218638 4.029969 1.000000 1.000000 1.000000 1.000000
v 16.315735 -0.227701 3.934706 1.000000 1.000000 1.000000 1.000000
v 16.295034 -0.250331 3.990237 1.000000 1.000000 1.000000 1.000000
v 16.273052 -0.251732 3.962964 1.000000 1.000000 1.000000 1.000000
v 16.249874 -0.247910 3.936938 1.000000 1.000000 1.000000 1.000000
v 16.233982 -0.262532 4.002396 1.000000 1.000000 1.000000 1.000000
v 16.206846 -0.259804 3.980367 1.000000 1.000000 1.000000 1.000000
v 16.315285 -0.243740 4.018085 1.000000 1.000000 1.000000 1.000000
v 16.142965 -0.247553 4.014113 1.000000 1.000000 1.000000 1.000000
v 16.172012 -0.255962 4.031853 1.000000 1.000000 1.000000 1.000000
v 16.118172 -0.227056 4.072291 1.000000 1.000000 1.000000 1.000000
v 16.108189 -0.192171 4.127994 1.000000 1.000000 1.000000 1.000000
v 16.148783 -0.236760 4.086358 1.000000 1.000000 1.000000 1.000000
v 16.144875 -0.161113 4.183304 1.000000 1.000000 1.000000 1.000000
v 16.139433 -0.204077 4.138544 1.000000 1.000000 1.000000 1.000000
v 16.177711 -0.172922 4.186659 1.000000 1.000000 1.000000 1.000000
v 16.202353 -0.259043 4.049145 1.000000 1.000000 1.000000 1.000000
v 16.181261 -0.241608 4.098633 1.000000 1.000000 1.000000 1.000000
v 16.172771 -0.211933 4.146018 1.000000 1.000000 1.000000 1.000000
v 16.214808 -0.241482 4.108816 1.000000 1.000000 1.000000 1.000000
v 16.233244 -0.256721 4.065562 1.000000 1.000000 1.000000 1.000000
v 16.207386 -0.215545 4.150232 1.000000 1.000000 1.000000 1.000000
v 16.211706 -0.181448 4.185753 1.000000 1.000000 1.000000 1.000000
v 16.242428 -0.214824 4.151082 1.000000 1.000000 1.000000 1.000000
v 16.227343 -0.142530 4.211905 1.000000 1.000000 1.000000 1.000000
v 16.246019 -0.186482 4.180610 1.000000 1.000000 1.000000 1.000000
v 16.259016 -0.154131 4.202348 1.000000 1.000000 1.000000 1.000000
v 16.279802 -0.187898 4.171355 1.000000 1.000000 1.000000 1.000000
v 16.289843 -0.162911 4.188145 1.000000 1.000000 1.000000 1.000000
v 16.277029 -0.209789 4.148548 1.000000 1.000000 1.000000 1.000000
v 16.312229 -0.185663 4.158216 1.000000 1.000000 1.000000 1.000000
v 16.319061 -0.168655 4.169645 1.000000 1.000000 1.000000 1.000000
v 16.248596 -0.236385 4.116656 1.000000 1.000000 1.000000 1.000000
v 16.310341 -0.200564 4.142692 1.000000 1.000000 1.000000 1.000000
v 16.281794 -0.226442 4.121958 1.000000 1.000000 1.000000 1.000000
v 16.263920 -0.249052 4.080700 1.000000 1.000000 1.000000 1.000000
v 16.342497 -0.179831 4.141517 1.000000 1.000000 1.000000 1.000000
v 16.313583 -0.211898 4.124593 1.000000 1.000000 1.000000 1.000000
v 16.341541 -0.187374 4.133658 1.000000 1.000000 1.000000 1.000000
v 16.345957 -0.171221 4.147303 1.000000 1.000000 1.000000 1.000000
v 16.293631 -0.236226 4.094187 1.000000 1.000000 1.000000 1.000000
v 16.343184 -0.193112 4.124496 1.000000 1.000000 1.000000 1.000000
v 16.321640 -0.218558 4.105690 1.000000 1.000000 1.000000 1.000000
v 16.347263 -0.196483 4.114927 1.000000 1.000000 1.000000 1.000000
v 16.311378 -0.238184 4.067954 1.000000 1.000000 1.000000 1.000000
v 16.333721 -0.219891 4.087834 1.000000 1.000000 1.000000 1.000000
v 16.353378 -0.197158 4.105887 1.000000 1.000000 1.000000 1.000000
v 16.360933 -0.195070 4.098263 1.000000 1.000000 1.000000 1.000000
v 16.348644 -0.215766 4.072772 1.000000 1.000000 1.000000 1.000000
v 16.369186 -0.190423 4.092799 1.000000 1.000000 1.000000 1.000000
v 16.333303 -0.232123 4.045825 1.000000 1.000000 1.000000 1.000000
v 16.286900 -0.251587 4.046735 1.000000 1.000000 1.000000 1.000000
v 16.364950 -0.206587 4.061979 1.000000 1.000000 1.000000 1.000000
v 16.260887 -0.259770 4.024702 1.000000 1.000000 1.000000 1.000000
v 16.366966 -0.147444 4.147880 1.000000 1.000000 1.000000 1.000000
v 16.358820 -0.154194 4.150648 1.000000 1.000000 1.000000 1.000000
v 16.344473 -0.135021 4.176252 1.000000 1.000000 1.000000 1.000000
v 16.351582 -0.162387 4.150449 1.000000 1.000000 1.000000 1.000000
v 16.330173 -0.151205 4.175859 1.000000 1.000000 1.000000 1.000000
v 16.089634 -0.065136 3.837450 1.000000 1.000000 1.000000 1.000000
v 16.102310 -0.097788 3.835959 1.000000 1.000000 1.000000 1.000000
v 16.144997 -0.073757 3.807702 1.000000 1.000000 1.000000 1.000000
v 16.063240 -0.108588 3.875391 1.000000 1.000000 1.000000 1.000000
v 16.126942 -0.044132 3.812752 1.000000 1.000000 1.000000 1.000000
v 16.187119 -0.038848 3.793387 1.000000 1.000000 1.000000 1.000000
v 16.055485 -0.074575 3.871915 1.000000 1.000000 1.000000 1.000000
v 16.163759 -0.013620 3.800241 1.000000 1.000000 1.000000 1.000000
v 16.027842 -0.071526 3.912775 1.000000 1.000000 1.000000 1.000000
v 16.031612 -0.105099 3.922140 1.000000 1.000000 1.000000 1.000000
v 16.051895 -0.039701 3.871928 1.000000 1.000000 1.000000 1.000000
v 16.009407 -0.056287 3.956029 1.000000 1.000000 1.000000 1.000000
v 16.010521 -0.087664 3.971628 1.000000 1.000000 1.000000 1.000000
v 16.028915 -0.037167 3.905893 1.000000 1.000000 1.000000 1.000000
v 16.001984 -0.030350 3.997444 1.000000 1.000000 1.000000 1.000000
v 16.002031 -0.057989 4.019012 1.000000 1.000000 1.000000 1.000000
v 16.006971 -0.018978 4.059654 1.000000 1.000000 1.000000 1.000000
v 16.013592 -0.024499 3.941849 1.000000 1.000000 1.000000 1.000000
v 16.006304 0.003746 4.032966 1.000000 1.000000 1.000000 1.000000
v 16.024862 0.025549 4.089575 1.000000 1.000000 1.000000 1.000000
v 16.007423 -0.002939 3.976275 1.000000 1.000000 1.000000 1.000000
v 16.021942 0.042664 4.059118 1.000000 1.000000 1.000000 1.000000
v 16.053949 0.071234 4.105845 1.000000 1.000000 1.000000 1.000000
v 16.011015 0.025404 4.005803 1.000000 1.000000 1.000000 1.000000
v 16.024012 0.057755 4.027541 1.000000 1.000000 1.000000 1.000000
v 16.047365 0.082595 4.073339 1.000000 1.000000 1.000000 1.000000
v 16.091389 0.113605 4.106874 1.000000 1.000000 1.000000 1.000000
v 16.031021 0.070448 3.995622 1.000000 1.000000 1.000000 1.000000
v 16.080088 0.119628 4.074238 1.000000 1.000000 1.000000 1.000000
v 16.045147 0.090947 4.039362 1.000000 1.000000 1.000000 1.000000
v 16.116903 0.150140 4.061726 1.000000 1.000000 1.000000 1.000000
v 16.133512 0.148515 4.092559 1.000000 1.000000 1.000000 1.000000
v 16.072346 0.121731 4.040110 1.000000 1.000000 1.000000 1.000000
v 16.047344 0.096085 4.004753 1.000000 1.000000 1.000000 1.000000
v 16.102949 0.147094 4.029709 1.000000 1.000000 1.000000 1.000000
v 16.068354 0.119862 4.005330 1.000000 1.000000 1.000000 1.000000
v 16.154213 0.171144 4.037028 1.000000 1.000000 1.000000 1.000000
v 16.176197 0.172545 4.064302 1.000000 1.000000 1.000000 1.000000
v 16.215267 0.183345 4.024869 1.000000 1.000000 1.000000 1.000000
v 16.091991 0.139452 3.997297 1.000000 1.000000 1.000000 1.000000
v 16.133963 0.164554 4.009180 1.000000 1.000000 1.000000 1.000000
v 16.188362 0.180583 4.002563 1.000000 1.000000 1.000000 1.000000
v 16.068209 0.114066 3.970754 1.000000 1.000000 1.000000 1.000000
v 16.115944 0.152937 3.981440 1.000000 1.000000 1.000000 1.000000
v 16.053907 0.097882 3.970361 1.000000 1.000000 1.000000 1.000000
v 16.084299 0.127400 3.965286 1.000000 1.000000 1.000000 1.000000
v 16.071917 0.104486 3.937235 1.000000 1.000000 1.000000 1.000000
v 16.042799 0.080431 3.964146 1.000000 1.000000 1.000000 1.000000
v 16.064678 0.096293 3.937036 1.000000 1.000000 1.000000 1.000000
v 16.080061 0.111237 3.934467 1.000000 1.000000 1.000000 1.000000
v 16.020983 0.045461 3.978832 1.000000 1.000000 1.000000 1.000000
v 16.100603 0.136579 3.954493 1.000000 1.000000 1.000000 1.000000
v 16.018209 0.023570 3.956025 1.000000 1.000000 1.000000 1.000000
v 16.137869 0.158997 3.959312 1.000000 1.000000 1.000000 1.000000
v 16.022974 0.006917 3.929435 1.000000 1.000000 1.000000 1.000000
v 16.035963 0.063423 3.952718 1.000000 1.000000 1.000000 1.000000
v 16.034809 -0.002867 3.901664 1.000000 1.000000 1.000000 1.000000
v 16.059052 0.087460 3.933890 1.000000 1.000000 1.000000 1.000000
v 16.052559 -0.004825 3.875431 1.000000 1.000000 1.000000 1.000000
v 16.055593 0.078850 3.928104 1.000000 1.000000 1.000000 1.000000
v 16.080280 -0.031855 3.843279 1.000000 1.000000 1.000000 1.000000
v 16.111294 -0.014396 3.822748 1.000000 1.000000 1.000000 1.000000
v 16.074482 0.001236 3.853302 1.000000 1.000000 1.000000 1.000000
v 16.072382 0.033321 3.867274 1.000000 1.000000 1.000000 1.000000
v 16.098436 0.014721 3.837446 1.000000 1.000000 1.000000 1.000000
v 16.141897 0.010968 3.812348 1.000000 1.000000 1.000000 1.000000
v 16.057459 0.029196 3.882336 1.000000 1.000000 1.000000 1.000000
v 16.088684 0.042500 3.856481 1.000000 1.000000 1.000000 1.000000
v 16.045378 0.030528 3.900192 1.000000 1.000000 1.000000 1.000000
v 16.074028 0.063611 3.884849 1.000000 1.000000 1.000000 1.000000
v 16.066475 0.061522 3.892474 1.000000 1.000000 1.000000 1.000000
v 16.037321 0.037188 3.919095 1.000000 1.000000 1.000000 1.000000
v 16.060358 0.062197 3.901514 1.000000 1.000000 1.000000 1.000000
v 16.034079 0.048523 3.937194 1.000000 1.000000 1.000000 1.000000
v 16.056278 0.065568 3.911083 1.000000 1.000000 1.000000 1.000000
v 16.054638 0.071306 3.920245 1.000000 1.000000 1.000000 1.000000
v 16.079384 0.091359 3.905596 1.000000 1.000000 1.000000 1.000000
v 16.082281 0.068257 3.879385 1.000000 1.000000 1.000000 1.000000
v 16.088316 0.115883 3.929003 1.000000 1.000000 1.000000 1.000000
v 16.115526 0.140704 3.939431 1.000000 1.000000 1.000000 1.000000
v 16.095869 0.117972 3.921378 1.000000 1.000000 1.000000 1.000000
v 16.101986 0.117297 3.912338 1.000000 1.000000 1.000000 1.000000
v 16.127607 0.139372 3.921575 1.000000 1.000000 1.000000 1.000000
v 16.106064 0.113926 3.902769 1.000000 1.000000 1.000000 1.000000
v 16.155619 0.157040 3.933078 1.000000 1.000000 1.000000 1.000000
v 16.135664 0.132712 3.902672 1.000000 1.000000 1.000000 1.000000
v 16.107706 0.108188 3.893607 1.000000 1.000000 1.000000 1.000000
v 16.162348 0.172400 3.980530 1.000000 1.000000 1.000000 1.000000
v 16.185328 0.169866 3.946565 1.000000 1.000000 1.000000 1.000000
v 16.167454 0.147256 3.905307 1.000000 1.000000 1.000000 1.000000
v 16.216003 0.177534 3.961704 1.000000 1.000000 1.000000 1.000000
v 16.246895 0.179857 3.978121 1.000000 1.000000 1.000000 1.000000
v 16.200651 0.157198 3.910610 1.000000 1.000000 1.000000 1.000000
v 16.234440 0.162295 3.918449 1.000000 1.000000 1.000000 1.000000
v 16.267986 0.162421 3.928632 1.000000 1.000000 1.000000 1.000000
v 16.276476 0.132746 3.881248 1.000000 1.000000 1.000000 1.000000
v 16.241861 0.136358 3.877034 1.000000 1.000000 1.000000 1.000000
v 16.271536 0.093736 3.840606 1.000000 1.000000 1.000000 1.000000
v 16.206820 0.135638 3.876183 1.000000 1.000000 1.000000 1.000000
v 16.237541 0.102262 3.841512 1.000000 1.000000 1.000000 1.000000
v 16.253645 0.049208 3.810686 1.000000 1.000000 1.000000 1.000000
v 16.172218 0.130603 3.878717 1.000000 1.000000 1.000000 1.000000
v 16.221905 0.063344 3.815361 1.000000 1.000000 1.000000 1.000000
v 16.224558 0.003523 3.794415 1.000000 1.000000 1.000000 1.000000
v 16.203230 0.107295 3.846655 1.000000 1.000000 1.000000 1.000000
v 16.169445 0.108712 3.855910 1.000000 1.000000 1.000000 1.000000
v 16.190233 0.074944 3.824917 1.000000 1.000000 1.000000 1.000000
v 16.196482 0.023413 3.801139 1.000000 1.000000 1.000000 1.000000
v 16.169098 0.041752 3.813095 1.000000 1.000000 1.000000 1.000000
v 16.159407 0.083725 3.839120 1.000000 1.000000 1.000000 1.000000
v 16.143084 0.058088 3.829990 1.000000 1.000000 1.000000 1.000000
v 16.137020 0.106476 3.869049 1.000000 1.000000 1.000000 1.000000
v 16.130186 0.089469 3.857620 1.000000 1.000000 1.000000 1.000000
v 16.122074 0.034311 3.829413 1.000000 1.000000 1.000000 1.000000
v 16.119074 0.072018 3.851406 1.000000 1.000000 1.000000 1.000000
v 16.104774 0.055834 3.851013 1.000000 1.000000 1.000000 1.000000
v 16.090427 0.075008 3.876617 1.000000 1.000000 1.000000 1.000000
v 16.097666 0.083201 3.876817 1.000000 1.000000 1.000000 1.000000
v 16.103291 0.092034 3.879962 1.000000 1.000000 1.000000 1.000000
v 16.106750 0.100644 3.885748 1.000000 1.000000 1.000000 1.000000
v 16.138906 0.121377 3.884573 1.000000 1.000000 1.000000 1.000000
v 16.137661 -0.000000 -3.885185 1.000000 1.000000 1.000000 1.000000
v 15.811624 0.291590 -3.707800 1.000000 1.000000 1.000000 1.000000
v 16.122948 -0.000000 -3.932406 1.000000 1.000000 1.000000 1.000000
v 15.825828 0.291596 -3.659044 1.000000 1.000000 1.000000 1.000000
v 15.500299 0.583180 -3.483193 1.000000 1.000000 1.000000 1.000000
v 16.137661 -0.000000 -2.590124 1.000000 1.000000 1.000000 1.000000
v 15.513995 0.583192 -3.432903 1.000000 1.000000 1.000000 1.000000
v 15.188974 0.874770 -3.258587 1.000000 1.000000 1.000000 1.000000
v 15.825828 0.291596 -2.439363 1.000000 1.000000 1.000000 1.000000
v 16.137661 -0.000000 -1.295062 1.000000 1.000000 1.000000 1.000000
v 15.202162 0.874788 -3.206762 1.000000 1.000000 1.000000 1.000000
v 14.877650 1.166360 -3.033981 1.000000 1.000000 1.000000 1.000000
v 15.513995 0.583192 -2.288602 1.000000 1.000000 1.000000 1.000000
v 15.825828 0.291596 -1.219681 1.000000 1.000000 1.000000 1.000000
v 16.137661 0.000000 0.000000 1.000000 1.000000 1.000000 1.000000
v 14.890328 1.166384 -2.980620 1.000000 1.000000 1.000000 1.000000
v 14.545033 1.488057 -2.802613 1.000000 1.000000 1.000000 1.000000
v 15.202162 0.874788 -2.137841 1.000000 1.000000 1.000000 1.000000
v 15.513995 0.583192 -1.144301 1.000000 1.000000 1.000000 1.000000
v 14.567662 1.479059 -2.759260 1.000000 1.000000 1.000000 1.000000
v 14.188762 1.858212 -2.530778 1.000000 1.000000 1.000000 1.000000
v 14.890328 1.166384 -1.987080 1.000000 1.000000 1.000000 1.000000
v 14.201479 1.858197 -2.477574 1.000000 1.000000 1.000000 1.000000
v 13.821191 2.253878 -2.259197 1.000000 1.000000 1.000000 1.000000
v 14.567662 1.479059 -1.839507 1.000000 1.000000 1.000000 1.000000
v 15.202162 0.874788 -1.068921 1.000000 1.000000 1.000000 1.000000
v 14.890328 1.166384 -0.993540 1.000000 1.000000 1.000000 1.000000
v 13.834643 2.253885 -2.208358 1.000000 1.000000 1.000000 1.000000
v 13.453619 2.649544 -1.987615 1.000000 1.000000 1.000000 1.000000
v 14.201479 1.858197 -1.651716 1.000000 1.000000 1.000000 1.000000
v 13.467806 2.649572 -1.939141 1.000000 1.000000 1.000000 1.000000
v 13.161259 3.017272 -1.765527 1.000000 1.000000 1.000000 1.000000
v 13.834643 2.253885 -1.472239 1.000000 1.000000 1.000000 1.000000
v 14.567662 1.479059 -0.919754 1.000000 1.000000 1.000000 1.000000
v 14.201479 1.858197 -0.825858 1.000000 1.000000 1.000000 1.000000
v 13.175132 3.017276 -1.716254 1.000000 1.000000 1.000000 1.000000
v 12.925525 3.432270 -1.580930 1.000000 1.000000 1.000000 1.000000
v 13.467806 2.649572 -1.292761 1.000000 1.000000 1.000000 1.000000
v 12.939254 3.432273 -1.531391 1.000000 1.000000 1.000000 1.000000
v 12.738563 3.829049 -1.431356 1.000000 1.000000 1.000000 1.000000
v 13.175132 3.017276 -1.144169 1.000000 1.000000 1.000000 1.000000
v 13.834643 2.253885 -0.736119 1.000000 1.000000 1.000000 1.000000
v 13.467806 2.649572 -0.646381 1.000000 1.000000 1.000000 1.000000
v 12.752304 3.829050 -1.381777 1.000000 1.000000 1.000000 1.000000
v 12.551601 4.225827 -1.281783 1.000000 1.000000 1.000000 1.000000
v 12.939254 3.432273 -1.020927 1.000000 1.000000 1.000000 1.000000
v 12.565353 4.225828 -1.232162 1.000000 1.000000 1.000000 1.000000
v 12.364638 4.622606 -1.132209 1.000000 1.000000 1.000000 1.000000
v 12.752304 3.829051 -0.921184 1.000000 1.000000 1.000000 1.000000
v 13.175132 3.017276 -0.572085 1.000000 1.000000 1.000000 1.000000
v 12.939254 3.432273 -0.510464 1.000000 1.000000 1.000000 1.000000
v 12.378403 4.622606 -1.082548 1.000000 1.000000 1.000000 1.000000
v 12.177677 5.019384 -0.982635 1.000000 1.000000 1.000000 1.000000
v 12.191452 5.019384 -0.932933 1.000000 1.000000 1.000000 1.000000
v 12.565353 4.225828 -0.821441 1.000000 1.000000 1.000000 1.000000
v 12.378403 4.622606 -0.721699 1.000000 1.000000 1.000000 1.000000
v 12.191452 5.019384 -0.621956 1.000000 1.000000 1.000000 1.000000
v 12.752304 3.829051 -0.460592 1.000000 1.000000 1.000000 1.000000
v 12.565353 4.225828 -0.410721 1.000000 1.000000 1.000000 1.000000
v 12.378403 4.622606 -0.360850 1.000000 1.000000 1.000000 1.000000
v 12.191452 5.019384 -0.310978 1.000000 1.000000 1.000000 1.000000
v 12.752304 3.829051 -0.000000 1.000000 1.000000 1.000000 1.000000
v 12.378403 4.622606 -0.000001 1.000000 1.000000 1.000000 1.000000
v 12.191452 5.019384 -0.000001 1.000000 1.000000 1.000000 1.000000
v 12.191452 5.019384 0.310977 1.000000 1.000000 1.000000 1.000000
v 12.565353 4.225828 -0.000001 1.000000 1.000000 1.000000 1.000000
v 12.378403 4.622606 0.360849 1.000000 1.000000 1.000000 1.000000
v 12.191452 5.019384 0.621955 1.000000 1.000000 1.000000 1.000000
v 12.565353 4.225828 0.410720 1.000000 1.000000 1.000000 1.000000
v 12.378403 4.622606 0.721698 1.000000 1.000000 1.000000 1.000000
v 12.191452 5.019384 0.932932 1.000000 1.000000 1.000000 1.000000
v 12.752304 3.829051 0.460592 1.000000 1.000000 1.000000 1.000000
v 12.378403 4.622606 1.082547 1.000000 1.000000 1.000000 1.000000
v 12.177677 5.019384 0.982634 1.000000 1.000000 1.000000 1.000000
v 12.364638 4.622606 1.132208 1.000000 1.000000 1.000000 1.000000
v 12.565353 4.225828 0.821441 1.000000 1.000000 1.000000 1.000000
v 12.565353 4.225828 1.232161 1.000000 1.000000 1.000000 1.000000
v 12.551601 4.225827 1.281782 1.000000 1.000000 1.000000 1.000000
v 12.752304 3.829051 0.921184 1.000000 1.000000 1.000000 1.000000
v 12.752304 3.829051 1.381776 1.000000 1.000000 1.000000 1.000000
v 12.738563 3.829049 1.431355 1.000000 1.000000 1.000000 1.000000
v 12.939254 3.432273 0.510463 1.000000 1.000000 1.000000 1.000000
v 12.939254 3.432273 1.531390 1.000000 1.000000 1.000000 1.000000
v 12.925525 3.432271 1.580929 1.000000 1.000000 1.000000 1.000000
v 12.939254 3.432273 1.020927 1.000000 1.000000 1.000000 1.000000
v 13.175132 3.017277 1.716253 1.000000 1.000000 1.000000 1.000000
v 13.161259 3.017272 1.765526 1.000000 1.000000 1.000000 1.000000
v 13.175132 3.017277 1.144169 1.000000 1.000000 1.000000 1.000000
v 13.467806 2.649573 1.939140 1.000000 1.000000 1.000000 1.000000
v 13.453619 2.649544 1.987615 1.000000 1.000000 1.000000 1.000000
v 13.467806 2.649573 1.292760 1.000000 1.000000 1.000000 1.000000
v 13.175132 3.017276 0.572084 1.000000 1.000000 1.000000 1.000000
v 13.467806 2.649572 0.646380 1.000000 1.000000 1.000000 1.000000
v 13.834643 2.253885 1.472238 1.000000 1.000000 1.000000 1.000000
v 13.834643 2.253885 2.208357 1.000000 1.000000 1.000000 1.000000
v 13.821191 2.253878 2.259196 1.000000 1.000000 1.000000 1.000000
v 13.834643 2.253885 0.736119 1.000000 1.000000 1.000000 1.000000
v 14.201479 1.858198 2.477574 1.000000 1.000000 1.000000 1.000000
v 14.188762 1.858213 2.530777 1.000000 1.000000 1.000000 1.000000
v 14.201479 1.858198 1.651716 1.000000 1.000000 1.000000 1.000000
v 14.201479 1.858198 0.825858 1.000000 1.000000 1.000000 1.000000
v 14.567662 1.479060 2.759260 1.000000 1.000000 1.000000 1.000000
v 14.545033 1.488058 2.802612 1.000000 1.000000 1.000000 1.000000
v 14.567662 1.479060 1.839506 1.000000 1.000000 1.000000 1.000000
v 14.890328 1.166385 2.980620 1.000000 1.000000 1.000000 1.000000
v 14.877650 1.166360 3.033981 1.000000 1.000000 1.000000 1.000000
v 14.890328 1.166385 1.987080 1.000000 1.000000 1.000000 1.000000
v 14.567662 1.479060 0.919753 1.000000 1.000000 1.000000 1.000000
v 14.890328 1.166385 0.993540 1.000000 1.000000 1.000000 1.000000
v 15.202162 0.874789 2.137841 1.000000 1.000000 1.000000 1.000000
v 15.202162 0.874789 3.206762 1.000000 1.000000 1.000000 1.000000
v 15.188974 0.874770 3.258587 1.000000 1.000000 1.000000 1.000000
v 15.202162 0.874789 1.068921 1.000000 1.000000 1.000000 1.000000
v 15.513995 0.583193 3.432903 1.000000 1.000000 1.000000 1.000000
v 15.500299 0.583180 3.483193 1.000000 1.000000 1.000000 1.000000
v 15.513994 0.583193 2.288602 1.000000 1.000000 1.000000 1.000000
v 15.513994 0.583192 1.144301 1.000000 1.000000 1.000000 1.000000
v 15.825828 0.291597 3.659044 1.000000 1.000000 1.000000 1.000000
v 15.811624 0.291590 3.707800 1.000000 1.000000 1.000000 1.000000
v 16.137661 0.000000 3.885185 1.000000 1.000000 1.000000 1.000000
v 16.122948 0.000000 3.932406 1.000000 1.000000 1.000000 1.000000
v 16.137661 0.000000 2.590124 1.000000 1.000000 1.000000 1.000000
v 15.825828 0.291596 2.439363 1.000000 1.000000 1.000000 1.000000
v 16.137661 0.000000 1.295062 1.000000 1.000000 1.000000 1.000000
v 15.825828 0.291596 1.219682 1.000000 1.000000 1.000000 1.000000
v 15.825828 0.291596 0.000000 1.000000 1.000000 1.000000 1.000000
v 15.513995 0.583192 -0.000000 1.000000 1.000000 1.000000 1.000000
v 15.202162 0.874788 -0.000000 1.000000 1.000000 1.000000 1.000000
v 14.890328 1.166384 -0.000000 1.000000 1.000000 1.000000 1.000000
v 14.567662 1.479059 -0.000000 1.000000 1.000000 1.000000 1.000000
v 14.201479 1.858197 -0.000000 1.000000 1.000000 1.000000 1.000000
v 13.834643 2.253885 -0.000000 1.000000 1.000000 1.000000 1.000000
v 13.467806 2.649572 -0.000000 1.000000 1.000000 1.000000 1.000000
v 13.175132 3.017276 -0.000000 1.000000 1.000000 1.000000 1.000000
v 12.939254 3.432273 -0.000000 1.000000 1.000000 1.000000 1.000000
v 16.122948 -0.000000 -3.932406 1.000000 1.000000 1.000000 1.000000
v 15.811624 0.291590 -3.707800 1.000000 1.000000 1.000000 1.000000
v 16.082750 -0.000000 -3.966974 1.000000 1.000000 1.000000 1.000000
v 15.772815 0.291573 -3.743497 1.000000 1.000000 1.000000 1.000000
v 16.027842 -0.000000 -3.979627 1.000000 1.000000 1.000000 1.000000
v 15.500299 0.583180 -3.483193 1.000000 1.000000 1.000000 1.000000
v 15.719797 0.291550 -3.756575 1.000000 1.000000 1.000000 1.000000
v 14.570764 -0.000000 -3.979627 1.000000 1.000000 1.000000 1.000000
v 15.462878 0.583146 -3.520020 1.000000 1.000000 1.000000 1.000000
v 15.188974 0.874770 -3.258587 1.000000 1.000000 1.000000 1.000000
v 14.290722 0.290904 -3.757070 1.000000 1.000000 1.000000 1.000000
v 13.113688 -0.000000 -3.979627 1.000000 1.000000 1.000000 1.000000
v 15.411752 0.583101 -3.533524 1.000000 1.000000 1.000000 1.000000
v 15.152942 0.874720 -3.296543 1.000000 1.000000 1.000000 1.000000
v 14.877650 1.166360 -3.033981 1.000000 1.000000 1.000000 1.000000
v 12.861650 0.290258 -3.757564 1.000000 1.000000 1.000000 1.000000
v 11.656611 -0.000000 -3.979627 1.000000 1.000000 1.000000 1.000000
v 14.843005 1.166293 -3.073066 1.000000 1.000000 1.000000 1.000000
v 14.545033 1.488057 -2.802613 1.000000 1.000000 1.000000 1.000000
v 11.432578 0.289611 -3.758059 1.000000 1.000000 1.000000 1.000000
v 10.199534 -0.000000 -3.979627 1.000000 1.000000 1.000000 1.000000
v 14.010681 0.581808 -3.534512 1.000000 1.000000 1.000000 1.000000
v 12.609614 0.580516 -3.535501 1.000000 1.000000 1.000000 1.000000
v 10.003507 0.288965 -3.758553 1.000000 1.000000 1.000000 1.000000
v 8.742458 -0.000000 -3.979627 1.000000 1.000000 1.000000 1.000000
v 15.103705 0.874651 -3.310472 1.000000 1.000000 1.000000 1.000000
v 13.730639 0.872713 -3.311955 1.000000 1.000000 1.000000 1.000000
v 14.795660 1.166202 -3.087421 1.000000 1.000000 1.000000 1.000000
v 14.512449 1.482650 -2.839783 1.000000 1.000000 1.000000 1.000000
v 14.188762 1.858212 -2.530778 1.000000 1.000000 1.000000 1.000000
v 13.450599 1.163617 -3.089398 1.000000 1.000000 1.000000 1.000000
v 14.154019 1.858253 -2.569713 1.000000 1.000000 1.000000 1.000000
v 13.821191 2.253878 -2.259197 1.000000 1.000000 1.000000 1.000000
v 14.474454 1.463591 -2.865585 1.000000 1.000000 1.000000 1.000000
v 13.784435 2.253859 -2.296419 1.000000 1.000000 1.000000 1.000000
v 13.453619 2.649544 -1.987615 1.000000 1.000000 1.000000 1.000000
v 14.106572 1.858309 -2.583937 1.000000 1.000000 1.000000 1.000000
v 13.414853 2.649465 -2.023126 1.000000 1.000000 1.000000 1.000000
v 13.161259 3.017272 -1.765527 1.000000 1.000000 1.000000 1.000000
v 13.734226 2.253833 -2.310057 1.000000 1.000000 1.000000 1.000000
v 13.158595 1.467190 -2.862934 1.000000 1.000000 1.000000 1.000000
v 13.123353 3.017260 -1.801603 1.000000 1.000000 1.000000 1.000000
v 12.925525 3.432270 -1.580930 1.000000 1.000000 1.000000 1.000000
v 13.361878 2.649358 -2.036176 1.000000 1.000000 1.000000 1.000000
v 12.888016 3.432263 -1.617196 1.000000 1.000000 1.000000 1.000000
v 12.738563 3.829049 -1.431356 1.000000 1.000000 1.000000 1.000000
v 13.071570 3.017243 -1.814817 1.000000 1.000000 1.000000 1.000000
v 12.701023 3.829043 -1.467652 1.000000 1.000000 1.000000 1.000000
v 12.551601 4.225827 -1.281783 1.000000 1.000000 1.000000 1.000000
v 12.836777 3.432254 -1.630473 1.000000 1.000000 1.000000 1.000000
v 12.514028 4.225824 -1.318108 1.000000 1.000000 1.000000 1.000000
v 12.364638 4.622606 -1.132209 1.000000 1.000000 1.000000 1.000000
v 12.649739 3.829036 -1.480939 1.000000 1.000000 1.000000 1.000000
v 12.327035 4.622604 -1.168564 1.000000 1.000000 1.000000 1.000000
v 12.177677 5.019384 -0.982635 1.000000 1.000000 1.000000 1.000000
v 12.140040 5.019384 -1.019019 1.000000 1.000000 1.000000 1.000000
v 12.462703 4.225819 -1.331405 1.000000 1.000000 1.000000 1.000000
v 12.275665 4.622602 -1.181871 1.000000 1.000000 1.000000 1.000000
v 12.088628 5.019384 -1.032337 1.000000 1.000000 1.000000 1.000000
v 11.499763 3.828875 -1.481000 1.000000 1.000000 1.000000 1.000000
v 11.159695 4.622548 -1.181891 1.000000 1.000000 1.000000 1.000000
v 10.989661 5.019384 -1.032337 1.000000 1.000000 1.000000 1.000000
v 11.329729 4.225711 -1.331446 1.000000 1.000000 1.000000 1.000000
v 10.043725 4.622494 -1.181912 1.000000 1.000000 1.000000 1.000000
v 9.890695 5.019384 -1.032337 1.000000 1.000000 1.000000 1.000000
v 10.196756 4.225604 -1.331486 1.000000 1.000000 1.000000 1.000000
v 8.927756 4.622439 -1.181932 1.000000 1.000000 1.000000 1.000000
v 8.791729 5.019383 -1.032337 1.000000 1.000000 1.000000 1.000000
v 9.063784 4.225496 -1.331527 1.000000 1.000000 1.000000 1.000000
v 10.349788 3.828714 -1.481061 1.000000 1.000000 1.000000 1.000000
v 9.199811 3.828552 -1.481122 1.000000 1.000000 1.000000 1.000000
v 7.930810 4.225389 -1.331567 1.000000 1.000000 1.000000 1.000000
v 7.811786 4.622386 -1.181952 1.000000 1.000000 1.000000 1.000000
v 7.692763 5.019383 -1.032337 1.000000 1.000000 1.000000 1.000000
v 8.049834 3.828391 -1.481182 1.000000 1.000000 1.000000 1.000000
v 6.695818 4.622332 -1.181972 1.000000 1.000000 1.000000 1.000000
v 6.593797 5.019383 -1.032337 1.000000 1.000000 1.000000 1.000000
v 6.797838 4.225281 -1.331608 1.000000 1.000000 1.000000 1.000000
v 5.579847 4.622278 -1.181993 1.000000 1.000000 1.000000 1.000000
v 5.494831 5.019382 -1.032337 1.000000 1.000000 1.000000 1.000000
v 5.664865 4.225173 -1.331648 1.000000 1.000000 1.000000 1.000000
v 6.899858 3.828229 -1.481243 1.000000 1.000000 1.000000 1.000000
v 5.749881 3.828068 -1.481304 1.000000 1.000000 1.000000 1.000000
v 4.531892 4.225065 -1.331689 1.000000 1.000000 1.000000 1.000000
v 4.463878 4.622224 -1.182013 1.000000 1.000000 1.000000 1.000000
v 4.395865 5.019382 -1.032337 1.000000 1.000000 1.000000 1.000000
v 4.599905 3.827907 -1.481364 1.000000 1.000000 1.000000 1.000000
v 3.347909 4.622170 -1.182033 1.000000 1.000000 1.000000 1.000000
v 3.296899 5.019382 -1.032337 1.000000 1.000000 1.000000 1.000000
v 3.398919 4.224957 -1.331729 1.000000 1.000000 1.000000 1.000000
v 2.231939 4.622117 -1.182053 1.000000 1.000000 1.000000 1.000000
v 2.197932 5.019382 -1.032337 1.000000 1.000000 1.000000 1.000000
v 2.265946 4.224850 -1.331770 1.000000 1.000000 1.000000 1.000000
v 3.449929 3.827745 -1.481426 1.000000 1.000000 1.000000 1.000000
v 2.299953 3.827584 -1.481486 1.000000 1.000000 1.000000 1.000000
v 1.132973 4.224742 -1.331810 1.000000 1.000000 1.000000 1.000000
v 1.115970 4.622062 -1.182074 1.000000 1.000000 1.000000 1.000000
v 1.098966 5.019382 -1.032337 1.000000 1.000000 1.000000 1.000000
v 0.000000 5.019382 -1.032337 1.000000 1.000000 1.000000 1.000000
v 0.000000 4.622008 -1.182094 1.000000 1.000000 1.000000 1.000000
v 0.000000 4.224635 -1.331851 1.000000 1.000000 1.000000 1.000000
v 0.000000 3.827261 -1.481608 1.000000 1.000000 1.000000 1.000000
v 1.149976 3.827422 -1.481547 1.000000 1.000000 1.000000 1.000000
v 0.000000 3.429888 -1.631365 1.000000 1.000000 1.000000 1.000000
v 1.166980 3.430102 -1.631284 1.000000 1.000000 1.000000 1.000000
v 0.000000 3.013097 -1.818350 1.000000 1.000000 1.000000 1.000000
v 2.333959 3.430317 -1.631202 1.000000 1.000000 1.000000 1.000000
v 1.188324 3.013474 -1.818029 1.000000 1.000000 1.000000 1.000000
v 0.000000 2.622307 -2.054908 1.000000 1.000000 1.000000 1.000000
v 3.500939 3.430533 -1.631121 1.000000 1.000000 1.000000 1.000000
v 2.376649 3.013851 -1.817707 1.000000 1.000000 1.000000 1.000000
v 1.214716 2.624766 -2.053205 1.000000 1.000000 1.000000 1.000000
v 0.000000 2.248634 -2.313657 1.000000 1.000000 1.000000 1.000000
v 4.667919 3.430748 -1.631040 1.000000 1.000000 1.000000 1.000000
v 3.564973 3.014228 -1.817386 1.000000 1.000000 1.000000 1.000000
v 2.429432 2.627225 -2.051502 1.000000 1.000000 1.000000 1.000000
v 1.248566 2.249107 -2.313330 1.000000 1.000000 1.000000 1.000000
v 0.000000 1.874962 -2.572406 1.000000 1.000000 1.000000 1.000000
v 3.644148 2.629684 -2.049799 1.000000 1.000000 1.000000 1.000000
v 1.282415 1.873448 -2.573455 1.000000 1.000000 1.000000 1.000000
v 0.000000 1.503183 -2.836420 1.000000 1.000000 1.000000 1.000000
v 2.497131 2.249580 -2.313003 1.000000 1.000000 1.000000 1.000000
v 1.315860 1.499583 -2.839072 1.000000 1.000000 1.000000 1.000000
v 0.000000 1.137768 -3.109174 1.000000 1.000000 1.000000 1.000000
v 2.564831 1.871934 -2.574503 1.000000 1.000000 1.000000 1.000000
v 1.345060 1.140353 -3.107197 1.000000 1.000000 1.000000 1.000000
v 0.000000 0.853326 -3.326787 1.000000 1.000000 1.000000 1.000000
v 2.631719 1.495984 -2.841723 1.000000 1.000000 1.000000 1.000000
v 3.745697 2.250052 -2.312675 1.000000 1.000000 1.000000 1.000000
v 3.847247 1.870420 -2.575551 1.000000 1.000000 1.000000 1.000000
v 2.690120 1.142938 -3.105219 1.000000 1.000000 1.000000 1.000000
v 1.373064 0.855264 -3.325304 1.000000 1.000000 1.000000 1.000000
v 0.000000 0.568884 -3.544401 1.000000 1.000000 1.000000 1.000000
v 3.947579 1.492385 -2.844374 1.000000 1.000000 1.000000 1.000000
v 1.401068 0.570176 -3.543412 1.000000 1.000000 1.000000 1.000000
v 0.000000 0.284442 -3.762014 1.000000 1.000000 1.000000 1.000000
v 2.746128 0.857203 -3.323821 1.000000 1.000000 1.000000 1.000000
v 1.429072 0.285088 -3.761519 1.000000 1.000000 1.000000 1.000000
v 0.000000 -0.000000 -3.979627 1.000000 1.000000 1.000000 1.000000
v 1.457076 -0.000000 -3.979627 1.000000 1.000000 1.000000 1.000000
v 2.802136 0.571468 -3.542423 1.000000 1.000000 1.000000 1.000000
v 2.858145 0.285734 -3.761025 1.000000 1.000000 1.000000 1.000000
v 2.914152 -0.000000 -3.979627 1.000000 1.000000 1.000000 1.000000
v 4.119192 0.859142 -3.322338 1.000000 1.000000 1.000000 1.000000
v 4.287217 0.286380 -3.760530 1.000000 1.000000 1.000000 1.000000
v 4.371229 -0.000000 -3.979627 1.000000 1.000000 1.000000 1.000000
v 4.203204 0.572761 -3.541434 1.000000 1.000000 1.000000 1.000000
v 5.716289 0.287027 -3.760036 1.000000 1.000000 1.000000 1.000000
v 5.828306 -0.000000 -3.979627 1.000000 1.000000 1.000000 1.000000
v 5.604273 0.574054 -3.540445 1.000000 1.000000 1.000000 1.000000
v 5.492256 0.861081 -3.320855 1.000000 1.000000 1.000000 1.000000
v 7.145361 0.287673 -3.759542 1.000000 1.000000 1.000000 1.000000
v 7.285382 -0.000000 -3.979627 1.000000 1.000000 1.000000 1.000000
v 7.005341 0.575346 -3.539457 1.000000 1.000000 1.000000 1.000000
v 6.865320 0.863019 -3.319371 1.000000 1.000000 1.000000 1.000000
v 8.574433 0.288319 -3.759047 1.000000 1.000000 1.000000 1.000000
v 8.406408 0.576638 -3.538468 1.000000 1.000000 1.000000 1.000000
v 9.807478 0.577931 -3.537479 1.000000 1.000000 1.000000 1.000000
v 8.238384 0.864958 -3.317888 1.000000 1.000000 1.000000 1.000000
v 9.611448 0.866897 -3.316405 1.000000 1.000000 1.000000 1.000000
v 11.208546 0.579223 -3.536490 1.000000 1.000000 1.000000 1.000000
v 10.984512 0.868835 -3.314922 1.000000 1.000000 1.000000 1.000000
v 12.357576 0.870774 -3.313439 1.000000 1.000000 1.000000 1.000000
v 12.105539 1.161032 -3.091376 1.000000 1.000000 1.000000 1.000000
v 10.760480 1.158447 -3.093354 1.000000 1.000000 1.000000 1.000000
v 11.842735 1.470789 -2.860282 1.000000 1.000000 1.000000 1.000000
v 9.415420 1.155862 -3.095331 1.000000 1.000000 1.000000 1.000000
v 10.526876 1.474388 -2.857631 1.000000 1.000000 1.000000 1.000000
v 12.824156 1.859823 -2.582889 1.000000 1.000000 1.000000 1.000000
v 11.541740 1.861337 -2.581841 1.000000 1.000000 1.000000 1.000000
v 12.485659 2.253361 -2.310384 1.000000 1.000000 1.000000 1.000000
v 10.259325 1.862851 -2.580792 1.000000 1.000000 1.000000 1.000000
v 12.147161 2.646899 -2.037879 1.000000 1.000000 1.000000 1.000000
v 11.237092 2.252888 -2.310712 1.000000 1.000000 1.000000 1.000000
v 11.883245 3.016866 -1.815138 1.000000 1.000000 1.000000 1.000000
v 10.932445 2.644439 -2.039582 1.000000 1.000000 1.000000 1.000000
v 11.669797 3.432039 -1.630554 1.000000 1.000000 1.000000 1.000000
v 10.694921 3.016490 -1.815459 1.000000 1.000000 1.000000 1.000000
v 10.502817 3.431823 -1.630635 1.000000 1.000000 1.000000 1.000000
v 9.717729 2.641980 -2.041285 1.000000 1.000000 1.000000 1.000000
v 9.335837 3.431608 -1.630716 1.000000 1.000000 1.000000 1.000000
v 9.506596 3.016113 -1.815780 1.000000 1.000000 1.000000 1.000000
v 8.168858 3.431393 -1.630797 1.000000 1.000000 1.000000 1.000000
v 8.318272 3.015736 -1.816102 1.000000 1.000000 1.000000 1.000000
v 8.503013 2.639521 -2.042988 1.000000 1.000000 1.000000 1.000000
v 7.001879 3.431178 -1.630878 1.000000 1.000000 1.000000 1.000000
v 7.129947 3.015359 -1.816423 1.000000 1.000000 1.000000 1.000000
v 7.288296 2.637062 -2.044691 1.000000 1.000000 1.000000 1.000000
v 5.834898 3.430963 -1.630959 1.000000 1.000000 1.000000 1.000000
v 5.941622 3.014982 -1.816744 1.000000 1.000000 1.000000 1.000000
v 4.753298 3.014605 -1.817065 1.000000 1.000000 1.000000 1.000000
v 4.858864 2.632144 -2.048097 1.000000 1.000000 1.000000 1.000000
v 6.073580 2.634603 -2.046394 1.000000 1.000000 1.000000 1.000000
v 4.994263 2.250525 -2.312348 1.000000 1.000000 1.000000 1.000000
v 6.242829 2.250998 -2.312021 1.000000 1.000000 1.000000 1.000000
v 5.129663 1.868906 -2.576599 1.000000 1.000000 1.000000 1.000000
v 7.491395 2.251470 -2.311693 1.000000 1.000000 1.000000 1.000000
v 6.412077 1.867392 -2.577648 1.000000 1.000000 1.000000 1.000000
v 5.263438 1.488786 -2.847026 1.000000 1.000000 1.000000 1.000000
v 8.739961 2.251943 -2.311366 1.000000 1.000000 1.000000 1.000000
v 7.694493 1.865878 -2.578696 1.000000 1.000000 1.000000 1.000000
v 9.988526 2.252416 -2.311039 1.000000 1.000000 1.000000 1.000000
v 8.976909 1.864365 -2.579744 1.000000 1.000000 1.000000 1.000000
v 9.211017 1.477988 -2.854980 1.000000 1.000000 1.000000 1.000000
v 7.895157 1.481587 -2.852329 1.000000 1.000000 1.000000 1.000000
v 8.070360 1.153277 -3.097309 1.000000 1.000000 1.000000 1.000000
v 6.725299 1.150692 -3.099286 1.000000 1.000000 1.000000 1.000000
v 6.579298 1.485186 -2.849677 1.000000 1.000000 1.000000 1.000000
v 5.380240 1.148108 -3.101264 1.000000 1.000000 1.000000 1.000000
v 4.035180 1.145523 -3.103241 1.000000 1.000000 1.000000 1.000000
v 16.082750 0.000000 3.966974 1.000000 1.000000 1.000000 1.000000
v 15.811624 0.291590 3.707800 1.000000 1.000000 1.000000 1.000000
v 16.122948 0.000000 3.932406 1.000000 1.000000 1.000000 1.000000
v 15.772815 0.291574 3.743497 1.000000 1.000000 1.000000 1.000000
v 15.500299 0.583180 3.483193 1.000000 1.000000 1.000000 1.000000
v 16.027842 0.000000 3.979627 1.000000 1.000000 1.000000 1.000000
v 15.462878 0.583147 3.520020 1.000000 1.000000 1.000000 1.000000
v 15.188974 0.874770 3.258587 1.000000 1.000000 1.000000 1.000000
v 15.719797 0.291551 3.756575 1.000000 1.000000 1.000000 1.000000
v 14.570764 0.000000 3.979627 1.000000 1.000000 1.000000 1.000000
v 15.152942 0.874721 3.296543 1.000000 1.000000 1.000000 1.000000
v 14.877650 1.166360 3.033981 1.000000 1.000000 1.000000 1.000000
v 15.411752 0.583102 3.533524 1.000000 1.000000 1.000000 1.000000
v 14.290722 0.290905 3.757070 1.000000 1.000000 1.000000 1.000000
v 13.113688 0.000000 3.979627 1.000000 1.000000 1.000000 1.000000
v 14.843005 1.166294 3.073066 1.000000 1.000000 1.000000 1.000000
v 14.545033 1.488058 2.802612 1.000000 1.000000 1.000000 1.000000
v 15.103705 0.874652 3.310472 1.000000 1.000000 1.000000 1.000000
v 14.010681 0.581809 3.534512 1.000000 1.000000 1.000000 1.000000
v 12.861650 0.290259 3.757564 1.000000 1.000000 1.000000 1.000000
v 11.656611 0.000000 3.979627 1.000000 1.000000 1.000000 1.000000
v 13.730639 0.872714 3.311955 1.000000 1.000000 1.000000 1.000000
v 11.432578 0.289612 3.758059 1.000000 1.000000 1.000000 1.000000
v 10.199534 0.000000 3.979627 1.000000 1.000000 1.000000 1.000000
v 12.609614 0.580517 3.535501 1.000000 1.000000 1.000000 1.000000
v 10.003507 0.288966 3.758553 1.000000 1.000000 1.000000 1.000000
v 8.742458 0.000000 3.979627 1.000000 1.000000 1.000000 1.000000
v 11.208546 0.579224 3.536490 1.000000 1.000000 1.000000 1.000000
v 8.574433 0.288320 3.759047 1.000000 1.000000 1.000000 1.000000
v 7.285382 0.000000 3.979627 1.000000 1.000000 1.000000 1.000000
v 9.807478 0.577932 3.537479 1.000000 1.000000 1.000000 1.000000
v 12.357576 0.870775 3.313439 1.000000 1.000000 1.000000 1.000000
v 10.984512 0.868836 3.314922 1.000000 1.000000 1.000000 1.000000
v 8.406408 0.576639 3.538468 1.000000 1.000000 1.000000 1.000000
v 7.145361 0.287674 3.759542 1.000000 1.000000 1.000000 1.000000
v 5.828306 0.000000 3.979627 1.000000 1.000000 1.000000 1.000000
v 9.611448 0.866897 3.316405 1.000000 1.000000 1.000000 1.000000
v 5.716289 0.287027 3.760036 1.000000 1.000000 1.000000 1.000000
v 4.371229 0.000000 3.979627 1.000000 1.000000 1.000000 1.000000
v 7.005341 0.575347 3.539457 1.000000 1.000000 1.000000 1.000000
v 4.287217 0.286381 3.760530 1.000000 1.000000 1.000000 1.000000
v 2.914152 0.000000 3.979627 1.000000 1.000000 1.000000 1.000000
v 5.604273 0.574054 3.540445 1.000000 1.000000 1.000000 1.000000
v 8.238384 0.864959 3.317888 1.000000 1.000000 1.000000 1.000000
v 2.858145 0.285735 3.761025 1.000000 1.000000 1.000000 1.000000
v 1.457076 0.000000 3.979627 1.000000 1.000000 1.000000 1.000000
v 4.203204 0.572762 3.541434 1.000000 1.000000 1.000000 1.000000
v 6.865320 0.863020 3.319371 1.000000 1.000000 1.000000 1.000000
v 1.429072 0.285089 3.761519 1.000000 1.000000 1.000000 1.000000
v 0.000000 0.000000 3.979627 1.000000 1.000000 1.000000 1.000000
v 0.000000 0.284442 3.762014 1.000000 1.000000 1.000000 1.000000
v 2.802136 0.571469 3.542423 1.000000 1.000000 1.000000 1.000000
v 1.401068 0.570177 3.543412 1.000000 1.000000 1.000000 1.000000
v 0.000000 0.568884 3.544401 1.000000 1.000000 1.000000 1.000000
v 4.119192 0.859143 3.322338 1.000000 1.000000 1.000000 1.000000
v 1.373064 0.855265 3.325304 1.000000 1.000000 1.000000 1.000000
v 0.000000 0.853326 3.326787 1.000000 1.000000 1.000000 1.000000
v 2.746128 0.857204 3.323821 1.000000 1.000000 1.000000 1.000000
v 1.345060 1.140353 3.107197 1.000000 1.000000 1.000000 1.000000
v 0.000000 1.137768 3.109174 1.000000 1.000000 1.000000 1.000000
v 2.690120 1.142938 3.105219 1.000000 1.000000 1.000000 1.000000
v 4.035180 1.145523 3.103241 1.000000 1.000000 1.000000 1.000000
v 1.315860 1.499584 2.839071 1.000000 1.000000 1.000000 1.000000
v 0.000000 1.503183 2.836419 1.000000 1.000000 1.000000 1.000000
v 2.631719 1.495985 2.841722 1.000000 1.000000 1.000000 1.000000
v 3.947579 1.492386 2.844374 1.000000 1.000000 1.000000 1.000000
v 1.282415 1.873449 2.573454 1.000000 1.000000 1.000000 1.000000
v 0.000000 1.874963 2.572406 1.000000 1.000000 1.000000 1.000000
v 2.564831 1.871935 2.574502 1.000000 1.000000 1.000000 1.000000
v 3.847247 1.870421 2.575551 1.000000 1.000000 1.000000 1.000000
v 1.248566 2.249108 2.313329 1.000000 1.000000 1.000000 1.000000
v 0.000000 2.248635 2.313657 1.000000 1.000000 1.000000 1.000000
v 2.497131 2.249580 2.313002 1.000000 1.000000 1.000000 1.000000
v 3.745697 2.250053 2.312675 1.000000 1.000000 1.000000 1.000000
v 1.214716 2.624767 2.053205 1.000000 1.000000 1.000000 1.000000
v 0.000000 2.622307 2.054908 1.000000 1.000000 1.000000 1.000000
v 2.429432 2.627226 2.051502 1.000000 1.000000 1.000000 1.000000
v 3.644148 2.629685 2.049799 1.000000 1.000000 1.000000 1.000000
v 1.188324 3.013475 1.818028 1.000000 1.000000 1.000000 1.000000
v 0.000000 3.013098 1.818349 1.000000 1.000000 1.000000 1.000000
v 2.376649 3.013852 1.817707 1.000000 1.000000 1.000000 1.000000
v 3.564973 3.014229 1.817386 1.000000 1.000000 1.000000 1.000000
v 1.166980 3.430103 1.631283 1.000000 1.000000 1.000000 1.000000
v 0.000000 3.429888 1.631364 1.000000 1.000000 1.000000 1.000000
v 2.333959 3.430318 1.631202 1.000000 1.000000 1.000000 1.000000
v 3.500939 3.430533 1.631121 1.000000 1.000000 1.000000 1.000000
v 1.149976 3.827423 1.481546 1.000000 1.000000 1.000000 1.000000
v 0.000000 3.827261 1.481607 1.000000 1.000000 1.000000 1.000000
v 2.299953 3.827584 1.481485 1.000000 1.000000 1.000000 1.000000
v 3.449929 3.827746 1.481425 1.000000 1.000000 1.000000 1.000000
v 1.132973 4.224742 1.331809 1.000000 1.000000 1.000000 1.000000
v 0.000000 4.224635 1.331850 1.000000 1.000000 1.000000 1.000000
v 2.265946 4.224850 1.331769 1.000000 1.000000 1.000000 1.000000
v 3.398919 4.224957 1.331728 1.000000 1.000000 1.000000 1.000000
v 1.115970 4.622062 1.182073 1.000000 1.000000 1.000000 1.000000
v 0.000000 4.622008 1.182093 1.000000 1.000000 1.000000 1.000000
v 1.098966 5.019382 1.032336 1.000000 1.000000 1.000000 1.000000
v 0.000000 5.019382 1.032336 1.000000 1.000000 1.000000 1.000000
v 2.197932 5.019382 1.032336 1.000000 1.000000 1.000000 1.000000
v 2.231939 4.622117 1.182052 1.000000 1.000000 1.000000 1.000000
v 3.296899 5.019382 1.032336 1.000000 1.000000 1.000000 1.000000
v 3.347909 4.622170 1.182032 1.000000 1.000000 1.000000 1.000000
v 4.395865 5.019382 1.032336 1.000000 1.000000 1.000000 1.000000
v 4.463878 4.622224 1.182012 1.000000 1.000000 1.000000 1.000000
v 5.494831 5.019382 1.032336 1.000000 1.000000 1.000000 1.000000
v 4.531892 4.225065 1.331688 1.000000 1.000000 1.000000 1.000000
v 5.579847 4.622278 1.181991 1.000000 1.000000 1.000000 1.000000
v 6.593797 5.019383 1.032336 1.000000 1.000000 1.000000 1.000000
v 4.599905 3.827907 1.481364 1.000000 1.000000 1.000000 1.000000
v 5.664865 4.225173 1.331647 1.000000 1.000000 1.000000 1.000000
v 6.695818 4.622332 1.181971 1.000000 1.000000 1.000000 1.000000
v 7.692763 5.019383 1.032336 1.000000 1.000000 1.000000 1.000000
v 4.667919 3.430749 1.631040 1.000000 1.000000 1.000000 1.000000
v 7.811786 4.622386 1.181951 1.000000 1.000000 1.000000 1.000000
v 8.791729 5.019383 1.032336 1.000000 1.000000 1.000000 1.000000
v 6.797838 4.225281 1.331607 1.000000 1.000000 1.000000 1.000000
v 5.749881 3.828068 1.481303 1.000000 1.000000 1.000000 1.000000
v 8.927756 4.622439 1.181931 1.000000 1.000000 1.000000 1.000000
v 9.890695 5.019384 1.032336 1.000000 1.000000 1.000000 1.000000
v 7.930810 4.225389 1.331566 1.000000 1.000000 1.000000 1.000000
v 6.899858 3.828230 1.481242 1.000000 1.000000 1.000000 1.000000
v 10.043725 4.622494 1.181910 1.000000 1.000000 1.000000 1.000000
v 10.989661 5.019384 1.032336 1.000000 1.000000 1.000000 1.000000
v 9.063784 4.225496 1.331526 1.000000 1.000000 1.000000 1.000000
v 11.159695 4.622548 1.181890 1.000000 1.000000 1.000000 1.000000
v 12.088628 5.019384 1.032336 1.000000 1.000000 1.000000 1.000000
v 10.196756 4.225604 1.331485 1.000000 1.000000 1.000000 1.000000
v 8.049834 3.828391 1.481181 1.000000 1.000000 1.000000 1.000000
v 12.275665 4.622602 1.181870 1.000000 1.000000 1.000000 1.000000
v 12.140040 5.019384 1.019018 1.000000 1.000000 1.000000 1.000000
v 11.329729 4.225711 1.331445 1.000000 1.000000 1.000000 1.000000
v 9.199811 3.828552 1.481121 1.000000 1.000000 1.000000 1.000000
v 10.349788 3.828714 1.481060 1.000000 1.000000 1.000000 1.000000
v 12.462703 4.225819 1.331404 1.000000 1.000000 1.000000 1.000000
v 12.327035 4.622604 1.168562 1.000000 1.000000 1.000000 1.000000
v 12.177677 5.019384 0.982634 1.000000 1.000000 1.000000 1.000000
v 12.364638 4.622606 1.132208 1.000000 1.000000 1.000000 1.000000
v 12.514028 4.225824 1.318107 1.000000 1.000000 1.000000 1.000000
v 12.551601 4.225827 1.281782 1.000000 1.000000 1.000000 1.000000
v 11.499763 3.828875 1.480999 1.000000 1.000000 1.000000 1.000000
v 12.649739 3.829037 1.480938 1.000000 1.000000 1.000000 1.000000
v 12.701023 3.829044 1.467651 1.000000 1.000000 1.000000 1.000000
v 12.738563 3.829049 1.431355 1.000000 1.000000 1.000000 1.000000
v 11.669797 3.432039 1.630553 1.000000 1.000000 1.000000 1.000000
v 12.888016 3.432264 1.617195 1.000000 1.000000 1.000000 1.000000
v 12.925525 3.432271 1.580929 1.000000 1.000000 1.000000 1.000000
v 12.836777 3.432254 1.630472 1.000000 1.000000 1.000000 1.000000
v 13.123353 3.017260 1.801602 1.000000 1.000000 1.000000 1.000000
v 13.161259 3.017272 1.765526 1.000000 1.000000 1.000000 1.000000
v 13.071570 3.017244 1.814816 1.000000 1.000000 1.000000 1.000000
v 11.883245 3.016867 1.815137 1.000000 1.000000 1.000000 1.000000
v 13.414853 2.649466 2.023126 1.000000 1.000000 1.000000 1.000000
v 13.453619 2.649544 1.987615 1.000000 1.000000 1.000000 1.000000
v 13.361878 2.649358 2.036176 1.000000 1.000000 1.000000 1.000000
v 12.147161 2.646899 2.037879 1.000000 1.000000 1.000000 1.000000
v 13.784435 2.253860 2.296419 1.000000 1.000000 1.000000 1.000000
v 13.821191 2.253878 2.259196 1.000000 1.000000 1.000000 1.000000
v 13.734226 2.253834 2.310056 1.000000 1.000000 1.000000 1.000000
v 12.485659 2.253361 2.310384 1.000000 1.000000 1.000000 1.000000
v 14.154019 1.858254 2.569712 1.000000 1.000000 1.000000 1.000000
v 14.188762 1.858213 2.530777 1.000000 1.000000 1.000000 1.000000
v 14.106572 1.858310 2.583937 1.000000 1.000000 1.000000 1.000000
v 12.824156 1.859824 2.582889 1.000000 1.000000 1.000000 1.000000
v 14.512449 1.482651 2.839782 1.000000 1.000000 1.000000 1.000000
v 14.474454 1.463591 2.865585 1.000000 1.000000 1.000000 1.000000
v 14.795660 1.166203 3.087420 1.000000 1.000000 1.000000 1.000000
v 13.450599 1.163618 3.089398 1.000000 1.000000 1.000000 1.000000
v 13.158595 1.467191 2.862933 1.000000 1.000000 1.000000 1.000000
v 12.105539 1.161033 3.091376 1.000000 1.000000 1.000000 1.000000
v 11.842735 1.470790 2.860282 1.000000 1.000000 1.000000 1.000000
v 10.760480 1.158448 3.093353 1.000000 1.000000 1.000000 1.000000
v 11.541740 1.861338 2.581840 1.000000 1.000000 1.000000 1.000000
v 10.526876 1.474389 2.857631 1.000000 1.000000 1.000000 1.000000
v 9.415420 1.155863 3.095331 1.000000 1.000000 1.000000 1.000000
v 11.237092 2.252889 2.310711 1.000000 1.000000 1.000000 1.000000
v 10.259325 1.862852 2.580792 1.000000 1.000000 1.000000 1.000000
v 9.211017 1.477988 2.854979 1.000000 1.000000 1.000000 1.000000
v 8.070360 1.153278 3.097308 1.000000 1.000000 1.000000 1.000000
v 8.976909 1.864365 2.579744 1.000000 1.000000 1.000000 1.000000
v 7.895157 1.481588 2.852328 1.000000 1.000000 1.000000 1.000000
v 6.725299 1.150693 3.099286 1.000000 1.000000 1.000000 1.000000
v 9.988526 2.252416 2.311038 1.000000 1.000000 1.000000 1.000000
v 7.694493 1.865879 2.578696 1.000000 1.000000 1.000000 1.000000
v 10.932445 2.644440 2.039582 1.000000 1.000000 1.000000 1.000000
v 8.739961 2.251943 2.311366 1.000000 1.000000 1.000000 1.000000
v 9.717729 2.641981 2.041285 1.000000 1.000000 1.000000 1.000000
v 10.694921 3.016490 1.815459 1.000000 1.000000 1.000000 1.000000
v 8.503013 2.639521 2.042988 1.000000 1.000000 1.000000 1.000000
v 10.502817 3.431824 1.630634 1.000000 1.000000 1.000000 1.000000
v 9.506596 3.016113 1.815780 1.000000 1.000000 1.000000 1.000000
v 9.335837 3.431609 1.630715 1.000000 1.000000 1.000000 1.000000
v 8.318272 3.015736 1.816101 1.000000 1.000000 1.000000 1.000000
v 8.168858 3.431394 1.630796 1.000000 1.000000 1.000000 1.000000
v 7.288296 2.637062 2.044690 1.000000 1.000000 1.000000 1.000000
v 7.001879 3.431179 1.630877 1.000000 1.000000 1.000000 1.000000
v 7.129947 3.015359 1.816422 1.000000 1.000000 1.000000 1.000000
v 5.834898 3.430964 1.630959 1.000000 1.000000 1.000000 1.000000
v 5.941622 3.014982 1.816743 1.000000 1.000000 1.000000 1.000000
v 4.753298 3.014606 1.817065 1.000000 1.000000 1.000000 1.000000
v 4.858864 2.632144 2.048096 1.000000 1.000000 1.000000 1.000000
v 6.073580 2.634603 2.046393 1.000000 1.000000 1.000000 1.000000
v 4.994263 2.250525 2.312347 1.000000 1.000000 1.000000 1.000000
v 6.242829 2.250998 2.312020 1.000000 1.000000 1.000000 1.000000
v 5.129663 1.868907 2.576599 1.000000 1.000000 1.000000 1.000000
v 7.491395 2.251471 2.311693 1.000000 1.000000 1.000000 1.000000
v 6.412077 1.867393 2.577647 1.000000 1.000000 1.000000 1.000000
v 5.263438 1.488786 2.847025 1.000000 1.000000 1.000000 1.000000
v 6.579298 1.485187 2.849677 1.000000 1.000000 1.000000 1.000000
v 5.380240 1.148108 3.101263 1.000000 1.000000 1.000000 1.000000
v 5.492256 0.861081 3.320855 1.000000 1.000000 1.000000 1.000000
v 0.000000 -0.000000 -3.979627 1.000000 1.000000 1.000000 1.000000
v 0.000000 -0.000000 -2.454103 1.000000 1.000000 1.000000 1.000000
v 1.457076 -0.000000 -3.979627 1.000000 1.000000 1.000000 1.000000
v 3.991582 -0.000000 -2.454103 1.000000 1.000000 1.000000 1.000000
v 2.914152 -0.000000 -3.979627 1.000000 1.000000 1.000000 1.000000
v 4.890112 -0.000000 -2.454103 1.000000 1.000000 1.000000 1.000000
v 4.371229 -0.000000 -3.979627 1.000000 1.000000 1.000000 1.000000
v 5.788643 -0.000000 -2.454103 1.000000 1.000000 1.000000 1.000000
v 5.828306 -0.000000 -3.979627 1.000000 1.000000 1.000000 1.000000
v 6.687174 -0.000000 -2.454103 1.000000 1.000000 1.000000 1.000000
v 7.285382 -0.000000 -3.979627 1.000000 1.000000 1.000000 1.000000
v 7.585704 -0.000000 -2.454103 1.000000 1.000000 1.000000 1.000000
v 8.742458 -0.000000 -3.979627 1.000000 1.000000 1.000000 1.000000
v 8.484235 -0.000000 -2.454103 1.000000 1.000000 1.000000 1.000000
v 9.382765 -0.000000 -2.454103 1.000000 1.000000 1.000000 1.000000
v 10.199534 -0.000000 -3.979627 1.000000 1.000000 1.000000 1.000000
v 10.281296 -0.000000 -2.454103 1.000000 1.000000 1.000000 1.000000
v 11.656611 -0.000000 -3.979627 1.000000 1.000000 1.000000 1.000000
v 11.179827 -0.000000 -2.454103 1.000000 1.000000 1.000000 1.000000
v 13.113688 -0.000000 -3.979627 1.000000 1.000000 1.000000 1.000000
v 12.078357 -0.000000 -2.454103 1.000000 1.000000 1.000000 1.000000
v 14.570764 -0.000000 -3.979627 1.000000 1.000000 1.000000 1.000000
v 12.976887 -0.000000 -2.454103 1.000000 1.000000 1.000000 1.000000
v 16.027842 -0.000000 -3.979627 1.000000 1.000000 1.000000 1.000000
v 13.010749 -0.000000 -2.446301 1.000000 1.000000 1.000000 1.000000
v 16.082750 -0.000000 -3.966974 1.000000 1.000000 1.000000 1.000000
v 13.035537 -0.000000 -2.424984 1.000000 1.000000 1.000000 1.000000
v 16.122948 -0.000000 -3.932406 1.000000 1.000000 1.000000 1.000000
v 16.137661 -0.000000 -3.885185 1.000000 1.000000 1.000000 1.000000
v 13.044609 -0.000000 -2.395864 1.000000 1.000000 1.000000 1.000000
v 16.137661 -0.000000 -2.590124 1.000000 1.000000 1.000000 1.000000
v 13.044609 -0.000000 -1.597243 1.000000 1.000000 1.000000 1.000000
v 16.137661 -0.000000 -1.295062 1.000000 1.000000 1.000000 1.000000
v 13.044609 -0.000000 -0.798621 1.000000 1.000000 1.000000 1.000000
v 16.137661 0.000000 0.000000 1.000000 1.000000 1.000000 1.000000
v 13.044609 0.000000 0.000000 1.000000 1.000000 1.000000 1.000000
v 13.044609 0.000000 0.798622 1.000000 1.000000 1.000000 1.000000
v 16.137661 0.000000 1.295062 1.000000 1.000000 1.000000 1.000000
v 13.044609 0.000000 1.597243 1.000000 1.000000 1.000000 1.000000
v 16.137661 0.000000 2.590124 1.000000 1.000000 1.000000 1.000000
v 13.044609 0.000000 2.395864 1.000000 1.000000 1.000000 1.000000
v 16.137661 0.000000 3.885185 1.000000 1.000000 1.000000 1.000000
v 13.035537 0.000000 2.424984 1.000000 1.000000 1.000000 1.000000
v 16.122948 0.000000 3.932406 1.000000 1.000000 1.000000 1.000000
v 16.082750 0.000000 3.966974 1.000000 1.000000 1.000000 1.000000
v 13.010749 0.000000 2.446301 1.000000 1.000000 1.000000 1.000000
v 16.027842 0.000000 3.979627 1.000000 1.000000 1.000000 1.000000
v 12.976887 0.000000 2.454103 1.000000 1.000000 1.000000 1.000000
v 14.570764 0.000000 3.979627 1.000000 1.000000 1.000000 1.000000
v 12.078357 0.000000 2.454103 1.000000 1.000000 1.000000 1.000000
v 13.113688 0.000000 3.979627 1.000000 1.000000 1.000000 1.000000
v 11.179827 0.000000 2.454103 1.000000 1.000000 1.000000 1.000000
v 11.656611 0.000000 3.979627 1.000000 1.000000 1.000000 1.000000
v 10.281296 0.000000 2.454103 1.000000 1.000000 1.000000 1.000000
v 10.199534 0.000000 3.979627 1.000000 1.000000 1.000000 1.000000
v 9.382765 0.000000 2.454103 1.000000 1.000000 1.000000 1.000000
v 8.742458 0.000000 3.979627 1.000000 1.000000 1.000000 1.000000
v 8.484235 0.000000 2.454103 1.000000 1.000000 1.000000 1.000000
v 7.585704 0.000000 2.454103 1.000000 1.000000 1.000000 1.000000
v 7.285382 0.000000 3.979627 1.000000 1.000000 1.000000 1.000000
v 6.687174 0.000000 2.454103 1.000000 1.000000 1.000000 1.000000
v 5.828306 0.000000 3.979627 1.000000 1.000000 1.000000 1.000000
v 5.788643 0.000000 2.454103 1.000000 1.000000 1.000000 1.000000
v 4.371229 0.000000 3.979627 1.000000 1.000000 1.000000 1.000000
v 4.890112 0.000000 2.454103 1.000000 1.000000 1.000000 1.000000
v 2.914152 0.000000 3.979627 1.000000 1.000000 1.000000 1.000000
v 3.991582 0.000000 2.454103 1.000000 1.000000 1.000000 1.000000
v 1.457076 0.000000 3.979627 1.000000 1.000000 1.000000 1.000000
v 0.000000 0.000000 2.454103 1.000000 1.000000 1.000000 1.000000
v 0.000000 0.000000 3.979627 1.000000 1.000000 1.000000 1.000000
v 12.007914 5.765815 0.805196 1.000000 1.000000 1.000000 1.000000
v 12.007914 5.765815 0.536797 1.000000 1.000000 1.000000 1.000000
v 12.020279 5.765815 0.749223 1.000000 1.000000 1.000000 1.000000
v 12.020279 5.765815 0.499481 1.000000 1.000000 1.000000 1.000000
v 12.007914 5.765815 0.268398 1.000000 1.000000 1.000000 1.000000
v 12.020279 5.765815 0.249740 1.000000 1.000000 1.000000 1.000000
v 12.007914 5.765815 -0.000001 1.000000 1.000000 1.000000 1.000000
v 12.020279 5.765815 -0.000001 1.000000 1.000000 1.000000 1.000000
v 12.020279 5.765815 -0.249742 1.000000 1.000000 1.000000 1.000000
v 12.007914 5.765815 -0.268399 1.000000 1.000000 1.000000 1.000000
v 12.020279 5.765815 -0.499483 1.000000 1.000000 1.000000 1.000000
v 11.974127 5.765815 -0.000001 1.000000 1.000000 1.000000 1.000000
v 12.007914 5.765815 -0.536798 1.000000 1.000000 1.000000 1.000000
v 12.020279 5.765815 -0.749224 1.000000 1.000000 1.000000 1.000000
v 12.007914 5.765815 -0.805197 1.000000 1.000000 1.000000 1.000000
v 11.974127 5.765815 -0.282059 1.000000 1.000000 1.000000 1.000000
v 11.974127 5.765815 -0.564117 1.000000 1.000000 1.000000 1.000000
v 11.974127 5.765815 -0.846174 1.000000 1.000000 1.000000 1.000000
v 11.974127 5.765815 0.282057 1.000000 1.000000 1.000000 1.000000
v 12.007914 5.765815 0.536797 1.000000 1.000000 1.000000 1.000000
v 11.927974 5.765815 -0.000001 1.000000 1.000000 1.000000 1.000000
v 11.927974 5.765815 -0.287060 1.000000 1.000000 1.000000 1.000000
v 11.927974 5.765815 -0.574119 1.000000 1.000000 1.000000 1.000000
v 11.974127 5.765815 -0.846174 1.000000 1.000000 1.000000 1.000000
v 11.927974 5.765815 -0.861178 1.000000 1.000000 1.000000 1.000000
v 10.843612 5.765815 -0.000001 1.000000 1.000000 1.000000 1.000000
v 11.927974 5.765815 0.287058 1.000000 1.000000 1.000000 1.000000
v 11.974127 5.765815 0.564115 1.000000 1.000000 1.000000 1.000000
v 12.007914 5.765815 0.805196 1.000000 1.000000 1.000000 1.000000
v 11.974127 5.765815 0.846173 1.000000 1.000000 1.000000 1.000000
v 11.927974 5.765815 0.574117 1.000000 1.000000 1.000000 1.000000
v 11.927974 5.765815 0.861176 1.000000 1.000000 1.000000 1.000000
v 10.843612 5.765815 0.287112 1.000000 1.000000 1.000000 1.000000
v 10.843612 5.765815 0.574224 1.000000 1.000000 1.000000 1.000000
v 11.927974 5.765815 0.861176 1.000000 1.000000 1.000000 1.000000
v 10.843612 5.765815 0.861337 1.000000 1.000000 1.000000 1.000000
v 9.759251 5.765815 0.574331 1.000000 1.000000 1.000000 1.000000
v 9.759251 5.765815 0.861497 1.000000 1.000000 1.000000 1.000000
v 9.759251 5.765815 0.287165 1.000000 1.000000 1.000000 1.000000
v 9.759251 5.765815 -0.000001 1.000000 1.000000 1.000000 1.000000
v 10.843612 5.765815 -0.287113 1.000000 1.000000 1.000000 1.000000
v 9.759251 5.765815 -0.287167 1.000000 1.000000 1.000000 1.000000
v 11.927974 5.765815 -0.574119 1.000000 1.000000 1.000000 1.000000
v 10.843612 5.765815 -0.574226 1.000000 1.000000 1.000000 1.000000
v 11.927974 5.765815 -0.861178 1.000000 1.000000 1.000000 1.000000
v 9.759251 5.765815 -0.574332 1.000000 1.000000 1.000000 1.000000
v 10.843612 5.765815 -0.861338 1.000000 1.000000 1.000000 1.000000
v 9.759251 5.765815 -0.861498 1.000000 1.000000 1.000000 1.000000
v 2.168722 5.765814 0.575079 1.000000 1.000000 1.000000 1.000000
v 3.253083 5.765814 0.862459 1.000000 1.000000 1.000000 1.000000
v 2.168722 5.765814 0.862619 1.000000 1.000000 1.000000 1.000000
v 3.253083 5.765814 0.574973 1.000000 1.000000 1.000000 1.000000
v 2.168722 5.765814 0.287539 1.000000 1.000000 1.000000 1.000000
v 3.253083 5.765814 0.287486 1.000000 1.000000 1.000000 1.000000
v 2.168722 5.765814 -0.000001 1.000000 1.000000 1.000000 1.000000
v 3.253083 5.765814 -0.000001 1.000000 1.000000 1.000000 1.000000
v 3.253083 5.765814 -0.287487 1.000000 1.000000 1.000000 1.000000
v 2.168722 5.765814 -0.287541 1.000000 1.000000 1.000000 1.000000
v 3.253083 5.765814 -0.574974 1.000000 1.000000 1.000000 1.000000
v 2.168722 5.765814 -0.575081 1.000000 1.000000 1.000000 1.000000
v 3.253083 5.765814 -0.862460 1.000000 1.000000 1.000000 1.000000
v 2.168722 5.765814 -0.862621 1.000000 1.000000 1.000000 1.000000
v 3.253083 5.765814 0.574973 1.000000 1.000000 1.000000 1.000000
v 4.337445 5.765814 0.862299 1.000000 1.000000 1.000000 1.000000
v 3.253083 5.765814 0.862459 1.000000 1.000000 1.000000 1.000000
v 4.337445 5.765814 0.574866 1.000000 1.000000 1.000000 1.000000
v 3.253083 5.765814 0.287486 1.000000 1.000000 1.000000 1.000000
v 4.337445 5.765814 0.287433 1.000000 1.000000 1.000000 1.000000
v 3.253083 5.765814 -0.000001 1.000000 1.000000 1.000000 1.000000
v 4.337445 5.765814 -0.000001 1.000000 1.000000 1.000000 1.000000
v 4.337445 5.765814 -0.287434 1.000000 1.000000 1.000000 1.000000
v 3.253083 5.765814 -0.287487 1.000000 1.000000 1.000000 1.000000
v 4.337445 5.765814 -0.574867 1.000000 1.000000 1.000000 1.000000
v 3.253083 5.765814 -0.574974 1.000000 1.000000 1.000000 1.000000
v 4.337445 5.765814 -0.862300 1.000000 1.000000 1.000000 1.000000
v 3.253083 5.765814 -0.862460 1.000000 1.000000 1.000000 1.000000
v 5.421806 5.765814 -0.287380 1.000000 1.000000 1.000000 1.000000
v 5.421806 5.765814 -0.574760 1.000000 1.000000 1.000000 1.000000
v 4.337445 5.765814 -0.574867 1.000000 1.000000 1.000000 1.000000
v 5.421806 5.765814 -0.862140 1.000000 1.000000 1.000000 1.000000
v 4.337445 5.765814 -0.862300 1.000000 1.000000 1.000000 1.000000
v 5.421806 5.765814 -0.000001 1.000000 1.000000 1.000000 1.000000
v 5.421806 5.765814 0.287379 1.000000 1.000000 1.000000 1.000000
v 5.421806 5.765814 0.574759 1.000000 1.000000 1.000000 1.000000
v 4.337445 5.765814 0.574866 1.000000 1.000000 1.000000 1.000000
v 5.421806 5.765814 0.862138 1.000000 1.000000 1.000000 1.000000
v 4.337445 5.765814 0.862299 1.000000 1.000000 1.000000 1.000000
v 6.506167 5.765814 0.287326 1.000000 1.000000 1.000000 1.000000
v 6.506167 5.765814 0.574652 1.000000 1.000000 1.000000 1.000000
v 5.421806 5.765814 0.574759 1.000000 1.000000 1.000000 1.000000
v 6.506167 5.765814 0.861978 1.000000 1.000000 1.000000 1.000000
v 5.421806 5.765814 0.862138 1.000000 1.000000 1.000000 1.000000
v 7.590528 5.765814 0.861818 1.000000 1.000000 1.000000 1.000000
v 6.506167 5.765814 0.861978 1.000000 1.000000 1.000000 1.000000
v 7.590528 5.765814 0.574545 1.000000 1.000000 1.000000 1.000000
v 7.590528 5.765814 0.287272 1.000000 1.000000 1.000000 1.000000
v 6.506167 5.765814 -0.000001 1.000000 1.000000 1.000000 1.000000
v 7.590528 5.765814 -0.000001 1.000000 1.000000 1.000000 1.000000
v 7.590528 5.765814 -0.287273 1.000000 1.000000 1.000000 1.000000
v 6.506167 5.765814 -0.287327 1.000000 1.000000 1.000000 1.000000
v 7.590528 5.765814 -0.574546 1.000000 1.000000 1.000000 1.000000
v 6.506167 5.765814 -0.574653 1.000000 1.000000 1.000000 1.000000
v 7.590528 5.765814 -0.861819 1.000000 1.000000 1.000000 1.000000
v 5.421806 5.765814 -0.574760 1.000000 1.000000 1.000000 1.000000
v 6.506167 5.765814 -0.861979 1.000000 1.000000 1.000000 1.000000
v 5.421806 5.765814 -0.862140 1.000000 1.000000 1.000000 1.000000
v 7.590528 5.765814 0.574545 1.000000 1.000000 1.000000 1.000000
v 8.674890 5.765814 0.861657 1.000000 1.000000 1.000000 1.000000
v 7.590528 5.765814 0.861818 1.000000 1.000000 1.000000 1.000000
v 8.674890 5.765814 0.574438 1.000000 1.000000 1.000000 1.000000
v 7.590528 5.765814 0.287272 1.000000 1.000000 1.000000 1.000000
v 8.674890 5.765814 0.287219 1.000000 1.000000 1.000000 1.000000
v 7.590528 5.765814 -0.000001 1.000000 1.000000 1.000000 1.000000
v 8.674890 5.765814 -0.000001 1.000000 1.000000 1.000000 1.000000
v 8.674890 5.765814 -0.287220 1.000000 1.000000 1.000000 1.000000
v 7.590528 5.765814 -0.287273 1.000000 1.000000 1.000000 1.000000
v 8.674890 5.765814 -0.574439 1.000000 1.000000 1.000000 1.000000
v 7.590528 5.765814 -0.574546 1.000000 1.000000 1.000000 1.000000
v 8.674890 5.765814 -0.861659 1.000000 1.000000 1.000000 1.000000
v 7.590528 5.765814 -0.861819 1.000000 1.000000 1.000000 1.000000
v 8.674890 5.765814 0.574438 1.000000 1.000000 1.000000 1.000000
v 9.759251 5.765815 0.861497 1.000000 1.000000 1.000000 1.000000
v 8.674890 5.765814 0.861657 1.000000 1.000000 1.000000 1.000000
v 9.759251 5.765815 0.574331 1.000000 1.000000 1.000000 1.000000
v 8.674890 5.765814 0.287219 1.000000 1.000000 1.000000 1.000000
v 9.759251 5.765815 0.287165 1.000000 1.000000 1.000000 1.000000
v 8.674890 5.765814 -0.000001 1.000000 1.000000 1.000000 1.000000
v 9.759251 5.765815 -0.000001 1.000000 1.000000 1.000000 1.000000
v 9.759251 5.765815 -0.287167 1.000000 1.000000 1.000000 1.000000
v 8.674890 5.765814 -0.287220 1.000000 1.000000 1.000000 1.000000
v 9.759251 5.765815 -0.574332 1.000000 1.000000 1.000000 1.000000
v 8.674890 5.765814 -0.574439 1.000000 1.000000 1.000000 1.000000
v 9.759251 5.765815 -0.861498 1.000000 1.000000 1.000000 1.000000
v 8.674890 5.765814 -0.861659 1.000000 1.000000 1.000000 1.000000
v 0.000000 5.492623 -1.632540 1.000000 1.000000 1.000000 1.000000
v 1.084361 5.765813 -0.862781 1.000000 1.000000 1.000000 1.000000
v 0.000000 5.765812 -0.862942 1.000000 1.000000 1.000000 1.000000
v 1.140831 5.492761 -1.632033 1.000000 1.000000 1.000000 1.000000
v 2.168722 5.765814 -0.862621 1.000000 1.000000 1.000000 1.000000
v 0.000000 5.472447 -1.661776 1.000000 1.000000 1.000000 1.000000
v 2.281662 5.492898 -1.631526 1.000000 1.000000 1.000000 1.000000
v 3.253083 5.765814 -0.862460 1.000000 1.000000 1.000000 1.000000
v 1.141737 5.472607 -1.661498 1.000000 1.000000 1.000000 1.000000
v 0.000000 5.442736 -1.681245 1.000000 1.000000 1.000000 1.000000
v 3.422493 5.493037 -1.631019 1.000000 1.000000 1.000000 1.000000
v 4.337445 5.765814 -0.862300 1.000000 1.000000 1.000000 1.000000
v 2.283475 5.472767 -1.661220 1.000000 1.000000 1.000000 1.000000
v 1.142453 5.442778 -1.681171 1.000000 1.000000 1.000000 1.000000
v 0.000000 5.407876 -1.688070 1.000000 1.000000 1.000000 1.000000
v 4.563323 5.493175 -1.630512 1.000000 1.000000 1.000000 1.000000
v 5.421806 5.765814 -0.862140 1.000000 1.000000 1.000000 1.000000
v 1.142880 5.407743 -1.688070 1.000000 1.000000 1.000000 1.000000
v 0.000000 5.271826 -1.688070 1.000000 1.000000 1.000000 1.000000
v 2.284905 5.442821 -1.681097 1.000000 1.000000 1.000000 1.000000
v 3.425212 5.472928 -1.660942 1.000000 1.000000 1.000000 1.000000
v 2.285760 5.407609 -1.688069 1.000000 1.000000 1.000000 1.000000
v 3.427358 5.442863 -1.681023 1.000000 1.000000 1.000000 1.000000
v 4.566950 5.473088 -1.660663 1.000000 1.000000 1.000000 1.000000
v 5.704154 5.493312 -1.630004 1.000000 1.000000 1.000000 1.000000
v 6.506167 5.765814 -0.861979 1.000000 1.000000 1.000000 1.000000
v 4.569811 5.442905 -1.680949 1.000000 1.000000 1.000000 1.000000
v 6.844985 5.493450 -1.629497 1.000000 1.000000 1.000000 1.000000
v 7.590528 5.765814 -0.861819 1.000000 1.000000 1.000000 1.000000
v 5.708687 5.473248 -1.660385 1.000000 1.000000 1.000000 1.000000
v 7.985815 5.493588 -1.628990 1.000000 1.000000 1.000000 1.000000
v 8.674890 5.765814 -0.861659 1.000000 1.000000 1.000000 1.000000
v 6.850425 5.473408 -1.660107 1.000000 1.000000 1.000000 1.000000
v 9.126646 5.493726 -1.628482 1.000000 1.000000 1.000000 1.000000
v 9.759251 5.765815 -0.861498 1.000000 1.000000 1.000000 1.000000
v 7.992162 5.473568 -1.659829 1.000000 1.000000 1.000000 1.000000
v 5.712264 5.442947 -1.680875 1.000000 1.000000 1.000000 1.000000
v 6.854717 5.442990 -1.680801 1.000000 1.000000 1.000000 1.000000
v 10.267477 5.493864 -1.627975 1.000000 1.000000 1.000000 1.000000
v 10.843612 5.765815 -0.861338 1.000000 1.000000 1.000000 1.000000
v 9.133900 5.473729 -1.659551 1.000000 1.000000 1.000000 1.000000
v 11.408308 5.494002 -1.627468 1.000000 1.000000 1.000000 1.000000
v 11.927974 5.765815 -0.861178 1.000000 1.000000 1.000000 1.000000
v 10.275637 5.473888 -1.659273 1.000000 1.000000 1.000000 1.000000
v 7.997169 5.443033 -1.680727 1.000000 1.000000 1.000000 1.000000
v 9.139622 5.443076 -1.680653 1.000000 1.000000 1.000000 1.000000
v 12.549139 5.494140 -1.626961 1.000000 1.000000 1.000000 1.000000
v 11.974127 5.765815 -0.846174 1.000000 1.000000 1.000000 1.000000
v 11.417376 5.474049 -1.658994 1.000000 1.000000 1.000000 1.000000
v 10.282074 5.443118 -1.680579 1.000000 1.000000 1.000000 1.000000
v 12.590981 5.494145 -1.610236 1.000000 1.000000 1.000000 1.000000
v 12.559114 5.474209 -1.658716 1.000000 1.000000 1.000000 1.000000
v 11.424526 5.443161 -1.680505 1.000000 1.000000 1.000000 1.000000
v 12.621606 5.494149 -1.564575 1.000000 1.000000 1.000000 1.000000
v 12.007914 5.765815 -0.805197 1.000000 1.000000 1.000000 1.000000
v 12.606230 5.474216 -1.643769 1.000000 1.000000 1.000000 1.000000
v 12.632816 5.494151 -1.502209 1.000000 1.000000 1.000000 1.000000
v 12.020279 5.765815 -0.749224 1.000000 1.000000 1.000000 1.000000
v 12.640720 5.474221 -1.602952 1.000000 1.000000 1.000000 1.000000
v 12.653343 5.474223 -1.547201 1.000000 1.000000 1.000000 1.000000
v 12.632816 5.494151 -1.001473 1.000000 1.000000 1.000000 1.000000
v 12.020279 5.765815 -0.499483 1.000000 1.000000 1.000000 1.000000
v 12.653343 5.474223 -1.031467 1.000000 1.000000 1.000000 1.000000
v 12.632816 5.494151 -0.500737 1.000000 1.000000 1.000000 1.000000
v 12.020279 5.765815 -0.249742 1.000000 1.000000 1.000000 1.000000
v 12.653343 5.474223 -0.515734 1.000000 1.000000 1.000000 1.000000
v 12.632816 5.494151 -0.000001 1.000000 1.000000 1.000000 1.000000
v 12.020279 5.765815 -0.000001 1.000000 1.000000 1.000000 1.000000
v 12.020279 5.765815 0.249740 1.000000 1.000000 1.000000 1.000000
v 12.653343 5.474223 -0.000001 1.000000 1.000000 1.000000 1.000000
v 12.632816 5.494151 0.500736 1.000000 1.000000 1.000000 1.000000
v 12.020279 5.765815 0.499481 1.000000 1.000000 1.000000 1.000000
v 12.667384 5.443207 -0.000001 1.000000 1.000000 1.000000 1.000000
v 12.632816 5.494151 1.001472 1.000000 1.000000 1.000000 1.000000
v 12.020279 5.765815 0.749223 1.000000 1.000000 1.000000 1.000000
v 12.653343 5.474223 0.515733 1.000000 1.000000 1.000000 1.000000
v 12.632816 5.494151 1.502208 1.000000 1.000000 1.000000 1.000000
v 12.007914 5.765815 0.805196 1.000000 1.000000 1.000000 1.000000
v 12.653343 5.474223 1.031466 1.000000 1.000000 1.000000 1.000000
v 12.621606 5.494149 1.564574 1.000000 1.000000 1.000000 1.000000
v 11.974127 5.765815 0.846173 1.000000 1.000000 1.000000 1.000000
v 12.653343 5.474223 1.547200 1.000000 1.000000 1.000000 1.000000
v 12.667384 5.443207 0.526187 1.000000 1.000000 1.000000 1.000000
v 12.667384 5.443207 1.052374 1.000000 1.000000 1.000000 1.000000
v 12.640720 5.474221 1.602951 1.000000 1.000000 1.000000 1.000000
v 12.667384 5.443207 1.578561 1.000000 1.000000 1.000000 1.000000
v 12.590981 5.494145 1.610234 1.000000 1.000000 1.000000 1.000000
v 12.549139 5.494140 1.626959 1.000000 1.000000 1.000000 1.000000
v 11.927974 5.765815 0.861176 1.000000 1.000000 1.000000 1.000000
v 12.606230 5.474216 1.643767 1.000000 1.000000 1.000000 1.000000
v 11.408308 5.494002 1.627467 1.000000 1.000000 1.000000 1.000000
v 10.843612 5.765815 0.861337 1.000000 1.000000 1.000000 1.000000
v 12.559114 5.474209 1.658715 1.000000 1.000000 1.000000 1.000000
v 11.417376 5.474049 1.658993 1.000000 1.000000 1.000000 1.000000
v 10.267477 5.493864 1.627974 1.000000 1.000000 1.000000 1.000000
v 9.759251 5.765815 0.861497 1.000000 1.000000 1.000000 1.000000
v 10.275637 5.473888 1.659271 1.000000 1.000000 1.000000 1.000000
v 9.126646 5.493726 1.628481 1.000000 1.000000 1.000000 1.000000
v 8.674890 5.765814 0.861657 1.000000 1.000000 1.000000 1.000000
v 9.133900 5.473729 1.659550 1.000000 1.000000 1.000000 1.000000
v 7.985815 5.493588 1.628989 1.000000 1.000000 1.000000 1.000000
v 7.590528 5.765814 0.861818 1.000000 1.000000 1.000000 1.000000
v 7.992162 5.473568 1.659828 1.000000 1.000000 1.000000 1.000000
v 6.844985 5.493450 1.629496 1.000000 1.000000 1.000000 1.000000
v 6.506167 5.765814 0.861978 1.000000 1.000000 1.000000 1.000000
v 6.850425 5.473408 1.660106 1.000000 1.000000 1.000000 1.000000
v 5.704154 5.493312 1.630003 1.000000 1.000000 1.000000 1.000000
v 5.421806 5.765814 0.862138 1.000000 1.000000 1.000000 1.000000
v 5.708687 5.473248 1.660384 1.000000 1.000000 1.000000 1.000000
v 4.563323 5.493175 1.630510 1.000000 1.000000 1.000000 1.000000
v 4.337445 5.765814 0.862299 1.000000 1.000000 1.000000 1.000000
v 4.566950 5.473088 1.660662 1.000000 1.000000 1.000000 1.000000
v 3.422493 5.493037 1.631017 1.000000 1.000000 1.000000 1.000000
v 3.253083 5.765814 0.862459 1.000000 1.000000 1.000000 1.000000
v 3.425212 5.472928 1.660941 1.000000 1.000000 1.000000 1.000000
v 2.281662 5.492898 1.631525 1.000000 1.000000 1.000000 1.000000
v 2.168722 5.765814 0.862619 1.000000 1.000000 1.000000 1.000000
v 2.283475 5.472767 1.661219 1.000000 1.000000 1.000000 1.000000
v 1.140831 5.492761 1.632032 1.000000 1.000000 1.000000 1.000000
v 1.084361 5.765813 0.862780 1.000000 1.000000 1.000000 1.000000
v 0.000000 5.492623 1.632539 1.000000 1.000000 1.000000 1.000000
v 0.000000 5.765812 0.862940 1.000000 1.000000 1.000000 1.000000
v 0.000000 5.472447 1.661775 1.000000 1.000000 1.000000 1.000000
v 1.141737 5.472607 1.661497 1.000000 1.000000 1.000000 1.000000
v 0.000000 5.442736 1.681244 1.000000 1.000000 1.000000 1.000000
v 1.142453 5.442778 1.681170 1.000000 1.000000 1.000000 1.000000
v 0.000000 5.407876 1.688069 1.000000 1.000000 1.000000 1.000000
v 2.284905 5.442821 1.681096 1.000000 1.000000 1.000000 1.000000
v 1.142880 5.407743 1.688069 1.000000 1.000000 1.000000 1.000000
v 0.000000 5.271826 1.688069 1.000000 1.000000 1.000000 1.000000
v 3.427358 5.442863 1.681022 1.000000 1.000000 1.000000 1.000000
v 2.285760 5.407609 1.688068 1.000000 1.000000 1.000000 1.000000
v 1.142886 5.271829 1.688069 1.000000 1.000000 1.000000 1.000000
v 4.569811 5.442905 1.680948 1.000000 1.000000 1.000000 1.000000
v 3.428640 5.407475 1.688068 1.000000 1.000000 1.000000 1.000000
v 5.712264 5.442947 1.680874 1.000000 1.000000 1.000000 1.000000
v 4.571520 5.407341 1.688068 1.000000 1.000000 1.000000 1.000000
v 2.285772 5.271832 1.688068 1.000000 1.000000 1.000000 1.000000
v 6.854717 5.442990 1.680800 1.000000 1.000000 1.000000 1.000000
v 5.714400 5.407207 1.688067 1.000000 1.000000 1.000000 1.000000
v 3.428658 5.271835 1.688068 1.000000 1.000000 1.000000 1.000000
v 7.997169 5.443033 1.680726 1.000000 1.000000 1.000000 1.000000
v 6.857280 5.407074 1.688067 1.000000 1.000000 1.000000 1.000000
v 4.571544 5.271838 1.688068 1.000000 1.000000 1.000000 1.000000
v 9.139622 5.443076 1.680652 1.000000 1.000000 1.000000 1.000000
v 8.000159 5.406940 1.688067 1.000000 1.000000 1.000000 1.000000
v 5.714429 5.271842 1.688067 1.000000 1.000000 1.000000 1.000000
v 10.282074 5.443118 1.680578 1.000000 1.000000 1.000000 1.000000
v 9.143040 5.406806 1.688066 1.000000 1.000000 1.000000 1.000000
v 6.857316 5.271845 1.688067 1.000000 1.000000 1.000000 1.000000
v 11.424526 5.443161 1.680504 1.000000 1.000000 1.000000 1.000000
v 10.285920 5.406673 1.688066 1.000000 1.000000 1.000000 1.000000
v 8.000201 5.271849 1.688067 1.000000 1.000000 1.000000 1.000000
v 12.566979 5.443204 1.680430 1.000000 1.000000 1.000000 1.000000
v 11.428801 5.406539 1.688065 1.000000 1.000000 1.000000 1.000000
v 9.143087 5.271852 1.688066 1.000000 1.000000 1.000000 1.000000
v 10.285973 5.271855 1.688066 1.000000 1.000000 1.000000 1.000000
v 12.571682 5.406405 1.688065 1.000000 1.000000 1.000000 1.000000
v 9.138909 5.235578 1.680068 1.000000 1.000000 1.000000 1.000000
v 11.428859 5.271858 1.688065 1.000000 1.000000 1.000000 1.000000
v 10.281273 5.235438 1.680027 1.000000 1.000000 1.000000 1.000000
v 11.423637 5.235299 1.679986 1.000000 1.000000 1.000000 1.000000
v 7.996545 5.235718 1.680110 1.000000 1.000000 1.000000 1.000000
v 10.270220 5.205551 1.657342 1.000000 1.000000 1.000000 1.000000
v 6.854182 5.235858 1.680151 1.000000 1.000000 1.000000 1.000000
v 9.129085 5.205820 1.657502 1.000000 1.000000 1.000000 1.000000
v 7.987949 5.206088 1.657662 1.000000 1.000000 1.000000 1.000000
v 5.711818 5.235998 1.680192 1.000000 1.000000 1.000000 1.000000
v 6.846814 5.206357 1.657821 1.000000 1.000000 1.000000 1.000000
v 4.569455 5.236138 1.680233 1.000000 1.000000 1.000000 1.000000
v 5.705678 5.206625 1.657981 1.000000 1.000000 1.000000 1.000000
v 3.427091 5.236278 1.680274 1.000000 1.000000 1.000000 1.000000
v 4.564542 5.206894 1.658141 1.000000 1.000000 1.000000 1.000000
v 2.284727 5.236418 1.680315 1.000000 1.000000 1.000000 1.000000
v 3.423407 5.207162 1.658300 1.000000 1.000000 1.000000 1.000000
v 1.142364 5.236558 1.680356 1.000000 1.000000 1.000000 1.000000
v 0.000000 5.236698 1.680397 1.000000 1.000000 1.000000 1.000000
v 2.282271 5.207431 1.658460 1.000000 1.000000 1.000000 1.000000
v 1.141136 5.207699 1.658620 1.000000 1.000000 1.000000 1.000000
v 0.000000 5.207967 1.658779 1.000000 1.000000 1.000000 1.000000
v 3.418258 5.189857 1.626307 1.000000 1.000000 1.000000 1.000000
v 1.139419 5.190528 1.626870 1.000000 1.000000 1.000000 1.000000
v 0.000000 5.190865 1.627152 1.000000 1.000000 1.000000 1.000000
v 2.278839 5.190192 1.626588 1.000000 1.000000 1.000000 1.000000
v 1.098966 5.019382 1.032336 1.000000 1.000000 1.000000 1.000000
v 0.000000 5.019382 1.032336 1.000000 1.000000 1.000000 1.000000
v 2.197932 5.019382 1.032336 1.000000 1.000000 1.000000 1.000000
v 3.296899 5.019382 1.032336 1.000000 1.000000 1.000000 1.000000
v 4.395865 5.019382 1.032336 1.000000 1.000000 1.000000 1.000000
v 4.557678 5.189521 1.626025 1.000000 1.000000 1.000000 1.000000
v 5.494831 5.019382 1.032336 1.000000 1.000000 1.000000 1.000000
v 5.697097 5.189185 1.625743 1.000000 1.000000 1.000000 1.000000
v 6.593797 5.019383 1.032336 1.000000 1.000000 1.000000 1.000000
v 6.836516 5.188849 1.625461 1.000000 1.000000 1.000000 1.000000
v 7.692763 5.019383 1.032336 1.000000 1.000000 1.000000 1.000000
v 7.975936 5.188513 1.625179 1.000000 1.000000 1.000000 1.000000
v 8.791729 5.019383 1.032336 1.000000 1.000000 1.000000 1.000000
v 9.115355 5.188178 1.624898 1.000000 1.000000 1.000000 1.000000
v 9.890695 5.019384 1.032336 1.000000 1.000000 1.000000 1.000000
v 10.254775 5.187842 1.624616 1.000000 1.000000 1.000000 1.000000
v 10.989661 5.019384 1.032336 1.000000 1.000000 1.000000 1.000000
v 11.394196 5.187506 1.624334 1.000000 1.000000 1.000000 1.000000
v 12.088628 5.019384 1.032336 1.000000 1.000000 1.000000 1.000000
v 11.411356 5.205283 1.657183 1.000000 1.000000 1.000000 1.000000
v 12.533615 5.187170 1.624053 1.000000 1.000000 1.000000 1.000000
v 12.140040 5.019384 1.019018 1.000000 1.000000 1.000000 1.000000
v 12.552492 5.205014 1.657023 1.000000 1.000000 1.000000 1.000000
v 12.579491 5.187156 1.608703 1.000000 1.000000 1.000000 1.000000
v 12.566002 5.235159 1.679945 1.000000 1.000000 1.000000 1.000000
v 12.601020 5.205002 1.642748 1.000000 1.000000 1.000000 1.000000
v 12.613071 5.187147 1.566790 1.000000 1.000000 1.000000 1.000000
v 12.177677 5.019384 0.982634 1.000000 1.000000 1.000000 1.000000
v 12.636544 5.204995 1.603762 1.000000 1.000000 1.000000 1.000000
v 12.625362 5.187143 1.509540 1.000000 1.000000 1.000000 1.000000
v 12.191452 5.019384 0.932932 1.000000 1.000000 1.000000 1.000000
v 12.649547 5.204991 1.550508 1.000000 1.000000 1.000000 1.000000
v 12.625362 5.187143 1.006360 1.000000 1.000000 1.000000 1.000000
v 12.191452 5.019384 0.621955 1.000000 1.000000 1.000000 1.000000
v 12.649547 5.204991 1.033672 1.000000 1.000000 1.000000 1.000000
v 12.625362 5.187143 0.503180 1.000000 1.000000 1.000000 1.000000
v 12.191452 5.019384 0.310977 1.000000 1.000000 1.000000 1.000000
v 12.649547 5.204991 0.516836 1.000000 1.000000 1.000000 1.000000
v 12.625362 5.187143 -0.000001 1.000000 1.000000 1.000000 1.000000
v 12.191452 5.019384 -0.000001 1.000000 1.000000 1.000000 1.000000
v 12.191452 5.019384 -0.310978 1.000000 1.000000 1.000000 1.000000
v 12.649547 5.204991 -0.000001 1.000000 1.000000 1.000000 1.000000
v 12.625362 5.187143 -0.503181 1.000000 1.000000 1.000000 1.000000
v 12.191452 5.019384 -0.621956 1.000000 1.000000 1.000000 1.000000
v 12.666365 5.235147 -0.000001 1.000000 1.000000 1.000000 1.000000
v 12.625362 5.187143 -1.006361 1.000000 1.000000 1.000000 1.000000
v 12.191452 5.019384 -0.932933 1.000000 1.000000 1.000000 1.000000
v 12.649547 5.204991 -0.516837 1.000000 1.000000 1.000000 1.000000
v 12.625362 5.187143 -1.509541 1.000000 1.000000 1.000000 1.000000
v 12.177677 5.019384 -0.982635 1.000000 1.000000 1.000000 1.000000
v 12.649547 5.204991 -1.033673 1.000000 1.000000 1.000000 1.000000
v 12.666365 5.235147 -0.526160 1.000000 1.000000 1.000000 1.000000
v 12.613071 5.187147 -1.566791 1.000000 1.000000 1.000000 1.000000
v 12.140040 5.019384 -1.019019 1.000000 1.000000 1.000000 1.000000
v 12.649547 5.204991 -1.550509 1.000000 1.000000 1.000000 1.000000
v 12.666365 5.235147 -1.052319 1.000000 1.000000 1.000000 1.000000
v 12.579491 5.187156 -1.608705 1.000000 1.000000 1.000000 1.000000
v 12.636544 5.204995 -1.603763 1.000000 1.000000 1.000000 1.000000
v 12.666365 5.235147 -1.578478 1.000000 1.000000 1.000000 1.000000
v 12.533615 5.187170 -1.624054 1.000000 1.000000 1.000000 1.000000
v 12.088628 5.019384 -1.032337 1.000000 1.000000 1.000000 1.000000
v 12.601020 5.205002 -1.642750 1.000000 1.000000 1.000000 1.000000
v 11.394196 5.187506 -1.624335 1.000000 1.000000 1.000000 1.000000
v 10.989661 5.019384 -1.032337 1.000000 1.000000 1.000000 1.000000
v 12.552492 5.205014 -1.657024 1.000000 1.000000 1.000000 1.000000
v 11.411356 5.205283 -1.657184 1.000000 1.000000 1.000000 1.000000
v 10.254775 5.187842 -1.624617 1.000000 1.000000 1.000000 1.000000
v 9.890695 5.019384 -1.032337 1.000000 1.000000 1.000000 1.000000
v 10.270220 5.205551 -1.657344 1.000000 1.000000 1.000000 1.000000
v 9.115355 5.188178 -1.624899 1.000000 1.000000 1.000000 1.000000
v 8.791729 5.019383 -1.032337 1.000000 1.000000 1.000000 1.000000
v 9.129085 5.205820 -1.657503 1.000000 1.000000 1.000000 1.000000
v 7.975936 5.188513 -1.625180 1.000000 1.000000 1.000000 1.000000
v 7.692763 5.019383 -1.032337 1.000000 1.000000 1.000000 1.000000
v 7.987949 5.206088 -1.657663 1.000000 1.000000 1.000000 1.000000
v 6.836516 5.188849 -1.625462 1.000000 1.000000 1.000000 1.000000
v 6.593797 5.019383 -1.032337 1.000000 1.000000 1.000000 1.000000
v 6.846814 5.206357 -1.657823 1.000000 1.000000 1.000000 1.000000
v 5.697097 5.189185 -1.625744 1.000000 1.000000 1.000000 1.000000
v 5.494831 5.019382 -1.032337 1.000000 1.000000 1.000000 1.000000
v 5.705678 5.206625 -1.657982 1.000000 1.000000 1.000000 1.000000
v 4.557678 5.189521 -1.626026 1.000000 1.000000 1.000000 1.000000
v 4.395865 5.019382 -1.032337 1.000000 1.000000 1.000000 1.000000
v 4.564542 5.206894 -1.658142 1.000000 1.000000 1.000000 1.000000
v 3.418258 5.189857 -1.626308 1.000000 1.000000 1.000000 1.000000
v 3.296899 5.019382 -1.032337 1.000000 1.000000 1.000000 1.000000
v 3.423407 5.207162 -1.658301 1.000000 1.000000 1.000000 1.000000
v 2.278839 5.190192 -1.626589 1.000000 1.000000 1.000000 1.000000
v 2.197932 5.019382 -1.032337 1.000000 1.000000 1.000000 1.000000
v 2.282271 5.207431 -1.658461 1.000000 1.000000 1.000000 1.000000
v 1.139419 5.190528 -1.626871 1.000000 1.000000 1.000000 1.000000
v 1.098966 5.019382 -1.032337 1.000000 1.000000 1.000000 1.000000
v 0.000000 5.190865 -1.627153 1.000000 1.000000 1.000000 1.000000
v 0.000000 5.019382 -1.032337 1.000000 1.000000 1.000000 1.000000
v 0.000000 5.207967 -1.658781 1.000000 1.000000 1.000000 1.000000
v 1.141136 5.207699 -1.658621 1.000000 1.000000 1.000000 1.000000
v 0.000000 5.236698 -1.680398 1.000000 1.000000 1.000000 1.000000
v 1.142364 5.236558 -1.680357 1.000000 1.000000 1.000000 1.000000
v 2.284727 5.236418 -1.680316 1.000000 1.000000 1.000000 1.000000
v 1.142886 5.271829 -1.688070 1.000000 1.000000 1.000000 1.000000
v 3.427091 5.236278 -1.680275 1.000000 1.000000 1.000000 1.000000
v 2.285772 5.271832 -1.688069 1.000000 1.000000 1.000000 1.000000
v 3.428640 5.407475 -1.688069 1.000000 1.000000 1.000000 1.000000
v 3.428658 5.271835 -1.688069 1.000000 1.000000 1.000000 1.000000
v 4.571520 5.407341 -1.688069 1.000000 1.000000 1.000000 1.000000
v 4.569455 5.236138 -1.680234 1.000000 1.000000 1.000000 1.000000
v 4.571544 5.271838 -1.688069 1.000000 1.000000 1.000000 1.000000
v 5.714400 5.407207 -1.688069 1.000000 1.000000 1.000000 1.000000
v 5.711818 5.235998 -1.680193 1.000000 1.000000 1.000000 1.000000
v 5.714429 5.271842 -1.688069 1.000000 1.000000 1.000000 1.000000
v 6.857280 5.407074 -1.688068 1.000000 1.000000 1.000000 1.000000
v 6.854182 5.235858 -1.680152 1.000000 1.000000 1.000000 1.000000
v 6.857316 5.271845 -1.688068 1.000000 1.000000 1.000000 1.000000
v 8.000159 5.406940 -1.688068 1.000000 1.000000 1.000000 1.000000
v 7.996545 5.235718 -1.680111 1.000000 1.000000 1.000000 1.000000
v 8.000201 5.271849 -1.688068 1.000000 1.000000 1.000000 1.000000
v 9.143040 5.406806 -1.688067 1.000000 1.000000 1.000000 1.000000
v 9.138909 5.235578 -1.680070 1.000000 1.000000 1.000000 1.000000
v 9.143087 5.271852 -1.688067 1.000000 1.000000 1.000000 1.000000
v 10.285920 5.406673 -1.688067 1.000000 1.000000 1.000000 1.000000
v 10.281273 5.235438 -1.680029 1.000000 1.000000 1.000000 1.000000
v 10.285973 5.271855 -1.688067 1.000000 1.000000 1.000000 1.000000
v 11.423637 5.235299 -1.679988 1.000000 1.000000 1.000000 1.000000
v 11.428801 5.406539 -1.688067 1.000000 1.000000 1.000000 1.000000
v 11.428859 5.271858 -1.688067 1.000000 1.000000 1.000000 1.000000
v 12.566002 5.235159 -1.679946 1.000000 1.000000 1.000000 1.000000
v 12.566979 5.443204 -1.680431 1.000000 1.000000 1.000000 1.000000
v 12.571682 5.406405 -1.688066 1.000000 1.000000 1.000000 1.000000
v 12.617183 5.443205 -1.666781 1.000000 1.000000 1.000000 1.000000
v 12.571745 5.271861 -1.688066 1.000000 1.000000 1.000000 1.000000
v 12.622002 5.406400 -1.674583 1.000000 1.000000 1.000000 1.000000
v 12.653933 5.443207 -1.629495 1.000000 1.000000 1.000000 1.000000
v 12.658839 5.406396 -1.637746 1.000000 1.000000 1.000000 1.000000
v 12.622033 5.271861 -1.674591 1.000000 1.000000 1.000000 1.000000
v 12.616184 5.235153 -1.666351 1.000000 1.000000 1.000000 1.000000
v 12.658848 5.271861 -1.637778 1.000000 1.000000 1.000000 1.000000
v 12.652919 5.235148 -1.629211 1.000000 1.000000 1.000000 1.000000
v 12.672321 5.271861 -1.587490 1.000000 1.000000 1.000000 1.000000
v 12.672321 5.271861 -1.058327 1.000000 1.000000 1.000000 1.000000
v 12.672321 5.406394 -1.587426 1.000000 1.000000 1.000000 1.000000
v 12.672321 5.271861 -0.529164 1.000000 1.000000 1.000000 1.000000
v 12.672321 5.406394 -1.058284 1.000000 1.000000 1.000000 1.000000
v 12.667384 5.443207 -1.578562 1.000000 1.000000 1.000000 1.000000
v 12.667384 5.443207 -1.052375 1.000000 1.000000 1.000000 1.000000
v 12.672321 5.406394 -0.529142 1.000000 1.000000 1.000000 1.000000
v 12.667384 5.443207 -0.526188 1.000000 1.000000 1.000000 1.000000
v 12.672321 5.406394 -0.000001 1.000000 1.000000 1.000000 1.000000
v 12.672321 5.271861 -0.000001 1.000000 1.000000 1.000000 1.000000
v 12.672321 5.406394 0.529141 1.000000 1.000000 1.000000 1.000000
v 12.666365 5.235147 0.526159 1.000000 1.000000 1.000000 1.000000
v 12.672321 5.271861 0.529162 1.000000 1.000000 1.000000 1.000000
v 12.672321 5.406394 1.058283 1.000000 1.000000 1.000000 1.000000
v 12.666365 5.235147 1.052318 1.000000 1.000000 1.000000 1.000000
v 12.672321 5.271861 1.058326 1.000000 1.000000 1.000000 1.000000
v 12.666365 5.235147 1.578477 1.000000 1.000000 1.000000 1.000000
v 12.672321 5.406394 1.587425 1.000000 1.000000 1.000000 1.000000
v 12.672321 5.271861 1.587488 1.000000 1.000000 1.000000 1.000000
v 12.652919 5.235148 1.629210 1.000000 1.000000 1.000000 1.000000
v 12.653933 5.443207 1.629494 1.000000 1.000000 1.000000 1.000000
v 12.616184 5.235153 1.666350 1.000000 1.000000 1.000000 1.000000
v 12.617183 5.443205 1.666780 1.000000 1.000000 1.000000 1.000000
v 12.658839 5.406396 1.637745 1.000000 1.000000 1.000000 1.000000
v 12.622002 5.406400 1.674582 1.000000 1.000000 1.000000 1.000000
v 12.658848 5.271861 1.637777 1.000000 1.000000 1.000000 1.000000
v 12.622033 5.271861 1.674590 1.000000 1.000000 1.000000 1.000000
v 12.571745 5.271861 1.688065 1.000000 1.000000 1.000000 1.000000
v 0.000000 5.765812 0.575293 1.000000 1.000000 1.000000 1.000000
v 1.084361 5.765813 0.862780 1.000000 1.000000 1.000000 1.000000
v 0.000000 5.765812 0.862940 1.000000 1.000000 1.000000 1.000000
v 1.084361 5.765813 0.575186 1.000000 1.000000 1.000000 1.000000
v 2.168722 5.765814 0.862619 1.000000 1.000000 1.000000 1.000000
v 0.000000 5.765812 0.287646 1.000000 1.000000 1.000000 1.000000
v 2.168722 5.765814 0.575079 1.000000 1.000000 1.000000 1.000000
v 1.084361 5.765813 0.287593 1.000000 1.000000 1.000000 1.000000
v 0.000000 5.765812 -0.000001 1.000000 1.000000 1.000000 1.000000
v 2.168722 5.765814 0.287539 1.000000 1.000000 1.000000 1.000000
v 1.084361 5.765813 -0.000001 1.000000 1.000000 1.000000 1.000000
v 2.168722 5.765814 -0.000001 1.000000 1.000000 1.000000 1.000000
v 2.168722 5.765814 -0.287541 1.000000 1.000000 1.000000 1.000000
v 1.084361 5.765813 -0.287594 1.000000 1.000000 1.000000 1.000000
v 0.000000 5.765812 -0.287648 1.000000 1.000000 1.000000 1.000000
v 2.168722 5.765814 -0.575081 1.000000 1.000000 1.000000 1.000000
v 1.084361 5.765813 -0.575188 1.000000 1.000000 1.000000 1.000000
v 2.168722 5.765814 -0.862621 1.000000 1.000000 1.000000 1.000000
v 0.000000 5.765812 -0.575295 1.000000 1.000000 1.000000 1.000000
v 1.084361 5.765813 -0.862781 1.000000 1.000000 1.000000 1.000000
v 0.000000 5.765812 -0.862942 1.000000 1.000000 1.000000 1.000000
vt 0.088440 0.947968
vt 0.092407 0.902222
vt 0.092407 0.947968
vt 0.088440 0.902222
vt 0.092407 0.868286
vt 0.084534 0.947968
vt 0.088440 0.868286
vt 0.092407 0.834961
vt 0.084534 0.902222
vt 0.080750 0.947968
vt 0.088440 0.834961
vt 0.092407 0.802856
vt 0.080750 0.902222
vt 0.076965 0.947968
vt 0.084534 0.868286
vt 0.076965 0.902222
vt 0.073242 0.947968
vt 0.080750 0.868286
vt 0.084534 0.834961
vt 0.073242 0.902222
vt 0.069458 0.947968
vt 0.088440 0.802856
vt 0.092407 0.771973
vt 0.069458 0.902222
vt 0.065674 0.947968
vt 0.088440 0.771973
vt 0.092407 0.742676
vt 0.065674 0.902222
vt 0.061859 0.947968
vt 0.088440 0.742676
vt 0.092407 0.715332
vt 0.061859 0.902222
vt 0.057983 0.947968
vt 0.088440 0.715332
vt 0.092407 0.690430
vt 0.057983 0.902222
vt 0.054108 0.947968
vt 0.088440 0.690430
vt 0.092407 0.667725
vt 0.061859 0.868286
vt 0.088440 0.667725
vt 0.092407 0.646973
vt 0.065674 0.868286
vt 0.088440 0.646973
vt 0.092407 0.627197
vt 0.069458 0.868286
vt 0.088440 0.627197
vt 0.092407 0.607178
vt 0.073242 0.868286
vt 0.088440 0.607178
vt 0.092407 0.585938
vt 0.076965 0.868286
vt 0.088440 0.585938
vt 0.092407 0.561768
vt 0.076965 0.834961
vt 0.088440 0.561768
vt 0.092407 0.534180
vt 0.080750 0.834961
vt 0.088440 0.534180
vt 0.092407 0.501709
vt 0.080750 0.802856
vt 0.088440 0.501709
vt 0.092407 0.463379
vt 0.084534 0.802856
vt 0.088440 0.463379
vt 0.092407 0.418457
vt 0.084534 0.771973
vt 0.088440 0.418457
vt 0.092407 0.368652
vt 0.084534 0.742676
vt 0.080750 0.771973
vt 0.080750 0.742676
vt 0.084534 0.715332
vt 0.080750 0.715332
vt 0.084534 0.690430
vt 0.080750 0.690430
vt 0.084534 0.667725
vt 0.080750 0.667725
vt 0.084534 0.646973
vt 0.080750 0.646973
vt 0.084534 0.627197
vt 0.084534 0.607178
vt 0.080750 0.627197
vt 0.084534 0.585938
vt 0.080750 0.607178
vt 0.084534 0.561768
vt 0.080750 0.585938
vt 0.084534 0.534180
vt 0.080750 0.561768
vt 0.084534 0.501709
vt 0.080750 0.534180
vt 0.084534 0.463379
vt 0.080750 0.501709
vt 0.076965 0.534180
vt 0.076965 0.501709
vt 0.080750 0.463379
vt 0.076965 0.463379
vt 0.084534 0.418457
vt 0.088440 0.368652
vt 0.092407 0.313965
vt 0.080750 0.418457
vt 0.088440 0.313965
vt 0.092407 0.256348
vt 0.084534 0.368652
vt 0.088440 0.256348
vt 0.092407 0.196777
vt 0.084534 0.313965
vt 0.088440 0.196777
vt 0.092407 0.135254
vt 0.084534 0.256348
vt 0.080750 0.368652
vt 0.080750 0.313965
vt 0.088440 0.135254
vt 0.092407 0.074219
vt 0.084534 0.196777
vt 0.088440 0.074219
vt 0.092407 0.013672
vt 0.088440 0.013672
vt 0.084534 0.135254
vt 0.084534 0.074219
vt 0.084534 0.013672
vt 0.080750 0.196777
vt 0.080750 0.074219
vt 0.080750 0.013672
vt 0.076965 0.013672
vt 0.080750 0.135254
vt 0.076965 0.074219
vt 0.073242 0.013672
vt 0.076965 0.135254
vt 0.073242 0.074219
vt 0.069458 0.013672
vt 0.076965 0.196777
vt 0.069458 0.074219
vt 0.065674 0.013672
vt 0.073242 0.135254
vt 0.065674 0.074219
vt 0.061859 0.013672
vt 0.069458 0.135254
vt 0.073242 0.196777
vt 0.080750 0.256348
vt 0.076965 0.256348
vt 0.076965 0.313965
vt 0.073242 0.256348
vt 0.076965 0.368652
vt 0.073242 0.313965
vt 0.069458 0.196777
vt 0.076965 0.418457
vt 0.073242 0.368652
vt 0.073242 0.418457
vt 0.073242 0.463379
vt 0.069458 0.368652
vt 0.073242 0.501709
vt 0.069458 0.418457
vt 0.069458 0.463379
vt 0.073242 0.534180
vt 0.069458 0.501709
vt 0.065674 0.418457
vt 0.076965 0.561768
vt 0.076965 0.585938
vt 0.073242 0.561768
vt 0.076965 0.607178
vt 0.073242 0.585938
vt 0.069458 0.534180
vt 0.076965 0.627197
vt 0.073242 0.607178
vt 0.069458 0.561768
vt 0.076965 0.646973
vt 0.073242 0.627197
vt 0.069458 0.585938
vt 0.076965 0.667725
vt 0.073242 0.646973
vt 0.069458 0.607178
vt 0.076965 0.690430
vt 0.073242 0.667725
vt 0.069458 0.627197
vt 0.076965 0.715332
vt 0.073242 0.690430
vt 0.069458 0.646973
vt 0.076965 0.742676
vt 0.073242 0.715332
vt 0.069458 0.667725
vt 0.076965 0.771973
vt 0.073242 0.742676
vt 0.069458 0.690430
vt 0.076965 0.802856
vt 0.073242 0.771973
vt 0.073242 0.802856
vt 0.073242 0.834961
vt 0.069458 0.771973
vt 0.069458 0.834961
vt 0.069458 0.802856
vt 0.065674 0.834961
vt 0.065674 0.802856
vt 0.061859 0.834961
vt 0.061859 0.802856
vt 0.065674 0.771973
vt 0.061859 0.771973
vt 0.057983 0.802856
vt 0.057983 0.771973
vt 0.061859 0.742676
vt 0.057983 0.834961
vt 0.057983 0.742676
vt 0.057983 0.868286
vt 0.054108 0.902222
vt 0.054108 0.868286
vt 0.050232 0.902222
vt 0.050232 0.947968
vt 0.050232 0.868286
vt 0.054108 0.834961
vt 0.046356 0.902222
vt 0.046356 0.947968
vt 0.054108 0.802856
vt 0.050232 0.834961
vt 0.050232 0.802856
vt 0.054108 0.771973
vt 0.050232 0.771973
vt 0.046356 0.802856
vt 0.046356 0.771973
vt 0.046356 0.834961
vt 0.046356 0.868286
vt 0.042664 0.868286
vt 0.042664 0.834961
vt 0.042664 0.902222
vt 0.042664 0.947968
vt 0.038940 0.868286
vt 0.038940 0.902222
vt 0.038940 0.947968
vt 0.035217 0.902222
vt 0.035217 0.947968
vt 0.038940 0.834961
vt 0.031464 0.902222
vt 0.031464 0.947968
vt 0.035217 0.868286
vt 0.027603 0.902222
vt 0.027603 0.947968
vt 0.031464 0.868286
vt 0.035217 0.834961
vt 0.023666 0.902222
vt 0.023666 0.947968
vt 0.027603 0.868286
vt 0.031464 0.834961
vt 0.019669 0.902222
vt 0.019669 0.947968
vt 0.015671 0.902222
vt 0.015671 0.947968
vt 0.015671 0.868286
vt 0.019669 0.868286
vt 0.015671 0.834961
vt 0.023666 0.868286
vt 0.027603 0.834961
vt 0.023666 0.834961
vt 0.019669 0.834961
vt 0.015671 0.802856
vt 0.027603 0.802856
vt 0.019669 0.802856
vt 0.015671 0.771973
vt 0.023666 0.802856
vt 0.019669 0.771973
vt 0.015671 0.742676
vt 0.023666 0.771973
vt 0.019669 0.742676
vt 0.015671 0.715332
vt 0.023666 0.742676
vt 0.019669 0.715332
vt 0.015671 0.690430
vt 0.027603 0.771973
vt 0.019669 0.690430
vt 0.015671 0.667725
vt 0.023666 0.715332
vt 0.019669 0.667725
vt 0.015671 0.646973
vt 0.023666 0.690430
vt 0.019669 0.646973
vt 0.015671 0.627197
vt 0.023666 0.667725
vt 0.019669 0.627197
vt 0.015671 0.607178
vt 0.023666 0.646973
vt 0.019669 0.607178
vt 0.015671 0.585938
vt 0.023666 0.627197
vt 0.019669 0.585938
vt 0.015671 0.561768
vt 0.023666 0.607178
vt 0.027603 0.627197
vt 0.019669 0.561768
vt 0.027603 0.646973
vt 0.027603 0.607178
vt 0.027603 0.667725
vt 0.023666 0.585938
vt 0.027603 0.690430
vt 0.027603 0.585938
vt 0.027603 0.715332
vt 0.031464 0.667725
vt 0.027603 0.742676
vt 0.031464 0.690430
vt 0.031464 0.715332
vt 0.031464 0.742676
vt 0.031464 0.771973
vt 0.035217 0.715332
vt 0.031464 0.802856
vt 0.035217 0.742676
vt 0.035217 0.771973
vt 0.035217 0.802856
vt 0.038940 0.742676
vt 0.038940 0.802856
vt 0.038940 0.771973
vt 0.042664 0.802856
vt 0.042664 0.771973
vt 0.046356 0.742676
vt 0.042664 0.742676
vt 0.050232 0.742676
vt 0.046356 0.715332
vt 0.042664 0.715332
vt 0.054108 0.742676
vt 0.050232 0.715332
vt 0.046356 0.690430
vt 0.038940 0.715332
vt 0.042664 0.690430
vt 0.038940 0.690430
vt 0.035217 0.690430
vt 0.042664 0.667725
vt 0.035217 0.667725
vt 0.038940 0.667725
vt 0.046356 0.667725
vt 0.035217 0.646973
vt 0.050232 0.690430
vt 0.031464 0.646973
vt 0.054108 0.715332
vt 0.031464 0.627197
vt 0.057983 0.715332
vt 0.031464 0.607178
vt 0.035217 0.627197
vt 0.035217 0.607178
vt 0.031464 0.585938
vt 0.035217 0.585938
vt 0.038940 0.607178
vt 0.038940 0.585938
vt 0.035217 0.561768
vt 0.038940 0.627197
vt 0.031464 0.561768
vt 0.038940 0.646973
vt 0.027603 0.561768
vt 0.042664 0.646973
vt 0.042664 0.627197
vt 0.042664 0.607178
vt 0.046356 0.627197
vt 0.046356 0.646973
vt 0.042664 0.585938
vt 0.050232 0.667725
vt 0.050232 0.646973
vt 0.054108 0.690430
vt 0.054108 0.667725
vt 0.057983 0.690430
vt 0.057983 0.667725
vt 0.054108 0.646973
vt 0.057983 0.646973
vt 0.061859 0.667725
vt 0.061859 0.646973
vt 0.061859 0.690430
vt 0.061859 0.715332
vt 0.065674 0.690430
vt 0.065674 0.742676
vt 0.065674 0.715332
vt 0.069458 0.742676
vt 0.069458 0.715332
vt 0.065674 0.667725
vt 0.065674 0.646973
vt 0.061859 0.627197
vt 0.065674 0.627197
vt 0.057983 0.627197
vt 0.061859 0.607178
vt 0.065674 0.607178
vt 0.057983 0.607178
vt 0.065674 0.585938
vt 0.061859 0.585938
vt 0.065674 0.561768
vt 0.061859 0.561768
vt 0.057983 0.585938
vt 0.065674 0.534180
vt 0.061859 0.534180
vt 0.065674 0.501709
vt 0.061859 0.501709
vt 0.057983 0.561768
vt 0.057983 0.534180
vt 0.065674 0.463379
vt 0.061859 0.463379
vt 0.057983 0.501709
vt 0.061859 0.418457
vt 0.057983 0.463379
vt 0.054108 0.501709
vt 0.054108 0.463379
vt 0.057983 0.418457
vt 0.054108 0.534180
vt 0.061859 0.368652
vt 0.065674 0.368652
vt 0.061859 0.313965
vt 0.065674 0.313965
vt 0.069458 0.313965
vt 0.069458 0.256348
vt 0.065674 0.256348
vt 0.065674 0.196777
vt 0.061859 0.256348
vt 0.061859 0.196777
vt 0.065674 0.135254
vt 0.061859 0.135254
vt 0.061859 0.074219
vt 0.057983 0.196777
vt 0.057983 0.074219
vt 0.057983 0.013672
vt 0.054108 0.013672
vt 0.057983 0.135254
vt 0.054108 0.074219
vt 0.050232 0.013672
vt 0.054108 0.135254
vt 0.050232 0.074219
vt 0.046356 0.013672
vt 0.054108 0.196777
vt 0.046356 0.074219
vt 0.042664 0.013672
vt 0.050232 0.135254
vt 0.042664 0.074219
vt 0.046356 0.135254
vt 0.050232 0.196777
vt 0.057983 0.256348
vt 0.054108 0.256348
vt 0.057983 0.313965
vt 0.050232 0.256348
vt 0.057983 0.368652
vt 0.054108 0.313965
vt 0.054108 0.368652
vt 0.054108 0.418457
vt 0.050232 0.313965
vt 0.050232 0.368652
vt 0.050232 0.418457
vt 0.050232 0.463379
vt 0.046356 0.368652
vt 0.050232 0.501709
vt 0.046356 0.418457
vt 0.046356 0.463379
vt 0.050232 0.534180
vt 0.046356 0.501709
vt 0.042664 0.418457
vt 0.054108 0.561768
vt 0.042664 0.368652
vt 0.054108 0.585938
vt 0.050232 0.561768
vt 0.054108 0.607178
vt 0.050232 0.585938
vt 0.046356 0.534180
vt 0.046356 0.561768
vt 0.050232 0.607178
vt 0.054108 0.627197
vt 0.050232 0.627197
vt 0.046356 0.607178
vt 0.046356 0.585938
vt 0.042664 0.561768
vt 0.042664 0.534180
vt 0.038940 0.561768
vt 0.042664 0.501709
vt 0.038940 0.534180
vt 0.035217 0.534180
vt 0.038940 0.501709
vt 0.042664 0.463379
vt 0.038940 0.463379
vt 0.035217 0.501709
vt 0.031464 0.534180
vt 0.038940 0.418457
vt 0.035217 0.463379
vt 0.031464 0.501709
vt 0.027603 0.534180
vt 0.023666 0.561768
vt 0.027603 0.501709
vt 0.019669 0.534180
vt 0.015671 0.534180
vt 0.023666 0.534180
vt 0.019669 0.501709
vt 0.015671 0.501709
vt 0.023666 0.501709
vt 0.019669 0.463379
vt 0.015671 0.463379
vt 0.027603 0.463379
vt 0.019669 0.418457
vt 0.015671 0.418457
vt 0.023666 0.463379
vt 0.019669 0.368652
vt 0.015671 0.368652
vt 0.023666 0.418457
vt 0.027603 0.418457
vt 0.019669 0.313965
vt 0.015671 0.313965
vt 0.023666 0.368652
vt 0.027603 0.368652
vt 0.019669 0.256348
vt 0.015671 0.256348
vt 0.023666 0.313965
vt 0.027603 0.313965
vt 0.019669 0.196777
vt 0.015671 0.196777
vt 0.023666 0.256348
vt 0.027603 0.256348
vt 0.019669 0.135254
vt 0.015671 0.135254
vt 0.023666 0.196777
vt 0.027603 0.196777
vt 0.019669 0.074219
vt 0.015671 0.074219
vt 0.023666 0.135254
vt 0.019669 0.013672
vt 0.015671 0.013672
vt 0.023666 0.074219
vt 0.023666 0.013672
vt 0.027603 0.013672
vt 0.027603 0.074219
vt 0.031464 0.013672
vt 0.027603 0.135254
vt 0.031464 0.074219
vt 0.035217 0.013672
vt 0.031464 0.135254
vt 0.035217 0.074219
vt 0.038940 0.013672
vt 0.031464 0.196777
vt 0.035217 0.135254
vt 0.038940 0.074219
vt 0.038940 0.135254
vt 0.035217 0.196777
vt 0.031464 0.256348
vt 0.042664 0.135254
vt 0.031464 0.313965
vt 0.035217 0.256348
vt 0.038940 0.196777
vt 0.031464 0.368652
vt 0.035217 0.313965
vt 0.038940 0.256348
vt 0.031464 0.418457
vt 0.035217 0.368652
vt 0.031464 0.463379
vt 0.035217 0.418457
vt 0.038940 0.368652
vt 0.038940 0.313965
vt 0.042664 0.313965
vt 0.042664 0.256348
vt 0.046356 0.313965
vt 0.046356 0.256348
vt 0.042664 0.196777
vt 0.046356 0.196777
vt 0.204712 0.907776
vt 0.200562 0.951233
vt 0.204712 0.951233
vt 0.200562 0.907776
vt 0.196533 0.951233
vt 0.204712 0.873047
vt 0.196533 0.907776
vt 0.192505 0.951233
vt 0.200562 0.873047
vt 0.204712 0.839478
vt 0.192505 0.907776
vt 0.188721 0.951233
vt 0.200562 0.839478
vt 0.204712 0.806885
vt 0.196533 0.873047
vt 0.200562 0.806885
vt 0.204712 0.775635
vt 0.196533 0.839478
vt 0.200562 0.775635
vt 0.204712 0.746094
vt 0.196533 0.806885
vt 0.200562 0.746094
vt 0.204712 0.718506
vt 0.196533 0.775635
vt 0.200562 0.718506
vt 0.204712 0.693115
vt 0.196533 0.746094
vt 0.200562 0.693115
vt 0.204712 0.670410
vt 0.196533 0.718506
vt 0.200562 0.670410
vt 0.204712 0.649658
vt 0.196533 0.693115
vt 0.200562 0.649658
vt 0.204712 0.629639
vt 0.196533 0.670410
vt 0.200562 0.629639
vt 0.204712 0.609375
vt 0.196533 0.649658
vt 0.200562 0.609375
vt 0.204712 0.587646
vt 0.196533 0.629639
vt 0.192505 0.649658
vt 0.200562 0.587646
vt 0.204712 0.563477
vt 0.196533 0.609375
vt 0.200562 0.563477
vt 0.204712 0.535400
vt 0.196533 0.587646
vt 0.192505 0.629639
vt 0.200562 0.535400
vt 0.204712 0.502686
vt 0.196533 0.563477
vt 0.192505 0.609375
vt 0.200562 0.502686
vt 0.204712 0.463867
vt 0.196533 0.535400
vt 0.192505 0.587646
vt 0.200562 0.463867
vt 0.204712 0.418457
vt 0.196533 0.502686
vt 0.192505 0.563477
vt 0.200562 0.418457
vt 0.204712 0.368164
vt 0.196533 0.463867
vt 0.192505 0.535400
vt 0.200562 0.368164
vt 0.204712 0.312988
vt 0.196533 0.418457
vt 0.192505 0.502686
vt 0.200562 0.312988
vt 0.204712 0.255371
vt 0.196533 0.368164
vt 0.192505 0.463867
vt 0.200562 0.255371
vt 0.204712 0.194824
vt 0.196533 0.312988
vt 0.192505 0.418457
vt 0.200562 0.194824
vt 0.204712 0.133301
vt 0.196533 0.255371
vt 0.192505 0.368164
vt 0.200562 0.133301
vt 0.204712 0.071289
vt 0.196533 0.194824
vt 0.192505 0.312988
vt 0.200562 0.071289
vt 0.204712 0.010254
vt 0.200562 0.010254
vt 0.196533 0.133301
vt 0.196533 0.071289
vt 0.196533 0.010254
vt 0.192505 0.194824
vt 0.192505 0.071289
vt 0.192505 0.010254
vt 0.188721 0.010254
vt 0.192505 0.133301
vt 0.188721 0.071289
vt 0.184937 0.010254
vt 0.188721 0.133301
vt 0.184937 0.071289
vt 0.181152 0.010254
vt 0.188721 0.194824
vt 0.181152 0.071289
vt 0.177002 0.010254
vt 0.184937 0.133301
vt 0.177002 0.071289
vt 0.172974 0.010254
vt 0.181152 0.133301
vt 0.184937 0.194824
vt 0.192505 0.255371
vt 0.188721 0.255371
vt 0.188721 0.312988
vt 0.184937 0.255371
vt 0.188721 0.368164
vt 0.184937 0.312988
vt 0.181152 0.194824
vt 0.181152 0.255371
vt 0.177002 0.133301
vt 0.177002 0.194824
vt 0.172974 0.071289
vt 0.172974 0.133301
vt 0.169312 0.071289
vt 0.169312 0.010254
vt 0.165649 0.010254
vt 0.169312 0.133301
vt 0.165649 0.071289
vt 0.161987 0.010254
vt 0.169312 0.194824
vt 0.161987 0.071289
vt 0.158325 0.010254
vt 0.165649 0.133301
vt 0.158325 0.071289
vt 0.154663 0.010254
vt 0.161987 0.133301
vt 0.165649 0.194824
vt 0.172974 0.194824
vt 0.169312 0.255371
vt 0.177002 0.255371
vt 0.172974 0.255371
vt 0.181152 0.312988
vt 0.177002 0.312988
vt 0.184937 0.368164
vt 0.181152 0.368164
vt 0.188721 0.418457
vt 0.184937 0.418457
vt 0.188721 0.463867
vt 0.181152 0.418457
vt 0.188721 0.502686
vt 0.184937 0.463867
vt 0.188721 0.535400
vt 0.184937 0.502686
vt 0.188721 0.563477
vt 0.184937 0.535400
vt 0.181152 0.463867
vt 0.181152 0.502686
vt 0.188721 0.587646
vt 0.184937 0.563477
vt 0.188721 0.609375
vt 0.184937 0.587646
vt 0.181152 0.535400
vt 0.181152 0.563477
vt 0.188721 0.629639
vt 0.184937 0.609375
vt 0.181152 0.587646
vt 0.188721 0.649658
vt 0.184937 0.629639
vt 0.181152 0.609375
vt 0.192505 0.670410
vt 0.184937 0.649658
vt 0.192505 0.693115
vt 0.188721 0.670410
vt 0.192505 0.718506
vt 0.188721 0.693115
vt 0.192505 0.746094
vt 0.188721 0.718506
vt 0.184937 0.670410
vt 0.192505 0.775635
vt 0.188721 0.746094
vt 0.192505 0.806885
vt 0.188721 0.775635
vt 0.192505 0.839478
vt 0.188721 0.806885
vt 0.192505 0.873047
vt 0.188721 0.839478
vt 0.188721 0.907776
vt 0.184937 0.951233
vt 0.188721 0.873047
vt 0.184937 0.907776
vt 0.184937 0.873047
vt 0.184937 0.839478
vt 0.181152 0.907776
vt 0.181152 0.951233
vt 0.181152 0.873047
vt 0.181152 0.839478
vt 0.184937 0.806885
vt 0.181152 0.806885
vt 0.184937 0.775635
vt 0.181152 0.775635
vt 0.184937 0.746094
vt 0.181152 0.746094
vt 0.184937 0.718506
vt 0.181152 0.718506
vt 0.184937 0.693115
vt 0.181152 0.693115
vt 0.181152 0.670410
vt 0.181152 0.649658
vt 0.177002 0.670410
vt 0.181152 0.629639
vt 0.177002 0.649658
vt 0.177002 0.629639
vt 0.177002 0.609375
vt 0.177002 0.587646
vt 0.172974 0.609375
vt 0.177002 0.563477
vt 0.172974 0.587646
vt 0.172974 0.563477
vt 0.177002 0.535400
vt 0.172974 0.535400
vt 0.177002 0.502686
vt 0.172974 0.502686
vt 0.177002 0.463867
vt 0.172974 0.463867
vt 0.177002 0.418457
vt 0.172974 0.418457
vt 0.177002 0.368164
vt 0.172974 0.368164
vt 0.172974 0.312988
vt 0.169312 0.418457
vt 0.169312 0.312988
vt 0.169312 0.368164
vt 0.165649 0.255371
vt 0.165649 0.312988
vt 0.165649 0.368164
vt 0.161987 0.194824
vt 0.161987 0.255371
vt 0.158325 0.133301
vt 0.158325 0.194824
vt 0.161987 0.312988
vt 0.154663 0.071289
vt 0.154663 0.133301
vt 0.158325 0.255371
vt 0.151001 0.071289
vt 0.151001 0.010254
vt 0.151001 0.133301
vt 0.154663 0.194824
vt 0.151001 0.194824
vt 0.147339 0.133301
vt 0.147339 0.071289
vt 0.147339 0.010254
vt 0.147339 0.194824
vt 0.143799 0.071289
vt 0.143799 0.010254
vt 0.143799 0.133301
vt 0.140015 0.071289
vt 0.140015 0.010254
vt 0.140015 0.133301
vt 0.143799 0.194824
vt 0.140015 0.194824
vt 0.136353 0.133301
vt 0.136353 0.071289
vt 0.136353 0.010254
vt 0.132568 0.010254
vt 0.128662 0.071289
vt 0.128662 0.010254
vt 0.132568 0.071289
vt 0.128662 0.133301
vt 0.132568 0.133301
vt 0.128662 0.194824
vt 0.136353 0.194824
vt 0.132568 0.194824
vt 0.128662 0.255371
vt 0.136353 0.255371
vt 0.132568 0.255371
vt 0.128662 0.312988
vt 0.140015 0.255371
vt 0.136353 0.312988
vt 0.132568 0.312988
vt 0.128662 0.368164
vt 0.143799 0.255371
vt 0.132568 0.368164
vt 0.128662 0.418457
vt 0.136353 0.368164
vt 0.140015 0.312988
vt 0.132568 0.418457
vt 0.128662 0.463867
vt 0.136353 0.418457
vt 0.140015 0.368164
vt 0.143799 0.312988
vt 0.147339 0.255371
vt 0.143799 0.368164
vt 0.151001 0.255371
vt 0.147339 0.312988
vt 0.154663 0.255371
vt 0.151001 0.312988
vt 0.147339 0.368164
vt 0.158325 0.312988
vt 0.154663 0.312988
vt 0.151001 0.368164
vt 0.161987 0.368164
vt 0.158325 0.368164
vt 0.165649 0.418457
vt 0.161987 0.418457
vt 0.154663 0.368164
vt 0.169312 0.463867
vt 0.165649 0.463867
vt 0.169312 0.502686
vt 0.161987 0.463867
vt 0.169312 0.535400
vt 0.165649 0.502686
vt 0.169312 0.563477
vt 0.165649 0.535400
vt 0.161987 0.502686
vt 0.158325 0.418457
vt 0.158325 0.463867
vt 0.154663 0.418457
vt 0.151001 0.418457
vt 0.154663 0.463867
vt 0.147339 0.418457
vt 0.151001 0.463867
vt 0.147339 0.463867
vt 0.143799 0.418457
vt 0.143799 0.463867
vt 0.140015 0.418457
vt 0.140015 0.463867
vt 0.136353 0.463867
vt 0.140015 0.502686
vt 0.132568 0.463867
vt 0.128662 0.502686
vt 0.136353 0.502686
vt 0.132568 0.502686
vt 0.128662 0.535400
vt 0.136353 0.535400
vt 0.132568 0.535400
vt 0.128662 0.563477
vt 0.140015 0.535400
vt 0.132568 0.563477
vt 0.136353 0.563477
vt 0.132568 0.587646
vt 0.128662 0.587646
vt 0.136353 0.587646
vt 0.140015 0.563477
vt 0.132568 0.609375
vt 0.128662 0.609375
vt 0.136353 0.609375
vt 0.140015 0.587646
vt 0.132568 0.629639
vt 0.128662 0.629639
vt 0.136353 0.629639
vt 0.140015 0.609375
vt 0.132568 0.649658
vt 0.128662 0.649658
vt 0.136353 0.649658
vt 0.140015 0.629639
vt 0.132568 0.670410
vt 0.128662 0.670410
vt 0.136353 0.670410
vt 0.140015 0.649658
vt 0.132568 0.693115
vt 0.128662 0.693115
vt 0.136353 0.693115
vt 0.140015 0.670410
vt 0.132568 0.718506
vt 0.128662 0.718506
vt 0.136353 0.718506
vt 0.132568 0.746094
vt 0.128662 0.746094
vt 0.136353 0.746094
vt 0.132568 0.775635
vt 0.128662 0.775635
vt 0.140015 0.693115
vt 0.132568 0.806885
vt 0.128662 0.806885
vt 0.136353 0.775635
vt 0.132568 0.839478
vt 0.128662 0.839478
vt 0.136353 0.806885
vt 0.140015 0.746094
vt 0.132568 0.873047
vt 0.128662 0.873047
vt 0.136353 0.839478
vt 0.140015 0.775635
vt 0.140015 0.806885
vt 0.136353 0.873047
vt 0.140015 0.839478
vt 0.143799 0.775635
vt 0.143799 0.806885
vt 0.140015 0.873047
vt 0.143799 0.746094
vt 0.143799 0.839478
vt 0.147339 0.775635
vt 0.147339 0.806885
vt 0.147339 0.746094
vt 0.143799 0.718506
vt 0.147339 0.718506
vt 0.151001 0.746094
vt 0.140015 0.718506
vt 0.143799 0.693115
vt 0.147339 0.693115
vt 0.143799 0.670410
vt 0.147339 0.670410
vt 0.143799 0.649658
vt 0.147339 0.649658
vt 0.143799 0.629639
vt 0.147339 0.629639
vt 0.143799 0.609375
vt 0.147339 0.609375
vt 0.143799 0.587646
vt 0.147339 0.587646
vt 0.143799 0.563477
vt 0.147339 0.563477
vt 0.143799 0.535400
vt 0.147339 0.535400
vt 0.143799 0.502686
vt 0.147339 0.502686
vt 0.151001 0.502686
vt 0.151001 0.535400
vt 0.154663 0.502686
vt 0.151001 0.563477
vt 0.154663 0.535400
vt 0.158325 0.502686
vt 0.158325 0.535400
vt 0.161987 0.535400
vt 0.165649 0.563477
vt 0.161987 0.563477
vt 0.158325 0.563477
vt 0.165649 0.587646
vt 0.169312 0.587646
vt 0.161987 0.587646
vt 0.165649 0.609375
vt 0.169312 0.609375
vt 0.161987 0.609375
vt 0.165649 0.629639
vt 0.169312 0.629639
vt 0.172974 0.629639
vt 0.165649 0.649658
vt 0.172974 0.649658
vt 0.169312 0.649658
vt 0.172974 0.670410
vt 0.169312 0.670410
vt 0.165649 0.670410
vt 0.161987 0.629639
vt 0.161987 0.649658
vt 0.165649 0.693115
vt 0.161987 0.670410
vt 0.169312 0.693115
vt 0.161987 0.693115
vt 0.165649 0.718506
vt 0.172974 0.693115
vt 0.169312 0.718506
vt 0.177002 0.693115
vt 0.177002 0.718506
vt 0.172974 0.718506
vt 0.177002 0.746094
vt 0.172974 0.746094
vt 0.177002 0.775635
vt 0.169312 0.746094
vt 0.172974 0.775635
vt 0.177002 0.806885
vt 0.177002 0.839478
vt 0.172974 0.806885
vt 0.177002 0.873047
vt 0.172974 0.839478
vt 0.169312 0.775635
vt 0.169312 0.806885
vt 0.177002 0.907776
vt 0.177002 0.951233
vt 0.172974 0.951233
vt 0.172974 0.873047
vt 0.172974 0.907776
vt 0.169312 0.951233
vt 0.169312 0.907776
vt 0.165649 0.951233
vt 0.169312 0.839478
vt 0.169312 0.873047
vt 0.165649 0.907776
vt 0.165649 0.873047
vt 0.165649 0.839478
vt 0.161987 0.907776
vt 0.161987 0.951233
vt 0.161987 0.873047
vt 0.158325 0.907776
vt 0.158325 0.951233
vt 0.158325 0.873047
vt 0.161987 0.839478
vt 0.158325 0.839478
vt 0.154663 0.873047
vt 0.154663 0.907776
vt 0.154663 0.951233
vt 0.154663 0.839478
vt 0.151001 0.907776
vt 0.151001 0.951233
vt 0.151001 0.873047
vt 0.147339 0.907776
vt 0.147339 0.951233
vt 0.143799 0.951233
vt 0.147339 0.873047
vt 0.143799 0.907776
vt 0.140015 0.907776
vt 0.140015 0.951233
vt 0.143799 0.873047
vt 0.151001 0.839478
vt 0.147339 0.839478
vt 0.136353 0.907776
vt 0.136353 0.951233
vt 0.132568 0.907776
vt 0.132568 0.951233
vt 0.128662 0.907776
vt 0.128662 0.951233
vt 0.151001 0.806885
vt 0.151001 0.775635
vt 0.154663 0.806885
vt 0.154663 0.775635
vt 0.154663 0.746094
vt 0.158325 0.806885
vt 0.158325 0.775635
vt 0.161987 0.806885
vt 0.158325 0.746094
vt 0.161987 0.775635
vt 0.165649 0.806885
vt 0.165649 0.775635
vt 0.161987 0.746094
vt 0.165649 0.746094
vt 0.161987 0.718506
vt 0.158325 0.718506
vt 0.158325 0.693115
vt 0.154663 0.718506
vt 0.158325 0.670410
vt 0.154663 0.693115
vt 0.151001 0.718506
vt 0.151001 0.693115
vt 0.154663 0.670410
vt 0.151001 0.670410
vt 0.158325 0.649658
vt 0.154663 0.649658
vt 0.151001 0.649658
vt 0.158325 0.629639
vt 0.154663 0.629639
vt 0.151001 0.629639
vt 0.154663 0.609375
vt 0.158325 0.609375
vt 0.151001 0.609375
vt 0.154663 0.587646
vt 0.158325 0.587646
vt 0.151001 0.587646
vt 0.154663 0.563477
vt 0.298584 0.221191
vt 0.284668 0.216797
vt 0.286621 0.212891
vt 0.272461 0.208008
vt 0.295410 0.224609
vt 0.307129 0.233398
vt 0.271729 0.212402
vt 0.257812 0.208008
vt 0.282715 0.220215
vt 0.303223 0.235352
vt 0.311768 0.247559
vt 0.258301 0.212402
vt 0.243652 0.212891
vt 0.271240 0.216309
vt 0.245728 0.216797
vt 0.292725 0.227051
vt 0.281006 0.223633
vt 0.259033 0.216309
vt 0.270752 0.220215
vt 0.290039 0.229980
vt 0.279541 0.226562
vt 0.259521 0.220215
vt 0.299805 0.237305
vt 0.270020 0.223633
vt 0.307373 0.248047
vt 0.247437 0.220215
vt 0.307373 0.261719
vt 0.311768 0.262207
vt 0.303467 0.248535
vt 0.303223 0.274414
vt 0.307129 0.276367
vt 0.303467 0.260742
vt 0.299805 0.272461
vt 0.295410 0.285156
vt 0.298584 0.288086
vt 0.292480 0.282227
vt 0.284668 0.292969
vt 0.286621 0.296875
vt 0.272461 0.301270
vt 0.282715 0.289551
vt 0.271729 0.297363
vt 0.257812 0.301270
vt 0.281006 0.286133
vt 0.258301 0.297363
vt 0.243652 0.296875
vt 0.271240 0.293457
vt 0.245605 0.292969
vt 0.259033 0.293457
vt 0.270508 0.289551
vt 0.290039 0.279785
vt 0.279297 0.283203
vt 0.296387 0.270996
vt 0.287354 0.277344
vt 0.299805 0.260254
vt 0.293213 0.269043
vt 0.277588 0.279785
vt 0.299805 0.249512
vt 0.284912 0.274902
vt 0.296143 0.259766
vt 0.290039 0.267578
vt 0.296387 0.238770
vt 0.296387 0.250000
vt 0.287354 0.232422
vt 0.293213 0.240723
vt 0.277832 0.229980
vt 0.284912 0.234863
vt 0.290039 0.242188
vt 0.292725 0.259277
vt 0.292725 0.250488
vt 0.282471 0.237793
vt 0.286865 0.243652
vt 0.276367 0.232910
vt 0.269531 0.227051
vt 0.274658 0.236328
vt 0.260254 0.223633
vt 0.269043 0.230469
vt 0.260742 0.227051
vt 0.249268 0.223633
vt 0.250732 0.226562
vt 0.261475 0.230469
vt 0.240356 0.229980
vt 0.252441 0.229980
vt 0.242920 0.232422
vt 0.245483 0.234863
vt 0.237671 0.227051
vt 0.237061 0.240234
vt 0.234863 0.224609
vt 0.231812 0.221191
vt 0.233765 0.238770
vt 0.230469 0.237305
vt 0.226929 0.235352
vt 0.223022 0.233398
vt 0.230347 0.249023
vt 0.222778 0.248047
vt 0.218506 0.247559
vt 0.226685 0.248535
vt 0.222778 0.261719
vt 0.218506 0.262207
vt 0.223022 0.276367
vt 0.226685 0.260742
vt 0.226929 0.274414
vt 0.231812 0.288086
vt 0.230347 0.260254
vt 0.230469 0.272461
vt 0.234741 0.285156
vt 0.237549 0.282227
vt 0.233765 0.270508
vt 0.247437 0.289551
vt 0.240234 0.279785
vt 0.234009 0.259766
vt 0.259521 0.289551
vt 0.234009 0.250000
vt 0.236938 0.269043
vt 0.237427 0.259277
vt 0.237549 0.250488
vt 0.240234 0.242188
vt 0.240967 0.258301
vt 0.240967 0.250977
vt 0.243408 0.243652
vt 0.247925 0.237305
vt 0.246582 0.245117
vt 0.254150 0.232910
vt 0.250244 0.239746
vt 0.244507 0.251465
vt 0.261963 0.233887
vt 0.255615 0.236328
vt 0.268555 0.234375
vt 0.262451 0.237793
vt 0.257324 0.239258
vt 0.252930 0.242188
vt 0.258789 0.242188
vt 0.267822 0.237793
vt 0.249634 0.246582
vt 0.255371 0.244629
vt 0.247925 0.251953
vt 0.252686 0.248535
vt 0.257812 0.247559
vt 0.244507 0.257812
vt 0.251221 0.252441
vt 0.247925 0.257324
vt 0.255859 0.250000
vt 0.260498 0.245605
vt 0.260254 0.250000
vt 0.254883 0.252930
vt 0.262939 0.241211
vt 0.251221 0.256836
vt 0.267334 0.241211
vt 0.263428 0.244629
vt 0.261963 0.248535
vt 0.273193 0.239258
vt 0.266846 0.244629
vt 0.271484 0.242676
vt 0.264160 0.248047
vt 0.270020 0.245605
vt 0.263428 0.251465
vt 0.266357 0.248047
vt 0.264648 0.251465
vt 0.262695 0.252441
vt 0.265625 0.251465
vt 0.258789 0.251465
vt 0.261963 0.253418
vt 0.258301 0.253418
vt 0.254639 0.256348
vt 0.261719 0.254395
vt 0.258301 0.255859
vt 0.265137 0.254883
vt 0.261719 0.255371
vt 0.261963 0.256348
vt 0.258789 0.257812
vt 0.262695 0.257324
vt 0.255615 0.259277
vt 0.260010 0.259766
vt 0.252686 0.261230
vt 0.257568 0.262207
vt 0.249512 0.262695
vt 0.255127 0.264648
vt 0.260254 0.264160
vt 0.246460 0.264160
vt 0.252686 0.267090
vt 0.258545 0.267090
vt 0.261963 0.261230
vt 0.262695 0.268555
vt 0.263428 0.257812
vt 0.263428 0.265137
vt 0.263916 0.261719
vt 0.264404 0.258301
vt 0.266602 0.265137
vt 0.266113 0.261719
vt 0.265625 0.258301
vt 0.267090 0.268555
vt 0.269775 0.264160
vt 0.268066 0.261230
vt 0.266602 0.257812
vt 0.267578 0.257324
vt 0.270020 0.259766
vt 0.268066 0.256348
vt 0.272461 0.262207
vt 0.271240 0.257812
vt 0.271240 0.267090
vt 0.268555 0.255371
vt 0.274414 0.259766
vt 0.271973 0.255859
vt 0.274902 0.264648
vt 0.268555 0.254395
vt 0.275391 0.256348
vt 0.271973 0.253906
vt 0.277344 0.261230
vt 0.272949 0.270508
vt 0.277344 0.267090
vt 0.267578 0.271973
vt 0.279785 0.269531
vt 0.262207 0.271973
vt 0.268311 0.275391
vt 0.257080 0.270508
vt 0.261719 0.275391
vt 0.255371 0.273438
vt 0.250244 0.269531
vt 0.253906 0.276367
vt 0.247803 0.271973
vt 0.243286 0.265625
vt 0.261230 0.278809
vt 0.252197 0.279785
vt 0.245239 0.274414
vt 0.240112 0.267578
vt 0.242798 0.276855
vt 0.250732 0.282715
vt 0.249146 0.286133
vt 0.260498 0.282227
vt 0.260010 0.286133
vt 0.270020 0.286133
vt 0.269287 0.282227
vt 0.276123 0.276855
vt 0.268799 0.278809
vt 0.282227 0.271973
vt 0.274414 0.273438
vt 0.286865 0.266113
vt 0.283691 0.264648
vt 0.289307 0.258789
vt 0.280518 0.262695
vt 0.285645 0.258301
vt 0.289307 0.250977
vt 0.282227 0.257812
vt 0.285889 0.251465
vt 0.283691 0.245605
vt 0.278809 0.257324
vt 0.282227 0.252441
vt 0.280762 0.247070
vt 0.278809 0.252930
vt 0.280029 0.240234
vt 0.277588 0.242676
vt 0.277588 0.248535
vt 0.274902 0.245117
vt 0.275391 0.253418
vt 0.274414 0.250000
vt 0.272461 0.247559
vt 0.271240 0.251465
vt 0.270020 0.250000
vt 0.268311 0.253418
vt 0.268311 0.248535
vt 0.267578 0.252441
vt 0.266602 0.251953
vt 0.242676 0.038574
vt 0.234375 0.042969
vt 0.239624 0.035645
vt 0.246948 0.030273
vt 0.238159 0.044922
vt 0.231567 0.051758
vt 0.248901 0.034180
vt 0.255615 0.027832
vt 0.235840 0.052246
vt 0.231567 0.060547
vt 0.256104 0.031738
vt 0.264648 0.027832
vt 0.245728 0.041504
vt 0.250732 0.038086
vt 0.263916 0.031738
vt 0.273193 0.030273
vt 0.256836 0.036133
vt 0.271240 0.034180
vt 0.263184 0.036133
vt 0.257568 0.040039
vt 0.277344 0.038574
vt 0.280518 0.035645
vt 0.269287 0.038086
vt 0.281982 0.044922
vt 0.285645 0.042969
vt 0.274414 0.041992
vt 0.278076 0.046875
vt 0.284180 0.052246
vt 0.288574 0.051758
vt 0.288574 0.060547
vt 0.262695 0.040039
vt 0.267334 0.041504
vt 0.261963 0.043945
vt 0.271484 0.044922
vt 0.265625 0.045410
vt 0.274414 0.048828
vt 0.268555 0.047363
vt 0.263672 0.048828
vt 0.280029 0.053223
vt 0.270752 0.050781
vt 0.276123 0.053711
vt 0.265625 0.050293
vt 0.261230 0.048340
vt 0.261963 0.052734
vt 0.267334 0.052734
vt 0.262939 0.053223
vt 0.271973 0.054199
vt 0.263672 0.054199
vt 0.268066 0.054688
vt 0.271973 0.058105
vt 0.263916 0.055664
vt 0.276123 0.058594
vt 0.268066 0.057617
vt 0.263916 0.056641
vt 0.260010 0.056152
vt 0.263672 0.058105
vt 0.267090 0.060059
vt 0.262939 0.059082
vt 0.270752 0.061523
vt 0.265625 0.062012
vt 0.261719 0.059570
vt 0.268555 0.064941
vt 0.263672 0.063477
vt 0.274414 0.063477
vt 0.280029 0.059570
vt 0.284180 0.060059
vt 0.285645 0.069336
vt 0.278076 0.065430
vt 0.281982 0.067383
vt 0.280518 0.076660
vt 0.277344 0.073730
vt 0.271484 0.067871
vt 0.274414 0.070801
vt 0.271240 0.078125
vt 0.273193 0.082031
vt 0.269287 0.074219
vt 0.263916 0.080566
vt 0.264648 0.084473
vt 0.255615 0.084473
vt 0.267334 0.070801
vt 0.256104 0.080566
vt 0.246948 0.082031
vt 0.263184 0.076172
vt 0.248901 0.078125
vt 0.256836 0.076172
vt 0.262451 0.072266
vt 0.265381 0.066895
vt 0.261963 0.068359
vt 0.257324 0.072266
vt 0.261230 0.063965
vt 0.258057 0.067871
vt 0.250732 0.074219
vt 0.252686 0.070801
vt 0.260742 0.060059
vt 0.258789 0.063965
vt 0.254395 0.066895
vt 0.259277 0.060059
vt 0.256348 0.063477
vt 0.251465 0.064453
vt 0.258057 0.059570
vt 0.254395 0.062012
vt 0.257080 0.059082
vt 0.256348 0.058105
vt 0.252930 0.059570
vt 0.248535 0.067383
vt 0.249268 0.061523
vt 0.245605 0.070312
vt 0.245605 0.063477
vt 0.248047 0.058105
vt 0.251953 0.057129
vt 0.256104 0.056641
vt 0.251953 0.054688
vt 0.248047 0.054199
vt 0.256104 0.055664
vt 0.252930 0.052246
vt 0.249268 0.050781
vt 0.256348 0.054199
vt 0.254395 0.050293
vt 0.257080 0.053223
vt 0.258301 0.052734
vt 0.251465 0.047363
vt 0.256348 0.048828
vt 0.259521 0.052246
vt 0.260742 0.052246
vt 0.258789 0.048340
vt 0.258057 0.043945
vt 0.254639 0.045410
vt 0.252686 0.041504
vt 0.248657 0.044434
vt 0.245605 0.048828
vt 0.241943 0.046875
vt 0.244019 0.053711
vt 0.244019 0.058594
vt 0.239990 0.052734
vt 0.239990 0.059082
vt 0.241943 0.065430
vt 0.235840 0.060059
vt 0.238159 0.067383
vt 0.234375 0.069336
vt 0.242676 0.073730
vt 0.239624 0.076660
vt 0.296631 0.400391
vt 0.308838 0.391113
vt 0.299805 0.403320
vt 0.287109 0.412598
vt 0.304932 0.389160
vt 0.313477 0.376465
vt 0.285400 0.408691
vt 0.272461 0.417480
vt 0.293945 0.397461
vt 0.309326 0.375488
vt 0.271973 0.413086
vt 0.257080 0.417480
vt 0.283447 0.405273
vt 0.301514 0.387207
vt 0.291504 0.395020
vt 0.271240 0.409180
vt 0.281982 0.401855
vt 0.298340 0.385742
vt 0.257812 0.413086
vt 0.305420 0.375000
vt 0.244507 0.408691
vt 0.242432 0.412598
vt 0.289062 0.392578
vt 0.233032 0.400391
vt 0.229980 0.403320
vt 0.246216 0.405273
vt 0.224731 0.389160
vt 0.220947 0.391113
vt 0.235840 0.397949
vt 0.228149 0.387207
vt 0.220337 0.375488
vt 0.216187 0.376465
vt 0.216187 0.360840
vt 0.224243 0.375000
vt 0.220337 0.361328
vt 0.220947 0.346191
vt 0.227783 0.374512
vt 0.224731 0.348145
vt 0.229980 0.333496
vt 0.224121 0.362305
vt 0.233032 0.336914
vt 0.228149 0.350098
vt 0.227783 0.362793
vt 0.231445 0.385742
vt 0.231201 0.374023
vt 0.238403 0.395020
vt 0.234497 0.384277
vt 0.231201 0.363281
vt 0.234619 0.373535
vt 0.240845 0.392578
vt 0.231323 0.351562
vt 0.247925 0.401855
vt 0.258301 0.409180
vt 0.270752 0.405762
vt 0.259033 0.405762
vt 0.280273 0.398926
vt 0.270264 0.402344
vt 0.249512 0.398926
vt 0.259521 0.402344
vt 0.278809 0.395996
vt 0.269775 0.398926
vt 0.286621 0.390137
vt 0.295166 0.383789
vt 0.284180 0.387695
vt 0.302002 0.374512
vt 0.292236 0.382324
vt 0.298584 0.374023
vt 0.305420 0.362305
vt 0.302002 0.362793
vt 0.295166 0.373047
vt 0.309326 0.361328
vt 0.313477 0.360840
vt 0.308838 0.346191
vt 0.304932 0.348145
vt 0.299805 0.333496
vt 0.301514 0.349609
vt 0.298340 0.351562
vt 0.293945 0.339355
vt 0.296631 0.336914
vt 0.285156 0.328613
vt 0.287109 0.324707
vt 0.283447 0.332031
vt 0.291260 0.341797
vt 0.271729 0.324219
vt 0.272461 0.319824
vt 0.257080 0.319824
vt 0.271240 0.328125
vt 0.257812 0.324219
vt 0.242432 0.324707
vt 0.270508 0.331543
vt 0.244385 0.328613
vt 0.258301 0.328125
vt 0.246094 0.332031
vt 0.258789 0.331543
vt 0.235718 0.339355
vt 0.247681 0.334961
vt 0.238281 0.342285
vt 0.234497 0.353027
vt 0.249268 0.338379
vt 0.234619 0.363770
vt 0.240723 0.344727
vt 0.237549 0.354980
vt 0.237915 0.373047
vt 0.237915 0.364258
vt 0.243164 0.347168
vt 0.237549 0.382812
vt 0.243286 0.390137
vt 0.240601 0.380859
vt 0.250977 0.395996
vt 0.245728 0.388184
vt 0.260010 0.398926
vt 0.252441 0.393066
vt 0.243652 0.379395
vt 0.248047 0.385742
vt 0.241333 0.372559
vt 0.250488 0.383301
vt 0.241211 0.364746
vt 0.246704 0.377930
vt 0.240479 0.356445
vt 0.244629 0.365723
vt 0.243530 0.357910
vt 0.245483 0.349609
vt 0.244629 0.372070
vt 0.246582 0.359375
vt 0.249756 0.376465
vt 0.247925 0.351562
vt 0.247925 0.366211
vt 0.249634 0.360840
vt 0.250244 0.354004
vt 0.248047 0.371582
vt 0.252441 0.362305
vt 0.251221 0.366699
vt 0.252686 0.375000
vt 0.251221 0.371094
vt 0.255615 0.364258
vt 0.254639 0.367188
vt 0.255615 0.373535
vt 0.254639 0.370117
vt 0.258545 0.365723
vt 0.258057 0.367676
vt 0.257568 0.361328
vt 0.255127 0.358887
vt 0.252686 0.356445
vt 0.258545 0.356445
vt 0.256836 0.353516
vt 0.255371 0.350586
vt 0.261963 0.351562
vt 0.253906 0.347168
vt 0.261475 0.348145
vt 0.252197 0.344238
vt 0.260986 0.345215
vt 0.250732 0.341309
vt 0.260498 0.341797
vt 0.260010 0.338379
vt 0.259277 0.334961
vt 0.269043 0.341797
vt 0.270020 0.334961
vt 0.269531 0.338379
vt 0.281738 0.334961
vt 0.280273 0.338379
vt 0.288818 0.344238
vt 0.278564 0.341309
vt 0.295166 0.353027
vt 0.286377 0.346680
vt 0.277100 0.344238
vt 0.298584 0.363281
vt 0.291992 0.354492
vt 0.283936 0.349121
vt 0.268311 0.345215
vt 0.275635 0.347168
vt 0.267822 0.348145
vt 0.281494 0.351562
vt 0.267334 0.351562
vt 0.273926 0.350098
vt 0.262451 0.354980
vt 0.289062 0.355957
vt 0.260010 0.359375
vt 0.295166 0.363770
vt 0.260010 0.363770
vt 0.291748 0.372559
vt 0.261719 0.367188
vt 0.291748 0.364258
vt 0.289062 0.380859
vt 0.286133 0.357422
vt 0.288330 0.372070
vt 0.279297 0.354004
vt 0.288330 0.364746
vt 0.282959 0.359375
vt 0.272461 0.353516
vt 0.276855 0.356445
vt 0.284912 0.365234
vt 0.280029 0.360840
vt 0.274414 0.358887
vt 0.270996 0.356445
vt 0.266846 0.354980
vt 0.271973 0.361328
vt 0.263184 0.358398
vt 0.269287 0.359375
vt 0.266357 0.358398
vt 0.261719 0.362305
vt 0.263672 0.361816
vt 0.262451 0.366211
vt 0.263184 0.365723
vt 0.264893 0.368652
vt 0.264160 0.365234
vt 0.265869 0.361816
vt 0.265381 0.365234
vt 0.267822 0.362305
vt 0.266357 0.365723
vt 0.269531 0.363770
vt 0.267090 0.366211
vt 0.267822 0.367188
vt 0.270752 0.365234
vt 0.273926 0.363770
vt 0.268066 0.368164
vt 0.276855 0.362305
vt 0.271484 0.367188
vt 0.281738 0.365723
vt 0.278320 0.366211
vt 0.274902 0.366699
vt 0.281738 0.371094
vt 0.278320 0.370605
vt 0.274902 0.370117
vt 0.285156 0.371582
vt 0.280029 0.375977
vt 0.283203 0.377930
vt 0.286133 0.379395
vt 0.279297 0.382812
vt 0.281738 0.385254
vt 0.277100 0.374512
vt 0.277344 0.392578
vt 0.275879 0.389648
vt 0.269287 0.395508
vt 0.260742 0.395508
vt 0.268799 0.392090
vt 0.254150 0.390137
vt 0.261230 0.392090
vt 0.255615 0.386719
vt 0.274170 0.386719
vt 0.268066 0.388672
vt 0.261719 0.388672
vt 0.267578 0.385254
vt 0.272705 0.383789
vt 0.262207 0.385254
vt 0.257080 0.383789
vt 0.262695 0.382324
vt 0.252930 0.380859
vt 0.258789 0.380859
vt 0.255127 0.378418
vt 0.260254 0.377930
vt 0.257568 0.375977
vt 0.263428 0.378906
vt 0.261719 0.374512
vt 0.260010 0.373535
vt 0.267090 0.381836
vt 0.263916 0.375488
vt 0.266602 0.378906
vt 0.271240 0.380859
vt 0.263184 0.371582
vt 0.265869 0.375488
vt 0.264404 0.372070
vt 0.262451 0.371094
vt 0.269531 0.377441
vt 0.265381 0.372070
vt 0.268066 0.374512
vt 0.266357 0.371582
vt 0.272217 0.375977
vt 0.269775 0.373535
vt 0.267334 0.371094
vt 0.267822 0.370117
vt 0.270996 0.371582
vt 0.268311 0.369141
vt 0.273926 0.373047
vt 0.274658 0.377930
vt 0.271484 0.369629
vt 0.277100 0.380371
vt 0.261475 0.368164
vt 0.261475 0.369141
vt 0.258057 0.369629
vt 0.261719 0.370117
vt 0.258789 0.371582
vt 0.249634 0.132812
vt 0.247681 0.128906
vt 0.255127 0.126465
vt 0.241333 0.133301
vt 0.255615 0.130859
vt 0.262939 0.126465
vt 0.244385 0.136719
vt 0.262207 0.130859
vt 0.240479 0.142090
vt 0.236694 0.139648
vt 0.247314 0.139648
vt 0.238525 0.147949
vt 0.234253 0.147461
vt 0.244263 0.143555
vt 0.238525 0.154297
vt 0.234253 0.155273
vt 0.236694 0.162598
vt 0.242676 0.148926
vt 0.240601 0.160645
vt 0.241333 0.168945
vt 0.242676 0.153809
vt 0.244385 0.166016
vt 0.247681 0.173828
vt 0.244263 0.158691
vt 0.247314 0.163086
vt 0.249634 0.169922
vt 0.255127 0.176270
vt 0.250244 0.160156
vt 0.255859 0.171875
vt 0.251465 0.166016
vt 0.262207 0.171875
vt 0.262939 0.176270
vt 0.256348 0.167480
vt 0.253418 0.162109
vt 0.261475 0.167480
vt 0.257080 0.163574
vt 0.268311 0.169922
vt 0.270264 0.173828
vt 0.276611 0.168945
vt 0.260986 0.163574
vt 0.266602 0.166016
vt 0.273682 0.166016
vt 0.257812 0.159180
vt 0.264648 0.162109
vt 0.255371 0.158691
vt 0.260254 0.159180
vt 0.258301 0.155273
vt 0.253174 0.157227
vt 0.257080 0.154785
vt 0.259521 0.155273
vt 0.248047 0.156738
vt 0.262695 0.158691
vt 0.246826 0.153320
vt 0.267822 0.160156
vt 0.246826 0.149414
vt 0.251709 0.154785
vt 0.248047 0.145508
vt 0.256104 0.154297
vt 0.250244 0.142578
vt 0.255371 0.153320
vt 0.251465 0.136719
vt 0.256348 0.134766
vt 0.253418 0.140137
vt 0.255127 0.144043
vt 0.257080 0.139160
vt 0.261475 0.134766
vt 0.253174 0.145508
vt 0.257568 0.143066
vt 0.251709 0.147461
vt 0.257080 0.147461
vt 0.256104 0.148438
vt 0.250977 0.149902
vt 0.255371 0.149414
vt 0.250977 0.152344
vt 0.254883 0.150879
vt 0.254883 0.151855
vt 0.259033 0.151367
vt 0.258301 0.146973
vt 0.260742 0.154785
vt 0.264893 0.157227
vt 0.261963 0.154297
vt 0.262695 0.153320
vt 0.266357 0.154785
vt 0.262939 0.151855
vt 0.270020 0.156738
vt 0.267090 0.152344
vt 0.262939 0.150391
vt 0.270752 0.163086
vt 0.273682 0.158691
vt 0.271240 0.153320
vt 0.277588 0.160645
vt 0.281250 0.162598
vt 0.275391 0.153809
vt 0.279541 0.154297
vt 0.283691 0.155273
vt 0.283691 0.147461
vt 0.279541 0.147949
vt 0.281250 0.139648
vt 0.275391 0.148438
vt 0.277588 0.141602
vt 0.276611 0.133301
vt 0.271240 0.149414
vt 0.273682 0.136719
vt 0.270264 0.128906
vt 0.273682 0.143555
vt 0.270020 0.145508
vt 0.270752 0.139648
vt 0.268311 0.132812
vt 0.266357 0.136719
vt 0.267822 0.142578
vt 0.264648 0.140137
vt 0.266357 0.147461
vt 0.264893 0.145508
vt 0.260986 0.139160
vt 0.262695 0.144043
vt 0.260254 0.143066
vt 0.259521 0.146973
vt 0.260742 0.147461
vt 0.261963 0.148438
vt 0.262695 0.149414
vt 0.267090 0.149902
vt -0.964355 1.418701
vt -0.943359 1.473877
vt -0.970215 1.420166
vt -0.937012 1.472656
vt -0.916016 1.527344
vt -0.802734 1.421143
vt -0.909668 1.526367
vt -0.888184 1.581543
vt -0.784668 1.474854
vt -0.642090 1.422607
vt -0.881836 1.580078
vt -0.860840 1.635254
vt -0.766602 1.528320
vt -0.632812 1.476074
vt -0.481689 1.422852
vt -0.854004 1.634277
vt -0.832031 1.693359
vt -0.748047 1.582031
vt -0.624023 1.529297
vt -0.826660 1.690918
vt -0.798340 1.758301
vt -0.729492 1.635254
vt -0.791504 1.757324
vt -0.764160 1.826172
vt -0.711426 1.691895
vt -0.614746 1.582520
vt -0.605469 1.636230
vt -0.757324 1.825195
vt -0.729980 1.894043
vt -0.687988 1.757812
vt -0.723633 1.893066
vt -0.701660 1.953125
vt -0.665039 1.825195
vt -0.596191 1.692383
vt -0.584473 1.757812
vt -0.695312 1.951660
vt -0.678223 2.012695
vt -0.642578 1.893066
vt -0.671875 2.011719
vt -0.659180 2.067383
vt -0.623535 1.951660
vt -0.573242 1.825195
vt -0.561523 1.892578
vt -0.652832 2.066406
vt -0.640137 2.122070
vt -0.607910 2.010742
vt -0.633789 2.121094
vt -0.621094 2.176758
vt -0.595215 2.065430
vt -0.551758 1.951172
vt -0.543945 2.010742
vt -0.614746 2.175781
vt -0.602051 2.231445
vt -0.595703 2.230469
vt -0.582520 2.120117
vt -0.569824 2.174805
vt -0.557129 2.230469
vt -0.537598 2.065430
vt -0.530762 2.120117
vt -0.524414 2.174805
vt -0.518066 2.229492
vt -0.479980 2.065430
vt -0.479492 2.174805
vt -0.479492 2.229492
vt -0.440674 2.229492
vt -0.479736 2.120117
vt -0.434570 2.174805
vt -0.401855 2.229492
vt -0.428467 2.120117
vt -0.389404 2.174805
vt -0.363037 2.229492
vt -0.422363 2.065430
vt -0.344238 2.174805
vt -0.356689 2.230469
vt -0.337891 2.175781
vt -0.377197 2.120117
vt -0.325684 2.120117
vt -0.319336 2.120117
vt -0.364746 2.065430
vt -0.307129 2.064453
vt -0.300781 2.065430
vt -0.416260 2.010742
vt -0.288574 2.009766
vt -0.282227 2.010742
vt -0.352295 2.009766
vt -0.265381 1.950195
vt -0.259033 1.951660
vt -0.337158 1.950684
vt -0.237671 1.891602
vt -0.231445 1.892578
vt -0.318604 1.892090
vt -0.408691 1.950684
vt -0.399658 1.892090
vt -0.296387 1.824219
vt -0.204224 1.823730
vt -0.197754 1.824707
vt -0.388672 1.824707
vt -0.170898 1.755859
vt -0.164062 1.756836
vt -0.274170 1.756836
vt -0.377686 1.757324
vt -0.136108 1.689453
vt -0.130493 1.692383
vt -0.250977 1.690430
vt -0.108887 1.632812
vt -0.102112 1.634277
vt -0.233032 1.634277
vt -0.366211 1.691406
vt -0.357178 1.635254
vt -0.214600 1.580566
vt -0.081116 1.579102
vt -0.074585 1.580566
vt -0.347900 1.582031
vt -0.053406 1.525879
vt -0.046997 1.526855
vt -0.196289 1.526855
vt -0.338867 1.528320
vt -0.025543 1.472168
vt -0.019333 1.473633
vt 0.002415 1.418701
vt 0.008430 1.420166
vt -0.159546 1.419922
vt -0.177856 1.473633
vt -0.321045 1.421631
vt -0.329834 1.475098
vt -0.481689 1.476318
vt -0.481445 1.529297
vt -0.481445 1.582520
vt -0.481201 1.635742
vt -0.481201 1.691895
vt -0.480957 1.757812
vt -0.480957 1.825195
vt -0.480713 1.892578
vt -0.480469 1.951172
vt -0.480225 2.010742
vt 0.031433 2.284180
vt -0.007164 2.330078
vt 0.025620 2.281250
vt -0.012840 2.327148
vt 0.018646 2.280273
vt -0.045959 2.376953
vt -0.019592 2.326172
vt -0.163208 2.280273
vt -0.051514 2.373047
vt -0.084839 2.422852
vt -0.198120 2.326172
vt -0.345215 2.280273
vt -0.058044 2.372070
vt -0.090271 2.418945
vt -0.123718 2.468750
vt -0.376709 2.326172
vt -0.527344 2.280273
vt -0.129028 2.464844
vt -0.165649 2.517578
vt -0.555176 2.325195
vt -0.709473 2.280273
vt -0.233154 2.372070
vt -0.408203 2.371094
vt -0.734375 2.325195
vt -0.892090 2.280273
vt -0.096558 2.417969
vt -0.268066 2.417969
vt -0.135132 2.463867
vt -0.170410 2.513672
vt -0.209839 2.575195
vt -0.303223 2.462891
vt -0.215210 2.572266
vt -0.255859 2.635742
vt -0.175293 2.509766
vt -0.261475 2.631836
vt -0.301758 2.695312
vt -0.221313 2.570312
vt -0.307617 2.692383
vt -0.337891 2.748047
vt -0.267822 2.630859
vt -0.339844 2.510742
vt -0.343750 2.745117
vt -0.367188 2.804688
vt -0.314209 2.691406
vt -0.373291 2.801758
vt -0.390625 2.857422
vt -0.350586 2.745117
vt -0.396729 2.855469
vt -0.413818 2.910156
vt -0.379883 2.801758
vt -0.419922 2.908203
vt -0.437256 2.962891
vt -0.403320 2.854492
vt -0.443359 2.960938
vt -0.460449 3.015625
vt -0.466553 3.013672
vt -0.426514 2.907227
vt -0.449951 2.959961
vt -0.473145 3.013672
vt -0.546875 2.854492
vt -0.589355 2.959961
vt -0.610352 3.013672
vt -0.567871 2.907227
vt -0.728516 2.959961
vt -0.747559 3.013672
vt -0.709473 2.907227
vt -0.868164 2.960938
vt -0.884766 3.013672
vt -0.851074 2.907227
vt -0.690430 2.854492
vt -0.833984 2.854492
vt -0.992676 2.908203
vt -1.006836 2.960938
vt -1.021484 3.013672
vt -0.978027 2.854492
vt -1.146484 2.960938
vt -1.159180 3.013672
vt -1.133789 2.908203
vt -1.286133 2.961914
vt -1.296875 3.013672
vt -1.275391 2.908203
vt -1.121094 2.855469
vt -1.265625 2.855469
vt -1.417969 2.908203
vt -1.425781 2.961914
vt -1.434570 3.013672
vt -1.409180 2.855469
vt -1.566406 2.961914
vt -1.572266 3.013672
vt -1.559570 2.908203
vt -1.706055 2.960938
vt -1.710938 3.013672
vt -1.701172 2.908203
vt -1.552734 2.855469
vt -1.697266 2.855469
vt -1.843750 2.907227
vt -1.845703 2.960938
vt -1.848633 3.013672
vt -1.986328 3.011719
vt -1.985352 2.958984
vt -1.985352 2.906250
vt -1.984375 2.853516
vt -1.840820 2.854492
vt -1.984375 2.800781
vt -1.837891 2.801758
vt -1.983398 2.743164
vt -1.692383 2.801758
vt -1.834961 2.744141
vt -1.983398 2.686523
vt -1.546875 2.802734
vt -1.686523 2.745117
vt -1.832031 2.687500
vt -1.983398 2.629883
vt -1.400391 2.802734
vt -1.538086 2.745117
vt -1.680664 2.688477
vt -1.827148 2.630859
vt -1.983398 2.573242
vt -1.528320 2.689453
vt -1.823242 2.573242
vt -1.983398 2.516602
vt -1.671875 2.630859
vt -1.819336 2.516602
vt -1.983398 2.459961
vt -1.663086 2.573242
vt -1.815430 2.459961
vt -1.983398 2.415039
vt -1.655273 2.515625
vt -1.515625 2.631836
vt -1.502930 2.573242
vt -1.647461 2.460938
vt -1.812500 2.415039
vt -1.983398 2.370117
vt -1.490234 2.515625
vt -1.808594 2.370117
vt -1.983398 2.326172
vt -1.640625 2.416016
vt -1.804688 2.326172
vt -1.983398 2.281250
vt -1.801758 2.281250
vt -1.633789 2.371094
vt -1.626953 2.326172
vt -1.620117 2.281250
vt -1.468750 2.416016
vt -1.448242 2.326172
vt -1.437500 2.281250
vt -1.458984 2.371094
vt -1.269531 2.326172
vt -1.255859 2.281250
vt -1.284180 2.371094
vt -1.297852 2.416992
vt -1.091797 2.326172
vt -1.074219 2.280273
vt -1.108398 2.371094
vt -1.125977 2.416992
vt -0.913086 2.326172
vt -0.934082 2.371094
vt -0.758789 2.371094
vt -0.954590 2.416992
vt -0.783203 2.416992
vt -0.583496 2.371094
vt -0.611328 2.416992
vt -0.439941 2.416992
vt -0.471436 2.462891
vt -0.639648 2.462891
vt -0.503906 2.510742
vt -0.807617 2.461914
vt -0.668457 2.511719
vt -0.381592 2.571289
vt -0.541504 2.571289
vt -0.423828 2.630859
vt -0.702148 2.571289
vt -0.466064 2.690430
vt -0.579590 2.630859
vt -0.499023 2.744141
vt -0.617676 2.690430
vt -0.525391 2.801758
vt -0.647461 2.744141
vt -0.671387 2.801758
vt -0.769531 2.690430
vt -0.817383 2.801758
vt -0.795898 2.744141
vt -0.962891 2.801758
vt -0.944336 2.745117
vt -0.921387 2.689453
vt -1.108398 2.801758
vt -1.092773 2.745117
vt -1.073242 2.689453
vt -1.254883 2.802734
vt -1.241211 2.745117
vt -1.389648 2.745117
vt -1.376953 2.689453
vt -1.224609 2.689453
vt -1.359375 2.631836
vt -1.204102 2.630859
vt -1.342773 2.573242
vt -1.047852 2.630859
vt -1.182617 2.573242
vt -1.326172 2.514648
vt -0.892090 2.630859
vt -1.022461 2.572266
vt -0.735840 2.630859
vt -0.862305 2.572266
vt -0.833008 2.512695
vt -0.997559 2.513672
vt -0.975586 2.461914
vt -1.143555 2.461914
vt -1.162109 2.514648
vt -1.311523 2.461914
vt -1.479492 2.461914
vt -3.007812 1.553711
vt -2.970703 1.601074
vt -3.013672 1.557129
vt -2.966797 1.597168
vt -2.929688 1.644531
vt -3.001953 1.552246
vt -2.925781 1.640625
vt -2.890625 1.687988
vt -2.958984 1.595703
vt -2.818359 1.541992
vt -2.884766 1.684082
vt -2.849609 1.731934
vt -2.917969 1.639160
vt -2.781250 1.586426
vt -2.632812 1.536621
vt -2.843750 1.728027
vt -2.806641 1.779297
vt -2.878906 1.682617
vt -2.744141 1.630859
vt -2.599609 1.582031
vt -2.449219 1.534668
vt -2.707031 1.675781
vt -2.419922 1.580566
vt -2.265625 1.534668
vt -2.568359 1.627441
vt -2.240234 1.580078
vt -2.082031 1.535156
vt -2.390625 1.625977
vt -2.060547 1.580566
vt -1.899414 1.536133
vt -2.214844 1.625488
vt -2.535156 1.672852
vt -2.363281 1.671387
vt -2.039062 1.625977
vt -1.881836 1.581543
vt -1.717773 1.537109
vt -2.191406 1.671387
vt -1.703125 1.582031
vt -1.536133 1.537598
vt -1.865234 1.626953
vt -1.525391 1.582520
vt -1.354492 1.537598
vt -1.689453 1.627441
vt -2.019531 1.671875
vt -1.347656 1.582520
vt -1.172852 1.537109
vt -1.514648 1.627930
vt -1.847656 1.672363
vt -1.168945 1.582031
vt -0.990723 1.537109
vt -0.990723 1.582031
vt -1.340820 1.627441
vt -1.166016 1.626953
vt -0.990723 1.626953
vt -1.504883 1.672852
vt -1.162109 1.671875
vt -0.990723 1.671387
vt -1.333008 1.672363
vt -1.158203 1.716797
vt -0.990723 1.716309
vt -1.326172 1.717285
vt -1.494141 1.717773
vt -1.155273 1.772461
vt -0.991211 1.772949
vt -1.319336 1.772461
vt -1.483398 1.771973
vt -1.151367 1.830078
vt -0.991211 1.829590
vt -1.310547 1.830078
vt -1.470703 1.830078
vt -1.146484 1.886719
vt -0.991211 1.886230
vt -1.302734 1.887695
vt -1.458008 1.887695
vt -1.142578 1.943848
vt -0.990723 1.942383
vt -1.293945 1.945312
vt -1.445312 1.945801
vt -1.138672 2.000000
vt -0.990723 1.999023
vt -1.287109 2.000977
vt -1.435547 2.001953
vt -1.135742 2.057617
vt -0.990234 2.055664
vt -1.281250 2.058594
vt -1.427734 2.058594
vt -1.132812 2.110352
vt -0.989746 2.108398
vt -1.277344 2.111328
vt -1.420898 2.112305
vt -1.129883 2.163086
vt -0.988770 2.161133
vt -1.272461 2.165039
vt -1.414062 2.165039
vt -1.126953 2.216797
vt -0.987793 2.213867
vt -1.124023 2.269531
vt -0.986328 2.266602
vt -1.262695 2.270508
vt -1.267578 2.217773
vt -1.401367 2.271484
vt -1.408203 2.218750
vt -1.540039 2.271484
vt -1.547852 2.217773
vt -1.677734 2.270508
vt -1.556641 2.165039
vt -1.688477 2.217773
vt -1.815430 2.269531
vt -1.565430 2.112305
vt -1.698242 2.164062
vt -1.828125 2.216797
vt -1.953125 2.269531
vt -1.573242 2.058594
vt -1.966797 2.215820
vt -2.089844 2.268555
vt -1.839844 2.164062
vt -1.708984 2.111328
vt -2.105469 2.215820
vt -2.226562 2.268555
vt -1.981445 2.163086
vt -1.852539 2.110352
vt -2.244141 2.214844
vt -2.363281 2.268555
vt -2.123047 2.162109
vt -2.384766 2.214844
vt -2.500000 2.268555
vt -2.263672 2.162109
vt -1.996094 2.109375
vt -2.523438 2.215820
vt -2.505859 2.269531
vt -2.404297 2.162109
vt -2.138672 2.109375
vt -2.283203 2.109375
vt -2.546875 2.162109
vt -2.529297 2.215820
vt -2.513672 2.271484
vt -2.535156 2.218750
vt -2.552734 2.163086
vt -2.558594 2.165039
vt -2.425781 2.109375
vt -2.570312 2.109375
vt -2.576172 2.110352
vt -2.582031 2.112305
vt -2.447266 2.056641
vt -2.599609 2.057617
vt -2.605469 2.060547
vt -2.593750 2.056641
vt -2.628906 2.001953
vt -2.634766 2.004883
vt -2.623047 2.000977
vt -2.474609 2.000000
vt -2.664062 1.948730
vt -2.669922 1.952148
vt -2.658203 1.947754
vt -2.507812 1.946289
vt -2.710938 1.890137
vt -2.716797 1.893555
vt -2.705078 1.888672
vt -2.548828 1.886719
vt -2.757812 1.831055
vt -2.761719 1.834961
vt -2.751953 1.830078
vt -2.591797 1.827148
vt -2.802734 1.775391
vt -2.796875 1.770996
vt -2.837891 1.726562
vt -2.671875 1.720703
vt -2.634766 1.767578
vt -2.503906 1.718262
vt -2.470703 1.766113
vt -2.333984 1.717285
vt -2.431641 1.826172
vt -2.304688 1.766602
vt -2.166016 1.716797
vt -2.394531 1.885742
vt -2.271484 1.826172
vt -2.140625 1.767090
vt -1.998047 1.717285
vt -2.111328 1.826660
vt -1.976562 1.768555
vt -1.830078 1.717773
vt -2.238281 1.885254
vt -1.951172 1.827637
vt -2.355469 1.945312
vt -2.082031 1.885742
vt -2.203125 1.944824
vt -2.326172 1.999512
vt -2.052734 1.944824
vt -2.302734 2.055664
vt -2.177734 1.999512
vt -2.156250 2.056641
vt -2.029297 2.000000
vt -2.009766 2.056641
vt -1.901367 1.945312
vt -1.865234 2.057617
vt -1.880859 2.000000
vt -1.719727 2.058594
vt -1.732422 2.000977
vt -1.583984 2.001953
vt -1.597656 1.945801
vt -1.749023 1.945801
vt -1.614258 1.887695
vt -1.770508 1.887207
vt -1.630859 1.829590
vt -1.926758 1.886230
vt -1.791016 1.828613
vt -1.647461 1.770996
vt -1.812500 1.770020
vt -1.662109 1.717773
vt -1.675781 1.672852
vt -2.861328 -1.000000
vt -2.669922 -0.613281
vt -2.861328 -0.818359
vt -2.669922 -0.500977
vt -2.861328 -0.635742
vt -2.669922 -0.388672
vt -2.861328 -0.454102
vt -2.669922 -0.276367
vt -2.861328 -0.271484
vt -2.669922 -0.164062
vt -2.861328 -0.089844
vt -2.669922 -0.051758
vt -2.861328 0.092285
vt -2.669922 0.060059
vt -2.669922 0.172363
vt -2.861328 0.274414
vt -2.669922 0.284668
vt -2.861328 0.456543
vt -2.669922 0.396973
vt -2.861328 0.638428
vt -2.669922 0.509033
vt -2.861328 0.820557
vt -2.669922 0.621338
vt -2.861328 1.002640
vt -2.669922 0.625732
vt -2.859375 1.009499
vt -2.666016 0.628662
vt -2.855469 1.014526
vt -2.849609 1.016357
vt -2.662109 0.629883
vt -2.687500 1.016388
vt -2.562500 0.629883
vt -2.525391 1.016418
vt -2.462891 0.629883
vt -2.363281 1.016449
vt -2.363281 0.629883
vt -2.263672 0.629883
vt -2.201172 1.016479
vt -2.164062 0.629883
vt -2.039062 1.016510
vt -2.064453 0.629883
vt -1.877930 1.016541
vt -2.060547 0.628906
vt -1.872070 1.014702
vt -1.868164 1.009682
vt -2.058594 0.625732
vt -1.866211 1.002819
vt -2.056641 0.621582
vt -1.866211 0.820801
vt -2.056641 0.509277
vt -1.866211 0.638672
vt -2.056641 0.396973
vt -1.866211 0.456543
vt -2.056641 0.284668
vt -1.866211 0.274414
vt -2.056641 0.172363
vt -1.866211 0.092285
vt -2.056641 0.060059
vt -2.056641 -0.051758
vt -1.866211 -0.089844
vt -2.056641 -0.164062
vt -1.866211 -0.271484
vt -2.056641 -0.276367
vt -1.866211 -0.454102
vt -2.056641 -0.388672
vt -1.866211 -0.635742
vt -2.056641 -0.500977
vt -1.866211 -0.818359
vt -2.056641 -0.613281
vt -1.866211 -1.000000
vt 2.267578 1.960449
vt 2.271484 1.932617
vt 2.269531 1.954590
vt 2.273438 1.929199
vt 2.273438 1.905273
vt 2.275391 1.903320
vt 2.273438 1.877930
vt 2.275391 1.877930
vt 2.275391 1.852051
vt 2.273438 1.850586
vt 2.271484 1.826660
vt 2.269531 1.877930
vt 2.269531 1.823242
vt 2.269531 1.801270
vt 2.265625 1.795898
vt 2.267578 1.849121
vt 2.265625 1.820312
vt 2.261719 1.791504
vt 2.269531 1.906738
vt 2.271484 1.932617
vt 2.263672 1.877930
vt 2.261719 1.848145
vt 2.259766 1.818848
vt 2.261719 1.791504
vt 2.255859 1.789062
vt 2.130859 1.878906
vt 2.263672 1.907227
vt 2.267578 1.935547
vt 2.267578 1.960449
vt 2.263672 1.964844
vt 2.261719 1.937012
vt 2.257812 1.967285
vt 2.132812 1.913086
vt 2.132812 1.948242
vt 2.257812 1.967285
vt 2.134766 1.982910
vt 2.005859 1.953125
vt 2.007812 1.990234
vt 2.003906 1.916016
vt 2.003906 1.878906
vt 2.132812 1.844238
vt 2.003906 1.841797
vt 2.259766 1.818848
vt 2.132812 1.809082
vt 2.255859 1.789062
vt 2.005859 1.804688
vt 2.134766 1.773926
vt 2.007812 1.767578
vt 1.052734 1.954102
vt 1.190430 1.990234
vt 1.053711 1.990234
vt 1.190430 1.953613
vt 1.052734 1.917480
vt 1.190430 1.917480
vt 1.052734 1.881348
vt 1.190430 1.880859
vt 1.190430 1.844238
vt 1.052734 1.844727
vt 1.190430 1.808105
vt 1.052734 1.808105
vt 1.190430 1.771484
vt 1.052734 1.771973
vt 1.190430 1.953613
vt 1.328125 1.989746
vt 1.190430 1.990234
vt 1.328125 1.953613
vt 1.190430 1.917480
vt 1.328125 1.916992
vt 1.190430 1.880859
vt 1.328125 1.880371
vt 1.328125 1.844238
vt 1.190430 1.844238
vt 1.328125 1.807617
vt 1.190430 1.808105
vt 1.327148 1.770996
vt 1.190430 1.771484
vt 1.464844 1.843750
vt 1.464844 1.807129
vt 1.328125 1.807617
vt 1.464844 1.770508
vt 1.327148 1.770996
vt 1.464844 1.880371
vt 1.464844 1.916992
vt 1.465820 1.953125
vt 1.328125 1.953613
vt 1.465820 1.989746
vt 1.328125 1.989746
vt 1.602539 1.916504
vt 1.602539 1.953125
vt 1.465820 1.953125
vt 1.602539 1.989746
vt 1.465820 1.989746
vt 1.739258 1.990723
vt 1.602539 1.989746
vt 1.739258 1.953613
vt 1.738281 1.916504
vt 1.602539 1.879883
vt 1.738281 1.879395
vt 1.738281 1.842285
vt 1.602539 1.843262
vt 1.738281 1.805664
vt 1.602539 1.806641
vt 1.739258 1.768555
vt 1.464844 1.807129
vt 1.602539 1.770020
vt 1.464844 1.770508
vt 1.739258 1.953613
vt 1.875000 1.991211
vt 1.739258 1.990723
vt 1.874023 1.954102
vt 1.738281 1.916504
vt 1.873047 1.916504
vt 1.738281 1.879395
vt 1.873047 1.879395
vt 1.873047 1.841797
vt 1.738281 1.842285
vt 1.874023 1.804199
vt 1.738281 1.805664
vt 1.875000 1.767090
vt 1.739258 1.768555
vt 1.874023 1.954102
vt 2.007812 1.990234
vt 1.875000 1.991211
vt 2.005859 1.953125
vt 1.873047 1.916504
vt 2.003906 1.916016
vt 1.873047 1.879395
vt 2.003906 1.878906
vt 2.003906 1.841797
vt 1.873047 1.841797
vt 2.005859 1.804688
vt 1.874023 1.804199
vt 2.007812 1.767578
vt 1.875000 1.767090
vt 0.777832 1.668945
vt 0.915527 1.771973
vt 0.778320 1.772461
vt 0.922363 1.668945
vt 1.052734 1.771973
vt 0.777832 1.664551
vt 1.066406 1.668457
vt 1.190430 1.771484
vt 0.922852 1.664062
vt 0.777832 1.660156
vt 1.210938 1.667969
vt 1.327148 1.770996
vt 1.067383 1.664062
vt 0.922852 1.659668
vt 0.777832 1.655273
vt 1.355469 1.667969
vt 1.464844 1.770508
vt 0.922852 1.655273
vt 0.777832 1.638184
vt 1.067383 1.659180
vt 1.211914 1.663574
vt 1.067383 1.654785
vt 1.211914 1.659180
vt 1.356445 1.663086
vt 1.500000 1.666992
vt 1.602539 1.770020
vt 1.356445 1.658691
vt 1.645508 1.665527
vt 1.739258 1.768555
vt 1.500977 1.662109
vt 1.790039 1.663574
vt 1.875000 1.767090
vt 1.645508 1.661133
vt 1.936523 1.661621
vt 2.007812 1.767578
vt 1.791016 1.658691
vt 1.500977 1.657715
vt 1.646484 1.656250
vt 2.080078 1.664551
vt 2.134766 1.773926
vt 1.937500 1.656738
vt 2.216797 1.684570
vt 2.255859 1.789062
vt 2.082031 1.660156
vt 1.791992 1.653809
vt 1.938477 1.651855
vt 2.320312 1.727051
vt 2.261719 1.791504
vt 2.218750 1.680664
vt 2.083984 1.655273
vt 2.324219 1.729004
vt 2.322266 1.724609
vt 2.220703 1.676758
vt 2.328125 1.732910
vt 2.265625 1.795898
vt 2.326172 1.726074
vt 2.330078 1.737793
vt 2.269531 1.801270
vt 2.328125 1.729492
vt 2.330078 1.733887
vt 2.345703 1.772949
vt 2.271484 1.826660
vt 2.347656 1.768555
vt 2.357422 1.820312
vt 2.275391 1.852051
vt 2.361328 1.817871
vt 2.363281 1.877441
vt 2.275391 1.877930
vt 2.275391 1.903320
vt 2.367188 1.877441
vt 2.359375 1.935059
vt 2.273438 1.929199
vt 2.371094 1.877441
vt 2.345703 1.982910
vt 2.269531 1.954590
vt 2.363281 1.937500
vt 2.332031 2.017578
vt 2.267578 1.960449
vt 2.349609 1.986816
vt 2.330078 2.022461
vt 2.263672 1.964844
vt 2.332031 2.021484
vt 2.367188 1.939453
vt 2.351562 1.990723
vt 2.330078 2.025391
vt 2.333984 2.025391
vt 2.326172 2.026367
vt 2.322266 2.028320
vt 2.257812 1.967285
vt 2.328125 2.029297
vt 2.216797 2.071289
vt 2.134766 1.982910
vt 2.324219 2.031250
vt 2.220703 2.075195
vt 2.082031 2.091797
vt 2.007812 1.990234
vt 2.083984 2.096680
vt 1.937500 2.096680
vt 1.875000 1.991211
vt 1.938477 2.100586
vt 1.791016 2.094727
vt 1.739258 1.990723
vt 1.791992 2.099609
vt 1.646484 2.093750
vt 1.602539 1.989746
vt 1.647461 2.098633
vt 1.501953 2.092773
vt 1.465820 1.989746
vt 1.501953 2.097656
vt 1.356445 2.092773
vt 1.328125 1.989746
vt 1.357422 2.097656
vt 1.211914 2.092773
vt 1.190430 1.990234
vt 1.212891 2.097656
vt 1.067383 2.093750
vt 1.053711 1.990234
vt 1.068359 2.097656
vt 0.923340 2.093750
vt 0.916016 1.990723
vt 0.778809 2.094727
vt 0.778809 1.991211
vt 0.778809 2.098633
vt 0.923828 2.098633
vt 0.778809 2.103516
vt 0.923828 2.102539
vt 0.778809 2.107422
vt 1.068359 2.102539
vt 0.923828 2.107422
vt 0.778809 2.125000
vt 1.212891 2.102539
vt 1.068359 2.107422
vt 0.923828 2.125000
vt 1.357422 2.102539
vt 1.212891 2.106445
vt 1.502930 2.102539
vt 1.357422 2.106445
vt 1.068359 2.124023
vt 1.647461 2.103516
vt 1.502930 2.107422
vt 1.212891 2.124023
vt 1.792969 2.104492
vt 1.647461 2.107422
vt 1.357422 2.124023
vt 1.939453 2.105469
vt 1.793945 2.109375
vt 1.502930 2.124023
vt 2.085938 2.101562
vt 1.940430 2.110352
vt 1.648438 2.125000
vt 2.222656 2.079102
vt 2.085938 2.106445
vt 1.793945 2.126953
vt 2.326172 2.033203
vt 2.224609 2.083008
vt 1.941406 2.127930
vt 2.089844 2.123047
vt 2.328125 2.036133
vt 1.941406 2.132812
vt 2.232422 2.098633
vt 2.089844 2.127930
vt 2.234375 2.102539
vt 1.793945 2.130859
vt 2.089844 2.132812
vt 1.647461 2.129883
vt 1.940430 2.137695
vt 1.792969 2.135742
vt 1.502930 2.128906
vt 1.646484 2.134766
vt 1.357422 2.128906
vt 1.501953 2.133789
vt 1.212891 2.128906
vt 1.357422 2.132812
vt 1.068359 2.128906
vt 1.212891 2.133789
vt 0.923828 2.128906
vt 0.778809 2.129883
vt 1.068359 2.133789
vt 0.923828 2.133789
vt 0.778809 2.133789
vt 1.211914 2.137695
vt 0.923340 2.138672
vt 0.778809 2.138672
vt 1.067383 2.137695
vt 0.918457 2.216797
vt 0.779297 2.216797
vt 1.057617 2.216797
vt 1.196289 2.215820
vt 1.335938 2.215820
vt 1.356445 2.137695
vt 1.474609 2.215820
vt 1.500977 2.137695
vt 1.614258 2.216797
vt 1.645508 2.138672
vt 1.754883 2.218750
vt 1.791016 2.140625
vt 1.898438 2.220703
vt 1.938477 2.142578
vt 2.048828 2.218750
vt 2.089844 2.137695
vt 2.214844 2.198242
vt 2.236328 2.111328
vt 2.380859 2.092773
vt 2.234375 2.107422
vt 2.341797 2.051758
vt 2.388672 2.082031
vt 2.339844 2.049805
vt 2.343750 2.047852
vt 2.337891 2.046875
vt 2.341797 2.045898
vt 2.347656 2.043945
vt 2.394531 2.071289
vt 2.345703 2.042969
vt 2.353516 2.041016
vt 2.402344 2.062500
vt 2.349609 2.040039
vt 2.378906 2.008789
vt 2.441406 2.002930
vt 2.376953 2.008789
vt 2.400391 1.949219
vt 2.458984 1.938965
vt 2.396484 1.949707
vt 2.408203 1.877441
vt 2.462891 1.877441
vt 2.458984 1.815430
vt 2.404297 1.877441
vt 2.400391 1.805664
vt 2.439453 1.751465
vt 2.398438 1.877441
vt 2.378906 1.746094
vt 2.400391 1.691895
vt 2.396484 1.805664
vt 2.351562 1.714844
vt 2.394531 1.683594
vt 2.375000 1.746582
vt 2.390625 1.806152
vt 2.347656 1.711426
vt 2.386719 1.672852
vt 2.347656 1.715332
vt 2.371094 1.748535
vt 2.343750 1.708008
vt 2.343750 1.712891
vt 2.345703 1.716797
vt 2.339844 1.703613
vt 2.378906 1.662109
vt 2.341797 1.709961
vt 2.234375 1.644043
vt 2.212891 1.557617
vt 2.339844 1.706055
vt 2.234375 1.648926
vt 2.087891 1.618652
vt 2.046875 1.538086
vt 2.087891 1.623535
vt 1.937500 1.615723
vt 1.896484 1.537598
vt 1.938477 1.620605
vt 1.790039 1.618164
vt 1.752930 1.540527
vt 1.791016 1.622559
vt 1.643555 1.620605
vt 1.612305 1.542480
vt 1.645508 1.625000
vt 1.499023 1.622070
vt 1.473633 1.543945
vt 1.500000 1.626465
vt 1.354492 1.623047
vt 1.333984 1.544922
vt 1.355469 1.627441
vt 1.210938 1.623535
vt 1.195312 1.545410
vt 1.210938 1.627930
vt 1.066406 1.624023
vt 1.055664 1.545410
vt 1.066406 1.628418
vt 0.922363 1.624023
vt 0.916992 1.545898
vt 0.777832 1.624512
vt 0.777832 1.546387
vt 0.777832 1.629395
vt 0.922363 1.628906
vt 0.777832 1.633789
vt 0.922852 1.633301
vt 1.067383 1.632812
vt 0.922852 1.638184
vt 1.211914 1.632812
vt 1.067383 1.637695
vt 1.211914 1.654297
vt 1.211914 1.637207
vt 1.356445 1.653809
vt 1.356445 1.632324
vt 1.356445 1.636719
vt 1.501953 1.652832
vt 1.500977 1.631348
vt 1.501953 1.635742
vt 1.646484 1.651367
vt 1.646484 1.629883
vt 1.646484 1.634277
vt 1.791992 1.649414
vt 1.791992 1.627441
vt 1.792969 1.631836
vt 1.939453 1.647461
vt 1.940430 1.625000
vt 1.940430 1.629883
vt 2.085938 1.650391
vt 2.089844 1.628418
vt 2.087891 1.633301
vt 2.232422 1.653320
vt 2.224609 1.672363
vt 2.230469 1.657715
vt 2.337891 1.708496
vt 2.324219 1.721680
vt 2.326172 1.719238
vt 2.328125 1.723633
vt 2.335938 1.710938
vt 2.330078 1.721680
vt 2.330078 1.726562
vt 2.332031 1.724609
vt 2.337891 1.714355
vt 2.339844 1.712402
vt 2.339844 1.716797
vt 2.341797 1.714844
vt 2.343750 1.719238
vt 2.367188 1.751465
vt 2.333984 1.727539
vt 2.386719 1.807617
vt 2.355469 1.762207
vt 2.332031 1.729980
vt 2.351562 1.765137
vt 2.371094 1.813965
vt 2.365234 1.815430
vt 2.376953 1.877441
vt 2.394531 1.877441
vt 2.371094 1.941406
vt 2.392578 1.948730
vt 2.386719 1.947266
vt 2.355469 1.993652
vt 2.373047 2.006836
vt 2.369141 2.003906
vt 2.345703 2.039062
vt 2.335938 2.027344
vt 2.343750 2.036133
vt 2.343750 2.041016
vt 2.332031 2.028320
vt 2.339844 2.042969
vt 2.330078 2.031250
vt 2.333984 2.030273
vt 2.332031 2.033203
vt 2.341797 2.039062
vt 2.337891 2.041016
vt 2.335938 2.044922
vt 0.778809 1.954590
vt 0.916016 1.990723
vt 0.778809 1.991211
vt 0.916016 1.954102
vt 1.053711 1.990234
vt 0.778809 1.917969
vt 1.052734 1.954102
vt 0.916016 1.917969
vt 0.778320 1.881836
vt 1.052734 1.917480
vt 0.916016 1.881348
vt 1.052734 1.881348
vt 1.052734 1.844727
vt 0.916016 1.845215
vt 0.778320 1.845215
vt 1.052734 1.808105
vt 0.915527 1.808594
vt 1.052734 1.771973
vt 0.778320 1.809082
vt 0.915527 1.771973
vt 0.778320 1.772461
vt1 0.608887 0.509766
vt1 0.609375 0.505615
vt1 0.609375 0.509766
vt1 0.608887 0.505615
vt1 0.609375 0.502686
vt1 0.608398 0.509766
vt1 0.608887 0.502686
vt1 0.609375 0.500000
vt1 0.608398 0.505615
vt1 0.607910 0.509766
vt1 0.608887 0.500000
vt1 0.609375 0.497070
vt1 0.607910 0.505615
vt1 0.607910 0.509766
vt1 0.608398 0.502686
vt1 0.607910 0.505615
vt1 0.607422 0.509766
vt1 0.607910 0.502686
vt1 0.608398 0.500000
vt1 0.607422 0.505615
vt1 0.606934 0.509766
vt1 0.608887 0.497070
vt1 0.609375 0.494141
vt1 0.606934 0.505615
vt1 0.606934 0.509766
vt1 0.608887 0.494141
vt1 0.609375 0.491699
vt1 0.606934 0.505615
vt1 0.606445 0.509766
vt1 0.608887 0.491699
vt1 0.609375 0.489258
vt1 0.606445 0.505615
vt1 0.605957 0.509766
vt1 0.608887 0.489258
vt1 0.609375 0.487305
vt1 0.605957 0.505615
vt1 0.605957 0.509766
vt1 0.608887 0.487305
vt1 0.609375 0.484863
vt1 0.606445 0.502686
vt1 0.608887 0.484863
vt1 0.609375 0.483398
vt1 0.606934 0.502686
vt1 0.608887 0.483398
vt1 0.609375 0.481445
vt1 0.606934 0.502686
vt1 0.608887 0.481445
vt1 0.609375 0.479980
vt1 0.607422 0.502686
vt1 0.608887 0.479980
vt1 0.609375 0.478027
vt1 0.607910 0.502686
vt1 0.608887 0.478027
vt1 0.609375 0.475586
vt1 0.607910 0.500000
vt1 0.608887 0.475586
vt1 0.609375 0.473145
vt1 0.607910 0.500000
vt1 0.608887 0.473145
vt1 0.609375 0.470215
vt1 0.607910 0.497070
vt1 0.608887 0.470215
vt1 0.609375 0.466797
vt1 0.608398 0.497070
vt1 0.608887 0.466797
vt1 0.609375 0.462891
vt1 0.608398 0.494141
vt1 0.608887 0.462891
vt1 0.609375 0.458496
vt1 0.608398 0.491699
vt1 0.607910 0.494141
vt1 0.607910 0.491699
vt1 0.608398 0.489258
vt1 0.607910 0.489258
vt1 0.608398 0.487305
vt1 0.607910 0.487305
vt1 0.608398 0.484863
vt1 0.607910 0.484863
vt1 0.608398 0.483398
vt1 0.607910 0.483398
vt1 0.608398 0.481445
vt1 0.608398 0.479980
vt1 0.607910 0.481445
vt1 0.608398 0.478027
vt1 0.607910 0.479980
vt1 0.608398 0.475586
vt1 0.607910 0.478027
vt1 0.608398 0.473145
vt1 0.607910 0.475586
vt1 0.608398 0.470215
vt1 0.607910 0.473145
vt1 0.608398 0.466797
vt1 0.607910 0.470215
vt1 0.607910 0.473145
vt1 0.607910 0.470215
vt1 0.607910 0.466797
vt1 0.607910 0.466797
vt1 0.608398 0.462891
vt1 0.608887 0.458496
vt1 0.609375 0.454102
vt1 0.607910 0.462891
vt1 0.608887 0.454102
vt1 0.609375 0.448730
vt1 0.608398 0.458496
vt1 0.608887 0.448730
vt1 0.609375 0.443359
vt1 0.608398 0.454102
vt1 0.608887 0.443359
vt1 0.609375 0.437988
vt1 0.608398 0.448730
vt1 0.607910 0.458496
vt1 0.607910 0.454102
vt1 0.608887 0.437988
vt1 0.609375 0.432617
vt1 0.608398 0.443359
vt1 0.608887 0.432617
vt1 0.609375 0.427246
vt1 0.608887 0.427246
vt1 0.608398 0.437988
vt1 0.608398 0.432617
vt1 0.608398 0.427246
vt1 0.607910 0.443359
vt1 0.607910 0.432617
vt1 0.607910 0.427246
vt1 0.607910 0.427246
vt1 0.607910 0.437988
vt1 0.607910 0.432617
vt1 0.607422 0.427246
vt1 0.607910 0.437988
vt1 0.607422 0.432617
vt1 0.606934 0.427246
vt1 0.607910 0.443359
vt1 0.606934 0.432617
vt1 0.606934 0.427246
vt1 0.607422 0.437988
vt1 0.606934 0.432617
vt1 0.606445 0.427246
vt1 0.606934 0.437988
vt1 0.607422 0.443359
vt1 0.607910 0.448730
vt1 0.607910 0.448730
vt1 0.607910 0.454102
vt1 0.607422 0.448730
vt1 0.607910 0.458496
vt1 0.607422 0.454102
vt1 0.606934 0.443359
vt1 0.607910 0.462891
vt1 0.607422 0.458496
vt1 0.607422 0.462891
vt1 0.607422 0.466797
vt1 0.606934 0.458496
vt1 0.607422 0.470215
vt1 0.606934 0.462891
vt1 0.606934 0.466797
vt1 0.607422 0.473145
vt1 0.606934 0.470215
vt1 0.606934 0.462891
vt1 0.607910 0.475586
vt1 0.607910 0.478027
vt1 0.607422 0.475586
vt1 0.607910 0.479980
vt1 0.607422 0.478027
vt1 0.606934 0.473145
vt1 0.607910 0.481445
vt1 0.607422 0.479980
vt1 0.606934 0.475586
vt1 0.607910 0.483398
vt1 0.607422 0.481445
vt1 0.606934 0.478027
vt1 0.607910 0.484863
vt1 0.607422 0.483398
vt1 0.606934 0.479980
vt1 0.607910 0.487305
vt1 0.607422 0.484863
vt1 0.606934 0.481445
vt1 0.607910 0.489258
vt1 0.607422 0.487305
vt1 0.606934 0.483398
vt1 0.607910 0.491699
vt1 0.607422 0.489258
vt1 0.606934 0.484863
vt1 0.607910 0.494141
vt1 0.607422 0.491699
vt1 0.606934 0.487305
vt1 0.607910 0.497070
vt1 0.607422 0.494141
vt1 0.607422 0.497070
vt1 0.607422 0.500000
vt1 0.606934 0.494141
vt1 0.606934 0.500000
vt1 0.606934 0.497070
vt1 0.606934 0.500000
vt1 0.606934 0.497070
vt1 0.606445 0.500000
vt1 0.606445 0.497070
vt1 0.606934 0.494141
vt1 0.606445 0.494141
vt1 0.605957 0.497070
vt1 0.605957 0.494141
vt1 0.606445 0.491699
vt1 0.605957 0.500000
vt1 0.605957 0.491699
vt1 0.605957 0.502686
vt1 0.605957 0.505615
vt1 0.605957 0.502686
vt1 0.605469 0.505615
vt1 0.605469 0.509766
vt1 0.605469 0.502686
vt1 0.605957 0.500000
vt1 0.604980 0.505615
vt1 0.604980 0.509766
vt1 0.605957 0.497070
vt1 0.605469 0.500000
vt1 0.605469 0.497070
vt1 0.605957 0.494141
vt1 0.605469 0.494141
vt1 0.604980 0.497070
vt1 0.604980 0.494141
vt1 0.604980 0.500000
vt1 0.604980 0.502686
vt1 0.604980 0.502686
vt1 0.604980 0.500000
vt1 0.604980 0.505615
vt1 0.604980 0.509766
vt1 0.604492 0.502686
vt1 0.604492 0.505615
vt1 0.604492 0.509766
vt1 0.604004 0.505615
vt1 0.604004 0.509766
vt1 0.604492 0.500000
vt1 0.604004 0.505615
vt1 0.604004 0.509766
vt1 0.604004 0.502686
vt1 0.603516 0.505615
vt1 0.603516 0.509766
vt1 0.604004 0.502686
vt1 0.604004 0.500000
vt1 0.603027 0.505615
vt1 0.603027 0.509766
vt1 0.603516 0.502686
vt1 0.604004 0.500000
vt1 0.602539 0.505615
vt1 0.602539 0.509766
vt1 0.602539 0.505615
vt1 0.602539 0.509766
vt1 0.602539 0.502686
vt1 0.602539 0.502686
vt1 0.602539 0.500000
vt1 0.603027 0.502686
vt1 0.603516 0.500000
vt1 0.603027 0.500000
vt1 0.602539 0.500000
vt1 0.602539 0.497070
vt1 0.603516 0.497070
vt1 0.602539 0.497070
vt1 0.602539 0.494141
vt1 0.603027 0.497070
vt1 0.602539 0.494141
vt1 0.602539 0.491699
vt1 0.603027 0.494141
vt1 0.602539 0.491699
vt1 0.602539 0.489258
vt1 0.603027 0.491699
vt1 0.602539 0.489258
vt1 0.602539 0.487305
vt1 0.603516 0.494141
vt1 0.602539 0.487305
vt1 0.602539 0.484863
vt1 0.603027 0.489258
vt1 0.602539 0.484863
vt1 0.602539 0.483398
vt1 0.603027 0.487305
vt1 0.602539 0.483398
vt1 0.602539 0.481445
vt1 0.603027 0.484863
vt1 0.602539 0.481445
vt1 0.602539 0.479980
vt1 0.603027 0.483398
vt1 0.602539 0.479980
vt1 0.602539 0.478027
vt1 0.603027 0.481445
vt1 0.602539 0.478027
vt1 0.602539 0.475586
vt1 0.603027 0.479980
vt1 0.603516 0.481445
vt1 0.602539 0.475586
vt1 0.603516 0.483398
vt1 0.603516 0.479980
vt1 0.603516 0.484863
vt1 0.603027 0.478027
vt1 0.603516 0.487305
vt1 0.603516 0.478027
vt1 0.603516 0.489258
vt1 0.604004 0.484863
vt1 0.603516 0.491699
vt1 0.604004 0.487305
vt1 0.604004 0.489258
vt1 0.604004 0.491699
vt1 0.604004 0.494141
vt1 0.604004 0.489258
vt1 0.604004 0.497070
vt1 0.604004 0.491699
vt1 0.604004 0.494141
vt1 0.604004 0.497070
vt1 0.604492 0.491699
vt1 0.604492 0.497070
vt1 0.604492 0.494141
vt1 0.604980 0.497070
vt1 0.604980 0.494141
vt1 0.604980 0.491699
vt1 0.604980 0.491699
vt1 0.605469 0.491699
vt1 0.604980 0.489258
vt1 0.604980 0.489258
vt1 0.605957 0.491699
vt1 0.605469 0.489258
vt1 0.604980 0.487305
vt1 0.604492 0.489258
vt1 0.604980 0.487305
vt1 0.604492 0.487305
vt1 0.604004 0.487305
vt1 0.604980 0.484863
vt1 0.604004 0.484863
vt1 0.604492 0.484863
vt1 0.604980 0.484863
vt1 0.604004 0.483398
vt1 0.605469 0.487305
vt1 0.604004 0.483398
vt1 0.605957 0.489258
vt1 0.604004 0.481445
vt1 0.605957 0.489258
vt1 0.604004 0.479980
vt1 0.604004 0.481445
vt1 0.604004 0.479980
vt1 0.604004 0.478027
vt1 0.604004 0.478027
vt1 0.604492 0.479980
vt1 0.604492 0.478027
vt1 0.604004 0.475586
vt1 0.604492 0.481445
vt1 0.604004 0.475586
vt1 0.604492 0.483398
vt1 0.603516 0.475586
vt1 0.604980 0.483398
vt1 0.604980 0.481445
vt1 0.604980 0.479980
vt1 0.604980 0.481445
vt1 0.604980 0.483398
vt1 0.604980 0.478027
vt1 0.605469 0.484863
vt1 0.605469 0.483398
vt1 0.605957 0.487305
vt1 0.605957 0.484863
vt1 0.605957 0.487305
vt1 0.605957 0.484863
vt1 0.605957 0.483398
vt1 0.605957 0.483398
vt1 0.606445 0.484863
vt1 0.606445 0.483398
vt1 0.606445 0.487305
vt1 0.606445 0.489258
vt1 0.606934 0.487305
vt1 0.606934 0.491699
vt1 0.606934 0.489258
vt1 0.606934 0.491699
vt1 0.606934 0.489258
vt1 0.606934 0.484863
vt1 0.606934 0.483398
vt1 0.606445 0.481445
vt1 0.606934 0.481445
vt1 0.605957 0.481445
vt1 0.606445 0.479980
vt1 0.606934 0.479980
vt1 0.605957 0.479980
vt1 0.606934 0.478027
vt1 0.606445 0.478027
vt1 0.606934 0.475586
vt1 0.606445 0.475586
vt1 0.605957 0.478027
vt1 0.606934 0.473145
vt1 0.606445 0.473145
vt1 0.606934 0.470215
vt1 0.606445 0.470215
vt1 0.605957 0.475586
vt1 0.605957 0.473145
vt1 0.606934 0.466797
vt1 0.606445 0.466797
vt1 0.605957 0.470215
vt1 0.606445 0.462891
vt1 0.605957 0.466797
vt1 0.605957 0.470215
vt1 0.605957 0.466797
vt1 0.605957 0.462891
vt1 0.605957 0.473145
vt1 0.606445 0.458496
vt1 0.606934 0.458496
vt1 0.606445 0.454102
vt1 0.606934 0.454102
vt1 0.606934 0.454102
vt1 0.606934 0.448730
vt1 0.606934 0.448730
vt1 0.606934 0.443359
vt1 0.606445 0.448730
vt1 0.606445 0.443359
vt1 0.606934 0.437988
vt1 0.606445 0.437988
vt1 0.606445 0.432617
vt1 0.605957 0.443359
vt1 0.605957 0.432617
vt1 0.605957 0.427246
vt1 0.605957 0.427246
vt1 0.605957 0.437988
vt1 0.605957 0.432617
vt1 0.605469 0.427246
vt1 0.605957 0.437988
vt1 0.605469 0.432617
vt1 0.604980 0.427246
vt1 0.605957 0.443359
vt1 0.604980 0.432617
vt1 0.604980 0.427246
vt1 0.605469 0.437988
vt1 0.604980 0.432617
vt1 0.604980 0.437988
vt1 0.605469 0.443359
vt1 0.605957 0.448730
vt1 0.605957 0.448730
vt1 0.605957 0.454102
vt1 0.605469 0.448730
vt1 0.605957 0.458496
vt1 0.605957 0.454102
vt1 0.605957 0.458496
vt1 0.605957 0.462891
vt1 0.605469 0.454102
vt1 0.605469 0.458496
vt1 0.605469 0.462891
vt1 0.605469 0.466797
vt1 0.604980 0.458496
vt1 0.605469 0.470215
vt1 0.604980 0.462891
vt1 0.604980 0.466797
vt1 0.605469 0.473145
vt1 0.604980 0.470215
vt1 0.604980 0.462891
vt1 0.605957 0.475586
vt1 0.604980 0.458496
vt1 0.605957 0.478027
vt1 0.605469 0.475586
vt1 0.605957 0.479980
vt1 0.605469 0.478027
vt1 0.604980 0.473145
vt1 0.604980 0.475586
vt1 0.605469 0.479980
vt1 0.605957 0.481445
vt1 0.605469 0.481445
vt1 0.604980 0.479980
vt1 0.604980 0.478027
vt1 0.604980 0.475586
vt1 0.604980 0.473145
vt1 0.604492 0.475586
vt1 0.604980 0.470215
vt1 0.604492 0.473145
vt1 0.604004 0.473145
vt1 0.604492 0.470215
vt1 0.604980 0.466797
vt1 0.604492 0.466797
vt1 0.604004 0.470215
vt1 0.604004 0.473145
vt1 0.604492 0.462891
vt1 0.604004 0.466797
vt1 0.604004 0.470215
vt1 0.603516 0.473145
vt1 0.603027 0.475586
vt1 0.603516 0.470215
vt1 0.602539 0.473145
vt1 0.602539 0.473145
vt1 0.603027 0.473145
vt1 0.602539 0.470215
vt1 0.602539 0.470215
vt1 0.603027 0.470215
vt1 0.602539 0.466797
vt1 0.602539 0.466797
vt1 0.603516 0.466797
vt1 0.602539 0.462891
vt1 0.602539 0.462891
vt1 0.603027 0.466797
vt1 0.602539 0.458496
vt1 0.602539 0.458496
vt1 0.603027 0.462891
vt1 0.603516 0.462891
vt1 0.602539 0.454102
vt1 0.602539 0.454102
vt1 0.603027 0.458496
vt1 0.603516 0.458496
vt1 0.602539 0.448730
vt1 0.602539 0.448730
vt1 0.603027 0.454102
vt1 0.603516 0.454102
vt1 0.602539 0.443359
vt1 0.602539 0.443359
vt1 0.603027 0.448730
vt1 0.603516 0.448730
vt1 0.602539 0.437988
vt1 0.602539 0.437988
vt1 0.603027 0.443359
vt1 0.603516 0.443359
vt1 0.602539 0.432617
vt1 0.602539 0.432617
vt1 0.603027 0.437988
vt1 0.602539 0.427246
vt1 0.602539 0.427246
vt1 0.603027 0.432617
vt1 0.603027 0.427246
vt1 0.603516 0.427246
vt1 0.603516 0.432617
vt1 0.604004 0.427246
vt1 0.603516 0.437988
vt1 0.604004 0.432617
vt1 0.604004 0.427246
vt1 0.604004 0.437988
vt1 0.604004 0.432617
vt1 0.604492 0.427246
vt1 0.604004 0.443359
vt1 0.604004 0.437988
vt1 0.604492 0.432617
vt1 0.604492 0.437988
vt1 0.604004 0.443359
vt1 0.604004 0.448730
vt1 0.604980 0.437988
vt1 0.604004 0.454102
vt1 0.604004 0.448730
vt1 0.604492 0.443359
vt1 0.604004 0.458496
vt1 0.604004 0.454102
vt1 0.604492 0.448730
vt1 0.604004 0.462891
vt1 0.604004 0.458496
vt1 0.604004 0.466797
vt1 0.604004 0.462891
vt1 0.604492 0.458496
vt1 0.604492 0.454102
vt1 0.604980 0.454102
vt1 0.604980 0.448730
vt1 0.604980 0.454102
vt1 0.604980 0.448730
vt1 0.604980 0.443359
vt1 0.604980 0.443359
vt1 0.412842 0.542969
vt1 0.412354 0.546875
vt1 0.412842 0.546875
vt1 0.412354 0.542969
vt1 0.412109 0.546875
vt1 0.412842 0.540039
vt1 0.412109 0.542969
vt1 0.411621 0.546875
vt1 0.412354 0.540039
vt1 0.412842 0.536865
vt1 0.411621 0.542969
vt1 0.411377 0.546875
vt1 0.412354 0.536865
vt1 0.412842 0.534180
vt1 0.412109 0.540039
vt1 0.412354 0.534180
vt1 0.412842 0.531250
vt1 0.412109 0.536865
vt1 0.412354 0.531250
vt1 0.412842 0.528809
vt1 0.412109 0.534180
vt1 0.412354 0.528809
vt1 0.412842 0.526367
vt1 0.412109 0.531250
vt1 0.412354 0.526367
vt1 0.412842 0.523926
vt1 0.412109 0.528809
vt1 0.412354 0.523926
vt1 0.412842 0.521973
vt1 0.412109 0.526367
vt1 0.412354 0.521973
vt1 0.412842 0.520264
vt1 0.412109 0.523926
vt1 0.412354 0.520264
vt1 0.412842 0.518311
vt1 0.412109 0.521973
vt1 0.412354 0.518311
vt1 0.412842 0.516602
vt1 0.412109 0.520264
vt1 0.412354 0.516602
vt1 0.412842 0.514648
vt1 0.412109 0.518311
vt1 0.411621 0.520264
vt1 0.412354 0.514648
vt1 0.412842 0.512695
vt1 0.412109 0.516602
vt1 0.412354 0.512695
vt1 0.412842 0.510010
vt1 0.412109 0.514648
vt1 0.411621 0.518311
vt1 0.412354 0.510010
vt1 0.412842 0.507324
vt1 0.412109 0.512695
vt1 0.411621 0.516602
vt1 0.412354 0.507324
vt1 0.412842 0.503906
vt1 0.412109 0.510010
vt1 0.411621 0.514648
vt1 0.412354 0.503906
vt1 0.412842 0.500000
vt1 0.412109 0.507324
vt1 0.411621 0.512695
vt1 0.412354 0.500000
vt1 0.412842 0.495605
vt1 0.412109 0.503906
vt1 0.411621 0.510010
vt1 0.412354 0.495605
vt1 0.412842 0.490723
vt1 0.412109 0.500000
vt1 0.411621 0.507324
vt1 0.412354 0.490723
vt1 0.412842 0.485352
vt1 0.412109 0.495605
vt1 0.411621 0.503906
vt1 0.412354 0.485352
vt1 0.412842 0.479980
vt1 0.412109 0.490723
vt1 0.411621 0.500000
vt1 0.412354 0.479980
vt1 0.412842 0.474609
vt1 0.412109 0.485352
vt1 0.411621 0.495605
vt1 0.412354 0.474609
vt1 0.412842 0.469238
vt1 0.412109 0.479980
vt1 0.411621 0.490723
vt1 0.412354 0.469238
vt1 0.412842 0.463867
vt1 0.412354 0.463867
vt1 0.412109 0.474609
vt1 0.412109 0.469238
vt1 0.412109 0.463867
vt1 0.411621 0.479980
vt1 0.411621 0.469238
vt1 0.411621 0.463867
vt1 0.411377 0.463867
vt1 0.411621 0.474609
vt1 0.411377 0.469238
vt1 0.410889 0.463867
vt1 0.411377 0.474609
vt1 0.410889 0.469238
vt1 0.410645 0.463867
vt1 0.411377 0.479980
vt1 0.410645 0.469238
vt1 0.410400 0.463867
vt1 0.410889 0.474609
vt1 0.410400 0.469238
vt1 0.409912 0.463867
vt1 0.410645 0.474609
vt1 0.410889 0.479980
vt1 0.411621 0.485352
vt1 0.411377 0.485352
vt1 0.411377 0.490723
vt1 0.410889 0.485352
vt1 0.411377 0.495605
vt1 0.410889 0.490723
vt1 0.410645 0.479980
vt1 0.410645 0.485352
vt1 0.410400 0.474609
vt1 0.410400 0.479980
vt1 0.409912 0.469238
vt1 0.409912 0.474609
vt1 0.409668 0.469238
vt1 0.409668 0.463867
vt1 0.409180 0.463867
vt1 0.409668 0.474609
vt1 0.409180 0.469238
vt1 0.408936 0.463867
vt1 0.409668 0.479980
vt1 0.408936 0.469238
vt1 0.408691 0.463867
vt1 0.409180 0.474609
vt1 0.408691 0.469238
vt1 0.408203 0.463867
vt1 0.408936 0.474609
vt1 0.409180 0.479980
vt1 0.409912 0.479980
vt1 0.409668 0.485352
vt1 0.410400 0.485352
vt1 0.409912 0.485352
vt1 0.410645 0.490723
vt1 0.410400 0.490723
vt1 0.410889 0.495605
vt1 0.410645 0.495605
vt1 0.411377 0.500000
vt1 0.410889 0.500000
vt1 0.411377 0.503906
vt1 0.410645 0.500000
vt1 0.411377 0.507324
vt1 0.410889 0.503906
vt1 0.411377 0.510010
vt1 0.410889 0.507324
vt1 0.411377 0.512695
vt1 0.410889 0.510010
vt1 0.410645 0.503906
vt1 0.410645 0.507324
vt1 0.411377 0.514648
vt1 0.410889 0.512695
vt1 0.411377 0.516602
vt1 0.410889 0.514648
vt1 0.410645 0.510010
vt1 0.410645 0.512695
vt1 0.411377 0.518311
vt1 0.410889 0.516602
vt1 0.410645 0.514648
vt1 0.411377 0.520264
vt1 0.410889 0.518311
vt1 0.410645 0.516602
vt1 0.411621 0.521973
vt1 0.410889 0.520264
vt1 0.411621 0.523926
vt1 0.411377 0.521973
vt1 0.411621 0.526367
vt1 0.411377 0.523926
vt1 0.411621 0.528809
vt1 0.411377 0.526367
vt1 0.410889 0.521973
vt1 0.411621 0.531250
vt1 0.411377 0.528809
vt1 0.411621 0.534180
vt1 0.411377 0.531250
vt1 0.411621 0.536865
vt1 0.411377 0.534180
vt1 0.411621 0.540039
vt1 0.411377 0.536865
vt1 0.411377 0.542969
vt1 0.410889 0.546875
vt1 0.411377 0.540039
vt1 0.410889 0.542969
vt1 0.410889 0.540039
vt1 0.410889 0.536865
vt1 0.410645 0.542969
vt1 0.410645 0.546875
vt1 0.410645 0.540039
vt1 0.410645 0.536865
vt1 0.410889 0.534180
vt1 0.410645 0.534180
vt1 0.410889 0.531250
vt1 0.410645 0.531250
vt1 0.410889 0.528809
vt1 0.410645 0.528809
vt1 0.410889 0.526367
vt1 0.410645 0.526367
vt1 0.410889 0.523926
vt1 0.410645 0.523926
vt1 0.410645 0.521973
vt1 0.410645 0.520264
vt1 0.410400 0.521973
vt1 0.410645 0.518311
vt1 0.410400 0.520264
vt1 0.410400 0.518311
vt1 0.410400 0.516602
vt1 0.410400 0.514648
vt1 0.409912 0.516602
vt1 0.410400 0.512695
vt1 0.409912 0.514648
vt1 0.409912 0.512695
vt1 0.410400 0.510010
vt1 0.409912 0.510010
vt1 0.410400 0.507324
vt1 0.409912 0.507324
vt1 0.410400 0.503906
vt1 0.409912 0.503906
vt1 0.410400 0.500000
vt1 0.409912 0.500000
vt1 0.410400 0.495605
vt1 0.409912 0.495605
vt1 0.409912 0.490723
vt1 0.409668 0.500000
vt1 0.409668 0.490723
vt1 0.409668 0.495605
vt1 0.409180 0.485352
vt1 0.409180 0.490723
vt1 0.409180 0.495605
vt1 0.408936 0.479980
vt1 0.408936 0.485352
vt1 0.408691 0.474609
vt1 0.408691 0.479980
vt1 0.408936 0.490723
vt1 0.408203 0.469238
vt1 0.408203 0.474609
vt1 0.408691 0.485352
vt1 0.407959 0.469238
vt1 0.407959 0.463867
vt1 0.407959 0.474609
vt1 0.408203 0.479980
vt1 0.407959 0.479980
vt1 0.407715 0.474609
vt1 0.407715 0.469238
vt1 0.407715 0.463867
vt1 0.407715 0.479980
vt1 0.407471 0.469238
vt1 0.407471 0.463867
vt1 0.407471 0.474609
vt1 0.406982 0.469238
vt1 0.406982 0.463867
vt1 0.406982 0.474609
vt1 0.407471 0.479980
vt1 0.406982 0.479980
vt1 0.406738 0.474609
vt1 0.406738 0.469238
vt1 0.406738 0.463867
vt1 0.406250 0.463867
vt1 0.406006 0.469238
vt1 0.406006 0.463867
vt1 0.406250 0.469238
vt1 0.406006 0.474609
vt1 0.406250 0.474609
vt1 0.406006 0.479980
vt1 0.406738 0.479980
vt1 0.406250 0.479980
vt1 0.406006 0.485352
vt1 0.406738 0.485352
vt1 0.406250 0.485352
vt1 0.406006 0.490723
vt1 0.406982 0.485352
vt1 0.406738 0.490723
vt1 0.406250 0.490723
vt1 0.406006 0.495605
vt1 0.407471 0.485352
vt1 0.406250 0.495605
vt1 0.406006 0.500000
vt1 0.406738 0.495605
vt1 0.406982 0.490723
vt1 0.406250 0.500000
vt1 0.406006 0.503906
vt1 0.406738 0.500000
vt1 0.406982 0.495605
vt1 0.407471 0.490723
vt1 0.407715 0.485352
vt1 0.407471 0.495605
vt1 0.407959 0.485352
vt1 0.407715 0.490723
vt1 0.408203 0.485352
vt1 0.407959 0.490723
vt1 0.407715 0.495605
vt1 0.408691 0.490723
vt1 0.408203 0.490723
vt1 0.407959 0.495605
vt1 0.408936 0.495605
vt1 0.408691 0.495605
vt1 0.409180 0.500000
vt1 0.408936 0.500000
vt1 0.408203 0.495605
vt1 0.409668 0.503906
vt1 0.409180 0.503906
vt1 0.409668 0.507324
vt1 0.408936 0.503906
vt1 0.409668 0.510010
vt1 0.409180 0.507324
vt1 0.409668 0.512695
vt1 0.409180 0.510010
vt1 0.408936 0.507324
vt1 0.408691 0.500000
vt1 0.408691 0.503906
vt1 0.408203 0.500000
vt1 0.407959 0.500000
vt1 0.408203 0.503906
vt1 0.407715 0.500000
vt1 0.407959 0.503906
vt1 0.407715 0.503906
vt1 0.407471 0.500000
vt1 0.407471 0.503906
vt1 0.406982 0.500000
vt1 0.406982 0.503906
vt1 0.406738 0.503906
vt1 0.406982 0.507324
vt1 0.406250 0.503906
vt1 0.406006 0.507324
vt1 0.406738 0.507324
vt1 0.406250 0.507324
vt1 0.406006 0.510010
vt1 0.406738 0.510010
vt1 0.406250 0.510010
vt1 0.406006 0.512695
vt1 0.406982 0.510010
vt1 0.406250 0.512695
vt1 0.406738 0.512695
vt1 0.406250 0.514648
vt1 0.406006 0.514648
vt1 0.406738 0.514648
vt1 0.406982 0.512695
vt1 0.406250 0.516602
vt1 0.406006 0.516602
vt1 0.406738 0.516602
vt1 0.406982 0.514648
vt1 0.406250 0.518311
vt1 0.406006 0.518311
vt1 0.406738 0.518311
vt1 0.406982 0.516602
vt1 0.406250 0.520264
vt1 0.406006 0.520264
vt1 0.406738 0.520264
vt1 0.406982 0.518311
vt1 0.406250 0.521973
vt1 0.406006 0.521973
vt1 0.406738 0.521973
vt1 0.406982 0.520264
vt1 0.406250 0.523926
vt1 0.406006 0.523926
vt1 0.406738 0.523926
vt1 0.406982 0.521973
vt1 0.406250 0.526367
vt1 0.406006 0.526367
vt1 0.406738 0.526367
vt1 0.406250 0.528809
vt1 0.406006 0.528809
vt1 0.406738 0.528809
vt1 0.406250 0.531250
vt1 0.406006 0.531250
vt1 0.406982 0.523926
vt1 0.406250 0.534180
vt1 0.406006 0.534180
vt1 0.406738 0.531250
vt1 0.406250 0.536865
vt1 0.406006 0.536865
vt1 0.406738 0.534180
vt1 0.406982 0.528809
vt1 0.406250 0.540039
vt1 0.406006 0.540039
vt1 0.406738 0.536865
vt1 0.406982 0.531250
vt1 0.406982 0.534180
vt1 0.406738 0.540039
vt1 0.406982 0.536865
vt1 0.407471 0.531250
vt1 0.407471 0.534180
vt1 0.406982 0.540039
vt1 0.407471 0.528809
vt1 0.407471 0.536865
vt1 0.407715 0.531250
vt1 0.407715 0.534180
vt1 0.407715 0.528809
vt1 0.407471 0.526367
vt1 0.407715 0.526367
vt1 0.407959 0.528809
vt1 0.406982 0.526367
vt1 0.407471 0.523926
vt1 0.407715 0.523926
vt1 0.407471 0.521973
vt1 0.407715 0.521973
vt1 0.407471 0.520264
vt1 0.407715 0.520264
vt1 0.407471 0.518311
vt1 0.407715 0.518311
vt1 0.407471 0.516602
vt1 0.407715 0.516602
vt1 0.407471 0.514648
vt1 0.407715 0.514648
vt1 0.407471 0.512695
vt1 0.407715 0.512695
vt1 0.407471 0.510010
vt1 0.407715 0.510010
vt1 0.407471 0.507324
vt1 0.407715 0.507324
vt1 0.407959 0.507324
vt1 0.407959 0.510010
vt1 0.408203 0.507324
vt1 0.407959 0.512695
vt1 0.408203 0.510010
vt1 0.408691 0.507324
vt1 0.408691 0.510010
vt1 0.408936 0.510010
vt1 0.409180 0.512695
vt1 0.408936 0.512695
vt1 0.408691 0.512695
vt1 0.409180 0.514648
vt1 0.409668 0.514648
vt1 0.408936 0.514648
vt1 0.409180 0.516602
vt1 0.409668 0.516602
vt1 0.408936 0.516602
vt1 0.409180 0.518311
vt1 0.409668 0.518311
vt1 0.409912 0.518311
vt1 0.409180 0.520264
vt1 0.409912 0.520264
vt1 0.409668 0.520264
vt1 0.409912 0.521973
vt1 0.409668 0.521973
vt1 0.409180 0.521973
vt1 0.408936 0.518311
vt1 0.408936 0.520264
vt1 0.409180 0.523926
vt1 0.408936 0.521973
vt1 0.409668 0.523926
vt1 0.408936 0.523926
vt1 0.409180 0.526367
vt1 0.409912 0.523926
vt1 0.409668 0.526367
vt1 0.410400 0.523926
vt1 0.410400 0.526367
vt1 0.409912 0.526367
vt1 0.410400 0.528809
vt1 0.409912 0.528809
vt1 0.410400 0.531250
vt1 0.409668 0.528809
vt1 0.409912 0.531250
vt1 0.410400 0.534180
vt1 0.410400 0.536865
vt1 0.409912 0.534180
vt1 0.410400 0.540039
vt1 0.409912 0.536865
vt1 0.409668 0.531250
vt1 0.409668 0.534180
vt1 0.410400 0.542969
vt1 0.410400 0.546875
vt1 0.409912 0.546875
vt1 0.409912 0.540039
vt1 0.409912 0.542969
vt1 0.409668 0.546875
vt1 0.409668 0.542969
vt1 0.409180 0.546875
vt1 0.409668 0.536865
vt1 0.409668 0.540039
vt1 0.409180 0.542969
vt1 0.409180 0.540039
vt1 0.409180 0.536865
vt1 0.408936 0.542969
vt1 0.408936 0.546875
vt1 0.408936 0.540039
vt1 0.408691 0.542969
vt1 0.408691 0.546875
vt1 0.408691 0.540039
vt1 0.408936 0.536865
vt1 0.408691 0.536865
vt1 0.408203 0.540039
vt1 0.408203 0.542969
vt1 0.408203 0.546875
vt1 0.408203 0.536865
vt1 0.407959 0.542969
vt1 0.407959 0.546875
vt1 0.407959 0.540039
vt1 0.407715 0.542969
vt1 0.407715 0.546875
vt1 0.407471 0.546875
vt1 0.407715 0.540039
vt1 0.407471 0.542969
vt1 0.406982 0.542969
vt1 0.406982 0.546875
vt1 0.407471 0.540039
vt1 0.407959 0.536865
vt1 0.407715 0.536865
vt1 0.406738 0.542969
vt1 0.406738 0.546875
vt1 0.406250 0.542969
vt1 0.406250 0.546875
vt1 0.406006 0.542969
vt1 0.406006 0.546875
vt1 0.407959 0.534180
vt1 0.407959 0.531250
vt1 0.408203 0.534180
vt1 0.408203 0.531250
vt1 0.408203 0.528809
vt1 0.408691 0.534180
vt1 0.408691 0.531250
vt1 0.408936 0.534180
vt1 0.408691 0.528809
vt1 0.408936 0.531250
vt1 0.409180 0.534180
vt1 0.409180 0.531250
vt1 0.408936 0.528809
vt1 0.409180 0.528809
vt1 0.408936 0.526367
vt1 0.408691 0.526367
vt1 0.408691 0.523926
vt1 0.408203 0.526367
vt1 0.408691 0.521973
vt1 0.408203 0.523926
vt1 0.407959 0.526367
vt1 0.407959 0.523926
vt1 0.408203 0.521973
vt1 0.407959 0.521973
vt1 0.408691 0.520264
vt1 0.408203 0.520264
vt1 0.407959 0.520264
vt1 0.408691 0.518311
vt1 0.408203 0.518311
vt1 0.407959 0.518311
vt1 0.408203 0.516602
vt1 0.408691 0.516602
vt1 0.407959 0.516602
vt1 0.408203 0.514648
vt1 0.408691 0.514648
vt1 0.407959 0.514648
vt1 0.408203 0.512695
vt1 0.593750 0.446777
vt1 0.592285 0.446289
vt1 0.592773 0.445801
vt1 0.591309 0.445801
vt1 0.593262 0.447266
vt1 0.594238 0.447754
vt1 0.591309 0.445801
vt1 0.589844 0.445801
vt1 0.592285 0.446777
vt1 0.594238 0.448242
vt1 0.594727 0.449219
vt1 0.590332 0.445801
vt1 0.588867 0.445801
vt1 0.591309 0.446289
vt1 0.588867 0.446289
vt1 0.593262 0.447266
vt1 0.592285 0.446777
vt1 0.590332 0.446289
vt1 0.591309 0.446777
vt1 0.592773 0.447754
vt1 0.591797 0.447266
vt1 0.590332 0.446777
vt1 0.593750 0.448242
vt1 0.591309 0.446777
vt1 0.594238 0.449219
vt1 0.589355 0.446777
vt1 0.594238 0.450195
vt1 0.594727 0.450684
vt1 0.594238 0.449219
vt1 0.594238 0.451660
vt1 0.594238 0.451660
vt1 0.594238 0.450195
vt1 0.593750 0.451172
vt1 0.593262 0.452637
vt1 0.593750 0.452637
vt1 0.593262 0.452148
vt1 0.592285 0.453125
vt1 0.592773 0.453613
vt1 0.591309 0.454102
vt1 0.592285 0.453125
vt1 0.591309 0.453613
vt1 0.589844 0.454102
vt1 0.592285 0.452637
vt1 0.590332 0.453613
vt1 0.588867 0.453613
vt1 0.591309 0.453125
vt1 0.588867 0.453125
vt1 0.590332 0.453125
vt1 0.591309 0.453125
vt1 0.592773 0.452148
vt1 0.591797 0.452148
vt1 0.593262 0.451172
vt1 0.592773 0.451660
vt1 0.593750 0.450195
vt1 0.593262 0.451172
vt1 0.591797 0.452148
vt1 0.593750 0.449219
vt1 0.592285 0.451660
vt1 0.593262 0.450195
vt1 0.592773 0.451172
vt1 0.593262 0.448242
vt1 0.593262 0.449219
vt1 0.592773 0.447754
vt1 0.593262 0.448730
vt1 0.591797 0.447754
vt1 0.592285 0.448242
vt1 0.592773 0.448730
vt1 0.593262 0.450195
vt1 0.593262 0.449219
vt1 0.592285 0.448242
vt1 0.592773 0.448730
vt1 0.591797 0.447754
vt1 0.591309 0.447266
vt1 0.591797 0.448242
vt1 0.590332 0.446777
vt1 0.590820 0.447754
vt1 0.590332 0.447266
vt1 0.589355 0.446777
vt1 0.589355 0.447266
vt1 0.590332 0.447754
vt1 0.588379 0.447754
vt1 0.589355 0.447754
vt1 0.588867 0.447754
vt1 0.588867 0.448242
vt1 0.588379 0.447266
vt1 0.588379 0.448730
vt1 0.587891 0.447266
vt1 0.587891 0.446777
vt1 0.587891 0.448242
vt1 0.587402 0.448242
vt1 0.587402 0.448242
vt1 0.586914 0.447754
vt1 0.587402 0.449219
vt1 0.586914 0.449219
vt1 0.586426 0.449219
vt1 0.587402 0.449219
vt1 0.586914 0.450195
vt1 0.586426 0.450684
vt1 0.586914 0.451660
vt1 0.587402 0.450195
vt1 0.587402 0.451660
vt1 0.587891 0.452637
vt1 0.587402 0.450195
vt1 0.587402 0.451172
vt1 0.587891 0.452637
vt1 0.588379 0.452148
vt1 0.587891 0.451172
vt1 0.589355 0.453125
vt1 0.588379 0.452148
vt1 0.587891 0.450195
vt1 0.590332 0.453125
vt1 0.587891 0.449219
vt1 0.588379 0.451172
vt1 0.588379 0.450195
vt1 0.588379 0.449219
vt1 0.588379 0.448730
vt1 0.588379 0.450195
vt1 0.588379 0.449219
vt1 0.588867 0.448730
vt1 0.589355 0.448242
vt1 0.588867 0.448730
vt1 0.589844 0.447754
vt1 0.589355 0.448242
vt1 0.588867 0.449707
vt1 0.590332 0.447754
vt1 0.589844 0.448242
vt1 0.590820 0.447754
vt1 0.590332 0.448242
vt1 0.589844 0.448242
vt1 0.589844 0.448730
vt1 0.590332 0.448730
vt1 0.590820 0.448242
vt1 0.589355 0.449219
vt1 0.589844 0.448730
vt1 0.589355 0.449707
vt1 0.589355 0.449219
vt1 0.589844 0.449219
vt1 0.588867 0.450195
vt1 0.589355 0.449707
vt1 0.589355 0.450195
vt1 0.589844 0.449219
vt1 0.590332 0.448730
vt1 0.590332 0.449219
vt1 0.589844 0.449707
vt1 0.590332 0.448730
vt1 0.589355 0.450195
vt1 0.590820 0.448730
vt1 0.590332 0.448730
vt1 0.590332 0.449219
vt1 0.591309 0.448242
vt1 0.590820 0.448730
vt1 0.591309 0.448730
vt1 0.590820 0.449219
vt1 0.591309 0.448730
vt1 0.590332 0.449707
vt1 0.590820 0.449219
vt1 0.590820 0.449707
vt1 0.590332 0.449707
vt1 0.590820 0.449707
vt1 0.590332 0.449707
vt1 0.590332 0.449707
vt1 0.589844 0.449707
vt1 0.589844 0.449707
vt1 0.590332 0.449707
vt1 0.589844 0.449707
vt1 0.590820 0.449707
vt1 0.590332 0.449707
vt1 0.590332 0.449707
vt1 0.590332 0.450195
vt1 0.590332 0.450195
vt1 0.589844 0.450195
vt1 0.590332 0.450195
vt1 0.589355 0.450195
vt1 0.589844 0.450684
vt1 0.589355 0.450684
vt1 0.589844 0.450684
vt1 0.590332 0.450684
vt1 0.588867 0.450684
vt1 0.589355 0.450684
vt1 0.590332 0.450684
vt1 0.590332 0.450195
vt1 0.590332 0.451172
vt1 0.590332 0.450195
vt1 0.590332 0.450684
vt1 0.590820 0.450195
vt1 0.590820 0.450195
vt1 0.590820 0.450684
vt1 0.590820 0.450195
vt1 0.590820 0.450195
vt1 0.590820 0.451172
vt1 0.591309 0.450684
vt1 0.590820 0.450195
vt1 0.590820 0.450195
vt1 0.590820 0.450195
vt1 0.591309 0.450195
vt1 0.590820 0.449707
vt1 0.591309 0.450684
vt1 0.591309 0.450195
vt1 0.591309 0.450684
vt1 0.590820 0.449707
vt1 0.591309 0.450195
vt1 0.591309 0.449707
vt1 0.591797 0.450684
vt1 0.590820 0.449707
vt1 0.591797 0.449707
vt1 0.591309 0.449707
vt1 0.591797 0.450195
vt1 0.591309 0.451172
vt1 0.591797 0.450684
vt1 0.590820 0.451172
vt1 0.591797 0.451172
vt1 0.590332 0.451172
vt1 0.590820 0.451660
vt1 0.589844 0.451172
vt1 0.590332 0.451660
vt1 0.589844 0.451660
vt1 0.589355 0.451172
vt1 0.589844 0.451660
vt1 0.589355 0.451172
vt1 0.588867 0.450684
vt1 0.590332 0.452148
vt1 0.589355 0.452148
vt1 0.588867 0.451660
vt1 0.588379 0.450684
vt1 0.588867 0.451660
vt1 0.589355 0.452148
vt1 0.589355 0.452637
vt1 0.590332 0.452148
vt1 0.590332 0.452637
vt1 0.591309 0.452637
vt1 0.591309 0.452148
vt1 0.591797 0.451660
vt1 0.590820 0.452148
vt1 0.592285 0.451172
vt1 0.591309 0.451660
vt1 0.592773 0.450684
vt1 0.592285 0.450684
vt1 0.592773 0.450195
vt1 0.592285 0.450684
vt1 0.592773 0.450195
vt1 0.592773 0.449219
vt1 0.592285 0.450195
vt1 0.592773 0.449707
vt1 0.592285 0.448730
vt1 0.591797 0.450195
vt1 0.592285 0.449707
vt1 0.592285 0.449219
vt1 0.591797 0.449707
vt1 0.591797 0.448242
vt1 0.591797 0.448730
vt1 0.591797 0.449219
vt1 0.591797 0.448730
vt1 0.591797 0.449707
vt1 0.591309 0.449219
vt1 0.591309 0.449219
vt1 0.591309 0.449707
vt1 0.591309 0.449219
vt1 0.590820 0.449707
vt1 0.590820 0.449219
vt1 0.590820 0.449707
vt1 0.590820 0.449707
vt1 0.597168 0.447754
vt1 0.596680 0.447754
vt1 0.597168 0.447266
vt1 0.597656 0.446777
vt1 0.596680 0.448242
vt1 0.596191 0.448730
vt1 0.597656 0.447266
vt1 0.598633 0.446777
vt1 0.596680 0.448730
vt1 0.596191 0.449707
vt1 0.598633 0.446777
vt1 0.599121 0.446777
vt1 0.597656 0.447754
vt1 0.598145 0.447266
vt1 0.599121 0.446777
vt1 0.600098 0.446777
vt1 0.598633 0.447266
vt1 0.599609 0.447266
vt1 0.599121 0.447266
vt1 0.598633 0.447754
vt1 0.600586 0.447754
vt1 0.600586 0.447266
vt1 0.599609 0.447266
vt1 0.600586 0.448242
vt1 0.601074 0.447754
vt1 0.600098 0.447754
vt1 0.600586 0.448242
vt1 0.601074 0.448730
vt1 0.601562 0.448730
vt1 0.601562 0.449707
vt1 0.599121 0.447754
vt1 0.599609 0.447754
vt1 0.599121 0.448242
vt1 0.600098 0.448242
vt1 0.599121 0.448242
vt1 0.600098 0.448242
vt1 0.599609 0.448242
vt1 0.599121 0.448242
vt1 0.600586 0.448730
vt1 0.599609 0.448730
vt1 0.600098 0.448730
vt1 0.599121 0.448730
vt1 0.599121 0.448242
vt1 0.599121 0.448730
vt1 0.599609 0.448730
vt1 0.599121 0.448730
vt1 0.600098 0.448730
vt1 0.599121 0.448730
vt1 0.599609 0.449219
vt1 0.600098 0.449219
vt1 0.599121 0.449219
vt1 0.600098 0.449219
vt1 0.599609 0.449219
vt1 0.599121 0.449219
vt1 0.598633 0.449219
vt1 0.599121 0.449219
vt1 0.599609 0.449219
vt1 0.599121 0.449219
vt1 0.599609 0.449707
vt1 0.599121 0.449707
vt1 0.599121 0.449219
vt1 0.599609 0.449707
vt1 0.599121 0.449707
vt1 0.600098 0.449707
vt1 0.600586 0.449219
vt1 0.601074 0.449707
vt1 0.601074 0.450195
vt1 0.600586 0.450195
vt1 0.600586 0.450195
vt1 0.600586 0.451172
vt1 0.600586 0.450684
vt1 0.600098 0.450195
vt1 0.600098 0.450195
vt1 0.599609 0.451172
vt1 0.600098 0.451660
vt1 0.599609 0.450684
vt1 0.599121 0.451172
vt1 0.599121 0.451660
vt1 0.598633 0.451660
vt1 0.599609 0.450195
vt1 0.598633 0.451172
vt1 0.597656 0.451660
vt1 0.599121 0.450684
vt1 0.597656 0.451172
vt1 0.598633 0.450684
vt1 0.599121 0.450684
vt1 0.599121 0.450195
vt1 0.599121 0.450195
vt1 0.598633 0.450684
vt1 0.599121 0.449707
vt1 0.598633 0.450195
vt1 0.598145 0.450684
vt1 0.598145 0.450195
vt1 0.599121 0.449707
vt1 0.598633 0.449707
vt1 0.598145 0.450195
vt1 0.598633 0.449707
vt1 0.598633 0.449707
vt1 0.598145 0.449707
vt1 0.598633 0.449219
vt1 0.598145 0.449707
vt1 0.598633 0.449219
vt1 0.598633 0.449219
vt1 0.598145 0.449219
vt1 0.597656 0.450195
vt1 0.597656 0.449707
vt1 0.597656 0.450195
vt1 0.597656 0.449707
vt1 0.597656 0.449219
vt1 0.598145 0.449219
vt1 0.598633 0.449219
vt1 0.598145 0.449219
vt1 0.597656 0.448730
vt1 0.598633 0.449219
vt1 0.598145 0.448730
vt1 0.597656 0.448730
vt1 0.598633 0.448730
vt1 0.598145 0.448730
vt1 0.598633 0.448730
vt1 0.598633 0.448730
vt1 0.598145 0.448242
vt1 0.598633 0.448242
vt1 0.598633 0.448730
vt1 0.599121 0.448730
vt1 0.598633 0.448242
vt1 0.598633 0.448242
vt1 0.598145 0.448242
vt1 0.598145 0.447754
vt1 0.597656 0.448242
vt1 0.597656 0.448242
vt1 0.597168 0.448242
vt1 0.597168 0.448730
vt1 0.597168 0.449219
vt1 0.597168 0.448730
vt1 0.597168 0.449219
vt1 0.597168 0.449707
vt1 0.596680 0.449707
vt1 0.596680 0.450195
vt1 0.596680 0.450195
vt1 0.597168 0.450684
vt1 0.597168 0.451172
vt1 0.599609 0.444824
vt1 0.601074 0.443848
vt1 0.600098 0.445312
vt1 0.599121 0.445801
vt1 0.600586 0.443848
vt1 0.601562 0.442871
vt1 0.598633 0.445801
vt1 0.597656 0.446289
vt1 0.599609 0.444824
vt1 0.601074 0.442383
vt1 0.597656 0.445801
vt1 0.596191 0.446289
vt1 0.598633 0.445312
vt1 0.600098 0.443848
vt1 0.599121 0.444336
vt1 0.597656 0.445801
vt1 0.598633 0.444824
vt1 0.600098 0.443359
vt1 0.596191 0.445801
vt1 0.600586 0.442383
vt1 0.595215 0.445801
vt1 0.595215 0.445801
vt1 0.599121 0.444336
vt1 0.594238 0.444824
vt1 0.593750 0.445312
vt1 0.595215 0.445312
vt1 0.593262 0.443848
vt1 0.593262 0.443848
vt1 0.594238 0.444824
vt1 0.593750 0.443848
vt1 0.592773 0.442871
vt1 0.592773 0.442871
vt1 0.592773 0.441406
vt1 0.593262 0.442383
vt1 0.592773 0.441406
vt1 0.593262 0.439941
vt1 0.593750 0.442383
vt1 0.593262 0.439941
vt1 0.593750 0.438965
vt1 0.593262 0.441406
vt1 0.594238 0.438965
vt1 0.593750 0.440430
vt1 0.593750 0.441406
vt1 0.594238 0.443359
vt1 0.593750 0.442383
vt1 0.594727 0.444336
vt1 0.594238 0.443359
vt1 0.593750 0.441406
vt1 0.594238 0.442383
vt1 0.594727 0.444336
vt1 0.593750 0.440430
vt1 0.595703 0.444824
vt1 0.596191 0.445801
vt1 0.597656 0.445312
vt1 0.596680 0.445312
vt1 0.598145 0.444824
vt1 0.597656 0.444824
vt1 0.595703 0.444824
vt1 0.596680 0.444824
vt1 0.598145 0.444336
vt1 0.597656 0.444824
vt1 0.599121 0.443848
vt1 0.599609 0.443359
vt1 0.598633 0.443848
vt1 0.600098 0.442383
vt1 0.599609 0.443359
vt1 0.600098 0.442383
vt1 0.600586 0.441406
vt1 0.600098 0.441406
vt1 0.599609 0.442383
vt1 0.601074 0.441406
vt1 0.601562 0.441406
vt1 0.601074 0.439941
vt1 0.600586 0.439941
vt1 0.600098 0.438965
vt1 0.600098 0.440430
vt1 0.600098 0.440430
vt1 0.599609 0.439453
vt1 0.599609 0.438965
vt1 0.598633 0.438477
vt1 0.599121 0.437988
vt1 0.598633 0.438477
vt1 0.599121 0.439453
vt1 0.597656 0.437988
vt1 0.597656 0.437500
vt1 0.596191 0.437500
vt1 0.597656 0.438477
vt1 0.596191 0.437988
vt1 0.595215 0.437988
vt1 0.597656 0.438477
vt1 0.595215 0.438477
vt1 0.596191 0.438477
vt1 0.595215 0.438965
vt1 0.596680 0.438477
vt1 0.594238 0.439453
vt1 0.595215 0.438965
vt1 0.594727 0.439453
vt1 0.594238 0.440430
vt1 0.595703 0.439453
vt1 0.594238 0.441406
vt1 0.594727 0.439941
vt1 0.594727 0.440918
vt1 0.594727 0.442383
vt1 0.594727 0.441406
vt1 0.595215 0.439941
vt1 0.594727 0.443359
vt1 0.595215 0.443848
vt1 0.594727 0.442871
vt1 0.595703 0.444336
vt1 0.595215 0.443848
vt1 0.596680 0.444824
vt1 0.595703 0.444336
vt1 0.595215 0.442871
vt1 0.595703 0.443359
vt1 0.594727 0.442383
vt1 0.595703 0.443359
vt1 0.594727 0.441895
vt1 0.595215 0.442871
vt1 0.594727 0.440918
vt1 0.595215 0.441895
vt1 0.595215 0.440918
vt1 0.595215 0.440430
vt1 0.595215 0.442383
vt1 0.595215 0.441406
vt1 0.595703 0.442871
vt1 0.595703 0.440430
vt1 0.595703 0.441895
vt1 0.595703 0.441406
vt1 0.595703 0.440918
vt1 0.595703 0.442383
vt1 0.595703 0.441406
vt1 0.595703 0.441895
vt1 0.595703 0.442383
vt1 0.595703 0.442383
vt1 0.596191 0.441406
vt1 0.596191 0.441895
vt1 0.596191 0.442383
vt1 0.596191 0.442383
vt1 0.596680 0.441895
vt1 0.596191 0.441895
vt1 0.596191 0.441406
vt1 0.596191 0.440918
vt1 0.595703 0.440918
vt1 0.596191 0.440918
vt1 0.596191 0.440430
vt1 0.596191 0.440430
vt1 0.596680 0.440430
vt1 0.596191 0.439941
vt1 0.596680 0.440430
vt1 0.595703 0.439941
vt1 0.596680 0.439941
vt1 0.595703 0.439453
vt1 0.596680 0.439453
vt1 0.596680 0.439453
vt1 0.596680 0.438965
vt1 0.597168 0.439453
vt1 0.597656 0.438965
vt1 0.597168 0.439453
vt1 0.598633 0.438965
vt1 0.598145 0.439453
vt1 0.599121 0.439941
vt1 0.598145 0.439453
vt1 0.599609 0.440430
vt1 0.599121 0.439941
vt1 0.598145 0.439941
vt1 0.600098 0.441406
vt1 0.599609 0.440918
vt1 0.598633 0.440430
vt1 0.597168 0.439941
vt1 0.598145 0.439941
vt1 0.597168 0.440430
vt1 0.598633 0.440430
vt1 0.597168 0.440430
vt1 0.597656 0.440430
vt1 0.596680 0.440918
vt1 0.599121 0.440918
vt1 0.596680 0.441406
vt1 0.599609 0.441406
vt1 0.596680 0.441406
vt1 0.599609 0.442383
vt1 0.596680 0.441895
vt1 0.599609 0.441406
vt1 0.599121 0.442871
vt1 0.599121 0.440918
vt1 0.599121 0.442383
vt1 0.598145 0.440918
vt1 0.599121 0.441895
vt1 0.598633 0.440918
vt1 0.597656 0.440430
vt1 0.598145 0.440918
vt1 0.598633 0.441895
vt1 0.598145 0.441406
vt1 0.597656 0.440918
vt1 0.597656 0.440918
vt1 0.597168 0.440918
vt1 0.597656 0.441406
vt1 0.596680 0.440918
vt1 0.597168 0.441406
vt1 0.597168 0.440918
vt1 0.596680 0.441406
vt1 0.596680 0.441406
vt1 0.596680 0.441895
vt1 0.596680 0.441895
vt1 0.597168 0.441895
vt1 0.597168 0.441895
vt1 0.597168 0.441406
vt1 0.597168 0.441895
vt1 0.597168 0.441406
vt1 0.597168 0.441895
vt1 0.597168 0.441406
vt1 0.597168 0.441895
vt1 0.597168 0.441895
vt1 0.597656 0.441895
vt1 0.597656 0.441406
vt1 0.597168 0.441895
vt1 0.598145 0.441406
vt1 0.597656 0.441895
vt1 0.598633 0.441895
vt1 0.598145 0.441895
vt1 0.597656 0.441895
vt1 0.598633 0.442383
vt1 0.598145 0.442383
vt1 0.597656 0.441895
vt1 0.598633 0.442383
vt1 0.598145 0.442871
vt1 0.598633 0.442871
vt1 0.599121 0.442871
vt1 0.598145 0.443359
vt1 0.598633 0.443359
vt1 0.598145 0.442383
vt1 0.598145 0.444336
vt1 0.598145 0.443848
vt1 0.597168 0.444336
vt1 0.596680 0.444336
vt1 0.597168 0.444336
vt1 0.596191 0.443848
vt1 0.596680 0.444336
vt1 0.596191 0.443848
vt1 0.597656 0.443848
vt1 0.597168 0.443848
vt1 0.596680 0.443848
vt1 0.597168 0.443359
vt1 0.597656 0.443359
vt1 0.596680 0.443359
vt1 0.596191 0.443359
vt1 0.596680 0.443359
vt1 0.595703 0.442871
vt1 0.596680 0.442871
vt1 0.596191 0.442871
vt1 0.596680 0.442871
vt1 0.596191 0.442871
vt1 0.596680 0.442871
vt1 0.596680 0.442383
vt1 0.596680 0.442383
vt1 0.597168 0.443359
vt1 0.596680 0.442383
vt1 0.597168 0.442871
vt1 0.597656 0.442871
vt1 0.596680 0.442383
vt1 0.597168 0.442383
vt1 0.597168 0.442383
vt1 0.596680 0.442383
vt1 0.597168 0.442871
vt1 0.597168 0.442383
vt1 0.597168 0.442383
vt1 0.597168 0.442383
vt1 0.597656 0.442871
vt1 0.597656 0.442383
vt1 0.597168 0.442383
vt1 0.597168 0.441895
vt1 0.597656 0.442383
vt1 0.597168 0.441895
vt1 0.597656 0.442383
vt1 0.597656 0.442871
vt1 0.597656 0.441895
vt1 0.598145 0.442871
vt1 0.596680 0.441895
vt1 0.596680 0.441895
vt1 0.596191 0.441895
vt1 0.596680 0.442383
vt1 0.596680 0.442383
vt1 0.599121 0.433594
vt1 0.598633 0.433105
vt1 0.599609 0.433105
vt1 0.598145 0.433594
vt1 0.599609 0.433105
vt1 0.600098 0.433105
vt1 0.598633 0.434082
vt1 0.600098 0.433105
vt1 0.598145 0.434082
vt1 0.597656 0.434082
vt1 0.598633 0.434082
vt1 0.597656 0.435059
vt1 0.597656 0.434570
vt1 0.598633 0.434570
vt1 0.597656 0.435547
vt1 0.597656 0.435547
vt1 0.597656 0.436035
vt1 0.598145 0.435059
vt1 0.598145 0.436035
vt1 0.598145 0.436523
vt1 0.598145 0.435547
vt1 0.598633 0.436523
vt1 0.598633 0.437012
vt1 0.598633 0.436035
vt1 0.598633 0.436035
vt1 0.599121 0.437012
vt1 0.599609 0.437500
vt1 0.599121 0.436035
vt1 0.599609 0.437012
vt1 0.599121 0.436523
vt1 0.600098 0.437012
vt1 0.600098 0.437500
vt1 0.599609 0.436523
vt1 0.599121 0.436035
vt1 0.600098 0.436523
vt1 0.599609 0.436035
vt1 0.600586 0.437012
vt1 0.600586 0.437012
vt1 0.601074 0.436523
vt1 0.600098 0.436035
vt1 0.600586 0.436523
vt1 0.601074 0.436523
vt1 0.599609 0.436035
vt1 0.600098 0.436035
vt1 0.599609 0.436035
vt1 0.599609 0.436035
vt1 0.599609 0.435547
vt1 0.599121 0.435547
vt1 0.599609 0.435547
vt1 0.599609 0.435547
vt1 0.598633 0.435547
vt1 0.600098 0.436035
vt1 0.598633 0.435547
vt1 0.600586 0.436035
vt1 0.598633 0.435059
vt1 0.599121 0.435547
vt1 0.598633 0.434570
vt1 0.599609 0.435547
vt1 0.599121 0.434570
vt1 0.599609 0.435547
vt1 0.599121 0.433594
vt1 0.599609 0.433594
vt1 0.599121 0.434082
vt1 0.599609 0.434570
vt1 0.599609 0.434082
vt1 0.600098 0.433594
vt1 0.599121 0.434570
vt1 0.599609 0.434570
vt1 0.599121 0.435059
vt1 0.599609 0.435059
vt1 0.599609 0.435059
vt1 0.599121 0.435059
vt1 0.599609 0.435059
vt1 0.599121 0.435059
vt1 0.599121 0.435059
vt1 0.599121 0.435059
vt1 0.599609 0.435059
vt1 0.599609 0.434570
vt1 0.600098 0.435547
vt1 0.600098 0.435547
vt1 0.600098 0.435547
vt1 0.600098 0.435547
vt1 0.600586 0.435547
vt1 0.600098 0.435059
vt1 0.600586 0.435547
vt1 0.600586 0.435059
vt1 0.600098 0.435059
vt1 0.600586 0.436035
vt1 0.601074 0.436035
vt1 0.600586 0.435547
vt1 0.601562 0.436035
vt1 0.601562 0.436035
vt1 0.601074 0.435547
vt1 0.601562 0.435547
vt1 0.602051 0.435547
vt1 0.602051 0.434570
vt1 0.601562 0.435059
vt1 0.601562 0.434082
vt1 0.601074 0.435059
vt1 0.601562 0.434082
vt1 0.601074 0.433594
vt1 0.600586 0.435059
vt1 0.601074 0.434082
vt1 0.600586 0.433105
vt1 0.601074 0.434570
vt1 0.600586 0.434570
vt1 0.600586 0.434082
vt1 0.600586 0.433594
vt1 0.600586 0.433594
vt1 0.600586 0.434570
vt1 0.600098 0.434082
vt1 0.600586 0.435059
vt1 0.600098 0.434570
vt1 0.600098 0.434082
vt1 0.600098 0.434570
vt1 0.599609 0.434570
vt1 0.599609 0.434570
vt1 0.600098 0.435059
vt1 0.600098 0.435059
vt1 0.600098 0.435059
vt1 0.600586 0.435059
vt1 0.343018 0.417969
vt1 0.344971 0.422852
vt1 0.342529 0.417969
vt1 0.345459 0.422852
vt1 0.347412 0.427734
vt1 0.357422 0.418457
vt1 0.347900 0.427734
vt1 0.349854 0.432617
vt1 0.358887 0.422852
vt1 0.371582 0.418457
vt1 0.350342 0.432129
vt1 0.352295 0.437012
vt1 0.360596 0.427734
vt1 0.372314 0.423340
vt1 0.385742 0.418457
vt1 0.352783 0.437012
vt1 0.354736 0.442383
vt1 0.362061 0.432617
vt1 0.373047 0.427734
vt1 0.355225 0.441895
vt1 0.357666 0.448242
vt1 0.363770 0.437012
vt1 0.358398 0.447754
vt1 0.360840 0.454102
vt1 0.365479 0.442383
vt1 0.374023 0.432617
vt1 0.374756 0.437500
vt1 0.361328 0.454102
vt1 0.363770 0.459961
vt1 0.367432 0.448242
vt1 0.364258 0.459961
vt1 0.366211 0.465332
vt1 0.369385 0.454102
vt1 0.375488 0.442383
vt1 0.376709 0.448242
vt1 0.366943 0.465332
vt1 0.368408 0.470703
vt1 0.371582 0.459961
vt1 0.368896 0.470215
vt1 0.370117 0.475098
vt1 0.373047 0.465332
vt1 0.377686 0.454102
vt1 0.378662 0.459961
vt1 0.370605 0.475098
vt1 0.371826 0.479980
vt1 0.374512 0.470215
vt1 0.372314 0.479980
vt1 0.373291 0.484863
vt1 0.375732 0.475098
vt1 0.379395 0.465332
vt1 0.380127 0.470215
vt1 0.374023 0.484863
vt1 0.375000 0.489746
vt1 0.375732 0.489746
vt1 0.376709 0.479980
vt1 0.377930 0.484863
vt1 0.379150 0.489746
vt1 0.380859 0.475098
vt1 0.381348 0.479980
vt1 0.381836 0.484863
vt1 0.382568 0.489746
vt1 0.385742 0.475098
vt1 0.385986 0.484863
vt1 0.385986 0.489746
vt1 0.389404 0.489746
vt1 0.385986 0.479980
vt1 0.389893 0.484863
vt1 0.392822 0.489746
vt1 0.390381 0.479980
vt1 0.393799 0.484863
vt1 0.396240 0.489746
vt1 0.390869 0.475098
vt1 0.397705 0.484863
vt1 0.396729 0.489746
vt1 0.398438 0.484863
vt1 0.395020 0.479980
vt1 0.399414 0.479980
vt1 0.399902 0.479980
vt1 0.395996 0.475098
vt1 0.401123 0.475098
vt1 0.401611 0.475098
vt1 0.391357 0.470215
vt1 0.402832 0.470215
vt1 0.403320 0.470215
vt1 0.397217 0.470215
vt1 0.404785 0.464844
vt1 0.405273 0.465332
vt1 0.398438 0.464844
vt1 0.407227 0.459961
vt1 0.407715 0.459961
vt1 0.400146 0.459961
vt1 0.392090 0.464844
vt1 0.392822 0.459961
vt1 0.402100 0.454102
vt1 0.410156 0.453613
vt1 0.410645 0.454102
vt1 0.393799 0.454102
vt1 0.413086 0.447754
vt1 0.413818 0.447754
vt1 0.404053 0.447754
vt1 0.394775 0.447754
vt1 0.416260 0.441895
vt1 0.416748 0.442383
vt1 0.406006 0.441895
vt1 0.418701 0.437012
vt1 0.419189 0.437012
vt1 0.407715 0.437012
vt1 0.395996 0.442383
vt1 0.396729 0.437012
vt1 0.409180 0.432617
vt1 0.421143 0.432129
vt1 0.421631 0.432617
vt1 0.397461 0.432617
vt1 0.423584 0.427734
vt1 0.424072 0.427734
vt1 0.410889 0.427734
vt1 0.398193 0.427734
vt1 0.426025 0.422852
vt1 0.426514 0.422852
vt1 0.428467 0.417969
vt1 0.428955 0.418457
vt1 0.414062 0.417969
vt1 0.412598 0.422852
vt1 0.399902 0.418457
vt1 0.399170 0.422852
vt1 0.385742 0.423340
vt1 0.385742 0.427734
vt1 0.385742 0.432617
vt1 0.385742 0.437500
vt1 0.385742 0.442383
vt1 0.385742 0.448242
vt1 0.385742 0.454102
vt1 0.385742 0.459961
vt1 0.385742 0.465332
vt1 0.385742 0.470215
vt1 0.609863 0.418457
vt1 0.606445 0.422363
vt1 0.609375 0.417969
vt1 0.605957 0.422363
vt1 0.608398 0.417969
vt1 0.603027 0.426758
vt1 0.604980 0.422363
vt1 0.592285 0.417969
vt1 0.602539 0.426270
vt1 0.599609 0.430664
vt1 0.589355 0.422363
vt1 0.576660 0.417969
vt1 0.601562 0.426270
vt1 0.599121 0.430176
vt1 0.596191 0.434570
vt1 0.573730 0.422363
vt1 0.560547 0.417969
vt1 0.595703 0.434570
vt1 0.592285 0.438965
vt1 0.557617 0.421875
vt1 0.544434 0.417969
vt1 0.586426 0.426270
vt1 0.570801 0.426270
vt1 0.541992 0.421875
vt1 0.528320 0.417969
vt1 0.598145 0.430176
vt1 0.583008 0.430176
vt1 0.594727 0.434082
vt1 0.591797 0.438965
vt1 0.588379 0.444336
vt1 0.580078 0.434082
vt1 0.587891 0.443848
vt1 0.584473 0.449219
vt1 0.591309 0.438477
vt1 0.583984 0.449219
vt1 0.580078 0.454590
vt1 0.587402 0.443848
vt1 0.579590 0.454590
vt1 0.577148 0.459473
vt1 0.583008 0.449219
vt1 0.576660 0.438477
vt1 0.576660 0.458984
vt1 0.574707 0.464355
vt1 0.579102 0.454590
vt1 0.573730 0.464355
vt1 0.572266 0.469238
vt1 0.576172 0.458984
vt1 0.571777 0.468750
vt1 0.570312 0.473633
vt1 0.573242 0.463867
vt1 0.569824 0.473633
vt1 0.568359 0.478516
vt1 0.571289 0.468750
vt1 0.567871 0.478027
vt1 0.566406 0.482910
vt1 0.565918 0.482910
vt1 0.569336 0.473633
vt1 0.567383 0.478027
vt1 0.564941 0.482910
vt1 0.558594 0.468750
vt1 0.554688 0.478027
vt1 0.553223 0.482910
vt1 0.556641 0.473633
vt1 0.542480 0.478027
vt1 0.541016 0.482910
vt1 0.544434 0.473633
vt1 0.530273 0.478027
vt1 0.528809 0.482910
vt1 0.531738 0.473633
vt1 0.545898 0.468750
vt1 0.533203 0.468750
vt1 0.519043 0.473633
vt1 0.518066 0.478027
vt1 0.516602 0.482910
vt1 0.520508 0.468750
vt1 0.505859 0.478027
vt1 0.504395 0.482910
vt1 0.506836 0.473633
vt1 0.493408 0.478027
vt1 0.492432 0.482910
vt1 0.494385 0.473633
vt1 0.507812 0.468750
vt1 0.495361 0.468750
vt1 0.481934 0.473633
vt1 0.481201 0.478027
vt1 0.480225 0.482910
vt1 0.482666 0.468750
vt1 0.468750 0.478027
vt1 0.468262 0.482910
vt1 0.469238 0.473633
vt1 0.456299 0.478027
vt1 0.456055 0.482910
vt1 0.456787 0.473633
vt1 0.469971 0.468750
vt1 0.457275 0.468750
vt1 0.444336 0.473633
vt1 0.444092 0.478027
vt1 0.443848 0.482910
vt1 0.431641 0.482910
vt1 0.431641 0.478027
vt1 0.431885 0.473145
vt1 0.431885 0.468750
vt1 0.444580 0.468750
vt1 0.431885 0.463867
vt1 0.444824 0.464355
vt1 0.431885 0.458984
vt1 0.457520 0.464355
vt1 0.445068 0.458984
vt1 0.431885 0.454102
vt1 0.470459 0.464355
vt1 0.458008 0.458984
vt1 0.445312 0.454102
vt1 0.431885 0.449219
vt1 0.483398 0.464355
vt1 0.471191 0.458984
vt1 0.458740 0.454102
vt1 0.445557 0.449219
vt1 0.431885 0.443848
vt1 0.472168 0.454102
vt1 0.446045 0.443848
vt1 0.431885 0.438965
vt1 0.459473 0.449219
vt1 0.446289 0.438965
vt1 0.431885 0.434082
vt1 0.460205 0.443848
vt1 0.446777 0.434082
vt1 0.431885 0.430176
vt1 0.460938 0.438965
vt1 0.473145 0.449219
vt1 0.474365 0.443848
vt1 0.461670 0.434082
vt1 0.447021 0.430176
vt1 0.431885 0.426270
vt1 0.475342 0.438965
vt1 0.447266 0.426270
vt1 0.431885 0.422363
vt1 0.462158 0.430176
vt1 0.447754 0.422363
vt1 0.431885 0.417969
vt1 0.447998 0.417969
vt1 0.462891 0.426270
vt1 0.463379 0.422363
vt1 0.464111 0.417969
vt1 0.477295 0.430176
vt1 0.479248 0.422363
vt1 0.479980 0.417969
vt1 0.478271 0.426270
vt1 0.494873 0.422363
vt1 0.496094 0.417969
vt1 0.493652 0.426270
vt1 0.492432 0.430176
vt1 0.510742 0.422363
vt1 0.512207 0.417969
vt1 0.508789 0.426270
vt1 0.507324 0.430176
vt1 0.526367 0.422363
vt1 0.524414 0.426270
vt1 0.540039 0.426270
vt1 0.522461 0.430176
vt1 0.537598 0.430176
vt1 0.555176 0.426270
vt1 0.552734 0.430176
vt1 0.567871 0.430176
vt1 0.565430 0.434082
vt1 0.550293 0.434082
vt1 0.562500 0.438477
vt1 0.535645 0.434082
vt1 0.547852 0.438477
vt1 0.573242 0.443848
vt1 0.559082 0.443848
vt1 0.569336 0.449219
vt1 0.544922 0.443848
vt1 0.565918 0.454102
vt1 0.555664 0.449219
vt1 0.562988 0.458984
vt1 0.552246 0.454102
vt1 0.560547 0.463867
vt1 0.549805 0.458984
vt1 0.547852 0.463867
vt1 0.539062 0.454102
vt1 0.534668 0.464355
vt1 0.536621 0.458984
vt1 0.521973 0.464355
vt1 0.523438 0.458984
vt1 0.525391 0.454102
vt1 0.508789 0.464355
vt1 0.510254 0.458984
vt1 0.512207 0.454102
vt1 0.496338 0.464355
vt1 0.497314 0.458984
vt1 0.484375 0.458984
vt1 0.485352 0.454102
vt1 0.498779 0.454102
vt1 0.487061 0.449219
vt1 0.500488 0.449219
vt1 0.488525 0.443848
vt1 0.514160 0.449219
vt1 0.502441 0.443848
vt1 0.489990 0.438965
vt1 0.528320 0.449219
vt1 0.516602 0.443848
vt1 0.541992 0.449219
vt1 0.530762 0.443848
vt1 0.533203 0.438477
vt1 0.519043 0.438477
vt1 0.520508 0.434082
vt1 0.505859 0.434082
vt1 0.504395 0.438965
vt1 0.491211 0.434082
vt1 0.476318 0.434082
vt1 0.340576 0.604736
vt1 0.343750 0.608887
vt1 0.340088 0.605225
vt1 0.344238 0.608643
vt1 0.347412 0.612793
vt1 0.341309 0.604736
vt1 0.347900 0.612549
vt1 0.351074 0.616699
vt1 0.344971 0.608398
vt1 0.357422 0.603760
vt1 0.351562 0.616211
vt1 0.354492 0.620605
vt1 0.348389 0.612305
vt1 0.360596 0.607666
vt1 0.373779 0.603271
vt1 0.354980 0.620117
vt1 0.358398 0.624756
vt1 0.352051 0.616211
vt1 0.364014 0.611572
vt1 0.376709 0.607422
vt1 0.389893 0.603271
vt1 0.367188 0.615479
vt1 0.392578 0.607178
vt1 0.406250 0.603027
vt1 0.379395 0.611328
vt1 0.408447 0.607178
vt1 0.422363 0.603271
vt1 0.395020 0.611084
vt1 0.424316 0.607178
vt1 0.438477 0.603271
vt1 0.410645 0.611084
vt1 0.382324 0.615234
vt1 0.397461 0.615234
vt1 0.426025 0.611328
vt1 0.439941 0.607178
vt1 0.454590 0.603271
vt1 0.412842 0.615234
vt1 0.455811 0.607422
vt1 0.470703 0.603271
vt1 0.441650 0.611328
vt1 0.471436 0.607422
vt1 0.486572 0.603271
vt1 0.457031 0.611328
vt1 0.427979 0.615234
vt1 0.487305 0.607422
vt1 0.502441 0.603271
vt1 0.472412 0.611328
vt1 0.443115 0.615234
vt1 0.502930 0.607422
vt1 0.518555 0.603271
vt1 0.518555 0.607422
vt1 0.487793 0.611328
vt1 0.502930 0.611328
vt1 0.518555 0.611328
vt1 0.473389 0.615234
vt1 0.503418 0.615234
vt1 0.518555 0.615234
vt1 0.488525 0.615234
vt1 0.503906 0.619141
vt1 0.518555 0.619141
vt1 0.489014 0.619385
vt1 0.474365 0.619385
vt1 0.503906 0.624023
vt1 0.518555 0.624268
vt1 0.489746 0.624023
vt1 0.475098 0.624023
vt1 0.504395 0.629150
vt1 0.518555 0.629150
vt1 0.490479 0.629150
vt1 0.476318 0.629150
vt1 0.504883 0.634277
vt1 0.518555 0.634033
vt1 0.491211 0.634277
vt1 0.477539 0.634277
vt1 0.505371 0.639160
vt1 0.518555 0.639160
vt1 0.491943 0.639404
vt1 0.478516 0.639404
vt1 0.505371 0.644287
vt1 0.518555 0.644043
vt1 0.492432 0.644287
vt1 0.479492 0.644287
vt1 0.505859 0.649170
vt1 0.518555 0.649170
vt1 0.492920 0.649414
vt1 0.480225 0.649414
vt1 0.505859 0.654053
vt1 0.518555 0.653809
vt1 0.493408 0.654053
vt1 0.480713 0.654053
vt1 0.506348 0.658691
vt1 0.518555 0.658447
vt1 0.493896 0.658691
vt1 0.481201 0.658691
vt1 0.506348 0.663330
vt1 0.519043 0.663086
vt1 0.506836 0.667969
vt1 0.519043 0.667725
vt1 0.494629 0.668213
vt1 0.494385 0.663330
vt1 0.482422 0.668213
vt1 0.481934 0.663574
vt1 0.470215 0.668213
vt1 0.469482 0.663574
vt1 0.458008 0.668213
vt1 0.468750 0.658691
vt1 0.457275 0.663330
vt1 0.445801 0.667969
vt1 0.468018 0.654053
vt1 0.456299 0.658691
vt1 0.444824 0.663330
vt1 0.433838 0.667969
vt1 0.467285 0.649414
vt1 0.432617 0.663330
vt1 0.421631 0.667969
vt1 0.443604 0.658691
vt1 0.455322 0.654053
vt1 0.420166 0.663330
vt1 0.409668 0.667969
vt1 0.431152 0.658691
vt1 0.442627 0.654053
vt1 0.407959 0.663330
vt1 0.397461 0.667969
vt1 0.418701 0.658447
vt1 0.395752 0.663330
vt1 0.385498 0.667969
vt1 0.406250 0.658447
vt1 0.429932 0.653809
vt1 0.383301 0.663330
vt1 0.384766 0.667969
vt1 0.393799 0.658447
vt1 0.417236 0.653809
vt1 0.404541 0.653809
vt1 0.381348 0.658691
vt1 0.382812 0.663330
vt1 0.384277 0.668213
vt1 0.382324 0.663574
vt1 0.380859 0.658691
vt1 0.380127 0.658936
vt1 0.391846 0.653809
vt1 0.379395 0.653809
vt1 0.378662 0.654053
vt1 0.378174 0.654053
vt1 0.390137 0.649170
vt1 0.376709 0.649414
vt1 0.376221 0.649658
vt1 0.377197 0.649170
vt1 0.374023 0.644287
vt1 0.373535 0.644531
vt1 0.374756 0.644287
vt1 0.387695 0.644287
vt1 0.370850 0.639648
vt1 0.370361 0.639893
vt1 0.371582 0.639648
vt1 0.384766 0.639404
vt1 0.366943 0.634521
vt1 0.366455 0.634766
vt1 0.367432 0.634277
vt1 0.381104 0.634277
vt1 0.362793 0.629395
vt1 0.362305 0.629639
vt1 0.363281 0.629150
vt1 0.377441 0.628906
vt1 0.358643 0.624268
vt1 0.359131 0.624023
vt1 0.355469 0.620117
vt1 0.370361 0.619629
vt1 0.373535 0.623779
vt1 0.385254 0.619385
vt1 0.388184 0.623535
vt1 0.400146 0.619141
vt1 0.391357 0.628906
vt1 0.402588 0.623535
vt1 0.414795 0.619141
vt1 0.394775 0.634033
vt1 0.405518 0.628906
vt1 0.417236 0.623779
vt1 0.429688 0.619141
vt1 0.419678 0.628906
vt1 0.431641 0.623779
vt1 0.444580 0.619385
vt1 0.408691 0.634033
vt1 0.433838 0.628906
vt1 0.398193 0.639404
vt1 0.422363 0.634033
vt1 0.411621 0.639404
vt1 0.400879 0.644043
vt1 0.425049 0.639404
vt1 0.402832 0.649170
vt1 0.413818 0.644043
vt1 0.415771 0.649170
vt1 0.427002 0.644287
vt1 0.428711 0.649170
vt1 0.438477 0.639404
vt1 0.441406 0.649414
vt1 0.440186 0.644287
vt1 0.454346 0.649414
vt1 0.453125 0.644287
vt1 0.466309 0.644287
vt1 0.465088 0.639404
vt1 0.451660 0.639404
vt1 0.463623 0.634277
vt1 0.449951 0.634277
vt1 0.462158 0.629150
vt1 0.436035 0.634277
vt1 0.447998 0.629150
vt1 0.460693 0.624023
vt1 0.446289 0.623779
vt1 0.459473 0.619385
vt1 0.458252 0.615234
vt1 0.340088 0.417969
vt1 0.357666 0.453613
vt1 0.340088 0.434570
vt1 0.357666 0.463867
vt1 0.340088 0.451660
vt1 0.357666 0.474121
vt1 0.340088 0.468262
vt1 0.357666 0.484375
vt1 0.340088 0.484863
vt1 0.357666 0.494629
vt1 0.340088 0.501465
vt1 0.357666 0.504883
vt1 0.340088 0.518066
vt1 0.357666 0.515137
vt1 0.357666 0.525391
vt1 0.340088 0.534912
vt1 0.357666 0.535889
vt1 0.340088 0.551514
vt1 0.357666 0.546143
vt1 0.340088 0.568115
vt1 0.357666 0.556396
vt1 0.340088 0.584961
vt1 0.357666 0.566650
vt1 0.340088 0.601562
vt1 0.357666 0.567139
vt1 0.340332 0.602295
vt1 0.357910 0.567383
vt1 0.340576 0.602783
vt1 0.341309 0.602783
vt1 0.358154 0.567383
vt1 0.355957 0.602783
vt1 0.367432 0.567383
vt1 0.370850 0.602783
vt1 0.376465 0.567383
vt1 0.385742 0.602783
vt1 0.385742 0.567383
vt1 0.394775 0.567383
vt1 0.400635 0.602783
vt1 0.404053 0.567383
vt1 0.415283 0.602783
vt1 0.413086 0.567383
vt1 0.430176 0.603027
vt1 0.413574 0.567383
vt1 0.430908 0.602783
vt1 0.431152 0.602295
vt1 0.413818 0.567139
vt1 0.431396 0.601562
vt1 0.413818 0.566650
vt1 0.431396 0.584961
vt1 0.413818 0.556396
vt1 0.431396 0.568359
vt1 0.413818 0.546143
vt1 0.431396 0.551514
vt1 0.413818 0.535889
vt1 0.431396 0.534912
vt1 0.413818 0.525391
vt1 0.431396 0.518066
vt1 0.413818 0.515137
vt1 0.413818 0.504883
vt1 0.431396 0.501465
vt1 0.413818 0.494629
vt1 0.431396 0.484863
vt1 0.413818 0.484375
vt1 0.431396 0.468262
vt1 0.413818 0.474121
vt1 0.431396 0.451660
vt1 0.413818 0.463867
vt1 0.431396 0.434570
vt1 0.413818 0.453613
vt1 0.431396 0.417969
vt1 0.582520 0.520264
vt1 0.583008 0.517822
vt1 0.583008 0.519775
vt1 0.583008 0.517578
vt1 0.583008 0.515381
vt1 0.583496 0.515137
vt1 0.583008 0.512939
vt1 0.583496 0.512939
vt1 0.583008 0.510742
vt1 0.583008 0.510498
vt1 0.583008 0.508545
vt1 0.582520 0.512939
vt1 0.583008 0.508057
vt1 0.582520 0.506104
vt1 0.582520 0.505615
vt1 0.582520 0.510498
vt1 0.582520 0.507812
vt1 0.582031 0.505371
vt1 0.582520 0.515381
vt1 0.583008 0.517822
vt1 0.582031 0.512939
vt1 0.582031 0.510254
vt1 0.582031 0.507812
vt1 0.582031 0.505371
vt1 0.581543 0.505127
vt1 0.570801 0.512939
vt1 0.582031 0.515625
vt1 0.582520 0.518066
vt1 0.582520 0.520264
vt1 0.582031 0.520508
vt1 0.582031 0.518066
vt1 0.582031 0.520752
vt1 0.570801 0.516113
vt1 0.570801 0.519043
vt1 0.582031 0.520752
vt1 0.570801 0.522217
vt1 0.559570 0.519531
vt1 0.559570 0.522949
vt1 0.559570 0.516357
vt1 0.559082 0.512939
vt1 0.570801 0.510010
vt1 0.559570 0.509766
vt1 0.582031 0.507812
vt1 0.570801 0.506836
vt1 0.581543 0.505127
vt1 0.559570 0.506592
vt1 0.570801 0.503662
vt1 0.559570 0.503174
vt1 0.475586 0.519775
vt1 0.487549 0.522949
vt1 0.475586 0.522949
vt1 0.487549 0.519531
vt1 0.475586 0.516357
vt1 0.487549 0.516357
vt1 0.475586 0.513184
vt1 0.487549 0.513184
vt1 0.487549 0.510010
vt1 0.475586 0.510010
vt1 0.487549 0.506836
vt1 0.475586 0.506836
vt1 0.487549 0.503662
vt1 0.475586 0.503662
vt1 0.487549 0.519531
vt1 0.499756 0.522949
vt1 0.487549 0.522949
vt1 0.499756 0.519531
vt1 0.487549 0.516357
vt1 0.499756 0.516357
vt1 0.487549 0.513184
vt1 0.499756 0.513184
vt1 0.499756 0.510010
vt1 0.487549 0.510010
vt1 0.499756 0.506836
vt1 0.487549 0.506836
vt1 0.499756 0.503418
vt1 0.487549 0.503662
vt1 0.511719 0.510010
vt1 0.511719 0.506592
vt1 0.499756 0.506836
vt1 0.511719 0.503418
vt1 0.499756 0.503418
vt1 0.511719 0.513184
vt1 0.511719 0.516357
vt1 0.511719 0.519531
vt1 0.499756 0.519531
vt1 0.511719 0.522949
vt1 0.499756 0.522949
vt1 0.523926 0.516357
vt1 0.523926 0.519531
vt1 0.511719 0.519531
vt1 0.523926 0.522949
vt1 0.511719 0.522949
vt1 0.536133 0.522949
vt1 0.523926 0.522949
vt1 0.536133 0.519531
vt1 0.536133 0.516357
vt1 0.523926 0.513184
vt1 0.535645 0.513184
vt1 0.535645 0.509766
vt1 0.523926 0.509766
vt1 0.536133 0.506592
vt1 0.523926 0.506592
vt1 0.536133 0.503418
vt1 0.511719 0.506592
vt1 0.523926 0.503418
vt1 0.511719 0.503418
vt1 0.536133 0.519531
vt1 0.547852 0.522949
vt1 0.536133 0.522949
vt1 0.547852 0.519775
vt1 0.536133 0.516357
vt1 0.547852 0.516357
vt1 0.535645 0.513184
vt1 0.547852 0.513184
vt1 0.547852 0.509766
vt1 0.535645 0.509766
vt1 0.547852 0.506348
vt1 0.536133 0.506592
vt1 0.547852 0.503174
vt1 0.536133 0.503418
vt1 0.547852 0.519775
vt1 0.559570 0.522949
vt1 0.547852 0.522949
vt1 0.559570 0.519531
vt1 0.547852 0.516357
vt1 0.559570 0.516357
vt1 0.547852 0.513184
vt1 0.559082 0.512939
vt1 0.559570 0.509766
vt1 0.547852 0.509766
vt1 0.559570 0.506592
vt1 0.547852 0.506348
vt1 0.559570 0.503174
vt1 0.547852 0.503174
vt1 0.451172 0.494629
vt1 0.463379 0.503662
vt1 0.451172 0.503662
vt1 0.463867 0.494629
vt1 0.475586 0.503662
vt1 0.451172 0.494141
vt1 0.476807 0.494629
vt1 0.487549 0.503662
vt1 0.463867 0.494141
vt1 0.451172 0.493652
vt1 0.489502 0.494629
vt1 0.499756 0.503418
vt1 0.476807 0.494141
vt1 0.463867 0.493652
vt1 0.451172 0.493652
vt1 0.501953 0.494629
vt1 0.511719 0.503418
vt1 0.463867 0.493652
vt1 0.451172 0.491699
vt1 0.476807 0.493652
vt1 0.489502 0.494141
vt1 0.476807 0.493164
vt1 0.489502 0.493652
vt1 0.501953 0.494141
vt1 0.514648 0.494629
vt1 0.523926 0.503418
vt1 0.501953 0.493652
vt1 0.527832 0.494141
vt1 0.536133 0.503418
vt1 0.515137 0.494141
vt1 0.540527 0.494141
vt1 0.547852 0.503174
vt1 0.527832 0.494141
vt1 0.553223 0.494141
vt1 0.559570 0.503174
vt1 0.540527 0.493652
vt1 0.515137 0.493652
vt1 0.527832 0.493652
vt1 0.565918 0.494141
vt1 0.570801 0.503662
vt1 0.553223 0.493652
vt1 0.578125 0.496094
vt1 0.581543 0.505127
vt1 0.566406 0.493652
vt1 0.540527 0.493164
vt1 0.553711 0.493164
vt1 0.587402 0.500000
vt1 0.582031 0.505371
vt1 0.578125 0.495605
vt1 0.566406 0.493652
vt1 0.587402 0.500000
vt1 0.587402 0.499512
vt1 0.578613 0.495117
vt1 0.587891 0.500244
vt1 0.582520 0.505615
vt1 0.587891 0.499512
vt1 0.587891 0.500488
vt1 0.582520 0.506104
vt1 0.587891 0.500000
vt1 0.588379 0.500244
vt1 0.589355 0.503662
vt1 0.583008 0.508545
vt1 0.589844 0.503418
vt1 0.590820 0.507812
vt1 0.583008 0.510742
vt1 0.590820 0.507568
vt1 0.591309 0.512939
vt1 0.583496 0.512939
vt1 0.583496 0.515137
vt1 0.591309 0.512939
vt1 0.590820 0.518066
vt1 0.583008 0.517578
vt1 0.591797 0.512939
vt1 0.589355 0.522217
vt1 0.583008 0.519775
vt1 0.590820 0.518311
vt1 0.588379 0.525391
vt1 0.582520 0.520264
vt1 0.589844 0.522461
vt1 0.587891 0.525635
vt1 0.582031 0.520508
vt1 0.588379 0.525635
vt1 0.591309 0.518311
vt1 0.589844 0.522949
vt1 0.588379 0.526123
vt1 0.588379 0.525879
vt1 0.587891 0.526123
vt1 0.587402 0.526123
vt1 0.582031 0.520752
vt1 0.587891 0.526367
vt1 0.578125 0.530029
vt1 0.570801 0.522217
vt1 0.587402 0.526367
vt1 0.578613 0.530518
vt1 0.566406 0.531982
vt1 0.559570 0.522949
vt1 0.566406 0.532227
vt1 0.553223 0.532227
vt1 0.547852 0.522949
vt1 0.553711 0.532715
vt1 0.540527 0.532227
vt1 0.536133 0.522949
vt1 0.540527 0.532471
vt1 0.527832 0.531982
vt1 0.523926 0.522949
vt1 0.527832 0.532471
vt1 0.515137 0.531982
vt1 0.511719 0.522949
vt1 0.515137 0.532471
vt1 0.501953 0.531982
vt1 0.499756 0.522949
vt1 0.502441 0.532471
vt1 0.489502 0.531982
vt1 0.487549 0.522949
vt1 0.489502 0.532471
vt1 0.476807 0.531982
vt1 0.475586 0.522949
vt1 0.476807 0.532471
vt1 0.464111 0.531982
vt1 0.463379 0.522949
vt1 0.451172 0.531982
vt1 0.451172 0.522949
vt1 0.451172 0.532471
vt1 0.464111 0.532471
vt1 0.451172 0.532959
vt1 0.464111 0.532715
vt1 0.451172 0.533203
vt1 0.476807 0.532715
vt1 0.464111 0.533203
vt1 0.451172 0.534668
vt1 0.489502 0.532715
vt1 0.476807 0.533203
vt1 0.464111 0.534668
vt1 0.502441 0.532715
vt1 0.489746 0.533203
vt1 0.515137 0.532715
vt1 0.502441 0.533203
vt1 0.476807 0.534668
vt1 0.527832 0.532959
vt1 0.515137 0.533203
vt1 0.489746 0.534668
vt1 0.540527 0.532959
vt1 0.527832 0.533203
vt1 0.502441 0.534668
vt1 0.553711 0.533203
vt1 0.540527 0.533447
vt1 0.515137 0.534668
vt1 0.566406 0.532715
vt1 0.553711 0.533447
vt1 0.527832 0.534668
vt1 0.578613 0.530762
vt1 0.566895 0.533203
vt1 0.541016 0.534912
vt1 0.587891 0.526611
vt1 0.579102 0.531006
vt1 0.553711 0.535156
vt1 0.566895 0.534668
vt1 0.587891 0.526855
vt1 0.553711 0.535400
vt1 0.579590 0.532471
vt1 0.566895 0.535156
vt1 0.579590 0.532715
vt1 0.540527 0.535400
vt1 0.566895 0.535400
vt1 0.527832 0.535156
vt1 0.553711 0.535889
vt1 0.540527 0.535645
vt1 0.515137 0.535156
vt1 0.527832 0.535645
vt1 0.502441 0.535156
vt1 0.515137 0.535645
vt1 0.489502 0.535156
vt1 0.502441 0.535400
vt1 0.476807 0.535156
vt1 0.489502 0.535400
vt1 0.464111 0.535156
vt1 0.451172 0.535156
vt1 0.476807 0.535645
vt1 0.464111 0.535645
vt1 0.451172 0.535645
vt1 0.489502 0.535889
vt1 0.464111 0.535889
vt1 0.451172 0.535889
vt1 0.476807 0.535889
vt1 0.463623 0.542969
vt1 0.451416 0.542969
vt1 0.475830 0.542969
vt1 0.488281 0.542725
vt1 0.500488 0.542725
vt1 0.501953 0.535889
vt1 0.512695 0.542725
vt1 0.514648 0.535889
vt1 0.524902 0.542969
vt1 0.527832 0.536133
vt1 0.537109 0.542969
vt1 0.540527 0.536133
vt1 0.549805 0.543213
vt1 0.553711 0.536377
vt1 0.563477 0.542969
vt1 0.566895 0.535889
vt1 0.578125 0.541260
vt1 0.579590 0.533691
vt1 0.592773 0.531982
vt1 0.579590 0.533203
vt1 0.589355 0.528320
vt1 0.593262 0.531006
vt1 0.588867 0.528076
vt1 0.589355 0.528076
vt1 0.588867 0.527832
vt1 0.589355 0.527832
vt1 0.589844 0.527588
vt1 0.593750 0.530029
vt1 0.589355 0.527588
vt1 0.590332 0.527344
vt1 0.594727 0.529297
vt1 0.589844 0.527344
vt1 0.592285 0.524658
vt1 0.597656 0.523926
vt1 0.592285 0.524414
vt1 0.594238 0.519287
vt1 0.599609 0.518311
vt1 0.593750 0.519287
vt1 0.595215 0.512939
vt1 0.599609 0.512939
vt1 0.599609 0.507568
vt1 0.594727 0.512939
vt1 0.594238 0.506592
vt1 0.597656 0.501709
vt1 0.594238 0.512939
vt1 0.592285 0.501221
vt1 0.594238 0.496582
vt1 0.593750 0.506592
vt1 0.589844 0.498535
vt1 0.593750 0.496094
vt1 0.592285 0.501465
vt1 0.593750 0.506592
vt1 0.589844 0.498535
vt1 0.593262 0.495117
vt1 0.589844 0.498535
vt1 0.591797 0.501465
vt1 0.589355 0.498047
vt1 0.589355 0.498535
vt1 0.589355 0.499023
vt1 0.588867 0.497559
vt1 0.592285 0.494141
vt1 0.589355 0.498047
vt1 0.579590 0.492676
vt1 0.577637 0.484863
vt1 0.588867 0.498047
vt1 0.579590 0.492676
vt1 0.566895 0.490234
vt1 0.562988 0.482910
vt1 0.566895 0.490723
vt1 0.553223 0.489746
vt1 0.549805 0.482910
vt1 0.553711 0.490234
vt1 0.540527 0.490234
vt1 0.537109 0.483398
vt1 0.540527 0.490723
vt1 0.527344 0.490234
vt1 0.524902 0.483398
vt1 0.527832 0.490723
vt1 0.514648 0.490723
vt1 0.512695 0.483398
vt1 0.514648 0.490723
vt1 0.501953 0.490723
vt1 0.500000 0.483887
vt1 0.501953 0.491211
vt1 0.489502 0.490723
vt1 0.488037 0.483887
vt1 0.489502 0.491211
vt1 0.476562 0.490723
vt1 0.475830 0.483887
vt1 0.476807 0.491211
vt1 0.463867 0.490723
vt1 0.463379 0.483887
vt1 0.451172 0.490723
vt1 0.451172 0.483887
vt1 0.451172 0.491211
vt1 0.463867 0.491211
vt1 0.451172 0.491699
vt1 0.463867 0.491699
vt1 0.476807 0.491699
vt1 0.463867 0.491699
vt1 0.489502 0.491211
vt1 0.476807 0.491699
vt1 0.489502 0.493164
vt1 0.489502 0.491699
vt1 0.501953 0.493164
vt1 0.501953 0.491211
vt1 0.501953 0.491699
vt1 0.515137 0.493164
vt1 0.515137 0.491211
vt1 0.515137 0.491699
vt1 0.527832 0.493164
vt1 0.527832 0.491211
vt1 0.527832 0.491699
vt1 0.540527 0.492676
vt1 0.540527 0.490723
vt1 0.540527 0.491211
vt1 0.553711 0.492676
vt1 0.553711 0.490723
vt1 0.553711 0.491211
vt1 0.566406 0.493164
vt1 0.566895 0.491211
vt1 0.566895 0.491699
vt1 0.579590 0.493164
vt1 0.578613 0.495117
vt1 0.579590 0.493652
vt1 0.588867 0.498047
vt1 0.587402 0.499512
vt1 0.587891 0.499023
vt1 0.587891 0.499512
vt1 0.588379 0.498535
vt1 0.587891 0.499512
vt1 0.588379 0.499512
vt1 0.588379 0.499512
vt1 0.588867 0.498535
vt1 0.588867 0.498535
vt1 0.588867 0.499023
vt1 0.589355 0.498535
vt1 0.589355 0.499023
vt1 0.591309 0.501709
vt1 0.588379 0.500000
vt1 0.593262 0.506836
vt1 0.590332 0.502686
vt1 0.588379 0.500000
vt1 0.589844 0.502930
vt1 0.591797 0.507324
vt1 0.591309 0.507568
vt1 0.592285 0.512939
vt1 0.593750 0.512939
vt1 0.591797 0.518555
vt1 0.593750 0.519287
vt1 0.593262 0.519043
vt1 0.590332 0.523193
vt1 0.591797 0.524414
vt1 0.591797 0.524170
vt1 0.589844 0.527100
vt1 0.588867 0.526123
vt1 0.589355 0.526855
vt1 0.589355 0.527344
vt1 0.588379 0.526367
vt1 0.588867 0.527588
vt1 0.587891 0.526611
vt1 0.588379 0.526367
vt1 0.588379 0.526611
vt1 0.588867 0.527100
vt1 0.588867 0.527344
vt1 0.588867 0.527588
vt1 0.451172 0.519775
vt1 0.463379 0.522949
vt1 0.451172 0.522949
vt1 0.463379 0.519775
vt1 0.475586 0.522949
vt1 0.451172 0.516602
vt1 0.475586 0.519775
vt1 0.463379 0.516602
vt1 0.451172 0.513184
vt1 0.475586 0.516357
vt1 0.463379 0.513184
vt1 0.475586 0.513184
vt1 0.475586 0.510010
vt1 0.463379 0.510010
vt1 0.451172 0.510010
vt1 0.475586 0.506836
vt1 0.463379 0.506836
vt1 0.475586 0.503662
vt1 0.451172 0.506836
vt1 0.463379 0.503662
vt1 0.451172 0.503662
vn -0.393701 -0.629921 0.669291
vn -0.637795 -0.574803 0.511811
vn -0.582677 -0.669291 0.456693
vn -0.417323 -0.543307 0.724409
vn -0.677165 -0.472441 0.566929
vn -0.157480 -0.535433 0.826772
vn -0.456693 -0.448819 0.771653
vn -0.661417 -0.496063 0.566929
vn -0.157480 -0.456693 0.874016
vn 0.118110 -0.377953 0.921260
vn -0.433071 -0.472441 0.771653
vn -0.653543 -0.511811 0.559055
vn 0.125984 -0.314960 0.944882
vn 0.385827 -0.181102 0.905512
vn -0.188976 -0.377953 0.905512
vn 0.401575 -0.141732 0.905512
vn 0.614173 0.039370 0.787401
vn 0.102362 -0.275590 0.952756
vn -0.165354 -0.393701 0.905512
vn 0.637795 0.047244 0.771653
vn 0.771654 0.244095 0.582677
vn -0.425197 -0.488189 0.763779
vn -0.645669 -0.527559 0.551181
vn 0.795276 0.228346 0.559055
vn 0.850394 0.417323 0.322835
vn -0.417323 -0.503937 0.755905
vn -0.637795 -0.543307 0.543307
vn 0.874016 0.377953 0.299213
vn 0.842520 0.543307 0.047244
vn -0.417323 -0.511811 0.755905
vn -0.637795 -0.551181 0.543307
vn 0.874016 0.488189 0.015748
vn 0.755906 0.614173 -0.228346
vn -0.409449 -0.519685 0.748031
vn -0.629921 -0.559055 0.543307
vn 0.787402 0.559055 -0.259843
vn 0.598425 0.637795 -0.488189
vn -0.409449 -0.527559 0.748031
vn -0.629921 -0.566929 0.535433
vn 0.913386 0.401575 -0.007874
vn -0.401575 -0.535433 0.740157
vn -0.614173 -0.582677 0.527559
vn 0.913386 0.299213 0.291339
vn -0.393701 -0.551181 0.732283
vn -0.598425 -0.614173 0.511811
vn 0.811024 0.165354 0.559055
vn -0.377953 -0.582677 0.724409
vn -0.574803 -0.653543 0.496063
vn 0.629921 0.007874 0.779527
vn -0.354331 -0.614173 0.708661
vn -0.551181 -0.692913 0.472441
vn 0.385827 -0.141732 0.913386
vn -0.330709 -0.645669 0.685039
vn -0.519685 -0.724409 0.456693
vn 0.393701 -0.149606 0.905512
vn -0.307087 -0.677165 0.669291
vn -0.503937 -0.748031 0.440945
vn 0.118110 -0.283464 0.952756
vn -0.291339 -0.700787 0.653543
vn -0.488189 -0.763779 0.425197
vn 0.118110 -0.299212 0.944882
vn -0.275591 -0.716535 0.645669
vn -0.472441 -0.771653 0.417323
vn -0.157480 -0.409449 0.897638
vn -0.259843 -0.724409 0.637795
vn -0.464567 -0.779527 0.417323
vn -0.157480 -0.425197 0.889764
vn -0.259843 -0.732283 0.629921
vn -0.464567 -0.787401 0.409449
vn -0.149606 -0.433071 0.889764
vn 0.125984 -0.307086 0.944882
vn 0.125984 -0.314960 0.937008
vn -0.149606 -0.440945 0.881890
vn 0.133858 -0.322834 0.937008
vn -0.141732 -0.448819 0.881890
vn 0.133858 -0.322834 0.937008
vn -0.141732 -0.448819 0.881890
vn 0.133858 -0.322834 0.937008
vn -0.133858 -0.464567 0.874016
vn 0.141732 -0.338583 0.929134
vn -0.118110 -0.488189 0.866142
vn -0.102362 -0.511811 0.850394
vn 0.149606 -0.346457 0.929134
vn -0.086614 -0.543307 0.834646
vn 0.157480 -0.370079 0.913386
vn -0.062992 -0.566929 0.818898
vn 0.173228 -0.385827 0.905512
vn -0.047244 -0.582677 0.811024
vn 0.188976 -0.401575 0.897638
vn -0.039370 -0.598425 0.803150
vn 0.196850 -0.417323 0.889764
vn -0.023622 -0.606299 0.795276
vn 0.204724 -0.425197 0.881890
vn 0.425197 -0.204724 0.881890
vn 0.433071 -0.204724 0.874016
vn 0.212598 -0.433071 0.874016
vn 0.433071 -0.212598 0.874016
vn -0.023622 -0.614173 0.787401
vn -0.251969 -0.732283 0.629921
vn -0.456693 -0.787401 0.409449
vn 0.212598 -0.433071 0.874016
vn -0.251969 -0.740157 0.629921
vn -0.456693 -0.787401 0.409449
vn -0.015748 -0.614173 0.787401
vn -0.251969 -0.740157 0.629921
vn -0.456693 -0.787401 0.409449
vn -0.015748 -0.614173 0.787401
vn -0.251969 -0.732283 0.629921
vn -0.456693 -0.787401 0.409449
vn -0.015748 -0.614173 0.787401
vn 0.220472 -0.433071 0.874016
vn 0.220472 -0.433071 0.874016
vn -0.251969 -0.732283 0.629921
vn -0.456693 -0.787401 0.409449
vn -0.023622 -0.614173 0.787401
vn -0.259843 -0.732283 0.629921
vn -0.456693 -0.787401 0.417323
vn -0.259843 -0.724409 0.637795
vn -0.023622 -0.606299 0.795276
vn -0.031496 -0.606299 0.795276
vn -0.039370 -0.606299 0.795276
vn 0.212598 -0.433071 0.874016
vn 0.204724 -0.425197 0.881890
vn 0.188976 -0.425197 0.881890
vn 0.401575 -0.204724 0.889764
vn 0.204724 -0.425197 0.881890
vn 0.417323 -0.196850 0.889764
vn 0.582677 0.039370 0.811023
vn 0.425197 -0.196850 0.881890
vn 0.590551 0.055118 0.803149
vn 0.700787 0.283465 0.653543
vn 0.425197 -0.204724 0.881890
vn 0.708661 0.299213 0.637795
vn 0.755906 0.503937 0.417323
vn 0.598425 0.047244 0.795275
vn 0.755906 0.511811 0.401575
vn 0.724409 0.669291 0.149606
vn 0.716535 0.299213 0.629921
vn 0.606299 0.047244 0.795275
vn 0.212598 -0.433071 0.874016
vn 0.433071 -0.204724 0.874016
vn 0.433071 -0.212598 0.874016
vn 0.606299 0.039370 0.795275
vn 0.433071 -0.212598 0.874016
vn 0.614173 0.039370 0.787401
vn 0.716535 0.291339 0.629921
vn 0.433071 -0.212598 0.874016
vn 0.614173 0.039370 0.787401
vn 0.614173 0.039370 0.787401
vn 0.614173 0.031496 0.787401
vn 0.732283 0.283465 0.622047
vn 0.614173 0.031496 0.787401
vn 0.732283 0.283465 0.622047
vn 0.740157 0.275591 0.614173
vn 0.614173 0.031496 0.787401
vn 0.740157 0.267717 0.614173
vn 0.779528 0.496063 0.385827
vn 0.425197 -0.196850 0.881890
vn 0.417323 -0.188976 0.889764
vn 0.622047 0.031496 0.787401
vn 0.409449 -0.181102 0.889764
vn 0.622047 0.023622 0.787401
vn 0.748031 0.259843 0.606299
vn 0.401575 -0.173228 0.897638
vn 0.622047 0.023622 0.779527
vn 0.755906 0.251969 0.606299
vn 0.401575 -0.173228 0.897638
vn 0.629921 0.015748 0.779527
vn 0.763780 0.236221 0.598425
vn 0.401575 -0.165354 0.897638
vn 0.629921 0.007874 0.779527
vn 0.779528 0.220472 0.590551
vn 0.401575 -0.165354 0.897638
vn 0.629921 0.007874 0.771653
vn 0.787402 0.204724 0.582677
vn 0.401575 -0.165354 0.897638
vn 0.629921 0.007874 0.771653
vn 0.795276 0.196850 0.574803
vn 0.401575 -0.165354 0.897638
vn 0.637795 0.007874 0.771653
vn 0.803150 0.188976 0.566929
vn 0.401575 -0.157480 0.905512
vn 0.637795 0.007874 0.771653
vn 0.803150 0.181102 0.566929
vn 0.393701 -0.157480 0.905512
vn 0.637795 0.007874 0.771653
vn 0.629921 0.007874 0.771653
vn 0.629921 0.007874 0.771653
vn 0.811024 0.173228 0.566929
vn 0.811024 0.165354 0.559055
vn 0.811024 0.165354 0.559055
vn 0.905512 0.299213 0.291339
vn 0.905512 0.314961 0.291339
vn 0.913386 0.409449 -0.007874
vn 0.905512 0.425197 -0.000000
vn 0.897638 0.322835 0.299213
vn 0.897638 0.433071 -0.000000
vn 0.818898 0.488189 -0.299213
vn 0.811024 0.503937 -0.291339
vn 0.897638 0.440945 0.007874
vn 0.826772 0.472441 -0.299213
vn 0.803150 0.519685 -0.283465
vn 0.834646 0.456693 -0.299213
vn 0.637795 0.574803 -0.511811
vn 0.677165 0.480315 -0.566929
vn 0.433071 0.543307 -0.716535
vn 0.385827 0.598425 -0.700787
vn 0.448819 0.448819 -0.771653
vn 0.661417 0.496063 -0.566929
vn 0.181102 0.464567 -0.866142
vn 0.133858 0.503937 -0.850394
vn 0.653543 0.511811 -0.559055
vn 0.433071 0.464567 -0.771653
vn 0.425197 0.480315 -0.763779
vn 0.645669 0.527559 -0.551181
vn 0.417323 0.496063 -0.755905
vn 0.157480 0.409449 -0.897638
vn 0.157480 0.425197 -0.889764
vn 0.165354 0.393701 -0.905512
vn 0.181102 0.377953 -0.905512
vn -0.110236 0.267716 -0.960630
vn -0.118110 0.283464 -0.952756
vn -0.102362 0.330709 -0.937008
vn -0.149606 0.346457 -0.921260
vn -0.393701 0.133858 -0.913386
vn -0.377953 0.165354 -0.913386
vn -0.425197 0.149606 -0.897638
vn -0.622047 -0.023622 -0.787401
vn -0.637795 -0.078740 -0.763779
vn -0.393701 0.141732 -0.905512
vn -0.787402 -0.212598 -0.574803
vn -0.779528 -0.291339 -0.559055
vn -0.637795 -0.015748 -0.771653
vn -0.874016 -0.370079 -0.314961
vn -0.834646 -0.464567 -0.307087
vn -0.818898 -0.157480 -0.551181
vn -0.637795 -0.007874 -0.771653
vn -0.874016 -0.488189 -0.031496
vn -0.811024 -0.582677 -0.047244
vn -0.913386 -0.291339 -0.283464
vn -0.811024 -0.165354 -0.559055
vn -0.787402 -0.559055 0.251969
vn -0.724409 -0.653543 0.212598
vn -0.637795 -0.574803 0.511811
vn -0.582677 -0.669291 0.456693
vn -0.677165 -0.472441 0.566929
vn -0.834646 -0.448819 0.307087
vn -0.661417 -0.496063 0.566929
vn -0.921260 -0.393701 0.015748
vn -0.905512 -0.307087 -0.291339
vn -0.913386 -0.409449 0.007874
vn -0.826772 -0.480315 0.299213
vn -0.653543 -0.511811 0.559055
vn -0.905512 -0.314961 -0.291339
vn -0.818898 -0.496063 0.299213
vn -0.645669 -0.527559 0.551181
vn -0.905512 -0.425197 0.007874
vn -0.811024 -0.503937 0.291339
vn -0.637795 -0.543307 0.543307
vn -0.897638 -0.433071 0.000000
vn -0.803150 -0.519685 0.283465
vn -0.637795 -0.551181 0.543307
vn -0.897638 -0.448819 0.000000
vn -0.803150 -0.527559 0.283465
vn -0.629921 -0.559055 0.543307
vn -0.897638 -0.322835 -0.291339
vn -0.795276 -0.535433 0.283465
vn -0.629921 -0.566929 0.535433
vn -0.889764 -0.456693 -0.007874
vn -0.795276 -0.543307 0.275591
vn -0.614173 -0.582677 0.527559
vn -0.889764 -0.456693 -0.007874
vn -0.779528 -0.559055 0.267717
vn -0.598425 -0.614173 0.511811
vn -0.881890 -0.464567 -0.015748
vn -0.763780 -0.590551 0.251969
vn -0.574803 -0.653543 0.496063
vn -0.874016 -0.488189 -0.023622
vn -0.740157 -0.629921 0.236221
vn -0.551181 -0.692913 0.472441
vn -0.858268 -0.511811 -0.031496
vn -0.716535 -0.669291 0.212598
vn -0.519685 -0.724409 0.456693
vn -0.834646 -0.543307 -0.055118
vn -0.866142 -0.377953 -0.322835
vn -0.692913 -0.700787 0.196850
vn -0.881890 -0.362205 -0.307087
vn -0.850394 -0.409449 -0.338583
vn -0.889764 -0.346457 -0.307087
vn -0.811024 -0.574803 -0.070866
vn -0.889764 -0.338583 -0.299213
vn -0.834646 -0.433071 -0.346457
vn -0.897638 -0.330709 -0.299213
vn -0.803150 -0.188976 -0.566929
vn -0.897638 -0.330709 -0.299213
vn -0.803150 -0.181102 -0.566929
vn -0.803150 -0.181102 -0.566929
vn -0.811024 -0.173228 -0.559055
vn -0.811024 -0.173228 -0.559055
vn -0.637795 -0.007874 -0.771653
vn -0.811024 -0.165354 -0.559055
vn -0.637795 -0.007874 -0.771653
vn -0.637795 -0.007874 -0.771653
vn -0.637795 -0.007874 -0.771653
vn -0.401575 0.165354 -0.897638
vn -0.393701 0.149606 -0.905512
vn -0.401575 0.157480 -0.905512
vn -0.125984 0.299212 -0.944882
vn -0.125984 0.307086 -0.944882
vn 0.149606 0.433071 -0.889764
vn -0.133858 0.314960 -0.937008
vn 0.417323 0.511811 -0.755905
vn 0.149606 0.440945 -0.889764
vn -0.133858 0.322834 -0.937008
vn 0.637795 0.535433 -0.543307
vn 0.409449 0.519685 -0.748031
vn 0.141732 0.440945 -0.881890
vn -0.401575 0.165354 -0.897638
vn -0.133858 0.322834 -0.937008
vn -0.401575 0.165354 -0.897638
vn -0.637795 -0.007874 -0.771653
vn -0.133858 0.322834 -0.937008
vn -0.637795 -0.007874 -0.771653
vn -0.401575 0.165354 -0.897638
vn 0.141732 0.448819 -0.881890
vn -0.629921 -0.015748 -0.771653
vn 0.409449 0.527559 -0.748031
vn -0.795276 -0.196850 -0.574803
vn 0.637795 0.551181 -0.543307
vn -0.787402 -0.212598 -0.574803
vn 0.803150 0.527559 -0.283465
vn -0.779528 -0.228346 -0.582677
vn -0.629921 -0.015748 -0.779527
vn -0.629921 -0.023622 -0.779527
vn -0.763780 -0.244095 -0.598425
vn -0.622047 -0.023622 -0.779527
vn -0.417323 0.181102 -0.889764
vn -0.417323 0.188976 -0.889764
vn -0.622047 -0.031496 -0.779527
vn -0.409449 0.173228 -0.897638
vn -0.755906 -0.251969 -0.606299
vn -0.409449 0.165354 -0.897638
vn -0.811024 -0.448819 -0.362205
vn -0.141732 0.330709 -0.929134
vn -0.149606 0.346457 -0.929134
vn -0.157480 0.362205 -0.921260
vn 0.118110 0.480315 -0.866142
vn 0.133858 0.464567 -0.874016
vn -0.173228 0.377953 -0.905512
vn 0.401575 0.527559 -0.748031
vn 0.393701 0.543307 -0.740157
vn 0.629921 0.551181 -0.543307
vn 0.629921 0.559055 -0.535433
vn 0.795276 0.535433 -0.283465
vn 0.795276 0.543307 -0.275591
vn 0.622047 0.582677 -0.527559
vn 0.787402 0.559055 -0.267717
vn 0.881890 0.464567 0.015748
vn 0.874016 0.480315 0.023622
vn 0.889764 0.456693 0.007874
vn 0.889764 0.448819 0.007874
vn 0.889764 0.338583 0.299213
vn 0.897638 0.322835 0.299213
vn 0.897638 0.330709 0.299213
vn 0.803150 0.173228 0.566929
vn 0.803150 0.181102 0.566929
vn 0.889764 0.346457 0.307087
vn 0.881890 0.354331 0.314961
vn 0.858268 0.511811 0.031496
vn 0.866142 0.377953 0.322835
vn 0.771654 0.590551 -0.251969
vn 0.842520 0.543307 0.047244
vn 0.850394 0.401575 0.338583
vn 0.748031 0.622047 -0.236221
vn 0.834646 0.433071 0.354331
vn 0.818898 0.574803 0.070866
vn 0.818898 0.448819 0.362205
vn 0.795276 0.606299 0.086614
vn 0.716535 0.661417 -0.220472
vn 0.803150 0.472441 0.370079
vn 0.771654 0.622047 0.094488
vn 0.787402 0.480315 0.377953
vn 0.755906 0.637795 0.110236
vn 0.692913 0.692913 -0.196850
vn 0.669291 0.716535 -0.181102
vn 0.779528 0.488189 0.385827
vn 0.748031 0.653543 0.118110
vn 0.653543 0.740157 -0.173228
vn 0.740157 0.661417 0.118110
vn 0.645669 0.748031 -0.165354
vn 0.488189 0.755905 -0.433071
vn 0.472441 0.771653 -0.425197
vn 0.637795 0.755905 -0.157480
vn 0.503937 0.740157 -0.440945
vn 0.740157 0.661417 0.125984
vn 0.771654 0.503937 0.393701
vn 0.732283 0.669291 0.125984
vn 0.771654 0.503937 0.393701
vn 0.724409 0.283465 0.622047
vn 0.724409 0.291339 0.629921
vn 0.763780 0.503937 0.393701
vn 0.763780 0.511811 0.401575
vn 0.732283 0.669291 0.125984
vn 0.724409 0.677165 0.125984
vn 0.755906 0.511811 0.401575
vn 0.724409 0.677165 0.133858
vn 0.724409 0.677165 0.133858
vn 0.622047 0.771653 -0.149606
vn 0.622047 0.771653 -0.149606
vn 0.629921 0.763779 -0.141732
vn 0.464567 0.787401 -0.409449
vn 0.622047 0.771653 -0.149606
vn 0.456693 0.787401 -0.409449
vn 0.259843 0.732283 -0.637795
vn 0.456693 0.787401 -0.409449
vn 0.251969 0.732283 -0.629921
vn 0.023622 0.598425 -0.803150
vn 0.456693 0.787401 -0.409449
vn 0.031496 0.606299 -0.795276
vn -0.212598 0.409449 -0.889764
vn 0.251969 0.732283 -0.629921
vn -0.204724 0.425197 -0.881890
vn 0.023622 0.606299 -0.795276
vn 0.251969 0.732283 -0.629921
vn 0.622047 0.771653 -0.149606
vn 0.456693 0.787401 -0.409449
vn 0.622047 0.763779 -0.149606
vn 0.251969 0.740157 -0.629921
vn 0.629921 0.763779 -0.157480
vn 0.456693 0.787401 -0.409449
vn 0.464567 0.787401 -0.409449
vn 0.464567 0.779527 -0.417323
vn 0.251969 0.732283 -0.629921
vn 0.251969 0.732283 -0.629921
vn 0.259843 0.732283 -0.629921
vn 0.259843 0.724409 -0.637795
vn 0.015748 0.614173 -0.787401
vn 0.275591 0.708661 -0.645669
vn 0.023622 0.614173 -0.795276
vn 0.031496 0.606299 -0.795276
vn 0.291339 0.692913 -0.661417
vn 0.039370 0.598425 -0.803150
vn -0.212598 0.433071 -0.874016
vn 0.527559 0.716535 -0.456693
vn -0.220472 0.433071 -0.874016
vn 0.551181 0.685039 -0.480315
vn 0.307087 0.669291 -0.677165
vn 0.582677 0.645669 -0.496063
vn 0.330709 0.637795 -0.692913
vn 0.047244 0.582677 -0.811024
vn 0.062992 0.559055 -0.826772
vn 0.362205 0.606299 -0.708661
vn 0.598425 0.606299 -0.519685
vn 0.377953 0.574803 -0.724409
vn 0.102362 0.503937 -0.858268
vn 0.086614 0.535433 -0.842520
vn -0.188976 0.393701 -0.897638
vn -0.196850 0.409449 -0.889764
vn -0.425197 0.196850 -0.881890
vn -0.204724 0.425197 -0.881890
vn -0.425197 0.204724 -0.881890
vn -0.622047 -0.031496 -0.787401
vn -0.433071 0.204724 -0.881890
vn -0.212598 0.425197 -0.881890
vn -0.433071 0.212598 -0.874016
vn -0.614173 -0.031496 -0.787401
vn -0.748031 -0.259843 -0.606299
vn -0.433071 0.212598 -0.874016
vn -0.614173 -0.031496 -0.787401
vn -0.740157 -0.267717 -0.614173
vn -0.803150 -0.472441 -0.370079
vn -0.787402 -0.606299 -0.086614
vn -0.787402 -0.480315 -0.377953
vn -0.669291 -0.724409 0.181102
vn -0.503937 -0.748031 0.440945
vn -0.771654 -0.629921 -0.102362
vn -0.653543 -0.740157 0.165354
vn -0.488189 -0.763779 0.425197
vn -0.755906 -0.645669 -0.110236
vn -0.637795 -0.748031 0.157480
vn -0.472441 -0.771653 0.417323
vn -0.779528 -0.488189 -0.385827
vn -0.637795 -0.755905 0.157480
vn -0.464567 -0.779527 0.417323
vn -0.748031 -0.653543 -0.118110
vn -0.629921 -0.763779 0.149606
vn -0.464567 -0.787401 0.409449
vn -0.740157 -0.661417 -0.118110
vn -0.779528 -0.496063 -0.393701
vn -0.622047 -0.763779 0.149606
vn -0.456693 -0.787401 0.409449
vn -0.740157 -0.661417 -0.125984
vn -0.771654 -0.496063 -0.393701
vn -0.622047 -0.771653 0.149606
vn -0.456693 -0.787401 0.409449
vn -0.732283 -0.669291 -0.125984
vn -0.771654 -0.503937 -0.393701
vn -0.622047 -0.771653 0.149606
vn -0.456693 -0.787401 0.409449
vn -0.732283 -0.669291 -0.125984
vn -0.763780 -0.503937 -0.393701
vn -0.622047 -0.771653 0.149606
vn -0.456693 -0.787401 0.409449
vn -0.724409 -0.677165 -0.133858
vn -0.763780 -0.511811 -0.401575
vn -0.622047 -0.771653 0.149606
vn -0.456693 -0.787401 0.409449
vn -0.724409 -0.677165 -0.133858
vn -0.614173 -0.771653 0.157480
vn -0.456693 -0.787401 0.417323
vn -0.724409 -0.677165 -0.133858
vn -0.716535 -0.685039 -0.118110
vn -0.755906 -0.527559 -0.385827
vn -0.755906 -0.511811 -0.401575
vn -0.716535 -0.314961 -0.622047
vn -0.755906 -0.511811 -0.401575
vn -0.708661 -0.299213 -0.637795
vn -0.598425 -0.070866 -0.795275
vn -0.716535 -0.299213 -0.629921
vn -0.598425 -0.055118 -0.803149
vn -0.425197 0.181102 -0.889764
vn -0.716535 -0.291339 -0.629921
vn -0.598425 -0.047244 -0.795275
vn -0.417323 0.196850 -0.889764
vn -0.425197 0.196850 -0.881890
vn -0.606299 -0.047244 -0.795275
vn -0.724409 -0.291339 -0.629921
vn -0.212598 0.425197 -0.881890
vn -0.724409 -0.283465 -0.622047
vn -0.606299 -0.039370 -0.795275
vn -0.425197 0.204724 -0.881890
vn -0.732283 -0.283465 -0.622047
vn -0.614173 -0.039370 -0.787401
vn -0.433071 0.204724 -0.874016
vn -0.732283 -0.275591 -0.622047
vn -0.614173 -0.039370 -0.787401
vn -0.740157 -0.275591 -0.614173
vn -0.614173 -0.031496 -0.787401
vn -0.433071 0.212598 -0.874016
vn -0.433071 0.212598 -0.874016
vn -0.220472 0.433071 -0.874016
vn -0.212598 0.433071 -0.874016
vn 0.015748 0.614173 -0.787401
vn 0.015748 0.614173 -0.787401
vn -0.212598 0.433071 -0.874016
vn 0.023622 0.614173 -0.787401
vn -0.653543 -0.535433 -0.535433
vn -0.433071 -0.551181 -0.716535
vn -0.629921 -0.606299 -0.488189
vn -0.440945 -0.488189 -0.755905
vn -0.188976 -0.433071 -0.881890
vn -0.677165 -0.472441 -0.566929
vn -0.173228 -0.393701 -0.897638
vn 0.094488 -0.275591 -0.952756
vn -0.456693 -0.448819 -0.771653
vn -0.661417 -0.496063 -0.566929
vn 0.110236 -0.259843 -0.960630
vn 0.370079 -0.086614 -0.929134
vn -0.433071 -0.472441 -0.771653
vn -0.653543 -0.511811 -0.559055
vn -0.188976 -0.377953 -0.905512
vn -0.425197 -0.488189 -0.763779
vn -0.645669 -0.527559 -0.551181
vn -0.165354 -0.393701 -0.905512
vn -0.417323 -0.503937 -0.755905
vn -0.637795 -0.543307 -0.543307
vn -0.157480 -0.409449 -0.897638
vn -0.417323 -0.511811 -0.755905
vn -0.637795 -0.551181 -0.543307
vn -0.157480 -0.425197 -0.889764
vn -0.409449 -0.519685 -0.748031
vn -0.629921 -0.559055 -0.543307
vn -0.149606 -0.433071 -0.889764
vn -0.409449 -0.527559 -0.748031
vn -0.629921 -0.566929 -0.535433
vn -0.149606 -0.440945 -0.881890
vn -0.401575 -0.535433 -0.740157
vn -0.614173 -0.582677 -0.527559
vn -0.141732 -0.448819 -0.881890
vn -0.393701 -0.551181 -0.732283
vn -0.598425 -0.614173 -0.511811
vn -0.141732 -0.448819 -0.881890
vn -0.377953 -0.582677 -0.724409
vn -0.574803 -0.653543 -0.496063
vn -0.133858 -0.464567 -0.874016
vn -0.354331 -0.614173 -0.708661
vn -0.551181 -0.692913 -0.472441
vn -0.118110 -0.488189 -0.866142
vn 0.141732 -0.338583 -0.929134
vn -0.330709 -0.645669 -0.685039
vn -0.519685 -0.724409 -0.456693
vn -0.102362 -0.511811 -0.850394
vn -0.307087 -0.677165 -0.669291
vn -0.503937 -0.748031 -0.440945
vn -0.086614 -0.543307 -0.834646
vn 0.149606 -0.346457 -0.929134
vn -0.291339 -0.700787 -0.653543
vn -0.488189 -0.763779 -0.425197
vn -0.062992 -0.566929 -0.818897
vn 0.157480 -0.370079 -0.913386
vn -0.275591 -0.716535 -0.645669
vn -0.472441 -0.771653 -0.417323
vn -0.047244 -0.582677 -0.811023
vn 0.173228 -0.385827 -0.905512
vn -0.259843 -0.724409 -0.637795
vn -0.464567 -0.779527 -0.417323
vn -0.039370 -0.598425 -0.803149
vn 0.188976 -0.401575 -0.897638
vn -0.259843 -0.732283 -0.629921
vn -0.464567 -0.787401 -0.409449
vn -0.023622 -0.606299 -0.795275
vn 0.196850 -0.417323 -0.889764
vn -0.251969 -0.732283 -0.629921
vn -0.456693 -0.787401 -0.409449
vn -0.023622 -0.614173 -0.787401
vn 0.204724 -0.425197 -0.881890
vn -0.251969 -0.740157 -0.629921
vn -0.456693 -0.787401 -0.409449
vn -0.015748 -0.614173 -0.787401
vn 0.212598 -0.433071 -0.874016
vn -0.251969 -0.740157 -0.629921
vn -0.456693 -0.787401 -0.409449
vn -0.015748 -0.614173 -0.787401
vn 0.212598 -0.433071 -0.874016
vn -0.251969 -0.732283 -0.629921
vn -0.456693 -0.787401 -0.409449
vn -0.015748 -0.614173 -0.787401
vn 0.220472 -0.433071 -0.874016
vn -0.251969 -0.732283 -0.629921
vn -0.456693 -0.787401 -0.409449
vn -0.023622 -0.614173 -0.787401
vn 0.220472 -0.433071 -0.874016
vn -0.259843 -0.732283 -0.629921
vn -0.456693 -0.787401 -0.417323
vn -0.259843 -0.724409 -0.637795
vn -0.023622 -0.606299 -0.795275
vn -0.031496 -0.606299 -0.795275
vn -0.039370 -0.606299 -0.795275
vn 0.212598 -0.433071 -0.874016
vn 0.204724 -0.425197 -0.881890
vn 0.188976 -0.425197 -0.881890
vn 0.401575 -0.204724 -0.889764
vn 0.204724 -0.425197 -0.881890
vn 0.417323 -0.196850 -0.889764
vn 0.582677 0.039370 -0.811023
vn 0.425197 -0.196850 -0.881890
vn 0.590551 0.055118 -0.803149
vn 0.700787 0.283464 -0.653543
vn 0.425197 -0.204724 -0.881890
vn 0.708661 0.299212 -0.637795
vn 0.755906 0.503937 -0.417323
vn 0.598425 0.047244 -0.795275
vn 0.755906 0.511811 -0.401575
vn 0.724409 0.669291 -0.149606
vn 0.716535 0.299212 -0.629921
vn 0.606299 0.047244 -0.795275
vn 0.212598 -0.433071 -0.874016
vn 0.433071 -0.204724 -0.874016
vn 0.433071 -0.212599 -0.874016
vn 0.606299 0.039370 -0.795275
vn 0.433071 -0.212599 -0.874016
vn 0.614173 0.039370 -0.787401
vn 0.716535 0.291338 -0.629921
vn 0.724409 0.291338 -0.629921
vn 0.755906 0.511811 -0.401575
vn 0.763780 0.511811 -0.401575
vn 0.724409 0.677165 -0.133858
vn 0.724409 0.677165 -0.133858
vn 0.622047 0.771653 0.149606
vn 0.629921 0.763779 0.141732
vn 0.464567 0.787401 0.409449
vn 0.622047 0.771653 0.149606
vn 0.456693 0.787401 0.409449
vn 0.259843 0.732283 0.637795
vn 0.622047 0.771653 0.149606
vn 0.251969 0.732283 0.629921
vn 0.023622 0.598425 0.803149
vn 0.456693 0.787401 0.409449
vn 0.031496 0.606299 0.795275
vn -0.212598 0.409449 0.889764
vn 0.251969 0.732283 0.629921
vn 0.456693 0.787401 0.409449
vn 0.724409 0.677165 -0.125984
vn 0.622047 0.771653 0.149606
vn 0.763780 0.503937 -0.393701
vn 0.732283 0.669291 -0.125984
vn 0.724409 0.283464 -0.622047
vn 0.771654 0.503937 -0.393701
vn 0.614173 0.039370 -0.787401
vn 0.732283 0.283464 -0.622047
vn 0.433071 -0.212599 -0.874016
vn 0.614173 0.039370 -0.787401
vn 0.433071 -0.212599 -0.874016
vn 0.732283 0.283464 -0.622047
vn 0.433071 -0.204724 -0.874016
vn 0.614173 0.031496 -0.787401
vn 0.425197 -0.204724 -0.881890
vn 0.614173 0.031496 -0.787401
vn 0.425197 -0.196850 -0.881890
vn 0.614173 0.031496 -0.787401
vn 0.740157 0.275590 -0.614173
vn 0.740157 0.267716 -0.614173
vn 0.417323 -0.188976 -0.889764
vn 0.622047 0.031496 -0.787401
vn 0.409449 -0.181102 -0.889764
vn 0.622047 0.023622 -0.787401
vn 0.748031 0.259842 -0.606299
vn 0.755906 0.251968 -0.606299
vn 0.401575 -0.173228 -0.897638
vn 0.622047 0.023622 -0.779527
vn 0.763780 0.236220 -0.598425
vn 0.401575 -0.173228 -0.897638
vn 0.629921 0.015748 -0.779527
vn 0.779528 0.220472 -0.590551
vn 0.133858 -0.322835 -0.937008
vn 0.629921 0.007874 -0.779527
vn 0.133858 -0.322835 -0.937008
vn 0.401575 -0.165354 -0.897638
vn 0.133858 -0.322835 -0.937008
vn 0.401575 -0.165354 -0.897638
vn 0.125984 -0.314961 -0.937008
vn 0.401575 -0.165354 -0.897638
vn 0.629921 0.007874 -0.771653
vn 0.125984 -0.307087 -0.944882
vn 0.401575 -0.165354 -0.897638
vn 0.118110 -0.299213 -0.944882
vn 0.401575 -0.157480 -0.905512
vn 0.118110 -0.283465 -0.952756
vn 0.393701 -0.157480 -0.905512
vn 0.102362 -0.275591 -0.952756
vn 0.393701 -0.149606 -0.905512
vn 0.393701 -0.094488 -0.913386
vn 0.598425 0.102362 -0.795275
vn 0.385827 -0.141732 -0.913386
vn 0.622047 0.078740 -0.779527
vn 0.629921 0.007874 -0.779527
vn 0.629921 0.007874 -0.771653
vn 0.795276 0.236220 -0.566929
vn 0.763780 0.275590 -0.582677
vn 0.811024 0.165354 -0.559055
vn 0.811024 0.165354 -0.559055
vn 0.629921 0.007874 -0.771653
vn 0.811024 0.165354 -0.559055
vn 0.637795 0.007874 -0.771653
vn 0.811024 0.173228 -0.566929
vn 0.637795 0.007874 -0.771653
vn 0.803150 0.173228 -0.566929
vn 0.637795 0.007874 -0.771653
vn 0.803150 0.181102 -0.566929
vn 0.629921 0.007874 -0.771653
vn 0.803150 0.181102 -0.566929
vn 0.803150 0.188976 -0.566929
vn 0.795276 0.196850 -0.574803
vn 0.889764 0.346457 -0.307087
vn 0.787402 0.204724 -0.582677
vn 0.881890 0.354331 -0.314961
vn 0.866142 0.377953 -0.322835
vn 0.850394 0.401575 -0.338583
vn 0.834646 0.433071 -0.354331
vn 0.842520 0.543307 -0.047244
vn 0.818898 0.448819 -0.362205
vn 0.818898 0.574803 -0.070866
vn 0.795276 0.606299 -0.086614
vn 0.803150 0.472441 -0.370079
vn 0.771654 0.622047 -0.094488
vn 0.787402 0.480315 -0.377953
vn 0.755906 0.637795 -0.110236
vn 0.779528 0.488189 -0.385827
vn 0.748031 0.653543 -0.118110
vn 0.779528 0.496063 -0.385827
vn 0.740157 0.661417 -0.118110
vn 0.771654 0.503937 -0.393701
vn 0.740157 0.661417 -0.125984
vn 0.732283 0.669291 -0.125984
vn 0.637795 0.755905 0.157480
vn 0.622047 0.763779 0.149606
vn 0.629921 0.763779 0.157480
vn 0.456693 0.787401 0.409449
vn 0.456693 0.787401 0.409449
vn 0.464567 0.787401 0.409449
vn 0.251969 0.732283 0.629921
vn 0.251969 0.740157 0.629921
vn 0.023622 0.606299 0.795275
vn 0.023622 0.614173 0.787401
vn 0.251969 0.732283 0.629921
vn -0.204724 0.425197 0.881890
vn -0.212598 0.425197 0.881890
vn 0.015748 0.614173 0.787401
vn -0.417323 0.196850 0.889764
vn -0.425197 0.181102 0.889764
vn -0.425197 0.196850 0.881890
vn -0.212598 0.433071 0.874016
vn -0.425197 0.204724 0.881890
vn -0.598425 -0.047244 0.795275
vn -0.598425 -0.055118 0.803149
vn -0.598425 -0.070866 0.795275
vn -0.606299 -0.047244 0.795275
vn -0.708661 -0.299212 0.637795
vn -0.716535 -0.314961 0.622047
vn -0.716535 -0.299212 0.629921
vn -0.755906 -0.511811 0.401575
vn -0.755906 -0.527559 0.385827
vn -0.755906 -0.511811 0.401575
vn -0.716535 -0.291338 0.629921
vn -0.763780 -0.511811 0.401575
vn -0.724409 -0.677165 0.133858
vn -0.724409 -0.677165 0.133858
vn -0.716535 -0.685039 0.118110
vn -0.614173 -0.771653 -0.157480
vn -0.456693 -0.787401 -0.409449
vn -0.456693 -0.787401 -0.417323
vn -0.622047 -0.771653 -0.149606
vn -0.456693 -0.787401 -0.409449
vn -0.622047 -0.771653 -0.149606
vn -0.456693 -0.787401 -0.409449
vn -0.724409 -0.677165 0.133858
vn -0.622047 -0.771653 -0.149606
vn -0.456693 -0.787401 -0.409449
vn -0.732283 -0.669291 0.125984
vn -0.622047 -0.771653 -0.149606
vn -0.456693 -0.787401 -0.409449
vn -0.763780 -0.503937 0.393701
vn -0.732283 -0.669291 0.125984
vn -0.622047 -0.763779 -0.149606
vn -0.464567 -0.787401 -0.409449
vn -0.724409 -0.291338 0.629921
vn -0.629921 -0.763779 -0.149606
vn -0.464567 -0.779527 -0.417323
vn -0.740157 -0.661417 0.125984
vn -0.771654 -0.503937 0.393701
vn -0.637795 -0.755905 -0.157480
vn -0.472441 -0.771653 -0.417323
vn -0.740157 -0.661417 0.118110
vn -0.771654 -0.496063 0.393701
vn -0.724409 -0.283464 0.622047
vn -0.606299 -0.039370 0.795275
vn -0.732283 -0.283464 0.622047
vn -0.433071 0.204724 0.874016
vn -0.614173 -0.039370 0.787401
vn -0.212598 0.433071 0.874016
vn -0.433071 0.212599 0.874016
vn -0.614173 -0.039370 0.787401
vn 0.015748 0.614173 0.787401
vn -0.220472 0.433071 0.874016
vn -0.433071 0.212599 0.874016
vn 0.251969 0.732283 0.629921
vn 0.015748 0.614173 0.787401
vn 0.464567 0.779527 0.417323
vn 0.259843 0.732283 0.629921
vn -0.220472 0.433071 0.874016
vn 0.645669 0.748031 0.165354
vn 0.472441 0.771653 0.425197
vn 0.653543 0.740157 0.173228
vn 0.259843 0.724409 0.637795
vn 0.669291 0.716535 0.181102
vn 0.488189 0.755905 0.433071
vn 0.692913 0.692913 0.196850
vn 0.503937 0.740157 0.440945
vn 0.275591 0.708661 0.645669
vn 0.023622 0.614173 0.795275
vn 0.031496 0.606299 0.795275
vn -0.212598 0.433071 0.874016
vn -0.433071 0.212599 0.874016
vn -0.212598 0.425197 0.881890
vn -0.614173 -0.031496 0.787401
vn -0.433071 0.212599 0.874016
vn -0.614173 -0.031496 0.787401
vn -0.732283 -0.275590 0.622047
vn -0.740157 -0.275590 0.614173
vn -0.779528 -0.496063 0.393701
vn -0.779528 -0.488189 0.385827
vn -0.748031 -0.653543 0.118110
vn -0.787402 -0.480315 0.377953
vn -0.637795 -0.748031 -0.157480
vn -0.488189 -0.763779 -0.425197
vn -0.755906 -0.645669 0.110236
vn -0.653543 -0.740157 -0.165354
vn -0.503937 -0.748031 -0.440945
vn -0.771654 -0.629921 0.102362
vn -0.669291 -0.724409 -0.181102
vn -0.519685 -0.724409 -0.456693
vn -0.803150 -0.472441 0.370079
vn -0.692913 -0.700787 -0.196850
vn -0.787402 -0.606299 0.086614
vn -0.716535 -0.669291 -0.212598
vn -0.551181 -0.692913 -0.472441
vn -0.811024 -0.574803 0.070866
vn -0.811024 -0.448819 0.362205
vn -0.740157 -0.629921 -0.236220
vn -0.574803 -0.653543 -0.496063
vn -0.834646 -0.543307 0.055118
vn -0.834646 -0.433071 0.346457
vn -0.763780 -0.590551 -0.251968
vn -0.598425 -0.614173 -0.511811
vn -0.858268 -0.511811 0.031496
vn -0.850394 -0.409449 0.338583
vn -0.779528 -0.559055 -0.267716
vn -0.614173 -0.582677 -0.527559
vn -0.874016 -0.488189 0.023622
vn -0.866142 -0.377953 0.322835
vn -0.795276 -0.543307 -0.275590
vn -0.629921 -0.566929 -0.535433
vn -0.881890 -0.464567 0.015748
vn -0.881890 -0.362205 0.307087
vn -0.795276 -0.535433 -0.283464
vn -0.629921 -0.559055 -0.543307
vn -0.889764 -0.456693 0.007874
vn -0.889764 -0.346457 0.307087
vn -0.803150 -0.527559 -0.283464
vn -0.637795 -0.551181 -0.543307
vn -0.889764 -0.456693 0.007874
vn -0.803150 -0.519685 -0.283464
vn -0.637795 -0.543307 -0.543307
vn -0.897638 -0.448819 0.000000
vn -0.811024 -0.503937 -0.291339
vn -0.645669 -0.527559 -0.551181
vn -0.889764 -0.338583 0.299213
vn -0.818898 -0.496063 -0.299213
vn -0.653543 -0.511811 -0.559055
vn -0.897638 -0.433071 0.000000
vn -0.826772 -0.480315 -0.299213
vn -0.661417 -0.496063 -0.566929
vn -0.905512 -0.425197 -0.007874
vn -0.897638 -0.330709 0.299213
vn -0.834646 -0.448819 -0.307087
vn -0.677165 -0.472441 -0.566929
vn -0.913386 -0.409449 -0.007874
vn -0.897638 -0.322835 0.291339
vn -0.905512 -0.314961 0.291339
vn -0.921260 -0.393701 -0.015748
vn -0.905512 -0.307087 0.291339
vn -0.811024 -0.173228 0.559055
vn -0.811024 -0.165354 0.559055
vn -0.913386 -0.291339 0.283465
vn -0.811024 -0.173228 0.559055
vn -0.811024 -0.165354 0.559055
vn -0.637795 -0.007874 0.771653
vn -0.637795 -0.007874 0.771653
vn -0.637795 -0.007874 0.771653
vn -0.803150 -0.181102 0.566929
vn -0.637795 -0.007874 0.771653
vn -0.401575 0.165354 0.897638
vn -0.897638 -0.330709 0.299213
vn -0.803150 -0.181102 0.566929
vn -0.637795 -0.007874 0.771653
vn -0.803150 -0.188976 0.566929
vn -0.637795 -0.007874 0.771653
vn -0.795276 -0.196850 0.574803
vn -0.629921 -0.015748 0.771653
vn -0.787402 -0.212598 0.574803
vn -0.629921 -0.015748 0.779527
vn -0.779528 -0.228346 0.582677
vn -0.629921 -0.023622 0.779527
vn -0.763780 -0.244094 0.598425
vn -0.622047 -0.023622 0.779527
vn -0.755906 -0.251968 0.606299
vn -0.622047 -0.031496 0.779527
vn -0.748031 -0.259842 0.606299
vn -0.622047 -0.031496 0.787401
vn -0.740157 -0.267716 0.614173
vn -0.614173 -0.031496 0.787401
vn -0.433071 0.204724 0.881890
vn -0.425197 0.204724 0.881890
vn -0.204724 0.425197 0.881890
vn -0.425197 0.196850 0.881890
vn -0.196850 0.409449 0.889764
vn 0.039370 0.598425 0.803149
vn 0.047244 0.582677 0.811023
vn 0.291339 0.692913 0.661417
vn 0.527559 0.716535 0.456693
vn 0.307087 0.669291 0.677165
vn 0.062992 0.559055 0.826771
vn 0.551181 0.685039 0.480315
vn 0.716535 0.661417 0.220472
vn 0.330709 0.637795 0.692913
vn 0.582677 0.645669 0.496063
vn 0.748031 0.622047 0.236220
vn 0.362205 0.606299 0.708661
vn 0.598425 0.606299 0.519685
vn 0.771654 0.590551 0.251968
vn 0.858268 0.511811 -0.031496
vn 0.622047 0.582677 0.527559
vn 0.874016 0.480315 -0.023622
vn 0.787402 0.559055 0.267716
vn 0.881890 0.464567 -0.015748
vn 0.795276 0.543307 0.275590
vn 0.629921 0.559055 0.535433
vn 0.377953 0.574803 0.724409
vn 0.393701 0.543307 0.740157
vn 0.629921 0.551181 0.543307
vn 0.401575 0.527559 0.748031
vn 0.795276 0.535433 0.283464
vn 0.409449 0.527559 0.748031
vn 0.637795 0.551181 0.543307
vn 0.889764 0.456693 -0.007874
vn 0.803150 0.527559 0.283464
vn 0.889764 0.338583 -0.299213
vn 0.897638 0.330709 -0.299213
vn 0.889764 0.448819 -0.007874
vn 0.897638 0.322835 -0.299213
vn 0.897638 0.440945 -0.007874
vn 0.897638 0.322835 -0.299213
vn 0.803150 0.519685 0.283464
vn 0.897638 0.433071 -0.000000
vn 0.905512 0.314961 -0.291339
vn 0.905512 0.299213 -0.291339
vn 0.905512 0.425197 -0.000000
vn 0.913386 0.299213 -0.291339
vn 0.913386 0.409449 0.007874
vn 0.811024 0.503937 0.291339
vn 0.818898 0.488189 0.299213
vn 0.881890 0.370079 -0.299213
vn 0.850394 0.417323 -0.314961
vn 0.858268 0.519685 -0.031496
vn 0.913386 0.401575 0.007874
vn 0.881890 0.464567 -0.015748
vn 0.779528 0.566929 0.259842
vn 0.811024 0.519685 0.267716
vn 0.629921 0.566929 0.527559
vn 0.826772 0.472441 0.299213
vn 0.834646 0.456693 0.299213
vn 0.661417 0.535433 0.527559
vn 0.677165 0.480315 0.566929
vn 0.661417 0.496063 0.566929
vn 0.456693 0.488189 0.740157
vn 0.417323 0.519685 0.748031
vn 0.448819 0.448819 0.771653
vn 0.196850 0.401575 0.897638
vn 0.157480 0.409449 0.897638
vn 0.181102 0.377953 0.905512
vn 0.433071 0.464567 0.771653
vn 0.165354 0.393701 0.905512
vn -0.110236 0.267717 0.960630
vn -0.094488 0.275591 0.960630
vn -0.125984 0.251969 0.960630
vn -0.118110 0.283465 0.952756
vn -0.370079 0.110236 0.921260
vn -0.393701 0.062992 0.913386
vn -0.393701 0.133858 0.913386
vn -0.614173 -0.062992 0.787401
vn -0.614173 -0.133858 0.779527
vn -0.763780 -0.307087 0.566929
vn -0.637795 -0.015748 0.771653
vn -0.787402 -0.228346 0.574803
vn -0.874016 -0.370079 0.307087
vn -0.834646 -0.448819 0.314961
vn -0.818898 -0.157480 0.551181
vn -0.393701 0.141732 0.905512
vn -0.637795 -0.007874 0.771653
vn -0.881890 -0.472441 0.015748
vn -0.834646 -0.551181 0.047244
vn -0.803150 -0.527559 -0.267716
vn -0.763780 -0.606299 -0.228346
vn -0.653543 -0.535433 -0.535433
vn -0.629921 -0.606299 -0.488189
vn -0.393701 0.149606 0.905512
vn -0.401575 0.157480 0.905512
vn -0.125984 0.299213 0.944882
vn -0.125984 0.307087 0.944882
vn -0.133858 0.314961 0.937008
vn 0.157480 0.409449 0.897638
vn 0.157480 0.425197 0.889764
vn 0.425197 0.480315 0.763779
vn 0.149606 0.433071 0.889764
vn 0.417323 0.496063 0.755905
vn 0.653543 0.511811 0.559055
vn 0.645669 0.527559 0.551181
vn 0.417323 0.511811 0.755905
vn 0.637795 0.535433 0.543307
vn 0.409449 0.519685 0.748031
vn 0.149606 0.440945 0.889764
vn 0.141732 0.440945 0.881890
vn -0.133858 0.322835 0.937008
vn 0.141732 0.448819 0.881890
vn -0.133858 0.322835 0.937008
vn -0.401575 0.165354 0.897638
vn -0.401575 0.165354 0.897638
vn -0.133858 0.322835 0.937008
vn -0.401575 0.165354 0.897638
vn 0.133858 0.464567 0.874016
vn -0.141732 0.330709 0.929134
vn -0.409449 0.165354 0.897638
vn 0.118110 0.480315 0.866142
vn -0.149606 0.346457 0.929134
vn -0.409449 0.173228 0.897638
vn -0.157480 0.362205 0.921260
vn 0.102362 0.503937 0.858268
vn -0.417323 0.181102 0.889764
vn -0.173228 0.377953 0.905512
vn 0.086614 0.535433 0.842520
vn -0.417323 0.188976 0.889764
vn -0.188976 0.393701 0.897638
vn -0.472441 -0.409449 0.779527
vn -0.598425 -0.590551 0.543307
vn -0.669291 -0.456693 0.582677
vn -0.826772 -0.440945 0.354331
vn -0.393701 -0.535433 0.748031
vn -0.259843 -0.283464 0.921260
vn -0.763780 -0.574803 0.291339
vn -0.929134 -0.354331 0.110236
vn -0.519685 -0.708661 0.480315
vn -0.165354 -0.409449 0.897638
vn -0.055118 -0.118110 0.992126
vn -0.874016 -0.480315 0.031496
vn -0.968504 -0.212598 -0.125984
vn -0.685039 -0.685039 0.228346
vn -0.921260 -0.322835 -0.212598
vn -0.299213 -0.645669 0.700787
vn -0.417323 -0.811023 0.417323
vn -0.803150 -0.590551 -0.039370
vn -0.598425 -0.787401 0.157480
vn -0.204724 -0.748031 0.629921
vn -0.314961 -0.889764 0.330709
vn -0.708661 -0.692913 -0.118110
vn -0.070866 -0.519685 0.850394
vn -0.488189 -0.866142 0.078740
vn 0.055118 -0.220472 0.976378
vn -0.850394 -0.433071 -0.299213
vn 0.251969 0.000000 0.968504
vn 0.133858 0.094488 0.984252
vn 0.157480 -0.322834 0.929134
vn 0.401575 0.244095 0.881890
vn 0.275591 0.322835 0.905512
vn 0.362205 -0.094488 0.929134
vn 0.527559 0.157480 0.834646
vn 0.496063 0.472441 0.724409
vn 0.362205 0.543307 0.755905
vn 0.622047 0.401575 0.677165
vn 0.527559 0.685039 0.511811
vn 0.385827 0.732283 0.559055
vn 0.346457 0.881890 0.322834
vn 0.653543 0.614173 0.448819
vn 0.480315 0.834646 0.259842
vn 0.244094 0.968504 0.078740
vn 0.755906 0.527559 0.377953
vn 0.370079 0.929134 -0.000000
vn 0.086614 0.984252 -0.149606
vn 0.606299 0.771653 0.188976
vn 0.204724 0.944882 -0.244095
vn 0.488189 0.866142 -0.078740
vn 0.708661 0.692913 0.118110
vn 0.732283 0.314961 0.606299
vn 0.850394 0.433071 0.299213
vn 0.629921 0.062992 0.771653
vn 0.826772 0.220472 0.527559
vn 0.472441 -0.188976 0.858268
vn 0.724409 -0.023622 0.685039
vn 0.921260 0.322835 0.212598
vn 0.267717 -0.425197 0.866142
vn 0.897638 0.118110 0.433071
vn 0.566929 -0.275590 0.779527
vn 0.803150 -0.118110 0.590551
vn 0.031496 -0.614173 0.787401
vn 0.362205 -0.503937 0.779527
vn -0.102362 -0.826771 0.551181
vn 0.133858 -0.700787 0.700787
vn -0.204724 -0.944882 0.244095
vn 0.000000 -0.889764 0.456693
vn 0.228346 -0.763779 0.606299
vn 0.645669 -0.354331 0.669291
vn 0.448819 -0.582677 0.677165
vn 0.110236 -0.929134 0.346457
vn 0.322835 -0.811023 0.488189
vn -0.086614 -0.984252 0.149606
vn -0.370079 -0.929134 0.000000
vn 0.031496 -1.000000 0.055118
vn -0.606299 -0.771653 -0.188976
vn -0.244094 -0.968504 -0.078740
vn -0.480315 -0.834646 -0.259842
vn -0.755906 -0.527559 -0.377953
vn -0.653543 -0.614173 -0.448819
vn -0.346457 -0.881890 -0.322834
vn -0.732283 -0.314961 -0.606299
vn -0.527559 -0.685039 -0.511811
vn -0.622047 -0.401575 -0.677165
vn -0.496063 -0.472441 -0.724409
vn -0.826772 -0.220472 -0.527559
vn -0.527559 -0.157480 -0.834646
vn -0.897638 -0.118110 -0.433071
vn -0.944882 -0.015748 -0.322835
vn -0.629921 -0.062992 -0.771653
vn -0.724409 0.023622 -0.685039
vn -0.803150 0.118110 -0.590551
vn -0.858268 0.204724 -0.472441
vn -0.472441 0.188976 -0.858268
vn -0.645669 0.354331 -0.669291
vn -0.716535 0.433071 -0.551181
vn -0.566929 0.275590 -0.779527
vn -0.448819 0.582677 -0.677165
vn -0.527559 0.637795 -0.559055
vn -0.322835 0.811023 -0.488189
vn -0.362205 0.503937 -0.779527
vn -0.228346 0.763779 -0.606299
vn -0.110236 0.929134 -0.346457
vn -0.267717 0.425197 -0.866142
vn -0.133858 0.700787 -0.700787
vn 0.000000 0.889764 -0.456693
vn 0.102362 0.826771 -0.551181
vn -0.031496 0.614173 -0.787401
vn 0.314961 0.889764 -0.330709
vn 0.204724 0.748031 -0.629921
vn -0.157480 0.322834 -0.929134
vn 0.598425 0.787401 -0.157480
vn -0.362205 0.094488 -0.929134
vn 0.070866 0.519685 -0.850394
vn -0.055118 0.220472 -0.976378
vn -0.251969 -0.000000 -0.968504
vn -0.401575 -0.244095 -0.881890
vn 0.055118 0.118110 -0.992126
vn -0.133858 -0.094488 -0.984252
vn -0.275591 -0.322835 -0.905512
vn -0.362205 -0.543307 -0.755905
vn -0.141732 -0.393701 -0.905512
vn -0.385827 -0.732283 -0.559055
vn -0.220472 -0.590551 -0.771653
vn -0.007874 -0.188976 -0.984252
vn -0.204724 -0.905512 -0.377953
vn -0.244094 -0.771653 -0.590551
vn -0.110236 -0.984252 -0.157480
vn -0.055118 -0.905512 -0.425197
vn -0.086614 -0.787401 -0.614173
vn -0.070866 -0.629921 -0.771653
vn 0.062992 -0.787401 -0.614173
vn 0.031496 -0.976378 -0.228346
vn 0.000000 -0.456693 -0.889764
vn 0.078740 -0.653543 -0.748031
vn 0.118110 -0.275591 -0.952756
vn 0.141732 -0.511811 -0.850394
vn 0.228346 -0.661417 -0.708661
vn 0.165354 -0.000000 -0.984252
vn 0.236220 -0.354331 -0.905512
vn 0.267717 -0.110236 -0.960630
vn 0.275591 -0.551181 -0.787401
vn 0.212598 -0.763779 -0.606299
vn 0.370079 -0.653543 -0.661417
vn 0.354331 -0.425197 -0.834646
vn 0.094488 -0.881890 -0.456693
vn 0.362205 -0.212599 -0.905512
vn 0.165354 -0.944882 -0.291338
vn 0.236220 -0.842520 -0.480315
vn 0.362205 -0.732283 -0.582677
vn 0.149606 -0.984252 -0.039370
vn 0.291339 -0.889764 -0.354331
vn 0.267717 -0.952756 -0.141732
vn 0.377953 -0.779527 -0.496063
vn 0.377953 -0.897638 -0.228346
vn 0.488189 -0.677165 -0.551181
vn 0.417323 -0.818898 -0.401575
vn 0.496063 -0.716535 -0.496063
vn 0.488189 -0.637795 -0.598425
vn 0.519685 -0.732283 -0.440945
vn 0.401575 -0.574803 -0.716535
vn 0.511811 -0.590551 -0.629921
vn 0.456693 -0.488189 -0.740157
vn 0.448819 -0.314961 -0.834646
vn 0.543307 -0.535433 -0.645669
vn 0.527559 -0.409449 -0.748031
vn 0.653543 -0.582677 -0.480315
vn 0.582677 -0.488189 -0.645669
vn 0.629921 -0.448819 -0.629921
vn 0.598425 -0.346457 -0.716535
vn 0.677165 -0.425197 -0.598425
vn 0.559055 -0.228347 -0.795275
vn 0.677165 -0.299213 -0.669291
vn 0.503937 -0.102362 -0.858268
vn 0.669291 -0.165354 -0.724409
vn 0.433071 0.031496 -0.905512
vn 0.645669 -0.023622 -0.763779
vn 0.771654 -0.133858 -0.622047
vn 0.354331 0.157480 -0.921260
vn 0.598425 0.125984 -0.787401
vn 0.771654 0.015748 -0.637795
vn 0.755906 -0.283465 -0.590551
vn 0.874016 -0.000000 -0.480315
vn 0.724409 -0.409449 -0.559055
vn 0.850394 -0.149606 -0.496063
vn 0.811024 -0.291339 -0.503937
vn 0.755906 -0.417323 -0.503937
vn 0.905512 -0.188976 -0.370079
vn 0.850394 -0.322835 -0.417323
vn 0.779528 -0.433071 -0.448819
vn 0.944882 -0.055118 -0.314961
vn 0.929134 -0.267717 -0.244094
vn 0.866142 -0.377953 -0.330709
vn 0.787402 -0.472441 -0.393701
vn 0.787402 -0.511811 -0.354331
vn 0.858268 -0.448819 -0.251968
vn 0.763780 -0.559055 -0.322835
vn 0.921260 -0.370079 -0.141732
vn 0.826772 -0.527559 -0.196850
vn 0.976378 -0.149606 -0.157480
vn 0.732283 -0.614173 -0.299213
vn 0.874016 -0.488189 -0.062992
vn 0.771654 -0.614173 -0.165354
vn 0.960630 -0.283465 -0.023622
vn 0.692913 -0.661417 -0.299212
vn 0.795276 -0.606299 -0.023622
vn 0.700787 -0.692913 -0.165354
vn 0.897638 -0.433071 0.078740
vn 1.000000 -0.031496 -0.062992
vn 0.976378 -0.188976 0.094488
vn 0.960630 0.086614 -0.251968
vn 0.976378 -0.086614 0.212598
vn 0.881890 0.157480 -0.448819
vn 0.960630 0.220472 -0.181102
vn 0.755906 0.165354 -0.629921
vn 0.866142 0.299213 -0.409449
vn 0.716535 0.314961 -0.614173
vn 0.543307 0.267716 -0.795276
vn 0.669291 0.456693 -0.582677
vn 0.472441 0.409449 -0.779527
vn 0.259843 0.283464 -0.921260
vn 0.826772 0.440945 -0.354331
vn 0.598425 0.590551 -0.543307
vn 0.393701 0.535433 -0.748031
vn 0.165354 0.409449 -0.897638
vn 0.299213 0.645669 -0.700787
vn 0.519685 0.708661 -0.480315
vn 0.417323 0.811023 -0.417323
vn 0.763780 0.574803 -0.291339
vn 0.685039 0.685039 -0.228346
vn 0.803150 0.590551 0.039370
vn 0.874016 0.480315 -0.031496
vn 0.968504 0.212598 0.125984
vn 0.929134 0.354331 -0.110236
vn 0.944882 0.015748 0.322835
vn 0.992126 0.086614 0.031496
vn 0.858268 -0.204724 0.472441
vn 0.889764 -0.283464 0.346457
vn 0.716535 -0.433071 0.551181
vn 0.905512 -0.362205 0.212598
vn 0.763780 -0.496063 0.417323
vn 0.527559 -0.637795 0.559055
vn 0.795276 -0.543307 0.275591
vn 0.590551 -0.685039 0.425197
vn 0.401575 -0.842520 0.362205
vn 0.803150 -0.582677 0.125984
vn 0.645669 -0.708661 0.283465
vn 0.480315 -0.850394 0.228347
vn 0.677165 -0.724409 0.133858
vn 0.212598 -0.952756 0.236221
vn 0.307087 -0.944882 0.110236
vn 0.535433 -0.834646 0.086614
vn 0.401575 -0.921260 -0.007874
vn 0.700787 -0.716535 -0.015748
vn 0.590551 -0.803149 -0.055118
vn 0.480315 -0.866142 -0.125984
vn 0.622047 -0.755905 -0.196850
vn 0.543307 -0.803149 -0.244094
vn 0.645669 -0.700787 -0.314961
vn 0.472441 -0.818898 -0.314961
vn 0.598425 -0.724409 -0.346457
vn 0.551181 -0.732283 -0.393701
vn -0.992126 -0.086614 -0.031496
vn -0.929134 -0.354331 0.110236
vn -0.968504 -0.212598 -0.125984
vn -0.944882 -0.015748 -0.322835
vn -0.960630 -0.220472 0.181102
vn -0.826772 -0.440945 0.354331
vn -0.976378 0.086614 -0.212598
vn -0.858268 0.204724 -0.472441
vn -0.866142 -0.299213 0.409449
vn -0.669291 -0.456693 0.582677
vn -0.889764 0.283464 -0.346457
vn -0.716535 0.433071 -0.551181
vn -1.000000 0.031496 0.062992
vn -0.976378 0.188976 -0.094488
vn -0.763780 0.496063 -0.417323
vn -0.527559 0.637795 -0.559055
vn -0.905512 0.362205 -0.212598
vn -0.590551 0.685039 -0.425197
vn -0.795276 0.543307 -0.275591
vn -0.897638 0.433071 -0.078740
vn -0.401575 0.842520 -0.362205
vn -0.322835 0.811023 -0.488189
vn -0.645669 0.708661 -0.283465
vn -0.212598 0.952756 -0.236221
vn -0.110236 0.929134 -0.346457
vn -0.480315 0.850394 -0.228347
vn -0.307087 0.944882 -0.110236
vn -0.031496 1.000000 -0.055118
vn 0.086614 0.984252 -0.149606
vn 0.244094 0.968504 0.078740
vn -0.803150 0.582677 -0.125984
vn -0.677165 0.724409 -0.133858
vn -0.795276 0.606299 0.023622
vn -0.535433 0.834646 -0.086614
vn -0.700787 0.716535 0.015748
vn -0.401575 0.921260 0.007874
vn -0.590551 0.803149 0.055118
vn -0.700787 0.692913 0.165354
vn -0.149606 0.984252 0.039370
vn -0.480315 0.866142 0.125984
vn -0.267717 0.952756 0.141732
vn -0.622047 0.755905 0.196850
vn -0.771654 0.614173 0.165354
vn -0.692913 0.661417 0.299212
vn -0.543307 0.803149 0.244094
vn -0.645669 0.700787 0.314961
vn -0.377953 0.897638 0.228346
vn -0.598425 0.724409 0.346457
vn -0.472441 0.818898 0.314961
vn -0.291339 0.889764 0.354331
vn -0.551181 0.732283 0.393701
vn -0.165354 0.944882 0.291338
vn -0.417323 0.818898 0.401575
vn -0.519685 0.732283 0.440945
vn -0.653543 0.582677 0.480315
vn -0.496063 0.716535 0.496063
vn -0.377953 0.779527 0.496063
vn -0.488189 0.677165 0.551181
vn -0.236220 0.842520 0.480315
vn -0.362205 0.732283 0.582677
vn -0.488189 0.637795 0.598425
vn -0.212598 0.763779 0.606299
vn -0.370079 0.653543 0.661417
vn -0.094488 0.881890 0.456693
vn -0.031496 0.976378 0.228346
vn 0.110236 0.984252 0.157480
vn 0.346457 0.881890 0.322834
vn 0.055118 0.905512 0.425197
vn 0.204724 0.905512 0.377953
vn 0.385827 0.732283 0.559055
vn 0.244094 0.771653 0.590551
vn -0.062992 0.787401 0.614173
vn 0.086614 0.787401 0.614173
vn 0.220472 0.590551 0.771653
vn 0.362205 0.543307 0.755905
vn 0.070866 0.629921 0.771653
vn 0.141732 0.393701 0.905512
vn 0.275591 0.322835 0.905512
vn 0.133858 0.094488 0.984252
vn -0.078740 0.653543 0.748031
vn 0.007874 0.188976 0.984252
vn -0.055118 -0.118110 0.992126
vn 0.000000 0.456693 0.889764
vn -0.165354 0.000000 0.984252
vn -0.118110 0.275591 0.952756
vn -0.141732 0.511811 0.850394
vn -0.228346 0.661417 0.708661
vn -0.275591 0.551181 0.787401
vn -0.236220 0.354331 0.905512
vn -0.401575 0.574803 0.716535
vn -0.354331 0.425197 0.834646
vn -0.267717 0.110236 0.960630
vn -0.362205 0.212599 0.905512
vn -0.511811 0.590551 0.629921
vn -0.456693 0.488189 0.740157
vn -0.448819 0.314961 0.834646
vn -0.543307 0.535433 0.645669
vn -0.527559 0.409449 0.748031
vn -0.559055 0.228347 0.795275
vn -0.582677 0.488189 0.645669
vn -0.598425 0.346457 0.716535
vn -0.629921 0.448819 0.629921
vn -0.677165 0.425197 0.598425
vn -0.677165 0.299213 0.669291
vn -0.503937 0.102362 0.858268
vn -0.669291 0.165354 0.724409
vn -0.433071 -0.031496 0.905512
vn -0.645669 0.023622 0.763779
vn -0.771654 0.133858 0.622047
vn -0.755906 0.283465 0.590551
vn -0.724409 0.409449 0.559055
vn -0.811024 0.291339 0.503937
vn -0.850394 0.149606 0.496063
vn -0.755906 0.417323 0.503937
vn -0.850394 0.322835 0.417323
vn -0.905512 0.188976 0.370079
vn -0.779528 0.433071 0.448819
vn -0.866142 0.377953 0.330709
vn -0.787402 0.472441 0.393701
vn -0.787402 0.511811 0.354331
vn -0.929134 0.267717 0.244094
vn -0.858268 0.448819 0.251968
vn -0.763780 0.559055 0.322835
vn -0.732283 0.614173 0.299213
vn -0.826772 0.527559 0.196850
vn -0.874016 0.488189 0.062992
vn -0.921260 0.370079 0.141732
vn -0.960630 0.283465 0.023622
vn -0.976378 0.149606 0.157480
vn -0.944882 0.055118 0.314961
vn -0.960630 -0.086614 0.251968
vn -0.874016 0.000000 0.480315
vn -0.771654 -0.015748 0.637795
vn -0.881890 -0.157480 0.448819
vn -0.755906 -0.165354 0.629921
vn -0.598425 -0.125984 0.787401
vn -0.716535 -0.314961 0.614173
vn -0.543307 -0.267716 0.795276
vn -0.472441 -0.409449 0.779527
vn -0.354331 -0.157480 0.921260
vn -0.259843 -0.283464 0.921260
vn -0.669291 -0.456693 -0.582677
vn -0.543307 -0.267717 -0.795275
vn -0.716535 -0.314961 -0.614173
vn -0.866142 -0.299213 -0.409449
vn -0.472441 -0.409449 -0.779527
vn -0.354331 -0.157480 -0.921260
vn -0.826772 -0.440945 -0.354331
vn -0.960630 -0.220472 -0.181102
vn -0.598425 -0.590551 -0.543307
vn -0.259843 -0.283465 -0.921260
vn -0.929134 -0.354331 -0.110236
vn -0.992126 -0.086614 0.031496
vn -0.763780 -0.574803 -0.291339
vn -0.393701 -0.535433 -0.748031
vn -0.519685 -0.708661 -0.480315
vn -0.874016 -0.480315 -0.031496
vn -0.685039 -0.685039 -0.228346
vn -0.299213 -0.645669 -0.700787
vn -0.968504 -0.212598 0.125984
vn -0.165354 -0.409449 -0.897638
vn -0.944882 -0.015748 0.322835
vn -0.976378 0.086614 0.212598
vn -0.417323 -0.811024 -0.417323
vn -0.858268 0.204724 0.472441
vn -0.889764 0.283465 0.346457
vn -0.897638 -0.118110 0.433071
vn -0.716535 0.433071 0.551181
vn -0.763780 0.496063 0.417323
vn -0.803150 0.118110 0.590551
vn -0.645669 0.354331 0.669291
vn -0.527559 0.637795 0.559055
vn -0.590551 0.685039 0.425197
vn -0.401575 0.842520 0.362205
vn -0.448819 0.582677 0.677165
vn -0.322835 0.811024 0.488189
vn -0.212598 0.952756 0.236220
vn -0.362205 0.503937 0.779527
vn -0.110236 0.929134 0.346457
vn -0.031496 1.000000 0.055118
vn -0.228346 0.763779 0.606299
vn 0.086614 0.984252 0.149606
vn 0.000000 0.889764 0.456693
vn -0.133858 0.700787 0.700787
vn -0.566929 0.275591 0.779527
vn -0.267717 0.425197 0.866142
vn -0.724409 0.023622 0.685039
vn -0.472441 0.188976 0.858268
vn -0.031496 0.614173 0.787401
vn -0.157480 0.322835 0.929134
vn -0.629921 -0.062992 0.771653
vn 0.102362 0.826772 0.551181
vn -0.826772 -0.220472 0.527559
vn -0.921260 -0.322835 0.212598
vn -0.803150 -0.590551 0.039370
vn -0.850394 -0.433071 0.299213
vn -0.598425 -0.787401 -0.157480
vn -0.708661 -0.692913 0.118110
vn -0.732283 -0.314961 0.606299
vn -0.755906 -0.527559 0.377953
vn -0.488189 -0.866142 -0.078740
vn -0.606299 -0.771653 0.188976
vn -0.314961 -0.889764 -0.330709
vn -0.204724 -0.748031 -0.629921
vn -0.204724 -0.944882 -0.244094
vn -0.070866 -0.519685 -0.850394
vn -0.102362 -0.826772 -0.551181
vn 0.031496 -0.614173 -0.787401
vn 0.055118 -0.220473 -0.976378
vn 0.157480 -0.322835 -0.929134
vn 0.133858 -0.700787 -0.700787
vn -0.055118 -0.118110 -0.992126
vn -0.165354 -0.000000 -0.984252
vn 0.007874 0.188976 -0.984252
vn 0.133858 0.094488 -0.984252
vn 0.141732 0.393701 -0.905512
vn 0.251969 -0.000000 -0.968504
vn 0.362205 -0.094488 -0.929134
vn 0.401575 0.244094 -0.881890
vn 0.275591 0.322834 -0.905512
vn 0.362205 0.543307 -0.755905
vn 0.220472 0.590551 -0.771653
vn 0.496063 0.472441 -0.724409
vn 0.527559 0.157480 -0.834646
vn 0.385827 0.732283 -0.559055
vn 0.244094 0.771653 -0.590551
vn 0.204724 0.905512 -0.377953
vn 0.527559 0.685039 -0.511811
vn 0.346457 0.881890 -0.322835
vn 0.110236 0.984252 -0.157480
vn 0.653543 0.614173 -0.448819
vn 0.244094 0.968504 -0.078740
vn 0.480315 0.834646 -0.259843
vn 0.370079 0.929134 -0.000000
vn 0.606299 0.771653 -0.188976
vn 0.204724 0.944882 0.244094
vn 0.488189 0.866142 0.078740
vn 0.314961 0.889764 0.330709
vn 0.204724 0.748031 0.629921
vn 0.598425 0.787401 0.157480
vn 0.070866 0.519685 0.850394
vn 0.417323 0.811024 0.417323
vn 0.299213 0.645669 0.700787
vn -0.055118 0.220473 0.976378
vn 0.165354 0.409449 0.897638
vn 0.519685 0.708661 0.480315
vn -0.362205 0.094488 0.929134
vn -0.527559 -0.157480 0.834646
vn -0.251969 0.000000 0.968504
vn -0.622047 -0.401575 0.677165
vn -0.401575 -0.244094 0.881890
vn -0.653543 -0.614173 0.448819
vn -0.496063 -0.472441 0.724409
vn -0.133858 -0.094488 0.984252
vn -0.275591 -0.322834 0.905512
vn 0.055118 0.118110 0.992126
vn -0.141732 -0.393701 0.905512
vn 0.259843 0.283465 0.921260
vn -0.007874 -0.188976 0.984252
vn 0.393701 0.535433 0.748031
vn 0.354331 0.157480 0.921260
vn 0.472441 0.409449 0.779527
vn 0.598425 0.590551 0.543307
vn 0.165354 0.000000 0.984252
vn 0.543307 0.267717 0.795275
vn 0.118110 -0.275590 0.952756
vn 0.669291 0.456693 0.582677
vn 0.433071 0.031496 0.905512
vn 0.598425 0.125984 0.787401
vn 0.716535 0.314961 0.614173
vn 0.267717 -0.110236 0.960630
vn 0.645669 -0.023622 0.763779
vn 0.503937 -0.102362 0.858268
vn 0.236220 -0.354331 0.905512
vn 0.362205 -0.212598 0.905512
vn 0.669291 -0.165354 0.724409
vn 0.559055 -0.228346 0.795275
vn 0.354331 -0.425197 0.834646
vn 0.448819 -0.314961 0.834646
vn 0.677165 -0.299212 0.669291
vn 0.598425 -0.346457 0.716535
vn 0.771654 -0.133858 0.622047
vn 0.771654 0.015748 0.637795
vn 0.755906 0.165354 0.629921
vn 0.874016 0.000000 0.480315
vn 0.881890 0.157480 0.448819
vn 0.866142 0.299213 0.409449
vn 0.960630 0.086614 0.251968
vn 0.826772 0.440945 0.354331
vn 0.960630 0.220472 0.181102
vn 0.763780 0.574803 0.291339
vn 0.929134 0.354331 0.110236
vn 0.685039 0.685039 0.228346
vn 0.874016 0.480315 0.031496
vn 0.803150 0.590551 -0.039370
vn 0.708661 0.692913 -0.118110
vn 0.921260 0.322835 -0.212598
vn 0.755906 0.527559 -0.377953
vn 0.850394 0.433071 -0.299213
vn 0.622047 0.401575 -0.677165
vn 0.732283 0.314961 -0.606299
vn 0.629921 0.062992 -0.771653
vn 0.826772 0.220472 -0.527559
vn 0.472441 -0.188976 -0.858268
vn 0.724409 -0.023622 -0.685039
vn 0.897638 0.118110 -0.433071
vn 0.267717 -0.425197 -0.866142
vn 0.566929 -0.275591 -0.779527
vn 0.803150 -0.118110 -0.590551
vn 0.968504 0.212598 -0.125984
vn 0.944882 0.015748 -0.322835
vn 0.992126 0.086614 -0.031496
vn 0.858268 -0.204724 -0.472441
vn 1.000000 -0.031496 0.062992
vn 0.976378 -0.086614 -0.212598
vn 0.944882 -0.055118 0.314961
vn 0.645669 -0.354331 -0.669291
vn 0.850394 -0.149606 0.496063
vn 0.362205 -0.503937 -0.779527
vn 0.755906 -0.283464 0.590551
vn 0.228346 -0.763779 -0.606299
vn 0.677165 -0.425197 0.598425
vn 0.448819 -0.582677 -0.677165
vn 0.000000 -0.889764 -0.456693
vn 0.716535 -0.433071 -0.551181
vn 0.322835 -0.811024 -0.488189
vn 0.889764 -0.283465 -0.346457
vn 0.527559 -0.637795 -0.559055
vn 0.763780 -0.496063 -0.417323
vn 0.976378 -0.188976 -0.094488
vn 0.905512 -0.362205 -0.212598
vn 0.590551 -0.685039 -0.425197
vn 0.795276 -0.543307 -0.275590
vn 0.897638 -0.433071 -0.078740
vn 0.960630 -0.283465 0.023622
vn 0.976378 -0.149606 0.157480
vn 0.874016 -0.488189 0.062992
vn 0.905512 -0.188976 0.370079
vn 0.921260 -0.370079 0.141732
vn 0.929134 -0.267716 0.244094
vn 0.811024 -0.291339 0.503937
vn 0.850394 -0.322835 0.417323
vn 0.724409 -0.409449 0.559055
vn 0.755906 -0.417323 0.503937
vn 0.653543 -0.582677 0.480315
vn 0.779528 -0.433071 0.448819
vn 0.866142 -0.377953 0.330709
vn 0.787402 -0.464567 0.393701
vn 0.858268 -0.448819 0.251969
vn 0.787402 -0.511811 0.354331
vn 0.826772 -0.527559 0.196850
vn 0.763780 -0.559055 0.322835
vn 0.732283 -0.614173 0.299213
vn 0.771654 -0.614173 0.165354
vn 0.795276 -0.606299 0.023622
vn 0.692913 -0.661417 0.299213
vn 0.803150 -0.582677 -0.125984
vn 0.700787 -0.692913 0.165354
vn 0.645669 -0.708661 -0.283464
vn 0.677165 -0.724409 -0.133858
vn 0.700787 -0.716535 0.015748
vn 0.480315 -0.850394 -0.228346
vn 0.535433 -0.834646 -0.086614
vn 0.590551 -0.803149 0.055118
vn 0.401575 -0.842520 -0.362205
vn 0.307087 -0.944882 -0.110236
vn 0.212598 -0.952756 -0.236220
vn 0.110236 -0.929134 -0.346457
vn 0.031496 -1.000000 -0.055118
vn -0.086614 -0.984252 -0.149606
vn 0.401575 -0.921260 0.007874
vn -0.370079 -0.929134 0.000000
vn -0.244094 -0.968504 0.078740
vn -0.480315 -0.834646 0.259843
vn -0.527559 -0.685039 0.511811
vn -0.346457 -0.881890 0.322835
vn -0.362205 -0.543307 0.755905
vn -0.385827 -0.732283 0.559055
vn -0.220472 -0.590551 0.771653
vn -0.110236 -0.984252 0.157480
vn -0.204724 -0.905512 0.377953
vn -0.244094 -0.771653 0.590551
vn -0.055118 -0.905512 0.425197
vn 0.031496 -0.976378 0.228347
vn -0.086614 -0.787401 0.614173
vn -0.070866 -0.629921 0.771653
vn 0.062992 -0.787401 0.614173
vn 0.000000 -0.456693 0.889764
vn 0.078740 -0.653543 0.748031
vn 0.141732 -0.511811 0.850394
vn 0.228346 -0.661417 0.708661
vn 0.275591 -0.551181 0.787401
vn 0.212598 -0.763779 0.606299
vn 0.370079 -0.653543 0.661417
vn 0.401575 -0.574803 0.716535
vn 0.094488 -0.881890 0.456693
vn 0.362205 -0.732283 0.582677
vn 0.236220 -0.842520 0.480315
vn 0.165354 -0.944882 0.291339
vn 0.488189 -0.637795 0.598425
vn 0.377953 -0.779527 0.496063
vn 0.488189 -0.677165 0.551181
vn 0.511811 -0.590551 0.629921
vn 0.291339 -0.889764 0.354331
vn 0.496063 -0.716535 0.496063
vn 0.417323 -0.818897 0.401575
vn 0.519685 -0.732283 0.440945
vn 0.377953 -0.897638 0.228347
vn 0.472441 -0.818897 0.314961
vn 0.551181 -0.732283 0.393701
vn 0.598425 -0.724409 0.346457
vn 0.543307 -0.803149 0.244095
vn 0.645669 -0.700787 0.314961
vn 0.480315 -0.866142 0.125984
vn 0.267717 -0.952756 0.141732
vn 0.622047 -0.755905 0.196850
vn 0.149606 -0.984252 0.039370
vn 0.629921 -0.448819 0.629921
vn 0.582677 -0.488189 0.645669
vn 0.527559 -0.409449 0.748031
vn 0.543307 -0.535433 0.645669
vn 0.456693 -0.488189 0.740157
vn -0.598425 -0.125984 -0.787401
vn -0.543307 -0.267717 -0.795275
vn -0.354331 -0.157480 -0.921260
vn -0.716535 -0.314961 -0.614173
vn -0.433071 -0.031496 -0.905512
vn -0.165354 -0.000000 -0.984252
vn -0.755906 -0.165354 -0.629921
vn -0.267717 0.110236 -0.960630
vn -0.881890 -0.157480 -0.448819
vn -0.866142 -0.299213 -0.409449
vn -0.771654 -0.015748 -0.637795
vn -0.960630 -0.086614 -0.251968
vn -0.960630 -0.220472 -0.181102
vn -0.874016 -0.000000 -0.480315
vn -1.000000 0.031496 -0.062992
vn -0.992126 -0.086614 0.031496
vn -0.976378 0.086614 0.212598
vn -0.944882 0.055118 -0.314961
vn -0.976378 0.188976 0.094488
vn -0.889764 0.283465 0.346457
vn -0.976378 0.149606 -0.157480
vn -0.905512 0.362205 0.212598
vn -0.763780 0.496063 0.417323
vn -0.960630 0.283465 -0.023622
vn -0.897638 0.433071 0.078740
vn -0.795276 0.543307 0.275590
vn -0.590551 0.685039 0.425197
vn -0.874016 0.488189 -0.062992
vn -0.645669 0.708661 0.283464
vn -0.803150 0.582677 0.125984
vn -0.480315 0.850394 0.228346
vn -0.401575 0.842520 0.362205
vn -0.677165 0.724409 0.133858
vn -0.795276 0.606299 -0.023622
vn -0.535433 0.834646 0.086614
vn -0.700787 0.716535 -0.015748
vn -0.307087 0.944882 0.110236
vn -0.212598 0.952756 0.236220
vn -0.031496 1.000000 0.055118
vn -0.590551 0.803149 -0.055118
vn -0.401575 0.921260 -0.007874
vn -0.149606 0.984252 -0.039370
vn -0.700787 0.692913 -0.165354
vn -0.480315 0.866142 -0.125984
vn -0.771654 0.614173 -0.165354
vn -0.622047 0.755905 -0.196850
vn -0.692913 0.661417 -0.299213
vn -0.826772 0.527559 -0.196850
vn -0.732283 0.614173 -0.299213
vn -0.645669 0.700787 -0.314961
vn -0.921260 0.370079 -0.141732
vn -0.543307 0.803149 -0.244095
vn -0.929134 0.267716 -0.244094
vn -0.377953 0.897638 -0.228347
vn -0.905512 0.188976 -0.370079
vn -0.858268 0.448819 -0.251969
vn -0.850394 0.149606 -0.496063
vn -0.763780 0.559055 -0.322835
vn -0.771654 0.133858 -0.622047
vn -0.787402 0.511811 -0.354331
vn -0.645669 0.023622 -0.763779
vn -0.503937 0.102362 -0.858268
vn -0.669291 0.165354 -0.724409
vn -0.677165 0.299212 -0.669291
vn -0.559055 0.228346 -0.795275
vn -0.362205 0.212598 -0.905512
vn -0.755906 0.283464 -0.590551
vn -0.598425 0.346457 -0.716535
vn -0.811024 0.291339 -0.503937
vn -0.677165 0.425197 -0.598425
vn -0.724409 0.409449 -0.559055
vn -0.850394 0.322835 -0.417323
vn -0.755906 0.417323 -0.503937
vn -0.866142 0.377953 -0.330709
vn -0.779528 0.433071 -0.448819
vn -0.787402 0.472441 -0.393701
vn -0.653543 0.582677 -0.480315
vn -0.629921 0.448819 -0.629921
vn -0.598425 0.724409 -0.346457
vn -0.472441 0.818897 -0.314961
vn -0.551181 0.732283 -0.393701
vn -0.519685 0.732283 -0.440945
vn -0.417323 0.818897 -0.401575
vn -0.496063 0.716535 -0.496063
vn -0.291339 0.889764 -0.354331
vn -0.377953 0.779527 -0.496063
vn -0.488189 0.677165 -0.551181
vn -0.267717 0.952756 -0.141732
vn -0.165354 0.944882 -0.291339
vn -0.236220 0.842520 -0.480315
vn -0.031496 0.976378 -0.228347
vn 0.110236 0.984252 -0.157480
vn -0.094488 0.881890 -0.456693
vn 0.055118 0.905512 -0.425197
vn 0.204724 0.905512 -0.377953
vn 0.244094 0.771653 -0.590551
vn 0.086614 0.787401 -0.614173
vn 0.220472 0.590551 -0.771653
vn -0.062992 0.787401 -0.614173
vn 0.070866 0.629921 -0.771653
vn 0.141732 0.393701 -0.905512
vn -0.212598 0.763779 -0.606299
vn 0.000000 0.456693 -0.889764
vn 0.007874 0.188976 -0.984252
vn -0.078740 0.653543 -0.748031
vn -0.228346 0.661417 -0.708661
vn -0.141732 0.511811 -0.850394
vn -0.118110 0.275590 -0.952756
vn -0.236220 0.354331 -0.905512
vn -0.275591 0.551181 -0.787401
vn -0.354331 0.425197 -0.834646
vn -0.370079 0.653543 -0.661417
vn -0.401575 0.574803 -0.716535
vn -0.448819 0.314961 -0.834646
vn -0.456693 0.488189 -0.740157
vn -0.527559 0.409449 -0.748031
vn -0.582677 0.488189 -0.645669
vn -0.543307 0.535433 -0.645669
vn -0.511811 0.590551 -0.629921
vn -0.488189 0.637795 -0.598425
vn -0.362205 0.732283 -0.582677
vn 0.677165 0.732283 -0.015748
vn 0.511811 0.795275 -0.322835
vn 0.503937 0.795275 -0.330709
vn 0.677165 0.732283 -0.007874
vn 0.519685 0.795275 -0.307087
vn 0.685039 0.732283 -0.000000
vn 0.677165 0.732283 -0.007874
vn 0.535433 0.795275 -0.291339
vn 0.685039 0.732283 -0.000000
vn 0.685039 0.732283 -0.000000
vn 0.677165 0.732283 -0.007874
vn 0.543307 0.787401 -0.291339
vn 0.685039 0.732283 -0.000000
vn 0.685039 0.732283 -0.000000
vn 0.685039 0.732283 -0.000000
vn 0.685039 0.732283 -0.007874
vn 0.551181 0.771653 -0.314961
vn 0.685039 0.732283 -0.000000
vn 0.685039 0.732283 -0.000000
vn 0.700787 0.716535 -0.007874
vn 0.566929 0.763779 -0.314961
vn 0.692913 0.724409 -0.000000
vn 0.716535 0.692913 -0.007874
vn 0.574803 0.755905 -0.322835
vn 0.708661 0.708661 -0.000000
vn 0.685039 0.732283 -0.000000
vn 0.692913 0.724409 -0.000000
vn 0.732283 0.685039 -0.015748
vn 0.582677 0.732283 -0.354331
vn 0.724409 0.685039 -0.000000
vn 0.748031 0.669291 -0.015748
vn 0.645669 0.653543 -0.393701
vn 0.732283 0.677165 -0.000000
vn 0.708661 0.708661 -0.000000
vn 0.724409 0.685039 -0.000000
vn 0.811024 0.582677 -0.015748
vn 0.716535 0.551181 -0.425197
vn 0.755906 0.653543 -0.000000
vn 0.881890 0.472441 -0.023622
vn 0.740157 0.511811 -0.440945
vn 0.826772 0.566929 -0.000000
vn 0.732283 0.677165 -0.000000
vn 0.755906 0.653543 -0.000000
vn 0.897638 0.433071 -0.023622
vn 0.740157 0.511811 -0.440945
vn 0.889764 0.464567 -0.000000
vn 0.897638 0.433071 -0.023622
vn 0.740157 0.511811 -0.440945
vn 0.905512 0.425197 -0.000000
vn 0.826772 0.566929 -0.000000
vn 0.889764 0.464567 -0.000000
vn 0.897638 0.433071 -0.031496
vn 0.740157 0.511811 -0.433071
vn 0.897638 0.433071 -0.023622
vn 0.905512 0.425197 -0.000000
vn 0.905512 0.425197 -0.000000
vn 0.905512 0.425197 -0.000000
vn 0.905512 0.425197 -0.000000
vn 0.905512 0.425197 -0.000000
vn 0.905512 0.425197 -0.000000
vn 0.905512 0.425197 -0.000000
vn 0.905512 0.425197 -0.000000
vn 0.905512 0.425197 -0.000000
vn 0.905512 0.425197 -0.000000
vn 0.905512 0.425197 -0.000000
vn 0.905512 0.425197 -0.000000
vn 0.905512 0.425197 -0.000000
vn 0.905512 0.425197 -0.000000
vn 0.905512 0.425197 -0.000000
vn 0.905512 0.425197 -0.000000
vn 0.897638 0.433071 0.023622
vn 0.905512 0.425197 -0.000000
vn 0.897638 0.433071 0.031496
vn 0.740157 0.511811 0.433071
vn 0.740157 0.511811 0.440945
vn 0.905512 0.425197 -0.000000
vn 0.897638 0.433071 0.023622
vn 0.740157 0.511811 0.440945
vn 0.905512 0.425197 -0.000000
vn 0.897638 0.433071 0.023622
vn 0.740157 0.511811 0.440945
vn 0.889764 0.464567 -0.000000
vn 0.881890 0.472441 0.023622
vn 0.716535 0.551181 0.425197
vn 0.889764 0.464567 -0.000000
vn 0.811024 0.582677 0.015748
vn 0.645669 0.653543 0.393701
vn 0.826772 0.566929 -0.000000
vn 0.748031 0.669291 0.015748
vn 0.582677 0.732283 0.354331
vn 0.755906 0.653543 -0.000000
vn 0.826772 0.566929 -0.000000
vn 0.755906 0.653543 -0.000000
vn 0.732283 0.677165 -0.000000
vn 0.732283 0.685039 0.015748
vn 0.574803 0.755905 0.322835
vn 0.732283 0.677165 -0.000000
vn 0.716535 0.692913 0.007874
vn 0.566929 0.763779 0.314961
vn 0.724409 0.685039 -0.000000
vn 0.724409 0.685039 -0.000000
vn 0.700787 0.716535 0.007874
vn 0.551181 0.771653 0.314961
vn 0.708661 0.708661 -0.000000
vn 0.685039 0.732283 0.007874
vn 0.543307 0.787401 0.291338
vn 0.692913 0.724409 -0.000000
vn 0.708661 0.708661 -0.000000
vn 0.692913 0.724409 -0.000000
vn 0.685039 0.732283 -0.000000
vn 0.677165 0.732283 0.007874
vn 0.535433 0.795276 0.291338
vn 0.685039 0.732283 -0.000000
vn 0.677165 0.732283 0.007874
vn 0.519685 0.795276 0.307086
vn 0.685039 0.732283 -0.000000
vn 0.685039 0.732283 -0.000000
vn 0.677165 0.732283 0.007874
vn 0.511811 0.795276 0.322835
vn 0.677165 0.732283 0.015748
vn 0.503937 0.795276 0.330709
vn 0.685039 0.732283 -0.000000
vn 0.685039 0.732283 -0.000000
vn 0.685039 0.732283 -0.000000
vn 0.685039 0.732283 -0.000000
vn 0.685039 0.732283 -0.000000
vn 0.685039 0.732283 -0.000000
vn 0.685039 0.732283 -0.000000
vn 0.692913 0.724409 -0.000000
vn 0.708661 0.708661 -0.000000
vn 0.724409 0.685039 -0.000000
vn 0.732283 0.677165 -0.000000
vn 0.755906 0.653543 -0.000000
vn 0.826772 0.566929 -0.000000
vn 0.889764 0.464567 -0.000000
vn 0.503937 0.795275 -0.330709
vn 0.511811 0.795275 -0.322835
vn 0.330709 0.771653 -0.543307
vn 0.299213 0.763779 -0.574803
vn 0.015748 0.614173 -0.787401
vn 0.519685 0.795275 -0.307087
vn 0.007874 0.614173 -0.787401
vn 0.000000 0.606299 -0.795276
vn 0.314961 0.763779 -0.559055
vn 0.535433 0.795275 -0.291339
vn 0.000000 0.606299 -0.795276
vn 0.000000 0.606299 -0.795276
vn 0.007874 0.614173 -0.787401
vn 0.330709 0.771653 -0.543307
vn 0.543307 0.787401 -0.291339
vn 0.000000 0.606299 -0.795276
vn 0.000000 0.606299 -0.795276
vn 0.330709 0.763779 -0.551181
vn 0.551181 0.771653 -0.314961
vn 0.000000 0.606299 -0.795276
vn 0.000000 0.606299 -0.795276
vn 0.000000 0.606299 -0.795276
vn 0.000000 0.606299 -0.795276
vn 0.000000 0.606299 -0.795276
vn 0.000000 0.606299 -0.795276
vn 0.007874 0.614173 -0.787401
vn 0.000000 0.606299 -0.795276
vn 0.007874 0.606299 -0.795276
vn 0.322835 0.748031 -0.582677
vn 0.566929 0.763779 -0.314961
vn 0.000000 0.606299 -0.795276
vn 0.338583 0.732283 -0.582677
vn 0.574803 0.755905 -0.322835
vn 0.007874 0.598425 -0.803150
vn 0.346457 0.732283 -0.590551
vn 0.582677 0.732283 -0.354331
vn 0.007874 0.582677 -0.811024
vn 0.338583 0.700787 -0.622047
vn 0.645669 0.653543 -0.393701
vn 0.007874 0.574803 -0.818898
vn 0.000000 0.590551 -0.811024
vn 0.377953 0.622047 -0.692913
vn 0.716535 0.551181 -0.425197
vn 0.007874 0.559055 -0.826772
vn 0.409449 0.527559 -0.748031
vn 0.740157 0.511811 -0.440945
vn 0.007874 0.480315 -0.874016
vn 0.425197 0.488189 -0.763779
vn 0.740157 0.511811 -0.440945
vn 0.007874 0.393701 -0.921260
vn 0.425197 0.488189 -0.763779
vn 0.740157 0.511811 -0.440945
vn 0.007874 0.354331 -0.937008
vn 0.425197 0.488189 -0.763779
vn 0.740157 0.511811 -0.433071
vn 0.401575 0.480315 -0.779527
vn 0.007874 0.354331 -0.937008
vn 0.007874 0.354331 -0.937008
vn 0.007874 0.354331 -0.937008
vn 0.000000 0.354331 -0.937008
vn 0.000000 0.354331 -0.937008
vn 0.000000 0.354331 -0.937008
vn 0.000000 0.354331 -0.937008
vn 0.000000 0.354331 -0.937008
vn 0.000000 0.354331 -0.937008
vn 0.000000 0.354331 -0.937008
vn 0.000000 0.354331 -0.937008
vn 0.000000 0.354331 -0.937008
vn 0.000000 0.354331 -0.937008
vn 0.000000 0.354331 -0.937008
vn 0.000000 0.354331 -0.937008
vn 0.000000 0.354331 -0.937008
vn 0.000000 0.354331 -0.937008
vn 0.000000 0.354331 -0.937008
vn 0.000000 0.354331 -0.937008
vn 0.000000 0.354331 -0.937008
vn 0.000000 0.354331 -0.937008
vn 0.000000 0.354331 -0.937008
vn 0.000000 0.354331 -0.937008
vn 0.000000 0.354331 -0.937008
vn 0.000000 0.354331 -0.937008
vn 0.000000 0.354331 -0.937008
vn 0.000000 0.354331 -0.937008
vn 0.000000 0.354331 -0.937008
vn 0.000000 0.354331 -0.937008
vn 0.000000 0.354331 -0.937008
vn 0.000000 0.354331 -0.937008
vn 0.000000 0.354331 -0.937008
vn 0.000000 0.354331 -0.937008
vn 0.000000 0.354331 -0.937008
vn 0.000000 0.354331 -0.937008
vn 0.000000 0.354331 -0.937008
vn 0.000000 0.354331 -0.937008
vn 0.000000 0.354331 -0.937008
vn 0.000000 0.354331 -0.937008
vn 0.000000 0.354331 -0.937008
vn 0.000000 0.354331 -0.937008
vn 0.000000 0.354331 -0.937008
vn 0.000000 0.354331 -0.937008
vn 0.000000 0.354331 -0.937008
vn 0.000000 0.354331 -0.937008
vn 0.000000 0.354331 -0.937008
vn 0.000000 0.354331 -0.937008
vn 0.000000 0.385827 -0.921260
vn 0.000000 0.385827 -0.921260
vn 0.000000 0.464567 -0.881890
vn 0.000000 0.385827 -0.921260
vn 0.000000 0.464567 -0.881890
vn 0.000000 0.543307 -0.842520
vn 0.000000 0.385827 -0.921260
vn 0.000000 0.464567 -0.881890
vn 0.000000 0.543307 -0.842520
vn 0.000000 0.566929 -0.818898
vn 0.000000 0.377953 -0.921260
vn 0.000000 0.464567 -0.889764
vn 0.000000 0.543307 -0.842520
vn 0.000000 0.566929 -0.818898
vn 0.000000 0.574803 -0.818898
vn 0.000000 0.543307 -0.842520
vn 0.000000 0.574803 -0.818898
vn 0.000000 0.590551 -0.811024
vn 0.000000 0.566929 -0.818898
vn 0.000000 0.590551 -0.811024
vn 0.000000 0.606299 -0.795276
vn 0.000000 0.574803 -0.818898
vn 0.000000 0.606299 -0.795276
vn 0.000000 0.606299 -0.795276
vn 0.000000 0.590551 -0.811024
vn 0.000000 0.566929 -0.818898
vn 0.000000 0.574803 -0.818898
vn 0.000000 0.606299 -0.795276
vn 0.000000 0.606299 -0.795276
vn 0.000000 0.606299 -0.795276
vn 0.000000 0.590551 -0.811024
vn 0.000000 0.606299 -0.795276
vn 0.000000 0.606299 -0.795276
vn 0.000000 0.606299 -0.795276
vn 0.000000 0.606299 -0.795276
vn 0.000000 0.606299 -0.795276
vn 0.000000 0.606299 -0.795276
vn 0.000000 0.606299 -0.795276
vn 0.000000 0.606299 -0.795276
vn 0.000000 0.606299 -0.795276
vn 0.000000 0.606299 -0.795276
vn 0.000000 0.606299 -0.795276
vn 0.000000 0.606299 -0.795276
vn 0.000000 0.606299 -0.795276
vn 0.000000 0.606299 -0.795276
vn 0.000000 0.606299 -0.795276
vn 0.000000 0.606299 -0.795276
vn 0.000000 0.606299 -0.795276
vn 0.000000 0.606299 -0.795276
vn 0.000000 0.606299 -0.795276
vn 0.000000 0.606299 -0.795276
vn 0.000000 0.606299 -0.795276
vn 0.000000 0.606299 -0.795276
vn 0.000000 0.606299 -0.795276
vn 0.000000 0.606299 -0.795276
vn 0.000000 0.606299 -0.795276
vn 0.000000 0.606299 -0.795276
vn 0.000000 0.606299 -0.795276
vn 0.000000 0.606299 -0.795276
vn 0.000000 0.606299 -0.795276
vn 0.000000 0.606299 -0.795276
vn 0.000000 0.606299 -0.795276
vn 0.000000 0.590551 -0.811024
vn 0.000000 0.606299 -0.795276
vn 0.000000 0.590551 -0.811024
vn 0.000000 0.574803 -0.818898
vn 0.000000 0.574803 -0.818898
vn 0.000000 0.566929 -0.818898
vn 0.000000 0.574803 -0.818898
vn 0.000000 0.543307 -0.842520
vn 0.000000 0.566929 -0.818898
vn 0.000000 0.464567 -0.889764
vn 0.000000 0.543307 -0.842520
vn 0.000000 0.377953 -0.921260
vn 0.000000 0.464567 -0.889764
vn 0.000000 0.377953 -0.921260
vn 0.000000 0.543307 -0.842520
vn 0.000000 0.377953 -0.921260
vn 0.000000 0.464567 -0.889764
vn 0.000000 0.377953 -0.921260
vn 0.000000 0.464567 -0.889764
vn 0.000000 0.543307 -0.842520
vn 0.000000 0.377953 -0.921260
vn 0.000000 0.464567 -0.889764
vn 0.000000 0.543307 -0.842520
vn 0.000000 0.377953 -0.921260
vn 0.000000 0.464567 -0.889764
vn 0.000000 0.464567 -0.889764
vn 0.000000 0.543307 -0.842520
vn 0.000000 0.543307 -0.842520
vn 0.000000 0.566929 -0.818898
vn 0.000000 0.566929 -0.818898
vn 0.000000 0.574803 -0.818898
vn 0.000000 0.566929 -0.818898
vn 0.000000 0.574803 -0.818898
vn 0.000000 0.590551 -0.811024
vn 0.000000 0.566929 -0.818898
vn 0.000000 0.574803 -0.818898
vn 0.000000 0.566929 -0.818898
vn 0.000000 0.574803 -0.818898
vn 0.000000 0.590551 -0.811024
vn 0.000000 0.590551 -0.811024
vn 0.000000 0.606299 -0.795276
vn 0.000000 0.606299 -0.795276
vn 0.000000 0.590551 -0.811024
vn 0.000000 0.606299 -0.795276
vn 0.000000 0.606299 -0.795276
vn 0.330709 0.771653 0.543307
vn 0.511811 0.795276 0.322835
vn 0.503937 0.795276 0.330709
vn 0.299213 0.763779 0.574803
vn 0.519685 0.795276 0.307086
vn 0.015748 0.614173 0.787401
vn 0.314961 0.763779 0.559055
vn 0.535433 0.795276 0.291338
vn 0.007874 0.614173 0.787401
vn 0.000000 0.606299 0.795275
vn 0.330709 0.771653 0.543307
vn 0.543307 0.787401 0.291338
vn 0.007874 0.614173 0.787401
vn 0.000000 0.606299 0.795275
vn 0.000000 0.606299 0.795275
vn 0.330709 0.763779 0.551181
vn 0.551181 0.771653 0.314961
vn 0.007874 0.614173 0.787401
vn 0.000000 0.606299 0.795275
vn 0.000000 0.606299 0.795275
vn 0.000000 0.606299 0.795275
vn 0.000000 0.606299 0.795275
vn 0.000000 0.606299 0.795275
vn 0.000000 0.606299 0.795275
vn 0.000000 0.606299 0.795275
vn 0.000000 0.606299 0.795275
vn 0.000000 0.606299 0.795275
vn 0.000000 0.606299 0.795275
vn 0.000000 0.606299 0.795275
vn 0.000000 0.606299 0.795275
vn 0.000000 0.606299 0.795275
vn 0.000000 0.606299 0.795275
vn 0.000000 0.606299 0.795275
vn 0.000000 0.606299 0.795275
vn 0.000000 0.606299 0.795275
vn 0.000000 0.606299 0.795275
vn 0.000000 0.606299 0.795275
vn 0.000000 0.606299 0.795275
vn 0.000000 0.606299 0.795275
vn 0.000000 0.606299 0.795275
vn 0.000000 0.606299 0.795275
vn 0.000000 0.606299 0.795275
vn 0.000000 0.606299 0.795275
vn 0.000000 0.606299 0.795275
vn 0.000000 0.606299 0.795275
vn 0.000000 0.606299 0.795275
vn 0.000000 0.606299 0.795275
vn 0.000000 0.606299 0.795275
vn 0.000000 0.606299 0.795275
vn 0.000000 0.606299 0.795275
vn 0.000000 0.606299 0.795275
vn 0.000000 0.606299 0.795275
vn 0.000000 0.606299 0.795275
vn 0.000000 0.606299 0.795275
vn 0.000000 0.606299 0.795275
vn 0.000000 0.606299 0.795275
vn 0.000000 0.606299 0.795275
vn 0.000000 0.606299 0.795275
vn 0.000000 0.606299 0.795275
vn 0.000000 0.606299 0.795275
vn 0.000000 0.606299 0.795275
vn 0.000000 0.606299 0.795275
vn 0.000000 0.590551 0.811023
vn 0.000000 0.590551 0.811023
vn 0.000000 0.590551 0.811023
vn 0.000000 0.590551 0.811023
vn 0.000000 0.574803 0.818897
vn 0.000000 0.574803 0.818897
vn 0.000000 0.574803 0.818897
vn 0.000000 0.574803 0.818897
vn 0.000000 0.566929 0.818897
vn 0.000000 0.566929 0.818897
vn 0.000000 0.566929 0.818897
vn 0.000000 0.566929 0.818897
vn 0.000000 0.543307 0.842520
vn 0.000000 0.543307 0.842520
vn 0.000000 0.543307 0.842520
vn 0.000000 0.543307 0.842520
vn 0.000000 0.464567 0.881890
vn 0.000000 0.464567 0.881890
vn 0.000000 0.464567 0.881890
vn 0.000000 0.464567 0.889764
vn 0.000000 0.385827 0.921260
vn 0.000000 0.385827 0.921260
vn 0.000000 0.385827 0.921260
vn 0.000000 0.385827 0.921260
vn 0.000000 0.354331 0.937008
vn 0.000000 0.354331 0.937008
vn 0.000000 0.354331 0.937008
vn 0.000000 0.354331 0.937008
vn 0.000000 0.354331 0.937008
vn 0.000000 0.354331 0.937008
vn 0.000000 0.354331 0.937008
vn 0.000000 0.354331 0.937008
vn 0.000000 0.354331 0.937008
vn 0.000000 0.354331 0.937008
vn 0.000000 0.354331 0.937008
vn 0.000000 0.354331 0.937008
vn 0.000000 0.354331 0.937008
vn 0.000000 0.354331 0.937008
vn 0.000000 0.354331 0.937008
vn 0.000000 0.354331 0.937008
vn 0.000000 0.354331 0.937008
vn 0.000000 0.354331 0.937008
vn 0.000000 0.354331 0.937008
vn 0.000000 0.354331 0.937008
vn 0.000000 0.354331 0.937008
vn 0.000000 0.354331 0.937008
vn 0.000000 0.354331 0.937008
vn 0.000000 0.354331 0.937008
vn 0.000000 0.354331 0.937008
vn 0.000000 0.354331 0.937008
vn 0.000000 0.377953 0.921260
vn 0.000000 0.354331 0.937008
vn 0.000000 0.354331 0.937008
vn 0.000000 0.354331 0.937008
vn 0.000000 0.354331 0.937008
vn 0.000000 0.354331 0.937008
vn 0.000000 0.354331 0.937008
vn 0.000000 0.354331 0.937008
vn 0.000000 0.354331 0.937008
vn 0.000000 0.354331 0.937008
vn 0.000000 0.354331 0.937008
vn 0.000000 0.354331 0.937008
vn 0.000000 0.354331 0.937008
vn 0.007874 0.354331 0.937008
vn 0.000000 0.354331 0.937008
vn 0.000000 0.354331 0.937008
vn 0.007874 0.354331 0.937008
vn 0.401575 0.480315 0.779527
vn 0.000000 0.354331 0.937008
vn 0.000000 0.354331 0.937008
vn 0.000000 0.354331 0.937008
vn 0.007874 0.354331 0.937008
vn 0.425197 0.488189 0.763779
vn 0.740157 0.511811 0.433071
vn 0.740157 0.511811 0.440945
vn 0.425197 0.488189 0.763779
vn 0.740157 0.511811 0.440945
vn 0.000000 0.354331 0.937008
vn 0.007874 0.354331 0.937008
vn 0.425197 0.488189 0.763779
vn 0.740157 0.511811 0.440945
vn 0.000000 0.377953 0.921260
vn 0.409449 0.527559 0.748031
vn 0.716535 0.551181 0.425197
vn 0.007874 0.393701 0.921260
vn 0.377953 0.622047 0.692913
vn 0.645669 0.653543 0.393701
vn 0.007874 0.480315 0.874016
vn 0.000000 0.464567 0.889764
vn 0.338583 0.700787 0.622047
vn 0.582677 0.732283 0.354331
vn 0.007874 0.559055 0.826771
vn 0.000000 0.543307 0.842520
vn 0.346457 0.732283 0.590551
vn 0.574803 0.755905 0.322835
vn 0.007874 0.574803 0.818897
vn 0.000000 0.566929 0.818897
vn 0.338583 0.732283 0.582677
vn 0.566929 0.763779 0.314961
vn 0.007874 0.582677 0.811023
vn 0.000000 0.574803 0.818897
vn 0.322835 0.748031 0.582677
vn 0.007874 0.598425 0.803149
vn 0.007874 0.606299 0.795275
vn 0.000000 0.606299 0.795275
vn 0.000000 0.590551 0.811023
vn 0.000000 0.606299 0.795275
vn 0.000000 0.590551 0.811023
vn 0.000000 0.606299 0.795275
vn 0.000000 0.574803 0.818897
vn 0.000000 0.590551 0.811023
vn 0.000000 0.606299 0.795275
vn 0.000000 0.566929 0.818897
vn 0.000000 0.574803 0.818897
vn 0.000000 0.590551 0.811023
vn 0.000000 0.606299 0.795275
vn 0.000000 0.574803 0.818897
vn 0.000000 0.590551 0.811023
vn 0.000000 0.606299 0.795275
vn 0.000000 0.566929 0.818897
vn 0.000000 0.574803 0.818897
vn 0.000000 0.543307 0.842520
vn 0.000000 0.566929 0.818897
vn 0.000000 0.543307 0.842520
vn 0.000000 0.464567 0.889764
vn 0.000000 0.543307 0.842520
vn 0.000000 0.377953 0.921260
vn 0.000000 0.464567 0.889764
vn 0.000000 0.377953 0.921260
vn 0.000000 0.464567 0.889764
vn 0.000000 0.377953 0.921260
vn 0.000000 0.543307 0.842520
vn 0.000000 0.377953 0.921260
vn 0.000000 0.464567 0.889764
vn 0.000000 0.377953 0.921260
vn 0.000000 0.464567 0.889764
vn 0.000000 0.464567 0.889764
vn 0.000000 0.543307 0.842520
vn 0.000000 0.543307 0.842520
vn 0.000000 0.566929 0.818897
vn 0.000000 0.566929 0.818897
vn 0.000000 0.574803 0.818897
vn 0.000000 0.566929 0.818897
vn 0.000000 0.574803 0.818897
vn 0.000000 0.590551 0.811023
vn 0.000000 0.590551 0.811023
vn 0.000000 0.606299 0.795275
vn 0.000000 0.606299 0.795275
vn 0.000000 -1.000000 0.000000
vn 0.000000 -1.000000 0.000000
vn 0.000000 -1.000000 0.000000
vn 0.000000 -1.000000 0.000000
vn 0.000000 -1.000000 0.000000
vn 0.000000 -1.000000 0.000000
vn 0.000000 -1.000000 0.000000
vn 0.000000 -1.000000 0.000000
vn 0.000000 -1.000000 0.000000
vn 0.000000 -1.000000 0.000000
vn 0.000000 -1.000000 0.000000
vn 0.000000 -1.000000 0.000000
vn 0.000000 -1.000000 0.000000
vn 0.000000 -1.000000 0.000000
vn 0.000000 -1.000000 0.000000
vn 0.000000 -1.000000 0.000000
vn 0.000000 -1.000000 0.000000
vn 0.000000 -1.000000 0.000000
vn 0.000000 -1.000000 0.000000
vn 0.000000 -1.000000 0.000000
vn 0.000000 -1.000000 0.000000
vn 0.000000 -1.000000 0.000000
vn 0.000000 -1.000000 0.000000
vn 0.000000 -1.000000 0.000000
vn 0.000000 -1.000000 0.000000
vn 0.000000 -1.000000 0.000000
vn 0.000000 -1.000000 0.000000
vn 0.000000 -1.000000 0.000000
vn 0.000000 -1.000000 0.000000
vn 0.000000 -1.000000 0.000000
vn 0.000000 -1.000000 0.000000
vn 0.000000 -1.000000 0.000000
vn 0.000000 -1.000000 0.000000
vn 0.000000 -1.000000 0.000000
vn 0.000000 -1.000000 0.000000
vn 0.000000 -1.000000 0.000000
vn 0.000000 -1.000000 0.000000
vn 0.000000 -1.000000 0.000000
vn 0.000000 -1.000000 0.000000
vn 0.000000 -1.000000 0.000000
vn 0.000000 -1.000000 0.000000
vn 0.000000 -1.000000 0.000000
vn 0.000000 -1.000000 0.000000
vn 0.000000 -1.000000 0.000000
vn 0.000000 -1.000000 0.000000
vn 0.000000 -1.000000 0.000000
vn 0.000000 -1.000000 0.000000
vn 0.000000 -1.000000 0.000000
vn 0.000000 -1.000000 0.000000
vn 0.000000 -1.000000 0.000000
vn 0.000000 -1.000000 0.000000
vn 0.000000 -1.000000 0.000000
vn 0.000000 -1.000000 0.000000
vn 0.000000 -1.000000 0.000000
vn 0.000000 -1.000000 0.000000
vn 0.000000 -1.000000 0.000000
vn 0.000000 -1.000000 0.000000
vn 0.000000 -1.000000 0.000000
vn 0.000000 -1.000000 0.000000
vn 0.000000 -1.000000 0.000000
vn 0.000000 -1.000000 0.000000
vn 0.000000 -1.000000 0.000000
vn 0.000000 -1.000000 0.000000
vn 0.000000 -1.000000 0.000000
vn 0.000000 -1.000000 0.000000
vn 0.000000 -1.000000 0.000000
vn 0.000000 -1.000000 0.000000
vn 0.000000 -1.000000 0.000000
vn 0.000000 -1.000000 0.000000
vn 0.000000 -1.000000 0.000000
vn 0.000000 1.000000 -0.000000
vn 0.000000 1.000000 -0.000000
vn 0.000000 1.000000 -0.000000
vn 0.000000 1.000000 -0.000000
vn 0.000000 1.000000 -0.000000
vn 0.000000 1.000000 -0.000000
vn 0.000000 1.000000 -0.000000
vn 0.000000 1.000000 -0.000000
vn 0.000000 1.000000 -0.000000
vn 0.000000 1.000000 -0.000000
vn 0.000000 1.000000 -0.000000
vn 0.000000 1.000000 -0.000000
vn 0.000000 1.000000 -0.000000
vn 0.000000 1.000000 -0.000000
vn 0.000000 1.000000 -0.000000
vn 0.000000 1.000000 -0.000000
vn 0.000000 1.000000 -0.000000
vn 0.000000 1.000000 -0.000000
vn 0.000000 1.000000 -0.000000
vn 0.000000 1.000000 -0.000000
vn 0.000000 1.000000 -0.000000
vn 0.000000 1.000000 -0.000000
vn 0.000000 1.000000 -0.000000
vn 0.000000 1.000000 -0.000000
vn 0.000000 1.000000 -0.000000
vn 0.000000 1.000000 -0.000000
vn 0.000000 1.000000 -0.000000
vn 0.000000 1.000000 -0.000000
vn 0.000000 1.000000 -0.000000
vn 0.000000 1.000000 -0.000000
vn 0.000000 1.000000 -0.000000
vn 0.000000 1.000000 -0.000000
vn 0.000000 1.000000 -0.000000
vn 0.000000 1.000000 -0.000000
vn 0.000000 1.000000 -0.000000
vn 0.000000 1.000000 -0.000000
vn 0.000000 1.000000 -0.000000
vn 0.000000 1.000000 -0.000000
vn 0.000000 1.000000 -0.000000
vn 0.000000 1.000000 -0.000000
vn 0.000000 1.000000 -0.000000
vn 0.000000 1.000000 -0.000000
vn 0.000000 1.000000 -0.000000
vn 0.000000 1.000000 -0.000000
vn 0.000000 1.000000 -0.000000
vn 0.000000 1.000000 -0.000000
vn 0.000000 1.000000 -0.000000
vn 0.000000 1.000000 -0.000000
vn 0.000000 1.000000 -0.000000
vn 0.000000 1.000000 -0.000000
vn 0.000000 1.000000 -0.000000
vn 0.000000 1.000000 -0.000000
vn 0.000000 1.000000 -0.000000
vn 0.000000 1.000000 -0.000000
vn 0.000000 1.000000 -0.000000
vn 0.000000 1.000000 -0.000000
vn 0.000000 1.000000 -0.000000
vn 0.000000 1.000000 -0.000000
vn 0.000000 1.000000 -0.000000
vn 0.000000 1.000000 -0.000000
vn 0.000000 1.000000 -0.000000
vn 0.000000 1.000000 -0.000000
vn 0.000000 1.000000 -0.000000
vn 0.000000 1.000000 -0.000000
vn 0.000000 1.000000 -0.000000
vn 0.000000 1.000000 -0.000000
vn 0.000000 1.000000 -0.000000
vn 0.000000 1.000000 -0.000000
vn 0.000000 1.000000 -0.000000
vn 0.000000 1.000000 -0.000000
vn 0.000000 1.000000 -0.000000
vn 0.000000 1.000000 -0.000000
vn 0.000000 1.000000 -0.000000
vn 0.000000 1.000000 -0.000000
vn 0.000000 1.000000 -0.000000
vn 0.000000 1.000000 -0.000000
vn 0.000000 1.000000 -0.000000
vn 0.000000 1.000000 -0.000000
vn 0.000000 1.000000 -0.000000
vn 0.000000 1.000000 -0.000000
vn 0.000000 1.000000 -0.000000
vn 0.000000 1.000000 -0.000000
vn 0.000000 1.000000 -0.000000
vn 0.000000 1.000000 -0.000000
vn 0.000000 1.000000 -0.000000
vn 0.000000 1.000000 -0.000000
vn 0.000000 1.000000 -0.000000
vn 0.000000 1.000000 -0.000000
vn 0.000000 1.000000 -0.000000
vn 0.000000 1.000000 -0.000000
vn 0.000000 1.000000 -0.000000
vn 0.000000 1.000000 -0.000000
vn 0.000000 1.000000 -0.000000
vn 0.000000 1.000000 -0.000000
vn 0.000000 1.000000 -0.000000
vn 0.000000 1.000000 -0.000000
vn 0.000000 1.000000 -0.000000
vn 0.000000 1.000000 -0.000000
vn 0.000000 1.000000 -0.000000
vn 0.000000 1.000000 -0.000000
vn 0.000000 1.000000 -0.000000
vn 0.000000 1.000000 -0.000000
vn 0.000000 1.000000 -0.000000
vn 0.000000 1.000000 -0.000000
vn 0.000000 1.000000 -0.000000
vn 0.000000 1.000000 -0.000000
vn 0.000000 1.000000 -0.000000
vn 0.000000 1.000000 -0.000000
vn 0.000000 1.000000 -0.000000
vn 0.000000 1.000000 -0.000000
vn 0.000000 1.000000 -0.000000
vn 0.000000 1.000000 -0.000000
vn 0.000000 1.000000 -0.000000
vn 0.000000 1.000000 -0.000000
vn 0.000000 1.000000 -0.000000
vn 0.000000 1.000000 -0.000000
vn 0.000000 1.000000 -0.000000
vn 0.000000 1.000000 -0.000000
vn 0.000000 1.000000 -0.000000
vn 0.000000 1.000000 -0.000000
vn 0.000000 1.000000 -0.000000
vn 0.000000 1.000000 -0.000000
vn 0.000000 1.000000 -0.000000
vn 0.000000 1.000000 -0.000000
vn 0.000000 1.000000 -0.000000
vn 0.000000 1.000000 -0.000000
vn 0.000000 1.000000 -0.000000
vn 0.000000 1.000000 -0.000000
vn 0.000000 1.000000 -0.000000
vn 0.000000 1.000000 -0.000000
vn 0.000000 1.000000 -0.000000
vn 0.000000 1.000000 -0.000000
vn 0.000000 1.000000 -0.000000
vn 0.000000 1.000000 -0.000000
vn 0.000000 0.937008 -0.346457
vn 0.000000 0.944882 -0.330709
vn 0.000000 0.944882 -0.330709
vn 0.000000 0.937008 -0.346457
vn 0.000000 0.944882 -0.330709
vn 0.000000 0.700787 -0.716535
vn 0.000000 0.937008 -0.346457
vn 0.000000 0.944882 -0.330709
vn 0.000000 0.700787 -0.716535
vn 0.000000 0.377953 -0.929134
vn 0.000000 0.937008 -0.346457
vn 0.000000 0.944882 -0.330709
vn 0.000000 0.700787 -0.708661
vn 0.000000 0.377953 -0.929134
vn 0.000000 0.039370 -1.000000
vn 0.000000 0.937008 -0.346457
vn 0.000000 0.944882 -0.330709
vn 0.000000 0.039370 -1.000000
vn 0.000000 -0.047244 -1.000000
vn 0.000000 0.377953 -0.921260
vn 0.000000 0.708661 -0.708661
vn 0.000000 0.039370 -1.000000
vn 0.000000 0.385827 -0.921260
vn 0.000000 0.708661 -0.708661
vn 0.000000 0.937008 -0.346457
vn 0.000000 0.944882 -0.330709
vn 0.000000 0.385827 -0.921260
vn 0.000000 0.937008 -0.346457
vn 0.000000 0.944882 -0.330709
vn 0.000000 0.708661 -0.700787
vn 0.000000 0.937008 -0.346457
vn 0.000000 0.944882 -0.330709
vn 0.000000 0.716535 -0.700787
vn 0.000000 0.937008 -0.346457
vn 0.000000 0.944882 -0.330709
vn 0.000000 0.716535 -0.700787
vn 0.000000 0.385827 -0.921260
vn 0.000000 0.385827 -0.921260
vn 0.000000 0.937008 -0.346457
vn 0.000000 0.944882 -0.330709
vn 0.000000 0.716535 -0.692913
vn 0.000000 0.937008 -0.346457
vn 0.000000 0.944882 -0.330709
vn 0.000000 0.716535 -0.692913
vn 0.000000 0.393701 -0.921260
vn 0.000000 0.393701 -0.921260
vn 0.007874 0.937008 -0.346457
vn 0.157480 0.960630 -0.212599
vn 0.000000 0.724409 -0.692913
vn 0.000000 0.393701 -0.921260
vn 0.173228 0.960630 -0.220473
vn 0.007874 0.700787 -0.708661
vn 0.000000 0.393701 -0.921260
vn 0.267717 0.952756 -0.133858
vn 0.291339 0.952756 -0.110236
vn 0.362205 0.755905 -0.543307
vn 0.417323 0.905512 -0.023622
vn 0.401575 0.913386 -0.007874
vn 0.614173 0.732283 -0.299213
vn 0.866142 0.503937 -0.015748
vn 0.425197 0.905512 -0.000000
vn 0.401575 0.913386 -0.000000
vn 0.826772 0.559055 -0.000000
vn 0.425197 0.905512 -0.000000
vn 0.401575 0.913386 -0.000000
vn 0.826772 0.559055 -0.000000
vn 0.425197 0.905512 -0.000000
vn 0.401575 0.913386 -0.000000
vn 0.401575 0.913386 -0.000000
vn 0.826772 0.559055 -0.000000
vn 0.425197 0.905512 -0.000000
vn 0.401575 0.913386 -0.000000
vn 0.960630 0.267716 -0.000000
vn 0.425197 0.905512 -0.000000
vn 0.401575 0.913386 0.007874
vn 0.826772 0.559055 -0.000000
vn 0.417323 0.905512 0.023622
vn 0.291339 0.952756 0.110236
vn 0.826772 0.559055 -0.000000
vn 0.267717 0.952756 0.133858
vn 0.157480 0.960630 0.212598
vn 0.866142 0.503937 0.015748
vn 0.960630 0.267716 -0.000000
vn 0.960630 0.267716 -0.000000
vn 0.614173 0.732283 0.299212
vn 0.968504 0.244094 0.031496
vn 0.173228 0.960630 0.220472
vn 0.007874 0.937008 0.346457
vn 0.000000 0.944882 0.330709
vn 0.362205 0.755905 0.543307
vn 0.000000 0.937008 0.346457
vn 0.000000 0.944882 0.330709
vn 0.007874 0.700787 0.708661
vn 0.000000 0.724409 0.692913
vn 0.000000 0.937008 0.346457
vn 0.000000 0.944882 0.330709
vn 0.000000 0.716535 0.692913
vn 0.000000 0.937008 0.346457
vn 0.000000 0.944882 0.330709
vn 0.000000 0.716535 0.692913
vn 0.000000 0.937008 0.346457
vn 0.000000 0.944882 0.330709
vn 0.000000 0.716535 0.700787
vn 0.000000 0.937008 0.346457
vn 0.000000 0.944882 0.330709
vn 0.000000 0.716535 0.700787
vn 0.000000 0.937008 0.346457
vn 0.000000 0.944882 0.330709
vn 0.000000 0.708661 0.700787
vn 0.000000 0.937008 0.346457
vn 0.000000 0.944882 0.330709
vn 0.000000 0.708661 0.708661
vn 0.000000 0.937008 0.346457
vn 0.000000 0.944882 0.330709
vn 0.000000 0.708661 0.708661
vn 0.000000 0.937008 0.346457
vn 0.000000 0.944882 0.330709
vn 0.000000 0.700787 0.708661
vn 0.000000 0.937008 0.346457
vn 0.000000 0.944882 0.330709
vn 0.000000 0.937008 0.346457
vn 0.000000 0.944882 0.330709
vn 0.000000 0.700787 0.716535
vn 0.000000 0.700787 0.716535
vn 0.000000 0.377953 0.929134
vn 0.000000 0.377953 0.929134
vn 0.000000 0.039370 1.000000
vn 0.000000 0.377953 0.921260
vn 0.000000 0.039370 1.000000
vn 0.000000 -0.047244 1.000000
vn 0.000000 0.385827 0.921260
vn 0.000000 0.039370 1.000000
vn 0.000000 -0.047244 1.000000
vn 0.000000 0.385827 0.921260
vn 0.000000 0.039370 1.000000
vn 0.000000 0.385827 0.921260
vn 0.000000 0.039370 1.000000
vn 0.000000 -0.047244 1.000000
vn 0.000000 0.385827 0.921260
vn 0.000000 0.039370 1.000000
vn 0.000000 -0.047244 1.000000
vn 0.000000 0.393701 0.921260
vn 0.000000 0.039370 1.000000
vn 0.000000 -0.047244 1.000000
vn 0.000000 0.393701 0.921260
vn 0.000000 0.039370 1.000000
vn 0.000000 -0.047244 1.000000
vn 0.000000 0.393701 0.921260
vn 0.000000 0.039370 1.000000
vn 0.000000 -0.047244 1.000000
vn 0.000000 0.393701 0.921260
vn 0.000000 0.047244 1.000000
vn 0.000000 -0.047244 1.000000
vn 0.007874 0.377953 0.921260
vn 0.000000 0.047244 1.000000
vn 0.000000 -0.047244 1.000000
vn 0.000000 -0.047244 1.000000
vn 0.007874 0.039370 1.000000
vn 0.000000 -0.417323 0.905512
vn 0.000000 -0.047244 1.000000
vn 0.000000 -0.417323 0.905512
vn 0.000000 -0.417323 0.905512
vn 0.000000 -0.417323 0.905512
vn 0.000000 -0.755905 0.653543
vn 0.000000 -0.417323 0.905512
vn 0.000000 -0.755905 0.653543
vn 0.000000 -0.755905 0.653543
vn 0.000000 -0.417323 0.905512
vn 0.000000 -0.755905 0.653543
vn 0.000000 -0.417323 0.905512
vn 0.000000 -0.755905 0.653543
vn 0.000000 -0.417323 0.905512
vn 0.000000 -0.755905 0.653543
vn 0.000000 -0.417323 0.905512
vn 0.000000 -0.755905 0.653543
vn 0.000000 -0.417323 0.905512
vn 0.000000 -0.417323 0.905512
vn 0.000000 -0.755905 0.653543
vn 0.000000 -0.755905 0.653543
vn 0.000000 -0.755905 0.653543
vn 0.000000 -0.960630 0.291339
vn 0.000000 -0.960630 0.291339
vn 0.000000 -0.960630 0.291339
vn 0.000000 -0.960630 0.291339
vn 0.000000 -0.960630 0.275591
vn 0.000000 -0.960630 0.275591
vn 0.000000 -0.960630 0.275591
vn 0.000000 -0.960630 0.275591
vn 0.000000 -0.960630 0.275591
vn 0.000000 -0.960630 0.283465
vn 0.000000 -0.960630 0.275591
vn 0.000000 -0.960630 0.283465
vn 0.000000 -0.960630 0.275591
vn 0.000000 -0.960630 0.283465
vn 0.000000 -0.960630 0.275591
vn 0.000000 -0.960630 0.283465
vn 0.000000 -0.960630 0.275591
vn 0.000000 -0.960630 0.283465
vn 0.000000 -0.960630 0.275591
vn 0.000000 -0.960630 0.283465
vn 0.000000 -0.960630 0.275591
vn 0.000000 -0.960630 0.283465
vn 0.000000 -0.960630 0.275591
vn 0.000000 -0.755905 0.653543
vn 0.007874 -0.952756 0.291339
vn 0.118110 -0.976378 0.188976
vn 0.007874 -0.724409 0.685039
vn 0.125984 -0.968504 0.196850
vn 0.007874 -0.393701 0.921260
vn 0.314961 -0.803149 0.503937
vn 0.212598 -0.968504 0.133858
vn 0.228346 -0.968504 0.102362
vn 0.551181 -0.787401 0.283465
vn 0.377953 -0.929134 0.023622
vn 0.354331 -0.937008 0.007874
vn 0.803150 -0.590551 0.015748
vn 0.377953 -0.929134 0.000000
vn 0.362205 -0.929134 0.000000
vn 0.763780 -0.645669 0.000000
vn 0.377953 -0.929134 0.000000
vn 0.362205 -0.929134 0.000000
vn 0.763780 -0.645669 0.000000
vn 0.377953 -0.929134 0.000000
vn 0.362205 -0.929134 0.000000
vn 0.362205 -0.929134 0.000000
vn 0.763780 -0.645669 0.000000
vn 0.377953 -0.929134 0.000000
vn 0.362205 -0.929134 0.000000
vn 0.944882 -0.322835 0.000000
vn 0.377953 -0.929134 0.000000
vn 0.354331 -0.937008 -0.007874
vn 0.763780 -0.645669 0.000000
vn 0.377953 -0.929134 -0.023622
vn 0.228346 -0.968504 -0.102362
vn 0.763780 -0.645669 0.000000
vn 0.944882 -0.322835 0.000000
vn 0.212598 -0.968504 -0.133858
vn 0.118110 -0.976378 -0.188976
vn 0.803150 -0.590551 -0.015748
vn 0.944882 -0.322835 0.000000
vn 0.125984 -0.968504 -0.196850
vn 0.551181 -0.787401 -0.283464
vn 0.960630 -0.291339 -0.023622
vn 0.007874 -0.952756 -0.291338
vn 0.000000 -0.960630 -0.275590
vn 0.314961 -0.803150 -0.503937
vn 0.000000 -0.960630 -0.283464
vn 0.000000 -0.960630 -0.275590
vn 0.007874 -0.724409 -0.685039
vn 0.000000 -0.755905 -0.653543
vn 0.000000 -0.960630 -0.283464
vn 0.000000 -0.960630 -0.275590
vn 0.000000 -0.755905 -0.653543
vn 0.000000 -0.960630 -0.283464
vn 0.000000 -0.960630 -0.275590
vn 0.000000 -0.755905 -0.653543
vn 0.000000 -0.960630 -0.283464
vn 0.000000 -0.960630 -0.275590
vn 0.000000 -0.755905 -0.653543
vn 0.000000 -0.960630 -0.283464
vn 0.000000 -0.960630 -0.275590
vn 0.000000 -0.755905 -0.653543
vn 0.000000 -0.960630 -0.283464
vn 0.000000 -0.960630 -0.275590
vn 0.000000 -0.755905 -0.653543
vn 0.000000 -0.960630 -0.283464
vn 0.000000 -0.960630 -0.275590
vn 0.000000 -0.755905 -0.653543
vn 0.000000 -0.960630 -0.291338
vn 0.000000 -0.960630 -0.275590
vn 0.000000 -0.755905 -0.653543
vn 0.000000 -0.960630 -0.291338
vn 0.000000 -0.960630 -0.275590
vn 0.000000 -0.755905 -0.653543
vn 0.000000 -0.960630 -0.291338
vn 0.000000 -0.960630 -0.275590
vn 0.000000 -0.960630 -0.291338
vn 0.000000 -0.960630 -0.275590
vn 0.000000 -0.755905 -0.653543
vn 0.000000 -0.755905 -0.653543
vn 0.000000 -0.417323 -0.905512
vn 0.000000 -0.417323 -0.905512
vn 0.000000 -0.417323 -0.905512
vn 0.000000 -0.047244 -1.000000
vn 0.000000 -0.417323 -0.905512
vn 0.000000 -0.047244 -1.000000
vn 0.000000 0.039370 -1.000000
vn 0.000000 -0.047244 -1.000000
vn 0.000000 0.039370 -1.000000
vn 0.000000 -0.417323 -0.905512
vn 0.000000 -0.047244 -1.000000
vn 0.000000 0.039370 -1.000000
vn 0.000000 -0.417323 -0.905512
vn 0.000000 -0.047244 -1.000000
vn 0.000000 0.039370 -1.000000
vn 0.000000 -0.417323 -0.905512
vn 0.000000 -0.047244 -1.000000
vn 0.000000 0.039370 -1.000000
vn 0.000000 -0.417323 -0.905512
vn 0.000000 -0.047244 -1.000000
vn 0.000000 0.039370 -1.000000
vn 0.000000 -0.417323 -0.905512
vn 0.000000 -0.047244 -1.000000
vn 0.000000 0.047244 -1.000000
vn 0.000000 -0.417323 -0.905512
vn 0.000000 -0.047244 -1.000000
vn 0.000000 -0.417323 -0.905512
vn 0.000000 0.047244 -1.000000
vn 0.000000 -0.047244 -1.000000
vn 0.007874 -0.393701 -0.921260
vn 0.007874 0.377953 -0.921260
vn 0.007874 0.039370 -1.000000
vn 0.456693 0.440945 -0.771653
vn 0.007874 -0.047244 -1.000000
vn 0.503937 0.055118 -0.866142
vn 0.787402 0.417323 -0.456693
vn 0.866142 0.047244 -0.503937
vn 0.503937 -0.055118 -0.866142
vn 0.448819 -0.480315 -0.755905
vn 0.866142 -0.055118 -0.503937
vn 0.763780 -0.464567 -0.448819
vn 1.000000 -0.031496 -0.023622
vn 1.000000 -0.031496 0.000000
vn 1.000000 0.023622 -0.023622
vn 1.000000 -0.031496 0.000000
vn 1.000000 0.031496 -0.000000
vn 0.968504 0.244094 -0.031496
vn 0.960630 0.267716 -0.000000
vn 1.000000 0.031496 -0.000000
vn 0.960630 0.267716 -0.000000
vn 1.000000 0.031496 -0.000000
vn 1.000000 -0.031496 0.000000
vn 1.000000 0.031496 -0.000000
vn 0.944882 -0.322835 0.000000
vn 1.000000 -0.031496 0.000000
vn 1.000000 0.031496 -0.000000
vn 0.944882 -0.322835 0.000000
vn 1.000000 -0.031496 0.000000
vn 0.960630 -0.291339 0.023622
vn 1.000000 0.023622 0.023622
vn 1.000000 -0.031496 0.023622
vn 0.763780 -0.464567 0.448819
vn 0.787402 0.417323 0.456693
vn 0.448819 -0.480315 0.755905
vn 0.456693 0.440945 0.771653
vn 0.866142 0.047244 0.503937
vn 0.503937 0.055118 0.866142
vn 0.866142 -0.055118 0.503937
vn 0.503937 -0.055118 0.866142
vn 0.007874 -0.047244 1.000000
vn 0.000000 1.000000 -0.000000
vn 0.000000 1.000000 -0.000000
vn 0.000000 1.000000 -0.000000
vn 0.000000 1.000000 -0.000000
vn 0.000000 1.000000 -0.000000
vn 0.000000 1.000000 -0.000000
vn 0.000000 1.000000 -0.000000
vn 0.000000 1.000000 -0.000000
vn 0.000000 1.000000 -0.000000
vn 0.000000 1.000000 -0.000000
vn 0.000000 1.000000 -0.000000
vn 0.000000 1.000000 -0.000000
vn 0.000000 1.000000 -0.000000
vn 0.000000 1.000000 -0.000000
vn 0.000000 1.000000 -0.000000
vn 0.000000 1.000000 -0.000000
vn 0.000000 1.000000 -0.000000
vn 0.000000 1.000000 -0.000000
vn 0.000000 1.000000 -0.000000
vn 0.000000 1.000000 -0.000000
vn 0.000000 1.000000 -0.000000
tan 0.430591 -0.769111 -0.470581 1.000000
tan 0.347387 -0.807614 -0.474115 1.000000
tan 0.480749 -0.738917 -0.469527 1.000000
tan 0.273793 -0.837746 -0.470581 1.000000
tan 0.347449 -0.883254 -0.321037 1.000000
tan 0.361647 -0.812512 -0.457313 1.000000
tan 0.369893 -0.884742 -0.295678 1.000000
tan 0.366049 -0.870482 -0.334615 1.000000
tan 0.165912 -0.886850 -0.433505 1.000000
tan 0.320851 -0.860438 -0.394135 1.000000
tan 0.391717 -0.867940 -0.311550 1.000000
tan 0.378077 -0.859384 -0.344783 1.000000
tan 0.106640 -0.940914 -0.327857 1.000000
tan 0.326555 -0.893670 -0.317874 1.000000
tan 0.421477 -0.866700 -0.273792 1.000000
tan 0.131812 -0.971728 -0.210552 1.000000
tan 0.375721 -0.893794 -0.248372 1.000000
tan 0.468473 -0.828694 -0.290036 1.000000
tan 0.437721 -0.850642 -0.289912 1.000000
tan 0.212040 -0.972906 -0.115692 1.000000
tan 0.438031 -0.867630 -0.216628 1.000000
tan 0.399219 -0.857152 -0.325625 1.000000
tan 0.390105 -0.848286 -0.354951 1.000000
tan 0.329655 -0.939240 -0.085312 1.000000
tan 0.498109 -0.832662 -0.235724 1.000000
tan 0.412673 -0.846364 -0.336413 1.000000
tan 0.402133 -0.841466 -0.369397 1.000000
tan 0.430157 -0.889454 -0.132990 1.000000
tan 0.530287 -0.797136 -0.289726 1.000000
tan 0.417075 -0.846364 -0.342799 1.000000
tan 0.408085 -0.841466 -0.374605 1.000000
tan 0.479881 -0.851882 -0.225060 1.000000
tan 0.521979 -0.776179 -0.359725 1.000000
tan 0.424205 -0.832910 -0.346457 1.000000
tan 0.414037 -0.835514 -0.379689 1.000000
tan 0.467357 -0.817348 -0.342303 1.000000
tan 0.475603 -0.768429 -0.420919 1.000000
tan 0.434559 -0.832910 -0.349557 1.000000
tan 0.420113 -0.830306 -0.384897 1.000000
tan 0.357369 -0.821316 -0.432327 1.000000
tan 0.437597 -0.822122 -0.357307 1.000000
tan 0.432141 -0.809040 -0.390477 1.000000
tan 0.405791 -0.797074 -0.453593 1.000000
tan 0.450865 -0.811334 -0.368281 1.000000
tan 0.460227 -0.786843 -0.406101 1.000000
tan 0.456135 -0.781635 -0.430529 1.000000
tan 0.477525 -0.793353 -0.388989 1.000000
tan 0.494017 -0.758695 -0.427119 1.000000
tan 0.488809 -0.778969 -0.387129 1.000000
tan 0.508525 -0.764461 -0.408271 1.000000
tan 0.523777 -0.725401 -0.452849 1.000000
tan 0.498729 -0.795958 -0.334181 1.000000
tan 0.537727 -0.723913 -0.422717 1.000000
tan 0.556885 -0.691797 -0.463637 1.000000
tan 0.514849 -0.781511 -0.352967 1.000000
tan 0.568603 -0.694959 -0.442247 1.000000
tan 0.578275 -0.669601 -0.475045 1.000000
tan 0.493521 -0.819642 -0.305040 1.000000
tan 0.594705 -0.670655 -0.454027 1.000000
tan 0.590055 -0.647405 -0.485461 1.000000
tan 0.500093 -0.804452 -0.317255 1.000000
tan 0.612933 -0.652241 -0.462211 1.000000
tan 0.599231 -0.630293 -0.487073 1.000000
tan 0.450245 -0.835390 -0.302064 1.000000
tan 0.620683 -0.631657 -0.464567 1.000000
tan 0.605245 -0.624279 -0.492343 1.000000
tan 0.459545 -0.828508 -0.314589 1.000000
tan 0.623349 -0.620869 -0.464629 1.000000
tan 0.611073 -0.615971 -0.491227 1.000000
tan 0.472503 -0.820138 -0.319735 1.000000
tan 0.515407 -0.796578 -0.327609 1.000000
tan 0.521545 -0.781511 -0.332817 1.000000
tan 0.479137 -0.813318 -0.325377 1.000000
tan 0.531961 -0.772583 -0.342179 1.000000
tan 0.488685 -0.803770 -0.330523 1.000000
tan 0.539339 -0.772583 -0.343233 1.000000
tan 0.492219 -0.804886 -0.330523 1.000000
tan 0.539339 -0.765205 -0.340691 1.000000
tan 0.501395 -0.788580 -0.342365 1.000000
tan 0.546097 -0.749705 -0.356501 1.000000
tan 0.523777 -0.770661 -0.362949 1.000000
tan 0.553661 -0.740157 -0.378821 1.000000
tan 0.574121 -0.732097 -0.365429 1.000000
tan 0.586521 -0.703081 -0.396801 1.000000
tan 0.601773 -0.701841 -0.388121 1.000000
tan 0.616529 -0.669601 -0.416145 1.000000
tan 0.626139 -0.662657 -0.402133 1.000000
tan 0.636307 -0.644801 -0.426189 1.000000
tan 0.660859 -0.629053 -0.420547 1.000000
tan 0.656085 -0.623225 -0.432203 1.000000
tan 0.678529 -0.597991 -0.430591 1.000000
tan 0.666315 -0.604749 -0.441255 1.000000
tan 0.691673 -0.575609 -0.438093 1.000000
tan 0.695889 -0.554033 -0.464133 1.000000
tan 0.706491 -0.522723 -0.472503 1.000000
tan 0.704693 -0.553351 -0.445595 1.000000
tan 0.714427 -0.505549 -0.476967 1.000000
tan 0.676545 -0.592845 -0.442123 1.000000
tan 0.634075 -0.618017 -0.464815 1.000000
tan 0.617273 -0.613553 -0.491413 1.000000
tan 0.708103 -0.544795 -0.442185 1.000000
tan 0.638973 -0.618017 -0.470581 1.000000
tan 0.620497 -0.613553 -0.487817 1.000000
tan 0.681381 -0.583421 -0.441441 1.000000
tan 0.638973 -0.613057 -0.464753 1.000000
tan 0.620497 -0.613553 -0.487817 1.000000
tan 0.687581 -0.577221 -0.436481 1.000000
tan 0.644801 -0.615041 -0.457065 1.000000
tan 0.629921 -0.613925 -0.478021 1.000000
tan 0.687581 -0.577221 -0.436481 1.000000
tan 0.718395 -0.534689 -0.446153 1.000000
tan 0.718395 -0.527807 -0.442743 1.000000
tan 0.644801 -0.610081 -0.451299 1.000000
tan 0.629921 -0.610701 -0.471821 1.000000
tan 0.687581 -0.580631 -0.432265 1.000000
tan 0.649761 -0.615041 -0.446959 1.000000
tan 0.636803 -0.615599 -0.464629 1.000000
tan 0.652861 -0.617707 -0.435613 1.000000
tan 0.699423 -0.580259 -0.421601 1.000000
tan 0.699423 -0.583731 -0.417323 1.000000
tan 0.704197 -0.581251 -0.408271 1.000000
tan 0.728687 -0.520801 -0.435303 1.000000
tan 0.739785 -0.527497 -0.426065 1.000000
tan 0.736189 -0.529233 -0.412921 1.000000
tan 0.748589 -0.478207 -0.447889 1.000000
tan 0.732841 -0.527497 -0.424453 1.000000
tan 0.752806 -0.478393 -0.458925 1.000000
tan 0.733089 -0.450741 -0.504805 1.000000
tan 0.746047 -0.474797 -0.465683 1.000000
tan 0.737863 -0.446959 -0.511873 1.000000
tan 0.700849 -0.446153 -0.558001 1.000000
tan 0.745614 -0.474797 -0.469713 1.000000
tan 0.695207 -0.444169 -0.564077 1.000000
tan 0.648211 -0.484345 -0.589249 1.000000
tan 0.728005 -0.442061 -0.521545 1.000000
tan 0.639221 -0.479509 -0.592101 1.000000
tan 0.608841 -0.528985 -0.581561 1.000000
tan 0.686217 -0.441813 -0.570711 1.000000
tan 0.728005 -0.444417 -0.528613 1.000000
tan 0.728687 -0.527683 -0.438713 1.000000
tan 0.738856 -0.478083 -0.478083 1.000000
tan 0.731539 -0.478083 -0.478765 1.000000
tan 0.725649 -0.444417 -0.531217 1.000000
tan 0.731539 -0.484965 -0.480439 1.000000
tan 0.718581 -0.444169 -0.538285 1.000000
tan 0.687085 -0.441813 -0.577221 1.000000
tan 0.722983 -0.495257 -0.478703 1.000000
tan 0.712691 -0.455205 -0.533139 1.000000
tan 0.712691 -0.461405 -0.532829 1.000000
tan 0.704321 -0.472441 -0.530473 1.000000
tan 0.671399 -0.454027 -0.583483 1.000000
tan 0.692417 -0.494513 -0.520305 1.000000
tan 0.673631 -0.464691 -0.581251 1.000000
tan 0.660177 -0.478517 -0.580879 1.000000
tan 0.680513 -0.522785 -0.509889 1.000000
tan 0.653233 -0.494017 -0.571889 1.000000
tan 0.620187 -0.497613 -0.613243 1.000000
tan 0.671151 -0.584909 -0.454151 1.000000
tan 0.647281 -0.623349 -0.435985 1.000000
tan 0.662409 -0.560109 -0.500899 1.000000
tan 0.616033 -0.659991 -0.417819 1.000000
tan 0.641515 -0.599603 -0.488809 1.000000
tan 0.636989 -0.523219 -0.561659 1.000000
tan 0.590613 -0.694711 -0.398289 1.000000
tan 0.611197 -0.635253 -0.468473 1.000000
tan 0.627007 -0.553847 -0.551553 1.000000
tan 0.575113 -0.719077 -0.396057 1.000000
tan 0.583793 -0.671771 -0.458181 1.000000
tan 0.598425 -0.593713 -0.529419 1.000000
tan 0.561163 -0.729307 -0.385393 1.000000
tan 0.568169 -0.695145 -0.452105 1.000000
tan 0.574245 -0.638353 -0.519685 1.000000
tan 0.561163 -0.729307 -0.385393 1.000000
tan 0.550375 -0.701965 -0.442123 1.000000
tan 0.548081 -0.667369 -0.506169 1.000000
tan 0.552793 -0.739537 -0.383533 1.000000
tan 0.550375 -0.701965 -0.442123 1.000000
tan 0.531465 -0.691735 -0.498419 1.000000
tan 0.544423 -0.742700 -0.380371 1.000000
tan 0.544361 -0.716597 -0.442619 1.000000
tan 0.516337 -0.698989 -0.498481 1.000000
tan 0.536921 -0.755595 -0.369521 1.000000
tan 0.538347 -0.727695 -0.437535 1.000000
tan 0.508153 -0.705313 -0.494575 1.000000
tan 0.528551 -0.771281 -0.363941 1.000000
tan 0.526195 -0.733771 -0.427429 1.000000
tan 0.520181 -0.741149 -0.417075 1.000000
tan 0.502077 -0.757145 -0.402133 1.000000
tan 0.492281 -0.736685 -0.479137 1.000000
tan 0.466737 -0.760059 -0.452291 1.000000
tan 0.474239 -0.744869 -0.467667 1.000000
tan 0.410317 -0.781016 -0.473185 1.000000
tan 0.423089 -0.762167 -0.491041 1.000000
tan 0.361027 -0.814248 -0.461777 1.000000
tan 0.374977 -0.798562 -0.472069 1.000000
tan 0.436357 -0.753921 -0.495629 1.000000
tan 0.378511 -0.784549 -0.477401 1.000000
tan 0.345961 -0.839482 -0.422841 1.000000
tan 0.355137 -0.825036 -0.438465 1.000000
tan 0.388865 -0.782875 -0.489553 1.000000
tan 0.334801 -0.843884 -0.407341 1.000000
tan 0.370513 -0.814682 -0.443797 1.000000
tan 0.324881 -0.854858 -0.398537 1.000000
tan 0.385145 -0.810590 -0.430405 1.000000
tan 0.340753 -0.886850 -0.344349 1.000000
tan 0.278071 -0.836630 -0.466303 1.000000
tan 0.417323 -0.789572 -0.444479 1.000000
tan 0.366359 -0.876744 -0.296856 1.000000
tan 0.348751 -0.869738 -0.354145 1.000000
tan 0.171120 -0.881642 -0.437101 1.000000
tan 0.350425 -0.828074 -0.435551 1.000000
tan 0.356811 -0.857896 -0.368281 1.000000
tan 0.387315 -0.867940 -0.305164 1.000000
tan 0.394817 -0.857152 -0.319239 1.000000
tan 0.368777 -0.846798 -0.378511 1.000000
tan 0.408271 -0.846364 -0.330027 1.000000
tan 0.450245 -0.835390 -0.302064 1.000000
tan 0.459545 -0.828508 -0.314589 1.000000
tan 0.437721 -0.850642 -0.289912 1.000000
tan 0.418501 -0.862732 -0.276396 1.000000
tan 0.471945 -0.835266 -0.286936 1.000000
tan 0.491289 -0.820572 -0.305040 1.000000
tan 0.104594 -0.936078 -0.341807 1.000000
tan 0.320975 -0.865584 -0.377643 1.000000
tan 0.491289 -0.811209 -0.330647 1.000000
tan 0.106826 -0.975386 -0.220782 1.000000
tan 0.332197 -0.896894 -0.306838 1.000000
tan 0.200322 -0.972348 -0.129084 1.000000
tan 0.389919 -0.886850 -0.234174 1.000000
tan 0.515531 -0.784611 -0.346953 1.000000
tan 0.317255 -0.941844 -0.086242 1.000000
tan 0.467295 -0.859384 -0.203732 1.000000
tan 0.487941 -0.783186 -0.387315 1.000000
tan 0.423647 -0.893360 -0.125922 1.000000
tan 0.536797 -0.812450 -0.229896 1.000000
tan 0.445781 -0.779961 -0.439457 1.000000
tan 0.502077 -0.760989 -0.407217 1.000000
tan 0.483353 -0.850642 -0.228098 1.000000
tan 0.567425 -0.766011 -0.293322 1.000000
tan 0.395003 -0.796330 -0.454337 1.000000
tan 0.466737 -0.755657 -0.453593 1.000000
tan 0.468535 -0.812201 -0.337901 1.000000
tan 0.559985 -0.741336 -0.370823 1.000000
tan 0.422903 -0.817596 -0.391221 1.000000
tan 0.535867 -0.740281 -0.401203 1.000000
tan 0.309505 -0.880650 -0.364189 1.000000
tan 0.318619 -0.858330 -0.388493 1.000000
tan 0.327547 -0.868250 -0.377581 1.000000
tan 0.347077 -0.829810 -0.441255 1.000000
tan 0.416889 -0.778722 -0.474921 1.000000
tan 0.361027 -0.814248 -0.461777 1.000000
tan 0.341559 -0.846240 -0.414657 1.000000
tan 0.339575 -0.857152 -0.387749 1.000000
tan 0.423275 -0.769297 -0.483911 1.000000
tan 0.352719 -0.839482 -0.426437 1.000000
tan 0.347263 -0.846054 -0.403001 1.000000
tan 0.371629 -0.800174 -0.472069 1.000000
tan 0.355137 -0.825036 -0.438465 1.000000
tan 0.359353 -0.834956 -0.413107 1.000000
tan 0.378511 -0.784549 -0.480811 1.000000
tan 0.370513 -0.814682 -0.443797 1.000000
tan 0.365119 -0.839234 -0.422779 1.000000
tan 0.392275 -0.784549 -0.491227 1.000000
tan 0.370823 -0.808358 -0.453779 1.000000
tan 0.370761 -0.828508 -0.422655 1.000000
tan 0.431831 -0.753425 -0.495629 1.000000
tan 0.377457 -0.803956 -0.459607 1.000000
tan 0.381425 -0.828074 -0.428049 1.000000
tan 0.399095 -0.768925 -0.500031 1.000000
tan 0.386137 -0.800236 -0.463327 1.000000
tan 0.397607 -0.806994 -0.428421 1.000000
tan 0.399095 -0.768925 -0.500031 1.000000
tan 0.403559 -0.783248 -0.460537 1.000000
tan 0.425569 -0.784797 -0.444169 1.000000
tan 0.409449 -0.760245 -0.501891 1.000000
tan 0.432079 -0.764524 -0.482113 1.000000
tan 0.459049 -0.756835 -0.465187 1.000000
tan 0.429599 -0.744746 -0.503751 1.000000
tan 0.464381 -0.731229 -0.494885 1.000000
tan 0.492529 -0.723541 -0.486577 1.000000
tan 0.453655 -0.729183 -0.512865 1.000000
tan 0.498109 -0.696199 -0.512927 1.000000
tan 0.516089 -0.689813 -0.506913 1.000000
tan 0.483787 -0.689317 -0.531217 1.000000
tan 0.495877 -0.689627 -0.523033 1.000000
tan 0.526691 -0.672081 -0.538657 1.000000
tan 0.474239 -0.711017 -0.523281 1.000000
tan 0.531899 -0.656209 -0.542377 1.000000
tan 0.462025 -0.726703 -0.518817 1.000000
tan 0.513795 -0.657387 -0.547957 1.000000
tan 0.450989 -0.728749 -0.516461 1.000000
tan 0.553785 -0.622729 -0.555707 1.000000
tan 0.442309 -0.735073 -0.514477 1.000000
tan 0.513361 -0.705313 -0.492157 1.000000
tan 0.442557 -0.744497 -0.504805 1.000000
tan 0.508153 -0.705313 -0.494575 1.000000
tan 0.503689 -0.709777 -0.486825 1.000000
tan 0.490111 -0.723293 -0.486887 1.000000
tan 0.487073 -0.734081 -0.479137 1.000000
tan 0.544361 -0.716597 -0.442619 1.000000
tan 0.474239 -0.744869 -0.467667 1.000000
tan 0.538347 -0.721619 -0.437597 1.000000
tan 0.526257 -0.732717 -0.427491 1.000000
tan 0.520243 -0.749892 -0.422345 1.000000
tan 0.544423 -0.742700 -0.380371 1.000000
tan 0.529109 -0.767251 -0.356811 1.000000
tan 0.542811 -0.758757 -0.372683 1.000000
tan 0.497737 -0.805010 -0.321285 1.000000
tan 0.515407 -0.796578 -0.327609 1.000000
tan 0.472503 -0.820138 -0.319735 1.000000
tan 0.521545 -0.781015 -0.337033 1.000000
tan 0.417075 -0.846364 -0.342799 1.000000
tan 0.482113 -0.820138 -0.325377 1.000000
tan 0.529419 -0.773637 -0.342179 1.000000
tan 0.374915 -0.835700 -0.383471 1.000000
tan 0.424205 -0.832910 -0.346457 1.000000
tan 0.486081 -0.803770 -0.323765 1.000000
tan 0.552793 -0.732469 -0.382231 1.000000
tan 0.539339 -0.772583 -0.343233 1.000000
tan 0.559861 -0.732469 -0.385393 1.000000
tan 0.550437 -0.710521 -0.447703 1.000000
tan 0.539339 -0.765205 -0.340691 1.000000
tan 0.550375 -0.699423 -0.447765 1.000000
tan 0.561163 -0.722239 -0.384091 1.000000
tan 0.492219 -0.804886 -0.330523 1.000000
tan 0.566061 -0.689813 -0.448013 1.000000
tan 0.434559 -0.832910 -0.349557 1.000000
tan 0.526939 -0.691735 -0.492157 1.000000
tan 0.386571 -0.835700 -0.394011 1.000000
tan 0.547461 -0.665137 -0.503937 1.000000
tan 0.370823 -0.808358 -0.453779 1.000000
tan 0.573315 -0.631719 -0.519437 1.000000
tan 0.583793 -0.671771 -0.458181 1.000000
tan 0.611383 -0.643437 -0.474549 1.000000
tan 0.603137 -0.593713 -0.527621 1.000000
tan 0.635377 -0.600905 -0.488809 1.000000
tan 0.614607 -0.664517 -0.423523 1.000000
tan 0.645793 -0.626635 -0.435985 1.000000
tan 0.656147 -0.561659 -0.500899 1.000000
tan 0.597681 -0.696137 -0.406969 1.000000
tan 0.624217 -0.559799 -0.545601 1.000000
tan 0.575299 -0.716721 -0.394445 1.000000
tan 0.573935 -0.576787 -0.570401 1.000000
tan 0.552793 -0.749705 -0.351169 1.000000
tan 0.571393 -0.740591 -0.368157 1.000000
tan 0.595635 -0.709281 -0.380681 1.000000
tan 0.521049 -0.770661 -0.356315 1.000000
tan 0.501395 -0.788580 -0.342365 1.000000
tan 0.622171 -0.664021 -0.396181 1.000000
tan 0.434559 -0.828446 -0.350983 1.000000
tan 0.447889 -0.817658 -0.361957 1.000000
tan 0.386571 -0.829872 -0.393701 1.000000
tan 0.392709 -0.824602 -0.398971 1.000000
tan 0.377457 -0.803956 -0.459607 1.000000
tan 0.386137 -0.800236 -0.463327 1.000000
tan 0.414657 -0.813504 -0.409573 1.000000
tan 0.401451 -0.789882 -0.468721 1.000000
tan 0.409449 -0.760369 -0.498233 1.000000
tan 0.422841 -0.744746 -0.501953 1.000000
tan 0.399095 -0.768925 -0.500031 1.000000
tan 0.392275 -0.768925 -0.498295 1.000000
tan 0.450989 -0.728749 -0.516461 1.000000
tan 0.436171 -0.744497 -0.505239 1.000000
tan 0.442309 -0.735073 -0.514477 1.000000
tan 0.495381 -0.720565 -0.481617 1.000000
tan 0.503689 -0.709777 -0.486825 1.000000
tan 0.462025 -0.729121 -0.516089 1.000000
tan 0.472751 -0.713745 -0.520739 1.000000
tan 0.453655 -0.729183 -0.512865 1.000000
tan 0.495877 -0.689627 -0.523033 1.000000
tan 0.432079 -0.769174 -0.479509 1.000000
tan 0.480067 -0.697935 -0.534937 1.000000
tan 0.525823 -0.656209 -0.542377 1.000000
tan 0.457809 -0.737801 -0.493149 1.000000
tan 0.561721 -0.622543 -0.562279 1.000000
tan 0.513795 -0.664517 -0.547213 1.000000
tan 0.573935 -0.582553 -0.575733 1.000000
tan 0.539463 -0.626015 -0.571145 1.000000
tan 0.489553 -0.701779 -0.514291 1.000000
tan 0.594953 -0.549259 -0.589993 1.000000
tan 0.552111 -0.596813 -0.579887 1.000000
tan 0.605245 -0.525265 -0.593403 1.000000
tan 0.568665 -0.572385 -0.587761 1.000000
tan 0.520181 -0.672081 -0.534689 1.000000
tan 0.538285 -0.640771 -0.545911 1.000000
tan 0.615537 -0.506789 -0.602393 1.000000
tan 0.580197 -0.555831 -0.598983 1.000000
tan 0.553909 -0.618699 -0.553785 1.000000
tan 0.582181 -0.543741 -0.603385 1.000000
tan 0.562403 -0.609585 -0.561597 1.000000
tan 0.565441 -0.651621 -0.499969 1.000000
tan 0.577221 -0.634633 -0.510385 1.000000
tan 0.570897 -0.599107 -0.563581 1.000000
tan 0.553661 -0.668609 -0.489553 1.000000
tan 0.586273 -0.540145 -0.608593 1.000000
tan 0.627317 -0.482113 -0.612437 1.000000
tan 0.592473 -0.533945 -0.607167 1.000000
tan 0.627317 -0.482113 -0.612437 1.000000
tan 0.676297 -0.445037 -0.584785 1.000000
tan 0.687085 -0.445905 -0.583917 1.000000
tan 0.627317 -0.476719 -0.606795 1.000000
tan 0.638353 -0.475789 -0.607725 1.000000
tan 0.592473 -0.533945 -0.607167 1.000000
tan 0.597681 -0.527745 -0.600037 1.000000
tan 0.642383 -0.476347 -0.602083 1.000000
tan 0.607043 -0.531837 -0.594705 1.000000
tan 0.605989 -0.531837 -0.589001 1.000000
tan 0.586955 -0.582243 -0.562651 1.000000
tan 0.594209 -0.585963 -0.551677 1.000000
tan 0.594643 -0.592225 -0.548577 1.000000
tan 0.617273 -0.619629 -0.491227 1.000000
tan 0.593031 -0.587141 -0.562651 1.000000
tan 0.611073 -0.613181 -0.497613 1.000000
tan 0.657883 -0.617707 -0.441193 1.000000
tan 0.607849 -0.616405 -0.507409 1.000000
tan 0.649761 -0.610081 -0.449315 1.000000
tan 0.706553 -0.579577 -0.411061 1.000000
tan 0.601649 -0.612809 -0.507409 1.000000
tan 0.699423 -0.583731 -0.417323 1.000000
tan 0.739165 -0.525637 -0.418501 1.000000
tan 0.644801 -0.610081 -0.451299 1.000000
tan 0.739785 -0.527497 -0.426065 1.000000
tan 0.699423 -0.580259 -0.421601 1.000000
tan 0.644801 -0.615041 -0.457065 1.000000
tan 0.585777 -0.582243 -0.567549 1.000000
tan 0.598425 -0.612809 -0.511005 1.000000
tan 0.579391 -0.583421 -0.569471 1.000000
tan 0.638973 -0.613057 -0.464753 1.000000
tan 0.577283 -0.593961 -0.571579 1.000000
tan 0.598425 -0.616033 -0.517205 1.000000
tan 0.592225 -0.618327 -0.517143 1.000000
tan 0.586397 -0.623535 -0.511935 1.000000
tan 0.634075 -0.618017 -0.464815 1.000000
tan 0.634075 -0.618017 -0.464815 1.000000
tan 0.623349 -0.620869 -0.464629 1.000000
tan 0.620683 -0.631657 -0.464567 1.000000
tan 0.676545 -0.583297 -0.441441 1.000000
tan 0.608097 -0.652241 -0.456321 1.000000
tan 0.680699 -0.598673 -0.442123 1.000000
tan 0.666315 -0.608035 -0.437163 1.000000
tan 0.591977 -0.676607 -0.448075 1.000000
tan 0.656085 -0.623225 -0.432203 1.000000
tan 0.708103 -0.544795 -0.442185 1.000000
tan 0.532395 -0.696695 -0.478083 1.000000
tan 0.718395 -0.534689 -0.446153 1.000000
tan 0.504867 -0.729989 -0.461777 1.000000
tan 0.571145 -0.700973 -0.433815 1.000000
tan 0.471263 -0.767871 -0.445905 1.000000
tan 0.540331 -0.729989 -0.414037 1.000000
tan 0.636307 -0.644801 -0.426189 1.000000
tan 0.612809 -0.675305 -0.409945 1.000000
tan 0.509517 -0.769049 -0.397545 1.000000
tan 0.432389 -0.790749 -0.424639 1.000000
tan 0.478703 -0.793353 -0.379751 1.000000
tan 0.554219 -0.746668 -0.372311 1.000000
tan 0.587141 -0.709405 -0.390477 1.000000
tan 0.649513 -0.630541 -0.413293 1.000000
tan 0.674003 -0.599541 -0.425011 1.000000
tan 0.671151 -0.584909 -0.454151 1.000000
tan 0.691673 -0.575609 -0.438093 1.000000
tan 0.695889 -0.554033 -0.464133 1.000000
tan 0.680513 -0.525513 -0.516585 1.000000
tan 0.713001 -0.527125 -0.472503 1.000000
tan 0.701965 -0.558683 -0.438589 1.000000
tan 0.714427 -0.505549 -0.476967 1.000000
tan 0.692417 -0.494513 -0.520305 1.000000
tan 0.636989 -0.523219 -0.561659 1.000000
tan 0.722983 -0.495257 -0.478703 1.000000
tan 0.704321 -0.472441 -0.530473 1.000000
tan 0.653233 -0.494017 -0.571889 1.000000
tan 0.594953 -0.549259 -0.589993 1.000000
tan 0.539463 -0.619567 -0.567239 1.000000
tan 0.605245 -0.525265 -0.593403 1.000000
tan 0.544733 -0.640771 -0.549941 1.000000
tan 0.537355 -0.667617 -0.518445 1.000000
tan 0.562465 -0.594395 -0.582305 1.000000
tan 0.556017 -0.614669 -0.553785 1.000000
tan 0.549259 -0.645421 -0.528737 1.000000
tan 0.569905 -0.566433 -0.590241 1.000000
tan 0.564511 -0.599107 -0.559489 1.000000
tan 0.558497 -0.628557 -0.529977 1.000000
tan 0.611693 -0.500651 -0.602393 1.000000
tan 0.570897 -0.599107 -0.563581 1.000000
tan 0.564263 -0.622791 -0.535185 1.000000
tan 0.581127 -0.556761 -0.599727 1.000000
tan 0.579391 -0.588629 -0.565565 1.000000
tan 0.570153 -0.617459 -0.540517 1.000000
tan 0.582181 -0.543741 -0.603385 1.000000
tan 0.625829 -0.496745 -0.613243 1.000000
tan 0.579391 -0.582243 -0.563457 1.000000
tan 0.579577 -0.615289 -0.536797 1.000000
tan 0.586273 -0.540145 -0.608593 1.000000
tan 0.621923 -0.482113 -0.611507 1.000000
tan 0.585777 -0.582243 -0.567549 1.000000
tan 0.579577 -0.615289 -0.536797 1.000000
tan 0.592473 -0.533945 -0.607167 1.000000
tan 0.627317 -0.482113 -0.612437 1.000000
tan 0.585777 -0.582243 -0.567549 1.000000
tan 0.579577 -0.612065 -0.530597 1.000000
tan 0.592473 -0.533945 -0.607167 1.000000
tan 0.627317 -0.476719 -0.606795 1.000000
tan 0.593031 -0.587141 -0.562651 1.000000
tan 0.582801 -0.612065 -0.527001 1.000000
tan 0.601711 -0.525079 -0.600037 1.000000
tan 0.638353 -0.475789 -0.607725 1.000000
tan 0.593031 -0.585963 -0.556575 1.000000
tan 0.589001 -0.612437 -0.520801 1.000000
tan 0.607043 -0.531837 -0.594705 1.000000
tan 0.600781 -0.588381 -0.540021 1.000000
tan 0.595573 -0.617645 -0.513609 1.000000
tan 0.607043 -0.531837 -0.594705 1.000000
tan 0.607849 -0.536425 -0.576353 1.000000
tan 0.641205 -0.487073 -0.590241 1.000000
tan 0.639221 -0.479509 -0.592101 1.000000
tan 0.690309 -0.452973 -0.565813 1.000000
tan 0.642383 -0.476347 -0.602083 1.000000
tan 0.695207 -0.444169 -0.564077 1.000000
tan 0.730485 -0.443673 -0.510137 1.000000
tan 0.686217 -0.441813 -0.570711 1.000000
tan 0.737863 -0.449377 -0.518941 1.000000
tan 0.750822 -0.478517 -0.456197 1.000000
tan 0.687085 -0.441813 -0.577221 1.000000
tan 0.728005 -0.442061 -0.521545 1.000000
tan 0.752806 -0.478393 -0.458925 1.000000
tan 0.746047 -0.474797 -0.465683 1.000000
tan 0.728005 -0.444417 -0.528613 1.000000
tan 0.687085 -0.445905 -0.583917 1.000000
tan 0.732841 -0.525885 -0.430219 1.000000
tan 0.676297 -0.445037 -0.584785 1.000000
tan 0.725649 -0.444417 -0.531217 1.000000
tan 0.747225 -0.471449 -0.469713 1.000000
tan 0.671399 -0.454027 -0.583483 1.000000
tan 0.718581 -0.444169 -0.538285 1.000000
tan 0.738856 -0.478083 -0.478083 1.000000
tan 0.669477 -0.464691 -0.582243 1.000000
tan 0.712381 -0.450369 -0.533139 1.000000
tan 0.660177 -0.478517 -0.580879 1.000000
tan 0.710273 -0.461405 -0.535557 1.000000
tan 0.731539 -0.484965 -0.480439 1.000000
tan 0.731539 -0.478083 -0.478765 1.000000
tan 0.718395 -0.527807 -0.442743 1.000000
tan 0.728687 -0.527683 -0.438713 1.000000
tan 0.687581 -0.577221 -0.436481 1.000000
tan 0.687581 -0.577221 -0.436481 1.000000
tan 0.728687 -0.520801 -0.435303 1.000000
tan 0.687581 -0.580631 -0.432265 1.000000
tan 0.320417 -0.835079 0.443983 1.000000
tan 0.395809 -0.830058 0.399281 1.000000
tan 0.440015 -0.792485 0.416455 1.000000
tan 0.240064 -0.876930 0.426313 1.000000
tan 0.351665 -0.871970 0.352843 1.000000
tan 0.347449 -0.883254 0.321037 1.000000
tan 0.150412 -0.914626 0.372125 1.000000
tan 0.332259 -0.891996 0.290967 1.000000
tan 0.369893 -0.884742 0.295679 1.000000
tan 0.366049 -0.870482 0.334615 1.000000
tan 0.115692 -0.954182 0.271375 1.000000
tan 0.361833 -0.908178 0.228781 1.000000
tan 0.391717 -0.867940 0.311551 1.000000
tan 0.378077 -0.859384 0.344783 1.000000
tan 0.421477 -0.866700 0.273793 1.000000
tan 0.399219 -0.857152 0.325625 1.000000
tan 0.390105 -0.848285 0.354951 1.000000
tan 0.437721 -0.850641 0.289913 1.000000
tan 0.412673 -0.846363 0.336413 1.000000
tan 0.402133 -0.841465 0.369397 1.000000
tan 0.450245 -0.835389 0.302065 1.000000
tan 0.417075 -0.846363 0.342799 1.000000
tan 0.408085 -0.841465 0.374605 1.000000
tan 0.459545 -0.828507 0.314589 1.000000
tan 0.424205 -0.832909 0.346457 1.000000
tan 0.414037 -0.835513 0.379689 1.000000
tan 0.472503 -0.820137 0.319735 1.000000
tan 0.434559 -0.832909 0.349557 1.000000
tan 0.420113 -0.830305 0.384897 1.000000
tan 0.479137 -0.813317 0.325377 1.000000
tan 0.437597 -0.822121 0.357307 1.000000
tan 0.432141 -0.809039 0.390477 1.000000
tan 0.488685 -0.803769 0.330523 1.000000
tan 0.450865 -0.811333 0.368281 1.000000
tan 0.460227 -0.786843 0.406101 1.000000
tan 0.492219 -0.804885 0.330523 1.000000
tan 0.477525 -0.793353 0.388989 1.000000
tan 0.494017 -0.758695 0.427119 1.000000
tan 0.501395 -0.788579 0.342365 1.000000
tan 0.508525 -0.764461 0.408271 1.000000
tan 0.523777 -0.725401 0.452849 1.000000
tan 0.523777 -0.770661 0.362949 1.000000
tan 0.546097 -0.749705 0.356501 1.000000
tan 0.537727 -0.723913 0.422717 1.000000
tan 0.556885 -0.691797 0.463637 1.000000
tan 0.553661 -0.740157 0.378821 1.000000
tan 0.568603 -0.694959 0.442247 1.000000
tan 0.578275 -0.669601 0.475045 1.000000
tan 0.586521 -0.703081 0.396801 1.000000
tan 0.574121 -0.732097 0.365429 1.000000
tan 0.594705 -0.670655 0.454027 1.000000
tan 0.590055 -0.647405 0.485461 1.000000
tan 0.616529 -0.669601 0.416145 1.000000
tan 0.601773 -0.701841 0.388121 1.000000
tan 0.612933 -0.652241 0.462211 1.000000
tan 0.599231 -0.630293 0.487073 1.000000
tan 0.636307 -0.644801 0.426189 1.000000
tan 0.626139 -0.662657 0.402133 1.000000
tan 0.620683 -0.631657 0.464567 1.000000
tan 0.605245 -0.624279 0.492343 1.000000
tan 0.656085 -0.623225 0.432203 1.000000
tan 0.660859 -0.629053 0.420547 1.000000
tan 0.623349 -0.620869 0.464629 1.000000
tan 0.611073 -0.615971 0.491227 1.000000
tan 0.666315 -0.604749 0.441255 1.000000
tan 0.678529 -0.597991 0.430591 1.000000
tan 0.634075 -0.618017 0.464815 1.000000
tan 0.617273 -0.613553 0.491413 1.000000
tan 0.676545 -0.592845 0.442123 1.000000
tan 0.691673 -0.575609 0.438093 1.000000
tan 0.638973 -0.618017 0.470581 1.000000
tan 0.620497 -0.613553 0.487817 1.000000
tan 0.681381 -0.583421 0.441441 1.000000
tan 0.704693 -0.553351 0.445595 1.000000
tan 0.638973 -0.613057 0.464753 1.000000
tan 0.620497 -0.613553 0.487817 1.000000
tan 0.687581 -0.577221 0.436481 1.000000
tan 0.708103 -0.544795 0.442185 1.000000
tan 0.644801 -0.615041 0.457065 1.000000
tan 0.629921 -0.613925 0.478021 1.000000
tan 0.687581 -0.577221 0.436481 1.000000
tan 0.718395 -0.534689 0.446153 1.000000
tan 0.644801 -0.610081 0.451299 1.000000
tan 0.629921 -0.610701 0.471821 1.000000
tan 0.687581 -0.580631 0.432265 1.000000
tan 0.718395 -0.527807 0.442743 1.000000
tan 0.649761 -0.615041 0.446959 1.000000
tan 0.636803 -0.615599 0.464629 1.000000
tan 0.652861 -0.617707 0.435613 1.000000
tan 0.699423 -0.580259 0.421601 1.000000
tan 0.699423 -0.583731 0.417323 1.000000
tan 0.704197 -0.581251 0.408271 1.000000
tan 0.728687 -0.520801 0.435303 1.000000
tan 0.739785 -0.527497 0.426065 1.000000
tan 0.736189 -0.529233 0.412921 1.000000
tan 0.748589 -0.478207 0.447889 1.000000
tan 0.732841 -0.527497 0.424453 1.000000
tan 0.752806 -0.478393 0.458925 1.000000
tan 0.733089 -0.450741 0.504805 1.000000
tan 0.746047 -0.474797 0.465683 1.000000
tan 0.737863 -0.446959 0.511873 1.000000
tan 0.700849 -0.446153 0.558001 1.000000
tan 0.745614 -0.474797 0.469713 1.000000
tan 0.695207 -0.444169 0.564077 1.000000
tan 0.648211 -0.484345 0.589249 1.000000
tan 0.728005 -0.442061 0.521545 1.000000
tan 0.639221 -0.479509 0.592101 1.000000
tan 0.608841 -0.528985 0.581561 1.000000
tan 0.686217 -0.441813 0.570711 1.000000
tan 0.728005 -0.444417 0.528613 1.000000
tan 0.728687 -0.527683 0.438713 1.000000
tan 0.738856 -0.478083 0.478083 1.000000
tan 0.731539 -0.478083 0.478765 1.000000
tan 0.725649 -0.444417 0.531217 1.000000
tan 0.731539 -0.484965 0.480439 1.000000
tan 0.718581 -0.444169 0.538285 1.000000
tan 0.687085 -0.441813 0.577221 1.000000
tan 0.687085 -0.445905 0.583917 1.000000
tan 0.642383 -0.476347 0.602083 1.000000
tan 0.638353 -0.475789 0.607725 1.000000
tan 0.605989 -0.531837 0.589001 1.000000
tan 0.607043 -0.531837 0.594705 1.000000
tan 0.594209 -0.585963 0.551677 1.000000
tan 0.594643 -0.592225 0.548577 1.000000
tan 0.617273 -0.619629 0.491227 1.000000
tan 0.593031 -0.587141 0.562651 1.000000
tan 0.611073 -0.613181 0.497613 1.000000
tan 0.657883 -0.617707 0.441193 1.000000
tan 0.586955 -0.582243 0.562651 1.000000
tan 0.649761 -0.610081 0.449315 1.000000
tan 0.706553 -0.579577 0.411061 1.000000
tan 0.607849 -0.616405 0.507409 1.000000
tan 0.699423 -0.583731 0.417323 1.000000
tan 0.739165 -0.525637 0.418501 1.000000
tan 0.644801 -0.610081 0.451299 1.000000
tan 0.601649 -0.612809 0.507409 1.000000
tan 0.597681 -0.527745 0.600037 1.000000
tan 0.585777 -0.582243 0.567549 1.000000
tan 0.627317 -0.476719 0.606795 1.000000
tan 0.592473 -0.533945 0.607167 1.000000
tan 0.676297 -0.445037 0.584785 1.000000
tan 0.627317 -0.482113 0.612437 1.000000
tan 0.712691 -0.455205 0.533139 1.000000
tan 0.671399 -0.454027 0.583483 1.000000
tan 0.722983 -0.495257 0.478703 1.000000
tan 0.712691 -0.461405 0.532829 1.000000
tan 0.714427 -0.505549 0.476967 1.000000
tan 0.673631 -0.464691 0.581251 1.000000
tan 0.706491 -0.522723 0.472503 1.000000
tan 0.704321 -0.472441 0.530473 1.000000
tan 0.695889 -0.554033 0.464133 1.000000
tan 0.692417 -0.494513 0.520305 1.000000
tan 0.671151 -0.584909 0.454151 1.000000
tan 0.680513 -0.522785 0.509889 1.000000
tan 0.660177 -0.478517 0.580879 1.000000
tan 0.653233 -0.494017 0.571889 1.000000
tan 0.647281 -0.623349 0.435985 1.000000
tan 0.662409 -0.560109 0.500899 1.000000
tan 0.616033 -0.659991 0.417819 1.000000
tan 0.641515 -0.599603 0.488809 1.000000
tan 0.636989 -0.523219 0.561659 1.000000
tan 0.627007 -0.553847 0.551553 1.000000
tan 0.590613 -0.694711 0.398289 1.000000
tan 0.611197 -0.635253 0.468473 1.000000
tan 0.598425 -0.593713 0.529419 1.000000
tan 0.575113 -0.719077 0.396057 1.000000
tan 0.583793 -0.671771 0.458181 1.000000
tan 0.574245 -0.638353 0.519685 1.000000
tan 0.539339 -0.765205 0.340691 1.000000
tan 0.568169 -0.695145 0.452105 1.000000
tan 0.539339 -0.772583 0.343233 1.000000
tan 0.561163 -0.729307 0.385393 1.000000
tan 0.531961 -0.772583 0.342179 1.000000
tan 0.561163 -0.729307 0.385393 1.000000
tan 0.521545 -0.781511 0.332817 1.000000
tan 0.552793 -0.739537 0.383533 1.000000
tan 0.550375 -0.701965 0.442123 1.000000
tan 0.515407 -0.796577 0.327609 1.000000
tan 0.544423 -0.742699 0.380371 1.000000
tan 0.500093 -0.804451 0.317255 1.000000
tan 0.536921 -0.755595 0.369521 1.000000
tan 0.493521 -0.819641 0.305041 1.000000
tan 0.528551 -0.771281 0.363941 1.000000
tan 0.468473 -0.828694 0.290037 1.000000
tan 0.514849 -0.781511 0.352967 1.000000
tan 0.152768 -0.969682 0.166160 1.000000
tan 0.410317 -0.893484 0.193750 1.000000
tan 0.498729 -0.795957 0.334181 1.000000
tan 0.226982 -0.970054 0.083142 1.000000
tan 0.488809 -0.778969 0.387129 1.000000
tan 0.502077 -0.757145 0.402133 1.000000
tan 0.336289 -0.941410 0.079484 1.000000
tan 0.464753 -0.858330 0.203236 1.000000
tan 0.456135 -0.781635 0.430529 1.000000
tan 0.466737 -0.760059 0.452291 1.000000
tan 0.520181 -0.741149 0.417075 1.000000
tan 0.474239 -0.744869 0.467667 1.000000
tan 0.526195 -0.733771 0.427429 1.000000
tan 0.492281 -0.736685 0.479137 1.000000
tan 0.538347 -0.727695 0.437535 1.000000
tan 0.495381 -0.720565 0.481617 1.000000
tan 0.544361 -0.716597 0.442619 1.000000
tan 0.503689 -0.709777 0.486825 1.000000
tan 0.550375 -0.701965 0.442123 1.000000
tan 0.508153 -0.705313 0.494575 1.000000
tan 0.516337 -0.698989 0.498481 1.000000
tan 0.531465 -0.691735 0.498419 1.000000
tan 0.462025 -0.729121 0.516089 1.000000
tan 0.548081 -0.667369 0.506169 1.000000
tan 0.472751 -0.713745 0.520739 1.000000
tan 0.495877 -0.689627 0.523033 1.000000
tan 0.525823 -0.656209 0.542377 1.000000
tan 0.561721 -0.622543 0.562279 1.000000
tan 0.480067 -0.697935 0.534937 1.000000
tan 0.573935 -0.582553 0.575733 1.000000
tan 0.513795 -0.664517 0.547213 1.000000
tan 0.539463 -0.626015 0.571145 1.000000
tan 0.594953 -0.549259 0.589993 1.000000
tan 0.552111 -0.596813 0.579887 1.000000
tan 0.605245 -0.525265 0.593403 1.000000
tan 0.568665 -0.572385 0.587761 1.000000
tan 0.615537 -0.506789 0.602393 1.000000
tan 0.580197 -0.555831 0.598983 1.000000
tan 0.620187 -0.497613 0.613243 1.000000
tan 0.582181 -0.543741 0.603385 1.000000
tan 0.627317 -0.482113 0.612437 1.000000
tan 0.586273 -0.540145 0.608593 1.000000
tan 0.592473 -0.533945 0.607167 1.000000
tan 0.570897 -0.599107 0.563581 1.000000
tan 0.579391 -0.583421 0.569471 1.000000
tan 0.577283 -0.593961 0.571579 1.000000
tan 0.598425 -0.612809 0.511005 1.000000
tan 0.598425 -0.616033 0.517205 1.000000
tan 0.592225 -0.618327 0.517143 1.000000
tan 0.644801 -0.615041 0.457065 1.000000
tan 0.638973 -0.613057 0.464753 1.000000
tan 0.699423 -0.580259 0.421601 1.000000
tan 0.687581 -0.580631 0.432265 1.000000
tan 0.634075 -0.618017 0.464815 1.000000
tan 0.739785 -0.527497 0.426065 1.000000
tan 0.732841 -0.525885 0.430219 1.000000
tan 0.687581 -0.577221 0.436481 1.000000
tan 0.752806 -0.478393 0.458925 1.000000
tan 0.750822 -0.478517 0.456197 1.000000
tan 0.746047 -0.474797 0.465683 1.000000
tan 0.728687 -0.520801 0.435303 1.000000
tan 0.747225 -0.471449 0.469713 1.000000
tan 0.728005 -0.442061 0.521545 1.000000
tan 0.737863 -0.449377 0.518941 1.000000
tan 0.730485 -0.443673 0.510137 1.000000
tan 0.728005 -0.444417 0.528613 1.000000
tan 0.695207 -0.444169 0.564077 1.000000
tan 0.690309 -0.452973 0.565813 1.000000
tan 0.686217 -0.441813 0.570711 1.000000
tan 0.639221 -0.479509 0.592101 1.000000
tan 0.641205 -0.487073 0.590241 1.000000
tan 0.642383 -0.476347 0.602083 1.000000
tan 0.687085 -0.441813 0.577221 1.000000
tan 0.638353 -0.475789 0.607725 1.000000
tan 0.607043 -0.531837 0.594705 1.000000
tan 0.607043 -0.531837 0.594705 1.000000
tan 0.607849 -0.536425 0.576353 1.000000
tan 0.600781 -0.588381 0.540021 1.000000
tan 0.589001 -0.612437 0.520801 1.000000
tan 0.595573 -0.617645 0.513609 1.000000
tan 0.593031 -0.585963 0.556575 1.000000
tan 0.582801 -0.612065 0.527001 1.000000
tan 0.593031 -0.587141 0.562651 1.000000
tan 0.579577 -0.612065 0.530597 1.000000
tan 0.601711 -0.525079 0.600037 1.000000
tan 0.585777 -0.582243 0.567549 1.000000
tan 0.579577 -0.615289 0.536797 1.000000
tan 0.592473 -0.533945 0.607167 1.000000
tan 0.585777 -0.582243 0.567549 1.000000
tan 0.579577 -0.615289 0.536797 1.000000
tan 0.627317 -0.476719 0.606795 1.000000
tan 0.592473 -0.533945 0.607167 1.000000
tan 0.579391 -0.582243 0.563457 1.000000
tan 0.570153 -0.617459 0.540517 1.000000
tan 0.687085 -0.445905 0.583917 1.000000
tan 0.579391 -0.588629 0.565565 1.000000
tan 0.564263 -0.622791 0.535185 1.000000
tan 0.586273 -0.540145 0.608593 1.000000
tan 0.627317 -0.482113 0.612437 1.000000
tan 0.570897 -0.599107 0.563581 1.000000
tan 0.558497 -0.628557 0.529977 1.000000
tan 0.582181 -0.543741 0.603385 1.000000
tan 0.621923 -0.482113 0.611507 1.000000
tan 0.676297 -0.445037 0.584785 1.000000
tan 0.725649 -0.444417 0.531217 1.000000
tan 0.671399 -0.454027 0.583483 1.000000
tan 0.738856 -0.478083 0.478083 1.000000
tan 0.718581 -0.444169 0.538285 1.000000
tan 0.728687 -0.527683 0.438713 1.000000
tan 0.731539 -0.478083 0.478765 1.000000
tan 0.712381 -0.450369 0.533139 1.000000
tan 0.687581 -0.577221 0.436481 1.000000
tan 0.718395 -0.527807 0.442743 1.000000
tan 0.731539 -0.484965 0.480439 1.000000
tan 0.634075 -0.618017 0.464815 1.000000
tan 0.676545 -0.583297 0.441441 1.000000
tan 0.586397 -0.623535 0.511935 1.000000
tan 0.623349 -0.620869 0.464629 1.000000
tan 0.718395 -0.534689 0.446153 1.000000
tan 0.562403 -0.609585 0.561597 1.000000
tan 0.577221 -0.634633 0.510385 1.000000
tan 0.553909 -0.618699 0.553785 1.000000
tan 0.620683 -0.631657 0.464567 1.000000
tan 0.538285 -0.640771 0.545911 1.000000
tan 0.565441 -0.651621 0.499969 1.000000
tan 0.520181 -0.672081 0.534689 1.000000
tan 0.553661 -0.668609 0.489553 1.000000
tan 0.608097 -0.652241 0.456321 1.000000
tan 0.680699 -0.598673 0.442123 1.000000
tan 0.666315 -0.608035 0.437163 1.000000
tan 0.708103 -0.544795 0.442185 1.000000
tan 0.722983 -0.495257 0.478703 1.000000
tan 0.701965 -0.558683 0.438589 1.000000
tan 0.710273 -0.461405 0.535557 1.000000
tan 0.714427 -0.505549 0.476967 1.000000
tan 0.704321 -0.472441 0.530473 1.000000
tan 0.669477 -0.464691 0.582243 1.000000
tan 0.660177 -0.478517 0.580879 1.000000
tan 0.625829 -0.496745 0.613243 1.000000
tan 0.611693 -0.500651 0.602393 1.000000
tan 0.581127 -0.556761 0.599727 1.000000
tan 0.605245 -0.525265 0.593403 1.000000
tan 0.564511 -0.599107 0.559489 1.000000
tan 0.549259 -0.645421 0.528737 1.000000
tan 0.569905 -0.566433 0.590241 1.000000
tan 0.556017 -0.614669 0.553785 1.000000
tan 0.537355 -0.667617 0.518445 1.000000
tan 0.562465 -0.594395 0.582305 1.000000
tan 0.544733 -0.640771 0.549941 1.000000
tan 0.516089 -0.689813 0.506913 1.000000
tan 0.594953 -0.549259 0.589993 1.000000
tan 0.526691 -0.672081 0.538657 1.000000
tan 0.539463 -0.619567 0.567239 1.000000
tan 0.498109 -0.696199 0.512927 1.000000
tan 0.492529 -0.723541 0.486577 1.000000
tan 0.513795 -0.657387 0.547957 1.000000
tan 0.573935 -0.576787 0.570401 1.000000
tan 0.464381 -0.731229 0.494885 1.000000
tan 0.459049 -0.756835 0.465187 1.000000
tan 0.483787 -0.689317 0.531217 1.000000
tan 0.553785 -0.622729 0.555707 1.000000
tan 0.432079 -0.764523 0.482113 1.000000
tan 0.425569 -0.784797 0.444169 1.000000
tan 0.453655 -0.729183 0.512865 1.000000
tan 0.531899 -0.656209 0.542377 1.000000
tan 0.403559 -0.783247 0.460537 1.000000
tan 0.397607 -0.806993 0.428421 1.000000
tan 0.429599 -0.744745 0.503751 1.000000
tan 0.495877 -0.689627 0.523033 1.000000
tan 0.386137 -0.800235 0.463327 1.000000
tan 0.381425 -0.828073 0.428049 1.000000
tan 0.409449 -0.760245 0.501891 1.000000
tan 0.474239 -0.711017 0.523281 1.000000
tan 0.377457 -0.803955 0.459607 1.000000
tan 0.370761 -0.828507 0.422655 1.000000
tan 0.399095 -0.768925 0.500031 1.000000
tan 0.462025 -0.726703 0.518817 1.000000
tan 0.370823 -0.808357 0.453779 1.000000
tan 0.365119 -0.839233 0.422779 1.000000
tan 0.399095 -0.768925 0.500031 1.000000
tan 0.370513 -0.814681 0.443797 1.000000
tan 0.359353 -0.834956 0.413107 1.000000
tan 0.392275 -0.784549 0.491227 1.000000
tan 0.355137 -0.825035 0.438465 1.000000
tan 0.347263 -0.846053 0.403001 1.000000
tan 0.450989 -0.728749 0.516461 1.000000
tan 0.352719 -0.839481 0.426437 1.000000
tan 0.339575 -0.857152 0.387749 1.000000
tan 0.378511 -0.784549 0.480811 1.000000
tan 0.341559 -0.846240 0.414657 1.000000
tan 0.327547 -0.868249 0.377581 1.000000
tan 0.371629 -0.800173 0.472069 1.000000
tan 0.442557 -0.744497 0.504805 1.000000
tan 0.318619 -0.858330 0.388493 1.000000
tan 0.309505 -0.880650 0.364189 1.000000
tan 0.361027 -0.814247 0.461777 1.000000
tan 0.431831 -0.753425 0.495629 1.000000
tan 0.423275 -0.769297 0.483911 1.000000
tan 0.347077 -0.829809 0.441255 1.000000
tan 0.416889 -0.778721 0.474921 1.000000
tan 0.487073 -0.734081 0.479137 1.000000
tan 0.474239 -0.744869 0.467667 1.000000
tan 0.395003 -0.796329 0.454337 1.000000
tan 0.490111 -0.723293 0.486887 1.000000
tan 0.466737 -0.755657 0.453593 1.000000
tan 0.526257 -0.732717 0.427491 1.000000
tan 0.520243 -0.749891 0.422345 1.000000
tan 0.538347 -0.721619 0.437597 1.000000
tan 0.503689 -0.709777 0.486825 1.000000
tan 0.544361 -0.716597 0.442619 1.000000
tan 0.544423 -0.742699 0.380371 1.000000
tan 0.442309 -0.735073 0.514477 1.000000
tan 0.508153 -0.705313 0.494575 1.000000
tan 0.550437 -0.710521 0.447703 1.000000
tan 0.513361 -0.705313 0.492157 1.000000
tan 0.550375 -0.699423 0.447765 1.000000
tan 0.526939 -0.691735 0.492157 1.000000
tan 0.566061 -0.689813 0.448013 1.000000
tan 0.547461 -0.665137 0.503937 1.000000
tan 0.583793 -0.671771 0.458181 1.000000
tan 0.573315 -0.631719 0.519437 1.000000
tan 0.611383 -0.643437 0.474549 1.000000
tan 0.603137 -0.593713 0.527621 1.000000
tan 0.635377 -0.600905 0.488809 1.000000
tan 0.624217 -0.559799 0.545601 1.000000
tan 0.656147 -0.561659 0.500899 1.000000
tan 0.636989 -0.523219 0.561659 1.000000
tan 0.680513 -0.525513 0.516585 1.000000
tan 0.653233 -0.494017 0.571889 1.000000
tan 0.692417 -0.494513 0.520305 1.000000
tan 0.713001 -0.527125 0.472503 1.000000
tan 0.695889 -0.554033 0.464133 1.000000
tan 0.691673 -0.575609 0.438093 1.000000
tan 0.671151 -0.584909 0.454151 1.000000
tan 0.674003 -0.599541 0.425011 1.000000
tan 0.656085 -0.623225 0.432203 1.000000
tan 0.636307 -0.644801 0.426189 1.000000
tan 0.591977 -0.676607 0.448075 1.000000
tan 0.532395 -0.696695 0.478083 1.000000
tan 0.571145 -0.700973 0.433815 1.000000
tan 0.612809 -0.675305 0.409945 1.000000
tan 0.504867 -0.729989 0.461777 1.000000
tan 0.489553 -0.701779 0.514291 1.000000
tan 0.540331 -0.729989 0.414037 1.000000
tan 0.471263 -0.767871 0.445905 1.000000
tan 0.457809 -0.737801 0.493149 1.000000
tan 0.509517 -0.769049 0.397545 1.000000
tan 0.432389 -0.790749 0.424639 1.000000
tan 0.432079 -0.769173 0.479509 1.000000
tan 0.453655 -0.729183 0.512865 1.000000
tan 0.414657 -0.813503 0.409573 1.000000
tan 0.422841 -0.744745 0.501953 1.000000
tan 0.401451 -0.789881 0.468721 1.000000
tan 0.409449 -0.760369 0.498233 1.000000
tan 0.386137 -0.800235 0.463327 1.000000
tan 0.392709 -0.824601 0.398971 1.000000
tan 0.478703 -0.793353 0.379751 1.000000
tan 0.447889 -0.817657 0.361957 1.000000
tan 0.386571 -0.829871 0.393701 1.000000
tan 0.434559 -0.828445 0.350983 1.000000
tan 0.377457 -0.803955 0.459607 1.000000
tan 0.434559 -0.832909 0.349557 1.000000
tan 0.386571 -0.835699 0.394011 1.000000
tan 0.399095 -0.768925 0.500031 1.000000
tan 0.370823 -0.808357 0.453779 1.000000
tan 0.450989 -0.728749 0.516461 1.000000
tan 0.442309 -0.735073 0.514477 1.000000
tan 0.392275 -0.768925 0.498295 1.000000
tan 0.436171 -0.744497 0.505239 1.000000
tan 0.388865 -0.782875 0.489553 1.000000
tan 0.436357 -0.753921 0.495629 1.000000
tan 0.370513 -0.814681 0.443797 1.000000
tan 0.378511 -0.784549 0.477401 1.000000
tan 0.423089 -0.762167 0.491041 1.000000
tan 0.410317 -0.781015 0.473185 1.000000
tan 0.374977 -0.798561 0.472069 1.000000
tan 0.405791 -0.797073 0.453593 1.000000
tan 0.361027 -0.814247 0.461777 1.000000
tan 0.355137 -0.825035 0.438465 1.000000
tan 0.345961 -0.839481 0.422841 1.000000
tan 0.422717 -0.899250 0.133672 1.000000
tan 0.495257 -0.826338 0.242297 1.000000
tan 0.503565 -0.813751 0.295245 1.000000
tan 0.357369 -0.821315 0.432327 1.000000
tan 0.456817 -0.859694 0.220783 1.000000
tan 0.474487 -0.810217 0.344287 1.000000
tan 0.428421 -0.839791 0.332321 1.000000
tan 0.424701 -0.821749 0.375969 1.000000
tan 0.334801 -0.843884 0.407341 1.000000
tan 0.324881 -0.854858 0.398537 1.000000
tan 0.354827 -0.843697 0.411433 1.000000
tan 0.340753 -0.886850 0.344349 1.000000
tan 0.348751 -0.869738 0.354145 1.000000
tan 0.247877 -0.872590 0.422593 1.000000
tan 0.380681 -0.848472 0.377085 1.000000
tan 0.366359 -0.876743 0.296857 1.000000
tan 0.161634 -0.917416 0.374977 1.000000
tan 0.339017 -0.877426 0.340753 1.000000
tan 0.418501 -0.862732 0.276397 1.000000
tan 0.387315 -0.867940 0.305165 1.000000
tan 0.437721 -0.850641 0.289913 1.000000
tan 0.471945 -0.835266 0.286937 1.000000
tan 0.113398 -0.958274 0.286069 1.000000
tan 0.341993 -0.895530 0.279745 1.000000
tan 0.491289 -0.820571 0.305041 1.000000
tan 0.128650 -0.976936 0.168578 1.000000
tan 0.367537 -0.899746 0.220473 1.000000
tan 0.491289 -0.811209 0.330647 1.000000
tan 0.224192 -0.967574 0.097464 1.000000
tan 0.429971 -0.883130 0.187116 1.000000
tan 0.483229 -0.854486 0.188170 1.000000
tan 0.487941 -0.783185 0.387315 1.000000
tan 0.331825 -0.943518 0.079732 1.000000
tan 0.424639 -0.895964 0.128836 1.000000
tan 0.527559 -0.818526 0.231633 1.000000
tan 0.445781 -0.779961 0.439457 1.000000
tan 0.515531 -0.784611 0.346953 1.000000
tan 0.502077 -0.760989 0.407217 1.000000
tan 0.464629 -0.859570 0.232129 1.000000
tan 0.537789 -0.789261 0.292889 1.000000
tan 0.437659 -0.834769 0.332011 1.000000
tan 0.513051 -0.781511 0.358981 1.000000
tan 0.392089 -0.844875 0.366297 1.000000
tan 0.477401 -0.795833 0.372373 1.000000
tan 0.529109 -0.767251 0.356811 1.000000
tan 0.542811 -0.758757 0.372683 1.000000
tan 0.497737 -0.805009 0.321285 1.000000
tan 0.515407 -0.796577 0.327609 1.000000
tan 0.521545 -0.781015 0.337033 1.000000
tan 0.450245 -0.835389 0.302065 1.000000
tan 0.459545 -0.828507 0.314589 1.000000
tan 0.394817 -0.857152 0.319239 1.000000
tan 0.472503 -0.820137 0.319735 1.000000
tan 0.408271 -0.846363 0.330027 1.000000
tan 0.356811 -0.857895 0.368281 1.000000
tan 0.368777 -0.846798 0.378511 1.000000
tan 0.417075 -0.846363 0.342799 1.000000
tan 0.374915 -0.835699 0.383471 1.000000
tan 0.424205 -0.832909 0.346457 1.000000
tan 0.482113 -0.820137 0.325377 1.000000
tan 0.486081 -0.803769 0.323765 1.000000
tan 0.529419 -0.773637 0.342179 1.000000
tan 0.492219 -0.804885 0.330523 1.000000
tan 0.539339 -0.772583 0.343233 1.000000
tan 0.552793 -0.732469 0.382231 1.000000
tan 0.559861 -0.732469 0.385393 1.000000
tan 0.539339 -0.765205 0.340691 1.000000
tan 0.561163 -0.722239 0.384091 1.000000
tan 0.501395 -0.788579 0.342365 1.000000
tan 0.552793 -0.749705 0.351169 1.000000
tan 0.575299 -0.716721 0.394445 1.000000
tan 0.521049 -0.770661 0.356315 1.000000
tan 0.571393 -0.740591 0.368157 1.000000
tan 0.597681 -0.696137 0.406969 1.000000
tan 0.595635 -0.709281 0.380681 1.000000
tan 0.554219 -0.746667 0.372311 1.000000
tan 0.614607 -0.664517 0.423523 1.000000
tan 0.622171 -0.664021 0.396181 1.000000
tan 0.587141 -0.709405 0.390477 1.000000
tan 0.645793 -0.626635 0.435985 1.000000
tan 0.649513 -0.630541 0.413293 1.000000
tan -0.880278 0.177630 -0.440201 1.000000
tan -0.790874 0.561907 -0.260339 1.000000
tan -0.714241 0.614669 -0.338645 1.000000
tan -0.420175 0.895592 0.134106 1.000000
tan -0.915246 0.137330 -0.383409 1.000000
tan -0.904520 -0.253519 -0.333127 1.000000
tan -0.540889 0.818898 0.197656 1.000000
tan -0.182528 0.694029 0.692355 1.000000
tan -0.846488 0.502759 -0.174096 1.000000
tan -0.909666 -0.292951 -0.301197 1.000000
tan -0.772088 -0.621923 -0.116932 1.000000
tan -0.321285 0.630789 0.703887 1.000000
tan -0.166222 0.183086 0.968876 1.000000
tan -0.641887 0.722797 0.242730 1.000000
tan -0.278877 0.175212 0.942402 1.000000
tan -0.946618 0.104904 -0.307521 1.000000
tan -0.905264 0.420609 -0.087854 1.000000
tan -0.450431 0.566619 0.689503 1.000000
tan -0.735321 0.616281 0.287184 1.000000
tan -0.970302 0.072168 -0.229648 1.000000
tan -0.947486 0.331453 -0.010602 1.000000
tan -0.571579 0.470581 0.668733 1.000000
tan -0.920330 -0.295741 -0.257424 1.000000
tan -0.811582 0.485461 0.308265 1.000000
tan -0.783186 -0.618637 -0.095480 1.000000
tan -0.399219 0.157480 0.906690 1.000000
tan -0.533821 -0.839048 0.138880 1.000000
tan -0.490049 -0.853184 0.148552 1.000000
tan -0.780148 -0.619133 -0.082894 1.000000
tan -0.176204 -0.924422 0.336103 1.000000
tan -0.131006 -0.921322 0.368343 1.000000
tan -0.530969 -0.837994 0.121768 1.000000
tan -0.183148 -0.941720 0.293447 1.000000
tan 0.247008 -0.876248 0.402319 1.000000
tan 0.300019 -0.834893 0.456321 1.000000
tan 0.228284 -0.917974 0.334677 1.000000
tan 0.661727 -0.710087 0.268337 1.000000
tan 0.698803 -0.626201 0.337963 1.000000
tan 0.940728 -0.314465 -0.150536 1.000000
tan 0.607477 -0.776179 0.177568 1.000000
tan 0.874574 -0.437473 -0.211420 1.000000
tan 0.696695 -0.117738 -0.711575 1.000000
tan 0.533635 -0.836258 0.100006 1.000000
tan 0.651125 -0.259347 -0.710707 1.000000
tan 0.177754 -0.163618 -0.973526 1.000000
tan 0.787154 -0.556513 -0.253022 1.000000
tan 0.188604 -0.282845 -0.936698 1.000000
tan 0.590861 -0.396181 -0.694649 1.000000
tan 0.694587 -0.661231 -0.288300 1.000000
tan 0.195114 -0.949780 0.257735 1.000000
tan 0.447951 -0.895034 0.022320 1.000000
tan -0.193688 -0.949222 0.235601 1.000000
tan 0.146630 -0.980842 0.180110 1.000000
tan -0.526257 -0.842582 0.104160 1.000000
tan -0.210738 -0.955360 0.189906 1.000000
tan 0.338645 -0.939674 -0.040548 1.000000
tan -0.783806 -0.623845 -0.063984 1.000000
tan 0.078740 -0.996714 0.108624 1.000000
tan -0.533573 -0.843698 0.089776 1.000000
tan -0.242730 -0.964226 0.137268 1.000000
tan -0.928266 -0.309753 -0.204476 1.000000
tan -0.773824 -0.624279 -0.044020 1.000000
tan -0.985182 0.018724 -0.154876 1.000000
tan -0.932544 -0.330027 -0.151900 1.000000
tan -0.970860 0.223262 0.049972 1.000000
tan -0.996652 -0.043152 -0.084072 1.000000
tan -0.932048 -0.358237 -0.100254 1.000000
tan -0.533511 -0.836444 0.071858 1.000000
tan -0.773266 -0.627255 -0.027218 1.000000
tan -0.990638 -0.125116 -0.020336 1.000000
tan -0.920268 -0.397483 -0.051770 1.000000
tan -0.989956 0.102920 0.103974 1.000000
tan -0.877922 0.349681 0.329035 1.000000
tan -0.987724 -0.023188 0.143716 1.000000
tan -0.673941 0.374667 0.632339 1.000000
tan -0.926902 0.207080 0.326307 1.000000
tan -0.762291 0.256371 0.585591 1.000000
tan -0.509517 0.122016 0.848720 1.000000
tan -0.609709 0.071300 0.790253 1.000000
tan -0.834894 0.132804 0.533201 1.000000
tan -0.534131 -0.292392 0.797011 1.000000
tan -0.703825 0.007564 0.715357 1.000000
tan -0.611817 -0.291400 0.734825 1.000000
tan -0.677041 -0.311550 0.666811 1.000000
tan -0.457189 -0.302312 0.842830 1.000000
tan -0.645917 -0.563891 0.514663 1.000000
tan -0.381301 -0.314340 0.876062 1.000000
tan -0.294625 -0.363135 0.880030 1.000000
tan -0.611569 -0.573997 0.546097 1.000000
tan -0.560605 -0.589125 0.572509 1.000000
tan -0.530101 -0.614731 0.597991 1.000000
tan -0.477649 -0.660673 0.581437 1.000000
tan -0.662223 -0.719573 0.206088 1.000000
tan -0.635811 -0.736871 0.223263 1.000000
tan -0.611631 -0.772087 0.188480 1.000000
tan -0.647653 -0.733771 0.211606 1.000000
tan -0.658193 -0.723293 -0.186124 1.000000
tan -0.671337 -0.718395 -0.186062 1.000000
tan -0.606857 -0.576105 -0.555769 1.000000
tan -0.645297 -0.738483 -0.177568 1.000000
tan -0.551119 -0.614607 -0.566681 1.000000
tan -0.337405 -0.363693 -0.868002 1.000000
tan -0.640833 -0.751813 -0.170996 1.000000
tan -0.524211 -0.650505 -0.550375 1.000000
tan -0.281729 -0.438713 -0.854734 1.000000
tan -0.251720 -0.513361 -0.816790 1.000000
tan -0.500713 -0.692417 -0.520057 1.000000
tan 0.186310 -0.399033 -0.896150 1.000000
tan -0.234670 -0.588877 -0.775559 1.000000
tan -0.626201 -0.754417 -0.155992 1.000000
tan 0.520801 -0.528985 -0.665881 1.000000
tan -0.674313 -0.716845 0.189968 1.000000
tan -0.488065 -0.728750 -0.486019 1.000000
tan -0.624217 -0.771095 -0.138880 1.000000
tan -0.686341 -0.709095 0.178560 1.000000
tan -0.687891 -0.556823 0.467357 1.000000
tan -0.613057 -0.779465 -0.126852 1.000000
tan -0.703019 -0.692913 0.162130 1.000000
tan -0.724161 -0.548701 0.416021 1.000000
tan -0.733027 -0.334677 0.591791 1.000000
tan -0.739662 -0.561659 0.359973 1.000000
tan -0.776428 -0.072106 0.630293 1.000000
tan -0.780768 -0.364561 0.502077 1.000000
tan -0.698059 -0.704259 0.140802 1.000000
tan -0.880836 0.002108 0.472069 1.000000
tan -0.829128 -0.156178 0.546779 1.000000
tan -0.950772 0.056172 0.314465 1.000000
tan -0.905140 -0.136090 0.407155 1.000000
tan -0.851758 -0.263252 0.457623 1.000000
tan -0.806870 -0.421663 0.418315 1.000000
tan -0.861306 -0.353649 0.365057 1.000000
tan -0.953934 -0.099386 0.293385 1.000000
tan -0.760741 -0.574493 0.294873 1.000000
tan -0.811520 -0.475231 0.329779 1.000000
tan -0.698617 -0.700229 0.115940 1.000000
tan -0.770786 -0.602641 0.234236 1.000000
tan -0.805754 -0.536053 0.240685 1.000000
tan -0.612251 -0.780333 -0.102858 1.000000
tan -0.704011 -0.704631 0.092070 1.000000
tan -0.612809 -0.792361 -0.079856 1.000000
tan -0.759501 -0.627751 0.173600 1.000000
tan -0.848224 -0.445471 0.263749 1.000000
tan -0.785790 -0.602021 0.155186 1.000000
tan -0.700973 -0.714489 0.066402 1.000000
tan -0.905326 -0.265112 0.324633 1.000000
tan -0.616343 -0.785727 -0.062062 1.000000
tan -0.939302 -0.244094 0.258541 1.000000
tan -0.877178 -0.390043 0.252775 1.000000
tan -0.820944 -0.549569 0.180358 1.000000
tan -0.969372 -0.154380 0.175894 1.000000
tan -0.904768 -0.380495 0.211544 1.000000
tan -0.942526 -0.290408 0.171864 1.000000
tan -0.834770 -0.516709 0.175956 1.000000
tan -0.896460 -0.417013 0.155496 1.000000
tan -0.763842 -0.633641 0.101928 1.000000
tan -0.845744 -0.507409 0.155806 1.000000
tan -0.782938 -0.617149 0.108500 1.000000
tan -0.747535 -0.656829 0.090210 1.000000
tan -0.780024 -0.615165 0.102300 1.000000
tan -0.748093 -0.661913 0.111724 1.000000
tan -0.718581 -0.692541 0.065410 1.000000
tan -0.693905 -0.719449 0.046376 1.000000
tan -0.627069 -0.779713 -0.042966 1.000000
tan -0.683489 -0.730175 0.030380 1.000000
tan -0.639221 -0.777171 -0.025420 1.000000
tan -0.660549 -0.745179 0.005208 1.000000
tan -0.647405 -0.760245 -0.009424 1.000000
tan -0.604253 -0.788641 -0.042346 1.000000
tan -0.572943 -0.815240 -0.084320 1.000000
tan -0.573749 -0.816541 -0.069068 1.000000
tan -0.540083 -0.826710 -0.142290 1.000000
tan -0.508959 -0.848968 -0.135408 1.000000
tan -0.514663 -0.839544 -0.202058 1.000000
tan -0.444603 -0.865212 -0.213280 1.000000
tan -0.495319 -0.834522 -0.265918 1.000000
tan -0.386261 -0.871226 -0.299585 1.000000
tan -0.358671 -0.899312 -0.251410 1.000000
tan -0.474301 -0.815239 -0.321781 1.000000
tan -0.331081 -0.853122 -0.388121 1.000000
tan -0.260277 -0.901296 -0.337157 1.000000
tan -0.451051 -0.874202 -0.157728 1.000000
tan -0.170190 -0.931304 -0.309690 1.000000
tan -0.541013 -0.841032 -0.085064 1.000000
tan -0.296733 -0.920702 -0.231012 1.000000
tan -0.422345 -0.896026 -0.161696 1.000000
tan -0.524831 -0.843202 -0.088970 1.000000
tan -0.276025 -0.936512 -0.197160 1.000000
tan -0.411371 -0.901358 -0.140988 1.000000
tan -0.519623 -0.849092 -0.083204 1.000000
tan -0.135098 -0.962242 -0.236902 1.000000
tan -0.307149 -0.940604 -0.137516 1.000000
tan -0.432265 -0.894910 -0.109368 1.000000
tan -0.536921 -0.837002 -0.069440 1.000000
tan -0.563271 -0.832662 -0.048980 1.000000
tan -0.476781 -0.872094 -0.070618 1.000000
tan -0.596875 -0.797942 -0.030318 1.000000
tan -0.383223 -0.921260 -0.085436 1.000000
tan -0.542997 -0.835142 -0.042408 1.000000
tan -0.174592 -0.974394 -0.156798 1.000000
tan -0.644057 -0.766011 -0.003906 1.000000
tan -0.492157 -0.876496 -0.035836 1.000000
tan -0.622729 -0.780333 -0.007688 1.000000
tan -0.285325 -0.960630 -0.075640 1.000000
tan -0.686713 -0.728501 0.020088 1.000000
tan -0.606485 -0.795647 0.003286 1.000000
tan -0.698927 -0.711885 0.021018 1.000000
tan -0.434311 -0.903838 -0.019964 1.000000
tan -0.040424 -0.988220 -0.147622 1.000000
tan -0.185256 -0.978362 -0.042408 1.000000
tan 0.013020 -0.960010 -0.280364 1.000000
tan -0.086242 -0.998512 -0.010726 1.000000
tan -0.036084 -0.920330 -0.393825 1.000000
tan 0.158100 -0.944324 -0.310992 1.000000
tan -0.161076 -0.889826 -0.426871 1.000000
tan 0.087296 -0.885114 -0.462149 1.000000
tan -0.075144 -0.848720 -0.522909 1.000000
tan -0.287061 -0.831546 -0.476037 1.000000
tan 0.002356 -0.788952 -0.615661 1.000000
tan -0.252526 -0.783248 -0.564449 1.000000
tan -0.463699 -0.796640 -0.375907 1.000000
tan 0.214706 -0.824912 -0.525575 1.000000
tan 0.069006 -0.710087 -0.695827 1.000000
tan -0.239630 -0.727571 -0.646909 1.000000
tan -0.471077 -0.767065 -0.436667 1.000000
tan -0.234360 -0.659743 -0.707917 1.000000
tan 0.127534 -0.621241 -0.778597 1.000000
tan 0.159402 -0.515903 -0.843202 1.000000
tan 0.333561 -0.737925 -0.581437 1.000000
tan 0.429723 -0.640089 -0.631099 1.000000
tan 0.573501 -0.759315 -0.309691 1.000000
tan 0.445409 -0.831546 -0.320975 1.000000
tan 0.224130 -0.966148 -0.092628 1.000000
tan 0.302499 -0.894042 -0.324074 1.000000
tan 0.002170 -0.997024 0.042284 1.000000
tan 0.089900 -0.984810 -0.123628 1.000000
tan -0.275653 -0.954740 0.087048 1.000000
tan -0.317441 -0.942836 0.043834 1.000000
tan -0.548081 -0.841094 0.051646 1.000000
tan -0.373737 -0.925972 0.014260 1.000000
tan -0.557629 -0.829624 0.034410 1.000000
tan -0.765020 -0.638663 -0.006696 1.000000
tan -0.569657 -0.824726 0.017980 1.000000
tan -0.757579 -0.651931 0.001860 1.000000
tan -0.899746 -0.433009 -0.009672 1.000000
tan -0.589001 -0.808729 0.014508 1.000000
tan -0.743258 -0.671585 0.014012 1.000000
tan -0.877054 -0.490545 0.017980 1.000000
tan -0.734515 -0.681319 0.028644 1.000000
tan -0.978548 -0.211482 0.027714 1.000000
tan -0.951330 -0.301197 0.068448 1.000000
tan -0.836940 -0.531217 0.054808 1.000000
tan -0.913758 -0.399157 0.099696 1.000000
tan -0.716411 -0.701283 0.028086 1.000000
tan -0.803584 -0.594891 0.058590 1.000000
tan -0.860438 -0.491599 0.099324 1.000000
tan -0.759750 -0.639903 0.056420 1.000000
tan -0.814372 -0.578089 0.089466 1.000000
tan -0.724161 -0.689441 0.049476 1.000000
tan -0.831794 -0.529481 0.128960 1.000000
tan -0.755162 -0.656209 0.067704 1.000000
tan -0.768058 -0.624341 0.085994 1.000000
tan 0.036022 -0.051956 -0.991816 1.000000
tan -0.131192 0.034968 -0.993366 1.000000
tan 0.134726 -0.027590 -0.989150 1.000000
tan 0.320727 -0.193812 -0.929258 1.000000
tan -0.192448 0.029574 -0.984810 1.000000
tan -0.418749 0.054870 -0.908798 1.000000
tan 0.191890 -0.203608 -0.964226 1.000000
tan 0.365553 -0.400893 -0.837808 1.000000
tan -0.446649 0.063736 -0.898258 1.000000
tan -0.680265 0.062806 -0.732159 1.000000
tan 0.229648 -0.371877 -0.894042 1.000000
tan 0.252340 -0.574617 -0.779527 1.000000
tan -0.065472 -0.077252 -1.000744 1.000000
tan 0.055056 -0.203856 -0.976626 1.000000
tan 0.139500 -0.503441 -0.853742 1.000000
tan 0.046252 -0.637423 -0.770847 1.000000
tan 0.091698 -0.322339 -0.939736 1.000000
tan -0.018972 -0.536797 -0.838489 1.000000
tan 0.028520 -0.417571 -0.905512 1.000000
tan -0.044330 -0.267345 -0.965032 1.000000
tan -0.224316 -0.474053 -0.853990 1.000000
tan -0.207948 -0.561597 -0.795461 1.000000
tan -0.094860 -0.443053 -0.891562 1.000000
tan -0.390291 -0.304111 -0.875318 1.000000
tan -0.406845 -0.359725 -0.835265 1.000000
tan -0.250295 -0.381487 -0.894228 1.000000
tan -0.406349 -0.234857 -0.881084 1.000000
tan -0.519685 -0.063674 -0.858268 1.000000
tan -0.518383 -0.083576 -0.849960 1.000000
tan -0.567797 0.208072 -0.799119 1.000000
tan -0.090272 -0.327361 -0.938558 1.000000
tan -0.182280 -0.340133 -0.918594 1.000000
tan -0.208816 -0.237089 -0.944882 1.000000
tan -0.301507 -0.287433 -0.905946 1.000000
tan -0.269825 -0.243413 -0.931924 1.000000
tan -0.423523 -0.176948 -0.896708 1.000000
tan -0.353339 -0.197222 -0.911960 1.000000
tan -0.357245 -0.141236 -0.922190 1.000000
tan -0.509641 -0.043400 -0.851634 1.000000
tan -0.442433 -0.116560 -0.885424 1.000000
tan -0.515035 -0.017856 -0.852812 1.000000
tan -0.412797 -0.104904 -0.901606 1.000000
tan -0.316201 -0.145824 -0.933970 1.000000
tan -0.442557 -0.057164 -0.898506 1.000000
tan -0.474921 -0.053320 -0.881642 1.000000
tan -0.468473 -0.032736 -0.887532 1.000000
tan -0.517701 -0.001178 -0.852254 1.000000
tan -0.508153 -0.005952 -0.865274 1.000000
tan -0.526753 0.019840 -0.841714 1.000000
tan -0.590613 0.122822 -0.794035 1.000000
tan -0.543369 0.039680 -0.834522 1.000000
tan -0.595387 0.140864 -0.794779 1.000000
tan -0.582305 0.097526 -0.804017 1.000000
tan -0.581127 0.077252 -0.813193 1.000000
tan -0.559303 0.055428 -0.828259 1.000000
tan -0.614545 0.117180 -0.783805 1.000000
tan -0.634447 0.172236 -0.754045 1.000000
tan -0.640213 0.148676 -0.749705 1.000000
tan -0.652427 0.230764 -0.725649 1.000000
tan -0.681815 0.220472 -0.700911 1.000000
tan -0.668299 0.173972 -0.730609 1.000000
tan -0.704569 0.310124 -0.637733 1.000000
tan -0.715729 0.255936 -0.653357 1.000000
tan -0.651497 0.289540 -0.693905 1.000000
tan -0.589497 0.165540 -0.789137 1.000000
tan -0.597991 0.192076 -0.781883 1.000000
tan -0.593961 0.471201 -0.649761 1.000000
tan -0.649451 0.358175 -0.678591 1.000000
tan -0.633455 0.416517 -0.654783 1.000000
tan -0.630355 0.650629 -0.417199 1.000000
tan -0.671709 0.573377 -0.471573 1.000000
tan -0.705561 0.397173 -0.581561 1.000000
tan -0.697129 0.486391 -0.525265 1.000000
tan -0.717589 0.629301 -0.276583 1.000000
tan -0.687457 0.710273 -0.181102 1.000000
tan -0.758757 0.535061 -0.367103 1.000000
tan -0.803832 0.576291 -0.124744 1.000000
tan -0.771839 0.630541 0.010106 1.000000
tan -0.881394 0.452973 0.076384 1.000000
tan -0.763036 0.440511 -0.465187 1.000000
tan -0.900738 0.435365 -0.076384 1.000000
tan -0.960134 0.272552 -0.020894 1.000000
tan -0.824168 0.504433 -0.258913 1.000000
tan -0.937752 0.294563 -0.157542 1.000000
tan -0.886974 0.404365 -0.226920 1.000000
tan -0.817472 0.425197 -0.392151 1.000000
tan -0.744745 0.345527 -0.562465 1.000000
tan -0.788022 0.340691 -0.514291 1.000000
tan -0.855292 0.361461 -0.364561 1.000000
tan -0.744125 0.259656 -0.625333 1.000000
tan -0.813566 0.301259 -0.498853 1.000000
tan -0.917850 0.296237 -0.289789 1.000000
tan -0.866886 0.282348 -0.413045 1.000000
tan -0.677351 0.175150 -0.714551 1.000000
tan -0.744622 0.236840 -0.615661 1.000000
tan -0.806994 0.251844 -0.528985 1.000000
tan -0.681381 0.170562 -0.714799 1.000000
tan -0.746171 0.208320 -0.640275 1.000000
tan -0.773885 0.192076 -0.599169 1.000000
tan -0.669477 0.157232 -0.723045 1.000000
tan -0.711947 0.164362 -0.674065 1.000000
tan -0.650939 0.128960 -0.742823 1.000000
tan -0.620869 0.102300 -0.775249 1.000000
tan -0.667741 0.125550 -0.731725 1.000000
tan -0.836382 0.197160 -0.514601 1.000000
tan -0.711203 0.138198 -0.688635 1.000000
tan -0.894724 0.190340 -0.421291 1.000000
tan -0.756092 0.135966 -0.643375 1.000000
tan -0.614359 0.085808 -0.780581 1.000000
tan -0.593899 0.079422 -0.798313 1.000000
tan -0.583607 0.074400 -0.810714 1.000000
tan -0.514539 0.039122 -0.850704 1.000000
tan -0.499225 0.030132 -0.864902 1.000000
tan -0.538471 0.037696 -0.838924 1.000000
tan -0.442619 -0.008928 -0.895034 1.000000
tan -0.380619 -0.014322 -0.923988 1.000000
tan -0.491537 0.013578 -0.866824 1.000000
tan -0.376093 -0.054312 -0.922934 1.000000
tan -0.455081 -0.018600 -0.887842 1.000000
tan -0.433071 -0.039370 -0.905512 1.000000
tan -0.274537 -0.081344 -0.955794 1.000000
tan -0.326679 -0.094798 -0.943890 1.000000
tan -0.420981 -0.052886 -0.904396 1.000000
tan -0.424205 -0.064666 -0.905450 1.000000
tan -0.305537 -0.128340 -0.939302 1.000000
tan -0.180420 -0.198338 -0.966210 1.000000
tan -0.206336 -0.140616 -0.974022 1.000000
tan -0.075888 -0.175026 -0.985802 1.000000
tan -0.172670 -0.094240 -0.981028 1.000000
tan -0.316697 -0.014880 -0.947486 1.000000
tan -0.254697 0.010416 -0.967450 1.000000
tan -0.480315 0.041974 -0.874016 1.000000
tan -0.634013 0.090892 -0.764833 1.000000
tan -0.460351 0.054684 -0.885362 1.000000
tan -0.647343 0.075392 -0.757021 1.000000
tan -0.795834 0.111352 -0.587017 1.000000
tan -0.664641 0.075764 -0.736561 1.000000
tan -0.835638 0.082832 -0.542997 1.000000
tan -0.869986 0.077934 -0.486329 1.000000
tan -0.931738 0.152334 -0.332321 1.000000
tan -0.964784 0.116064 -0.236406 1.000000
tan 0.740654 -0.338149 -0.585715 1.000000
tan 0.816666 0.037076 -0.570401 1.000000
tan 0.687953 -0.337715 -0.629425 1.000000
tan 0.465125 -0.779837 -0.414037 1.000000
tan 0.834522 0.085746 -0.550809 1.000000
tan 0.800236 0.453655 -0.385331 1.000000
tan 0.550003 -0.767251 -0.328539 1.000000
tan 0.181846 -0.962738 0.207453 1.000000
tan 0.792734 -0.323083 -0.521979 1.000000
tan 0.816914 0.440821 -0.366049 1.000000
tan 0.319549 -0.913386 0.242545 1.000000
tan 0.076446 -0.584165 0.801600 1.000000
tan 0.641949 -0.721991 -0.258478 1.000000
tan 0.857896 0.085870 -0.512989 1.000000
tan 0.836444 -0.301755 -0.459793 1.000000
tan 0.454709 -0.844566 0.261455 1.000000
tan 0.720999 -0.656271 -0.194184 1.000000
tan 0.880526 0.096782 -0.465125 1.000000
tan 0.228098 -0.575299 0.782689 1.000000
tan 0.809970 0.460165 -0.359105 1.000000
tan 0.322463 0.029946 0.945254 1.000000
tan 0.219790 0.086552 0.974146 1.000000
tan 0.884308 -0.253023 -0.392585 1.000000
tan 0.510757 0.459235 0.728873 1.000000
tan 0.447393 0.531279 0.714303 1.000000
tan 0.435241 0.005332 0.903590 1.000000
tan 0.671151 0.648831 0.362701 1.000000
tan 0.635439 0.705375 0.324509 1.000000
tan 0.578461 0.426499 0.701407 1.000000
tan 0.695331 0.622233 0.341373 1.000000
tan 0.743010 0.665075 -0.057598 1.000000
tan 0.740839 0.672019 -0.053754 1.000000
tan 0.746916 0.532271 -0.410007 1.000000
tan 0.751938 0.653915 -0.064294 1.000000
tan 0.702771 0.549011 -0.447331 1.000000
tan 0.596441 0.318061 -0.746047 1.000000
tan 0.761548 0.642693 -0.061628 1.000000
tan 0.532953 0.350921 -0.771529 1.000000
tan 0.203422 0.060264 -0.977122 1.000000
tan 0.700911 0.561597 -0.443487 1.000000
tan 0.179242 0.132928 -0.978300 1.000000
tan 0.510633 0.391965 -0.763655 1.000000
tan 0.689751 0.571455 -0.439705 1.000000
tan 0.738979 0.596503 0.326555 1.000000
tan 0.770166 0.637485 -0.074896 1.000000
tan 0.638167 0.389361 0.661417 1.000000
tan 0.766693 0.565131 0.297601 1.000000
tan 0.686217 0.590489 -0.433133 1.000000
tan 0.772832 0.619133 -0.084134 1.000000
tan 0.705561 0.357121 0.605121 1.000000
tan 0.501271 0.435179 -0.745862 1.000000
tan 0.542873 -0.008618 0.847170 1.000000
tan 0.364871 -0.546283 0.751565 1.000000
tan 0.576911 -0.766259 0.275095 1.000000
tan 0.503441 -0.504309 0.700911 1.000000
tan 0.801042 -0.580569 -0.141112 1.000000
tan 0.692727 -0.662161 0.271685 1.000000
tan 0.644615 -0.017236 0.769607 1.000000
tan 0.622729 -0.434497 0.638973 1.000000
tan 0.868002 -0.481245 -0.087916 1.000000
tan 0.787154 -0.555025 0.259099 1.000000
tan 0.920082 -0.202244 -0.332135 1.000000
tan 0.894662 0.110856 -0.422407 1.000000
tan 0.949036 -0.134478 -0.275405 1.000000
tan 0.813938 0.460909 -0.349495 1.000000
tan 0.917912 0.136090 -0.374605 1.000000
tan 0.821378 0.462769 -0.328105 1.000000
tan 0.649017 0.748465 -0.132370 1.000000
tan 0.640833 0.747101 -0.150970 1.000000
tan 0.827702 0.471635 -0.313535 1.000000
tan 0.652117 0.748217 -0.125302 1.000000
tan 0.658751 0.740281 -0.110670 1.000000
tan 0.431893 0.890694 0.174468 1.000000
tan 0.332817 0.933846 0.134912 1.000000
tan -0.041540 0.918470 0.392833 1.000000
tan 0.373675 0.919276 0.097216 1.000000
tan 0.372249 0.934342 0.050096 1.000000
tan -0.028582 0.966768 0.254572 1.000000
tan -0.060450 0.945812 0.318805 1.000000
tan -0.522289 0.788642 0.316572 1.000000
tan -0.549569 0.727385 0.399653 1.000000
tan -0.491289 0.843264 0.213528 1.000000
tan -0.022692 0.983942 0.171306 1.000000
tan -0.891562 0.446649 -0.030256 1.000000
tan -0.940604 0.340195 0.055738 1.000000
tan -0.830926 -0.047864 -0.564759 1.000000
tan -0.832414 0.549383 -0.122698 1.000000
tan -0.788828 0.085746 -0.612313 1.000000
tan -0.318061 -0.115816 -0.946494 1.000000
tan -0.744002 0.636741 -0.212040 1.000000
tan -0.294377 -0.003348 -0.953748 1.000000
tan -0.726951 0.219356 -0.639159 1.000000
tan -0.285325 0.113646 -0.950524 1.000000
tan -0.658689 0.354393 -0.666191 1.000000
tan 0.161820 0.213838 -0.963482 1.000000
tan -0.259161 0.231012 -0.934342 1.000000
tan 0.156612 0.294996 -0.942836 1.000000
tan 0.487941 0.480873 -0.729617 1.000000
tan -0.224440 0.352409 -0.909170 1.000000
tan 0.675181 0.600967 -0.423523 1.000000
tan 0.161758 0.384463 -0.908922 1.000000
tan 0.477339 0.534627 -0.696385 1.000000
tan 0.790874 0.610949 -0.093310 1.000000
tan 0.678777 0.614545 -0.405357 1.000000
tan 0.169694 0.466055 -0.871226 1.000000
tan 0.801538 0.538781 0.257672 1.000000
tan 0.766818 0.331391 0.547213 1.000000
tan 0.831236 0.512183 0.216256 1.000000
tan 0.735507 0.000062 0.675677 1.000000
tan 0.829748 0.318743 0.466055 1.000000
tan 0.735259 -0.362887 0.574059 1.000000
tan 0.817410 0.023560 0.575113 1.000000
tan 0.853990 0.486143 0.162812 1.000000
tan 0.876372 0.309381 0.377023 1.000000
tan 0.795524 0.598487 -0.115444 1.000000
tan 0.898072 0.327237 0.282844 1.000000
tan 0.666811 0.632215 -0.382603 1.000000
tan 0.866762 0.494761 0.101928 1.000000
tan 0.482175 0.576601 -0.666501 1.000000
tan 0.677785 0.636679 -0.369521 1.000000
tan 0.489181 0.615475 -0.619753 1.000000
tan 0.204228 0.546035 -0.818464 1.000000
tan 0.798252 0.589125 -0.134106 1.000000
tan 0.504557 0.652055 -0.564201 1.000000
tan 0.870172 0.485461 0.032550 1.000000
tan 0.239569 0.613181 -0.755781 1.000000
tan 0.690805 0.636741 -0.352533 1.000000
tan 0.533945 0.673817 -0.513609 1.000000
tan 0.294377 0.663339 -0.683613 1.000000
tan 0.798438 0.587265 -0.155124 1.000000
tan 0.569905 0.680699 -0.460723 1.000000
tan 0.695827 0.644429 -0.331701 1.000000
tan 0.870792 0.492591 -0.034410 1.000000
tan 0.793354 0.578957 -0.181412 1.000000
tan 0.605803 0.682187 -0.403993 1.000000
tan 0.701035 0.641205 -0.308699 1.000000
tan 0.855354 0.514539 -0.100998 1.000000
tan 0.785542 0.578027 -0.204290 1.000000
tan 0.648769 0.669167 -0.357245 1.000000
tan 0.714737 0.630851 -0.291897 1.000000
tan 0.505549 0.726083 -0.470891 1.000000
tan 0.433257 0.721619 -0.542005 1.000000
tan 0.353401 0.704321 -0.608965 1.000000
tan 0.310125 0.762725 -0.564325 1.000000
tan 0.195362 0.742947 -0.644553 1.000000
tan 0.092380 0.700973 -0.707669 1.000000
tan 0.079980 0.804761 -0.581561 1.000000
tan -0.009424 0.637051 -0.770786 1.000000
tan -0.062868 0.785045 -0.622233 1.000000
tan -0.099448 0.552669 -0.829686 1.000000
tan -0.200818 0.729741 -0.652985 1.000000
tan -0.169012 0.458491 -0.868436 1.000000
tan -0.337405 0.657821 -0.668795 1.000000
tan -0.454771 0.573253 -0.678529 1.000000
tan -0.567053 0.465001 -0.674313 1.000000
tan -0.384339 0.829747 -0.405481 1.000000
tan -0.640833 0.711265 -0.288859 1.000000
tan -0.518569 0.775869 -0.350859 1.000000
tan -0.454027 0.887408 0.109182 1.000000
tan -0.393701 0.921322 0.003100 1.000000
tan 0.002852 0.992250 0.083328 1.000000
tan -0.314527 0.945812 -0.097650 1.000000
tan 0.365553 0.927398 -0.002976 1.000000
tan 0.027900 0.994048 -0.004774 1.000000
tan -0.216690 0.962118 -0.186744 1.000000
tan 0.644181 0.747101 -0.167648 1.000000
tan 0.376155 0.927956 -0.054498 1.000000
tan 0.080910 0.993800 -0.088722 1.000000
tan -0.246698 0.863724 -0.438961 1.000000
tan -0.105772 0.954740 -0.263005 1.000000
tan -0.091016 0.874450 -0.462273 1.000000
tan 0.140120 0.977742 -0.169136 1.000000
tan 0.057536 0.884370 -0.471201 1.000000
tan 0.014508 0.948044 -0.319611 1.000000
tan 0.224440 0.815921 -0.530535 1.000000
tan 0.385951 0.910224 -0.109554 1.000000
tan 0.419679 0.761671 -0.489739 1.000000
tan 0.639159 0.744621 -0.184388 1.000000
tan 0.579949 0.711079 -0.401017 1.000000
tan 0.827888 0.479323 -0.292021 1.000000
tan 0.683613 0.651373 -0.310745 1.000000
tan 0.647529 0.739289 -0.206956 1.000000
tan 0.926220 0.172608 -0.336289 1.000000
tan 0.415401 0.899250 -0.166532 1.000000
tan 0.824292 0.493707 -0.275095 1.000000
tan 0.210304 0.942092 -0.230703 1.000000
tan 0.643685 0.727695 -0.222766 1.000000
tan 0.447331 0.870730 -0.216319 1.000000
tan 0.143592 0.922066 -0.360345 1.000000
tan 0.299213 0.912084 -0.279497 1.000000
tan 0.655651 0.717031 -0.244591 1.000000
tan 0.487445 0.840907 -0.251163 1.000000
tan 0.388741 0.864282 -0.321905 1.000000
tan 0.270073 0.882944 -0.387625 1.000000
tan 0.207638 0.863290 -0.467233 1.000000
tan 0.478269 0.811519 -0.346705 1.000000
tan 0.360097 0.795895 -0.474673 1.000000
tan 0.396057 0.838117 -0.385951 1.000000
tan 0.352967 0.825903 -0.437721 1.000000
tan 0.525761 0.740033 -0.418315 1.000000
tan 0.495133 0.765267 -0.416951 1.000000
tan 0.648459 0.679645 -0.342489 1.000000
tan 0.622233 0.698369 -0.355013 1.000000
tan 0.743505 0.613553 -0.267345 1.000000
tan 0.602021 0.712567 -0.358051 1.000000
tan 0.491041 0.777233 -0.397793 1.000000
tan 0.599665 0.716101 -0.354331 1.000000
tan 0.512431 0.771591 -0.371071 1.000000
tan 0.617521 0.716101 -0.337901 1.000000
tan 0.563519 0.755471 -0.342117 1.000000
tan 0.642321 0.692293 -0.320789 1.000000
tan 0.683365 0.667803 -0.301693 1.000000
tan 0.632773 0.711327 -0.310869 1.000000
tan 0.583607 0.753797 -0.300639 1.000000
tan 0.726641 0.635253 -0.278505 1.000000
tan 0.535309 0.798933 -0.282473 1.000000
tan 0.706801 0.647839 -0.280737 1.000000
tan 0.659557 0.704197 -0.258169 1.000000
tan 0.678591 0.683117 -0.263997 1.000000
tan 0.691549 0.670345 -0.273235 1.000000
tan 0.809412 0.529171 -0.268151 1.000000
tan 0.802902 0.540393 -0.244033 1.000000
tan 0.788270 0.562837 -0.244405 1.000000
tan 0.824726 0.508773 -0.269081 1.000000
tan 0.918594 0.326059 -0.235848 1.000000
tan 0.929940 0.273606 -0.266601 1.000000
tan 0.927646 0.218116 -0.289789 1.000000
tan 0.986856 0.040982 -0.179614 1.000000
tan 0.970240 -0.051398 -0.223572 1.000000
tan 0.900242 0.390601 -0.212040 1.000000
tan 0.929134 -0.370079 -0.059954 1.000000
tan 0.974084 -0.248434 -0.036084 1.000000
tan 0.870048 -0.427553 0.234918 1.000000
tan 0.832042 -0.273110 0.492095 1.000000
tan 0.931924 -0.291215 0.204600 1.000000
tan 0.874760 0.069564 0.469155 1.000000
tan 0.895840 -0.169446 0.396305 1.000000
tan 0.925228 0.114576 0.352037 1.000000
tan 0.992312 -0.115940 -0.030008 1.000000
tan 0.978858 -0.154256 0.160642 1.000000
tan 0.953872 -0.066340 0.307583 1.000000
tan 0.993614 -0.015996 0.094736 1.000000
tan 1.005456 0.023560 -0.037944 1.000000
tan 0.978610 0.054746 0.208196 1.000000
tan 0.949222 0.189038 0.241490 1.000000
tan 0.981338 0.165168 0.111104 1.000000
tan 0.919214 0.350301 0.179800 1.000000
tan 0.952074 0.262881 0.129456 1.000000
tan 0.922190 0.381673 0.076012 1.000000
tan 0.932234 0.344163 0.020832 1.000000
tan 0.902722 0.423461 -0.019530 1.000000
tan 0.960692 0.278877 0.014446 1.000000
tan 0.900304 0.427863 -0.080972 1.000000
tan 0.877860 0.475727 -0.110360 1.000000
tan 0.989646 0.123628 0.033976 1.000000
tan 0.924236 0.390105 -0.084258 1.000000
tan 0.963296 0.251844 -0.031992 1.000000
tan 0.987414 0.152954 -0.064356 1.000000
tan 0.855602 0.497489 -0.167772 1.000000
tan 0.921260 0.382045 -0.101556 1.000000
tan 0.858330 0.486577 -0.162440 1.000000
tan 0.833282 0.525761 -0.184140 1.000000
tan 0.955050 0.276273 -0.091512 1.000000
tan 0.863228 0.480439 -0.169260 1.000000
tan 0.912270 0.396863 -0.138756 1.000000
tan 0.848348 0.492405 -0.182094 1.000000
tan 0.923430 0.350487 -0.150660 1.000000
tan 0.874946 0.438961 -0.171120 1.000000
tan 0.830926 0.516461 -0.202678 1.000000
tan 0.806250 0.557505 -0.226921 1.000000
tan 0.837684 0.501829 -0.213342 1.000000
tan 0.766569 0.594705 -0.248249 1.000000
tan 0.865646 0.450307 -0.204414 1.000000
tan 0.954802 0.246884 -0.143902 1.000000
tan 0.779094 0.578709 -0.239693 1.000000
tan 0.971232 0.141670 -0.148924 1.000000
tan 0.726889 0.624961 -0.281605 1.000000
tan 0.765454 0.594953 -0.240933 1.000000
tan 0.782132 0.591481 -0.227851 1.000000
tan 0.798810 0.560543 -0.207328 1.000000
tan 0.831918 0.531589 -0.162688 1.000000
tan 0.637113 -0.665633 -0.377705 1.000000
tan 0.721557 -0.639593 -0.277636 1.000000
tan 0.666377 -0.730423 -0.131440 1.000000
tan 0.655465 -0.592411 -0.460909 1.000000
tan 0.609585 -0.752681 -0.265360 1.000000
tan 0.550251 -0.828136 -0.092442 1.000000
tan 0.574865 -0.621985 -0.526567 1.000000
tan 0.527249 -0.821254 -0.241180 1.000000
tan 0.448695 -0.584537 -0.676545 1.000000
tan 0.507657 -0.555273 -0.668113 1.000000
tan 0.495071 -0.644987 -0.583049 1.000000
tan 0.256743 -0.554901 -0.788083 1.000000
tan 0.275033 -0.537913 -0.804017 1.000000
tan 0.385765 -0.597247 -0.701965 1.000000
tan 0.038936 -0.500031 -0.868126 1.000000
tan 0.016616 -0.502945 -0.859694 1.000000
tan -0.229338 -0.418501 -0.882758 1.000000
tan 0.234670 -0.553041 -0.800793 1.000000
tan -0.163680 -0.394817 -0.901730 1.000000
tan -0.419617 -0.260711 -0.864344 1.000000
tan 0.064480 -0.494761 -0.869800 1.000000
tan -0.323207 -0.278195 -0.902660 1.000000
tan -0.513795 -0.070246 -0.856842 1.000000
tan -0.100068 -0.414781 -0.907930 1.000000
tan -0.230640 -0.310125 -0.923616 1.000000
tan -0.403249 -0.130882 -0.905636 1.000000
tan -0.491413 0.113088 -0.864716 1.000000
tan -0.126232 -0.346333 -0.932606 1.000000
tan -0.393949 0.007316 -0.915618 1.000000
tan -0.287309 -0.193812 -0.935210 1.000000
tan -0.312853 0.079112 -0.952694 1.000000
tan -0.372063 0.210614 -0.902412 1.000000
tan -0.291339 -0.095976 -0.954430 1.000000
tan -0.178064 -0.270321 -0.943394 1.000000
tan -0.231074 -0.047802 -0.967822 1.000000
tan -0.186930 -0.204042 -0.965528 1.000000
tan -0.176948 0.057350 -0.984500 1.000000
tan -0.202058 0.193254 -0.961312 1.000000
tan -0.057288 0.053382 -1.001240 1.000000
tan -0.152148 -0.178684 -0.973526 1.000000
tan -0.141980 -0.070370 -0.992312 1.000000
tan -0.056110 -0.048174 -0.991134 1.000000
tan -0.077438 -0.304793 -0.949036 1.000000
tan -0.085684 -0.189534 -0.976378 1.000000
tan -0.071424 -0.342427 -0.938558 1.000000
tan -0.057908 -0.295493 -0.951702 1.000000
tan 0.018972 -0.396801 -0.921074 1.000000
tan -0.031372 -0.391531 -0.917540 1.000000
tan 0.028520 -0.412549 -0.916610 1.000000
tan 0.022940 -0.393081 -0.921632 1.000000
tan -0.031434 -0.425755 -0.907372 1.000000
tan -0.026846 -0.306405 -0.948416 1.000000
tan 0.085870 -0.488871 -0.863042 1.000000
tan -0.025110 -0.256805 -0.967946 1.000000
tan 0.213838 -0.547585 -0.802839 1.000000
tan 0.028334 -0.446587 -0.891996 1.000000
tan 0.321099 -0.594271 -0.729679 1.000000
tan 0.054560 -0.442991 -0.896212 1.000000
tan 0.411185 -0.643933 -0.648645 1.000000
tan 0.084630 -0.478021 -0.878542 1.000000
tan 0.543059 -0.688573 -0.480377 1.000000
tan 0.534627 -0.743877 -0.402629 1.000000
tan 0.449563 -0.686031 -0.571951 1.000000
tan 0.362453 -0.656147 -0.660053 1.000000
tan 0.451423 -0.718333 -0.523591 1.000000
tan 0.481989 -0.792857 -0.378945 1.000000
tan 0.325315 -0.625147 -0.716473 1.000000
tan 0.364437 -0.677413 -0.631905 1.000000
tan 0.263935 -0.587575 -0.764461 1.000000
tan 0.273297 -0.612561 -0.744497 1.000000
tan 0.255193 -0.594829 -0.766321 1.000000
tan 0.192386 -0.545229 -0.813813 1.000000
tan 0.215822 -0.565441 -0.791989 1.000000
tan 0.108996 -0.502449 -0.859694 1.000000
tan 0.175088 -0.538657 -0.823857 1.000000
tan 0.125240 -0.502201 -0.853122 1.000000
tan 0.151962 -0.523963 -0.842395 1.000000
tan 0.281605 -0.624961 -0.726889 1.000000
tan 0.039680 -0.405481 -0.916362 1.000000
tan 0.018848 -0.348441 -0.934218 1.000000
tan 0.069316 -0.432761 -0.901978 1.000000
tan 0.097650 -0.460909 -0.880526 1.000000
tan 0.070990 -0.409635 -0.909108 1.000000
tan 0.129332 -0.503875 -0.857152 1.000000
tan 0.054188 -0.353649 -0.932606 1.000000
tan 0.123876 -0.489739 -0.863972 1.000000
tan 0.167772 -0.546097 -0.819517 1.000000
tan -0.045694 -0.159340 -0.984810 1.000000
tan 0.040734 -0.288053 -0.957344 1.000000
tan 0.115320 -0.465125 -0.872590 1.000000
tan 0.047430 -0.227107 -0.977618 1.000000
tan 0.070370 -0.165788 -0.986918 1.000000
tan 0.116684 -0.447145 -0.887594 1.000000
tan 0.131688 -0.429661 -0.897948 1.000000
tan 0.127658 -0.406349 -0.904396 1.000000
tan 0.150784 -0.632649 -0.764337 1.000000
tan 0.179180 -0.616715 -0.765391 1.000000
tan 0.196354 -0.799430 -0.555707 1.000000
tan 0.182156 -0.598053 -0.785417 1.000000
tan 0.227292 -0.761299 -0.600595 1.000000
tan 0.278381 -0.896212 -0.346085 1.000000
tan 0.173104 -0.580755 -0.792299 1.000000
tan 0.309939 -0.847728 -0.435117 1.000000
tan 0.402381 -0.899622 -0.169508 1.000000
tan 0.243598 -0.716411 -0.651559 1.000000
tan 0.234360 -0.669601 -0.700477 1.000000
tan 0.312109 -0.790130 -0.527559 1.000000
tan 0.409449 -0.860872 -0.299770 1.000000
tan 0.396801 -0.816852 -0.423151 1.000000
tan 0.305041 -0.727881 -0.616281 1.000000
tan 0.367165 -0.755409 -0.540703 1.000000
tan 0.229772 -0.628061 -0.749147 1.000000
tan 0.275157 -0.670531 -0.692107 1.000000
tan 0.421849 -0.749085 -0.509517 1.000000
tan 0.319425 -0.689689 -0.651993 1.000000
tan 0.351479 -0.699423 -0.630727 1.000000
tan 0.276149 -0.630789 -0.726145 1.000000
tan 0.260648 -0.620435 -0.733833 1.000000
tan 0.234980 -0.609461 -0.762291 1.000000
tan 0.205840 -0.585777 -0.792237 1.000000
tan 0.177506 -0.557877 -0.811457 1.000000
tan 0.732283 -0.677413 -0.011532 1.000000
tan 0.832786 -0.552235 -0.040114 1.000000
tan 0.837374 -0.549073 -0.044392 1.000000
tan 0.732283 -0.677289 -0.011532 1.000000
tan 0.830244 -0.558001 -0.040052 1.000000
tan 0.732283 -0.685039 -0.011160 1.000000
tan 0.732283 -0.677289 -0.011532 1.000000
tan 0.821936 -0.567487 -0.038502 1.000000
tan 0.732283 -0.685039 -0.011160 1.000000
tan 0.732283 -0.685039 0.000000 1.000000
tan 0.732283 -0.677289 -0.011532 1.000000
tan 0.814434 -0.574989 -0.035216 1.000000
tan 0.732283 -0.685039 -0.011160 1.000000
tan 0.732283 -0.685039 0.000000 1.000000
tan 0.732283 -0.685039 0.000000 1.000000
tan 0.732283 -0.685163 -0.011532 1.000000
tan 0.809598 -0.592101 -0.033852 1.000000
tan 0.732283 -0.685039 -0.011160 1.000000
tan 0.732283 -0.685039 0.000000 1.000000
tan 0.716535 -0.700911 -0.011284 1.000000
tan 0.802096 -0.607105 -0.028458 1.000000
tan 0.724409 -0.692913 -0.011160 1.000000
tan 0.692913 -0.716597 -0.005456 1.000000
tan 0.793044 -0.614297 -0.026350 1.000000
tan 0.708661 -0.708661 -0.011160 1.000000
tan 0.732283 -0.685039 0.000000 1.000000
tan 0.724409 -0.692913 0.000000 1.000000
tan 0.685163 -0.732407 0.000372 1.000000
tan 0.778226 -0.632463 -0.027342 1.000000
tan 0.685039 -0.724409 0.000000 1.000000
tan 0.669415 -0.748155 0.000620 1.000000
tan 0.704383 -0.712629 -0.027776 1.000000
tan 0.677165 -0.732283 0.000000 1.000000
tan 0.708661 -0.708661 0.000000 1.000000
tan 0.685039 -0.724409 0.000000 1.000000
tan 0.582925 -0.811147 0.008184 1.000000
tan 0.602889 -0.799492 -0.020398 1.000000
tan 0.653543 -0.755905 0.000000 1.000000
tan 0.472813 -0.882262 0.006448 1.000000
tan 0.563581 -0.827578 -0.014570 1.000000
tan 0.566929 -0.826772 0.000000 1.000000
tan 0.677165 -0.732283 0.000000 1.000000
tan 0.653543 -0.755905 0.000000 1.000000
tan 0.433629 -0.898010 0.014384 1.000000
tan 0.563581 -0.831050 -0.018600 1.000000
tan 0.464567 -0.889764 0.007006 1.000000
tan 0.433629 -0.898010 0.014384 1.000000
tan 0.560109 -0.831050 -0.024428 1.000000
tan 0.425197 -0.905512 0.007130 1.000000
tan 0.566929 -0.826772 0.000000 1.000000
tan 0.464567 -0.889764 0.000000 1.000000
tan 0.433815 -0.898382 0.010974 1.000000
tan 0.562341 -0.830492 -0.020398 1.000000
tan 0.433443 -0.898010 0.007316 1.000000
tan 0.425197 -0.905512 0.007130 1.000000
tan 0.425197 -0.905512 0.007130 1.000000
tan 0.425197 -0.905512 0.007130 1.000000
tan 0.425197 -0.905512 0.000000 1.000000
tan 0.425197 -0.905512 0.000000 1.000000
tan 0.425197 -0.905512 0.000000 1.000000
tan 0.425197 -0.905512 0.000000 1.000000
tan 0.425197 -0.905512 0.000000 1.000000
tan 0.425197 -0.905512 0.000000 1.000000
tan 0.425197 -0.905512 0.000000 1.000000
tan 0.425197 -0.905512 0.000000 1.000000
tan 0.425197 -0.905512 0.000000 1.000000
tan 0.425197 -0.905512 0.000000 1.000000
tan 0.425197 -0.905512 0.000000 1.000000
tan 0.425197 -0.905512 0.000000 1.000000
tan 0.425197 -0.905512 0.000000 1.000000
tan 0.433443 -0.898196 -0.003906 1.000000
tan 0.425197 -0.905512 0.000000 1.000000
tan 0.433567 -0.898382 -0.003906 1.000000
tan 0.554901 -0.824664 0.026226 1.000000
tan 0.560109 -0.831050 0.024428 1.000000
tan 0.425197 -0.905512 0.000000 1.000000
tan 0.433443 -0.898196 -0.003906 1.000000
tan 0.560109 -0.831050 0.024428 1.000000
tan 0.425197 -0.905512 0.000000 1.000000
tan 0.433443 -0.898196 -0.003906 1.000000
tan 0.560109 -0.831050 0.024428 1.000000
tan 0.464567 -0.889764 0.000000 1.000000
tan 0.472627 -0.882262 0.000496 1.000000
tan 0.599541 -0.802840 0.030380 1.000000
tan 0.464567 -0.889764 0.000000 1.000000
tan 0.582801 -0.811271 0.002790 1.000000
tan 0.701283 -0.715729 0.038006 1.000000
tan 0.566929 -0.826772 0.000000 1.000000
tan 0.669415 -0.748279 0.004650 1.000000
tan 0.775436 -0.632463 0.031930 1.000000
tan 0.653543 -0.755905 0.000000 1.000000
tan 0.566929 -0.826772 0.000000 1.000000
tan 0.653543 -0.755905 0.000000 1.000000
tan 0.677165 -0.732283 0.011098 1.000000
tan 0.685163 -0.732531 0.005022 1.000000
tan 0.790502 -0.614297 0.030876 1.000000
tan 0.677165 -0.732283 0.000000 1.000000
tan 0.692913 -0.716659 0.010912 1.000000
tan 0.799616 -0.607105 0.032922 1.000000
tan 0.685039 -0.724409 0.011098 1.000000
tan 0.685039 -0.724409 0.000000 1.000000
tan 0.716535 -0.700911 0.011284 1.000000
tan 0.809598 -0.592101 0.033852 1.000000
tan 0.708661 -0.708661 0.011160 1.000000
tan 0.732283 -0.685163 0.011532 1.000000
tan 0.816728 -0.574989 0.030938 1.000000
tan 0.724409 -0.692913 0.011160 1.000000
tan 0.708661 -0.708661 0.011160 1.000000
tan 0.724409 -0.692913 0.011160 1.000000
tan 0.732283 -0.685039 0.011160 1.000000
tan 0.732283 -0.677227 0.005766 1.000000
tan 0.824230 -0.565193 0.028024 1.000000
tan 0.732283 -0.685039 0.011160 1.000000
tan 0.732283 -0.677227 0.005766 1.000000
tan 0.832662 -0.555583 0.029698 1.000000
tan 0.732283 -0.685039 0.011160 1.000000
tan 0.732283 -0.685039 0.011160 1.000000
tan 0.732283 -0.677227 0.005766 1.000000
tan 0.835328 -0.547151 0.023560 1.000000
tan 0.732407 -0.677289 0.000434 1.000000
tan 0.839978 -0.543865 0.027900 1.000000
tan 0.732283 -0.685039 0.011160 1.000000
tan 0.732283 -0.685039 0.011160 1.000000
tan 0.732283 -0.685039 0.011160 1.000000
tan 0.732283 -0.685039 0.011160 1.000000
tan 0.732283 -0.685039 0.000000 1.000000
tan 0.732283 -0.685039 0.000000 1.000000
tan 0.732283 -0.685039 0.000000 1.000000
tan 0.724409 -0.692913 0.000000 1.000000
tan 0.708661 -0.708661 0.000000 1.000000
tan 0.685039 -0.724409 0.000000 1.000000
tan 0.677165 -0.732283 0.000000 1.000000
tan 0.653543 -0.755905 0.000000 1.000000
tan 0.566929 -0.826772 0.000000 1.000000
tan 0.464567 -0.889764 0.000000 1.000000
tan 0.130200 -0.447889 -0.878666 1.000000
tan 0.130820 -0.443797 -0.885858 1.000000
tan 0.053940 -0.591481 -0.807241 1.000000
tan 0.035650 -0.611259 -0.793663 1.000000
tan 0.003472 -0.787650 -0.614297 1.000000
tan 0.132432 -0.430591 -0.891004 1.000000
tan -0.001364 -0.787463 -0.614235 1.000000
tan 0.000000 -0.795276 -0.606299 1.000000
tan 0.040734 -0.597681 -0.793601 1.000000
tan 0.134540 -0.420237 -0.899870 1.000000
tan 0.000000 -0.795276 -0.606299 1.000000
tan 0.000000 -0.795276 -0.606299 1.000000
tan -0.006200 -0.787401 -0.614235 1.000000
tan 0.043586 -0.588877 -0.809845 1.000000
tan 0.138136 -0.424825 -0.890570 1.000000
tan 0.000000 -0.795276 -0.606299 1.000000
tan 0.000000 -0.795276 -0.606299 1.000000
tan 0.039866 -0.596317 -0.802405 1.000000
tan 0.128464 -0.451361 -0.881022 1.000000
tan 0.000000 -0.795276 -0.606299 1.000000
tan 0.000000 -0.795276 -0.606299 1.000000
tan 0.000000 -0.795276 -0.606299 1.000000
tan 0.000000 -0.795276 -0.606299 1.000000
tan 0.000000 -0.795276 -0.606299 1.000000
tan 0.000000 -0.795276 -0.606299 1.000000
tan -0.006200 -0.787401 -0.614235 1.000000
tan 0.000000 -0.795276 -0.606299 1.000000
tan -0.006262 -0.795276 -0.606361 1.000000
tan 0.037758 -0.624279 -0.780519 1.000000
tan 0.147312 -0.469713 -0.873892 1.000000
tan 0.000000 -0.795276 -0.606299 1.000000
tan 0.036518 -0.628619 -0.768801 1.000000
tan 0.140802 -0.479075 -0.871040 1.000000
tan -0.006324 -0.803150 -0.598487 1.000000
tan 0.040362 -0.640647 -0.770723 1.000000
tan 0.137826 -0.518569 -0.845061 1.000000
tan -0.012772 -0.811024 -0.582801 1.000000
tan 0.034534 -0.668175 -0.733957 1.000000
tan 0.150598 -0.614793 -0.773575 1.000000
tan -0.006448 -0.818898 -0.574865 1.000000
tan 0.000000 -0.811024 -0.590551 1.000000
tan 0.038254 -0.759874 -0.661293 1.000000
tan 0.144708 -0.714427 -0.682249 1.000000
tan -0.002108 -0.826834 -0.559117 1.000000
tan 0.033790 -0.828322 -0.565689 1.000000
tan 0.141856 -0.757889 -0.641577 1.000000
tan -0.003100 -0.874078 -0.480377 1.000000
tan 0.034162 -0.852316 -0.525761 1.000000
tan 0.141856 -0.757889 -0.641577 1.000000
tan -0.004154 -0.921322 -0.393763 1.000000
tan 0.034162 -0.852316 -0.525761 1.000000
tan 0.141856 -0.757889 -0.641577 1.000000
tan -0.004588 -0.937070 -0.354393 1.000000
tan 0.034162 -0.852316 -0.525761 1.000000
tan 0.149110 -0.755099 -0.637547 1.000000
tan 0.026660 -0.857462 -0.514601 1.000000
tan -0.004588 -0.937070 -0.354393 1.000000
tan -0.004588 -0.937070 -0.354393 1.000000
tan -0.004588 -0.937070 -0.354393 1.000000
tan 0.000000 -0.937008 -0.354331 1.000000
tan 0.000000 -0.937008 -0.354331 1.000000
tan 0.000000 -0.937008 -0.354331 1.000000
tan 0.000000 -0.937008 -0.354331 1.000000
tan 0.000000 -0.937008 -0.354331 1.000000
tan 0.000000 -0.937008 -0.354331 1.000000
tan 0.000000 -0.937008 -0.354331 1.000000
tan 0.000000 -0.937008 -0.354331 1.000000
tan 0.000000 -0.937008 -0.354331 1.000000
tan 0.000000 -0.937008 -0.354331 1.000000
tan 0.000000 -0.937008 -0.354331 1.000000
tan 0.000000 -0.937008 -0.354331 1.000000
tan 0.000000 -0.937008 -0.354331 1.000000
tan 0.000000 -0.937008 -0.354331 1.000000
tan 0.000000 -0.937008 -0.354331 1.000000
tan 0.000000 -0.937008 -0.354331 1.000000
tan 0.000000 -0.937008 -0.354331 1.000000
tan 0.000000 -0.937008 -0.354331 1.000000
tan 0.000000 -0.937008 -0.354331 1.000000
tan 0.000000 -0.937008 -0.354331 1.000000
tan 0.000000 -0.937008 -0.354331 1.000000
tan 0.000000 -0.937008 -0.354331 1.000000
tan 0.000000 -0.937008 -0.354331 1.000000
tan 0.000000 -0.937008 -0.354331 1.000000
tan 0.000000 -0.937008 -0.354331 1.000000
tan 0.000000 -0.937008 -0.354331 1.000000
tan 0.000000 -0.937008 -0.354331 1.000000
tan 0.000000 -0.937008 -0.354331 1.000000
tan 0.000000 -0.937008 -0.354331 1.000000
tan 0.000000 -0.937008 -0.354331 1.000000
tan 0.000000 -0.937008 -0.354331 1.000000
tan 0.000000 -0.937008 -0.354331 1.000000
tan -0.007378 -0.937008 -0.354331 1.000000
tan 0.000000 -0.937008 -0.354331 1.000000
tan 0.000000 -0.937008 -0.354331 1.000000
tan 0.000000 -0.937008 -0.354331 1.000000
tan -0.007378 -0.937008 -0.354331 1.000000
tan -0.007378 -0.937008 -0.354331 1.000000
tan -0.007378 -0.937008 -0.354331 1.000000
tan -0.010168 -0.937008 -0.354331 1.000000
tan -0.010168 -0.937008 -0.354331 1.000000
tan -0.007378 -0.937008 -0.354331 1.000000
tan -0.007378 -0.937008 -0.354331 1.000000
tan -0.007378 -0.937008 -0.354331 1.000000
tan -0.007254 -0.921260 -0.385827 1.000000
tan -0.007254 -0.921260 -0.385827 1.000000
tan -0.006944 -0.881890 -0.464567 1.000000
tan 0.000000 -0.921260 -0.385827 1.000000
tan -0.006944 -0.881890 -0.464567 1.000000
tan -0.006634 -0.842520 -0.543307 1.000000
tan 0.000000 -0.921260 -0.385827 1.000000
tan 0.000000 -0.881890 -0.464567 1.000000
tan 0.000000 -0.842520 -0.543307 1.000000
tan 0.000000 -0.818898 -0.566929 1.000000
tan 0.000000 -0.921260 -0.377953 1.000000
tan 0.000000 -0.889764 -0.464567 1.000000
tan 0.000000 -0.842520 -0.543307 1.000000
tan 0.000000 -0.818898 -0.566929 1.000000
tan 0.000000 -0.818898 -0.574803 1.000000
tan 0.000000 -0.842520 -0.543307 1.000000
tan 0.000000 -0.818898 -0.574803 1.000000
tan 0.000000 -0.811024 -0.590551 1.000000
tan 0.000000 -0.818898 -0.566929 1.000000
tan 0.000000 -0.811024 -0.590551 1.000000
tan 0.000000 -0.795276 -0.606299 1.000000
tan 0.000000 -0.818898 -0.574803 1.000000
tan 0.000000 -0.795276 -0.606299 1.000000
tan 0.000000 -0.795276 -0.606299 1.000000
tan 0.000000 -0.811024 -0.590551 1.000000
tan 0.000000 -0.818898 -0.566929 1.000000
tan 0.000000 -0.818898 -0.574803 1.000000
tan 0.000000 -0.795276 -0.606299 1.000000
tan 0.000000 -0.795276 -0.606299 1.000000
tan 0.000000 -0.795276 -0.606299 1.000000
tan 0.000000 -0.811024 -0.590551 1.000000
tan 0.000000 -0.795276 -0.606299 1.000000
tan 0.000000 -0.795276 -0.606299 1.000000
tan 0.000000 -0.795276 -0.606299 1.000000
tan 0.000000 -0.795276 -0.606299 1.000000
tan 0.000000 -0.795276 -0.606299 1.000000
tan 0.000000 -0.795276 -0.606299 1.000000
tan 0.000000 -0.795276 -0.606299 1.000000
tan 0.000000 -0.795276 -0.606299 1.000000
tan 0.000000 -0.795276 -0.606299 1.000000
tan 0.000000 -0.795276 -0.606299 1.000000
tan 0.000000 -0.795276 -0.606299 1.000000
tan 0.000000 -0.795276 -0.606299 1.000000
tan 0.000000 -0.795276 -0.606299 1.000000
tan 0.000000 -0.795276 -0.606299 1.000000
tan 0.000000 -0.795276 -0.606299 1.000000
tan 0.000000 -0.795276 -0.606299 1.000000
tan 0.000000 -0.795276 -0.606299 1.000000
tan 0.000000 -0.795276 -0.606299 1.000000
tan 0.000000 -0.795276 -0.606299 1.000000
tan 0.000000 -0.795276 -0.606299 1.000000
tan 0.000000 -0.795276 -0.606299 1.000000
tan 0.000000 -0.795276 -0.606299 1.000000
tan 0.000000 -0.795276 -0.606299 1.000000
tan 0.000000 -0.795276 -0.606299 1.000000
tan 0.000000 -0.795276 -0.606299 1.000000
tan 0.000000 -0.795276 -0.606299 1.000000
tan 0.000000 -0.795276 -0.606299 1.000000
tan 0.000000 -0.795276 -0.606299 1.000000
tan 0.000000 -0.795276 -0.606299 1.000000
tan 0.000000 -0.795276 -0.606299 1.000000
tan 0.000000 -0.795276 -0.606299 1.000000
tan 0.000000 -0.811024 -0.590551 1.000000
tan 0.000000 -0.795276 -0.606299 1.000000
tan 0.000000 -0.811024 -0.590551 1.000000
tan 0.000000 -0.818898 -0.574803 1.000000
tan 0.000000 -0.818898 -0.574803 1.000000
tan 0.000000 -0.818898 -0.566929 1.000000
tan 0.000000 -0.818898 -0.574803 1.000000
tan 0.000000 -0.842520 -0.543307 1.000000
tan 0.000000 -0.818898 -0.566929 1.000000
tan 0.000000 -0.889764 -0.464567 1.000000
tan 0.000000 -0.842520 -0.543307 1.000000
tan 0.000000 -0.921260 -0.377953 1.000000
tan 0.000000 -0.889764 -0.464567 1.000000
tan 0.000000 -0.921260 -0.377953 1.000000
tan 0.000000 -0.842520 -0.543307 1.000000
tan 0.000000 -0.921260 -0.377953 1.000000
tan 0.000000 -0.889764 -0.464567 1.000000
tan 0.000000 -0.921260 -0.377953 1.000000
tan 0.000000 -0.889764 -0.464567 1.000000
tan 0.000000 -0.842520 -0.543307 1.000000
tan 0.000000 -0.921260 -0.377953 1.000000
tan 0.000000 -0.889764 -0.464567 1.000000
tan 0.000000 -0.842520 -0.543307 1.000000
tan 0.000000 -0.921260 -0.377953 1.000000
tan 0.000000 -0.889764 -0.464567 1.000000
tan 0.000000 -0.889764 -0.464567 1.000000
tan 0.000000 -0.842520 -0.543307 1.000000
tan 0.000000 -0.842520 -0.543307 1.000000
tan 0.000000 -0.818898 -0.566929 1.000000
tan 0.000000 -0.818898 -0.566929 1.000000
tan 0.000000 -0.818898 -0.574803 1.000000
tan 0.000000 -0.818898 -0.566929 1.000000
tan 0.000000 -0.818898 -0.574803 1.000000
tan 0.000000 -0.811024 -0.590551 1.000000
tan 0.000000 -0.818898 -0.566929 1.000000
tan 0.000000 -0.818898 -0.574803 1.000000
tan 0.000000 -0.818898 -0.566929 1.000000
tan 0.000000 -0.818898 -0.574803 1.000000
tan 0.000000 -0.811024 -0.590551 1.000000
tan 0.000000 -0.811024 -0.590551 1.000000
tan 0.000000 -0.795276 -0.606299 1.000000
tan 0.000000 -0.795276 -0.606299 1.000000
tan 0.000000 -0.811024 -0.590551 1.000000
tan 0.000000 -0.795276 -0.606299 1.000000
tan 0.000000 -0.795276 -0.606299 1.000000
tan -0.026412 -0.568045 0.822866 1.000000
tan 0.061752 -0.410069 0.912270 1.000000
tan 0.060822 -0.414781 0.904768 1.000000
tan -0.029078 -0.594767 0.805444 1.000000
tan 0.072664 -0.400273 0.913634 1.000000
tan -0.075144 -0.786905 0.615289 1.000000
tan -0.023374 -0.580321 0.806002 1.000000
tan 0.092380 -0.397235 0.914564 1.000000
tan -0.062744 -0.787153 0.614607 1.000000
tan -0.039370 -0.795275 0.606299 1.000000
tan -0.009982 -0.573253 0.820262 1.000000
tan 0.102548 -0.405729 0.905326 1.000000
tan -0.062744 -0.787153 0.614607 1.000000
tan -0.039370 -0.795275 0.606299 1.000000
tan -0.022072 -0.795275 0.606299 1.000000
tan 0.002790 -0.585901 0.810218 1.000000
tan 0.105276 -0.438341 0.889702 1.000000
tan -0.051708 -0.787215 0.614545 1.000000
tan -0.028334 -0.795275 0.606299 1.000000
tan -0.017298 -0.795275 0.606299 1.000000
tan -0.006262 -0.795275 0.606299 1.000000
tan -0.028334 -0.795275 0.606299 1.000000
tan 0.000000 -0.795275 0.606299 1.000000
tan 0.000000 -0.795275 0.606299 1.000000
tan -0.011036 -0.795275 0.606299 1.000000
tan 0.000000 -0.795275 0.606299 1.000000
tan 0.000000 -0.795275 0.606299 1.000000
tan 0.000000 -0.795275 0.606299 1.000000
tan 0.000000 -0.795275 0.606299 1.000000
tan 0.006262 -0.795275 0.606299 1.000000
tan 0.000000 -0.795275 0.606299 1.000000
tan -0.011036 -0.795275 0.606299 1.000000
tan 0.000000 -0.795275 0.606299 1.000000
tan 0.000000 -0.795275 0.606299 1.000000
tan 0.006262 -0.795275 0.606299 1.000000
tan 0.000000 -0.795275 0.606299 1.000000
tan 0.000000 -0.795275 0.606299 1.000000
tan 0.000000 -0.795275 0.606299 1.000000
tan 0.000000 -0.795275 0.606299 1.000000
tan 0.006262 -0.795275 0.606299 1.000000
tan 0.000000 -0.795275 0.606299 1.000000
tan 0.000000 -0.795275 0.606299 1.000000
tan 0.000000 -0.795275 0.606299 1.000000
tan 0.000000 -0.795275 0.606299 1.000000
tan 0.000000 -0.795275 0.606299 1.000000
tan 0.000000 -0.795275 0.606299 1.000000
tan 0.000000 -0.795275 0.606299 1.000000
tan 0.000000 -0.795275 0.606299 1.000000
tan 0.000000 -0.795275 0.606299 1.000000
tan 0.000000 -0.795275 0.606299 1.000000
tan 0.000000 -0.795275 0.606299 1.000000
tan 0.000000 -0.795275 0.606299 1.000000
tan 0.000000 -0.795275 0.606299 1.000000
tan 0.000000 -0.795275 0.606299 1.000000
tan 0.000000 -0.795275 0.606299 1.000000
tan 0.000000 -0.795275 0.606299 1.000000
tan 0.000000 -0.795275 0.606299 1.000000
tan 0.000000 -0.795275 0.606299 1.000000
tan 0.000000 -0.795275 0.606299 1.000000
tan 0.000000 -0.795275 0.606299 1.000000
tan 0.000000 -0.795275 0.606299 1.000000
tan 0.000000 -0.795275 0.606299 1.000000
tan 0.000000 -0.811023 0.590551 1.000000
tan 0.000000 -0.811023 0.590551 1.000000
tan 0.000000 -0.811023 0.590551 1.000000
tan 0.000000 -0.811023 0.590551 1.000000
tan 0.000000 -0.818897 0.574803 1.000000
tan 0.000000 -0.818897 0.574803 1.000000
tan 0.000000 -0.818897 0.574803 1.000000
tan 0.000000 -0.818897 0.574803 1.000000
tan 0.000000 -0.818897 0.566929 1.000000
tan -0.006448 -0.818897 0.566929 1.000000
tan 0.000000 -0.818897 0.566929 1.000000
tan 0.000000 -0.818897 0.566929 1.000000
tan -0.006634 -0.842520 0.543307 1.000000
tan -0.010912 -0.842520 0.543307 1.000000
tan 0.000000 -0.842520 0.543307 1.000000
tan 0.000000 -0.842520 0.543307 1.000000
tan -0.006944 -0.881890 0.464567 1.000000
tan -0.010602 -0.881890 0.464567 1.000000
tan 0.000000 -0.881890 0.464567 1.000000
tan 0.000000 -0.889764 0.464567 1.000000
tan -0.007254 -0.921260 0.385827 1.000000
tan -0.017546 -0.921260 0.385827 1.000000
tan -0.007254 -0.921260 0.385827 1.000000
tan 0.000000 -0.921260 0.385827 1.000000
tan -0.010168 -0.937008 0.354331 1.000000
tan -0.017546 -0.937008 0.354331 1.000000
tan -0.007378 -0.937008 0.354331 1.000000
tan 0.000000 -0.937008 0.354331 1.000000
tan -0.017546 -0.937008 0.354331 1.000000
tan -0.017546 -0.937008 0.354331 1.000000
tan -0.007378 -0.937008 0.354331 1.000000
tan 0.000000 -0.937008 0.354331 1.000000
tan -0.017546 -0.937008 0.354331 1.000000
tan -0.024924 -0.937008 0.354331 1.000000
tan -0.017546 -0.937008 0.354331 1.000000
tan -0.024924 -0.937008 0.354331 1.000000
tan -0.007378 -0.937008 0.354331 1.000000
tan -0.007378 -0.937008 0.354331 1.000000
tan 0.000000 -0.937008 0.354331 1.000000
tan 0.000000 -0.937008 0.354331 1.000000
tan 0.000000 -0.937008 0.354331 1.000000
tan 0.000000 -0.937008 0.354331 1.000000
tan 0.007378 -0.937008 0.354331 1.000000
tan 0.000000 -0.937008 0.354331 1.000000
tan 0.007378 -0.937008 0.354331 1.000000
tan 0.007378 -0.937008 0.354331 1.000000
tan 0.000000 -0.937008 0.354331 1.000000
tan 0.007378 -0.937008 0.354331 1.000000
tan 0.007378 -0.937008 0.354331 1.000000
tan 0.007378 -0.937008 0.354331 1.000000
tan 0.000000 -0.921260 0.377953 1.000000
tan 0.007378 -0.937008 0.354331 1.000000
tan 0.000000 -0.937008 0.354331 1.000000
tan 0.007378 -0.937008 0.354331 1.000000
tan 0.007378 -0.937008 0.354331 1.000000
tan 0.000000 -0.937008 0.354331 1.000000
tan 0.000000 -0.937008 0.354331 1.000000
tan 0.007378 -0.937008 0.354331 1.000000
tan 0.007378 -0.937008 0.354331 1.000000
tan 0.000000 -0.937008 0.354331 1.000000
tan 0.000000 -0.937008 0.354331 1.000000
tan 0.000000 -0.937008 0.354331 1.000000
tan 0.000000 -0.937008 0.354331 1.000000
tan -0.004588 -0.937070 0.354393 1.000000
tan 0.000000 -0.937008 0.354331 1.000000
tan 0.007378 -0.937008 0.354331 1.000000
tan -0.004588 -0.937070 0.354393 1.000000
tan 0.026660 -0.857462 0.514601 1.000000
tan 0.000000 -0.937008 0.354331 1.000000
tan 0.000000 -0.937008 0.354331 1.000000
tan 0.000000 -0.937008 0.354331 1.000000
tan -0.004588 -0.937070 0.354393 1.000000
tan 0.034162 -0.852315 0.525761 1.000000
tan 0.149110 -0.755099 0.637547 1.000000
tan 0.141856 -0.757889 0.641577 1.000000
tan 0.034162 -0.852315 0.525761 1.000000
tan 0.141856 -0.757889 0.641577 1.000000
tan 0.000000 -0.937008 0.354331 1.000000
tan -0.004588 -0.937070 0.354393 1.000000
tan 0.034162 -0.852315 0.525761 1.000000
tan 0.141856 -0.757889 0.641577 1.000000
tan 0.000000 -0.921260 0.377953 1.000000
tan 0.033790 -0.828321 0.565689 1.000000
tan 0.144708 -0.714427 0.682249 1.000000
tan -0.011408 -0.921322 0.393825 1.000000
tan 0.027900 -0.756897 0.664269 1.000000
tan 0.142352 -0.609709 0.778660 1.000000
tan -0.013764 -0.874016 0.480439 1.000000
tan 0.000000 -0.889764 0.464567 1.000000
tan 0.024118 -0.665509 0.736623 1.000000
tan 0.123504 -0.509393 0.849650 1.000000
tan -0.013020 -0.826771 0.559179 1.000000
tan -0.006634 -0.842520 0.543307 1.000000
tan 0.024180 -0.635191 0.773452 1.000000
tan 0.126356 -0.470023 0.875566 1.000000
tan -0.023870 -0.818835 0.574989 1.000000
tan -0.010912 -0.818897 0.566929 1.000000
tan 0.015810 -0.623287 0.774134 1.000000
tan 0.124310 -0.456321 0.882820 1.000000
tan -0.030132 -0.810961 0.582925 1.000000
tan -0.010974 -0.818897 0.574803 1.000000
tan 0.006324 -0.616653 0.788145 1.000000
tan -0.034720 -0.803025 0.598673 1.000000
tan -0.045632 -0.795089 0.606609 1.000000
tan -0.022072 -0.795275 0.606299 1.000000
tan -0.017422 -0.811023 0.590551 1.000000
tan -0.011036 -0.795275 0.606299 1.000000
tan -0.006386 -0.811023 0.590551 1.000000
tan 0.000000 -0.795275 0.606299 1.000000
tan 0.000000 -0.818897 0.574803 1.000000
tan 0.000000 -0.811023 0.590551 1.000000
tan 0.000000 -0.795275 0.606299 1.000000
tan 0.000000 -0.818897 0.566929 1.000000
tan 0.000000 -0.818897 0.574803 1.000000
tan 0.000000 -0.811023 0.590551 1.000000
tan 0.000000 -0.795275 0.606299 1.000000
tan 0.000000 -0.818897 0.574803 1.000000
tan 0.000000 -0.811023 0.590551 1.000000
tan 0.000000 -0.795275 0.606299 1.000000
tan 0.000000 -0.818897 0.566929 1.000000
tan 0.000000 -0.818897 0.574803 1.000000
tan 0.000000 -0.842520 0.543307 1.000000
tan 0.000000 -0.818897 0.566929 1.000000
tan 0.000000 -0.842520 0.543307 1.000000
tan 0.000000 -0.889764 0.464567 1.000000
tan 0.000000 -0.842520 0.543307 1.000000
tan 0.000000 -0.921260 0.377953 1.000000
tan 0.000000 -0.889764 0.464567 1.000000
tan 0.000000 -0.921260 0.377953 1.000000
tan 0.000000 -0.889764 0.464567 1.000000
tan 0.007254 -0.921260 0.377953 1.000000
tan 0.006634 -0.842520 0.543307 1.000000
tan 0.007254 -0.921260 0.377953 1.000000
tan 0.007006 -0.889764 0.464567 1.000000
tan 0.007254 -0.921260 0.377953 1.000000
tan 0.007006 -0.889764 0.464567 1.000000
tan 0.000000 -0.889764 0.464567 1.000000
tan 0.000000 -0.842520 0.543307 1.000000
tan 0.000000 -0.842520 0.543307 1.000000
tan 0.000000 -0.818897 0.566929 1.000000
tan 0.000000 -0.818897 0.566929 1.000000
tan 0.000000 -0.818897 0.574803 1.000000
tan 0.006448 -0.818897 0.566929 1.000000
tan 0.000000 -0.818897 0.574803 1.000000
tan 0.000000 -0.811023 0.590551 1.000000
tan 0.000000 -0.811023 0.590551 1.000000
tan 0.000000 -0.795275 0.606299 1.000000
tan 0.000000 -0.795275 0.606299 1.000000
tan -0.440945 -0.000000 -0.897638 1.000000
tan -0.307087 -0.000000 -0.952756 1.000000
tan -0.433071 -0.000000 -0.897638 1.000000
tan -0.984252 -0.000000 -0.196850 1.000000
tan -1.000000 0.000000 0.000000 1.000000
tan -1.000000 0.000000 0.000000 1.000000
tan -1.000000 0.000000 0.000000 1.000000
tan -1.000000 0.000000 0.000000 1.000000
tan -1.000000 0.000000 0.000000 1.000000
tan -1.000000 0.000000 0.000000 1.000000
tan -1.000000 0.000000 0.000000 1.000000
tan -1.000000 0.000000 0.000000 1.000000
tan -1.000000 0.000000 0.000000 1.000000
tan -1.000000 0.000000 0.000000 1.000000
tan -1.000000 0.000000 0.000000 1.000000
tan -1.000000 0.000000 0.000000 1.000000
tan -1.000000 0.000000 0.000000 1.000000
tan -1.000000 0.000000 0.000000 1.000000
tan -1.000000 0.000000 0.000000 1.000000
tan -1.000000 0.000000 0.000000 1.000000
tan -1.000000 0.000000 0.000000 1.000000
tan -1.000000 0.000000 0.000000 1.000000
tan -1.000000 0.000000 0.000000 1.000000
tan -1.000000 0.000000 0.000000 1.000000
tan -1.000000 0.000000 0.000000 1.000000
tan -1.000000 0.000000 0.000000 1.000000
tan -1.000000 0.000000 0.000000 1.000000
tan -1.000000 0.000000 0.000000 1.000000
tan -1.000000 0.000000 0.000000 1.000000
tan -1.000000 0.000000 0.000000 1.000000
tan -1.000000 0.000000 0.000000 1.000000
tan -1.000000 0.000000 0.000000 1.000000
tan -1.000000 0.000000 0.000000 1.000000
tan -1.000000 0.000000 0.000000 1.000000
tan -1.000000 0.000000 0.000000 1.000000
tan -1.000000 0.000000 0.000000 1.000000
tan -1.000000 0.000000 0.000000 1.000000
tan -1.000000 0.000000 0.000000 1.000000
tan -1.000000 0.000000 0.000000 1.000000
tan -1.000000 0.000000 0.000000 1.000000
tan -1.000000 0.000000 0.000000 1.000000
tan -1.000000 0.000000 0.000000 1.000000
tan -1.000000 0.000000 0.000000 1.000000
tan -1.000000 0.000000 0.000000 1.000000
tan -1.000000 0.000000 0.000000 1.000000
tan -1.000000 0.000000 0.000000 1.000000
tan -1.000000 0.000000 0.000000 1.000000
tan -1.000000 0.000000 0.000000 1.000000
tan -1.000000 0.000000 0.000000 1.000000
tan -1.000000 0.000000 0.000000 1.000000
tan -1.000000 0.000000 0.000000 1.000000
tan -1.000000 0.000000 0.000000 1.000000
tan -1.000000 0.000000 0.000000 1.000000
tan -1.000000 0.000000 0.000000 1.000000
tan -1.000000 0.000000 0.000000 1.000000
tan -1.000000 0.000000 0.000000 1.000000
tan -1.000000 0.000000 0.000000 1.000000
tan -1.000000 0.000000 0.000000 1.000000
tan -1.000000 0.000000 0.000000 1.000000
tan -1.000000 0.000000 0.000000 1.000000
tan -1.000000 0.000000 0.000000 1.000000
tan -1.000000 0.000000 0.000000 1.000000
tan -1.000000 0.000000 0.000000 1.000000
tan -1.000000 0.000000 0.000000 1.000000
tan -1.000000 0.000000 0.000000 1.000000
tan -1.000000 0.000000 0.000000 1.000000
tan -0.984252 0.000000 0.196850 1.000000
tan -0.433071 0.000000 0.897638 1.000000
tan -0.307087 0.000000 0.952756 1.000000
tan -0.440945 0.000000 0.897638 1.000000
tan -0.047244 -0.000000 -1.000000 1.000000
tan 0.039370 -0.000000 -1.000000 1.000000
tan -0.047244 -0.000000 -1.000000 1.000000
tan 0.039370 -0.000000 -1.000000 1.000000
tan 0.007874 -0.000000 -1.000000 1.000000
tan 0.007874 -0.000000 -1.000000 1.000000
tan 0.000000 -0.000000 -1.000000 1.000000
tan 0.000000 -0.000000 -1.000000 1.000000
tan -0.007874 -0.000000 -1.000000 1.000000
tan -0.015748 -0.000000 -1.000000 1.000000
tan -0.031496 -0.000000 -1.000000 1.000000
tan 0.000000 -0.000000 -1.000000 1.000000
tan -0.031496 -0.000000 -1.000000 1.000000
tan 0.055118 -0.000000 -1.000000 1.000000
tan -0.070866 -0.000000 -1.000000 1.000000
tan -0.015748 -0.000000 -1.000000 1.000000
tan -0.047244 -0.000000 -1.000000 1.000000
tan -0.078740 -0.000000 -1.000000 1.000000
tan 0.015748 -0.000000 -1.000000 1.000000
tan 0.039370 -0.000000 -1.000000 1.000000
tan 0.000000 -0.000000 -1.000000 1.000000
tan -0.015748 -0.000000 -1.000000 1.000000
tan -0.062992 -0.000000 -1.000000 1.000000
tan -0.165354 -0.000000 -0.984252 1.000000
tan -0.181102 -0.000000 -0.984252 1.000000
tan 0.007874 -0.000000 -1.000000 1.000000
tan 0.023622 -0.000000 -1.000000 1.000000
tan 0.047244 -0.000000 -1.000000 1.000000
tan 0.094488 -0.000000 -0.992126 1.000000
tan 0.157480 -0.000000 -0.984252 1.000000
tan 0.070866 -0.000000 -1.000000 1.000000
tan 0.188976 -0.000000 -0.984252 1.000000
tan 0.039370 -0.000000 -1.000000 1.000000
tan 0.062992 -0.000000 -1.000000 1.000000
tan 0.102362 -0.000000 -0.992126 1.000000
tan 0.078740 -0.000000 -1.000000 1.000000
tan 0.039370 -0.000000 -1.000000 1.000000
tan 0.047244 -0.000000 -1.000000 1.000000
tan 0.023622 -0.000000 -1.000000 1.000000
tan 0.000000 -0.000000 -1.000000 1.000000
tan -0.031496 -0.000000 -1.000000 1.000000
tan -0.023622 -0.000000 -1.000000 1.000000
tan -0.062992 -0.000000 -1.000000 1.000000
tan -0.055118 -0.000000 -1.000000 1.000000
tan -0.086614 -0.000000 -0.992126 1.000000
tan -0.039370 -0.000000 -1.000000 1.000000
tan -0.070866 -0.000000 -1.000000 1.000000
tan -0.047244 -0.000000 -1.000000 1.000000
tan 0.000000 -0.000000 -1.000000 1.000000
tan 0.000000 -0.000000 -1.000000 1.000000
tan 0.000000 -0.000000 -1.000000 1.000000
tan 0.000000 -0.000000 -1.000000 1.000000
tan 0.000000 -0.000000 -1.000000 1.000000
tan 0.000000 -0.000000 -1.000000 1.000000
tan 0.000000 -0.000000 -1.000000 1.000000
tan 0.000000 -0.000000 -1.000000 1.000000
tan 0.000000 -0.000000 -1.000000 1.000000
tan 0.000000 -0.000000 -1.000000 1.000000
tan 0.000000 -0.000000 -1.000000 1.000000
tan 0.000000 -0.000000 -1.000000 1.000000
tan 0.000000 -0.000000 -1.000000 1.000000
tan 0.000000 -0.000000 -1.000000 1.000000
tan 0.000000 -0.000000 -1.000000 1.000000
tan 0.000000 -0.000000 -1.000000 1.000000
tan 0.000000 -0.000000 -1.000000 1.000000
tan 0.000000 -0.000000 -1.000000 1.000000
tan 0.000000 -0.000000 -1.000000 1.000000
tan 0.000000 -0.000000 -1.000000 1.000000
tan 0.000000 -0.000000 -1.000000 1.000000
tan 0.000000 -0.000000 -1.000000 1.000000
tan 0.000000 -0.000000 -1.000000 1.000000
tan 0.000000 -0.000000 -1.000000 1.000000
tan 0.000000 -0.000000 -1.000000 1.000000
tan 0.000000 -0.000000 -1.000000 1.000000
tan 0.000000 -0.000000 -1.000000 1.000000
tan 0.000000 -0.000000 -1.000000 1.000000
tan 0.000000 -0.000000 -1.000000 1.000000
tan 0.000000 -0.000000 -1.000000 1.000000
tan 0.000000 -0.000000 -1.000000 1.000000
tan 0.000000 -0.000000 -1.000000 1.000000
tan 0.007874 -0.000000 -1.000000 1.000000
tan 0.000000 -0.000000 -1.000000 1.000000
tan 0.000000 -0.000000 -1.000000 1.000000
tan 0.000000 -0.000000 -1.000000 1.000000
tan 0.000000 -0.000000 -1.000000 1.000000
tan 0.000000 -0.000000 -1.000000 1.000000
tan 0.000000 -0.000000 -1.000000 1.000000
tan 0.000000 -0.000000 -1.000000 1.000000
tan 0.000000 -0.000000 -1.000000 1.000000
tan 0.000000 -0.000000 -1.000000 1.000000
tan 0.000000 -0.000000 -1.000000 1.000000
tan 0.000000 -0.000000 -1.000000 1.000000
tan 0.000000 -0.000000 -1.000000 1.000000
tan -0.007874 -0.000000 -1.000000 1.000000
tan 0.000000 -0.000000 -1.000000 1.000000
tan 0.000000 -0.000000 -1.000000 1.000000
tan 0.000000 -0.000000 -1.000000 1.000000
tan 0.000000 -0.000000 -1.000000 1.000000
tan 0.000000 -0.000000 -1.000000 1.000000
tan 0.007874 -0.000000 -1.000000 1.000000
tan 0.007874 -0.000000 -1.000000 1.000000
tan 0.007874 -0.000000 -1.000000 1.000000
tan 0.007874 -0.000000 -1.000000 1.000000
tan 0.007874 -0.000000 -1.000000 1.000000
tan 0.007874 -0.000000 -1.000000 1.000000
tan 0.007874 -0.000000 -1.000000 1.000000
tan 0.000000 -0.000000 -1.000000 1.000000
tan 0.000000 -0.000000 -1.000000 1.000000
tan -0.007874 -0.000000 -1.000000 1.000000
tan 0.000000 -0.000000 -1.000000 1.000000
tan 0.000000 -0.000000 -1.000000 1.000000
tan 0.000000 -0.000000 -1.000000 1.000000
tan 0.000000 -0.000000 -1.000000 1.000000
tan 0.000000 -0.000000 -1.000000 1.000000
tan 0.000000 -0.000000 -1.000000 1.000000
tan 0.007874 -0.000000 -1.000000 1.000000
tan 0.007874 -0.000000 -1.000000 1.000000
tan 0.007874 -0.000000 -1.000000 1.000000
tan 0.007874 -0.000000 -1.000000 1.000000
tan 0.007874 -0.000000 -1.000000 1.000000
tan 0.007874 -0.000000 -1.000000 1.000000
tan 0.007874 -0.000000 -1.000000 1.000000
tan 0.007874 -0.000000 -1.000000 1.000000
tan 0.007874 -0.000000 -1.000000 1.000000
tan 0.007874 -0.000000 -1.000000 1.000000
tan 0.000000 -0.000000 -1.000000 1.000000
tan 0.000000 -0.000000 -1.000000 1.000000
tan 0.000000 -0.000000 -1.000000 1.000000
tan 0.000000 -0.000000 -1.000000 1.000000
tan 0.000000 -0.000000 -1.000000 1.000000
tan 0.000000 -0.000000 -1.000000 1.000000
tan 0.000000 -0.000000 -1.000000 1.000000
tan 0.000000 -0.000000 -1.000000 1.000000
tan 0.000000 -0.000000 -1.000000 1.000000
tan 0.000000 -0.346457 -0.937008 1.000000
tan 0.000000 -0.330709 -0.944882 1.000000
tan 0.000000 -0.330709 -0.944882 1.000000
tan 0.000000 -0.346457 -0.937008 1.000000
tan 0.000000 -0.330709 -0.944882 1.000000
tan 0.000000 -0.716535 -0.700787 1.000000
tan 0.000000 -0.346457 -0.937008 1.000000
tan 0.000000 -0.330709 -0.944882 1.000000
tan 0.000000 -0.716535 -0.700787 1.000000
tan 0.000000 -0.929134 -0.377953 1.000000
tan 0.000000 -0.346457 -0.937008 1.000000
tan 0.000000 -0.330709 -0.944882 1.000000
tan 0.000000 -0.708661 -0.700787 1.000000
tan 0.000000 -0.929134 -0.377953 1.000000
tan 0.000000 -1.000000 -0.039370 1.000000
tan 0.007378 -0.346457 -0.937008 1.000000
tan 0.007440 -0.330709 -0.944882 1.000000
tan 0.000000 -1.000000 -0.039370 1.000000
tan 0.000000 -1.000000 0.047244 1.000000
tan 0.000000 -0.921260 -0.377953 1.000000
tan 0.000000 -0.708661 -0.708661 1.000000
tan 0.000000 -1.000000 -0.039370 1.000000
tan 0.000000 -0.921260 -0.385827 1.000000
tan 0.000000 -0.708661 -0.708661 1.000000
tan 0.007378 -0.346457 -0.937008 1.000000
tan 0.007440 -0.330709 -0.944882 1.000000
tan 0.007254 -0.921260 -0.385827 1.000000
tan 0.010106 -0.346457 -0.937008 1.000000
tan 0.007440 -0.330709 -0.944882 1.000000
tan 0.011098 -0.700787 -0.708661 1.000000
tan 0.017484 -0.346457 -0.937008 1.000000
tan 0.007440 -0.330709 -0.944882 1.000000
tan 0.011160 -0.700787 -0.716535 1.000000
tan 0.000000 -0.346457 -0.937008 1.000000
tan -0.024924 -0.330709 -0.944882 1.000000
tan 0.011160 -0.700787 -0.716535 1.000000
tan 0.007254 -0.921260 -0.385827 1.000000
tan 0.010292 -0.921260 -0.385827 1.000000
tan -0.067208 -0.346457 -0.937008 1.000000
tan -0.107136 -0.328105 -0.937442 1.000000
tan 0.000000 -0.692913 -0.716535 1.000000
tan -0.209002 -0.338273 -0.914874 1.000000
tan -0.241800 -0.320293 -0.915122 1.000000
tan -0.077686 -0.692913 -0.716535 1.000000
tan 0.017608 -0.921260 -0.393701 1.000000
tan 0.000000 -0.921260 -0.393701 1.000000
tan -0.264183 -0.330895 -0.900924 1.000000
tan -0.215822 -0.175708 -0.953810 1.000000
tan -0.234360 -0.671089 -0.701593 1.000000
tan -0.084940 -0.921260 -0.393701 1.000000
tan -0.102176 -0.204353 -0.970674 1.000000
tan -0.344101 -0.662161 -0.658627 1.000000
tan -0.240312 -0.892244 -0.381301 1.000000
tan 0.032736 -0.147560 -0.984810 1.000000
tan -0.168020 -0.062868 -0.987414 1.000000
tan -0.213156 -0.500527 -0.838490 1.000000
tan 0.247380 -0.138942 -0.955732 1.000000
tan 0.018414 -0.016678 -0.995536 1.000000
tan -0.024428 -0.361337 -0.934466 1.000000
tan 0.194060 -0.361957 -0.909294 1.000000
tan 0.306591 -0.143964 -0.940790 1.000000
tan 0.071920 -0.031620 -0.995536 1.000000
tan 0.330151 -0.488251 -0.804265 1.000000
tan 0.171120 -0.080352 -0.983136 1.000000
tan 0.043152 -0.018972 -0.995536 1.000000
tan 0.180482 -0.266911 -0.945936 1.000000
tan 0.000000 -0.000000 -1.000744 1.000000
tan 0.000000 -0.000000 -0.995536 1.000000
tan -0.035960 0.015810 -0.995536 1.000000
tan 0.004402 -0.006510 -0.996094 1.000000
tan -0.163990 0.077004 -0.983136 1.000000
tan -0.064728 0.028458 -0.995536 1.000000
tan 0.002108 -0.007564 -0.994482 1.000000
tan -0.299461 0.140616 -0.947920 1.000000
tan -0.004030 0.010354 -0.995536 1.000000
tan -0.176080 0.260400 -0.945936 1.000000
tan -0.225804 0.129270 -0.966148 1.000000
tan 0.183892 0.057412 -0.982206 1.000000
tan -0.334553 0.494761 -0.804266 1.000000
tan -0.001674 0.139128 -0.986918 1.000000
tan 0.232624 0.173228 -0.955050 1.000000
tan -0.173972 0.327980 -0.926902 1.000000
tan -0.088536 0.317688 -0.937318 1.000000
tan -0.168640 0.605121 -0.775497 1.000000
tan 0.057970 0.337157 -0.944138 1.000000
tan -0.096720 0.495009 -0.862174 1.000000
tan 0.126604 0.200260 -0.972038 1.000000
tan 0.271561 0.330833 -0.900924 1.000000
tan 0.251845 0.320293 -0.915122 1.000000
tan 0.245520 0.484841 -0.838242 1.000000
tan 0.209002 0.338273 -0.914874 1.000000
tan 0.109740 0.328104 -0.937442 1.000000
tan 0.355199 0.662099 -0.658689 1.000000
tan 0.240064 0.671089 -0.701593 1.000000
tan 0.074586 0.346457 -0.937008 1.000000
tan 0.024924 0.330709 -0.944882 1.000000
tan 0.083328 0.692913 -0.716535 1.000000
tan 0.007378 0.346457 -0.937008 1.000000
tan 0.000000 0.330709 -0.944882 1.000000
tan 0.011098 0.692913 -0.716535 1.000000
tan -0.007378 0.346457 -0.937008 1.000000
tan -0.007440 0.330709 -0.944882 1.000000
tan -0.011160 0.700787 -0.716535 1.000000
tan -0.007378 0.346457 -0.937008 1.000000
tan 0.000000 0.330709 -0.944882 1.000000
tan -0.011160 0.700787 -0.716535 1.000000
tan 0.000000 0.346457 -0.937008 1.000000
tan 0.000000 0.330709 -0.944882 1.000000
tan 0.000000 0.700787 -0.708661 1.000000
tan 0.000000 0.346457 -0.937008 1.000000
tan 0.000000 0.330709 -0.944882 1.000000
tan 0.000000 0.708661 -0.708661 1.000000
tan 0.000000 0.346457 -0.937008 1.000000
tan 0.000000 0.330709 -0.944882 1.000000
tan 0.000000 0.708661 -0.708661 1.000000
tan 0.000000 0.346457 -0.937008 1.000000
tan 0.000000 0.330709 -0.944882 1.000000
tan 0.000000 0.708661 -0.700787 1.000000
tan 0.000000 0.346457 -0.937008 1.000000
tan 0.000000 0.330709 -0.944882 1.000000
tan 0.000000 0.346457 -0.937008 1.000000
tan 0.000000 0.330709 -0.944882 1.000000
tan 0.000000 0.716535 -0.700787 1.000000
tan 0.000000 0.716535 -0.700787 1.000000
tan 0.000000 0.929134 -0.377953 1.000000
tan 0.000000 0.929134 -0.377953 1.000000
tan 0.000000 1.000000 -0.039370 1.000000
tan 0.000000 0.921260 -0.377953 1.000000
tan 0.000000 1.000000 -0.039370 1.000000
tan 0.000000 1.000000 0.047244 1.000000
tan 0.000000 0.921260 -0.385827 1.000000
tan 0.000000 1.000000 -0.039370 1.000000
tan 0.000000 1.000000 0.047244 1.000000
tan 0.000000 0.921260 -0.385827 1.000000
tan 0.000000 1.000000 -0.039370 1.000000
tan 0.000000 0.921260 -0.385827 1.000000
tan 0.000000 1.000000 -0.039370 1.000000
tan 0.000000 1.000000 0.047244 1.000000
tan -0.007254 0.921260 -0.385827 1.000000
tan 0.000000 1.000000 -0.039370 1.000000
tan 0.000000 1.000000 0.047244 1.000000
tan -0.007254 0.921260 -0.393701 1.000000
tan -0.007874 1.000000 -0.039370 1.000000
tan 0.000000 1.000000 0.047244 1.000000
tan 0.007254 0.921260 -0.393701 1.000000
tan -0.007874 1.000000 -0.039370 1.000000
tan 0.000000 1.000000 0.047244 1.000000
tan 0.084940 0.921260 -0.393701 1.000000
tan 0.007874 1.000000 -0.039370 1.000000
tan -0.007874 1.000000 0.047244 1.000000
tan 0.250666 0.892244 -0.381301 1.000000
tan 0.094860 0.992126 -0.046872 1.000000
tan -0.007874 1.000000 0.047244 1.000000
tan 0.429475 0.832971 -0.345403 1.000000
tan 0.268089 0.960630 -0.045384 1.000000
tan 0.007874 1.000000 0.047244 1.000000
tan 0.102734 0.992126 0.046872 1.000000
tan 0.567549 0.818774 -0.036704 1.000000
tan 0.010416 0.905512 0.417323 1.000000
tan 0.299957 0.952756 0.045012 1.000000
tan 0.105276 0.898382 0.414037 1.000000
tan 0.319673 0.855602 0.394321 1.000000
tan -0.010416 0.905512 0.417323 1.000000
tan 0.105834 0.648397 0.749953 1.000000
tan -0.007130 0.905512 0.417323 1.000000
tan 0.011098 0.653543 0.755905 1.000000
tan -0.011098 0.653543 0.755905 1.000000
tan 0.000000 0.905512 0.417323 1.000000
tan -0.011098 0.653543 0.755905 1.000000
tan 0.000000 0.905512 0.417323 1.000000
tan 0.000000 0.653543 0.755905 1.000000
tan 0.000000 0.905512 0.417323 1.000000
tan 0.000000 0.653543 0.755905 1.000000
tan 0.000000 0.905512 0.417323 1.000000
tan 0.000000 0.653543 0.755905 1.000000
tan 0.000000 0.905512 0.417323 1.000000
tan 0.000000 0.905512 0.417323 1.000000
tan 0.000000 0.653543 0.755905 1.000000
tan 0.000000 0.653543 0.755905 1.000000
tan 0.000000 0.653543 0.755905 1.000000
tan 0.000000 0.291339 0.960630 1.000000
tan 0.000000 0.291339 0.960630 1.000000
tan 0.000000 0.291339 0.960630 1.000000
tan 0.000000 0.291339 0.960630 1.000000
tan 0.000000 0.275591 0.960630 1.000000
tan 0.000000 0.275591 0.960630 1.000000
tan 0.000000 0.275591 0.960630 1.000000
tan 0.000000 0.275591 0.960630 1.000000
tan 0.000000 0.275591 0.960630 1.000000
tan 0.000000 0.283465 0.960630 1.000000
tan 0.000000 0.275591 0.960630 1.000000
tan 0.000000 0.283465 0.960630 1.000000
tan -0.007564 0.275591 0.960630 1.000000
tan -0.007564 0.283465 0.960630 1.000000
tan -0.007564 0.275591 0.960630 1.000000
tan -0.007564 0.283465 0.960630 1.000000
tan 0.000000 0.275591 0.960630 1.000000
tan 0.007564 0.283465 0.960630 1.000000
tan 0.064852 0.275591 0.960630 1.000000
tan 0.099696 0.281233 0.953066 1.000000
tan 0.383719 0.253891 0.884990 1.000000
tan 0.476657 0.247753 0.839606 1.000000
tan 0.971728 0.067270 0.234484 1.000000
tan 0.329407 0.617521 0.714241 1.000000
tan 0.943022 0.098890 0.297911 1.000000
tan 0.918098 0.033108 -0.402753 1.000000
tan 0.871970 0.339451 0.348937 1.000000
tan 0.985926 0.115258 -0.063922 1.000000
tan 0.791370 0.568293 0.236096 1.000000
tan 0.929754 0.375969 0.018104 1.000000
tan 0.940418 0.163990 -0.307087 1.000000
tan 0.859818 0.151032 -0.489057 1.000000
tan 0.832538 0.489925 -0.257921 1.000000
tan 0.831174 0.326617 -0.451857 1.000000
tan 0.710149 0.263004 -0.659185 1.000000
tan 0.513423 0.684729 -0.507223 1.000000
tan 0.716969 0.291648 -0.640957 1.000000
tan 0.438961 0.171120 -0.874946 1.000000
tan 0.498233 0.589373 -0.631223 1.000000
tan 0.358485 0.145824 -0.921074 1.000000
tan 0.175584 0.068448 -0.976998 1.000000
tan 0.249116 0.294686 -0.921632 1.000000
tan 0.000000 -0.000000 -1.006138 1.000000
tan 0.000000 -0.000000 -0.994482 1.000000
tan -0.182900 -0.071300 -0.976998 1.000000
tan 0.000000 -0.000000 -1.000248 1.000000
tan -0.365801 -0.148800 -0.921074 1.000000
tan -0.446277 -0.173972 -0.874946 1.000000
tan 0.000000 -0.000000 -0.997024 1.000000
tan -0.716969 -0.291649 -0.630665 1.000000
tan -0.710149 -0.263005 -0.659185 1.000000
tan -0.249116 -0.294687 -0.921632 1.000000
tan -0.838304 -0.329965 -0.434249 1.000000
tan -0.859818 -0.151032 -0.489057 1.000000
tan -0.498233 -0.589373 -0.631223 1.000000
tan -0.127100 -0.372001 -0.912456 1.000000
tan -0.940418 -0.166098 -0.291835 1.000000
tan -0.918098 -0.034596 -0.395065 1.000000
tan -0.522475 -0.697625 -0.485275 1.000000
tan -0.249116 -0.729121 -0.638973 1.000000
tan -0.985926 -0.116808 -0.056296 1.000000
tan -0.836506 -0.496497 -0.247380 1.000000
tan -0.267717 -0.844380 -0.473123 1.000000
tan -0.943022 -0.101184 0.305413 1.000000
tan -0.964164 -0.069440 0.242048 1.000000
tan -0.929754 -0.372001 0.011780 1.000000
tan -0.476657 -0.249984 0.847170 1.000000
tan -0.376155 -0.256060 0.892554 1.000000
tan -0.866266 -0.344783 0.354641 1.000000
tan -0.323455 -0.617521 0.714241 1.000000
tan -0.097464 -0.281232 0.953066 1.000000
tan -0.057288 -0.275590 0.960630 1.000000
tan -0.100688 -0.648397 0.749954 1.000000
tan 0.000000 -0.283464 0.960630 1.000000
tan 0.007564 -0.275590 0.960630 1.000000
tan 0.000000 -0.653543 0.755905 1.000000
tan 0.017360 -0.283464 0.960630 1.000000
tan 0.017298 -0.275590 0.960630 1.000000
tan 0.011098 -0.653543 0.755905 1.000000
tan 0.015128 -0.283464 0.960630 1.000000
tan 0.015128 -0.275590 0.960630 1.000000
tan 0.011098 -0.653543 0.755905 1.000000
tan 0.007564 -0.283464 0.960630 1.000000
tan 0.007564 -0.275590 0.960630 1.000000
tan 0.011098 -0.653543 0.755905 1.000000
tan 0.007564 -0.283464 0.960630 1.000000
tan 0.007564 -0.275590 0.960630 1.000000
tan 0.000000 -0.653543 0.755905 1.000000
tan 0.000000 -0.291338 0.960630 1.000000
tan 0.000000 -0.275590 0.960630 1.000000
tan 0.000000 -0.653543 0.755905 1.000000
tan 0.000000 -0.291338 0.960630 1.000000
tan 0.000000 -0.275590 0.960630 1.000000
tan 0.000000 -0.653543 0.755905 1.000000
tan 0.000000 -0.291338 0.960630 1.000000
tan 0.000000 -0.275590 0.960630 1.000000
tan 0.000000 -0.291338 0.960630 1.000000
tan 0.000000 -0.275590 0.960630 1.000000
tan 0.000000 -0.653543 0.755905 1.000000
tan 0.000000 -0.653543 0.755905 1.000000
tan 0.000000 -0.905512 0.417323 1.000000
tan 0.000000 -0.905512 0.417323 1.000000
tan 0.000000 -0.905512 0.417323 1.000000
tan 0.000000 -1.000000 0.047244 1.000000
tan 0.000000 -0.905512 0.417323 1.000000
tan 0.000000 -1.000000 0.047244 1.000000
tan 0.000000 -1.000000 -0.039370 1.000000
tan 0.000000 -1.000000 0.047244 1.000000
tan 0.007874 -1.000000 -0.039370 1.000000
tan 0.007130 -0.905512 0.417323 1.000000
tan 0.007874 -1.000000 0.047244 1.000000
tan 0.007874 -1.000000 -0.039370 1.000000
tan 0.007130 -0.905512 0.417323 1.000000
tan 0.007874 -1.000000 0.047244 1.000000
tan 0.015748 -1.000000 -0.039370 1.000000
tan 0.017546 -0.905512 0.417323 1.000000
tan 0.015748 -1.000000 0.047244 1.000000
tan 0.015748 -1.000000 -0.039370 1.000000
tan 0.017546 -0.905512 0.417323 1.000000
tan 0.015748 -1.000000 0.047244 1.000000
tan -0.007874 -1.000000 -0.039370 1.000000
tan -0.007130 -0.905512 0.417323 1.000000
tan -0.007874 -1.000000 0.047244 1.000000
tan -0.086614 -1.000000 -0.047244 1.000000
tan -0.101990 -0.898382 0.414037 1.000000
tan -0.094860 -0.992126 0.046872 1.000000
tan -0.312543 -0.862732 0.397607 1.000000
tan -0.260215 -0.968504 -0.045756 1.000000
tan -0.299957 -0.952756 0.045012 1.000000
tan -0.791370 -0.568293 0.236097 1.000000
tan -0.411991 -0.833034 -0.345279 1.000000
tan -0.551801 -0.834522 -0.037200 1.000000
tan -0.377581 -0.688077 -0.616653 1.000000
tan -0.710521 -0.708971 0.027900 1.000000
tan -0.574679 -0.736685 -0.381239 1.000000
tan -0.159030 -0.577097 -0.801537 1.000000
tan -0.337901 -0.688325 -0.645297 1.000000
tan -0.661479 -0.670717 -0.342179 1.000000
tan -0.810094 -0.575485 -0.115320 1.000000
tan -0.373737 -0.747474 -0.560605 1.000000
tan -0.624527 -0.715233 -0.322462 1.000000
tan -0.039308 -0.787401 -0.614173 1.000000
tan -0.022816 -0.724409 -0.685783 1.000000
tan -0.001674 -0.670221 -0.741087 1.000000
tan -0.012400 -0.393701 -0.914378 1.000000
tan 0.020584 -0.653543 -0.756649 1.000000
tan 0.107074 -0.533139 -0.839295 1.000000
tan 0.166532 -0.597557 -0.783061 1.000000
tan 0.011160 -0.354331 -0.937752 1.000000
tan 0.090644 -0.325253 -0.937318 1.000000
tan 0.000248 -0.007874 -1.000992 1.000000
tan -0.000248 -0.007874 -1.000992 1.000000
tan -0.010664 0.338583 -0.937752 1.000000
tan 0.127100 0.372001 -0.922438 1.000000
tan 0.012152 0.385827 -0.922252 1.000000
tan -0.020584 0.653543 -0.756649 1.000000
tan 0.246574 0.721681 -0.638973 1.000000
tan 0.022568 0.716535 -0.693657 1.000000
tan 0.263873 0.829066 -0.505673 1.000000
tan 0.001860 0.670221 -0.748962 1.000000
tan 0.039494 0.811023 -0.590551 1.000000
tan 0.621117 0.724781 -0.306777 1.000000
tan 0.193130 0.536301 -0.823052 1.000000
tan 0.804142 0.587389 -0.104222 1.000000
tan 0.415773 0.661541 -0.624093 1.000000
tan 0.342241 0.677537 -0.651745 1.000000
tan 0.589187 0.708289 -0.387873 1.000000
tan 0.347697 0.786657 -0.511563 1.000000
tan 0.648273 0.688325 -0.333375 1.000000
tan 0.702647 0.708971 0.027962 1.000000
tan 0.000000 -0.000000 -1.000000 1.000000
tan 0.000000 -0.000000 -1.000000 1.000000
tan 0.000000 -0.000000 -1.000000 1.000000
tan 0.000000 -0.000000 -1.000000 1.000000
tan 0.000000 -0.000000 -1.000000 1.000000
tan 0.000000 -0.000000 -1.000000 1.000000
tan 0.000000 -0.000000 -1.000000 1.000000
tan 0.000000 -0.000000 -1.000000 1.000000
tan 0.000000 -0.000000 -1.000000 1.000000
tan 0.000000 -0.000000 -1.000000 1.000000
tan 0.000000 -0.000000 -1.000000 1.000000
tan 0.000000 -0.000000 -1.000000 1.000000
tan 0.000000 -0.000000 -1.000000 1.000000
tan 0.000000 -0.000000 -1.000000 1.000000
tan 0.000000 -0.000000 -1.000000 1.000000
tan 0.000000 -0.000000 -1.000000 1.000000
tan 0.000000 -0.000000 -1.000000 1.000000
tan 0.000000 -0.000000 -1.000000 1.000000
tan 0.000000 -0.000000 -1.000000 1.000000
tan 0.000000 -0.000000 -1.000000 1.000000
tan 0.000000 -0.000000 -1.000000 1.000000
f 3/3/3 2/2/2 1/1/1
f 4/4/4 1/1/1 2/2/2
f 2/2/2 5/5/5 4/4/4
f 1/1/1 4/4/4 6/6/6
f 7/7/7 4/4/4 5/5/5
f 5/5/5 8/8/8 7/7/7
f 9/9/9 6/6/6 4/4/4
f 4/4/4 7/7/7 9/9/9
f 6/6/6 9/9/9 10/10/10
f 11/11/11 7/7/7 8/8/8
f 8/8/8 12/12/12 11/11/11
f 13/13/13 10/10/10 9/9/9
f 10/10/10 13/13/13 14/14/14
f 15/15/15 9/9/9 7/7/7
f 9/9/9 15/15/15 13/13/13
f 7/7/7 11/11/11 15/15/15
f 16/16/16 14/14/14 13/13/13
f 14/14/14 16/16/16 17/17/17
f 18/18/18 13/13/13 15/15/15
f 13/13/13 18/18/18 16/16/16
f 19/19/19 15/15/15 11/11/11
f 20/20/20 17/17/17 16/16/16
f 17/17/17 20/20/20 21/21/21
f 22/22/22 11/11/11 12/12/12
f 11/11/11 22/22/22 19/19/19
f 12/12/12 23/23/23 22/22/22
f 24/24/24 21/21/21 20/20/20
f 21/21/21 24/24/24 25/25/25
f 26/26/26 22/22/22 23/23/23
f 23/23/23 27/27/27 26/26/26
f 28/28/28 25/25/25 24/24/24
f 25/25/25 28/28/28 29/29/29
f 30/30/30 26/26/26 27/27/27
f 27/27/27 31/31/31 30/30/30
f 32/32/32 29/29/29 28/28/28
f 29/29/29 32/32/32 33/33/33
f 34/34/34 30/30/30 31/31/31
f 31/31/31 35/35/35 34/34/34
f 36/36/36 33/33/33 32/32/32
f 33/33/33 36/36/36 37/37/37
f 38/38/38 34/34/34 35/35/35
f 35/35/35 39/39/39 38/38/38
f 32/32/32 40/40/40 36/36/36
f 32/32/32 28/28/28 40/40/40
f 41/41/41 38/38/38 39/39/39
f 39/39/39 42/42/42 41/41/41
f 43/43/43 40/40/40 28/28/28
f 28/28/28 24/24/24 43/43/43
f 44/44/44 41/41/41 42/42/42
f 42/42/42 45/45/45 44/44/44
f 46/46/46 43/43/43 24/24/24
f 24/24/24 20/20/20 46/46/46
f 47/47/47 44/44/44 45/45/45
f 45/45/45 48/48/48 47/47/47
f 49/49/49 46/46/46 20/20/20
f 20/20/20 16/16/16 49/49/49
f 50/50/50 47/47/47 48/48/48
f 48/48/48 51/51/51 50/50/50
f 49/49/49 16/16/16 52/52/52
f 52/52/52 16/16/16 18/18/18
f 53/53/53 50/50/50 51/51/51
f 51/51/51 54/54/54 53/53/53
f 52/52/52 18/18/18 55/55/55
f 56/56/56 53/53/53 54/54/54
f 54/54/54 57/57/57 56/56/56
f 58/58/58 55/55/55 18/18/18
f 18/18/18 15/15/15 58/58/58
f 19/19/19 58/58/58 15/15/15
f 59/59/59 56/56/56 57/57/57
f 57/57/57 60/60/60 59/59/59
f 58/58/58 19/19/19 61/61/61
f 62/62/62 59/59/59 60/60/60
f 60/60/60 63/63/63 62/62/62
f 64/64/64 61/61/61 19/19/19
f 64/64/64 19/19/19 22/22/22
f 22/22/22 26/26/26 64/64/64
f 65/65/65 62/62/62 63/63/63
f 63/63/63 66/66/66 65/65/65
f 67/67/67 64/64/64 26/26/26
f 26/26/26 30/30/30 67/67/67
f 68/68/68 65/65/65 66/66/66
f 66/66/66 69/69/69 68/68/68
f 70/70/70 67/67/67 30/30/30
f 30/30/30 34/34/34 70/70/70
f 67/67/67 71/71/71 64/64/64
f 61/61/61 64/64/64 71/71/71
f 70/70/70 72/72/72 67/67/67
f 71/71/71 67/67/67 72/72/72
f 73/73/73 70/70/70 34/34/34
f 34/34/34 38/38/38 73/73/73
f 72/72/72 70/70/70 74/74/74
f 73/73/73 74/74/74 70/70/70
f 75/75/75 73/73/73 38/38/38
f 38/38/38 41/41/41 75/75/75
f 74/74/74 73/73/73 76/76/76
f 75/75/75 76/76/76 73/73/73
f 77/77/77 75/75/75 41/41/41
f 41/41/41 44/44/44 77/77/77
f 76/76/76 75/75/75 78/78/78
f 77/77/77 78/78/78 75/75/75
f 79/79/79 77/77/77 44/44/44
f 44/44/44 47/47/47 79/79/79
f 79/79/79 80/80/80 77/77/77
f 78/78/78 77/77/77 80/80/80
f 81/81/81 79/79/79 47/47/47
f 79/79/79 81/81/81 80/80/80
f 47/47/47 50/50/50 81/81/81
f 82/82/82 81/81/81 50/50/50
f 50/50/50 53/53/53 82/82/82
f 83/83/83 80/80/80 81/81/81
f 81/81/81 82/82/82 83/83/83
f 84/84/84 82/82/82 53/53/53
f 53/53/53 56/56/56 84/84/84
f 85/85/85 83/83/83 82/82/82
f 82/82/82 84/84/84 85/85/85
f 86/86/86 84/84/84 56/56/56
f 56/56/56 59/59/59 86/86/86
f 87/87/87 85/85/85 84/84/84
f 84/84/84 86/86/86 87/87/87
f 88/88/88 86/86/86 59/59/59
f 59/59/59 62/62/62 88/88/88
f 89/89/89 87/87/87 86/86/86
f 86/86/86 88/88/88 89/89/89
f 90/90/90 88/88/88 62/62/62
f 62/62/62 65/65/65 90/90/90
f 91/91/91 89/89/89 88/88/88
f 88/88/88 90/90/90 91/91/91
f 92/92/92 90/90/90 65/65/65
f 65/65/65 68/68/68 92/92/92
f 93/93/93 91/91/91 90/90/90
f 90/90/90 92/92/92 93/93/93
f 91/91/91 94/94/94 89/89/89
f 93/93/93 95/95/95 91/91/91
f 94/94/94 91/91/91 95/95/95
f 96/96/96 93/93/93 92/92/92
f 95/95/95 93/93/93 97/97/97
f 96/96/96 97/97/97 93/93/93
f 98/98/98 92/92/92 68/68/68
f 92/92/92 98/98/98 96/96/96
f 68/68/68 99/99/99 98/98/98
f 99/99/99 68/68/68 69/69/69
f 69/69/69 100/100/100 99/99/99
f 101/101/101 96/96/96 98/98/98
f 102/102/102 99/99/99 100/100/100
f 100/100/100 103/103/103 102/102/102
f 104/104/104 98/98/98 99/99/99
f 99/99/99 102/102/102 104/104/104
f 98/98/98 104/104/104 101/101/101
f 105/105/105 102/102/102 103/103/103
f 103/103/103 106/106/106 105/105/105
f 107/107/107 104/104/104 102/102/102
f 102/102/102 105/105/105 107/107/107
f 108/108/108 105/105/105 106/106/106
f 106/106/106 109/109/109 108/108/108
f 110/110/110 107/107/107 105/105/105
f 105/105/105 108/108/108 110/110/110
f 104/104/104 107/107/107 111/111/111
f 111/111/111 101/101/101 104/104/104
f 107/107/107 110/110/110 112/112/112
f 112/112/112 111/111/111 107/107/107
f 113/113/113 108/108/108 109/109/109
f 109/109/109 114/114/114 113/113/113
f 115/115/115 110/110/110 108/108/108
f 108/108/108 113/113/113 115/115/115
f 116/116/116 113/113/113 114/114/114
f 114/114/114 117/117/117 116/116/116
f 118/118/118 116/116/116 117/117/117
f 113/113/113 116/116/116 119/119/119
f 119/119/119 115/115/115 113/113/113
f 116/116/116 118/118/118 120/120/120
f 120/120/120 119/119/119 116/116/116
f 121/121/121 120/120/120 118/118/118
f 115/115/115 119/119/119 122/122/122
f 120/120/120 121/121/121 123/123/123
f 124/124/124 123/123/123 121/121/121
f 124/124/124 125/125/125 123/123/123
f 119/119/119 120/120/120 126/126/126
f 123/123/123 126/126/126 120/120/120
f 126/126/126 122/122/122 119/119/119
f 127/127/127 123/123/123 125/125/125
f 123/123/123 127/127/127 126/126/126
f 125/125/125 128/128/128 127/127/127
f 129/129/129 126/126/126 127/127/127
f 126/126/126 129/129/129 122/122/122
f 127/127/127 128/128/128 130/130/130
f 127/127/127 130/130/130 129/129/129
f 128/128/128 131/131/131 130/130/130
f 132/132/132 122/122/122 129/129/129
f 130/130/130 131/131/131 133/133/133
f 134/134/134 133/133/133 131/131/131
f 129/129/129 130/130/130 135/135/135
f 130/130/130 133/133/133 135/135/135
f 129/129/129 135/135/135 132/132/132
f 133/133/133 134/134/134 136/136/136
f 134/134/134 137/137/137 136/136/136
f 135/135/135 133/133/133 138/138/138
f 136/136/136 138/138/138 133/133/133
f 132/132/132 135/135/135 139/139/139
f 135/135/135 138/138/138 139/139/139
f 122/122/122 132/132/132 140/140/140
f 122/122/122 140/140/140 115/115/115
f 110/110/110 115/115/115 140/140/140
f 140/140/140 112/112/112 110/110/110
f 141/141/141 140/140/140 132/132/132
f 140/140/140 141/141/141 112/112/112
f 132/132/132 139/139/139 141/141/141
f 142/142/142 112/112/112 141/141/141
f 112/112/112 142/142/142 111/111/111
f 141/141/141 139/139/139 143/143/143
f 141/141/141 143/143/143 142/142/142
f 144/144/144 111/111/111 142/142/142
f 111/111/111 144/144/144 101/101/101
f 142/142/142 143/143/143 145/145/145
f 142/142/142 145/145/145 144/144/144
f 139/139/139 146/146/146 143/143/143
f 139/139/139 138/138/138 146/146/146
f 147/147/147 101/101/101 144/144/144
f 101/101/101 147/147/147 96/96/96
f 97/97/97 96/96/96 147/147/147
f 144/144/144 148/148/148 147/147/147
f 144/144/144 145/145/145 148/148/148
f 147/147/147 149/149/149 97/97/97
f 147/147/147 148/148/148 149/149/149
f 97/97/97 149/149/149 150/150/150
f 97/97/97 150/150/150 95/95/95
f 148/148/148 151/151/151 149/149/149
f 95/95/95 150/150/150 152/152/152
f 95/95/95 152/152/152 94/94/94
f 149/149/149 153/153/153 150/150/150
f 149/149/149 151/151/151 153/153/153
f 150/150/150 154/154/154 152/152/152
f 150/150/150 153/153/153 154/154/154
f 94/94/94 152/152/152 155/155/155
f 152/152/152 154/154/154 156/156/156
f 152/152/152 156/156/156 155/155/155
f 157/157/157 154/154/154 153/153/153
f 94/94/94 155/155/155 158/158/158
f 158/158/158 89/89/89 94/94/94
f 89/89/89 158/158/158 87/87/87
f 159/159/159 87/87/87 158/158/158
f 87/87/87 159/159/159 85/85/85
f 158/158/158 155/155/155 160/160/160
f 158/158/158 160/160/160 159/159/159
f 161/161/161 85/85/85 159/159/159
f 85/85/85 161/161/161 83/83/83
f 159/159/159 160/160/160 162/162/162
f 159/159/159 162/162/162 161/161/161
f 155/155/155 163/163/163 160/160/160
f 155/155/155 156/156/156 163/163/163
f 164/164/164 83/83/83 161/161/161
f 83/83/83 164/164/164 80/80/80
f 165/165/165 161/161/161 162/162/162
f 161/161/161 165/165/165 164/164/164
f 160/160/160 166/166/166 162/162/162
f 160/160/160 163/163/163 166/166/166
f 167/167/167 80/80/80 164/164/164
f 80/80/80 167/167/167 78/78/78
f 168/168/168 164/164/164 165/165/165
f 164/164/164 168/168/168 167/167/167
f 169/169/169 165/165/165 162/162/162
f 162/162/162 166/166/166 169/169/169
f 170/170/170 78/78/78 167/167/167
f 78/78/78 170/170/170 76/76/76
f 171/171/171 167/167/167 168/168/168
f 167/167/167 171/171/171 170/170/170
f 172/172/172 168/168/168 165/165/165
f 165/165/165 169/169/169 172/172/172
f 173/173/173 76/76/76 170/170/170
f 76/76/76 173/173/173 74/74/74
f 174/174/174 170/170/170 171/171/171
f 170/170/170 174/174/174 173/173/173
f 175/175/175 171/171/171 168/168/168
f 168/168/168 172/172/172 175/175/175
f 176/176/176 74/74/74 173/173/173
f 74/74/74 176/176/176 72/72/72
f 177/177/177 173/173/173 174/174/174
f 173/173/173 177/177/177 176/176/176
f 178/178/178 174/174/174 171/171/171
f 171/171/171 175/175/175 178/178/178
f 179/179/179 72/72/72 176/176/176
f 72/72/72 179/179/179 71/71/71
f 180/180/180 176/176/176 177/177/177
f 176/176/176 180/180/180 179/179/179
f 181/181/181 177/177/177 174/174/174
f 174/174/174 178/178/178 181/181/181
f 182/182/182 71/71/71 179/179/179
f 71/71/71 182/182/182 61/61/61
f 183/183/183 179/179/179 180/180/180
f 179/179/179 183/183/183 182/182/182
f 184/184/184 180/180/180 177/177/177
f 177/177/177 181/181/181 184/184/184
f 185/185/185 61/61/61 182/182/182
f 61/61/61 185/185/185 58/58/58
f 55/55/55 58/58/58 185/185/185
f 182/182/182 186/186/186 185/185/185
f 186/186/186 182/182/182 183/183/183
f 185/185/185 187/187/187 55/55/55
f 187/187/187 185/185/185 186/186/186
f 188/188/188 55/55/55 187/187/187
f 55/55/55 188/188/188 52/52/52
f 49/49/49 52/52/52 188/188/188
f 189/189/189 187/187/187 186/186/186
f 188/188/188 190/190/190 49/49/49
f 49/49/49 190/190/190 46/46/46
f 187/187/187 191/191/191 188/188/188
f 188/188/188 191/191/191 190/190/190
f 187/187/187 189/189/189 191/191/191
f 190/190/190 192/192/192 46/46/46
f 46/46/46 192/192/192 43/43/43
f 191/191/191 193/193/193 190/190/190
f 190/190/190 193/193/193 192/192/192
f 192/192/192 194/194/194 43/43/43
f 43/43/43 194/194/194 40/40/40
f 193/193/193 195/195/195 192/192/192
f 192/192/192 195/195/195 194/194/194
f 191/191/191 196/196/196 193/193/193
f 189/189/189 196/196/196 191/191/191
f 193/193/193 197/197/197 195/195/195
f 196/196/196 197/197/197 193/193/193
f 195/195/195 198/198/198 194/194/194
f 197/197/197 199/199/199 195/195/195
f 198/198/198 195/195/195 199/199/199
f 196/196/196 200/200/200 197/197/197
f 201/201/201 194/194/194 198/198/198
f 194/194/194 201/201/201 40/40/40
f 200/200/200 202/202/202 197/197/197
f 199/199/199 197/197/197 202/202/202
f 203/203/203 40/40/40 201/201/201
f 203/203/203 36/36/36 40/40/40
f 36/36/36 203/203/203 204/204/204
f 204/204/204 37/37/37 36/36/36
f 203/203/203 201/201/201 205/205/205
f 205/205/205 204/204/204 203/203/203
f 206/206/206 37/37/37 204/204/204
f 37/37/37 206/206/206 207/207/207
f 205/205/205 208/208/208 204/204/204
f 204/204/204 208/208/208 206/206/206
f 209/209/209 205/205/205 201/201/201
f 201/201/201 198/198/198 209/209/209
f 210/210/210 207/207/207 206/206/206
f 211/211/211 207/207/207 210/210/210
f 212/212/212 209/209/209 198/198/198
f 198/198/198 199/199/199 212/212/212
f 209/209/209 213/213/213 205/205/205
f 205/205/205 213/213/213 208/208/208
f 212/212/212 214/214/214 209/209/209
f 209/209/209 214/214/214 213/213/213
f 215/215/215 212/212/212 199/199/199
f 199/199/199 202/202/202 215/215/215
f 212/212/212 216/216/216 214/214/214
f 215/215/215 216/216/216 212/212/212
f 214/214/214 217/217/217 213/213/213
f 216/216/216 218/218/218 214/214/214
f 217/217/217 214/214/214 218/218/218
f 213/213/213 219/219/219 208/208/208
f 219/219/219 213/213/213 217/217/217
f 208/208/208 220/220/220 206/206/206
f 220/220/220 208/208/208 219/219/219
f 206/206/206 220/220/220 210/210/210
f 220/220/220 219/219/219 221/221/221
f 220/220/220 221/221/221 210/210/210
f 219/219/219 217/217/217 222/222/222
f 222/222/222 221/221/221 219/219/219
f 210/210/210 221/221/221 223/223/223
f 223/223/223 211/211/211 210/210/210
f 224/224/224 211/211/211 223/223/223
f 221/221/221 225/225/225 223/223/223
f 221/221/221 222/222/222 225/225/225
f 226/226/226 224/224/224 223/223/223
f 226/226/226 223/223/223 225/225/225
f 227/227/227 224/224/224 226/226/226
f 228/228/228 227/227/227 226/226/226
f 226/226/226 225/225/225 228/228/228
f 229/229/229 227/227/227 228/228/228
f 230/230/230 225/225/225 222/222/222
f 228/228/228 231/231/231 229/229/229
f 232/232/232 229/229/229 231/231/231
f 233/233/233 228/228/228 225/225/225
f 228/228/228 233/233/233 231/231/231
f 225/225/225 230/230/230 233/233/233
f 231/231/231 234/234/234 232/232/232
f 232/232/232 234/234/234 235/235/235
f 236/236/236 231/231/231 233/233/233
f 231/231/231 236/236/236 234/234/234
f 237/237/237 233/233/233 230/230/230
f 233/233/233 237/237/237 236/236/236
f 234/234/234 238/238/238 235/235/235
f 235/235/235 238/238/238 239/239/239
f 240/240/240 234/234/234 236/236/236
f 234/234/234 240/240/240 238/238/238
f 241/241/241 236/236/236 237/237/237
f 236/236/236 241/241/241 240/240/240
f 242/242/242 239/239/239 238/238/238
f 239/239/239 242/242/242 243/243/243
f 245/245/245 243/243/243 244/244/244
f 242/242/242 244/244/244 243/243/243
f 242/242/242 246/246/246 244/244/244
f 246/246/246 242/242/242 247/247/247
f 238/238/238 247/247/247 242/242/242
f 247/247/247 248/248/248 246/246/246
f 249/249/249 238/238/238 240/240/240
f 249/249/249 247/247/247 238/238/238
f 240/240/240 250/250/250 249/249/249
f 250/250/250 240/240/240 241/241/241
f 249/249/249 251/251/251 247/247/247
f 251/251/251 249/249/249 250/250/250
f 248/248/248 247/247/247 252/252/252
f 252/252/252 247/247/247 251/251/251
f 252/252/252 253/253/253 248/248/248
f 250/250/250 254/254/254 251/251/251
f 253/253/253 252/252/252 255/255/255
f 255/255/255 256/256/256 253/253/253
f 251/251/251 257/257/257 252/252/252
f 255/255/255 252/252/252 257/257/257
f 257/257/257 251/251/251 254/254/254
f 256/256/256 255/255/255 258/258/258
f 258/258/258 259/259/259 256/256/256
f 257/257/257 260/260/260 255/255/255
f 258/258/258 255/255/255 260/260/260
f 259/259/259 258/258/258 261/261/261
f 261/261/261 262/262/262 259/259/259
f 260/260/260 263/263/263 258/258/258
f 261/261/261 258/258/258 263/263/263
f 262/262/262 261/261/261 264/264/264
f 263/263/263 264/264/264 261/261/261
f 264/264/264 265/265/265 262/262/262
f 260/260/260 257/257/257 266/266/266
f 254/254/254 266/266/266 257/257/257
f 265/265/265 264/264/264 267/267/267
f 267/267/267 268/268/268 265/265/265
f 269/269/269 267/267/267 264/264/264
f 269/269/269 264/264/264 263/263/263
f 268/268/268 267/267/267 270/270/270
f 270/270/270 271/271/271 268/268/268
f 272/272/272 267/267/267 269/269/269
f 272/272/272 270/270/270 267/267/267
f 271/271/271 270/270/270 273/273/273
f 273/273/273 274/274/274 271/271/271
f 275/275/275 270/270/270 272/272/272
f 275/275/275 273/273/273 270/270/270
f 274/274/274 273/273/273 276/276/276
f 276/276/276 277/277/277 274/274/274
f 278/278/278 273/273/273 275/275/275
f 278/278/278 276/276/276 273/273/273
f 277/277/277 276/276/276 279/279/279
f 277/277/277 279/279/279 280/280/280
f 281/281/281 276/276/276 278/278/278
f 281/281/281 279/279/279 276/276/276
f 282/282/282 280/280/280 279/279/279
f 280/280/280 282/282/282 283/283/283
f 284/284/284 279/279/279 281/281/281
f 284/284/284 282/282/282 279/279/279
f 281/281/281 278/278/278 285/285/285
f 286/286/286 283/283/283 282/282/282
f 287/287/287 285/285/285 278/278/278
f 278/278/278 275/275/275 287/287/287
f 285/285/285 288/288/288 281/281/281
f 284/284/284 281/281/281 288/288/288
f 289/289/289 287/287/287 275/275/275
f 275/275/275 272/272/272 289/289/289
f 290/290/290 282/282/282 284/284/284
f 290/290/290 286/286/286 282/282/282
f 291/291/291 289/289/289 272/272/272
f 272/272/272 269/269/269 291/291/291
f 290/290/290 284/284/284 292/292/292
f 288/288/288 292/292/292 284/284/284
f 293/293/293 291/291/291 269/269/269
f 269/269/269 263/263/263 293/293/293
f 289/289/289 291/291/291 294/294/294
f 295/295/295 293/293/293 263/263/263
f 263/263/263 260/260/260 295/295/295
f 266/266/266 295/295/295 260/260/260
f 291/291/291 293/293/293 296/296/296
f 296/296/296 294/294/294 291/291/291
f 293/293/293 295/295/295 297/297/297
f 297/297/297 296/296/296 293/293/293
f 295/295/295 266/266/266 298/298/298
f 298/298/298 297/297/297 295/295/295
f 299/299/299 298/298/298 266/266/266
f 266/266/266 254/254/254 299/299/299
f 297/297/297 298/298/298 300/300/300
f 301/301/301 299/299/299 254/254/254
f 254/254/254 250/250/250 301/301/301
f 241/241/241 301/301/301 250/250/250
f 298/298/298 299/299/299 302/302/302
f 302/302/302 300/300/300 298/298/298
f 299/299/299 301/301/301 303/303/303
f 303/303/303 302/302/302 299/299/299
f 301/301/301 241/241/241 304/304/304
f 304/304/304 303/303/303 301/301/301
f 237/237/237 304/304/304 241/241/241
f 302/302/302 303/303/303 305/305/305
f 304/304/304 237/237/237 306/306/306
f 230/230/230 306/306/306 237/237/237
f 303/303/303 304/304/304 307/307/307
f 306/306/306 307/307/307 304/304/304
f 307/307/307 305/305/305 303/303/303
f 306/306/306 230/230/230 308/308/308
f 222/222/222 308/308/308 230/230/230
f 308/308/308 222/222/222 217/217/217
f 217/217/217 218/218/218 308/308/308
f 308/308/308 309/309/309 306/306/306
f 309/309/309 308/308/308 218/218/218
f 307/307/307 306/306/306 309/309/309
f 218/218/218 310/310/310 309/309/309
f 218/218/218 216/216/216 310/310/310
f 309/309/309 311/311/311 307/307/307
f 311/311/311 309/309/309 310/310/310
f 305/305/305 307/307/307 311/311/311
f 312/312/312 310/310/310 216/216/216
f 215/215/215 312/312/312 216/216/216
f 310/310/310 313/313/313 311/311/311
f 310/310/310 312/312/312 313/313/313
f 311/311/311 314/314/314 305/305/305
f 314/314/314 311/311/311 313/313/313
f 315/315/315 312/312/312 215/215/215
f 315/315/315 215/215/215 202/202/202
f 316/316/316 313/313/313 312/312/312
f 315/315/315 316/316/316 312/312/312
f 313/313/313 317/317/317 314/314/314
f 313/313/313 316/316/316 317/317/317
f 318/318/318 305/305/305 314/314/314
f 305/305/305 318/318/318 302/302/302
f 300/300/300 302/302/302 318/318/318
f 314/314/314 319/319/319 318/318/318
f 319/319/319 314/314/314 317/317/317
f 318/318/318 320/320/320 300/300/300
f 320/320/320 318/318/318 319/319/319
f 321/321/321 300/300/300 320/320/320
f 300/300/300 321/321/321 297/297/297
f 296/296/296 297/297/297 321/321/321
f 319/319/319 322/322/322 320/320/320
f 321/321/321 323/323/323 296/296/296
f 320/320/320 324/324/324 321/321/321
f 323/323/323 321/321/321 324/324/324
f 324/324/324 320/320/320 322/322/322
f 294/294/294 296/296/296 323/323/323
f 322/322/322 319/319/319 325/325/325
f 317/317/317 325/325/325 319/319/319
f 323/323/323 326/326/326 294/294/294
f 317/317/317 327/327/327 325/325/325
f 327/327/327 317/317/317 316/316/316
f 328/328/328 294/294/294 326/326/326
f 294/294/294 328/328/328 289/289/289
f 287/287/287 289/289/289 328/328/328
f 329/329/329 327/327/327 316/316/316
f 329/329/329 316/316/316 315/315/315
f 328/328/328 330/330/330 287/287/287
f 285/285/285 287/287/287 330/330/330
f 329/329/329 315/315/315 331/331/331
f 202/202/202 331/331/331 315/315/315
f 330/330/330 332/332/332 285/285/285
f 288/288/288 285/285/285 332/332/332
f 330/330/330 328/328/328 333/333/333
f 326/326/326 333/333/333 328/328/328
f 332/332/332 330/330/330 334/334/334
f 333/333/333 334/334/334 330/330/330
f 332/332/332 335/335/335 288/288/288
f 292/292/292 288/288/288 335/335/335
f 334/334/334 336/336/336 332/332/332
f 335/335/335 332/332/332 336/336/336
f 334/334/334 333/333/333 337/337/337
f 336/336/336 334/334/334 338/338/338
f 337/337/337 338/338/338 334/334/334
f 336/336/336 339/339/339 335/335/335
f 340/340/340 337/337/337 333/333/333
f 333/333/333 326/326/326 340/340/340
f 341/341/341 335/335/335 339/339/339
f 335/335/335 341/341/341 292/292/292
f 342/342/342 340/340/340 326/326/326
f 326/326/326 323/323/323 342/342/342
f 324/324/324 342/342/342 323/323/323
f 343/343/343 292/292/292 341/341/341
f 292/292/292 343/343/343 290/290/290
f 342/342/342 324/324/324 344/344/344
f 322/322/322 344/344/344 324/324/324
f 340/340/340 342/342/342 345/345/345
f 344/344/344 345/345/345 342/342/342
f 345/345/345 346/346/346 340/340/340
f 337/337/337 340/340/340 346/346/346
f 345/345/345 344/344/344 347/347/347
f 345/345/345 347/347/347 346/346/346
f 344/344/344 322/322/322 348/348/348
f 348/348/348 347/347/347 344/344/344
f 325/325/325 348/348/348 322/322/322
f 346/346/346 349/349/349 337/337/337
f 338/338/338 337/337/337 349/349/349
f 325/325/325 350/350/350 348/348/348
f 350/350/350 325/325/325 327/327/327
f 351/351/351 348/348/348 350/350/350
f 348/348/348 351/351/351 347/347/347
f 352/352/352 350/350/350 327/327/327
f 352/352/352 327/327/327 329/329/329
f 353/353/353 351/351/351 350/350/350
f 353/353/353 350/350/350 352/352/352
f 352/352/352 329/329/329 354/354/354
f 331/331/331 354/354/354 329/329/329
f 353/353/353 352/352/352 355/355/355
f 354/354/354 355/355/355 352/352/352
f 356/356/356 351/351/351 353/353/353
f 355/355/355 357/357/357 353/353/353
f 356/356/356 353/353/353 357/357/357
f 355/355/355 354/354/354 358/358/358
f 357/357/357 355/355/355 359/359/359
f 358/358/358 359/359/359 355/355/355
f 354/354/354 331/331/331 360/360/360
f 360/360/360 358/358/358 354/354/354
f 361/361/361 360/360/360 331/331/331
f 331/331/331 202/202/202 361/361/361
f 200/200/200 361/361/361 202/202/202
f 362/362/362 358/358/358 360/360/360
f 363/363/363 361/361/361 200/200/200
f 363/363/363 200/200/200 196/196/196
f 189/189/189 363/363/363 196/196/196
f 364/364/364 360/360/360 361/361/361
f 364/364/364 361/361/361 363/363/363
f 362/362/362 360/360/360 364/364/364
f 365/365/365 363/363/363 189/189/189
f 365/365/365 364/364/364 363/363/363
f 186/186/186 365/365/365 189/189/189
f 365/365/365 186/186/186 183/183/183
f 366/366/366 364/364/364 365/365/365
f 183/183/183 366/366/366 365/365/365
f 366/366/366 362/362/362 364/364/364
f 366/366/366 183/183/183 180/180/180
f 180/180/180 184/184/184 366/366/366
f 184/184/184 362/362/362 366/366/366
f 184/184/184 367/367/367 362/362/362
f 367/367/367 358/358/358 362/362/362
f 181/181/181 367/367/367 184/184/184
f 367/367/367 359/359/359 358/358/358
f 181/181/181 368/368/368 367/367/367
f 368/368/368 359/359/359 367/367/367
f 178/178/178 368/368/368 181/181/181
f 368/368/368 369/369/369 359/359/359
f 359/359/359 369/369/369 357/357/357
f 178/178/178 370/370/370 368/368/368
f 370/370/370 369/369/369 368/368/368
f 175/175/175 370/370/370 178/178/178
f 371/371/371 357/357/357 369/369/369
f 357/357/357 371/371/371 356/356/356
f 370/370/370 372/372/372 369/369/369
f 369/369/369 372/372/372 371/371/371
f 175/175/175 373/373/373 370/370/370
f 373/373/373 372/372/372 370/370/370
f 172/172/172 373/373/373 175/175/175
f 374/374/374 371/371/371 372/372/372
f 172/172/172 375/375/375 373/373/373
f 169/169/169 375/375/375 172/172/172
f 373/373/373 376/376/376 372/372/372
f 375/375/375 376/376/376 373/373/373
f 372/372/372 376/376/376 374/374/374
f 169/169/169 377/377/377 375/375/375
f 166/166/166 377/377/377 169/169/169
f 375/375/375 378/378/378 376/376/376
f 377/377/377 378/378/378 375/375/375
f 379/379/379 374/374/374 376/376/376
f 376/376/376 378/378/378 379/379/379
f 166/166/166 380/380/380 377/377/377
f 380/380/380 166/166/166 163/163/163
f 377/377/377 381/381/381 378/378/378
f 380/380/380 381/381/381 377/377/377
f 163/163/163 382/382/382 380/380/380
f 382/382/382 163/163/163 156/156/156
f 380/380/380 383/383/383 381/381/381
f 382/382/382 383/383/383 380/380/380
f 378/378/378 381/381/381 384/384/384
f 384/384/384 379/379/379 378/378/378
f 381/381/381 383/383/383 385/385/385
f 385/385/385 384/384/384 381/381/381
f 156/156/156 386/386/386 382/382/382
f 386/386/386 156/156/156 154/154/154
f 154/154/154 157/157/157 386/386/386
f 382/382/382 387/387/387 383/383/383
f 386/386/386 387/387/387 382/382/382
f 383/383/383 387/387/387 388/388/388
f 388/388/388 385/385/385 383/383/383
f 386/386/386 389/389/389 387/387/387
f 157/157/157 389/389/389 386/386/386
f 390/390/390 388/388/388 387/387/387
f 387/387/387 389/389/389 390/390/390
f 388/388/388 391/391/391 385/385/385
f 390/390/390 392/392/392 388/388/388
f 388/388/388 392/392/392 391/391/391
f 393/393/393 390/390/390 389/389/389
f 385/385/385 391/391/391 394/394/394
f 385/385/385 394/394/394 384/384/384
f 157/157/157 395/395/395 389/389/389
f 389/389/389 395/395/395 393/393/393
f 396/396/396 395/395/395 157/157/157
f 153/153/153 396/396/396 157/157/157
f 396/396/396 153/153/153 151/151/151
f 396/396/396 397/397/397 395/395/395
f 151/151/151 398/398/398 396/396/396
f 398/398/398 397/397/397 396/396/396
f 398/398/398 151/151/151 399/399/399
f 148/148/148 399/399/399 151/151/151
f 145/145/145 399/399/399 148/148/148
f 145/145/145 400/400/400 399/399/399
f 143/143/143 400/400/400 145/145/145
f 143/143/143 146/146/146 400/400/400
f 399/399/399 401/401/401 398/398/398
f 401/401/401 399/399/399 400/400/400
f 402/402/402 400/400/400 146/146/146
f 400/400/400 402/402/402 401/401/401
f 401/401/401 403/403/403 398/398/398
f 398/398/398 403/403/403 397/397/397
f 402/402/402 404/404/404 401/401/401
f 401/401/401 404/404/404 403/403/403
f 146/146/146 405/405/405 402/402/402
f 405/405/405 146/146/146 138/138/138
f 138/138/138 136/136/136 405/405/405
f 405/405/405 406/406/406 402/402/402
f 402/402/402 406/406/406 404/404/404
f 136/136/136 407/407/407 405/405/405
f 405/405/405 407/407/407 406/406/406
f 136/136/136 137/137/137 407/407/407
f 404/404/404 406/406/406 408/408/408
f 407/407/407 137/137/137 409/409/409
f 410/410/410 409/409/409 137/137/137
f 410/410/410 411/411/411 409/409/409
f 406/406/406 407/407/407 412/412/412
f 409/409/409 412/412/412 407/407/407
f 412/412/412 408/408/408 406/406/406
f 409/409/409 411/411/411 413/413/413
f 409/409/409 413/413/413 412/412/412
f 411/411/411 414/414/414 413/413/413
f 412/412/412 413/413/413 415/415/415
f 412/412/412 415/415/415 408/408/408
f 413/413/413 414/414/414 416/416/416
f 413/413/413 416/416/416 415/415/415
f 417/417/417 416/416/416 414/414/414
f 408/408/408 415/415/415 418/418/418
f 419/419/419 416/416/416 417/417/417
f 420/420/420 419/419/419 417/417/417
f 415/415/415 416/416/416 421/421/421
f 419/419/419 421/421/421 416/416/416
f 415/415/415 421/421/421 418/418/418
f 422/422/422 419/419/419 420/420/420
f 423/423/423 421/421/421 419/419/419
f 422/422/422 423/423/423 419/419/419
f 418/418/418 421/421/421 424/424/424
f 423/423/423 424/424/424 421/421/421
f 408/408/408 418/418/418 425/425/425
f 408/408/408 425/425/425 404/404/404
f 403/403/403 404/404/404 425/425/425
f 425/425/425 418/418/418 426/426/426
f 418/418/418 424/424/424 426/426/426
f 425/425/425 427/427/427 403/403/403
f 425/425/425 426/426/426 427/427/427
f 397/397/397 403/403/403 427/427/427
f 426/426/426 424/424/424 428/428/428
f 427/427/427 429/429/429 397/397/397
f 395/395/395 397/397/397 429/429/429
f 429/429/429 393/393/393 395/395/395
f 427/427/427 426/426/426 430/430/430
f 427/427/427 430/430/430 429/429/429
f 426/426/426 428/428/428 430/430/430
f 429/429/429 431/431/431 393/393/393
f 429/429/429 430/430/430 431/431/431
f 393/393/393 431/431/431 432/432/432
f 393/393/393 432/432/432 390/390/390
f 390/390/390 432/432/432 392/392/392
f 430/430/430 433/433/433 431/431/431
f 430/430/430 428/428/428 433/433/433
f 431/431/431 434/434/434 432/432/432
f 431/431/431 433/433/433 434/434/434
f 432/432/432 435/435/435 392/392/392
f 432/432/432 434/434/434 435/435/435
f 392/392/392 435/435/435 436/436/436
f 392/392/392 436/436/436 391/391/391
f 437/437/437 435/435/435 434/434/434
f 391/391/391 436/436/436 438/438/438
f 391/391/391 438/438/438 394/394/394
f 439/439/439 436/436/436 435/435/435
f 439/439/439 435/435/435 437/437/437
f 440/440/440 438/438/438 436/436/436
f 440/440/440 436/436/436 439/439/439
f 394/394/394 438/438/438 441/441/441
f 442/442/442 438/438/438 440/440/440
f 442/442/442 441/441/441 438/438/438
f 443/443/443 440/440/440 439/439/439
f 394/394/394 441/441/441 444/444/444
f 384/384/384 394/394/394 444/444/444
f 443/443/443 439/439/439 445/445/445
f 445/445/445 439/439/439 437/437/437
f 444/444/444 446/446/446 384/384/384
f 379/379/379 384/384/384 446/446/446
f 444/444/444 441/441/441 447/447/447
f 444/444/444 447/447/447 446/446/446
f 446/446/446 448/448/448 379/379/379
f 374/374/374 379/379/379 448/448/448
f 446/446/446 447/447/447 449/449/449
f 446/446/446 449/449/449 448/448/448
f 450/450/450 447/447/447 441/441/441
f 450/450/450 441/441/441 442/442/442
f 447/447/447 451/451/451 449/449/449
f 451/451/451 447/447/447 450/450/450
f 448/448/448 449/449/449 452/452/452
f 448/448/448 453/453/453 374/374/374
f 448/448/448 452/452/452 453/453/453
f 371/371/371 374/374/374 453/453/453
f 453/453/453 356/356/356 371/371/371
f 453/453/453 454/454/454 356/356/356
f 453/453/453 452/452/452 454/454/454
f 356/356/356 454/454/454 351/351/351
f 454/454/454 347/347/347 351/351/351
f 347/347/347 454/454/454 455/455/455
f 452/452/452 455/455/455 454/454/454
f 455/455/455 346/346/346 347/347/347
f 346/346/346 455/455/455 349/349/349
f 455/455/455 452/452/452 456/456/456
f 456/456/456 349/349/349 455/455/455
f 449/449/449 456/456/456 452/452/452
f 456/456/456 449/449/449 451/451/451
f 349/349/349 456/456/456 457/457/457
f 451/451/451 457/457/457 456/456/456
f 349/349/349 457/457/457 338/338/338
f 457/457/457 451/451/451 458/458/458
f 458/458/458 451/451/451 450/450/450
f 459/459/459 338/338/338 457/457/457
f 457/457/457 458/458/458 459/459/459
f 338/338/338 459/459/459 336/336/336
f 339/339/339 336/336/336 459/459/459
f 458/458/458 450/450/450 460/460/460
f 460/460/460 450/450/450 442/442/442
f 461/461/461 459/459/459 458/458/458
f 459/459/459 461/461/461 339/339/339
f 458/458/458 460/460/460 461/461/461
f 462/462/462 339/339/339 461/461/461
f 339/339/339 462/462/462 341/341/341
f 463/463/463 461/461/461 460/460/460
f 461/461/461 463/463/463 462/462/462
f 460/460/460 442/442/442 464/464/464
f 460/460/460 464/464/464 463/463/463
f 464/464/464 442/442/442 440/440/440
f 464/464/464 440/440/440 443/443/443
f 465/465/465 463/463/463 464/464/464
f 464/464/464 443/443/443 465/465/465
f 466/466/466 462/462/462 463/463/463
f 463/463/463 465/465/465 466/466/466
f 467/467/467 341/341/341 462/462/462
f 462/462/462 466/466/466 467/467/467
f 341/341/341 467/467/467 343/343/343
f 468/468/468 465/465/465 443/443/443
f 443/443/443 445/445/445 468/468/468
f 469/469/469 466/466/466 465/465/465
f 465/465/465 468/468/468 469/469/469
f 470/470/470 467/467/467 466/466/466
f 466/466/466 469/469/469 470/470/470
f 471/471/471 343/343/343 467/467/467
f 467/467/467 470/470/470 471/471/471
f 343/343/343 471/471/471 472/472/472
f 472/472/472 290/290/290 343/343/343
f 472/472/472 286/286/286 290/290/290
f 473/473/473 471/471/471 470/470/470
f 472/472/472 474/474/474 286/286/286
f 286/286/286 474/474/474 283/283/283
f 475/475/475 283/283/283 474/474/474
f 476/476/476 472/472/472 471/471/471
f 476/476/476 474/474/474 472/472/472
f 471/471/471 473/473/473 476/476/476
f 474/474/474 477/477/477 475/475/475
f 476/476/476 477/477/477 474/474/474
f 478/478/478 475/475/475 477/477/477
f 479/479/479 477/477/477 476/476/476
f 479/479/479 476/476/476 473/473/473
f 477/477/477 480/480/480 478/478/478
f 479/479/479 480/480/480 477/477/477
f 481/481/481 478/478/478 480/480/480
f 473/473/473 482/482/482 479/479/479
f 480/480/480 483/483/483 481/481/481
f 484/484/484 481/481/481 483/483/483
f 485/485/485 480/480/480 479/479/479
f 485/485/485 483/483/483 480/480/480
f 485/485/485 479/479/479 482/482/482
f 483/483/483 486/486/486 484/484/484
f 487/487/487 484/484/484 486/486/486
f 488/488/488 483/483/483 485/485/485
f 488/488/488 486/486/486 483/483/483
f 482/482/482 489/489/489 485/485/485
f 488/488/488 485/485/485 489/489/489
f 486/486/486 490/490/490 487/487/487
f 491/491/491 487/487/487 490/490/490
f 492/492/492 486/486/486 488/488/488
f 492/492/492 490/490/490 486/486/486
f 489/489/489 493/493/493 488/488/488
f 492/492/492 488/488/488 493/493/493
f 490/490/490 494/494/494 491/491/491
f 495/495/495 491/491/491 494/494/494
f 496/496/496 490/490/490 492/492/492
f 496/496/496 494/494/494 490/490/490
f 493/493/493 497/497/497 492/492/492
f 496/496/496 492/492/492 497/497/497
f 494/494/494 498/498/498 495/495/495
f 499/499/499 495/495/495 498/498/498
f 500/500/500 494/494/494 496/496/496
f 500/500/500 498/498/498 494/494/494
f 497/497/497 501/501/501 496/496/496
f 500/500/500 496/496/496 501/501/501
f 498/498/498 502/502/502 499/499/499
f 503/503/503 499/499/499 502/502/502
f 504/504/504 498/498/498 500/500/500
f 504/504/504 502/502/502 498/498/498
f 501/501/501 505/505/505 500/500/500
f 504/504/504 500/500/500 505/505/505
f 502/502/502 506/506/506 503/503/503
f 507/507/507 503/503/503 506/506/506
f 508/508/508 502/502/502 504/504/504
f 508/508/508 506/506/506 502/502/502
f 510/510/510 507/507/507 509/509/509
f 506/506/506 509/509/509 507/507/507
f 511/511/511 509/509/509 506/506/506
f 511/511/511 506/506/506 508/508/508
f 512/512/512 509/509/509 511/511/511
f 512/512/512 511/511/511 513/513/513
f 514/514/514 513/513/513 511/511/511
f 511/511/511 508/508/508 514/514/514
f 513/513/513 514/514/514 515/515/515
f 508/508/508 504/504/504 516/516/516
f 516/516/516 514/514/514 508/508/508
f 505/505/505 516/516/516 504/504/504
f 517/517/517 515/515/515 514/514/514
f 514/514/514 516/516/516 517/517/517
f 515/515/515 517/517/517 518/518/518
f 516/516/516 505/505/505 519/519/519
f 519/519/519 517/517/517 516/516/516
f 520/520/520 518/518/518 517/517/517
f 517/517/517 519/519/519 520/520/520
f 518/518/518 520/520/520 521/521/521
f 522/522/522 519/519/519 505/505/505
f 505/505/505 501/501/501 522/522/522
f 523/523/523 520/520/520 519/519/519
f 519/519/519 522/522/522 523/523/523
f 524/524/524 521/521/521 520/520/520
f 520/520/520 523/523/523 524/524/524
f 521/521/521 524/524/524 420/420/420
f 422/422/422 420/420/420 524/524/524
f 525/525/525 524/524/524 523/523/523
f 524/524/524 525/525/525 422/422/422
f 526/526/526 523/523/523 522/522/522
f 523/523/523 526/526/526 525/525/525
f 527/527/527 522/522/522 501/501/501
f 522/522/522 527/527/527 526/526/526
f 501/501/501 497/497/497 527/527/527
f 528/528/528 422/422/422 525/525/525
f 528/528/528 423/423/423 422/422/422
f 529/529/529 527/527/527 497/497/497
f 497/497/497 493/493/493 529/529/529
f 530/530/530 526/526/526 527/527/527
f 527/527/527 529/529/529 530/530/530
f 531/531/531 525/525/525 526/526/526
f 526/526/526 530/530/530 531/531/531
f 525/525/525 531/531/531 528/528/528
f 532/532/532 529/529/529 493/493/493
f 493/493/493 489/489/489 532/532/532
f 533/533/533 530/530/530 529/529/529
f 529/529/529 532/532/532 533/533/533
f 534/534/534 531/531/531 530/530/530
f 530/530/530 533/533/533 534/534/534
f 535/535/535 532/532/532 489/489/489
f 489/489/489 482/482/482 535/535/535
f 536/536/536 533/533/533 532/532/532
f 532/532/532 535/535/535 536/536/536
f 537/537/537 535/535/535 482/482/482
f 482/482/482 473/473/473 537/537/537
f 470/470/470 537/537/537 473/473/473
f 537/537/537 470/470/470 469/469/469
f 535/535/535 537/537/537 538/538/538
f 469/469/469 538/538/538 537/537/537
f 538/538/538 536/536/536 535/535/535
f 538/538/538 469/469/469 468/468/468
f 468/468/468 539/539/539 538/538/538
f 536/536/536 538/538/538 539/539/539
f 539/539/539 468/468/468 445/445/445
f 533/533/533 536/536/536 540/540/540
f 539/539/539 540/540/540 536/536/536
f 540/540/540 534/534/534 533/533/533
f 445/445/445 541/541/541 539/539/539
f 540/540/540 539/539/539 541/541/541
f 445/445/445 437/437/437 541/541/541
f 534/534/534 540/540/540 542/542/542
f 541/541/541 542/542/542 540/540/540
f 541/541/541 437/437/437 543/543/543
f 541/541/541 543/543/543 542/542/542
f 437/437/437 434/434/434 543/543/543
f 543/543/543 434/434/434 433/433/433
f 543/543/543 433/433/433 544/544/544
f 542/542/542 543/543/543 544/544/544
f 544/544/544 433/433/433 428/428/428
f 542/542/542 545/545/545 534/534/534
f 542/542/542 544/544/544 545/545/545
f 531/531/531 534/534/534 545/545/545
f 545/545/545 528/528/528 531/531/531
f 544/544/544 428/428/428 546/546/546
f 545/545/545 544/544/544 546/546/546
f 545/545/545 546/546/546 528/528/528
f 546/546/546 428/428/428 424/424/424
f 528/528/528 546/546/546 423/423/423
f 546/546/546 424/424/424 423/423/423
f 549/549/549 548/548/548 547/547/547
f 550/550/550 547/547/547 548/548/548
f 548/548/548 551/551/551 550/550/550
f 547/547/547 550/550/550 552/552/552
f 553/553/553 550/550/550 551/551/551
f 551/551/551 554/554/554 553/553/553
f 555/555/555 552/552/552 550/550/550
f 550/550/550 553/553/553 555/555/555
f 552/552/552 555/555/555 556/556/556
f 557/557/557 553/553/553 554/554/554
f 554/554/554 558/558/558 557/557/557
f 559/559/559 556/556/556 555/555/555
f 556/556/556 559/559/559 560/560/560
f 561/561/561 555/555/555 553/553/553
f 555/555/555 561/561/561 559/559/559
f 553/553/553 557/557/557 561/561/561
f 562/562/562 560/560/560 559/559/559
f 560/560/560 562/562/562 563/563/563
f 564/564/564 559/559/559 561/561/561
f 559/559/559 564/564/564 562/562/562
f 565/565/565 563/563/563 562/562/562
f 563/563/563 565/565/565 566/566/566
f 567/567/567 562/562/562 564/564/564
f 562/562/562 567/567/567 565/565/565
f 568/568/568 566/566/566 565/565/565
f 566/566/566 568/568/568 569/569/569
f 570/570/570 565/565/565 567/567/567
f 565/565/565 570/570/570 568/568/568
f 571/571/571 569/569/569 568/568/568
f 569/569/569 571/571/571 572/572/572
f 573/573/573 568/568/568 570/570/570
f 568/568/568 573/573/573 571/571/571
f 574/574/574 572/572/572 571/571/571
f 572/572/572 574/574/574 575/575/575
f 576/576/576 571/571/571 573/573/573
f 571/571/571 576/576/576 574/574/574
f 577/577/577 575/575/575 574/574/574
f 575/575/575 577/577/577 578/578/578
f 579/579/579 574/574/574 576/576/576
f 574/574/574 579/579/579 577/577/577
f 580/580/580 578/578/578 577/577/577
f 578/578/578 580/580/580 581/581/581
f 582/582/582 577/577/577 579/579/579
f 577/577/577 582/582/582 580/580/580
f 583/583/583 581/581/581 580/580/580
f 581/581/581 583/583/583 584/584/584
f 585/585/585 580/580/580 582/582/582
f 580/580/580 585/585/585 583/583/583
f 586/586/586 584/584/584 583/583/583
f 584/584/584 586/586/586 587/587/587
f 588/588/588 583/583/583 585/585/585
f 583/583/583 588/588/588 586/586/586
f 589/589/589 585/585/585 582/582/582
f 585/585/585 589/589/589 588/588/588
f 590/590/590 587/587/587 586/586/586
f 587/587/587 590/590/590 591/591/591
f 592/592/592 586/586/586 588/588/588
f 586/586/586 592/592/592 590/590/590
f 593/593/593 591/591/591 590/590/590
f 591/591/591 593/593/593 594/594/594
f 595/595/595 590/590/590 592/592/592
f 590/590/590 595/595/595 593/593/593
f 588/588/588 596/596/596 592/592/592
f 596/596/596 588/588/588 589/589/589
f 597/597/597 594/594/594 593/593/593
f 594/594/594 597/597/597 598/598/598
f 599/599/599 593/593/593 595/595/595
f 593/593/593 599/599/599 597/597/597
f 592/592/592 600/600/600 595/595/595
f 600/600/600 592/592/592 596/596/596
f 601/601/601 598/598/598 597/597/597
f 598/598/598 601/601/601 602/602/602
f 603/603/603 597/597/597 599/599/599
f 597/597/597 603/603/603 601/601/601
f 595/595/595 604/604/604 599/599/599
f 604/604/604 595/595/595 600/600/600
f 605/605/605 602/602/602 601/601/601
f 602/602/602 605/605/605 606/606/606
f 607/607/607 601/601/601 603/603/603
f 601/601/601 607/607/607 605/605/605
f 599/599/599 608/608/608 603/603/603
f 608/608/608 599/599/599 604/604/604
f 609/609/609 606/606/606 605/605/605
f 606/606/606 609/609/609 610/610/610
f 611/611/611 605/605/605 607/607/607
f 605/605/605 611/611/611 609/609/609
f 603/603/603 612/612/612 607/607/607
f 612/612/612 603/603/603 608/608/608
f 613/613/613 610/610/610 609/609/609
f 610/610/610 613/613/613 614/614/614
f 615/615/615 609/609/609 611/611/611
f 609/609/609 615/615/615 613/613/613
f 607/607/607 616/616/616 611/611/611
f 616/616/616 607/607/607 612/612/612
f 617/617/617 614/614/614 613/613/613
f 614/614/614 617/617/617 618/618/618
f 619/619/619 613/613/613 615/615/615
f 613/613/613 619/619/619 617/617/617
f 611/611/611 620/620/620 615/615/615
f 620/620/620 611/611/611 616/616/616
f 621/621/621 618/618/618 617/617/617
f 618/618/618 621/621/621 622/622/622
f 623/623/623 617/617/617 619/619/619
f 617/617/617 623/623/623 621/621/621
f 615/615/615 624/624/624 619/619/619
f 624/624/624 615/615/615 620/620/620
f 625/625/625 622/622/622 621/621/621
f 622/622/622 625/625/625 626/626/626
f 627/627/627 621/621/621 623/623/623
f 621/621/621 627/627/627 625/625/625
f 619/619/619 628/628/628 623/623/623
f 628/628/628 619/619/619 624/624/624
f 629/629/629 626/626/626 625/625/625
f 626/626/626 629/629/629 630/630/630
f 631/631/631 625/625/625 627/627/627
f 625/625/625 631/631/631 629/629/629
f 623/623/623 632/632/632 627/627/627
f 632/632/632 623/623/623 628/628/628
f 633/633/633 630/630/630 629/629/629
f 630/630/630 633/633/633 634/634/634
f 635/635/635 634/634/634 633/633/633
f 629/629/629 636/636/636 633/633/633
f 636/636/636 629/629/629 631/631/631
f 633/633/633 637/637/637 635/635/635
f 637/637/637 633/633/633 636/636/636
f 638/638/638 635/635/635 637/637/637
f 631/631/631 639/639/639 636/636/636
f 637/637/637 640/640/640 638/638/638
f 641/641/641 638/638/638 640/640/640
f 641/641/641 640/640/640 642/642/642
f 636/636/636 643/643/643 637/637/637
f 640/640/640 637/637/637 643/643/643
f 643/643/643 636/636/636 639/639/639
f 644/644/644 642/642/642 640/640/640
f 640/640/640 643/643/643 644/644/644
f 642/642/642 644/644/644 645/645/645
f 646/646/646 644/644/644 643/643/643
f 643/643/643 639/639/639 646/646/646
f 647/647/647 645/645/645 644/644/644
f 644/644/644 646/646/646 647/647/647
f 645/645/645 647/647/647 648/648/648
f 649/649/649 646/646/646 639/639/639
f 650/650/650 648/648/648 647/647/647
f 648/648/648 650/650/650 651/651/651
f 652/652/652 647/647/647 646/646/646
f 647/647/647 652/652/652 650/650/650
f 646/646/646 649/649/649 652/652/652
f 650/650/650 653/653/653 651/651/651
f 651/651/651 653/653/653 654/654/654
f 655/655/655 650/650/650 652/652/652
f 650/650/650 655/655/655 653/653/653
f 656/656/656 652/652/652 649/649/649
f 652/652/652 656/656/656 655/655/655
f 639/639/639 657/657/657 649/649/649
f 639/639/639 631/631/631 657/657/657
f 627/627/627 657/657/657 631/631/631
f 657/657/657 627/627/627 632/632/632
f 658/658/658 649/649/649 657/657/657
f 657/657/657 632/632/632 658/658/658
f 649/649/649 658/658/658 656/656/656
f 659/659/659 658/658/658 632/632/632
f 632/632/632 628/628/628 659/659/659
f 660/660/660 656/656/656 658/658/658
f 658/658/658 659/659/659 660/660/660
f 661/661/661 659/659/659 628/628/628
f 628/628/628 624/624/624 661/661/661
f 662/662/662 660/660/660 659/659/659
f 659/659/659 661/661/661 662/662/662
f 656/656/656 660/660/660 663/663/663
f 663/663/663 655/655/655 656/656/656
f 660/660/660 662/662/662 664/664/664
f 664/664/664 663/663/663 660/660/660
f 655/655/655 663/663/663 665/665/665
f 655/655/655 665/665/665 653/653/653
f 663/663/663 664/664/664 666/666/666
f 663/663/663 666/666/666 665/665/665
f 653/653/653 665/665/665 667/667/667
f 667/667/667 654/654/654 653/653/653
f 665/665/665 666/666/666 668/668/668
f 668/668/668 667/667/667 665/665/665
f 667/667/667 669/669/669 654/654/654
f 670/670/670 654/654/654 669/669/669
f 670/670/670 669/669/669 671/671/671
f 669/669/669 667/667/667 672/672/672
f 668/668/668 672/672/672 667/667/667
f 673/673/673 671/671/671 669/669/669
f 669/669/669 672/672/672 673/673/673
f 671/671/671 673/673/673 674/674/674
f 672/672/672 668/668/668 675/675/675
f 676/676/676 674/674/674 673/673/673
f 677/677/677 674/674/674 676/676/676
f 678/678/678 673/673/673 672/672/672
f 673/673/673 678/678/678 676/676/676
f 672/672/672 675/675/675 678/678/678
f 676/676/676 679/679/679 677/677/677
f 680/680/680 677/677/677 679/679/679
f 681/681/681 676/676/676 678/678/678
f 679/679/679 676/676/676 681/681/681
f 682/682/682 678/678/678 675/675/675
f 678/678/678 682/682/682 681/681/681
f 683/683/683 675/675/675 668/668/668
f 683/683/683 668/668/668 666/666/666
f 675/675/675 684/684/684 682/682/682
f 675/675/675 683/683/683 684/684/684
f 666/666/666 685/685/685 683/683/683
f 664/664/664 685/685/685 666/666/666
f 686/686/686 684/684/684 683/683/683
f 686/686/686 683/683/683 685/685/685
f 664/664/664 687/687/687 685/685/685
f 687/687/687 664/664/664 662/662/662
f 685/685/685 688/688/688 686/686/686
f 687/687/687 688/688/688 685/685/685
f 662/662/662 689/689/689 687/687/687
f 689/689/689 662/662/662 661/661/661
f 687/687/687 690/690/690 688/688/688
f 690/690/690 687/687/687 689/689/689
f 661/661/661 691/691/691 689/689/689
f 691/691/691 661/661/661 624/624/624
f 624/624/624 620/620/620 691/691/691
f 692/692/692 689/689/689 691/691/691
f 689/689/689 692/692/692 690/690/690
f 693/693/693 691/691/691 620/620/620
f 691/691/691 693/693/693 692/692/692
f 620/620/620 616/616/616 693/693/693
f 694/694/694 690/690/690 692/692/692
f 695/695/695 693/693/693 616/616/616
f 616/616/616 612/612/612 695/695/695
f 696/696/696 692/692/692 693/693/693
f 693/693/693 695/695/695 696/696/696
f 692/692/692 696/696/696 694/694/694
f 697/697/697 695/695/695 612/612/612
f 612/612/612 608/608/608 697/697/697
f 698/698/698 696/696/696 695/695/695
f 695/695/695 697/697/697 698/698/698
f 699/699/699 697/697/697 608/608/608
f 608/608/608 604/604/604 699/699/699
f 700/700/700 698/698/698 697/697/697
f 697/697/697 699/699/699 700/700/700
f 696/696/696 698/698/698 701/701/701
f 701/701/701 694/694/694 696/696/696
f 698/698/698 700/700/700 702/702/702
f 702/702/702 701/701/701 698/698/698
f 703/703/703 699/699/699 604/604/604
f 604/604/604 600/600/600 703/703/703
f 704/704/704 700/700/700 699/699/699
f 699/699/699 703/703/703 704/704/704
f 705/705/705 703/703/703 600/600/600
f 600/600/600 596/596/596 705/705/705
f 706/706/706 704/704/704 703/703/703
f 703/703/703 705/705/705 706/706/706
f 700/700/700 704/704/704 707/707/707
f 707/707/707 702/702/702 700/700/700
f 704/704/704 706/706/706 708/708/708
f 708/708/708 707/707/707 704/704/704
f 709/709/709 705/705/705 596/596/596
f 596/596/596 589/589/589 709/709/709
f 710/710/710 706/706/706 705/705/705
f 705/705/705 709/709/709 710/710/710
f 711/711/711 708/708/708 706/706/706
f 706/706/706 710/710/710 711/711/711
f 712/712/712 709/709/709 589/589/589
f 713/713/713 710/710/710 709/709/709
f 713/713/713 709/709/709 712/712/712
f 710/710/710 714/714/714 711/711/711
f 710/710/710 713/713/713 714/714/714
f 712/712/712 589/589/589 715/715/715
f 715/715/715 589/589/589 582/582/582
f 715/715/715 582/582/582 579/579/579
f 716/716/716 713/713/713 712/712/712
f 717/717/717 715/715/715 579/579/579
f 717/717/717 579/579/579 576/576/576
f 718/718/718 712/712/712 715/715/715
f 718/718/718 715/715/715 717/717/717
f 716/716/716 712/712/712 718/718/718
f 719/719/719 717/717/717 576/576/576
f 719/719/719 576/576/576 573/573/573
f 720/720/720 718/718/718 717/717/717
f 720/720/720 717/717/717 719/719/719
f 721/721/721 719/719/719 573/573/573
f 721/721/721 573/573/573 570/570/570
f 722/722/722 720/720/720 719/719/719
f 722/722/722 719/719/719 721/721/721
f 723/723/723 718/718/718 720/720/720
f 723/723/723 716/716/716 718/718/718
f 724/724/724 721/721/721 570/570/570
f 724/724/724 570/570/570 567/567/567
f 725/725/725 721/721/721 724/724/724
f 725/725/725 722/722/722 721/721/721
f 726/726/726 724/724/724 567/567/567
f 726/726/726 567/567/567 564/564/564
f 727/727/727 725/725/725 724/724/724
f 727/727/727 724/724/724 726/726/726
f 728/728/728 726/726/726 564/564/564
f 728/728/728 564/564/564 561/561/561
f 729/729/729 727/727/727 726/726/726
f 729/729/729 726/726/726 728/728/728
f 730/730/730 728/728/728 561/561/561
f 730/730/730 561/561/561 557/557/557
f 731/731/731 729/729/729 728/728/728
f 731/731/731 728/728/728 730/730/730
f 557/557/557 732/732/732 730/730/730
f 732/732/732 557/557/557 558/558/558
f 558/558/558 733/733/733 732/732/732
f 734/734/734 731/731/731 730/730/730
f 734/734/734 730/730/730 732/732/732
f 735/735/735 732/732/732 733/733/733
f 736/736/736 734/734/734 732/732/732
f 732/732/732 735/735/735 736/736/736
f 737/737/737 731/731/731 734/734/734
f 736/736/736 737/737/737 734/734/734
f 735/735/735 733/733/733 738/738/738
f 739/739/739 738/738/738 733/733/733
f 736/736/736 735/735/735 740/740/740
f 738/738/738 740/740/740 735/735/735
f 737/737/737 736/736/736 741/741/741
f 740/740/740 741/741/741 736/736/736
f 737/737/737 742/742/742 731/731/731
f 742/742/742 729/729/729 731/731/731
f 741/741/741 743/743/743 737/737/737
f 742/742/742 737/737/737 743/743/743
f 742/742/742 744/744/744 729/729/729
f 744/744/744 727/727/727 729/729/729
f 743/743/743 745/745/745 742/742/742
f 744/744/744 742/742/742 745/745/745
f 744/744/744 746/746/746 727/727/727
f 746/746/746 725/725/725 727/727/727
f 744/744/744 745/745/745 747/747/747
f 746/746/746 744/744/744 747/747/747
f 746/746/746 748/748/748 725/725/725
f 748/748/748 722/722/722 725/725/725
f 746/746/746 747/747/747 749/749/749
f 748/748/748 746/746/746 749/749/749
f 748/748/748 750/750/750 722/722/722
f 750/750/750 720/720/720 722/722/722
f 750/750/750 723/723/723 720/720/720
f 750/750/750 748/748/748 751/751/751
f 748/748/748 749/749/749 751/751/751
f 723/723/723 750/750/750 752/752/752
f 750/750/750 751/751/751 752/752/752
f 723/723/723 752/752/752 753/753/753
f 716/716/716 723/723/723 753/753/753
f 752/752/752 751/751/751 754/754/754
f 716/716/716 753/753/753 755/755/755
f 713/713/713 716/716/716 755/755/755
f 713/713/713 755/755/755 714/714/714
f 753/753/753 752/752/752 756/756/756
f 754/754/754 756/756/756 752/752/752
f 755/755/755 753/753/753 757/757/757
f 756/756/756 757/757/757 753/753/753
f 714/714/714 755/755/755 758/758/758
f 757/757/757 758/758/758 755/755/755
f 758/758/758 759/759/759 714/714/714
f 711/711/711 714/714/714 759/759/759
f 758/758/758 757/757/757 760/760/760
f 759/759/759 761/761/761 711/711/711
f 708/708/708 711/711/711 761/761/761
f 759/759/759 758/758/758 762/762/762
f 760/760/760 762/762/762 758/758/758
f 761/761/761 759/759/759 763/763/763
f 762/762/762 763/763/763 759/759/759
f 761/761/761 764/764/764 708/708/708
f 707/707/707 708/708/708 764/764/764
f 763/763/763 765/765/765 761/761/761
f 764/764/764 761/761/761 765/765/765
f 707/707/707 764/764/764 766/766/766
f 702/702/702 707/707/707 766/766/766
f 765/765/765 767/767/767 764/764/764
f 766/766/766 764/764/764 767/767/767
f 702/702/702 766/766/766 768/768/768
f 701/701/701 702/702/702 768/768/768
f 767/767/767 769/769/769 766/766/766
f 768/768/768 766/766/766 769/769/769
f 701/701/701 768/768/768 770/770/770
f 694/694/694 701/701/701 770/770/770
f 769/769/769 771/771/771 768/768/768
f 770/770/770 768/768/768 771/771/771
f 694/694/694 770/770/770 772/772/772
f 690/690/690 694/694/694 772/772/772
f 690/690/690 772/772/772 688/688/688
f 772/772/772 770/770/770 773/773/773
f 771/771/771 773/773/773 770/770/770
f 688/688/688 772/772/772 774/774/774
f 773/773/773 774/774/774 772/772/772
f 774/774/774 686/686/686 688/688/688
f 771/771/771 775/775/775 773/773/773
f 774/774/774 776/776/776 686/686/686
f 684/684/684 686/686/686 776/776/776
f 773/773/773 777/777/777 774/774/774
f 776/776/776 774/774/774 777/777/777
f 777/777/777 773/773/773 775/775/775
f 684/684/684 776/776/776 778/778/778
f 778/778/778 682/682/682 684/684/684
f 776/776/776 777/777/777 779/779/779
f 779/779/779 778/778/778 776/776/776
f 777/777/777 775/775/775 780/780/780
f 780/780/780 779/779/779 777/777/777
f 682/682/682 778/778/778 781/781/781
f 781/781/781 681/681/681 682/682/682
f 778/778/778 779/779/779 782/782/782
f 782/782/782 781/781/781 778/778/778
f 783/783/783 681/681/681 781/781/781
f 681/681/681 783/783/783 679/679/679
f 784/784/784 781/781/781 782/782/782
f 781/781/781 784/784/784 783/783/783
f 785/785/785 782/782/782 779/779/779
f 779/779/779 780/780/780 785/785/785
f 786/786/786 679/679/679 783/783/783
f 679/679/679 786/786/786 680/680/680
f 787/787/787 783/783/783 784/784/784
f 783/783/783 787/787/787 786/786/786
f 782/782/782 788/788/788 784/784/784
f 788/788/788 782/782/782 785/785/785
f 786/786/786 789/789/789 680/680/680
f 790/790/790 680/680/680 789/789/789
f 787/787/787 791/791/791 786/786/786
f 789/789/789 786/786/786 791/791/791
f 784/784/784 792/792/792 787/787/787
f 792/792/792 784/784/784 788/788/788
f 791/791/791 787/787/787 793/793/793
f 792/792/792 793/793/793 787/787/787
f 791/791/791 794/794/794 789/789/789
f 789/789/789 795/795/795 790/790/790
f 795/795/795 789/789/789 794/794/794
f 796/796/796 790/790/790 795/795/795
f 794/794/794 791/791/791 797/797/797
f 793/793/793 797/797/797 791/791/791
f 795/795/795 798/798/798 796/796/796
f 799/799/799 796/796/796 798/798/798
f 794/794/794 800/800/800 795/795/795
f 798/798/798 795/795/795 800/800/800
f 798/798/798 801/801/801 799/799/799
f 802/802/802 799/799/799 801/801/801
f 800/800/800 803/803/803 798/798/798
f 801/801/801 798/798/798 803/803/803
f 800/800/800 794/794/794 804/804/804
f 797/797/797 804/804/804 794/794/794
f 803/803/803 800/800/800 805/805/805
f 804/804/804 805/805/805 800/800/800
f 803/803/803 806/806/806 801/801/801
f 801/801/801 807/807/807 802/802/802
f 807/807/807 801/801/801 806/806/806
f 808/808/808 802/802/802 807/807/807
f 808/808/808 807/807/807 809/809/809
f 811/811/811 809/809/809 810/810/810
f 812/812/812 809/809/809 807/807/807
f 812/812/812 810/810/810 809/809/809
f 807/807/807 806/806/806 812/812/812
f 810/810/810 812/812/812 813/813/813
f 814/814/814 813/813/813 812/812/812
f 814/814/814 812/812/812 806/806/806
f 813/813/813 814/814/814 815/815/815
f 806/806/806 803/803/803 816/816/816
f 806/806/806 816/816/816 814/814/814
f 805/805/805 816/816/816 803/803/803
f 817/817/817 815/815/815 814/814/814
f 817/817/817 814/814/814 816/816/816
f 815/815/815 817/817/817 818/818/818
f 816/816/816 805/805/805 819/819/819
f 816/816/816 819/819/819 817/817/817
f 820/820/820 818/818/818 817/817/817
f 820/820/820 817/817/817 819/819/819
f 818/818/818 820/820/820 821/821/821
f 822/822/822 819/819/819 805/805/805
f 805/805/805 804/804/804 822/822/822
f 819/819/819 823/823/823 820/820/820
f 819/819/819 822/822/822 823/823/823
f 824/824/824 821/821/821 820/820/820
f 824/824/824 820/820/820 823/823/823
f 821/821/821 824/824/824 825/825/825
f 826/826/826 822/822/822 804/804/804
f 804/804/804 797/797/797 826/826/826
f 827/827/827 825/825/825 824/824/824
f 825/825/825 827/827/827 828/828/828
f 823/823/823 829/829/829 824/824/824
f 827/827/827 824/824/824 829/829/829
f 830/830/830 823/823/823 822/822/822
f 823/823/823 830/830/830 829/829/829
f 822/822/822 826/826/826 830/830/830
f 831/831/831 828/828/828 827/827/827
f 828/828/828 831/831/831 832/832/832
f 829/829/829 833/833/833 827/827/827
f 831/831/831 827/827/827 833/833/833
f 834/834/834 829/829/829 830/830/830
f 829/829/829 834/834/834 833/833/833
f 835/835/835 830/830/830 826/826/826
f 830/830/830 835/835/835 834/834/834
f 836/836/836 826/826/826 797/797/797
f 826/826/826 836/836/836 835/835/835
f 797/797/797 793/793/793 836/836/836
f 837/837/837 834/834/834 835/835/835
f 838/838/838 836/836/836 793/793/793
f 793/793/793 792/792/792 838/838/838
f 839/839/839 835/835/835 836/836/836
f 836/836/836 838/838/838 839/839/839
f 835/835/835 839/839/839 837/837/837
f 840/840/840 838/838/838 792/792/792
f 788/788/788 840/840/840 792/792/792
f 841/841/841 839/839/839 838/838/838
f 838/838/838 840/840/840 841/841/841
f 842/842/842 837/837/837 839/839/839
f 839/839/839 841/841/841 842/842/842
f 840/840/840 788/788/788 843/843/843
f 785/785/785 843/843/843 788/788/788
f 844/844/844 841/841/841 840/840/840
f 843/843/843 844/844/844 840/840/840
f 845/845/845 842/842/842 841/841/841
f 841/841/841 844/844/844 845/845/845
f 843/843/843 785/785/785 846/846/846
f 846/846/846 785/785/785 780/780/780
f 844/844/844 843/843/843 847/847/847
f 846/846/846 847/847/847 843/843/843
f 780/780/780 848/848/848 846/846/846
f 848/848/848 780/780/780 775/775/775
f 847/847/847 846/846/846 849/849/849
f 849/849/849 846/846/846 848/848/848
f 847/847/847 850/850/850 844/844/844
f 850/850/850 845/845/845 844/844/844
f 775/775/775 851/851/851 848/848/848
f 775/775/775 771/771/771 851/851/851
f 769/769/769 851/851/851 771/771/771
f 852/852/852 848/848/848 851/851/851
f 848/848/848 852/852/852 849/849/849
f 851/851/851 769/769/769 853/853/853
f 851/851/851 853/853/853 852/852/852
f 767/767/767 853/853/853 769/769/769
f 854/854/854 849/849/849 852/852/852
f 853/853/853 767/767/767 855/855/855
f 765/765/765 855/855/855 767/767/767
f 856/856/856 852/852/852 853/853/853
f 853/853/853 855/855/855 856/856/856
f 852/852/852 856/856/856 854/854/854
f 855/855/855 765/765/765 857/857/857
f 763/763/763 857/857/857 765/765/765
f 858/858/858 856/856/856 855/855/855
f 855/855/855 857/857/857 858/858/858
f 859/859/859 854/854/854 856/856/856
f 856/856/856 858/858/858 859/859/859
f 860/860/860 849/849/849 854/854/854
f 849/849/849 860/860/860 847/847/847
f 850/850/850 847/847/847 860/860/860
f 854/854/854 861/861/861 860/860/860
f 861/861/861 854/854/854 859/859/859
f 860/860/860 862/862/862 850/850/850
f 862/862/862 860/860/860 861/861/861
f 862/862/862 863/863/863 850/850/850
f 845/845/845 850/850/850 863/863/863
f 861/861/861 864/864/864 862/862/862
f 863/863/863 865/865/865 845/845/845
f 842/842/842 845/845/845 865/865/865
f 863/863/863 862/862/862 866/866/866
f 864/864/864 866/866/866 862/862/862
f 865/865/865 863/863/863 867/867/867
f 866/866/866 867/867/867 863/863/863
f 865/865/865 868/868/868 842/842/842
f 837/837/837 842/842/842 868/868/868
f 867/867/867 869/869/869 865/865/865
f 868/868/868 865/865/865 869/869/869
f 868/868/868 870/870/870 837/837/837
f 834/834/834 837/837/837 870/870/870
f 870/870/870 833/833/833 834/834/834
f 870/870/870 868/868/868 871/871/871
f 869/869/869 871/871/871 868/868/868
f 833/833/833 870/870/870 872/872/872
f 871/871/871 872/872/872 870/870/870
f 833/833/833 872/872/872 831/831/831
f 871/871/871 869/869/869 873/873/873
f 874/874/874 831/831/831 872/872/872
f 874/874/874 832/832/832 831/831/831
f 832/832/832 874/874/874 875/875/875
f 872/872/872 871/871/871 876/876/876
f 872/872/872 876/876/876 874/874/874
f 873/873/873 876/876/876 871/871/871
f 877/877/877 875/875/875 874/874/874
f 877/877/877 874/874/874 876/876/876
f 875/875/875 877/877/877 878/878/878
f 876/876/876 879/879/879 877/877/877
f 876/876/876 873/873/873 879/879/879
f 880/880/880 878/878/878 877/877/877
f 880/880/880 877/877/877 879/879/879
f 878/878/878 880/880/880 881/881/881
f 882/882/882 879/879/879 873/873/873
f 883/883/883 881/881/881 880/880/880
f 879/879/879 884/884/884 880/880/880
f 883/883/883 880/880/880 884/884/884
f 879/879/879 882/882/882 884/884/884
f 883/883/883 885/885/885 881/881/881
f 886/886/886 881/881/881 885/885/885
f 884/884/884 887/887/887 883/883/883
f 885/885/885 883/883/883 887/887/887
f 888/888/888 884/884/884 882/882/882
f 884/884/884 888/888/888 887/887/887
f 885/885/885 889/889/889 886/886/886
f 890/890/890 886/886/886 889/889/889
f 887/887/887 891/891/891 885/885/885
f 889/889/889 885/885/885 891/891/891
f 892/892/892 887/887/887 888/888/888
f 887/887/887 892/892/892 891/891/891
f 889/889/889 893/893/893 890/890/890
f 893/893/893 894/894/894 890/890/890
f 891/891/891 895/895/895 889/889/889
f 893/893/893 889/889/889 895/895/895
f 896/896/896 891/891/891 892/892/892
f 891/891/891 896/896/896 895/895/895
f 893/893/893 897/897/897 894/894/894
f 897/897/897 898/898/898 894/894/894
f 895/895/895 899/899/899 893/893/893
f 897/897/897 893/893/893 899/899/899
f 900/900/900 895/895/895 896/896/896
f 895/895/895 900/900/900 899/899/899
f 897/897/897 901/901/901 898/898/898
f 901/901/901 902/902/902 898/898/898
f 899/899/899 903/903/903 897/897/897
f 901/901/901 897/897/897 903/903/903
f 904/904/904 899/899/899 900/900/900
f 899/899/899 904/904/904 903/903/903
f 901/901/901 905/905/905 902/902/902
f 905/905/905 906/906/906 902/902/902
f 903/903/903 907/907/907 901/901/901
f 905/905/905 901/901/901 907/907/907
f 908/908/908 903/903/903 904/904/904
f 903/903/903 908/908/908 907/907/907
f 905/905/905 909/909/909 906/906/906
f 909/909/909 910/910/910 906/906/906
f 907/907/907 911/911/911 905/905/905
f 909/909/909 905/905/905 911/911/911
f 909/909/909 912/912/912 910/910/910
f 912/912/912 913/913/913 910/910/910
f 911/911/911 914/914/914 909/909/909
f 912/912/912 909/909/909 914/914/914
f 912/912/912 915/915/915 913/913/913
f 912/912/912 914/914/914 915/915/915
f 915/915/915 916/916/916 913/913/913
f 907/907/907 917/917/917 911/911/911
f 917/917/917 907/907/907 908/908/908
f 915/915/915 918/918/918 916/916/916
f 918/918/918 919/919/919 916/916/916
f 915/915/915 920/920/920 918/918/918
f 920/920/920 915/915/915 914/914/914
f 918/918/918 921/921/921 919/919/919
f 921/921/921 922/922/922 919/919/919
f 923/923/923 918/918/918 920/920/920
f 918/918/918 923/923/923 921/921/921
f 914/914/914 924/924/924 920/920/920
f 921/921/921 925/925/925 922/922/922
f 925/925/925 926/926/926 922/922/922
f 927/927/927 921/921/921 923/923/923
f 921/921/921 927/927/927 925/925/925
f 920/920/920 928/928/928 923/923/923
f 928/928/928 920/920/920 924/924/924
f 923/923/923 929/929/929 927/927/927
f 929/929/929 923/923/923 928/928/928
f 930/930/930 925/925/925 927/927/927
f 931/931/931 927/927/927 929/929/929
f 927/927/927 931/931/931 930/930/930
f 928/928/928 932/932/932 929/929/929
f 929/929/929 933/933/933 931/931/931
f 933/933/933 929/929/929 932/932/932
f 934/934/934 930/930/930 931/931/931
f 932/932/932 928/928/928 935/935/935
f 924/924/924 935/935/935 928/928/928
f 936/936/936 931/931/931 933/933/933
f 931/931/931 936/936/936 934/934/934
f 932/932/932 937/937/937 933/933/933
f 933/933/933 938/938/938 936/936/936
f 938/938/938 933/933/933 937/937/937
f 935/935/935 939/939/939 932/932/932
f 937/937/937 932/932/932 939/939/939
f 935/935/935 924/924/924 940/940/940
f 939/939/939 935/935/935 941/941/941
f 940/940/940 941/941/941 935/935/935
f 939/939/939 942/942/942 937/937/937
f 943/943/943 940/940/940 924/924/924
f 924/924/924 914/914/914 943/943/943
f 911/911/911 943/943/943 914/914/914
f 943/943/943 911/911/911 917/917/917
f 940/940/940 943/943/943 944/944/944
f 917/917/917 944/944/944 943/943/943
f 944/944/944 945/945/945 940/940/940
f 941/941/941 940/940/940 945/945/945
f 944/944/944 917/917/917 946/946/946
f 908/908/908 946/946/946 917/917/917
f 945/945/945 944/944/944 947/947/947
f 946/946/946 947/947/947 944/944/944
f 946/946/946 908/908/908 948/948/948
f 904/904/904 948/948/948 908/908/908
f 947/947/947 946/946/946 949/949/949
f 948/948/948 949/949/949 946/946/946
f 948/948/948 904/904/904 950/950/950
f 900/900/900 950/950/950 904/904/904
f 949/949/949 948/948/948 951/951/951
f 950/950/950 951/951/951 948/948/948
f 950/950/950 900/900/900 952/952/952
f 896/896/896 952/952/952 900/900/900
f 951/951/951 950/950/950 953/953/953
f 952/952/952 953/953/953 950/950/950
f 952/952/952 896/896/896 954/954/954
f 892/892/892 954/954/954 896/896/896
f 953/953/953 952/952/952 955/955/955
f 954/954/954 955/955/955 952/952/952
f 954/954/954 892/892/892 956/956/956
f 888/888/888 956/956/956 892/892/892
f 955/955/955 954/954/954 957/957/957
f 956/956/956 957/957/957 954/954/954
f 956/956/956 888/888/888 958/958/958
f 882/882/882 958/958/958 888/888/888
f 957/957/957 956/956/956 959/959/959
f 958/958/958 959/959/959 956/956/956
f 958/958/958 882/882/882 960/960/960
f 873/873/873 960/960/960 882/882/882
f 960/960/960 873/873/873 869/869/869
f 869/869/869 867/867/867 960/960/960
f 960/960/960 961/961/961 958/958/958
f 961/961/961 960/960/960 867/867/867
f 959/959/959 958/958/958 961/961/961
f 867/867/867 866/866/866 961/961/961
f 962/962/962 961/961/961 866/866/866
f 961/961/961 962/962/962 959/959/959
f 866/866/866 864/864/864 962/962/962
f 963/963/963 959/959/959 962/962/962
f 959/959/959 963/963/963 957/957/957
f 964/964/964 962/962/962 864/864/864
f 962/962/962 964/964/964 963/963/963
f 965/965/965 957/957/957 963/963/963
f 957/957/957 965/965/965 955/955/955
f 966/966/966 963/963/963 964/964/964
f 963/963/963 966/966/966 965/965/965
f 967/967/967 964/964/964 864/864/864
f 864/864/864 861/861/861 967/967/967
f 859/859/859 967/967/967 861/861/861
f 964/964/964 967/967/967 968/968/968
f 968/968/968 966/966/966 964/964/964
f 967/967/967 859/859/859 969/969/969
f 969/969/969 968/968/968 967/967/967
f 969/969/969 859/859/859 858/858/858
f 858/858/858 970/970/970 969/969/969
f 970/970/970 858/858/858 857/857/857
f 968/968/968 969/969/969 971/971/971
f 971/971/971 969/969/969 970/970/970
f 966/966/966 968/968/968 972/972/972
f 971/971/971 972/972/972 968/968/968
f 970/970/970 857/857/857 973/973/973
f 970/970/970 973/973/973 971/971/971
f 974/974/974 973/973/973 857/857/857
f 857/857/857 763/763/763 974/974/974
f 762/762/762 974/974/974 763/763/763
f 975/975/975 971/971/971 973/973/973
f 972/972/972 971/971/971 975/975/975
f 973/973/973 974/974/974 976/976/976
f 973/973/973 976/976/976 975/975/975
f 974/974/974 762/762/762 977/977/977
f 977/977/977 976/976/976 974/974/974
f 760/760/760 977/977/977 762/762/762
f 978/978/978 975/975/975 976/976/976
f 976/976/976 977/977/977 979/979/979
f 978/978/978 976/976/976 979/979/979
f 977/977/977 760/760/760 980/980/980
f 980/980/980 979/979/979 977/977/977
f 981/981/981 980/980/980 760/760/760
f 981/981/981 760/760/760 757/757/757
f 757/757/757 756/756/756 981/981/981
f 979/979/979 980/980/980 982/982/982
f 983/983/983 981/981/981 756/756/756
f 756/756/756 754/754/754 983/983/983
f 980/980/980 981/981/981 984/984/984
f 983/983/983 984/984/984 981/981/981
f 984/984/984 982/982/982 980/980/980
f 985/985/985 983/983/983 754/754/754
f 984/984/984 983/983/983 986/986/986
f 985/985/985 986/986/986 983/983/983
f 982/982/982 984/984/984 987/987/987
f 986/986/986 987/987/987 984/984/984
f 988/988/988 979/979/979 982/982/982
f 988/988/988 978/978/978 979/979/979
f 982/982/982 987/987/987 989/989/989
f 989/989/989 988/988/988 982/982/982
f 987/987/987 986/986/986 990/990/990
f 991/991/991 989/989/989 987/987/987
f 987/987/987 990/990/990 991/991/991
f 992/992/992 990/990/990 986/986/986
f 986/986/986 985/985/985 992/992/992
f 993/993/993 991/991/991 990/990/990
f 990/990/990 992/992/992 994/994/994
f 990/990/990 994/994/994 993/993/993
f 995/995/995 992/992/992 985/985/985
f 996/996/996 994/994/994 992/992/992
f 992/992/992 995/995/995 996/996/996
f 754/754/754 997/997/997 985/985/985
f 995/995/995 985/985/985 997/997/997
f 997/997/997 754/754/754 751/751/751
f 751/751/751 749/749/749 997/997/997
f 998/998/998 997/997/997 749/749/749
f 997/997/997 998/998/998 995/995/995
f 749/749/749 747/747/747 998/998/998
f 999/999/999 995/995/995 998/998/998
f 999/999/999 996/996/996 995/995/995
f 1000/1000/1000 998/998/998 747/747/747
f 998/998/998 1000/1000/1000 999/999/999
f 747/747/747 745/745/745 1000/1000/1000
f 1001/1001/1001 999/999/999 1000/1000/1000
f 1002/1002/1002 1000/1000/1000 745/745/745
f 1000/1000/1000 1002/1002/1002 1001/1001/1001
f 745/745/745 743/743/743 1002/1002/1002
f 1001/1001/1001 1003/1003/1003 999/999/999
f 996/996/996 999/999/999 1003/1003/1003
f 1004/1004/1004 1001/1001/1001 1002/1002/1002
f 1001/1001/1001 1004/1004/1004 1003/1003/1003
f 1005/1005/1005 1002/1002/1002 743/743/743
f 1002/1002/1002 1005/1005/1005 1004/1004/1004
f 743/743/743 741/741/741 1005/1005/1005
f 1006/1006/1006 1005/1005/1005 741/741/741
f 741/741/741 740/740/740 1006/1006/1006
f 1007/1007/1007 1004/1004/1004 1005/1005/1005
f 1005/1005/1005 1006/1006/1006 1007/1007/1007
f 1008/1008/1008 1006/1006/1006 740/740/740
f 740/740/740 738/738/738 1008/1008/1008
f 1009/1009/1009 1007/1007/1007 1006/1006/1006
f 1006/1006/1006 1008/1008/1008 1009/1009/1009
f 1004/1004/1004 1007/1007/1007 1010/1010/1010
f 1010/1010/1010 1003/1003/1003 1004/1004/1004
f 1007/1007/1007 1009/1009/1009 1011/1011/1011
f 1011/1011/1011 1010/1010/1010 1007/1007/1007
f 1012/1012/1012 1008/1008/1008 738/738/738
f 738/738/738 739/739/739 1012/1012/1012
f 1013/1013/1013 1012/1012/1012 739/739/739
f 1013/1013/1013 1014/1014/1014 1012/1012/1012
f 1008/1008/1008 1012/1012/1012 1015/1015/1015
f 1015/1015/1015 1009/1009/1009 1008/1008/1008
f 1016/1016/1016 1012/1012/1012 1014/1014/1014
f 1016/1016/1016 1015/1015/1015 1012/1012/1012
f 1014/1014/1014 1017/1017/1017 1016/1016/1016
f 1018/1018/1018 1016/1016/1016 1017/1017/1017
f 1016/1016/1016 1018/1018/1018 1015/1015/1015
f 1017/1017/1017 1019/1019/1019 1018/1018/1018
f 1009/1009/1009 1015/1015/1015 1020/1020/1020
f 1020/1020/1020 1011/1011/1011 1009/1009/1009
f 1021/1021/1021 1015/1015/1015 1018/1018/1018
f 1021/1021/1021 1020/1020/1020 1015/1015/1015
f 1022/1022/1022 1018/1018/1018 1019/1019/1019
f 1018/1018/1018 1022/1022/1022 1021/1021/1021
f 1021/1021/1021 1023/1023/1023 1020/1020/1020
f 1023/1023/1023 1021/1021/1021 1022/1022/1022
f 1020/1020/1020 1024/1024/1024 1011/1011/1011
f 1024/1024/1024 1020/1020/1020 1023/1023/1023
f 1025/1025/1025 1022/1022/1022 1019/1019/1019
f 1026/1026/1026 1025/1025/1025 1019/1019/1019
f 1023/1023/1023 1022/1022/1022 1027/1027/1027
f 1025/1025/1025 1027/1027/1027 1022/1022/1022
f 1028/1028/1028 1025/1025/1025 1026/1026/1026
f 1029/1029/1029 1028/1028/1028 1026/1026/1026
f 1027/1027/1027 1025/1025/1025 1030/1030/1030
f 1028/1028/1028 1030/1030/1030 1025/1025/1025
f 1027/1027/1027 1031/1031/1031 1023/1023/1023
f 1024/1024/1024 1023/1023/1023 1031/1031/1031
f 1030/1030/1030 1032/1032/1032 1027/1027/1027
f 1031/1031/1031 1027/1027/1027 1032/1032/1032
f 1030/1030/1030 1028/1028/1028 1033/1033/1033
f 1030/1030/1030 1033/1033/1033 1032/1032/1032
f 1034/1034/1034 1028/1028/1028 1029/1029/1029
f 1034/1034/1034 1033/1033/1033 1028/1028/1028
f 1035/1035/1035 1034/1034/1034 1029/1029/1029
f 1036/1036/1036 1032/1032/1032 1033/1033/1033
f 1037/1037/1037 1034/1034/1034 1035/1035/1035
f 1038/1038/1038 1037/1037/1037 1035/1035/1035
f 1033/1033/1033 1034/1034/1034 1039/1039/1039
f 1037/1037/1037 1039/1039/1039 1034/1034/1034
f 1033/1033/1033 1039/1039/1039 1036/1036/1036
f 1040/1040/1040 1037/1037/1037 1038/1038/1038
f 1037/1037/1037 1040/1040/1040 1039/1039/1039
f 1041/1041/1041 1040/1040/1040 1038/1038/1038
f 1041/1041/1041 1042/1042/1042 1040/1040/1040
f 1043/1043/1043 1039/1039/1039 1040/1040/1040
f 1044/1044/1044 1040/1040/1040 1042/1042/1042
f 1040/1040/1040 1044/1044/1044 1043/1043/1043
f 1044/1044/1044 1042/1042/1042 1045/1045/1045
f 1046/1046/1046 1045/1045/1045 1042/1042/1042
f 1047/1047/1047 1043/1043/1043 1044/1044/1044
f 1044/1044/1044 1045/1045/1045 1047/1047/1047
f 1039/1039/1039 1043/1043/1043 1048/1048/1048
f 1048/1048/1048 1036/1036/1036 1039/1039/1039
f 1043/1043/1043 1047/1047/1047 1049/1049/1049
f 1049/1049/1049 1048/1048/1048 1043/1043/1043
f 934/934/934 1047/1047/1047 1045/1045/1045
f 1047/1047/1047 934/934/934 936/936/936
f 936/936/936 1049/1049/1049 1047/1047/1047
f 1049/1049/1049 936/936/936 938/938/938
f 1045/1045/1045 1050/1050/1050 934/934/934
f 1045/1045/1045 1046/1046/1046 1050/1050/1050
f 930/930/930 934/934/934 1050/1050/1050
f 1051/1051/1051 1050/1050/1050 1046/1046/1046
f 930/930/930 1050/1050/1050 925/925/925
f 1050/1050/1050 1051/1051/1051 1052/1052/1052
f 1050/1050/1050 1052/1052/1052 925/925/925
f 925/925/925 1052/1052/1052 926/926/926
f 1051/1051/1051 1053/1053/1053 1052/1052/1052
f 1052/1052/1052 1054/1054/1054 926/926/926
f 1052/1052/1052 1053/1053/1053 1054/1054/1054
f 1053/1053/1053 1055/1055/1055 1054/1054/1054
f 938/938/938 1056/1056/1056 1049/1049/1049
f 1048/1048/1048 1049/1049/1049 1056/1056/1056
f 1056/1056/1056 938/938/938 1057/1057/1057
f 937/937/937 1057/1057/1057 938/938/938
f 1057/1057/1057 937/937/937 942/942/942
f 1056/1056/1056 1058/1058/1058 1048/1048/1048
f 1036/1036/1036 1048/1048/1048 1058/1058/1058
f 1057/1057/1057 1059/1059/1059 1056/1056/1056
f 1058/1058/1058 1056/1056/1056 1059/1059/1059
f 942/942/942 1060/1060/1060 1057/1057/1057
f 1059/1059/1059 1057/1057/1057 1060/1060/1060
f 1058/1058/1058 1061/1061/1061 1036/1036/1036
f 1032/1032/1032 1036/1036/1036 1061/1061/1061
f 1032/1032/1032 1061/1061/1061 1031/1031/1031
f 1059/1059/1059 1062/1062/1062 1058/1058/1058
f 1061/1061/1061 1058/1058/1058 1062/1062/1062
f 1063/1063/1063 1031/1031/1031 1061/1061/1061
f 1061/1061/1061 1062/1062/1062 1063/1063/1063
f 1031/1031/1031 1063/1063/1063 1024/1024/1024
f 1062/1062/1062 1059/1059/1059 1064/1064/1064
f 1060/1060/1060 1064/1064/1064 1059/1059/1059
f 1065/1065/1065 1063/1063/1063 1062/1062/1062
f 1062/1062/1062 1064/1064/1064 1065/1065/1065
f 1066/1066/1066 1024/1024/1024 1063/1063/1063
f 1063/1063/1063 1065/1065/1065 1066/1066/1066
f 1066/1066/1066 1011/1011/1011 1024/1024/1024
f 1011/1011/1011 1066/1066/1066 1010/1010/1010
f 1067/1067/1067 1010/1010/1010 1066/1066/1066
f 1067/1067/1067 1066/1066/1066 1065/1065/1065
f 1010/1010/1010 1067/1067/1067 1003/1003/1003
f 1068/1068/1068 1065/1065/1065 1064/1064/1064
f 1065/1065/1065 1068/1068/1068 1067/1067/1067
f 1069/1069/1069 1003/1003/1003 1067/1067/1067
f 1069/1069/1069 1067/1067/1067 1068/1068/1068
f 1003/1003/1003 1069/1069/1069 996/996/996
f 994/994/994 996/996/996 1069/1069/1069
f 994/994/994 1069/1069/1069 1070/1070/1070
f 1068/1068/1068 1070/1070/1070 1069/1069/1069
f 1070/1070/1070 993/993/993 994/994/994
f 1064/1064/1064 1071/1071/1071 1068/1068/1068
f 1070/1070/1070 1068/1068/1068 1071/1071/1071
f 1064/1064/1064 1060/1060/1060 1071/1071/1071
f 993/993/993 1070/1070/1070 1072/1072/1072
f 1071/1071/1071 1072/1072/1072 1070/1070/1070
f 1073/1073/1073 1071/1071/1071 1060/1060/1060
f 1071/1071/1071 1073/1073/1073 1072/1072/1072
f 1060/1060/1060 942/942/942 1073/1073/1073
f 1072/1072/1072 1074/1074/1074 993/993/993
f 991/991/991 993/993/993 1074/1074/1074
f 1075/1075/1075 1072/1072/1072 1073/1073/1073
f 1072/1072/1072 1075/1075/1075 1074/1074/1074
f 1076/1076/1076 1073/1073/1073 942/942/942
f 1073/1073/1073 1076/1076/1076 1075/1075/1075
f 942/942/942 939/939/939 1076/1076/1076
f 941/941/941 1076/1076/1076 939/939/939
f 1076/1076/1076 941/941/941 1077/1077/1077
f 1077/1077/1077 1075/1075/1075 1076/1076/1076
f 945/945/945 1077/1077/1077 941/941/941
f 1078/1078/1078 1074/1074/1074 1075/1075/1075
f 1075/1075/1075 1077/1077/1077 1078/1078/1078
f 1077/1077/1077 945/945/945 1079/1079/1079
f 1079/1079/1079 1078/1078/1078 1077/1077/1077
f 947/947/947 1079/1079/1079 945/945/945
f 1074/1074/1074 1078/1078/1078 1080/1080/1080
f 1074/1074/1074 1080/1080/1080 991/991/991
f 989/989/989 991/991/991 1080/1080/1080
f 1078/1078/1078 1079/1079/1079 1081/1081/1081
f 1081/1081/1081 1080/1080/1080 1078/1078/1078
f 1079/1079/1079 947/947/947 1082/1082/1082
f 1082/1082/1082 1081/1081/1081 1079/1079/1079
f 949/949/949 1082/1082/1082 947/947/947
f 1080/1080/1080 1083/1083/1083 989/989/989
f 1080/1080/1080 1081/1081/1081 1083/1083/1083
f 1083/1083/1083 988/988/988 989/989/989
f 1081/1081/1081 1082/1082/1082 1084/1084/1084
f 1084/1084/1084 1083/1083/1083 1081/1081/1081
f 1082/1082/1082 949/949/949 1085/1085/1085
f 1085/1085/1085 1084/1084/1084 1082/1082/1082
f 951/951/951 1085/1085/1085 949/949/949
f 1084/1084/1084 1086/1086/1086 1083/1083/1083
f 1084/1084/1084 1085/1085/1085 1086/1086/1086
f 1083/1083/1083 1087/1087/1087 988/988/988
f 1086/1086/1086 1087/1087/1087 1083/1083/1083
f 1087/1087/1087 978/978/978 988/988/988
f 1085/1085/1085 951/951/951 1088/1088/1088
f 1088/1088/1088 1086/1086/1086 1085/1085/1085
f 953/953/953 1088/1088/1088 951/951/951
f 1086/1086/1086 1089/1089/1089 1087/1087/1087
f 1086/1086/1086 1088/1088/1088 1089/1089/1089
f 1087/1087/1087 1090/1090/1090 978/978/978
f 1089/1089/1089 1090/1090/1090 1087/1087/1087
f 1090/1090/1090 975/975/975 978/978/978
f 1090/1090/1090 972/972/972 975/975/975
f 1088/1088/1088 953/953/953 1091/1091/1091
f 1091/1091/1091 1089/1089/1089 1088/1088/1088
f 955/955/955 1091/1091/1091 953/953/953
f 1091/1091/1091 955/955/955 965/965/965
f 1089/1089/1089 1092/1092/1092 1090/1090/1090
f 1089/1089/1089 1091/1091/1091 1092/1092/1092
f 1092/1092/1092 972/972/972 1090/1090/1090
f 965/965/965 1092/1092/1092 1091/1091/1091
f 972/972/972 1092/1092/1092 966/966/966
f 1092/1092/1092 965/965/965 966/966/966
f 1095/1095/1095 1094/1094/1094 1093/1093/1093
f 1095/1095/1095 1096/1096/1096 1094/1094/1094
f 1097/1097/1097 1093/1093/1093 1094/1094/1094
f 1093/1093/1093 1097/1097/1097 1098/1098/1098
f 1099/1099/1099 1094/1094/1094 1096/1096/1096
f 1099/1099/1099 1096/1096/1096 1100/1100/1100
f 1094/1094/1094 1101/1101/1101 1097/1097/1097
f 1101/1101/1101 1094/1094/1094 1099/1099/1099
f 1102/1102/1102 1098/1098/1098 1097/1097/1097
f 1098/1098/1098 1102/1102/1102 1103/1103/1103
f 1104/1104/1104 1099/1099/1099 1100/1100/1100
f 1104/1104/1104 1100/1100/1100 1105/1105/1105
f 1106/1106/1106 1099/1099/1099 1104/1104/1104
f 1099/1099/1099 1106/1106/1106 1101/1101/1101
f 1107/1107/1107 1104/1104/1104 1105/1105/1105
f 1108/1108/1108 1097/1097/1097 1101/1101/1101
f 1097/1097/1097 1108/1108/1108 1102/1102/1102
f 1109/1109/1109 1101/1101/1101 1106/1106/1106
f 1101/1101/1101 1109/1109/1109 1108/1108/1108
f 1110/1110/1110 1106/1106/1106 1104/1104/1104
f 1110/1110/1110 1104/1104/1104 1107/1107/1107
f 1111/1111/1111 1109/1109/1109 1106/1106/1106
f 1111/1111/1111 1106/1106/1106 1110/1110/1110
f 1112/1112/1112 1108/1108/1108 1109/1109/1109
f 1113/1113/1113 1109/1109/1109 1111/1111/1111
f 1109/1109/1109 1113/1113/1113 1112/1112/1112
f 1114/1114/1114 1111/1111/1111 1110/1110/1110
f 1108/1108/1108 1112/1112/1112 1115/1115/1115
f 1115/1115/1115 1102/1102/1102 1108/1108/1108
f 1116/1116/1116 1113/1113/1113 1111/1111/1111
f 1116/1116/1116 1111/1111/1111 1114/1114/1114
f 1102/1102/1102 1115/1115/1115 1117/1117/1117
f 1117/1117/1117 1103/1103/1103 1102/1102/1102
f 1114/1114/1114 1110/1110/1110 1118/1118/1118
f 1118/1118/1118 1110/1110/1110 1107/1107/1107
f 1103/1103/1103 1117/1117/1117 1119/1119/1119
f 1119/1119/1119 1120/1120/1120 1103/1103/1103
f 1121/1121/1121 1117/1117/1117 1115/1115/1115
f 1119/1119/1119 1122/1122/1122 1120/1120/1120
f 1122/1122/1122 1123/1123/1123 1120/1120/1120
f 1124/1124/1124 1119/1119/1119 1117/1117/1117
f 1117/1117/1117 1121/1121/1121 1124/1124/1124
f 1125/1125/1125 1122/1122/1122 1119/1119/1119
f 1119/1119/1119 1124/1124/1124 1125/1125/1125
f 1122/1122/1122 1126/1126/1126 1123/1123/1123
f 1126/1126/1126 1127/1127/1127 1123/1123/1123
f 1125/1125/1125 1128/1128/1128 1122/1122/1122
f 1128/1128/1128 1126/1126/1126 1122/1122/1122
f 1126/1126/1126 1129/1129/1129 1127/1127/1127
f 1129/1129/1129 1130/1130/1130 1127/1127/1127
f 1130/1130/1130 1129/1129/1129 1131/1131/1131
f 1132/1132/1132 1129/1129/1129 1126/1126/1126
f 1128/1128/1128 1132/1132/1132 1126/1126/1126
f 1133/1133/1133 1131/1131/1131 1129/1129/1129
f 1129/1129/1129 1132/1132/1132 1133/1133/1133
f 1131/1131/1131 1133/1133/1133 1134/1134/1134
f 1135/1135/1135 1132/1132/1132 1128/1128/1128
f 1136/1136/1136 1134/1134/1134 1133/1133/1133
f 1134/1134/1134 1136/1136/1136 1137/1137/1137
f 1138/1138/1138 1133/1133/1133 1132/1132/1132
f 1133/1133/1133 1138/1138/1138 1136/1136/1136
f 1132/1132/1132 1135/1135/1135 1138/1138/1138
f 1139/1139/1139 1137/1137/1137 1136/1136/1136
f 1140/1140/1140 1136/1136/1136 1138/1138/1138
f 1136/1136/1136 1140/1140/1140 1139/1139/1139
f 1141/1141/1141 1138/1138/1138 1135/1135/1135
f 1138/1138/1138 1141/1141/1141 1140/1140/1140
f 1142/1142/1142 1135/1135/1135 1128/1128/1128
f 1142/1142/1142 1128/1128/1128 1125/1125/1125
f 1135/1135/1135 1143/1143/1143 1141/1141/1141
f 1143/1143/1143 1135/1135/1135 1142/1142/1142
f 1125/1125/1125 1144/1144/1144 1142/1142/1142
f 1144/1144/1144 1125/1125/1125 1124/1124/1124
f 1145/1145/1145 1143/1143/1143 1142/1142/1142
f 1142/1142/1142 1144/1144/1144 1145/1145/1145
f 1124/1124/1124 1146/1146/1146 1144/1144/1144
f 1146/1146/1146 1124/1124/1124 1121/1121/1121
f 1147/1147/1147 1145/1145/1145 1144/1144/1144
f 1147/1147/1147 1144/1144/1144 1146/1146/1146
f 1148/1148/1148 1143/1143/1143 1145/1145/1145
f 1121/1121/1121 1149/1149/1149 1146/1146/1146
f 1145/1145/1145 1147/1147/1147 1150/1150/1150
f 1150/1150/1150 1148/1148/1148 1145/1145/1145
f 1146/1146/1146 1151/1151/1151 1147/1147/1147
f 1151/1151/1151 1146/1146/1146 1149/1149/1149
f 1152/1152/1152 1150/1150/1150 1147/1147/1147
f 1147/1147/1147 1151/1151/1151 1152/1152/1152
f 1149/1149/1149 1121/1121/1121 1153/1153/1153
f 1115/1115/1115 1153/1153/1153 1121/1121/1121
f 1153/1153/1153 1115/1115/1115 1112/1112/1112
f 1149/1149/1149 1154/1154/1154 1151/1151/1151
f 1112/1112/1112 1155/1155/1155 1153/1153/1153
f 1155/1155/1155 1112/1112/1112 1113/1113/1113
f 1153/1153/1153 1156/1156/1156 1149/1149/1149
f 1156/1156/1156 1153/1153/1153 1155/1155/1155
f 1154/1154/1154 1149/1149/1149 1156/1156/1156
f 1113/1113/1113 1157/1157/1157 1155/1155/1155
f 1157/1157/1157 1113/1113/1113 1116/1116/1116
f 1155/1155/1155 1158/1158/1158 1156/1156/1156
f 1158/1158/1158 1155/1155/1155 1157/1157/1157
f 1156/1156/1156 1159/1159/1159 1154/1154/1154
f 1159/1159/1159 1156/1156/1156 1158/1158/1158
f 1160/1160/1160 1151/1151/1151 1154/1154/1154
f 1160/1160/1160 1152/1152/1152 1151/1151/1151
f 1161/1161/1161 1154/1154/1154 1159/1159/1159
f 1161/1161/1161 1160/1160/1160 1154/1154/1154
f 1158/1158/1158 1162/1162/1162 1159/1159/1159
f 1159/1159/1159 1163/1163/1163 1161/1161/1161
f 1163/1163/1163 1159/1159/1159 1162/1162/1162
f 1157/1157/1157 1164/1164/1164 1158/1158/1158
f 1162/1162/1162 1158/1158/1158 1164/1164/1164
f 1164/1164/1164 1157/1157/1157 1165/1165/1165
f 1165/1165/1165 1157/1157/1157 1116/1116/1116
f 1164/1164/1164 1166/1166/1166 1162/1162/1162
f 1165/1165/1165 1116/1116/1116 1167/1167/1167
f 1167/1167/1167 1116/1116/1116 1114/1114/1114
f 1168/1168/1168 1164/1164/1164 1165/1165/1165
f 1166/1166/1166 1164/1164/1164 1168/1168/1168
f 1169/1169/1169 1165/1165/1165 1167/1167/1167
f 1168/1168/1168 1165/1165/1165 1169/1169/1169
f 1167/1167/1167 1114/1114/1114 1170/1170/1170
f 1170/1170/1170 1114/1114/1114 1118/1118/1118
f 1169/1169/1169 1167/1167/1167 1171/1171/1171
f 1171/1171/1171 1167/1167/1167 1170/1170/1170
f 1172/1172/1172 1168/1168/1168 1169/1169/1169
f 1170/1170/1170 1118/1118/1118 1173/1173/1173
f 1174/1174/1174 1169/1169/1169 1171/1171/1171
f 1172/1172/1172 1169/1169/1169 1174/1174/1174
f 1171/1171/1171 1170/1170/1170 1175/1175/1175
f 1173/1173/1173 1175/1175/1175 1170/1170/1170
f 1174/1174/1174 1171/1171/1171 1176/1176/1176
f 1175/1175/1175 1176/1176/1176 1171/1171/1171
f 1177/1177/1177 1173/1173/1173 1118/1118/1118
f 1118/1118/1118 1107/1107/1107 1177/1177/1177
f 1175/1175/1175 1173/1173/1173 1178/1178/1178
f 1179/1179/1179 1177/1177/1177 1107/1107/1107
f 1107/1107/1107 1105/1105/1105 1179/1179/1179
f 1180/1180/1180 1179/1179/1179 1105/1105/1105
f 1173/1173/1173 1177/1177/1177 1181/1181/1181
f 1181/1181/1181 1178/1178/1178 1173/1173/1173
f 1177/1177/1177 1179/1179/1179 1182/1182/1182
f 1182/1182/1182 1181/1181/1181 1177/1177/1177
f 1179/1179/1179 1180/1180/1180 1183/1183/1183
f 1183/1183/1183 1182/1182/1182 1179/1179/1179
f 1184/1184/1184 1183/1183/1183 1180/1180/1180
f 1181/1181/1181 1182/1182/1182 1185/1185/1185
f 1183/1183/1183 1184/1184/1184 1186/1186/1186
f 1187/1187/1187 1186/1186/1186 1184/1184/1184
f 1182/1182/1182 1183/1183/1183 1188/1188/1188
f 1186/1186/1186 1188/1188/1188 1183/1183/1183
f 1188/1188/1188 1185/1185/1185 1182/1182/1182
f 1186/1186/1186 1187/1187/1187 1189/1189/1189
f 1190/1190/1190 1189/1189/1189 1187/1187/1187
f 1190/1190/1190 1191/1191/1191 1189/1189/1189
f 1188/1188/1188 1186/1186/1186 1192/1192/1192
f 1189/1189/1189 1192/1192/1192 1186/1186/1186
f 1193/1193/1193 1189/1189/1189 1191/1191/1191
f 1189/1189/1189 1193/1193/1193 1192/1192/1192
f 1191/1191/1191 1194/1194/1194 1193/1193/1193
f 1192/1192/1192 1195/1195/1195 1188/1188/1188
f 1185/1185/1185 1188/1188/1188 1195/1195/1195
f 1193/1193/1193 1196/1196/1196 1192/1192/1192
f 1192/1192/1192 1196/1196/1196 1195/1195/1195
f 1197/1197/1197 1193/1193/1193 1194/1194/1194
f 1193/1193/1193 1197/1197/1197 1196/1196/1196
f 1194/1194/1194 1137/1137/1137 1197/1197/1197
f 1139/1139/1139 1197/1197/1197 1137/1137/1137
f 1198/1198/1198 1196/1196/1196 1197/1197/1197
f 1197/1197/1197 1139/1139/1139 1198/1198/1198
f 1196/1196/1196 1199/1199/1199 1195/1195/1195
f 1196/1196/1196 1198/1198/1198 1199/1199/1199
f 1200/1200/1200 1198/1198/1198 1139/1139/1139
f 1200/1200/1200 1139/1139/1139 1140/1140/1140
f 1201/1201/1201 1199/1199/1199 1198/1198/1198
f 1201/1201/1201 1198/1198/1198 1200/1200/1200
f 1195/1195/1195 1199/1199/1199 1202/1202/1202
f 1195/1195/1195 1202/1202/1202 1185/1185/1185
f 1140/1140/1140 1203/1203/1203 1200/1200/1200
f 1203/1203/1203 1140/1140/1140 1141/1141/1141
f 1204/1204/1204 1185/1185/1185 1202/1202/1202
f 1185/1185/1185 1204/1204/1204 1181/1181/1181
f 1178/1178/1178 1181/1181/1181 1204/1204/1204
f 1199/1199/1199 1205/1205/1205 1202/1202/1202
f 1205/1205/1205 1199/1199/1199 1201/1201/1201
f 1202/1202/1202 1206/1206/1206 1204/1204/1204
f 1202/1202/1202 1205/1205/1205 1206/1206/1206
f 1204/1204/1204 1207/1207/1207 1178/1178/1178
f 1207/1207/1207 1204/1204/1204 1206/1206/1206
f 1208/1208/1208 1178/1178/1178 1207/1207/1207
f 1178/1178/1178 1208/1208/1208 1175/1175/1175
f 1176/1176/1176 1175/1175/1175 1208/1208/1208
f 1206/1206/1206 1209/1209/1209 1207/1207/1207
f 1207/1207/1207 1210/1210/1210 1208/1208/1208
f 1210/1210/1210 1207/1207/1207 1209/1209/1209
f 1208/1208/1208 1211/1211/1211 1176/1176/1176
f 1211/1211/1211 1208/1208/1208 1210/1210/1210
f 1212/1212/1212 1176/1176/1176 1211/1211/1211
f 1176/1176/1176 1212/1212/1212 1174/1174/1174
f 1211/1211/1211 1210/1210/1210 1213/1213/1213
f 1211/1211/1211 1213/1213/1213 1212/1212/1212
f 1214/1214/1214 1174/1174/1174 1212/1212/1212
f 1214/1214/1214 1172/1172/1172 1174/1174/1174
f 1215/1215/1215 1212/1212/1212 1213/1213/1213
f 1212/1212/1212 1215/1215/1215 1214/1214/1214
f 1210/1210/1210 1216/1216/1216 1213/1213/1213
f 1210/1210/1210 1209/1209/1209 1216/1216/1216
f 1217/1217/1217 1172/1172/1172 1214/1214/1214
f 1218/1218/1218 1214/1214/1214 1215/1215/1215
f 1218/1218/1218 1217/1217/1217 1214/1214/1214
f 1217/1217/1217 1219/1219/1219 1172/1172/1172
f 1219/1219/1219 1168/1168/1168 1172/1172/1172
f 1219/1219/1219 1166/1166/1166 1168/1168/1168
f 1217/1217/1217 1218/1218/1218 1220/1220/1220
f 1217/1217/1217 1220/1220/1220 1219/1219/1219
f 1218/1218/1218 1215/1215/1215 1221/1221/1221
f 1221/1221/1221 1220/1220/1220 1218/1218/1218
f 1222/1222/1222 1221/1221/1221 1215/1215/1215
f 1215/1215/1215 1213/1213/1213 1222/1222/1222
f 1221/1221/1221 1223/1223/1223 1220/1220/1220
f 1221/1221/1221 1222/1222/1222 1223/1223/1223
f 1224/1224/1224 1219/1219/1219 1220/1220/1220
f 1219/1219/1219 1224/1224/1224 1166/1166/1166
f 1225/1225/1225 1222/1222/1222 1213/1213/1213
f 1213/1213/1213 1216/1216/1216 1225/1225/1225
f 1222/1222/1222 1225/1225/1225 1226/1226/1226
f 1226/1226/1226 1223/1223/1223 1222/1222/1222
f 1225/1225/1225 1216/1216/1216 1227/1227/1227
f 1228/1228/1228 1226/1226/1226 1225/1225/1225
f 1225/1225/1225 1227/1227/1227 1228/1228/1228
f 1226/1226/1226 1229/1229/1229 1223/1223/1223
f 1226/1226/1226 1228/1228/1228 1229/1229/1229
f 1216/1216/1216 1230/1230/1230 1227/1227/1227
f 1209/1209/1209 1230/1230/1230 1216/1216/1216
f 1228/1228/1228 1227/1227/1227 1231/1231/1231
f 1230/1230/1230 1232/1232/1232 1227/1227/1227
f 1227/1227/1227 1232/1232/1232 1231/1231/1231
f 1233/1233/1233 1229/1229/1229 1228/1228/1228
f 1228/1228/1228 1231/1231/1231 1233/1233/1233
f 1234/1234/1234 1223/1223/1223 1229/1229/1229
f 1229/1229/1229 1233/1233/1233 1235/1235/1235
f 1229/1229/1229 1235/1235/1235 1234/1234/1234
f 1233/1233/1233 1231/1231/1231 1236/1236/1236
f 1223/1223/1223 1234/1234/1234 1237/1237/1237
f 1237/1237/1237 1220/1220/1220 1223/1223/1223
f 1220/1220/1220 1237/1237/1237 1224/1224/1224
f 1231/1231/1231 1238/1238/1238 1236/1236/1236
f 1232/1232/1232 1238/1238/1238 1231/1231/1231
f 1239/1239/1239 1224/1224/1224 1237/1237/1237
f 1240/1240/1240 1237/1237/1237 1234/1234/1234
f 1237/1237/1237 1240/1240/1240 1239/1239/1239
f 1234/1234/1234 1241/1241/1241 1240/1240/1240
f 1241/1241/1241 1234/1234/1234 1235/1235/1235
f 1224/1224/1224 1239/1239/1239 1242/1242/1242
f 1242/1242/1242 1166/1166/1166 1224/1224/1224
f 1243/1243/1243 1239/1239/1239 1240/1240/1240
f 1244/1244/1244 1242/1242/1242 1239/1239/1239
f 1239/1239/1239 1243/1243/1243 1244/1244/1244
f 1240/1240/1240 1245/1245/1245 1243/1243/1243
f 1245/1245/1245 1240/1240/1240 1241/1241/1241
f 1246/1246/1246 1244/1244/1244 1243/1243/1243
f 1241/1241/1241 1247/1247/1247 1245/1245/1245
f 1248/1248/1248 1243/1243/1243 1245/1245/1245
f 1243/1243/1243 1248/1248/1248 1246/1246/1246
f 1249/1249/1249 1245/1245/1245 1247/1247/1247
f 1245/1245/1245 1249/1249/1249 1248/1248/1248
f 1247/1247/1247 1241/1241/1241 1250/1250/1250
f 1235/1235/1235 1250/1250/1250 1241/1241/1241
f 1251/1251/1251 1248/1248/1248 1249/1249/1249
f 1235/1235/1235 1252/1252/1252 1250/1250/1250
f 1252/1252/1252 1235/1235/1235 1233/1233/1233
f 1233/1233/1233 1236/1236/1236 1252/1252/1252
f 1253/1253/1253 1250/1250/1250 1252/1252/1252
f 1252/1252/1252 1236/1236/1236 1254/1254/1254
f 1252/1252/1252 1254/1254/1254 1253/1253/1253
f 1236/1236/1236 1255/1255/1255 1254/1254/1254
f 1238/1238/1238 1255/1255/1255 1236/1236/1236
f 1253/1253/1253 1254/1254/1254 1256/1256/1256
f 1254/1254/1254 1255/1255/1255 1257/1257/1257
f 1254/1254/1254 1257/1257/1257 1256/1256/1256
f 1258/1258/1258 1250/1250/1250 1253/1253/1253
f 1258/1258/1258 1253/1253/1253 1256/1256/1256
f 1258/1258/1258 1247/1247/1247 1250/1250/1250
f 1258/1258/1258 1249/1249/1249 1247/1247/1247
f 1258/1258/1258 1251/1251/1251 1249/1249/1249
f 1256/1256/1256 1257/1257/1257 1259/1259/1259
f 1258/1258/1258 1256/1256/1256 1259/1259/1259
f 1259/1259/1259 1257/1257/1257 1260/1260/1260
f 1258/1258/1258 1259/1259/1259 1260/1260/1260
f 1261/1261/1261 1260/1260/1260 1257/1257/1257
f 1257/1257/1257 1255/1255/1255 1261/1261/1261
f 1260/1260/1260 1261/1261/1261 1262/1262/1262
f 1258/1258/1258 1260/1260/1260 1262/1262/1262
f 1263/1263/1263 1261/1261/1261 1255/1255/1255
f 1255/1255/1255 1238/1238/1238 1263/1263/1263
f 1264/1264/1264 1262/1262/1262 1261/1261/1261
f 1261/1261/1261 1263/1263/1263 1264/1264/1264
f 1265/1265/1265 1263/1263/1263 1238/1238/1238
f 1238/1238/1238 1232/1232/1232 1265/1265/1265
f 1266/1266/1266 1264/1264/1264 1263/1263/1263
f 1263/1263/1263 1265/1265/1265 1266/1266/1266
f 1267/1267/1267 1265/1265/1265 1232/1232/1232
f 1232/1232/1232 1230/1230/1230 1267/1267/1267
f 1268/1268/1268 1266/1266/1266 1265/1265/1265
f 1265/1265/1265 1267/1267/1267 1268/1268/1268
f 1266/1266/1266 1269/1269/1269 1264/1264/1264
f 1266/1266/1266 1268/1268/1268 1269/1269/1269
f 1270/1270/1270 1267/1267/1267 1230/1230/1230
f 1230/1230/1230 1209/1209/1209 1270/1270/1270
f 1271/1271/1271 1268/1268/1268 1267/1267/1267
f 1267/1267/1267 1270/1270/1270 1271/1271/1271
f 1272/1272/1272 1269/1269/1269 1268/1268/1268
f 1268/1268/1268 1271/1271/1271 1272/1272/1272
f 1264/1264/1264 1269/1269/1269 1273/1273/1273
f 1264/1264/1264 1273/1273/1273 1262/1262/1262
f 1274/1274/1274 1269/1269/1269 1272/1272/1272
f 1262/1262/1262 1273/1273/1273 1275/1275/1275
f 1258/1258/1258 1262/1262/1262 1275/1275/1275
f 1276/1276/1276 1273/1273/1273 1269/1269/1269
f 1274/1274/1274 1276/1276/1276 1269/1269/1269
f 1277/1277/1277 1275/1275/1275 1273/1273/1273
f 1276/1276/1276 1277/1277/1277 1273/1273/1273
f 1275/1275/1275 1277/1277/1277 1278/1278/1278
f 1258/1258/1258 1275/1275/1275 1278/1278/1278
f 1279/1279/1279 1277/1277/1277 1276/1276/1276
f 1280/1280/1280 1278/1278/1278 1277/1277/1277
f 1279/1279/1279 1280/1280/1280 1277/1277/1277
f 1280/1280/1280 1281/1281/1281 1278/1278/1278
f 1258/1258/1258 1278/1278/1278 1281/1281/1281
f 1282/1282/1282 1279/1279/1279 1276/1276/1276
f 1276/1276/1276 1274/1274/1274 1282/1282/1282
f 1280/1280/1280 1279/1279/1279 1283/1283/1283
f 1284/1284/1284 1281/1281/1281 1280/1280/1280
f 1284/1284/1284 1280/1280/1280 1283/1283/1283
f 1285/1285/1285 1281/1281/1281 1284/1284/1284
f 1258/1258/1258 1281/1281/1281 1285/1285/1285
f 1285/1285/1285 1284/1284/1284 1286/1286/1286
f 1258/1258/1258 1285/1285/1285 1286/1286/1286
f 1287/1287/1287 1286/1286/1286 1284/1284/1284
f 1284/1284/1284 1283/1283/1283 1287/1287/1287
f 1286/1286/1286 1287/1287/1287 1288/1288/1288
f 1258/1258/1258 1286/1286/1286 1288/1288/1288
f 1289/1289/1289 1287/1287/1287 1283/1283/1283
f 1290/1290/1290 1288/1288/1288 1287/1287/1287
f 1287/1287/1287 1289/1289/1289 1290/1290/1290
f 1283/1283/1283 1279/1279/1279 1291/1291/1291
f 1283/1283/1283 1291/1291/1291 1289/1289/1289
f 1279/1279/1279 1282/1282/1282 1291/1291/1291
f 1288/1288/1288 1290/1290/1290 1292/1292/1292
f 1258/1258/1258 1288/1288/1288 1292/1292/1292
f 1293/1293/1293 1290/1290/1290 1289/1289/1289
f 1294/1294/1294 1292/1292/1292 1290/1290/1290
f 1290/1290/1290 1293/1293/1293 1294/1294/1294
f 1295/1295/1295 1289/1289/1289 1291/1291/1291
f 1289/1289/1289 1295/1295/1295 1293/1293/1293
f 1292/1292/1292 1294/1294/1294 1296/1296/1296
f 1258/1258/1258 1292/1292/1292 1296/1296/1296
f 1297/1297/1297 1294/1294/1294 1293/1293/1293
f 1298/1298/1298 1296/1296/1296 1294/1294/1294
f 1294/1294/1294 1297/1297/1297 1298/1298/1298
f 1299/1299/1299 1293/1293/1293 1295/1295/1295
f 1293/1293/1293 1299/1299/1299 1297/1297/1297
f 1291/1291/1291 1300/1300/1300 1295/1295/1295
f 1291/1291/1291 1282/1282/1282 1300/1300/1300
f 1295/1295/1295 1301/1301/1301 1299/1299/1299
f 1301/1301/1301 1295/1295/1295 1300/1300/1300
f 1282/1282/1282 1302/1302/1302 1300/1300/1300
f 1282/1282/1282 1274/1274/1274 1302/1302/1302
f 1301/1301/1301 1300/1300/1300 1303/1303/1303
f 1274/1274/1274 1304/1304/1304 1302/1302/1302
f 1302/1302/1302 1305/1305/1305 1300/1300/1300
f 1304/1304/1304 1274/1274/1274 1306/1306/1306
f 1272/1272/1272 1306/1306/1306 1274/1274/1274
f 1306/1306/1306 1272/1272/1272 1271/1271/1271
f 1304/1304/1304 1307/1307/1307 1302/1302/1302
f 1305/1305/1305 1302/1302/1302 1307/1307/1307
f 1306/1306/1306 1308/1308/1308 1304/1304/1304
f 1308/1308/1308 1306/1306/1306 1271/1271/1271
f 1307/1307/1307 1304/1304/1304 1308/1308/1308
f 1271/1271/1271 1309/1309/1309 1308/1308/1308
f 1309/1309/1309 1271/1271/1271 1270/1270/1270
f 1308/1308/1308 1310/1310/1310 1307/1307/1307
f 1310/1310/1310 1308/1308/1308 1309/1309/1309
f 1311/1311/1311 1309/1309/1309 1270/1270/1270
f 1309/1309/1309 1311/1311/1311 1310/1310/1310
f 1311/1311/1311 1270/1270/1270 1312/1312/1312
f 1312/1312/1312 1270/1270/1270 1209/1209/1209
f 1313/1313/1313 1307/1307/1307 1310/1310/1310
f 1307/1307/1307 1313/1313/1313 1305/1305/1305
f 1314/1314/1314 1310/1310/1310 1311/1311/1311
f 1310/1310/1310 1314/1314/1314 1313/1313/1313
f 1315/1315/1315 1311/1311/1311 1312/1312/1312
f 1311/1311/1311 1315/1315/1315 1314/1314/1314
f 1316/1316/1316 1312/1312/1312 1209/1209/1209
f 1315/1315/1315 1312/1312/1312 1316/1316/1316
f 1206/1206/1206 1316/1316/1316 1209/1209/1209
f 1205/1205/1205 1316/1316/1316 1206/1206/1206
f 1317/1317/1317 1316/1316/1316 1205/1205/1205
f 1317/1317/1317 1315/1315/1315 1316/1316/1316
f 1201/1201/1201 1317/1317/1317 1205/1205/1205
f 1314/1314/1314 1315/1315/1315 1318/1318/1318
f 1315/1315/1315 1317/1317/1317 1318/1318/1318
f 1317/1317/1317 1201/1201/1201 1319/1319/1319
f 1318/1318/1318 1317/1317/1317 1319/1319/1319
f 1319/1319/1319 1201/1201/1201 1200/1200/1200
f 1319/1319/1319 1200/1200/1200 1203/1203/1203
f 1314/1314/1314 1318/1318/1318 1320/1320/1320
f 1320/1320/1320 1313/1313/1313 1314/1314/1314
f 1318/1318/1318 1319/1319/1319 1321/1321/1321
f 1203/1203/1203 1321/1321/1321 1319/1319/1319
f 1321/1321/1321 1320/1320/1320 1318/1318/1318
f 1321/1321/1321 1203/1203/1203 1322/1322/1322
f 1141/1141/1141 1322/1322/1322 1203/1203/1203
f 1322/1322/1322 1141/1141/1141 1143/1143/1143
f 1143/1143/1143 1148/1148/1148 1322/1322/1322
f 1322/1322/1322 1323/1323/1323 1321/1321/1321
f 1323/1323/1323 1322/1322/1322 1148/1148/1148
f 1320/1320/1320 1321/1321/1321 1323/1323/1323
f 1148/1148/1148 1324/1324/1324 1323/1323/1323
f 1324/1324/1324 1148/1148/1148 1150/1150/1150
f 1323/1323/1323 1325/1325/1325 1320/1320/1320
f 1313/1313/1313 1320/1320/1320 1325/1325/1325
f 1325/1325/1325 1323/1323/1323 1324/1324/1324
f 1325/1325/1325 1305/1305/1305 1313/1313/1313
f 1326/1326/1326 1324/1324/1324 1150/1150/1150
f 1150/1150/1150 1152/1152/1152 1326/1326/1326
f 1324/1324/1324 1327/1327/1327 1325/1325/1325
f 1305/1305/1305 1325/1325/1325 1327/1327/1327
f 1327/1327/1327 1324/1324/1324 1326/1326/1326
f 1327/1327/1327 1300/1300/1300 1305/1305/1305
f 1300/1300/1300 1327/1327/1327 1303/1303/1303
f 1303/1303/1303 1327/1327/1327 1326/1326/1326
f 1328/1328/1328 1326/1326/1326 1152/1152/1152
f 1326/1326/1326 1328/1328/1328 1303/1303/1303
f 1152/1152/1152 1160/1160/1160 1328/1328/1328
f 1329/1329/1329 1303/1303/1303 1328/1328/1328
f 1303/1303/1303 1329/1329/1329 1301/1301/1301
f 1330/1330/1330 1328/1328/1328 1160/1160/1160
f 1328/1328/1328 1330/1330/1330 1329/1329/1329
f 1330/1330/1330 1160/1160/1160 1161/1161/1161
f 1331/1331/1331 1301/1301/1301 1329/1329/1329
f 1331/1331/1331 1299/1299/1299 1301/1301/1301
f 1332/1332/1332 1329/1329/1329 1330/1330/1330
f 1329/1329/1329 1332/1332/1332 1331/1331/1331
f 1333/1333/1333 1330/1330/1330 1161/1161/1161
f 1330/1330/1330 1333/1333/1333 1332/1332/1332
f 1333/1333/1333 1161/1161/1161 1163/1163/1163
f 1334/1334/1334 1331/1331/1331 1332/1332/1332
f 1331/1331/1331 1334/1334/1334 1299/1299/1299
f 1332/1332/1332 1333/1333/1333 1335/1335/1335
f 1332/1332/1332 1335/1335/1335 1334/1334/1334
f 1163/1163/1163 1336/1336/1336 1333/1333/1333
f 1335/1335/1335 1333/1333/1333 1336/1336/1336
f 1337/1337/1337 1299/1299/1299 1334/1334/1334
f 1337/1337/1337 1297/1297/1297 1299/1299/1299
f 1334/1334/1334 1335/1335/1335 1338/1338/1338
f 1334/1334/1334 1338/1338/1338 1337/1337/1337
f 1338/1338/1338 1335/1335/1335 1339/1339/1339
f 1336/1336/1336 1339/1339/1339 1335/1335/1335
f 1337/1337/1337 1338/1338/1338 1340/1340/1340
f 1338/1338/1338 1339/1339/1339 1340/1340/1340
f 1337/1337/1337 1340/1340/1340 1297/1297/1297
f 1336/1336/1336 1163/1163/1163 1341/1341/1341
f 1162/1162/1162 1341/1341/1341 1163/1163/1163
f 1341/1341/1341 1162/1162/1162 1166/1166/1166
f 1341/1341/1341 1342/1342/1342 1336/1336/1336
f 1342/1342/1342 1341/1341/1341 1166/1166/1166
f 1339/1339/1339 1336/1336/1336 1342/1342/1342
f 1166/1166/1166 1242/1242/1242 1342/1342/1342
f 1342/1342/1342 1343/1343/1343 1339/1339/1339
f 1339/1339/1339 1343/1343/1343 1340/1340/1340
f 1344/1344/1344 1342/1342/1342 1242/1242/1242
f 1342/1342/1342 1344/1344/1344 1343/1343/1343
f 1242/1242/1242 1244/1244/1244 1344/1344/1344
f 1340/1340/1340 1343/1343/1343 1345/1345/1345
f 1345/1345/1345 1297/1297/1297 1340/1340/1340
f 1345/1345/1345 1298/1298/1298 1297/1297/1297
f 1345/1345/1345 1343/1343/1343 1346/1346/1346
f 1345/1345/1345 1346/1346/1346 1298/1298/1298
f 1344/1344/1344 1346/1346/1346 1343/1343/1343
f 1347/1347/1347 1344/1344/1344 1244/1244/1244
f 1344/1344/1344 1347/1347/1347 1346/1346/1346
f 1244/1244/1244 1246/1246/1246 1347/1347/1347
f 1298/1298/1298 1346/1346/1346 1348/1348/1348
f 1347/1347/1347 1348/1348/1348 1346/1346/1346
f 1298/1298/1298 1348/1348/1348 1296/1296/1296
f 1246/1246/1246 1349/1349/1349 1347/1347/1347
f 1347/1347/1347 1349/1349/1349 1348/1348/1348
f 1296/1296/1296 1348/1348/1348 1350/1350/1350
f 1349/1349/1349 1350/1350/1350 1348/1348/1348
f 1258/1258/1258 1296/1296/1296 1350/1350/1350
f 1246/1246/1246 1351/1351/1351 1349/1349/1349
f 1351/1351/1351 1246/1246/1246 1248/1248/1248
f 1350/1350/1350 1349/1349/1349 1352/1352/1352
f 1258/1258/1258 1350/1350/1350 1352/1352/1352
f 1351/1351/1351 1352/1352/1352 1349/1349/1349
f 1248/1248/1248 1251/1251/1251 1351/1351/1351
f 1258/1258/1258 1352/1352/1352 1353/1353/1353
f 1351/1351/1351 1353/1353/1353 1352/1352/1352
f 1258/1258/1258 1353/1353/1353 1251/1251/1251
f 1353/1353/1353 1351/1351/1351 1251/1251/1251
f 1356/1356/1356 1355/1355/1355 1354/1354/1354
f 1356/1356/1356 1354/1354/1354 1357/1357/1357
f 1355/1355/1355 1358/1358/1358 1354/1354/1354
f 1355/1355/1355 1359/1359/1359 1358/1358/1358
f 1360/1360/1360 1357/1357/1357 1354/1354/1354
f 1357/1357/1357 1360/1360/1360 1361/1361/1361
f 1362/1362/1362 1358/1358/1358 1359/1359/1359
f 1359/1359/1359 1363/1363/1363 1362/1362/1362
f 1364/1364/1364 1361/1361/1361 1360/1360/1360
f 1361/1361/1361 1364/1364/1364 1365/1365/1365
f 1354/1354/1354 1366/1366/1366 1360/1360/1360
f 1354/1354/1354 1358/1358/1358 1366/1366/1366
f 1360/1360/1360 1367/1367/1367 1364/1364/1364
f 1367/1367/1367 1360/1360/1360 1366/1366/1366
f 1368/1368/1368 1365/1365/1365 1364/1364/1364
f 1365/1365/1365 1368/1368/1368 1369/1369/1369
f 1370/1370/1370 1364/1364/1364 1367/1367/1367
f 1364/1364/1364 1370/1370/1370 1368/1368/1368
f 1371/1371/1371 1369/1369/1369 1368/1368/1368
f 1372/1372/1372 1368/1368/1368 1370/1370/1370
f 1368/1368/1368 1372/1372/1372 1371/1371/1371
f 1373/1373/1373 1370/1370/1370 1367/1367/1367
f 1370/1370/1370 1373/1373/1373 1372/1372/1372
f 1371/1371/1371 1374/1374/1374 1369/1369/1369
f 1375/1375/1375 1369/1369/1369 1374/1374/1374
f 1376/1376/1376 1371/1371/1371 1372/1372/1372
f 1374/1374/1374 1377/1377/1377 1375/1375/1375
f 1378/1378/1378 1375/1375/1375 1377/1377/1377
f 1374/1374/1374 1371/1371/1371 1379/1379/1379
f 1376/1376/1376 1379/1379/1379 1371/1371/1371
f 1377/1377/1377 1374/1374/1374 1380/1380/1380
f 1379/1379/1379 1380/1380/1380 1374/1374/1374
f 1377/1377/1377 1381/1381/1381 1378/1378/1378
f 1377/1377/1377 1380/1380/1380 1381/1381/1381
f 1382/1382/1382 1378/1378/1378 1381/1381/1381
f 1382/1382/1382 1381/1381/1381 1383/1383/1383
f 1372/1372/1372 1384/1384/1384 1376/1376/1376
f 1384/1384/1384 1372/1372/1372 1373/1373/1373
f 1385/1385/1385 1376/1376/1376 1384/1384/1384
f 1376/1376/1376 1385/1385/1385 1379/1379/1379
f 1373/1373/1373 1386/1386/1386 1384/1384/1384
f 1384/1384/1384 1386/1386/1386 1385/1385/1385
f 1387/1387/1387 1379/1379/1379 1385/1385/1385
f 1379/1379/1379 1387/1387/1387 1380/1380/1380
f 1388/1388/1388 1385/1385/1385 1386/1386/1386
f 1385/1385/1385 1388/1388/1388 1387/1387/1387
f 1389/1389/1389 1380/1380/1380 1387/1387/1387
f 1390/1390/1390 1387/1387/1387 1388/1388/1388
f 1387/1387/1387 1390/1390/1390 1389/1389/1389
f 1386/1386/1386 1391/1391/1391 1388/1388/1388
f 1388/1388/1388 1391/1391/1391 1390/1390/1390
f 1380/1380/1380 1389/1389/1389 1392/1392/1392
f 1392/1392/1392 1381/1381/1381 1380/1380/1380
f 1393/1393/1393 1389/1389/1389 1390/1390/1390
f 1394/1394/1394 1392/1392/1392 1389/1389/1389
f 1389/1389/1389 1393/1393/1393 1394/1394/1394
f 1395/1395/1395 1390/1390/1390 1391/1391/1391
f 1390/1390/1390 1395/1395/1395 1393/1393/1393
f 1396/1396/1396 1391/1391/1391 1386/1386/1386
f 1391/1391/1391 1397/1397/1397 1395/1395/1395
f 1396/1396/1396 1397/1397/1397 1391/1391/1391
f 1398/1398/1398 1393/1393/1393 1395/1395/1395
f 1399/1399/1399 1395/1395/1395 1397/1397/1397
f 1395/1395/1395 1399/1399/1399 1398/1398/1398
f 1393/1393/1393 1398/1398/1398 1400/1400/1400
f 1400/1400/1400 1394/1394/1394 1393/1393/1393
f 1401/1401/1401 1398/1398/1398 1399/1399/1399
f 1402/1402/1402 1400/1400/1400 1398/1398/1398
f 1398/1398/1398 1401/1401/1401 1402/1402/1402
f 1400/1400/1400 1403/1403/1403 1394/1394/1394
f 1404/1404/1404 1402/1402/1402 1401/1401/1401
f 1405/1405/1405 1394/1394/1394 1403/1403/1403
f 1394/1394/1394 1405/1405/1405 1392/1392/1392
f 1402/1402/1402 1406/1406/1406 1400/1400/1400
f 1406/1406/1406 1403/1403/1403 1400/1400/1400
f 1404/1404/1404 1407/1407/1407 1402/1402/1402
f 1407/1407/1407 1406/1406/1406 1402/1402/1402
f 1408/1408/1408 1404/1404/1404 1401/1401/1401
f 1408/1408/1408 1407/1407/1407 1404/1404/1404
f 1408/1408/1408 1401/1401/1401 1399/1399/1399
f 1408/1408/1408 1399/1399/1399 1397/1397/1397
f 1409/1409/1409 1406/1406/1406 1407/1407/1407
f 1408/1408/1408 1409/1409/1409 1407/1407/1407
f 1409/1409/1409 1410/1410/1410 1406/1406/1406
f 1410/1410/1410 1403/1403/1403 1406/1406/1406
f 1411/1411/1411 1410/1410/1410 1409/1409/1409
f 1408/1408/1408 1411/1411/1411 1409/1409/1409
f 1410/1410/1410 1412/1412/1412 1403/1403/1403
f 1405/1405/1405 1403/1403/1403 1412/1412/1412
f 1410/1410/1410 1411/1411/1411 1413/1413/1413
f 1413/1413/1413 1412/1412/1412 1410/1410/1410
f 1414/1414/1414 1413/1413/1413 1411/1411/1411
f 1408/1408/1408 1414/1414/1414 1411/1411/1411
f 1413/1413/1413 1415/1415/1415 1412/1412/1412
f 1413/1413/1413 1414/1414/1414 1416/1416/1416
f 1416/1416/1416 1415/1415/1415 1413/1413/1413
f 1412/1412/1412 1417/1417/1417 1405/1405/1405
f 1415/1415/1415 1417/1417/1417 1412/1412/1412
f 1418/1418/1418 1405/1405/1405 1417/1417/1417
f 1418/1418/1418 1392/1392/1392 1405/1405/1405
f 1392/1392/1392 1418/1418/1418 1381/1381/1381
f 1419/1419/1419 1381/1381/1381 1418/1418/1418
f 1419/1419/1419 1383/1383/1383 1381/1381/1381
f 1383/1383/1383 1419/1419/1419 1420/1420/1420
f 1417/1417/1417 1421/1421/1421 1418/1418/1418
f 1419/1419/1419 1418/1418/1418 1421/1421/1421
f 1422/1422/1422 1420/1420/1420 1419/1419/1419
f 1421/1421/1421 1422/1422/1422 1419/1419/1419
f 1420/1420/1420 1422/1422/1422 1423/1423/1423
f 1422/1422/1422 1421/1421/1421 1424/1424/1424
f 1424/1424/1424 1423/1423/1423 1422/1422/1422
f 1425/1425/1425 1421/1421/1421 1417/1417/1417
f 1415/1415/1415 1425/1425/1425 1417/1417/1417
f 1426/1426/1426 1424/1424/1424 1421/1421/1421
f 1425/1425/1425 1426/1426/1426 1421/1421/1421
f 1424/1424/1424 1427/1427/1427 1423/1423/1423
f 1424/1424/1424 1426/1426/1426 1427/1427/1427
f 1428/1428/1428 1423/1423/1423 1427/1427/1427
f 1429/1429/1429 1427/1427/1427 1426/1426/1426
f 1426/1426/1426 1425/1425/1425 1429/1429/1429
f 1427/1427/1427 1430/1430/1430 1428/1428/1428
f 1427/1427/1427 1429/1429/1429 1430/1430/1430
f 1431/1431/1431 1428/1428/1428 1430/1430/1430
f 1431/1431/1431 1430/1430/1430 1432/1432/1432
f 1433/1433/1433 1429/1429/1429 1425/1425/1425
f 1434/1434/1434 1432/1432/1432 1430/1430/1430
f 1432/1432/1432 1434/1434/1434 1435/1435/1435
f 1436/1436/1436 1430/1430/1430 1429/1429/1429
f 1430/1430/1430 1436/1436/1436 1434/1434/1434
f 1429/1429/1429 1433/1433/1433 1436/1436/1436
f 1437/1437/1437 1435/1435/1435 1434/1434/1434
f 1438/1438/1438 1434/1434/1434 1436/1436/1436
f 1434/1434/1434 1438/1438/1438 1437/1437/1437
f 1439/1439/1439 1436/1436/1436 1433/1433/1433
f 1436/1436/1436 1439/1439/1439 1438/1438/1438
f 1425/1425/1425 1440/1440/1440 1433/1433/1433
f 1433/1433/1433 1440/1440/1440 1439/1439/1439
f 1440/1440/1440 1425/1425/1425 1415/1415/1415
f 1415/1415/1415 1416/1416/1416 1440/1440/1440
f 1441/1441/1441 1439/1439/1439 1440/1440/1440
f 1440/1440/1440 1416/1416/1416 1441/1441/1441
f 1442/1442/1442 1438/1438/1438 1439/1439/1439
f 1439/1439/1439 1441/1441/1441 1442/1442/1442
f 1443/1443/1443 1441/1441/1441 1416/1416/1416
f 1416/1416/1416 1414/1414/1414 1443/1443/1443
f 1444/1444/1444 1442/1442/1442 1441/1441/1441
f 1441/1441/1441 1443/1443/1443 1444/1444/1444
f 1438/1438/1438 1442/1442/1442 1445/1445/1445
f 1445/1445/1445 1437/1437/1437 1438/1438/1438
f 1442/1442/1442 1444/1444/1444 1446/1446/1446
f 1446/1446/1446 1445/1445/1445 1442/1442/1442
f 1447/1447/1447 1443/1443/1443 1414/1414/1414
f 1408/1408/1408 1447/1447/1447 1414/1414/1414
f 1448/1448/1448 1444/1444/1444 1443/1443/1443
f 1443/1443/1443 1447/1447/1447 1448/1448/1448
f 1449/1449/1449 1446/1446/1446 1444/1444/1444
f 1444/1444/1444 1448/1448/1448 1449/1449/1449
f 1450/1450/1450 1448/1448/1448 1447/1447/1447
f 1408/1408/1408 1450/1450/1450 1447/1447/1447
f 1451/1451/1451 1449/1449/1449 1448/1448/1448
f 1448/1448/1448 1450/1450/1450 1451/1451/1451
f 1452/1452/1452 1446/1446/1446 1449/1449/1449
f 1453/1453/1453 1451/1451/1451 1450/1450/1450
f 1408/1408/1408 1453/1453/1453 1450/1450/1450
f 1454/1454/1454 1449/1449/1449 1451/1451/1451
f 1454/1454/1454 1452/1452/1452 1449/1449/1449
f 1455/1455/1455 1451/1451/1451 1453/1453/1453
f 1451/1451/1451 1455/1455/1455 1454/1454/1454
f 1408/1408/1408 1455/1455/1455 1453/1453/1453
f 1455/1455/1455 1456/1456/1456 1454/1454/1454
f 1408/1408/1408 1456/1456/1456 1455/1455/1455
f 1457/1457/1457 1452/1452/1452 1454/1454/1454
f 1454/1454/1454 1456/1456/1456 1457/1457/1457
f 1452/1452/1452 1458/1458/1458 1446/1446/1446
f 1445/1445/1445 1446/1446/1446 1458/1458/1458
f 1452/1452/1452 1457/1457/1457 1459/1459/1459
f 1459/1459/1459 1458/1458/1458 1452/1452/1452
f 1458/1458/1458 1460/1460/1460 1445/1445/1445
f 1437/1437/1437 1445/1445/1445 1460/1460/1460
f 1459/1459/1459 1461/1461/1461 1458/1458/1458
f 1461/1461/1461 1460/1460/1460 1458/1458/1458
f 1459/1459/1459 1457/1457/1457 1462/1462/1462
f 1459/1459/1459 1462/1462/1462 1461/1461/1461
f 1457/1457/1457 1456/1456/1456 1463/1463/1463
f 1463/1463/1463 1462/1462/1462 1457/1457/1457
f 1464/1464/1464 1463/1463/1463 1456/1456/1456
f 1408/1408/1408 1464/1464/1464 1456/1456/1456
f 1463/1463/1463 1464/1464/1464 1465/1465/1465
f 1462/1462/1462 1463/1463/1463 1466/1466/1466
f 1465/1465/1465 1466/1466/1466 1463/1463/1463
f 1467/1467/1467 1465/1465/1465 1464/1464/1464
f 1408/1408/1408 1467/1467/1467 1464/1464/1464
f 1465/1465/1465 1467/1467/1467 1468/1468/1468
f 1466/1466/1466 1465/1465/1465 1469/1469/1469
f 1468/1468/1468 1469/1469/1469 1465/1465/1465
f 1470/1470/1470 1468/1468/1468 1467/1467/1467
f 1408/1408/1408 1470/1470/1470 1467/1467/1467
f 1468/1468/1468 1470/1470/1470 1471/1471/1471
f 1408/1408/1408 1472/1472/1472 1470/1470/1470
f 1472/1472/1472 1471/1471/1471 1470/1470/1470
f 1408/1408/1408 1473/1473/1473 1472/1472/1472
f 1473/1473/1473 1471/1471/1471 1472/1472/1472
f 1471/1471/1471 1474/1474/1474 1468/1468/1468
f 1469/1469/1469 1468/1468/1468 1474/1474/1474
f 1473/1473/1473 1475/1475/1475 1471/1471/1471
f 1475/1475/1475 1474/1474/1474 1471/1471/1471
f 1408/1408/1408 1476/1476/1476 1473/1473/1473
f 1476/1476/1476 1475/1475/1475 1473/1473/1473
f 1408/1408/1408 1477/1477/1477 1476/1476/1476
f 1408/1408/1408 1397/1397/1397 1477/1477/1477
f 1477/1477/1477 1397/1397/1397 1396/1396/1396
f 1477/1477/1477 1478/1478/1478 1476/1476/1476
f 1478/1478/1478 1477/1477/1477 1396/1396/1396
f 1475/1475/1475 1476/1476/1476 1478/1478/1478
f 1396/1396/1396 1479/1479/1479 1478/1478/1478
f 1479/1479/1479 1396/1396/1396 1386/1386/1386
f 1479/1479/1479 1386/1386/1386 1373/1373/1373
f 1478/1478/1478 1480/1480/1480 1475/1475/1475
f 1478/1478/1478 1479/1479/1479 1480/1480/1480
f 1475/1475/1475 1480/1480/1480 1474/1474/1474
f 1479/1479/1479 1373/1373/1373 1481/1481/1481
f 1479/1479/1479 1481/1481/1481 1480/1480/1480
f 1373/1373/1373 1367/1367/1367 1481/1481/1481
f 1481/1481/1481 1367/1367/1367 1366/1366/1366
f 1482/1482/1482 1474/1474/1474 1480/1480/1480
f 1480/1480/1480 1481/1481/1481 1482/1482/1482
f 1366/1366/1366 1482/1482/1482 1481/1481/1481
f 1474/1474/1474 1482/1482/1482 1469/1469/1469
f 1483/1483/1483 1469/1469/1469 1482/1482/1482
f 1482/1482/1482 1366/1366/1366 1483/1483/1483
f 1469/1469/1469 1483/1483/1483 1466/1466/1466
f 1484/1484/1484 1483/1483/1483 1366/1366/1366
f 1358/1358/1358 1484/1484/1484 1366/1366/1366
f 1485/1485/1485 1466/1466/1466 1483/1483/1483
f 1483/1483/1483 1484/1484/1484 1485/1485/1485
f 1466/1466/1466 1485/1485/1485 1462/1462/1462
f 1358/1358/1358 1362/1362/1362 1484/1484/1484
f 1486/1486/1486 1462/1462/1462 1485/1485/1485
f 1486/1486/1486 1461/1461/1461 1462/1462/1462
f 1487/1487/1487 1485/1485/1485 1484/1484/1484
f 1487/1487/1487 1484/1484/1484 1362/1362/1362
f 1486/1486/1486 1485/1485/1485 1488/1488/1488
f 1487/1487/1487 1488/1488/1488 1485/1485/1485
f 1461/1461/1461 1486/1486/1486 1489/1489/1489
f 1489/1489/1489 1486/1486/1486 1488/1488/1488
f 1461/1461/1461 1489/1489/1489 1460/1460/1460
f 1488/1488/1488 1487/1487/1487 1490/1490/1490
f 1362/1362/1362 1490/1490/1490 1487/1487/1487
f 1488/1488/1488 1490/1490/1490 1489/1489/1489
f 1490/1490/1490 1362/1362/1362 1363/1363/1363
f 1490/1490/1490 1363/1363/1363 1491/1491/1491
f 1491/1491/1491 1489/1489/1489 1490/1490/1490
f 1492/1492/1492 1491/1491/1491 1363/1363/1363
f 1489/1489/1489 1493/1493/1493 1460/1460/1460
f 1489/1489/1489 1491/1491/1491 1493/1493/1493
f 1491/1491/1491 1492/1492/1492 1493/1493/1493
f 1460/1460/1460 1493/1493/1493 1437/1437/1437
f 1494/1494/1494 1493/1493/1493 1492/1492/1492
f 1435/1435/1435 1437/1437/1437 1493/1493/1493
f 1493/1493/1493 1494/1494/1494 1435/1435/1435
f 1497/1497/1497 1496/1496/1496 1495/1495/1495
f 1495/1495/1495 1498/1498/1498 1497/1497/1497
f 1499/1499/1499 1495/1495/1495 1496/1496/1496
f 1496/1496/1496 1500/1500/1500 1499/1499/1499
f 1501/1501/1501 1498/1498/1498 1495/1495/1495
f 1501/1501/1501 1502/1502/1502 1498/1498/1498
f 1495/1495/1495 1499/1499/1499 1503/1503/1503
f 1503/1503/1503 1501/1501/1501 1495/1495/1495
f 1504/1504/1504 1499/1499/1499 1500/1500/1500
f 1502/1502/1502 1501/1501/1501 1505/1505/1505
f 1506/1506/1506 1502/1502/1502 1505/1505/1505
f 1501/1501/1501 1503/1503/1503 1507/1507/1507
f 1507/1507/1507 1505/1505/1505 1501/1501/1501
f 1508/1508/1508 1503/1503/1503 1499/1499/1499
f 1499/1499/1499 1504/1504/1504 1508/1508/1508
f 1509/1509/1509 1507/1507/1507 1503/1503/1503
f 1503/1503/1503 1508/1508/1508 1509/1509/1509
f 1505/1505/1505 1507/1507/1507 1510/1510/1510
f 1507/1507/1507 1509/1509/1509 1511/1511/1511
f 1511/1511/1511 1510/1510/1510 1507/1507/1507
f 1512/1512/1512 1509/1509/1509 1508/1508/1508
f 1513/1513/1513 1505/1505/1505 1510/1510/1510
f 1506/1506/1506 1505/1505/1505 1513/1513/1513
f 1514/1514/1514 1508/1508/1508 1504/1504/1504
f 1508/1508/1508 1514/1514/1514 1512/1512/1512
f 1513/1513/1513 1515/1515/1515 1506/1506/1506
f 1516/1516/1516 1506/1506/1506 1515/1515/1515
f 1509/1509/1509 1512/1512/1512 1517/1517/1517
f 1517/1517/1517 1511/1511/1511 1509/1509/1509
f 1515/1515/1515 1518/1518/1518 1516/1516/1516
f 1519/1519/1519 1516/1516/1516 1518/1518/1518
f 1515/1515/1515 1513/1513/1513 1520/1520/1520
f 1518/1518/1518 1521/1521/1521 1519/1519/1519
f 1522/1522/1522 1519/1519/1519 1521/1521/1521
f 1518/1518/1518 1515/1515/1515 1523/1523/1523
f 1520/1520/1520 1523/1523/1523 1515/1515/1515
f 1521/1521/1521 1518/1518/1518 1524/1524/1524
f 1523/1523/1523 1524/1524/1524 1518/1518/1518
f 1521/1521/1521 1525/1525/1525 1522/1522/1522
f 1526/1526/1526 1522/1522/1522 1525/1525/1525
f 1526/1526/1526 1525/1525/1525 1527/1527/1527
f 1525/1525/1525 1521/1521/1521 1528/1528/1528
f 1524/1524/1524 1528/1528/1528 1521/1521/1521
f 1529/1529/1529 1527/1527/1527 1525/1525/1525
f 1528/1528/1528 1529/1529/1529 1525/1525/1525
f 1529/1529/1529 1530/1530/1530 1527/1527/1527
f 1528/1528/1528 1524/1524/1524 1531/1531/1531
f 1532/1532/1532 1530/1530/1530 1529/1529/1529
f 1532/1532/1532 1533/1533/1533 1530/1530/1530
f 1534/1534/1534 1529/1529/1529 1528/1528/1528
f 1534/1534/1534 1532/1532/1532 1529/1529/1529
f 1528/1528/1528 1531/1531/1531 1534/1534/1534
f 1535/1535/1535 1533/1533/1533 1532/1532/1532
f 1536/1536/1536 1532/1532/1532 1534/1534/1534
f 1536/1536/1536 1535/1535/1535 1532/1532/1532
f 1537/1537/1537 1534/1534/1534 1531/1531/1531
f 1537/1537/1537 1536/1536/1536 1534/1534/1534
f 1538/1538/1538 1531/1531/1531 1524/1524/1524
f 1524/1524/1524 1523/1523/1523 1538/1538/1538
f 1531/1531/1531 1539/1539/1539 1537/1537/1537
f 1531/1531/1531 1538/1538/1538 1539/1539/1539
f 1540/1540/1540 1538/1538/1538 1523/1523/1523
f 1523/1523/1523 1520/1520/1520 1540/1540/1540
f 1541/1541/1541 1539/1539/1539 1538/1538/1538
f 1538/1538/1538 1540/1540/1540 1541/1541/1541
f 1542/1542/1542 1537/1537/1537 1539/1539/1539
f 1539/1539/1539 1541/1541/1541 1543/1543/1543
f 1539/1539/1539 1543/1543/1543 1542/1542/1542
f 1544/1544/1544 1541/1541/1541 1540/1540/1540
f 1542/1542/1542 1545/1545/1545 1537/1537/1537
f 1545/1545/1545 1536/1536/1536 1537/1537/1537
f 1546/1546/1546 1540/1540/1540 1520/1520/1520
f 1540/1540/1540 1546/1546/1546 1544/1544/1544
f 1520/1520/1520 1547/1547/1547 1546/1546/1546
f 1547/1547/1547 1520/1520/1520 1513/1513/1513
f 1513/1513/1513 1510/1510/1510 1547/1547/1547
f 1548/1548/1548 1547/1547/1547 1510/1510/1510
f 1510/1510/1510 1511/1511/1511 1548/1548/1548
f 1549/1549/1549 1546/1546/1546 1547/1547/1547
f 1547/1547/1547 1548/1548/1548 1549/1549/1549
f 1550/1550/1550 1548/1548/1548 1511/1511/1511
f 1511/1511/1511 1517/1517/1517 1550/1550/1550
f 1551/1551/1551 1549/1549/1549 1548/1548/1548
f 1548/1548/1548 1550/1550/1550 1551/1551/1551
f 1546/1546/1546 1549/1549/1549 1552/1552/1552
f 1552/1552/1552 1544/1544/1544 1546/1546/1546
f 1549/1549/1549 1551/1551/1551 1553/1553/1553
f 1553/1553/1553 1552/1552/1552 1549/1549/1549
f 1554/1554/1554 1551/1551/1551 1550/1550/1550
f 1555/1555/1555 1553/1553/1553 1551/1551/1551
f 1551/1551/1551 1554/1554/1554 1555/1555/1555
f 1556/1556/1556 1550/1550/1550 1517/1517/1517
f 1550/1550/1550 1556/1556/1556 1554/1554/1554
f 1517/1517/1517 1557/1557/1557 1556/1556/1556
f 1557/1557/1557 1517/1517/1517 1512/1512/1512
f 1558/1558/1558 1554/1554/1554 1556/1556/1556
f 1512/1512/1512 1559/1559/1559 1557/1557/1557
f 1559/1559/1559 1512/1512/1512 1514/1514/1514
f 1560/1560/1560 1556/1556/1556 1557/1557/1557
f 1556/1556/1556 1560/1560/1560 1558/1558/1558
f 1561/1561/1561 1557/1557/1557 1559/1559/1559
f 1557/1557/1557 1561/1561/1561 1560/1560/1560
f 1514/1514/1514 1562/1562/1562 1559/1559/1559
f 1559/1559/1559 1563/1563/1563 1561/1561/1561
f 1563/1563/1563 1559/1559/1559 1562/1562/1562
f 1564/1564/1564 1560/1560/1560 1561/1561/1561
f 1562/1562/1562 1514/1514/1514 1565/1565/1565
f 1504/1504/1504 1565/1565/1565 1514/1514/1514
f 1500/1500/1500 1565/1565/1565 1504/1504/1504
f 1500/1500/1500 1566/1566/1566 1565/1565/1565
f 1566/1566/1566 1567/1567/1567 1565/1565/1565
f 1568/1568/1568 1565/1565/1565 1567/1567/1567
f 1567/1567/1567 1569/1569/1569 1568/1568/1568
f 1565/1565/1565 1570/1570/1570 1562/1562/1562
f 1565/1565/1565 1568/1568/1568 1570/1570/1570
f 1562/1562/1562 1570/1570/1570 1571/1571/1571
f 1562/1562/1562 1571/1571/1571 1563/1563/1563
f 1568/1568/1568 1572/1572/1572 1570/1570/1570
f 1573/1573/1573 1568/1568/1568 1569/1569/1569
f 1568/1568/1568 1573/1573/1573 1572/1572/1572
f 1569/1569/1569 1574/1574/1574 1573/1573/1573
f 1574/1574/1574 1569/1569/1569 1575/1575/1575
f 1573/1573/1573 1576/1576/1576 1572/1572/1572
f 1576/1576/1576 1573/1573/1573 1574/1574/1574
f 1570/1570/1570 1572/1572/1572 1577/1577/1577
f 1570/1570/1570 1577/1577/1577 1571/1571/1571
f 1574/1574/1574 1575/1575/1575 1578/1578/1578
f 1578/1578/1578 1575/1575/1575 1579/1579/1579
f 1579/1579/1579 1580/1580/1580 1578/1578/1578
f 1581/1581/1581 1574/1574/1574 1578/1578/1578
f 1574/1574/1574 1581/1581/1581 1576/1576/1576
f 1582/1582/1582 1578/1578/1578 1580/1580/1580
f 1578/1578/1578 1582/1582/1582 1581/1581/1581
f 1580/1580/1580 1583/1583/1583 1582/1582/1582
f 1584/1584/1584 1576/1576/1576 1581/1581/1581
f 1585/1585/1585 1582/1582/1582 1583/1583/1583
f 1583/1583/1583 1533/1533/1533 1585/1585/1585
f 1586/1586/1586 1581/1581/1581 1582/1582/1582
f 1582/1582/1582 1585/1585/1585 1586/1586/1586
f 1581/1581/1581 1586/1586/1586 1584/1584/1584
f 1535/1535/1535 1585/1585/1585 1533/1533/1533
f 1587/1587/1587 1586/1586/1586 1585/1585/1585
f 1585/1585/1585 1535/1535/1535 1587/1587/1587
f 1588/1588/1588 1584/1584/1584 1586/1586/1586
f 1586/1586/1586 1587/1587/1587 1588/1588/1588
f 1589/1589/1589 1587/1587/1587 1535/1535/1535
f 1535/1535/1535 1536/1536/1536 1589/1589/1589
f 1545/1545/1545 1589/1589/1589 1536/1536/1536
f 1587/1587/1587 1589/1589/1589 1590/1590/1590
f 1590/1590/1590 1588/1588/1588 1587/1587/1587
f 1589/1589/1589 1545/1545/1545 1591/1591/1591
f 1591/1591/1591 1590/1590/1590 1589/1589/1589
f 1592/1592/1592 1591/1591/1591 1545/1545/1545
f 1545/1545/1545 1542/1542/1542 1592/1592/1592
f 1590/1590/1590 1591/1591/1591 1593/1593/1593
f 1542/1542/1542 1594/1594/1594 1592/1592/1592
f 1594/1594/1594 1542/1542/1542 1543/1543/1543
f 1591/1591/1591 1592/1592/1592 1595/1595/1595
f 1595/1595/1595 1593/1593/1593 1591/1591/1591
f 1594/1594/1594 1596/1596/1596 1592/1592/1592
f 1596/1596/1596 1595/1595/1595 1592/1592/1592
f 1543/1543/1543 1597/1597/1597 1594/1594/1594
f 1594/1594/1594 1598/1598/1598 1596/1596/1596
f 1598/1598/1598 1594/1594/1594 1597/1597/1597
f 1595/1595/1595 1596/1596/1596 1599/1599/1599
f 1543/1543/1543 1600/1600/1600 1597/1597/1597
f 1600/1600/1600 1543/1543/1543 1541/1541/1541
f 1541/1541/1541 1544/1544/1544 1600/1600/1600
f 1601/1601/1601 1600/1600/1600 1544/1544/1544
f 1544/1544/1544 1552/1552/1552 1601/1601/1601
f 1602/1602/1602 1597/1597/1597 1600/1600/1600
f 1600/1600/1600 1601/1601/1601 1602/1602/1602
f 1603/1603/1603 1601/1601/1601 1552/1552/1552
f 1552/1552/1552 1553/1553/1553 1603/1603/1603
f 1604/1604/1604 1602/1602/1602 1601/1601/1601
f 1601/1601/1601 1603/1603/1603 1604/1604/1604
f 1605/1605/1605 1603/1603/1603 1553/1553/1553
f 1553/1553/1553 1555/1555/1555 1605/1605/1605
f 1606/1606/1606 1604/1604/1604 1603/1603/1603
f 1603/1603/1603 1605/1605/1605 1606/1606/1606
f 1602/1602/1602 1604/1604/1604 1607/1607/1607
f 1604/1604/1604 1606/1606/1606 1608/1608/1608
f 1608/1608/1608 1607/1607/1607 1604/1604/1604
f 1597/1597/1597 1602/1602/1602 1609/1609/1609
f 1607/1607/1607 1609/1609/1609 1602/1602/1602
f 1597/1597/1597 1609/1609/1609 1598/1598/1598
f 1608/1608/1608 1610/1610/1610 1607/1607/1607
f 1611/1611/1611 1598/1598/1598 1609/1609/1609
f 1612/1612/1612 1607/1607/1607 1610/1610/1610
f 1607/1607/1607 1612/1612/1612 1609/1609/1609
f 1598/1598/1598 1611/1611/1611 1613/1613/1613
f 1598/1598/1598 1613/1613/1613 1596/1596/1596
f 1613/1613/1613 1599/1599/1599 1596/1596/1596
f 1611/1611/1611 1609/1609/1609 1614/1614/1614
f 1611/1611/1611 1615/1615/1615 1613/1613/1613
f 1611/1611/1611 1614/1614/1614 1615/1615/1615
f 1599/1599/1599 1613/1613/1613 1616/1616/1616
f 1616/1616/1616 1613/1613/1613 1615/1615/1615
f 1617/1617/1617 1614/1614/1614 1609/1609/1609
f 1617/1617/1617 1609/1609/1609 1612/1612/1612
f 1614/1614/1614 1618/1618/1618 1615/1615/1615
f 1612/1612/1612 1619/1619/1619 1617/1617/1617
f 1620/1620/1620 1615/1615/1615 1618/1618/1618
f 1616/1616/1616 1615/1615/1615 1620/1620/1620
f 1614/1614/1614 1617/1617/1617 1621/1621/1621
f 1618/1618/1618 1614/1614/1614 1622/1622/1622
f 1621/1621/1621 1622/1622/1622 1614/1614/1614
f 1620/1620/1620 1618/1618/1618 1623/1623/1623
f 1623/1623/1623 1618/1618/1618 1622/1622/1622
f 1624/1624/1624 1621/1621/1621 1617/1617/1617
f 1624/1624/1624 1617/1617/1617 1619/1619/1619
f 1622/1622/1622 1621/1621/1621 1625/1625/1625
f 1621/1621/1621 1624/1624/1624 1626/1626/1626
f 1626/1626/1626 1625/1625/1625 1621/1621/1621
f 1619/1619/1619 1627/1627/1627 1624/1624/1624
f 1628/1628/1628 1626/1626/1626 1624/1624/1624
f 1628/1628/1628 1624/1624/1624 1627/1627/1627
f 1625/1625/1625 1626/1626/1626 1629/1629/1629
f 1626/1626/1626 1628/1628/1628 1630/1630/1630
f 1630/1630/1630 1629/1629/1629 1626/1626/1626
f 1627/1627/1627 1631/1631/1631 1628/1628/1628
f 1632/1632/1632 1630/1630/1630 1628/1628/1628
f 1632/1632/1632 1628/1628/1628 1631/1631/1631
f 1629/1629/1629 1630/1630/1630 1633/1633/1633
f 1630/1630/1630 1632/1632/1632 1634/1634/1634
f 1634/1634/1634 1633/1633/1633 1630/1630/1630
f 1629/1629/1629 1635/1635/1635 1625/1625/1625
f 1629/1629/1629 1633/1633/1633 1635/1635/1635
f 1636/1636/1636 1625/1625/1625 1635/1635/1635
f 1625/1625/1625 1636/1636/1636 1622/1622/1622
f 1637/1637/1637 1622/1622/1622 1636/1636/1636
f 1623/1623/1623 1622/1622/1622 1637/1637/1637
f 1636/1636/1636 1638/1638/1638 1637/1637/1637
f 1636/1636/1636 1635/1635/1635 1638/1638/1638
f 1637/1637/1637 1639/1639/1639 1623/1623/1623
f 1639/1639/1639 1637/1637/1637 1638/1638/1638
f 1640/1640/1640 1623/1623/1623 1639/1639/1639
f 1623/1623/1623 1640/1640/1640 1620/1620/1620
f 1641/1641/1641 1639/1639/1639 1638/1638/1638
f 1639/1639/1639 1641/1641/1641 1640/1640/1640
f 1642/1642/1642 1620/1620/1620 1640/1640/1640
f 1620/1620/1620 1642/1642/1642 1616/1616/1616
f 1643/1643/1643 1640/1640/1640 1641/1641/1641
f 1640/1640/1640 1643/1643/1643 1642/1642/1642
f 1644/1644/1644 1616/1616/1616 1642/1642/1642
f 1616/1616/1616 1644/1644/1644 1599/1599/1599
f 1645/1645/1645 1642/1642/1642 1643/1643/1643
f 1642/1642/1642 1645/1645/1645 1644/1644/1644
f 1646/1646/1646 1599/1599/1599 1644/1644/1644
f 1599/1599/1599 1646/1646/1646 1595/1595/1595
f 1593/1593/1593 1595/1595/1595 1646/1646/1646
f 1644/1644/1644 1647/1647/1647 1646/1646/1646
f 1647/1647/1647 1644/1644/1644 1645/1645/1645
f 1646/1646/1646 1648/1648/1648 1593/1593/1593
f 1648/1648/1648 1646/1646/1646 1647/1647/1647
f 1649/1649/1649 1593/1593/1593 1648/1648/1648
f 1593/1593/1593 1649/1649/1649 1590/1590/1590
f 1588/1588/1588 1590/1590/1590 1649/1649/1649
f 1647/1647/1647 1650/1650/1650 1648/1648/1648
f 1649/1649/1649 1651/1651/1651 1588/1588/1588
f 1584/1584/1584 1588/1588/1588 1651/1651/1651
f 1648/1648/1648 1652/1652/1652 1649/1649/1649
f 1651/1651/1651 1649/1649/1649 1652/1652/1652
f 1652/1652/1652 1648/1648/1648 1650/1650/1650
f 1651/1651/1651 1653/1653/1653 1584/1584/1584
f 1576/1576/1576 1584/1584/1584 1653/1653/1653
f 1653/1653/1653 1572/1572/1572 1576/1576/1576
f 1572/1572/1572 1653/1653/1653 1577/1577/1577
f 1653/1653/1653 1651/1651/1651 1654/1654/1654
f 1654/1654/1654 1577/1577/1577 1653/1653/1653
f 1652/1652/1652 1654/1654/1654 1651/1651/1651
f 1577/1577/1577 1654/1654/1654 1655/1655/1655
f 1655/1655/1655 1571/1571/1571 1577/1577/1577
f 1656/1656/1656 1654/1654/1654 1652/1652/1652
f 1656/1656/1656 1655/1655/1655 1654/1654/1654
f 1650/1650/1650 1656/1656/1656 1652/1652/1652
f 1571/1571/1571 1655/1655/1655 1657/1657/1657
f 1563/1563/1563 1571/1571/1571 1657/1657/1657
f 1658/1658/1658 1655/1655/1655 1656/1656/1656
f 1658/1658/1658 1657/1657/1657 1655/1655/1655
f 1659/1659/1659 1656/1656/1656 1650/1650/1650
f 1659/1659/1659 1658/1658/1658 1656/1656/1656
f 1563/1563/1563 1657/1657/1657 1660/1660/1660
f 1660/1660/1660 1561/1561/1561 1563/1563/1563
f 1561/1561/1561 1660/1660/1660 1564/1564/1564
f 1657/1657/1657 1658/1658/1658 1661/1661/1661
f 1660/1660/1660 1657/1657/1657 1661/1661/1661
f 1662/1662/1662 1658/1658/1658 1659/1659/1659
f 1662/1662/1662 1661/1661/1661 1658/1658/1658
f 1663/1663/1663 1659/1659/1659 1650/1650/1650
f 1650/1650/1650 1647/1647/1647 1663/1663/1663
f 1645/1645/1645 1663/1663/1663 1647/1647/1647
f 1664/1664/1664 1659/1659/1659 1663/1663/1663
f 1664/1664/1664 1662/1662/1662 1659/1659/1659
f 1663/1663/1663 1645/1645/1645 1665/1665/1665
f 1665/1665/1665 1664/1664/1664 1663/1663/1663
f 1643/1643/1643 1665/1665/1665 1645/1645/1645
f 1666/1666/1666 1662/1662/1662 1664/1664/1664
f 1665/1665/1665 1643/1643/1643 1667/1667/1667
f 1641/1641/1641 1667/1667/1667 1643/1643/1643
f 1668/1668/1668 1664/1664/1664 1665/1665/1665
f 1667/1667/1667 1668/1668/1668 1665/1665/1665
f 1668/1668/1668 1666/1666/1666 1664/1664/1664
f 1667/1667/1667 1641/1641/1641 1669/1669/1669
f 1641/1641/1641 1638/1638/1638 1669/1669/1669
f 1666/1666/1666 1670/1670/1670 1662/1662/1662
f 1670/1670/1670 1661/1661/1661 1662/1662/1662
f 1669/1669/1669 1638/1638/1638 1671/1671/1671
f 1635/1635/1635 1671/1671/1671 1638/1638/1638
f 1672/1672/1672 1661/1661/1661 1670/1670/1670
f 1660/1660/1660 1661/1661/1661 1672/1672/1672
f 1672/1672/1672 1564/1564/1564 1660/1660/1660
f 1635/1635/1635 1673/1673/1673 1671/1671/1671
f 1673/1673/1673 1635/1635/1635 1633/1633/1633
f 1564/1564/1564 1672/1672/1672 1674/1674/1674
f 1633/1633/1633 1675/1675/1675 1673/1673/1673
f 1633/1633/1633 1634/1634/1634 1675/1675/1675
f 1676/1676/1676 1674/1674/1674 1672/1672/1672
f 1672/1672/1672 1670/1670/1670 1676/1676/1676
f 1674/1674/1674 1677/1677/1677 1564/1564/1564
f 1560/1560/1560 1564/1564/1564 1677/1677/1677
f 1677/1677/1677 1558/1558/1558 1560/1560/1560
f 1678/1678/1678 1676/1676/1676 1670/1670/1670
f 1678/1678/1678 1670/1670/1670 1666/1666/1666
f 1674/1674/1674 1676/1676/1676 1679/1679/1679
f 1680/1680/1680 1678/1678/1678 1666/1666/1666
f 1680/1680/1680 1666/1666/1666 1668/1668/1668
f 1676/1676/1676 1678/1678/1678 1681/1681/1681
f 1681/1681/1681 1679/1679/1679 1676/1676/1676
f 1682/1682/1682 1678/1678/1678 1680/1680/1680
f 1682/1682/1682 1681/1681/1681 1678/1678/1678
f 1683/1683/1683 1680/1680/1680 1668/1668/1668
f 1683/1683/1683 1668/1668/1668 1667/1667/1667
f 1684/1684/1684 1682/1682/1682 1680/1680/1680
f 1684/1684/1684 1680/1680/1680 1683/1683/1683
f 1685/1685/1685 1681/1681/1681 1682/1682/1682
f 1686/1686/1686 1682/1682/1682 1684/1684/1684
f 1682/1682/1682 1686/1686/1686 1685/1685/1685
f 1684/1684/1684 1683/1683/1683 1687/1687/1687
f 1684/1684/1684 1687/1687/1687 1686/1686/1686
f 1683/1683/1683 1667/1667/1667 1688/1688/1688
f 1688/1688/1688 1687/1687/1687 1683/1683/1683
f 1689/1689/1689 1688/1688/1688 1667/1667/1667
f 1667/1667/1667 1669/1669/1669 1689/1689/1689
f 1687/1687/1687 1688/1688/1688 1690/1690/1690
f 1689/1689/1689 1669/1669/1669 1691/1691/1691
f 1669/1669/1669 1671/1671/1671 1691/1691/1691
f 1688/1688/1688 1689/1689/1689 1692/1692/1692
f 1692/1692/1692 1690/1690/1690 1688/1688/1688
f 1693/1693/1693 1689/1689/1689 1691/1691/1691
f 1693/1693/1693 1692/1692/1692 1689/1689/1689
f 1691/1691/1691 1671/1671/1671 1694/1694/1694
f 1673/1673/1673 1694/1694/1694 1671/1671/1671
f 1693/1693/1693 1691/1691/1691 1695/1695/1695
f 1694/1694/1694 1695/1695/1695 1691/1691/1691
f 1673/1673/1673 1696/1696/1696 1694/1694/1694
f 1696/1696/1696 1673/1673/1673 1675/1675/1675
f 1696/1696/1696 1697/1697/1697 1694/1694/1694
f 1695/1695/1695 1694/1694/1694 1697/1697/1697
f 1675/1675/1675 1698/1698/1698 1696/1696/1696
f 1696/1696/1696 1698/1698/1698 1697/1697/1697
f 1697/1697/1697 1699/1699/1699 1695/1695/1695
f 1697/1697/1697 1698/1698/1698 1699/1699/1699
f 1700/1700/1700 1695/1695/1695 1699/1699/1699
f 1700/1700/1700 1693/1693/1693 1695/1695/1695
f 1699/1699/1699 1701/1701/1701 1700/1700/1700
f 1699/1699/1699 1698/1698/1698 1701/1701/1701
f 1700/1700/1700 1702/1702/1702 1693/1693/1693
f 1692/1692/1692 1693/1693/1693 1702/1702/1702
f 1701/1701/1701 1703/1703/1703 1700/1700/1700
f 1702/1702/1702 1700/1700/1700 1703/1703/1703
f 1701/1701/1701 1698/1698/1698 1703/1703/1703
f 1702/1702/1702 1704/1704/1704 1692/1692/1692
f 1690/1690/1690 1692/1692/1692 1704/1704/1704
f 1703/1703/1703 1705/1705/1705 1702/1702/1702
f 1704/1704/1704 1702/1702/1702 1705/1705/1705
f 1703/1703/1703 1698/1698/1698 1705/1705/1705
f 1705/1705/1705 1706/1706/1706 1704/1704/1704
f 1705/1705/1705 1698/1698/1698 1706/1706/1706
f 1704/1704/1704 1707/1707/1707 1690/1690/1690
f 1707/1707/1707 1704/1704/1704 1706/1706/1706
f 1708/1708/1708 1690/1690/1690 1707/1707/1707
f 1690/1690/1690 1708/1708/1708 1687/1687/1687
f 1706/1706/1706 1709/1709/1709 1707/1707/1707
f 1706/1706/1706 1698/1698/1698 1709/1709/1709
f 1710/1710/1710 1687/1687/1687 1708/1708/1708
f 1710/1710/1710 1686/1686/1686 1687/1687/1687
f 1707/1707/1707 1711/1711/1711 1708/1708/1708
f 1711/1711/1711 1707/1707/1707 1709/1709/1709
f 1686/1686/1686 1710/1710/1710 1712/1712/1712
f 1712/1712/1712 1685/1685/1685 1686/1686/1686
f 1710/1710/1710 1708/1708/1708 1713/1713/1713
f 1713/1713/1713 1712/1712/1712 1710/1710/1710
f 1714/1714/1714 1708/1708/1708 1711/1711/1711
f 1714/1714/1714 1713/1713/1713 1708/1708/1708
f 1712/1712/1712 1715/1715/1715 1685/1685/1685
f 1712/1712/1712 1713/1713/1713 1715/1715/1715
f 1713/1713/1713 1714/1714/1714 1716/1716/1716
f 1716/1716/1716 1715/1715/1715 1713/1713/1713
f 1714/1714/1714 1711/1711/1711 1717/1717/1717
f 1717/1717/1717 1716/1716/1716 1714/1714/1714
f 1718/1718/1718 1685/1685/1685 1715/1715/1715
f 1685/1685/1685 1718/1718/1718 1681/1681/1681
f 1679/1679/1679 1681/1681/1681 1718/1718/1718
f 1715/1715/1715 1716/1716/1716 1719/1719/1719
f 1715/1715/1715 1719/1719/1719 1718/1718/1718
f 1718/1718/1718 1720/1720/1720 1679/1679/1679
f 1720/1720/1720 1718/1718/1718 1719/1719/1719
f 1721/1721/1721 1679/1679/1679 1720/1720/1720
f 1679/1679/1679 1721/1721/1721 1674/1674/1674
f 1677/1677/1677 1674/1674/1674 1721/1721/1721
f 1720/1720/1720 1722/1722/1722 1721/1721/1721
f 1722/1722/1722 1720/1720/1720 1719/1719/1719
f 1721/1721/1721 1723/1723/1723 1677/1677/1677
f 1723/1723/1723 1721/1721/1721 1722/1722/1722
f 1558/1558/1558 1677/1677/1677 1723/1723/1723
f 1716/1716/1716 1724/1724/1724 1719/1719/1719
f 1716/1716/1716 1717/1717/1717 1724/1724/1724
f 1725/1725/1725 1558/1558/1558 1723/1723/1723
f 1554/1554/1554 1558/1558/1558 1725/1725/1725
f 1725/1725/1725 1555/1555/1555 1554/1554/1554
f 1725/1725/1725 1723/1723/1723 1726/1726/1726
f 1726/1726/1726 1723/1723/1723 1722/1722/1722
f 1555/1555/1555 1725/1725/1725 1727/1727/1727
f 1726/1726/1726 1727/1727/1727 1725/1725/1725
f 1727/1727/1727 1605/1605/1605 1555/1555/1555
f 1605/1605/1605 1727/1727/1727 1728/1728/1728
f 1728/1728/1728 1606/1606/1606 1605/1605/1605
f 1727/1727/1727 1726/1726/1726 1729/1729/1729
f 1729/1729/1729 1728/1728/1728 1727/1727/1727
f 1606/1606/1606 1728/1728/1728 1730/1730/1730
f 1730/1730/1730 1608/1608/1608 1606/1606/1606
f 1608/1608/1608 1730/1730/1730 1610/1610/1610
f 1731/1731/1731 1730/1730/1730 1728/1728/1728
f 1731/1731/1731 1728/1728/1728 1729/1729/1729
f 1732/1732/1732 1610/1610/1610 1730/1730/1730
f 1730/1730/1730 1731/1731/1731 1732/1732/1732
f 1733/1733/1733 1729/1729/1729 1726/1726/1726
f 1726/1726/1726 1722/1722/1722 1733/1733/1733
f 1734/1734/1734 1731/1731/1731 1729/1729/1729
f 1729/1729/1729 1733/1733/1733 1734/1734/1734
f 1735/1735/1735 1731/1731/1731 1734/1734/1734
f 1735/1735/1735 1732/1732/1732 1731/1731/1731
f 1734/1734/1734 1733/1733/1733 1736/1736/1736
f 1736/1736/1736 1735/1735/1735 1734/1734/1734
f 1733/1733/1733 1722/1722/1722 1737/1737/1737
f 1737/1737/1737 1736/1736/1736 1733/1733/1733
f 1738/1738/1738 1732/1732/1732 1735/1735/1735
f 1738/1738/1738 1735/1735/1735 1736/1736/1736
f 1739/1739/1739 1732/1732/1732 1738/1738/1738
f 1732/1732/1732 1739/1739/1739 1610/1610/1610
f 1738/1738/1738 1736/1736/1736 1740/1740/1740
f 1740/1740/1740 1739/1739/1739 1738/1738/1738
f 1741/1741/1741 1610/1610/1610 1739/1739/1739
f 1610/1610/1610 1741/1741/1741 1612/1612/1612
f 1619/1619/1619 1612/1612/1612 1741/1741/1741
f 1739/1739/1739 1742/1742/1742 1741/1741/1741
f 1742/1742/1742 1739/1739/1739 1740/1740/1740
f 1741/1741/1741 1743/1743/1743 1619/1619/1619
f 1743/1743/1743 1741/1741/1741 1742/1742/1742
f 1627/1627/1627 1619/1619/1619 1743/1743/1743
f 1744/1744/1744 1743/1743/1743 1742/1742/1742
f 1742/1742/1742 1740/1740/1740 1744/1744/1744
f 1743/1743/1743 1745/1745/1745 1627/1627/1627
f 1745/1745/1745 1743/1743/1743 1744/1744/1744
f 1631/1631/1631 1627/1627/1627 1745/1745/1745
f 1746/1746/1746 1744/1744/1744 1740/1740/1740
f 1747/1747/1747 1745/1745/1745 1744/1744/1744
f 1744/1744/1744 1746/1746/1746 1747/1747/1747
f 1745/1745/1745 1748/1748/1748 1631/1631/1631
f 1748/1748/1748 1745/1745/1745 1747/1747/1747
f 1740/1740/1740 1749/1749/1749 1746/1746/1746
f 1749/1749/1749 1740/1740/1740 1736/1736/1736
f 1736/1736/1736 1737/1737/1737 1749/1749/1749
f 1750/1750/1750 1747/1747/1747 1746/1746/1746
f 1751/1751/1751 1746/1746/1746 1749/1749/1749
f 1746/1746/1746 1751/1751/1751 1750/1750/1750
f 1752/1752/1752 1749/1749/1749 1737/1737/1737
f 1749/1749/1749 1752/1752/1752 1751/1751/1751
f 1747/1747/1747 1750/1750/1750 1753/1753/1753
f 1748/1748/1748 1747/1747/1747 1753/1753/1753
f 1754/1754/1754 1750/1750/1750 1751/1751/1751
f 1755/1755/1755 1753/1753/1753 1750/1750/1750
f 1750/1750/1750 1754/1754/1754 1755/1755/1755
f 1756/1756/1756 1748/1748/1748 1753/1753/1753
f 1751/1751/1751 1757/1757/1757 1754/1754/1754
f 1757/1757/1757 1751/1751/1751 1752/1752/1752
f 1758/1758/1758 1755/1755/1755 1754/1754/1754
f 1755/1755/1755 1698/1698/1698 1753/1753/1753
f 1758/1758/1758 1698/1698/1698 1755/1755/1755
f 1753/1753/1753 1698/1698/1698 1756/1756/1756
f 1754/1754/1754 1759/1759/1759 1758/1758/1758
f 1759/1759/1759 1754/1754/1754 1757/1757/1757
f 1760/1760/1760 1758/1758/1758 1759/1759/1759
f 1760/1760/1760 1698/1698/1698 1758/1758/1758
f 1757/1757/1757 1761/1761/1761 1759/1759/1759
f 1759/1759/1759 1762/1762/1762 1760/1760/1760
f 1762/1762/1762 1759/1759/1759 1761/1761/1761
f 1763/1763/1763 1760/1760/1760 1762/1762/1762
f 1763/1763/1763 1698/1698/1698 1760/1760/1760
f 1764/1764/1764 1763/1763/1763 1762/1762/1762
f 1764/1764/1764 1698/1698/1698 1763/1763/1763
f 1762/1762/1762 1765/1765/1765 1764/1764/1764
f 1765/1765/1765 1762/1762/1762 1761/1761/1761
f 1766/1766/1766 1764/1764/1764 1765/1765/1765
f 1766/1766/1766 1698/1698/1698 1764/1764/1764
f 1761/1761/1761 1767/1767/1767 1765/1765/1765
f 1761/1761/1761 1757/1757/1757 1768/1768/1768
f 1768/1768/1768 1767/1767/1767 1761/1761/1761
f 1752/1752/1752 1768/1768/1768 1757/1757/1757
f 1769/1769/1769 1765/1765/1765 1767/1767/1767
f 1769/1769/1769 1766/1766/1766 1765/1765/1765
f 1768/1768/1768 1724/1724/1724 1767/1767/1767
f 1709/1709/1709 1766/1766/1766 1769/1769/1769
f 1709/1709/1709 1698/1698/1698 1766/1766/1766
f 1711/1711/1711 1709/1709/1709 1769/1769/1769
f 1769/1769/1769 1717/1717/1717 1711/1711/1711
f 1717/1717/1717 1769/1769/1769 1767/1767/1767
f 1717/1717/1717 1767/1767/1767 1724/1724/1724
f 1770/1770/1770 1724/1724/1724 1768/1768/1768
f 1768/1768/1768 1752/1752/1752 1770/1770/1770
f 1770/1770/1770 1719/1719/1719 1724/1724/1724
f 1737/1737/1737 1770/1770/1770 1752/1752/1752
f 1722/1722/1722 1719/1719/1719 1770/1770/1770
f 1770/1770/1770 1737/1737/1737 1722/1722/1722
f 1771/1771/1771 1698/1698/1698 1675/1675/1675
f 1771/1771/1771 1675/1675/1675 1634/1634/1634
f 1772/1772/1772 1698/1698/1698 1771/1771/1771
f 1634/1634/1634 1773/1773/1773 1771/1771/1771
f 1772/1772/1772 1771/1771/1771 1773/1773/1773
f 1773/1773/1773 1634/1634/1634 1632/1632/1632
f 1774/1774/1774 1698/1698/1698 1772/1772/1772
f 1772/1772/1772 1773/1773/1773 1774/1774/1774
f 1756/1756/1756 1698/1698/1698 1774/1774/1774
f 1773/1773/1773 1632/1632/1632 1775/1775/1775
f 1775/1775/1775 1774/1774/1774 1773/1773/1773
f 1774/1774/1774 1775/1775/1775 1756/1756/1756
f 1631/1631/1631 1775/1775/1775 1632/1632/1632
f 1748/1748/1748 1756/1756/1756 1775/1775/1775
f 1775/1775/1775 1631/1631/1631 1748/1748/1748
f 1778/1778/1778 1777/1777/1777 1776/1776/1776
f 1777/1777/1777 1779/1779/1779 1776/1776/1776
f 1780/1780/1780 1778/1778/1778 1776/1776/1776
f 1780/1780/1780 1781/1781/1781 1778/1778/1778
f 1782/1782/1782 1776/1776/1776 1779/1779/1779
f 1780/1780/1780 1783/1783/1783 1781/1781/1781
f 1779/1779/1779 1784/1784/1784 1782/1782/1782
f 1785/1785/1785 1784/1784/1784 1779/1779/1779
f 1782/1782/1782 1786/1786/1786 1776/1776/1776
f 1785/1785/1785 1787/1787/1787 1784/1784/1784
f 1787/1787/1787 1785/1785/1785 1788/1788/1788
f 1784/1784/1784 1789/1789/1789 1782/1782/1782
f 1784/1784/1784 1787/1787/1787 1789/1789/1789
f 1786/1786/1786 1782/1782/1782 1789/1789/1789
f 1790/1790/1790 1787/1787/1787 1788/1788/1788
f 1790/1790/1790 1788/1788/1788 1791/1791/1791
f 1791/1791/1791 1792/1792/1792 1790/1790/1790
f 1793/1793/1793 1789/1789/1789 1787/1787/1787
f 1787/1787/1787 1790/1790/1790 1793/1793/1793
f 1794/1794/1794 1790/1790/1790 1792/1792/1792
f 1792/1792/1792 1795/1795/1795 1794/1794/1794
f 1796/1796/1796 1793/1793/1793 1790/1790/1790
f 1797/1797/1797 1794/1794/1794 1795/1795/1795
f 1795/1795/1795 1798/1798/1798 1797/1797/1797
f 1799/1799/1799 1790/1790/1790 1794/1794/1794
f 1799/1799/1799 1796/1796/1796 1790/1790/1790
f 1794/1794/1794 1797/1797/1797 1800/1800/1800
f 1799/1799/1799 1794/1794/1794 1800/1800/1800
f 1801/1801/1801 1797/1797/1797 1798/1798/1798
f 1797/1797/1797 1801/1801/1801 1800/1800/1800
f 1798/1798/1798 1802/1802/1802 1801/1801/1801
f 1799/1799/1799 1800/1800/1800 1803/1803/1803
f 1804/1804/1804 1801/1801/1801 1802/1802/1802
f 1805/1805/1805 1800/1800/1800 1801/1801/1801
f 1801/1801/1801 1804/1804/1804 1805/1805/1805
f 1804/1804/1804 1802/1802/1802 1806/1806/1806
f 1807/1807/1807 1806/1806/1806 1802/1802/1802
f 1808/1808/1808 1805/1805/1805 1804/1804/1804
f 1804/1804/1804 1806/1806/1806 1808/1808/1808
f 1805/1805/1805 1809/1809/1809 1800/1800/1800
f 1805/1805/1805 1808/1808/1808 1809/1809/1809
f 1803/1803/1803 1800/1800/1800 1809/1809/1809
f 1810/1810/1810 1808/1808/1808 1806/1806/1806
f 1811/1811/1811 1809/1809/1809 1808/1808/1808
f 1808/1808/1808 1810/1810/1810 1811/1811/1811
f 1806/1806/1806 1807/1807/1807 1812/1812/1812
f 1806/1806/1806 1812/1812/1812 1810/1810/1810
f 1813/1813/1813 1812/1812/1812 1807/1807/1807
f 1813/1813/1813 1814/1814/1814 1812/1812/1812
f 1815/1815/1815 1811/1811/1811 1810/1810/1810
f 1816/1816/1816 1810/1810/1810 1812/1812/1812
f 1810/1810/1810 1816/1816/1816 1815/1815/1815
f 1817/1817/1817 1812/1812/1812 1814/1814/1814
f 1812/1812/1812 1817/1817/1817 1816/1816/1816
f 1811/1811/1811 1815/1815/1815 1818/1818/1818
f 1811/1811/1811 1818/1818/1818 1809/1809/1809
f 1819/1819/1819 1815/1815/1815 1816/1816/1816
f 1820/1820/1820 1809/1809/1809 1818/1818/1818
f 1809/1809/1809 1820/1820/1820 1803/1803/1803
f 1821/1821/1821 1818/1818/1818 1815/1815/1815
f 1815/1815/1815 1819/1819/1819 1821/1821/1821
f 1818/1818/1818 1822/1822/1822 1820/1820/1820
f 1818/1818/1818 1821/1821/1821 1822/1822/1822
f 1823/1823/1823 1803/1803/1803 1820/1820/1820
f 1824/1824/1824 1820/1820/1820 1822/1822/1822
f 1820/1820/1820 1824/1824/1824 1823/1823/1823
f 1825/1825/1825 1822/1822/1822 1821/1821/1821
f 1826/1826/1826 1803/1803/1803 1823/1823/1823
f 1826/1826/1826 1799/1799/1799 1803/1803/1803
f 1826/1826/1826 1796/1796/1796 1799/1799/1799
f 1821/1821/1821 1827/1827/1827 1825/1825/1825
f 1827/1827/1827 1821/1821/1821 1819/1819/1819
f 1826/1826/1826 1828/1828/1828 1796/1796/1796
f 1819/1819/1819 1829/1829/1829 1827/1827/1827
f 1828/1828/1828 1830/1830/1830 1796/1796/1796
f 1793/1793/1793 1796/1796/1796 1830/1830/1830
f 1828/1828/1828 1826/1826/1826 1831/1831/1831
f 1831/1831/1831 1826/1826/1826 1823/1823/1823
f 1830/1830/1830 1832/1832/1832 1793/1793/1793
f 1789/1789/1789 1793/1793/1793 1832/1832/1832
f 1831/1831/1831 1823/1823/1823 1833/1833/1833
f 1833/1833/1833 1823/1823/1823 1824/1824/1824
f 1832/1832/1832 1834/1834/1834 1789/1789/1789
f 1786/1786/1786 1789/1789/1789 1834/1834/1834
f 1835/1835/1835 1831/1831/1831 1833/1833/1833
f 1786/1786/1786 1834/1834/1834 1836/1836/1836
f 1836/1836/1836 1776/1776/1776 1786/1786/1786
f 1780/1780/1780 1776/1776/1776 1836/1836/1836
f 1837/1837/1837 1780/1780/1780 1836/1836/1836
f 1837/1837/1837 1783/1783/1783 1780/1780/1780
f 1838/1838/1838 1836/1836/1836 1834/1834/1834
f 1837/1837/1837 1836/1836/1836 1838/1838/1838
f 1838/1838/1838 1834/1834/1834 1839/1839/1839
f 1840/1840/1840 1837/1837/1837 1838/1838/1838
f 1840/1840/1840 1838/1838/1838 1839/1839/1839
f 1837/1837/1837 1841/1841/1841 1783/1783/1783
f 1841/1841/1841 1837/1837/1837 1840/1840/1840
f 1842/1842/1842 1839/1839/1839 1834/1834/1834
f 1834/1834/1834 1832/1832/1832 1842/1842/1842
f 1843/1843/1843 1840/1840/1840 1839/1839/1839
f 1844/1844/1844 1842/1842/1842 1832/1832/1832
f 1832/1832/1832 1830/1830/1830 1844/1844/1844
f 1839/1839/1839 1842/1842/1842 1845/1845/1845
f 1839/1839/1839 1845/1845/1845 1843/1843/1843
f 1842/1842/1842 1844/1844/1844 1846/1846/1846
f 1846/1846/1846 1845/1845/1845 1842/1842/1842
f 1847/1847/1847 1844/1844/1844 1830/1830/1830
f 1830/1830/1830 1828/1828/1828 1847/1847/1847
f 1848/1848/1848 1846/1846/1846 1844/1844/1844
f 1844/1844/1844 1847/1847/1847 1848/1848/1848
f 1849/1849/1849 1847/1847/1847 1828/1828/1828
f 1831/1831/1831 1849/1849/1849 1828/1828/1828
f 1849/1849/1849 1831/1831/1831 1835/1835/1835
f 1850/1850/1850 1848/1848/1848 1847/1847/1847
f 1847/1847/1847 1849/1849/1849 1850/1850/1850
f 1835/1835/1835 1851/1851/1851 1849/1849/1849
f 1851/1851/1851 1850/1850/1850 1849/1849/1849
f 1835/1835/1835 1852/1852/1852 1851/1851/1851
f 1851/1851/1851 1852/1852/1852 1850/1850/1850
f 1850/1850/1850 1852/1852/1852 1848/1848/1848
f 1848/1848/1848 1852/1852/1852 1846/1846/1846
f 1846/1846/1846 1852/1852/1852 1845/1845/1845
f 1833/1833/1833 1852/1852/1852 1835/1835/1835
f 1824/1824/1824 1852/1852/1852 1833/1833/1833
f 1822/1822/1822 1852/1852/1852 1824/1824/1824
f 1825/1825/1825 1852/1852/1852 1822/1822/1822
f 1845/1845/1845 1852/1852/1852 1853/1853/1853
f 1853/1853/1853 1843/1843/1843 1845/1845/1845
f 1854/1854/1854 1852/1852/1852 1825/1825/1825
f 1854/1854/1854 1825/1825/1825 1827/1827/1827
f 1827/1827/1827 1855/1855/1855 1854/1854/1854
f 1855/1855/1855 1827/1827/1827 1829/1829/1829
f 1856/1856/1856 1854/1854/1854 1855/1855/1855
f 1856/1856/1856 1852/1852/1852 1854/1854/1854
f 1857/1857/1857 1856/1856/1856 1855/1855/1855
f 1857/1857/1857 1852/1852/1852 1856/1856/1856
f 1857/1857/1857 1855/1855/1855 1858/1858/1858
f 1858/1858/1858 1855/1855/1855 1829/1829/1829
f 1859/1859/1859 1857/1857/1857 1858/1858/1858
f 1859/1859/1859 1852/1852/1852 1857/1857/1857
f 1858/1858/1858 1829/1829/1829 1860/1860/1860
f 1858/1858/1858 1861/1861/1861 1859/1859/1859
f 1861/1861/1861 1858/1858/1858 1860/1860/1860
f 1859/1859/1859 1861/1861/1861 1862/1862/1862
f 1862/1862/1862 1852/1852/1852 1859/1859/1859
f 1860/1860/1860 1829/1829/1829 1863/1863/1863
f 1829/1829/1829 1819/1819/1819 1863/1863/1863
f 1816/1816/1816 1863/1863/1863 1819/1819/1819
f 1863/1863/1863 1816/1816/1816 1817/1817/1817
f 1860/1860/1860 1863/1863/1863 1864/1864/1864
f 1864/1864/1864 1863/1863/1863 1817/1817/1817
f 1860/1860/1860 1865/1865/1865 1861/1861/1861
f 1865/1865/1865 1860/1860/1860 1864/1864/1864
f 1864/1864/1864 1817/1817/1817 1866/1866/1866
f 1814/1814/1814 1866/1866/1866 1817/1817/1817
f 1866/1866/1866 1814/1814/1814 1867/1867/1867
f 1868/1868/1868 1864/1864/1864 1866/1866/1866
f 1865/1865/1865 1864/1864/1864 1868/1868/1868
f 1869/1869/1869 1866/1866/1866 1867/1867/1867
f 1868/1868/1868 1866/1866/1866 1869/1869/1869
f 1869/1869/1869 1867/1867/1867 1870/1870/1870
f 1870/1870/1870 1871/1871/1871 1869/1869/1869
f 1872/1872/1872 1869/1869/1869 1871/1871/1871
f 1871/1871/1871 1873/1873/1873 1872/1872/1872
f 1874/1874/1874 1868/1868/1868 1869/1869/1869
f 1869/1869/1869 1872/1872/1872 1874/1874/1874
f 1875/1875/1875 1872/1872/1872 1873/1873/1873
f 1872/1872/1872 1875/1875/1875 1874/1874/1874
f 1873/1873/1873 1876/1876/1876 1875/1875/1875
f 1868/1868/1868 1874/1874/1874 1877/1877/1877
f 1877/1877/1877 1865/1865/1865 1868/1868/1868
f 1878/1878/1878 1875/1875/1875 1876/1876/1876
f 1876/1876/1876 1879/1879/1879 1878/1878/1878
f 1880/1880/1880 1874/1874/1874 1875/1875/1875
f 1875/1875/1875 1878/1878/1878 1880/1880/1880
f 1874/1874/1874 1880/1880/1880 1881/1881/1881
f 1877/1877/1877 1874/1874/1874 1881/1881/1881
f 1882/1882/1882 1880/1880/1880 1878/1878/1878
f 1880/1880/1880 1882/1882/1882 1881/1881/1881
f 1883/1883/1883 1878/1878/1878 1879/1879/1879
f 1878/1878/1878 1883/1883/1883 1882/1882/1882
f 1879/1879/1879 1781/1781/1781 1883/1883/1883
f 1783/1783/1783 1883/1883/1883 1781/1781/1781
f 1883/1883/1883 1783/1783/1783 1884/1884/1884
f 1884/1884/1884 1882/1882/1882 1883/1883/1883
f 1841/1841/1841 1884/1884/1884 1783/1783/1783
f 1885/1885/1885 1881/1881/1881 1882/1882/1882
f 1882/1882/1882 1884/1884/1884 1885/1885/1885
f 1884/1884/1884 1841/1841/1841 1886/1886/1886
f 1886/1886/1886 1885/1885/1885 1884/1884/1884
f 1881/1881/1881 1885/1885/1885 1887/1887/1887
f 1877/1877/1877 1881/1881/1881 1887/1887/1887
f 1885/1885/1885 1886/1886/1886 1888/1888/1888
f 1888/1888/1888 1887/1887/1887 1885/1885/1885
f 1889/1889/1889 1886/1886/1886 1841/1841/1841
f 1840/1840/1840 1889/1889/1889 1841/1841/1841
f 1889/1889/1889 1840/1840/1840 1843/1843/1843
f 1886/1886/1886 1889/1889/1889 1890/1890/1890
f 1890/1890/1890 1888/1888/1888 1886/1886/1886
f 1843/1843/1843 1891/1891/1891 1889/1889/1889
f 1891/1891/1891 1890/1890/1890 1889/1889/1889
f 1891/1891/1891 1843/1843/1843 1853/1853/1853
f 1892/1892/1892 1891/1891/1891 1853/1853/1853
f 1853/1853/1853 1852/1852/1852 1892/1892/1892
f 1892/1892/1892 1893/1893/1893 1891/1891/1891
f 1892/1892/1892 1852/1852/1852 1893/1893/1893
f 1890/1890/1890 1891/1891/1891 1893/1893/1893
f 1893/1893/1893 1894/1894/1894 1890/1890/1890
f 1893/1893/1893 1852/1852/1852 1894/1894/1894
f 1888/1888/1888 1890/1890/1890 1894/1894/1894
f 1894/1894/1894 1852/1852/1852 1895/1895/1895
f 1894/1894/1894 1895/1895/1895 1888/1888/1888
f 1887/1887/1887 1888/1888/1888 1895/1895/1895
f 1895/1895/1895 1852/1852/1852 1862/1862/1862
f 1896/1896/1896 1887/1887/1887 1895/1895/1895
f 1862/1862/1862 1896/1896/1896 1895/1895/1895
f 1896/1896/1896 1877/1877/1877 1887/1887/1887
f 1861/1861/1861 1896/1896/1896 1862/1862/1862
f 1865/1865/1865 1877/1877/1877 1896/1896/1896
f 1861/1861/1861 1865/1865/1865 1896/1896/1896
f 1899/1899/1899 1898/1898/1898 1897/1897/1897
f 1900/1900/1900 1897/1897/1897 1898/1898/1898
f 1898/1898/1898 1901/1901/1901 1900/1900/1900
f 1900/1900/1900 1902/1902/1902 1897/1897/1897
f 1903/1903/1903 1900/1900/1900 1901/1901/1901
f 1901/1901/1901 1904/1904/1904 1903/1903/1903
f 1902/1902/1902 1900/1900/1900 1905/1905/1905
f 1903/1903/1903 1905/1905/1905 1900/1900/1900
f 1905/1905/1905 1906/1906/1906 1902/1902/1902
f 1907/1907/1907 1903/1903/1903 1904/1904/1904
f 1904/1904/1904 1908/1908/1908 1907/1907/1907
f 1905/1905/1905 1903/1903/1903 1909/1909/1909
f 1907/1907/1907 1909/1909/1909 1903/1903/1903
f 1910/1910/1910 1906/1906/1906 1905/1905/1905
f 1909/1909/1909 1910/1910/1910 1905/1905/1905
f 1910/1910/1910 1911/1911/1911 1906/1906/1906
f 1912/1912/1912 1907/1907/1907 1908/1908/1908
f 1908/1908/1908 1913/1913/1913 1912/1912/1912
f 1909/1909/1909 1907/1907/1907 1914/1914/1914
f 1912/1912/1912 1914/1914/1914 1907/1907/1907
f 1915/1915/1915 1910/1910/1910 1909/1909/1909
f 1914/1914/1914 1915/1915/1915 1909/1909/1909
f 1916/1916/1916 1912/1912/1912 1913/1913/1913
f 1913/1913/1913 1917/1917/1917 1916/1916/1916
f 1914/1914/1914 1912/1912/1912 1918/1918/1918
f 1916/1916/1916 1918/1918/1918 1912/1912/1912
f 1919/1919/1919 1916/1916/1916 1917/1917/1917
f 1917/1917/1917 1920/1920/1920 1919/1919/1919
f 1918/1918/1918 1916/1916/1916 1921/1921/1921
f 1919/1919/1919 1921/1921/1921 1916/1916/1916
f 1918/1918/1918 1922/1922/1922 1914/1914/1914
f 1922/1922/1922 1915/1915/1915 1914/1914/1914
f 1921/1921/1921 1923/1923/1923 1918/1918/1918
f 1923/1923/1923 1922/1922/1922 1918/1918/1918
f 1924/1924/1924 1919/1919/1919 1920/1920/1920
f 1920/1920/1920 1925/1925/1925 1924/1924/1924
f 1921/1921/1921 1919/1919/1919 1926/1926/1926
f 1924/1924/1924 1926/1926/1926 1919/1919/1919
f 1927/1927/1927 1924/1924/1924 1925/1925/1925
f 1925/1925/1925 1928/1928/1928 1927/1927/1927
f 1926/1926/1926 1924/1924/1924 1929/1929/1929
f 1927/1927/1927 1929/1929/1929 1924/1924/1924
f 1926/1926/1926 1930/1930/1930 1921/1921/1921
f 1930/1930/1930 1923/1923/1923 1921/1921/1921
f 1929/1929/1929 1931/1931/1931 1926/1926/1926
f 1931/1931/1931 1930/1930/1930 1926/1926/1926
f 1932/1932/1932 1927/1927/1927 1928/1928/1928
f 1928/1928/1928 1933/1933/1933 1932/1932/1932
f 1929/1929/1929 1927/1927/1927 1934/1934/1934
f 1932/1932/1932 1934/1934/1934 1927/1927/1927
f 1935/1935/1935 1932/1932/1932 1933/1933/1933
f 1933/1933/1933 1936/1936/1936 1935/1935/1935
f 1934/1934/1934 1932/1932/1932 1937/1937/1937
f 1935/1935/1935 1937/1937/1937 1932/1932/1932
f 1934/1934/1934 1938/1938/1938 1929/1929/1929
f 1938/1938/1938 1931/1931/1931 1929/1929/1929
f 1937/1937/1937 1939/1939/1939 1934/1934/1934
f 1939/1939/1939 1938/1938/1938 1934/1934/1934
f 1940/1940/1940 1935/1935/1935 1936/1936/1936
f 1936/1936/1936 1941/1941/1941 1940/1940/1940
f 1942/1942/1942 1937/1937/1937 1935/1935/1935
f 1940/1940/1940 1942/1942/1942 1935/1935/1935
f 1943/1943/1943 1940/1940/1940 1941/1941/1941
f 1941/1941/1941 1944/1944/1944 1943/1943/1943
f 1945/1945/1945 1942/1942/1942 1940/1940/1940
f 1943/1943/1943 1945/1945/1945 1940/1940/1940
f 1942/1942/1942 1946/1946/1946 1937/1937/1937
f 1946/1946/1946 1939/1939/1939 1937/1937/1937
f 1945/1945/1945 1947/1947/1947 1942/1942/1942
f 1947/1947/1947 1946/1946/1946 1942/1942/1942
f 1948/1948/1948 1943/1943/1943 1944/1944/1944
f 1944/1944/1944 1949/1949/1949 1948/1948/1948
f 1950/1950/1950 1948/1948/1948 1949/1949/1949
f 1951/1951/1951 1945/1945/1945 1943/1943/1943
f 1948/1948/1948 1951/1951/1951 1943/1943/1943
f 1952/1952/1952 1948/1948/1948 1950/1950/1950
f 1952/1952/1952 1951/1951/1951 1948/1948/1948
f 1953/1953/1953 1952/1952/1952 1950/1950/1950
f 1951/1951/1951 1954/1954/1954 1945/1945/1945
f 1954/1954/1954 1947/1947/1947 1945/1945/1945
f 1952/1952/1952 1955/1955/1955 1951/1951/1951
f 1955/1955/1955 1954/1954/1954 1951/1951/1951
f 1953/1953/1953 1956/1956/1956 1952/1952/1952
f 1956/1956/1956 1955/1955/1955 1952/1952/1952
f 1957/1957/1957 1956/1956/1956 1953/1953/1953
f 1955/1955/1955 1958/1958/1958 1954/1954/1954
f 1957/1957/1957 1959/1959/1959 1956/1956/1956
f 1960/1960/1960 1959/1959/1959 1957/1957/1957
f 1960/1960/1960 1961/1961/1961 1959/1959/1959
f 1956/1956/1956 1962/1962/1962 1955/1955/1955
f 1959/1959/1959 1962/1962/1962 1956/1956/1956
f 1962/1962/1962 1958/1958/1958 1955/1955/1955
f 1963/1963/1963 1959/1959/1959 1961/1961/1961
f 1959/1959/1959 1963/1963/1963 1962/1962/1962
f 1961/1961/1961 1964/1964/1964 1963/1963/1963
f 1965/1965/1965 1962/1962/1962 1963/1963/1963
f 1962/1962/1962 1965/1965/1965 1958/1958/1958
f 1966/1966/1966 1963/1963/1963 1964/1964/1964
f 1963/1963/1963 1966/1966/1966 1965/1965/1965
f 1964/1964/1964 1967/1967/1967 1966/1966/1966
f 1968/1968/1968 1958/1958/1958 1965/1965/1965
f 1969/1969/1969 1966/1966/1966 1967/1967/1967
f 1967/1967/1967 1970/1970/1970 1969/1969/1969
f 1971/1971/1971 1969/1969/1969 1970/1970/1970
f 1972/1972/1972 1965/1965/1965 1966/1966/1966
f 1966/1966/1966 1969/1969/1969 1972/1972/1972
f 1965/1965/1965 1972/1972/1972 1968/1968/1968
f 1969/1969/1969 1971/1971/1971 1973/1973/1973
f 1973/1973/1973 1972/1972/1972 1969/1969/1969
f 1974/1974/1974 1973/1973/1973 1971/1971/1971
f 1972/1972/1972 1973/1973/1973 1975/1975/1975
f 1975/1975/1975 1968/1968/1968 1972/1972/1972
f 1973/1973/1973 1974/1974/1974 1976/1976/1976
f 1976/1976/1976 1975/1975/1975 1973/1973/1973
f 1977/1977/1977 1976/1976/1976 1974/1974/1974
f 1968/1968/1968 1975/1975/1975 1978/1978/1978
f 1976/1976/1976 1977/1977/1977 1979/1979/1979
f 1980/1980/1980 1979/1979/1979 1977/1977/1977
f 1975/1975/1975 1976/1976/1976 1981/1981/1981
f 1979/1979/1979 1981/1981/1981 1976/1976/1976
f 1981/1981/1981 1978/1978/1978 1975/1975/1975
f 1979/1979/1979 1980/1980/1980 1982/1982/1982
f 1983/1983/1983 1982/1982/1982 1980/1980/1980
f 1981/1981/1981 1979/1979/1979 1984/1984/1984
f 1982/1982/1982 1984/1984/1984 1979/1979/1979
f 1982/1982/1982 1983/1983/1983 1985/1985/1985
f 1986/1986/1986 1985/1985/1985 1983/1983/1983
f 1984/1984/1984 1982/1982/1982 1987/1987/1987
f 1985/1985/1985 1987/1987/1987 1982/1982/1982
f 1984/1984/1984 1988/1988/1988 1981/1981/1981
f 1978/1978/1978 1981/1981/1981 1988/1988/1988
f 1987/1987/1987 1989/1989/1989 1984/1984/1984
f 1988/1988/1988 1984/1984/1984 1989/1989/1989
f 1987/1987/1987 1985/1985/1985 1990/1990/1990
f 1985/1985/1985 1986/1986/1986 1991/1991/1991
f 1991/1991/1991 1990/1990/1990 1985/1985/1985
f 1992/1992/1992 1991/1991/1991 1986/1986/1986
f 1990/1990/1990 1993/1993/1993 1987/1987/1987
f 1989/1989/1989 1987/1987/1987 1993/1993/1993
f 1991/1991/1991 1992/1992/1992 1994/1994/1994
f 1995/1995/1995 1994/1994/1994 1992/1992/1992
f 1990/1990/1990 1991/1991/1991 1996/1996/1996
f 1994/1994/1994 1996/1996/1996 1991/1991/1991
f 1993/1993/1993 1990/1990/1990 1997/1997/1997
f 1996/1996/1996 1997/1997/1997 1990/1990/1990
f 1994/1994/1994 1995/1995/1995 1998/1998/1998
f 1999/1999/1999 1998/1998/1998 1995/1995/1995
f 1996/1996/1996 1994/1994/1994 2000/2000/2000
f 1998/1998/1998 2000/2000/2000 1994/1994/1994
f 1998/1998/1998 1999/1999/1999 2001/2001/2001
f 2002/2002/2002 2001/2001/2001 1999/1999/1999
f 2000/2000/2000 1998/1998/1998 2003/2003/2003
f 2001/2001/2001 2003/2003/2003 1998/1998/1998
f 2000/2000/2000 2004/2004/2004 1996/1996/1996
f 1997/1997/1997 1996/1996/1996 2004/2004/2004
f 2003/2003/2003 2005/2005/2005 2000/2000/2000
f 2004/2004/2004 2000/2000/2000 2005/2005/2005
f 2003/2003/2003 2001/2001/2001 2006/2006/2006
f 2001/2001/2001 2002/2002/2002 2007/2007/2007
f 2007/2007/2007 2006/2006/2006 2001/2001/2001
f 2008/2008/2008 2007/2007/2007 2002/2002/2002
f 2006/2006/2006 2009/2009/2009 2003/2003/2003
f 2005/2005/2005 2003/2003/2003 2009/2009/2009
f 2007/2007/2007 2008/2008/2008 2010/2010/2010
f 2011/2011/2011 2010/2010/2010 2008/2008/2008
f 2006/2006/2006 2007/2007/2007 2012/2012/2012
f 2010/2010/2010 2012/2012/2012 2007/2007/2007
f 2009/2009/2009 2006/2006/2006 2013/2013/2013
f 2012/2012/2012 2013/2013/2013 2006/2006/2006
f 2010/2010/2010 2011/2011/2011 2014/2014/2014
f 2015/2015/2015 2014/2014/2014 2011/2011/2011
f 2017/2017/2017 2016/2016/2016 2015/2015/2015
f 2014/2014/2014 2015/2015/2015 2016/2016/2016
f 2016/2016/2016 2018/2018/2018 2014/2014/2014
f 2014/2014/2014 2019/2019/2019 2010/2010/2010
f 2019/2019/2019 2014/2014/2014 2018/2018/2018
f 2012/2012/2012 2010/2010/2010 2019/2019/2019
f 2018/2018/2018 2020/2020/2020 2019/2019/2019
f 2019/2019/2019 2021/2021/2021 2012/2012/2012
f 2021/2021/2021 2019/2019/2019 2020/2020/2020
f 2013/2013/2013 2012/2012/2012 2021/2021/2021
f 2020/2020/2020 1911/1911/1911 2021/2021/2021
f 2022/2022/2022 2021/2021/2021 1911/1911/1911
f 2021/2021/2021 2022/2022/2022 2013/2013/2013
f 2022/2022/2022 1911/1911/1911 1910/1910/1910
f 1915/1915/1915 2022/2022/2022 1910/1910/1910
f 2023/2023/2023 2013/2013/2013 2022/2022/2022
f 2023/2023/2023 2022/2022/2022 1915/1915/1915
f 2013/2013/2013 2023/2023/2023 2009/2009/2009
f 1922/1922/1922 2023/2023/2023 1915/1915/1915
f 2024/2024/2024 2009/2009/2009 2023/2023/2023
f 2024/2024/2024 2023/2023/2023 1922/1922/1922
f 2009/2009/2009 2024/2024/2024 2005/2005/2005
f 1923/1923/1923 2024/2024/2024 1922/1922/1922
f 2025/2025/2025 2005/2005/2005 2024/2024/2024
f 2025/2025/2025 2024/2024/2024 1923/1923/1923
f 2005/2005/2005 2025/2025/2025 2004/2004/2004
f 1930/1930/1930 2025/2025/2025 1923/1923/1923
f 2026/2026/2026 2004/2004/2004 2025/2025/2025
f 2026/2026/2026 2025/2025/2025 1930/1930/1930
f 2004/2004/2004 2026/2026/2026 1997/1997/1997
f 1931/1931/1931 2026/2026/2026 1930/1930/1930
f 2027/2027/2027 1997/1997/1997 2026/2026/2026
f 2027/2027/2027 2026/2026/2026 1931/1931/1931
f 1997/1997/1997 2027/2027/2027 1993/1993/1993
f 1938/1938/1938 2027/2027/2027 1931/1931/1931
f 2028/2028/2028 1993/1993/1993 2027/2027/2027
f 2028/2028/2028 2027/2027/2027 1938/1938/1938
f 1993/1993/1993 2028/2028/2028 1989/1989/1989
f 1939/1939/1939 2028/2028/2028 1938/1938/1938
f 2029/2029/2029 1989/1989/1989 2028/2028/2028
f 2029/2029/2029 2028/2028/2028 1939/1939/1939
f 1989/1989/1989 2029/2029/2029 1988/1988/1988
f 1946/1946/1946 2029/2029/2029 1939/1939/1939
f 2030/2030/2030 1988/1988/1988 2029/2029/2029
f 2030/2030/2030 2029/2029/2029 1946/1946/1946
f 1988/1988/1988 2030/2030/2030 1978/1978/1978
f 1947/1947/1947 2030/2030/2030 1946/1946/1946
f 2031/2031/2031 1978/1978/1978 2030/2030/2030
f 2031/2031/2031 2030/2030/2030 1947/1947/1947
f 1978/1978/1978 2031/2031/2031 1968/1968/1968
f 1954/1954/1954 2031/2031/2031 1947/1947/1947
f 1958/1958/1958 1968/1968/1968 2031/2031/2031
f 1958/1958/1958 2031/2031/2031 1954/1954/1954
f 2034/2034/2034 2033/2033/2033 2032/2032/2032
f 2033/2033/2033 2034/2034/2034 2035/2035/2035
f 2036/2036/2036 2035/2035/2035 2034/2034/2034
f 2033/2033/2033 2035/2035/2035 2037/2037/2037
f 2035/2035/2035 2036/2036/2036 2038/2038/2038
f 2036/2036/2036 2039/2039/2039 2038/2038/2038
f 2037/2037/2037 2035/2035/2035 2040/2040/2040
f 2038/2038/2038 2040/2040/2040 2035/2035/2035
f 2037/2037/2037 2040/2040/2040 2041/2041/2041
f 2039/2039/2039 2042/2042/2042 2038/2038/2038
f 2039/2039/2039 2043/2043/2043 2042/2042/2042
f 2040/2040/2040 2038/2038/2038 2044/2044/2044
f 2038/2038/2038 2042/2042/2042 2044/2044/2044
f 2041/2041/2041 2040/2040/2040 2045/2045/2045
f 2044/2044/2044 2045/2045/2045 2040/2040/2040
f 2041/2041/2041 2045/2045/2045 2046/2046/2046
f 2043/2043/2043 2047/2047/2047 2042/2042/2042
f 2043/2043/2043 2048/2048/2048 2047/2047/2047
f 2046/2046/2046 2045/2045/2045 2049/2049/2049
f 2046/2046/2046 2049/2049/2049 2050/2050/2050
f 2048/2048/2048 2051/2051/2051 2047/2047/2047
f 2048/2048/2048 2052/2052/2052 2051/2051/2051
f 2042/2042/2042 2047/2047/2047 2053/2053/2053
f 2042/2042/2042 2053/2053/2053 2044/2044/2044
f 2047/2047/2047 2051/2051/2051 2054/2054/2054
f 2047/2047/2047 2054/2054/2054 2053/2053/2053
f 2052/2052/2052 2055/2055/2055 2051/2051/2051
f 2052/2052/2052 2056/2056/2056 2055/2055/2055
f 2044/2044/2044 2053/2053/2053 2057/2057/2057
f 2045/2045/2045 2044/2044/2044 2057/2057/2057
f 2057/2057/2057 2049/2049/2049 2045/2045/2045
f 2053/2053/2053 2058/2058/2058 2057/2057/2057
f 2053/2053/2053 2054/2054/2054 2058/2058/2058
f 2049/2049/2049 2057/2057/2057 2059/2059/2059
f 2057/2057/2057 2058/2058/2058 2059/2059/2059
f 2050/2050/2050 2049/2049/2049 2060/2060/2060
f 2059/2059/2059 2060/2060/2060 2049/2049/2049
f 2050/2050/2050 2060/2060/2060 2061/2061/2061
f 2058/2058/2058 2062/2062/2062 2059/2059/2059
f 2061/2061/2061 2060/2060/2060 2063/2063/2063
f 2061/2061/2061 2063/2063/2063 2064/2064/2064
f 2060/2060/2060 2059/2059/2059 2065/2065/2065
f 2065/2065/2065 2063/2063/2063 2060/2060/2060
f 2059/2059/2059 2062/2062/2062 2065/2065/2065
f 2064/2064/2064 2063/2063/2063 2066/2066/2066
f 2064/2064/2064 2066/2066/2066 2067/2067/2067
f 2063/2063/2063 2065/2065/2065 2068/2068/2068
f 2068/2068/2068 2066/2066/2066 2063/2063/2063
f 2067/2067/2067 2066/2066/2066 2069/2069/2069
f 2067/2067/2067 2069/2069/2069 2070/2070/2070
f 2066/2066/2066 2068/2068/2068 2071/2071/2071
f 2071/2071/2071 2069/2069/2069 2066/2066/2066
f 2065/2065/2065 2072/2072/2072 2068/2068/2068
f 2072/2072/2072 2065/2065/2065 2062/2062/2062
f 2070/2070/2070 2069/2069/2069 2073/2073/2073
f 2070/2070/2070 2073/2073/2073 2074/2074/2074
f 2075/2075/2075 2073/2073/2073 2069/2069/2069
f 2069/2069/2069 2071/2071/2071 2075/2075/2075
f 2074/2074/2074 2073/2073/2073 2076/2076/2076
f 2076/2076/2076 2077/2077/2077 2074/2074/2074
f 2073/2073/2073 2075/2075/2075 2078/2078/2078
f 2073/2073/2073 2078/2078/2078 2076/2076/2076
f 2077/2077/2077 2076/2076/2076 2079/2079/2079
f 2079/2079/2079 2080/2080/2080 2077/2077/2077
f 2076/2076/2076 2078/2078/2078 2081/2081/2081
f 2081/2081/2081 2079/2079/2079 2076/2076/2076
f 2080/2080/2080 2079/2079/2079 2082/2082/2082
f 2082/2082/2082 2083/2083/2083 2080/2080/2080
f 2079/2079/2079 2081/2081/2081 2084/2084/2084
f 2084/2084/2084 2082/2082/2082 2079/2079/2079
f 2083/2083/2083 2082/2082/2082 2085/2085/2085
f 2085/2085/2085 2086/2086/2086 2083/2083/2083
f 2086/2086/2086 2085/2085/2085 2087/2087/2087
f 2088/2088/2088 2085/2085/2085 2082/2082/2082
f 2082/2082/2082 2084/2084/2084 2088/2088/2088
f 2089/2089/2089 2087/2087/2087 2085/2085/2085
f 2085/2085/2085 2088/2088/2088 2089/2089/2089
f 2087/2087/2087 2089/2089/2089 2090/2090/2090
f 2084/2084/2084 2091/2091/2091 2088/2088/2088
f 2089/2089/2089 2092/2092/2092 2090/2090/2090
f 2092/2092/2092 2093/2093/2093 2090/2090/2090
f 2088/2088/2088 2094/2094/2094 2089/2089/2089
f 2094/2094/2094 2092/2092/2092 2089/2089/2089
f 2091/2091/2091 2094/2094/2094 2088/2088/2088
f 2092/2092/2092 2095/2095/2095 2093/2093/2093
f 2095/2095/2095 2096/2096/2096 2093/2093/2093
f 2094/2094/2094 2097/2097/2097 2092/2092/2092
f 2097/2097/2097 2095/2095/2095 2092/2092/2092
f 2095/2095/2095 2098/2098/2098 2096/2096/2096
f 2098/2098/2098 2099/2099/2099 2096/2096/2096
f 2097/2097/2097 2100/2100/2100 2095/2095/2095
f 2100/2100/2100 2098/2098/2098 2095/2095/2095
f 2101/2101/2101 2097/2097/2097 2094/2094/2094
f 2091/2091/2091 2101/2101/2101 2094/2094/2094
f 2102/2102/2102 2100/2100/2100 2097/2097/2097
f 2101/2101/2101 2102/2102/2102 2097/2097/2097
f 2100/2100/2100 2103/2103/2103 2098/2098/2098
f 2098/2098/2098 2104/2104/2104 2099/2099/2099
f 2103/2103/2103 2104/2104/2104 2098/2098/2098
f 2104/2104/2104 2105/2105/2105 2099/2099/2099
f 2106/2106/2106 2103/2103/2103 2100/2100/2100
f 2102/2102/2102 2106/2106/2106 2100/2100/2100
f 2104/2104/2104 2107/2107/2107 2105/2105/2105
f 2107/2107/2107 2108/2108/2108 2105/2105/2105
f 2103/2103/2103 2109/2109/2109 2104/2104/2104
f 2109/2109/2109 2107/2107/2107 2104/2104/2104
f 2107/2107/2107 2110/2110/2110 2108/2108/2108
f 2110/2110/2110 2111/2111/2111 2108/2108/2108
f 2109/2109/2109 2112/2112/2112 2107/2107/2107
f 2112/2112/2112 2110/2110/2110 2107/2107/2107
f 2113/2113/2113 2109/2109/2109 2103/2103/2103
f 2106/2106/2106 2113/2113/2113 2103/2103/2103
f 2114/2114/2114 2112/2112/2112 2109/2109/2109
f 2113/2113/2113 2114/2114/2114 2109/2109/2109
f 2112/2112/2112 2115/2115/2115 2110/2110/2110
f 2110/2110/2110 2116/2116/2116 2111/2111/2111
f 2115/2115/2115 2116/2116/2116 2110/2110/2110
f 2116/2116/2116 2117/2117/2117 2111/2111/2111
f 2118/2118/2118 2115/2115/2115 2112/2112/2112
f 2114/2114/2114 2118/2118/2118 2112/2112/2112
f 2116/2116/2116 2119/2119/2119 2117/2117/2117
f 2119/2119/2119 2120/2120/2120 2117/2117/2117
f 2115/2115/2115 2121/2121/2121 2116/2116/2116
f 2121/2121/2121 2119/2119/2119 2116/2116/2116
f 2119/2119/2119 2122/2122/2122 2120/2120/2120
f 2122/2122/2122 2123/2123/2123 2120/2120/2120
f 2121/2121/2121 2124/2124/2124 2119/2119/2119
f 2124/2124/2124 2122/2122/2122 2119/2119/2119
f 2125/2125/2125 2121/2121/2121 2115/2115/2115
f 2118/2118/2118 2125/2125/2125 2115/2115/2115
f 2126/2126/2126 2124/2124/2124 2121/2121/2121
f 2125/2125/2125 2126/2126/2126 2121/2121/2121
f 2124/2124/2124 2127/2127/2127 2122/2122/2122
f 2122/2122/2122 2128/2128/2128 2123/2123/2123
f 2127/2127/2127 2128/2128/2128 2122/2122/2122
f 2128/2128/2128 2129/2129/2129 2123/2123/2123
f 2131/2131/2131 2130/2130/2130 2129/2129/2129
f 2128/2128/2128 2131/2131/2131 2129/2129/2129
f 2132/2132/2132 2131/2131/2131 2128/2128/2128
f 2127/2127/2127 2132/2132/2132 2128/2128/2128
f 2133/2133/2133 2132/2132/2132 2127/2127/2127
f 2134/2134/2134 2133/2133/2133 2127/2127/2127
f 2134/2134/2134 2127/2127/2127 2124/2124/2124
f 2126/2126/2126 2134/2134/2134 2124/2124/2124
f 2135/2135/2135 2133/2133/2133 2134/2134/2134
f 2136/2136/2136 2135/2135/2135 2134/2134/2134
f 2136/2136/2136 2134/2134/2134 2126/2126/2126
f 2135/2135/2135 2136/2136/2136 2137/2137/2137
f 2138/2138/2138 2136/2136/2136 2126/2126/2126
f 2138/2138/2138 2126/2126/2126 2125/2125/2125
f 2139/2139/2139 2137/2137/2137 2136/2136/2136
f 2136/2136/2136 2138/2138/2138 2139/2139/2139
f 2137/2137/2137 2139/2139/2139 2140/2140/2140
f 2141/2141/2141 2138/2138/2138 2125/2125/2125
f 2141/2141/2141 2125/2125/2125 2118/2118/2118
f 2142/2142/2142 2139/2139/2139 2138/2138/2138
f 2138/2138/2138 2141/2141/2141 2142/2142/2142
f 2143/2143/2143 2140/2140/2140 2139/2139/2139
f 2139/2139/2139 2142/2142/2142 2143/2143/2143
f 2144/2144/2144 2140/2140/2140 2143/2143/2143
f 2145/2145/2145 2141/2141/2141 2118/2118/2118
f 2145/2145/2145 2118/2118/2118 2114/2114/2114
f 2146/2146/2146 2142/2142/2142 2141/2141/2141
f 2141/2141/2141 2145/2145/2145 2146/2146/2146
f 2147/2147/2147 2143/2143/2143 2142/2142/2142
f 2142/2142/2142 2146/2146/2146 2147/2147/2147
f 2148/2148/2148 2144/2144/2144 2143/2143/2143
f 2148/2148/2148 2143/2143/2143 2147/2147/2147
f 2149/2149/2149 2144/2144/2144 2148/2148/2148
f 2150/2150/2150 2147/2147/2147 2146/2146/2146
f 2151/2151/2151 2149/2149/2149 2148/2148/2148
f 2149/2149/2149 2151/2151/2151 2152/2152/2152
f 2153/2153/2153 2148/2148/2148 2147/2147/2147
f 2151/2151/2151 2148/2148/2148 2153/2153/2153
f 2153/2153/2153 2147/2147/2147 2150/2150/2150
f 2154/2154/2154 2152/2152/2152 2151/2151/2151
f 2152/2152/2152 2154/2154/2154 2155/2155/2155
f 2156/2156/2156 2151/2151/2151 2153/2153/2153
f 2151/2151/2151 2156/2156/2156 2154/2154/2154
f 2157/2157/2157 2155/2155/2155 2154/2154/2154
f 2158/2158/2158 2155/2155/2155 2157/2157/2157
f 2159/2159/2159 2154/2154/2154 2156/2156/2156
f 2154/2154/2154 2159/2159/2159 2157/2157/2157
f 2156/2156/2156 2153/2153/2153 2160/2160/2160
f 2160/2160/2160 2153/2153/2153 2150/2150/2150
f 2156/2156/2156 2161/2161/2161 2159/2159/2159
f 2161/2161/2161 2156/2156/2156 2160/2160/2160
f 2162/2162/2162 2157/2157/2157 2159/2159/2159
f 2163/2163/2163 2158/2158/2158 2157/2157/2157
f 2163/2163/2163 2157/2157/2157 2162/2162/2162
f 2164/2164/2164 2158/2158/2158 2163/2163/2163
f 2159/2159/2159 2165/2165/2165 2162/2162/2162
f 2165/2165/2165 2159/2159/2159 2161/2161/2161
f 2166/2166/2166 2164/2164/2164 2163/2163/2163
f 2167/2167/2167 2164/2164/2164 2166/2166/2166
f 2168/2168/2168 2163/2163/2163 2162/2162/2162
f 2166/2166/2166 2163/2163/2163 2168/2168/2168
f 2169/2169/2169 2167/2167/2167 2166/2166/2166
f 2170/2170/2170 2167/2167/2167 2169/2169/2169
f 2171/2171/2171 2170/2170/2170 2169/2169/2169
f 2169/2169/2169 2166/2166/2166 2172/2172/2172
f 2172/2172/2172 2166/2166/2166 2168/2168/2168
f 2171/2171/2171 2169/2169/2169 2173/2173/2173
f 2173/2173/2173 2169/2169/2169 2172/2172/2172
f 2174/2174/2174 2171/2171/2171 2173/2173/2173
f 2172/2172/2172 2168/2168/2168 2175/2175/2175
f 2174/2174/2174 2173/2173/2173 2176/2176/2176
f 2177/2177/2177 2174/2174/2174 2176/2176/2176
f 2173/2173/2173 2172/2172/2172 2178/2178/2178
f 2176/2176/2176 2173/2173/2173 2178/2178/2178
f 2178/2178/2178 2172/2172/2172 2175/2175/2175
f 2177/2177/2177 2176/2176/2176 2179/2179/2179
f 2180/2180/2180 2177/2177/2177 2179/2179/2179
f 2176/2176/2176 2178/2178/2178 2181/2181/2181
f 2179/2179/2179 2176/2176/2176 2181/2181/2181
f 2178/2178/2178 2175/2175/2175 2182/2182/2182
f 2181/2181/2181 2178/2178/2178 2182/2182/2182
f 2180/2180/2180 2179/2179/2179 2183/2183/2183
f 2184/2184/2184 2180/2180/2180 2183/2183/2183
f 2179/2179/2179 2181/2181/2181 2185/2185/2185
f 2183/2183/2183 2179/2179/2179 2185/2185/2185
f 2181/2181/2181 2182/2182/2182 2186/2186/2186
f 2185/2185/2185 2181/2181/2181 2186/2186/2186
f 2184/2184/2184 2183/2183/2183 2187/2187/2187
f 2056/2056/2056 2184/2184/2184 2187/2187/2187
f 2056/2056/2056 2187/2187/2187 2055/2055/2055
f 2183/2183/2183 2185/2185/2185 2188/2188/2188
f 2187/2187/2187 2183/2183/2183 2188/2188/2188
f 2055/2055/2055 2187/2187/2187 2189/2189/2189
f 2187/2187/2187 2188/2188/2188 2189/2189/2189
f 2188/2188/2188 2185/2185/2185 2190/2190/2190
f 2185/2185/2185 2186/2186/2186 2190/2190/2190
f 2189/2189/2189 2188/2188/2188 2191/2191/2191
f 2188/2188/2188 2190/2190/2190 2191/2191/2191
f 2055/2055/2055 2189/2189/2189 2192/2192/2192
f 2051/2051/2051 2055/2055/2055 2192/2192/2192
f 2051/2051/2051 2192/2192/2192 2054/2054/2054
f 2192/2192/2192 2189/2189/2189 2193/2193/2193
f 2189/2189/2189 2191/2191/2191 2193/2193/2193
f 2054/2054/2054 2192/2192/2192 2194/2194/2194
f 2192/2192/2192 2193/2193/2193 2194/2194/2194
f 2054/2054/2054 2194/2194/2194 2058/2058/2058
f 2058/2058/2058 2194/2194/2194 2062/2062/2062
f 2194/2194/2194 2195/2195/2195 2062/2062/2062
f 2194/2194/2194 2193/2193/2193 2195/2195/2195
f 2062/2062/2062 2195/2195/2195 2072/2072/2072
f 2193/2193/2193 2191/2191/2191 2196/2196/2196
f 2193/2193/2193 2196/2196/2196 2195/2195/2195
f 2197/2197/2197 2072/2072/2072 2195/2195/2195
f 2195/2195/2195 2196/2196/2196 2197/2197/2197
f 2191/2191/2191 2198/2198/2198 2196/2196/2196
f 2191/2191/2191 2190/2190/2190 2198/2198/2198
f 2199/2199/2199 2197/2197/2197 2196/2196/2196
f 2196/2196/2196 2198/2198/2198 2199/2199/2199
f 2072/2072/2072 2197/2197/2197 2200/2200/2200
f 2200/2200/2200 2068/2068/2068 2072/2072/2072
f 2068/2068/2068 2200/2200/2200 2071/2071/2071
f 2201/2201/2201 2200/2200/2200 2197/2197/2197
f 2197/2197/2197 2199/2199/2199 2201/2201/2201
f 2200/2200/2200 2202/2202/2202 2071/2071/2071
f 2200/2200/2200 2201/2201/2201 2202/2202/2202
f 2071/2071/2071 2202/2202/2202 2075/2075/2075
f 2203/2203/2203 2201/2201/2201 2199/2199/2199
f 2202/2202/2202 2204/2204/2204 2075/2075/2075
f 2075/2075/2075 2204/2204/2204 2078/2078/2078
f 2201/2201/2201 2205/2205/2205 2202/2202/2202
f 2202/2202/2202 2205/2205/2205 2204/2204/2204
f 2201/2201/2201 2203/2203/2203 2205/2205/2205
f 2206/2206/2206 2078/2078/2078 2204/2204/2204
f 2078/2078/2078 2206/2206/2206 2081/2081/2081
f 2205/2205/2205 2207/2207/2207 2204/2204/2204
f 2204/2204/2204 2207/2207/2207 2206/2206/2206
f 2208/2208/2208 2081/2081/2081 2206/2206/2206
f 2081/2081/2081 2208/2208/2208 2084/2084/2084
f 2208/2208/2208 2091/2091/2091 2084/2084/2084
f 2206/2206/2206 2209/2209/2209 2208/2208/2208
f 2209/2209/2209 2206/2206/2206 2207/2207/2207
f 2208/2208/2208 2210/2210/2210 2091/2091/2091
f 2210/2210/2210 2208/2208/2208 2209/2209/2209
f 2210/2210/2210 2101/2101/2101 2091/2091/2091
f 2207/2207/2207 2211/2211/2211 2209/2209/2209
f 2210/2210/2210 2212/2212/2212 2101/2101/2101
f 2212/2212/2212 2102/2102/2102 2101/2101/2101
f 2209/2209/2209 2213/2213/2213 2210/2210/2210
f 2212/2212/2212 2210/2210/2210 2213/2213/2213
f 2213/2213/2213 2209/2209/2209 2211/2211/2211
f 2212/2212/2212 2214/2214/2214 2102/2102/2102
f 2214/2214/2214 2106/2106/2106 2102/2102/2102
f 2213/2213/2213 2215/2215/2215 2212/2212/2212
f 2214/2214/2214 2212/2212/2212 2215/2215/2215
f 2211/2211/2211 2216/2216/2216 2213/2213/2213
f 2215/2215/2215 2213/2213/2213 2216/2216/2216
f 2214/2214/2214 2217/2217/2217 2106/2106/2106
f 2217/2217/2217 2113/2113/2113 2106/2106/2106
f 2215/2215/2215 2218/2218/2218 2214/2214/2214
f 2217/2217/2217 2214/2214/2214 2218/2218/2218
f 2216/2216/2216 2219/2219/2219 2215/2215/2215
f 2218/2218/2218 2215/2215/2215 2219/2219/2219
f 2217/2217/2217 2220/2220/2220 2113/2113/2113
f 2220/2220/2220 2114/2114/2114 2113/2113/2113
f 2220/2220/2220 2145/2145/2145 2114/2114/2114
f 2218/2218/2218 2221/2221/2221 2217/2217/2217
f 2220/2220/2220 2217/2217/2217 2221/2221/2221
f 2145/2145/2145 2220/2220/2220 2222/2222/2222
f 2221/2221/2221 2222/2222/2222 2220/2220/2220
f 2222/2222/2222 2146/2146/2146 2145/2145/2145
f 2146/2146/2146 2222/2222/2222 2150/2150/2150
f 2223/2223/2223 2150/2150/2150 2222/2222/2222
f 2222/2222/2222 2221/2221/2221 2223/2223/2223
f 2160/2160/2160 2150/2150/2150 2223/2223/2223
f 2221/2221/2221 2218/2218/2218 2224/2224/2224
f 2224/2224/2224 2223/2223/2223 2221/2221/2221
f 2219/2219/2219 2224/2224/2224 2218/2218/2218
f 2225/2225/2225 2160/2160/2160 2223/2223/2223
f 2225/2225/2225 2223/2223/2223 2224/2224/2224
f 2161/2161/2161 2160/2160/2160 2225/2225/2225
f 2226/2226/2226 2224/2224/2224 2219/2219/2219
f 2226/2226/2226 2225/2225/2225 2224/2224/2224
f 2227/2227/2227 2161/2161/2161 2225/2225/2225
f 2227/2227/2227 2225/2225/2225 2226/2226/2226
f 2161/2161/2161 2227/2227/2227 2165/2165/2165
f 2228/2228/2228 2226/2226/2226 2219/2219/2219
f 2228/2228/2228 2219/2219/2219 2216/2216/2216
f 2229/2229/2229 2227/2227/2227 2226/2226/2226
f 2229/2229/2229 2226/2226/2226 2228/2228/2228
f 2230/2230/2230 2165/2165/2165 2227/2227/2227
f 2227/2227/2227 2229/2229/2229 2230/2230/2230
f 2231/2231/2231 2228/2228/2228 2216/2216/2216
f 2231/2231/2231 2216/2216/2216 2211/2211/2211
f 2232/2232/2232 2229/2229/2229 2228/2228/2228
f 2232/2232/2232 2228/2228/2228 2231/2231/2231
f 2233/2233/2233 2231/2231/2231 2211/2211/2211
f 2233/2233/2233 2211/2211/2211 2207/2207/2207
f 2205/2205/2205 2233/2233/2233 2207/2207/2207
f 2203/2203/2203 2233/2233/2233 2205/2205/2205
f 2234/2234/2234 2231/2231/2231 2233/2233/2233
f 2203/2203/2203 2234/2234/2234 2233/2233/2233
f 2234/2234/2234 2232/2232/2232 2231/2231/2231
f 2234/2234/2234 2203/2203/2203 2235/2235/2235
f 2199/2199/2199 2235/2235/2235 2203/2203/2203
f 2235/2235/2235 2199/2199/2199 2198/2198/2198
f 2232/2232/2232 2234/2234/2234 2236/2236/2236
f 2235/2235/2235 2236/2236/2236 2234/2234/2234
f 2198/2198/2198 2237/2237/2237 2235/2235/2235
f 2236/2236/2236 2235/2235/2235 2237/2237/2237
f 2190/2190/2190 2237/2237/2237 2198/2198/2198
f 2190/2190/2190 2186/2186/2186 2237/2237/2237
f 2186/2186/2186 2238/2238/2238 2237/2237/2237
f 2237/2237/2237 2238/2238/2238 2236/2236/2236
f 2186/2186/2186 2182/2182/2182 2238/2238/2238
f 2236/2236/2236 2239/2239/2239 2232/2232/2232
f 2239/2239/2239 2236/2236/2236 2238/2238/2238
f 2229/2229/2229 2232/2232/2232 2239/2239/2239
f 2239/2239/2239 2230/2230/2230 2229/2229/2229
f 2182/2182/2182 2240/2240/2240 2238/2238/2238
f 2238/2238/2238 2240/2240/2240 2239/2239/2239
f 2230/2230/2230 2239/2239/2239 2240/2240/2240
f 2182/2182/2182 2175/2175/2175 2240/2240/2240
f 2240/2240/2240 2241/2241/2241 2230/2230/2230
f 2175/2175/2175 2241/2241/2241 2240/2240/2240
f 2165/2165/2165 2230/2230/2230 2241/2241/2241
f 2175/2175/2175 2168/2168/2168 2241/2241/2241
f 2241/2241/2241 2162/2162/2162 2165/2165/2165
f 2168/2168/2168 2162/2162/2162 2241/2241/2241
f 2244/2244/2244 2243/2243/2243 2242/2242/2242
f 2245/2245/2245 2242/2242/2242 2243/2243/2243
f 2243/2243/2243 2246/2246/2246 2245/2245/2245
f 2247/2247/2247 2242/2242/2242 2245/2245/2245
f 2248/2248/2248 2245/2245/2245 2246/2246/2246
f 2246/2246/2246 2249/2249/2249 2248/2248/2248
f 2245/2245/2245 2250/2250/2250 2247/2247/2247
f 2250/2250/2250 2245/2245/2245 2248/2248/2248
f 2250/2250/2250 2251/2251/2251 2247/2247/2247
f 2252/2252/2252 2248/2248/2248 2249/2249/2249
f 2249/2249/2249 2253/2253/2253 2252/2252/2252
f 2248/2248/2248 2254/2254/2254 2250/2250/2250
f 2254/2254/2254 2248/2248/2248 2252/2252/2252
f 2255/2255/2255 2251/2251/2251 2250/2250/2250
f 2254/2254/2254 2255/2255/2255 2250/2250/2250
f 2255/2255/2255 2256/2256/2256 2251/2251/2251
f 2257/2257/2257 2252/2252/2252 2253/2253/2253
f 2253/2253/2253 2258/2258/2258 2257/2257/2257
f 2252/2252/2252 2259/2259/2259 2254/2254/2254
f 2259/2259/2259 2252/2252/2252 2257/2257/2257
f 2260/2260/2260 2255/2255/2255 2254/2254/2254
f 2259/2259/2259 2260/2260/2260 2254/2254/2254
f 2261/2261/2261 2256/2256/2256 2255/2255/2255
f 2260/2260/2260 2261/2261/2261 2255/2255/2255
f 2261/2261/2261 2262/2262/2262 2256/2256/2256
f 2263/2263/2263 2260/2260/2260 2259/2259/2259
f 2264/2264/2264 2262/2262/2262 2261/2261/2261
f 2264/2264/2264 2265/2265/2265 2262/2262/2262
f 2266/2266/2266 2261/2261/2261 2260/2260/2260
f 2266/2266/2266 2264/2264/2264 2261/2261/2261
f 2263/2263/2263 2266/2266/2266 2260/2260/2260
f 2267/2267/2267 2265/2265/2265 2264/2264/2264
f 2267/2267/2267 2268/2268/2268 2265/2265/2265
f 2269/2269/2269 2264/2264/2264 2266/2266/2266
f 2269/2269/2269 2267/2267/2267 2264/2264/2264
f 2270/2270/2270 2268/2268/2268 2267/2267/2267
f 2270/2270/2270 2271/2271/2271 2268/2268/2268
f 2272/2272/2272 2267/2267/2267 2269/2269/2269
f 2272/2272/2272 2270/2270/2270 2267/2267/2267
f 2273/2273/2273 2269/2269/2269 2266/2266/2266
f 2273/2273/2273 2266/2266/2266 2263/2263/2263
f 2274/2274/2274 2272/2272/2272 2269/2269/2269
f 2274/2274/2274 2269/2269/2269 2273/2273/2273
f 2275/2275/2275 2270/2270/2270 2272/2272/2272
f 2276/2276/2276 2271/2271/2271 2270/2270/2270
f 2275/2275/2275 2276/2276/2276 2270/2270/2270
f 2276/2276/2276 2277/2277/2277 2271/2271/2271
f 2278/2278/2278 2275/2275/2275 2272/2272/2272
f 2278/2278/2278 2272/2272/2272 2274/2274/2274
f 2279/2279/2279 2277/2277/2277 2276/2276/2276
f 2277/2277/2277 2279/2279/2279 2280/2280/2280
f 2281/2281/2281 2276/2276/2276 2275/2275/2275
f 2281/2281/2281 2279/2279/2279 2276/2276/2276
f 2282/2282/2282 2280/2280/2280 2279/2279/2279
f 2280/2280/2280 2282/2282/2282 2283/2283/2283
f 2284/2284/2284 2279/2279/2279 2281/2281/2281
f 2279/2279/2279 2284/2284/2284 2282/2282/2282
f 2285/2285/2285 2281/2281/2281 2275/2275/2275
f 2285/2285/2285 2275/2275/2275 2278/2278/2278
f 2286/2286/2286 2283/2283/2283 2282/2282/2282
f 2283/2283/2283 2286/2286/2286 2287/2287/2287
f 2288/2288/2288 2282/2282/2282 2284/2284/2284
f 2282/2282/2282 2288/2288/2288 2286/2286/2286
f 2289/2289/2289 2284/2284/2284 2281/2281/2281
f 2289/2289/2289 2281/2281/2281 2285/2285/2285
f 2290/2290/2290 2287/2287/2287 2286/2286/2286
f 2287/2287/2287 2290/2290/2290 2291/2291/2291
f 2292/2292/2292 2291/2291/2291 2290/2290/2290
f 2286/2286/2286 2293/2293/2293 2290/2290/2290
f 2293/2293/2293 2286/2286/2286 2288/2288/2288
f 2290/2290/2290 2294/2294/2294 2292/2292/2292
f 2294/2294/2294 2290/2290/2290 2293/2293/2293
f 2295/2295/2295 2292/2292/2292 2294/2294/2294
f 2288/2288/2288 2296/2296/2296 2293/2293/2293
f 2294/2294/2294 2297/2297/2297 2295/2295/2295
f 2298/2298/2298 2295/2295/2295 2297/2297/2297
f 2293/2293/2293 2299/2299/2299 2294/2294/2294
f 2297/2297/2297 2294/2294/2294 2299/2299/2299
f 2299/2299/2299 2293/2293/2293 2296/2296/2296
f 2297/2297/2297 2300/2300/2300 2298/2298/2298
f 2301/2301/2301 2298/2298/2298 2300/2300/2300
f 2299/2299/2299 2302/2302/2302 2297/2297/2297
f 2300/2300/2300 2297/2297/2297 2302/2302/2302
f 2296/2296/2296 2303/2303/2303 2299/2299/2299
f 2302/2302/2302 2299/2299/2299 2303/2303/2303
f 2300/2300/2300 2304/2304/2304 2301/2301/2301
f 2305/2305/2305 2301/2301/2301 2304/2304/2304
f 2302/2302/2302 2306/2306/2306 2300/2300/2300
f 2304/2304/2304 2300/2300/2300 2306/2306/2306
f 2303/2303/2303 2307/2307/2307 2302/2302/2302
f 2306/2306/2306 2302/2302/2302 2307/2307/2307
f 2304/2304/2304 2308/2308/2308 2305/2305/2305
f 2309/2309/2309 2305/2305/2305 2308/2308/2308
f 2306/2306/2306 2310/2310/2310 2304/2304/2304
f 2308/2308/2308 2304/2304/2304 2310/2310/2310
f 2307/2307/2307 2311/2311/2311 2306/2306/2306
f 2310/2310/2310 2306/2306/2306 2311/2311/2311
f 2308/2308/2308 2312/2312/2312 2309/2309/2309
f 2313/2313/2313 2309/2309/2309 2312/2312/2312
f 2310/2310/2310 2314/2314/2314 2308/2308/2308
f 2312/2312/2312 2308/2308/2308 2314/2314/2314
f 2311/2311/2311 2315/2315/2315 2310/2310/2310
f 2314/2314/2314 2310/2310/2310 2315/2315/2315
f 2312/2312/2312 2316/2316/2316 2313/2313/2313
f 2317/2317/2317 2313/2313/2313 2316/2316/2316
f 2314/2314/2314 2318/2318/2318 2312/2312/2312
f 2316/2316/2316 2312/2312/2312 2318/2318/2318
f 2315/2315/2315 2319/2319/2319 2314/2314/2314
f 2318/2318/2318 2314/2314/2314 2319/2319/2319
f 2316/2316/2316 2320/2320/2320 2317/2317/2317
f 2321/2321/2321 2317/2317/2317 2320/2320/2320
f 2318/2318/2318 2322/2322/2322 2316/2316/2316
f 2320/2320/2320 2316/2316/2316 2322/2322/2322
f 2319/2319/2319 2323/2323/2323 2318/2318/2318
f 2322/2322/2322 2318/2318/2318 2323/2323/2323
f 2320/2320/2320 2324/2324/2324 2321/2321/2321
f 2325/2325/2325 2321/2321/2321 2324/2324/2324
f 2322/2322/2322 2326/2326/2326 2320/2320/2320
f 2324/2324/2324 2320/2320/2320 2326/2326/2326
f 2323/2323/2323 2327/2327/2327 2322/2322/2322
f 2326/2326/2326 2322/2322/2322 2327/2327/2327
f 2324/2324/2324 2328/2328/2328 2325/2325/2325
f 2329/2329/2329 2325/2325/2325 2328/2328/2328
f 2326/2326/2326 2330/2330/2330 2324/2324/2324
f 2328/2328/2328 2324/2324/2324 2330/2330/2330
f 2327/2327/2327 2331/2331/2331 2326/2326/2326
f 2330/2330/2330 2326/2326/2326 2331/2331/2331
f 2328/2328/2328 2332/2332/2332 2329/2329/2329
f 2333/2333/2333 2329/2329/2329 2332/2332/2332
f 2330/2330/2330 2334/2334/2334 2328/2328/2328
f 2332/2332/2332 2328/2328/2328 2334/2334/2334
f 2331/2331/2331 2335/2335/2335 2330/2330/2330
f 2334/2334/2334 2330/2330/2330 2335/2335/2335
f 2332/2332/2332 2336/2336/2336 2333/2333/2333
f 2337/2337/2337 2333/2333/2333 2336/2336/2336
f 2339/2339/2339 2337/2337/2337 2338/2338/2338
f 2336/2336/2336 2338/2338/2338 2337/2337/2337
f 2338/2338/2338 2336/2336/2336 2340/2340/2340
f 2336/2336/2336 2332/2332/2332 2341/2341/2341
f 2341/2341/2341 2340/2340/2340 2336/2336/2336
f 2334/2334/2334 2341/2341/2341 2332/2332/2332
f 2340/2340/2340 2341/2341/2341 2342/2342/2342
f 2341/2341/2341 2334/2334/2334 2343/2343/2343
f 2343/2343/2343 2342/2342/2342 2341/2341/2341
f 2335/2335/2335 2343/2343/2343 2334/2334/2334
f 2342/2342/2342 2343/2343/2343 2344/2344/2344
f 2345/2345/2345 2344/2344/2344 2343/2343/2343
f 2343/2343/2343 2335/2335/2335 2345/2345/2345
f 2344/2344/2344 2345/2345/2345 2346/2346/2346
f 2347/2347/2347 2345/2345/2345 2335/2335/2335
f 2335/2335/2335 2331/2331/2331 2347/2347/2347
f 2348/2348/2348 2346/2346/2346 2345/2345/2345
f 2345/2345/2345 2347/2347/2347 2348/2348/2348
f 2346/2346/2346 2348/2348/2348 2349/2349/2349
f 2350/2350/2350 2347/2347/2347 2331/2331/2331
f 2331/2331/2331 2327/2327/2327 2350/2350/2350
f 2351/2351/2351 2348/2348/2348 2347/2347/2347
f 2347/2347/2347 2350/2350/2350 2351/2351/2351
f 2352/2352/2352 2349/2349/2349 2348/2348/2348
f 2348/2348/2348 2351/2351/2351 2352/2352/2352
f 2349/2349/2349 2352/2352/2352 2353/2353/2353
f 2354/2354/2354 2350/2350/2350 2327/2327/2327
f 2327/2327/2327 2323/2323/2323 2354/2354/2354
f 2355/2355/2355 2353/2353/2353 2352/2352/2352
f 2353/2353/2353 2355/2355/2355 2356/2356/2356
f 2357/2357/2357 2352/2352/2352 2351/2351/2351
f 2352/2352/2352 2357/2357/2357 2355/2355/2355
f 2358/2358/2358 2351/2351/2351 2350/2350/2350
f 2351/2351/2351 2358/2358/2358 2357/2357/2357
f 2350/2350/2350 2354/2354/2354 2358/2358/2358
f 2359/2359/2359 2356/2356/2356 2355/2355/2355
f 2356/2356/2356 2359/2359/2359 2360/2360/2360
f 2361/2361/2361 2355/2355/2355 2357/2357/2357
f 2355/2355/2355 2361/2361/2361 2359/2359/2359
f 2362/2362/2362 2357/2357/2357 2358/2358/2358
f 2357/2357/2357 2362/2362/2362 2361/2361/2361
f 2363/2363/2363 2360/2360/2360 2359/2359/2359
f 2360/2360/2360 2363/2363/2363 2364/2364/2364
f 2365/2365/2365 2359/2359/2359 2361/2361/2361
f 2359/2359/2359 2365/2365/2365 2363/2363/2363
f 2366/2366/2366 2364/2364/2364 2363/2363/2363
f 2364/2364/2364 2366/2366/2366 2367/2367/2367
f 2368/2368/2368 2363/2363/2363 2365/2365/2365
f 2363/2363/2363 2368/2368/2368 2366/2366/2366
f 2361/2361/2361 2369/2369/2369 2365/2365/2365
f 2369/2369/2369 2361/2361/2361 2362/2362/2362
f 2367/2367/2367 2366/2366/2366 2370/2370/2370
f 2371/2371/2371 2367/2367/2367 2370/2370/2370
f 2372/2372/2372 2366/2366/2366 2368/2368/2368
f 2366/2366/2366 2372/2372/2372 2370/2370/2370
f 2365/2365/2365 2373/2373/2373 2368/2368/2368
f 2373/2373/2373 2365/2365/2365 2369/2369/2369
f 2368/2368/2368 2374/2374/2374 2372/2372/2372
f 2374/2374/2374 2368/2368/2368 2373/2373/2373
f 2370/2370/2370 2372/2372/2372 2375/2375/2375
f 2370/2370/2370 2376/2376/2376 2371/2371/2371
f 2376/2376/2376 2370/2370/2370 2375/2375/2375
f 2377/2377/2377 2371/2371/2371 2376/2376/2376
f 2376/2376/2376 2378/2378/2378 2377/2377/2377
f 2378/2378/2378 2376/2376/2376 2379/2379/2379
f 2375/2375/2375 2379/2379/2379 2376/2376/2376
f 2379/2379/2379 2380/2380/2380 2378/2378/2378
f 2372/2372/2372 2381/2381/2381 2375/2375/2375
f 2381/2381/2381 2372/2372/2372 2374/2374/2374
f 2379/2379/2379 2375/2375/2375 2382/2382/2382
f 2375/2375/2375 2381/2381/2381 2382/2382/2382
f 2380/2380/2380 2379/2379/2379 2383/2383/2383
f 2382/2382/2382 2383/2383/2383 2379/2379/2379
f 2383/2383/2383 2384/2384/2384 2380/2380/2380
f 2381/2381/2381 2385/2385/2385 2382/2382/2382
f 2384/2384/2384 2383/2383/2383 2386/2386/2386
f 2386/2386/2386 2387/2387/2387 2384/2384/2384
f 2383/2383/2383 2382/2382/2382 2388/2388/2388
f 2388/2388/2388 2386/2386/2386 2383/2383/2383
f 2382/2382/2382 2385/2385/2385 2388/2388/2388
f 2386/2386/2386 2389/2389/2389 2387/2387/2387
f 2389/2389/2389 2390/2390/2390 2387/2387/2387
f 2388/2388/2388 2391/2391/2391 2386/2386/2386
f 2391/2391/2391 2389/2389/2389 2386/2386/2386
f 2385/2385/2385 2392/2392/2392 2388/2388/2388
f 2391/2391/2391 2388/2388/2388 2392/2392/2392
f 2389/2389/2389 2393/2393/2393 2390/2390/2390
f 2394/2394/2394 2390/2390/2390 2393/2393/2393
f 2389/2389/2389 2391/2391/2391 2395/2395/2395
f 2395/2395/2395 2393/2393/2393 2389/2389/2389
f 2392/2392/2392 2396/2396/2396 2391/2391/2391
f 2395/2395/2395 2391/2391/2391 2396/2396/2396
f 2394/2394/2394 2393/2393/2393 2397/2397/2397
f 2397/2397/2397 2398/2398/2398 2394/2394/2394
f 2393/2393/2393 2395/2395/2395 2399/2399/2399
f 2399/2399/2399 2397/2397/2397 2393/2393/2393
f 2396/2396/2396 2400/2400/2400 2395/2395/2395
f 2395/2395/2395 2400/2400/2400 2399/2399/2399
f 2398/2398/2398 2397/2397/2397 2401/2401/2401
f 2401/2401/2401 2402/2402/2402 2398/2398/2398
f 2397/2397/2397 2399/2399/2399 2403/2403/2403
f 2403/2403/2403 2401/2401/2401 2397/2397/2397
f 2400/2400/2400 2404/2404/2404 2399/2399/2399
f 2399/2399/2399 2404/2404/2404 2403/2403/2403
f 2401/2401/2401 2405/2405/2405 2402/2402/2402
f 2258/2258/2258 2402/2402/2402 2405/2405/2405
f 2405/2405/2405 2257/2257/2257 2258/2258/2258
f 2401/2401/2401 2403/2403/2403 2406/2406/2406
f 2406/2406/2406 2405/2405/2405 2401/2401/2401
f 2407/2407/2407 2257/2257/2257 2405/2405/2405
f 2405/2405/2405 2406/2406/2406 2407/2407/2407
f 2257/2257/2257 2407/2407/2407 2259/2259/2259
f 2407/2407/2407 2263/2263/2263 2259/2259/2259
f 2408/2408/2408 2263/2263/2263 2407/2407/2407
f 2407/2407/2407 2406/2406/2406 2408/2408/2408
f 2408/2408/2408 2273/2273/2273 2263/2263/2263
f 2406/2406/2406 2403/2403/2403 2409/2409/2409
f 2409/2409/2409 2408/2408/2408 2406/2406/2406
f 2404/2404/2404 2409/2409/2409 2403/2403/2403
f 2410/2410/2410 2273/2273/2273 2408/2408/2408
f 2408/2408/2408 2409/2409/2409 2410/2410/2410
f 2410/2410/2410 2274/2274/2274 2273/2273/2273
f 2409/2409/2409 2404/2404/2404 2411/2411/2411
f 2411/2411/2411 2410/2410/2410 2409/2409/2409
f 2412/2412/2412 2274/2274/2274 2410/2410/2410
f 2410/2410/2410 2411/2411/2411 2412/2412/2412
f 2412/2412/2412 2278/2278/2278 2274/2274/2274
f 2413/2413/2413 2411/2411/2411 2404/2404/2404
f 2400/2400/2400 2413/2413/2413 2404/2404/2404
f 2414/2414/2414 2412/2412/2412 2411/2411/2411
f 2411/2411/2411 2413/2413/2413 2414/2414/2414
f 2415/2415/2415 2278/2278/2278 2412/2412/2412
f 2412/2412/2412 2414/2414/2414 2415/2415/2415
f 2415/2415/2415 2285/2285/2285 2278/2278/2278
f 2416/2416/2416 2413/2413/2413 2400/2400/2400
f 2396/2396/2396 2416/2416/2416 2400/2400/2400
f 2417/2417/2417 2414/2414/2414 2413/2413/2413
f 2416/2416/2416 2417/2417/2417 2413/2413/2413
f 2418/2418/2418 2415/2415/2415 2414/2414/2414
f 2414/2414/2414 2417/2417/2417 2418/2418/2418
f 2419/2419/2419 2285/2285/2285 2415/2415/2415
f 2415/2415/2415 2418/2418/2418 2419/2419/2419
f 2419/2419/2419 2289/2289/2289 2285/2285/2285
f 2420/2420/2420 2418/2418/2418 2417/2417/2417
f 2421/2421/2421 2419/2419/2419 2418/2418/2418
f 2418/2418/2418 2420/2420/2420 2421/2421/2421
f 2422/2422/2422 2289/2289/2289 2419/2419/2419
f 2419/2419/2419 2421/2421/2421 2422/2422/2422
f 2423/2423/2423 2420/2420/2420 2417/2417/2417
f 2423/2423/2423 2417/2417/2417 2416/2416/2416
f 2424/2424/2424 2421/2421/2421 2420/2420/2420
f 2425/2425/2425 2423/2423/2423 2416/2416/2416
f 2425/2425/2425 2416/2416/2416 2396/2396/2396
f 2396/2396/2396 2392/2392/2392 2425/2425/2425
f 2426/2426/2426 2420/2420/2420 2423/2423/2423
f 2426/2426/2426 2424/2424/2424 2420/2420/2420
f 2427/2427/2427 2423/2423/2423 2425/2425/2425
f 2427/2427/2427 2426/2426/2426 2423/2423/2423
f 2428/2428/2428 2425/2425/2425 2392/2392/2392
f 2425/2425/2425 2428/2428/2428 2427/2427/2427
f 2392/2392/2392 2385/2385/2385 2428/2428/2428
f 2429/2429/2429 2426/2426/2426 2427/2427/2427
f 2430/2430/2430 2428/2428/2428 2385/2385/2385
f 2385/2385/2385 2381/2381/2381 2430/2430/2430
f 2374/2374/2374 2430/2430/2430 2381/2381/2381
f 2431/2431/2431 2427/2427/2427 2428/2428/2428
f 2428/2428/2428 2430/2430/2430 2431/2431/2431
f 2427/2427/2427 2431/2431/2431 2429/2429/2429
f 2430/2430/2430 2374/2374/2374 2432/2432/2432
f 2432/2432/2432 2431/2431/2431 2430/2430/2430
f 2373/2373/2373 2432/2432/2432 2374/2374/2374
f 2431/2431/2431 2432/2432/2432 2433/2433/2433
f 2433/2433/2433 2429/2429/2429 2431/2431/2431
f 2432/2432/2432 2373/2373/2373 2434/2434/2434
f 2434/2434/2434 2433/2433/2433 2432/2432/2432
f 2369/2369/2369 2434/2434/2434 2373/2373/2373
f 2429/2429/2429 2433/2433/2433 2435/2435/2435
f 2434/2434/2434 2369/2369/2369 2436/2436/2436
f 2362/2362/2362 2436/2436/2436 2369/2369/2369
f 2433/2433/2433 2434/2434/2434 2437/2437/2437
f 2436/2436/2436 2437/2437/2437 2434/2434/2434
f 2437/2437/2437 2435/2435/2435 2433/2433/2433
f 2436/2436/2436 2362/2362/2362 2438/2438/2438
f 2358/2358/2358 2438/2438/2438 2362/2362/2362
f 2438/2438/2438 2358/2358/2358 2354/2354/2354
f 2437/2437/2437 2436/2436/2436 2439/2439/2439
f 2438/2438/2438 2439/2439/2439 2436/2436/2436
f 2354/2354/2354 2440/2440/2440 2438/2438/2438
f 2439/2439/2439 2438/2438/2438 2440/2440/2440
f 2440/2440/2440 2354/2354/2354 2323/2323/2323
f 2323/2323/2323 2319/2319/2319 2440/2440/2440
f 2441/2441/2441 2440/2440/2440 2319/2319/2319
f 2440/2440/2440 2441/2441/2441 2439/2439/2439
f 2319/2319/2319 2315/2315/2315 2441/2441/2441
f 2439/2439/2439 2442/2442/2442 2437/2437/2437
f 2442/2442/2442 2439/2439/2439 2441/2441/2441
f 2435/2435/2435 2437/2437/2437 2442/2442/2442
f 2443/2443/2443 2441/2441/2441 2315/2315/2315
f 2441/2441/2441 2443/2443/2443 2442/2442/2442
f 2315/2315/2315 2311/2311/2311 2443/2443/2443
f 2442/2442/2442 2444/2444/2444 2435/2435/2435
f 2442/2442/2442 2443/2443/2443 2444/2444/2444
f 2445/2445/2445 2443/2443/2443 2311/2311/2311
f 2443/2443/2443 2445/2445/2445 2444/2444/2444
f 2311/2311/2311 2307/2307/2307 2445/2445/2445
f 2435/2435/2435 2444/2444/2444 2446/2446/2446
f 2435/2435/2435 2446/2446/2446 2429/2429/2429
f 2429/2429/2429 2446/2446/2446 2426/2426/2426
f 2446/2446/2446 2424/2424/2424 2426/2426/2426
f 2444/2444/2444 2447/2447/2447 2446/2446/2446
f 2446/2446/2446 2447/2447/2447 2424/2424/2424
f 2444/2444/2444 2445/2445/2445 2447/2447/2447
f 2448/2448/2448 2445/2445/2445 2307/2307/2307
f 2445/2445/2445 2448/2448/2448 2447/2447/2447
f 2307/2307/2307 2303/2303/2303 2448/2448/2448
f 2447/2447/2447 2449/2449/2449 2424/2424/2424
f 2449/2449/2449 2447/2447/2447 2448/2448/2448
f 2421/2421/2421 2424/2424/2424 2449/2449/2449
f 2449/2449/2449 2422/2422/2422 2421/2421/2421
f 2450/2450/2450 2448/2448/2448 2303/2303/2303
f 2448/2448/2448 2450/2450/2450 2449/2449/2449
f 2422/2422/2422 2449/2449/2449 2450/2450/2450
f 2303/2303/2303 2296/2296/2296 2450/2450/2450
f 2450/2450/2450 2451/2451/2451 2422/2422/2422
f 2451/2451/2451 2450/2450/2450 2296/2296/2296
f 2422/2422/2422 2451/2451/2451 2289/2289/2289
f 2296/2296/2296 2288/2288/2288 2451/2451/2451
f 2451/2451/2451 2284/2284/2284 2289/2289/2289
f 2284/2284/2284 2451/2451/2451 2288/2288/2288
f 2454/2454/2454 2453/2453/2453 2452/2452/2452
f 2454/2454/2454 2455/2455/2455 2453/2453/2453
f 2456/2456/2456 2455/2455/2455 2454/2454/2454
f 2455/2455/2455 2456/2456/2456 2457/2457/2457
f 2458/2458/2458 2457/2457/2457 2456/2456/2456
f 2459/2459/2459 2457/2457/2457 2458/2458/2458
f 2460/2460/2460 2459/2459/2459 2458/2458/2458
f 2461/2461/2461 2459/2459/2459 2460/2460/2460
f 2462/2462/2462 2461/2461/2461 2460/2460/2460
f 2463/2463/2463 2461/2461/2461 2462/2462/2462
f 2464/2464/2464 2463/2463/2463 2462/2462/2462
f 2465/2465/2465 2463/2463/2463 2464/2464/2464
f 2465/2465/2465 2464/2464/2464 2466/2466/2466
f 2467/2467/2467 2466/2466/2466 2464/2464/2464
f 2466/2466/2466 2467/2467/2467 2468/2468/2468
f 2469/2469/2469 2468/2468/2468 2467/2467/2467
f 2468/2468/2468 2469/2469/2469 2470/2470/2470
f 2471/2471/2471 2470/2470/2470 2469/2469/2469
f 2470/2470/2470 2471/2471/2471 2472/2472/2472
f 2473/2473/2473 2472/2472/2472 2471/2471/2471
f 2472/2472/2472 2473/2473/2473 2474/2474/2474
f 2475/2475/2475 2474/2474/2474 2473/2473/2473
f 2474/2474/2474 2475/2475/2475 2476/2476/2476
f 2477/2477/2477 2476/2476/2476 2475/2475/2475
f 2476/2476/2476 2477/2477/2477 2478/2478/2478
f 2479/2479/2479 2478/2478/2478 2477/2477/2477
f 2479/2479/2479 2480/2480/2480 2478/2478/2478
f 2478/2478/2478 2480/2480/2480 2481/2481/2481
f 2480/2480/2480 2482/2482/2482 2481/2481/2481
f 2481/2481/2481 2482/2482/2482 2483/2483/2483
f 2482/2482/2482 2484/2484/2484 2483/2483/2483
f 2485/2485/2485 2483/2483/2483 2484/2484/2484
f 2484/2484/2484 2486/2486/2486 2485/2485/2485
f 2487/2487/2487 2485/2485/2485 2486/2486/2486
f 2487/2487/2487 2486/2486/2486 2488/2488/2488
f 2489/2489/2489 2488/2488/2488 2486/2486/2486
f 2488/2488/2488 2489/2489/2489 2490/2490/2490
f 2491/2491/2491 2490/2490/2490 2489/2489/2489
f 2490/2490/2490 2491/2491/2491 2492/2492/2492
f 2493/2493/2493 2492/2492/2492 2491/2491/2491
f 2492/2492/2492 2493/2493/2493 2494/2494/2494
f 2495/2495/2495 2494/2494/2494 2493/2493/2493
f 2496/2496/2496 2494/2494/2494 2495/2495/2495
f 2494/2494/2494 2496/2496/2496 2497/2497/2497
f 2498/2498/2498 2497/2497/2497 2496/2496/2496
f 2497/2497/2497 2498/2498/2498 2499/2499/2499
f 2500/2500/2500 2499/2499/2499 2498/2498/2498
f 2499/2499/2499 2500/2500/2500 2501/2501/2501
f 2502/2502/2502 2501/2501/2501 2500/2500/2500
f 2501/2501/2501 2502/2502/2502 2503/2503/2503
f 2504/2504/2504 2503/2503/2503 2502/2502/2502
f 2503/2503/2503 2504/2504/2504 2505/2505/2505
f 2505/2505/2505 2504/2504/2504 2506/2506/2506
f 2505/2505/2505 2506/2506/2506 2507/2507/2507
f 2507/2507/2507 2506/2506/2506 2508/2508/2508
f 2507/2507/2507 2508/2508/2508 2509/2509/2509
f 2509/2509/2509 2508/2508/2508 2510/2510/2510
f 2511/2511/2511 2510/2510/2510 2508/2508/2508
f 2510/2510/2510 2511/2511/2511 2512/2512/2512
f 2513/2513/2513 2512/2512/2512 2511/2511/2511
f 2512/2512/2512 2513/2513/2513 2514/2514/2514
f 2515/2515/2515 2514/2514/2514 2513/2513/2513
f 2514/2514/2514 2515/2515/2515 2516/2516/2516
f 2517/2517/2517 2516/2516/2516 2515/2515/2515
f 2516/2516/2516 2517/2517/2517 2518/2518/2518
f 2519/2519/2519 2518/2518/2518 2517/2517/2517
f 2518/2518/2518 2519/2519/2519 2520/2520/2520
f 2521/2521/2521 2520/2520/2520 2519/2519/2519
f 2524/2524/2524 2523/2523/2523 2522/2522/2522
f 2523/2523/2523 2524/2524/2524 2525/2525/2525
f 2525/2525/2525 2526/2526/2526 2523/2523/2523
f 2526/2526/2526 2525/2525/2525 2527/2527/2527
f 2527/2527/2527 2528/2528/2528 2526/2526/2526
f 2528/2528/2528 2527/2527/2527 2529/2529/2529
f 2529/2529/2529 2530/2530/2530 2528/2528/2528
f 2531/2531/2531 2528/2528/2528 2530/2530/2530
f 2531/2531/2531 2530/2530/2530 2532/2532/2532
f 2528/2528/2528 2533/2533/2533 2526/2526/2526
f 2528/2528/2528 2531/2531/2531 2533/2533/2533
f 2532/2532/2532 2534/2534/2534 2531/2531/2531
f 2534/2534/2534 2532/2532/2532 2535/2535/2535
f 2535/2535/2535 2536/2536/2536 2534/2534/2534
f 2531/2531/2531 2534/2534/2534 2537/2537/2537
f 2537/2537/2537 2533/2533/2533 2531/2531/2531
f 2534/2534/2534 2536/2536/2536 2538/2538/2538
f 2539/2539/2539 2538/2538/2538 2536/2536/2536
f 2538/2538/2538 2537/2537/2537 2534/2534/2534
f 2526/2526/2526 2533/2533/2533 2540/2540/2540
f 2540/2540/2540 2541/2541/2541 2526/2526/2526
f 2533/2533/2533 2537/2537/2537 2542/2542/2542
f 2542/2542/2542 2540/2540/2540 2533/2533/2533
f 2537/2537/2537 2538/2538/2538 2543/2543/2543
f 2543/2543/2543 2542/2542/2542 2537/2537/2537
f 2544/2544/2544 2543/2543/2543 2538/2538/2538
f 2538/2538/2538 2545/2545/2545 2544/2544/2544
f 2546/2546/2546 2544/2544/2544 2545/2545/2545
f 2542/2542/2542 2543/2543/2543 2547/2547/2547
f 2548/2548/2548 2540/2540/2540 2542/2542/2542
f 2548/2548/2548 2542/2542/2542 2547/2547/2547
f 2541/2541/2541 2540/2540/2540 2549/2549/2549
f 2548/2548/2548 2549/2549/2549 2540/2540/2540
f 2549/2549/2549 2550/2550/2550 2541/2541/2541
f 2550/2550/2550 2549/2549/2549 2551/2551/2551
f 2552/2552/2552 2551/2551/2551 2549/2549/2549
f 2552/2552/2552 2549/2549/2549 2548/2548/2548
f 2551/2551/2551 2552/2552/2552 2553/2553/2553
f 2552/2552/2552 2548/2548/2548 2554/2554/2554
f 2554/2554/2554 2548/2548/2548 2547/2547/2547
f 2555/2555/2555 2552/2552/2552 2554/2554/2554
f 2556/2556/2556 2552/2552/2552 2555/2555/2555
f 2557/2557/2557 2556/2556/2556 2555/2555/2555
f 2559/2559/2559 2557/2557/2557 2558/2558/2558
f 2557/2557/2557 2555/2555/2555 2558/2558/2558
f 2558/2558/2558 2555/2555/2555 2560/2560/2560
f 2555/2555/2555 2554/2554/2554 2560/2560/2560
f 2560/2560/2560 2554/2554/2554 2561/2561/2561
f 2554/2554/2554 2547/2547/2547 2561/2561/2561
f 2547/2547/2547 2562/2562/2562 2561/2561/2561
f 2562/2562/2562 2547/2547/2547 2543/2543/2543
f 2563/2563/2563 2561/2561/2561 2562/2562/2562
f 2543/2543/2543 2564/2564/2564 2562/2562/2562
f 2562/2562/2562 2565/2565/2565 2563/2563/2563
f 2565/2565/2565 2562/2562/2562 2564/2564/2564
f 2564/2564/2564 2566/2566/2566 2565/2565/2565
f 2567/2567/2567 2563/2563/2563 2565/2565/2565
f 2568/2568/2568 2565/2565/2565 2566/2566/2566
f 2565/2565/2565 2568/2568/2568 2567/2567/2567
f 2569/2569/2569 2567/2567/2567 2568/2568/2568
f 2572/2572/2572 2571/2571/2571 2570/2570/2570
f 2571/2571/2571 2573/2573/2573 2570/2570/2570
f 2570/2570/2570 2573/2573/2573 2574/2574/2574
f 2573/2573/2573 2575/2575/2575 2574/2574/2574
f 2574/2574/2574 2575/2575/2575 2576/2576/2576
f 2577/2577/2577 2576/2576/2576 2575/2575/2575
f 2577/2577/2577 2578/2578/2578 2576/2576/2576
f 2579/2579/2579 2576/2576/2576 2578/2578/2578
f 2578/2578/2578 2580/2580/2580 2579/2579/2579
f 2581/2581/2581 2579/2579/2579 2580/2580/2580
f 2580/2580/2580 2582/2582/2582 2581/2581/2581
f 2583/2583/2583 2581/2581/2581 2582/2582/2582
f 2586/2586/2586 2585/2585/2585 2584/2584/2584
f 2585/2585/2585 2587/2587/2587 2584/2584/2584
f 2584/2584/2584 2587/2587/2587 2588/2588/2588
f 2587/2587/2587 2589/2589/2589 2588/2588/2588
f 2588/2588/2588 2589/2589/2589 2590/2590/2590
f 2589/2589/2589 2591/2591/2591 2590/2590/2590
f 2591/2591/2591 2592/2592/2592 2590/2590/2590
f 2593/2593/2593 2590/2590/2590 2592/2592/2592
f 2592/2592/2592 2594/2594/2594 2593/2593/2593
f 2595/2595/2595 2593/2593/2593 2594/2594/2594
f 2594/2594/2594 2596/2596/2596 2595/2595/2595
f 2597/2597/2597 2595/2595/2595 2596/2596/2596
f 2592/2592/2592 2591/2591/2591 2598/2598/2598
f 2598/2598/2598 2599/2599/2599 2592/2592/2592
f 2600/2600/2600 2592/2592/2592 2599/2599/2599
f 2599/2599/2599 2601/2601/2601 2600/2600/2600
f 2602/2602/2602 2600/2600/2600 2601/2601/2601
f 2603/2603/2603 2598/2598/2598 2591/2591/2591
f 2604/2604/2604 2603/2603/2603 2591/2591/2591
f 2589/2589/2589 2604/2604/2604 2591/2591/2591
f 2605/2605/2605 2604/2604/2604 2589/2589/2589
f 2606/2606/2606 2605/2605/2605 2589/2589/2589
f 2607/2607/2607 2605/2605/2605 2606/2606/2606
f 2608/2608/2608 2607/2607/2607 2606/2606/2606
f 2604/2604/2604 2609/2609/2609 2603/2603/2603
f 2610/2610/2610 2609/2609/2609 2604/2604/2604
f 2611/2611/2611 2610/2610/2610 2604/2604/2604
f 2613/2613/2613 2612/2612/2612 2611/2611/2611
f 2612/2612/2612 2610/2610/2610 2611/2611/2611
f 2615/2615/2615 2614/2614/2614 2610/2610/2610
f 2614/2614/2614 2616/2616/2616 2610/2610/2610
f 2610/2610/2610 2616/2616/2616 2609/2609/2609
f 2616/2616/2616 2617/2617/2617 2609/2609/2609
f 2609/2609/2609 2617/2617/2617 2618/2618/2618
f 2618/2618/2618 2603/2603/2603 2609/2609/2609
f 2619/2619/2619 2618/2618/2618 2617/2617/2617
f 2619/2619/2619 2620/2620/2620 2618/2618/2618
f 2618/2618/2618 2621/2621/2621 2603/2603/2603
f 2621/2621/2621 2618/2618/2618 2620/2620/2620
f 2598/2598/2598 2603/2603/2603 2621/2621/2621
f 2620/2620/2620 2622/2622/2622 2621/2621/2621
f 2621/2621/2621 2623/2623/2623 2598/2598/2598
f 2623/2623/2623 2621/2621/2621 2622/2622/2622
f 2622/2622/2622 2624/2624/2624 2623/2623/2623
f 2625/2625/2625 2598/2598/2598 2623/2623/2623
f 2626/2626/2626 2623/2623/2623 2624/2624/2624
f 2623/2623/2623 2626/2626/2626 2625/2625/2625
f 2627/2627/2627 2625/2625/2625 2626/2626/2626
f 2630/2630/2630 2629/2629/2629 2628/2628/2628
f 2629/2629/2629 2631/2631/2631 2628/2628/2628
f 2628/2628/2628 2631/2631/2631 2632/2632/2632
f 2631/2631/2631 2633/2633/2633 2632/2632/2632
f 2632/2632/2632 2633/2633/2633 2634/2634/2634
f 2633/2633/2633 2635/2635/2635 2634/2634/2634
f 2635/2635/2635 2636/2636/2636 2634/2634/2634
f 2637/2637/2637 2634/2634/2634 2636/2636/2636
f 2636/2636/2636 2638/2638/2638 2637/2637/2637
f 2639/2639/2639 2637/2637/2637 2638/2638/2638
f 2638/2638/2638 2640/2640/2640 2639/2639/2639
f 2641/2641/2641 2639/2639/2639 2640/2640/2640
f 2644/2644/2644 2643/2643/2643 2642/2642/2642
f 2643/2643/2643 2645/2645/2645 2642/2642/2642
f 2642/2642/2642 2645/2645/2645 2646/2646/2646
f 2645/2645/2645 2647/2647/2647 2646/2646/2646
f 2646/2646/2646 2647/2647/2647 2648/2648/2648
f 2649/2649/2649 2648/2648/2648 2647/2647/2647
f 2649/2649/2649 2650/2650/2650 2648/2648/2648
f 2651/2651/2651 2648/2648/2648 2650/2650/2650
f 2650/2650/2650 2652/2652/2652 2651/2651/2651
f 2653/2653/2653 2651/2651/2651 2652/2652/2652
f 2652/2652/2652 2654/2654/2654 2653/2653/2653
f 2655/2655/2655 2653/2653/2653 2654/2654/2654
f 2658/2658/2658 2657/2657/2657 2656/2656/2656
f 2659/2659/2659 2656/2656/2656 2657/2657/2657
f 2657/2657/2657 2660/2660/2660 2659/2659/2659
f 2656/2656/2656 2659/2659/2659 2661/2661/2661
f 2662/2662/2662 2659/2659/2659 2660/2660/2660
f 2660/2660/2660 2663/2663/2663 2662/2662/2662
f 2664/2664/2664 2661/2661/2661 2659/2659/2659
f 2659/2659/2659 2662/2662/2662 2664/2664/2664
f 2661/2661/2661 2664/2664/2664 2665/2665/2665
f 2666/2666/2666 2662/2662/2662 2663/2663/2663
f 2663/2663/2663 2667/2667/2667 2666/2666/2666
f 2668/2668/2668 2664/2664/2664 2662/2662/2662
f 2662/2662/2662 2666/2666/2666 2668/2668/2668
f 2669/2669/2669 2665/2665/2665 2664/2664/2664
f 2664/2664/2664 2668/2668/2668 2669/2669/2669
f 2665/2665/2665 2669/2669/2669 2670/2670/2670
f 2671/2671/2671 2666/2666/2666 2667/2667/2667
f 2667/2667/2667 2672/2672/2672 2671/2671/2671
f 2673/2673/2673 2670/2670/2670 2669/2669/2669
f 2674/2674/2674 2670/2670/2670 2673/2673/2673
f 2675/2675/2675 2669/2669/2669 2668/2668/2668
f 2669/2669/2669 2675/2675/2675 2673/2673/2673
f 2676/2676/2676 2668/2668/2668 2666/2666/2666
f 2668/2668/2668 2676/2676/2676 2675/2675/2675
f 2666/2666/2666 2671/2671/2671 2676/2676/2676
f 2677/2677/2677 2673/2673/2673 2675/2675/2675
f 2678/2678/2678 2675/2675/2675 2676/2676/2676
f 2675/2675/2675 2678/2678/2678 2677/2677/2677
f 2679/2679/2679 2676/2676/2676 2671/2671/2671
f 2676/2676/2676 2679/2679/2679 2678/2678/2678
f 2680/2680/2680 2671/2671/2671 2672/2672/2672
f 2671/2671/2671 2680/2680/2680 2679/2679/2679
f 2672/2672/2672 2681/2681/2681 2680/2680/2680
f 2682/2682/2682 2678/2678/2678 2679/2679/2679
f 2683/2683/2683 2680/2680/2680 2681/2681/2681
f 2681/2681/2681 2684/2684/2684 2683/2683/2683
f 2685/2685/2685 2679/2679/2679 2680/2680/2680
f 2680/2680/2680 2683/2683/2683 2685/2685/2685
f 2679/2679/2679 2685/2685/2685 2682/2682/2682
f 2686/2686/2686 2683/2683/2683 2684/2684/2684
f 2684/2684/2684 2687/2687/2687 2686/2686/2686
f 2688/2688/2688 2685/2685/2685 2683/2683/2683
f 2683/2683/2683 2686/2686/2686 2688/2688/2688
f 2689/2689/2689 2686/2686/2686 2687/2687/2687
f 2687/2687/2687 2690/2690/2690 2689/2689/2689
f 2691/2691/2691 2688/2688/2688 2686/2686/2686
f 2686/2686/2686 2689/2689/2689 2691/2691/2691
f 2685/2685/2685 2688/2688/2688 2692/2692/2692
f 2692/2692/2692 2682/2682/2682 2685/2685/2685
f 2688/2688/2688 2691/2691/2691 2693/2693/2693
f 2693/2693/2693 2692/2692/2692 2688/2688/2688
f 2694/2694/2694 2689/2689/2689 2690/2690/2690
f 2690/2690/2690 2695/2695/2695 2694/2694/2694
f 2696/2696/2696 2691/2691/2691 2689/2689/2689
f 2689/2689/2689 2694/2694/2694 2696/2696/2696
f 2697/2697/2697 2694/2694/2694 2695/2695/2695
f 2695/2695/2695 2698/2698/2698 2697/2697/2697
f 2699/2699/2699 2696/2696/2696 2694/2694/2694
f 2694/2694/2694 2697/2697/2697 2699/2699/2699
f 2691/2691/2691 2696/2696/2696 2700/2700/2700
f 2700/2700/2700 2693/2693/2693 2691/2691/2691
f 2696/2696/2696 2699/2699/2699 2701/2701/2701
f 2701/2701/2701 2700/2700/2700 2696/2696/2696
f 2702/2702/2702 2697/2697/2697 2698/2698/2698
f 2703/2703/2703 2702/2702/2702 2698/2698/2698
f 2704/2704/2704 2699/2699/2699 2697/2697/2697
f 2697/2697/2697 2702/2702/2702 2704/2704/2704
f 2705/2705/2705 2701/2701/2701 2699/2699/2699
f 2699/2699/2699 2704/2704/2704 2705/2705/2705
f 2706/2706/2706 2702/2702/2702 2703/2703/2703
f 2707/2707/2707 2704/2704/2704 2702/2702/2702
f 2702/2702/2702 2706/2706/2706 2707/2707/2707
f 2708/2708/2708 2705/2705/2705 2704/2704/2704
f 2704/2704/2704 2707/2707/2707 2708/2708/2708
f 2706/2706/2706 2703/2703/2703 2709/2709/2709
f 2710/2710/2710 2709/2709/2709 2703/2703/2703
f 2711/2711/2711 2707/2707/2707 2706/2706/2706
f 2709/2709/2709 2710/2710/2710 2712/2712/2712
f 2713/2713/2713 2712/2712/2712 2710/2710/2710
f 2709/2709/2709 2714/2714/2714 2706/2706/2706
f 2711/2711/2711 2706/2706/2706 2714/2714/2714
f 2712/2712/2712 2715/2715/2715 2709/2709/2709
f 2714/2714/2714 2709/2709/2709 2715/2715/2715
f 2716/2716/2716 2712/2712/2712 2713/2713/2713
f 2713/2713/2713 2717/2717/2717 2716/2716/2716
f 2712/2712/2712 2718/2718/2718 2715/2715/2715
f 2718/2718/2718 2712/2712/2712 2716/2716/2716
f 2719/2719/2719 2716/2716/2716 2717/2717/2717
f 2717/2717/2717 2720/2720/2720 2719/2719/2719
f 2716/2716/2716 2721/2721/2721 2718/2718/2718
f 2721/2721/2721 2716/2716/2716 2719/2719/2719
f 2722/2722/2722 2719/2719/2719 2720/2720/2720
f 2723/2723/2723 2722/2722/2722 2720/2720/2720
f 2723/2723/2723 2724/2724/2724 2722/2722/2722
f 2722/2722/2722 2725/2725/2725 2719/2719/2719
f 2719/2719/2719 2725/2725/2725 2721/2721/2721
f 2726/2726/2726 2722/2722/2722 2724/2724/2724
f 2722/2722/2722 2726/2726/2726 2725/2725/2725
f 2724/2724/2724 2727/2727/2727 2726/2726/2726
f 2725/2725/2725 2728/2728/2728 2721/2721/2721
f 2729/2729/2729 2726/2726/2726 2727/2727/2727
f 2727/2727/2727 2730/2730/2730 2729/2729/2729
f 2731/2731/2731 2725/2725/2725 2726/2726/2726
f 2726/2726/2726 2729/2729/2729 2731/2731/2731
f 2725/2725/2725 2731/2731/2731 2728/2728/2728
f 2732/2732/2732 2729/2729/2729 2730/2730/2730
f 2730/2730/2730 2733/2733/2733 2732/2732/2732
f 2734/2734/2734 2731/2731/2731 2729/2729/2729
f 2729/2729/2729 2732/2732/2732 2734/2734/2734
f 2735/2735/2735 2732/2732/2732 2733/2733/2733
f 2733/2733/2733 2736/2736/2736 2735/2735/2735
f 2737/2737/2737 2734/2734/2734 2732/2732/2732
f 2732/2732/2732 2735/2735/2735 2737/2737/2737
f 2731/2731/2731 2734/2734/2734 2738/2738/2738
f 2738/2738/2738 2728/2728/2728 2731/2731/2731
f 2734/2734/2734 2737/2737/2737 2739/2739/2739
f 2739/2739/2739 2738/2738/2738 2734/2734/2734
f 2740/2740/2740 2737/2737/2737 2735/2735/2735
f 2741/2741/2741 2739/2739/2739 2737/2737/2737
f 2737/2737/2737 2740/2740/2740 2741/2741/2741
f 2742/2742/2742 2735/2735/2735 2736/2736/2736
f 2735/2735/2735 2742/2742/2742 2740/2740/2740
f 2743/2743/2743 2742/2742/2742 2736/2736/2736
f 2736/2736/2736 2744/2744/2744 2743/2743/2743
f 2745/2745/2745 2740/2740/2740 2742/2742/2742
f 2743/2743/2743 2744/2744/2744 2746/2746/2746
f 2747/2747/2747 2746/2746/2746 2744/2744/2744
f 2743/2743/2743 2748/2748/2748 2742/2742/2742
f 2745/2745/2745 2742/2742/2742 2748/2748/2748
f 2746/2746/2746 2749/2749/2749 2743/2743/2743
f 2748/2748/2748 2743/2743/2743 2749/2749/2749
f 2746/2746/2746 2747/2747/2747 2750/2750/2750
f 2751/2751/2751 2750/2750/2750 2747/2747/2747
f 2749/2749/2749 2746/2746/2746 2752/2752/2752
f 2750/2750/2750 2752/2752/2752 2746/2746/2746
f 2750/2750/2750 2751/2751/2751 2753/2753/2753
f 2754/2754/2754 2753/2753/2753 2751/2751/2751
f 2752/2752/2752 2750/2750/2750 2755/2755/2755
f 2753/2753/2753 2755/2755/2755 2750/2750/2750
f 2753/2753/2753 2754/2754/2754 2756/2756/2756
f 2757/2757/2757 2756/2756/2756 2754/2754/2754
f 2755/2755/2755 2753/2753/2753 2758/2758/2758
f 2756/2756/2756 2758/2758/2758 2753/2753/2753
f 2756/2756/2756 2757/2757/2757 2759/2759/2759
f 2760/2760/2760 2759/2759/2759 2757/2757/2757
f 2758/2758/2758 2756/2756/2756 2761/2761/2761
f 2759/2759/2759 2761/2761/2761 2756/2756/2756
f 2759/2759/2759 2760/2760/2760 2762/2762/2762
f 2763/2763/2763 2762/2762/2762 2760/2760/2760
f 2761/2761/2761 2759/2759/2759 2764/2764/2764
f 2762/2762/2762 2764/2764/2764 2759/2759/2759
f 2762/2762/2762 2763/2763/2763 2765/2765/2765
f 2766/2766/2766 2765/2765/2765 2763/2763/2763
f 2764/2764/2764 2762/2762/2762 2767/2767/2767
f 2765/2765/2765 2767/2767/2767 2762/2762/2762
f 2765/2765/2765 2766/2766/2766 2768/2768/2768
f 2769/2769/2769 2768/2768/2768 2766/2766/2766
f 2767/2767/2767 2765/2765/2765 2770/2770/2770
f 2768/2768/2768 2770/2770/2770 2765/2765/2765
f 2768/2768/2768 2769/2769/2769 2771/2771/2771
f 2772/2772/2772 2771/2771/2771 2769/2769/2769
f 2770/2770/2770 2768/2768/2768 2773/2773/2773
f 2771/2771/2771 2773/2773/2773 2768/2768/2768
f 2771/2771/2771 2772/2772/2772 2774/2774/2774
f 2775/2775/2775 2774/2774/2774 2772/2772/2772
f 2777/2777/2777 2776/2776/2776 2775/2775/2775
f 2774/2774/2774 2775/2775/2775 2776/2776/2776
f 2776/2776/2776 2778/2778/2778 2774/2774/2774
f 2774/2774/2774 2779/2779/2779 2771/2771/2771
f 2779/2779/2779 2774/2774/2774 2778/2778/2778
f 2773/2773/2773 2771/2771/2771 2779/2779/2779
f 2778/2778/2778 2780/2780/2780 2779/2779/2779
f 2781/2781/2781 2779/2779/2779 2780/2780/2780
f 2779/2779/2779 2781/2781/2781 2773/2773/2773
f 2780/2780/2780 2782/2782/2782 2781/2781/2781
f 2783/2783/2783 2773/2773/2773 2781/2781/2781
f 2773/2773/2773 2783/2783/2783 2770/2770/2770
f 2784/2784/2784 2781/2781/2781 2782/2782/2782
f 2781/2781/2781 2784/2784/2784 2783/2783/2783
f 2785/2785/2785 2784/2784/2784 2782/2782/2782
f 2786/2786/2786 2770/2770/2770 2783/2783/2783
f 2770/2770/2770 2786/2786/2786 2767/2767/2767
f 2787/2787/2787 2783/2783/2783 2784/2784/2784
f 2783/2783/2783 2787/2787/2787 2786/2786/2786
f 2784/2784/2784 2785/2785/2785 2788/2788/2788
f 2784/2784/2784 2788/2788/2788 2787/2787/2787
f 2789/2789/2789 2767/2767/2767 2786/2786/2786
f 2767/2767/2767 2789/2789/2789 2764/2764/2764
f 2790/2790/2790 2786/2786/2786 2787/2787/2787
f 2786/2786/2786 2790/2790/2790 2789/2789/2789
f 2791/2791/2791 2764/2764/2764 2789/2789/2789
f 2764/2764/2764 2791/2791/2791 2761/2761/2761
f 2792/2792/2792 2789/2789/2789 2790/2790/2790
f 2789/2789/2789 2792/2792/2792 2791/2791/2791
f 2787/2787/2787 2793/2793/2793 2790/2790/2790
f 2793/2793/2793 2787/2787/2787 2788/2788/2788
f 2794/2794/2794 2761/2761/2761 2791/2791/2791
f 2761/2761/2761 2794/2794/2794 2758/2758/2758
f 2795/2795/2795 2791/2791/2791 2792/2792/2792
f 2791/2791/2791 2795/2795/2795 2794/2794/2794
f 2790/2790/2790 2796/2796/2796 2792/2792/2792
f 2796/2796/2796 2790/2790/2790 2793/2793/2793
f 2797/2797/2797 2758/2758/2758 2794/2794/2794
f 2758/2758/2758 2797/2797/2797 2755/2755/2755
f 2798/2798/2798 2794/2794/2794 2795/2795/2795
f 2794/2794/2794 2798/2798/2798 2797/2797/2797
f 2792/2792/2792 2799/2799/2799 2795/2795/2795
f 2799/2799/2799 2792/2792/2792 2796/2796/2796
f 2800/2800/2800 2755/2755/2755 2797/2797/2797
f 2755/2755/2755 2800/2800/2800 2752/2752/2752
f 2801/2801/2801 2797/2797/2797 2798/2798/2798
f 2797/2797/2797 2801/2801/2801 2800/2800/2800
f 2795/2795/2795 2802/2802/2802 2798/2798/2798
f 2802/2802/2802 2795/2795/2795 2799/2799/2799
f 2803/2803/2803 2752/2752/2752 2800/2800/2800
f 2752/2752/2752 2803/2803/2803 2749/2749/2749
f 2804/2804/2804 2800/2800/2800 2801/2801/2801
f 2800/2800/2800 2804/2804/2804 2803/2803/2803
f 2798/2798/2798 2805/2805/2805 2801/2801/2801
f 2805/2805/2805 2798/2798/2798 2802/2802/2802
f 2806/2806/2806 2749/2749/2749 2803/2803/2803
f 2749/2749/2749 2806/2806/2806 2748/2748/2748
f 2807/2807/2807 2803/2803/2803 2804/2804/2804
f 2803/2803/2803 2807/2807/2807 2806/2806/2806
f 2801/2801/2801 2808/2808/2808 2804/2804/2804
f 2808/2808/2808 2801/2801/2801 2805/2805/2805
f 2809/2809/2809 2748/2748/2748 2806/2806/2806
f 2748/2748/2748 2809/2809/2809 2745/2745/2745
f 2810/2810/2810 2806/2806/2806 2807/2807/2807
f 2806/2806/2806 2810/2810/2810 2809/2809/2809
f 2804/2804/2804 2811/2811/2811 2807/2807/2807
f 2811/2811/2811 2804/2804/2804 2808/2808/2808
f 2807/2807/2807 2812/2812/2812 2810/2810/2810
f 2812/2812/2812 2807/2807/2807 2811/2811/2811
f 2813/2813/2813 2809/2809/2809 2810/2810/2810
f 2811/2811/2811 2808/2808/2808 2814/2814/2814
f 2815/2815/2815 2810/2810/2810 2812/2812/2812
f 2810/2810/2810 2815/2815/2815 2813/2813/2813
f 2812/2812/2812 2811/2811/2811 2816/2816/2816
f 2811/2811/2811 2814/2814/2814 2816/2816/2816
f 2815/2815/2815 2812/2812/2812 2817/2817/2817
f 2812/2812/2812 2816/2816/2816 2817/2817/2817
f 2808/2808/2808 2818/2818/2818 2814/2814/2814
f 2808/2808/2808 2805/2805/2805 2818/2818/2818
f 2819/2819/2819 2816/2816/2816 2814/2814/2814
f 2805/2805/2805 2820/2820/2820 2818/2818/2818
f 2805/2805/2805 2802/2802/2802 2820/2820/2820
f 2821/2821/2821 2814/2814/2814 2818/2818/2818
f 2814/2814/2814 2821/2821/2821 2819/2819/2819
f 2822/2822/2822 2818/2818/2818 2820/2820/2820
f 2818/2818/2818 2822/2822/2822 2821/2821/2821
f 2802/2802/2802 2823/2823/2823 2820/2820/2820
f 2802/2802/2802 2799/2799/2799 2823/2823/2823
f 2820/2820/2820 2824/2824/2824 2822/2822/2822
f 2824/2824/2824 2820/2820/2820 2823/2823/2823
f 2799/2799/2799 2825/2825/2825 2823/2823/2823
f 2799/2799/2799 2796/2796/2796 2825/2825/2825
f 2823/2823/2823 2826/2826/2826 2824/2824/2824
f 2823/2823/2823 2825/2825/2825 2826/2826/2826
f 2796/2796/2796 2827/2827/2827 2825/2825/2825
f 2796/2796/2796 2793/2793/2793 2827/2827/2827
f 2825/2825/2825 2828/2828/2828 2826/2826/2826
f 2825/2825/2825 2827/2827/2827 2828/2828/2828
f 2793/2793/2793 2829/2829/2829 2827/2827/2827
f 2793/2793/2793 2788/2788/2788 2829/2829/2829
f 2827/2827/2827 2830/2830/2830 2828/2828/2828
f 2827/2827/2827 2829/2829/2829 2830/2830/2830
f 2788/2788/2788 2831/2831/2831 2829/2829/2829
f 2788/2788/2788 2785/2785/2785 2831/2831/2831
f 2785/2785/2785 2832/2832/2832 2831/2831/2831
f 2829/2829/2829 2831/2831/2831 2833/2833/2833
f 2829/2829/2829 2833/2833/2833 2830/2830/2830
f 2831/2831/2831 2832/2832/2832 2834/2834/2834
f 2831/2831/2831 2834/2834/2834 2833/2833/2833
f 2832/2832/2832 2835/2835/2835 2834/2834/2834
f 2830/2830/2830 2833/2833/2833 2836/2836/2836
f 2834/2834/2834 2835/2835/2835 2837/2837/2837
f 2835/2835/2835 2838/2838/2838 2837/2837/2837
f 2833/2833/2833 2834/2834/2834 2839/2839/2839
f 2834/2834/2834 2837/2837/2837 2839/2839/2839
f 2833/2833/2833 2839/2839/2839 2836/2836/2836
f 2837/2837/2837 2838/2838/2838 2840/2840/2840
f 2841/2841/2841 2840/2840/2840 2838/2838/2838
f 2840/2840/2840 2842/2842/2842 2837/2837/2837
f 2839/2839/2839 2837/2837/2837 2842/2842/2842
f 2842/2842/2842 2843/2843/2843 2839/2839/2839
f 2836/2836/2836 2839/2839/2839 2843/2843/2843
f 2843/2843/2843 2844/2844/2844 2836/2836/2836
f 2845/2845/2845 2836/2836/2836 2844/2844/2844
f 2830/2830/2830 2836/2836/2836 2845/2845/2845
f 2828/2828/2828 2830/2830/2830 2845/2845/2845
f 2844/2844/2844 2846/2846/2846 2845/2845/2845
f 2828/2828/2828 2845/2845/2845 2847/2847/2847
f 2847/2847/2847 2845/2845/2845 2846/2846/2846
f 2847/2847/2847 2826/2826/2826 2828/2828/2828
f 2846/2846/2846 2848/2848/2848 2847/2847/2847
f 2826/2826/2826 2847/2847/2847 2849/2849/2849
f 2849/2849/2849 2847/2847/2847 2848/2848/2848
f 2849/2849/2849 2824/2824/2824 2826/2826/2826
f 2848/2848/2848 2850/2850/2850 2849/2849/2849
f 2824/2824/2824 2849/2849/2849 2851/2851/2851
f 2851/2851/2851 2849/2849/2849 2850/2850/2850
f 2851/2851/2851 2822/2822/2822 2824/2824/2824
f 2850/2850/2850 2852/2852/2852 2851/2851/2851
f 2822/2822/2822 2851/2851/2851 2853/2853/2853
f 2853/2853/2853 2851/2851/2851 2852/2852/2852
f 2853/2853/2853 2821/2821/2821 2822/2822/2822
f 2852/2852/2852 2854/2854/2854 2853/2853/2853
f 2821/2821/2821 2853/2853/2853 2855/2855/2855
f 2855/2855/2855 2853/2853/2853 2854/2854/2854
f 2855/2855/2855 2819/2819/2819 2821/2821/2821
f 2854/2854/2854 2856/2856/2856 2855/2855/2855
f 2857/2857/2857 2855/2855/2855 2856/2856/2856
f 2819/2819/2819 2855/2855/2855 2857/2857/2857
f 2856/2856/2856 2858/2858/2858 2857/2857/2857
f 2857/2857/2857 2859/2859/2859 2819/2819/2819
f 2816/2816/2816 2819/2819/2819 2859/2859/2859
f 2860/2860/2860 2857/2857/2857 2858/2858/2858
f 2859/2859/2859 2857/2857/2857 2860/2860/2860
f 2859/2859/2859 2817/2817/2817 2816/2816/2816
f 2858/2858/2858 2861/2861/2861 2860/2860/2860
f 2817/2817/2817 2859/2859/2859 2862/2862/2862
f 2860/2860/2860 2862/2862/2862 2859/2859/2859
f 2863/2863/2863 2860/2860/2860 2861/2861/2861
f 2860/2860/2860 2863/2863/2863 2862/2862/2862
f 2862/2862/2862 2864/2864/2864 2817/2817/2817
f 2815/2815/2815 2817/2817/2817 2864/2864/2864
f 2865/2865/2865 2862/2862/2862 2863/2863/2863
f 2862/2862/2862 2865/2865/2865 2864/2864/2864
f 2863/2863/2863 2861/2861/2861 2866/2866/2866
f 2867/2867/2867 2866/2866/2866 2861/2861/2861
f 2863/2863/2863 2868/2868/2868 2865/2865/2865
f 2863/2863/2863 2866/2866/2866 2868/2868/2868
f 2866/2866/2866 2867/2867/2867 2869/2869/2869
f 2870/2870/2870 2869/2869/2869 2867/2867/2867
f 2866/2866/2866 2871/2871/2871 2868/2868/2868
f 2866/2866/2866 2869/2869/2869 2871/2871/2871
f 2872/2872/2872 2869/2869/2869 2870/2870/2870
f 2870/2870/2870 2873/2873/2873 2872/2872/2872
f 2869/2869/2869 2874/2874/2874 2871/2871/2871
f 2874/2874/2874 2869/2869/2869 2872/2872/2872
f 2873/2873/2873 2875/2875/2875 2872/2872/2872
f 2873/2873/2873 2876/2876/2876 2875/2875/2875
f 2872/2872/2872 2877/2877/2877 2874/2874/2874
f 2877/2877/2877 2872/2872/2872 2875/2875/2875
f 2876/2876/2876 2878/2878/2878 2875/2875/2875
f 2879/2879/2879 2878/2878/2878 2876/2876/2876
f 2879/2879/2879 2880/2880/2880 2878/2878/2878
f 2881/2881/2881 2875/2875/2875 2878/2878/2878
f 2875/2875/2875 2881/2881/2881 2877/2877/2877
f 2882/2882/2882 2878/2878/2878 2880/2880/2880
f 2878/2878/2878 2882/2882/2882 2881/2881/2881
f 2880/2880/2880 2883/2883/2883 2882/2882/2882
f 2884/2884/2884 2877/2877/2877 2881/2881/2881
f 2885/2885/2885 2882/2882/2882 2883/2883/2883
f 2883/2883/2883 2886/2886/2886 2885/2885/2885
f 2887/2887/2887 2881/2881/2881 2882/2882/2882
f 2882/2882/2882 2885/2885/2885 2887/2887/2887
f 2881/2881/2881 2887/2887/2887 2884/2884/2884
f 2888/2888/2888 2885/2885/2885 2886/2886/2886
f 2889/2889/2889 2888/2888/2888 2886/2886/2886
f 2890/2890/2890 2887/2887/2887 2885/2885/2885
f 2885/2885/2885 2888/2888/2888 2890/2890/2890
f 2891/2891/2891 2884/2884/2884 2887/2887/2887
f 2887/2887/2887 2890/2890/2890 2891/2891/2891
f 2892/2892/2892 2888/2888/2888 2889/2889/2889
f 2889/2889/2889 2893/2893/2893 2892/2892/2892
f 2894/2894/2894 2890/2890/2890 2888/2888/2888
f 2894/2894/2894 2888/2888/2888 2892/2892/2892
f 2895/2895/2895 2891/2891/2891 2890/2890/2890
f 2890/2890/2890 2894/2894/2894 2895/2895/2895
f 2896/2896/2896 2892/2892/2892 2893/2893/2893
f 2892/2892/2892 2897/2897/2897 2894/2894/2894
f 2897/2897/2897 2892/2892/2892 2896/2896/2896
f 2898/2898/2898 2895/2895/2895 2894/2894/2894
f 2898/2898/2898 2894/2894/2894 2897/2897/2897
f 2896/2896/2896 2893/2893/2893 2899/2899/2899
f 2900/2900/2900 2899/2899/2899 2893/2893/2893
f 2896/2896/2896 2901/2901/2901 2897/2897/2897
f 2899/2899/2899 2900/2900/2900 2902/2902/2902
f 2903/2903/2903 2902/2902/2902 2900/2900/2900
f 2899/2899/2899 2904/2904/2904 2896/2896/2896
f 2901/2901/2901 2896/2896/2896 2904/2904/2904
f 2905/2905/2905 2899/2899/2899 2902/2902/2902
f 2899/2899/2899 2905/2905/2905 2904/2904/2904
f 2902/2902/2902 2903/2903/2903 2906/2906/2906
f 2907/2907/2907 2906/2906/2906 2903/2903/2903
f 2902/2902/2902 2908/2908/2908 2905/2905/2905
f 2908/2908/2908 2902/2902/2902 2906/2906/2906
f 2906/2906/2906 2907/2907/2907 2909/2909/2909
f 2910/2910/2910 2909/2909/2909 2907/2907/2907
f 2906/2906/2906 2911/2911/2911 2908/2908/2908
f 2911/2911/2911 2906/2906/2906 2909/2909/2909
f 2909/2909/2909 2910/2910/2910 2912/2912/2912
f 2913/2913/2913 2912/2912/2912 2910/2910/2910
f 2909/2909/2909 2914/2914/2914 2911/2911/2911
f 2914/2914/2914 2909/2909/2909 2912/2912/2912
f 2912/2912/2912 2913/2913/2913 2915/2915/2915
f 2916/2916/2916 2915/2915/2915 2913/2913/2913
f 2912/2912/2912 2917/2917/2917 2914/2914/2914
f 2917/2917/2917 2912/2912/2912 2915/2915/2915
f 2915/2915/2915 2916/2916/2916 2918/2918/2918
f 2919/2919/2919 2918/2918/2918 2916/2916/2916
f 2915/2915/2915 2920/2920/2920 2917/2917/2917
f 2920/2920/2920 2915/2915/2915 2918/2918/2918
f 2918/2918/2918 2919/2919/2919 2921/2921/2921
f 2922/2922/2922 2921/2921/2921 2919/2919/2919
f 2918/2918/2918 2923/2923/2923 2920/2920/2920
f 2923/2923/2923 2918/2918/2918 2921/2921/2921
f 2921/2921/2921 2922/2922/2922 2924/2924/2924
f 2925/2925/2925 2924/2924/2924 2922/2922/2922
f 2921/2921/2921 2926/2926/2926 2923/2923/2923
f 2926/2926/2926 2921/2921/2921 2924/2924/2924
f 2924/2924/2924 2925/2925/2925 2927/2927/2927
f 2928/2928/2928 2927/2927/2927 2925/2925/2925
f 2924/2924/2924 2929/2929/2929 2926/2926/2926
f 2929/2929/2929 2924/2924/2924 2927/2927/2927
f 2927/2927/2927 2928/2928/2928 2930/2930/2930
f 2931/2931/2931 2930/2930/2930 2928/2928/2928
f 2933/2933/2933 2932/2932/2932 2931/2931/2931
f 2930/2930/2930 2931/2931/2931 2932/2932/2932
f 2934/2934/2934 2930/2930/2930 2932/2932/2932
f 2935/2935/2935 2927/2927/2927 2930/2930/2930
f 2930/2930/2930 2934/2934/2934 2935/2935/2935
f 2927/2927/2927 2935/2935/2935 2929/2929/2929
f 2936/2936/2936 2935/2935/2935 2934/2934/2934
f 2935/2935/2935 2936/2936/2936 2937/2937/2937
f 2937/2937/2937 2929/2929/2929 2935/2935/2935
f 2674/2674/2674 2937/2937/2937 2936/2936/2936
f 2929/2929/2929 2937/2937/2937 2938/2938/2938
f 2938/2938/2938 2926/2926/2926 2929/2929/2929
f 2937/2937/2937 2674/2674/2674 2939/2939/2939
f 2939/2939/2939 2938/2938/2938 2937/2937/2937
f 2939/2939/2939 2674/2674/2674 2673/2673/2673
f 2673/2673/2673 2677/2677/2677 2939/2939/2939
f 2926/2926/2926 2938/2938/2938 2940/2940/2940
f 2940/2940/2940 2923/2923/2923 2926/2926/2926
f 2938/2938/2938 2939/2939/2939 2941/2941/2941
f 2941/2941/2941 2939/2939/2939 2677/2677/2677
f 2941/2941/2941 2940/2940/2940 2938/2938/2938
f 2677/2677/2677 2942/2942/2942 2941/2941/2941
f 2942/2942/2942 2677/2677/2677 2678/2678/2678
f 2678/2678/2678 2682/2682/2682 2942/2942/2942
f 2940/2940/2940 2941/2941/2941 2943/2943/2943
f 2943/2943/2943 2941/2941/2941 2942/2942/2942
f 2944/2944/2944 2942/2942/2942 2682/2682/2682
f 2942/2942/2942 2944/2944/2944 2943/2943/2943
f 2682/2682/2682 2692/2692/2692 2944/2944/2944
f 2943/2943/2943 2945/2945/2945 2940/2940/2940
f 2923/2923/2923 2940/2940/2940 2945/2945/2945
f 2945/2945/2945 2920/2920/2920 2923/2923/2923
f 2946/2946/2946 2943/2943/2943 2944/2944/2944
f 2945/2945/2945 2943/2943/2943 2946/2946/2946
f 2947/2947/2947 2944/2944/2944 2692/2692/2692
f 2944/2944/2944 2947/2947/2947 2946/2946/2946
f 2692/2692/2692 2693/2693/2693 2947/2947/2947
f 2920/2920/2920 2945/2945/2945 2948/2948/2948
f 2946/2946/2946 2948/2948/2948 2945/2945/2945
f 2948/2948/2948 2917/2917/2917 2920/2920/2920
f 2949/2949/2949 2946/2946/2946 2947/2947/2947
f 2948/2948/2948 2946/2946/2946 2949/2949/2949
f 2950/2950/2950 2947/2947/2947 2693/2693/2693
f 2947/2947/2947 2950/2950/2950 2949/2949/2949
f 2693/2693/2693 2700/2700/2700 2950/2950/2950
f 2917/2917/2917 2948/2948/2948 2951/2951/2951
f 2949/2949/2949 2951/2951/2951 2948/2948/2948
f 2951/2951/2951 2914/2914/2914 2917/2917/2917
f 2952/2952/2952 2949/2949/2949 2950/2950/2950
f 2951/2951/2951 2949/2949/2949 2952/2952/2952
f 2953/2953/2953 2950/2950/2950 2700/2700/2700
f 2950/2950/2950 2953/2953/2953 2952/2952/2952
f 2700/2700/2700 2701/2701/2701 2953/2953/2953
f 2914/2914/2914 2951/2951/2951 2954/2954/2954
f 2952/2952/2952 2954/2954/2954 2951/2951/2951
f 2954/2954/2954 2911/2911/2911 2914/2914/2914
f 2955/2955/2955 2952/2952/2952 2953/2953/2953
f 2954/2954/2954 2952/2952/2952 2955/2955/2955
f 2956/2956/2956 2953/2953/2953 2701/2701/2701
f 2953/2953/2953 2956/2956/2956 2955/2955/2955
f 2701/2701/2701 2705/2705/2705 2956/2956/2956
f 2911/2911/2911 2954/2954/2954 2957/2957/2957
f 2955/2955/2955 2957/2957/2957 2954/2954/2954
f 2957/2957/2957 2908/2908/2908 2911/2911/2911
f 2958/2958/2958 2955/2955/2955 2956/2956/2956
f 2957/2957/2957 2955/2955/2955 2958/2958/2958
f 2959/2959/2959 2956/2956/2956 2705/2705/2705
f 2956/2956/2956 2959/2959/2959 2958/2958/2958
f 2705/2705/2705 2708/2708/2708 2959/2959/2959
f 2908/2908/2908 2957/2957/2957 2960/2960/2960
f 2958/2958/2958 2960/2960/2960 2957/2957/2957
f 2960/2960/2960 2905/2905/2905 2908/2908/2908
f 2961/2961/2961 2958/2958/2958 2959/2959/2959
f 2960/2960/2960 2958/2958/2958 2961/2961/2961
f 2905/2905/2905 2960/2960/2960 2962/2962/2962
f 2961/2961/2961 2962/2962/2962 2960/2960/2960
f 2962/2962/2962 2904/2904/2904 2905/2905/2905
f 2959/2959/2959 2963/2963/2963 2961/2961/2961
f 2963/2963/2963 2959/2959/2959 2708/2708/2708
f 2962/2962/2962 2961/2961/2961 2964/2964/2964
f 2964/2964/2964 2961/2961/2961 2963/2963/2963
f 2904/2904/2904 2962/2962/2962 2965/2965/2965
f 2964/2964/2964 2965/2965/2965 2962/2962/2962
f 2904/2904/2904 2965/2965/2965 2901/2901/2901
f 2708/2708/2708 2966/2966/2966 2963/2963/2963
f 2966/2966/2966 2708/2708/2708 2707/2707/2707
f 2711/2711/2711 2966/2966/2966 2707/2707/2707
f 2967/2967/2967 2963/2963/2963 2966/2966/2966
f 2963/2963/2963 2967/2967/2967 2964/2964/2964
f 2968/2968/2968 2966/2966/2966 2711/2711/2711
f 2968/2968/2968 2967/2967/2967 2966/2966/2966
f 2969/2969/2969 2964/2964/2964 2967/2967/2967
f 2965/2965/2965 2964/2964/2964 2969/2969/2969
f 2970/2970/2970 2967/2967/2967 2968/2968/2968
f 2970/2970/2970 2969/2969/2969 2967/2967/2967
f 2968/2968/2968 2711/2711/2711 2971/2971/2971
f 2714/2714/2714 2971/2971/2971 2711/2711/2711
f 2970/2970/2970 2968/2968/2968 2972/2972/2972
f 2971/2971/2971 2972/2972/2972 2968/2968/2968
f 2973/2973/2973 2969/2969/2969 2970/2970/2970
f 2972/2972/2972 2973/2973/2973 2970/2970/2970
f 2965/2965/2965 2969/2969/2969 2974/2974/2974
f 2973/2973/2973 2974/2974/2974 2969/2969/2969
f 2974/2974/2974 2901/2901/2901 2965/2965/2965
f 2973/2973/2973 2975/2975/2975 2974/2974/2974
f 2975/2975/2975 2973/2973/2973 2972/2972/2972
f 2901/2901/2901 2974/2974/2974 2976/2976/2976
f 2976/2976/2976 2974/2974/2974 2975/2975/2975
f 2976/2976/2976 2897/2897/2897 2901/2901/2901
f 2897/2897/2897 2976/2976/2976 2898/2898/2898
f 2975/2975/2975 2977/2977/2977 2976/2976/2976
f 2898/2898/2898 2976/2976/2976 2977/2977/2977
f 2975/2975/2975 2972/2972/2972 2977/2977/2977
f 2977/2977/2977 2978/2978/2978 2898/2898/2898
f 2895/2895/2895 2898/2898/2898 2978/2978/2978
f 2979/2979/2979 2977/2977/2977 2972/2972/2972
f 2979/2979/2979 2978/2978/2978 2977/2977/2977
f 2972/2972/2972 2971/2971/2971 2979/2979/2979
f 2978/2978/2978 2980/2980/2980 2895/2895/2895
f 2891/2891/2891 2895/2895/2895 2980/2980/2980
f 2981/2981/2981 2978/2978/2978 2979/2979/2979
f 2981/2981/2981 2980/2980/2980 2978/2978/2978
f 2982/2982/2982 2979/2979/2979 2971/2971/2971
f 2982/2982/2982 2981/2981/2981 2979/2979/2979
f 2971/2971/2971 2714/2714/2714 2982/2982/2982
f 2715/2715/2715 2982/2982/2982 2714/2714/2714
f 2715/2715/2715 2983/2983/2983 2982/2982/2982
f 2983/2983/2983 2981/2981/2981 2982/2982/2982
f 2983/2983/2983 2715/2715/2715 2718/2718/2718
f 2983/2983/2983 2984/2984/2984 2981/2981/2981
f 2984/2984/2984 2980/2980/2980 2981/2981/2981
f 2718/2718/2718 2985/2985/2985 2983/2983/2983
f 2985/2985/2985 2984/2984/2984 2983/2983/2983
f 2985/2985/2985 2718/2718/2718 2721/2721/2721
f 2721/2721/2721 2728/2728/2728 2985/2985/2985
f 2728/2728/2728 2986/2986/2986 2985/2985/2985
f 2985/2985/2985 2986/2986/2986 2984/2984/2984
f 2728/2728/2728 2738/2738/2738 2986/2986/2986
f 2984/2984/2984 2987/2987/2987 2980/2980/2980
f 2986/2986/2986 2987/2987/2987 2984/2984/2984
f 2980/2980/2980 2987/2987/2987 2891/2891/2891
f 2884/2884/2884 2891/2891/2891 2987/2987/2987
f 2988/2988/2988 2986/2986/2986 2738/2738/2738
f 2986/2986/2986 2988/2988/2988 2987/2987/2987
f 2738/2738/2738 2739/2739/2739 2988/2988/2988
f 2884/2884/2884 2987/2987/2987 2989/2989/2989
f 2877/2877/2877 2884/2884/2884 2989/2989/2989
f 2989/2989/2989 2874/2874/2874 2877/2877/2877
f 2990/2990/2990 2987/2987/2987 2988/2988/2988
f 2990/2990/2990 2989/2989/2989 2987/2987/2987
f 2991/2991/2991 2988/2988/2988 2739/2739/2739
f 2988/2988/2988 2991/2991/2991 2990/2990/2990
f 2739/2739/2739 2741/2741/2741 2991/2991/2991
f 2874/2874/2874 2989/2989/2989 2992/2992/2992
f 2990/2990/2990 2992/2992/2992 2989/2989/2989
f 2992/2992/2992 2871/2871/2871 2874/2874/2874
f 2993/2993/2993 2990/2990/2990 2991/2991/2991
f 2993/2993/2993 2992/2992/2992 2990/2990/2990
f 2871/2871/2871 2992/2992/2992 2994/2994/2994
f 2993/2993/2993 2994/2994/2994 2992/2992/2992
f 2994/2994/2994 2868/2868/2868 2871/2871/2871
f 2991/2991/2991 2995/2995/2995 2993/2993/2993
f 2995/2995/2995 2991/2991/2991 2741/2741/2741
f 2996/2996/2996 2994/2994/2994 2993/2993/2993
f 2996/2996/2996 2993/2993/2993 2995/2995/2995
f 2868/2868/2868 2994/2994/2994 2997/2997/2997
f 2996/2996/2996 2997/2997/2997 2994/2994/2994
f 2865/2865/2865 2868/2868/2868 2997/2997/2997
f 2741/2741/2741 2998/2998/2998 2995/2995/2995
f 2998/2998/2998 2741/2741/2741 2740/2740/2740
f 2740/2740/2740 2745/2745/2745 2998/2998/2998
f 2865/2865/2865 2997/2997/2997 2999/2999/2999
f 2999/2999/2999 2864/2864/2864 2865/2865/2865
f 3000/3000/3000 2998/2998/2998 2745/2745/2745
f 3000/3000/3000 2745/2745/2745 2809/2809/2809
f 2809/2809/2809 2813/2813/2813 3000/3000/3000
f 3001/3001/3001 2995/2995/2995 2998/2998/2998
f 2998/2998/2998 3000/3000/3000 3001/3001/3001
f 2995/2995/2995 3001/3001/3001 2996/2996/2996
f 3002/3002/3002 3000/3000/3000 2813/2813/2813
f 3002/3002/3002 3001/3001/3001 3000/3000/3000
f 3003/3003/3003 2997/2997/2997 2996/2996/2996
f 3003/3003/3003 2996/2996/2996 3001/3001/3001
f 3003/3003/3003 2999/2999/2999 2997/2997/2997
f 3004/3004/3004 3003/3003/3003 3001/3001/3001
f 3004/3004/3004 2999/2999/2999 3003/3003/3003
f 3001/3001/3001 3002/3002/3002 3004/3004/3004
f 3004/3004/3004 3005/3005/3005 2999/2999/2999
f 3005/3005/3005 3004/3004/3004 3002/3002/3002
f 3002/3002/3002 2813/2813/2813 3005/3005/3005
f 2864/2864/2864 2999/2999/2999 3005/3005/3005
f 3005/3005/3005 2813/2813/2813 2815/2815/2815
f 3005/3005/3005 2815/2815/2815 2864/2864/2864
f 3008/3008/3008 3007/3007/3007 3006/3006/3006
f 3009/3009/3009 3006/3006/3006 3007/3007/3007
f 3007/3007/3007 3010/3010/3010 3009/3009/3009
f 3006/3006/3006 3009/3009/3009 3011/3011/3011
f 3010/3010/3010 3012/3012/3012 3009/3009/3009
f 3013/3013/3013 3011/3011/3011 3009/3009/3009
f 3009/3009/3009 3012/3012/3012 3013/3013/3013
f 3011/3011/3011 3013/3013/3013 3014/3014/3014
f 3012/3012/3012 3015/3015/3015 3013/3013/3013
f 3013/3013/3013 3015/3015/3015 3016/3016/3016
f 3016/3016/3016 3014/3014/3014 3013/3013/3013
f 3017/3017/3017 3016/3016/3016 3015/3015/3015
f 3017/3017/3017 3018/3018/3018 3016/3016/3016
f 3016/3016/3016 3019/3019/3019 3014/3014/3014
f 3019/3019/3019 3016/3016/3016 3018/3018/3018
f 3020/3020/3020 3014/3014/3014 3019/3019/3019
f 3018/3018/3018 3021/3021/3021 3019/3019/3019
f 3019/3019/3019 3022/3022/3022 3020/3020/3020
f 3022/3022/3022 3019/3019/3019 3021/3021/3021
f 3021/3021/3021 3023/3023/3023 3022/3022/3022
f 3024/3024/3024 3020/3020/3020 3022/3022/3022
f 3025/3025/3025 3022/3022/3022 3023/3023/3023
f 3022/3022/3022 3025/3025/3025 3024/3024/3024
f 3026/3026/3026 3024/3024/3024 3025/3025/3025
