mtllib SM_Mansion_Tower_Archs_LOD2@000002909DC3C100.mtl
g SM_Mansion_Tower_Archs_LOD2@000002909DC3C100
#Vertices 1037
#Indices 2259
#Section 0 Offset 0 NumIndices 45 MaterialIndex 0 MI_ConcreteTile_01
#Section 1 Offset 45 NumIndices 1248 MaterialIndex 1 MI_ConcreteTrim_A_01
#Section 2 Offset 1293 NumIndices 942 MaterialIndex 2 MI_BrickTile_A_01
#Section 3 Offset 2235 NumIndices 24 MaterialIndex 3 MI_ConcreteTile_01
v 6.492375 5.997171 4.994280 0.000000 0.000000 1.000000 1.000000
v 3.752473 6.000012 -3.752477 0.050980 1.000000 0.000000 1.000000
v 3.752477 6.000015 3.752473 0.050980 1.000000 0.000000 1.000000
v 6.501462 5.994753 -5.006830 0.000000 0.000000 1.000000 1.000000
v 4.994246 5.997519 -6.492412 0.000000 0.000000 1.000000 1.000000
v 6.491425 5.999998 -6.491425 0.000000 0.000000 1.000000 1.000000
v 3.752473 6.000012 -3.752477 0.050980 1.000000 0.000000 1.000000
v -3.752474 6.000011 3.752476 0.050980 1.000000 0.000000 1.000000
v -4.994333 5.997327 6.492561 0.000000 0.000000 1.000000 1.000000
v 3.752477 6.000015 3.752473 0.050980 1.000000 0.000000 1.000000
v 6.491422 5.999927 6.491425 0.000000 0.000000 1.000000 1.000000
v 6.492375 5.997171 4.994280 0.000000 0.000000 1.000000 1.000000
v -6.491421 5.999926 -6.491426 0.000000 0.000000 1.000000 1.000000
v -6.494989 5.987326 -4.996712 0.000000 0.000000 1.000000 1.000000
v -3.752477 6.000025 -3.752474 0.050980 1.000000 0.000000 1.000000
v 4.994246 5.997519 -6.492412 0.000000 0.000000 1.000000 1.000000
v 3.752473 6.000012 -3.752477 0.050980 1.000000 0.000000 1.000000
v -3.752474 6.000011 3.752476 0.050980 1.000000 0.000000 1.000000
v -6.491426 5.999931 6.491421 0.000000 0.000000 1.000000 1.000000
v -4.994333 5.997327 6.492561 0.000000 0.000000 1.000000 1.000000
v -6.503910 5.996770 -2.446437 0.000000 0.000000 1.000000 1.000000
v -3.737514 5.993940 0.048173 0.050980 1.000000 0.000000 1.000000
v -3.752477 6.000025 -3.752474 0.050980 1.000000 0.000000 1.000000
v -6.494989 5.987326 -4.996712 0.000000 0.000000 1.000000 1.000000
v 6.548673 5.654363 1.822256 0.000000 0.000000 1.000000 1.000000
v 6.494365 -0.001412 1.712214 0.000000 1.000000 0.000000 1.000000
v 6.491394 5.388403 1.692022 0.000000 0.000000 1.000000 1.000000
v 6.499122 -0.000385 3.241928 0.000000 1.000000 0.000000 1.000000
v 6.553524 5.673931 3.113963 0.000000 0.000000 1.000000 1.000000
v 6.491396 5.388817 3.273635 0.000000 0.000000 1.000000 1.000000
v 6.927413 5.655810 5.650318 0.000000 0.000000 1.000000 1.000000
v 6.988186 -0.000923 5.755957 0.000000 1.000000 0.000000 1.000000
v 6.989836 5.388515 5.773601 0.000000 0.000000 1.000000 1.000000
v 1.287902 5.659380 3.677866 0.050980 1.000000 0.000000 1.000000
v 1.204499 -0.001724 3.749267 0.000000 0.000000 1.000000 1.000000
v 1.182749 5.477842 3.752341 0.050980 1.000000 0.000000 1.000000
v 0.770066 -0.001767 6.986743 0.000000 1.000000 0.000000 1.000000
v 0.656977 5.643559 6.933345 0.000000 0.000000 1.000000 1.000000
v 0.793124 5.293410 6.989812 0.000000 0.000000 1.000000 1.000000
v 2.310228 -0.000845 3.754883 0.000000 0.000000 1.000000 1.000000
v 2.207671 5.673059 3.690639 0.050980 1.000000 0.000000 1.000000
v 2.341102 5.288043 3.752473 0.050980 1.000000 0.000000 1.000000
v 1.709252 5.388605 6.491370 0.000000 0.000000 1.000000 1.000000
v 1.722844 -0.000663 6.490796 0.000000 1.000000 0.000000 1.000000
v 1.814208 5.558841 6.562788 0.000000 0.000000 1.000000 1.000000
v 3.270860 -0.001679 6.987112 0.000000 1.000000 0.000000 1.000000
v 3.154366 5.653636 6.934648 0.000000 0.000000 1.000000 1.000000
v 3.290755 5.388645 6.989837 0.000000 0.000000 1.000000 1.000000
v 5.773954 -0.001059 6.986627 0.000000 1.000000 0.000000 1.000000
v 5.671810 5.647885 6.923758 0.000000 0.000000 1.000000 1.000000
v 5.793124 5.293410 6.989812 0.000000 0.000000 1.000000 1.000000
v 5.688769 5.553265 6.560069 0.000000 0.000000 1.000000 1.000000
v 5.757156 -0.002120 6.502947 0.000000 1.000000 0.000000 1.000000
v 5.793124 5.293410 6.491424 0.000000 0.000000 1.000000 1.000000
v -1.820699 5.654663 6.549404 0.000000 0.000000 1.000000 1.000000
v -1.712283 -0.001356 6.494452 0.000000 1.000000 0.000000 1.000000
v -1.692023 5.388404 6.491393 0.000000 0.000000 1.000000 1.000000
v -3.273636 5.388817 6.491395 0.000000 0.000000 1.000000 1.000000
v -3.241928 -0.000385 6.499121 0.000000 1.000000 0.000000 1.000000
v -3.114246 5.673114 6.553425 0.000000 0.000000 1.000000 1.000000
v -5.650317 5.655809 6.927413 0.000000 0.000000 1.000000 1.000000
v -5.764305 -0.000456 6.991090 0.000000 1.000000 0.000000 1.000000
v -5.773596 5.388498 6.989854 0.000000 0.000000 1.000000 1.000000
v -6.985987 -0.001164 0.769654 0.000000 1.000000 0.000000 1.000000
v -6.923912 5.585338 0.675460 0.000000 0.000000 1.000000 1.000000
v -6.989814 5.293409 0.793123 0.000000 0.000000 1.000000 1.000000
v -6.923211 5.676331 1.856072 0.000000 0.000000 1.000000 1.000000
v -6.986053 -0.000433 1.733962 0.000000 1.000000 0.000000 1.000000
v -6.989851 5.388715 1.709215 0.000000 0.000000 1.000000 1.000000
v -6.491370 5.388604 1.709251 0.000000 0.000000 1.000000 1.000000
v -6.490411 -0.001214 1.722028 0.000000 1.000000 0.000000 1.000000
v -6.552436 5.654750 1.836427 0.000000 0.000000 1.000000 1.000000
v -6.988309 -0.002069 3.271467 0.000000 1.000000 0.000000 1.000000
v -6.952178 5.656739 3.131575 0.000000 0.000000 1.000000 1.000000
v -6.989838 5.388648 3.290754 0.000000 0.000000 1.000000 1.000000
v -6.989744 -0.000668 5.781326 0.000000 1.000000 0.000000 1.000000
v -6.923759 5.647884 5.671809 0.000000 0.000000 1.000000 1.000000
v -6.989814 5.293410 5.793123 0.000000 0.000000 1.000000 1.000000
v -6.560071 5.553264 5.688768 0.000000 0.000000 1.000000 1.000000
v -6.493551 -0.001566 5.763116 0.000000 1.000000 0.000000 1.000000
v -6.491425 5.293410 5.793123 0.000000 0.000000 1.000000 1.000000
v -6.933390 5.651508 -3.138411 0.000000 0.000000 1.000000 1.000000
v -6.990775 -0.001225 -3.261473 0.000000 1.000000 0.000000 1.000000
v -6.989861 5.388504 -3.273593 0.000000 0.000000 1.000000 1.000000
v -3.741770 -0.001171 -1.131935 0.000000 0.000000 1.000000 1.000000
v -3.684268 5.676597 -1.203503 0.050980 1.000000 0.000000 1.000000
v -3.752352 5.481273 -1.098460 0.050980 1.000000 0.000000 1.000000
v -6.927449 5.655993 -5.650245 0.000000 0.000000 1.000000 1.000000
v -6.988190 -0.000926 -5.755960 0.000000 1.000000 0.000000 1.000000
v -6.989832 5.388531 -5.773603 0.000000 0.000000 1.000000 1.000000
v -1.287301 5.658460 -3.677577 0.050980 1.000000 0.000000 1.000000
v -1.204543 -0.001765 -3.749306 0.000000 0.000000 1.000000 1.000000
v -1.182749 5.477841 -3.752342 0.050980 1.000000 0.000000 1.000000
v -2.341102 5.288042 -3.752474 0.050980 1.000000 0.000000 1.000000
v -2.310229 -0.000847 -3.754883 0.000000 0.000000 1.000000 1.000000
v -2.207659 5.673061 -3.690630 0.050980 1.000000 0.000000 1.000000
v -1.852992 5.669491 -6.921819 0.450980 0.450980 1.000000 1.000000
v -1.732827 -0.000482 -6.987536 0.000000 1.000000 0.000000 1.000000
v -1.709216 5.388714 -6.989850 0.121569 0.121569 1.000000 1.000000
v -1.723160 -0.000186 -6.490911 0.000000 1.000000 0.000000 1.000000
v -1.819909 5.651760 -6.557798 0.235294 0.235294 1.000000 1.000000
v -1.709252 5.388603 -6.491370 0.000000 0.000000 1.000000 1.000000
v -3.290755 5.388646 -6.989836 0.000000 0.000000 1.000000 1.000000
v -3.271469 -0.002074 -6.988307 0.000000 1.000000 0.000000 1.000000
v -3.131539 5.656596 -6.952162 0.000000 0.000000 1.000000 1.000000
v -5.793124 5.293408 -6.989812 0.000000 0.000000 1.000000 1.000000
v -5.773954 -0.001061 -6.986627 0.000000 1.000000 0.000000 1.000000
v -5.671810 5.647883 -6.923758 0.000000 0.000000 1.000000 1.000000
v -5.688769 5.553263 -6.560071 0.000000 0.000000 1.000000 1.000000
v -5.757156 -0.002121 -6.502948 0.000000 1.000000 0.000000 1.000000
v -5.793124 5.293408 -6.491425 0.000000 0.000000 1.000000 1.000000
v 1.692069 5.388828 -6.989846 0.000000 0.000000 1.000000 1.000000
v 1.721146 -0.000615 -6.979985 0.000000 1.000000 0.000000 1.000000
v 1.843891 5.671233 -6.927022 0.000000 0.000000 1.000000 1.000000
v 1.819390 5.656100 -6.552451 0.000000 0.000000 1.000000 1.000000
v 1.712433 -0.001471 -6.494716 0.000000 1.000000 0.000000 1.000000
v 1.692023 5.388402 -6.491394 0.000000 0.000000 1.000000 1.000000
v 5.650297 5.656031 -6.927418 0.000000 0.000000 1.000000 1.000000
v 5.755764 -0.000928 -6.988467 0.000000 1.000000 0.000000 1.000000
v 5.773602 5.388514 -6.989836 0.000000 0.000000 1.000000 1.000000
v 3.677583 5.658444 -1.287305 0.050980 1.000000 0.000000 1.000000
v 3.749307 -0.001764 -1.204542 0.000000 0.000000 1.000000 1.000000
v 3.752341 5.477835 -1.182749 0.050980 1.000000 0.000000 1.000000
v 6.989814 5.293409 -0.793125 0.000000 0.000000 1.000000 1.000000
v 6.986749 -0.001735 -0.770112 0.000000 1.000000 0.000000 1.000000
v 6.933372 5.644935 -0.656613 0.000000 0.000000 1.000000 1.000000
v 3.752474 5.288042 -2.341103 0.050980 1.000000 0.000000 1.000000
v 3.754883 -0.000847 -2.310228 0.000000 0.000000 1.000000 1.000000
v 3.690629 5.673062 -2.207663 0.050980 1.000000 0.000000 1.000000
v 6.490421 -0.001210 -1.722105 0.000000 1.000000 0.000000 1.000000
v 6.552931 5.655190 -1.835198 0.000000 0.000000 1.000000 1.000000
v 6.491371 5.388604 -1.709253 0.000000 0.000000 1.000000 1.000000
v 6.989840 5.388637 -3.290755 0.000000 0.000000 1.000000 1.000000
v 6.987111 -0.001672 -3.270857 0.000000 1.000000 0.000000 1.000000
v 6.934636 5.653389 -3.154519 0.000000 0.000000 1.000000 1.000000
v 6.989814 5.293409 -5.793124 0.000000 0.000000 1.000000 1.000000
v 6.987664 -0.001601 -5.771702 0.000000 1.000000 0.000000 1.000000
v 6.923759 5.647765 -5.671906 0.000000 0.000000 1.000000 1.000000
v 6.909917 5.427802 0.690456 0.000000 0.000000 1.000000 1.000000
v 6.987836 0.000094 0.759239 0.000000 1.000000 0.000000 1.000000
v 6.989664 5.487441 0.768904 0.000000 0.000000 1.000000 1.000000
v 6.989244 5.812801 0.114847 0.000000 0.000000 1.000000 1.000000
v 6.492305 -0.000115 0.748526 0.000000 1.000000 0.000000 1.000000
v 6.571650 5.431782 0.692626 0.000000 0.000000 1.000000 1.000000
v 6.491567 5.489367 0.768816 0.000000 0.000000 1.000000 1.000000
v 6.485357 5.886889 -0.155448 0.000000 0.000000 1.000000 1.000000
v 6.571391 5.273950 -0.713293 0.000000 0.000000 1.000000 1.000000
v 6.491426 5.293409 -0.793125 0.000000 0.000000 1.000000 1.000000
v 6.502390 -0.000808 -0.761476 0.000000 1.000000 0.000000 1.000000
v 6.989846 5.388829 1.692068 0.000000 0.000000 1.000000 1.000000
v 6.979827 -0.000645 1.721161 0.000000 1.000000 0.000000 1.000000
v 6.909589 5.356304 1.770692 0.000000 0.000000 1.000000 1.000000
v 6.987305 5.764248 2.153257 0.000000 0.000000 1.000000 1.000000
v 6.909864 5.350195 3.194382 0.000000 0.000000 1.000000 1.000000
v 6.988130 0.000022 3.259461 0.000000 1.000000 0.000000 1.000000
v 6.989941 5.457322 3.269214 0.000000 0.000000 1.000000 1.000000
v 6.989361 5.917520 2.436461 0.000000 0.000000 1.000000 1.000000
v 3.752518 5.433173 1.098171 0.050980 1.000000 0.000000 1.000000
v 3.740033 -0.000637 1.128818 0.000000 0.000000 1.000000 1.000000
v 3.670773 5.550541 1.184115 0.050980 1.000000 0.000000 1.000000
v 3.749615 5.845836 1.651612 0.050980 1.000000 0.000000 1.000000
v 6.989836 5.388832 4.192072 0.000000 0.000000 1.000000 1.000000
v 6.982945 0.000072 4.212476 0.000000 1.000000 0.000000 1.000000
v 6.909554 5.354495 4.270355 0.000000 0.000000 1.000000 1.000000
v 6.994308 5.807918 4.720167 0.000000 0.000000 1.000000 1.000000
v 6.491426 0.000000 4.152884 0.000000 1.000000 0.000000 1.000000
v 6.547619 5.657552 4.334432 0.000000 0.000000 1.000000 1.000000
v 6.571391 0.000001 4.232851 0.000000 1.000000 0.000000 1.000000
v 6.491370 5.388454 4.192107 0.000000 0.000000 1.000000 1.000000
v 6.504302 -0.000716 5.743583 0.000000 1.000000 0.000000 1.000000
v 6.571647 5.356398 5.694995 0.000000 0.000000 1.000000 1.000000
v 6.491386 5.388794 5.773633 0.000000 0.000000 1.000000 1.000000
v 6.492375 5.997171 4.994280 0.000000 0.000000 1.000000 1.000000
v 0.540744 0.000098 3.739679 0.000000 0.000000 1.000000 1.000000
v 0.501946 5.273950 3.672508 0.050980 1.000000 0.000000 1.000000
v 0.576649 5.434969 3.752470 0.050980 1.000000 0.000000 1.000000
v 0.057646 5.876049 3.750630 0.050980 1.000000 0.000000 1.000000
v 0.703573 5.432972 6.570619 0.000000 0.000000 1.000000 1.000000
v 0.762188 0.000193 6.500933 0.000000 1.000000 0.000000 1.000000
v 0.775522 5.602225 6.496465 0.000000 0.000000 1.000000 1.000000
v -0.099085 5.825447 6.513835 0.000000 0.000000 1.000000 1.000000
v -0.690319 5.456886 6.571255 0.000000 0.000000 1.000000 1.000000
v -0.768720 5.494495 6.491740 0.000000 0.000000 1.000000 1.000000
v -0.748768 -0.000174 6.492095 0.000000 1.000000 0.000000 1.000000
v 1.787701 5.355326 6.909571 0.000000 0.000000 1.000000 1.000000
v 1.733134 -0.000215 6.987123 0.000000 1.000000 0.000000 1.000000
v 1.709216 5.388715 6.989849 0.000000 0.000000 1.000000 1.000000
v 2.244788 5.809682 6.989481 0.000000 0.000000 1.000000 1.000000
v 3.212289 5.355373 6.571663 0.000000 0.000000 1.000000 1.000000
v 3.261727 -0.000713 6.501730 0.000000 1.000000 0.000000 1.000000
v 3.290785 5.388719 6.491395 0.000000 0.000000 1.000000 1.000000
v 2.723573 5.811146 6.489090 0.000000 0.000000 1.000000 1.000000
v 4.289891 5.437172 6.909391 0.000000 0.000000 1.000000 1.000000
v 4.234452 -0.000096 6.988845 0.000000 1.000000 0.000000 1.000000
v 4.214599 5.499272 6.990045 0.000000 0.000000 1.000000 1.000000
v 4.838879 5.806132 6.986027 0.000000 0.000000 1.000000 1.000000
v 4.214629 5.499890 6.491157 0.000000 0.000000 1.000000 1.000000
v 4.223752 0.000091 6.493453 0.000000 1.000000 0.000000 1.000000
v 4.292173 5.432500 6.571620 0.000000 0.000000 1.000000 1.000000
v 4.914564 5.818998 6.496383 0.000000 0.000000 1.000000 1.000000
v -0.690457 5.427803 6.909915 0.000000 0.000000 1.000000 1.000000
v -0.759239 0.000095 6.987835 0.000000 1.000000 0.000000 1.000000
v -0.768905 5.487442 6.989662 0.000000 0.000000 1.000000 1.000000
v -0.130160 5.806057 6.988450 0.000000 0.000000 1.000000 1.000000
v -1.721168 -0.000625 6.979906 0.000000 1.000000 0.000000 1.000000
v -1.770693 5.356305 6.909588 0.000000 0.000000 1.000000 1.000000
v -1.692069 5.388830 6.989845 0.000000 0.000000 1.000000 1.000000
v -2.153256 5.764248 6.987302 0.000000 0.000000 1.000000 1.000000
v -3.194383 5.350196 6.909863 0.000000 0.000000 1.000000 1.000000
v -3.259462 0.000022 6.988129 0.000000 1.000000 0.000000 1.000000
v -3.269216 5.457323 6.989940 0.000000 0.000000 1.000000 1.000000
v -2.436462 5.917505 6.989427 0.000000 0.000000 1.000000 1.000000
v -1.128818 -0.000637 3.740032 0.000000 0.000000 1.000000 1.000000
v -1.184116 5.550540 3.670772 0.050980 1.000000 0.000000 1.000000
v -1.098171 5.433174 3.752515 0.050980 1.000000 0.000000 1.000000
v -1.651667 5.845640 3.749424 0.050980 1.000000 0.000000 1.000000
v -4.212476 0.000072 6.982944 0.000000 1.000000 0.000000 1.000000
v -4.270356 5.354495 6.909552 0.000000 0.000000 1.000000 1.000000
v -4.192073 5.388832 6.989835 0.000000 0.000000 1.000000 1.000000
v -4.720168 5.807919 6.994307 0.000000 0.000000 1.000000 1.000000
v -4.334433 5.657552 6.547618 0.000000 0.000000 1.000000 1.000000
v -4.152884 0.000001 6.491425 0.000000 1.000000 0.000000 1.000000
v -4.192108 5.388455 6.491369 0.000000 0.000000 1.000000 1.000000
v -4.232852 0.000001 6.571390 0.000000 1.000000 0.000000 1.000000
v -5.773625 5.388769 6.491356 0.000000 0.000000 1.000000 1.000000
v -5.747720 -0.000505 6.496214 0.000000 1.000000 0.000000 1.000000
v -5.694996 5.356398 6.571646 0.000000 0.000000 1.000000 1.000000
v -4.994333 5.997327 6.492561 0.000000 0.000000 1.000000 1.000000
v -3.739176 0.000617 0.536870 0.000000 0.000000 1.000000 1.000000
v -3.672508 5.273950 0.501945 0.050980 1.000000 0.000000 1.000000
v -3.752303 5.470660 0.573071 0.050980 1.000000 0.000000 1.000000
v -3.737514 5.993940 0.048173 0.050980 1.000000 0.000000 1.000000
v -3.752383 5.491791 -0.535703 0.050980 1.000000 0.000000 1.000000
v -3.673017 5.426076 -0.457431 0.050980 1.000000 0.000000 1.000000
v -3.746984 -0.000441 -0.498374 0.000000 0.000000 1.000000 1.000000
v -3.672122 5.427593 1.260614 0.050980 1.000000 0.000000 1.000000
v -3.749177 -0.000347 1.209184 0.000000 0.000000 1.000000 1.000000
v -3.752252 5.480178 1.182740 0.050980 1.000000 0.000000 1.000000
v -3.764822 5.894335 1.856262 0.050980 1.000000 0.000000 1.000000
v -3.672508 5.273950 2.261204 0.050980 1.000000 0.000000 1.000000
v -3.752474 5.288043 2.341101 0.050980 1.000000 0.000000 1.000000
v -3.749202 -0.000044 2.301262 0.000000 0.000000 1.000000 1.000000
v -6.571390 5.273950 0.713292 0.000000 0.000000 1.000000 1.000000
v -6.501418 -0.000563 0.761439 0.000000 1.000000 0.000000 1.000000
v -6.491425 5.293409 0.793123 0.000000 0.000000 1.000000 1.000000
v -6.486909 5.888006 0.155708 0.000000 0.000000 1.000000 1.000000
v -6.571547 5.430920 -0.690093 0.000000 0.000000 1.000000 1.000000
v -6.491561 5.489140 -0.768844 0.000000 0.000000 1.000000 1.000000
v -6.491479 -0.000380 -0.749371 0.000000 1.000000 0.000000 1.000000
v -6.909392 5.437172 4.289890 0.000000 0.000000 1.000000 1.000000
v -6.988846 -0.000096 4.234452 0.000000 1.000000 0.000000 1.000000
v -6.990046 5.499271 4.214598 0.000000 0.000000 1.000000 1.000000
v -6.986028 5.806132 4.838881 0.000000 0.000000 1.000000 1.000000
v -6.491158 5.499890 4.214628 0.000000 0.000000 1.000000 1.000000
v -6.493454 0.000091 4.223752 0.000000 1.000000 0.000000 1.000000
v -6.571621 5.432499 4.292172 0.000000 0.000000 1.000000 1.000000
v -6.496384 5.818998 4.914563 0.000000 0.000000 1.000000 1.000000
v -6.910440 5.425490 -0.692902 0.000000 0.000000 1.000000 1.000000
v -6.987717 0.000045 -0.758707 0.000000 1.000000 0.000000 1.000000
v -6.989889 5.378099 -0.773557 0.000000 0.000000 1.000000 1.000000
v -6.990610 5.854654 -0.035624 0.000000 0.000000 1.000000 1.000000
v -6.982852 -0.000272 -1.723045 0.000000 1.000000 0.000000 1.000000
v -6.909590 5.356319 -1.770696 0.000000 0.000000 1.000000 1.000000
v -6.989841 5.388825 -1.692067 0.000000 0.000000 1.000000 1.000000
v -6.988849 5.819776 -2.238359 0.000000 0.000000 1.000000 1.000000
v -6.571424 5.347281 -1.771048 0.000000 0.000000 1.000000 1.000000
v -6.498194 0.000041 -1.712327 0.000000 1.000000 0.000000 1.000000
v -6.491393 5.388403 -1.692023 0.000000 0.000000 1.000000 1.000000
v -6.503910 5.996770 -2.446437 0.000000 0.000000 1.000000 1.000000
v -6.571648 5.356353 -3.195002 0.000000 0.000000 1.000000 1.000000
v -6.491395 5.388813 -3.273636 0.000000 0.000000 1.000000 1.000000
v -6.502422 -0.000743 -3.244406 0.000000 1.000000 0.000000 1.000000
v -6.982944 0.000070 -4.212476 0.000000 1.000000 0.000000 1.000000
v -6.909554 5.354499 -4.270357 0.000000 0.000000 1.000000 1.000000
v -6.989840 5.388828 -4.192074 0.000000 0.000000 1.000000 1.000000
v -6.994146 5.806610 -4.720308 0.000000 0.000000 1.000000 1.000000
v -6.491425 -0.000000 -4.152884 0.000000 1.000000 0.000000 1.000000
v -6.545480 5.657712 -4.338427 0.000000 0.000000 1.000000 1.000000
v -6.571390 -0.000001 -4.232851 0.000000 1.000000 0.000000 1.000000
v -6.491369 5.388453 -4.192108 0.000000 0.000000 1.000000 1.000000
v -3.752476 0.000000 -2.223228 0.000000 0.000000 1.000000 1.000000
v -3.690585 5.673776 -2.068731 0.050980 1.000000 0.000000 1.000000
v -3.672511 -0.000000 -2.143261 0.000000 0.000000 1.000000 1.000000
v -3.752476 5.287270 -2.198831 0.050980 1.000000 0.000000 1.000000
v -6.491386 5.388793 -5.773634 0.000000 0.000000 1.000000 1.000000
v -6.504305 -0.000719 -5.743584 0.000000 1.000000 0.000000 1.000000
v -6.571647 5.356395 -5.694996 0.000000 0.000000 1.000000 1.000000
v -6.494989 5.987326 -4.996712 0.000000 0.000000 1.000000 1.000000
v -0.773526 5.602523 -6.990072 0.000000 0.000000 1.000000 1.000000
v -0.770006 0.000687 -6.982703 0.000000 1.000000 0.000000 1.000000
v -0.706984 5.442336 -6.909558 0.000000 0.000000 1.000000 1.000000
v 0.091444 5.826554 -6.986945 0.000000 0.000000 1.000000 1.000000
v 0.768660 5.494669 -6.989464 0.000000 0.000000 1.000000 1.000000
v 0.691892 5.459706 -6.909431 0.000000 0.000000 1.000000 1.000000
v 0.758787 0.000167 -6.987690 0.000000 1.000000 0.000000 1.000000
v -4.289891 5.437171 -6.909391 0.000000 0.000000 1.000000 1.000000
v -4.234452 -0.000098 -6.988845 0.000000 1.000000 0.000000 1.000000
v -4.214599 5.499269 -6.990045 0.000000 0.000000 1.000000 1.000000
v -4.838882 5.806131 -6.986028 0.000000 0.000000 1.000000 1.000000
v -4.223752 0.000089 -6.493454 0.000000 1.000000 0.000000 1.000000
v -4.292173 5.432498 -6.571622 0.000000 0.000000 1.000000 1.000000
v -4.214629 5.499889 -6.491158 0.000000 0.000000 1.000000 1.000000
v -4.914563 5.818996 -6.496384 0.000000 0.000000 1.000000 1.000000
v 0.749369 -0.000214 -6.491572 0.000000 1.000000 0.000000 1.000000
v 0.688265 5.420423 -6.570397 0.000000 0.000000 1.000000 1.000000
v 0.768850 5.486859 -6.491542 0.000000 0.000000 1.000000 1.000000
v 0.075093 5.814825 -6.502527 0.000000 0.000000 1.000000 1.000000
v 3.114867 5.657298 -6.951510 0.654902 0.654902 1.000000 1.000000
v 3.312819 -0.000001 -6.989813 0.000000 1.000000 0.000000 1.000000
v 3.273594 5.388516 -6.989855 1.000000 1.000000 1.000000 1.000000
v 3.232852 -0.000001 -6.909848 0.000000 1.000000 0.000000 1.000000
v 1.098171 5.433172 -3.752518 0.050980 1.000000 0.000000 1.000000
v 1.128818 -0.000638 -3.740032 0.000000 0.000000 1.000000 1.000000
v 1.184116 5.550541 -3.670773 0.050980 1.000000 0.000000 1.000000
v 1.651613 5.845835 -3.749616 0.050980 1.000000 0.000000 1.000000
v 4.192074 5.388827 -6.989840 0.000000 0.000000 1.000000 1.000000
v 4.212477 0.000070 -6.982944 0.000000 1.000000 0.000000 1.000000
v 4.270357 5.354500 -6.909554 0.000000 0.000000 1.000000 1.000000
v 4.720378 5.806636 -6.994143 0.000000 0.000000 1.000000 1.000000
v 4.152884 -0.000001 -6.491424 0.000000 1.000000 0.000000 1.000000
v 4.334459 5.657598 -6.547647 0.000000 0.000000 1.000000 1.000000
v 4.232852 -0.000001 -6.571389 0.000000 1.000000 0.000000 1.000000
v 4.192108 5.388453 -6.491369 0.000000 0.000000 1.000000 1.000000
v 5.747719 -0.000507 -6.496214 0.000000 1.000000 0.000000 1.000000
v 5.694996 5.356397 -6.571646 0.000000 0.000000 1.000000 1.000000
v 5.773625 5.388767 -6.491356 0.000000 0.000000 1.000000 1.000000
v 4.994246 5.997519 -6.492412 0.000000 0.000000 1.000000 1.000000
v 6.571665 5.355377 -3.212289 0.000000 0.000000 1.000000 1.000000
v 6.501725 -0.000712 -3.261725 0.000000 1.000000 0.000000 1.000000
v 6.491397 5.388715 -3.290785 0.000000 0.000000 1.000000 1.000000
v 6.489855 5.799376 -2.761061 0.000000 0.000000 1.000000 1.000000
v 6.909391 5.437143 -4.289885 0.000000 0.000000 1.000000 1.000000
v 6.988846 -0.000097 -4.234452 0.000000 1.000000 0.000000 1.000000
v 6.990044 5.499282 -4.214599 0.000000 0.000000 1.000000 1.000000
v 6.986131 5.806232 -4.839593 0.000000 0.000000 1.000000 1.000000
v 6.493454 0.000090 -4.223752 0.000000 1.000000 0.000000 1.000000
v 6.571622 5.432499 -4.292173 0.000000 0.000000 1.000000 1.000000
v 6.491158 5.499888 -4.214630 0.000000 0.000000 1.000000 1.000000
v 6.501462 5.994753 -5.006830 0.000000 0.000000 1.000000 1.000000
v 6.909917 5.427802 0.690456 0.000000 0.000000 1.000000 1.000000
v 6.492305 -0.000115 0.748526 0.000000 1.000000 0.000000 1.000000
v 6.987836 0.000094 0.759239 0.000000 1.000000 0.000000 1.000000
v 6.571650 5.431782 0.692626 0.000000 0.000000 1.000000 1.000000
v 6.989244 5.812801 0.114847 0.000000 0.000000 1.000000 1.000000
v 6.485357 5.886889 -0.155448 0.000000 0.000000 1.000000 1.000000
v 6.933372 5.644935 -0.656613 0.000000 0.000000 1.000000 1.000000
v 6.571391 5.273950 -0.713293 0.000000 0.000000 1.000000 1.000000
v 6.502390 -0.000808 -0.761476 0.000000 1.000000 0.000000 1.000000
v 6.986749 -0.001735 -0.770112 0.000000 1.000000 0.000000 1.000000
v 6.909864 5.350195 3.194382 0.000000 0.000000 1.000000 1.000000
v 6.499122 -0.000385 3.241928 0.000000 1.000000 0.000000 1.000000
v 6.988130 0.000022 3.259461 0.000000 1.000000 0.000000 1.000000
v 6.553524 5.673931 3.113963 0.000000 0.000000 1.000000 1.000000
v 6.989361 5.917520 2.436461 0.000000 0.000000 1.000000 1.000000
v 6.548673 5.654363 1.822256 0.000000 0.000000 1.000000 1.000000
v 6.909589 5.356304 1.770692 0.000000 0.000000 1.000000 1.000000
v 6.979827 -0.000645 1.721161 0.000000 1.000000 0.000000 1.000000
v 6.494365 -0.001412 1.712214 0.000000 1.000000 0.000000 1.000000
v 6.571391 0.000001 4.232851 0.000000 1.000000 0.000000 1.000000
v 6.909554 5.354495 4.270355 0.000000 0.000000 1.000000 1.000000
v 6.982945 0.000072 4.212476 0.000000 1.000000 0.000000 1.000000
v 6.547619 5.657552 4.334432 0.000000 0.000000 1.000000 1.000000
v 6.994308 5.807918 4.720167 0.000000 0.000000 1.000000 1.000000
v 6.492375 5.997171 4.994280 0.000000 0.000000 1.000000 1.000000
v 6.927413 5.655810 5.650318 0.000000 0.000000 1.000000 1.000000
v 6.571647 5.356398 5.694995 0.000000 0.000000 1.000000 1.000000
v 6.504302 -0.000716 5.743583 0.000000 1.000000 0.000000 1.000000
v 6.988186 -0.000923 5.755957 0.000000 1.000000 0.000000 1.000000
v 1.204499 -0.001724 3.749267 0.000000 0.000000 1.000000 1.000000
v 1.287902 5.659380 3.677866 0.050980 1.000000 0.000000 1.000000
v 1.231481 0.000000 3.410806 0.000000 0.000000 1.000000 1.000000
v 1.403117 6.038614 3.403691 0.050980 1.000000 0.000000 1.000000
v 2.207671 5.673059 3.690639 0.050980 1.000000 0.000000 1.000000
v 2.261121 5.319158 3.410805 0.050980 1.000000 0.000000 1.000000
v 2.310228 -0.000845 3.754883 0.000000 0.000000 1.000000 1.000000
v 2.287035 0.000000 3.410806 0.000000 0.000000 1.000000 1.000000
v 4.234452 -0.000096 6.988845 0.000000 1.000000 0.000000 1.000000
v 4.292173 5.432500 6.571620 0.000000 0.000000 1.000000 1.000000
v 4.223752 0.000091 6.493453 0.000000 1.000000 0.000000 1.000000
v 4.289891 5.437172 6.909391 0.000000 0.000000 1.000000 1.000000
v 4.914564 5.818998 6.496383 0.000000 0.000000 1.000000 1.000000
v 4.838879 5.806132 6.986027 0.000000 0.000000 1.000000 1.000000
v 5.688769 5.553265 6.560069 0.000000 0.000000 1.000000 1.000000
v 5.671810 5.647885 6.923758 0.000000 0.000000 1.000000 1.000000
v 5.757156 -0.002120 6.502947 0.000000 1.000000 0.000000 1.000000
v 5.773954 -0.001059 6.986627 0.000000 1.000000 0.000000 1.000000
v -0.690457 5.427803 6.909915 0.000000 0.000000 1.000000 1.000000
v -0.748768 -0.000174 6.492095 0.000000 1.000000 0.000000 1.000000
v -0.759239 0.000095 6.987835 0.000000 1.000000 0.000000 1.000000
v -0.690319 5.456886 6.571255 0.000000 0.000000 1.000000 1.000000
v -0.130160 5.806057 6.988450 0.000000 0.000000 1.000000 1.000000
v -0.099085 5.825447 6.513835 0.000000 0.000000 1.000000 1.000000
v 0.656977 5.643559 6.933345 0.000000 0.000000 1.000000 1.000000
v 0.703573 5.432972 6.570619 0.000000 0.000000 1.000000 1.000000
v 0.762188 0.000193 6.500933 0.000000 1.000000 0.000000 1.000000
v 0.770066 -0.001767 6.986743 0.000000 1.000000 0.000000 1.000000
v -3.194383 5.350196 6.909863 0.000000 0.000000 1.000000 1.000000
v -3.241928 -0.000385 6.499121 0.000000 1.000000 0.000000 1.000000
v -3.259462 0.000022 6.988129 0.000000 1.000000 0.000000 1.000000
v -3.114246 5.673114 6.553425 0.000000 0.000000 1.000000 1.000000
v -2.436462 5.917505 6.989427 0.000000 0.000000 1.000000 1.000000
v -1.820699 5.654663 6.549404 0.000000 0.000000 1.000000 1.000000
v -1.770693 5.356305 6.909588 0.000000 0.000000 1.000000 1.000000
v -1.721168 -0.000625 6.979906 0.000000 1.000000 0.000000 1.000000
v -1.712283 -0.001356 6.494452 0.000000 1.000000 0.000000 1.000000
v -4.232852 0.000001 6.571390 0.000000 1.000000 0.000000 1.000000
v -4.270356 5.354495 6.909552 0.000000 0.000000 1.000000 1.000000
v -4.212476 0.000072 6.982944 0.000000 1.000000 0.000000 1.000000
v -4.334433 5.657552 6.547618 0.000000 0.000000 1.000000 1.000000
v -4.720168 5.807919 6.994307 0.000000 0.000000 1.000000 1.000000
v -4.994333 5.997327 6.492561 0.000000 0.000000 1.000000 1.000000
v -5.650317 5.655809 6.927413 0.000000 0.000000 1.000000 1.000000
v -5.694996 5.356398 6.571646 0.000000 0.000000 1.000000 1.000000
v -5.747720 -0.000505 6.496214 0.000000 1.000000 0.000000 1.000000
v -5.764305 -0.000456 6.991090 0.000000 1.000000 0.000000 1.000000
v -3.749177 -0.000347 1.209184 0.000000 0.000000 1.000000 1.000000
v -3.672122 5.427593 1.260614 0.050980 1.000000 0.000000 1.000000
v -3.302010 0.000000 1.231481 0.000000 0.000000 1.000000 1.000000
v -3.300997 5.779278 1.311625 0.050980 1.000000 0.000000 1.000000
v -3.764822 5.894335 1.856262 0.050980 1.000000 0.000000 1.000000
v -3.301316 5.486269 2.256105 0.050980 1.000000 0.000000 1.000000
v -3.672508 5.273950 2.261204 0.050980 1.000000 0.000000 1.000000
v -3.749202 -0.000044 2.301262 0.000000 0.000000 1.000000 1.000000
v -3.302010 0.000000 2.287035 0.000000 0.000000 1.000000 1.000000
v -6.986053 -0.000433 1.733962 0.000000 1.000000 0.000000 1.000000
v -6.552436 5.654750 1.836427 0.000000 0.000000 1.000000 1.000000
v -6.490411 -0.001214 1.722028 0.000000 1.000000 0.000000 1.000000
v -6.923211 5.676331 1.856072 0.000000 0.000000 1.000000 1.000000
v -6.490060 5.799061 2.760793 0.000000 0.000000 1.000000 1.000000
v -6.952178 5.656739 3.131575 0.000000 0.000000 1.000000 1.000000
v -6.494598 5.376732 3.231476 0.000000 0.000000 1.000000 1.000000
v -6.502785 -0.000965 3.261829 0.000000 1.000000 0.000000 1.000000
v -6.988309 -0.002069 3.271467 0.000000 1.000000 0.000000 1.000000
v -6.988846 -0.000096 4.234452 0.000000 1.000000 0.000000 1.000000
v -6.571621 5.432499 4.292172 0.000000 0.000000 1.000000 1.000000
v -6.493454 0.000091 4.223752 0.000000 1.000000 0.000000 1.000000
v -6.909392 5.437172 4.289890 0.000000 0.000000 1.000000 1.000000
v -6.496384 5.818998 4.914563 0.000000 0.000000 1.000000 1.000000
v -6.986028 5.806132 4.838881 0.000000 0.000000 1.000000 1.000000
v -6.560071 5.553264 5.688768 0.000000 0.000000 1.000000 1.000000
v -6.923759 5.647884 5.671809 0.000000 0.000000 1.000000 1.000000
v -6.493551 -0.001566 5.763116 0.000000 1.000000 0.000000 1.000000
v -6.989744 -0.000668 5.781326 0.000000 1.000000 0.000000 1.000000
v -6.987717 0.000045 -0.758707 0.000000 1.000000 0.000000 1.000000
v -6.910440 5.425490 -0.692902 0.000000 0.000000 1.000000 1.000000
v -6.491479 -0.000380 -0.749371 0.000000 1.000000 0.000000 1.000000
v -6.571547 5.430920 -0.690093 0.000000 0.000000 1.000000 1.000000
v -6.990610 5.854654 -0.035624 0.000000 0.000000 1.000000 1.000000
v -6.486909 5.888006 0.155708 0.000000 0.000000 1.000000 1.000000
v -6.923912 5.585338 0.675460 0.000000 0.000000 1.000000 1.000000
v -6.571390 5.273950 0.713292 0.000000 0.000000 1.000000 1.000000
v -6.501418 -0.000563 0.761439 0.000000 1.000000 0.000000 1.000000
v -6.985987 -0.001164 0.769654 0.000000 1.000000 0.000000 1.000000
v -6.571424 5.347281 -1.771048 0.000000 0.000000 1.000000 1.000000
v -6.982852 -0.000272 -1.723045 0.000000 1.000000 0.000000 1.000000
v -6.498194 0.000041 -1.712327 0.000000 1.000000 0.000000 1.000000
v -6.909590 5.356319 -1.770696 0.000000 0.000000 1.000000 1.000000
v -6.503910 5.996770 -2.446437 0.000000 0.000000 1.000000 1.000000
v -6.988849 5.819776 -2.238359 0.000000 0.000000 1.000000 1.000000
v -6.933390 5.651508 -3.138411 0.000000 0.000000 1.000000 1.000000
v -6.571648 5.356353 -3.195002 0.000000 0.000000 1.000000 1.000000
v -6.502422 -0.000743 -3.244406 0.000000 1.000000 0.000000 1.000000
v -6.990775 -0.001225 -3.261473 0.000000 1.000000 0.000000 1.000000
v -3.684268 5.676597 -1.203503 0.050980 1.000000 0.000000 1.000000
v -3.741770 -0.001171 -1.131935 0.000000 0.000000 1.000000 1.000000
v -3.302012 -0.000000 -1.148818 0.000000 0.000000 1.000000 1.000000
v -3.295578 5.923913 -1.263843 0.050980 1.000000 0.000000 1.000000
v -3.690585 5.673776 -2.068731 0.050980 1.000000 0.000000 1.000000
v -3.302106 5.380410 -2.117556 0.050980 1.000000 0.000000 1.000000
v -3.672511 -0.000000 -2.143261 0.000000 0.000000 1.000000 1.000000
v -3.302012 -0.000000 -2.143261 0.000000 0.000000 1.000000 1.000000
v -6.909554 5.354499 -4.270357 0.000000 0.000000 1.000000 1.000000
v -6.982944 0.000070 -4.212476 0.000000 1.000000 0.000000 1.000000
v -6.571390 -0.000001 -4.232851 0.000000 1.000000 0.000000 1.000000
v -6.545480 5.657712 -4.338427 0.000000 0.000000 1.000000 1.000000
v -6.994146 5.806610 -4.720308 0.000000 0.000000 1.000000 1.000000
v -6.494989 5.987326 -4.996712 0.000000 0.000000 1.000000 1.000000
v -6.927449 5.655993 -5.650245 0.000000 0.000000 1.000000 1.000000
v -6.571647 5.356395 -5.694996 0.000000 0.000000 1.000000 1.000000
v -6.504305 -0.000719 -5.743584 0.000000 1.000000 0.000000 1.000000
v -6.988190 -0.000926 -5.755960 0.000000 1.000000 0.000000 1.000000
v -0.496174 5.474774 -3.411408 0.050980 1.000000 0.000000 1.000000
v -0.539664 -0.000258 -3.737835 0.000000 0.000000 1.000000 1.000000
v -0.527777 -0.000000 -3.410805 0.000000 0.000000 1.000000 1.000000
v -0.523335 5.400303 -3.741360 0.050980 1.000000 0.000000 1.000000
v 0.432223 5.807214 -3.413011 0.050980 1.000000 0.000000 1.000000
v 0.008805 5.854163 -3.751683 0.050980 1.000000 0.000000 1.000000
v 0.474652 5.452460 -3.746916 0.050980 1.000000 0.000000 1.000000
v 0.502102 -0.000564 -3.747032 0.000000 0.000000 1.000000 1.000000
v 0.485854 -0.000000 -3.410808 0.000000 0.000000 1.000000 1.000000
v -1.287301 5.658460 -3.677577 0.050980 1.000000 0.000000 1.000000
v -1.231481 -0.000000 -3.410805 0.000000 0.000000 1.000000 1.000000
v -1.204543 -0.001765 -3.749306 0.000000 0.000000 1.000000 1.000000
v -1.403037 6.038652 -3.403687 0.050980 1.000000 0.000000 1.000000
v -2.207659 5.673061 -3.690630 0.050980 1.000000 0.000000 1.000000
v -2.261121 5.319157 -3.410806 0.050980 1.000000 0.000000 1.000000
v -2.310229 -0.000847 -3.754883 0.000000 0.000000 1.000000 1.000000
v -2.287035 -0.000000 -3.410805 0.000000 0.000000 1.000000 1.000000
v -0.706984 5.442336 -6.909558 0.000000 0.000000 1.000000 1.000000
v -0.770006 0.000687 -6.982703 0.000000 1.000000 0.000000 1.000000
v -0.756808 0.010157 -6.498201 0.000000 1.000000 0.000000 1.000000
v -0.741163 5.476124 -6.498106 0.000000 0.000000 1.000000 1.000000
v 0.091444 5.826554 -6.986945 0.000000 0.000000 1.000000 1.000000
v 0.075093 5.814825 -6.502527 0.000000 0.000000 1.000000 1.000000
v 0.691892 5.459706 -6.909431 0.000000 0.000000 1.000000 1.000000
v 0.688265 5.420423 -6.570397 0.000000 0.000000 1.000000 1.000000
v 0.749369 -0.000214 -6.491572 0.000000 1.000000 0.000000 1.000000
v 0.758787 0.000167 -6.987690 0.000000 1.000000 0.000000 1.000000
v -1.732827 -0.000482 -6.987536 0.000000 1.000000 0.000000 1.000000
v -1.819909 5.651760 -6.557798 0.235294 0.235294 1.000000 1.000000
v -1.723160 -0.000186 -6.490911 0.000000 1.000000 0.000000 1.000000
v -1.852992 5.669491 -6.921819 0.450980 0.450980 1.000000 1.000000
v -2.760998 5.798966 -6.490155 0.000000 0.000000 1.000000 1.000000
v -3.131539 5.656596 -6.952162 0.000000 0.000000 1.000000 1.000000
v -3.231477 5.376729 -6.494601 0.000000 0.000000 1.000000 1.000000
v -3.261830 -0.000966 -6.502786 0.000000 1.000000 0.000000 1.000000
v -3.271469 -0.002074 -6.988307 0.000000 1.000000 0.000000 1.000000
v -4.234452 -0.000098 -6.988845 0.000000 1.000000 0.000000 1.000000
v -4.292173 5.432498 -6.571622 0.000000 0.000000 1.000000 1.000000
v -4.223752 0.000089 -6.493454 0.000000 1.000000 0.000000 1.000000
v -4.289891 5.437171 -6.909391 0.000000 0.000000 1.000000 1.000000
v -4.914563 5.818996 -6.496384 0.000000 0.000000 1.000000 1.000000
v -4.838882 5.806131 -6.986028 0.000000 0.000000 1.000000 1.000000
v -5.688769 5.553263 -6.560071 0.000000 0.000000 1.000000 1.000000
v -5.671810 5.647883 -6.923758 0.000000 0.000000 1.000000 1.000000
v -5.757156 -0.002121 -6.502948 0.000000 1.000000 0.000000 1.000000
v -5.773954 -0.001061 -6.986627 0.000000 1.000000 0.000000 1.000000
v 1.819390 5.656100 -6.552451 0.000000 0.000000 1.000000 1.000000
v 1.721146 -0.000615 -6.979985 0.000000 1.000000 0.000000 1.000000
v 1.712433 -0.001471 -6.494716 0.000000 1.000000 0.000000 1.000000
v 1.843891 5.671233 -6.927022 0.000000 0.000000 1.000000 1.000000
v 2.743543 5.798043 -6.488911 0.000000 0.000000 1.000000 1.000000
v 3.114867 5.657298 -6.951510 0.654902 0.654902 1.000000 1.000000
v 3.214049 5.377024 -6.494845 1.000000 1.000000 1.000000 1.000000
v 3.244560 -0.001021 -6.503506 0.000000 1.000000 0.000000 1.000000
v 3.232852 -0.000001 -6.909848 0.000000 1.000000 0.000000 1.000000
v 4.270357 5.354500 -6.909554 0.000000 0.000000 1.000000 1.000000
v 4.212477 0.000070 -6.982944 0.000000 1.000000 0.000000 1.000000
v 4.232852 -0.000001 -6.571389 0.000000 1.000000 0.000000 1.000000
v 4.334459 5.657598 -6.547647 0.000000 0.000000 1.000000 1.000000
v 4.720378 5.806636 -6.994143 0.000000 0.000000 1.000000 1.000000
v 4.994246 5.997519 -6.492412 0.000000 0.000000 1.000000 1.000000
v 5.650297 5.656031 -6.927418 0.000000 0.000000 1.000000 1.000000
v 5.694996 5.356397 -6.571646 0.000000 0.000000 1.000000 1.000000
v 5.747719 -0.000507 -6.496214 0.000000 1.000000 0.000000 1.000000
v 5.755764 -0.000928 -6.988467 0.000000 1.000000 0.000000 1.000000
v 3.410806 -0.000000 -0.527777 0.000000 0.000000 1.000000 1.000000
v 3.411408 5.474774 -0.496175 0.050980 1.000000 0.000000 1.000000
v 3.737835 -0.000257 -0.539664 0.000000 0.000000 1.000000 1.000000
v 3.741359 5.400301 -0.523336 0.050980 1.000000 0.000000 1.000000
v 3.413011 5.807215 0.432222 0.050980 1.000000 0.000000 1.000000
v 3.751681 5.854167 0.008804 0.050980 1.000000 0.000000 1.000000
v 3.746916 5.452461 0.474651 0.050980 1.000000 0.000000 1.000000
v 3.747033 -0.000564 0.502102 0.000000 0.000000 1.000000 1.000000
v 3.410808 0.000000 0.485854 0.000000 0.000000 1.000000 1.000000
v 3.677583 5.658444 -1.287305 0.050980 1.000000 0.000000 1.000000
v 3.410806 -0.000000 -1.231481 0.000000 0.000000 1.000000 1.000000
v 3.749307 -0.001764 -1.204542 0.000000 0.000000 1.000000 1.000000
v 3.403687 6.038651 -1.403040 0.050980 1.000000 0.000000 1.000000
v 3.690629 5.673062 -2.207663 0.050980 1.000000 0.000000 1.000000
v 3.410806 5.319157 -2.261122 0.050980 1.000000 0.000000 1.000000
v 3.754883 -0.000847 -2.310228 0.000000 0.000000 1.000000 1.000000
v 3.410806 -0.000000 -2.287035 0.000000 0.000000 1.000000 1.000000
v 6.571622 5.432499 -4.292173 0.000000 0.000000 1.000000 1.000000
v 6.493454 0.000090 -4.223752 0.000000 1.000000 0.000000 1.000000
v 6.988846 -0.000097 -4.234452 0.000000 1.000000 0.000000 1.000000
v 6.909391 5.437143 -4.289885 0.000000 0.000000 1.000000 1.000000
v 6.501462 5.994753 -5.006830 0.000000 0.000000 1.000000 1.000000
v 6.986131 5.806232 -4.839593 0.000000 0.000000 1.000000 1.000000
v 6.504961 5.439149 -5.736182 0.000000 0.000000 1.000000 1.000000
v 6.923759 5.647765 -5.671906 0.000000 0.000000 1.000000 1.000000
v 6.495323 0.012525 -5.762970 0.000000 1.000000 0.000000 1.000000
v 6.987664 -0.001601 -5.771702 0.000000 1.000000 0.000000 1.000000
v 3.410808 0.000000 1.148818 0.000000 0.000000 1.000000 1.000000
v 3.670773 5.550541 1.184115 0.050980 1.000000 0.000000 1.000000
v 3.740033 -0.000637 1.128818 0.000000 0.000000 1.000000 1.000000
v 3.410808 5.273950 1.173154 0.050980 1.000000 0.000000 1.000000
v 3.409441 6.035357 2.050252 0.050980 1.000000 0.000000 1.000000
v 3.749615 5.845836 1.651612 0.050980 1.000000 0.000000 1.000000
v 3.749506 5.461913 2.135160 0.050980 1.000000 0.000000 1.000000
v 3.750361 -0.000131 2.164308 0.000000 0.000000 1.000000 1.000000
v 3.410808 0.000000 2.143261 0.000000 0.000000 1.000000 1.000000
v 0.527777 0.000000 3.410806 0.000000 0.000000 1.000000 1.000000
v 0.483974 5.697363 3.408428 0.050980 1.000000 0.000000 1.000000
v 0.540744 0.000098 3.739679 0.000000 0.000000 1.000000 1.000000
v 0.501946 5.273950 3.672508 0.050980 1.000000 0.000000 1.000000
v 0.057646 5.876049 3.750630 0.050980 1.000000 0.000000 1.000000
v -0.452413 5.540669 3.411892 0.050980 1.000000 0.000000 1.000000
v -0.475571 5.453160 3.747138 0.050980 1.000000 0.000000 1.000000
v -0.503012 -0.000297 3.748391 0.000000 0.000000 1.000000 1.000000
v -0.485854 0.000000 3.410808 0.000000 0.000000 1.000000 1.000000
v 1.733134 -0.000215 6.987123 0.000000 1.000000 0.000000 1.000000
v 1.814208 5.558841 6.562788 0.000000 0.000000 1.000000 1.000000
v 1.722844 -0.000663 6.490796 0.000000 1.000000 0.000000 1.000000
v 1.787701 5.355326 6.909571 0.000000 0.000000 1.000000 1.000000
v 2.244788 5.809682 6.989481 0.000000 0.000000 1.000000 1.000000
v 2.723573 5.811146 6.489090 0.000000 0.000000 1.000000 1.000000
v 3.154366 5.653636 6.934648 0.000000 0.000000 1.000000 1.000000
v 3.212289 5.355373 6.571663 0.000000 0.000000 1.000000 1.000000
v 3.261727 -0.000713 6.501730 0.000000 1.000000 0.000000 1.000000
v 3.270860 -0.001679 6.987112 0.000000 1.000000 0.000000 1.000000
v -1.148818 0.000000 3.410808 0.000000 0.000000 1.000000 1.000000
v -1.184116 5.550540 3.670772 0.050980 1.000000 0.000000 1.000000
v -1.128818 -0.000637 3.740032 0.000000 0.000000 1.000000 1.000000
v -1.173154 5.273950 3.410807 0.050980 1.000000 0.000000 1.000000
v -2.050266 6.035364 3.409440 0.050980 1.000000 0.000000 1.000000
v -1.651667 5.845640 3.749424 0.050980 1.000000 0.000000 1.000000
v -2.135162 5.461907 3.749505 0.050980 1.000000 0.000000 1.000000
v -2.164309 -0.000131 3.750361 0.000000 0.000000 1.000000 1.000000
v -2.143262 0.000000 3.410808 0.000000 0.000000 1.000000 1.000000
v -3.302462 5.468464 0.496701 0.050980 1.000000 0.000000 1.000000
v -3.739176 0.000617 0.536870 0.000000 0.000000 1.000000 1.000000
v -3.302010 0.000000 0.527777 0.000000 0.000000 1.000000 1.000000
v -3.672508 5.273950 0.501945 0.050980 1.000000 0.000000 1.000000
v -3.737514 5.993940 0.048173 0.050980 1.000000 0.000000 1.000000
v -3.312369 5.743920 -0.435154 0.050980 1.000000 0.000000 1.000000
v -3.673017 5.426076 -0.457431 0.050980 1.000000 0.000000 1.000000
v -3.746984 -0.000441 -0.498374 0.000000 0.000000 1.000000 1.000000
v -3.302012 -0.000000 -0.485854 0.000000 0.000000 1.000000 1.000000
v 1.184116 5.550541 -3.670773 0.050980 1.000000 0.000000 1.000000
v 1.128818 -0.000638 -3.740032 0.000000 0.000000 1.000000 1.000000
v 1.148818 -0.000000 -3.410808 0.000000 0.000000 1.000000 1.000000
v 1.173154 5.273949 -3.410808 0.050980 1.000000 0.000000 1.000000
v 2.050253 6.035357 -3.409442 0.050980 1.000000 0.000000 1.000000
v 1.651613 5.845835 -3.749616 0.050980 1.000000 0.000000 1.000000
v 2.135161 5.461912 -3.749506 0.050980 1.000000 0.000000 1.000000
v 2.164308 -0.000131 -3.750361 0.000000 0.000000 1.000000 1.000000
v 2.143262 -0.000000 -3.410808 0.000000 0.000000 1.000000 1.000000
v 6.552931 5.655190 -1.835198 0.000000 0.000000 1.000000 1.000000
v 6.490421 -0.001210 -1.722105 0.000000 1.000000 0.000000 1.000000
v 6.986113 -0.000421 -1.733927 0.000000 1.000000 0.000000 1.000000
v 6.985513 5.380541 -1.772128 0.000000 0.000000 1.000000 1.000000
v 6.989608 5.813544 -2.239061 0.000000 0.000000 1.000000 1.000000
v 6.489855 5.799376 -2.761061 0.000000 0.000000 1.000000 1.000000
v 6.934636 5.653389 -3.154519 0.000000 0.000000 1.000000 1.000000
v 6.571665 5.355377 -3.212289 0.000000 0.000000 1.000000 1.000000
v 6.501725 -0.000712 -3.261725 0.000000 1.000000 0.000000 1.000000
v 6.987111 -0.001672 -3.270857 0.000000 1.000000 0.000000 1.000000
v 0.000538 6.583116 -7.888016 0.000000 0.000000 1.000000 1.000000
v -7.798125 6.996207 -7.847744 0.000000 0.000000 1.000000 1.000000
v -7.934371 6.829268 -7.926682 0.000000 0.000000 1.000000 1.000000
v -0.000114 6.992073 -7.841597 0.000000 0.000000 1.000000 1.000000
v -7.713843 6.503263 -7.724555 0.000000 0.000000 1.000000 1.000000
v 0.000001 6.499999 -6.989811 0.000000 0.000000 1.000000 1.000000
v -6.989781 6.500039 -6.989790 0.000000 0.000000 1.000000 1.000000
v 0.000001 7.000095 -6.989814 0.000000 0.000000 1.000000 1.000000
v -7.798125 6.996207 -7.847744 0.000000 0.000000 1.000000 1.000000
v -6.989814 7.000190 -6.989813 0.000000 0.000000 1.000000 1.000000
v -7.723924 6.501107 7.708689 0.000000 0.000000 1.000000 1.000000
v -6.989801 6.500015 -0.000001 0.000000 0.000000 1.000000 1.000000
v -6.989815 6.499998 6.989812 0.000000 0.000000 1.000000 1.000000
v -7.934371 6.829268 -7.926682 0.000000 0.000000 1.000000 1.000000
v 6.989822 6.499984 6.989817 0.000000 0.000000 1.000000 1.000000
v -7.931210 6.834723 7.936884 0.000000 0.000000 1.000000 1.000000
v -7.843324 6.997408 7.795840 0.000000 0.000000 1.000000 1.000000
v -6.989814 7.000146 6.989812 0.000000 0.000000 1.000000 1.000000
v 7.713974 6.500720 7.726648 0.000000 0.000000 1.000000 1.000000
v 7.816313 6.997046 7.842139 0.000000 0.000000 1.000000 1.000000
v 6.989792 6.500026 -6.989794 0.000000 0.000000 1.000000 1.000000
v 6.989814 7.000158 6.989812 0.000000 0.000000 1.000000 1.000000
v -7.931210 6.834723 7.936884 0.000000 0.000000 1.000000 1.000000
v 7.936021 6.834535 7.930640 0.000000 0.000000 1.000000 1.000000
v 7.841536 6.997062 -7.805822 0.000000 0.000000 1.000000 1.000000
v 6.989814 7.000033 -6.989814 0.000000 0.000000 1.000000 1.000000
v 0.000001 7.000095 -6.989814 0.000000 0.000000 1.000000 1.000000
v 7.936021 6.834535 7.930640 0.000000 0.000000 1.000000 1.000000
v -0.000114 6.992073 -7.841597 0.000000 0.000000 1.000000 1.000000
v 7.934938 6.745874 -7.919990 0.000000 0.000000 1.000000 1.000000
v 7.934938 6.745874 -7.919990 0.000000 0.000000 1.000000 1.000000
v 7.621721 6.499030 -7.620344 0.000000 0.000000 1.000000 1.000000
v 0.000538 6.583116 -7.888016 0.000000 0.000000 1.000000 1.000000
v 0.000001 6.499999 -6.989811 0.000000 0.000000 1.000000 1.000000
v 6.491426 0.000000 6.491424 0.000000 1.000000 0.000000 1.000000
v 6.504302 -0.000716 5.743583 0.000000 1.000000 0.000000 1.000000
v 6.491386 5.388794 5.773633 0.000000 0.000000 1.000000 1.000000
v 6.491422 5.999927 6.491425 0.000000 0.000000 1.000000 1.000000
v 6.492375 5.997171 4.994280 0.000000 0.000000 1.000000 1.000000
v 6.547619 5.657552 4.334432 0.000000 0.000000 1.000000 1.000000
v 6.553524 5.673931 3.113963 0.000000 0.000000 1.000000 1.000000
v 6.491370 5.388454 4.192107 0.000000 0.000000 1.000000 1.000000
v 6.491396 5.388817 3.273635 0.000000 0.000000 1.000000 1.000000
v 6.491426 0.000000 4.152884 0.000000 1.000000 0.000000 1.000000
v 6.499122 -0.000385 3.241928 0.000000 1.000000 0.000000 1.000000
v 6.548673 5.654363 1.822256 0.000000 0.000000 1.000000 1.000000
v 6.485357 5.886889 -0.155448 0.000000 0.000000 1.000000 1.000000
v 6.501462 5.994753 -5.006830 0.000000 0.000000 1.000000 1.000000
v 6.491567 5.489367 0.768816 0.000000 0.000000 1.000000 1.000000
v 6.491394 5.388403 1.692022 0.000000 0.000000 1.000000 1.000000
v 6.492305 -0.000115 0.748526 0.000000 1.000000 0.000000 1.000000
v 6.494365 -0.001412 1.712214 0.000000 1.000000 0.000000 1.000000
v 6.552931 5.655190 -1.835198 0.000000 0.000000 1.000000 1.000000
v 6.491371 5.388604 -1.709253 0.000000 0.000000 1.000000 1.000000
v 6.491426 5.293409 -0.793125 0.000000 0.000000 1.000000 1.000000
v 6.490421 -0.001210 -1.722105 0.000000 1.000000 0.000000 1.000000
v 6.502390 -0.000808 -0.761476 0.000000 1.000000 0.000000 1.000000
v 6.489855 5.799376 -2.761061 0.000000 0.000000 1.000000 1.000000
v 6.491158 5.499888 -4.214630 0.000000 0.000000 1.000000 1.000000
v 6.491397 5.388715 -3.290785 0.000000 0.000000 1.000000 1.000000
v 6.493454 0.000090 -4.223752 0.000000 1.000000 0.000000 1.000000
v 6.501725 -0.000712 -3.261725 0.000000 1.000000 0.000000 1.000000
v 6.491425 5.999998 -6.491425 0.000000 0.000000 1.000000 1.000000
v 6.504961 5.439149 -5.736182 0.000000 0.000000 1.000000 1.000000
v 6.495323 0.012525 -5.762970 0.000000 1.000000 0.000000 1.000000
v 6.491426 -0.000001 -6.491424 0.000000 1.000000 0.000000 1.000000
v 6.988186 -0.000923 5.755957 0.000000 1.000000 0.000000 1.000000
v 6.989814 0.000000 6.989813 0.000000 1.000000 0.000000 1.000000
v 6.989836 5.388515 5.773601 0.000000 0.000000 1.000000 1.000000
v 6.989822 6.499984 6.989817 0.000000 0.000000 1.000000 1.000000
v 6.927413 5.655810 5.650318 0.000000 0.000000 1.000000 1.000000
v 6.994308 5.807918 4.720167 0.000000 0.000000 1.000000 1.000000
v 6.989361 5.917520 2.436461 0.000000 0.000000 1.000000 1.000000
v 6.989792 6.500026 -6.989794 0.000000 0.000000 1.000000 1.000000
v 6.989941 5.457322 3.269214 0.000000 0.000000 1.000000 1.000000
v 6.989836 5.388832 4.192072 0.000000 0.000000 1.000000 1.000000
v 6.988130 0.000022 3.259461 0.000000 1.000000 0.000000 1.000000
v 6.982945 0.000072 4.212476 0.000000 1.000000 0.000000 1.000000
v 6.989244 5.812801 0.114847 0.000000 0.000000 1.000000 1.000000
v 6.989664 5.487441 0.768904 0.000000 0.000000 1.000000 1.000000
v 6.989846 5.388829 1.692068 0.000000 0.000000 1.000000 1.000000
v 6.987836 0.000094 0.759239 0.000000 1.000000 0.000000 1.000000
v 6.979827 -0.000645 1.721161 0.000000 1.000000 0.000000 1.000000
v 6.933372 5.644935 -0.656613 0.000000 0.000000 1.000000 1.000000
v 6.989608 5.813544 -2.239061 0.000000 0.000000 1.000000 1.000000
v 6.985513 5.380541 -1.772128 0.000000 0.000000 1.000000 1.000000
v 6.989814 5.293409 -0.793125 0.000000 0.000000 1.000000 1.000000
v 6.986113 -0.000421 -1.733927 0.000000 1.000000 0.000000 1.000000
v 6.986749 -0.001735 -0.770112 0.000000 1.000000 0.000000 1.000000
v 6.934636 5.653389 -3.154519 0.000000 0.000000 1.000000 1.000000
v 6.986131 5.806232 -4.839593 0.000000 0.000000 1.000000 1.000000
v 6.990044 5.499282 -4.214599 0.000000 0.000000 1.000000 1.000000
v 6.923759 5.647765 -5.671906 0.000000 0.000000 1.000000 1.000000
v 6.989840 5.388637 -3.290755 0.000000 0.000000 1.000000 1.000000
v 6.989814 5.293409 -5.793124 0.000000 0.000000 1.000000 1.000000
v 6.988846 -0.000097 -4.234452 0.000000 1.000000 0.000000 1.000000
v 6.987111 -0.001672 -3.270857 0.000000 1.000000 0.000000 1.000000
v 6.989814 -0.000001 -6.989813 0.000000 1.000000 0.000000 1.000000
v 6.987664 -0.001601 -5.771702 0.000000 1.000000 0.000000 1.000000
v 6.989814 0.000000 6.989813 0.000000 1.000000 0.000000 1.000000
v 5.773954 -0.001059 6.986627 0.000000 1.000000 0.000000 1.000000
v 5.793124 5.293410 6.989812 0.000000 0.000000 1.000000 1.000000
v 6.989822 6.499984 6.989817 0.000000 0.000000 1.000000 1.000000
v 5.671810 5.647885 6.923758 0.000000 0.000000 1.000000 1.000000
v 4.838879 5.806132 6.986027 0.000000 0.000000 1.000000 1.000000
v 3.154366 5.653636 6.934648 0.000000 0.000000 1.000000 1.000000
v 4.214599 5.499272 6.990045 0.000000 0.000000 1.000000 1.000000
v 3.290755 5.388645 6.989837 0.000000 0.000000 1.000000 1.000000
v 4.234452 -0.000096 6.988845 0.000000 1.000000 0.000000 1.000000
v 3.270860 -0.001679 6.987112 0.000000 1.000000 0.000000 1.000000
v 2.244788 5.809682 6.989481 0.000000 0.000000 1.000000 1.000000
v 0.656977 5.643559 6.933345 0.000000 0.000000 1.000000 1.000000
v 1.709216 5.388715 6.989849 0.000000 0.000000 1.000000 1.000000
v 0.793124 5.293410 6.989812 0.000000 0.000000 1.000000 1.000000
v 1.733134 -0.000215 6.987123 0.000000 1.000000 0.000000 1.000000
v 0.770066 -0.001767 6.986743 0.000000 1.000000 0.000000 1.000000
v -0.130160 5.806057 6.988450 0.000000 0.000000 1.000000 1.000000
v -2.436462 5.917505 6.989427 0.000000 0.000000 1.000000 1.000000
v -0.768905 5.487442 6.989662 0.000000 0.000000 1.000000 1.000000
v -6.989815 6.499998 6.989812 0.000000 0.000000 1.000000 1.000000
v -1.692069 5.388830 6.989845 0.000000 0.000000 1.000000 1.000000
v -0.759239 0.000095 6.987835 0.000000 1.000000 0.000000 1.000000
v -1.721168 -0.000625 6.979906 0.000000 1.000000 0.000000 1.000000
v -6.989814 0.000001 6.989813 0.000000 1.000000 0.000000 1.000000
v -5.764305 -0.000456 6.991090 0.000000 1.000000 0.000000 1.000000
v -5.773596 5.388498 6.989854 0.000000 0.000000 1.000000 1.000000
v -5.650317 5.655809 6.927413 0.000000 0.000000 1.000000 1.000000
v -4.720168 5.807919 6.994307 0.000000 0.000000 1.000000 1.000000
v -3.269216 5.457323 6.989940 0.000000 0.000000 1.000000 1.000000
v -4.192073 5.388832 6.989835 0.000000 0.000000 1.000000 1.000000
v -3.259462 0.000022 6.988129 0.000000 1.000000 0.000000 1.000000
v -4.212476 0.000072 6.982944 0.000000 1.000000 0.000000 1.000000
v -5.757156 -0.002121 -6.502948 0.000000 1.000000 0.000000 1.000000
v -6.491425 -0.000001 -6.491425 0.000000 1.000000 0.000000 1.000000
v -5.793124 5.293408 -6.491425 0.000000 0.000000 1.000000 1.000000
v -6.491421 5.999926 -6.491426 0.000000 0.000000 1.000000 1.000000
v -5.688769 5.553263 -6.560071 0.000000 0.000000 1.000000 1.000000
v -4.914563 5.818996 -6.496384 0.000000 0.000000 1.000000 1.000000
v -2.760998 5.798966 -6.490155 0.000000 0.000000 1.000000 1.000000
v -4.214629 5.499889 -6.491158 0.000000 0.000000 1.000000 1.000000
v -3.231477 5.376729 -6.494601 0.000000 0.000000 1.000000 1.000000
v -4.223752 0.000089 -6.493454 0.000000 1.000000 0.000000 1.000000
v -3.261830 -0.000966 -6.502786 0.000000 1.000000 0.000000 1.000000
v -1.819909 5.651760 -6.557798 0.235294 0.235294 1.000000 1.000000
v -0.741163 5.476124 -6.498106 0.000000 0.000000 1.000000 1.000000
v -1.709252 5.388603 -6.491370 0.000000 0.000000 1.000000 1.000000
v -1.723160 -0.000186 -6.490911 0.000000 1.000000 0.000000 1.000000
v -0.756808 0.010157 -6.498201 0.000000 1.000000 0.000000 1.000000
v 4.994246 5.997519 -6.492412 0.000000 0.000000 1.000000 1.000000
v 0.075093 5.814825 -6.502527 0.000000 0.000000 1.000000 1.000000
v 1.819390 5.656100 -6.552451 0.000000 0.000000 1.000000 1.000000
v 0.768850 5.486859 -6.491542 0.000000 0.000000 1.000000 1.000000
v 1.692023 5.388402 -6.491394 0.000000 0.000000 1.000000 1.000000
v 0.749369 -0.000214 -6.491572 0.000000 1.000000 0.000000 1.000000
v 1.712433 -0.001471 -6.494716 0.000000 1.000000 0.000000 1.000000
v 2.743543 5.798043 -6.488911 0.000000 0.000000 1.000000 1.000000
v 4.334459 5.657598 -6.547647 0.000000 0.000000 1.000000 1.000000
v 4.192108 5.388453 -6.491369 0.000000 0.000000 1.000000 1.000000
v 3.214049 5.377024 -6.494845 1.000000 1.000000 1.000000 1.000000
v 4.152884 -0.000001 -6.491424 0.000000 1.000000 0.000000 1.000000
v 3.244560 -0.001021 -6.503506 0.000000 1.000000 0.000000 1.000000
v 6.491425 5.999998 -6.491425 0.000000 0.000000 1.000000 1.000000
v 5.773625 5.388767 -6.491356 0.000000 0.000000 1.000000 1.000000
v 5.747719 -0.000507 -6.496214 0.000000 1.000000 0.000000 1.000000
v 6.491426 -0.000001 -6.491424 0.000000 1.000000 0.000000 1.000000
v -6.491425 -0.000001 -6.491425 0.000000 1.000000 0.000000 1.000000
v -6.504305 -0.000719 -5.743584 0.000000 1.000000 0.000000 1.000000
v -6.491386 5.388793 -5.773634 0.000000 0.000000 1.000000 1.000000
v -6.491421 5.999926 -6.491426 0.000000 0.000000 1.000000 1.000000
v -6.494989 5.987326 -4.996712 0.000000 0.000000 1.000000 1.000000
v -6.545480 5.657712 -4.338427 0.000000 0.000000 1.000000 1.000000
v -6.503910 5.996770 -2.446437 0.000000 0.000000 1.000000 1.000000
v -6.491369 5.388453 -4.192108 0.000000 0.000000 1.000000 1.000000
v -6.491395 5.388813 -3.273636 0.000000 0.000000 1.000000 1.000000
v -6.491425 -0.000000 -4.152884 0.000000 1.000000 0.000000 1.000000
v -6.502422 -0.000743 -3.244406 0.000000 1.000000 0.000000 1.000000
v -6.989814 -0.000001 -6.989812 0.000000 1.000000 0.000000 1.000000
v -5.773954 -0.001061 -6.986627 0.000000 1.000000 0.000000 1.000000
v -5.793124 5.293408 -6.989812 0.000000 0.000000 1.000000 1.000000
v -6.989781 6.500039 -6.989790 0.000000 0.000000 1.000000 1.000000
v -5.671810 5.647883 -6.923758 0.000000 0.000000 1.000000 1.000000
v -4.838882 5.806131 -6.986028 0.000000 0.000000 1.000000 1.000000
v -3.131539 5.656596 -6.952162 0.000000 0.000000 1.000000 1.000000
v -4.214599 5.499269 -6.990045 0.000000 0.000000 1.000000 1.000000
v 0.000001 6.499999 -6.989811 0.000000 0.000000 1.000000 1.000000
v -3.290755 5.388646 -6.989836 0.000000 0.000000 1.000000 1.000000
v -4.234452 -0.000098 -6.988845 0.000000 1.000000 0.000000 1.000000
v -3.271469 -0.002074 -6.988307 0.000000 1.000000 0.000000 1.000000
v -1.852992 5.669491 -6.921819 0.450980 0.450980 1.000000 1.000000
v -0.773526 5.602523 -6.990072 0.000000 0.000000 1.000000 1.000000
v -1.709216 5.388714 -6.989850 0.121569 0.121569 1.000000 1.000000
v -1.732827 -0.000482 -6.987536 0.000000 1.000000 0.000000 1.000000
v -0.770006 0.000687 -6.982703 0.000000 1.000000 0.000000 1.000000
v 0.091444 5.826554 -6.986945 0.000000 0.000000 1.000000 1.000000
v 1.843891 5.671233 -6.927022 0.000000 0.000000 1.000000 1.000000
v 0.768660 5.494669 -6.989464 0.000000 0.000000 1.000000 1.000000
v 3.114867 5.657298 -6.951510 0.654902 0.654902 1.000000 1.000000
v 1.692069 5.388828 -6.989846 0.000000 0.000000 1.000000 1.000000
v 0.758787 0.000167 -6.987690 0.000000 1.000000 0.000000 1.000000
v 1.721146 -0.000615 -6.979985 0.000000 1.000000 0.000000 1.000000
v 6.989792 6.500026 -6.989794 0.000000 0.000000 1.000000 1.000000
v 4.720378 5.806636 -6.994143 0.000000 0.000000 1.000000 1.000000
v 3.273594 5.388516 -6.989855 1.000000 1.000000 1.000000 1.000000
v 5.650297 5.656031 -6.927418 0.000000 0.000000 1.000000 1.000000
v 4.192074 5.388827 -6.989840 0.000000 0.000000 1.000000 1.000000
v 5.773602 5.388514 -6.989836 0.000000 0.000000 1.000000 1.000000
v 3.312819 -0.000001 -6.989813 0.000000 1.000000 0.000000 1.000000
v 4.212477 0.000070 -6.982944 0.000000 1.000000 0.000000 1.000000
v 6.989814 -0.000001 -6.989813 0.000000 1.000000 0.000000 1.000000
v 5.755764 -0.000928 -6.988467 0.000000 1.000000 0.000000 1.000000
v 2.310228 -0.000845 3.754883 0.000000 0.000000 1.000000 1.000000
v 2.341102 5.288043 3.752473 0.050980 1.000000 0.000000 1.000000
v 3.752476 0.000005 3.752474 0.000000 0.000000 1.000000 1.000000
v 3.752477 6.000015 3.752473 0.050980 1.000000 0.000000 1.000000
v 2.207671 5.673059 3.690639 0.050980 1.000000 0.000000 1.000000
v 1.287902 5.659380 3.677866 0.050980 1.000000 0.000000 1.000000
v 0.057646 5.876049 3.750630 0.050980 1.000000 0.000000 1.000000
v 0.576649 5.434969 3.752470 0.050980 1.000000 0.000000 1.000000
v 1.182749 5.477842 3.752341 0.050980 1.000000 0.000000 1.000000
v 1.204499 -0.001724 3.749267 0.000000 0.000000 1.000000 1.000000
v 0.540744 0.000098 3.739679 0.000000 0.000000 1.000000 1.000000
v -1.651667 5.845640 3.749424 0.050980 1.000000 0.000000 1.000000
v -0.475571 5.453160 3.747138 0.050980 1.000000 0.000000 1.000000
v -3.752474 6.000011 3.752476 0.050980 1.000000 0.000000 1.000000
v -1.098171 5.433174 3.752515 0.050980 1.000000 0.000000 1.000000
v -0.503012 -0.000297 3.748391 0.000000 0.000000 1.000000 1.000000
v -1.128818 -0.000637 3.740032 0.000000 0.000000 1.000000 1.000000
v -2.135162 5.461907 3.749505 0.050980 1.000000 0.000000 1.000000
v -2.164309 -0.000131 3.750361 0.000000 0.000000 1.000000 1.000000
v -3.752474 0.000005 3.752476 0.000000 0.000000 1.000000 1.000000
v 3.752518 5.433173 1.098171 0.050980 1.000000 0.000000 1.000000
v 3.747033 -0.000564 0.502102 0.000000 0.000000 1.000000 1.000000
v 3.740033 -0.000637 1.128818 0.000000 0.000000 1.000000 1.000000
v 3.746916 5.452461 0.474651 0.050980 1.000000 0.000000 1.000000
v 3.749615 5.845836 1.651612 0.050980 1.000000 0.000000 1.000000
v 3.751681 5.854167 0.008804 0.050980 1.000000 0.000000 1.000000
v 3.752473 6.000012 -3.752477 0.050980 1.000000 0.000000 1.000000
v 3.752477 6.000015 3.752473 0.050980 1.000000 0.000000 1.000000
v 3.749506 5.461913 2.135160 0.050980 1.000000 0.000000 1.000000
v 3.750361 -0.000131 2.164308 0.000000 0.000000 1.000000 1.000000
v 3.752476 0.000005 3.752474 0.000000 0.000000 1.000000 1.000000
v 3.677583 5.658444 -1.287305 0.050980 1.000000 0.000000 1.000000
v 3.741359 5.400301 -0.523336 0.050980 1.000000 0.000000 1.000000
v 3.690629 5.673062 -2.207663 0.050980 1.000000 0.000000 1.000000
v 3.752341 5.477835 -1.182749 0.050980 1.000000 0.000000 1.000000
v 3.752474 5.288042 -2.341103 0.050980 1.000000 0.000000 1.000000
v 3.749307 -0.001764 -1.204542 0.000000 0.000000 1.000000 1.000000
v 3.737835 -0.000257 -0.539664 0.000000 0.000000 1.000000 1.000000
v 3.752474 0.000004 -3.752476 0.000000 0.000000 1.000000 1.000000
v 3.754883 -0.000847 -2.310228 0.000000 0.000000 1.000000 1.000000
v 4.223752 0.000091 6.493453 0.000000 1.000000 0.000000 1.000000
v 3.290785 5.388719 6.491395 0.000000 0.000000 1.000000 1.000000
v 3.261727 -0.000713 6.501730 0.000000 1.000000 0.000000 1.000000
v 4.214629 5.499890 6.491157 0.000000 0.000000 1.000000 1.000000
v 2.723573 5.811146 6.489090 0.000000 0.000000 1.000000 1.000000
v 4.914564 5.818998 6.496383 0.000000 0.000000 1.000000 1.000000
v 6.491422 5.999927 6.491425 0.000000 0.000000 1.000000 1.000000
v 5.688769 5.553265 6.560069 0.000000 0.000000 1.000000 1.000000
v 1.814208 5.558841 6.562788 0.000000 0.000000 1.000000 1.000000
v 5.793124 5.293410 6.491424 0.000000 0.000000 1.000000 1.000000
v 5.757156 -0.002120 6.502947 0.000000 1.000000 0.000000 1.000000
v 6.491426 0.000000 6.491424 0.000000 1.000000 0.000000 1.000000
v 0.775522 5.602225 6.496465 0.000000 0.000000 1.000000 1.000000
v 1.709252 5.388605 6.491370 0.000000 0.000000 1.000000 1.000000
v 1.722844 -0.000663 6.490796 0.000000 1.000000 0.000000 1.000000
v 0.762188 0.000193 6.500933 0.000000 1.000000 0.000000 1.000000
v -4.994333 5.997327 6.492561 0.000000 0.000000 1.000000 1.000000
v -0.099085 5.825447 6.513835 0.000000 0.000000 1.000000 1.000000
v -1.820699 5.654663 6.549404 0.000000 0.000000 1.000000 1.000000
v -0.768720 5.494495 6.491740 0.000000 0.000000 1.000000 1.000000
v -1.692023 5.388404 6.491393 0.000000 0.000000 1.000000 1.000000
v -0.748768 -0.000174 6.492095 0.000000 1.000000 0.000000 1.000000
v -1.712283 -0.001356 6.494452 0.000000 1.000000 0.000000 1.000000
v -3.114246 5.673114 6.553425 0.000000 0.000000 1.000000 1.000000
v -4.334433 5.657552 6.547618 0.000000 0.000000 1.000000 1.000000
v -4.192108 5.388455 6.491369 0.000000 0.000000 1.000000 1.000000
v -3.273636 5.388817 6.491395 0.000000 0.000000 1.000000 1.000000
v -4.152884 0.000001 6.491425 0.000000 1.000000 0.000000 1.000000
v -3.241928 -0.000385 6.499121 0.000000 1.000000 0.000000 1.000000
v -6.491426 5.999931 6.491421 0.000000 0.000000 1.000000 1.000000
v -5.773625 5.388769 6.491356 0.000000 0.000000 1.000000 1.000000
v -5.747720 -0.000505 6.496214 0.000000 1.000000 0.000000 1.000000
v -6.491425 0.000001 6.491425 0.000000 1.000000 0.000000 1.000000
v -3.752474 5.288043 2.341101 0.050980 1.000000 0.000000 1.000000
v -3.752474 0.000005 3.752476 0.000000 0.000000 1.000000 1.000000
v -3.749202 -0.000044 2.301262 0.000000 0.000000 1.000000 1.000000
v -3.752474 6.000011 3.752476 0.050980 1.000000 0.000000 1.000000
v -3.764822 5.894335 1.856262 0.050980 1.000000 0.000000 1.000000
v -3.737514 5.993940 0.048173 0.050980 1.000000 0.000000 1.000000
v -3.752303 5.470660 0.573071 0.050980 1.000000 0.000000 1.000000
v -3.752252 5.480178 1.182740 0.050980 1.000000 0.000000 1.000000
v -3.749177 -0.000347 1.209184 0.000000 0.000000 1.000000 1.000000
v -3.739176 0.000617 0.536870 0.000000 0.000000 1.000000 1.000000
v -6.490411 -0.001214 1.722028 0.000000 1.000000 0.000000 1.000000
v -6.491425 5.293409 0.793123 0.000000 0.000000 1.000000 1.000000
v -6.501418 -0.000563 0.761439 0.000000 1.000000 0.000000 1.000000
v -6.491370 5.388604 1.709251 0.000000 0.000000 1.000000 1.000000
v -6.486909 5.888006 0.155708 0.000000 0.000000 1.000000 1.000000
v -6.552436 5.654750 1.836427 0.000000 0.000000 1.000000 1.000000
v -6.491426 5.999931 6.491421 0.000000 0.000000 1.000000 1.000000
v -6.490060 5.799061 2.760793 0.000000 0.000000 1.000000 1.000000
v -6.503910 5.996770 -2.446437 0.000000 0.000000 1.000000 1.000000
v -6.491561 5.489140 -0.768844 0.000000 0.000000 1.000000 1.000000
v -6.491393 5.388403 -1.692023 0.000000 0.000000 1.000000 1.000000
v -6.491479 -0.000380 -0.749371 0.000000 1.000000 0.000000 1.000000
v -6.498194 0.000041 -1.712327 0.000000 1.000000 0.000000 1.000000
v -6.493551 -0.001566 5.763116 0.000000 1.000000 0.000000 1.000000
v -6.491425 0.000001 6.491425 0.000000 1.000000 0.000000 1.000000
v -6.491425 5.293410 5.793123 0.000000 0.000000 1.000000 1.000000
v -6.560071 5.553264 5.688768 0.000000 0.000000 1.000000 1.000000
v -6.496384 5.818998 4.914563 0.000000 0.000000 1.000000 1.000000
v -6.491158 5.499890 4.214628 0.000000 0.000000 1.000000 1.000000
v -6.494598 5.376732 3.231476 0.000000 0.000000 1.000000 1.000000
v -6.493454 0.000091 4.223752 0.000000 1.000000 0.000000 1.000000
v -6.502785 -0.000965 3.261829 0.000000 1.000000 0.000000 1.000000
v -6.988309 -0.002069 3.271467 0.000000 1.000000 0.000000 1.000000
v -6.989838 5.388648 3.290754 0.000000 0.000000 1.000000 1.000000
v -6.988846 -0.000096 4.234452 0.000000 1.000000 0.000000 1.000000
v -6.990046 5.499271 4.214598 0.000000 0.000000 1.000000 1.000000
v -6.952178 5.656739 3.131575 0.000000 0.000000 1.000000 1.000000
v -6.986028 5.806132 4.838881 0.000000 0.000000 1.000000 1.000000
v -6.989815 6.499998 6.989812 0.000000 0.000000 1.000000 1.000000
v -6.923759 5.647884 5.671809 0.000000 0.000000 1.000000 1.000000
v -6.989814 5.293410 5.793123 0.000000 0.000000 1.000000 1.000000
v -6.989744 -0.000668 5.781326 0.000000 1.000000 0.000000 1.000000
v -6.989814 0.000001 6.989813 0.000000 1.000000 0.000000 1.000000
v -6.989801 6.500015 -0.000001 0.000000 0.000000 1.000000 1.000000
v -6.923211 5.676331 1.856072 0.000000 0.000000 1.000000 1.000000
v -6.990610 5.854654 -0.035624 0.000000 0.000000 1.000000 1.000000
v -6.923912 5.585338 0.675460 0.000000 0.000000 1.000000 1.000000
v -6.989851 5.388715 1.709215 0.000000 0.000000 1.000000 1.000000
v -6.989814 5.293409 0.793123 0.000000 0.000000 1.000000 1.000000
v -6.986053 -0.000433 1.733962 0.000000 1.000000 0.000000 1.000000
v -6.985987 -0.001164 0.769654 0.000000 1.000000 0.000000 1.000000
v -2.341102 5.288042 -3.752474 0.050980 1.000000 0.000000 1.000000
v -3.752476 0.000004 -3.752474 0.000000 0.000000 1.000000 1.000000
v -2.310229 -0.000847 -3.754883 0.000000 0.000000 1.000000 1.000000
v -3.752477 6.000025 -3.752474 0.050980 1.000000 0.000000 1.000000
v -2.207659 5.673061 -3.690630 0.050980 1.000000 0.000000 1.000000
v -1.287301 5.658460 -3.677577 0.050980 1.000000 0.000000 1.000000
v 0.008805 5.854163 -3.751683 0.050980 1.000000 0.000000 1.000000
v -0.523335 5.400303 -3.741360 0.050980 1.000000 0.000000 1.000000
v -1.182749 5.477841 -3.752342 0.050980 1.000000 0.000000 1.000000
v -1.204543 -0.001765 -3.749306 0.000000 0.000000 1.000000 1.000000
v -0.539664 -0.000258 -3.737835 0.000000 0.000000 1.000000 1.000000
v 1.651613 5.845835 -3.749616 0.050980 1.000000 0.000000 1.000000
v 0.474652 5.452460 -3.746916 0.050980 1.000000 0.000000 1.000000
v 3.752473 6.000012 -3.752477 0.050980 1.000000 0.000000 1.000000
v 1.098171 5.433172 -3.752518 0.050980 1.000000 0.000000 1.000000
v 0.502102 -0.000564 -3.747032 0.000000 0.000000 1.000000 1.000000
v 1.128818 -0.000638 -3.740032 0.000000 0.000000 1.000000 1.000000
v 2.135161 5.461912 -3.749506 0.050980 1.000000 0.000000 1.000000
v 2.164308 -0.000131 -3.750361 0.000000 0.000000 1.000000 1.000000
v 3.752474 0.000004 -3.752476 0.000000 0.000000 1.000000 1.000000
v -3.741770 -0.001171 -1.131935 0.000000 0.000000 1.000000 1.000000
v -3.752352 5.481273 -1.098460 0.050980 1.000000 0.000000 1.000000
v -3.746984 -0.000441 -0.498374 0.000000 0.000000 1.000000 1.000000
v -3.752383 5.491791 -0.535703 0.050980 1.000000 0.000000 1.000000
v -3.684268 5.676597 -1.203503 0.050980 1.000000 0.000000 1.000000
v -3.737514 5.993940 0.048173 0.050980 1.000000 0.000000 1.000000
v -3.752477 6.000025 -3.752474 0.050980 1.000000 0.000000 1.000000
v -3.690585 5.673776 -2.068731 0.050980 1.000000 0.000000 1.000000
v -3.752476 5.287270 -2.198831 0.050980 1.000000 0.000000 1.000000
v -3.752476 0.000000 -2.223228 0.000000 0.000000 1.000000 1.000000
v -3.752476 0.000004 -3.752474 0.000000 0.000000 1.000000 1.000000
v -6.982944 0.000070 -4.212476 0.000000 1.000000 0.000000 1.000000
v -6.989840 5.388828 -4.192074 0.000000 0.000000 1.000000 1.000000
v -6.990775 -0.001225 -3.261473 0.000000 1.000000 0.000000 1.000000
v -6.989861 5.388504 -3.273593 0.000000 0.000000 1.000000 1.000000
v -6.994146 5.806610 -4.720308 0.000000 0.000000 1.000000 1.000000
v -6.933390 5.651508 -3.138411 0.000000 0.000000 1.000000 1.000000
v -6.989781 6.500039 -6.989790 0.000000 0.000000 1.000000 1.000000
v -6.927449 5.655993 -5.650245 0.000000 0.000000 1.000000 1.000000
v -6.988849 5.819776 -2.238359 0.000000 0.000000 1.000000 1.000000
v -6.989832 5.388531 -5.773603 0.000000 0.000000 1.000000 1.000000
v -6.988190 -0.000926 -5.755960 0.000000 1.000000 0.000000 1.000000
v -6.989814 -0.000001 -6.989812 0.000000 1.000000 0.000000 1.000000
v -6.990610 5.854654 -0.035624 0.000000 0.000000 1.000000 1.000000
v -6.989801 6.500015 -0.000001 0.000000 0.000000 1.000000 1.000000
v -6.989841 5.388825 -1.692067 0.000000 0.000000 1.000000 1.000000
v -6.989889 5.378099 -0.773557 0.000000 0.000000 1.000000 1.000000
v -6.987717 0.000045 -0.758707 0.000000 1.000000 0.000000 1.000000
v -6.982852 -0.000272 -1.723045 0.000000 1.000000 0.000000 1.000000
v 3.498843 5.999999 -3.498843 0.050980 1.000000 0.000000 1.000000
v -3.498843 5.999999 -3.498843 0.050980 1.000000 0.000000 1.000000
v -3.498843 0.001157 -3.498842 0.000000 0.000000 1.000000 1.000000
v 3.498843 0.001157 -3.498842 0.000000 0.000000 1.000000 1.000000
v 3.498843 0.001158 3.498842 0.000000 0.000000 1.000000 1.000000
v -3.498843 0.001158 3.498842 0.000000 0.000000 1.000000 1.000000
v -3.498843 6.000000 3.498842 0.050980 1.000000 0.000000 1.000000
v 3.498843 6.000000 3.498842 0.050980 1.000000 0.000000 1.000000
v 3.498843 5.999999 -3.498843 0.050980 1.000000 0.000000 1.000000
v 3.498843 0.001157 -3.498842 0.000000 0.000000 1.000000 1.000000
v 3.498843 6.000000 3.498842 0.050980 1.000000 0.000000 1.000000
v 3.498843 0.001158 3.498842 0.000000 0.000000 1.000000 1.000000
v -3.498843 5.999999 -3.498843 0.050980 1.000000 0.000000 1.000000
v -3.498843 0.001158 3.498842 0.000000 0.000000 1.000000 1.000000
v -3.498843 0.001157 -3.498842 0.000000 0.000000 1.000000 1.000000
v -3.498843 6.000000 3.498842 0.050980 1.000000 0.000000 1.000000
vt 1.291992 1.109619
vt 0.958008 0.041992
vt 0.958008 0.958069
vt 1.292969 -0.110352
vt 1.109375 -0.291992
vt 1.291992 -0.291992
vt 0.958008 0.041992
vt 0.041931 0.958069
vt -0.109619 1.292480
vt 0.958008 0.958069
vt 1.291992 1.292236
vt 1.291992 1.109619
vt -0.292236 -0.291992
vt -0.292725 -0.109375
vt 0.041931 0.041992
vt 1.109375 -0.291992
vt 0.958008 0.041992
vt 0.041931 0.958069
vt -0.292236 1.292236
vt -0.109619 1.292480
vt -0.293701 0.201660
vt 0.043732 0.506104
vt 0.041931 0.041992
vt -0.292725 -0.109375
vt -2.367188 0.626953
vt -3.490234 0.617676
vt -2.419922 0.611572
vt -1.014648 0.619385
vt -2.144531 0.628662
vt -2.083984 0.611572
vt -2.136719 0.695312
vt -1.013672 0.705078
vt -2.083984 0.710693
vt -1.440430 0.706787
vt -2.531250 0.696533
vt -1.478516 0.691650
vt -1.015625 0.617920
vt -2.136719 0.627930
vt -2.066406 0.611572
vt -0.197754 0.696533
vt -1.290039 0.707275
vt -1.214844 0.691162
vt -2.419922 0.710693
vt -3.490234 0.705566
vt -2.382812 0.694824
vt -1.013672 0.617676
vt -2.136719 0.627441
vt -2.083984 0.611572
vt -3.490234 0.704834
vt -2.369141 0.694580
vt -2.439453 0.710938
vt -2.384766 0.627197
vt -3.490234 0.619873
vt -2.439453 0.611572
vt -0.052368 0.626953
vt -1.174805 0.617676
vt -0.105164 0.611572
vt 0.232422 0.611572
vt 1.300781 0.619385
vt 0.171021 0.628662
vt -2.136719 0.695312
vt -1.013672 0.706055
vt -2.083984 0.710693
vt -1.015625 0.617920
vt -2.126953 0.627930
vt -2.066406 0.611572
vt -2.359375 0.627930
vt -3.490234 0.618164
vt -2.419922 0.611572
vt -2.419922 0.710693
vt -3.490234 0.705811
vt -2.369141 0.695068
vt -1.013672 0.617432
vt -2.136719 0.627441
vt -2.083984 0.611572
vt -3.490234 0.705811
vt -2.369141 0.694580
vt -2.439453 0.710938
vt -2.384766 0.627197
vt -3.490234 0.618408
vt -2.439453 0.611572
vt -2.136719 0.694824
vt -1.013672 0.705811
vt -2.083984 0.710693
vt -3.617188 0.760498
vt -2.521484 0.752441
vt -2.562500 0.766968
vt 2.298828 0.695312
vt 3.421875 0.705078
vt 2.351562 0.710693
vt 2.117188 0.706787
vt 1.027344 0.696533
vt 2.080078 0.691650
vt 2.343750 0.691162
vt 3.361328 0.696533
vt 2.267578 0.707275
vt -2.361328 0.627930
vt -3.490234 0.617920
vt -2.419922 0.611572
vt -3.490234 0.705566
vt -2.369141 0.695801
vt -2.419922 0.710693
vt -2.083984 0.611572
vt -1.013672 0.617432
vt -2.136719 0.627441
vt -2.439453 0.710938
vt -3.490234 0.704834
vt -2.369141 0.694580
vt -2.384766 0.627197
vt -3.490234 0.619873
vt -2.439453 0.611572
vt 2.138672 0.710693
vt 1.070312 0.703125
vt 2.199219 0.694336
vt 2.191406 0.627197
vt 1.069336 0.617676
vt 2.138672 0.611572
vt -1.519531 0.695312
vt -0.397461 0.705078
vt -1.466797 0.710693
vt -2.529297 0.706787
vt -3.621094 0.696533
vt -2.568359 0.691650
vt -2.066406 0.611572
vt -1.015625 0.617920
vt -2.136719 0.628174
vt -2.304688 0.691162
vt -1.287109 0.696533
vt -2.378906 0.707275
vt -3.490234 0.705811
vt -2.369141 0.695312
vt -2.419922 0.710693
vt -2.083984 0.611572
vt -1.013672 0.617676
vt -2.136719 0.627441
vt -2.439453 0.710938
vt -3.490234 0.704834
vt -2.369141 0.694580
vt -2.408203 0.627441
vt -3.488281 0.616943
vt -2.402344 0.612549
vt -2.273438 0.616943
vt -3.488281 0.704590
vt -2.406250 0.695068
vt -2.400391 0.709717
vt -2.222656 0.704346
vt -2.066406 0.694824
vt -2.066406 0.710938
vt -1.016602 0.702881
vt -2.419922 0.710693
vt -3.490234 0.703125
vt -2.423828 0.694824
vt -2.316406 0.703369
vt -2.080078 0.694824
vt -1.014648 0.705322
vt -2.095703 0.710938
vt -2.259766 0.698975
vt -2.617188 0.757202
vt -3.662109 0.750000
vt -2.589844 0.741455
vt -2.498047 0.752563
vt -2.419922 0.710693
vt -3.490234 0.704346
vt -2.423828 0.694824
vt -2.300781 0.702637
vt -3.490234 0.611572
vt -2.367188 0.627930
vt -3.490234 0.627441
vt -2.419922 0.611572
vt -1.014648 0.619629
vt -2.082031 0.627441
vt -2.083984 0.611572
vt -2.259766 0.624268
vt -1.291992 0.698975
vt -2.308594 0.706543
vt -2.333984 0.690918
vt -2.445312 0.697510
vt -2.097656 0.694580
vt -1.017578 0.703125
vt -2.121094 0.708740
vt -2.269531 0.701172
vt -2.402344 0.695068
vt -2.400391 0.708984
vt -3.488281 0.704590
vt -2.423828 0.627441
vt -3.490234 0.617920
vt -2.419922 0.611572
vt -2.300781 0.620117
vt -2.080078 0.694824
vt -1.014648 0.703125
vt -2.083984 0.710693
vt -2.208984 0.703125
vt -2.095703 0.695068
vt -1.014648 0.704590
vt -2.103516 0.709717
vt -2.222656 0.704834
vt -2.103516 0.612305
vt -1.014648 0.616943
vt -2.095703 0.627686
vt -2.232422 0.618408
vt -2.408203 0.627441
vt -3.488281 0.616943
vt -2.402344 0.612549
vt -2.275391 0.617188
vt -1.173828 0.703125
vt -0.107178 0.694824
vt -0.105103 0.710693
vt -0.000398 0.703369
vt 0.235718 0.694824
vt 1.300781 0.705322
vt 0.220581 0.710938
vt 0.055145 0.698975
vt 1.262695 0.750000
vt 2.332031 0.741455
vt 2.306641 0.757202
vt 2.425781 0.752563
vt -3.490234 0.704346
vt -2.423828 0.694824
vt -2.419922 0.710693
vt -2.300781 0.702637
vt -2.367188 0.627930
vt -3.490234 0.611572
vt -2.419922 0.611572
vt -3.490234 0.627441
vt -2.083984 0.611572
vt -1.014648 0.618408
vt -2.082031 0.627441
vt -2.259766 0.624268
vt -1.291992 0.688721
vt -2.308594 0.696045
vt -2.341797 0.681152
vt -2.449219 0.683350
vt -2.562500 0.681152
vt -2.570312 0.696045
vt -3.617188 0.687500
vt -2.574219 0.696045
vt -3.621094 0.686523
vt -2.568359 0.681152
vt -2.435547 0.687256
vt -2.304688 0.696045
vt -2.304688 0.680664
vt -1.288086 0.687256
vt -2.066406 0.694824
vt -1.016602 0.703125
vt -2.066406 0.710938
vt -2.222656 0.704346
vt -2.406250 0.694824
vt -2.400391 0.709717
vt -3.488281 0.704590
vt -2.095703 0.695068
vt -1.014648 0.704590
vt -2.103516 0.709717
vt -2.222656 0.704834
vt -2.103516 0.612305
vt -1.014648 0.616943
vt -2.095703 0.627686
vt -2.232422 0.618408
vt -2.408203 0.627197
vt -3.488281 0.617188
vt -2.421875 0.611328
vt -2.261719 0.616455
vt -3.490234 0.703125
vt -2.423828 0.694824
vt -2.419922 0.710693
vt -2.298828 0.702881
vt -2.423828 0.627441
vt -3.490234 0.618164
vt -2.419922 0.611572
vt -2.251953 0.616699
vt -2.082031 0.627441
vt -2.083984 0.611572
vt -1.014648 0.619385
vt 0.945801 0.704346
vt 2.011719 0.694824
vt 2.013672 0.710693
vt 2.132812 0.702393
vt 0.945312 0.611572
vt 2.068359 0.628174
vt 0.945312 0.627441
vt 2.013672 0.611572
vt -1.291016 0.767578
vt -2.382812 0.751587
vt -1.291016 0.752075
vt -2.308594 0.767578
vt 2.351562 0.611572
vt 3.421875 0.619629
vt 2.353516 0.627441
vt 2.177734 0.625000
vt -2.392578 0.613525
vt -1.287109 0.617920
vt -2.369141 0.627441
vt -2.539062 0.619629
vt -2.669922 0.613281
vt -2.671875 0.627197
vt -3.757812 0.616943
vt -2.095703 0.695068
vt -1.014648 0.704590
vt -2.103516 0.709717
vt -2.222656 0.704834
vt -1.014648 0.616943
vt -2.095703 0.627686
vt -2.103516 0.612305
vt -2.232422 0.618408
vt -3.757812 0.704590
vt -2.679688 0.694824
vt -2.671875 0.709717
vt -2.539062 0.702637
vt 2.421875 0.694824
vt 3.546875 0.710938
vt 2.476562 0.710693
vt 3.546875 0.694824
vt -2.572266 0.757202
vt -3.617188 0.750000
vt -2.544922 0.741455
vt -2.453125 0.752563
vt -1.804688 0.710693
vt -2.873047 0.704346
vt -1.806641 0.694824
vt -1.685547 0.702393
vt -2.873047 0.611572
vt -1.750977 0.627930
vt -2.873047 0.627441
vt -1.804688 0.611572
vt -0.398193 0.618408
vt -1.464844 0.627441
vt -1.466797 0.611572
vt -1.642578 0.624268
vt -2.080078 0.694824
vt -1.014648 0.703125
vt -2.083984 0.710693
vt -2.201172 0.701660
vt -2.095703 0.695068
vt -1.014648 0.704590
vt -2.103516 0.709717
vt -2.222656 0.704834
vt -1.014648 0.616943
vt -2.095703 0.627686
vt -2.103516 0.612305
vt -2.269531 0.608887
vt -2.406250 0.627441
vt -3.488281 0.710449
vt -3.488281 0.611816
vt -2.406250 0.694336
vt -2.275391 0.612793
vt -2.222656 0.710938
vt -2.138672 0.623047
vt -2.066406 0.694824
vt -1.015625 0.708740
vt -1.015625 0.612305
vt -2.080078 0.694824
vt -1.013672 0.613037
vt -1.013672 0.710449
vt -2.140625 0.620605
vt -2.259766 0.712402
vt -2.367188 0.623291
vt -2.423828 0.694824
vt -3.490234 0.708740
vt -3.490234 0.612305
vt -3.490234 0.627441
vt -2.423828 0.694824
vt -3.490234 0.709473
vt -2.367188 0.623047
vt -2.302734 0.710205
vt -2.248047 0.613525
vt -2.138672 0.698242
vt -2.080078 0.627441
vt -1.013672 0.614014
vt -1.013672 0.710449
vt -2.531250 0.691895
vt -1.440430 0.707031
vt -2.531250 0.757080
vt -1.382812 0.757324
vt -1.289062 0.702393
vt -1.223633 0.757080
vt -0.197144 0.691162
vt -0.197754 0.757080
vt -1.013672 0.710449
vt -2.095703 0.627441
vt -1.013672 0.611816
vt -2.095703 0.694336
vt -2.236328 0.612549
vt -2.220703 0.709717
vt -2.386719 0.626953
vt -2.367188 0.697266
vt -3.490234 0.614014
vt -3.490234 0.710205
vt -2.406250 0.627441
vt -3.488281 0.710449
vt -3.488281 0.611816
vt -2.402344 0.694580
vt -2.279297 0.612305
vt -2.269531 0.706055
vt -2.136719 0.623047
vt -2.097656 0.695312
vt -1.015625 0.708984
vt -1.015625 0.612305
vt 0.235718 0.694824
vt 1.301758 0.613037
vt 1.301758 0.710449
vt 0.175537 0.620605
vt 0.056183 0.712402
vt -0.050690 0.623535
vt -0.107361 0.694824
vt -1.173828 0.708740
vt -1.174805 0.612305
vt -3.490234 0.627441
vt -2.423828 0.694824
vt -3.490234 0.709473
vt -2.367188 0.623047
vt -2.302734 0.710205
vt -2.248047 0.613525
vt -2.138672 0.698242
vt -2.080078 0.627441
vt -1.013672 0.612305
vt -1.013672 0.710938
vt -3.621094 0.681396
vt -2.574219 0.696045
vt -3.621094 0.767578
vt -2.511719 0.768433
vt -2.441406 0.680420
vt -2.345703 0.767578
vt -2.304688 0.696045
vt -1.287109 0.681396
vt -1.287109 0.767578
vt -3.490234 0.612061
vt -2.367188 0.698486
vt -3.490234 0.710693
vt -2.363281 0.627930
vt -2.201172 0.709473
vt -2.138672 0.619141
vt -2.083984 0.709717
vt -1.013672 0.708496
vt -1.013672 0.611816
vt -1.013672 0.710449
vt -2.095703 0.627441
vt -1.013672 0.611816
vt -2.095703 0.694336
vt -2.236328 0.612549
vt -2.220703 0.709717
vt -2.386719 0.626953
vt -2.367188 0.697266
vt -3.490234 0.612305
vt -3.490234 0.710938
vt -3.488281 0.611816
vt -2.408203 0.627686
vt -3.488281 0.710693
vt -2.406250 0.694824
vt -2.259766 0.613525
vt -2.222656 0.708984
vt -2.126953 0.624756
vt -2.066406 0.694824
vt -1.015625 0.708984
vt -1.015625 0.612305
vt -2.423828 0.627441
vt -3.490234 0.709473
vt -3.490234 0.612793
vt -2.423828 0.694824
vt -2.255859 0.615967
vt -2.298828 0.708740
vt -2.136719 0.699463
vt -2.080078 0.627441
vt -1.013672 0.613770
vt -1.013672 0.710938
vt -2.521484 0.752808
vt -3.617188 0.765503
vt -3.617188 0.680664
vt -2.484375 0.680420
vt -2.382812 0.755859
vt -2.328125 0.680664
vt -1.291016 0.752075
vt -1.291016 0.680664
vt 2.011719 0.694824
vt 0.945312 0.709473
vt 0.945312 0.627441
vt 2.068359 0.622559
vt 2.130859 0.710205
vt 2.187500 0.614014
vt 2.296875 0.698242
vt 2.353516 0.627441
vt 3.421875 0.614014
vt 3.421875 0.710449
vt -2.345703 0.756958
vt -1.291016 0.694336
vt -1.291016 0.757080
vt -2.333984 0.698730
vt -2.501953 0.756958
vt -2.462891 0.694336
vt -2.564453 0.693848
vt -3.617188 0.692139
vt -3.617188 0.757080
vt 2.117188 0.707031
vt 1.027344 0.757080
vt 1.027344 0.691650
vt 2.175781 0.757324
vt 2.269531 0.702393
vt 2.333984 0.757080
vt 3.361328 0.691162
vt 3.361328 0.757080
vt -2.369141 0.627441
vt -1.286133 0.612793
vt -1.288086 0.709229
vt -2.375000 0.706055
vt -2.541016 0.611816
vt -2.539062 0.708252
vt -2.671875 0.627686
vt -2.679688 0.695068
vt -3.759766 0.710693
vt -3.759766 0.611816
vt -3.490234 0.611816
vt -2.367188 0.697510
vt -3.490234 0.710693
vt -2.363281 0.627930
vt -2.201172 0.709473
vt -2.138672 0.619141
vt -2.083984 0.709717
vt -1.013672 0.708496
vt -1.013672 0.611816
vt -1.013672 0.710449
vt -2.095703 0.627441
vt -1.013672 0.611816
vt -2.095703 0.694336
vt -2.236328 0.612549
vt -2.220703 0.709717
vt -2.386719 0.626953
vt -2.367188 0.697266
vt -3.490234 0.614014
vt -3.490234 0.710205
vt 2.193359 0.623779
vt 1.069336 0.708984
vt 1.068359 0.612305
vt 2.195312 0.695068
vt 2.359375 0.612549
vt 2.419922 0.702881
vt 2.474609 0.612549
vt 3.546875 0.614014
vt 3.546875 0.694824
vt -1.806641 0.694824
vt -2.873047 0.709473
vt -2.873047 0.627441
vt -1.750977 0.623047
vt -1.687500 0.710205
vt -1.631836 0.613525
vt -1.521484 0.698242
vt -1.464844 0.627441
vt -0.397705 0.612305
vt -0.397217 0.710449
vt -1.291016 0.757080
vt -2.345703 0.756958
vt -1.291016 0.694336
vt -2.333984 0.698730
vt -2.501953 0.756958
vt -2.462891 0.694336
vt -2.564453 0.693848
vt -3.617188 0.692139
vt -3.617188 0.757080
vt -2.531250 0.707031
vt -3.621094 0.757080
vt -3.621094 0.691650
vt -2.472656 0.757324
vt -2.378906 0.702393
vt -2.312500 0.757080
vt -1.287109 0.691162
vt -1.287109 0.757080
vt -2.095703 0.627441
vt -1.013672 0.611816
vt -1.013672 0.710449
vt -2.095703 0.694336
vt -2.257812 0.613037
vt -2.220703 0.709717
vt -2.406250 0.616699
vt -2.367188 0.697266
vt -3.488281 0.612549
vt -3.490234 0.710205
vt -3.662109 0.691162
vt -2.591797 0.741699
vt -3.662109 0.754639
vt -2.644531 0.691162
vt -2.488281 0.690918
vt -2.496094 0.751953
vt -2.390625 0.753906
vt -1.337891 0.756592
vt -1.335938 0.691162
vt -1.291016 0.757080
vt -2.386719 0.757446
vt -1.291016 0.693604
vt -2.308594 0.706543
vt -2.445312 0.692139
vt -2.548828 0.756836
vt -2.566406 0.692871
vt -3.617188 0.691895
vt -3.617188 0.757080
vt -3.490234 0.611816
vt -2.384766 0.696777
vt -3.490234 0.710693
vt -2.423828 0.627441
vt -2.300781 0.612793
vt -2.208984 0.710938
vt -2.136719 0.622559
vt -2.080078 0.694824
vt -1.013672 0.708740
vt -1.013672 0.612061
vt 1.262695 0.691162
vt 2.332031 0.741699
vt 1.261719 0.754639
vt 2.279297 0.691162
vt 2.435547 0.690918
vt 2.427734 0.751953
vt 2.531250 0.753906
vt 3.585938 0.756592
vt 3.587891 0.691162
vt -2.345703 0.767578
vt -1.291016 0.683105
vt -1.291016 0.767578
vt -2.308594 0.696045
vt -2.453125 0.685547
vt -2.513672 0.766846
vt -2.570312 0.696289
vt -3.617188 0.681641
vt -3.617188 0.767578
vt -2.546875 0.741699
vt -3.617188 0.754639
vt -3.617188 0.691162
vt -2.599609 0.691162
vt -2.443359 0.690918
vt -2.451172 0.751953
vt -2.345703 0.753906
vt -1.292969 0.756592
vt -1.291016 0.691162
vt -2.367188 0.698486
vt -3.490234 0.710693
vt -3.490234 0.612061
vt -2.417969 0.613037
vt -2.302734 0.613525
vt -2.201172 0.709717
vt -2.136719 0.622559
vt -2.080078 0.694824
vt -1.013672 0.708740
vt -1.013672 0.612061
vt -3.458984 0.222168
vt -2.458984 0.107910
vt -2.443359 0.155273
vt -3.462891 0.106445
vt -2.474609 0.255371
vt -3.453125 0.312988
vt -2.488281 0.312988
vt -3.460938 0.026855
vt -2.468750 0.104004
vt -2.449219 0.026855
vt -0.517090 0.255371
vt -1.487305 0.312988
vt -0.510742 0.312988
vt -2.511719 0.156738
vt 1.441406 0.312988
vt -0.487305 0.154297
vt -0.472656 0.103516
vt -0.485840 0.026855
vt 1.457031 0.255859
vt 1.496094 0.103516
vt 3.410156 0.312988
vt 1.483398 0.026855
vt -0.546875 0.155762
vt 1.484375 0.154297
vt 3.464844 0.103516
vt 3.443359 0.026855
vt 4.414062 0.026855
vt 1.420898 0.155762
vt 4.414062 0.106934
vt 3.478516 0.180664
vt 3.375000 0.180176
vt 3.429688 0.262695
vt 4.406250 0.224121
vt 4.402344 0.312988
vt -3.462891 3.740234
vt -3.369141 3.740234
vt -3.373047 4.414062
vt -3.462891 4.490234
vt -3.275391 4.490234
vt -3.193359 4.447266
vt -3.041016 4.451172
vt -3.175781 4.414062
vt -3.060547 4.414062
vt -3.169922 3.740234
vt -3.056641 3.740234
vt -2.878906 4.447266
vt -2.632812 4.476562
vt -2.025391 4.490234
vt -2.748047 4.425781
vt -2.863281 4.414062
vt -2.744141 3.740234
vt -2.865234 3.740234
vt -2.421875 4.447266
vt -2.437500 4.414062
vt -2.552734 4.402344
vt -2.435547 3.740234
vt -2.556641 3.740234
vt -2.306641 4.464844
vt -2.125000 4.427734
vt -2.240234 4.414062
vt -2.123047 3.740234
vt -2.244141 3.740234
vt -1.840820 4.490234
vt -1.934570 4.419922
vt -1.931641 3.742188
vt -1.840820 3.740234
vt 4.449219 3.759766
vt 4.601562 3.759766
vt 4.449219 4.433594
vt 4.601562 4.572266
vt 4.433594 4.466797
vt 4.320312 4.486328
vt 4.031250 4.500000
vt 2.855469 4.574219
vt 4.136719 4.443359
vt 4.253906 4.433594
vt 4.136719 3.759766
vt 4.253906 3.759766
vt 3.744141 4.486328
vt 3.826172 4.447266
vt 3.941406 4.433594
vt 3.824219 3.759766
vt 3.945312 3.759766
vt 3.646484 4.466797
vt 3.449219 4.488281
vt 3.507812 4.433594
vt 3.630859 4.421875
vt 3.511719 3.759766
vt 3.632812 3.759766
vt 3.335938 4.466797
vt 3.125000 4.486328
vt 3.203125 4.447266
vt 3.019531 4.466797
vt 3.318359 4.433594
vt 3.005859 4.421875
vt 3.199219 3.759766
vt 3.320312 3.759766
vt 2.855469 3.761719
vt 3.007812 3.759766
vt 4.601562 3.759766
vt 4.753906 3.759766
vt 4.750000 4.421875
vt 4.601562 4.572266
vt 4.765625 4.466797
vt 4.871094 4.486328
vt 5.082031 4.466797
vt 4.949219 4.447266
vt 5.066406 4.433594
vt 4.945312 3.759766
vt 5.066406 3.759766
vt 5.195312 4.486328
vt 5.394531 4.466797
vt 5.261719 4.433594
vt 5.375000 4.421875
vt 5.257812 3.759766
vt 5.378906 3.759766
vt 5.492188 4.486328
vt 5.781250 4.500000
vt 5.570312 4.447266
vt 6.351562 4.572266
vt 5.687500 4.433594
vt 5.570312 3.759766
vt 5.691406 3.759766
vt 6.347656 3.759766
vt 6.195312 3.759766
vt 6.199219 4.433594
vt 6.183594 4.466797
vt 6.066406 4.486328
vt 5.882812 4.443359
vt 6.000000 4.433594
vt 5.882812 3.759766
vt 6.003906 3.759766
vt -0.309570 3.740234
vt -0.218018 3.740234
vt -0.305176 4.402344
vt -0.218018 4.490234
vt -0.318359 4.435547
vt -0.415039 4.468750
vt -0.684082 4.464844
vt -0.502441 4.427734
vt -0.625488 4.412109
vt -0.501465 3.740234
vt -0.621582 3.740234
vt -0.801758 4.447266
vt -0.936523 4.425781
vt -0.815430 4.414062
vt -0.813965 3.740234
vt -0.934570 3.742188
vt -1.653320 4.490234
vt -1.038086 4.466797
vt -1.256836 4.447266
vt -1.125000 4.425781
vt -1.240234 4.414062
vt -1.123047 3.740234
vt -1.243164 3.740234
vt -1.372070 4.464844
vt -1.571289 4.447266
vt -1.552734 4.414062
vt -1.430664 4.412109
vt -1.547852 3.740234
vt -1.434570 3.740234
vt -1.840820 4.490234
vt -1.750977 4.414062
vt -1.747070 3.740234
vt -1.840820 3.740234
vt -0.218018 3.740234
vt -0.124512 3.740234
vt -0.128296 4.414062
vt -0.218018 4.490234
vt -0.031250 4.488281
vt 0.051025 4.447266
vt 0.287354 4.490234
vt 0.069275 4.414062
vt 0.184082 4.414062
vt 0.074280 3.740234
vt 0.187744 3.740234
vt 1.108398 3.761719
vt 1.260742 3.761719
vt 1.258789 4.421875
vt 1.108398 4.574219
vt 1.273438 4.466797
vt 1.377930 4.486328
vt 1.590820 4.468750
vt 1.456055 4.449219
vt 1.982422 4.574219
vt 1.571289 4.433594
vt 1.453125 3.761719
vt 1.573242 3.759766
vt 1.750977 4.470703
vt 1.885742 4.460938
vt 1.768555 4.433594
vt 1.765625 3.761719
vt 1.885742 3.761719
vt 1.994141 4.488281
vt 2.212891 4.470703
vt 2.078125 4.447266
vt 2.371094 4.468750
vt 2.193359 4.433594
vt 2.076172 3.761719
vt 2.197266 3.761719
vt 2.855469 4.574219
vt 2.572266 4.486328
vt 2.390625 4.433594
vt 2.687500 4.466797
vt 2.505859 4.433594
vt 2.703125 4.433594
vt 2.396484 3.761719
vt 2.507812 3.761719
vt 2.855469 3.761719
vt 2.701172 3.759766
vt 4.195312 2.804688
vt 4.191406 3.464844
vt 4.015625 2.804688
vt 4.015625 3.554688
vt 4.207031 3.513672
vt 4.320312 3.511719
vt 4.476562 3.539062
vt 4.410156 3.484375
vt 4.335938 3.488281
vt 4.332031 2.804688
vt 4.414062 2.804688
vt 4.691406 3.535156
vt 4.542969 3.486328
vt 4.953125 3.554688
vt 4.621094 3.482422
vt 4.546875 2.804688
vt 4.625000 2.804688
vt 4.750000 3.486328
vt 4.753906 2.804688
vt 4.953125 2.804688
vt 3.683594 3.482422
vt 3.609375 2.804688
vt 3.687500 2.804688
vt 3.605469 3.486328
vt 3.751953 3.535156
vt 3.546875 3.535156
vt 3.076172 3.554688
vt 4.015625 3.554688
vt 3.812500 3.486328
vt 3.816406 2.804688
vt 4.015625 2.804688
vt 3.384766 3.511719
vt 3.480469 3.478516
vt 3.269531 3.513672
vt 3.398438 3.488281
vt 3.253906 3.464844
vt 3.394531 2.804688
vt 3.478516 2.804688
vt 3.076172 2.804688
vt 3.257812 2.804688
vt -3.746094 3.740234
vt -3.863281 4.414062
vt -3.867188 3.740234
vt -3.748047 4.427734
vt -3.933594 4.466797
vt -3.660156 4.466797
vt -3.462891 4.490234
vt -3.562500 4.433594
vt -4.046875 4.435547
vt -3.550781 4.402344
vt -3.554688 3.740234
vt -3.462891 3.740234
vt -4.175781 4.441406
vt -4.058594 4.414062
vt -4.058594 3.740234
vt -4.179688 3.740234
vt -4.898438 4.490234
vt -4.285156 4.468750
vt -4.500000 4.447266
vt -4.371094 4.427734
vt -4.484375 4.414062
vt -4.367188 3.740234
vt -4.488281 3.740234
vt -4.664062 4.449219
vt -4.816406 4.447266
vt -4.796875 4.414062
vt -4.683594 4.414062
vt -4.792969 3.740234
vt -4.679688 3.740234
vt -5.085938 4.490234
vt -4.996094 4.414062
vt -4.992188 3.740234
vt -5.085938 3.740234
vt 5.128906 3.464844
vt 4.953125 2.804688
vt 5.132812 2.804688
vt 4.953125 3.554688
vt 5.187500 3.541016
vt 5.414062 3.552734
vt 5.347656 3.488281
vt 5.273438 3.488281
vt 5.269531 2.804688
vt 5.355469 2.804688
vt -5.679688 3.740234
vt -5.796875 4.402344
vt -5.800781 3.740234
vt -5.683594 4.414062
vt -5.875000 4.476562
vt -5.667969 4.447266
vt -5.085938 4.490234
vt -5.550781 4.464844
vt -6.203125 4.490234
vt -5.992188 4.425781
vt -6.109375 4.414062
vt -5.988281 3.740234
vt -6.109375 3.740234
vt -5.175781 3.740234
vt -5.085938 3.740234
vt -5.171875 4.402344
vt -5.183594 4.433594
vt -5.281250 4.466797
vt -5.371094 4.427734
vt -5.492188 4.412109
vt -5.367188 3.740234
vt -5.488281 3.740234
vt 6.812500 3.759766
vt 6.812500 4.433594
vt 6.695312 3.759766
vt 6.695312 4.447266
vt 6.832031 4.466797
vt 6.617188 4.486328
vt 6.351562 4.572266
vt 6.515625 4.466797
vt 6.500000 4.421875
vt 6.500000 3.759766
vt 6.347656 3.759766
vt 7.222656 4.572266
vt 6.992188 4.470703
vt 7.226562 4.492188
vt 7.140625 4.458984
vt 7.007812 4.433594
vt 7.125000 4.421875
vt 7.007812 3.759766
vt 7.128906 3.759766
vt 2.314453 3.464844
vt 2.138672 2.804688
vt 2.318359 2.804688
vt 2.138672 3.554688
vt 2.332031 3.513672
vt 2.447266 3.511719
vt 2.609375 3.537109
vt 2.542969 3.480469
vt 2.458984 3.488281
vt 2.457031 2.804688
vt 2.541016 2.804688
vt 2.814453 3.535156
vt 2.667969 3.486328
vt 3.076172 3.554688
vt 2.744141 3.484375
vt 2.669922 2.804688
vt 2.748047 2.804688
vt 2.875000 3.486328
vt 2.878906 2.804688
vt 3.076172 2.804688
vt 1.811523 2.804688
vt 1.807617 3.490234
vt 1.732422 2.804688
vt 1.737305 3.490234
vt 1.820312 3.513672
vt 1.664062 3.554688
vt 2.138672 3.554688
vt 1.928711 3.513672
vt 1.945312 3.464844
vt 1.948242 2.804688
vt 2.138672 2.804688
vt 0.761719 3.761719
vt 0.759277 4.435547
vt 0.643066 3.761719
vt 0.644531 4.435547
vt 0.825195 4.486328
vt 0.627441 4.466797
vt 1.108398 4.574219
vt 0.941406 4.468750
vt 0.515137 4.488281
vt 0.957031 4.435547
vt 0.954590 3.761719
vt 1.108398 3.761719
vt 0.239868 4.492188
vt 0.235474 4.574219
vt 0.447021 4.435547
vt 0.332031 4.433594
vt 0.330078 3.761719
vt 0.450684 3.761719
vt -8.000000 1.000001
vt -9.000000 1.000002
vt -9.000000 0.000488
vt -8.000000 0.000488
vt -7.000000 0.000000
vt -6.000000 0.000000
vt -6.000000 0.999999
vt -7.000000 1.000000
vt -8.000000 1.000001
vt -8.000000 0.000488
vt -7.000000 1.000000
vt -7.000000 0.000000
vt -5.000000 0.999998
vt -6.000000 0.000000
vt -5.000000 0.000000
vt -6.000000 0.999999
vt1 1.560547 1.619629
vt1 1.529297 1.519043
vt1 1.529297 1.605469
vt1 1.560547 1.504395
vt1 1.542969 1.487549
vt1 1.560547 1.487549
vt1 1.529297 1.519043
vt1 1.442383 1.605469
vt1 1.428711 1.636719
vt1 1.529297 1.605469
vt1 1.560547 1.636719
vt1 1.560547 1.619629
vt1 1.411133 1.487549
vt1 1.411133 1.504395
vt1 1.442383 1.519043
vt1 1.542969 1.487549
vt1 1.529297 1.519043
vt1 1.442383 1.605469
vt1 1.411133 1.636719
vt1 1.428711 1.636719
vt1 1.411133 1.533691
vt1 1.442383 1.562500
vt1 1.442383 1.519043
vt1 1.411133 1.504395
vt1 -2.367188 0.626953
vt1 -3.490234 0.617676
vt1 -2.419922 0.611572
vt1 -1.014648 0.619385
vt1 -2.144531 0.628662
vt1 -2.083984 0.611572
vt1 -2.136719 0.695312
vt1 -1.013672 0.705078
vt1 -2.083984 0.710693
vt1 -1.440430 0.706787
vt1 -2.531250 0.696533
vt1 -1.478516 0.691650
vt1 -1.015625 0.617920
vt1 -2.136719 0.627930
vt1 -2.066406 0.611572
vt1 -0.197754 0.696533
vt1 -1.290039 0.707275
vt1 -1.214844 0.691162
vt1 -2.419922 0.710693
vt1 -3.490234 0.705566
vt1 -2.382812 0.694824
vt1 -1.013672 0.617676
vt1 -2.136719 0.627441
vt1 -2.083984 0.611572
vt1 -3.490234 0.704834
vt1 -2.369141 0.694580
vt1 -2.439453 0.710938
vt1 -2.384766 0.627197
vt1 -3.490234 0.619873
vt1 -2.439453 0.611572
vt1 -0.052368 0.626953
vt1 -1.174805 0.617676
vt1 -0.105164 0.611572
vt1 0.232422 0.611572
vt1 1.300781 0.619385
vt1 0.171021 0.628662
vt1 -2.136719 0.695312
vt1 -1.013672 0.706055
vt1 -2.083984 0.710693
vt1 -1.015625 0.617920
vt1 -2.126953 0.627930
vt1 -2.066406 0.611572
vt1 -2.359375 0.627930
vt1 -3.490234 0.618164
vt1 -2.419922 0.611572
vt1 -2.419922 0.710693
vt1 -3.490234 0.705811
vt1 -2.369141 0.695068
vt1 -1.013672 0.617432
vt1 -2.136719 0.627441
vt1 -2.083984 0.611572
vt1 -3.490234 0.705811
vt1 -2.369141 0.694580
vt1 -2.439453 0.710938
vt1 -2.384766 0.627197
vt1 -3.490234 0.618408
vt1 -2.439453 0.611572
vt1 -2.136719 0.694824
vt1 -1.013672 0.705811
vt1 -2.083984 0.710693
vt1 -3.617188 0.760498
vt1 -2.521484 0.752441
vt1 -2.562500 0.766968
vt1 2.298828 0.695312
vt1 3.421875 0.705078
vt1 2.351562 0.710693
vt1 2.117188 0.706787
vt1 1.027344 0.696533
vt1 2.080078 0.691650
vt1 2.343750 0.691162
vt1 3.361328 0.696533
vt1 2.267578 0.707275
vt1 -2.361328 0.627930
vt1 -3.490234 0.617920
vt1 -2.419922 0.611572
vt1 -3.490234 0.705566
vt1 -2.369141 0.695801
vt1 -2.419922 0.710693
vt1 -2.083984 0.611572
vt1 -1.013672 0.617432
vt1 -2.136719 0.627441
vt1 -2.439453 0.710938
vt1 -3.490234 0.704834
vt1 -2.369141 0.694580
vt1 -2.384766 0.627197
vt1 -3.490234 0.619873
vt1 -2.439453 0.611572
vt1 2.138672 0.710693
vt1 1.070312 0.703125
vt1 2.199219 0.694336
vt1 2.191406 0.627197
vt1 1.069336 0.617676
vt1 2.138672 0.611572
vt1 -1.519531 0.695312
vt1 -0.397461 0.705078
vt1 -1.466797 0.710693
vt1 -2.529297 0.706787
vt1 -3.621094 0.696533
vt1 -2.568359 0.691650
vt1 -2.066406 0.611572
vt1 -1.015625 0.617920
vt1 -2.136719 0.628174
vt1 -2.304688 0.691162
vt1 -1.287109 0.696533
vt1 -2.378906 0.707275
vt1 -3.490234 0.705811
vt1 -2.369141 0.695312
vt1 -2.419922 0.710693
vt1 -2.083984 0.611572
vt1 -1.013672 0.617676
vt1 -2.136719 0.627441
vt1 -2.439453 0.710938
vt1 -3.490234 0.704834
vt1 -2.369141 0.694580
vt1 -2.408203 0.627441
vt1 -3.488281 0.616943
vt1 -2.402344 0.612549
vt1 -2.273438 0.616943
vt1 -3.488281 0.704590
vt1 -2.406250 0.695068
vt1 -2.400391 0.709717
vt1 -2.222656 0.704346
vt1 -2.066406 0.694824
vt1 -2.066406 0.710938
vt1 -1.016602 0.702881
vt1 -2.419922 0.710693
vt1 -3.490234 0.703125
vt1 -2.423828 0.694824
vt1 -2.316406 0.703369
vt1 -2.080078 0.694824
vt1 -1.014648 0.705322
vt1 -2.095703 0.710938
vt1 -2.259766 0.698975
vt1 -2.617188 0.757202
vt1 -3.662109 0.750000
vt1 -2.589844 0.741455
vt1 -2.498047 0.752563
vt1 -2.419922 0.710693
vt1 -3.490234 0.704346
vt1 -2.423828 0.694824
vt1 -2.300781 0.702637
vt1 -3.490234 0.611572
vt1 -2.367188 0.627930
vt1 -3.490234 0.627441
vt1 -2.419922 0.611572
vt1 -1.014648 0.619629
vt1 -2.082031 0.627441
vt1 -2.083984 0.611572
vt1 -2.259766 0.624268
vt1 -1.291992 0.698975
vt1 -2.308594 0.706543
vt1 -2.333984 0.690918
vt1 -2.445312 0.697510
vt1 -2.097656 0.694580
vt1 -1.017578 0.703125
vt1 -2.121094 0.708740
vt1 -2.269531 0.701172
vt1 -2.402344 0.695068
vt1 -2.400391 0.708984
vt1 -3.488281 0.704590
vt1 -2.423828 0.627441
vt1 -3.490234 0.617920
vt1 -2.419922 0.611572
vt1 -2.300781 0.620117
vt1 -2.080078 0.694824
vt1 -1.014648 0.703125
vt1 -2.083984 0.710693
vt1 -2.208984 0.703125
vt1 -2.095703 0.695068
vt1 -1.014648 0.704590
vt1 -2.103516 0.709717
vt1 -2.222656 0.704834
vt1 -2.103516 0.612305
vt1 -1.014648 0.616943
vt1 -2.095703 0.627686
vt1 -2.232422 0.618408
vt1 -2.408203 0.627441
vt1 -3.488281 0.616943
vt1 -2.402344 0.612549
vt1 -2.275391 0.617188
vt1 -1.173828 0.703125
vt1 -0.107178 0.694824
vt1 -0.105103 0.710693
vt1 -0.000398 0.703369
vt1 0.235718 0.694824
vt1 1.300781 0.705322
vt1 0.220581 0.710938
vt1 0.055145 0.698975
vt1 1.262695 0.750000
vt1 2.332031 0.741455
vt1 2.306641 0.757202
vt1 2.425781 0.752563
vt1 -3.490234 0.704346
vt1 -2.423828 0.694824
vt1 -2.419922 0.710693
vt1 -2.300781 0.702637
vt1 -2.367188 0.627930
vt1 -3.490234 0.611572
vt1 -2.419922 0.611572
vt1 -3.490234 0.627441
vt1 -2.083984 0.611572
vt1 -1.014648 0.618408
vt1 -2.082031 0.627441
vt1 -2.259766 0.624268
vt1 -1.291992 0.688721
vt1 -2.308594 0.696045
vt1 -2.341797 0.681152
vt1 -2.449219 0.683350
vt1 -2.562500 0.681152
vt1 -2.570312 0.696045
vt1 -3.617188 0.687500
vt1 -2.574219 0.696045
vt1 -3.621094 0.686523
vt1 -2.568359 0.681152
vt1 -2.435547 0.687256
vt1 -2.304688 0.696045
vt1 -2.304688 0.680664
vt1 -1.288086 0.687256
vt1 -2.066406 0.694824
vt1 -1.016602 0.703125
vt1 -2.066406 0.710938
vt1 -2.222656 0.704346
vt1 -2.406250 0.694824
vt1 -2.400391 0.709717
vt1 -3.488281 0.704590
vt1 -2.095703 0.695068
vt1 -1.014648 0.704590
vt1 -2.103516 0.709717
vt1 -2.222656 0.704834
vt1 -2.103516 0.612305
vt1 -1.014648 0.616943
vt1 -2.095703 0.627686
vt1 -2.232422 0.618408
vt1 -2.408203 0.627197
vt1 -3.488281 0.617188
vt1 -2.421875 0.611328
vt1 -2.261719 0.616455
vt1 -3.490234 0.703125
vt1 -2.423828 0.694824
vt1 -2.419922 0.710693
vt1 -2.298828 0.702881
vt1 -2.423828 0.627441
vt1 -3.490234 0.618164
vt1 -2.419922 0.611572
vt1 -2.251953 0.616699
vt1 -2.082031 0.627441
vt1 -2.083984 0.611572
vt1 -1.014648 0.619385
vt1 0.945801 0.704346
vt1 2.011719 0.694824
vt1 2.013672 0.710693
vt1 2.132812 0.702393
vt1 0.945312 0.611572
vt1 2.068359 0.628174
vt1 0.945312 0.627441
vt1 2.013672 0.611572
vt1 -1.291016 0.767578
vt1 -2.382812 0.751587
vt1 -1.291016 0.752075
vt1 -2.308594 0.767578
vt1 2.351562 0.611572
vt1 3.421875 0.619629
vt1 2.353516 0.627441
vt1 2.177734 0.625000
vt1 -2.392578 0.613525
vt1 -1.287109 0.617920
vt1 -2.369141 0.627441
vt1 -2.539062 0.619629
vt1 -2.669922 0.613281
vt1 -2.671875 0.627197
vt1 -3.757812 0.616943
vt1 -2.095703 0.695068
vt1 -1.014648 0.704590
vt1 -2.103516 0.709717
vt1 -2.222656 0.704834
vt1 -1.014648 0.616943
vt1 -2.095703 0.627686
vt1 -2.103516 0.612305
vt1 -2.232422 0.618408
vt1 -3.757812 0.704590
vt1 -2.679688 0.694824
vt1 -2.671875 0.709717
vt1 -2.539062 0.702637
vt1 2.421875 0.694824
vt1 3.546875 0.710938
vt1 2.476562 0.710693
vt1 3.546875 0.694824
vt1 -2.572266 0.757202
vt1 -3.617188 0.750000
vt1 -2.544922 0.741455
vt1 -2.453125 0.752563
vt1 -1.804688 0.710693
vt1 -2.873047 0.704346
vt1 -1.806641 0.694824
vt1 -1.685547 0.702393
vt1 -2.873047 0.611572
vt1 -1.750977 0.627930
vt1 -2.873047 0.627441
vt1 -1.804688 0.611572
vt1 -0.398193 0.618408
vt1 -1.464844 0.627441
vt1 -1.466797 0.611572
vt1 -1.642578 0.624268
vt1 -2.080078 0.694824
vt1 -1.014648 0.703125
vt1 -2.083984 0.710693
vt1 -2.201172 0.701660
vt1 -2.095703 0.695068
vt1 -1.014648 0.704590
vt1 -2.103516 0.709717
vt1 -2.222656 0.704834
vt1 -1.014648 0.616943
vt1 -2.095703 0.627686
vt1 -2.103516 0.612305
vt1 -2.269531 0.608887
vt1 -2.406250 0.627441
vt1 -3.488281 0.710449
vt1 -3.488281 0.611816
vt1 -2.406250 0.694336
vt1 -2.275391 0.612793
vt1 -2.222656 0.710938
vt1 -2.138672 0.623047
vt1 -2.066406 0.694824
vt1 -1.015625 0.708740
vt1 -1.015625 0.612305
vt1 -2.080078 0.694824
vt1 -1.013672 0.613037
vt1 -1.013672 0.710449
vt1 -2.140625 0.620605
vt1 -2.259766 0.712402
vt1 -2.367188 0.623291
vt1 -2.423828 0.694824
vt1 -3.490234 0.708740
vt1 -3.490234 0.612305
vt1 -3.490234 0.627441
vt1 -2.423828 0.694824
vt1 -3.490234 0.709473
vt1 -2.367188 0.623047
vt1 -2.302734 0.710205
vt1 -2.248047 0.613525
vt1 -2.138672 0.698242
vt1 -2.080078 0.627441
vt1 -1.013672 0.614014
vt1 -1.013672 0.710449
vt1 -2.531250 0.691895
vt1 -1.440430 0.707031
vt1 -2.531250 0.757080
vt1 -1.382812 0.757324
vt1 -1.289062 0.702393
vt1 -1.223633 0.757080
vt1 -0.197144 0.691162
vt1 -0.197754 0.757080
vt1 -1.013672 0.710449
vt1 -2.095703 0.627441
vt1 -1.013672 0.611816
vt1 -2.095703 0.694336
vt1 -2.236328 0.612549
vt1 -2.220703 0.709717
vt1 -2.386719 0.626953
vt1 -2.367188 0.697266
vt1 -3.490234 0.614014
vt1 -3.490234 0.710205
vt1 -2.406250 0.627441
vt1 -3.488281 0.710449
vt1 -3.488281 0.611816
vt1 -2.402344 0.694580
vt1 -2.279297 0.612305
vt1 -2.269531 0.706055
vt1 -2.136719 0.623047
vt1 -2.097656 0.695312
vt1 -1.015625 0.708984
vt1 -1.015625 0.612305
vt1 0.235718 0.694824
vt1 1.301758 0.613037
vt1 1.301758 0.710449
vt1 0.175537 0.620605
vt1 0.056183 0.712402
vt1 -0.050690 0.623535
vt1 -0.107361 0.694824
vt1 -1.173828 0.708740
vt1 -1.174805 0.612305
vt1 -3.490234 0.627441
vt1 -2.423828 0.694824
vt1 -3.490234 0.709473
vt1 -2.367188 0.623047
vt1 -2.302734 0.710205
vt1 -2.248047 0.613525
vt1 -2.138672 0.698242
vt1 -2.080078 0.627441
vt1 -1.013672 0.612305
vt1 -1.013672 0.710938
vt1 -3.621094 0.681396
vt1 -2.574219 0.696045
vt1 -3.621094 0.767578
vt1 -2.511719 0.768433
vt1 -2.441406 0.680420
vt1 -2.345703 0.767578
vt1 -2.304688 0.696045
vt1 -1.287109 0.681396
vt1 -1.287109 0.767578
vt1 -3.490234 0.612061
vt1 -2.367188 0.698486
vt1 -3.490234 0.710693
vt1 -2.363281 0.627930
vt1 -2.201172 0.709473
vt1 -2.138672 0.619141
vt1 -2.083984 0.709717
vt1 -1.013672 0.708496
vt1 -1.013672 0.611816
vt1 -1.013672 0.710449
vt1 -2.095703 0.627441
vt1 -1.013672 0.611816
vt1 -2.095703 0.694336
vt1 -2.236328 0.612549
vt1 -2.220703 0.709717
vt1 -2.386719 0.626953
vt1 -2.367188 0.697266
vt1 -3.490234 0.612305
vt1 -3.490234 0.710938
vt1 -3.488281 0.611816
vt1 -2.408203 0.627686
vt1 -3.488281 0.710693
vt1 -2.406250 0.694824
vt1 -2.259766 0.613525
vt1 -2.222656 0.708984
vt1 -2.126953 0.624756
vt1 -2.066406 0.694824
vt1 -1.015625 0.708984
vt1 -1.015625 0.612305
vt1 -2.423828 0.627441
vt1 -3.490234 0.709473
vt1 -3.490234 0.612793
vt1 -2.423828 0.694824
vt1 -2.255859 0.615967
vt1 -2.298828 0.708740
vt1 -2.136719 0.699463
vt1 -2.080078 0.627441
vt1 -1.013672 0.613770
vt1 -1.013672 0.710938
vt1 -2.521484 0.752808
vt1 -3.617188 0.765503
vt1 -3.617188 0.680664
vt1 -2.484375 0.680420
vt1 -2.382812 0.755859
vt1 -2.328125 0.680664
vt1 -1.291016 0.752075
vt1 -1.291016 0.680664
vt1 2.011719 0.694824
vt1 0.945312 0.709473
vt1 0.945312 0.627441
vt1 2.068359 0.622559
vt1 2.130859 0.710205
vt1 2.187500 0.614014
vt1 2.296875 0.698242
vt1 2.353516 0.627441
vt1 3.421875 0.614014
vt1 3.421875 0.710449
vt1 -2.345703 0.756958
vt1 -1.291016 0.694336
vt1 -1.291016 0.757080
vt1 -2.333984 0.698730
vt1 -2.501953 0.756958
vt1 -2.462891 0.694336
vt1 -2.564453 0.693848
vt1 -3.617188 0.692139
vt1 -3.617188 0.757080
vt1 2.117188 0.707031
vt1 1.027344 0.757080
vt1 1.027344 0.691650
vt1 2.175781 0.757324
vt1 2.269531 0.702393
vt1 2.333984 0.757080
vt1 3.361328 0.691162
vt1 3.361328 0.757080
vt1 -2.369141 0.627441
vt1 -1.286133 0.612793
vt1 -1.288086 0.709229
vt1 -2.375000 0.706055
vt1 -2.541016 0.611816
vt1 -2.539062 0.708252
vt1 -2.671875 0.627686
vt1 -2.679688 0.695068
vt1 -3.759766 0.710693
vt1 -3.759766 0.611816
vt1 -3.490234 0.611816
vt1 -2.367188 0.697510
vt1 -3.490234 0.710693
vt1 -2.363281 0.627930
vt1 -2.201172 0.709473
vt1 -2.138672 0.619141
vt1 -2.083984 0.709717
vt1 -1.013672 0.708496
vt1 -1.013672 0.611816
vt1 -1.013672 0.710449
vt1 -2.095703 0.627441
vt1 -1.013672 0.611816
vt1 -2.095703 0.694336
vt1 -2.236328 0.612549
vt1 -2.220703 0.709717
vt1 -2.386719 0.626953
vt1 -2.367188 0.697266
vt1 -3.490234 0.614014
vt1 -3.490234 0.710205
vt1 2.193359 0.623779
vt1 1.069336 0.708984
vt1 1.068359 0.612305
vt1 2.195312 0.695068
vt1 2.359375 0.612549
vt1 2.419922 0.702881
vt1 2.474609 0.612549
vt1 3.546875 0.614014
vt1 3.546875 0.694824
vt1 -1.806641 0.694824
vt1 -2.873047 0.709473
vt1 -2.873047 0.627441
vt1 -1.750977 0.623047
vt1 -1.687500 0.710205
vt1 -1.631836 0.613525
vt1 -1.521484 0.698242
vt1 -1.464844 0.627441
vt1 -0.397705 0.612305
vt1 -0.397217 0.710449
vt1 -1.291016 0.757080
vt1 -2.345703 0.756958
vt1 -1.291016 0.694336
vt1 -2.333984 0.698730
vt1 -2.501953 0.756958
vt1 -2.462891 0.694336
vt1 -2.564453 0.693848
vt1 -3.617188 0.692139
vt1 -3.617188 0.757080
vt1 -2.531250 0.707031
vt1 -3.621094 0.757080
vt1 -3.621094 0.691650
vt1 -2.472656 0.757324
vt1 -2.378906 0.702393
vt1 -2.312500 0.757080
vt1 -1.287109 0.691162
vt1 -1.287109 0.757080
vt1 -2.095703 0.627441
vt1 -1.013672 0.611816
vt1 -1.013672 0.710449
vt1 -2.095703 0.694336
vt1 -2.257812 0.613037
vt1 -2.220703 0.709717
vt1 -2.406250 0.616699
vt1 -2.367188 0.697266
vt1 -3.488281 0.612549
vt1 -3.490234 0.710205
vt1 -3.662109 0.691162
vt1 -2.591797 0.741699
vt1 -3.662109 0.754639
vt1 -2.644531 0.691162
vt1 -2.488281 0.690918
vt1 -2.496094 0.751953
vt1 -2.390625 0.753906
vt1 -1.337891 0.756592
vt1 -1.335938 0.691162
vt1 -1.291016 0.757080
vt1 -2.386719 0.757446
vt1 -1.291016 0.693604
vt1 -2.308594 0.706543
vt1 -2.445312 0.692139
vt1 -2.548828 0.756836
vt1 -2.566406 0.692871
vt1 -3.617188 0.691895
vt1 -3.617188 0.757080
vt1 -3.490234 0.611816
vt1 -2.384766 0.696777
vt1 -3.490234 0.710693
vt1 -2.423828 0.627441
vt1 -2.300781 0.612793
vt1 -2.208984 0.710938
vt1 -2.136719 0.622559
vt1 -2.080078 0.694824
vt1 -1.013672 0.708740
vt1 -1.013672 0.612061
vt1 1.262695 0.691162
vt1 2.332031 0.741699
vt1 1.261719 0.754639
vt1 2.279297 0.691162
vt1 2.435547 0.690918
vt1 2.427734 0.751953
vt1 2.531250 0.753906
vt1 3.585938 0.756592
vt1 3.587891 0.691162
vt1 -2.345703 0.767578
vt1 -1.291016 0.683105
vt1 -1.291016 0.767578
vt1 -2.308594 0.696045
vt1 -2.453125 0.685547
vt1 -2.513672 0.766846
vt1 -2.570312 0.696289
vt1 -3.617188 0.681641
vt1 -3.617188 0.767578
vt1 -2.546875 0.741699
vt1 -3.617188 0.754639
vt1 -3.617188 0.691162
vt1 -2.599609 0.691162
vt1 -2.443359 0.690918
vt1 -2.451172 0.751953
vt1 -2.345703 0.753906
vt1 -1.292969 0.756592
vt1 -1.291016 0.691162
vt1 -2.367188 0.698486
vt1 -3.490234 0.710693
vt1 -3.490234 0.612061
vt1 -2.417969 0.613037
vt1 -2.302734 0.613525
vt1 -2.201172 0.709717
vt1 -2.136719 0.622559
vt1 -2.080078 0.694824
vt1 -1.013672 0.708740
vt1 -1.013672 0.612061
vt1 4.410156 0.117676
vt1 3.410156 0.231934
vt1 3.394531 0.184570
vt1 4.414062 0.233398
vt1 3.425781 0.084473
vt1 4.402344 0.026855
vt1 3.439453 0.026855
vt1 4.410156 0.312988
vt1 3.419922 0.235840
vt1 3.400391 0.312988
vt1 1.467773 0.084473
vt1 2.437500 0.026855
vt1 1.460938 0.026855
vt1 3.462891 0.183105
vt1 -0.490967 0.026855
vt1 1.437500 0.185547
vt1 1.422852 0.236328
vt1 1.436523 0.312988
vt1 -0.506348 0.083984
vt1 -0.545898 0.236328
vt1 -2.458984 0.026855
vt1 -0.532715 0.312988
vt1 1.497070 0.184082
vt1 -0.533691 0.185547
vt1 -2.513672 0.236328
vt1 -2.492188 0.312988
vt1 -3.462891 0.312988
vt1 -0.470703 0.184082
vt1 -3.462891 0.232910
vt1 -2.527344 0.159180
vt1 -2.423828 0.159668
vt1 -2.478516 0.077148
vt1 -3.457031 0.115723
vt1 -3.453125 0.026855
vt1 -3.462891 3.740234
vt1 -3.369141 3.740234
vt1 -3.373047 4.414062
vt1 -3.462891 4.490234
vt1 -3.275391 4.490234
vt1 -3.193359 4.447266
vt1 -3.041016 4.451172
vt1 -3.175781 4.414062
vt1 -3.060547 4.414062
vt1 -3.169922 3.740234
vt1 -3.056641 3.740234
vt1 -2.878906 4.447266
vt1 -2.632812 4.476562
vt1 -2.025391 4.490234
vt1 -2.748047 4.425781
vt1 -2.863281 4.414062
vt1 -2.744141 3.740234
vt1 -2.865234 3.740234
vt1 -2.421875 4.447266
vt1 -2.437500 4.414062
vt1 -2.552734 4.402344
vt1 -2.435547 3.740234
vt1 -2.556641 3.740234
vt1 -2.306641 4.464844
vt1 -2.125000 4.427734
vt1 -2.240234 4.414062
vt1 -2.123047 3.740234
vt1 -2.244141 3.740234
vt1 -1.840820 4.490234
vt1 -1.934570 4.419922
vt1 -1.931641 3.742188
vt1 -1.840820 3.740234
vt1 4.449219 3.759766
vt1 4.601562 3.759766
vt1 4.449219 4.433594
vt1 4.601562 4.572266
vt1 4.433594 4.466797
vt1 4.320312 4.486328
vt1 4.031250 4.500000
vt1 2.855469 4.574219
vt1 4.136719 4.443359
vt1 4.253906 4.433594
vt1 4.136719 3.759766
vt1 4.253906 3.759766
vt1 3.744141 4.486328
vt1 3.826172 4.447266
vt1 3.941406 4.433594
vt1 3.824219 3.759766
vt1 3.945312 3.759766
vt1 3.646484 4.466797
vt1 3.449219 4.488281
vt1 3.507812 4.433594
vt1 3.630859 4.421875
vt1 3.511719 3.759766
vt1 3.632812 3.759766
vt1 3.335938 4.466797
vt1 3.125000 4.486328
vt1 3.203125 4.447266
vt1 3.019531 4.466797
vt1 3.318359 4.433594
vt1 3.005859 4.421875
vt1 3.199219 3.759766
vt1 3.320312 3.759766
vt1 2.855469 3.761719
vt1 3.007812 3.759766
vt1 4.601562 3.759766
vt1 4.753906 3.759766
vt1 4.750000 4.421875
vt1 4.601562 4.572266
vt1 4.765625 4.466797
vt1 4.871094 4.486328
vt1 5.082031 4.466797
vt1 4.949219 4.447266
vt1 5.066406 4.433594
vt1 4.945312 3.759766
vt1 5.066406 3.759766
vt1 5.195312 4.486328
vt1 5.394531 4.466797
vt1 5.261719 4.433594
vt1 5.375000 4.421875
vt1 5.257812 3.759766
vt1 5.378906 3.759766
vt1 5.492188 4.486328
vt1 5.781250 4.500000
vt1 5.570312 4.447266
vt1 6.351562 4.572266
vt1 5.687500 4.433594
vt1 5.570312 3.759766
vt1 5.691406 3.759766
vt1 6.347656 3.759766
vt1 6.195312 3.759766
vt1 6.199219 4.433594
vt1 6.183594 4.466797
vt1 6.066406 4.486328
vt1 5.882812 4.443359
vt1 6.000000 4.433594
vt1 5.882812 3.759766
vt1 6.003906 3.759766
vt1 -0.309570 3.740234
vt1 -0.218018 3.740234
vt1 -0.305176 4.402344
vt1 -0.218018 4.490234
vt1 -0.318359 4.435547
vt1 -0.415039 4.468750
vt1 -0.684082 4.464844
vt1 -0.502441 4.427734
vt1 -0.625488 4.412109
vt1 -0.501465 3.740234
vt1 -0.621582 3.740234
vt1 -0.801758 4.447266
vt1 -0.936523 4.425781
vt1 -0.815430 4.414062
vt1 -0.813965 3.740234
vt1 -0.934570 3.742188
vt1 -1.653320 4.490234
vt1 -1.038086 4.466797
vt1 -1.256836 4.447266
vt1 -1.125000 4.425781
vt1 -1.240234 4.414062
vt1 -1.123047 3.740234
vt1 -1.243164 3.740234
vt1 -1.372070 4.464844
vt1 -1.571289 4.447266
vt1 -1.552734 4.414062
vt1 -1.430664 4.412109
vt1 -1.547852 3.740234
vt1 -1.434570 3.740234
vt1 -1.840820 4.490234
vt1 -1.750977 4.414062
vt1 -1.747070 3.740234
vt1 -1.840820 3.740234
vt1 -0.218018 3.740234
vt1 -0.124512 3.740234
vt1 -0.128296 4.414062
vt1 -0.218018 4.490234
vt1 -0.031250 4.488281
vt1 0.051025 4.447266
vt1 0.287354 4.490234
vt1 0.069275 4.414062
vt1 0.184082 4.414062
vt1 0.074280 3.740234
vt1 0.187744 3.740234
vt1 1.108398 3.761719
vt1 1.260742 3.761719
vt1 1.258789 4.421875
vt1 1.108398 4.574219
vt1 1.273438 4.466797
vt1 1.377930 4.486328
vt1 1.590820 4.468750
vt1 1.456055 4.449219
vt1 1.982422 4.574219
vt1 1.571289 4.433594
vt1 1.453125 3.761719
vt1 1.573242 3.759766
vt1 1.750977 4.470703
vt1 1.885742 4.460938
vt1 1.768555 4.433594
vt1 1.765625 3.761719
vt1 1.885742 3.761719
vt1 1.994141 4.488281
vt1 2.212891 4.470703
vt1 2.078125 4.447266
vt1 2.371094 4.468750
vt1 2.193359 4.433594
vt1 2.076172 3.761719
vt1 2.197266 3.761719
vt1 2.855469 4.574219
vt1 2.572266 4.486328
vt1 2.390625 4.433594
vt1 2.687500 4.466797
vt1 2.505859 4.433594
vt1 2.703125 4.433594
vt1 2.396484 3.761719
vt1 2.507812 3.761719
vt1 2.855469 3.761719
vt1 2.701172 3.759766
vt1 4.195312 2.804688
vt1 4.191406 3.464844
vt1 4.015625 2.804688
vt1 4.015625 3.554688
vt1 4.207031 3.513672
vt1 4.320312 3.511719
vt1 4.476562 3.539062
vt1 4.410156 3.484375
vt1 4.335938 3.488281
vt1 4.332031 2.804688
vt1 4.414062 2.804688
vt1 4.691406 3.535156
vt1 4.542969 3.486328
vt1 4.953125 3.554688
vt1 4.621094 3.482422
vt1 4.546875 2.804688
vt1 4.625000 2.804688
vt1 4.750000 3.486328
vt1 4.753906 2.804688
vt1 4.953125 2.804688
vt1 3.683594 3.482422
vt1 3.609375 2.804688
vt1 3.687500 2.804688
vt1 3.605469 3.486328
vt1 3.751953 3.535156
vt1 3.546875 3.535156
vt1 3.076172 3.554688
vt1 4.015625 3.554688
vt1 3.812500 3.486328
vt1 3.816406 2.804688
vt1 4.015625 2.804688
vt1 3.384766 3.511719
vt1 3.480469 3.478516
vt1 3.269531 3.513672
vt1 3.398438 3.488281
vt1 3.253906 3.464844
vt1 3.394531 2.804688
vt1 3.478516 2.804688
vt1 3.076172 2.804688
vt1 3.257812 2.804688
vt1 -3.746094 3.740234
vt1 -3.863281 4.414062
vt1 -3.867188 3.740234
vt1 -3.748047 4.427734
vt1 -3.933594 4.466797
vt1 -3.660156 4.466797
vt1 -3.462891 4.490234
vt1 -3.562500 4.433594
vt1 -4.046875 4.435547
vt1 -3.550781 4.402344
vt1 -3.554688 3.740234
vt1 -3.462891 3.740234
vt1 -4.175781 4.441406
vt1 -4.058594 4.414062
vt1 -4.058594 3.740234
vt1 -4.179688 3.740234
vt1 -4.898438 4.490234
vt1 -4.285156 4.468750
vt1 -4.500000 4.447266
vt1 -4.371094 4.427734
vt1 -4.484375 4.414062
vt1 -4.367188 3.740234
vt1 -4.488281 3.740234
vt1 -4.664062 4.449219
vt1 -4.816406 4.447266
vt1 -4.796875 4.414062
vt1 -4.683594 4.414062
vt1 -4.792969 3.740234
vt1 -4.679688 3.740234
vt1 -5.085938 4.490234
vt1 -4.996094 4.414062
vt1 -4.992188 3.740234
vt1 -5.085938 3.740234
vt1 5.128906 3.464844
vt1 4.953125 2.804688
vt1 5.132812 2.804688
vt1 4.953125 3.554688
vt1 5.187500 3.541016
vt1 5.414062 3.552734
vt1 5.347656 3.488281
vt1 5.273438 3.488281
vt1 5.269531 2.804688
vt1 5.355469 2.804688
vt1 -5.679688 3.740234
vt1 -5.796875 4.402344
vt1 -5.800781 3.740234
vt1 -5.683594 4.414062
vt1 -5.875000 4.476562
vt1 -5.667969 4.447266
vt1 -5.085938 4.490234
vt1 -5.550781 4.464844
vt1 -6.203125 4.490234
vt1 -5.992188 4.425781
vt1 -6.109375 4.414062
vt1 -5.988281 3.740234
vt1 -6.109375 3.740234
vt1 -5.175781 3.740234
vt1 -5.085938 3.740234
vt1 -5.171875 4.402344
vt1 -5.183594 4.433594
vt1 -5.281250 4.466797
vt1 -5.371094 4.427734
vt1 -5.492188 4.412109
vt1 -5.367188 3.740234
vt1 -5.488281 3.740234
vt1 6.812500 3.759766
vt1 6.812500 4.433594
vt1 6.695312 3.759766
vt1 6.695312 4.447266
vt1 6.832031 4.466797
vt1 6.617188 4.486328
vt1 6.351562 4.572266
vt1 6.515625 4.466797
vt1 6.500000 4.421875
vt1 6.500000 3.759766
vt1 6.347656 3.759766
vt1 7.222656 4.572266
vt1 6.992188 4.470703
vt1 7.226562 4.492188
vt1 7.140625 4.458984
vt1 7.007812 4.433594
vt1 7.125000 4.421875
vt1 7.007812 3.759766
vt1 7.128906 3.759766
vt1 2.314453 3.464844
vt1 2.138672 2.804688
vt1 2.318359 2.804688
vt1 2.138672 3.554688
vt1 2.332031 3.513672
vt1 2.447266 3.511719
vt1 2.609375 3.537109
vt1 2.542969 3.480469
vt1 2.458984 3.488281
vt1 2.457031 2.804688
vt1 2.541016 2.804688
vt1 2.814453 3.535156
vt1 2.667969 3.486328
vt1 3.076172 3.554688
vt1 2.744141 3.484375
vt1 2.669922 2.804688
vt1 2.748047 2.804688
vt1 2.875000 3.486328
vt1 2.878906 2.804688
vt1 3.076172 2.804688
vt1 1.811523 2.804688
vt1 1.807617 3.490234
vt1 1.732422 2.804688
vt1 1.737305 3.490234
vt1 1.820312 3.513672
vt1 1.664062 3.554688
vt1 2.138672 3.554688
vt1 1.928711 3.513672
vt1 1.945312 3.464844
vt1 1.948242 2.804688
vt1 2.138672 2.804688
vt1 0.761719 3.761719
vt1 0.759277 4.435547
vt1 0.643066 3.761719
vt1 0.644531 4.435547
vt1 0.825195 4.486328
vt1 0.627441 4.466797
vt1 1.108398 4.574219
vt1 0.941406 4.468750
vt1 0.515137 4.488281
vt1 0.957031 4.435547
vt1 0.954590 3.761719
vt1 1.108398 3.761719
vt1 0.239868 4.492188
vt1 0.235474 4.574219
vt1 0.447021 4.435547
vt1 0.332031 4.433594
vt1 0.330078 3.761719
vt1 0.450684 3.761719
vt1 -8.000000 1.000001
vt1 -9.000000 1.000002
vt1 -9.000000 0.000488
vt1 -8.000000 0.000488
vt1 -7.000000 0.000000
vt1 -6.000000 0.000000
vt1 -6.000000 0.999999
vt1 -7.000000 1.000000
vt1 -8.000000 1.000001
vt1 -8.000000 0.000488
vt1 -7.000000 1.000000
vt1 -7.000000 0.000000
vt1 -5.000000 0.999998
vt1 -6.000000 0.000000
vt1 -5.000000 0.000000
vt1 -6.000000 0.999999
vn 0.000000 -1.000000 0.000000
vn 0.000000 -1.000000 0.000000
vn 0.000000 -1.000000 0.000000
vn 0.000000 -1.000000 0.000000
vn 0.000000 -1.000000 0.000000
vn 0.000000 -1.000000 0.000000
vn 0.000000 -1.000000 0.000000
vn 0.000000 -1.000000 0.000000
vn 0.000000 -1.000000 0.000000
vn 0.000000 -1.000000 0.000000
vn 0.000000 -1.000000 0.000000
vn 0.000000 -1.000000 0.000000
vn 0.000000 -1.000000 0.000000
vn 0.000000 -1.000000 0.000000
vn 0.000000 -1.000000 0.000000
vn 0.000000 -1.000000 0.000000
vn 0.000000 -1.000000 0.000000
vn 0.000000 -1.000000 0.000000
vn 0.000000 -1.000000 0.000000
vn 0.000000 -1.000000 0.000000
vn 0.000000 -1.000000 0.000000
vn 0.000000 -1.000000 0.000000
vn 0.000000 -1.000000 0.000000
vn 0.000000 -1.000000 0.000000
vn -0.724409 -0.149606 0.677165
vn -0.708661 -0.015748 0.700787
vn -0.708661 -0.047244 0.700787
vn -0.708661 -0.007874 -0.708661
vn -0.724409 -0.110236 -0.677165
vn -0.708661 -0.047244 -0.700787
vn 0.716535 -0.141732 -0.677165
vn 0.708661 -0.015748 -0.708661
vn 0.708661 -0.047244 -0.700787
vn 0.692913 -0.062992 0.716535
vn 0.708661 0.000000 0.708661
vn 0.708661 -0.062992 0.700787
vn -0.700787 -0.023622 0.708661
vn -0.677165 -0.165354 0.716535
vn -0.708661 -0.015748 0.708661
vn -0.708661 -0.015748 0.708661
vn -0.692913 -0.110236 0.716535
vn -0.708661 -0.015748 0.708661
vn 0.700787 -0.047244 -0.708661
vn 0.708661 -0.007874 -0.708661
vn 0.692913 -0.062992 -0.716535
vn -0.700787 -0.015748 0.708661
vn -0.677165 -0.149606 0.724409
vn -0.700787 -0.047244 0.708661
vn -0.700787 -0.023622 0.708661
vn -0.677165 -0.157480 0.716535
vn -0.708661 -0.015748 0.708661
vn -0.700787 -0.047244 -0.716535
vn -0.708661 -0.007874 -0.708661
vn -0.708661 -0.015748 -0.708661
vn -0.677165 -0.149606 -0.724409
vn -0.700787 -0.015748 -0.708661
vn -0.700787 -0.047244 -0.708661
vn 0.700787 -0.047244 -0.708661
vn 0.708661 -0.007874 -0.708661
vn 0.677165 -0.110236 -0.724409
vn 0.677165 -0.141732 0.716535
vn 0.708661 -0.015748 0.708661
vn 0.700787 -0.047244 0.708661
vn -0.708661 -0.015748 -0.708661
vn -0.716535 -0.078740 -0.692913
vn -0.708661 -0.015748 -0.708661
vn -0.724409 -0.110236 0.677165
vn -0.708661 -0.007874 0.708661
vn -0.708661 -0.047244 0.700787
vn 0.708661 -0.047244 0.700787
vn 0.708661 -0.015748 0.708661
vn 0.716535 -0.141732 0.677165
vn -0.708661 -0.023622 -0.700787
vn -0.724409 -0.157480 -0.669291
vn -0.708661 -0.047244 -0.700787
vn -0.708661 -0.023622 -0.708661
vn -0.716535 -0.157480 -0.677165
vn -0.708661 -0.015748 -0.708661
vn 0.716535 -0.047244 -0.700787
vn 0.708661 -0.007874 -0.708661
vn 0.708661 -0.015748 -0.708661
vn -0.724409 -0.141732 0.677165
vn -0.708661 -0.015748 0.708661
vn -0.708661 -0.047244 0.700787
vn -0.708661 -0.000000 -0.708661
vn -0.716535 -0.062992 -0.692913
vn -0.700787 -0.055118 -0.708661
vn -0.716535 -0.141732 0.677165
vn -0.708661 -0.015748 0.708661
vn -0.708661 -0.047244 0.700787
vn -0.692913 -0.062992 -0.716535
vn -0.708661 -0.000000 -0.708661
vn -0.708661 -0.062992 -0.700787
vn 0.708661 -0.015748 -0.708661
vn 0.708661 -0.015748 -0.708661
vn 0.692913 -0.110236 -0.716535
vn -0.677165 -0.110236 -0.724409
vn -0.708661 -0.007874 -0.708661
vn -0.700787 -0.047244 -0.708661
vn -0.708661 -0.015748 0.708661
vn -0.685039 -0.141732 0.716535
vn -0.700787 -0.047244 0.708661
vn 0.700787 -0.047244 -0.708661
vn 0.700787 -0.023622 -0.708661
vn 0.669291 -0.157480 -0.724409
vn 0.708661 -0.015748 -0.708661
vn 0.700787 -0.023622 -0.708661
vn 0.677165 -0.157480 -0.716535
vn 0.700787 -0.047244 0.716535
vn 0.708661 -0.007874 0.708661
vn 0.708661 -0.015748 0.708661
vn 0.700787 -0.047244 -0.708661
vn 0.708661 -0.007874 -0.708661
vn 0.677165 -0.110236 -0.724409
vn 0.677165 -0.141732 0.716535
vn 0.700787 -0.015748 0.708661
vn 0.700787 -0.047244 0.708661
vn -0.677165 -0.141732 -0.716535
vn -0.708661 -0.015748 -0.708661
vn -0.700787 -0.047244 -0.708661
vn 0.716535 -0.062992 -0.692913
vn 0.708661 -0.000000 -0.708661
vn 0.700787 -0.062992 -0.708661
vn 0.708661 -0.015748 0.708661
vn 0.708661 -0.023622 0.700787
vn 0.716535 -0.157480 0.677165
vn 0.708661 -0.015748 0.708661
vn 0.708661 -0.015748 0.708661
vn 0.716535 -0.110236 0.692913
vn -0.708661 -0.015748 -0.708661
vn -0.716535 -0.141732 -0.677165
vn -0.708661 -0.047244 -0.700787
vn 0.708661 -0.047244 0.700787
vn 0.708661 -0.015748 0.700787
vn 0.724409 -0.149606 0.677165
vn 0.708661 -0.015748 0.708661
vn 0.708661 -0.023622 0.700787
vn 0.716535 -0.157480 0.677165
vn 0.708661 -0.055118 -0.700787
vn 0.708661 -0.000000 -0.708661
vn 0.708661 -0.094488 -0.700787
vn 0.724409 -0.685039 -0.102362
vn -0.708661 -0.000000 -0.708661
vn -0.708661 -0.055118 -0.700787
vn -0.708661 -0.094488 -0.700787
vn -0.645669 -0.755905 0.125984
vn -0.708661 -0.015748 0.708661
vn -0.708661 -0.015748 0.708661
vn -0.708661 -0.007874 0.708661
vn 0.708661 -0.047244 0.700787
vn 0.708661 -0.007874 0.708661
vn 0.708661 -0.047244 0.700787
vn 0.700787 -0.653543 0.291339
vn 0.708661 -0.039370 -0.700787
vn 0.708661 -0.000000 -0.708661
vn 0.708661 -0.078740 -0.700787
vn 0.606299 -0.795275 0.039370
vn 0.708661 -0.047244 0.708661
vn 0.708661 -0.007874 0.708661
vn 0.708661 -0.062992 0.700787
vn 0.700787 -0.708661 -0.023622
vn 0.708661 -0.047244 0.700787
vn 0.708661 -0.007874 0.708661
vn 0.708661 -0.047244 0.700787
vn 0.669291 -0.708661 0.228347
vn -0.708661 -0.007874 0.708661
vn -0.724409 -0.149606 0.677165
vn -0.708661 -0.007874 0.708661
vn -0.708661 -0.047244 0.700787
vn -0.708661 -0.007874 -0.708661
vn -0.708661 -0.047244 -0.700787
vn -0.708661 -0.047244 -0.700787
vn -0.551181 -0.834646 0.000000
vn -0.708661 0.000000 0.708661
vn -0.708661 -0.015748 0.708661
vn -0.708661 -0.055118 0.708661
vn -0.078740 -0.740157 0.669291
vn -0.700787 -0.055118 -0.708661
vn -0.708661 0.007874 -0.708661
vn -0.692913 -0.125984 -0.708661
vn 0.078740 -0.708661 -0.700787
vn 0.700787 -0.062992 -0.708661
vn 0.700787 -0.102362 -0.708661
vn 0.708661 -0.000000 -0.708661
vn 0.700787 -0.047244 0.708661
vn 0.708661 -0.007874 0.708661
vn 0.700787 -0.047244 0.708661
vn 0.220472 -0.700787 0.677165
vn -0.700787 -0.047244 -0.708661
vn -0.708661 -0.007874 -0.708661
vn -0.700787 -0.047244 -0.708661
vn -0.196850 -0.700787 -0.685039
vn 0.700787 -0.070866 0.708661
vn 0.708661 0.000000 0.708661
vn 0.700787 -0.078740 0.708661
vn 0.141732 -0.669291 0.732283
vn 0.700787 -0.078740 -0.708661
vn 0.708661 -0.000000 -0.708661
vn 0.700787 -0.070866 -0.708661
vn 0.086614 -0.708661 -0.700787
vn 0.700787 -0.055118 0.708661
vn 0.708661 0.000000 0.708661
vn 0.700787 -0.094488 0.708661
vn 0.118110 -0.677165 0.724409
vn -0.708661 -0.007874 0.708661
vn -0.700787 -0.047244 0.708661
vn -0.700787 -0.047244 0.708661
vn -0.291339 -0.653543 0.700787
vn 0.700787 -0.039370 0.708661
vn 0.708661 0.000000 0.708661
vn 0.700787 -0.078740 0.708661
vn -0.039370 -0.795275 0.606299
vn -0.708661 -0.007874 0.708661
vn -0.700787 -0.062992 0.708661
vn -0.708661 -0.047244 0.708661
vn 0.023622 -0.708661 0.700787
vn -0.708661 -0.007874 0.708661
vn -0.700787 -0.047244 0.708661
vn -0.700787 -0.047244 0.708661
vn -0.228346 -0.708661 0.669291
vn -0.677165 -0.149606 -0.724409
vn -0.708661 -0.007874 -0.708661
vn -0.700787 -0.047244 -0.708661
vn -0.708661 -0.007874 -0.708661
vn 0.700787 -0.047244 -0.708661
vn 0.708661 -0.007874 -0.708661
vn 0.700787 -0.047244 -0.708661
vn 0.000000 -0.834646 -0.551181
vn -0.708661 0.007874 -0.708661
vn -0.708661 -0.015748 -0.708661
vn -0.692913 -0.086614 -0.716535
vn -0.645669 -0.763779 -0.023622
vn -0.700787 -0.062992 0.708661
vn -0.708661 -0.031496 0.708661
vn -0.708661 0.000000 0.708661
vn -0.708661 -0.039370 0.708661
vn -0.708661 0.000000 0.708661
vn -0.700787 -0.062992 0.708661
vn -0.661417 -0.740157 -0.125984
vn -0.708661 -0.015748 -0.708661
vn -0.708661 -0.015748 -0.708661
vn -0.708661 -0.000000 -0.708661
vn 0.708661 -0.015748 -0.708661
vn 0.708661 -0.007874 -0.708661
vn 0.708661 -0.015748 -0.708661
vn 0.637795 -0.755905 -0.125984
vn 0.708661 -0.055118 0.700787
vn 0.708661 -0.094488 0.700787
vn 0.708661 0.000000 0.708661
vn -0.708661 -0.070866 0.700787
vn -0.708661 0.000000 0.708661
vn -0.708661 -0.078740 0.700787
vn -0.732283 -0.669291 0.141732
vn 0.708661 -0.078740 0.700787
vn 0.708661 0.000000 0.708661
vn 0.708661 -0.070866 0.700787
vn 0.700787 -0.708661 0.086614
vn -0.708661 -0.062992 0.700787
vn -0.708661 -0.007874 0.708661
vn -0.708661 -0.055118 0.700787
vn -0.685039 -0.732283 0.047244
vn -0.708661 -0.007874 -0.708661
vn -0.708661 -0.047244 -0.700787
vn -0.708661 -0.047244 -0.700787
vn -0.669291 -0.708661 -0.212598
vn 0.708661 -0.047244 -0.700787
vn 0.708661 -0.007874 -0.708661
vn 0.708661 -0.047244 -0.700787
vn 0.582677 -0.811023 -0.015748
vn 0.708661 -0.047244 0.700787
vn 0.708661 -0.047244 0.700787
vn 0.708661 -0.007874 0.708661
vn -0.708661 -0.007874 -0.708661
vn -0.708661 -0.047244 -0.700787
vn -0.708661 -0.047244 -0.700787
vn -0.669291 -0.700787 -0.228346
vn 0.708661 -0.007874 -0.708661
vn 0.724409 -0.149606 -0.677165
vn 0.708661 -0.007874 -0.708661
vn 0.708661 -0.047244 -0.700787
vn -0.708661 0.000000 0.708661
vn -0.708661 -0.102362 0.692913
vn -0.708661 0.000000 0.708661
vn -0.708661 -0.015748 0.708661
vn 0.708661 -0.047244 0.700787
vn 0.708661 -0.007874 0.708661
vn 0.708661 -0.047244 0.700787
vn 0.551181 -0.834646 0.007874
vn 0.692913 -0.118110 -0.708661
vn 0.708661 -0.000000 -0.708661
vn 0.700787 -0.055118 -0.708661
vn -0.078740 -0.716535 -0.692913
vn -0.700787 -0.102362 -0.708661
vn -0.700787 -0.062992 -0.708661
vn -0.708661 -0.000000 -0.708661
vn -0.700787 -0.070866 -0.708661
vn -0.708661 -0.000000 -0.708661
vn -0.700787 -0.078740 -0.708661
vn -0.141732 -0.669291 -0.732283
vn -0.708661 0.000000 0.708661
vn -0.700787 -0.070866 0.708661
vn -0.700787 -0.078740 0.708661
vn -0.086614 -0.708661 0.700787
vn -0.708661 0.000000 0.708661
vn -0.700787 -0.047244 0.708661
vn -0.700787 -0.094488 0.708661
vn -0.078740 -0.716535 0.692913
vn -0.669291 -0.157480 -0.724409
vn -0.708661 -0.007874 -0.708661
vn -0.700787 -0.047244 -0.708661
vn -0.708661 -0.007874 -0.708661
vn 0.708661 -0.047244 -0.708661
vn 0.708661 -0.007874 -0.708661
vn 0.700787 -0.062992 -0.708661
vn -0.023622 -0.708661 -0.700787
vn 0.700787 -0.047244 -0.708661
vn 0.708661 -0.007874 -0.708661
vn 0.700787 -0.047244 -0.708661
vn 0.228346 -0.700787 -0.669291
vn 0.708661 -0.007874 0.708661
vn 0.677165 -0.149606 0.724409
vn 0.708661 -0.007874 0.708661
vn 0.700787 -0.047244 0.708661
vn -0.708661 -0.007874 0.708661
vn -0.700787 -0.047244 0.708661
vn -0.700787 -0.047244 0.708661
vn 0.000000 -0.834646 0.551181
vn -0.708661 -0.047244 0.700787
vn -0.708661 -0.007874 0.708661
vn -0.708661 -0.047244 0.700787
vn -0.677165 -0.700787 0.228347
vn 0.708661 -0.070866 -0.700787
vn 0.708661 -0.000000 -0.708661
vn 0.708661 -0.078740 -0.700787
vn 0.732283 -0.669291 -0.133858
vn -0.708661 -0.000000 -0.708661
vn -0.708661 -0.070866 -0.700787
vn -0.708661 -0.078740 -0.700787
vn -0.629921 -0.779527 0.055118
vn 0.000000 -0.070866 -1.000000
vn 0.000000 -0.015748 -1.000000
vn 0.000000 -0.007874 -1.000000
vn 0.000000 -0.125984 -0.992126
vn 0.000000 -0.984252 -0.157480
vn 0.000000 -0.992126 0.110236
vn 0.000000 -0.133858 0.992126
vn 0.000000 -0.023622 1.000000
vn 0.000000 0.000000 1.000000
vn 0.000000 -0.007874 1.000000
vn 0.000000 -0.047244 -1.000000
vn 0.000000 -0.007874 -1.000000
vn 0.000000 -0.007874 -1.000000
vn 0.000000 -0.377953 -0.921260
vn 0.000000 -1.000000 0.023622
vn 0.000000 -0.149606 0.992126
vn 0.000000 -0.086614 1.000000
vn 0.000000 0.000000 1.000000
vn 0.000000 -0.007874 1.000000
vn 0.000000 -0.007874 1.000000
vn 0.000000 -0.055118 1.000000
vn 0.000000 -0.007874 1.000000
vn 0.000000 -0.228346 0.976378
vn 0.000000 -0.952756 0.307087
vn 0.000000 -1.000000 0.039370
vn 0.000000 -0.141732 -0.992126
vn 0.000000 -0.086614 -1.000000
vn 0.000000 -0.000000 -1.000000
vn 0.000000 -0.007874 -1.000000
vn 1.000000 -0.007874 0.000000
vn 0.984252 -0.181102 0.000000
vn 1.000000 -0.007874 0.000000
vn 0.826772 -0.559055 0.000000
vn -0.976378 -0.196850 0.000000
vn -1.000000 -0.031496 0.000000
vn -1.000000 -0.031496 0.000000
vn -1.000000 -0.007874 0.000000
vn 1.000000 -0.015748 0.000000
vn 1.000000 -0.078740 0.000000
vn 1.000000 -0.007874 0.000000
vn 0.992126 -0.125984 0.000000
vn 0.110236 -0.992126 0.000000
vn 0.204724 -0.976378 0.000000
vn -0.976378 -0.212598 0.000000
vn -0.992126 -0.118110 0.000000
vn -1.000000 -0.015748 0.000000
vn -1.000000 -0.007874 0.000000
vn 1.000000 -0.070866 0.000000
vn 1.000000 -0.015748 0.000000
vn 1.000000 -0.007874 0.000000
vn 0.992126 -0.149606 0.000000
vn 0.181102 -0.984252 0.000000
vn 0.110236 -0.992126 0.000000
vn -0.992126 -0.141732 0.000000
vn -0.992126 -0.118110 0.000000
vn -1.000000 -0.007874 0.000000
vn -1.000000 -0.007874 0.000000
vn 1.000000 -0.047244 0.000000
vn 1.000000 -0.007874 0.000000
vn 1.000000 -0.007874 0.000000
vn 0.921260 -0.377953 0.000000
vn -0.023622 -1.000000 0.000000
vn -0.992126 -0.149606 0.000000
vn -1.000000 -0.086614 0.000000
vn -1.000000 0.000000 0.000000
vn -1.000000 -0.007874 0.000000
vn -1.000000 -0.007874 0.000000
vn -1.000000 -0.055118 0.000000
vn -1.000000 -0.007874 0.000000
vn -0.976378 -0.228346 0.000000
vn -0.307087 -0.952756 0.000000
vn -0.039370 -1.000000 0.000000
vn 0.992126 -0.141732 0.000000
vn 1.000000 -0.086614 0.000000
vn 1.000000 0.000000 0.000000
vn 1.000000 -0.007874 0.000000
vn 0.000000 -0.007874 1.000000
vn 0.000000 -0.055118 1.000000
vn 0.000000 -0.007874 1.000000
vn 0.000000 -0.307086 0.952756
vn 0.000000 -0.984252 -0.157480
vn 0.000000 -0.078740 -1.000000
vn 0.000000 -0.015748 -1.000000
vn 0.000000 -0.000000 -1.000000
vn 0.000000 -0.007874 -1.000000
vn 0.000000 0.000000 1.000000
vn 0.000000 -0.141732 0.992126
vn 0.000000 -0.007874 1.000000
vn 0.000000 -0.362205 0.929134
vn 0.000000 -0.952756 -0.307086
vn 0.000000 -0.141732 -0.992126
vn 0.000000 -0.078740 -1.000000
vn 0.000000 -0.000000 -1.000000
vn 0.000000 -0.007874 -1.000000
vn 0.000000 -0.015748 1.000000
vn 0.000000 -0.078740 1.000000
vn 0.000000 -0.007874 1.000000
vn 0.000000 -0.125984 0.992126
vn 0.000000 -0.992126 0.110236
vn 0.000000 -0.976378 0.204724
vn 0.000000 -0.212599 -0.976378
vn 0.000000 -0.118110 -0.992126
vn 0.000000 -0.015748 -1.000000
vn 0.000000 -0.007874 -1.000000
vn 0.000000 -0.007874 1.000000
vn 0.000000 -0.062992 1.000000
vn 0.000000 -0.015748 1.000000
vn 0.000000 -0.141732 0.992126
vn 0.000000 -1.000000 0.047244
vn 0.000000 -0.992126 -0.118110
vn 0.000000 -0.125984 -0.992126
vn 0.000000 -0.023622 -1.000000
vn 0.000000 -0.000000 -1.000000
vn 0.000000 -0.007874 -1.000000
vn 0.000000 -0.047244 -1.000000
vn 0.000000 -0.007874 -1.000000
vn 0.000000 -0.007874 -1.000000
vn 0.000000 -0.086614 -1.000000
vn 0.000000 -1.000000 -0.039370
vn 0.000000 -0.960630 -0.291338
vn 0.000000 -0.165354 0.984252
vn 0.000000 -0.086614 1.000000
vn 0.000000 0.000000 1.000000
vn 0.000000 -0.007874 1.000000
vn 0.000000 -0.157480 -0.984252
vn 0.000000 -0.007874 -1.000000
vn 0.000000 -0.007874 -1.000000
vn 0.000000 -0.472441 -0.881890
vn 0.000000 -0.181102 0.984252
vn 0.000000 -0.039370 1.000000
vn 0.000000 -0.007874 1.000000
vn 0.000000 -0.007874 1.000000
vn 0.000000 -0.055118 -1.000000
vn 0.000000 -0.007874 -1.000000
vn 0.000000 -0.007874 -1.000000
vn 0.000000 -0.236221 -0.976378
vn 0.000000 -0.952756 -0.307086
vn 0.000000 -1.000000 -0.031496
vn 0.000000 -0.141732 0.992126
vn 0.000000 -0.086614 1.000000
vn 0.000000 0.000000 1.000000
vn 0.000000 -0.007874 1.000000
vn 1.000000 -0.070866 0.000000
vn 1.000000 -0.015748 0.000000
vn 1.000000 -0.007874 0.000000
vn 0.984252 -0.188976 0.000000
vn -0.976378 -0.220472 0.000000
vn -0.102362 -0.992126 0.000000
vn -1.000000 -0.023622 0.000000
vn -1.000000 0.015748 -0.000000
vn -1.000000 -0.007874 0.000000
vn -0.984252 -0.181102 0.000000
vn -1.000000 -0.007874 0.000000
vn -1.000000 -0.007874 0.000000
vn -0.826772 -0.559055 0.000000
vn 0.976378 -0.196850 0.000000
vn 1.000000 -0.031496 0.000000
vn 1.000000 -0.031496 0.000000
vn 1.000000 -0.007874 0.000000
vn 0.992126 -0.086614 0.000000
vn 1.000000 -0.007874 0.000000
vn 1.000000 -0.015748 0.000000
vn 0.976378 -0.212598 0.000000
vn -0.102362 -0.992126 0.000000
vn -0.110236 -0.992126 0.000000
vn -0.992126 -0.102362 0.000000
vn -0.992126 -0.102362 0.000000
vn -1.000000 -0.007874 0.000000
vn -1.000000 -0.007874 0.000000
vn -1.000000 0.000000 0.000000
vn -0.992126 -0.141732 0.000000
vn -1.000000 -0.007874 0.000000
vn -0.929134 -0.370079 0.000000
vn 0.307087 -0.952756 0.000000
vn 0.992126 -0.149606 0.000000
vn 1.000000 -0.078740 0.000000
vn 1.000000 0.000000 0.000000
vn 1.000000 -0.007874 0.000000
vn -1.000000 -0.015748 0.000000
vn -1.000000 -0.078740 0.000000
vn -1.000000 -0.007874 0.000000
vn -0.992126 -0.125984 0.000000
vn -0.110236 -0.992126 0.000000
vn -0.204724 -0.976378 0.000000
vn 0.976378 -0.212598 0.000000
vn 0.992126 -0.118110 0.000000
vn 1.000000 -0.015748 0.000000
vn 1.000000 -0.007874 0.000000
vn 0.992126 -0.141732 0.000000
vn 1.000000 0.000000 0.000000
vn 1.000000 -0.007874 0.000000
vn 0.929134 -0.362205 0.000000
vn -0.307087 -0.952756 0.000000
vn -0.992126 -0.141732 0.000000
vn -1.000000 -0.078740 0.000000
vn -1.000000 0.000000 0.000000
vn -1.000000 -0.007874 0.000000
vn 1.000000 -0.055118 0.000000
vn 1.000000 -0.007874 0.000000
vn 1.000000 -0.007874 0.000000
vn 0.976378 -0.228346 0.000000
vn 0.307087 -0.952756 0.000000
vn 0.039370 -1.000000 0.000000
vn -0.992126 -0.141732 0.000000
vn -1.000000 -0.086614 0.000000
vn -1.000000 0.000000 0.000000
vn -1.000000 -0.007874 0.000000
vn 0.000000 -0.007874 1.000000
vn 0.000000 -0.070866 1.000000
vn 0.000000 -0.015748 1.000000
vn 0.000000 -0.188976 0.984252
vn 0.000000 -0.220473 -0.976378
vn 0.000000 -0.992126 -0.102362
vn 0.000000 -0.023622 -1.000000
vn 0.000000 0.015748 -1.000000
vn 0.000000 -0.007874 -1.000000
vn 0.000000 -0.181102 -0.984252
vn 0.000000 -0.007874 -1.000000
vn 0.000000 -0.007874 -1.000000
vn 0.000000 -0.559055 -0.826771
vn 0.000000 -0.196850 0.976378
vn 0.000000 -0.031496 1.000000
vn 0.000000 -0.031496 1.000000
vn 0.000000 -0.007874 1.000000
vn 0.000000 -0.078740 -1.000000
vn 0.000000 -0.007874 -1.000000
vn 0.000000 -0.015748 -1.000000
vn 0.000000 -0.125984 -0.992126
vn 0.000000 -1.000000 0.031496
vn 0.000000 -0.976378 -0.204724
vn 0.000000 -0.196850 0.984252
vn 0.000000 -0.118110 0.992126
vn 0.000000 -0.015748 1.000000
vn 0.000000 -0.007874 1.000000
vn 0.000000 -0.007874 1.000000
vn 0.000000 -0.094488 0.992126
vn 0.000000 -0.007874 1.000000
vn 0.000000 -0.015748 1.000000
vn 0.000000 -0.354331 -0.937008
vn 0.000000 -0.992126 -0.141732
vn 0.000000 -0.031496 -1.000000
vn 0.000000 0.031496 -1.000000
vn 0.000000 -0.007874 -1.000000
vn -1.000000 -0.007874 0.000000
vn -0.984252 -0.181102 0.000000
vn -1.000000 0.015748 -0.000000
vn -1.000000 -0.015748 0.000000
vn -0.062992 -1.000000 0.000000
vn 1.000000 -0.086614 0.000000
vn 1.000000 -0.055118 0.000000
vn 1.000000 0.000000 0.000000
vn 1.000000 -0.007874 0.000000
vn 1.000000 0.000000 0.000000
vn 0.992126 -0.149606 0.000000
vn 1.000000 -0.007874 0.000000
vn 1.000000 -0.086614 0.000000
vn 0.307087 -0.952756 0.000000
vn -0.251969 -0.968504 0.000000
vn -0.992126 -0.141732 0.000000
vn -1.000000 -0.086614 0.000000
vn -1.000000 0.000000 0.000000
vn -1.000000 -0.007874 0.000000
vn -1.000000 -0.007874 0.000000
vn -0.992126 -0.094488 0.000000
vn -1.000000 -0.007874 0.000000
vn -1.000000 -0.015748 0.000000
vn 0.937008 -0.354331 0.000000
vn 0.141732 -0.992126 0.000000
vn 1.000000 -0.031496 0.000000
vn 1.000000 0.031496 -0.000000
vn 1.000000 -0.007874 0.000000
vn 0.000000 -0.070866 -1.000000
vn 0.000000 -0.000000 -1.000000
vn 0.000000 -0.007874 -1.000000
vn 0.000000 -0.015748 -1.000000
vn 0.000000 -1.000000 -0.023622
vn 0.000000 -0.181102 0.984252
vn 0.000000 -0.062992 1.000000
vn 0.000000 0.007874 1.000000
vn 0.000000 -0.007874 1.000000
vn 0.992126 -0.094488 0.000000
vn 1.000000 -0.007874 0.000000
vn 1.000000 -0.007874 0.000000
vn 1.000000 -0.015748 0.000000
vn -0.937008 -0.354331 0.000000
vn -0.141732 -0.992126 0.000000
vn -1.000000 -0.031496 0.000000
vn -1.000000 0.031496 -0.000000
vn -1.000000 -0.007874 0.000000
vn 0.000000 -0.141732 -0.992126
vn 0.000000 -0.007874 -1.000000
vn 0.000000 -0.000000 -1.000000
vn 0.000000 -0.078740 -1.000000
vn 0.000000 -0.952756 -0.299212
vn 0.000000 -0.952756 0.307087
vn 0.000000 -0.141732 0.992126
vn 0.000000 -0.086614 1.000000
vn 0.000000 0.000000 1.000000
vn 0.000000 -0.007874 1.000000
vn -0.007874 -0.763779 -0.645669
vn 0.000000 0.685039 -0.724409
vn 0.000000 -0.055118 -1.000000
vn 0.000000 0.984252 -0.173228
vn -0.047244 -0.984252 -0.173228
vn 0.000000 -1.000000 0.000000
vn 0.000000 -1.000000 0.000000
vn 0.000000 1.000000 -0.000000
vn -0.086614 0.992126 -0.031496
vn 0.000000 1.000000 -0.000000
vn -0.039370 -0.992126 0.118110
vn 0.000000 -1.000000 0.000000
vn 0.000000 -1.000000 0.000000
vn -0.992126 -0.102362 0.000000
vn 0.007874 -1.000000 0.000000
vn -1.000000 -0.047244 0.000000
vn -0.551181 0.834646 -0.000000
vn 0.000000 1.000000 -0.000000
vn 0.031496 -0.976378 0.204724
vn 0.031496 0.834646 0.543307
vn 0.000000 -1.000000 -0.007874
vn 0.000000 1.000000 -0.000000
vn 0.000000 -0.094488 0.992126
vn 0.000000 -0.039370 1.000000
vn 0.551181 0.834646 -0.000000
vn 0.000000 1.000000 -0.000000
vn 0.000000 1.000000 -0.000000
vn 0.992126 -0.094488 0.000000
vn 0.000000 0.976378 -0.220473
vn 0.968504 -0.236220 0.000000
vn -0.023622 -0.220473 -0.976378
vn 0.023622 -1.000000 -0.015748
vn -0.007874 -0.771653 -0.637795
vn 0.000000 -1.000000 0.000000
vn -1.000000 0.000000 0.000000
vn -1.000000 0.000000 0.000000
vn -1.000000 0.000000 0.000000
vn -1.000000 0.000000 0.000000
vn -1.000000 0.000000 0.000000
vn -1.000000 0.000000 0.000000
vn -1.000000 0.000000 0.000000
vn -1.000000 0.000000 0.000000
vn -1.000000 0.000000 0.000000
vn -1.000000 0.000000 0.000000
vn -1.000000 0.000000 0.000000
vn -1.000000 0.000000 0.000000
vn -1.000000 0.000000 0.000000
vn -1.000000 0.000000 0.000000
vn -1.000000 0.000000 0.000000
vn -1.000000 0.000000 0.000000
vn -1.000000 0.000000 0.000000
vn -1.000000 0.000000 0.000000
vn -1.000000 0.000000 0.000000
vn -1.000000 0.000000 0.000000
vn -1.000000 0.000000 0.000000
vn -1.000000 0.000000 0.000000
vn -1.000000 0.000000 0.000000
vn -1.000000 0.000000 0.000000
vn -1.000000 0.000000 0.000000
vn -1.000000 0.000000 0.000000
vn -1.000000 0.000000 0.000000
vn -1.000000 0.000000 0.000000
vn -1.000000 0.000000 0.000000
vn -1.000000 0.000000 0.000000
vn -1.000000 0.000000 0.000000
vn -1.000000 0.000000 0.000000
vn 1.000000 0.000000 0.000000
vn 1.000000 0.000000 0.000000
vn 1.000000 0.000000 0.000000
vn 1.000000 0.000000 0.000000
vn 1.000000 0.000000 0.000000
vn 1.000000 0.000000 0.000000
vn 1.000000 0.000000 0.000000
vn 1.000000 0.000000 0.000000
vn 1.000000 0.000000 0.000000
vn 1.000000 0.000000 0.000000
vn 1.000000 0.000000 0.000000
vn 1.000000 0.000000 0.000000
vn 1.000000 0.000000 0.000000
vn 1.000000 0.000000 0.000000
vn 1.000000 0.000000 0.000000
vn 1.000000 0.000000 0.000000
vn 1.000000 0.000000 0.000000
vn 1.000000 0.000000 0.000000
vn 1.000000 0.000000 0.000000
vn 1.000000 0.000000 0.000000
vn 1.000000 0.000000 0.000000
vn 1.000000 0.000000 0.000000
vn 1.000000 0.000000 0.000000
vn 1.000000 0.000000 0.000000
vn 1.000000 0.000000 0.000000
vn 1.000000 0.000000 0.000000
vn 1.000000 0.000000 0.000000
vn 1.000000 0.000000 0.000000
vn 1.000000 0.000000 0.000000
vn 1.000000 0.000000 0.000000
vn 1.000000 0.000000 0.000000
vn 1.000000 0.000000 0.000000
vn 1.000000 0.000000 0.000000
vn 0.000000 0.000000 1.000000
vn 0.000000 0.000000 1.000000
vn 0.000000 0.000000 1.000000
vn 0.000000 0.000000 1.000000
vn 0.000000 0.000000 1.000000
vn 0.000000 0.000000 1.000000
vn 0.000000 0.000000 1.000000
vn 0.000000 0.000000 1.000000
vn 0.000000 0.000000 1.000000
vn 0.000000 0.000000 1.000000
vn 0.000000 0.000000 1.000000
vn 0.000000 0.000000 1.000000
vn 0.000000 0.000000 1.000000
vn 0.000000 0.000000 1.000000
vn 0.000000 0.000000 1.000000
vn 0.000000 0.000000 1.000000
vn 0.000000 0.000000 1.000000
vn 0.000000 0.000000 1.000000
vn 0.000000 0.000000 1.000000
vn 0.000000 0.000000 1.000000
vn 0.000000 0.000000 1.000000
vn 0.000000 0.000000 1.000000
vn 0.000000 0.000000 1.000000
vn 0.000000 0.000000 1.000000
vn 0.000000 0.000000 1.000000
vn 0.000000 0.000000 1.000000
vn 0.000000 0.000000 1.000000
vn 0.000000 0.000000 1.000000
vn 0.000000 0.000000 1.000000
vn 0.000000 0.000000 1.000000
vn 0.000000 0.000000 1.000000
vn 0.000000 0.000000 1.000000
vn 0.000000 0.000000 1.000000
vn 0.000000 0.000000 1.000000
vn 0.000000 0.000000 1.000000
vn 0.000000 0.000000 1.000000
vn 0.000000 0.000000 1.000000
vn 0.000000 0.000000 1.000000
vn 0.000000 0.000000 1.000000
vn 0.000000 0.000000 1.000000
vn 0.000000 0.000000 1.000000
vn 0.000000 0.000000 1.000000
vn 0.000000 0.000000 1.000000
vn 0.000000 0.000000 1.000000
vn 0.000000 0.000000 1.000000
vn 0.000000 0.000000 1.000000
vn 0.000000 0.000000 1.000000
vn 0.000000 0.000000 1.000000
vn 0.000000 0.000000 1.000000
vn 0.000000 0.000000 1.000000
vn 0.000000 0.000000 1.000000
vn 0.000000 0.000000 1.000000
vn 0.000000 0.000000 1.000000
vn 0.000000 0.000000 1.000000
vn 0.000000 0.000000 1.000000
vn 0.000000 0.000000 1.000000
vn 0.000000 0.000000 1.000000
vn 0.000000 0.000000 1.000000
vn 0.000000 0.000000 1.000000
vn 0.000000 0.000000 1.000000
vn 0.000000 0.000000 1.000000
vn 0.000000 0.000000 1.000000
vn 0.000000 0.000000 1.000000
vn 0.000000 0.000000 1.000000
vn 0.000000 0.000000 1.000000
vn 0.000000 0.000000 1.000000
vn 1.000000 0.000000 0.000000
vn 1.000000 0.000000 0.000000
vn 1.000000 0.000000 0.000000
vn 1.000000 0.000000 0.000000
vn 1.000000 0.000000 0.000000
vn 1.000000 0.000000 0.000000
vn 1.000000 0.000000 0.000000
vn 1.000000 0.000000 0.000000
vn 1.000000 0.000000 0.000000
vn 1.000000 0.000000 0.000000
vn 1.000000 0.000000 0.000000
vn 0.000000 -0.000000 -1.000000
vn 0.000000 -0.000000 -1.000000
vn 0.000000 -0.000000 -1.000000
vn 0.000000 -0.000000 -1.000000
vn 0.000000 -0.000000 -1.000000
vn 0.000000 -0.000000 -1.000000
vn 0.000000 -0.000000 -1.000000
vn 0.000000 -0.000000 -1.000000
vn 0.000000 -0.000000 -1.000000
vn 0.000000 -0.000000 -1.000000
vn 0.000000 -0.000000 -1.000000
vn 0.000000 -0.000000 -1.000000
vn 0.000000 -0.000000 -1.000000
vn 0.000000 -0.000000 -1.000000
vn 0.000000 -0.000000 -1.000000
vn 0.000000 -0.000000 -1.000000
vn 0.000000 -0.000000 -1.000000
vn 0.000000 -0.000000 -1.000000
vn 0.000000 -0.000000 -1.000000
vn 0.000000 -0.000000 -1.000000
vn 0.000000 -0.000000 -1.000000
vn 0.000000 -0.000000 -1.000000
vn 0.000000 -0.000000 -1.000000
vn 0.000000 -0.000000 -1.000000
vn 0.000000 -0.000000 -1.000000
vn 0.000000 -0.000000 -1.000000
vn 0.000000 -0.000000 -1.000000
vn 0.000000 -0.000000 -1.000000
vn 0.000000 -0.000000 -1.000000
vn 0.000000 -0.000000 -1.000000
vn 0.000000 -0.000000 -1.000000
vn 0.000000 -0.000000 -1.000000
vn 0.000000 -0.000000 -1.000000
vn 0.000000 -0.000000 -1.000000
vn 0.000000 0.000000 1.000000
vn 0.000000 0.000000 1.000000
vn 0.000000 0.000000 1.000000
vn 0.000000 0.000000 1.000000
vn 0.000000 0.000000 1.000000
vn 0.000000 0.000000 1.000000
vn 0.000000 0.000000 1.000000
vn 0.000000 0.000000 1.000000
vn 0.000000 0.000000 1.000000
vn 0.000000 0.000000 1.000000
vn 0.000000 0.000000 1.000000
vn 0.000000 0.000000 1.000000
vn 0.000000 0.000000 1.000000
vn 0.000000 0.000000 1.000000
vn 0.000000 0.000000 1.000000
vn 0.000000 0.000000 1.000000
vn 0.000000 0.000000 1.000000
vn 0.000000 0.000000 1.000000
vn 0.000000 0.000000 1.000000
vn 0.000000 0.000000 1.000000
vn 1.000000 0.000000 0.000000
vn 1.000000 0.000000 0.000000
vn 1.000000 0.000000 0.000000
vn 1.000000 0.000000 0.000000
vn 1.000000 0.000000 0.000000
vn 1.000000 0.000000 0.000000
vn 1.000000 0.000000 0.000000
vn 1.000000 0.000000 0.000000
vn 1.000000 0.000000 0.000000
vn 1.000000 0.000000 0.000000
vn 1.000000 0.000000 0.000000
vn 1.000000 0.000000 0.000000
vn 1.000000 0.000000 0.000000
vn 1.000000 0.000000 0.000000
vn 1.000000 0.000000 0.000000
vn 1.000000 0.000000 0.000000
vn 1.000000 0.000000 0.000000
vn 1.000000 0.000000 0.000000
vn 1.000000 0.000000 0.000000
vn 1.000000 0.000000 0.000000
vn 0.000000 -0.000000 -1.000000
vn 0.000000 -0.000000 -1.000000
vn 0.000000 -0.000000 -1.000000
vn 0.000000 -0.000000 -1.000000
vn 0.000000 -0.000000 -1.000000
vn 0.000000 -0.000000 -1.000000
vn 0.000000 -0.000000 -1.000000
vn 0.000000 -0.000000 -1.000000
vn 0.000000 -0.000000 -1.000000
vn 0.000000 -0.000000 -1.000000
vn 0.000000 -0.000000 -1.000000
vn 0.000000 -0.000000 -1.000000
vn 0.000000 -0.000000 -1.000000
vn 0.000000 -0.000000 -1.000000
vn 0.000000 -0.000000 -1.000000
vn 0.000000 -0.000000 -1.000000
vn 0.000000 -0.000000 -1.000000
vn 0.000000 -0.000000 -1.000000
vn 0.000000 -0.000000 -1.000000
vn 0.000000 -0.000000 -1.000000
vn 0.000000 -0.000000 -1.000000
vn 0.000000 -0.000000 -1.000000
vn 0.000000 -0.000000 -1.000000
vn 0.000000 -0.000000 -1.000000
vn 0.000000 -0.000000 -1.000000
vn 0.000000 -0.000000 -1.000000
vn 0.000000 -0.000000 -1.000000
vn 0.000000 -0.000000 -1.000000
vn 0.000000 -0.000000 -1.000000
vn 0.000000 -0.000000 -1.000000
vn 0.000000 -0.000000 -1.000000
vn 0.000000 -0.000000 -1.000000
vn 0.000000 -0.000000 -1.000000
vn -1.000000 0.000000 0.000000
vn -1.000000 0.000000 0.000000
vn -1.000000 0.000000 0.000000
vn -1.000000 0.000000 0.000000
vn -1.000000 0.000000 0.000000
vn -1.000000 0.000000 0.000000
vn -1.000000 0.000000 0.000000
vn -1.000000 0.000000 0.000000
vn -1.000000 0.000000 0.000000
vn -1.000000 0.000000 0.000000
vn 1.000000 0.000000 0.000000
vn 1.000000 0.000000 0.000000
vn 1.000000 0.000000 0.000000
vn 1.000000 0.000000 0.000000
vn 1.000000 0.000000 0.000000
vn 1.000000 0.000000 0.000000
vn 1.000000 0.000000 0.000000
vn 1.000000 0.000000 0.000000
vn 1.000000 0.000000 0.000000
vn 1.000000 0.000000 0.000000
vn 1.000000 0.000000 0.000000
vn 1.000000 0.000000 0.000000
vn 1.000000 0.000000 0.000000
vn 1.000000 0.000000 0.000000
vn 1.000000 0.000000 0.000000
vn 1.000000 0.000000 0.000000
vn 1.000000 0.000000 0.000000
vn 1.000000 0.000000 0.000000
vn 1.000000 0.000000 0.000000
vn 1.000000 0.000000 0.000000
vn 1.000000 0.000000 0.000000
vn 1.000000 0.000000 0.000000
vn -1.000000 0.000000 0.000000
vn -1.000000 0.000000 0.000000
vn -1.000000 0.000000 0.000000
vn -1.000000 0.000000 0.000000
vn -1.000000 0.000000 0.000000
vn -1.000000 0.000000 0.000000
vn -1.000000 0.000000 0.000000
vn -1.000000 0.000000 0.000000
vn -1.000000 0.000000 0.000000
vn -1.000000 0.000000 0.000000
vn -1.000000 0.000000 0.000000
vn -1.000000 0.000000 0.000000
vn -1.000000 0.000000 0.000000
vn -1.000000 0.000000 0.000000
vn -1.000000 0.000000 0.000000
vn -1.000000 0.000000 0.000000
vn -1.000000 0.000000 0.000000
vn -1.000000 0.000000 0.000000
vn -1.000000 0.000000 0.000000
vn 0.000000 -0.000000 -1.000000
vn 0.000000 -0.000000 -1.000000
vn 0.000000 -0.000000 -1.000000
vn 0.000000 -0.000000 -1.000000
vn 0.000000 -0.000000 -1.000000
vn 0.000000 -0.000000 -1.000000
vn 0.000000 -0.000000 -1.000000
vn 0.000000 -0.000000 -1.000000
vn 0.000000 -0.000000 -1.000000
vn 0.000000 -0.000000 -1.000000
vn 0.000000 -0.000000 -1.000000
vn 0.000000 -0.000000 -1.000000
vn 0.000000 -0.000000 -1.000000
vn 0.000000 -0.000000 -1.000000
vn 0.000000 -0.000000 -1.000000
vn 0.000000 -0.000000 -1.000000
vn 0.000000 -0.000000 -1.000000
vn 0.000000 -0.000000 -1.000000
vn 0.000000 -0.000000 -1.000000
vn 0.000000 -0.000000 -1.000000
vn -1.000000 0.000000 0.000000
vn -1.000000 0.000000 0.000000
vn -1.000000 0.000000 0.000000
vn -1.000000 0.000000 0.000000
vn -1.000000 0.000000 0.000000
vn -1.000000 0.000000 0.000000
vn -1.000000 0.000000 0.000000
vn -1.000000 0.000000 0.000000
vn -1.000000 0.000000 0.000000
vn -1.000000 0.000000 0.000000
vn -1.000000 0.000000 0.000000
vn -1.000000 0.000000 0.000000
vn -1.000000 0.000000 0.000000
vn -1.000000 0.000000 0.000000
vn -1.000000 0.000000 0.000000
vn -1.000000 0.000000 0.000000
vn -1.000000 0.000000 0.000000
vn -1.000000 0.000000 0.000000
vn -1.000000 0.000000 0.000000
vn -1.000000 0.000000 0.000000
vn -1.000000 0.000000 0.000000
vn -1.000000 0.000000 0.000000
vn -1.000000 0.000000 0.000000
vn -1.000000 0.000000 0.000000
vn -1.000000 0.000000 0.000000
vn -1.000000 0.000000 0.000000
vn -1.000000 0.000000 0.000000
vn -1.000000 0.000000 0.000000
vn -1.000000 0.000000 0.000000
vn 0.000000 -0.000000 -1.000000
vn 0.000000 -0.000000 -1.000000
vn 0.000000 -0.000000 -1.000000
vn 0.000000 -0.000000 -1.000000
vn 0.000000 0.000000 1.000000
vn 0.000000 0.000000 1.000000
vn 0.000000 0.000000 1.000000
vn 0.000000 0.000000 1.000000
vn 1.000000 0.000000 0.000000
vn 1.000000 0.000000 0.000000
vn 1.000000 0.000000 0.000000
vn 1.000000 0.000000 0.000000
vn -1.000000 0.000000 0.000000
vn -1.000000 0.000000 0.000000
vn -1.000000 0.000000 0.000000
vn -1.000000 0.000000 0.000000
tan 0.000000 -0.000000 -1.000000 1.000000
tan 0.000000 -0.000000 -1.000000 1.000000
tan 0.000000 -0.000000 -1.000000 1.000000
tan 0.000000 -0.000000 -1.000000 1.000000
tan 0.000000 -0.000000 -1.000000 1.000000
tan 0.000000 -0.000000 -1.000000 1.000000
tan 0.000000 -0.000000 -1.000000 1.000000
tan 0.000000 -0.000000 -1.000000 1.000000
tan 0.000000 -0.000000 -1.000000 1.000000
tan 0.000000 -0.000000 -1.000000 1.000000
tan 0.000000 -0.000000 -1.000000 1.000000
tan 0.000000 -0.000000 -1.000000 1.000000
tan 0.000000 -0.000000 -1.000000 1.000000
tan 0.000000 -0.000000 -1.000000 1.000000
tan 0.000000 -0.000000 -1.000000 1.000000
tan 0.000000 -0.000000 -1.000000 1.000000
tan 0.000000 -0.000000 -1.000000 1.000000
tan 0.000000 -0.000000 -1.000000 1.000000
tan 0.000000 -0.000000 -1.000000 1.000000
tan 0.000000 -0.000000 -1.000000 1.000000
tan 0.000000 -0.000000 -1.000000 1.000000
tan 0.000000 -0.000000 -1.000000 1.000000
tan 0.000000 -0.000000 -1.000000 1.000000
tan 0.000000 -0.000000 -1.000000 1.000000
tan -0.685969 0.073780 -0.717527 1.000000
tan -0.700911 0.005580 -0.708661 1.000000
tan -0.703019 0.050034 -0.707545 1.000000
tan -0.708661 0.000000 0.708661 1.000000
tan -0.685845 0.067704 0.722673 1.000000
tan -0.703019 0.050034 0.707545 1.000000
tan -0.685225 -0.073036 -0.709777 1.000000
tan -0.708785 -0.005580 -0.708661 1.000000
tan -0.703019 -0.050034 -0.707545 1.000000
tan -0.716039 0.033666 0.695393 1.000000
tan -0.708661 0.000000 0.708661 1.000000
tan -0.699795 0.038750 0.711141 1.000000
tan 0.708661 0.005580 0.700973 1.000000
tan 0.709591 0.089962 0.691363 1.000000
tan 0.707793 0.089280 0.709777 1.000000
tan 0.708661 0.000000 0.708661 1.000000
tan 0.715667 0.050592 0.699857 1.000000
tan 0.708041 0.061380 0.709405 1.000000
tan 0.707545 -0.050034 0.703019 1.000000
tan 0.708661 0.000000 0.708661 1.000000
tan 0.715543 -0.039122 0.695393 1.000000
tan 0.708661 0.005580 0.700911 1.000000
tan 0.717527 0.073780 0.685969 1.000000
tan 0.707545 0.050034 0.703019 1.000000
tan -0.708661 -0.005580 -0.700973 1.000000
tan -0.709653 -0.089962 -0.690433 1.000000
tan -0.707793 -0.089280 -0.709777 1.000000
tan 0.715047 0.067208 -0.703763 1.000000
tan 0.708661 -0.000000 -0.708661 1.000000
tan 0.707793 0.089280 -0.709777 1.000000
tan 0.717527 0.073780 -0.685969 1.000000
tan 0.708661 0.005580 -0.700911 1.000000
tan 0.707545 0.050034 -0.703019 1.000000
tan -0.707545 0.050034 -0.703019 1.000000
tan -0.708661 -0.000000 -0.708661 1.000000
tan -0.722673 0.067704 -0.685845 1.000000
tan 0.709777 -0.073036 -0.685225 1.000000
tan 0.708661 -0.005580 -0.708785 1.000000
tan 0.707545 -0.050034 -0.703019 1.000000
tan -0.708661 0.000000 0.708661 1.000000
tan -0.694277 0.078430 0.709033 1.000000
tan -0.709777 0.089280 0.707793 1.000000
tan -0.685845 0.067704 -0.722673 1.000000
tan -0.708661 -0.000000 -0.708661 1.000000
tan -0.703019 0.050034 -0.707545 1.000000
tan -0.703019 -0.050034 0.707545 1.000000
tan -0.708785 -0.005580 0.708661 1.000000
tan -0.685225 -0.073036 0.709777 1.000000
tan -0.700973 0.005580 0.708661 1.000000
tan -0.681381 0.085126 0.717465 1.000000
tan -0.703019 0.050034 0.707545 1.000000
tan 0.708847 -0.005580 -0.708661 1.000000
tan 0.690433 -0.089962 -0.709653 1.000000
tan 0.709777 -0.089280 -0.707793 1.000000
tan 0.703763 0.067208 0.715047 1.000000
tan 0.708661 0.000000 0.708661 1.000000
tan 0.709777 0.089280 0.707793 1.000000
tan 0.684109 -0.068076 0.717589 1.000000
tan 0.708785 -0.005580 0.708661 1.000000
tan 0.703019 -0.050034 0.707545 1.000000
tan 0.708661 -0.000000 -0.708661 1.000000
tan 0.695393 -0.033666 -0.716039 1.000000
tan 0.710397 -0.033232 -0.699919 1.000000
tan 0.685225 -0.073036 0.709777 1.000000
tan 0.708785 -0.005580 0.708661 1.000000
tan 0.703019 -0.050034 0.707545 1.000000
tan 0.716039 0.033666 -0.695393 1.000000
tan 0.708661 -0.000000 -0.708661 1.000000
tan 0.699795 0.038750 -0.711141 1.000000
tan -0.708041 0.061380 -0.709405 1.000000
tan -0.708661 -0.000000 -0.708661 1.000000
tan -0.715667 0.050592 -0.699857 1.000000
tan 0.722673 0.067704 -0.685845 1.000000
tan 0.708661 -0.000000 -0.708661 1.000000
tan 0.707545 0.050034 -0.703019 1.000000
tan -0.708661 -0.005580 -0.708785 1.000000
tan -0.715419 -0.067456 -0.697315 1.000000
tan -0.707545 -0.050034 -0.703019 1.000000
tan -0.707545 0.050034 -0.703019 1.000000
tan -0.708661 0.005580 -0.700973 1.000000
tan -0.717465 0.085126 -0.681381 1.000000
tan 0.707793 -0.089280 0.709777 1.000000
tan 0.708661 -0.005580 0.700973 1.000000
tan 0.709653 -0.089962 0.690433 1.000000
tan -0.715047 0.067208 0.703763 1.000000
tan -0.708661 0.000000 0.708661 1.000000
tan -0.707793 0.089280 0.709777 1.000000
tan 0.707545 -0.050034 0.703019 1.000000
tan 0.708661 0.000000 0.708661 1.000000
tan 0.722673 -0.067704 0.685845 1.000000
tan -0.709777 0.073036 0.685225 1.000000
tan -0.708661 0.005580 0.700911 1.000000
tan -0.707545 0.050034 0.703019 1.000000
tan -0.709777 -0.073036 0.685225 1.000000
tan -0.708661 -0.005580 0.708785 1.000000
tan -0.707545 -0.050034 0.703019 1.000000
tan 0.695393 0.033666 0.716039 1.000000
tan 0.708661 0.000000 0.708661 1.000000
tan 0.711141 0.038750 0.699795 1.000000
tan 0.709777 0.089280 -0.707793 1.000000
tan 0.700973 0.005580 -0.708661 1.000000
tan 0.690433 0.089962 -0.709653 1.000000
tan 0.709405 0.061380 -0.708041 1.000000
tan 0.708661 -0.000000 -0.708661 1.000000
tan 0.699857 0.050592 -0.715667 1.000000
tan 0.708785 -0.005580 -0.708661 1.000000
tan 0.685225 -0.073036 -0.709777 1.000000
tan 0.703019 -0.050034 -0.707545 1.000000
tan 0.703019 0.050034 -0.707545 1.000000
tan 0.700911 0.005580 -0.708661 1.000000
tan 0.685969 0.073780 -0.717527 1.000000
tan -0.709777 -0.089280 0.707793 1.000000
tan -0.700973 -0.005580 0.708661 1.000000
tan -0.690433 -0.089962 0.709653 1.000000
tan 0.703825 0.055614 0.707359 1.000000
tan 0.708661 0.000000 0.708661 1.000000
tan 0.703453 0.077934 0.700849 1.000000
tan 0.685039 0.724409 -0.000000 1.000000
tan 0.708661 -0.000000 -0.708661 1.000000
tan 0.704259 -0.061194 -0.707359 1.000000
tan 0.703453 -0.077934 -0.700849 1.000000
tan 0.759874 -0.645669 0.020336 1.000000
tan 0.704197 -0.089280 0.702213 1.000000
tan 0.709777 -0.089280 0.707793 1.000000
tan 0.708661 0.000000 0.708661 1.000000
tan -0.703019 -0.050034 0.707545 1.000000
tan -0.708661 0.000000 0.708661 1.000000
tan -0.703019 -0.050034 0.707545 1.000000
tan -0.678219 -0.695269 0.071734 1.000000
tan -0.702647 -0.050034 -0.707731 1.000000
tan -0.708661 -0.000000 -0.708661 1.000000
tan -0.706367 -0.066774 -0.706801 1.000000
tan -0.795586 -0.606299 0.004774 1.000000
tan -0.709777 -0.027900 0.707917 1.000000
tan -0.708661 0.000000 0.708661 1.000000
tan -0.704755 -0.055676 0.707669 1.000000
tan -0.708289 -0.700787 0.011036 1.000000
tan -0.703019 -0.050034 0.707545 1.000000
tan -0.708661 0.000000 0.708661 1.000000
tan -0.703019 -0.050034 0.707545 1.000000
tan -0.723045 -0.669291 0.042160 1.000000
tan -0.708661 -0.000000 -0.708661 1.000000
tan -0.685969 0.073780 -0.717527 1.000000
tan -0.708661 -0.000000 -0.708661 1.000000
tan -0.703019 0.050034 -0.707545 1.000000
tan -0.708661 0.000000 0.708661 1.000000
tan -0.703019 0.050034 0.707545 1.000000
tan -0.703019 0.050034 0.707545 1.000000
tan -0.834646 0.551181 -0.036828 1.000000
tan 0.708661 0.000000 0.708661 1.000000
tan 0.708041 0.061380 0.709405 1.000000
tan 0.707793 0.033480 0.710397 1.000000
tan 0.021080 0.669291 0.742637 1.000000
tan -0.707359 -0.061194 0.704259 1.000000
tan -0.708661 0.000000 0.708661 1.000000
tan -0.700105 -0.100068 0.702337 1.000000
tan 0.022072 -0.700787 0.711141 1.000000
tan 0.707173 -0.061194 0.704755 1.000000
tan 0.700663 -0.083514 0.704941 1.000000
tan 0.708661 0.000000 0.708661 1.000000
tan -0.707545 0.050034 0.703019 1.000000
tan -0.708661 0.000000 0.708661 1.000000
tan -0.707545 0.050034 0.703019 1.000000
tan -0.037324 0.677165 0.712939 1.000000
tan -0.707545 -0.050034 0.703019 1.000000
tan -0.708661 0.000000 0.708661 1.000000
tan -0.707545 -0.050034 0.703019 1.000000
tan -0.016182 -0.685039 0.705437 1.000000
tan 0.706987 -0.066774 -0.705809 1.000000
tan 0.708661 -0.000000 -0.708661 1.000000
tan 0.706801 -0.072354 -0.706987 1.000000
tan 0.017298 -0.732283 -0.672639 1.000000
tan -0.706801 0.072354 -0.706987 1.000000
tan -0.708661 -0.000000 -0.708661 1.000000
tan -0.706987 0.066774 -0.705809 1.000000
tan -0.005518 0.700787 -0.709343 1.000000
tan -0.707359 0.055614 0.703825 1.000000
tan -0.708661 0.000000 0.708661 1.000000
tan -0.700849 0.077934 0.703453 1.000000
tan -0.005704 0.724409 0.678095 1.000000
tan -0.708661 -0.000000 -0.708661 1.000000
tan -0.707545 -0.050034 -0.703019 1.000000
tan -0.707545 -0.050034 -0.703019 1.000000
tan -0.071734 -0.695269 -0.678219 1.000000
tan 0.707731 -0.050034 -0.702647 1.000000
tan 0.708661 -0.000000 -0.708661 1.000000
tan 0.706801 -0.066774 -0.706367 1.000000
tan -0.004774 -0.606299 -0.795585 1.000000
tan -0.708661 -0.000000 -0.708661 1.000000
tan -0.707669 -0.055676 -0.704755 1.000000
tan -0.707917 -0.027900 -0.709777 1.000000
tan -0.011036 -0.700787 -0.708289 1.000000
tan -0.708661 -0.000000 -0.708661 1.000000
tan -0.707545 -0.050034 -0.703019 1.000000
tan -0.707545 -0.050034 -0.703019 1.000000
tan -0.042160 -0.669291 -0.723045 1.000000
tan 0.717527 0.073780 -0.685969 1.000000
tan 0.708661 -0.000000 -0.708661 1.000000
tan 0.707545 0.050034 -0.703019 1.000000
tan 0.708661 -0.000000 -0.708661 1.000000
tan -0.707545 0.050034 -0.703019 1.000000
tan -0.708661 -0.000000 -0.708661 1.000000
tan -0.707545 0.050034 -0.703019 1.000000
tan 0.036828 0.551181 -0.834646 1.000000
tan -0.708661 0.000000 0.708661 1.000000
tan -0.709405 0.061380 0.708041 1.000000
tan -0.722673 0.060388 0.691549 1.000000
tan -0.764524 0.645669 0.020336 1.000000
tan -0.710645 0.033232 -0.699795 1.000000
tan -0.709653 0.033480 -0.708165 1.000000
tan -0.708661 -0.000000 -0.708661 1.000000
tan -0.709901 0.033480 -0.708041 1.000000
tan -0.708661 -0.000000 -0.708661 1.000000
tan -0.711141 0.038750 -0.699795 1.000000
tan -0.747101 0.661417 0.036456 1.000000
tan -0.709405 0.061380 0.708041 1.000000
tan -0.709405 0.061380 0.708041 1.000000
tan -0.708661 0.000000 0.708661 1.000000
tan -0.704197 -0.089280 -0.702213 1.000000
tan -0.708661 -0.000000 -0.708661 1.000000
tan -0.709777 -0.089280 -0.707793 1.000000
tan -0.759874 -0.637795 -0.020088 1.000000
tan -0.704259 -0.061194 0.707359 1.000000
tan -0.703453 -0.077934 0.700849 1.000000
tan -0.708661 0.000000 0.708661 1.000000
tan 0.705809 -0.066774 0.706987 1.000000
tan 0.708661 0.000000 0.708661 1.000000
tan 0.706987 -0.072354 0.706801 1.000000
tan 0.672639 -0.732283 0.017298 1.000000
tan 0.706987 0.072354 -0.706801 1.000000
tan 0.708661 -0.000000 -0.708661 1.000000
tan 0.705809 0.066774 -0.706987 1.000000
tan 0.709343 0.700787 -0.005518 1.000000
tan -0.704755 0.061194 -0.707173 1.000000
tan -0.708661 -0.000000 -0.708661 1.000000
tan -0.703391 0.050034 -0.707359 1.000000
tan -0.731911 0.685039 0.005394 1.000000
tan 0.708661 -0.000000 -0.708661 1.000000
tan 0.703019 -0.050034 -0.707545 1.000000
tan 0.703019 -0.050034 -0.707545 1.000000
tan 0.718705 -0.669291 -0.031620 1.000000
tan 0.703019 0.050034 0.707545 1.000000
tan 0.708661 0.000000 0.708661 1.000000
tan 0.703019 0.050034 0.707545 1.000000
tan 0.810900 0.582677 -0.004588 1.000000
tan 0.703019 0.050034 -0.707545 1.000000
tan 0.703019 0.050034 -0.707545 1.000000
tan 0.708661 -0.000000 -0.708661 1.000000
tan 0.708661 -0.000000 -0.708661 1.000000
tan 0.703019 -0.050034 -0.707545 1.000000
tan 0.703019 -0.050034 -0.707545 1.000000
tan 0.715171 -0.669291 -0.042160 1.000000
tan 0.708661 0.000000 0.708661 1.000000
tan 0.687147 0.079484 0.717527 1.000000
tan 0.708661 0.000000 0.708661 1.000000
tan 0.703019 0.050034 0.707545 1.000000
tan 0.708661 0.000000 0.708661 1.000000
tan 0.699361 -0.050096 0.707855 1.000000
tan 0.708661 0.000000 0.708661 1.000000
tan 0.709405 -0.061380 0.708041 1.000000
tan 0.703019 0.050034 -0.707545 1.000000
tan 0.708661 -0.000000 -0.708661 1.000000
tan 0.703019 0.050034 -0.707545 1.000000
tan 0.834026 0.551119 0.036828 1.000000
tan -0.700291 0.100068 -0.701407 1.000000
tan -0.708661 -0.000000 -0.708661 1.000000
tan -0.707359 0.061194 -0.704259 1.000000
tan 0.021824 0.692913 -0.719015 1.000000
tan 0.700663 0.077934 -0.704135 1.000000
tan 0.707173 0.061194 -0.704755 1.000000
tan 0.708661 -0.000000 -0.708661 1.000000
tan -0.706987 -0.066774 0.705809 1.000000
tan -0.708661 0.000000 0.708661 1.000000
tan -0.706801 -0.072354 0.706987 1.000000
tan -0.017298 -0.732283 0.672639 1.000000
tan 0.708661 0.000000 0.708661 1.000000
tan 0.706987 0.066774 0.705809 1.000000
tan 0.706801 0.072354 0.706987 1.000000
tan 0.005518 0.700787 0.709343 1.000000
tan -0.708661 -0.000000 -0.708661 1.000000
tan -0.707545 -0.055614 -0.703391 1.000000
tan -0.700849 -0.077934 -0.703453 1.000000
tan 0.000000 -0.692913 -0.716535 1.000000
tan -0.717465 -0.079422 0.680141 1.000000
tan -0.708661 0.000000 0.708661 1.000000
tan -0.707545 -0.050034 0.703019 1.000000
tan -0.708661 0.000000 0.708661 1.000000
tan 0.707917 -0.027900 0.709777 1.000000
tan 0.708661 0.000000 0.708661 1.000000
tan 0.707669 -0.055676 0.704755 1.000000
tan 0.011036 -0.700787 0.708289 1.000000
tan 0.707545 -0.050034 0.703019 1.000000
tan 0.708661 0.000000 0.708661 1.000000
tan 0.707545 -0.050034 0.703019 1.000000
tan 0.042160 -0.669291 0.715171 1.000000
tan -0.708661 0.000000 0.708661 1.000000
tan -0.717527 0.073780 0.685969 1.000000
tan -0.708661 0.000000 0.708661 1.000000
tan -0.707545 0.050034 0.703019 1.000000
tan 0.708661 0.000000 0.708661 1.000000
tan 0.707545 0.050034 0.703019 1.000000
tan 0.707545 0.050034 0.703019 1.000000
tan -0.036828 0.551181 0.834646 1.000000
tan 0.703019 -0.050034 0.707545 1.000000
tan 0.708661 0.000000 0.708661 1.000000
tan 0.703019 -0.050034 0.707545 1.000000
tan 0.715171 -0.677165 0.042656 1.000000
tan -0.705809 -0.066774 -0.706987 1.000000
tan -0.708661 -0.000000 -0.708661 1.000000
tan -0.706987 -0.072354 -0.706801 1.000000
tan -0.672453 -0.732283 -0.017298 1.000000
tan -0.708661 0.000000 0.708661 1.000000
tan -0.705809 0.066774 0.706987 1.000000
tan -0.706987 0.072354 0.706801 1.000000
tan -0.783868 0.629921 -0.049600 1.000000
tan 1.000000 0.000000 0.000000 1.000000
tan 1.000000 0.000000 0.000000 1.000000
tan 1.000000 0.000000 0.000000 1.000000
tan 0.992126 0.000000 0.000000 1.000000
tan 0.984252 0.000000 0.000000 1.000000
tan 0.992126 0.000000 0.000000 1.000000
tan 0.992126 0.000000 0.000000 1.000000
tan 1.000000 0.000000 0.000000 1.000000
tan 1.000000 0.000000 0.000000 1.000000
tan 1.000000 0.000000 0.000000 1.000000
tan -1.000000 0.000000 0.000000 1.000000
tan -1.000000 0.000000 0.000000 1.000000
tan -1.000000 0.000000 0.000000 1.000000
tan -0.948044 0.000000 0.000000 1.000000
tan -1.000000 0.000000 0.000000 1.000000
tan -0.992126 0.000000 0.000000 1.000000
tan -1.000000 0.000000 0.000000 1.000000
tan -1.000000 0.000000 0.000000 1.000000
tan -1.000000 0.000000 0.000000 1.000000
tan -1.000000 0.000000 0.000000 1.000000
tan -1.000000 0.000000 0.000000 1.000000
tan -1.000000 0.000000 0.000000 1.000000
tan -0.976378 0.000000 0.000000 1.000000
tan -0.950338 0.000000 0.000000 1.000000
tan -1.000000 0.000000 0.000000 1.000000
tan -0.992126 0.000000 0.000000 1.000000
tan -1.000000 0.000000 0.000000 1.000000
tan -1.000000 0.000000 0.000000 1.000000
tan -1.000000 0.000000 0.000000 1.000000
tan 0.000000 0.000000 1.000000 1.000000
tan 0.000000 0.000000 0.985678 1.000000
tan 0.000000 0.000000 1.000000 1.000000
tan 0.000000 0.000000 0.954988 1.000000
tan 0.000000 0.000000 0.976378 1.000000
tan 0.000000 0.000000 1.000000 1.000000
tan 0.000000 0.000000 1.000000 1.000000
tan 0.000000 0.000000 1.000000 1.000000
tan 0.000000 -0.000000 -1.000000 1.000000
tan 0.000000 -0.000000 -1.000000 1.000000
tan 0.000000 -0.000000 -1.000000 1.000000
tan 0.000000 -0.000000 -0.992126 1.000000
tan 0.000000 -0.000000 -0.992126 1.000000
tan 0.000000 -0.000000 -0.976378 1.000000
tan 0.000000 -0.000000 -0.979726 1.000000
tan 0.000000 -0.000000 -0.992126 1.000000
tan 0.000000 -0.000000 -1.000000 1.000000
tan 0.000000 -0.000000 -1.000000 1.000000
tan 0.000000 0.000000 1.000000 1.000000
tan 0.000000 0.000000 1.000000 1.000000
tan 0.000000 0.000000 1.000000 1.000000
tan 0.000000 0.000000 0.992126 1.000000
tan 0.000000 0.000000 0.984252 1.000000
tan 0.000000 0.000000 0.992126 1.000000
tan 0.000000 0.000000 0.992126 1.000000
tan 0.000000 0.000000 0.992126 1.000000
tan 0.000000 0.000000 1.000000 1.000000
tan 0.000000 0.000000 1.000000 1.000000
tan 0.000000 -0.000000 -1.000000 1.000000
tan 0.000000 -0.000000 -1.000000 1.000000
tan 0.000000 -0.000000 -1.000000 1.000000
tan 0.000000 -0.000000 -0.948044 1.000000
tan 0.000000 -0.000000 -1.000000 1.000000
tan 0.000000 -0.000000 -0.992126 1.000000
tan 0.000000 -0.000000 -1.000000 1.000000
tan 0.000000 -0.000000 -1.000000 1.000000
tan 0.000000 -0.000000 -1.000000 1.000000
tan 0.000000 -0.000000 -1.000000 1.000000
tan 0.000000 -0.000000 -1.000000 1.000000
tan 0.000000 -0.000000 -1.000000 1.000000
tan 0.000000 -0.000000 -0.976378 1.000000
tan 0.000000 -0.000000 -0.950338 1.000000
tan 0.000000 -0.000000 -1.000000 1.000000
tan 0.000000 -0.000000 -0.992126 1.000000
tan 0.000000 -0.000000 -1.000000 1.000000
tan 0.000000 -0.000000 -1.000000 1.000000
tan 0.000000 -0.000000 -1.000000 1.000000
tan -1.000000 0.000000 0.000000 1.000000
tan -1.000000 0.000000 0.000000 1.000000
tan -1.000000 0.000000 0.000000 1.000000
tan -0.964846 0.000000 0.000000 1.000000
tan -0.984252 0.000000 0.000000 1.000000
tan -1.000000 0.000000 0.000000 1.000000
tan -1.000000 0.000000 0.000000 1.000000
tan -1.000000 0.000000 0.000000 1.000000
tan -1.000000 0.000000 0.000000 1.000000
tan -1.000000 0.000000 0.000000 1.000000
tan -0.992126 0.000000 0.000000 1.000000
tan -1.000000 0.000000 0.000000 1.000000
tan -0.949098 0.000000 0.000000 1.000000
tan -0.950338 0.000000 0.000000 1.000000
tan -0.992126 0.000000 0.000000 1.000000
tan -1.000000 0.000000 0.000000 1.000000
tan -1.000000 0.000000 0.000000 1.000000
tan -1.000000 0.000000 0.000000 1.000000
tan 1.000000 0.000000 0.000000 1.000000
tan 1.000000 0.000000 0.000000 1.000000
tan 1.000000 0.000000 0.000000 1.000000
tan 0.992126 0.000000 0.000000 1.000000
tan 0.992126 0.000000 0.000000 1.000000
tan 0.976378 0.000000 0.000000 1.000000
tan 0.979726 0.000000 0.000000 1.000000
tan 0.992126 0.000000 0.000000 1.000000
tan 1.000000 0.000000 0.000000 1.000000
tan 1.000000 0.000000 0.000000 1.000000
tan -1.000000 0.000000 0.000000 1.000000
tan -1.000000 0.000000 0.000000 1.000000
tan -1.000000 0.000000 0.000000 1.000000
tan -0.992126 0.000000 0.000000 1.000000
tan -1.000000 0.000000 0.000000 1.000000
tan -0.992126 0.000000 0.000000 1.000000
tan -0.992126 0.000000 0.000000 1.000000
tan -1.000000 0.000000 0.000000 1.000000
tan -1.000000 0.000000 0.000000 1.000000
tan -1.000000 0.000000 0.000000 1.000000
tan 1.000000 0.000000 0.000000 1.000000
tan 1.000000 0.000000 0.000000 1.000000
tan 1.000000 0.000000 0.000000 1.000000
tan 1.000000 0.000000 0.000000 1.000000
tan 1.000000 0.000000 0.000000 1.000000
tan 0.960630 0.000000 0.000000 1.000000
tan 0.984252 0.000000 0.000000 1.000000
tan 1.000000 0.000000 0.000000 1.000000
tan 1.000000 0.000000 0.000000 1.000000
tan 1.000000 0.000000 0.000000 1.000000
tan 0.984252 0.000000 0.000000 1.000000
tan 1.000000 0.000000 0.000000 1.000000
tan 1.000000 0.000000 0.000000 1.000000
tan 0.946122 0.000000 0.000000 1.000000
tan 0.984252 0.000000 0.000000 1.000000
tan 1.000000 0.000000 0.000000 1.000000
tan 1.000000 0.000000 0.000000 1.000000
tan 1.000000 0.000000 0.000000 1.000000
tan 1.000000 0.000000 0.000000 1.000000
tan 1.000000 0.000000 0.000000 1.000000
tan 1.000000 0.000000 0.000000 1.000000
tan 0.976378 0.000000 0.000000 1.000000
tan 0.950338 0.000000 0.000000 1.000000
tan 1.000000 0.000000 0.000000 1.000000
tan 0.992126 0.000000 0.000000 1.000000
tan 1.000000 0.000000 0.000000 1.000000
tan 1.000000 0.000000 0.000000 1.000000
tan 1.000000 0.000000 0.000000 1.000000
tan 0.000000 -0.000000 -1.000000 1.000000
tan 0.000000 -0.000000 -1.000000 1.000000
tan 0.000000 -0.000000 -1.000000 1.000000
tan 0.000000 -0.000000 -0.984252 1.000000
tan 0.000000 -0.000000 -0.978114 1.000000
tan 0.000000 -0.000000 -0.992126 1.000000
tan 0.000000 -0.000000 -1.000000 1.000000
tan 0.000000 -0.000000 -1.000000 1.000000
tan 0.000000 -0.000000 -1.000000 1.000000
tan 0.000000 -0.000000 -0.985678 1.000000
tan 0.000000 -0.000000 -1.000000 1.000000
tan 0.000000 -0.000000 -1.000000 1.000000
tan 0.000000 -0.000000 -0.954988 1.000000
tan 0.000000 -0.000000 -0.976378 1.000000
tan 0.000000 -0.000000 -1.000000 1.000000
tan 0.000000 -0.000000 -1.000000 1.000000
tan 0.000000 -0.000000 -1.000000 1.000000
tan 0.000000 -0.000000 -0.992126 1.000000
tan 0.000000 -0.000000 -1.000000 1.000000
tan 0.000000 -0.000000 -1.000000 1.000000
tan 0.000000 -0.000000 -0.976378 1.000000
tan 0.000000 -0.000000 -0.992126 1.000000
tan 0.000000 -0.000000 -0.992126 1.000000
tan 0.000000 -0.000000 -0.992126 1.000000
tan 0.000000 -0.000000 -0.992126 1.000000
tan 0.000000 -0.000000 -1.000000 1.000000
tan 0.000000 -0.000000 -1.000000 1.000000
tan 0.000000 -0.000000 -1.000000 1.000000
tan 0.000000 -0.000000 -0.992126 1.000000
tan 0.000000 -0.000000 -1.000000 1.000000
tan 0.000000 -0.000000 -0.952446 1.000000
tan 0.000000 -0.000000 -0.950338 1.000000
tan 0.000000 -0.000000 -0.992126 1.000000
tan 0.000000 -0.000000 -1.000000 1.000000
tan 0.000000 -0.000000 -1.000000 1.000000
tan 0.000000 -0.000000 -1.000000 1.000000
tan 0.000000 0.000000 1.000000 1.000000
tan 0.000000 0.000000 1.000000 1.000000
tan 0.000000 0.000000 1.000000 1.000000
tan 0.000000 0.000000 0.992126 1.000000
tan 0.000000 0.000000 0.992126 1.000000
tan 0.000000 0.000000 0.976378 1.000000
tan 0.000000 0.000000 0.979726 1.000000
tan 0.000000 0.000000 0.992126 1.000000
tan 0.000000 0.000000 1.000000 1.000000
tan 0.000000 0.000000 1.000000 1.000000
tan 0.000000 0.000000 0.992126 1.000000
tan 0.000000 0.000000 1.000000 1.000000
tan 0.000000 0.000000 1.000000 1.000000
tan 0.000000 0.000000 0.951950 1.000000
tan 0.000000 0.000000 0.950338 1.000000
tan 0.000000 0.000000 0.992126 1.000000
tan 0.000000 0.000000 1.000000 1.000000
tan 0.000000 0.000000 1.000000 1.000000
tan 0.000000 0.000000 1.000000 1.000000
tan 0.000000 0.000000 1.000000 1.000000
tan 0.000000 0.000000 1.000000 1.000000
tan 0.000000 0.000000 1.000000 1.000000
tan 0.000000 0.000000 0.976378 1.000000
tan 0.000000 0.000000 0.950338 1.000000
tan 0.000000 0.000000 1.000000 1.000000
tan 0.000000 0.000000 0.992126 1.000000
tan 0.000000 0.000000 1.000000 1.000000
tan 0.000000 0.000000 1.000000 1.000000
tan 0.000000 0.000000 1.000000 1.000000
tan 1.000000 0.000000 0.000000 1.000000
tan 1.000000 0.000000 0.000000 1.000000
tan 1.000000 0.000000 0.000000 1.000000
tan 0.984252 0.000000 0.000000 1.000000
tan 0.978114 0.000000 0.000000 1.000000
tan 0.992126 0.000000 0.000000 1.000000
tan 1.000000 0.000000 0.000000 1.000000
tan 1.000000 0.000000 0.000000 1.000000
tan 1.000000 0.000000 0.000000 1.000000
tan 0.985678 0.000000 0.000000 1.000000
tan 1.000000 0.000000 0.000000 1.000000
tan 1.000000 0.000000 0.000000 1.000000
tan 0.954988 0.000000 0.000000 1.000000
tan 0.976378 0.000000 0.000000 1.000000
tan 1.000000 0.000000 0.000000 1.000000
tan 1.000000 0.000000 0.000000 1.000000
tan 1.000000 0.000000 0.000000 1.000000
tan -1.000000 0.000000 0.000000 1.000000
tan -1.000000 0.000000 0.000000 1.000000
tan -1.000000 0.000000 0.000000 1.000000
tan -0.992126 0.000000 0.000000 1.000000
tan -1.000000 0.000000 0.000000 1.000000
tan -0.976378 0.000000 0.000000 1.000000
tan -0.984252 0.000000 0.000000 1.000000
tan -0.992126 0.000000 0.000000 1.000000
tan -1.000000 0.000000 0.000000 1.000000
tan -1.000000 0.000000 0.000000 1.000000
tan -1.000000 0.000000 0.000000 1.000000
tan -0.992126 0.000000 0.000000 1.000000
tan -1.000000 0.000000 0.000000 1.000000
tan -1.000000 0.000000 0.000000 1.000000
tan -0.953748 0.000000 0.000000 1.000000
tan -0.992126 0.000000 0.000000 1.000000
tan -1.000000 0.000000 0.000000 1.000000
tan -1.000000 0.000000 0.000000 1.000000
tan -1.000000 0.000000 0.000000 1.000000
tan 0.000000 0.000000 1.000000 1.000000
tan 0.000000 0.000000 0.985678 1.000000
tan 0.000000 0.000000 1.000000 1.000000
tan 0.000000 0.000000 1.000000 1.000000
tan 0.000000 0.000000 1.000000 1.000000
tan 0.000000 0.000000 1.000000 1.000000
tan 0.000000 0.000000 1.000000 1.000000
tan 0.000000 0.000000 1.000000 1.000000
tan 0.000000 0.000000 1.000000 1.000000
tan 0.000000 0.000000 1.000000 1.000000
tan 0.000000 0.000000 0.992126 1.000000
tan 0.000000 0.000000 1.000000 1.000000
tan 0.000000 0.000000 1.000000 1.000000
tan 0.000000 0.000000 0.952756 1.000000
tan 0.000000 0.000000 0.966520 1.000000
tan 0.000000 0.000000 0.992126 1.000000
tan 0.000000 0.000000 1.000000 1.000000
tan 0.000000 0.000000 1.000000 1.000000
tan 0.000000 0.000000 1.000000 1.000000
tan 0.000000 -0.000000 -1.000000 1.000000
tan 0.000000 -0.000000 -0.992126 1.000000
tan 0.000000 -0.000000 -1.000000 1.000000
tan 0.000000 -0.000000 -1.000000 1.000000
tan 0.000000 -0.000000 -0.953748 1.000000
tan 0.000000 -0.000000 -0.992126 1.000000
tan 0.000000 -0.000000 -1.000000 1.000000
tan 0.000000 -0.000000 -1.000000 1.000000
tan 0.000000 -0.000000 -1.000000 1.000000
tan -1.000000 0.000000 0.000000 1.000000
tan -1.000000 0.000000 0.000000 1.000000
tan -1.000000 0.000000 0.000000 1.000000
tan -1.000000 0.000000 0.000000 1.000000
tan -1.000000 0.000000 0.000000 1.000000
tan -0.985678 0.000000 0.000000 1.000000
tan -1.000000 0.000000 0.000000 1.000000
tan -1.000000 0.000000 0.000000 1.000000
tan -1.000000 0.000000 0.000000 1.000000
tan 0.000000 0.000000 0.992126 1.000000
tan 0.000000 0.000000 1.000000 1.000000
tan 0.000000 0.000000 1.000000 1.000000
tan 0.000000 0.000000 1.000000 1.000000
tan 0.000000 0.000000 0.953748 1.000000
tan 0.000000 0.000000 0.992126 1.000000
tan 0.000000 0.000000 1.000000 1.000000
tan 0.000000 0.000000 1.000000 1.000000
tan 0.000000 0.000000 1.000000 1.000000
tan 0.992126 0.000000 0.000000 1.000000
tan 1.000000 0.000000 0.000000 1.000000
tan 1.000000 0.000000 0.000000 1.000000
tan 1.000000 0.000000 0.000000 1.000000
tan 0.950400 0.000000 0.000000 1.000000
tan 0.950338 0.000000 0.000000 1.000000
tan 0.992126 0.000000 0.000000 1.000000
tan 1.000000 0.000000 0.000000 1.000000
tan 1.000000 0.000000 0.000000 1.000000
tan 1.000000 0.000000 0.000000 1.000000
tan -0.030070 0.645979 -0.763779 1.000000
tan 0.000000 0.724409 0.685039 1.000000
tan 0.000000 1.000000 -0.055118 1.000000
tan 0.000000 0.173228 0.984252 1.000000
tan -0.573501 0.168020 -0.798251 1.000000
tan 0.000000 -0.000000 -1.000000 1.000000
tan -0.905512 -0.000000 -0.425197 1.000000
tan 0.000000 0.000000 1.000000 1.000000
tan 0.820262 0.089218 0.554653 1.000000
tan 0.913386 0.000000 0.401575 1.000000
tan -0.624961 0.116870 0.773389 1.000000
tan -1.000000 0.000000 0.000000 1.000000
tan -0.771654 0.000000 0.637795 1.000000
tan -0.102362 0.992126 -0.000000 1.000000
tan 0.519685 0.004092 0.850394 1.000000
tan -0.047244 1.000000 -0.000000 1.000000
tan 0.834646 0.551181 -0.032860 1.000000
tan 0.582677 -0.000000 -0.811023 1.000000
tan 0.530473 0.189596 0.822618 1.000000
tan -0.046004 0.545043 -0.834646 1.000000
tan 0.811024 0.004650 -0.590551 1.000000
tan -0.826772 -0.000000 -0.559055 1.000000
tan 0.000000 0.992126 0.094488 1.000000
tan 0.000000 1.000000 0.039370 1.000000
tan -0.834646 0.551181 0.039432 1.000000
tan -0.795276 0.000000 0.598425 1.000000
tan 0.000000 0.000000 1.000000 1.000000
tan 0.094488 0.992126 -0.000000 1.000000
tan 0.000000 0.220473 0.976378 1.000000
tan 0.236220 0.968504 0.001860 1.000000
tan -0.001736 0.976564 -0.220473 1.000000
tan 0.763780 0.028210 -0.645669 1.000000
tan -0.036456 0.638167 -0.771653 1.000000
tan 0.000000 -0.000000 -1.000000 1.000000
tan 0.000000 -1.000000 0.000000 1.000000
tan 0.000000 -1.000000 0.000000 1.000000
tan 0.000000 -1.000000 0.000000 1.000000
tan 0.000000 -1.000000 0.000000 1.000000
tan 0.000000 -1.000000 0.000000 1.000000
tan 0.000000 -1.000000 0.000000 1.000000
tan 0.000000 -1.000000 0.000000 1.000000
tan 0.000000 -1.000000 0.000000 1.000000
tan 0.000000 -1.000000 0.000000 1.000000
tan 0.000000 -1.000000 0.000000 1.000000
tan 0.000000 -1.000000 0.000000 1.000000
tan 0.000000 -1.000000 0.000000 1.000000
tan 0.000000 -1.000000 0.000000 1.000000
tan 0.000000 -1.000000 0.000000 1.000000
tan 0.000000 -1.000000 0.000000 1.000000
tan 0.000000 -1.000000 0.000000 1.000000
tan 0.000000 -1.000000 0.000000 1.000000
tan 0.000000 -1.000000 0.000000 1.000000
tan 0.000000 -1.000000 0.000000 1.000000
tan 0.000000 -1.000000 0.000000 1.000000
tan 0.000000 -1.000000 0.000000 1.000000
tan 0.000000 -1.000000 0.000000 1.000000
tan 0.000000 -1.000000 0.000000 1.000000
tan 0.000000 -1.000000 0.000000 1.000000
tan 0.000000 -1.000000 0.000000 1.000000
tan 0.000000 -1.000000 0.000000 1.000000
tan 0.000000 -1.000000 0.000000 1.000000
tan 0.000000 -1.000000 0.000000 1.000000
tan 0.000000 -1.000000 0.000000 1.000000
tan 0.000000 -1.000000 0.000000 1.000000
tan 0.000000 -1.000000 0.000000 1.000000
tan 0.000000 -1.000000 0.000000 1.000000
tan 0.000000 -1.000000 0.000000 1.000000
tan 0.000000 -1.000000 0.000000 1.000000
tan 0.000000 -1.000000 0.000000 1.000000
tan 0.000000 -1.000000 0.000000 1.000000
tan 0.000000 -1.000000 0.000000 1.000000
tan 0.000000 -1.000000 0.000000 1.000000
tan 0.000000 -1.000000 0.000000 1.000000
tan 0.000000 -1.000000 0.000000 1.000000
tan 0.000000 -1.000000 0.000000 1.000000
tan 0.000000 -1.000000 0.000000 1.000000
tan 0.000000 -1.000000 0.000000 1.000000
tan 0.000000 -1.000000 0.000000 1.000000
tan 0.000000 -1.000000 0.000000 1.000000
tan 0.000000 -1.000000 0.000000 1.000000
tan 0.000000 -1.000000 0.000000 1.000000
tan 0.000000 -1.000000 0.000000 1.000000
tan 0.000000 -1.000000 0.000000 1.000000
tan 0.000000 -1.000000 0.000000 1.000000
tan 0.000000 -1.000000 0.000000 1.000000
tan 0.000000 -1.000000 0.000000 1.000000
tan 0.000000 -1.000000 0.000000 1.000000
tan 0.000000 -1.000000 0.000000 1.000000
tan 0.000000 -1.000000 0.000000 1.000000
tan 0.000000 -1.000000 0.000000 1.000000
tan 0.000000 -1.000000 0.000000 1.000000
tan 0.000000 -1.000000 0.000000 1.000000
tan 0.000000 -1.000000 0.000000 1.000000
tan 0.000000 -1.000000 0.000000 1.000000
tan 0.000000 -1.000000 0.000000 1.000000
tan 0.000000 -1.000000 0.000000 1.000000
tan 0.000000 -1.000000 0.000000 1.000000
tan 0.000000 -1.000000 0.000000 1.000000
tan 0.000000 -1.000000 0.000000 1.000000
tan 0.000000 -1.000000 0.000000 1.000000
tan 0.000000 -1.000000 0.000000 1.000000
tan 0.000000 -1.000000 0.000000 1.000000
tan 0.000000 -1.000000 0.000000 1.000000
tan 0.000000 -1.000000 0.000000 1.000000
tan 0.000000 -1.000000 0.000000 1.000000
tan 0.000000 -1.000000 0.000000 1.000000
tan 0.000000 -1.000000 0.000000 1.000000
tan 0.000000 -1.000000 0.000000 1.000000
tan 0.000000 -1.000000 0.000000 1.000000
tan 0.000000 -1.000000 0.000000 1.000000
tan 0.000000 -1.000000 0.000000 1.000000
tan 0.000000 -1.000000 0.000000 1.000000
tan 0.000000 -1.000000 0.000000 1.000000
tan 0.000000 -1.000000 0.000000 1.000000
tan 0.000000 -1.000000 0.000000 1.000000
tan 0.000000 -1.000000 0.000000 1.000000
tan 0.000000 -1.000000 0.000000 1.000000
tan 0.000000 -1.000000 0.000000 1.000000
tan 0.000000 -1.000000 0.000000 1.000000
tan 0.000000 -1.000000 0.000000 1.000000
tan 0.000000 -1.000000 0.000000 1.000000
tan 0.000000 -1.000000 0.000000 1.000000
tan 0.000000 -1.000000 0.000000 1.000000
tan 0.000000 -1.000000 0.000000 1.000000
tan 0.000000 -1.000000 0.000000 1.000000
tan 0.000000 -1.000000 0.000000 1.000000
tan 0.000000 -1.000000 0.000000 1.000000
tan 0.000000 -1.000000 0.000000 1.000000
tan 0.000000 -1.000000 0.000000 1.000000
tan 0.000000 -1.000000 0.000000 1.000000
tan 0.000000 -1.000000 0.000000 1.000000
tan 0.000000 -1.000000 0.000000 1.000000
tan 0.000000 -1.000000 0.000000 1.000000
tan 0.000000 -1.000000 0.000000 1.000000
tan 0.000000 -1.000000 0.000000 1.000000
tan 0.000000 -1.000000 0.000000 1.000000
tan 0.000000 -1.000000 0.000000 1.000000
tan 0.000000 -1.000000 0.000000 1.000000
tan 0.000000 -1.000000 0.000000 1.000000
tan 0.000000 -1.000000 0.000000 1.000000
tan 0.000000 -1.000000 0.000000 1.000000
tan 0.000000 -1.000000 0.000000 1.000000
tan 0.000000 -1.000000 0.000000 1.000000
tan 0.000000 -1.000000 0.000000 1.000000
tan 0.000000 -1.000000 0.000000 1.000000
tan 0.000000 -1.000000 0.000000 1.000000
tan 0.000000 -1.000000 0.000000 1.000000
tan 0.000000 -1.000000 0.000000 1.000000
tan 0.000000 -1.000000 0.000000 1.000000
tan 0.000000 -1.000000 0.000000 1.000000
tan 0.000000 -1.000000 0.000000 1.000000
tan 0.000000 -1.000000 0.000000 1.000000
tan 0.000000 -1.000000 0.000000 1.000000
tan 0.000000 -1.000000 0.000000 1.000000
tan 0.000000 -1.000000 0.000000 1.000000
tan 0.000000 -1.000000 0.000000 1.000000
tan 0.000000 -1.000000 0.000000 1.000000
tan 0.000000 -1.000000 0.000000 1.000000
tan 0.000000 -1.000000 0.000000 1.000000
tan 0.000000 -1.000000 0.000000 1.000000
tan 0.000000 -1.000000 0.000000 1.000000
tan 0.000000 -1.000000 0.000000 1.000000
tan 0.000000 -1.000000 0.000000 1.000000
tan 0.000000 -1.000000 0.000000 1.000000
tan 0.000000 -1.000000 0.000000 1.000000
tan 0.000000 -1.000000 0.000000 1.000000
tan 0.000000 -1.000000 0.000000 1.000000
tan 0.000000 -1.000000 0.000000 1.000000
tan 0.000000 -1.000000 0.000000 1.000000
tan 0.000000 -1.000000 0.000000 1.000000
tan 0.000000 -1.000000 0.000000 1.000000
tan 0.000000 -1.000000 0.000000 1.000000
tan 0.000000 -1.000000 0.000000 1.000000
tan 0.000000 -1.000000 0.000000 1.000000
tan 0.000000 -1.000000 0.000000 1.000000
tan 0.000000 -1.000000 0.000000 1.000000
tan 0.000000 -1.000000 0.000000 1.000000
tan 0.000000 -1.000000 0.000000 1.000000
tan 0.000000 -1.000000 0.000000 1.000000
tan 0.000000 -1.000000 0.000000 1.000000
tan 0.000000 -1.000000 0.000000 1.000000
tan 0.000000 -1.000000 0.000000 1.000000
tan 0.000000 -1.000000 0.000000 1.000000
tan 0.000000 -1.000000 0.000000 1.000000
tan 0.000000 -1.000000 0.000000 1.000000
tan 0.000000 -1.000000 0.000000 1.000000
tan 0.000000 -1.000000 0.000000 1.000000
tan 0.000000 -1.000000 0.000000 1.000000
tan 0.000000 -1.000000 0.000000 1.000000
tan 0.000000 -1.000000 0.000000 1.000000
tan 0.000000 -1.000000 0.000000 1.000000
tan 0.000000 -1.000000 0.000000 1.000000
tan 0.000000 -1.000000 0.000000 1.000000
tan 0.000000 -1.000000 0.000000 1.000000
tan 0.000000 -1.000000 0.000000 1.000000
tan 0.000000 -1.000000 0.000000 1.000000
tan 0.000000 -1.000000 0.000000 1.000000
tan 0.000000 -1.000000 0.000000 1.000000
tan 0.000000 -1.000000 0.000000 1.000000
tan 0.000000 -1.000000 0.000000 1.000000
tan 0.000000 -1.000000 0.000000 1.000000
tan 0.000000 -1.000000 0.000000 1.000000
tan 0.000000 -1.000000 0.000000 1.000000
tan 0.000000 -1.000000 0.000000 1.000000
tan 0.000000 -1.000000 0.000000 1.000000
tan 0.000000 -1.000000 0.000000 1.000000
tan 0.000000 -1.000000 0.000000 1.000000
tan 0.000000 -1.000000 0.000000 1.000000
tan 0.000000 -1.000000 0.000000 1.000000
tan 0.000000 -1.000000 0.000000 1.000000
tan 0.000000 -1.000000 0.000000 1.000000
tan 0.000000 -1.000000 0.000000 1.000000
tan 0.000000 -1.000000 0.000000 1.000000
tan 0.000000 -1.000000 0.000000 1.000000
tan 0.000000 -1.000000 0.000000 1.000000
tan 0.000000 -1.000000 0.000000 1.000000
tan 0.000000 -1.000000 0.000000 1.000000
tan 0.000000 -1.000000 0.000000 1.000000
tan 0.000000 -1.000000 0.000000 1.000000
tan 0.000000 -1.000000 0.000000 1.000000
tan 0.000000 -1.000000 0.000000 1.000000
tan 0.000000 -1.000000 0.000000 1.000000
tan 0.000000 -1.000000 0.000000 1.000000
tan 0.000000 -1.000000 0.000000 1.000000
tan 0.000000 -1.000000 0.000000 1.000000
tan 0.000000 -1.000000 0.000000 1.000000
tan 0.000000 -1.000000 0.000000 1.000000
tan 0.000000 -1.000000 0.000000 1.000000
tan 0.000000 -1.000000 0.000000 1.000000
tan 0.000000 -1.000000 0.000000 1.000000
tan 0.000000 -1.000000 0.000000 1.000000
tan 0.000000 -1.000000 0.000000 1.000000
tan 0.000000 -1.000000 0.000000 1.000000
tan 0.000000 -1.000000 0.000000 1.000000
tan 0.000000 -1.000000 0.000000 1.000000
tan 0.000000 -1.000000 0.000000 1.000000
tan 0.000000 -1.000000 0.000000 1.000000
tan 0.000000 -1.000000 0.000000 1.000000
tan 0.000000 -1.000000 0.000000 1.000000
tan 0.000000 -1.000000 0.000000 1.000000
tan 0.000000 -1.000000 0.000000 1.000000
tan 0.000000 -1.000000 0.000000 1.000000
tan 0.000000 -1.000000 0.000000 1.000000
tan 0.000000 -1.000000 0.000000 1.000000
tan 0.000000 -1.000000 0.000000 1.000000
tan 0.000000 -1.000000 0.000000 1.000000
tan 0.000000 -1.000000 0.000000 1.000000
tan 0.000000 -1.000000 0.000000 1.000000
tan 0.000000 -1.000000 0.000000 1.000000
tan 0.000000 -1.000000 0.000000 1.000000
tan 0.000000 -1.000000 0.000000 1.000000
tan 0.000000 -1.000000 0.000000 1.000000
tan 0.000000 -1.000000 0.000000 1.000000
tan 0.000000 -1.000000 0.000000 1.000000
tan 0.000000 -1.000000 0.000000 1.000000
tan 0.000000 -1.000000 0.000000 1.000000
tan 0.000000 -1.000000 0.000000 1.000000
tan 0.000000 -1.000000 0.000000 1.000000
tan 0.000000 -1.000000 0.000000 1.000000
tan 0.000000 -1.000000 0.000000 1.000000
tan 0.000000 -1.000000 0.000000 1.000000
tan 0.000000 -1.000000 0.000000 1.000000
tan 0.000000 -1.000000 0.000000 1.000000
tan 0.000000 -1.000000 0.000000 1.000000
tan 0.000000 -1.000000 0.000000 1.000000
tan 0.000000 -1.000000 0.000000 1.000000
tan 0.000000 -1.000000 0.000000 1.000000
tan 0.000000 -1.000000 0.000000 1.000000
tan 0.000000 -1.000000 0.000000 1.000000
tan 0.000000 -1.000000 0.000000 1.000000
tan 0.000000 -1.000000 0.000000 1.000000
tan 0.000000 -1.000000 0.000000 1.000000
tan 0.000000 -1.000000 0.000000 1.000000
tan 0.000000 -1.000000 0.000000 1.000000
tan 0.000000 -1.000000 0.000000 1.000000
tan 0.000000 -1.000000 0.000000 1.000000
tan 0.000000 -1.000000 0.000000 1.000000
tan 0.000000 -1.000000 0.000000 1.000000
tan 0.000000 -1.000000 0.000000 1.000000
tan 0.000000 -1.000000 0.000000 1.000000
tan 0.000000 -1.000000 0.000000 1.000000
tan 0.000000 -1.000000 0.000000 1.000000
tan 0.000000 -1.000000 0.000000 1.000000
tan 0.000000 -1.000000 0.000000 1.000000
tan 0.000000 -1.000000 0.000000 1.000000
tan 0.000000 -1.000000 0.000000 1.000000
tan 0.000000 -1.000000 0.000000 1.000000
tan 0.000000 -1.000000 0.000000 1.000000
tan 0.000000 -1.000000 0.000000 1.000000
tan 0.000000 -1.000000 0.000000 1.000000
tan 0.000000 -1.000000 0.000000 1.000000
tan 0.000000 -1.000000 0.000000 1.000000
tan 0.000000 -1.000000 0.000000 1.000000
tan 0.000000 -1.000000 0.000000 1.000000
tan 0.000000 -1.000000 0.000000 1.000000
tan 0.000000 -1.000000 0.000000 1.000000
tan 0.000000 -1.000000 0.000000 1.000000
tan 0.000000 -1.000000 0.000000 1.000000
tan 0.000000 -1.000000 0.000000 1.000000
tan 0.000000 -1.000000 0.000000 1.000000
tan 0.000000 -1.000000 0.000000 1.000000
tan 0.000000 -1.000000 0.000000 1.000000
tan 0.000000 -1.000000 0.000000 1.000000
tan 0.000000 -1.000000 0.000000 1.000000
tan 0.000000 -1.000000 0.000000 1.000000
tan 0.000000 -1.000000 0.000000 1.000000
tan 0.000000 -1.000000 0.000000 1.000000
tan 0.000000 -1.000000 0.000000 1.000000
tan 0.000000 -1.000000 0.000000 1.000000
tan 0.000000 -1.000000 0.000000 1.000000
tan 0.000000 -1.000000 0.000000 1.000000
tan 0.000000 -1.000000 0.000000 1.000000
tan 0.000000 -1.000000 0.000000 1.000000
tan 0.000000 -1.000000 0.000000 1.000000
tan 0.000000 -1.000000 0.000000 1.000000
tan 0.000000 -1.000000 0.000000 1.000000
tan 0.000000 -1.000000 0.000000 1.000000
tan 0.000000 -1.000000 0.000000 1.000000
tan 0.000000 -1.000000 0.000000 1.000000
tan 0.000000 -1.000000 0.000000 1.000000
tan 0.000000 -1.000000 0.000000 1.000000
tan 0.000000 -1.000000 0.000000 1.000000
tan 0.000000 -1.000000 0.000000 1.000000
tan 0.000000 -1.000000 0.000000 1.000000
tan 0.000000 -1.000000 0.000000 1.000000
tan 0.000000 -1.000000 0.000000 1.000000
tan 0.000000 -1.000000 0.000000 1.000000
tan 0.000000 -1.000000 0.000000 1.000000
tan 0.000000 -1.000000 0.000000 1.000000
tan 0.000000 -1.000000 0.000000 1.000000
tan 0.000000 -1.000000 0.000000 1.000000
tan 0.000000 -1.000000 0.000000 1.000000
tan 0.000000 -1.000000 0.000000 1.000000
tan 0.000000 -1.000000 0.000000 1.000000
tan 0.000000 -1.000000 0.000000 1.000000
tan 0.000000 -1.000000 0.000000 1.000000
tan 0.000000 -1.000000 0.000000 1.000000
tan 0.000000 -1.000000 0.000000 1.000000
tan 0.000000 -1.000000 0.000000 1.000000
tan 0.000000 -1.000000 0.000000 1.000000
tan 0.000000 -1.000000 0.000000 1.000000
tan 0.000000 -1.000000 0.000000 1.000000
tan 0.000000 -1.000000 0.000000 1.000000
tan 0.000000 -1.000000 0.000000 1.000000
tan 0.000000 -1.000000 0.000000 1.000000
tan 0.000000 -1.000000 0.000000 1.000000
tan 0.000000 -1.000000 0.000000 1.000000
tan 0.000000 -1.000000 0.000000 1.000000
tan 0.000000 -1.000000 0.000000 1.000000
tan 0.000000 -1.000000 0.000000 1.000000
tan 0.000000 -1.000000 0.000000 1.000000
tan 0.000000 -1.000000 0.000000 1.000000
tan 0.000000 -1.000000 0.000000 1.000000
tan 0.000000 -1.000000 0.000000 1.000000
tan 0.000000 -1.000000 0.000000 1.000000
tan 0.000000 -1.000000 0.000000 1.000000
tan 0.000000 -1.000000 0.000000 1.000000
tan 0.000000 -1.000000 0.000000 1.000000
tan 0.000000 -1.000000 0.000000 1.000000
tan 0.000000 -1.000000 0.000000 1.000000
tan 0.000000 -1.000000 0.000000 1.000000
tan 0.000000 -1.000000 0.000000 1.000000
tan 0.000000 -1.000000 0.000000 1.000000
tan 0.000000 -1.000000 0.000000 1.000000
tan 0.000000 -1.000000 0.000000 1.000000
tan 0.000000 -1.000000 0.000000 1.000000
tan 0.000000 -1.000000 0.000000 1.000000
tan 0.000000 -1.000000 0.000000 1.000000
tan 0.000000 -1.000000 0.000000 1.000000
tan 0.000000 -1.000000 0.000000 1.000000
tan 0.000000 -1.000000 0.000000 1.000000
tan 0.000000 -1.000000 0.000000 1.000000
tan 0.000000 -1.000000 0.000000 1.000000
tan 0.000000 -1.000000 0.000000 1.000000
tan 0.000000 -1.000000 0.000000 1.000000
tan 0.000000 -1.000000 0.000000 1.000000
tan 0.000000 -1.000000 0.000000 1.000000
tan 0.000000 -1.000000 0.000000 1.000000
tan 0.000000 -1.000000 0.000000 1.000000
tan 0.000000 -1.000000 0.000000 1.000000
tan 0.000000 -1.000000 0.000000 1.000000
tan 0.000000 -1.000000 0.000000 1.000000
tan 0.000000 -1.000000 0.000000 1.000000
tan 0.000000 -1.000000 0.000000 1.000000
tan 0.000000 -1.000000 0.000000 1.000000
tan 0.000000 -1.000000 0.000000 1.000000
tan 0.000000 -1.000000 0.000000 1.000000
tan 0.000000 -1.000000 0.000000 1.000000
tan 0.000000 -1.000000 0.000000 1.000000
tan 0.000000 -1.000000 0.000000 1.000000
tan 0.000000 -1.000000 0.000000 1.000000
tan 0.000000 -1.000000 0.000000 1.000000
tan 0.000000 -1.000000 0.000000 1.000000
tan 0.000000 -1.000000 0.000000 1.000000
tan 0.000000 -1.000000 0.000000 1.000000
tan 0.000000 -1.000000 0.000000 1.000000
tan 0.000000 -1.000000 0.000000 1.000000
tan 0.000000 -1.000000 0.000000 1.000000
tan 0.000000 -1.000000 0.000000 1.000000
f 3/3/3 2/2/2 1/1/1
f 4/4/4 1/1/1 2/2/2
f 6/6/6 4/4/4 5/5/5
f 7/7/7 5/5/5 4/4/4
f 10/10/10 9/9/9 8/8/8
f 10/10/10 11/11/11 9/9/9
f 11/11/11 10/10/10 12/12/12
f 15/15/15 14/14/14 13/13/13
f 16/16/16 15/15/15 13/13/13
f 17/17/17 15/15/15 16/16/16
f 20/20/20 19/19/19 18/18/18
f 18/18/18 19/19/19 21/21/21
f 18/18/18 21/21/21 22/22/22
f 22/22/22 21/21/21 23/23/23
f 21/21/21 24/24/24 23/23/23
f 27/27/27 26/26/26 25/25/25
f 30/30/30 29/29/29 28/28/28
f 33/33/33 32/32/32 31/31/31
f 36/36/36 35/35/35 34/34/34
f 39/39/39 38/38/38 37/37/37
f 42/42/42 41/41/41 40/40/40
f 45/45/45 44/44/44 43/43/43
f 48/48/48 47/47/47 46/46/46
f 51/51/51 50/50/50 49/49/49
f 54/54/54 53/53/53 52/52/52
f 57/57/57 56/56/56 55/55/55
f 60/60/60 59/59/59 58/58/58
f 63/63/63 62/62/62 61/61/61
f 66/66/66 65/65/65 64/64/64
f 69/69/69 68/68/68 67/67/67
f 72/72/72 71/71/71 70/70/70
f 75/75/75 74/74/74 73/73/73
f 78/78/78 77/77/77 76/76/76
f 81/81/81 80/80/80 79/79/79
f 84/84/84 83/83/83 82/82/82
f 87/87/87 86/86/86 85/85/85
f 90/90/90 89/89/89 88/88/88
f 93/93/93 92/92/92 91/91/91
f 96/96/96 95/95/95 94/94/94
f 99/99/99 98/98/98 97/97/97
f 102/102/102 101/101/101 100/100/100
f 105/105/105 104/104/104 103/103/103
f 108/108/108 107/107/107 106/106/106
f 111/111/111 110/110/110 109/109/109
f 114/114/114 113/113/113 112/112/112
f 117/117/117 116/116/116 115/115/115
f 120/120/120 119/119/119 118/118/118
f 123/123/123 122/122/122 121/121/121
f 126/126/126 125/125/125 124/124/124
f 129/129/129 128/128/128 127/127/127
f 132/132/132 131/131/131 130/130/130
f 135/135/135 134/134/134 133/133/133
f 138/138/138 137/137/137 136/136/136
f 141/141/141 140/140/140 139/139/139
f 139/139/139 142/142/142 141/141/141
f 145/145/145 144/144/144 143/143/143
f 144/144/144 145/145/145 146/146/146
f 148/148/148 147/147/147 146/146/146
f 148/148/148 149/149/149 147/147/147
f 152/152/152 151/151/151 150/150/150
f 150/150/150 153/153/153 152/152/152
f 156/156/156 155/155/155 154/154/154
f 154/154/154 157/157/157 156/156/156
f 160/160/160 159/159/159 158/158/158
f 161/161/161 160/160/160 158/158/158
f 164/164/164 163/163/163 162/162/162
f 162/162/162 165/165/165 164/164/164
f 168/168/168 167/167/167 166/166/166
f 169/169/169 166/166/166 167/167/167
f 172/172/172 171/171/171 170/170/170
f 172/172/172 173/173/173 171/171/171
f 176/176/176 175/175/175 174/174/174
f 177/177/177 175/175/175 176/176/176
f 180/180/180 179/179/179 178/178/178
f 178/178/178 181/181/181 180/180/180
f 183/183/183 181/181/181 182/182/182
f 182/182/182 184/184/184 183/183/183
f 187/187/187 186/186/186 185/185/185
f 187/187/187 185/185/185 188/188/188
f 191/191/191 190/190/190 189/189/189
f 191/191/191 189/189/189 192/192/192
f 195/195/195 194/194/194 193/193/193
f 195/195/195 193/193/193 196/196/196
f 199/199/199 198/198/198 197/197/197
f 197/197/197 200/200/200 199/199/199
f 203/203/203 202/202/202 201/201/201
f 201/201/201 204/204/204 203/203/203
f 207/207/207 206/206/206 205/205/205
f 207/207/207 208/208/208 206/206/206
f 211/211/211 210/210/210 209/209/209
f 211/211/211 209/209/209 212/212/212
f 215/215/215 214/214/214 213/213/213
f 214/214/214 215/215/215 216/216/216
f 219/219/219 218/218/218 217/217/217
f 219/219/219 220/220/220 218/218/218
f 223/223/223 222/222/222 221/221/221
f 224/224/224 221/221/221 222/222/222
f 227/227/227 226/226/226 225/225/225
f 225/225/225 228/228/228 227/227/227
f 231/231/231 230/230/230 229/229/229
f 232/232/232 230/230/230 231/231/231
f 234/234/234 232/232/232 233/233/233
f 233/233/233 235/235/235 234/234/234
f 238/238/238 237/237/237 236/236/236
f 236/236/236 239/239/239 238/238/238
f 241/241/241 239/239/239 240/240/240
f 241/241/241 240/240/240 242/242/242
f 245/245/245 244/244/244 243/243/243
f 243/243/243 246/246/246 245/245/245
f 248/248/248 246/246/246 247/247/247
f 247/247/247 249/249/249 248/248/248
f 252/252/252 251/251/251 250/250/250
f 250/250/250 253/253/253 252/252/252
f 256/256/256 255/255/255 254/254/254
f 254/254/254 257/257/257 256/256/256
f 260/260/260 259/259/259 258/258/258
f 261/261/261 260/260/260 258/258/258
f 264/264/264 263/263/263 262/262/262
f 264/264/264 265/265/265 263/263/263
f 268/268/268 267/267/267 266/266/266
f 268/268/268 266/266/266 269/269/269
f 271/271/271 269/269/269 270/270/270
f 270/270/270 272/272/272 271/271/271
f 275/275/275 274/274/274 273/273/273
f 275/275/275 276/276/276 274/274/274
f 279/279/279 278/278/278 277/277/277
f 280/280/280 277/277/277 278/278/278
f 283/283/283 282/282/282 281/281/281
f 284/284/284 281/281/281 282/282/282
f 287/287/287 286/286/286 285/285/285
f 285/285/285 288/288/288 287/287/287
f 291/291/291 290/290/290 289/289/289
f 289/289/289 292/292/292 291/291/291
f 294/294/294 292/292/292 293/293/293
f 293/293/293 295/295/295 294/294/294
f 298/298/298 297/297/297 296/296/296
f 296/296/296 299/299/299 298/298/298
f 302/302/302 301/301/301 300/300/300
f 302/302/302 303/303/303 301/301/301
f 306/306/306 305/305/305 304/304/304
f 305/305/305 306/306/306 307/307/307
f 310/310/310 309/309/309 308/308/308
f 311/311/311 308/308/308 309/309/309
f 314/314/314 313/313/313 312/312/312
f 315/315/315 314/314/314 312/312/312
f 318/318/318 317/317/317 316/316/316
f 316/316/316 319/319/319 318/318/318
f 322/322/322 321/321/321 320/320/320
f 323/323/323 320/320/320 321/321/321
f 326/326/326 325/325/325 324/324/324
f 326/326/326 327/327/327 325/325/325
f 330/330/330 329/329/329 328/328/328
f 330/330/330 328/328/328 331/331/331
f 334/334/334 333/333/333 332/332/332
f 334/334/334 332/332/332 335/335/335
f 338/338/338 337/337/337 336/336/336
f 338/338/338 339/339/339 337/337/337
f 342/342/342 341/341/341 340/340/340
f 343/343/343 340/340/340 341/341/341
f 340/340/340 343/343/343 344/344/344
f 344/344/344 343/343/343 345/345/345
f 344/344/344 345/345/345 346/346/346
f 346/346/346 345/345/345 347/347/347
f 346/346/346 347/347/347 348/348/348
f 348/348/348 349/349/349 346/346/346
f 352/352/352 351/351/351 350/350/350
f 353/353/353 350/350/350 351/351/351
f 350/350/350 353/353/353 354/354/354
f 354/354/354 353/353/353 355/355/355
f 354/354/354 355/355/355 356/356/356
f 356/356/356 355/355/355 357/357/357
f 358/358/358 357/357/357 355/355/355
f 361/361/361 360/360/360 359/359/359
f 362/362/362 359/359/359 360/360/360
f 363/363/363 362/362/362 360/360/360
f 363/363/363 364/364/364 362/362/362
f 365/365/365 364/364/364 363/363/363
f 366/366/366 364/364/364 365/365/365
f 366/366/366 365/365/365 367/367/367
f 368/368/368 367/367/367 365/365/365
f 371/371/371 370/370/370 369/369/369
f 370/370/370 371/371/371 372/372/372
f 373/373/373 370/370/370 372/372/372
f 373/373/373 372/372/372 374/374/374
f 374/374/374 375/375/375 373/373/373
f 375/375/375 374/374/374 376/376/376
f 379/379/379 378/378/378 377/377/377
f 380/380/380 377/377/377 378/378/378
f 381/381/381 380/380/380 378/378/378
f 382/382/382 380/380/380 381/381/381
f 381/381/381 383/383/383 382/382/382
f 384/384/384 382/382/382 383/383/383
f 383/383/383 385/385/385 384/384/384
f 386/386/386 384/384/384 385/385/385
f 389/389/389 388/388/388 387/387/387
f 390/390/390 387/387/387 388/388/388
f 387/387/387 390/390/390 391/391/391
f 392/392/392 391/391/391 390/390/390
f 393/393/393 391/391/391 392/392/392
f 394/394/394 393/393/393 392/392/392
f 394/394/394 395/395/395 393/393/393
f 396/396/396 393/393/393 395/395/395
f 399/399/399 398/398/398 397/397/397
f 400/400/400 397/397/397 398/398/398
f 397/397/397 400/400/400 401/401/401
f 402/402/402 401/401/401 400/400/400
f 401/401/401 402/402/402 403/403/403
f 403/403/403 402/402/402 404/404/404
f 405/405/405 404/404/404 402/402/402
f 408/408/408 407/407/407 406/406/406
f 407/407/407 409/409/409 406/406/406
f 410/410/410 409/409/409 407/407/407
f 409/409/409 410/410/410 411/411/411
f 412/412/412 411/411/411 410/410/410
f 411/411/411 412/412/412 413/413/413
f 413/413/413 412/412/412 414/414/414
f 415/415/415 414/414/414 412/412/412
f 418/418/418 417/417/417 416/416/416
f 419/419/419 417/417/417 418/418/418
f 420/420/420 417/417/417 419/419/419
f 421/421/421 420/420/420 419/419/419
f 422/422/422 420/420/420 421/421/421
f 421/421/421 423/423/423 422/422/422
f 424/424/424 423/423/423 421/421/421
f 427/427/427 426/426/426 425/425/425
f 428/428/428 425/425/425 426/426/426
f 426/426/426 429/429/429 428/428/428
f 430/430/430 428/428/428 429/429/429
f 429/429/429 431/431/431 430/430/430
f 431/431/431 432/432/432 430/430/430
f 433/433/433 430/430/430 432/432/432
f 436/436/436 435/435/435 434/434/434
f 437/437/437 434/434/434 435/435/435
f 435/435/435 438/438/438 437/437/437
f 439/439/439 437/437/437 438/438/438
f 438/438/438 440/440/440 439/439/439
f 441/441/441 439/439/439 440/440/440
f 440/440/440 442/442/442 441/441/441
f 443/443/443 441/441/441 442/442/442
f 446/446/446 445/445/445 444/444/444
f 447/447/447 445/445/445 446/446/446
f 448/448/448 445/445/445 447/447/447
f 449/449/449 448/448/448 447/447/447
f 450/450/450 448/448/448 449/449/449
f 449/449/449 451/451/451 450/450/450
f 451/451/451 452/452/452 450/450/450
f 453/453/453 450/450/450 452/452/452
f 456/456/456 455/455/455 454/454/454
f 457/457/457 454/454/454 455/455/455
f 454/454/454 457/457/457 458/458/458
f 457/457/457 459/459/459 458/458/458
f 459/459/459 460/460/460 458/458/458
f 458/458/458 460/460/460 461/461/461
f 461/461/461 460/460/460 462/462/462
f 462/462/462 460/460/460 463/463/463
f 466/466/466 465/465/465 464/464/464
f 464/464/464 467/467/467 466/466/466
f 468/468/468 467/467/467 464/464/464
f 467/467/467 468/468/468 469/469/469
f 469/469/469 468/468/468 470/470/470
f 470/470/470 471/471/471 469/469/469
f 474/474/474 473/473/473 472/472/472
f 472/472/472 475/475/475 474/474/474
f 472/472/472 476/476/476 475/475/475
f 475/475/475 476/476/476 477/477/477
f 476/476/476 478/478/478 477/477/477
f 477/477/477 478/478/478 479/479/479
f 479/479/479 478/478/478 480/480/480
f 480/480/480 478/478/478 481/481/481
f 484/484/484 483/483/483 482/482/482
f 485/485/485 482/482/482 483/483/483
f 482/482/482 485/485/485 486/486/486
f 487/487/487 486/486/486 485/485/485
f 488/488/488 486/486/486 487/487/487
f 488/488/488 489/489/489 486/486/486
f 490/490/490 486/486/486 489/489/489
f 493/493/493 492/492/492 491/491/491
f 494/494/494 491/491/491 492/492/492
f 491/491/491 494/494/494 495/495/495
f 496/496/496 495/495/495 494/494/494
f 495/495/495 496/496/496 497/497/497
f 498/498/498 497/497/497 496/496/496
f 501/501/501 500/500/500 499/499/499
f 502/502/502 501/501/501 499/499/499
f 502/502/502 499/499/499 503/503/503
f 504/504/504 502/502/502 503/503/503
f 503/503/503 505/505/505 504/504/504
f 506/506/506 504/504/504 505/505/505
f 505/505/505 507/507/507 506/506/506
f 507/507/507 505/505/505 508/508/508
f 511/511/511 510/510/510 509/509/509
f 510/510/510 512/512/512 509/509/509
f 510/510/510 513/513/513 512/512/512
f 513/513/513 514/514/514 512/512/512
f 513/513/513 515/515/515 514/514/514
f 515/515/515 516/516/516 514/514/514
f 516/516/516 517/517/517 514/514/514
f 520/520/520 519/519/519 518/518/518
f 519/519/519 521/521/521 518/518/518
f 519/519/519 522/522/522 521/521/521
f 522/522/522 523/523/523 521/521/521
f 522/522/522 524/524/524 523/523/523
f 524/524/524 525/525/525 523/523/523
f 524/524/524 526/526/526 525/525/525
f 526/526/526 527/527/527 525/525/525
f 530/530/530 529/529/529 528/528/528
f 531/531/531 528/528/528 529/529/529
f 532/532/532 528/528/528 531/531/531
f 532/532/532 531/531/531 533/533/533
f 534/534/534 532/532/532 533/533/533
f 533/533/533 535/535/535 534/534/534
f 535/535/535 533/533/533 536/536/536
f 539/539/539 538/538/538 537/537/537
f 540/540/540 539/539/539 537/537/537
f 537/537/537 541/541/541 540/540/540
f 542/542/542 540/540/540 541/541/541
f 542/542/542 541/541/541 543/543/543
f 544/544/544 542/542/542 543/543/543
f 543/543/543 545/545/545 544/544/544
f 545/545/545 543/543/543 546/546/546
f 549/549/549 548/548/548 547/547/547
f 550/550/550 548/548/548 549/549/549
f 551/551/551 548/548/548 550/550/550
f 552/552/552 551/551/551 550/550/550
f 553/553/553 551/551/551 552/552/552
f 553/553/553 554/554/554 551/551/551
f 555/555/555 551/551/551 554/554/554
f 558/558/558 557/557/557 556/556/556
f 556/556/556 557/557/557 559/559/559
f 556/556/556 559/559/559 560/560/560
f 559/559/559 561/561/561 560/560/560
f 560/560/560 561/561/561 562/562/562
f 562/562/562 561/561/561 563/563/563
f 566/566/566 565/565/565 564/564/564
f 564/564/564 567/567/567 566/566/566
f 567/567/567 564/564/564 568/568/568
f 567/567/567 568/568/568 569/569/569
f 569/569/569 568/568/568 570/570/570
f 569/569/569 570/570/570 571/571/571
f 571/571/571 570/570/570 572/572/572
f 572/572/572 573/573/573 571/571/571
f 576/576/576 575/575/575 574/574/574
f 577/577/577 574/574/574 575/575/575
f 578/578/578 577/577/577 575/575/575
f 575/575/575 579/579/579 578/578/578
f 579/579/579 580/580/580 578/578/578
f 580/580/580 581/581/581 578/578/578
f 582/582/582 578/578/578 581/581/581
f 585/585/585 584/584/584 583/583/583
f 584/584/584 585/585/585 586/586/586
f 586/586/586 587/587/587 584/584/584
f 584/584/584 587/587/587 588/588/588
f 587/587/587 589/589/589 588/588/588
f 589/589/589 590/590/590 588/588/588
f 590/590/590 591/591/591 588/588/588
f 594/594/594 593/593/593 592/592/592
f 595/595/595 592/592/592 593/593/593
f 596/596/596 595/595/595 593/593/593
f 597/597/597 596/596/596 593/593/593
f 598/598/598 596/596/596 597/597/597
f 599/599/599 598/598/598 597/597/597
f 599/599/599 600/600/600 598/598/598
f 601/601/601 598/598/598 600/600/600
f 604/604/604 603/603/603 602/602/602
f 603/603/603 605/605/605 602/602/602
f 603/603/603 606/606/606 605/605/605
f 603/603/603 607/607/607 606/606/606
f 607/607/607 608/608/608 606/606/606
f 608/608/608 609/609/609 606/606/606
f 609/609/609 610/610/610 606/606/606
f 613/613/613 612/612/612 611/611/611
f 611/611/611 612/612/612 614/614/614
f 614/614/614 615/615/615 611/611/611
f 611/611/611 615/615/615 616/616/616
f 617/617/617 616/616/616 615/615/615
f 616/616/616 617/617/617 618/618/618
f 618/618/618 619/619/619 616/616/616
f 622/622/622 621/621/621 620/620/620
f 623/623/623 622/622/622 620/620/620
f 624/624/624 623/623/623 620/620/620
f 625/625/625 624/624/624 620/620/620
f 626/626/626 624/624/624 625/625/625
f 626/626/626 627/627/627 624/624/624
f 628/628/628 624/624/624 627/627/627
f 631/631/631 630/630/630 629/629/629
f 629/629/629 632/632/632 631/631/631
f 632/632/632 629/629/629 633/633/633
f 633/633/633 629/629/629 634/634/634
f 633/633/633 634/634/634 635/635/635
f 636/636/636 635/635/635 634/634/634
f 635/635/635 636/636/636 637/637/637
f 637/637/637 638/638/638 635/635/635
f 641/641/641 640/640/640 639/639/639
f 639/639/639 640/640/640 642/642/642
f 641/641/641 639/639/639 643/643/643
f 643/643/643 639/639/639 644/644/644
f 643/643/643 644/644/644 645/645/645
f 647/647/647 646/646/646 642/642/642
f 646/646/646 647/647/647 648/648/648
f 645/645/645 649/649/649 643/643/643
f 650/650/650 649/649/649 645/645/645
f 650/650/650 651/651/651 649/649/649
f 649/649/649 652/652/652 643/643/643
f 649/649/649 651/651/651 653/653/653
f 649/649/649 654/654/654 652/652/652
f 654/654/654 655/655/655 652/652/652
f 655/655/655 647/647/647 652/652/652
f 655/655/655 648/648/648 647/647/647
f 655/655/655 656/656/656 648/648/648
f 657/657/657 649/649/649 653/653/653
f 658/658/658 656/656/656 655/655/655
f 657/657/657 653/653/653 659/659/659
f 658/658/658 660/660/660 656/656/656
f 655/655/655 661/661/661 658/658/658
f 661/661/661 649/649/649 657/657/657
f 658/658/658 661/661/661 662/662/662
f 657/657/657 662/662/662 661/661/661
f 663/663/663 660/660/660 658/658/658
f 660/660/660 663/663/663 664/664/664
f 664/664/664 663/663/663 665/665/665
f 658/658/658 666/666/666 663/663/663
f 667/667/667 665/665/665 663/663/663
f 663/663/663 666/666/666 668/668/668
f 666/666/666 657/657/657 668/668/668
f 663/663/663 669/669/669 667/667/667
f 668/668/668 657/657/657 670/670/670
f 671/671/671 667/667/667 669/669/669
f 670/670/670 671/671/671 669/669/669
f 670/670/670 657/657/657 659/659/659
f 670/670/670 672/672/672 671/671/671
f 672/672/672 670/670/670 659/659/659
f 675/675/675 674/674/674 673/673/673
f 673/673/673 676/676/676 675/675/675
f 677/677/677 675/675/675 676/676/676
f 679/679/679 678/678/678 677/677/677
f 680/680/680 678/678/678 679/679/679
f 681/681/681 680/680/680 679/679/679
f 681/681/681 682/682/682 680/680/680
f 682/682/682 681/681/681 683/683/683
f 679/679/679 677/677/677 684/684/684
f 677/677/677 685/685/685 684/684/684
f 677/677/677 686/686/686 685/685/685
f 687/687/687 684/684/684 685/685/685
f 684/684/684 687/687/687 688/688/688
f 687/687/687 689/689/689 688/688/688
f 690/690/690 688/688/688 689/689/689
f 691/691/691 685/685/685 686/686/686
f 692/692/692 685/685/685 691/691/691
f 693/693/693 685/685/685 692/692/692
f 692/692/692 694/694/694 693/693/693
f 695/695/695 693/693/693 694/694/694
f 691/691/691 686/686/686 696/696/696
f 697/697/697 696/696/696 686/686/686
f 698/698/698 696/696/696 697/697/697
f 697/697/697 699/699/699 698/698/698
f 700/700/700 698/698/698 699/699/699
f 702/702/702 686/686/686 701/701/701
f 701/701/701 703/703/703 702/702/702
f 703/703/703 701/701/701 704/704/704
f 707/707/707 706/706/706 705/705/705
f 706/706/706 707/707/707 708/708/708
f 707/707/707 709/709/709 708/708/708
f 708/708/708 709/709/709 710/710/710
f 710/710/710 711/711/711 708/708/708
f 712/712/712 708/708/708 711/711/711
f 713/713/713 711/711/711 710/710/710
f 714/714/714 713/713/713 710/710/710
f 713/713/713 714/714/714 715/715/715
f 716/716/716 715/715/715 714/714/714
f 711/711/711 717/717/717 712/712/712
f 718/718/718 717/717/717 711/711/711
f 711/711/711 719/719/719 718/718/718
f 718/718/718 719/719/719 720/720/720
f 721/721/721 720/720/720 719/719/719
f 717/717/717 722/722/722 712/712/712
f 723/723/723 712/712/712 722/722/722
f 724/724/724 723/723/723 722/722/722
f 725/725/725 724/724/724 722/722/722
f 724/724/724 725/725/725 726/726/726
f 727/727/727 726/726/726 725/725/725
f 723/723/723 728/728/728 712/712/712
f 729/729/729 712/712/712 728/728/728
f 730/730/730 729/729/729 728/728/728
f 729/729/729 731/731/731 712/712/712
f 732/732/732 730/730/730 728/728/728
f 731/731/731 733/733/733 712/712/712
f 730/730/730 732/732/732 734/734/734
f 735/735/735 734/734/734 732/732/732
f 736/736/736 712/712/712 733/733/733
f 733/733/733 737/737/737 736/736/736
f 740/740/740 739/739/739 738/738/738
f 738/738/738 741/741/741 740/740/740
f 742/742/742 740/740/740 741/741/741
f 743/743/743 742/742/742 741/741/741
f 743/743/743 741/741/741 744/744/744
f 745/745/745 743/743/743 744/744/744
f 746/746/746 745/745/745 744/744/744
f 745/745/745 746/746/746 747/747/747
f 747/747/747 746/746/746 748/748/748
f 749/749/749 744/744/744 741/741/741
f 749/749/749 741/741/741 750/750/750
f 751/751/751 749/749/749 750/750/750
f 752/752/752 751/751/751 750/750/750
f 751/751/751 752/752/752 753/753/753
f 753/753/753 752/752/752 754/754/754
f 755/755/755 750/750/750 741/741/741
f 756/756/756 755/755/755 741/741/741
f 757/757/757 755/755/755 756/756/756
f 741/741/741 758/758/758 756/756/756
f 756/756/756 759/759/759 757/757/757
f 757/757/757 759/759/759 760/760/760
f 760/760/760 759/759/759 761/761/761
f 763/763/763 758/758/758 762/762/762
f 764/764/764 758/758/758 763/763/763
f 764/764/764 765/765/765 758/758/758
f 758/758/758 765/765/765 766/766/766
f 766/766/766 756/756/756 758/758/758
f 767/767/767 756/756/756 766/766/766
f 768/768/768 767/767/767 766/766/766
f 767/767/767 768/768/768 769/769/769
f 769/769/769 768/768/768 770/770/770
f 773/773/773 772/772/772 771/771/771
f 774/774/774 772/772/772 773/773/773
f 773/773/773 775/775/775 774/774/774
f 776/776/776 774/774/774 775/775/775
f 776/776/776 777/777/777 774/774/774
f 778/778/778 777/777/777 776/776/776
f 779/779/779 777/777/777 778/778/778
f 778/778/778 780/780/780 779/779/779
f 781/781/781 779/779/779 780/780/780
f 782/782/782 774/774/774 777/777/777
f 782/782/782 783/783/783 774/774/774
f 784/784/784 783/783/783 782/782/782
f 784/784/784 785/785/785 783/783/783
f 786/786/786 783/783/783 785/785/785
f 787/787/787 774/774/774 783/783/783
f 788/788/788 787/787/787 783/783/783
f 787/787/787 788/788/788 789/789/789
f 790/790/790 789/789/789 788/788/788
f 789/789/789 790/790/790 791/791/791
f 790/790/790 792/792/792 791/791/791
f 793/793/793 791/791/791 792/792/792
f 794/794/794 787/787/787 789/789/789
f 794/794/794 795/795/795 787/787/787
f 796/796/796 795/795/795 794/794/794
f 797/797/797 796/796/796 794/794/794
f 796/796/796 797/797/797 798/798/798
f 798/798/798 797/797/797 799/799/799
f 787/787/787 801/801/801 800/800/800
f 801/801/801 802/802/802 800/800/800
f 803/803/803 800/800/800 802/802/802
f 806/806/806 805/805/805 804/804/804
f 804/804/804 807/807/807 806/806/806
f 808/808/808 806/806/806 807/807/807
f 808/808/808 810/810/810 809/809/809
f 811/811/811 809/809/809 810/810/810
f 812/812/812 811/811/811 810/810/810
f 811/811/811 812/812/812 813/813/813
f 814/814/814 813/813/813 812/812/812
f 817/817/817 816/816/816 815/815/815
f 815/815/815 818/818/818 817/817/817
f 819/819/819 817/817/817 818/818/818
f 820/820/820 819/819/819 818/818/818
f 818/818/818 821/821/821 820/820/820
f 822/822/822 820/820/820 821/821/821
f 821/821/821 818/818/818 823/823/823
f 824/824/824 822/822/822 821/821/821
f 824/824/824 825/825/825 822/822/822
f 826/826/826 825/825/825 824/824/824
f 827/827/827 821/821/821 823/823/823
f 823/823/823 828/828/828 827/827/827
f 829/829/829 827/827/827 828/828/828
f 828/828/828 830/830/830 829/829/829
f 831/831/831 830/830/830 828/828/828
f 832/832/832 828/828/828 823/823/823
f 833/833/833 832/832/832 823/823/823
f 834/834/834 832/832/832 833/833/833
f 835/835/835 833/833/833 823/823/823
f 833/833/833 836/836/836 834/834/834
f 836/836/836 837/837/837 834/834/834
f 838/838/838 837/837/837 836/836/836
f 823/823/823 839/839/839 835/835/835
f 840/840/840 835/835/835 839/839/839
f 841/841/841 835/835/835 840/840/840
f 839/839/839 842/842/842 840/840/840
f 843/843/843 841/841/841 840/840/840
f 844/844/844 842/842/842 839/839/839
f 841/841/841 843/843/843 845/845/845
f 846/846/846 845/845/845 843/843/843
f 847/847/847 844/844/844 839/839/839
f 847/847/847 848/848/848 844/844/844
f 851/851/851 850/850/850 849/849/849
f 850/850/850 851/851/851 852/852/852
f 853/853/853 850/850/850 852/852/852
f 854/854/854 853/853/853 852/852/852
f 855/855/855 854/854/854 852/852/852
f 855/855/855 856/856/856 854/854/854
f 857/857/857 854/854/854 856/856/856
f 857/857/857 856/856/856 858/858/858
f 858/858/858 856/856/856 859/859/859
f 860/860/860 855/855/855 852/852/852
f 861/861/861 855/855/855 860/860/860
f 860/860/860 852/852/852 862/862/862
f 863/863/863 861/861/861 860/860/860
f 861/861/861 863/863/863 864/864/864
f 864/864/864 863/863/863 865/865/865
f 866/866/866 860/860/860 862/862/862
f 862/862/862 867/867/867 866/866/866
f 867/867/867 862/862/862 868/868/868
f 871/871/871 870/870/870 869/869/869
f 872/872/872 869/869/869 870/870/870
f 869/869/869 872/872/872 873/873/873
f 872/872/872 874/874/874 873/873/873
f 873/873/873 874/874/874 875/875/875
f 873/873/873 875/875/875 876/876/876
f 877/877/877 873/873/873 876/876/876
f 876/876/876 878/878/878 877/877/877
f 878/878/878 876/876/876 879/879/879
f 874/874/874 880/880/880 875/875/875
f 874/874/874 881/881/881 880/880/880
f 880/880/880 882/882/882 875/875/875
f 883/883/883 880/880/880 881/881/881
f 882/882/882 884/884/884 875/875/875
f 883/883/883 881/881/881 885/885/885
f 886/886/886 885/885/885 881/881/881
f 884/884/884 887/887/887 875/875/875
f 887/887/887 884/884/884 888/888/888
f 891/891/891 890/890/890 889/889/889
f 892/892/892 889/889/889 890/890/890
f 890/890/890 893/893/893 892/892/892
f 892/892/892 893/893/893 894/894/894
f 894/894/894 893/893/893 895/895/895
f 894/894/894 895/895/895 896/896/896
f 897/897/897 895/895/895 893/893/893
f 898/898/898 896/896/896 895/895/895
f 900/900/900 899/899/899 898/898/898
f 900/900/900 898/898/898 895/895/895
f 897/897/897 901/901/901 895/895/895
f 902/902/902 901/901/901 897/897/897
f 902/902/902 903/903/903 901/901/901
f 904/904/904 901/901/901 903/903/903
f 905/905/905 895/895/895 901/901/901
f 906/906/906 905/905/905 901/901/901
f 905/905/905 906/906/906 907/907/907
f 908/908/908 907/907/907 906/906/906
f 907/907/907 908/908/908 909/909/909
f 908/908/908 910/910/910 909/909/909
f 911/911/911 909/909/909 910/910/910
f 912/912/912 905/905/905 907/907/907
f 912/912/912 913/913/913 905/905/905
f 914/914/914 913/913/913 912/912/912
f 915/915/915 914/914/914 912/912/912
f 915/915/915 916/916/916 914/914/914
f 917/917/917 916/916/916 915/915/915
f 905/905/905 919/919/919 918/918/918
f 919/919/919 920/920/920 918/918/918
f 921/921/921 918/918/918 920/920/920
f 924/924/924 923/923/923 922/922/922
f 922/922/922 923/923/923 925/925/925
f 926/926/926 922/922/922 925/925/925
f 925/925/925 927/927/927 926/926/926
f 928/928/928 926/926/926 927/927/927
f 929/929/929 926/926/926 928/928/928
f 928/928/928 930/930/930 929/929/929
f 930/930/930 928/928/928 931/931/931
f 934/934/934 933/933/933 932/932/932
f 935/935/935 932/932/932 933/933/933
f 936/936/936 935/935/935 933/933/933
f 935/935/935 936/936/936 937/937/937
f 937/937/937 936/936/936 938/938/938
f 937/937/937 938/938/938 939/939/939
f 940/940/940 938/938/938 936/936/936
f 941/941/941 940/940/940 936/936/936
f 940/940/940 941/941/941 942/942/942
f 941/941/941 943/943/943 942/942/942
f 944/944/944 942/942/942 943/943/943
f 946/946/946 945/945/945 938/938/938
f 947/947/947 938/938/938 945/945/945
f 948/948/948 938/938/938 947/947/947
f 949/949/949 938/938/938 948/948/948
f 949/949/949 939/939/939 938/938/938
f 950/950/950 939/939/939 949/949/949
f 951/951/951 939/939/939 950/950/950
f 950/950/950 952/952/952 951/951/951
f 953/953/953 951/951/951 952/952/952
f 956/956/956 955/955/955 954/954/954
f 955/955/955 956/956/956 957/957/957
f 955/955/955 957/957/957 958/958/958
f 957/957/957 959/959/959 958/958/958
f 959/959/959 960/960/960 958/958/958
f 959/959/959 961/961/961 960/960/960
f 961/961/961 962/962/962 960/960/960
f 962/962/962 963/963/963 960/960/960
f 964/964/964 960/960/960 963/963/963
f 958/958/958 960/960/960 965/965/965
f 966/966/966 958/958/958 965/965/965
f 966/966/966 965/965/965 967/967/967
f 967/967/967 968/968/968 966/966/966
f 969/969/969 966/966/966 968/968/968
f 968/968/968 970/970/970 969/969/969
f 970/970/970 971/971/971 969/969/969
f 971/971/971 970/970/970 972/972/972
f 975/975/975 974/974/974 973/973/973
f 973/973/973 974/974/974 976/976/976
f 977/977/977 973/973/973 976/976/976
f 978/978/978 977/977/977 976/976/976
f 979/979/979 978/978/978 976/976/976
f 979/979/979 980/980/980 978/978/978
f 981/981/981 978/978/978 980/980/980
f 981/981/981 980/980/980 982/982/982
f 983/983/983 982/982/982 980/980/980
f 984/984/984 979/979/979 976/976/976
f 985/985/985 979/979/979 984/984/984
f 984/984/984 976/976/976 986/986/986
f 987/987/987 985/985/985 984/984/984
f 985/985/985 987/987/987 988/988/988
f 989/989/989 988/988/988 987/987/987
f 990/990/990 984/984/984 986/986/986
f 986/986/986 991/991/991 990/990/990
f 992/992/992 991/991/991 986/986/986
f 995/995/995 994/994/994 993/993/993
f 994/994/994 995/995/995 996/996/996
f 994/994/994 996/996/996 997/997/997
f 996/996/996 998/998/998 997/997/997
f 997/997/997 998/998/998 999/999/999
f 997/997/997 999/999/999 1000/1000/1000
f 1001/1001/1001 1000/1000/1000 999/999/999
f 999/999/999 1002/1002/1002 1001/1001/1001
f 1003/1003/1003 1002/1002/1002 999/999/999
f 1006/1006/1006 1005/1005/1005 1004/1004/1004
f 1005/1005/1005 1006/1006/1006 1007/1007/1007
f 1005/1005/1005 1007/1007/1007 1008/1008/1008
f 1007/1007/1007 1009/1009/1009 1008/1008/1008
f 1008/1008/1008 1009/1009/1009 1010/1010/1010
f 1010/1010/1010 1011/1011/1011 1008/1008/1008
f 1009/1009/1009 1012/1012/1012 1010/1010/1010
f 1013/1013/1013 1011/1011/1011 1010/1010/1010
f 1015/1015/1015 1014/1014/1014 1013/1013/1013
f 1010/1010/1010 1015/1015/1015 1013/1013/1013
f 1012/1012/1012 1016/1016/1016 1010/1010/1010
f 1017/1017/1017 1010/1010/1010 1016/1016/1016
f 1012/1012/1012 1018/1018/1018 1016/1016/1016
f 1019/1019/1019 1016/1016/1016 1018/1018/1018
f 1018/1018/1018 1020/1020/1020 1019/1019/1019
f 1020/1020/1020 1018/1018/1018 1021/1021/1021
f 1024/1024/1024 1023/1023/1023 1022/1022/1022
f 1025/1025/1025 1024/1024/1024 1022/1022/1022
f 1028/1028/1028 1027/1027/1027 1026/1026/1026
f 1029/1029/1029 1028/1028/1028 1026/1026/1026
f 1032/1032/1032 1031/1031/1031 1030/1030/1030
f 1032/1032/1032 1033/1033/1033 1031/1031/1031
f 1036/1036/1036 1035/1035/1035 1034/1034/1034
f 1037/1037/1037 1034/1034/1034 1035/1035/1035
