mtllib SM_Mansion_Tower_Top@000002909DC41D00.mtl
g SM_Mansion_Tower_Top@000002909DC41D00
#Vertices 1299
#Indices 3078
#Section 0 Offset 0 NumIndices 1296 MaterialIndex 0 MI_BrickTile_A_01
#Section 1 Offset 1296 NumIndices 1446 MaterialIndex 1 MI_ConcreteTile_01
#Section 2 Offset 2742 NumIndices 336 MaterialIndex 2 MI_ConcreteTile_01
v -3.999999 5.798803 -5.196503 0.000000 0.000000 0.000000 1.000000
v -5.196501 5.798803 -5.196503 0.000000 0.000000 0.000000 1.000000
v -5.196501 3.865870 -5.196503 0.000000 0.000000 1.000000 1.000000
v -3.999999 3.865870 -5.196503 0.000000 0.000000 1.000000 1.000000
v -5.196501 1.932937 -5.196502 0.000000 0.000000 1.000000 1.000000
v -3.999999 1.932937 -5.196502 0.000000 0.000000 1.000000 1.000000
v -5.196501 0.000004 -5.196502 0.000000 1.000000 0.000000 1.000000
v -3.999999 0.000004 -5.196502 0.000000 1.000000 0.000000 1.000000
v 5.196501 5.798803 -5.196503 0.000000 0.000000 0.000000 1.000000
v 3.999999 5.798803 -5.196503 0.000000 0.000000 0.000000 1.000000
v 3.999999 3.865870 -5.196503 0.000000 0.000000 1.000000 1.000000
v 5.196501 3.865870 -5.196503 0.000000 0.000000 1.000000 1.000000
v 3.999999 1.932937 -5.196502 0.000000 0.000000 1.000000 1.000000
v 5.196501 1.932937 -5.196502 0.000000 0.000000 1.000000 1.000000
v 3.999999 0.000004 -5.196502 0.000000 1.000000 0.000000 1.000000
v 5.196501 0.000004 -5.196502 0.000000 1.000000 0.000000 1.000000
v -5.000000 14.085915 -5.000002 0.000000 0.000000 1.000000 1.000000
v -5.000000 14.852365 -5.000002 0.000000 1.000000 0.000000 1.000000
v -5.000000 14.852365 -4.000001 0.000000 1.000000 0.000000 1.000000
v -5.000000 14.085915 -4.000001 0.000000 0.000000 1.000000 1.000000
v -5.000000 14.852365 -1.291669 0.000000 1.000000 0.000000 1.000000
v -5.000000 14.085916 -1.291669 0.000000 0.180392 0.819608 1.000000
v -5.000000 14.852365 1.291664 0.000000 1.000000 0.000000 1.000000
v -5.000000 14.085916 1.291664 0.000000 0.568627 0.431373 1.000000
v -5.000000 14.852365 3.999994 0.000000 1.000000 0.000000 1.000000
v -5.000000 14.085916 3.999994 0.000000 0.435294 0.564706 1.000000
v -5.000000 14.085917 4.999996 0.000000 0.000000 1.000000 1.000000
v -5.000000 14.852366 4.999996 0.000000 1.000000 0.000000 1.000000
v 5.000000 14.852365 -5.000002 0.000000 1.000000 0.000000 1.000000
v 5.000000 14.085915 -5.000002 0.000000 0.000000 1.000000 1.000000
v 5.000000 14.852365 -4.000001 0.000000 1.000000 0.000000 1.000000
v 5.000000 14.085915 -4.000001 0.000000 0.007843 0.992157 1.000000
v 5.000000 14.852365 -1.291669 0.000000 1.000000 0.000000 1.000000
v 5.000000 14.085916 -1.291669 0.000000 0.023529 0.976471 1.000000
v 5.000000 14.852365 1.291664 0.000000 1.000000 0.000000 1.000000
v 5.000000 14.085916 1.291664 0.000000 0.905882 0.094118 1.000000
v 5.000000 14.852365 3.999994 0.000000 1.000000 0.000000 1.000000
v 5.000000 14.085916 3.999994 0.000000 0.000000 1.000000 1.000000
v 5.000000 14.852366 4.999996 0.000000 1.000000 0.000000 1.000000
v 5.000000 14.085917 4.999996 0.000000 0.000000 1.000000 1.000000
v 5.196501 13.938273 -5.196504 0.000000 0.000000 1.000000 1.000000
v 3.999999 13.938273 -5.196504 0.000000 0.000000 1.000000 1.000000
v 3.999999 11.986252 -5.196504 0.000000 0.000000 0.000000 1.000000
v 5.196501 11.986252 -5.196504 0.000000 0.000000 1.000000 1.000000
v 3.999999 10.034229 -5.196504 0.000000 0.411765 0.588235 1.000000
v 5.196501 10.034229 -5.196504 0.000000 1.000000 0.000000 1.000000
v 3.999999 8.082206 -5.196503 0.000000 0.000000 0.000000 1.000000
v 5.196501 8.082206 -5.196503 0.000000 1.000000 0.000000 1.000000
v 3.999999 6.130184 -5.196503 0.000000 0.000000 1.000000 1.000000
v 5.196501 6.130184 -5.196503 0.000000 0.000000 1.000000 1.000000
v -3.999999 13.938273 -5.196504 0.000000 0.000000 1.000000 1.000000
v -5.196501 13.938273 -5.196504 0.000000 0.000000 1.000000 1.000000
v -5.196501 11.986252 -5.196504 0.000000 0.000000 1.000000 1.000000
v -3.999999 11.986252 -5.196504 0.000000 0.000000 1.000000 1.000000
v -5.196501 10.034229 -5.196504 0.000000 0.000000 1.000000 1.000000
v -3.999999 10.034229 -5.196504 0.000000 0.000000 1.000000 1.000000
v -5.196501 8.082206 -5.196503 0.000000 0.000000 1.000000 1.000000
v -3.999999 8.082206 -5.196503 0.000000 0.000000 1.000000 1.000000
v -5.196501 6.130184 -5.196503 0.000000 0.000000 1.000000 1.000000
v -3.999999 6.130184 -5.196503 0.000000 0.000000 1.000000 1.000000
v -5.250000 5.798803 -1.291668 0.000000 0.000000 0.000000 1.000000
v -5.250000 5.798803 1.291664 0.000000 0.000000 0.000000 1.000000
v -5.250000 3.865870 1.291664 0.000000 0.000000 1.000000 1.000000
v -5.250000 3.865869 -1.291668 0.000000 0.000000 1.000000 1.000000
v -5.250000 1.932936 1.291665 0.000000 0.031373 0.968628 1.000000
v -5.250000 1.932936 -1.291668 0.000000 0.007843 0.992157 1.000000
v -5.250000 0.000003 1.291665 0.000000 1.000000 0.000000 1.000000
v -5.250000 0.000002 -1.291667 0.000000 1.000000 0.000000 1.000000
v 5.196501 0.000006 5.196502 0.000000 1.000000 0.000000 1.000000
v 3.999999 0.000006 5.196502 0.000000 0.000000 1.000000 1.000000
v 5.196501 1.932938 5.196502 0.000000 1.000000 0.000000 1.000000
v 3.999999 1.932938 5.196502 0.000000 0.000000 1.000000 1.000000
v 5.196501 3.865871 5.196502 0.000000 0.000000 1.000000 1.000000
v 3.999999 3.865871 5.196502 0.000000 0.000000 1.000000 1.000000
v 5.196501 5.798804 5.196502 0.000000 0.000000 0.000000 1.000000
v 3.999999 5.798804 5.196502 0.000000 0.000000 0.070588 1.000000
v 1.291666 0.000003 5.249998 0.000000 0.000000 1.000000 1.000000
v -1.291666 0.000003 5.249998 0.000000 0.000000 1.000000 1.000000
v -1.291666 1.932937 5.249998 0.000000 0.000000 1.000000 1.000000
v 1.291666 1.932937 5.249998 0.000000 0.000000 1.000000 1.000000
v -1.291666 3.865870 5.249998 0.000000 0.000000 1.000000 1.000000
v 1.291666 3.865870 5.249998 0.000000 1.000000 0.000000 1.000000
v -1.291666 5.798804 5.249998 0.000000 0.000000 0.694118 1.000000
v 1.291666 5.798804 5.249998 0.000000 0.000000 0.000000 1.000000
v -3.999999 0.000006 5.196502 0.000000 0.000000 1.000000 1.000000
v -5.196501 0.000006 5.196502 0.000000 1.000000 0.000000 1.000000
v -5.196501 1.932938 5.196502 0.000000 0.000000 1.000000 1.000000
v -3.999999 1.932938 5.196502 0.000000 0.000000 1.000000 1.000000
v -5.196501 3.865871 5.196502 0.000000 0.000000 1.000000 1.000000
v -3.999999 3.865871 5.196502 0.000000 0.000000 1.000000 1.000000
v -5.196501 5.798804 5.196502 0.000000 0.031373 0.000000 1.000000
v -3.999999 5.798804 5.196502 0.000000 0.000000 0.164706 1.000000
v 5.196501 0.000004 -5.196502 0.000000 1.000000 0.000000 1.000000
v 5.196501 0.000004 -4.000000 0.000000 1.000000 0.000000 1.000000
v 5.196501 1.932937 -4.000000 0.000000 0.000000 1.000000 1.000000
v 5.196501 1.932937 -5.196502 0.000000 0.000000 1.000000 1.000000
v 5.196501 3.865870 -4.000000 0.000000 0.000000 1.000000 1.000000
v 5.196501 3.865870 -5.196503 0.000000 0.000000 1.000000 1.000000
v 5.196501 5.798803 -4.000000 0.000000 0.000000 0.000000 1.000000
v 5.196501 5.798803 -5.196503 0.000000 0.000000 0.000000 1.000000
v -3.999999 6.130185 5.196501 0.000000 0.000000 1.000000 1.000000
v -5.196501 6.130185 5.196501 0.000000 1.000000 0.000000 1.000000
v -5.196501 8.082208 5.196501 0.000000 1.000000 0.000000 1.000000
v -3.999999 8.082208 5.196501 0.000000 0.000000 0.000000 1.000000
v -5.196501 10.034231 5.196501 0.000000 1.000000 0.000000 1.000000
v -3.999999 10.034231 5.196501 0.000000 0.000000 1.000000 1.000000
v -5.196501 11.986254 5.196501 0.000000 1.000000 0.000000 1.000000
v -3.999999 11.986254 5.196501 0.000000 0.000000 0.000000 1.000000
v -5.196501 13.938275 5.196501 0.000000 0.000000 1.000000 1.000000
v -3.999999 13.938275 5.196501 0.000000 0.000000 1.000000 1.000000
v 5.196501 6.130184 -5.196503 0.000000 0.000000 1.000000 1.000000
v 5.196501 6.130184 -4.000000 0.000000 0.000000 1.000000 1.000000
v 5.196501 8.082207 -4.000000 0.000000 0.000000 0.000000 1.000000
v 5.196501 8.082206 -5.196503 0.000000 1.000000 0.000000 1.000000
v 5.196501 10.034229 -4.000001 0.000000 0.000000 1.000000 1.000000
v 5.196501 10.034229 -5.196504 0.000000 1.000000 0.000000 1.000000
v 5.196501 11.986252 -4.000001 0.000000 0.000000 0.000000 1.000000
v 5.196501 11.986252 -5.196504 0.000000 0.000000 1.000000 1.000000
v 5.196501 13.938274 -4.000001 0.000000 0.000000 1.000000 1.000000
v 5.196501 13.938273 -5.196504 0.000000 0.000000 1.000000 1.000000
v -5.196501 3.865871 5.196502 0.000000 0.000000 1.000000 1.000000
v -5.196501 5.798804 3.999995 0.000000 0.000000 0.000000 1.000000
v -5.196501 5.798804 5.196502 0.000000 0.031373 0.000000 1.000000
v -5.196501 3.865871 3.999995 0.000000 0.000000 1.000000 1.000000
v -5.196501 1.932938 5.196502 0.000000 0.000000 1.000000 1.000000
v -5.196501 1.932938 3.999995 0.000000 0.000000 1.000000 1.000000
v -5.196501 0.000006 5.196502 0.000000 1.000000 0.000000 1.000000
v -5.196501 0.000005 3.999996 0.000000 1.000000 0.000000 1.000000
v 5.000000 14.852365 -5.000002 0.000000 1.000000 0.000000 1.000000
v 3.999999 14.852365 -5.000002 0.000000 1.000000 0.000000 1.000000
v 5.000000 14.085915 -5.000002 0.000000 0.000000 1.000000 1.000000
v 3.999999 14.085915 -5.000002 0.000000 0.000000 1.000000 1.000000
v 1.291667 14.852365 -5.000002 0.000000 1.000000 0.000000 1.000000
v 1.291667 14.085915 -5.000002 0.000000 0.000000 1.000000 1.000000
v -1.291667 14.852365 -5.000002 0.000000 1.000000 0.000000 1.000000
v -1.291667 14.085915 -5.000002 0.000000 0.000000 1.000000 1.000000
v -3.999999 14.852365 -5.000002 0.000000 1.000000 0.000000 1.000000
v -3.999999 14.085915 -5.000002 0.000000 0.000000 1.000000 1.000000
v -5.000000 14.085915 -5.000002 0.000000 0.000000 1.000000 1.000000
v -5.000000 14.852365 -5.000002 0.000000 1.000000 0.000000 1.000000
v 5.000000 14.085917 4.999996 0.000000 0.000000 1.000000 1.000000
v 3.999999 14.085917 4.999996 0.000000 0.000000 1.000000 1.000000
v 5.000000 14.852366 4.999996 0.000000 1.000000 0.000000 1.000000
v 3.999999 14.852366 4.999996 0.000000 0.882353 0.000000 1.000000
v 1.291667 14.085917 4.999996 0.000000 0.000000 1.000000 1.000000
v 1.291667 14.852366 4.999996 0.000000 0.988235 0.011765 1.000000
v -1.291667 14.085917 4.999996 0.000000 1.000000 0.000000 1.000000
v -1.291667 14.852366 4.999996 0.000000 1.000000 0.000000 1.000000
v -3.999999 14.085917 4.999996 0.000000 0.000000 1.000000 1.000000
v -3.999999 14.852366 4.999996 0.000000 1.000000 0.000000 1.000000
v -5.000000 14.852366 4.999996 0.000000 1.000000 0.000000 1.000000
v -5.000000 14.085917 4.999996 0.000000 0.000000 1.000000 1.000000
v -3.999999 5.798803 -5.196503 0.000000 0.000000 0.000000 1.000000
v -3.999999 3.865870 -5.000001 0.000000 0.000000 1.000000 1.000000
v -3.999999 5.798803 -5.000001 0.000000 0.000000 0.000000 1.000000
v -3.999999 3.865870 -5.196503 0.000000 0.000000 1.000000 1.000000
v -3.999999 1.932937 -5.000000 0.000000 0.000000 1.000000 1.000000
v -3.999999 1.932937 -5.196502 0.000000 0.000000 1.000000 1.000000
v -3.999999 0.000004 -5.000000 0.000000 1.000000 0.000000 1.000000
v -3.999999 0.000004 -5.196502 0.000000 1.000000 0.000000 1.000000
v -5.196501 5.798804 3.999995 0.000000 0.000000 0.000000 1.000000
v -5.000000 3.865871 3.999995 0.000000 0.000000 1.000000 1.000000
v -5.000000 5.798804 3.999995 0.000000 0.000000 0.003922 1.000000
v -5.196501 3.865871 3.999995 0.000000 0.000000 1.000000 1.000000
v -5.000000 1.932938 3.999995 0.000000 0.000000 1.000000 1.000000
v -5.196501 1.932938 3.999995 0.000000 0.000000 1.000000 1.000000
v -5.000000 0.000005 3.999996 0.000000 1.000000 0.000000 1.000000
v -5.196501 0.000005 3.999996 0.000000 1.000000 0.000000 1.000000
v 3.999999 3.865871 4.999998 0.000000 0.000000 1.000000 1.000000
v 3.999999 5.798804 4.999998 0.000000 0.000000 0.082353 1.000000
v 3.999999 5.798804 5.196502 0.000000 0.000000 0.070588 1.000000
v 3.999999 3.865871 5.196502 0.000000 0.000000 1.000000 1.000000
v 3.999999 1.932938 4.999998 0.000000 0.000000 1.000000 1.000000
v 3.999999 1.932938 5.196502 0.000000 0.000000 1.000000 1.000000
v 3.999999 0.000005 4.999998 0.000000 0.000000 1.000000 1.000000
v 3.999999 0.000006 5.196502 0.000000 0.000000 1.000000 1.000000
v 5.000000 3.865870 -4.000000 0.000000 0.000000 1.000000 1.000000
v 5.000000 5.798803 -4.000000 0.000000 0.000000 0.000000 1.000000
v 5.196501 5.798803 -4.000000 0.000000 0.000000 0.000000 1.000000
v 5.196501 3.865870 -4.000000 0.000000 0.000000 1.000000 1.000000
v 5.000000 1.932937 -4.000000 0.000000 0.000000 1.000000 1.000000
v 5.196501 1.932937 -4.000000 0.000000 0.000000 1.000000 1.000000
v 5.000000 0.000004 -4.000000 0.000000 1.000000 0.000000 1.000000
v 5.196501 0.000004 -4.000000 0.000000 1.000000 0.000000 1.000000
v -3.999999 13.938273 -5.196504 0.000000 0.000000 1.000000 1.000000
v -3.999999 11.986252 -5.196504 0.000000 0.000000 1.000000 1.000000
v -3.999999 13.938273 -5.000002 0.000000 0.000000 1.000000 1.000000
v -3.999999 11.986252 -5.000002 0.000000 0.000000 1.000000 1.000000
v -3.999999 10.034229 -5.196504 0.000000 0.000000 1.000000 1.000000
v -3.999999 10.034229 -5.000002 0.000000 0.000000 1.000000 1.000000
v -3.999999 8.082206 -5.196503 0.000000 0.000000 1.000000 1.000000
v -3.999999 8.082206 -5.000001 0.000000 0.000000 1.000000 1.000000
v -3.999999 6.130184 -5.196503 0.000000 0.000000 1.000000 1.000000
v -3.999999 6.130184 -5.000001 0.000000 0.000000 1.000000 1.000000
v -5.196501 13.938274 3.999994 0.000000 0.235294 0.764706 1.000000
v -5.196501 11.986253 3.999994 0.000000 0.000000 0.000000 1.000000
v -5.000000 13.938274 3.999994 0.000000 0.235294 0.764706 1.000000
v -5.000000 11.986253 3.999994 0.000000 0.000000 0.000000 1.000000
v -5.196501 10.034230 3.999995 0.000000 0.000000 1.000000 1.000000
v -5.000000 10.034230 3.999995 0.000000 0.000000 1.000000 1.000000
v -5.196501 8.082207 3.999995 0.000000 0.000000 0.000000 1.000000
v -5.000000 8.082207 3.999995 0.000000 0.000000 0.000000 1.000000
v -5.196501 6.130185 3.999995 0.000000 0.000000 1.000000 1.000000
v -5.000000 6.130185 3.999995 0.000000 0.000000 1.000000 1.000000
v -5.196501 11.986254 5.196501 0.000000 1.000000 0.000000 1.000000
v -5.196501 13.938274 3.999994 0.000000 0.235294 0.764706 1.000000
v -5.196501 13.938275 5.196501 0.000000 0.000000 1.000000 1.000000
v -5.196501 11.986253 3.999994 0.000000 0.000000 0.000000 1.000000
v -5.196501 10.034231 5.196501 0.000000 1.000000 0.000000 1.000000
v -5.196501 10.034230 3.999995 0.000000 0.000000 1.000000 1.000000
v -5.196501 8.082208 5.196501 0.000000 1.000000 0.000000 1.000000
v -5.196501 8.082207 3.999995 0.000000 0.000000 0.000000 1.000000
v -5.196501 6.130185 5.196501 0.000000 1.000000 0.000000 1.000000
v -5.196501 6.130185 3.999995 0.000000 0.000000 1.000000 1.000000
v 3.999999 11.986254 5.196501 0.000000 0.000000 1.000000 1.000000
v 3.999999 13.938275 4.999997 0.000000 0.000000 1.000000 1.000000
v 3.999999 13.938275 5.196501 0.000000 0.000000 1.000000 1.000000
v 3.999999 11.986254 4.999997 0.000000 0.000000 1.000000 1.000000
v 3.999999 10.034231 5.196501 0.000000 0.000000 1.000000 1.000000
v 3.999999 10.034231 4.999997 0.000000 0.000000 1.000000 1.000000
v 3.999999 8.082208 5.196501 0.000000 0.000000 1.000000 1.000000
v 3.999999 8.082208 4.999997 0.000000 0.000000 1.000000 1.000000
v 3.999999 6.130185 5.196501 0.000000 0.000000 1.000000 1.000000
v 3.999999 6.130185 4.999997 0.000000 0.000000 1.000000 1.000000
v 5.196501 11.986254 5.196501 0.000000 0.000000 1.000000 1.000000
v 3.999999 13.938275 5.196501 0.000000 0.000000 1.000000 1.000000
v 5.196501 13.938275 5.196501 0.000000 0.000000 1.000000 1.000000
v 3.999999 11.986254 5.196501 0.000000 0.000000 1.000000 1.000000
v 5.196501 10.034231 5.196501 0.000000 0.000000 1.000000 1.000000
v 3.999999 10.034231 5.196501 0.000000 0.000000 1.000000 1.000000
v 5.196501 8.082208 5.196501 0.000000 0.000000 1.000000 1.000000
v 3.999999 8.082208 5.196501 0.000000 0.000000 1.000000 1.000000
v 5.196501 6.130185 5.196501 0.000000 0.000000 1.000000 1.000000
v 3.999999 6.130185 5.196501 0.000000 0.000000 1.000000 1.000000
v 5.196501 11.986252 -4.000001 0.000000 0.000000 0.000000 1.000000
v 5.000000 13.938274 -4.000001 0.000000 0.000000 1.000000 1.000000
v 5.196501 13.938274 -4.000001 0.000000 0.000000 1.000000 1.000000
v 5.000000 11.986252 -4.000001 0.000000 0.000000 0.000000 1.000000
v 5.196501 10.034229 -4.000001 0.000000 0.000000 1.000000 1.000000
v 5.000000 10.034229 -4.000001 0.000000 0.000000 1.000000 1.000000
v 5.196501 8.082207 -4.000000 0.000000 0.000000 0.000000 1.000000
v 5.000000 8.082207 -4.000000 0.000000 0.000000 0.000000 1.000000
v 5.196501 6.130184 -4.000000 0.000000 0.000000 1.000000 1.000000
v 5.000000 6.130184 -4.000000 0.000000 0.000000 1.000000 1.000000
v -1.291666 5.798804 5.249998 0.000000 0.000000 0.694118 1.000000
v -1.291667 3.865871 4.999998 0.000000 0.000000 1.000000 1.000000
v -1.291667 5.798804 4.999998 0.000000 0.000000 0.686275 1.000000
v -1.291666 3.865870 5.249998 0.000000 0.000000 1.000000 1.000000
v -1.291667 1.932938 4.999998 0.000000 0.000000 1.000000 1.000000
v -1.291666 1.932937 5.249998 0.000000 0.000000 1.000000 1.000000
v -1.291667 0.000005 4.999998 0.000000 0.000000 1.000000 1.000000
v -1.291666 0.000003 5.249998 0.000000 0.000000 1.000000 1.000000
v -1.291667 5.798803 -5.000001 0.000000 0.000000 0.000000 1.000000
v -1.291667 3.865870 -5.000001 0.000000 0.000000 0.956863 1.000000
v -1.291666 5.798803 -5.250001 0.000000 0.000000 0.000000 1.000000
v -1.291666 3.865869 -5.250001 0.000000 0.000000 0.956863 1.000000
v -1.291667 1.932937 -5.000000 0.000000 0.000000 0.956863 1.000000
v -1.291666 1.932936 -5.250000 0.000000 0.000000 0.956863 1.000000
v -1.291667 0.000004 -5.000000 0.000000 1.000000 0.000000 1.000000
v -1.291666 0.000002 -5.250000 0.000000 1.000000 0.000000 1.000000
v 1.291667 3.865871 4.999998 0.000000 1.000000 0.000000 1.000000
v 1.291666 5.798804 5.249998 0.000000 0.000000 0.000000 1.000000
v 1.291667 5.798804 4.999998 0.000000 0.000000 0.000000 1.000000
v 1.291666 3.865870 5.249998 0.000000 1.000000 0.000000 1.000000
v 1.291667 1.932938 4.999998 0.000000 0.000000 1.000000 1.000000
v 1.291666 1.932937 5.249998 0.000000 0.000000 1.000000 1.000000
v 1.291667 0.000005 4.999998 0.000000 0.000000 1.000000 1.000000
v 1.291666 0.000003 5.249998 0.000000 0.000000 1.000000 1.000000
v -1.291666 3.865869 -5.250001 0.000000 0.000000 0.956863 1.000000
v 1.291666 5.798803 -5.250001 0.000000 0.000000 0.000000 1.000000
v -1.291666 5.798803 -5.250001 0.000000 0.000000 0.000000 1.000000
v 1.291666 3.865869 -5.250001 0.054902 1.000000 0.054902 1.000000
v -1.291666 1.932936 -5.250000 0.000000 0.000000 0.956863 1.000000
v 1.291666 1.932936 -5.250000 1.000000 1.000000 1.000000 1.000000
v -1.291666 0.000002 -5.250000 0.000000 1.000000 0.000000 1.000000
v 1.291666 0.000002 -5.250000 0.000000 1.000000 0.000000 1.000000
v 1.291666 5.798803 -5.250001 0.000000 0.000000 0.000000 1.000000
v 1.291667 3.865870 -5.000001 0.000000 1.000000 0.000000 1.000000
v 1.291667 5.798803 -5.000001 0.000000 0.000000 0.000000 1.000000
v 1.291666 3.865869 -5.250001 0.054902 1.000000 0.054902 1.000000
v 1.291667 1.932937 -5.000000 1.000000 1.000000 1.000000 1.000000
v 1.291666 1.932936 -5.250000 1.000000 1.000000 1.000000 1.000000
v 1.291667 0.000004 -5.000000 0.000000 1.000000 0.000000 1.000000
v 1.291666 0.000002 -5.250000 0.000000 1.000000 0.000000 1.000000
v -5.250000 5.798803 -1.291668 0.000000 0.000000 0.000000 1.000000
v -5.000000 3.865870 -1.291668 0.000000 0.000000 1.000000 1.000000
v -5.000000 5.798803 -1.291668 0.000000 0.000000 0.000000 1.000000
v -5.250000 3.865869 -1.291668 0.000000 0.000000 1.000000 1.000000
v -5.000000 1.932938 -1.291668 0.000000 0.000000 1.000000 1.000000
v -5.250000 1.932936 -1.291668 0.000000 0.007843 0.992157 1.000000
v -5.000000 0.000005 -1.291667 0.000000 1.000000 0.000000 1.000000
v -5.250000 0.000002 -1.291667 0.000000 1.000000 0.000000 1.000000
v 5.000000 5.798803 -1.291668 0.000000 0.000000 0.000000 1.000000
v 5.000000 3.865870 -1.291668 0.000000 0.529412 0.470588 1.000000
v 5.250000 5.798803 -1.291668 0.000000 0.000000 0.000000 1.000000
v 5.250000 3.865869 -1.291668 0.000000 0.678431 0.321569 1.000000
v 5.000000 1.932938 -1.291668 0.000000 0.000000 1.000000 1.000000
v 5.250000 1.932936 -1.291668 0.000000 0.000000 1.000000 1.000000
v 5.000000 0.000005 -1.291667 0.000000 1.000000 0.000000 1.000000
v 5.250000 0.000002 -1.291667 0.000000 1.000000 0.000000 1.000000
v -5.000000 3.865871 1.291666 0.000000 0.000000 1.000000 1.000000
v -5.250000 5.798803 1.291664 0.000000 0.000000 0.000000 1.000000
v -5.000000 5.798803 1.291665 0.000000 0.000000 0.000000 1.000000
v -5.250000 3.865870 1.291664 0.000000 0.000000 1.000000 1.000000
v -5.000000 1.932938 1.291666 0.000000 0.031373 0.968628 1.000000
v -5.250000 1.932936 1.291665 0.000000 0.031373 0.968628 1.000000
v -5.000000 0.000005 1.291666 0.000000 1.000000 0.000000 1.000000
v -5.250000 0.000003 1.291665 0.000000 1.000000 0.000000 1.000000
v 5.250000 3.865869 -1.291668 0.000000 0.678431 0.321569 1.000000
v 5.250000 5.798803 1.291664 0.000000 0.000000 0.000000 1.000000
v 5.250000 5.798803 -1.291668 0.000000 0.000000 0.000000 1.000000
v 5.250000 3.865870 1.291664 0.000000 0.000000 1.000000 1.000000
v 5.250000 1.932936 -1.291668 0.000000 0.000000 1.000000 1.000000
v 5.250000 1.932936 1.291665 0.000000 0.000000 1.000000 1.000000
v 5.250000 0.000002 -1.291667 0.000000 1.000000 0.000000 1.000000
v 5.250000 0.000003 1.291665 0.000000 1.000000 0.000000 1.000000
v 5.250000 5.798803 1.291664 0.000000 0.000000 0.000000 1.000000
v 5.000000 3.865871 1.291666 0.000000 0.000000 1.000000 1.000000
v 5.000000 5.798803 1.291665 0.000000 0.000000 0.000000 1.000000
v 5.250000 3.865870 1.291664 0.000000 0.000000 1.000000 1.000000
v 5.000000 1.932938 1.291666 0.000000 0.000000 1.000000 1.000000
v 5.250000 1.932936 1.291665 0.000000 0.000000 1.000000 1.000000
v 5.000000 0.000005 1.291666 0.000000 1.000000 0.000000 1.000000
v 5.250000 0.000003 1.291665 0.000000 1.000000 0.000000 1.000000
v -5.000000 13.938274 1.291664 0.000000 0.098039 0.901961 1.000000
v -5.274467 11.986253 1.291664 0.000000 0.000000 1.000000 1.000000
v -5.282622 13.938274 1.291664 0.000000 0.125490 0.874510 1.000000
v -5.000000 11.986253 1.291665 0.000000 0.000000 1.000000 1.000000
v -5.266311 10.034230 1.291664 0.000000 0.000000 1.000000 1.000000
v -5.000000 10.034230 1.291665 0.000000 0.000000 1.000000 1.000000
v -5.258155 8.082207 1.291664 0.000000 0.000000 1.000000 1.000000
v -5.000000 8.082207 1.291665 0.000000 0.000000 1.000000 1.000000
v -5.250000 6.130185 1.291664 0.000000 0.000000 1.000000 1.000000
v -5.000000 6.130185 1.291665 0.000000 0.000000 1.000000 1.000000
v -5.274467 11.986253 1.291664 0.000000 0.000000 1.000000 1.000000
v -5.282622 13.938274 -1.291669 0.000000 0.000000 1.000000 1.000000
v -5.282622 13.938274 1.291664 0.000000 0.125490 0.874510 1.000000
v -5.274467 11.986253 -1.291669 0.000000 0.000000 1.000000 1.000000
v -5.266311 10.034230 1.291664 0.000000 0.000000 1.000000 1.000000
v -5.266311 10.034230 -1.291669 0.000000 0.000000 1.000000 1.000000
v -5.258155 8.082207 1.291664 0.000000 0.000000 1.000000 1.000000
v -5.258155 8.082207 -1.291668 0.000000 0.000000 1.000000 1.000000
v -5.250000 6.130185 1.291664 0.000000 0.000000 1.000000 1.000000
v -5.250000 6.130185 -1.291668 0.000000 0.000000 1.000000 1.000000
v -5.282622 13.938274 -1.291669 0.000000 0.000000 1.000000 1.000000
v -5.274467 11.986253 -1.291669 0.000000 0.000000 1.000000 1.000000
v -5.000000 13.938274 -1.291669 0.000000 0.000000 1.000000 1.000000
v -5.000000 11.986253 -1.291669 0.000000 0.000000 1.000000 1.000000
v -5.266311 10.034230 -1.291669 0.000000 0.000000 1.000000 1.000000
v -5.000000 10.034230 -1.291669 0.000000 0.000000 1.000000 1.000000
v -5.258155 8.082207 -1.291668 0.000000 0.000000 1.000000 1.000000
v -5.000000 8.082207 -1.291668 0.000000 0.000000 1.000000 1.000000
v -5.250000 6.130185 -1.291668 0.000000 0.000000 1.000000 1.000000
v -5.000000 6.130185 -1.291668 0.000000 0.000000 1.000000 1.000000
v 1.291667 11.986252 -5.274468 0.000000 1.000000 0.000000 1.000000
v 1.291667 13.938273 -5.000002 0.000000 0.000000 1.000000 1.000000
v 1.291667 13.938273 -5.282624 0.000000 0.000000 1.000000 1.000000
v 1.291667 11.986252 -5.000002 0.000000 1.000000 0.000000 1.000000
v 1.291667 10.034229 -5.266313 0.000000 1.000000 0.000000 1.000000
v 1.291667 10.034229 -5.000002 0.000000 1.000000 0.000000 1.000000
v 1.291666 8.082206 -5.258157 0.000000 1.000000 0.000000 1.000000
v 1.291667 8.082206 -5.000001 0.000000 1.000000 0.000000 1.000000
v 1.291666 6.130184 -5.250001 0.000000 0.000000 1.000000 1.000000
v 1.291667 6.130184 -5.000001 0.000000 0.000000 1.000000 1.000000
v -1.291667 13.938273 -5.282624 0.000000 0.000000 1.000000 1.000000
v -1.291667 11.986252 -5.274468 0.000000 1.000000 0.000000 1.000000
v 1.291667 13.938273 -5.282624 0.000000 0.000000 1.000000 1.000000
v 1.291667 11.986252 -5.274468 0.000000 1.000000 0.000000 1.000000
v -1.291666 10.034229 -5.266313 1.000000 1.000000 1.000000 1.000000
v 1.291667 10.034229 -5.266313 0.000000 1.000000 0.000000 1.000000
v -1.291666 8.082206 -5.258157 0.000000 1.000000 0.000000 1.000000
v 1.291666 8.082206 -5.258157 0.000000 1.000000 0.000000 1.000000
v -1.291666 6.130184 -5.250001 0.000000 0.000000 1.000000 1.000000
v 1.291666 6.130184 -5.250001 0.000000 0.000000 1.000000 1.000000
v -1.291667 13.938273 -5.000002 0.000000 0.000000 1.000000 1.000000
v -1.291667 11.986252 -5.274468 0.000000 1.000000 0.000000 1.000000
v -1.291667 13.938273 -5.282624 0.000000 0.000000 1.000000 1.000000
v -1.291667 11.986252 -5.000002 0.000000 1.000000 0.000000 1.000000
v -1.291666 10.034229 -5.266313 1.000000 1.000000 1.000000 1.000000
v -1.291667 10.034229 -5.000002 1.000000 1.000000 1.000000 1.000000
v -1.291666 8.082206 -5.258157 0.000000 1.000000 0.000000 1.000000
v -1.291667 8.082206 -5.000001 0.000000 1.000000 0.000000 1.000000
v -1.291666 6.130184 -5.250001 0.000000 0.000000 1.000000 1.000000
v -1.291667 6.130184 -5.000001 0.000000 0.000000 1.000000 1.000000
v 5.274467 11.986253 1.291664 0.000000 1.000000 0.000000 1.000000
v 5.000000 13.938274 1.291664 0.000000 0.239216 0.760784 1.000000
v 5.282622 13.938274 1.291664 0.000000 0.243137 0.756863 1.000000
v 5.000000 11.986253 1.291665 0.000000 1.000000 0.000000 1.000000
v 5.266311 10.034230 1.291664 0.000000 1.000000 0.000000 1.000000
v 5.000000 10.034230 1.291665 0.000000 1.000000 0.000000 1.000000
v 5.258155 8.082207 1.291664 0.000000 1.000000 0.000000 1.000000
v 5.000000 8.082207 1.291665 0.000000 1.000000 0.000000 1.000000
v 5.250000 6.130185 1.291664 0.000000 0.000000 1.000000 1.000000
v 5.000000 6.130185 1.291665 0.000000 0.000000 1.000000 1.000000
v 5.282622 13.938274 -1.291669 0.000000 0.000000 1.000000 1.000000
v 5.274467 11.986253 1.291664 0.000000 1.000000 0.000000 1.000000
v 5.282622 13.938274 1.291664 0.000000 0.243137 0.756863 1.000000
v 5.274467 11.986253 -1.291669 0.000000 0.000000 0.000000 1.000000
v 5.266311 10.034230 1.291664 0.000000 1.000000 0.000000 1.000000
v 5.266311 10.034230 -1.291669 0.000000 1.000000 0.000000 1.000000
v 5.258155 8.082207 1.291664 0.000000 1.000000 0.000000 1.000000
v 5.258155 8.082207 -1.291668 0.000000 1.000000 0.000000 1.000000
v 5.250000 6.130185 1.291664 0.000000 0.000000 1.000000 1.000000
v 5.250000 6.130185 -1.291668 0.000000 0.000000 1.000000 1.000000
v 5.000000 13.938274 -1.291669 0.000000 0.000000 1.000000 1.000000
v 5.274467 11.986253 -1.291669 0.000000 0.000000 0.000000 1.000000
v 5.282622 13.938274 -1.291669 0.000000 0.000000 1.000000 1.000000
v 5.000000 11.986253 -1.291669 0.000000 0.000000 0.000000 1.000000
v 5.266311 10.034230 -1.291669 0.000000 1.000000 0.000000 1.000000
v 5.000000 10.034230 -1.291669 0.000000 1.000000 0.000000 1.000000
v 5.258155 8.082207 -1.291668 0.000000 1.000000 0.000000 1.000000
v 5.000000 8.082207 -1.291668 0.000000 1.000000 0.000000 1.000000
v 5.250000 6.130185 -1.291668 0.000000 0.000000 1.000000 1.000000
v 5.000000 6.130185 -1.291668 0.000000 0.000000 1.000000 1.000000
v 1.291667 13.938275 4.999997 0.000000 0.000000 1.000000 1.000000
v 1.291667 11.986254 5.274463 0.000000 0.941177 0.000000 1.000000
v 1.291667 13.938275 5.282619 0.000000 0.000000 1.000000 1.000000
v 1.291667 11.986254 4.999997 0.000000 0.741176 0.000000 1.000000
v 1.291667 10.034231 5.266308 0.000000 0.000000 1.000000 1.000000
v 1.291667 10.034231 4.999997 0.000000 0.000000 1.000000 1.000000
v 1.291666 8.082208 5.258153 0.000000 0.000000 1.000000 1.000000
v 1.291667 8.082208 4.999997 0.000000 0.000000 1.000000 1.000000
v 1.291666 6.130185 5.249997 0.000000 0.000000 1.000000 1.000000
v 1.291667 6.130185 4.999997 0.000000 0.000000 1.000000 1.000000
v 1.291667 11.986254 5.274463 0.000000 0.941177 0.000000 1.000000
v -1.291667 13.938275 5.282619 0.000000 1.000000 0.000000 1.000000
v 1.291667 13.938275 5.282619 0.000000 0.000000 1.000000 1.000000
v -1.291667 11.986254 5.274463 0.000000 0.000000 0.000000 1.000000
v 1.291667 10.034231 5.266308 0.000000 0.000000 1.000000 1.000000
v -1.291666 10.034231 5.266308 0.000000 0.000000 1.000000 1.000000
v 1.291666 8.082208 5.258153 0.000000 0.000000 1.000000 1.000000
v -1.291666 8.082208 5.258153 0.000000 0.000000 1.000000 1.000000
v 1.291666 6.130185 5.249997 0.000000 0.000000 1.000000 1.000000
v -1.291666 6.130185 5.249997 0.000000 0.000000 1.000000 1.000000
v -1.291667 11.986254 5.274463 0.000000 0.000000 0.000000 1.000000
v -1.291667 13.938275 4.999997 0.000000 1.000000 0.000000 1.000000
v -1.291667 13.938275 5.282619 0.000000 1.000000 0.000000 1.000000
v -1.291667 11.986254 4.999997 0.000000 0.000000 0.000000 1.000000
v -1.291666 10.034231 5.266308 0.000000 0.000000 1.000000 1.000000
v -1.291667 10.034231 4.999997 0.000000 0.000000 1.000000 1.000000
v -1.291666 8.082208 5.258153 0.000000 0.000000 1.000000 1.000000
v -1.291667 8.082208 4.999997 0.000000 0.000000 1.000000 1.000000
v -1.291666 6.130185 5.249997 0.000000 0.000000 1.000000 1.000000
v -1.291667 6.130185 4.999997 0.000000 0.000000 1.000000 1.000000
v 5.196501 1.932938 3.999995 0.000000 0.000000 1.000000 1.000000
v 5.000000 0.000005 3.999996 0.000000 1.000000 0.000000 1.000000
v 5.196501 0.000005 3.999996 0.000000 1.000000 0.000000 1.000000
v 5.000000 1.932938 3.999995 0.000000 0.000000 1.000000 1.000000
v 5.196501 3.865871 3.999995 0.000000 0.000000 1.000000 1.000000
v 5.000000 3.865871 3.999995 0.000000 0.000000 1.000000 1.000000
v 5.000000 5.798804 3.999995 0.000000 0.000000 0.000000 1.000000
v 5.196501 5.798804 3.999995 0.000000 0.000000 0.000000 1.000000
v 5.196501 1.932938 5.196502 0.000000 1.000000 0.000000 1.000000
v 5.196501 0.000005 3.999996 0.000000 1.000000 0.000000 1.000000
v 5.196501 0.000006 5.196502 0.000000 1.000000 0.000000 1.000000
v 5.196501 1.932938 3.999995 0.000000 0.000000 1.000000 1.000000
v 5.196501 3.865871 5.196502 0.000000 0.000000 1.000000 1.000000
v 5.196501 3.865871 3.999995 0.000000 0.000000 1.000000 1.000000
v 5.196501 5.798804 3.999995 0.000000 0.000000 0.000000 1.000000
v 5.196501 5.798804 5.196502 0.000000 0.000000 0.000000 1.000000
v -3.999999 1.932938 5.196502 0.000000 0.000000 1.000000 1.000000
v -3.999999 0.000005 4.999998 0.000000 0.000000 1.000000 1.000000
v -3.999999 0.000006 5.196502 0.000000 0.000000 1.000000 1.000000
v -3.999999 1.932938 4.999998 0.000000 0.000000 1.000000 1.000000
v -3.999999 3.865871 5.196502 0.000000 0.000000 1.000000 1.000000
v -3.999999 3.865871 4.999998 0.000000 0.000000 1.000000 1.000000
v -3.999999 5.798804 4.999998 0.000000 0.000000 0.156863 1.000000
v -3.999999 5.798804 5.196502 0.000000 0.000000 0.164706 1.000000
v -5.196501 0.000004 -4.000000 0.000000 1.000000 0.000000 1.000000
v -5.196501 1.932937 -4.000000 0.000000 0.000000 1.000000 1.000000
v -5.000000 0.000004 -4.000000 0.000000 1.000000 0.000000 1.000000
v -5.000000 1.932937 -4.000000 0.000000 0.000000 1.000000 1.000000
v -5.196501 3.865870 -4.000000 0.000000 0.000000 1.000000 1.000000
v -5.000000 3.865870 -4.000000 0.000000 0.000000 1.000000 1.000000
v -5.000000 5.798803 -4.000000 0.000000 0.000000 0.000000 1.000000
v -5.196501 5.798803 -4.000000 0.000000 0.000000 0.000000 1.000000
v -5.196501 0.000004 -5.196502 0.000000 1.000000 0.000000 1.000000
v -5.196501 1.932937 -5.196502 0.000000 0.000000 1.000000 1.000000
v -5.196501 0.000004 -4.000000 0.000000 1.000000 0.000000 1.000000
v -5.196501 1.932937 -4.000000 0.000000 0.000000 1.000000 1.000000
v -5.196501 3.865870 -5.196503 0.000000 0.000000 1.000000 1.000000
v -5.196501 3.865870 -4.000000 0.000000 0.000000 1.000000 1.000000
v -5.196501 5.798803 -4.000000 0.000000 0.000000 0.000000 1.000000
v -5.196501 5.798803 -5.196503 0.000000 0.000000 0.000000 1.000000
v 3.999999 0.000004 -5.196502 0.000000 1.000000 0.000000 1.000000
v 3.999999 1.932937 -5.196502 0.000000 0.000000 1.000000 1.000000
v 3.999999 0.000004 -5.000000 0.000000 1.000000 0.000000 1.000000
v 3.999999 1.932937 -5.000000 0.000000 0.000000 1.000000 1.000000
v 3.999999 3.865870 -5.196503 0.000000 0.000000 1.000000 1.000000
v 3.999999 3.865870 -5.000001 0.000000 0.000000 1.000000 1.000000
v 3.999999 5.798803 -5.000001 0.000000 0.000000 0.000000 1.000000
v 3.999999 5.798803 -5.196503 0.000000 0.000000 0.000000 1.000000
v 5.196501 8.082207 3.999995 0.000000 0.000000 1.000000 1.000000
v 5.000000 6.130185 3.999995 0.000000 0.000000 1.000000 1.000000
v 5.196501 6.130185 3.999995 0.000000 0.000000 1.000000 1.000000
v 5.000000 8.082207 3.999995 0.000000 0.000000 1.000000 1.000000
v 5.196501 10.034230 3.999995 0.000000 1.000000 0.000000 1.000000
v 5.000000 10.034230 3.999995 0.000000 1.000000 0.000000 1.000000
v 5.196501 11.986253 3.999994 0.000000 0.000000 0.000000 1.000000
v 5.000000 11.986253 3.999994 0.000000 0.000000 0.000000 1.000000
v 5.000000 13.938274 3.999994 0.000000 0.000000 1.000000 1.000000
v 5.196501 13.938274 3.999994 0.000000 0.000000 1.000000 1.000000
v 5.196501 8.082208 5.196501 0.000000 0.000000 1.000000 1.000000
v 5.196501 6.130185 3.999995 0.000000 0.000000 1.000000 1.000000
v 5.196501 6.130185 5.196501 0.000000 0.000000 1.000000 1.000000
v 5.196501 8.082207 3.999995 0.000000 0.000000 1.000000 1.000000
v 5.196501 10.034231 5.196501 0.000000 0.000000 1.000000 1.000000
v 5.196501 10.034230 3.999995 0.000000 1.000000 0.000000 1.000000
v 5.196501 11.986254 5.196501 0.000000 0.000000 1.000000 1.000000
v 5.196501 11.986253 3.999994 0.000000 0.000000 0.000000 1.000000
v 5.196501 13.938274 3.999994 0.000000 0.000000 1.000000 1.000000
v 5.196501 13.938275 5.196501 0.000000 0.000000 1.000000 1.000000
v -3.999999 8.082208 5.196501 0.000000 0.000000 0.000000 1.000000
v -3.999999 6.130185 4.999997 0.000000 0.000000 1.000000 1.000000
v -3.999999 6.130185 5.196501 0.000000 0.000000 1.000000 1.000000
v -3.999999 8.082208 4.999997 0.000000 0.000000 0.000000 1.000000
v -3.999999 10.034231 5.196501 0.000000 0.000000 1.000000 1.000000
v -3.999999 10.034231 4.999997 0.000000 0.000000 1.000000 1.000000
v -3.999999 11.986254 5.196501 0.000000 0.000000 0.000000 1.000000
v -3.999999 11.986254 4.999997 0.000000 0.000000 0.000000 1.000000
v -3.999999 13.938275 4.999997 0.000000 0.000000 1.000000 1.000000
v -3.999999 13.938275 5.196501 0.000000 0.000000 1.000000 1.000000
v -5.196501 6.130184 -4.000000 0.000000 0.000000 1.000000 1.000000
v -5.196501 8.082207 -4.000000 0.000000 0.000000 1.000000 1.000000
v -5.000000 6.130184 -4.000000 0.000000 0.000000 1.000000 1.000000
v -5.000000 8.082207 -4.000000 0.000000 0.000000 1.000000 1.000000
v -5.196501 10.034229 -4.000001 0.000000 0.000000 1.000000 1.000000
v -5.000000 10.034229 -4.000001 0.000000 0.000000 1.000000 1.000000
v -5.196501 11.986252 -4.000001 0.000000 0.000000 1.000000 1.000000
v -5.000000 11.986252 -4.000001 0.000000 0.000000 1.000000 1.000000
v -5.000000 13.938274 -4.000001 0.000000 0.000000 1.000000 1.000000
v -5.196501 13.938274 -4.000001 0.000000 0.000000 1.000000 1.000000
v -5.196501 6.130184 -5.196503 0.000000 0.000000 1.000000 1.000000
v -5.196501 8.082206 -5.196503 0.000000 0.000000 1.000000 1.000000
v -5.196501 6.130184 -4.000000 0.000000 0.000000 1.000000 1.000000
v -5.196501 8.082207 -4.000000 0.000000 0.000000 1.000000 1.000000
v -5.196501 10.034229 -5.196504 0.000000 0.000000 1.000000 1.000000
v -5.196501 10.034229 -4.000001 0.000000 0.000000 1.000000 1.000000
v -5.196501 11.986252 -5.196504 0.000000 0.000000 1.000000 1.000000
v -5.196501 11.986252 -4.000001 0.000000 0.000000 1.000000 1.000000
v -5.196501 13.938274 -4.000001 0.000000 0.000000 1.000000 1.000000
v -5.196501 13.938273 -5.196504 0.000000 0.000000 1.000000 1.000000
v 3.999999 6.130184 -5.196503 0.000000 0.000000 1.000000 1.000000
v 3.999999 8.082206 -5.196503 0.000000 0.000000 0.000000 1.000000
v 3.999999 6.130184 -5.000001 0.000000 0.000000 1.000000 1.000000
v 3.999999 8.082206 -5.000001 0.000000 0.000000 0.000000 1.000000
v 3.999999 10.034229 -5.196504 0.000000 0.411765 0.588235 1.000000
v 3.999999 10.034229 -5.000002 0.000000 0.423529 0.576471 1.000000
v 3.999999 11.986252 -5.196504 0.000000 0.000000 0.000000 1.000000
v 3.999999 11.986252 -5.000002 0.000000 0.000000 0.000000 1.000000
v 3.999999 13.938273 -5.000002 0.000000 0.000000 1.000000 1.000000
v 3.999999 13.938273 -5.196504 0.000000 0.000000 1.000000 1.000000
v 5.446501 6.130184 -5.446503 0.000000 0.000000 1.000000 1.000000
v 3.749999 6.130184 -5.446503 0.000000 0.000000 1.000000 1.000000
v 3.749999 5.798803 -5.446503 0.000000 0.000000 0.000000 1.000000
v 5.446501 5.798803 -5.446503 0.000000 0.000000 0.000000 1.000000
v 3.749999 5.798803 -5.446503 0.000000 0.000000 0.000000 1.000000
v 3.749999 6.130184 -5.446503 0.000000 0.000000 1.000000 1.000000
v 3.749999 6.130184 -5.250001 0.000000 0.000000 1.000000 1.000000
v 3.749999 5.798803 -5.250001 0.000000 0.000000 0.000000 1.000000
v 3.749999 6.130184 -5.250001 0.000000 0.000000 1.000000 1.000000
v 1.291666 6.130184 -5.250001 0.000000 0.000000 1.000000 1.000000
v 1.291666 5.798803 -5.250001 0.000000 0.000000 0.000000 1.000000
v 3.749999 5.798803 -5.250001 0.000000 0.000000 0.000000 1.000000
v -3.749999 6.130184 -5.446503 0.000000 0.000000 0.482353 1.000000
v -3.749999 5.798803 -5.446503 0.000000 0.000000 0.000000 1.000000
v -3.749999 6.130184 -5.250001 0.000000 0.000000 0.792157 1.000000
v -3.749999 5.798803 -5.250001 0.000000 0.000000 0.000000 1.000000
v -3.749999 6.130184 -5.446503 0.000000 0.000000 0.482353 1.000000
v -5.446501 6.130184 -5.446503 0.000000 0.000000 1.000000 1.000000
v -5.446501 5.798803 -5.446503 0.000000 0.000000 0.000000 1.000000
v -3.749999 5.798803 -5.446503 0.000000 0.000000 0.000000 1.000000
v -5.446501 6.130184 -5.446503 0.000000 0.000000 1.000000 1.000000
v -5.446501 6.130184 -3.750000 0.000000 0.000000 1.000000 1.000000
v -5.446501 5.798803 -5.446503 0.000000 0.000000 0.000000 1.000000
v -5.446501 5.798803 -3.750000 0.000000 0.000000 0.000000 1.000000
v -5.446501 5.798803 -3.750000 0.000000 0.000000 0.000000 1.000000
v -5.250000 6.130184 -3.750000 0.000000 0.000000 1.000000 1.000000
v -5.250000 5.798803 -3.750000 0.000000 0.000000 0.000000 1.000000
v -5.446501 6.130184 -3.750000 0.000000 0.000000 1.000000 1.000000
v -5.250000 6.130185 1.291664 0.000000 0.000000 1.000000 1.000000
v -5.250000 6.130185 3.749995 0.000000 0.000000 1.000000 1.000000
v -5.250000 5.798803 1.291664 0.000000 0.000000 0.000000 1.000000
v -5.250000 5.798804 3.749995 0.000000 0.000000 0.000000 1.000000
v -5.250000 6.130185 3.749995 0.000000 0.000000 1.000000 1.000000
v -5.446501 6.130185 3.749995 0.000000 0.000000 1.000000 1.000000
v -5.446501 5.798804 3.749995 0.000000 0.000000 0.000000 1.000000
v -5.250000 5.798804 3.749995 0.000000 0.000000 0.000000 1.000000
v -5.446501 6.130185 3.749995 0.000000 0.000000 1.000000 1.000000
v -5.446501 5.798804 5.446502 0.000000 0.000000 0.000000 1.000000
v -5.446501 5.798804 3.749995 0.000000 0.000000 0.000000 1.000000
v -5.446501 6.130185 5.446501 0.000000 0.000000 1.000000 1.000000
v -3.749999 5.798804 5.446502 0.000000 0.000000 0.000000 1.000000
v -5.446501 5.798804 5.446502 0.000000 0.000000 0.000000 1.000000
v -5.446501 6.130185 5.446501 0.000000 0.000000 1.000000 1.000000
v -3.749999 6.130185 5.446501 0.000000 0.000000 1.000000 1.000000
v -3.749999 5.798804 5.249998 0.000000 0.000000 0.078431 1.000000
v -3.749999 5.798804 5.446502 0.000000 0.000000 0.000000 1.000000
v -3.749999 6.130185 5.249997 0.000000 0.000000 1.000000 1.000000
v -3.749999 6.130185 5.446501 0.000000 0.000000 1.000000 1.000000
v 3.749999 5.798804 5.249998 0.000000 0.000000 0.149020 1.000000
v 1.291666 5.798804 5.249998 0.000000 0.000000 0.000000 1.000000
v 1.291666 6.130185 5.249997 0.000000 0.000000 1.000000 1.000000
v 3.749999 6.130185 5.249997 0.000000 0.000000 1.000000 1.000000
v 3.749999 6.130185 5.249997 0.000000 0.000000 1.000000 1.000000
v 3.749999 5.798804 5.446502 0.000000 0.000000 0.000000 1.000000
v 3.749999 5.798804 5.249998 0.000000 0.000000 0.149020 1.000000
v 3.749999 6.130185 5.446501 0.000000 0.000000 1.000000 1.000000
v 5.446501 5.798804 5.446502 0.000000 0.000000 0.000000 1.000000
v 3.749999 5.798804 5.446502 0.000000 0.000000 0.000000 1.000000
v 3.749999 6.130185 5.446501 0.000000 0.000000 1.000000 1.000000
v 5.446501 6.130185 5.446501 0.000000 0.000000 0.486275 1.000000
v 5.446501 5.798804 3.749995 0.000000 0.000000 0.000000 1.000000
v 5.446501 5.798804 5.446502 0.000000 0.000000 0.000000 1.000000
v 5.446501 6.130185 3.749995 0.000000 0.000000 1.000000 1.000000
v 5.446501 6.130185 5.446501 0.000000 0.000000 0.486275 1.000000
v 5.446501 6.130185 3.749995 0.000000 0.000000 1.000000 1.000000
v 5.250000 6.130185 3.749995 0.000000 0.000000 1.000000 1.000000
v 5.446501 5.798804 3.749995 0.000000 0.000000 0.000000 1.000000
v 5.250000 5.798804 3.749995 0.000000 0.000000 0.000000 1.000000
v 5.250000 5.798803 1.291664 0.000000 0.000000 0.000000 1.000000
v 5.250000 5.798804 3.749995 0.000000 0.000000 0.000000 1.000000
v 5.250000 6.130185 1.291664 0.000000 0.000000 1.000000 1.000000
v 5.250000 6.130185 3.749995 0.000000 0.000000 1.000000 1.000000
v 5.250000 5.798803 -3.750000 0.000000 0.000000 0.000000 1.000000
v 5.250000 6.130184 -3.750000 0.000000 0.000000 1.000000 1.000000
v 5.446501 5.798803 -3.750000 0.000000 0.000000 0.000000 1.000000
v 5.446501 6.130184 -3.750000 0.000000 0.000000 1.000000 1.000000
v 5.446501 6.130184 -3.750000 0.000000 0.000000 1.000000 1.000000
v 5.446501 6.130184 -5.446503 0.000000 0.000000 1.000000 1.000000
v 5.446501 5.798803 -5.446503 0.000000 0.000000 0.000000 1.000000
v 5.446501 5.798803 -3.750000 0.000000 0.000000 0.000000 1.000000
v -3.749999 5.798804 5.249998 0.000000 0.000000 0.078431 1.000000
v -1.291666 6.130185 5.249997 0.000000 0.000000 1.000000 1.000000
v -1.291666 5.798804 5.249998 0.000000 0.000000 0.694118 1.000000
v -3.749999 6.130185 5.249997 0.000000 0.000000 1.000000 1.000000
v -1.291666 6.130184 -5.250001 0.000000 0.000000 1.000000 1.000000
v -3.749999 6.130184 -5.250001 0.000000 0.000000 0.792157 1.000000
v -3.749999 5.798803 -5.250001 0.000000 0.000000 0.000000 1.000000
v -1.291666 5.798803 -5.250001 0.000000 0.000000 0.000000 1.000000
v -1.291666 5.798804 5.754957 0.000000 0.000000 0.000000 1.000000
v 1.291666 6.130185 5.754957 0.000000 0.000000 1.000000 1.000000
v 1.291666 5.798804 5.754957 0.000000 0.000000 0.000000 1.000000
v -1.291666 6.130185 5.754957 0.000000 0.000000 1.000000 1.000000
v 1.291666 6.130184 -5.754961 0.000000 0.000000 1.000000 1.000000
v -1.291666 6.130184 -5.754961 0.000000 0.000000 0.886275 1.000000
v -1.291666 5.798803 -5.754961 0.000000 0.000000 0.000000 1.000000
v 1.291666 5.798803 -5.754961 0.000000 0.000000 0.000000 1.000000
v -5.250000 6.130184 -3.750000 0.000000 0.000000 1.000000 1.000000
v -5.250000 6.130185 -1.291668 0.000000 0.000000 1.000000 1.000000
v -5.250000 5.798803 -3.750000 0.000000 0.000000 0.000000 1.000000
v -5.250000 5.798803 -1.291668 0.000000 0.000000 0.000000 1.000000
v 5.250000 5.798803 -3.750000 0.000000 0.000000 0.000000 1.000000
v 5.250000 5.798803 -1.291668 0.000000 0.000000 0.000000 1.000000
v 5.250000 6.130184 -3.750000 0.000000 0.000000 1.000000 1.000000
v 5.250000 6.130185 -1.291668 0.000000 0.000000 1.000000 1.000000
v -5.754960 6.130185 -1.291668 0.000000 0.000000 1.000000 1.000000
v -5.754960 6.130185 1.291664 0.000000 0.000000 1.000000 1.000000
v -5.754960 5.798803 -1.291668 0.000000 0.000000 0.000000 1.000000
v -5.754960 5.798803 1.291664 0.000000 0.000000 0.000000 1.000000
v 5.754960 5.798803 -1.291668 0.000000 0.000000 0.000000 1.000000
v 5.754960 5.798803 1.291664 0.000000 0.000000 0.000000 1.000000
v 5.754960 6.130185 -1.291668 0.000000 0.000000 1.000000 1.000000
v 5.754960 6.130185 1.291664 0.000000 0.000000 1.000000 1.000000
v 1.291666 5.798804 5.249998 0.000000 0.000000 0.000000 1.000000
v 1.291666 5.798804 5.754957 0.000000 0.000000 0.000000 1.000000
v 1.291666 6.130185 5.249997 0.000000 0.000000 1.000000 1.000000
v 1.291666 6.130185 5.754957 0.000000 0.000000 1.000000 1.000000
v 1.291666 5.798804 5.249998 0.000000 0.000000 0.000000 1.000000
v -1.291666 5.798804 5.249998 0.000000 0.000000 0.694118 1.000000
v -1.291666 5.798804 5.754957 0.000000 0.000000 0.000000 1.000000
v 1.291666 5.798804 5.754957 0.000000 0.000000 0.000000 1.000000
v -1.291666 6.130185 5.754957 0.000000 0.000000 1.000000 1.000000
v -1.291666 5.798804 5.249998 0.000000 0.000000 0.694118 1.000000
v -1.291666 6.130185 5.249997 0.000000 0.000000 1.000000 1.000000
v -1.291666 5.798804 5.754957 0.000000 0.000000 0.000000 1.000000
v -1.291666 6.130185 5.249997 0.000000 0.000000 1.000000 1.000000
v 1.291666 6.130185 5.249997 0.000000 0.000000 1.000000 1.000000
v 1.291666 6.130185 5.754957 0.000000 0.000000 1.000000 1.000000
v -1.291666 6.130185 5.754957 0.000000 0.000000 1.000000 1.000000
v 1.291666 5.798803 -5.754961 0.000000 0.000000 0.000000 1.000000
v -1.291666 5.798803 -5.754961 0.000000 0.000000 0.000000 1.000000
v -1.291666 5.798803 -5.250001 0.000000 0.000000 0.000000 1.000000
v 1.291666 5.798803 -5.250001 0.000000 0.000000 0.000000 1.000000
v 1.291666 6.130184 -5.754961 0.000000 0.000000 1.000000 1.000000
v 1.291666 5.798803 -5.754961 0.000000 0.000000 0.000000 1.000000
v 1.291666 5.798803 -5.250001 0.000000 0.000000 0.000000 1.000000
v 1.291666 6.130184 -5.250001 0.000000 0.000000 1.000000 1.000000
v -1.291666 6.130184 -5.754961 0.000000 0.000000 0.886275 1.000000
v 1.291666 6.130184 -5.754961 0.000000 0.000000 1.000000 1.000000
v 1.291666 6.130184 -5.250001 0.000000 0.000000 1.000000 1.000000
v -1.291666 6.130184 -5.250001 0.000000 0.000000 1.000000 1.000000
v -1.291666 5.798803 -5.754961 0.000000 0.000000 0.000000 1.000000
v -1.291666 6.130184 -5.754961 0.000000 0.000000 0.886275 1.000000
v -1.291666 6.130184 -5.250001 0.000000 0.000000 1.000000 1.000000
v -1.291666 5.798803 -5.250001 0.000000 0.000000 0.000000 1.000000
v -5.754960 5.798803 1.291664 0.000000 0.000000 0.000000 1.000000
v -5.250000 6.130185 1.291664 0.000000 0.000000 1.000000 1.000000
v -5.250000 5.798803 1.291664 0.000000 0.000000 0.000000 1.000000
v -5.754960 6.130185 1.291664 0.000000 0.000000 1.000000 1.000000
v -5.754960 5.798803 -1.291668 0.000000 0.000000 0.000000 1.000000
v -5.250000 5.798803 1.291664 0.000000 0.000000 0.000000 1.000000
v -5.250000 5.798803 -1.291668 0.000000 0.000000 0.000000 1.000000
v -5.754960 5.798803 1.291664 0.000000 0.000000 0.000000 1.000000
v -5.754960 6.130185 -1.291668 0.000000 0.000000 1.000000 1.000000
v -5.250000 5.798803 -1.291668 0.000000 0.000000 0.000000 1.000000
v -5.250000 6.130185 -1.291668 0.000000 0.000000 1.000000 1.000000
v -5.754960 5.798803 -1.291668 0.000000 0.000000 0.000000 1.000000
v -5.754960 6.130185 1.291664 0.000000 0.000000 1.000000 1.000000
v -5.754960 6.130185 -1.291668 0.000000 0.000000 1.000000 1.000000
v -5.250000 6.130185 -1.291668 0.000000 0.000000 1.000000 1.000000
v -5.250000 6.130185 1.291664 0.000000 0.000000 1.000000 1.000000
v 5.754960 6.130185 -1.291668 0.000000 0.000000 1.000000 1.000000
v 5.250000 6.130185 -1.291668 0.000000 0.000000 1.000000 1.000000
v 5.754960 5.798803 -1.291668 0.000000 0.000000 0.000000 1.000000
v 5.250000 5.798803 -1.291668 0.000000 0.000000 0.000000 1.000000
v 5.754960 5.798803 1.291664 0.000000 0.000000 0.000000 1.000000
v 5.754960 5.798803 -1.291668 0.000000 0.000000 0.000000 1.000000
v 5.250000 5.798803 -1.291668 0.000000 0.000000 0.000000 1.000000
v 5.250000 5.798803 1.291664 0.000000 0.000000 0.000000 1.000000
v 5.754960 5.798803 1.291664 0.000000 0.000000 0.000000 1.000000
v 5.250000 5.798803 1.291664 0.000000 0.000000 0.000000 1.000000
v 5.754960 6.130185 1.291664 0.000000 0.000000 1.000000 1.000000
v 5.250000 6.130185 1.291664 0.000000 0.000000 1.000000 1.000000
v 5.754960 6.130185 -1.291668 0.000000 0.000000 1.000000 1.000000
v 5.250000 6.130185 1.291664 0.000000 0.000000 1.000000 1.000000
v 5.250000 6.130185 -1.291668 0.000000 0.000000 1.000000 1.000000
v 5.754960 6.130185 1.291664 0.000000 0.000000 1.000000 1.000000
v 5.282622 13.938275 3.999999 0.000000 0.000000 1.000000 1.000000
v 5.282622 13.938275 5.282619 0.000000 0.000000 1.000000 1.000000
v 5.282622 14.085917 5.282619 0.000000 0.000000 1.000000 1.000000
v 5.282622 14.085917 3.999999 0.000000 0.000000 1.000000 1.000000
v 5.282622 13.938274 1.291664 0.000000 0.243137 0.756863 1.000000
v 5.282622 14.085916 1.291664 0.000000 0.866667 0.133333 1.000000
v 5.282622 13.938274 -1.291669 0.000000 0.000000 1.000000 1.000000
v 5.282622 14.085916 -1.291669 0.000000 0.023529 0.976471 1.000000
v 5.282622 13.938273 -4.000002 0.000000 0.000000 1.000000 1.000000
v 5.282622 14.085915 -4.000002 0.000000 0.007843 0.992157 1.000000
v 5.282622 13.938273 -5.282624 0.000000 0.000000 1.000000 1.000000
v 5.282622 14.085915 -5.282625 0.000000 0.000000 1.000000 1.000000
v 5.282622 14.852366 3.999999 0.000000 1.000000 0.000000 1.000000
v 5.282622 14.852366 5.282619 0.000000 1.000000 0.000000 1.000000
v 5.282622 15.000004 5.282619 0.000000 0.831373 0.000000 1.000000
v 5.282622 15.000004 3.999999 0.000000 1.000000 0.000000 1.000000
v 5.282622 14.852365 1.291664 0.000000 1.000000 0.000000 1.000000
v 5.282622 15.000003 1.291664 0.000000 1.000000 0.000000 1.000000
v 5.282622 14.852365 -1.291669 0.000000 1.000000 0.000000 1.000000
v 5.282622 15.000003 -1.291669 0.000000 1.000000 0.000000 1.000000
v 5.282622 14.852365 -4.000002 0.000000 1.000000 0.000000 1.000000
v 5.282622 15.000002 -4.000002 0.000000 1.000000 0.000000 1.000000
v 5.282622 14.852365 -5.282625 0.000000 1.000000 0.000000 1.000000
v 5.282622 15.000002 -5.282625 0.000000 1.000000 0.000000 1.000000
v -4.000001 14.852365 -5.282625 0.000000 1.000000 0.000000 1.000000
v -5.282622 14.852365 -5.282625 0.000000 1.000000 0.000000 1.000000
v -5.000000 14.852365 -5.000002 0.000000 1.000000 0.000000 1.000000
v -3.999999 14.852365 -5.000002 0.000000 1.000000 0.000000 1.000000
v -1.291667 14.852365 -5.282625 0.000000 1.000000 0.000000 1.000000
v -1.291667 14.852365 -5.000002 0.000000 1.000000 0.000000 1.000000
v 1.291667 14.852365 -5.000002 0.000000 1.000000 0.000000 1.000000
v 1.291667 14.852365 -5.282625 0.000000 1.000000 0.000000 1.000000
v 3.999999 14.852365 -5.000002 0.000000 1.000000 0.000000 1.000000
v 4.000000 14.852365 -5.282625 0.000000 1.000000 0.000000 1.000000
v 5.000000 14.852365 -5.000002 0.000000 1.000000 0.000000 1.000000
v 5.282622 14.852365 -5.282625 0.000000 1.000000 0.000000 1.000000
v 5.282622 14.852365 -4.000002 0.000000 1.000000 0.000000 1.000000
v 5.000000 14.852365 -4.000001 0.000000 1.000000 0.000000 1.000000
v 5.282622 14.852365 -1.291669 0.000000 1.000000 0.000000 1.000000
v 5.000000 14.852365 -1.291669 0.000000 1.000000 0.000000 1.000000
v 5.282622 14.852365 1.291664 0.000000 1.000000 0.000000 1.000000
v 5.000000 14.852365 1.291664 0.000000 1.000000 0.000000 1.000000
v 5.000000 14.852365 3.999994 0.000000 1.000000 0.000000 1.000000
v 5.282622 14.852366 3.999999 0.000000 1.000000 0.000000 1.000000
v 5.000000 14.852366 4.999996 0.000000 1.000000 0.000000 1.000000
v 5.282622 14.852366 5.282619 0.000000 1.000000 0.000000 1.000000
v 4.000000 14.852366 5.282619 0.000000 0.882353 0.000000 1.000000
v 3.999999 14.852366 4.999996 0.000000 0.882353 0.000000 1.000000
v 1.291667 14.852366 5.282619 0.000000 1.000000 0.000000 1.000000
v 1.291667 14.852366 4.999996 0.000000 0.988235 0.011765 1.000000
v -1.291667 14.852366 4.999996 0.000000 1.000000 0.000000 1.000000
v -1.291667 14.852366 5.282619 0.000000 1.000000 0.000000 1.000000
v -3.999999 14.852366 4.999996 0.000000 1.000000 0.000000 1.000000
v -4.000001 14.852366 5.282619 0.000000 1.000000 0.000000 1.000000
v -5.000000 14.852366 4.999996 0.000000 1.000000 0.000000 1.000000
v -5.282622 14.852366 5.282619 0.000000 1.000000 0.000000 1.000000
v -5.282622 14.852366 3.999999 0.000000 1.000000 0.000000 1.000000
v -5.000000 14.852365 3.999994 0.000000 1.000000 0.000000 1.000000
v -5.282622 14.852365 1.291664 0.000000 1.000000 0.000000 1.000000
v -5.000000 14.852365 1.291664 0.000000 1.000000 0.000000 1.000000
v -5.000000 14.852365 -1.291669 0.000000 1.000000 0.000000 1.000000
v -5.282622 14.852365 -1.291669 0.000000 1.000000 0.000000 1.000000
v -5.000000 14.852365 -4.000001 0.000000 1.000000 0.000000 1.000000
v -5.282622 14.852365 -4.000002 0.000000 1.000000 0.000000 1.000000
v -5.000000 14.852365 -5.000002 0.000000 1.000000 0.000000 1.000000
v -5.282622 14.852365 -5.282625 0.000000 1.000000 0.000000 1.000000
v 5.282622 14.085915 -5.282625 0.000000 0.000000 1.000000 1.000000
v 4.000000 14.085915 -5.282625 0.000000 0.000000 1.000000 1.000000
v 5.282622 13.938273 -5.282624 0.000000 0.000000 1.000000 1.000000
v 4.000000 13.938273 -5.282624 0.000000 0.000000 1.000000 1.000000
v 1.291667 14.085915 -5.282625 0.000000 0.000000 1.000000 1.000000
v 1.291667 13.938273 -5.282624 0.000000 0.000000 1.000000 1.000000
v -1.291667 14.085915 -5.282625 0.000000 0.000000 1.000000 1.000000
v -1.291667 13.938273 -5.282624 0.000000 0.000000 1.000000 1.000000
v -4.000001 14.085915 -5.282625 0.000000 0.000000 1.000000 1.000000
v -4.000001 13.938273 -5.282624 0.000000 0.000000 1.000000 1.000000
v -5.282622 13.938273 -5.282624 0.000000 0.000000 1.000000 1.000000
v -5.282622 14.085915 -5.282625 0.000000 0.000000 1.000000 1.000000
v 5.282622 15.000002 -5.282625 0.000000 1.000000 0.000000 1.000000
v 4.000000 15.000002 -5.282625 0.000000 1.000000 0.000000 1.000000
v 5.282622 14.852365 -5.282625 0.000000 1.000000 0.000000 1.000000
v 4.000000 14.852365 -5.282625 0.000000 1.000000 0.000000 1.000000
v 1.291667 15.000002 -5.282625 0.000000 1.000000 0.000000 1.000000
v 1.291667 14.852365 -5.282625 0.000000 1.000000 0.000000 1.000000
v -1.291667 15.000002 -5.282625 0.000000 1.000000 0.000000 1.000000
v -1.291667 14.852365 -5.282625 0.000000 1.000000 0.000000 1.000000
v -4.000001 15.000002 -5.282625 0.000000 1.000000 0.000000 1.000000
v -4.000001 14.852365 -5.282625 0.000000 1.000000 0.000000 1.000000
v -5.282622 14.852365 -5.282625 0.000000 1.000000 0.000000 1.000000
v -5.282622 15.000002 -5.282625 0.000000 1.000000 0.000000 1.000000
v 5.282622 14.852366 5.282619 0.000000 1.000000 0.000000 1.000000
v 4.000000 14.852366 5.282619 0.000000 0.882353 0.000000 1.000000
v 5.282622 15.000004 5.282619 0.000000 0.831373 0.000000 1.000000
v 4.000000 15.000004 5.282619 0.000000 0.690196 0.000000 1.000000
v 1.291667 14.852366 5.282619 0.000000 1.000000 0.000000 1.000000
v 1.291667 15.000004 5.282619 0.000000 1.000000 0.000000 1.000000
v -1.291667 14.852366 5.282619 0.000000 1.000000 0.000000 1.000000
v -1.291667 15.000004 5.282619 0.000000 1.000000 0.000000 1.000000
v -4.000001 14.852366 5.282619 0.000000 1.000000 0.000000 1.000000
v -4.000001 15.000004 5.282619 0.000000 1.000000 0.000000 1.000000
v -5.282622 15.000004 5.282619 0.000000 1.000000 0.000000 1.000000
v -5.282622 14.852366 5.282619 0.000000 1.000000 0.000000 1.000000
v 5.282622 13.938275 5.282619 0.000000 0.000000 1.000000 1.000000
v 4.000000 13.938275 5.282619 0.000000 0.000000 1.000000 1.000000
v 5.282622 14.085917 5.282619 0.000000 0.000000 1.000000 1.000000
v 4.000000 14.085917 5.282619 0.000000 0.000000 1.000000 1.000000
v 1.291667 13.938275 5.282619 0.000000 0.000000 1.000000 1.000000
v 1.291667 14.085917 5.282619 0.000000 0.000000 1.000000 1.000000
v -1.291667 13.938275 5.282619 0.000000 1.000000 0.000000 1.000000
v -1.291667 14.085917 5.282619 0.000000 1.000000 0.000000 1.000000
v -4.000001 13.938275 5.282619 0.000000 0.000000 1.000000 1.000000
v -4.000001 14.085917 5.282619 0.000000 0.000000 1.000000 1.000000
v -5.282622 14.085917 5.282619 0.000000 0.000000 1.000000 1.000000
v -5.282622 13.938275 5.282619 0.000000 0.000000 1.000000 1.000000
v 1.291667 13.938273 -5.000002 0.000000 0.000000 1.000000 1.000000
v 3.999999 13.938273 -5.000002 0.000000 0.000000 1.000000 1.000000
v 1.291667 13.938273 -5.282624 0.000000 0.000000 1.000000 1.000000
v 4.000000 13.938273 -5.282624 0.000000 0.000000 1.000000 1.000000
v 5.000000 13.938273 -5.000002 0.000000 0.000000 1.000000 1.000000
v 5.282622 13.938273 -5.282624 0.000000 0.000000 1.000000 1.000000
v 5.282622 13.938273 -4.000002 0.000000 0.000000 1.000000 1.000000
v 5.000000 13.938274 -4.000001 0.000000 0.000000 1.000000 1.000000
v 5.282622 13.938274 -1.291669 0.000000 0.000000 1.000000 1.000000
v 5.000000 13.938274 -1.291669 0.000000 0.000000 1.000000 1.000000
v 3.999999 13.938275 4.999997 0.000000 0.000000 1.000000 1.000000
v 1.291667 13.938275 4.999997 0.000000 0.000000 1.000000 1.000000
v 1.291667 13.938275 5.282619 0.000000 0.000000 1.000000 1.000000
v 4.000000 13.938275 5.282619 0.000000 0.000000 1.000000 1.000000
v 5.000000 13.938275 4.999997 0.000000 0.000000 1.000000 1.000000
v 5.282622 13.938275 5.282619 0.000000 0.000000 1.000000 1.000000
v 5.282622 13.938275 3.999999 0.000000 0.000000 1.000000 1.000000
v 5.000000 13.938274 3.999994 0.000000 0.000000 1.000000 1.000000
v 5.282622 13.938274 1.291664 0.000000 0.243137 0.756863 1.000000
v 5.000000 13.938274 1.291664 0.000000 0.239216 0.760784 1.000000
v -5.282622 14.085915 -5.282625 0.000000 0.000000 1.000000 1.000000
v -5.282622 14.085915 -4.000002 0.000000 0.000000 1.000000 1.000000
v -5.282622 13.938273 -5.282624 0.000000 0.000000 1.000000 1.000000
v -5.282622 13.938273 -4.000002 0.000000 0.000000 1.000000 1.000000
v -5.282622 14.085916 -1.291669 0.000000 0.192157 0.807843 1.000000
v -5.282622 13.938274 -1.291669 0.000000 0.000000 1.000000 1.000000
v -5.282622 14.085916 1.291664 0.000000 0.615686 0.384314 1.000000
v -5.282622 13.938274 1.291664 0.000000 0.125490 0.874510 1.000000
v -5.282622 14.085917 3.999999 0.000000 0.435294 0.564706 1.000000
v -5.282622 13.938275 3.999999 0.000000 0.235294 0.764706 1.000000
v -5.282622 13.938275 5.282619 0.000000 0.000000 1.000000 1.000000
v -5.282622 14.085917 5.282619 0.000000 0.000000 1.000000 1.000000
v -5.282622 15.000002 -5.282625 0.000000 1.000000 0.000000 1.000000
v -5.282622 15.000002 -4.000002 0.000000 1.000000 0.000000 1.000000
v -5.282622 14.852365 -5.282625 0.000000 1.000000 0.000000 1.000000
v -5.282622 14.852365 -4.000002 0.000000 1.000000 0.000000 1.000000
v -5.282622 15.000003 -1.291669 0.000000 1.000000 0.000000 1.000000
v -5.282622 14.852365 -1.291669 0.000000 1.000000 0.000000 1.000000
v -5.282622 15.000003 1.291664 0.000000 1.000000 0.000000 1.000000
v -5.282622 14.852365 1.291664 0.000000 1.000000 0.000000 1.000000
v -5.282622 15.000004 3.999999 0.000000 1.000000 0.000000 1.000000
v -5.282622 14.852366 3.999999 0.000000 1.000000 0.000000 1.000000
v -5.282622 14.852366 5.282619 0.000000 1.000000 0.000000 1.000000
v -5.282622 15.000004 5.282619 0.000000 1.000000 0.000000 1.000000
v -5.282622 13.938274 1.291664 0.000000 0.125490 0.874510 1.000000
v -5.000000 13.938274 3.999994 0.000000 0.235294 0.764706 1.000000
v -5.000000 13.938274 1.291664 0.000000 0.098039 0.901961 1.000000
v -5.282622 13.938275 3.999999 0.000000 0.235294 0.764706 1.000000
v -5.000000 13.938275 4.999997 0.000000 0.000000 1.000000 1.000000
v -5.282622 13.938275 5.282619 0.000000 0.000000 1.000000 1.000000
v -4.000001 13.938275 5.282619 0.000000 0.000000 1.000000 1.000000
v -3.999999 13.938275 4.999997 0.000000 0.000000 1.000000 1.000000
v -1.291667 13.938275 5.282619 0.000000 1.000000 0.000000 1.000000
v -1.291667 13.938275 4.999997 0.000000 1.000000 0.000000 1.000000
v -1.291667 13.938273 -5.282624 0.000000 0.000000 1.000000 1.000000
v -3.999999 13.938273 -5.000002 0.000000 0.000000 1.000000 1.000000
v -1.291667 13.938273 -5.000002 0.000000 0.000000 1.000000 1.000000
v -4.000001 13.938273 -5.282624 0.000000 0.000000 1.000000 1.000000
v -5.000000 13.938273 -5.000002 0.000000 0.000000 1.000000 1.000000
v -5.282622 13.938273 -5.282624 0.000000 0.000000 1.000000 1.000000
v -5.282622 13.938273 -4.000002 0.000000 0.000000 1.000000 1.000000
v -5.000000 13.938274 -4.000001 0.000000 0.000000 1.000000 1.000000
v -5.282622 13.938274 -1.291669 0.000000 0.000000 1.000000 1.000000
v -5.000000 13.938274 -1.291669 0.000000 0.000000 1.000000 1.000000
v -5.000000 13.938273 -5.000002 0.000000 0.000000 1.000000 1.000000
v -3.999999 13.938273 -5.196504 0.000000 0.000000 1.000000 1.000000
v -3.999999 13.938273 -5.000002 0.000000 0.000000 1.000000 1.000000
v -5.196501 13.938273 -5.196504 0.000000 0.000000 1.000000 1.000000
v -5.196501 13.938274 -4.000001 0.000000 0.000000 1.000000 1.000000
v -5.000000 13.938274 -4.000001 0.000000 0.000000 1.000000 1.000000
v -5.000000 13.938275 4.999997 0.000000 0.000000 1.000000 1.000000
v -3.999999 13.938275 4.999997 0.000000 0.000000 1.000000 1.000000
v -3.999999 13.938275 5.196501 0.000000 0.000000 1.000000 1.000000
v -5.196501 13.938275 5.196501 0.000000 0.000000 1.000000 1.000000
v -5.196501 13.938274 3.999994 0.000000 0.235294 0.764706 1.000000
v -5.000000 13.938274 3.999994 0.000000 0.235294 0.764706 1.000000
v 5.196501 13.938274 3.999994 0.000000 0.000000 1.000000 1.000000
v 5.000000 13.938275 4.999997 0.000000 0.000000 1.000000 1.000000
v 5.000000 13.938274 3.999994 0.000000 0.000000 1.000000 1.000000
v 5.196501 13.938275 5.196501 0.000000 0.000000 1.000000 1.000000
v 3.999999 13.938275 5.196501 0.000000 0.000000 1.000000 1.000000
v 3.999999 13.938275 4.999997 0.000000 0.000000 1.000000 1.000000
v 3.999999 13.938273 -5.196504 0.000000 0.000000 1.000000 1.000000
v 5.000000 13.938273 -5.000002 0.000000 0.000000 1.000000 1.000000
v 3.999999 13.938273 -5.000002 0.000000 0.000000 1.000000 1.000000
v 5.196501 13.938273 -5.196504 0.000000 0.000000 1.000000 1.000000
v 5.196501 13.938274 -4.000001 0.000000 0.000000 1.000000 1.000000
v 5.000000 13.938274 -4.000001 0.000000 0.000000 1.000000 1.000000
v 3.749999 5.798803 -5.250001 0.000000 0.000000 0.000000 1.000000
v 1.291666 5.798803 -5.250001 0.000000 0.000000 0.000000 1.000000
v 1.291667 5.798803 -5.000001 0.000000 0.000000 0.000000 1.000000
v 3.999999 5.798803 -5.000001 0.000000 0.000000 0.000000 1.000000
v 3.999999 5.798803 -5.196503 0.000000 0.000000 0.000000 1.000000
v 3.749999 5.798803 -5.446503 0.000000 0.000000 0.000000 1.000000
v 5.446501 5.798803 -5.446503 0.000000 0.000000 0.000000 1.000000
v 5.196501 5.798803 -5.196503 0.000000 0.000000 0.000000 1.000000
v 5.446501 5.798803 -3.750000 0.000000 0.000000 0.000000 1.000000
v 5.196501 5.798803 -4.000000 0.000000 0.000000 0.000000 1.000000
v 5.250000 5.798803 -3.750000 0.000000 0.000000 0.000000 1.000000
v 5.000000 5.798803 -4.000000 0.000000 0.000000 0.000000 1.000000
v 5.000000 5.798803 -1.291668 0.000000 0.000000 0.000000 1.000000
v 5.250000 5.798803 -1.291668 0.000000 0.000000 0.000000 1.000000
v 3.749999 6.130184 -5.250001 0.000000 0.000000 1.000000 1.000000
v 1.291667 6.130184 -5.000001 0.000000 0.000000 1.000000 1.000000
v 1.291666 6.130184 -5.250001 0.000000 0.000000 1.000000 1.000000
v 3.999999 6.130184 -5.000001 0.000000 0.000000 1.000000 1.000000
v 3.999999 6.130184 -5.196503 0.000000 0.000000 1.000000 1.000000
v 3.749999 6.130184 -5.446503 0.000000 0.000000 1.000000 1.000000
v 5.196501 6.130184 -5.196503 0.000000 0.000000 1.000000 1.000000
v 5.446501 6.130184 -5.446503 0.000000 0.000000 1.000000 1.000000
v 5.196501 6.130184 -4.000000 0.000000 0.000000 1.000000 1.000000
v 5.446501 6.130184 -3.750000 0.000000 0.000000 1.000000 1.000000
v 5.250000 6.130184 -3.750000 0.000000 0.000000 1.000000 1.000000
v 5.000000 6.130184 -4.000000 0.000000 0.000000 1.000000 1.000000
v 5.000000 6.130185 -1.291668 0.000000 0.000000 1.000000 1.000000
v 5.250000 6.130185 -1.291668 0.000000 0.000000 1.000000 1.000000
v -5.250000 5.798804 3.749995 0.000000 0.000000 0.000000 1.000000
v -5.000000 5.798803 1.291665 0.000000 0.000000 0.000000 1.000000
v -5.250000 5.798803 1.291664 0.000000 0.000000 0.000000 1.000000
v -5.000000 5.798804 3.999995 0.000000 0.000000 0.003922 1.000000
v -5.196501 5.798804 3.999995 0.000000 0.000000 0.000000 1.000000
v -5.446501 5.798804 3.749995 0.000000 0.000000 0.000000 1.000000
v -5.196501 5.798804 5.196502 0.000000 0.031373 0.000000 1.000000
v -5.446501 5.798804 5.446502 0.000000 0.000000 0.000000 1.000000
v -3.999999 5.798804 5.196502 0.000000 0.000000 0.164706 1.000000
v -3.749999 5.798804 5.446502 0.000000 0.000000 0.000000 1.000000
v -3.749999 5.798804 5.249998 0.000000 0.000000 0.078431 1.000000
v -3.999999 5.798804 4.999998 0.000000 0.000000 0.156863 1.000000
v -1.291667 5.798804 4.999998 0.000000 0.000000 0.686275 1.000000
v -1.291666 5.798804 5.249998 0.000000 0.000000 0.694118 1.000000
v -5.250000 6.130185 3.749995 0.000000 0.000000 1.000000 1.000000
v -5.250000 6.130185 1.291664 0.000000 0.000000 1.000000 1.000000
v -5.000000 6.130185 1.291665 0.000000 0.000000 1.000000 1.000000
v -5.000000 6.130185 3.999995 0.000000 0.000000 1.000000 1.000000
v -5.196501 6.130185 3.999995 0.000000 0.000000 1.000000 1.000000
v -5.446501 6.130185 3.749995 0.000000 0.000000 1.000000 1.000000
v -5.446501 6.130185 5.446501 0.000000 0.000000 1.000000 1.000000
v -5.196501 6.130185 5.196501 0.000000 1.000000 0.000000 1.000000
v -3.749999 6.130185 5.446501 0.000000 0.000000 1.000000 1.000000
v -3.999999 6.130185 5.196501 0.000000 0.000000 1.000000 1.000000
v -3.749999 6.130185 5.249997 0.000000 0.000000 1.000000 1.000000
v -3.999999 6.130185 4.999997 0.000000 0.000000 1.000000 1.000000
v -1.291667 6.130185 4.999997 0.000000 0.000000 1.000000 1.000000
v -1.291666 6.130185 5.249997 0.000000 0.000000 1.000000 1.000000
v 3.749999 5.798804 5.249998 0.000000 0.000000 0.149020 1.000000
v 1.291667 5.798804 4.999998 0.000000 0.000000 0.000000 1.000000
v 1.291666 5.798804 5.249998 0.000000 0.000000 0.000000 1.000000
v 3.999999 5.798804 4.999998 0.000000 0.000000 0.082353 1.000000
v 3.999999 5.798804 5.196502 0.000000 0.000000 0.070588 1.000000
v 3.749999 5.798804 5.446502 0.000000 0.000000 0.000000 1.000000
v 5.196501 5.798804 5.196502 0.000000 0.000000 0.000000 1.000000
v 5.446501 5.798804 5.446502 0.000000 0.000000 0.000000 1.000000
v 5.196501 5.798804 3.999995 0.000000 0.000000 0.000000 1.000000
v 5.446501 5.798804 3.749995 0.000000 0.000000 0.000000 1.000000
v 5.250000 5.798804 3.749995 0.000000 0.000000 0.000000 1.000000
v 5.000000 5.798804 3.999995 0.000000 0.000000 0.000000 1.000000
v 5.000000 5.798803 1.291665 0.000000 0.000000 0.000000 1.000000
v 5.250000 5.798803 1.291664 0.000000 0.000000 0.000000 1.000000
v 1.291667 6.130185 4.999997 0.000000 0.000000 1.000000 1.000000
v 3.749999 6.130185 5.249997 0.000000 0.000000 1.000000 1.000000
v 1.291666 6.130185 5.249997 0.000000 0.000000 1.000000 1.000000
v 3.999999 6.130185 4.999997 0.000000 0.000000 1.000000 1.000000
v 3.999999 6.130185 5.196501 0.000000 0.000000 1.000000 1.000000
v 3.749999 6.130185 5.446501 0.000000 0.000000 1.000000 1.000000
v 5.446501 6.130185 5.446501 0.000000 0.000000 0.486275 1.000000
v 5.196501 6.130185 5.196501 0.000000 0.000000 1.000000 1.000000
v 5.446501 6.130185 3.749995 0.000000 0.000000 1.000000 1.000000
v 5.196501 6.130185 3.999995 0.000000 0.000000 1.000000 1.000000
v 5.250000 6.130185 3.749995 0.000000 0.000000 1.000000 1.000000
v 5.000000 6.130185 3.999995 0.000000 0.000000 1.000000 1.000000
v 5.000000 6.130185 1.291665 0.000000 0.000000 1.000000 1.000000
v 5.250000 6.130185 1.291664 0.000000 0.000000 1.000000 1.000000
v -1.291667 6.130184 -5.000001 0.000000 0.000000 1.000000 1.000000
v -3.749999 6.130184 -5.250001 0.000000 0.000000 0.792157 1.000000
v -1.291666 6.130184 -5.250001 0.000000 0.000000 1.000000 1.000000
v -3.999999 6.130184 -5.000001 0.000000 0.000000 1.000000 1.000000
v -3.999999 6.130184 -5.196503 0.000000 0.000000 1.000000 1.000000
v -3.749999 6.130184 -5.446503 0.000000 0.000000 0.482353 1.000000
v -5.446501 6.130184 -5.446503 0.000000 0.000000 1.000000 1.000000
v -5.196501 6.130184 -5.196503 0.000000 0.000000 1.000000 1.000000
v -5.446501 6.130184 -3.750000 0.000000 0.000000 1.000000 1.000000
v -5.196501 6.130184 -4.000000 0.000000 0.000000 1.000000 1.000000
v -5.250000 6.130184 -3.750000 0.000000 0.000000 1.000000 1.000000
v -5.000000 6.130184 -4.000000 0.000000 0.000000 1.000000 1.000000
v -5.000000 6.130185 -1.291668 0.000000 0.000000 1.000000 1.000000
v -5.250000 6.130185 -1.291668 0.000000 0.000000 1.000000 1.000000
v -3.749999 5.798803 -5.250001 0.000000 0.000000 0.000000 1.000000
v -1.291667 5.798803 -5.000001 0.000000 0.000000 0.000000 1.000000
v -1.291666 5.798803 -5.250001 0.000000 0.000000 0.000000 1.000000
v -3.999999 5.798803 -5.000001 0.000000 0.000000 0.000000 1.000000
v -3.999999 5.798803 -5.196503 0.000000 0.000000 0.000000 1.000000
v -3.749999 5.798803 -5.446503 0.000000 0.000000 0.000000 1.000000
v -5.196501 5.798803 -5.196503 0.000000 0.000000 0.000000 1.000000
v -5.446501 5.798803 -5.446503 0.000000 0.000000 0.000000 1.000000
v -5.196501 5.798803 -4.000000 0.000000 0.000000 0.000000 1.000000
v -5.446501 5.798803 -3.750000 0.000000 0.000000 0.000000 1.000000
v -5.250000 5.798803 -3.750000 0.000000 0.000000 0.000000 1.000000
v -5.000000 5.798803 -4.000000 0.000000 0.000000 0.000000 1.000000
v -5.000000 5.798803 -1.291668 0.000000 0.000000 0.000000 1.000000
v -5.250000 5.798803 -1.291668 0.000000 0.000000 0.000000 1.000000
v -4.000001 15.000002 -5.282625 0.000000 1.000000 0.000000 1.000000
v -5.000000 15.000002 -5.000002 0.000000 1.000000 0.000000 1.000000
v -5.282622 15.000002 -5.282625 0.000000 1.000000 0.000000 1.000000
v -5.282622 15.000002 -4.000002 0.000000 1.000000 0.000000 1.000000
v -5.282622 15.000002 -5.282625 0.000000 1.000000 0.000000 1.000000
v -3.999999 15.000002 -5.000002 0.000000 1.000000 0.000000 1.000000
v -1.291667 15.000002 -5.282625 0.000000 1.000000 0.000000 1.000000
v -5.000000 15.000002 -4.000001 0.000000 1.000000 0.000000 1.000000
v -5.282622 15.000003 -1.291669 0.000000 1.000000 0.000000 1.000000
v -3.999999 15.000002 -4.000001 0.000000 1.000000 0.000000 1.000000
v -1.291667 15.000002 -5.000002 0.000000 1.000000 0.000000 1.000000
v 1.291667 15.000002 -5.282625 0.000000 1.000000 0.000000 1.000000
v -5.000000 15.000003 -1.291669 0.000000 1.000000 0.000000 1.000000
v -5.282622 15.000003 1.291664 0.000000 1.000000 0.000000 1.000000
v -3.999999 15.000003 -1.291669 0.000000 0.658824 0.000000 1.000000
v -1.291667 15.000002 -4.000001 0.000000 0.854902 0.000000 1.000000
v 1.291667 15.000002 -5.000002 0.000000 1.000000 0.000000 1.000000
v 3.999999 15.000002 -5.000002 0.000000 1.000000 0.000000 1.000000
v 4.000000 15.000002 -5.282625 0.000000 1.000000 0.000000 1.000000
v 1.291667 15.000002 -4.000001 0.000000 0.000000 0.000000 1.000000
v 5.000000 15.000002 -5.000002 0.000000 1.000000 0.000000 1.000000
v 5.282622 15.000002 -5.282625 0.000000 1.000000 0.000000 1.000000
v 5.282622 15.000002 -4.000002 0.000000 1.000000 0.000000 1.000000
v 5.000000 15.000002 -4.000001 0.000000 1.000000 0.000000 1.000000
v 5.282622 15.000003 -1.291669 0.000000 1.000000 0.000000 1.000000
v 3.999999 15.000002 -4.000001 0.000000 1.000000 0.000000 1.000000
v 5.000000 15.000003 -1.291669 0.000000 1.000000 0.000000 1.000000
v 5.282622 15.000003 1.291664 0.000000 1.000000 0.000000 1.000000
v 3.999999 15.000003 -1.291669 0.000000 0.898039 0.000000 1.000000
v 5.000000 15.000003 1.291664 0.000000 1.000000 0.000000 1.000000
v 5.000000 15.000003 3.999994 0.000000 1.000000 0.000000 1.000000
v 5.282622 15.000004 3.999999 0.000000 1.000000 0.000000 1.000000
v 3.999999 15.000003 1.291664 0.000000 0.000000 0.000000 1.000000
v 1.291667 15.000003 -1.291669 0.000000 0.000000 1.000000 1.000000
v 5.000000 15.000004 4.999996 0.000000 1.000000 0.000000 1.000000
v 5.282622 15.000004 5.282619 0.000000 0.831373 0.000000 1.000000
v 4.000000 15.000004 5.282619 0.000000 0.690196 0.000000 1.000000
v 3.999999 15.000004 4.999996 0.000000 0.690196 0.000000 1.000000
v 1.291667 15.000004 5.282619 0.000000 1.000000 0.000000 1.000000
v 3.999999 15.000003 3.999994 0.000000 0.000000 0.000000 1.000000
v 1.291667 15.000004 4.999996 0.000000 1.000000 0.000000 1.000000
v -1.291667 15.000004 5.282619 0.000000 1.000000 0.000000 1.000000
v 1.291667 15.000003 1.291664 0.000000 0.000000 1.000000 1.000000
v 1.291667 15.000003 3.999994 0.000000 1.000000 0.000000 1.000000
v -1.291667 15.000004 4.999996 0.000000 1.000000 0.000000 1.000000
v -1.291667 15.000003 3.999994 0.000000 1.000000 0.000000 1.000000
v -3.999999 15.000004 4.999996 0.000000 1.000000 0.000000 1.000000
v -4.000001 15.000004 5.282619 0.000000 1.000000 0.000000 1.000000
v -1.291667 15.000003 1.291664 0.000000 0.000000 1.000000 1.000000
v -3.999999 15.000003 3.999994 0.000000 1.000000 0.000000 1.000000
v -5.000000 15.000004 4.999996 0.000000 1.000000 0.000000 1.000000
v -5.282622 15.000004 5.282619 0.000000 1.000000 0.000000 1.000000
v -5.282622 15.000004 3.999999 0.000000 1.000000 0.000000 1.000000
v -5.000000 15.000003 3.999994 0.000000 1.000000 0.000000 1.000000
v -5.000000 15.000003 1.291664 0.000000 1.000000 0.000000 1.000000
v -3.999999 15.000003 1.291664 0.000000 1.000000 0.000000 1.000000
v -1.291667 15.000003 -1.291669 0.000000 0.000000 1.000000 1.000000
v -4.000001 14.085915 -5.282625 0.000000 0.000000 1.000000 1.000000
v -5.000000 14.085915 -5.000002 0.000000 0.000000 1.000000 1.000000
v -5.282622 14.085915 -5.282625 0.000000 0.000000 1.000000 1.000000
v -5.282622 14.085915 -4.000002 0.000000 0.000000 1.000000 1.000000
v -3.999999 14.085915 -5.000002 0.000000 0.000000 1.000000 1.000000
v -5.000000 14.085915 -4.000001 0.000000 0.000000 1.000000 1.000000
v -1.291667 14.085915 -5.282625 0.000000 0.000000 1.000000 1.000000
v -5.282622 14.085916 -1.291669 0.000000 0.192157 0.807843 1.000000
v -1.291667 14.085915 -5.000002 0.000000 0.000000 1.000000 1.000000
v -5.000000 14.085916 -1.291669 0.000000 0.180392 0.819608 1.000000
v 1.291667 14.085915 -5.282625 0.000000 0.000000 1.000000 1.000000
v -5.282622 14.085916 1.291664 0.000000 0.615686 0.384314 1.000000
v 1.291667 14.085915 -5.000002 0.000000 0.000000 1.000000 1.000000
v -5.000000 14.085916 1.291664 0.000000 0.568627 0.431373 1.000000
v 3.999999 14.085915 -5.000002 0.000000 0.000000 1.000000 1.000000
v -5.000000 14.085916 3.999994 0.000000 0.435294 0.564706 1.000000
v 4.000000 14.085915 -5.282625 0.000000 0.000000 1.000000 1.000000
v -5.282622 14.085917 3.999999 0.000000 0.435294 0.564706 1.000000
v 5.000000 14.085915 -5.000002 0.000000 0.000000 1.000000 1.000000
v -5.000000 14.085917 4.999996 0.000000 0.000000 1.000000 1.000000
v 5.282622 14.085915 -5.282625 0.000000 0.000000 1.000000 1.000000
v -5.282622 14.085917 5.282619 0.000000 0.000000 1.000000 1.000000
v 5.282622 14.085915 -4.000002 0.000000 0.007843 0.992157 1.000000
v -4.000001 14.085917 5.282619 0.000000 0.000000 1.000000 1.000000
v 5.000000 14.085915 -4.000001 0.000000 0.007843 0.992157 1.000000
v -3.999999 14.085917 4.999996 0.000000 0.000000 1.000000 1.000000
v 5.282622 14.085916 -1.291669 0.000000 0.023529 0.976471 1.000000
v -1.291667 14.085917 5.282619 0.000000 1.000000 0.000000 1.000000
v 5.000000 14.085916 -1.291669 0.000000 0.023529 0.976471 1.000000
v -1.291667 14.085917 4.999996 0.000000 1.000000 0.000000 1.000000
v 5.282622 14.085916 1.291664 0.000000 0.866667 0.133333 1.000000
v 1.291667 14.085917 4.999996 0.000000 0.000000 1.000000 1.000000
v 5.000000 14.085916 1.291664 0.000000 0.905882 0.094118 1.000000
v 1.291667 14.085917 5.282619 0.000000 0.000000 1.000000 1.000000
v 5.000000 14.085916 3.999994 0.000000 0.000000 1.000000 1.000000
v 3.999999 14.085917 4.999996 0.000000 0.000000 1.000000 1.000000
v 5.282622 14.085917 3.999999 0.000000 0.000000 1.000000 1.000000
v 4.000000 14.085917 5.282619 0.000000 0.000000 1.000000 1.000000
v 5.000000 14.085917 4.999996 0.000000 0.000000 1.000000 1.000000
v 5.282622 14.085917 5.282619 0.000000 0.000000 1.000000 1.000000
v 3.999999 3.865871 4.999998 0.000000 0.000000 1.000000 1.000000
v 1.291667 3.865871 4.999998 0.000000 1.000000 0.000000 1.000000
v 3.999999 5.798804 4.999998 0.000000 0.000000 0.082353 1.000000
v 1.291667 5.798804 4.999998 0.000000 0.000000 0.000000 1.000000
v -5.000000 3.865871 1.291666 0.000000 0.000000 1.000000 1.000000
v -5.000000 5.798803 1.291665 0.000000 0.000000 0.000000 1.000000
v -5.000000 5.798804 3.999995 0.000000 0.000000 0.003922 1.000000
v -5.000000 3.865871 3.999995 0.000000 0.000000 1.000000 1.000000
v 5.000000 3.865871 1.291666 0.000000 0.000000 1.000000 1.000000
v 5.000000 3.865871 3.999995 0.000000 0.000000 1.000000 1.000000
v 5.000000 5.798803 1.291665 0.000000 0.000000 0.000000 1.000000
v 5.000000 5.798804 3.999995 0.000000 0.000000 0.000000 1.000000
v -1.291667 3.865871 4.999998 0.000000 0.000000 1.000000 1.000000
v -3.999999 3.865871 4.999998 0.000000 0.000000 1.000000 1.000000
v -1.291667 5.798804 4.999998 0.000000 0.000000 0.686275 1.000000
v -3.999999 5.798804 4.999998 0.000000 0.000000 0.156863 1.000000
v 5.000000 3.865870 -4.000000 0.000000 0.000000 1.000000 1.000000
v 5.000000 3.865870 -1.291668 0.000000 0.529412 0.470588 1.000000
v 5.000000 5.798803 -4.000000 0.000000 0.000000 0.000000 1.000000
v 5.000000 5.798803 -1.291668 0.000000 0.000000 0.000000 1.000000
v -5.000000 0.000004 -4.000000 0.000000 1.000000 0.000000 1.000000
v -5.000000 1.932937 -4.000000 0.000000 0.000000 1.000000 1.000000
v -5.000000 0.000005 -1.291667 0.000000 1.000000 0.000000 1.000000
v -5.000000 1.932938 -1.291668 0.000000 0.000000 1.000000 1.000000
v -1.291667 1.932937 -5.000000 0.000000 0.000000 0.956863 1.000000
v -3.999999 1.932937 -5.000000 0.000000 0.000000 1.000000 1.000000
v -3.999999 0.000004 -5.000000 0.000000 1.000000 0.000000 1.000000
v -1.291667 0.000004 -5.000000 0.000000 1.000000 0.000000 1.000000
v 3.999999 1.932937 -5.000000 0.000000 0.000000 1.000000 1.000000
v 1.291667 1.932937 -5.000000 1.000000 1.000000 1.000000 1.000000
v 1.291667 0.000004 -5.000000 0.000000 1.000000 0.000000 1.000000
v 3.999999 0.000004 -5.000000 0.000000 1.000000 0.000000 1.000000
v 3.999999 5.798803 -5.000001 0.000000 0.000000 0.000000 1.000000
v 1.291667 5.798803 -5.000001 0.000000 0.000000 0.000000 1.000000
v 1.291667 3.865870 -5.000001 0.000000 1.000000 0.000000 1.000000
v 3.999999 3.865870 -5.000001 0.000000 0.000000 1.000000 1.000000
v 1.291667 1.932937 -5.000000 1.000000 1.000000 1.000000 1.000000
v 3.999999 1.932937 -5.000000 0.000000 0.000000 1.000000 1.000000
v 3.999999 13.938273 -5.000002 0.000000 0.000000 1.000000 1.000000
v 1.291667 13.938273 -5.000002 0.000000 0.000000 1.000000 1.000000
v 1.291667 11.986252 -5.000002 0.000000 1.000000 0.000000 1.000000
v 3.999999 11.986252 -5.000002 0.000000 0.000000 0.000000 1.000000
v 1.291667 10.034229 -5.000002 0.000000 1.000000 0.000000 1.000000
v 3.999999 10.034229 -5.000002 0.000000 0.423529 0.576471 1.000000
v 1.291667 8.082206 -5.000001 0.000000 1.000000 0.000000 1.000000
v 3.999999 8.082206 -5.000001 0.000000 0.000000 0.000000 1.000000
v 1.291667 6.130184 -5.000001 0.000000 0.000000 1.000000 1.000000
v 3.999999 6.130184 -5.000001 0.000000 0.000000 1.000000 1.000000
v -1.291667 13.938273 -5.000002 0.000000 0.000000 1.000000 1.000000
v -3.999999 13.938273 -5.000002 0.000000 0.000000 1.000000 1.000000
v -3.999999 11.986252 -5.000002 0.000000 0.000000 1.000000 1.000000
v -1.291667 11.986252 -5.000002 0.000000 1.000000 0.000000 1.000000
v -3.999999 10.034229 -5.000002 0.000000 0.000000 1.000000 1.000000
v -1.291667 10.034229 -5.000002 1.000000 1.000000 1.000000 1.000000
v -3.999999 8.082206 -5.000001 0.000000 0.000000 1.000000 1.000000
v -1.291667 8.082206 -5.000001 0.000000 1.000000 0.000000 1.000000
v -3.999999 6.130184 -5.000001 0.000000 0.000000 1.000000 1.000000
v -1.291667 6.130184 -5.000001 0.000000 0.000000 1.000000 1.000000
v -1.291667 5.798803 -5.000001 0.000000 0.000000 0.000000 1.000000
v -3.999999 5.798803 -5.000001 0.000000 0.000000 0.000000 1.000000
v -3.999999 3.865870 -5.000001 0.000000 0.000000 1.000000 1.000000
v -1.291667 3.865870 -5.000001 0.000000 0.000000 0.956863 1.000000
v -3.999999 1.932937 -5.000000 0.000000 0.000000 1.000000 1.000000
v -1.291667 1.932937 -5.000000 0.000000 0.000000 0.956863 1.000000
v 5.000000 0.000005 1.291666 0.000000 1.000000 0.000000 1.000000
v 5.000000 0.000005 3.999996 0.000000 1.000000 0.000000 1.000000
v 5.000000 1.932938 1.291666 0.000000 0.000000 1.000000 1.000000
v 5.000000 1.932938 3.999995 0.000000 0.000000 1.000000 1.000000
v 5.000000 3.865871 1.291666 0.000000 0.000000 1.000000 1.000000
v 5.000000 3.865871 3.999995 0.000000 0.000000 1.000000 1.000000
v 3.999999 0.000005 4.999998 0.000000 0.000000 1.000000 1.000000
v 1.291667 0.000005 4.999998 0.000000 0.000000 1.000000 1.000000
v 3.999999 1.932938 4.999998 0.000000 0.000000 1.000000 1.000000
v 1.291667 1.932938 4.999998 0.000000 0.000000 1.000000 1.000000
v 3.999999 3.865871 4.999998 0.000000 0.000000 1.000000 1.000000
v 1.291667 3.865871 4.999998 0.000000 1.000000 0.000000 1.000000
v -1.291667 0.000005 4.999998 0.000000 0.000000 1.000000 1.000000
v -3.999999 0.000005 4.999998 0.000000 0.000000 1.000000 1.000000
v -1.291667 1.932938 4.999998 0.000000 0.000000 1.000000 1.000000
v -3.999999 1.932938 4.999998 0.000000 0.000000 1.000000 1.000000
v -1.291667 3.865871 4.999998 0.000000 0.000000 1.000000 1.000000
v -3.999999 3.865871 4.999998 0.000000 0.000000 1.000000 1.000000
v -5.000000 3.865871 1.291666 0.000000 0.000000 1.000000 1.000000
v -5.000000 3.865871 3.999995 0.000000 0.000000 1.000000 1.000000
v -5.000000 1.932938 3.999995 0.000000 0.000000 1.000000 1.000000
v -5.000000 1.932938 1.291666 0.000000 0.031373 0.968628 1.000000
v -5.000000 0.000005 3.999996 0.000000 1.000000 0.000000 1.000000
v -5.000000 0.000005 1.291666 0.000000 1.000000 0.000000 1.000000
v -1.291667 6.130185 4.999997 0.000000 0.000000 1.000000 1.000000
v -3.999999 6.130185 4.999997 0.000000 0.000000 1.000000 1.000000
v -3.999999 8.082208 4.999997 0.000000 0.000000 0.000000 1.000000
v -1.291667 8.082208 4.999997 0.000000 0.000000 1.000000 1.000000
v -3.999999 10.034231 4.999997 0.000000 0.000000 1.000000 1.000000
v -1.291667 10.034231 4.999997 0.000000 0.000000 1.000000 1.000000
v -3.999999 11.986254 4.999997 0.000000 0.000000 0.000000 1.000000
v -1.291667 11.986254 4.999997 0.000000 0.000000 0.000000 1.000000
v -1.291667 13.938275 4.999997 0.000000 1.000000 0.000000 1.000000
v -3.999999 13.938275 4.999997 0.000000 0.000000 1.000000 1.000000
v 3.999999 11.986254 4.999997 0.000000 0.000000 1.000000 1.000000
v 1.291667 13.938275 4.999997 0.000000 0.000000 1.000000 1.000000
v 3.999999 13.938275 4.999997 0.000000 0.000000 1.000000 1.000000
v 1.291667 11.986254 4.999997 0.000000 0.741176 0.000000 1.000000
v 3.999999 10.034231 4.999997 0.000000 0.000000 1.000000 1.000000
v 1.291667 10.034231 4.999997 0.000000 0.000000 1.000000 1.000000
v 3.999999 8.082208 4.999997 0.000000 0.000000 1.000000 1.000000
v 1.291667 8.082208 4.999997 0.000000 0.000000 1.000000 1.000000
v 3.999999 6.130185 4.999997 0.000000 0.000000 1.000000 1.000000
v 1.291667 6.130185 4.999997 0.000000 0.000000 1.000000 1.000000
v 5.000000 1.932938 -1.291668 0.000000 0.000000 1.000000 1.000000
v 5.000000 0.000004 -4.000000 0.000000 1.000000 0.000000 1.000000
v 5.000000 0.000005 -1.291667 0.000000 1.000000 0.000000 1.000000
v 5.000000 1.932937 -4.000000 0.000000 0.000000 1.000000 1.000000
v 5.000000 3.865870 -1.291668 0.000000 0.529412 0.470588 1.000000
v 5.000000 3.865870 -4.000000 0.000000 0.000000 1.000000 1.000000
v 5.000000 8.082207 3.999995 0.000000 0.000000 1.000000 1.000000
v 5.000000 6.130185 1.291665 0.000000 0.000000 1.000000 1.000000
v 5.000000 6.130185 3.999995 0.000000 0.000000 1.000000 1.000000
v 5.000000 8.082207 1.291665 0.000000 1.000000 0.000000 1.000000
v 5.000000 10.034230 3.999995 0.000000 1.000000 0.000000 1.000000
v 5.000000 10.034230 1.291665 0.000000 1.000000 0.000000 1.000000
v 5.000000 11.986253 3.999994 0.000000 0.000000 0.000000 1.000000
v 5.000000 11.986253 1.291665 0.000000 1.000000 0.000000 1.000000
v 5.000000 13.938274 1.291664 0.000000 0.239216 0.760784 1.000000
v 5.000000 13.938274 3.999994 0.000000 0.000000 1.000000 1.000000
v -5.000000 6.130185 1.291665 0.000000 0.000000 1.000000 1.000000
v -5.000000 8.082207 1.291665 0.000000 0.000000 1.000000 1.000000
v -5.000000 6.130185 3.999995 0.000000 0.000000 1.000000 1.000000
v -5.000000 8.082207 3.999995 0.000000 0.000000 0.000000 1.000000
v -5.000000 10.034230 1.291665 0.000000 0.000000 1.000000 1.000000
v -5.000000 10.034230 3.999995 0.000000 0.000000 1.000000 1.000000
v -5.000000 11.986253 1.291665 0.000000 0.000000 1.000000 1.000000
v -5.000000 11.986253 3.999994 0.000000 0.000000 0.000000 1.000000
v -5.000000 13.938274 3.999994 0.000000 0.235294 0.764706 1.000000
v -5.000000 13.938274 1.291664 0.000000 0.098039 0.901961 1.000000
v -5.000000 6.130184 -4.000000 0.000000 0.000000 1.000000 1.000000
v -5.000000 8.082207 -4.000000 0.000000 0.000000 1.000000 1.000000
v -5.000000 6.130185 -1.291668 0.000000 0.000000 1.000000 1.000000
v -5.000000 8.082207 -1.291668 0.000000 0.000000 1.000000 1.000000
v -5.000000 10.034229 -4.000001 0.000000 0.000000 1.000000 1.000000
v -5.000000 10.034230 -1.291669 0.000000 0.000000 1.000000 1.000000
v -5.000000 11.986252 -4.000001 0.000000 0.000000 1.000000 1.000000
v -5.000000 11.986253 -1.291669 0.000000 0.000000 1.000000 1.000000
v -5.000000 13.938274 -1.291669 0.000000 0.000000 1.000000 1.000000
v -5.000000 13.938274 -4.000001 0.000000 0.000000 1.000000 1.000000
v 5.000000 8.082207 -1.291668 0.000000 1.000000 0.000000 1.000000
v 5.000000 6.130184 -4.000000 0.000000 0.000000 1.000000 1.000000
v 5.000000 6.130185 -1.291668 0.000000 0.000000 1.000000 1.000000
v 5.000000 8.082207 -4.000000 0.000000 0.000000 0.000000 1.000000
v 5.000000 10.034230 -1.291669 0.000000 1.000000 0.000000 1.000000
v 5.000000 10.034229 -4.000001 0.000000 0.000000 1.000000 1.000000
v 5.000000 11.986253 -1.291669 0.000000 0.000000 0.000000 1.000000
v 5.000000 11.986252 -4.000001 0.000000 0.000000 0.000000 1.000000
v 5.000000 13.938274 -4.000001 0.000000 0.000000 1.000000 1.000000
v 5.000000 13.938274 -1.291669 0.000000 0.000000 1.000000 1.000000
v -5.000000 3.865870 -4.000000 0.000000 0.000000 1.000000 1.000000
v -5.000000 5.798803 -4.000000 0.000000 0.000000 0.000000 1.000000
v -5.000000 5.798803 -1.291668 0.000000 0.000000 0.000000 1.000000
v -5.000000 3.865870 -1.291668 0.000000 0.000000 1.000000 1.000000
v -5.000000 1.932938 -1.291668 0.000000 0.000000 1.000000 1.000000
v -5.000000 1.932937 -4.000000 0.000000 0.000000 1.000000 1.000000
vt -2.250000 2.181641
vt -2.099609 2.181641
vt -2.099609 2.423828
vt -2.250000 2.423828
vt -2.099609 2.665039
vt -2.250000 2.665039
vt -2.099609 2.907227
vt -2.250000 2.907227
vt -2.367188 3.169922
vt -2.216797 3.169922
vt -2.216797 3.412109
vt -2.367188 3.412109
vt -2.216797 3.654297
vt -2.367188 3.654297
vt -2.216797 3.894531
vt -2.367188 3.894531
vt -4.433594 1.757324
vt -4.433594 1.661621
vt -4.308594 1.661621
vt -4.308594 1.757324
vt -3.970703 1.661621
vt -3.970703 1.757324
vt -3.648438 1.661621
vt -3.648438 1.757324
vt -3.308594 1.661621
vt -3.308594 1.757324
vt -3.183594 1.757324
vt -3.183594 1.661621
vt -0.685059 1.661621
vt -0.685059 1.757324
vt -0.810059 1.661621
vt -0.810059 1.757324
vt -1.148438 1.661621
vt -1.148438 1.757324
vt -1.471680 1.661621
vt -1.471680 1.757324
vt -1.809570 1.661621
vt -1.809570 1.757324
vt -1.934570 1.661621
vt -1.934570 1.757324
vt -3.927734 3.158203
vt -4.078125 3.158203
vt -4.078125 2.915039
vt -3.927734 2.915039
vt -4.078125 2.670898
vt -3.927734 2.670898
vt -4.078125 2.426758
vt -3.929688 2.426758
vt -4.078125 2.183594
vt -3.929688 2.183594
vt -2.705078 3.158203
vt -2.855469 3.158203
vt -2.855469 2.915039
vt -2.705078 2.915039
vt -2.855469 2.671875
vt -2.705078 2.671875
vt -2.855469 2.427734
vt -2.705078 2.427734
vt -2.855469 2.183594
vt -2.705078 2.183594
vt -3.673828 3.173828
vt -3.351562 3.173828
vt -3.351562 3.416016
vt -3.673828 3.416016
vt -3.351562 3.658203
vt -3.673828 3.658203
vt -3.351562 3.898438
vt -3.673828 3.898438
vt -2.726562 3.894531
vt -2.876953 3.894531
vt -2.726562 3.654297
vt -2.876953 3.654297
vt -2.726562 3.412109
vt -2.876953 3.412109
vt -2.726562 3.169922
vt -2.876953 3.169922
vt -1.730469 2.908203
vt -2.052734 2.908203
vt -2.052734 2.666992
vt -1.730469 2.666992
vt -2.052734 2.425781
vt -1.730469 2.425781
vt -2.052734 2.183594
vt -1.730469 2.183594
vt -2.312500 2.907227
vt -2.462891 2.907227
vt -2.462891 2.665039
vt -2.312500 2.665039
vt -2.462891 2.423828
vt -2.312500 2.423828
vt -2.462891 2.182617
vt -2.312500 2.182617
vt -2.367188 3.894531
vt -2.515625 3.894531
vt -2.515625 3.654297
vt -2.367188 3.654297
vt -2.515625 3.412109
vt -2.367188 3.412109
vt -2.515625 3.169922
vt -2.367188 3.169922
vt -3.718750 2.182617
vt -3.568359 2.182617
vt -3.568359 2.426758
vt -3.718750 2.426758
vt -3.568359 2.670898
vt -3.718750 2.670898
vt -3.568359 2.915039
vt -3.718750 2.915039
vt -3.568359 3.158203
vt -3.718750 3.158203
vt -3.929688 2.183594
vt -3.779297 2.183594
vt -3.779297 2.426758
vt -3.929688 2.426758
vt -3.779297 2.670898
vt -3.927734 2.670898
vt -3.779297 2.915039
vt -3.927734 2.915039
vt -3.779297 3.158203
vt -3.927734 3.158203
vt -2.462891 2.423828
vt -2.613281 2.182617
vt -2.462891 2.182617
vt -2.613281 2.423828
vt -2.462891 2.665039
vt -2.613281 2.665039
vt -2.462891 2.907227
vt -2.613281 2.907227
vt -0.685059 1.661621
vt -0.560059 1.661621
vt -0.685059 1.757324
vt -0.560059 1.757324
vt -0.221802 1.661621
vt -0.221802 1.757324
vt 0.100952 1.661621
vt 0.100952 1.757324
vt 0.439453 1.661621
vt 0.439453 1.757324
vt 0.564453 1.757324
vt 0.564453 1.661621
vt -1.934570 1.757324
vt -2.058594 1.757324
vt -1.934570 1.661621
vt -2.058594 1.661621
vt -2.398438 1.757324
vt -2.398438 1.661621
vt -2.720703 1.757324
vt -2.720703 1.661621
vt -3.058594 1.757324
vt -3.058594 1.661621
vt -3.183594 1.661621
vt -3.183594 1.757324
vt -2.250000 2.181641
vt -2.273438 2.423828
vt -2.273438 2.181641
vt -2.250000 2.423828
vt -2.273438 2.665039
vt -2.250000 2.665039
vt -2.273438 2.907227
vt -2.250000 2.907227
vt -2.613281 2.182617
vt -2.636719 2.423828
vt -2.636719 2.182617
vt -2.613281 2.423828
vt -2.636719 2.665039
vt -2.613281 2.665039
vt -2.636719 2.907227
vt -2.613281 2.907227
vt -2.900391 3.412109
vt -2.900391 3.169922
vt -2.876953 3.169922
vt -2.876953 3.412109
vt -2.900391 3.654297
vt -2.876953 3.654297
vt -2.900391 3.894531
vt -2.876953 3.894531
vt -2.541016 3.412109
vt -2.541016 3.169922
vt -2.515625 3.169922
vt -2.515625 3.412109
vt -2.541016 3.654297
vt -2.515625 3.654297
vt -2.541016 3.894531
vt -2.515625 3.894531
vt -2.705078 3.158203
vt -2.705078 2.915039
vt -2.679688 3.158203
vt -2.679688 2.915039
vt -2.705078 2.671875
vt -2.679688 2.671875
vt -2.705078 2.427734
vt -2.679688 2.427734
vt -2.705078 2.183594
vt -2.679688 2.183594
vt -3.417969 3.158203
vt -3.417969 2.915039
vt -3.394531 3.158203
vt -3.394531 2.915039
vt -3.417969 2.670898
vt -3.394531 2.670898
vt -3.419922 2.426758
vt -3.394531 2.426758
vt -3.419922 2.182617
vt -3.394531 2.182617
vt -3.568359 2.915039
vt -3.417969 3.158203
vt -3.568359 3.158203
vt -3.417969 2.915039
vt -3.568359 2.670898
vt -3.417969 2.670898
vt -3.568359 2.426758
vt -3.419922 2.426758
vt -3.568359 2.182617
vt -3.419922 2.182617
vt -3.078125 2.915039
vt -3.054688 3.158203
vt -3.078125 3.158203
vt -3.054688 2.915039
vt -3.080078 2.670898
vt -3.054688 2.670898
vt -3.080078 2.426758
vt -3.054688 2.426758
vt -3.080078 2.182617
vt -3.054688 2.182617
vt -3.228516 2.915039
vt -3.078125 3.158203
vt -3.228516 3.158203
vt -3.078125 2.915039
vt -3.228516 2.670898
vt -3.080078 2.670898
vt -3.228516 2.426758
vt -3.080078 2.426758
vt -3.228516 2.182617
vt -3.080078 2.182617
vt -3.779297 2.915039
vt -3.753906 3.158203
vt -3.779297 3.158203
vt -3.753906 2.915039
vt -3.779297 2.670898
vt -3.753906 2.670898
vt -3.779297 2.426758
vt -3.753906 2.426758
vt -3.779297 2.183594
vt -3.753906 2.183594
vt -2.052734 2.183594
vt -2.083984 2.425781
vt -2.083984 2.183594
vt -2.052734 2.425781
vt -2.083984 2.666992
vt -2.052734 2.666992
vt -2.083984 2.908203
vt -2.052734 2.908203
vt -3.716797 3.173828
vt -3.716797 3.416016
vt -3.748047 3.173828
vt -3.748047 3.416016
vt -3.716797 3.658203
vt -3.748047 3.658203
vt -3.716797 3.898438
vt -3.748047 3.898438
vt -1.699219 2.425781
vt -1.730469 2.183594
vt -1.699219 2.183594
vt -1.730469 2.425781
vt -1.699219 2.666992
vt -1.730469 2.666992
vt -1.699219 2.908203
vt -1.730469 2.908203
vt -3.748047 3.416016
vt -4.070312 3.173828
vt -3.748047 3.173828
vt -4.070312 3.416016
vt -3.748047 3.658203
vt -4.070312 3.658203
vt -3.748047 3.898438
vt -4.070312 3.898438
vt -4.070312 3.173828
vt -4.101562 3.416016
vt -4.101562 3.173828
vt -4.070312 3.416016
vt -4.101562 3.658203
vt -4.070312 3.658203
vt -4.101562 3.898438
vt -4.070312 3.898438
vt -3.673828 3.173828
vt -3.705078 3.416016
vt -3.705078 3.173828
vt -3.673828 3.416016
vt -3.705078 3.658203
vt -3.673828 3.658203
vt -3.705078 3.898438
vt -3.673828 3.898438
vt -2.917969 3.173828
vt -2.917969 3.416016
vt -2.949219 3.173828
vt -2.949219 3.416016
vt -2.917969 3.658203
vt -2.949219 3.658203
vt -2.917969 3.898438
vt -2.949219 3.898438
vt -3.320312 3.416016
vt -3.351562 3.173828
vt -3.320312 3.173828
vt -3.351562 3.416016
vt -3.320312 3.658203
vt -3.351562 3.658203
vt -3.320312 3.898438
vt -3.351562 3.898438
vt -2.949219 3.416016
vt -3.271484 3.173828
vt -2.949219 3.173828
vt -3.271484 3.416016
vt -2.949219 3.658203
vt -3.271484 3.658203
vt -2.949219 3.898438
vt -3.271484 3.898438
vt -3.271484 3.173828
vt -3.302734 3.416016
vt -3.302734 3.173828
vt -3.271484 3.416016
vt -3.302734 3.658203
vt -3.271484 3.658203
vt -3.302734 3.898438
vt -3.271484 3.898438
vt 2.402344 0.986176
vt 2.435547 0.742432
vt 2.435547 0.986320
vt 2.402344 0.742188
vt 2.435547 0.498535
vt 2.402344 0.498535
vt 2.435547 0.254395
vt 2.402344 0.254395
vt 2.435547 0.010742
vt 2.402344 0.010254
vt 2.435547 0.742432
vt 2.757812 0.986305
vt 2.435547 0.986320
vt 2.757812 0.742432
vt 2.435547 0.498535
vt 2.757812 0.498535
vt 2.435547 0.254395
vt 2.757812 0.254395
vt 2.435547 0.010742
vt 2.757812 0.010742
vt 2.757812 0.986305
vt 2.757812 0.742432
vt 2.791016 0.986153
vt 2.791016 0.742188
vt 2.757812 0.498535
vt 2.791016 0.498535
vt 2.757812 0.254395
vt 2.791016 0.254395
vt 2.757812 0.010742
vt 2.791016 0.010254
vt 3.560547 0.746094
vt 3.593750 0.989754
vt 3.560547 0.989906
vt 3.593750 0.745850
vt 3.560547 0.501953
vt 3.593750 0.501953
vt 3.560547 0.258301
vt 3.593750 0.257812
vt 3.560547 0.014160
vt 3.593750 0.014160
vt 3.236328 0.989891
vt 3.236328 0.746094
vt 3.560547 0.989906
vt 3.560547 0.746094
vt 3.236328 0.501953
vt 3.560547 0.501953
vt 3.236328 0.258301
vt 3.560547 0.258301
vt 3.236328 0.014160
vt 3.560547 0.014160
vt 3.203125 0.989746
vt 3.236328 0.746094
vt 3.236328 0.989891
vt 3.203125 0.745850
vt 3.236328 0.501953
vt 3.203125 0.501953
vt 3.236328 0.258301
vt 3.203125 0.257812
vt 3.236328 0.014160
vt 3.203125 0.014160
vt 3.154297 0.742432
vt 3.187500 0.986130
vt 3.154297 0.986275
vt 3.187500 0.742188
vt 3.154297 0.498535
vt 3.187500 0.498535
vt 3.154297 0.254395
vt 3.187500 0.254395
vt 3.154297 0.010742
vt 3.187500 0.010254
vt 2.832031 0.986259
vt 3.154297 0.742432
vt 3.154297 0.986275
vt 2.832031 0.742432
vt 3.154297 0.498535
vt 2.832031 0.498535
vt 3.154297 0.254395
vt 2.832031 0.254395
vt 3.154297 0.010742
vt 2.832031 0.010254
vt 2.798828 0.986115
vt 2.832031 0.742432
vt 2.832031 0.986259
vt 2.798828 0.742188
vt 2.832031 0.498535
vt 2.798828 0.498535
vt 2.832031 0.254395
vt 2.798828 0.254395
vt 2.832031 0.010254
vt 2.798828 0.010254
vt 2.003906 0.986107
vt 2.037109 0.742432
vt 2.037109 0.986259
vt 2.003906 0.742188
vt 2.037109 0.498535
vt 2.003906 0.498535
vt 2.037109 0.254395
vt 2.003906 0.254395
vt 2.037109 0.010254
vt 2.003906 0.010254
vt 2.037109 0.742432
vt 2.361328 0.986282
vt 2.037109 0.986259
vt 2.361328 0.742432
vt 2.037109 0.498535
vt 2.361328 0.498535
vt 2.037109 0.254395
vt 2.361328 0.254395
vt 2.037109 0.010254
vt 2.361328 0.010742
vt 2.361328 0.742432
vt 2.394531 0.986137
vt 2.361328 0.986282
vt 2.394531 0.742188
vt 2.361328 0.498535
vt 2.394531 0.498535
vt 2.361328 0.254395
vt 2.394531 0.254395
vt 2.361328 0.010742
vt 2.394531 0.010254
vt -2.578125 3.654297
vt -2.552734 3.894531
vt -2.576172 3.894531
vt -2.552734 3.654297
vt -2.578125 3.412109
vt -2.552734 3.412109
vt -2.552734 3.169922
vt -2.578125 3.169922
vt -2.726562 3.654297
vt -2.576172 3.894531
vt -2.726562 3.894531
vt -2.578125 3.654297
vt -2.726562 3.412109
vt -2.578125 3.412109
vt -2.578125 3.169922
vt -2.726562 3.169922
vt -2.312500 2.665039
vt -2.289062 2.907227
vt -2.312500 2.907227
vt -2.289062 2.665039
vt -2.312500 2.423828
vt -2.289062 2.423828
vt -2.289062 2.182617
vt -2.312500 2.182617
vt -1.537109 2.909180
vt -1.537109 2.666992
vt -1.512695 2.909180
vt -1.512695 2.666992
vt -1.537109 2.425781
vt -1.512695 2.425781
vt -1.512695 2.183594
vt -1.537109 2.183594
vt -1.686523 2.909180
vt -1.686523 2.666992
vt -1.537109 2.909180
vt -1.537109 2.666992
vt -1.686523 2.425781
vt -1.537109 2.425781
vt -1.537109 2.183594
vt -1.686523 2.183594
vt -2.216797 3.894531
vt -2.216797 3.654297
vt -2.191406 3.894531
vt -2.193359 3.652344
vt -2.216797 3.412109
vt -2.193359 3.412109
vt -2.193359 3.169922
vt -2.216797 3.169922
vt -3.378906 2.426758
vt -3.402344 2.182617
vt -3.378906 2.182617
vt -3.402344 2.426758
vt -3.378906 2.670898
vt -3.402344 2.670898
vt -3.378906 2.915039
vt -3.402344 2.915039
vt -3.402344 3.158203
vt -3.378906 3.158203
vt -3.228516 2.426758
vt -3.378906 2.182617
vt -3.228516 2.182617
vt -3.378906 2.426758
vt -3.228516 2.670898
vt -3.378906 2.670898
vt -3.228516 2.915039
vt -3.378906 2.915039
vt -3.378906 3.158203
vt -3.228516 3.158203
vt -3.718750 2.426758
vt -3.742188 2.182617
vt -3.718750 2.182617
vt -3.742188 2.426758
vt -3.718750 2.670898
vt -3.742188 2.670898
vt -3.718750 2.915039
vt -3.742188 2.915039
vt -3.742188 3.158203
vt -3.718750 3.158203
vt -3.013672 2.182617
vt -3.013672 2.426758
vt -3.039062 2.182617
vt -3.039062 2.426758
vt -3.013672 2.670898
vt -3.039062 2.670898
vt -3.013672 2.914062
vt -3.039062 2.914062
vt -3.039062 3.158203
vt -3.013672 3.158203
vt -2.865234 2.182617
vt -2.865234 2.426758
vt -3.013672 2.182617
vt -3.013672 2.426758
vt -2.865234 2.670898
vt -3.013672 2.670898
vt -2.865234 2.914062
vt -3.013672 2.914062
vt -3.013672 3.158203
vt -2.865234 3.158203
vt -4.078125 2.183594
vt -4.078125 2.426758
vt -4.101562 2.183594
vt -4.101562 2.426758
vt -4.078125 2.670898
vt -4.101562 2.670898
vt -4.078125 2.915039
vt -4.101562 2.915039
vt -4.101562 3.158203
vt -4.078125 3.158203
vt -0.793945 -0.906250
vt -0.822754 -0.755859
vt -0.855469 -0.768555
vt -0.821777 -0.931641
vt -0.855469 -0.768555
vt -0.822754 -0.755859
vt -0.813477 -0.741211
vt -0.862793 -0.754883
vt -0.813477 -0.741211
vt -0.810059 -0.419922
vt -0.854492 -0.420898
vt -0.862793 -0.754883
vt -0.822754 0.283691
vt -0.854492 0.298828
vt -0.813477 0.269531
vt -0.862793 0.284180
vt -0.822754 0.283691
vt -0.789062 0.437988
vt -0.813477 0.465332
vt -0.854492 0.298828
vt -0.789062 0.437988
vt -0.637207 0.468262
vt -0.813477 0.465332
vt -0.651855 0.500244
vt -0.651855 0.500244
vt -0.623535 0.458984
vt -0.638184 0.507568
vt -0.637207 0.468262
vt 0.052216 0.456543
vt 0.387695 0.458496
vt 0.053314 0.500488
vt 0.402832 0.508301
vt 0.387695 0.458496
vt 0.401855 0.467773
vt 0.417725 0.499512
vt 0.402832 0.508301
vt 0.401855 0.467773
vt 0.583984 0.458984
vt 0.417725 0.499512
vt 0.556641 0.434082
vt 0.618652 0.295898
vt 0.583984 0.458984
vt 0.556641 0.434082
vt 0.586426 0.282715
vt 0.625977 0.281738
vt 0.618652 0.295898
vt 0.576660 0.268066
vt 0.586426 0.282715
vt 0.625000 -0.758789
vt 0.619141 -0.408203
vt 0.574219 -0.407227
vt 0.576172 -0.743164
vt 0.576172 -0.743164
vt 0.616699 -0.773438
vt 0.625000 -0.758789
vt 0.584961 -0.757812
vt 0.575684 -0.939453
vt 0.616699 -0.773438
vt 0.584961 -0.757812
vt 0.551270 -0.912109
vt 0.413818 -0.973633
vt 0.575684 -0.939453
vt 0.399414 -0.942383
vt 0.551270 -0.912109
vt 0.399414 -0.942383
vt 0.385742 -0.932617
vt 0.413818 -0.973633
vt 0.400635 -0.981445
vt 0.064270 -0.973633
vt 0.400635 -0.981445
vt 0.063171 -0.929688
vt 0.385742 -0.932617
vt -0.640137 -0.981445
vt -0.625000 -0.931641
vt -0.655273 -0.972656
vt -0.639160 -0.941406
vt -0.639160 -0.941406
vt -0.793945 -0.906250
vt -0.821777 -0.931641
vt -0.655273 -0.972656
vt 0.625977 0.281738
vt 0.573730 -0.054688
vt 0.618164 -0.053711
vt 0.576660 0.268066
vt -0.811523 -0.067383
vt -0.813477 0.269531
vt -0.862793 0.284180
vt -0.855957 -0.065430
vt -0.473633 0.875732
vt -0.150879 0.834351
vt -0.150879 0.875732
vt -0.473633 0.834351
vt -1.262695 1.057800
vt -1.262695 0.735107
vt -1.221680 0.735107
vt -1.221680 1.057800
vt -0.623535 0.458984
vt -0.300537 0.455566
vt -0.638184 0.507568
vt -0.301758 0.500244
vt -0.640137 -0.981445
vt -0.290527 -0.973633
vt -0.625000 -0.931641
vt -0.289307 -0.929688
vt -1.104492 0.778809
vt -0.781738 0.778809
vt -1.104492 0.820190
vt -0.781738 0.820190
vt -0.721191 1.272705
vt -0.721191 0.949982
vt -0.679688 1.272705
vt -0.679688 0.949982
vt -0.087769 0.875732
vt -0.150879 0.875732
vt -0.087769 0.834351
vt -0.150879 0.834351
vt -0.150879 0.938812
vt -0.473633 0.938812
vt -0.473633 0.875732
vt -0.150879 0.875732
vt -0.473633 0.834351
vt -0.536621 0.875732
vt -0.536621 0.834351
vt -0.473633 0.875732
vt -0.473633 0.771240
vt -0.150879 0.771240
vt -0.150879 0.834351
vt -0.473633 0.834351
vt -1.221680 1.057800
vt -1.221680 0.735107
vt -1.158203 0.735107
vt -1.158203 1.057831
vt -1.262695 1.057800
vt -1.221680 1.057800
vt -1.221680 1.120911
vt -1.262695 1.120911
vt -1.262695 0.735107
vt -1.262695 1.057800
vt -1.326172 1.057770
vt -1.326172 0.735107
vt -1.221680 0.735107
vt -1.262695 0.735107
vt -1.262695 0.671875
vt -1.221680 0.671875
vt -0.781738 0.820190
vt -0.718750 0.778809
vt -0.718750 0.820190
vt -0.781738 0.778809
vt -1.104492 0.820190
vt -0.781738 0.883301
vt -1.104492 0.883362
vt -0.781738 0.820190
vt -1.104492 0.778809
vt -1.166992 0.820312
vt -1.166992 0.778809
vt -1.104492 0.820190
vt -0.781738 0.778809
vt -1.104492 0.778809
vt -1.104492 0.715820
vt -0.781738 0.715820
vt -0.679688 1.272705
vt -0.679688 1.335938
vt -0.721191 1.272705
vt -0.721191 1.335938
vt -0.721191 0.949982
vt -0.721191 1.272705
vt -0.784180 1.272705
vt -0.784180 0.949982
vt -0.721191 0.949982
vt -0.721191 0.886902
vt -0.679688 0.949982
vt -0.679688 0.886841
vt -0.679688 1.272705
vt -0.616699 0.949982
vt -0.616699 1.272705
vt -0.679688 0.949982
vt 1.666992 0.562012
vt 1.803711 0.597168
vt 1.791992 0.608154
vt 1.662109 0.580078
vt 1.318359 0.556152
vt 1.318359 0.574951
vt 0.984863 0.553467
vt 0.984863 0.572510
vt 0.627930 0.555420
vt 0.632324 0.573730
vt 0.490479 0.584717
vt 0.500977 0.595947
vt 4.390625 -1.755859
vt 4.515625 -1.716797
vt 4.503906 -1.707031
vt 4.386719 -1.738281
vt 4.046875 -1.769531
vt 4.046875 -1.750000
vt 3.720703 -1.769531
vt 3.722656 -1.750000
vt 3.382812 -1.757812
vt 3.386719 -1.738281
vt 3.259766 -1.722656
vt 3.269531 -1.710938
vt 3.191406 -0.572266
vt 3.189453 -0.411133
vt 3.154297 -0.447266
vt 3.156250 -0.573242
vt 3.187500 -0.919922
vt 3.152344 -0.920898
vt 3.156250 -1.259766
vt 3.191406 -1.255859
vt 3.183594 -1.613281
vt 3.216797 -1.601562
vt 3.246094 -1.738281
vt 3.259766 -1.722656
vt 3.382812 -1.757812
vt 3.373047 -1.791016
vt 3.720703 -1.769531
vt 3.718750 -1.804688
vt 4.046875 -1.769531
vt 4.050781 -1.804688
vt 4.398438 -1.789062
vt 4.390625 -1.755859
vt 4.527344 -1.732422
vt 4.515625 -1.716797
vt 4.550781 -1.593750
vt 4.585938 -1.603516
vt 4.566406 -1.251953
vt 4.601562 -1.253906
vt 4.605469 -0.924805
vt 4.570312 -0.925781
vt 4.593750 -0.575195
vt 4.562500 -0.583008
vt 4.542969 -0.445312
vt 4.527344 -0.459961
vt 4.406250 -0.417969
vt 4.414062 -0.383789
vt 4.058594 -0.393555
vt 4.058594 -0.357422
vt 3.722656 -0.352539
vt 3.722656 -0.387695
vt 3.375000 -0.354492
vt 3.373047 -0.389648
vt 3.248047 -0.353516
vt 3.210938 -0.388672
vt 0.500977 0.595947
vt 0.473877 0.726074
vt 0.490479 0.584717
vt 0.455566 0.721436
vt 0.469727 1.073792
vt 0.450684 1.073425
vt 0.467529 1.410156
vt 0.448486 1.410156
vt 0.469238 1.764648
vt 0.450684 1.768555
vt 0.480469 1.906738
vt 0.491699 1.895996
vt 3.269531 -1.710938
vt 3.234375 -1.593750
vt 3.259766 -1.722656
vt 3.216797 -1.601562
vt 3.210938 -1.253906
vt 3.191406 -1.255859
vt 3.207031 -0.918945
vt 3.187500 -0.919922
vt 3.210938 -0.572266
vt 3.191406 -0.572266
vt 3.189453 -0.411133
vt 3.208984 -0.410156
vt 4.515625 -1.716797
vt 4.550781 -1.593750
vt 4.503906 -1.707031
vt 4.535156 -1.587891
vt 4.566406 -1.251953
vt 4.546875 -1.250000
vt 4.570312 -0.925781
vt 4.550781 -0.926758
vt 4.562500 -0.583008
vt 4.542969 -0.588867
vt 4.515625 -0.469727
vt 4.527344 -0.459961
vt 1.803711 0.597168
vt 1.833984 0.735352
vt 1.791992 0.608154
vt 1.815430 0.739990
vt 1.837891 1.090515
vt 1.818359 1.090820
vt 1.837891 1.422852
vt 1.818359 1.422852
vt 1.833984 1.769531
vt 1.816406 1.765137
vt 1.790039 1.895508
vt 1.801758 1.906250
vt 0.414062 1.072449
vt 0.421875 0.714111
vt 0.450684 1.073425
vt 0.455566 0.721436
vt 0.477051 0.570801
vt 0.490479 0.584717
vt 0.627930 0.555420
vt 0.621094 0.521240
vt 0.984863 0.553467
vt 0.984375 0.516846
vt 1.868164 0.728516
vt 1.874023 1.089722
vt 1.837891 1.090515
vt 1.833984 0.735352
vt 1.817383 0.583252
vt 1.803711 0.597168
vt 1.666992 0.562012
vt 1.673828 0.527832
vt 1.318359 0.556152
vt 1.319336 0.519775
vt 0.491699 1.895996
vt 0.622070 1.923340
vt 0.480469 1.906738
vt 0.617188 1.941406
vt 0.968750 1.924805
vt 0.968750 1.943848
vt 1.303711 1.924316
vt 1.304688 1.943359
vt 1.659180 1.919434
vt 1.664062 1.937500
vt 1.801758 1.906250
vt 1.790039 1.895508
vt 3.210938 -0.407227
vt 3.373047 -0.408203
vt 3.210938 -0.388672
vt 3.373047 -0.389648
vt 3.722656 -0.407227
vt 3.722656 -0.387695
vt 4.054688 -0.412109
vt 4.058594 -0.393555
vt 4.398438 -0.435547
vt 4.406250 -0.417969
vt 4.527344 -0.459961
vt 4.515625 -0.469727
vt 1.304688 1.943359
vt 1.670898 1.972168
vt 1.305664 1.979492
vt 1.664062 1.937500
vt 1.815430 1.919922
vt 1.801758 1.906250
vt 1.833984 1.769531
vt 1.868164 1.775879
vt 1.837891 1.422852
vt 1.874023 1.422852
vt 0.448486 1.410156
vt 0.416504 1.775391
vt 0.412354 1.411133
vt 0.450684 1.768555
vt 0.466797 1.920410
vt 0.480469 1.906738
vt 0.617188 1.941406
vt 0.610352 1.975586
vt 0.968750 1.943848
vt 0.968262 1.980469
vt 0.466797 1.920410
vt 0.394775 1.784668
vt 0.416504 1.775391
vt 0.443115 1.943359
vt 0.600586 1.996582
vt 0.610352 1.975586
vt 1.815430 1.919922
vt 1.868164 1.775879
vt 1.889648 1.785156
vt 1.838867 1.942871
vt 1.680664 1.993652
vt 1.670898 1.972168
vt 1.683594 0.506592
vt 1.817383 0.583252
vt 1.673828 0.527832
vt 1.841797 0.560547
vt 1.889648 0.719238
vt 1.868164 0.728516
vt 0.400391 0.704102
vt 0.477051 0.570801
vt 0.421875 0.714111
vt 0.454102 0.547119
vt 0.612305 0.499512
vt 0.621094 0.521240
vt -0.862793 -0.754883
vt -0.854492 -0.420898
vt -0.887695 -0.421875
vt -0.897461 -0.791992
vt -0.875488 -0.798828
vt -0.855469 -0.768555
vt -0.821777 -0.931641
vt -0.832520 -0.943359
vt -0.655273 -0.972656
vt -0.688477 -0.995117
vt -0.640137 -0.981445
vt -0.679199 -1.015625
vt -0.291992 -1.005859
vt -0.290527 -0.973633
vt -0.813477 -0.741211
vt -0.776367 -0.419922
vt -0.810059 -0.419922
vt -0.774902 -0.761719
vt -0.793945 -0.765625
vt -0.822754 -0.755859
vt -0.770996 -0.883789
vt -0.793945 -0.906250
vt -0.650879 -0.913086
vt -0.639160 -0.941406
vt -0.625000 -0.931641
vt -0.645508 -0.893555
vt -0.288574 -0.895508
vt -0.289307 -0.929688
vt 0.402832 0.508301
vt 0.054779 0.533691
vt 0.053314 0.500488
vt 0.441895 0.542725
vt 0.450684 0.522461
vt 0.417725 0.499512
vt 0.594727 0.470703
vt 0.583984 0.458984
vt 0.638184 0.326172
vt 0.618652 0.295898
vt 0.625977 0.281738
vt 0.660156 0.318848
vt 0.651367 -0.052734
vt 0.618164 -0.053711
vt 0.387695 0.458496
vt 0.052216 0.456543
vt 0.051453 0.422363
vt 0.408203 0.420410
vt 0.413818 0.439941
vt 0.401855 0.467773
vt 0.556641 0.434082
vt 0.534180 0.410645
vt 0.586426 0.282715
vt 0.557617 0.292969
vt 0.576660 0.268066
vt 0.538086 0.288574
vt 0.539551 -0.054688
vt 0.573730 -0.054688
vt 0.625000 -0.758789
vt 0.652344 -0.410156
vt 0.619141 -0.408203
vt 0.659180 -0.796875
vt 0.639160 -0.805664
vt 0.616699 -0.773438
vt 0.587891 -0.949219
vt 0.575684 -0.939453
vt 0.445312 -0.993164
vt 0.413818 -0.973633
vt 0.400635 -0.981445
vt 0.438232 -1.015625
vt 0.065613 -1.005859
vt 0.064270 -0.973633
vt 0.540527 -0.406250
vt 0.576172 -0.743164
vt 0.574219 -0.407227
vt 0.537598 -0.763672
vt 0.557129 -0.769531
vt 0.584961 -0.757812
vt 0.551270 -0.912109
vt 0.527832 -0.889648
vt 0.399414 -0.942383
vt 0.410400 -0.913086
vt 0.385742 -0.932617
vt 0.406250 -0.893555
vt 0.062805 -0.895508
vt 0.063171 -0.929688
vt -0.777344 -0.068359
vt -0.813477 0.269531
vt -0.811523 -0.067383
vt -0.775391 0.290039
vt -0.794922 0.295410
vt -0.822754 0.283691
vt -0.789062 0.437988
vt -0.765625 0.415527
vt -0.637207 0.468262
vt -0.647949 0.439453
vt -0.623535 0.458984
vt -0.644043 0.419922
vt -0.300293 0.421875
vt -0.300537 0.455566
vt -0.862793 0.284180
vt -0.889160 -0.063477
vt -0.855957 -0.065430
vt -0.896973 0.323242
vt -0.876953 0.332031
vt -0.854492 0.298828
vt -0.825684 0.475586
vt -0.813477 0.465332
vt -0.683105 0.519531
vt -0.651855 0.500244
vt -0.638184 0.507568
vt -0.676270 0.541748
vt -0.302979 0.533447
vt -0.301758 0.500244
vt 3.210938 -0.572266
vt 3.244141 -0.443359
vt 3.208984 -0.410156
vt 3.373047 -0.408203
vt 3.210938 -0.407227
vt 3.246094 -0.571289
vt 3.207031 -0.918945
vt 3.373047 -0.444336
vt 3.722656 -0.407227
vt 3.373047 -0.570312
vt 3.242188 -0.917969
vt 3.210938 -1.253906
vt 3.720703 -0.442383
vt 4.054688 -0.412109
vt 3.718750 -0.569336
vt 3.369141 -0.914062
vt 3.246094 -1.250000
vt 3.269531 -1.585938
vt 3.234375 -1.593750
vt 3.373047 -1.242188
vt 3.294922 -1.685547
vt 3.269531 -1.710938
vt 3.386719 -1.738281
vt 3.394531 -1.703125
vt 3.722656 -1.750000
vt 3.394531 -1.576172
vt 3.722656 -1.714844
vt 4.046875 -1.750000
vt 3.722656 -1.585938
vt 4.042969 -1.712891
vt 4.378906 -1.703125
vt 4.386719 -1.738281
vt 4.039062 -1.585938
vt 3.714844 -1.238281
vt 4.476562 -1.679688
vt 4.503906 -1.707031
vt 4.535156 -1.587891
vt 4.496094 -1.580078
vt 4.546875 -1.250000
vt 4.371094 -1.576172
vt 4.511719 -1.250000
vt 4.550781 -0.926758
vt 4.039062 -1.240234
vt 4.382812 -1.244141
vt 4.515625 -0.927734
vt 4.386719 -0.927734
vt 4.507812 -0.594727
vt 4.542969 -0.588867
vt 4.039062 -0.916992
vt 4.382812 -0.595703
vt 4.488281 -0.495117
vt 4.515625 -0.469727
vt 4.398438 -0.435547
vt 4.390625 -0.470703
vt 4.050781 -0.448242
vt 4.042969 -0.576172
vt 3.712891 -0.912109
vt 0.469238 1.764648
vt 0.519043 1.869629
vt 0.491699 1.895996
vt 0.622070 1.923340
vt 0.504883 1.758301
vt 0.628906 1.887695
vt 0.467529 1.410156
vt 0.968750 1.924805
vt 0.503906 1.409912
vt 0.968750 1.888184
vt 0.469727 1.073792
vt 1.303711 1.924316
vt 0.505859 1.074341
vt 1.303711 1.887695
vt 0.509277 0.733154
vt 1.652344 1.883789
vt 0.473877 0.726074
vt 1.659180 1.919434
vt 0.527344 0.623535
vt 1.763672 1.868164
vt 0.500977 0.595947
vt 1.790039 1.895508
vt 0.632324 0.573730
vt 1.816406 1.765137
vt 0.638184 0.609375
vt 1.781250 1.758789
vt 0.984863 0.572510
vt 1.818359 1.422852
vt 0.985352 0.609131
vt 1.782227 1.423340
vt 1.318359 0.574951
vt 1.782227 1.091553
vt 1.318359 0.611816
vt 1.818359 1.090820
vt 1.655273 0.614990
vt 1.780273 0.746826
vt 1.662109 0.580078
vt 1.815430 0.739990
vt 1.764648 0.634521
vt 1.791992 0.608154
vt -4.000000 -0.166016
vt -3.500000 -0.166016
vt -4.000000 0.000488
vt -3.500000 0.000488
vt -2.500000 -0.166016
vt -2.500000 0.000488
vt -3.000000 0.000488
vt -3.000000 -0.166016
vt -4.500000 -0.166016
vt -4.000000 -0.166016
vt -4.500000 0.000000
vt -4.000000 0.000000
vt -3.500000 -0.166016
vt -3.000000 -0.166016
vt -3.498047 0.000000
vt -3.000000 0.000000
vt -5.000000 -0.166016
vt -4.500000 -0.166016
vt -5.000000 0.000488
vt -4.500000 0.000000
vt -2.000000 -0.500000
vt -2.000000 -0.333008
vt -2.500000 -0.500000
vt -2.500000 -0.333008
vt -5.500000 -0.333008
vt -6.000000 -0.333008
vt -5.996094 -0.499023
vt -5.500000 -0.500000
vt -5.000000 -0.333008
vt -5.500000 -0.333008
vt -5.500000 -0.499023
vt -5.000000 -0.500000
vt -5.000000 0.000488
vt -5.500000 0.000488
vt -5.500000 -0.166016
vt -5.000000 -0.166016
vt -5.500000 -0.333008
vt -5.000000 -0.333008
vt -5.000000 1.000000
vt -5.500000 1.000000
vt -5.500000 0.750000
vt -5.000000 0.750000
vt -5.500000 0.500244
vt -5.000000 0.500244
vt -5.496094 0.250000
vt -4.996094 0.250000
vt -5.496094 0.000488
vt -4.996094 0.000488
vt -5.500000 1.000000
vt -6.000000 1.000000
vt -6.000000 0.750000
vt -5.500000 0.750000
vt -6.000000 0.500000
vt -5.500000 0.500000
vt -5.996094 0.250000
vt -5.496094 0.250000
vt -5.996094 0.000000
vt -5.496094 0.000000
vt -5.500000 0.000488
vt -6.000000 0.000488
vt -6.000000 -0.166016
vt -5.500000 -0.166016
vt -6.000000 -0.333008
vt -5.500000 -0.333008
vt -4.500000 -0.500000
vt -4.000000 -0.500000
vt -4.500000 -0.333008
vt -4.000000 -0.333008
vt -4.500000 -0.166016
vt -4.000000 -0.166016
vt -3.998047 -0.500000
vt -3.500000 -0.500000
vt -3.998047 -0.333008
vt -3.500000 -0.333008
vt -4.000000 -0.166016
vt -3.500000 -0.166016
vt -3.500000 -0.499023
vt -3.000000 -0.500000
vt -3.500000 -0.333008
vt -3.000000 -0.333008
vt -3.500000 -0.166016
vt -3.000000 -0.166016
vt -2.500000 -0.166016
vt -3.000000 -0.166016
vt -3.000000 -0.333008
vt -2.500000 -0.333008
vt -3.000000 -0.500000
vt -2.500000 -0.500000
vt -3.500000 0.000000
vt -3.000000 0.000000
vt -3.000000 0.250000
vt -3.500000 0.250000
vt -2.998047 0.500000
vt -3.500000 0.500000
vt -2.998047 0.750000
vt -3.500000 0.750000
vt -3.500000 1.000000
vt -2.998047 1.000000
vt -3.998047 0.750000
vt -3.500000 1.000000
vt -3.998047 1.000000
vt -3.500000 0.750000
vt -3.998047 0.500000
vt -3.498047 0.500000
vt -4.000000 0.250000
vt -3.498047 0.250000
vt -4.000000 0.000000
vt -3.498047 0.000000
vt -4.500000 -0.333008
vt -5.000000 -0.500000
vt -4.500000 -0.500000
vt -5.000000 -0.333008
vt -4.500000 -0.166016
vt -5.000000 -0.166016
vt -3.998047 0.250000
vt -4.500000 0.000488
vt -3.998047 0.000488
vt -4.500000 0.250000
vt -4.000000 0.500244
vt -4.500000 0.500244
vt -4.000000 0.750000
vt -4.500000 0.750000
vt -4.500000 1.000000
vt -4.000000 1.000000
vt -2.500000 0.000000
vt -2.500000 0.250000
vt -3.000000 0.000000
vt -3.000000 0.250000
vt -2.500000 0.500000
vt -3.000000 0.500000
vt -2.500000 0.750000
vt -3.000000 0.750000
vt -3.000000 1.000000
vt -2.500000 1.000000
vt -1.999023 0.000488
vt -1.999023 0.250488
vt -2.500000 0.000488
vt -2.500000 0.250488
vt -2.000000 0.500244
vt -2.500000 0.500244
vt -2.000000 0.750122
vt -2.500000 0.750122
vt -2.500000 1.000000
vt -2.000000 1.000000
vt -4.500000 0.250000
vt -4.996094 0.000000
vt -4.500000 0.000000
vt -4.996094 0.250000
vt -4.500000 0.500000
vt -5.000000 0.500000
vt -4.500000 0.750000
vt -5.000000 0.750000
vt -5.000000 1.000000
vt -4.500000 1.000000
vt -2.000000 -0.166016
vt -2.000000 0.000488
vt -2.500000 0.000488
vt -2.500000 -0.166016
vt -2.500000 -0.333008
vt -2.000000 -0.333008
vt1 -2.250000 2.181641
vt1 -2.099609 2.181641
vt1 -2.099609 2.423828
vt1 -2.250000 2.423828
vt1 -2.099609 2.665039
vt1 -2.250000 2.665039
vt1 -2.099609 2.907227
vt1 -2.250000 2.907227
vt1 -2.367188 3.169922
vt1 -2.216797 3.169922
vt1 -2.216797 3.412109
vt1 -2.367188 3.412109
vt1 -2.216797 3.654297
vt1 -2.367188 3.654297
vt1 -2.216797 3.894531
vt1 -2.367188 3.894531
vt1 -4.433594 1.757324
vt1 -4.433594 1.661621
vt1 -4.308594 1.661621
vt1 -4.308594 1.757324
vt1 -3.970703 1.661621
vt1 -3.970703 1.757324
vt1 -3.648438 1.661621
vt1 -3.648438 1.757324
vt1 -3.308594 1.661621
vt1 -3.308594 1.757324
vt1 -3.183594 1.757324
vt1 -3.183594 1.661621
vt1 -0.685059 1.661621
vt1 -0.685059 1.757324
vt1 -0.810059 1.661621
vt1 -0.810059 1.757324
vt1 -1.148438 1.661621
vt1 -1.148438 1.757324
vt1 -1.471680 1.661621
vt1 -1.471680 1.757324
vt1 -1.809570 1.661621
vt1 -1.809570 1.757324
vt1 -1.934570 1.661621
vt1 -1.934570 1.757324
vt1 -3.927734 3.158203
vt1 -4.078125 3.158203
vt1 -4.078125 2.915039
vt1 -3.927734 2.915039
vt1 -4.078125 2.670898
vt1 -3.927734 2.670898
vt1 -4.078125 2.426758
vt1 -3.929688 2.426758
vt1 -4.078125 2.183594
vt1 -3.929688 2.183594
vt1 -2.705078 3.158203
vt1 -2.855469 3.158203
vt1 -2.855469 2.915039
vt1 -2.705078 2.915039
vt1 -2.855469 2.671875
vt1 -2.705078 2.671875
vt1 -2.855469 2.427734
vt1 -2.705078 2.427734
vt1 -2.855469 2.183594
vt1 -2.705078 2.183594
vt1 -3.673828 3.173828
vt1 -3.351562 3.173828
vt1 -3.351562 3.416016
vt1 -3.673828 3.416016
vt1 -3.351562 3.658203
vt1 -3.673828 3.658203
vt1 -3.351562 3.898438
vt1 -3.673828 3.898438
vt1 -2.726562 3.894531
vt1 -2.876953 3.894531
vt1 -2.726562 3.654297
vt1 -2.876953 3.654297
vt1 -2.726562 3.412109
vt1 -2.876953 3.412109
vt1 -2.726562 3.169922
vt1 -2.876953 3.169922
vt1 -1.730469 2.908203
vt1 -2.052734 2.908203
vt1 -2.052734 2.666992
vt1 -1.730469 2.666992
vt1 -2.052734 2.425781
vt1 -1.730469 2.425781
vt1 -2.052734 2.183594
vt1 -1.730469 2.183594
vt1 -2.312500 2.907227
vt1 -2.462891 2.907227
vt1 -2.462891 2.665039
vt1 -2.312500 2.665039
vt1 -2.462891 2.423828
vt1 -2.312500 2.423828
vt1 -2.462891 2.182617
vt1 -2.312500 2.182617
vt1 -2.367188 3.894531
vt1 -2.515625 3.894531
vt1 -2.515625 3.654297
vt1 -2.367188 3.654297
vt1 -2.515625 3.412109
vt1 -2.367188 3.412109
vt1 -2.515625 3.169922
vt1 -2.367188 3.169922
vt1 -3.718750 2.182617
vt1 -3.568359 2.182617
vt1 -3.568359 2.426758
vt1 -3.718750 2.426758
vt1 -3.568359 2.670898
vt1 -3.718750 2.670898
vt1 -3.568359 2.915039
vt1 -3.718750 2.915039
vt1 -3.568359 3.158203
vt1 -3.718750 3.158203
vt1 -3.929688 2.183594
vt1 -3.779297 2.183594
vt1 -3.779297 2.426758
vt1 -3.929688 2.426758
vt1 -3.779297 2.670898
vt1 -3.927734 2.670898
vt1 -3.779297 2.915039
vt1 -3.927734 2.915039
vt1 -3.779297 3.158203
vt1 -3.927734 3.158203
vt1 -2.462891 2.423828
vt1 -2.613281 2.182617
vt1 -2.462891 2.182617
vt1 -2.613281 2.423828
vt1 -2.462891 2.665039
vt1 -2.613281 2.665039
vt1 -2.462891 2.907227
vt1 -2.613281 2.907227
vt1 -0.685059 1.661621
vt1 -0.560059 1.661621
vt1 -0.685059 1.757324
vt1 -0.560059 1.757324
vt1 -0.221802 1.661621
vt1 -0.221802 1.757324
vt1 0.100952 1.661621
vt1 0.100952 1.757324
vt1 0.439453 1.661621
vt1 0.439453 1.757324
vt1 0.564453 1.757324
vt1 0.564453 1.661621
vt1 -1.934570 1.757324
vt1 -2.058594 1.757324
vt1 -1.934570 1.661621
vt1 -2.058594 1.661621
vt1 -2.398438 1.757324
vt1 -2.398438 1.661621
vt1 -2.720703 1.757324
vt1 -2.720703 1.661621
vt1 -3.058594 1.757324
vt1 -3.058594 1.661621
vt1 -3.183594 1.661621
vt1 -3.183594 1.757324
vt1 -2.250000 2.181641
vt1 -2.273438 2.423828
vt1 -2.273438 2.181641
vt1 -2.250000 2.423828
vt1 -2.273438 2.665039
vt1 -2.250000 2.665039
vt1 -2.273438 2.907227
vt1 -2.250000 2.907227
vt1 -2.613281 2.182617
vt1 -2.636719 2.423828
vt1 -2.636719 2.182617
vt1 -2.613281 2.423828
vt1 -2.636719 2.665039
vt1 -2.613281 2.665039
vt1 -2.636719 2.907227
vt1 -2.613281 2.907227
vt1 -2.900391 3.412109
vt1 -2.900391 3.169922
vt1 -2.876953 3.169922
vt1 -2.876953 3.412109
vt1 -2.900391 3.654297
vt1 -2.876953 3.654297
vt1 -2.900391 3.894531
vt1 -2.876953 3.894531
vt1 -2.541016 3.412109
vt1 -2.541016 3.169922
vt1 -2.515625 3.169922
vt1 -2.515625 3.412109
vt1 -2.541016 3.654297
vt1 -2.515625 3.654297
vt1 -2.541016 3.894531
vt1 -2.515625 3.894531
vt1 -2.705078 3.158203
vt1 -2.705078 2.915039
vt1 -2.679688 3.158203
vt1 -2.679688 2.915039
vt1 -2.705078 2.671875
vt1 -2.679688 2.671875
vt1 -2.705078 2.427734
vt1 -2.679688 2.427734
vt1 -2.705078 2.183594
vt1 -2.679688 2.183594
vt1 -3.417969 3.158203
vt1 -3.417969 2.915039
vt1 -3.394531 3.158203
vt1 -3.394531 2.915039
vt1 -3.417969 2.670898
vt1 -3.394531 2.670898
vt1 -3.419922 2.426758
vt1 -3.394531 2.426758
vt1 -3.419922 2.182617
vt1 -3.394531 2.182617
vt1 -3.568359 2.915039
vt1 -3.417969 3.158203
vt1 -3.568359 3.158203
vt1 -3.417969 2.915039
vt1 -3.568359 2.670898
vt1 -3.417969 2.670898
vt1 -3.568359 2.426758
vt1 -3.419922 2.426758
vt1 -3.568359 2.182617
vt1 -3.419922 2.182617
vt1 -3.078125 2.915039
vt1 -3.054688 3.158203
vt1 -3.078125 3.158203
vt1 -3.054688 2.915039
vt1 -3.080078 2.670898
vt1 -3.054688 2.670898
vt1 -3.080078 2.426758
vt1 -3.054688 2.426758
vt1 -3.080078 2.182617
vt1 -3.054688 2.182617
vt1 -3.228516 2.915039
vt1 -3.078125 3.158203
vt1 -3.228516 3.158203
vt1 -3.078125 2.915039
vt1 -3.228516 2.670898
vt1 -3.080078 2.670898
vt1 -3.228516 2.426758
vt1 -3.080078 2.426758
vt1 -3.228516 2.182617
vt1 -3.080078 2.182617
vt1 -3.779297 2.915039
vt1 -3.753906 3.158203
vt1 -3.779297 3.158203
vt1 -3.753906 2.915039
vt1 -3.779297 2.670898
vt1 -3.753906 2.670898
vt1 -3.779297 2.426758
vt1 -3.753906 2.426758
vt1 -3.779297 2.183594
vt1 -3.753906 2.183594
vt1 -2.052734 2.183594
vt1 -2.083984 2.425781
vt1 -2.083984 2.183594
vt1 -2.052734 2.425781
vt1 -2.083984 2.666992
vt1 -2.052734 2.666992
vt1 -2.083984 2.908203
vt1 -2.052734 2.908203
vt1 -3.716797 3.173828
vt1 -3.716797 3.416016
vt1 -3.748047 3.173828
vt1 -3.748047 3.416016
vt1 -3.716797 3.658203
vt1 -3.748047 3.658203
vt1 -3.716797 3.898438
vt1 -3.748047 3.898438
vt1 -1.699219 2.425781
vt1 -1.730469 2.183594
vt1 -1.699219 2.183594
vt1 -1.730469 2.425781
vt1 -1.699219 2.666992
vt1 -1.730469 2.666992
vt1 -1.699219 2.908203
vt1 -1.730469 2.908203
vt1 -3.748047 3.416016
vt1 -4.070312 3.173828
vt1 -3.748047 3.173828
vt1 -4.070312 3.416016
vt1 -3.748047 3.658203
vt1 -4.070312 3.658203
vt1 -3.748047 3.898438
vt1 -4.070312 3.898438
vt1 -4.070312 3.173828
vt1 -4.101562 3.416016
vt1 -4.101562 3.173828
vt1 -4.070312 3.416016
vt1 -4.101562 3.658203
vt1 -4.070312 3.658203
vt1 -4.101562 3.898438
vt1 -4.070312 3.898438
vt1 -3.673828 3.173828
vt1 -3.705078 3.416016
vt1 -3.705078 3.173828
vt1 -3.673828 3.416016
vt1 -3.705078 3.658203
vt1 -3.673828 3.658203
vt1 -3.705078 3.898438
vt1 -3.673828 3.898438
vt1 -2.917969 3.173828
vt1 -2.917969 3.416016
vt1 -2.949219 3.173828
vt1 -2.949219 3.416016
vt1 -2.917969 3.658203
vt1 -2.949219 3.658203
vt1 -2.917969 3.898438
vt1 -2.949219 3.898438
vt1 -3.320312 3.416016
vt1 -3.351562 3.173828
vt1 -3.320312 3.173828
vt1 -3.351562 3.416016
vt1 -3.320312 3.658203
vt1 -3.351562 3.658203
vt1 -3.320312 3.898438
vt1 -3.351562 3.898438
vt1 -2.949219 3.416016
vt1 -3.271484 3.173828
vt1 -2.949219 3.173828
vt1 -3.271484 3.416016
vt1 -2.949219 3.658203
vt1 -3.271484 3.658203
vt1 -2.949219 3.898438
vt1 -3.271484 3.898438
vt1 -3.271484 3.173828
vt1 -3.302734 3.416016
vt1 -3.302734 3.173828
vt1 -3.271484 3.416016
vt1 -3.302734 3.658203
vt1 -3.271484 3.658203
vt1 -3.302734 3.898438
vt1 -3.271484 3.898438
vt1 1.822266 1.039398
vt1 1.855469 0.795654
vt1 1.855469 1.039551
vt1 1.822266 0.795532
vt1 1.855469 0.551758
vt1 1.822266 0.551514
vt1 1.855469 0.307617
vt1 1.822266 0.307617
vt1 1.855469 0.063965
vt1 1.822266 0.063477
vt1 1.855469 0.795654
vt1 2.177734 1.039520
vt1 1.855469 1.039551
vt1 2.177734 0.795532
vt1 1.855469 0.551758
vt1 2.177734 0.551758
vt1 1.855469 0.307617
vt1 2.177734 0.307617
vt1 1.855469 0.063965
vt1 2.177734 0.063965
vt1 2.177734 1.039520
vt1 2.177734 0.795532
vt1 2.210938 1.039368
vt1 2.210938 0.795410
vt1 2.177734 0.551758
vt1 2.210938 0.551514
vt1 2.177734 0.307617
vt1 2.210938 0.307617
vt1 2.177734 0.063965
vt1 2.210938 0.063477
vt1 2.177734 0.795532
vt1 2.210938 1.039337
vt1 2.177734 1.039490
vt1 2.210938 0.795410
vt1 2.177734 0.551514
vt1 2.210938 0.551514
vt1 2.177734 0.307617
vt1 2.210938 0.307617
vt1 2.177734 0.063965
vt1 2.210938 0.063477
vt1 1.855469 1.039490
vt1 1.855469 0.795532
vt1 2.177734 1.039490
vt1 2.177734 0.795532
vt1 1.855469 0.551514
vt1 2.177734 0.551514
vt1 1.855469 0.307617
vt1 2.177734 0.307617
vt1 1.855469 0.063965
vt1 2.177734 0.063965
vt1 1.822266 1.039337
vt1 1.855469 0.795532
vt1 1.855469 1.039490
vt1 1.822266 0.795410
vt1 1.855469 0.551514
vt1 1.822266 0.551514
vt1 1.855469 0.307617
vt1 1.822266 0.307617
vt1 1.855469 0.063965
vt1 1.822266 0.063477
vt1 2.177734 0.795532
vt1 2.210938 1.039337
vt1 2.177734 1.039490
vt1 2.210938 0.795410
vt1 2.177734 0.551514
vt1 2.210938 0.551514
vt1 2.177734 0.307617
vt1 2.210938 0.307617
vt1 2.177734 0.063965
vt1 2.210938 0.063477
vt1 1.855469 1.039490
vt1 2.177734 0.795532
vt1 2.177734 1.039490
vt1 1.855469 0.795532
vt1 2.177734 0.551514
vt1 1.855469 0.551514
vt1 2.177734 0.307617
vt1 1.855469 0.307617
vt1 2.177734 0.063965
vt1 1.855469 0.063965
vt1 1.822266 1.039337
vt1 1.855469 0.795532
vt1 1.855469 1.039490
vt1 1.822266 0.795410
vt1 1.855469 0.551514
vt1 1.822266 0.551514
vt1 1.855469 0.307617
vt1 1.822266 0.307617
vt1 1.855469 0.063965
vt1 1.822266 0.063477
vt1 1.822266 1.039337
vt1 1.855469 0.795532
vt1 1.855469 1.039490
vt1 1.822266 0.795410
vt1 1.855469 0.551514
vt1 1.822266 0.551514
vt1 1.855469 0.307617
vt1 1.822266 0.307617
vt1 1.855469 0.063477
vt1 1.822266 0.063477
vt1 1.855469 0.795532
vt1 2.177734 1.039490
vt1 1.855469 1.039490
vt1 2.177734 0.795532
vt1 1.855469 0.551514
vt1 2.177734 0.551514
vt1 1.855469 0.307617
vt1 2.177734 0.307617
vt1 1.855469 0.063477
vt1 2.177734 0.063965
vt1 2.177734 0.795532
vt1 2.210938 1.039368
vt1 2.177734 1.039490
vt1 2.210938 0.795410
vt1 2.177734 0.551514
vt1 2.210938 0.551514
vt1 2.177734 0.307617
vt1 2.210938 0.307617
vt1 2.177734 0.063965
vt1 2.210938 0.063477
vt1 -2.578125 3.654297
vt1 -2.552734 3.894531
vt1 -2.576172 3.894531
vt1 -2.552734 3.654297
vt1 -2.578125 3.412109
vt1 -2.552734 3.412109
vt1 -2.552734 3.169922
vt1 -2.578125 3.169922
vt1 -2.726562 3.654297
vt1 -2.576172 3.894531
vt1 -2.726562 3.894531
vt1 -2.578125 3.654297
vt1 -2.726562 3.412109
vt1 -2.578125 3.412109
vt1 -2.578125 3.169922
vt1 -2.726562 3.169922
vt1 -2.312500 2.665039
vt1 -2.289062 2.907227
vt1 -2.312500 2.907227
vt1 -2.289062 2.665039
vt1 -2.312500 2.423828
vt1 -2.289062 2.423828
vt1 -2.289062 2.182617
vt1 -2.312500 2.182617
vt1 -1.537109 2.909180
vt1 -1.537109 2.666992
vt1 -1.512695 2.909180
vt1 -1.512695 2.666992
vt1 -1.537109 2.425781
vt1 -1.512695 2.425781
vt1 -1.512695 2.183594
vt1 -1.537109 2.183594
vt1 -1.686523 2.909180
vt1 -1.686523 2.666992
vt1 -1.537109 2.909180
vt1 -1.537109 2.666992
vt1 -1.686523 2.425781
vt1 -1.537109 2.425781
vt1 -1.537109 2.183594
vt1 -1.686523 2.183594
vt1 -2.216797 3.894531
vt1 -2.216797 3.654297
vt1 -2.191406 3.894531
vt1 -2.193359 3.652344
vt1 -2.216797 3.412109
vt1 -2.193359 3.412109
vt1 -2.193359 3.169922
vt1 -2.216797 3.169922
vt1 -3.378906 2.426758
vt1 -3.402344 2.182617
vt1 -3.378906 2.182617
vt1 -3.402344 2.426758
vt1 -3.378906 2.670898
vt1 -3.402344 2.670898
vt1 -3.378906 2.915039
vt1 -3.402344 2.915039
vt1 -3.402344 3.158203
vt1 -3.378906 3.158203
vt1 -3.228516 2.426758
vt1 -3.378906 2.182617
vt1 -3.228516 2.182617
vt1 -3.378906 2.426758
vt1 -3.228516 2.670898
vt1 -3.378906 2.670898
vt1 -3.228516 2.915039
vt1 -3.378906 2.915039
vt1 -3.378906 3.158203
vt1 -3.228516 3.158203
vt1 -3.718750 2.426758
vt1 -3.742188 2.182617
vt1 -3.718750 2.182617
vt1 -3.742188 2.426758
vt1 -3.718750 2.670898
vt1 -3.742188 2.670898
vt1 -3.718750 2.915039
vt1 -3.742188 2.915039
vt1 -3.742188 3.158203
vt1 -3.718750 3.158203
vt1 -3.013672 2.182617
vt1 -3.013672 2.426758
vt1 -3.039062 2.182617
vt1 -3.039062 2.426758
vt1 -3.013672 2.670898
vt1 -3.039062 2.670898
vt1 -3.013672 2.914062
vt1 -3.039062 2.914062
vt1 -3.039062 3.158203
vt1 -3.013672 3.158203
vt1 -2.865234 2.182617
vt1 -2.865234 2.426758
vt1 -3.013672 2.182617
vt1 -3.013672 2.426758
vt1 -2.865234 2.670898
vt1 -3.013672 2.670898
vt1 -2.865234 2.914062
vt1 -3.013672 2.914062
vt1 -3.013672 3.158203
vt1 -2.865234 3.158203
vt1 -4.078125 2.183594
vt1 -4.078125 2.426758
vt1 -4.101562 2.183594
vt1 -4.101562 2.426758
vt1 -4.078125 2.670898
vt1 -4.101562 2.670898
vt1 -4.078125 2.915039
vt1 -4.101562 2.915039
vt1 -4.101562 3.158203
vt1 -4.078125 3.158203
vt1 0.472656 0.517090
vt1 0.470703 0.527588
vt1 0.468262 0.526611
vt1 0.470703 0.515137
vt1 0.468262 0.526611
vt1 0.470703 0.527588
vt1 0.471436 0.528564
vt1 0.467773 0.527588
vt1 0.471436 0.528564
vt1 0.471436 0.551025
vt1 0.468506 0.551025
vt1 0.467773 0.527588
vt1 0.470703 0.482910
vt1 0.468506 0.483887
vt1 0.471191 0.481934
vt1 0.467773 0.482910
vt1 0.470703 0.482910
vt1 0.472900 0.493652
vt1 0.471191 0.495605
vt1 0.468506 0.483887
vt1 0.472900 0.493652
vt1 0.483643 0.495605
vt1 0.471191 0.495605
vt1 0.482666 0.498047
vt1 0.482666 0.498047
vt1 0.484619 0.495117
vt1 0.483643 0.498535
vt1 0.483643 0.495605
vt1 0.482422 0.503906
vt1 0.505859 0.503906
vt1 0.482666 0.506836
vt1 0.506836 0.507568
vt1 0.505859 0.503906
vt1 0.506836 0.504639
vt1 0.507812 0.506836
vt1 0.506836 0.507568
vt1 0.506836 0.504639
vt1 0.519531 0.503906
vt1 0.507812 0.506836
vt1 0.517578 0.502197
vt1 0.521973 0.492676
vt1 0.519531 0.503906
vt1 0.517578 0.502197
vt1 0.520020 0.491699
vt1 0.522461 0.491699
vt1 0.521973 0.492676
vt1 0.519043 0.490723
vt1 0.520020 0.491699
vt1 0.513672 0.476074
vt1 0.513184 0.500732
vt1 0.510254 0.500732
vt1 0.510254 0.477051
vt1 0.510254 0.477051
vt1 0.513184 0.475098
vt1 0.513672 0.476074
vt1 0.510742 0.476074
vt1 0.510254 0.463379
vt1 0.513184 0.475098
vt1 0.510742 0.476074
vt1 0.508789 0.465332
vt1 0.499023 0.460938
vt1 0.510254 0.463379
vt1 0.498047 0.463379
vt1 0.508789 0.465332
vt1 0.498047 0.463379
vt1 0.497070 0.463867
vt1 0.499023 0.460938
vt1 0.498047 0.460449
vt1 0.474365 0.460938
vt1 0.498047 0.460449
vt1 0.474365 0.464355
vt1 0.497070 0.463867
vt1 0.483398 0.511719
vt1 0.484619 0.515137
vt1 0.482422 0.512207
vt1 0.483643 0.514648
vt1 0.483643 0.514648
vt1 0.472656 0.517090
vt1 0.470703 0.515137
vt1 0.482422 0.512207
vt1 0.522461 0.491699
vt1 0.519043 0.468262
vt1 0.521973 0.468262
vt1 0.519043 0.490723
vt1 0.471436 0.458008
vt1 0.471191 0.481934
vt1 0.467773 0.482910
vt1 0.468262 0.458496
vt1 0.480469 0.485840
vt1 0.502930 0.482910
vt1 0.502930 0.485840
vt1 0.480469 0.482910
vt1 0.529297 0.484863
vt1 0.529297 0.462402
vt1 0.532227 0.462402
vt1 0.532227 0.484863
vt1 0.484619 0.495117
vt1 0.507324 0.495117
vt1 0.483643 0.498535
vt1 0.507324 0.498047
vt1 0.483398 0.511719
vt1 0.507812 0.512207
vt1 0.484619 0.515137
vt1 0.507812 0.515381
vt1 0.480469 0.471191
vt1 0.502930 0.471191
vt1 0.480469 0.474121
vt1 0.502930 0.474121
vt1 0.541504 0.484863
vt1 0.541504 0.462402
vt1 0.543945 0.484863
vt1 0.543945 0.462402
vt1 0.507324 0.485840
vt1 0.502930 0.485840
vt1 0.507324 0.482910
vt1 0.502930 0.482910
vt1 0.502930 0.490234
vt1 0.480469 0.490234
vt1 0.480469 0.485840
vt1 0.502930 0.485840
vt1 0.480469 0.482910
vt1 0.476074 0.485840
vt1 0.476074 0.482910
vt1 0.480469 0.485840
vt1 0.480469 0.478516
vt1 0.502930 0.478516
vt1 0.502930 0.482910
vt1 0.480469 0.482910
vt1 0.532227 0.484863
vt1 0.532227 0.462402
vt1 0.536621 0.462402
vt1 0.536621 0.484863
vt1 0.529297 0.484863
vt1 0.532227 0.484863
vt1 0.532227 0.489258
vt1 0.529297 0.489258
vt1 0.529297 0.462402
vt1 0.529297 0.484863
vt1 0.524902 0.484863
vt1 0.524902 0.462402
vt1 0.532227 0.462402
vt1 0.529297 0.462402
vt1 0.529297 0.458008
vt1 0.532227 0.458008
vt1 0.502930 0.474121
vt1 0.507324 0.471191
vt1 0.507324 0.474121
vt1 0.502930 0.471191
vt1 0.480469 0.474121
vt1 0.502930 0.478516
vt1 0.480469 0.478516
vt1 0.502930 0.474121
vt1 0.480469 0.471191
vt1 0.476074 0.474121
vt1 0.476074 0.471191
vt1 0.480469 0.474121
vt1 0.502930 0.471191
vt1 0.480469 0.471191
vt1 0.480469 0.466797
vt1 0.502930 0.466797
vt1 0.543945 0.484863
vt1 0.543945 0.489258
vt1 0.541504 0.484863
vt1 0.541504 0.489258
vt1 0.541504 0.462402
vt1 0.541504 0.484863
vt1 0.537109 0.484863
vt1 0.537109 0.462402
vt1 0.541504 0.462402
vt1 0.541504 0.458008
vt1 0.543945 0.462402
vt1 0.543945 0.458008
vt1 0.543945 0.484863
vt1 0.548340 0.462402
vt1 0.548340 0.484863
vt1 0.543945 0.462402
vt1 2.552734 0.535645
vt1 2.556641 0.536377
vt1 2.556641 0.536621
vt1 2.552734 0.535889
vt1 2.544922 0.535400
vt1 2.544922 0.535889
vt1 2.539062 0.535400
vt1 2.539062 0.535889
vt1 2.531250 0.535400
vt1 2.531250 0.535889
vt1 2.527344 0.536133
vt1 2.527344 0.536377
vt1 2.613281 0.485352
vt1 2.615234 0.485840
vt1 2.615234 0.486328
vt1 2.613281 0.485840
vt1 2.605469 0.484863
vt1 2.605469 0.485352
vt1 2.597656 0.484863
vt1 2.597656 0.485352
vt1 2.589844 0.485352
vt1 2.591797 0.485840
vt1 2.587891 0.485840
vt1 2.587891 0.486328
vt1 2.585938 0.510986
vt1 2.585938 0.514404
vt1 2.585938 0.513672
vt1 2.585938 0.510742
vt1 2.585938 0.503418
vt1 2.585938 0.503174
vt1 2.585938 0.496094
vt1 2.585938 0.496094
vt1 2.585938 0.488281
vt1 2.587891 0.488770
vt1 2.587891 0.485840
vt1 2.587891 0.485840
vt1 2.589844 0.485352
vt1 2.589844 0.484375
vt1 2.597656 0.484863
vt1 2.597656 0.484375
vt1 2.605469 0.484863
vt1 2.605469 0.484375
vt1 2.613281 0.484375
vt1 2.613281 0.485352
vt1 2.615234 0.485840
vt1 2.615234 0.485840
vt1 2.617188 0.488770
vt1 2.617188 0.488770
vt1 2.617188 0.496094
vt1 2.617188 0.496094
vt1 2.617188 0.503174
vt1 2.617188 0.503174
vt1 2.617188 0.510742
vt1 2.617188 0.510742
vt1 2.615234 0.513672
vt1 2.615234 0.513428
vt1 2.613281 0.514160
vt1 2.613281 0.514893
vt1 2.605469 0.514648
vt1 2.605469 0.515625
vt1 2.597656 0.515625
vt1 2.597656 0.514893
vt1 2.589844 0.515625
vt1 2.589844 0.514893
vt1 2.587891 0.515625
vt1 2.587891 0.514893
vt1 2.527344 0.536377
vt1 2.527344 0.539062
vt1 2.527344 0.536133
vt1 2.527344 0.539062
vt1 2.527344 0.546631
vt1 2.527344 0.546631
vt1 2.527344 0.553955
vt1 2.527344 0.553955
vt1 2.527344 0.561768
vt1 2.527344 0.561768
vt1 2.527344 0.564697
vt1 2.527344 0.564453
vt1 2.587891 0.486328
vt1 2.587891 0.488770
vt1 2.587891 0.485840
vt1 2.587891 0.488770
vt1 2.587891 0.496094
vt1 2.585938 0.496094
vt1 2.587891 0.503418
vt1 2.585938 0.503418
vt1 2.587891 0.510986
vt1 2.585938 0.510986
vt1 2.585938 0.514404
vt1 2.587891 0.514404
vt1 2.615234 0.485840
vt1 2.617188 0.488770
vt1 2.615234 0.486328
vt1 2.615234 0.488770
vt1 2.617188 0.496094
vt1 2.615234 0.496094
vt1 2.617188 0.503174
vt1 2.615234 0.503174
vt1 2.617188 0.510742
vt1 2.615234 0.510498
vt1 2.615234 0.513184
vt1 2.615234 0.513428
vt1 2.556641 0.536377
vt1 2.556641 0.539307
vt1 2.556641 0.536621
vt1 2.556641 0.539307
vt1 2.556641 0.547119
vt1 2.556641 0.547119
vt1 2.556641 0.554199
vt1 2.556641 0.554199
vt1 2.556641 0.561768
vt1 2.556641 0.561768
vt1 2.556641 0.564453
vt1 2.556641 0.564697
vt1 2.525391 0.546631
vt1 2.525391 0.538818
vt1 2.527344 0.546631
vt1 2.527344 0.539062
vt1 2.527344 0.535645
vt1 2.527344 0.536133
vt1 2.531250 0.535400
vt1 2.531250 0.534668
vt1 2.539062 0.535400
vt1 2.539062 0.534668
vt1 2.558594 0.539062
vt1 2.558594 0.547119
vt1 2.556641 0.547119
vt1 2.556641 0.539307
vt1 2.556641 0.536133
vt1 2.556641 0.536377
vt1 2.552734 0.535645
vt1 2.552734 0.534912
vt1 2.544922 0.535400
vt1 2.544922 0.534668
vt1 2.527344 0.564453
vt1 2.531250 0.565186
vt1 2.527344 0.564697
vt1 2.531250 0.565674
vt1 2.539062 0.565186
vt1 2.539062 0.565674
vt1 2.544922 0.565186
vt1 2.544922 0.565674
vt1 2.552734 0.565186
vt1 2.552734 0.565430
vt1 2.556641 0.564697
vt1 2.556641 0.564453
vt1 2.587891 0.514404
vt1 2.589844 0.514404
vt1 2.587891 0.514893
vt1 2.589844 0.514893
vt1 2.597656 0.514404
vt1 2.597656 0.514893
vt1 2.605469 0.514404
vt1 2.605469 0.514648
vt1 2.613281 0.513916
vt1 2.613281 0.514160
vt1 2.615234 0.513428
vt1 2.615234 0.513184
vt1 2.544922 0.565674
vt1 2.552734 0.566162
vt1 2.544922 0.566406
vt1 2.552734 0.565430
vt1 2.556641 0.565186
vt1 2.556641 0.564697
vt1 2.556641 0.561768
vt1 2.558594 0.562012
vt1 2.556641 0.554199
vt1 2.558594 0.554199
vt1 2.527344 0.553955
vt1 2.525391 0.562012
vt1 2.525391 0.553955
vt1 2.527344 0.561768
vt1 2.527344 0.565186
vt1 2.527344 0.564697
vt1 2.531250 0.565674
vt1 2.531250 0.566406
vt1 2.539062 0.565674
vt1 2.539062 0.566406
vt1 2.527344 0.565186
vt1 2.525391 0.562256
vt1 2.525391 0.562012
vt1 2.527344 0.565674
vt1 2.529297 0.566650
vt1 2.531250 0.566406
vt1 2.556641 0.565186
vt1 2.558594 0.562012
vt1 2.558594 0.562256
vt1 2.556641 0.565674
vt1 2.554688 0.566650
vt1 2.552734 0.566162
vt1 2.554688 0.534424
vt1 2.556641 0.536133
vt1 2.552734 0.534912
vt1 2.556641 0.535400
vt1 2.558594 0.539062
vt1 2.558594 0.539062
vt1 2.525391 0.538574
vt1 2.527344 0.535645
vt1 2.525391 0.538818
vt1 2.527344 0.535156
vt1 2.531250 0.534180
vt1 2.531250 0.534668
vt1 0.467773 0.527588
vt1 0.468506 0.551025
vt1 0.466064 0.551025
vt1 0.465332 0.525146
vt1 0.467041 0.524658
vt1 0.468262 0.526611
vt1 0.470703 0.515137
vt1 0.469971 0.514404
vt1 0.482422 0.512207
vt1 0.479980 0.510742
vt1 0.483398 0.511719
vt1 0.480713 0.509277
vt1 0.507812 0.510010
vt1 0.507812 0.512207
vt1 0.471436 0.528564
vt1 0.473877 0.551270
vt1 0.471436 0.551025
vt1 0.474121 0.527100
vt1 0.472656 0.526855
vt1 0.470703 0.527588
vt1 0.474365 0.518555
vt1 0.472656 0.517090
vt1 0.482666 0.516602
vt1 0.483643 0.514648
vt1 0.484619 0.515137
vt1 0.483154 0.517822
vt1 0.507812 0.517822
vt1 0.507812 0.515381
vt1 0.506836 0.507568
vt1 0.482666 0.509277
vt1 0.482666 0.506836
vt1 0.509766 0.509766
vt1 0.510254 0.508545
vt1 0.507812 0.506836
vt1 0.520508 0.504883
vt1 0.519531 0.503906
vt1 0.523438 0.494629
vt1 0.521973 0.492676
vt1 0.522461 0.491699
vt1 0.524902 0.494141
vt1 0.524414 0.468262
vt1 0.521973 0.468262
vt1 0.505859 0.503906
vt1 0.482422 0.503906
vt1 0.482422 0.501465
vt1 0.507324 0.501221
vt1 0.507812 0.502686
vt1 0.506836 0.504639
vt1 0.517578 0.502197
vt1 0.516113 0.500488
vt1 0.520020 0.491699
vt1 0.518066 0.492676
vt1 0.519043 0.490723
vt1 0.516602 0.492188
vt1 0.516602 0.468262
vt1 0.519043 0.468262
vt1 0.513672 0.476074
vt1 0.515625 0.500488
vt1 0.513184 0.500732
vt1 0.516113 0.473633
vt1 0.514648 0.472656
vt1 0.513184 0.475098
vt1 0.511230 0.462891
vt1 0.510254 0.463379
vt1 0.500977 0.459961
vt1 0.499023 0.460938
vt1 0.498047 0.460449
vt1 0.500488 0.458008
vt1 0.474609 0.458984
vt1 0.474365 0.460938
vt1 0.507812 0.500977
vt1 0.510254 0.477051
vt1 0.510254 0.500732
vt1 0.507812 0.476074
vt1 0.508789 0.475586
vt1 0.510742 0.476074
vt1 0.508789 0.465332
vt1 0.506836 0.466797
vt1 0.498047 0.463379
vt1 0.498779 0.465332
vt1 0.497070 0.463867
vt1 0.498535 0.466797
vt1 0.474365 0.466797
vt1 0.474365 0.464355
vt1 0.473877 0.458008
vt1 0.471191 0.481934
vt1 0.471436 0.458008
vt1 0.473877 0.483398
vt1 0.472656 0.483887
vt1 0.470703 0.482910
vt1 0.472900 0.493652
vt1 0.474609 0.492188
vt1 0.483643 0.495605
vt1 0.482910 0.493652
vt1 0.484619 0.495117
vt1 0.483154 0.492676
vt1 0.507324 0.492676
vt1 0.507324 0.495117
vt1 0.467773 0.482910
vt1 0.466064 0.458496
vt1 0.468262 0.458496
vt1 0.465332 0.485840
vt1 0.466797 0.486328
vt1 0.468506 0.483887
vt1 0.470459 0.496094
vt1 0.471191 0.495605
vt1 0.480469 0.499512
vt1 0.482666 0.498047
vt1 0.483643 0.498535
vt1 0.480957 0.500977
vt1 0.506836 0.500244
vt1 0.507324 0.498047
vt1 2.587891 0.510986
vt1 2.587891 0.513672
vt1 2.587891 0.514404
vt1 2.589844 0.514404
vt1 2.587891 0.514404
vt1 2.587891 0.510986
vt1 2.587891 0.503418
vt1 2.589844 0.513672
vt1 2.597656 0.514404
vt1 2.589844 0.510986
vt1 2.587891 0.503418
vt1 2.587891 0.496094
vt1 2.597656 0.513672
vt1 2.605469 0.514404
vt1 2.597656 0.510986
vt1 2.589844 0.503418
vt1 2.587891 0.496094
vt1 2.587891 0.488770
vt1 2.587891 0.488770
vt1 2.589844 0.496582
vt1 2.587891 0.486816
vt1 2.587891 0.486328
vt1 2.591797 0.485840
vt1 2.591797 0.486328
vt1 2.597656 0.485352
vt1 2.591797 0.489258
vt1 2.597656 0.486328
vt1 2.605469 0.485352
vt1 2.597656 0.488770
vt1 2.605469 0.486328
vt1 2.613281 0.486328
vt1 2.613281 0.485840
vt1 2.605469 0.488770
vt1 2.597656 0.496582
vt1 2.615234 0.486816
vt1 2.615234 0.486328
vt1 2.615234 0.488770
vt1 2.615234 0.489258
vt1 2.615234 0.496094
vt1 2.613281 0.489258
vt1 2.615234 0.496094
vt1 2.615234 0.503174
vt1 2.605469 0.496582
vt1 2.613281 0.496582
vt1 2.615234 0.503174
vt1 2.613281 0.503174
vt1 2.615234 0.510254
vt1 2.615234 0.510498
vt1 2.605469 0.503418
vt1 2.613281 0.510254
vt1 2.615234 0.512451
vt1 2.615234 0.513184
vt1 2.613281 0.513916
vt1 2.613281 0.513184
vt1 2.605469 0.513672
vt1 2.605469 0.510742
vt1 2.597656 0.503418
vt1 2.527344 0.561768
vt1 2.529297 0.563965
vt1 2.527344 0.564453
vt1 2.531250 0.565186
vt1 2.527344 0.561523
vt1 2.531250 0.564453
vt1 2.527344 0.553955
vt1 2.539062 0.565186
vt1 2.527344 0.553955
vt1 2.539062 0.564453
vt1 2.527344 0.546631
vt1 2.544922 0.565186
vt1 2.527344 0.546631
vt1 2.544922 0.564453
vt1 2.527344 0.539307
vt1 2.552734 0.564209
vt1 2.527344 0.539062
vt1 2.552734 0.565186
vt1 2.529297 0.536865
vt1 2.554688 0.563965
vt1 2.527344 0.536377
vt1 2.556641 0.564453
vt1 2.531250 0.535889
vt1 2.556641 0.561768
vt1 2.531250 0.536621
vt1 2.556641 0.561523
vt1 2.539062 0.535889
vt1 2.556641 0.554199
vt1 2.539062 0.536621
vt1 2.556641 0.554199
vt1 2.544922 0.535889
vt1 2.556641 0.547119
vt1 2.544922 0.536621
vt1 2.556641 0.547119
vt1 2.552734 0.536621
vt1 2.556641 0.539551
vt1 2.552734 0.535889
vt1 2.556641 0.539307
vt1 2.554688 0.537109
vt1 2.556641 0.536621
vt1 -3.798828 -0.240234
vt1 -3.458984 -0.240234
vt1 -3.798828 0.001465
vt1 -3.458984 0.001465
vt1 -3.458984 -0.240234
vt1 -3.458984 0.001465
vt1 -3.798828 0.001465
vt1 -3.798828 -0.240234
vt1 -3.798828 -0.240234
vt1 -3.458984 -0.240234
vt1 -3.798828 0.001465
vt1 -3.458984 0.001465
vt1 -3.798828 -0.240234
vt1 -3.458984 -0.240234
vt1 -3.798828 0.001465
vt1 -3.458984 0.001465
vt1 -3.798828 -0.240234
vt1 -3.458984 -0.240234
vt1 -3.798828 0.001465
vt1 -3.458984 0.001465
vt1 -3.798828 0.001465
vt1 -3.798828 -0.240234
vt1 -3.458984 0.001465
vt1 -3.458984 -0.240234
vt1 -3.798828 -0.240234
vt1 -3.458984 -0.240234
vt1 -3.458984 0.001465
vt1 -3.798828 0.001465
vt1 -3.798828 -0.240234
vt1 -3.458984 -0.240234
vt1 -3.458984 0.001465
vt1 -3.798828 0.001465
vt1 -3.798828 -0.999023
vt1 -3.458984 -0.999023
vt1 -3.458984 -0.757812
vt1 -3.798828 -0.757812
vt1 -3.458984 -0.516602
vt1 -3.798828 -0.516602
vt1 -5.167969 0.987999
vt1 -5.507812 0.988022
vt1 -5.507812 0.744141
vt1 -5.167969 0.744141
vt1 -5.507812 0.500244
vt1 -5.167969 0.500000
vt1 -5.507812 0.256348
vt1 -5.167969 0.256348
vt1 -5.507812 0.012207
vt1 -5.167969 0.012207
vt1 -5.601562 0.988037
vt1 -5.941406 0.987984
vt1 -5.941406 0.744141
vt1 -5.601562 0.744141
vt1 -5.941406 0.500000
vt1 -5.601562 0.500244
vt1 -5.941406 0.256348
vt1 -5.601562 0.256348
vt1 -5.941406 0.012207
vt1 -5.601562 0.012207
vt1 -3.798828 -0.999023
vt1 -3.458984 -0.999023
vt1 -3.458984 -0.757812
vt1 -3.798828 -0.757812
vt1 -3.458984 -0.516602
vt1 -3.798828 -0.516602
vt1 -3.798828 -0.999023
vt1 -3.458984 -0.999023
vt1 -3.798828 -0.757812
vt1 -3.458984 -0.757812
vt1 -3.798828 -0.516602
vt1 -3.458984 -0.516602
vt1 -3.798828 -0.999023
vt1 -3.458984 -0.999023
vt1 -3.798828 -0.757812
vt1 -3.458984 -0.757812
vt1 -3.798828 -0.516602
vt1 -3.458984 -0.516602
vt1 -3.798828 -0.999023
vt1 -3.458984 -0.999023
vt1 -3.798828 -0.757812
vt1 -3.458984 -0.757812
vt1 -3.798828 -0.516602
vt1 -3.458984 -0.516602
vt1 -3.458984 -0.516602
vt1 -3.798828 -0.516602
vt1 -3.798828 -0.757812
vt1 -3.458984 -0.757812
vt1 -3.798828 -0.999023
vt1 -3.458984 -0.999023
vt1 -3.351562 0.012207
vt1 -3.013672 0.012207
vt1 -3.013672 0.256348
vt1 -3.351562 0.256348
vt1 -3.013672 0.500000
vt1 -3.351562 0.500244
vt1 -3.013672 0.744141
vt1 -3.351562 0.744141
vt1 -3.351562 0.988022
vt1 -3.013672 0.987999
vt1 -3.960938 0.752563
vt1 -3.621094 0.996525
vt1 -3.960938 0.996544
vt1 -3.621094 0.752563
vt1 -3.960938 0.508545
vt1 -3.621094 0.508545
vt1 -3.960938 0.264648
vt1 -3.621094 0.264648
vt1 -3.960938 0.020996
vt1 -3.621094 0.020996
vt1 -3.458984 -0.757812
vt1 -3.798828 -0.999023
vt1 -3.458984 -0.999023
vt1 -3.798828 -0.757812
vt1 -3.458984 -0.516602
vt1 -3.798828 -0.516602
vt1 -4.035156 0.256348
vt1 -4.375000 0.012207
vt1 -4.035156 0.012207
vt1 -4.375000 0.256348
vt1 -4.035156 0.500000
vt1 -4.375000 0.500244
vt1 -4.035156 0.744141
vt1 -4.375000 0.744141
vt1 -4.375000 0.988014
vt1 -4.035156 0.988007
vt1 -2.542969 0.012207
vt1 -2.542969 0.256348
vt1 -2.882812 0.012207
vt1 -2.882812 0.256348
vt1 -2.542969 0.500000
vt1 -2.882812 0.500244
vt1 -2.542969 0.744141
vt1 -2.882812 0.744141
vt1 -2.880859 0.988037
vt1 -2.542969 0.987984
vt1 -2.050781 0.012207
vt1 -2.050781 0.256348
vt1 -2.388672 0.012207
vt1 -2.388672 0.256348
vt1 -2.050781 0.500000
vt1 -2.388672 0.500244
vt1 -2.050781 0.744141
vt1 -2.388672 0.744141
vt1 -2.388672 0.988045
vt1 -2.050781 0.987976
vt1 -4.609375 0.256348
vt1 -4.945312 0.012207
vt1 -4.609375 0.012207
vt1 -4.945312 0.256348
vt1 -4.609375 0.500000
vt1 -4.945312 0.500244
vt1 -4.609375 0.744141
vt1 -4.945312 0.744141
vt1 -4.945312 0.988045
vt1 -4.609375 0.987976
vt1 -3.798828 -0.757812
vt1 -3.798828 -0.999023
vt1 -3.458984 -0.999023
vt1 -3.458984 -0.757812
vt1 -3.458984 -0.516602
vt1 -3.798828 -0.516602
vn 0.000000 -0.000000 -1.000000
vn 0.000000 -0.000000 -1.000000
vn 0.000000 -0.000000 -1.000000
vn 0.000000 -0.000000 -1.000000
vn 0.000000 -0.000000 -1.000000
vn 0.000000 -0.000000 -1.000000
vn 0.000000 -0.000000 -1.000000
vn 0.000000 -0.000000 -1.000000
vn 0.000000 -0.000000 -1.000000
vn 0.000000 -0.000000 -1.000000
vn 0.000000 -0.000000 -1.000000
vn 0.000000 -0.000000 -1.000000
vn 0.000000 -0.000000 -1.000000
vn 0.000000 -0.000000 -1.000000
vn 0.000000 -0.000000 -1.000000
vn 0.000000 -0.000000 -1.000000
vn -1.000000 0.000000 0.000000
vn -1.000000 0.000000 0.000000
vn -1.000000 0.000000 0.000000
vn -1.000000 0.000000 0.000000
vn -1.000000 0.000000 0.000000
vn -1.000000 0.000000 0.000000
vn -1.000000 0.000000 0.000000
vn -1.000000 0.000000 0.000000
vn -1.000000 0.000000 0.000000
vn -1.000000 0.000000 0.000000
vn -1.000000 0.000000 0.000000
vn -1.000000 0.000000 0.000000
vn 1.000000 0.000000 0.000000
vn 1.000000 0.000000 0.000000
vn 1.000000 0.000000 0.000000
vn 1.000000 0.000000 0.000000
vn 1.000000 0.000000 0.000000
vn 1.000000 0.000000 0.000000
vn 1.000000 0.000000 0.000000
vn 1.000000 0.000000 0.000000
vn 1.000000 0.000000 0.000000
vn 1.000000 0.000000 0.000000
vn 1.000000 0.000000 0.000000
vn 1.000000 0.000000 0.000000
vn 0.000000 -0.000000 -1.000000
vn 0.000000 -0.000000 -1.000000
vn 0.000000 -0.000000 -1.000000
vn 0.000000 -0.000000 -1.000000
vn 0.000000 -0.000000 -1.000000
vn 0.000000 -0.000000 -1.000000
vn 0.000000 -0.000000 -1.000000
vn 0.000000 -0.000000 -1.000000
vn 0.000000 -0.000000 -1.000000
vn 0.000000 -0.000000 -1.000000
vn 0.000000 -0.000000 -1.000000
vn 0.000000 -0.000000 -1.000000
vn 0.000000 -0.000000 -1.000000
vn 0.000000 -0.000000 -1.000000
vn 0.000000 -0.000000 -1.000000
vn 0.000000 -0.000000 -1.000000
vn 0.000000 -0.000000 -1.000000
vn 0.000000 -0.000000 -1.000000
vn 0.000000 -0.000000 -1.000000
vn 0.000000 -0.000000 -1.000000
vn -1.000000 0.000000 0.000000
vn -1.000000 0.000000 0.000000
vn -1.000000 0.000000 0.000000
vn -1.000000 0.000000 0.000000
vn -1.000000 0.000000 0.000000
vn -1.000000 0.000000 0.000000
vn -1.000000 0.000000 0.000000
vn -1.000000 0.000000 0.000000
vn 0.000000 0.000000 1.000000
vn 0.000000 0.000000 1.000000
vn 0.000000 0.000000 1.000000
vn 0.000000 0.000000 1.000000
vn 0.000000 0.000000 1.000000
vn 0.000000 0.000000 1.000000
vn 0.000000 0.000000 1.000000
vn 0.000000 0.000000 1.000000
vn 0.000000 0.000000 1.000000
vn 0.000000 0.000000 1.000000
vn 0.000000 0.000000 1.000000
vn 0.000000 0.000000 1.000000
vn 0.000000 0.000000 1.000000
vn 0.000000 0.000000 1.000000
vn 0.000000 0.000000 1.000000
vn 0.000000 0.000000 1.000000
vn 0.000000 0.000000 1.000000
vn 0.000000 0.000000 1.000000
vn 0.000000 0.000000 1.000000
vn 0.000000 0.000000 1.000000
vn 0.000000 0.000000 1.000000
vn 0.000000 0.000000 1.000000
vn 0.000000 0.000000 1.000000
vn 0.000000 0.000000 1.000000
vn 1.000000 0.000000 0.000000
vn 1.000000 0.000000 0.000000
vn 1.000000 0.000000 0.000000
vn 1.000000 0.000000 0.000000
vn 1.000000 0.000000 0.000000
vn 1.000000 0.000000 0.000000
vn 1.000000 0.000000 0.000000
vn 1.000000 0.000000 0.000000
vn 0.000000 0.000000 1.000000
vn 0.000000 0.000000 1.000000
vn 0.000000 0.000000 1.000000
vn 0.000000 0.000000 1.000000
vn 0.000000 0.000000 1.000000
vn 0.000000 0.000000 1.000000
vn 0.000000 0.000000 1.000000
vn 0.000000 0.000000 1.000000
vn 0.000000 0.000000 1.000000
vn 0.000000 0.000000 1.000000
vn 1.000000 0.000000 0.000000
vn 1.000000 0.000000 0.000000
vn 1.000000 0.000000 0.000000
vn 1.000000 0.000000 0.000000
vn 1.000000 0.000000 0.000000
vn 1.000000 0.000000 0.000000
vn 1.000000 0.000000 0.000000
vn 1.000000 0.000000 0.000000
vn 1.000000 0.000000 0.000000
vn 1.000000 0.000000 0.000000
vn -1.000000 0.000000 0.000000
vn -1.000000 0.000000 0.000000
vn -1.000000 0.000000 0.000000
vn -1.000000 0.000000 0.000000
vn -1.000000 0.000000 0.000000
vn -1.000000 0.000000 0.000000
vn -1.000000 0.000000 0.000000
vn -1.000000 0.000000 0.000000
vn 0.000000 -0.000000 -1.000000
vn 0.000000 -0.000000 -1.000000
vn 0.000000 -0.000000 -1.000000
vn 0.000000 -0.000000 -1.000000
vn 0.000000 -0.000000 -1.000000
vn 0.000000 -0.000000 -1.000000
vn 0.000000 -0.000000 -1.000000
vn 0.000000 -0.000000 -1.000000
vn 0.000000 -0.000000 -1.000000
vn 0.000000 -0.000000 -1.000000
vn 0.000000 -0.000000 -1.000000
vn 0.000000 -0.000000 -1.000000
vn 0.000000 0.000000 1.000000
vn 0.000000 0.000000 1.000000
vn 0.000000 0.000000 1.000000
vn 0.000000 0.000000 1.000000
vn 0.000000 0.000000 1.000000
vn 0.000000 0.000000 1.000000
vn 0.000000 0.000000 1.000000
vn 0.000000 0.000000 1.000000
vn 0.000000 0.000000 1.000000
vn 0.000000 0.000000 1.000000
vn 0.000000 0.000000 1.000000
vn 0.000000 0.000000 1.000000
vn 1.000000 0.000000 0.000000
vn 1.000000 0.000000 0.000000
vn 1.000000 0.000000 0.000000
vn 1.000000 0.000000 0.000000
vn 1.000000 0.000000 0.000000
vn 1.000000 0.000000 0.000000
vn 1.000000 0.000000 0.000000
vn 1.000000 0.000000 0.000000
vn 0.000000 -0.000000 -1.000000
vn 0.000000 -0.000000 -1.000000
vn 0.000000 -0.000000 -1.000000
vn 0.000000 -0.000000 -1.000000
vn 0.000000 -0.000000 -1.000000
vn 0.000000 -0.000000 -1.000000
vn 0.000000 -0.000000 -1.000000
vn 0.000000 -0.000000 -1.000000
vn -1.000000 0.000000 0.000000
vn -1.000000 0.000000 0.000000
vn -1.000000 0.000000 0.000000
vn -1.000000 0.000000 0.000000
vn -1.000000 0.000000 0.000000
vn -1.000000 0.000000 0.000000
vn -1.000000 0.000000 0.000000
vn -1.000000 0.000000 0.000000
vn 0.000000 0.000000 1.000000
vn 0.000000 0.000000 1.000000
vn 0.000000 0.000000 1.000000
vn 0.000000 0.000000 1.000000
vn 0.000000 0.000000 1.000000
vn 0.000000 0.000000 1.000000
vn 0.000000 0.000000 1.000000
vn 0.000000 0.000000 1.000000
vn 1.000000 0.000000 0.000000
vn 1.000000 0.000000 0.000000
vn 1.000000 0.000000 0.000000
vn 1.000000 0.000000 0.000000
vn 1.000000 0.000000 0.000000
vn 1.000000 0.000000 0.000000
vn 1.000000 0.000000 0.000000
vn 1.000000 0.000000 0.000000
vn 1.000000 0.000000 0.000000
vn 1.000000 0.000000 0.000000
vn 0.000000 -0.000000 -1.000000
vn 0.000000 -0.000000 -1.000000
vn 0.000000 -0.000000 -1.000000
vn 0.000000 -0.000000 -1.000000
vn 0.000000 -0.000000 -1.000000
vn 0.000000 -0.000000 -1.000000
vn 0.000000 -0.000000 -1.000000
vn 0.000000 -0.000000 -1.000000
vn 0.000000 -0.000000 -1.000000
vn 0.000000 -0.000000 -1.000000
vn -1.000000 0.000000 0.000000
vn -1.000000 0.000000 0.000000
vn -1.000000 0.000000 0.000000
vn -1.000000 0.000000 0.000000
vn -1.000000 0.000000 0.000000
vn -1.000000 0.000000 0.000000
vn -1.000000 0.000000 0.000000
vn -1.000000 0.000000 0.000000
vn -1.000000 0.000000 0.000000
vn -1.000000 0.000000 0.000000
vn -1.000000 0.000000 0.000000
vn -1.000000 0.000000 0.000000
vn -1.000000 0.000000 0.000000
vn -1.000000 0.000000 0.000000
vn -1.000000 0.000000 0.000000
vn -1.000000 0.000000 0.000000
vn -1.000000 0.000000 0.000000
vn -1.000000 0.000000 0.000000
vn -1.000000 0.000000 0.000000
vn -1.000000 0.000000 0.000000
vn 0.000000 0.000000 1.000000
vn 0.000000 0.000000 1.000000
vn 0.000000 0.000000 1.000000
vn 0.000000 0.000000 1.000000
vn 0.000000 0.000000 1.000000
vn 0.000000 0.000000 1.000000
vn 0.000000 0.000000 1.000000
vn 0.000000 0.000000 1.000000
vn 0.000000 0.000000 1.000000
vn 0.000000 0.000000 1.000000
vn 0.000000 0.000000 1.000000
vn 0.000000 0.000000 1.000000
vn 0.000000 0.000000 1.000000
vn 0.000000 0.000000 1.000000
vn 0.000000 0.000000 1.000000
vn 0.000000 0.000000 1.000000
vn 0.000000 0.000000 1.000000
vn 0.000000 0.000000 1.000000
vn 0.000000 0.000000 1.000000
vn 0.000000 0.000000 1.000000
vn -1.000000 0.000000 0.000000
vn -1.000000 0.000000 0.000000
vn -1.000000 0.000000 0.000000
vn -1.000000 0.000000 0.000000
vn -1.000000 0.000000 0.000000
vn -1.000000 0.000000 0.000000
vn -1.000000 0.000000 0.000000
vn -1.000000 0.000000 0.000000
vn -1.000000 0.000000 0.000000
vn -1.000000 0.000000 0.000000
vn -1.000000 0.000000 0.000000
vn -1.000000 0.000000 0.000000
vn -1.000000 0.000000 0.000000
vn -1.000000 0.000000 0.000000
vn -1.000000 0.000000 0.000000
vn -1.000000 0.000000 0.000000
vn 1.000000 0.000000 0.000000
vn 1.000000 0.000000 0.000000
vn 1.000000 0.000000 0.000000
vn 1.000000 0.000000 0.000000
vn 1.000000 0.000000 0.000000
vn 1.000000 0.000000 0.000000
vn 1.000000 0.000000 0.000000
vn 1.000000 0.000000 0.000000
vn 0.000000 -0.000000 -1.000000
vn 0.000000 -0.000000 -1.000000
vn 0.000000 -0.000000 -1.000000
vn 0.000000 -0.000000 -1.000000
vn 0.000000 -0.000000 -1.000000
vn 0.000000 -0.000000 -1.000000
vn 0.000000 -0.000000 -1.000000
vn 0.000000 -0.000000 -1.000000
vn 1.000000 0.000000 0.000000
vn 1.000000 0.000000 0.000000
vn 1.000000 0.000000 0.000000
vn 1.000000 0.000000 0.000000
vn 1.000000 0.000000 0.000000
vn 1.000000 0.000000 0.000000
vn 1.000000 0.000000 0.000000
vn 1.000000 0.000000 0.000000
vn 0.000000 -0.000000 -1.000000
vn 0.000000 -0.000000 -1.000000
vn 0.000000 -0.000000 -1.000000
vn 0.000000 -0.000000 -1.000000
vn 0.000000 -0.000000 -1.000000
vn 0.000000 -0.000000 -1.000000
vn 0.000000 -0.000000 -1.000000
vn 0.000000 -0.000000 -1.000000
vn 0.000000 -0.000000 -1.000000
vn 0.000000 -0.000000 -1.000000
vn 0.000000 -0.000000 -1.000000
vn 0.000000 -0.000000 -1.000000
vn 0.000000 -0.000000 -1.000000
vn 0.000000 -0.000000 -1.000000
vn 0.000000 -0.000000 -1.000000
vn 0.000000 -0.000000 -1.000000
vn 0.000000 0.000000 1.000000
vn 0.000000 0.000000 1.000000
vn 0.000000 0.000000 1.000000
vn 0.000000 0.000000 1.000000
vn 0.000000 0.000000 1.000000
vn 0.000000 0.000000 1.000000
vn 0.000000 0.000000 1.000000
vn 0.000000 0.000000 1.000000
vn 1.000000 0.000000 0.000000
vn 1.000000 0.000000 0.000000
vn 1.000000 0.000000 0.000000
vn 1.000000 0.000000 0.000000
vn 1.000000 0.000000 0.000000
vn 1.000000 0.000000 0.000000
vn 1.000000 0.000000 0.000000
vn 1.000000 0.000000 0.000000
vn 0.000000 0.000000 1.000000
vn 0.000000 0.000000 1.000000
vn 0.000000 0.000000 1.000000
vn 0.000000 0.000000 1.000000
vn 0.000000 0.000000 1.000000
vn 0.000000 0.000000 1.000000
vn 0.000000 0.000000 1.000000
vn 0.000000 0.000000 1.000000
vn 0.000000 0.000000 1.000000
vn 0.000000 0.000000 1.000000
vn 0.000000 0.000000 1.000000
vn 0.000000 0.000000 1.000000
vn 0.000000 0.000000 1.000000
vn 0.000000 0.000000 1.000000
vn 0.000000 0.000000 1.000000
vn 0.000000 0.000000 1.000000
vn 0.000000 0.000000 1.000000
vn 0.000000 0.000000 1.000000
vn -1.000000 -0.007874 0.000000
vn -1.000000 -0.007874 0.000000
vn -1.000000 -0.007874 0.000000
vn -1.000000 -0.007874 0.000000
vn -1.000000 -0.007874 0.000000
vn -1.000000 -0.007874 0.000000
vn -1.000000 -0.007874 0.000000
vn -1.000000 -0.007874 0.000000
vn -1.000000 -0.007874 0.000000
vn -1.000000 -0.007874 0.000000
vn 0.000000 -0.000000 -1.000000
vn 0.000000 -0.000000 -1.000000
vn 0.000000 -0.000000 -1.000000
vn 0.000000 -0.000000 -1.000000
vn 0.000000 -0.000000 -1.000000
vn 0.000000 -0.000000 -1.000000
vn 0.000000 -0.000000 -1.000000
vn 0.000000 -0.000000 -1.000000
vn 0.000000 -0.000000 -1.000000
vn 0.000000 -0.000000 -1.000000
vn 1.000000 0.000000 0.000000
vn 1.000000 0.000000 0.000000
vn 1.000000 0.000000 0.000000
vn 1.000000 0.000000 0.000000
vn 1.000000 0.000000 0.000000
vn 1.000000 0.000000 0.000000
vn 1.000000 0.000000 0.000000
vn 1.000000 0.000000 0.000000
vn 1.000000 0.000000 0.000000
vn 1.000000 0.000000 0.000000
vn 0.000000 -0.007874 -1.000000
vn 0.000000 -0.007874 -1.000000
vn 0.000000 -0.007874 -1.000000
vn 0.000000 -0.007874 -1.000000
vn 0.000000 -0.007874 -1.000000
vn 0.000000 -0.007874 -1.000000
vn 0.000000 -0.007874 -1.000000
vn 0.000000 -0.007874 -1.000000
vn 0.000000 -0.007874 -1.000000
vn 0.000000 -0.007874 -1.000000
vn -1.000000 0.000000 0.000000
vn -1.000000 0.000000 0.000000
vn -1.000000 0.000000 0.000000
vn -1.000000 0.000000 0.000000
vn -1.000000 0.000000 0.000000
vn -1.000000 0.000000 0.000000
vn -1.000000 0.000000 0.000000
vn -1.000000 0.000000 0.000000
vn -1.000000 0.000000 0.000000
vn -1.000000 0.000000 0.000000
vn 0.000000 0.000000 1.000000
vn 0.000000 0.000000 1.000000
vn 0.000000 0.000000 1.000000
vn 0.000000 0.000000 1.000000
vn 0.000000 0.000000 1.000000
vn 0.000000 0.000000 1.000000
vn 0.000000 0.000000 1.000000
vn 0.000000 0.000000 1.000000
vn 0.000000 0.000000 1.000000
vn 0.000000 0.000000 1.000000
vn 1.000000 -0.007874 0.000000
vn 1.000000 -0.007874 0.000000
vn 1.000000 -0.007874 0.000000
vn 1.000000 -0.007874 0.000000
vn 1.000000 -0.007874 0.000000
vn 1.000000 -0.007874 0.000000
vn 1.000000 -0.007874 0.000000
vn 1.000000 -0.007874 0.000000
vn 1.000000 -0.007874 0.000000
vn 1.000000 -0.007874 0.000000
vn 0.000000 -0.000000 -1.000000
vn 0.000000 -0.000000 -1.000000
vn 0.000000 -0.000000 -1.000000
vn 0.000000 -0.000000 -1.000000
vn 0.000000 -0.000000 -1.000000
vn 0.000000 -0.000000 -1.000000
vn 0.000000 -0.000000 -1.000000
vn 0.000000 -0.000000 -1.000000
vn 0.000000 -0.000000 -1.000000
vn 0.000000 -0.000000 -1.000000
vn 1.000000 0.000000 0.000000
vn 1.000000 0.000000 0.000000
vn 1.000000 0.000000 0.000000
vn 1.000000 0.000000 0.000000
vn 1.000000 0.000000 0.000000
vn 1.000000 0.000000 0.000000
vn 1.000000 0.000000 0.000000
vn 1.000000 0.000000 0.000000
vn 1.000000 0.000000 0.000000
vn 1.000000 0.000000 0.000000
vn 0.000000 -0.007874 1.000000
vn 0.000000 -0.007874 1.000000
vn 0.000000 -0.007874 1.000000
vn 0.000000 -0.007874 1.000000
vn 0.000000 -0.007874 1.000000
vn 0.000000 -0.007874 1.000000
vn 0.000000 -0.007874 1.000000
vn 0.000000 -0.007874 1.000000
vn 0.000000 -0.007874 1.000000
vn 0.000000 -0.007874 1.000000
vn -1.000000 0.000000 0.000000
vn -1.000000 0.000000 0.000000
vn -1.000000 0.000000 0.000000
vn -1.000000 0.000000 0.000000
vn -1.000000 0.000000 0.000000
vn -1.000000 0.000000 0.000000
vn -1.000000 0.000000 0.000000
vn -1.000000 0.000000 0.000000
vn -1.000000 0.000000 0.000000
vn -1.000000 0.000000 0.000000
vn 0.000000 -0.000000 -1.000000
vn 0.000000 -0.000000 -1.000000
vn 0.000000 -0.000000 -1.000000
vn 0.000000 -0.000000 -1.000000
vn 0.000000 -0.000000 -1.000000
vn 0.000000 -0.000000 -1.000000
vn 0.000000 -0.000000 -1.000000
vn 0.000000 -0.000000 -1.000000
vn 1.000000 0.000000 0.000000
vn 1.000000 0.000000 0.000000
vn 1.000000 0.000000 0.000000
vn 1.000000 0.000000 0.000000
vn 1.000000 0.000000 0.000000
vn 1.000000 0.000000 0.000000
vn 1.000000 0.000000 0.000000
vn 1.000000 0.000000 0.000000
vn 1.000000 0.000000 0.000000
vn 1.000000 0.000000 0.000000
vn 1.000000 0.000000 0.000000
vn 1.000000 0.000000 0.000000
vn 1.000000 0.000000 0.000000
vn 1.000000 0.000000 0.000000
vn 1.000000 0.000000 0.000000
vn 1.000000 0.000000 0.000000
vn 0.000000 0.000000 1.000000
vn 0.000000 0.000000 1.000000
vn 0.000000 0.000000 1.000000
vn 0.000000 0.000000 1.000000
vn 0.000000 0.000000 1.000000
vn 0.000000 0.000000 1.000000
vn 0.000000 0.000000 1.000000
vn 0.000000 0.000000 1.000000
vn -1.000000 0.000000 0.000000
vn -1.000000 0.000000 0.000000
vn -1.000000 0.000000 0.000000
vn -1.000000 0.000000 0.000000
vn -1.000000 0.000000 0.000000
vn -1.000000 0.000000 0.000000
vn -1.000000 0.000000 0.000000
vn -1.000000 0.000000 0.000000
vn -1.000000 0.000000 0.000000
vn -1.000000 0.000000 0.000000
vn -1.000000 0.000000 0.000000
vn -1.000000 0.000000 0.000000
vn -1.000000 0.000000 0.000000
vn -1.000000 0.000000 0.000000
vn -1.000000 0.000000 0.000000
vn -1.000000 0.000000 0.000000
vn 0.000000 -0.000000 -1.000000
vn 0.000000 -0.000000 -1.000000
vn 0.000000 -0.000000 -1.000000
vn 0.000000 -0.000000 -1.000000
vn 0.000000 -0.000000 -1.000000
vn 0.000000 -0.000000 -1.000000
vn 0.000000 -0.000000 -1.000000
vn 0.000000 -0.000000 -1.000000
vn 0.000000 -0.000000 -1.000000
vn 0.000000 -0.000000 -1.000000
vn 1.000000 0.000000 0.000000
vn 1.000000 0.000000 0.000000
vn 1.000000 0.000000 0.000000
vn 1.000000 0.000000 0.000000
vn 1.000000 0.000000 0.000000
vn 1.000000 0.000000 0.000000
vn 1.000000 0.000000 0.000000
vn 1.000000 0.000000 0.000000
vn 1.000000 0.000000 0.000000
vn 1.000000 0.000000 0.000000
vn 1.000000 0.000000 0.000000
vn 1.000000 0.000000 0.000000
vn 1.000000 0.000000 0.000000
vn 1.000000 0.000000 0.000000
vn 1.000000 0.000000 0.000000
vn 1.000000 0.000000 0.000000
vn 1.000000 0.000000 0.000000
vn 1.000000 0.000000 0.000000
vn 1.000000 0.000000 0.000000
vn 1.000000 0.000000 0.000000
vn 0.000000 0.000000 1.000000
vn 0.000000 0.000000 1.000000
vn 0.000000 0.000000 1.000000
vn 0.000000 0.000000 1.000000
vn 0.000000 0.000000 1.000000
vn 0.000000 0.000000 1.000000
vn 0.000000 0.000000 1.000000
vn 0.000000 0.000000 1.000000
vn 0.000000 0.000000 1.000000
vn 0.000000 0.000000 1.000000
vn -1.000000 0.000000 0.000000
vn -1.000000 0.000000 0.000000
vn -1.000000 0.000000 0.000000
vn -1.000000 0.000000 0.000000
vn -1.000000 0.000000 0.000000
vn -1.000000 0.000000 0.000000
vn -1.000000 0.000000 0.000000
vn -1.000000 0.000000 0.000000
vn -1.000000 0.000000 0.000000
vn -1.000000 0.000000 0.000000
vn -1.000000 0.000000 0.000000
vn -1.000000 0.000000 0.000000
vn -1.000000 0.000000 0.000000
vn -1.000000 0.000000 0.000000
vn -1.000000 0.000000 0.000000
vn -1.000000 0.000000 0.000000
vn -1.000000 0.000000 0.000000
vn -1.000000 0.000000 0.000000
vn -1.000000 0.000000 0.000000
vn -1.000000 0.000000 0.000000
vn 0.000000 -0.000000 -1.000000
vn 0.000000 -0.000000 -1.000000
vn 0.000000 -0.000000 -1.000000
vn 0.000000 -0.000000 -1.000000
vn -1.000000 0.000000 0.000000
vn -1.000000 0.000000 0.000000
vn -1.000000 0.000000 0.000000
vn -1.000000 0.000000 0.000000
vn 0.000000 -0.000000 -1.000000
vn 0.000000 -0.000000 -1.000000
vn 0.000000 -0.000000 -1.000000
vn 0.000000 -0.000000 -1.000000
vn 1.000000 0.000000 0.000000
vn 1.000000 0.000000 0.000000
vn 1.000000 0.000000 0.000000
vn 1.000000 0.000000 0.000000
vn 0.000000 -0.000000 -1.000000
vn 0.000000 -0.000000 -1.000000
vn 0.000000 -0.000000 -1.000000
vn 0.000000 -0.000000 -1.000000
vn -1.000000 0.000000 0.000000
vn -1.000000 0.000000 0.000000
vn -1.000000 0.000000 0.000000
vn -1.000000 0.000000 0.000000
vn 0.000000 0.000000 1.000000
vn 0.000000 0.000000 1.000000
vn 0.000000 0.000000 1.000000
vn 0.000000 0.000000 1.000000
vn -1.000000 0.000000 0.000000
vn -1.000000 0.000000 0.000000
vn -1.000000 0.000000 0.000000
vn -1.000000 0.000000 0.000000
vn 0.000000 -0.000000 -1.000000
vn 0.000000 -0.000000 -1.000000
vn 0.000000 -0.000000 -1.000000
vn 0.000000 -0.000000 -1.000000
vn -1.000000 0.000000 0.000000
vn -1.000000 0.000000 0.000000
vn -1.000000 0.000000 0.000000
vn -1.000000 0.000000 0.000000
vn 0.000000 0.000000 1.000000
vn 0.000000 0.000000 1.000000
vn 0.000000 0.000000 1.000000
vn 0.000000 0.000000 1.000000
vn 1.000000 0.000000 0.000000
vn 1.000000 0.000000 0.000000
vn 1.000000 0.000000 0.000000
vn 1.000000 0.000000 0.000000
vn 0.000000 0.000000 1.000000
vn 0.000000 0.000000 1.000000
vn 0.000000 0.000000 1.000000
vn 0.000000 0.000000 1.000000
vn -1.000000 0.000000 0.000000
vn -1.000000 0.000000 0.000000
vn -1.000000 0.000000 0.000000
vn -1.000000 0.000000 0.000000
vn 0.000000 0.000000 1.000000
vn 0.000000 0.000000 1.000000
vn 0.000000 0.000000 1.000000
vn 0.000000 0.000000 1.000000
vn 1.000000 0.000000 0.000000
vn 1.000000 0.000000 0.000000
vn 1.000000 0.000000 0.000000
vn 1.000000 0.000000 0.000000
vn 0.000000 -0.000000 -1.000000
vn 0.000000 -0.000000 -1.000000
vn 0.000000 -0.000000 -1.000000
vn 0.000000 -0.000000 -1.000000
vn 1.000000 0.000000 0.000000
vn 1.000000 0.000000 0.000000
vn 1.000000 0.000000 0.000000
vn 1.000000 0.000000 0.000000
vn 0.000000 0.000000 1.000000
vn 0.000000 0.000000 1.000000
vn 0.000000 0.000000 1.000000
vn 0.000000 0.000000 1.000000
vn 1.000000 0.000000 0.000000
vn 1.000000 0.000000 0.000000
vn 1.000000 0.000000 0.000000
vn 1.000000 0.000000 0.000000
vn 0.000000 0.000000 1.000000
vn 0.000000 0.000000 1.000000
vn 0.000000 0.000000 1.000000
vn 0.000000 0.000000 1.000000
vn 0.000000 -0.000000 -1.000000
vn 0.000000 -0.000000 -1.000000
vn 0.000000 -0.000000 -1.000000
vn 0.000000 -0.000000 -1.000000
vn 0.000000 0.000000 1.000000
vn 0.000000 0.000000 1.000000
vn 0.000000 0.000000 1.000000
vn 0.000000 0.000000 1.000000
vn 0.000000 -0.000000 -1.000000
vn 0.000000 -0.000000 -1.000000
vn 0.000000 -0.000000 -1.000000
vn 0.000000 -0.000000 -1.000000
vn -1.000000 0.000000 0.000000
vn -1.000000 0.000000 0.000000
vn -1.000000 0.000000 0.000000
vn -1.000000 0.000000 0.000000
vn 1.000000 0.000000 0.000000
vn 1.000000 0.000000 0.000000
vn 1.000000 0.000000 0.000000
vn 1.000000 0.000000 0.000000
vn -1.000000 0.000000 0.000000
vn -1.000000 0.000000 0.000000
vn -1.000000 0.000000 0.000000
vn -1.000000 0.000000 0.000000
vn 1.000000 0.000000 0.000000
vn 1.000000 0.000000 0.000000
vn 1.000000 0.000000 0.000000
vn 1.000000 0.000000 0.000000
vn 1.000000 0.000000 0.000000
vn 1.000000 0.000000 0.000000
vn 1.000000 0.000000 0.000000
vn 1.000000 0.000000 0.000000
vn 0.000000 -1.000000 0.000000
vn 0.000000 -1.000000 0.000000
vn 0.000000 -1.000000 0.000000
vn 0.000000 -1.000000 0.000000
vn -1.000000 0.000000 0.000000
vn -1.000000 0.000000 0.000000
vn -1.000000 0.000000 0.000000
vn -1.000000 0.000000 0.000000
vn 0.000000 1.000000 -0.000000
vn 0.000000 1.000000 -0.000000
vn 0.000000 1.000000 -0.000000
vn 0.000000 1.000000 -0.000000
vn 0.000000 -1.000000 0.000000
vn 0.000000 -1.000000 0.000000
vn 0.000000 -1.000000 0.000000
vn 0.000000 -1.000000 0.000000
vn 1.000000 0.000000 0.000000
vn 1.000000 0.000000 0.000000
vn 1.000000 0.000000 0.000000
vn 1.000000 0.000000 0.000000
vn 0.000000 1.000000 -0.000000
vn 0.000000 1.000000 -0.000000
vn 0.000000 1.000000 -0.000000
vn 0.000000 1.000000 -0.000000
vn -1.000000 0.000000 0.000000
vn -1.000000 0.000000 0.000000
vn -1.000000 0.000000 0.000000
vn -1.000000 0.000000 0.000000
vn 0.000000 0.000000 1.000000
vn 0.000000 0.000000 1.000000
vn 0.000000 0.000000 1.000000
vn 0.000000 0.000000 1.000000
vn 0.000000 -1.000000 0.000000
vn 0.000000 -1.000000 0.000000
vn 0.000000 -1.000000 0.000000
vn 0.000000 -1.000000 0.000000
vn 0.000000 -0.000000 -1.000000
vn 0.000000 -0.000000 -1.000000
vn 0.000000 -0.000000 -1.000000
vn 0.000000 -0.000000 -1.000000
vn 0.000000 1.000000 -0.000000
vn 0.000000 1.000000 -0.000000
vn 0.000000 1.000000 -0.000000
vn 0.000000 1.000000 -0.000000
vn 0.000000 -0.000000 -1.000000
vn 0.000000 -0.000000 -1.000000
vn 0.000000 -0.000000 -1.000000
vn 0.000000 -0.000000 -1.000000
vn 0.000000 -1.000000 0.000000
vn 0.000000 -1.000000 0.000000
vn 0.000000 -1.000000 0.000000
vn 0.000000 -1.000000 0.000000
vn 0.000000 0.000000 1.000000
vn 0.000000 0.000000 1.000000
vn 0.000000 0.000000 1.000000
vn 0.000000 0.000000 1.000000
vn 0.000000 1.000000 -0.000000
vn 0.000000 1.000000 -0.000000
vn 0.000000 1.000000 -0.000000
vn 0.000000 1.000000 -0.000000
vn 1.000000 0.000000 0.000000
vn 1.000000 0.000000 0.000000
vn 1.000000 0.000000 0.000000
vn 1.000000 0.000000 0.000000
vn 1.000000 0.000000 0.000000
vn 1.000000 0.000000 0.000000
vn 1.000000 0.000000 0.000000
vn 1.000000 0.000000 0.000000
vn 1.000000 0.000000 0.000000
vn 1.000000 0.000000 0.000000
vn 1.000000 0.000000 0.000000
vn 1.000000 0.000000 0.000000
vn 1.000000 0.000000 0.000000
vn 1.000000 0.000000 0.000000
vn 1.000000 0.000000 0.000000
vn 1.000000 0.000000 0.000000
vn 1.000000 0.000000 0.000000
vn 1.000000 0.000000 0.000000
vn 1.000000 0.000000 0.000000
vn 1.000000 0.000000 0.000000
vn 1.000000 0.000000 0.000000
vn 1.000000 0.000000 0.000000
vn 1.000000 0.000000 0.000000
vn 1.000000 0.000000 0.000000
vn 0.000000 -1.000000 0.000000
vn 0.000000 -1.000000 0.000000
vn 0.000000 -1.000000 0.000000
vn 0.000000 -1.000000 0.000000
vn 0.000000 -1.000000 0.000000
vn 0.000000 -1.000000 0.000000
vn 0.000000 -1.000000 0.000000
vn 0.000000 -1.000000 0.000000
vn 0.000000 -1.000000 0.000000
vn 0.000000 -1.000000 0.000000
vn 0.000000 -1.000000 0.000000
vn 0.000000 -1.000000 0.000000
vn 0.000000 -1.000000 0.000000
vn 0.000000 -1.000000 0.000000
vn 0.000000 -1.000000 0.000000
vn 0.000000 -1.000000 0.000000
vn 0.000000 -1.000000 0.000000
vn 0.000000 -1.000000 0.000000
vn 0.000000 -1.000000 0.000000
vn 0.000000 -1.000000 0.000000
vn 0.000000 -1.000000 0.000000
vn 0.000000 -1.000000 0.000000
vn 0.000000 -1.000000 0.000000
vn 0.000000 -1.000000 0.000000
vn 0.000000 -1.000000 0.000000
vn 0.000000 -1.000000 0.000000
vn 0.000000 -1.000000 0.000000
vn 0.000000 -1.000000 0.000000
vn 0.000000 -1.000000 0.000000
vn 0.000000 -1.000000 0.000000
vn 0.000000 -1.000000 0.000000
vn 0.000000 -1.000000 0.000000
vn 0.000000 -1.000000 0.000000
vn 0.000000 -1.000000 0.000000
vn 0.000000 -1.000000 0.000000
vn 0.000000 -1.000000 0.000000
vn 0.000000 -1.000000 0.000000
vn 0.000000 -1.000000 0.000000
vn 0.000000 -1.000000 0.000000
vn 0.000000 -1.000000 0.000000
vn 0.000000 -1.000000 0.000000
vn 0.000000 -1.000000 0.000000
vn 0.000000 -0.000000 -1.000000
vn 0.000000 -0.000000 -1.000000
vn 0.000000 -0.000000 -1.000000
vn 0.000000 -0.000000 -1.000000
vn 0.000000 -0.000000 -1.000000
vn 0.000000 -0.000000 -1.000000
vn 0.000000 -0.000000 -1.000000
vn 0.000000 -0.000000 -1.000000
vn 0.000000 -0.000000 -1.000000
vn 0.000000 -0.000000 -1.000000
vn 0.000000 -0.000000 -1.000000
vn 0.000000 -0.000000 -1.000000
vn 0.000000 -0.000000 -1.000000
vn 0.000000 -0.000000 -1.000000
vn 0.000000 -0.000000 -1.000000
vn 0.000000 -0.000000 -1.000000
vn 0.000000 -0.000000 -1.000000
vn 0.000000 -0.000000 -1.000000
vn 0.000000 -0.000000 -1.000000
vn 0.000000 -0.000000 -1.000000
vn 0.000000 -0.000000 -1.000000
vn 0.000000 -0.000000 -1.000000
vn 0.000000 -0.000000 -1.000000
vn 0.000000 -0.000000 -1.000000
vn 0.000000 0.000000 1.000000
vn 0.000000 0.000000 1.000000
vn 0.000000 0.000000 1.000000
vn 0.000000 0.000000 1.000000
vn 0.000000 0.000000 1.000000
vn 0.000000 0.000000 1.000000
vn 0.000000 0.000000 1.000000
vn 0.000000 0.000000 1.000000
vn 0.000000 0.000000 1.000000
vn 0.000000 0.000000 1.000000
vn 0.000000 0.000000 1.000000
vn 0.000000 0.000000 1.000000
vn 0.000000 0.000000 1.000000
vn 0.000000 0.000000 1.000000
vn 0.000000 0.000000 1.000000
vn 0.000000 0.000000 1.000000
vn 0.000000 0.000000 1.000000
vn 0.000000 0.000000 1.000000
vn 0.000000 0.000000 1.000000
vn 0.000000 0.000000 1.000000
vn 0.000000 0.000000 1.000000
vn 0.000000 0.000000 1.000000
vn 0.000000 0.000000 1.000000
vn 0.000000 0.000000 1.000000
vn 0.000000 -1.000000 0.000000
vn 0.000000 -1.000000 0.000000
vn 0.000000 -1.000000 0.000000
vn 0.000000 -1.000000 0.000000
vn 0.000000 -1.000000 0.000000
vn 0.000000 -1.000000 0.000000
vn 0.000000 -1.000000 0.000000
vn 0.000000 -1.000000 0.000000
vn 0.000000 -1.000000 0.000000
vn 0.000000 -1.000000 0.000000
vn 0.000000 -1.000000 0.000000
vn 0.000000 -1.000000 0.000000
vn 0.000000 -1.000000 0.000000
vn 0.000000 -1.000000 0.000000
vn 0.000000 -1.000000 0.000000
vn 0.000000 -1.000000 0.000000
vn 0.000000 -1.000000 0.000000
vn 0.000000 -1.000000 0.000000
vn 0.000000 -1.000000 0.000000
vn 0.000000 -1.000000 0.000000
vn -1.000000 0.000000 0.000000
vn -1.000000 0.000000 0.000000
vn -1.000000 0.000000 0.000000
vn -1.000000 0.000000 0.000000
vn -1.000000 0.000000 0.000000
vn -1.000000 0.000000 0.000000
vn -1.000000 0.000000 0.000000
vn -1.000000 0.000000 0.000000
vn -1.000000 0.000000 0.000000
vn -1.000000 0.000000 0.000000
vn -1.000000 0.000000 0.000000
vn -1.000000 0.000000 0.000000
vn -1.000000 0.000000 0.000000
vn -1.000000 0.000000 0.000000
vn -1.000000 0.000000 0.000000
vn -1.000000 0.000000 0.000000
vn -1.000000 0.000000 0.000000
vn -1.000000 0.000000 0.000000
vn -1.000000 0.000000 0.000000
vn -1.000000 0.000000 0.000000
vn -1.000000 0.000000 0.000000
vn -1.000000 0.000000 0.000000
vn -1.000000 0.000000 0.000000
vn -1.000000 0.000000 0.000000
vn 0.000000 -1.000000 0.000000
vn 0.000000 -1.000000 0.000000
vn 0.000000 -1.000000 0.000000
vn 0.000000 -1.000000 0.000000
vn 0.000000 -1.000000 0.000000
vn 0.000000 -1.000000 0.000000
vn 0.000000 -1.000000 0.000000
vn 0.000000 -1.000000 0.000000
vn 0.000000 -1.000000 0.000000
vn 0.000000 -1.000000 0.000000
vn 0.000000 -1.000000 0.000000
vn 0.000000 -1.000000 0.000000
vn 0.000000 -1.000000 0.000000
vn 0.000000 -1.000000 0.000000
vn 0.000000 -1.000000 0.000000
vn 0.000000 -1.000000 0.000000
vn 0.000000 -1.000000 0.000000
vn 0.000000 -1.000000 0.000000
vn 0.000000 -1.000000 0.000000
vn 0.000000 -1.000000 0.000000
vn 0.000000 1.000000 -0.000000
vn 0.000000 1.000000 -0.000000
vn 0.000000 1.000000 -0.000000
vn 0.000000 1.000000 -0.000000
vn 0.000000 1.000000 -0.000000
vn 0.000000 1.000000 -0.000000
vn 0.000000 1.000000 -0.000000
vn 0.000000 1.000000 -0.000000
vn 0.000000 1.000000 -0.000000
vn 0.000000 1.000000 -0.000000
vn 0.000000 1.000000 -0.000000
vn 0.000000 1.000000 -0.000000
vn 0.000000 1.000000 -0.000000
vn 0.000000 1.000000 -0.000000
vn 0.000000 1.000000 -0.000000
vn 0.000000 1.000000 -0.000000
vn 0.000000 1.000000 -0.000000
vn 0.000000 1.000000 -0.000000
vn 0.000000 1.000000 -0.000000
vn 0.000000 1.000000 -0.000000
vn 0.000000 1.000000 -0.000000
vn 0.000000 1.000000 -0.000000
vn 0.000000 1.000000 -0.000000
vn 0.000000 1.000000 -0.000000
vn 0.000000 -1.000000 0.000000
vn 0.000000 -1.000000 0.000000
vn 0.000000 -1.000000 0.000000
vn 0.000000 -1.000000 0.000000
vn 0.000000 -1.000000 0.000000
vn 0.000000 -1.000000 0.000000
vn 0.000000 -1.000000 0.000000
vn 0.000000 -1.000000 0.000000
vn 0.000000 -1.000000 0.000000
vn 0.000000 -1.000000 0.000000
vn 0.000000 -1.000000 0.000000
vn 0.000000 -1.000000 0.000000
vn 0.000000 -1.000000 0.000000
vn 0.000000 -1.000000 0.000000
vn 0.000000 1.000000 -0.000000
vn 0.000000 1.000000 -0.000000
vn 0.000000 1.000000 -0.000000
vn 0.000000 1.000000 -0.000000
vn 0.000000 1.000000 -0.000000
vn 0.000000 1.000000 -0.000000
vn 0.000000 1.000000 -0.000000
vn 0.000000 1.000000 -0.000000
vn 0.000000 1.000000 -0.000000
vn 0.000000 1.000000 -0.000000
vn 0.000000 1.000000 -0.000000
vn 0.000000 1.000000 -0.000000
vn 0.000000 1.000000 -0.000000
vn 0.000000 1.000000 -0.000000
vn 0.000000 -1.000000 0.000000
vn 0.000000 -1.000000 0.000000
vn 0.000000 -1.000000 0.000000
vn 0.000000 -1.000000 0.000000
vn 0.000000 -1.000000 0.000000
vn 0.000000 -1.000000 0.000000
vn 0.000000 -1.000000 0.000000
vn 0.000000 -1.000000 0.000000
vn 0.000000 -1.000000 0.000000
vn 0.000000 -1.000000 0.000000
vn 0.000000 -1.000000 0.000000
vn 0.000000 -1.000000 0.000000
vn 0.000000 -1.000000 0.000000
vn 0.000000 -1.000000 0.000000
vn 0.000000 1.000000 -0.000000
vn 0.000000 1.000000 -0.000000
vn 0.000000 1.000000 -0.000000
vn 0.000000 1.000000 -0.000000
vn 0.000000 1.000000 -0.000000
vn 0.000000 1.000000 -0.000000
vn 0.000000 1.000000 -0.000000
vn 0.000000 1.000000 -0.000000
vn 0.000000 1.000000 -0.000000
vn 0.000000 1.000000 -0.000000
vn 0.000000 1.000000 -0.000000
vn 0.000000 1.000000 -0.000000
vn 0.000000 1.000000 -0.000000
vn 0.000000 1.000000 -0.000000
vn 0.000000 -1.000000 0.000000
vn 0.000000 -1.000000 0.000000
vn 0.000000 -1.000000 0.000000
vn 0.000000 -1.000000 0.000000
vn 0.000000 -1.000000 0.000000
vn 0.000000 -1.000000 0.000000
vn 0.000000 -1.000000 0.000000
vn 0.000000 -1.000000 0.000000
vn 0.000000 -1.000000 0.000000
vn 0.000000 -1.000000 0.000000
vn 0.000000 -1.000000 0.000000
vn 0.000000 -1.000000 0.000000
vn 0.000000 -1.000000 0.000000
vn 0.000000 -1.000000 0.000000
vn 0.000000 1.000000 -0.000000
vn 0.000000 1.000000 -0.000000
vn 0.000000 1.000000 -0.000000
vn 0.000000 1.000000 -0.000000
vn 0.000000 1.000000 -0.000000
vn 0.000000 1.000000 -0.000000
vn 0.000000 1.000000 -0.000000
vn 0.000000 1.000000 -0.000000
vn 0.000000 1.000000 -0.000000
vn 0.000000 1.000000 -0.000000
vn 0.000000 1.000000 -0.000000
vn 0.000000 1.000000 -0.000000
vn 0.000000 1.000000 -0.000000
vn 0.000000 1.000000 -0.000000
vn 0.000000 1.000000 -0.000000
vn 0.000000 1.000000 -0.000000
vn 0.000000 1.000000 -0.000000
vn 0.000000 1.000000 -0.000000
vn 0.000000 1.000000 -0.000000
vn 0.000000 1.000000 -0.000000
vn 0.000000 1.000000 -0.000000
vn 0.000000 1.000000 -0.000000
vn 0.000000 1.000000 -0.000000
vn 0.000000 1.000000 -0.000000
vn 0.000000 1.000000 -0.000000
vn 0.000000 1.000000 -0.000000
vn 0.000000 1.000000 -0.000000
vn 0.000000 1.000000 -0.000000
vn 0.000000 -1.000000 0.000000
vn 0.000000 -1.000000 0.000000
vn 0.000000 -1.000000 0.000000
vn 0.000000 -1.000000 0.000000
vn 0.000000 -1.000000 0.000000
vn 0.000000 -1.000000 0.000000
vn 0.000000 -1.000000 0.000000
vn 0.000000 -1.000000 0.000000
vn 0.000000 -1.000000 0.000000
vn 0.000000 -1.000000 0.000000
vn 0.000000 -1.000000 0.000000
vn 0.000000 -1.000000 0.000000
vn 0.000000 -1.000000 0.000000
vn 0.000000 -1.000000 0.000000
vn 0.000000 1.000000 -0.000000
vn 0.000000 1.000000 -0.000000
vn 0.000000 1.000000 -0.000000
vn 0.000000 1.000000 -0.000000
vn 0.000000 1.000000 -0.000000
vn 0.000000 1.000000 -0.000000
vn 0.000000 1.000000 -0.000000
vn 0.000000 1.000000 -0.000000
vn 0.000000 1.000000 -0.000000
vn 0.000000 1.000000 -0.000000
vn 0.000000 1.000000 -0.000000
vn 0.000000 1.000000 -0.000000
vn 0.000000 1.000000 -0.000000
vn 0.000000 1.000000 -0.000000
vn 0.000000 1.000000 -0.000000
vn 0.000000 1.000000 -0.000000
vn 0.000000 1.000000 -0.000000
vn 0.000000 1.000000 -0.000000
vn 0.000000 1.000000 -0.000000
vn 0.000000 1.000000 -0.000000
vn 0.000000 1.000000 -0.000000
vn 0.000000 1.000000 -0.000000
vn 0.000000 1.000000 -0.000000
vn 0.000000 1.000000 -0.000000
vn 0.000000 1.000000 -0.000000
vn 0.000000 1.000000 -0.000000
vn 0.000000 1.000000 -0.000000
vn 0.000000 1.000000 -0.000000
vn 0.000000 1.000000 -0.000000
vn 0.000000 1.000000 -0.000000
vn 0.000000 1.000000 -0.000000
vn 0.000000 1.000000 -0.000000
vn 0.000000 1.000000 -0.000000
vn 0.000000 1.000000 -0.000000
vn 0.000000 1.000000 -0.000000
vn 0.000000 1.000000 -0.000000
vn 0.000000 1.000000 -0.000000
vn 0.000000 1.000000 -0.000000
vn 0.000000 1.000000 -0.000000
vn 0.000000 1.000000 -0.000000
vn 0.000000 1.000000 -0.000000
vn 0.000000 1.000000 -0.000000
vn 0.000000 1.000000 -0.000000
vn 0.000000 1.000000 -0.000000
vn 0.000000 1.000000 -0.000000
vn 0.000000 1.000000 -0.000000
vn 0.000000 1.000000 -0.000000
vn 0.000000 1.000000 -0.000000
vn 0.000000 1.000000 -0.000000
vn 0.000000 1.000000 -0.000000
vn 0.000000 1.000000 -0.000000
vn 0.000000 1.000000 -0.000000
vn 0.000000 1.000000 -0.000000
vn 0.000000 1.000000 -0.000000
vn 0.000000 1.000000 -0.000000
vn 0.000000 1.000000 -0.000000
vn 0.000000 1.000000 -0.000000
vn 0.000000 1.000000 -0.000000
vn 0.000000 1.000000 -0.000000
vn 0.000000 1.000000 -0.000000
vn 0.000000 1.000000 -0.000000
vn 0.000000 1.000000 -0.000000
vn 0.000000 1.000000 -0.000000
vn 0.000000 1.000000 -0.000000
vn 0.000000 1.000000 -0.000000
vn 0.000000 1.000000 -0.000000
vn 0.000000 1.000000 -0.000000
vn 0.000000 1.000000 -0.000000
vn 0.000000 1.000000 -0.000000
vn 0.000000 1.000000 -0.000000
vn 0.000000 1.000000 -0.000000
vn 0.000000 1.000000 -0.000000
vn 0.000000 1.000000 -0.000000
vn 0.000000 1.000000 -0.000000
vn 0.000000 1.000000 -0.000000
vn 0.000000 1.000000 -0.000000
vn 0.000000 1.000000 -0.000000
vn 0.000000 1.000000 -0.000000
vn 0.000000 1.000000 -0.000000
vn 0.000000 1.000000 -0.000000
vn 0.000000 1.000000 -0.000000
vn 0.000000 1.000000 -0.000000
vn 0.000000 1.000000 -0.000000
vn 0.000000 1.000000 -0.000000
vn 0.000000 1.000000 -0.000000
vn 0.000000 1.000000 -0.000000
vn 0.000000 1.000000 -0.000000
vn 0.000000 1.000000 -0.000000
vn 0.000000 1.000000 -0.000000
vn 0.000000 1.000000 -0.000000
vn 0.000000 1.000000 -0.000000
vn 0.000000 1.000000 -0.000000
vn 0.000000 1.000000 -0.000000
vn 0.000000 1.000000 -0.000000
vn 0.000000 1.000000 -0.000000
vn 0.000000 1.000000 -0.000000
vn 0.000000 1.000000 -0.000000
vn 0.000000 0.000000 1.000000
vn 0.000000 0.000000 1.000000
vn 0.000000 0.000000 1.000000
vn 0.000000 0.000000 1.000000
vn -1.000000 0.000000 0.000000
vn -1.000000 0.000000 0.000000
vn -1.000000 0.000000 0.000000
vn -1.000000 0.000000 0.000000
vn 1.000000 0.000000 0.000000
vn 1.000000 0.000000 0.000000
vn 1.000000 0.000000 0.000000
vn 1.000000 0.000000 0.000000
vn 0.000000 0.000000 1.000000
vn 0.000000 0.000000 1.000000
vn 0.000000 0.000000 1.000000
vn 0.000000 0.000000 1.000000
vn 1.000000 0.000000 0.000000
vn 1.000000 0.000000 0.000000
vn 1.000000 0.000000 0.000000
vn 1.000000 0.000000 0.000000
vn -1.000000 0.000000 0.000000
vn -1.000000 0.000000 0.000000
vn -1.000000 0.000000 0.000000
vn -1.000000 0.000000 0.000000
vn 0.000000 -0.000000 -1.000000
vn 0.000000 -0.000000 -1.000000
vn 0.000000 -0.000000 -1.000000
vn 0.000000 -0.000000 -1.000000
vn 0.000000 -0.000000 -1.000000
vn 0.000000 -0.000000 -1.000000
vn 0.000000 -0.000000 -1.000000
vn 0.000000 -0.000000 -1.000000
vn 0.000000 -0.000000 -1.000000
vn 0.000000 -0.000000 -1.000000
vn 0.000000 -0.000000 -1.000000
vn 0.000000 -0.000000 -1.000000
vn 0.000000 -0.000000 -1.000000
vn 0.000000 -0.000000 -1.000000
vn 0.000000 -0.000000 -1.000000
vn 0.000000 -0.000000 -1.000000
vn 0.000000 -0.000000 -1.000000
vn 0.000000 -0.000000 -1.000000
vn 0.000000 -0.000000 -1.000000
vn 0.000000 -0.000000 -1.000000
vn 0.000000 -0.000000 -1.000000
vn 0.000000 -0.000000 -1.000000
vn 0.000000 -0.000000 -1.000000
vn 0.000000 -0.000000 -1.000000
vn 0.000000 -0.000000 -1.000000
vn 0.000000 -0.000000 -1.000000
vn 0.000000 -0.000000 -1.000000
vn 0.000000 -0.000000 -1.000000
vn 0.000000 -0.000000 -1.000000
vn 0.000000 -0.000000 -1.000000
vn 0.000000 -0.000000 -1.000000
vn 0.000000 -0.000000 -1.000000
vn 0.000000 -0.000000 -1.000000
vn 0.000000 -0.000000 -1.000000
vn 0.000000 -0.000000 -1.000000
vn 0.000000 -0.000000 -1.000000
vn 0.000000 -0.000000 -1.000000
vn 0.000000 -0.000000 -1.000000
vn 0.000000 -0.000000 -1.000000
vn 0.000000 -0.000000 -1.000000
vn 1.000000 0.000000 0.000000
vn 1.000000 0.000000 0.000000
vn 1.000000 0.000000 0.000000
vn 1.000000 0.000000 0.000000
vn 1.000000 0.000000 0.000000
vn 1.000000 0.000000 0.000000
vn 0.000000 0.000000 1.000000
vn 0.000000 0.000000 1.000000
vn 0.000000 0.000000 1.000000
vn 0.000000 0.000000 1.000000
vn 0.000000 0.000000 1.000000
vn 0.000000 0.000000 1.000000
vn 0.000000 0.000000 1.000000
vn 0.000000 0.000000 1.000000
vn 0.000000 0.000000 1.000000
vn 0.000000 0.000000 1.000000
vn 0.000000 0.000000 1.000000
vn 0.000000 0.000000 1.000000
vn -1.000000 0.000000 0.000000
vn -1.000000 0.000000 0.000000
vn -1.000000 0.000000 0.000000
vn -1.000000 0.000000 0.000000
vn -1.000000 0.000000 0.000000
vn -1.000000 0.000000 0.000000
vn 0.000000 0.000000 1.000000
vn 0.000000 0.000000 1.000000
vn 0.000000 0.000000 1.000000
vn 0.000000 0.000000 1.000000
vn 0.000000 0.000000 1.000000
vn 0.000000 0.000000 1.000000
vn 0.000000 0.000000 1.000000
vn 0.000000 0.000000 1.000000
vn 0.000000 0.000000 1.000000
vn 0.000000 0.000000 1.000000
vn 0.000000 0.000000 1.000000
vn 0.000000 0.000000 1.000000
vn 0.000000 0.000000 1.000000
vn 0.000000 0.000000 1.000000
vn 0.000000 0.000000 1.000000
vn 0.000000 0.000000 1.000000
vn 0.000000 0.000000 1.000000
vn 0.000000 0.000000 1.000000
vn 0.000000 0.000000 1.000000
vn 0.000000 0.000000 1.000000
vn 1.000000 0.000000 0.000000
vn 1.000000 0.000000 0.000000
vn 1.000000 0.000000 0.000000
vn 1.000000 0.000000 0.000000
vn 1.000000 0.000000 0.000000
vn 1.000000 0.000000 0.000000
vn 1.000000 0.000000 0.000000
vn 1.000000 0.000000 0.000000
vn 1.000000 0.000000 0.000000
vn 1.000000 0.000000 0.000000
vn 1.000000 0.000000 0.000000
vn 1.000000 0.000000 0.000000
vn 1.000000 0.000000 0.000000
vn 1.000000 0.000000 0.000000
vn 1.000000 0.000000 0.000000
vn 1.000000 0.000000 0.000000
vn -1.000000 0.000000 0.000000
vn -1.000000 0.000000 0.000000
vn -1.000000 0.000000 0.000000
vn -1.000000 0.000000 0.000000
vn -1.000000 0.000000 0.000000
vn -1.000000 0.000000 0.000000
vn -1.000000 0.000000 0.000000
vn -1.000000 0.000000 0.000000
vn -1.000000 0.000000 0.000000
vn -1.000000 0.000000 0.000000
vn -1.000000 0.000000 0.000000
vn -1.000000 0.000000 0.000000
vn -1.000000 0.000000 0.000000
vn -1.000000 0.000000 0.000000
vn -1.000000 0.000000 0.000000
vn -1.000000 0.000000 0.000000
vn -1.000000 0.000000 0.000000
vn -1.000000 0.000000 0.000000
vn -1.000000 0.000000 0.000000
vn -1.000000 0.000000 0.000000
vn 1.000000 0.000000 0.000000
vn 1.000000 0.000000 0.000000
vn 1.000000 0.000000 0.000000
vn 1.000000 0.000000 0.000000
vn 1.000000 0.000000 0.000000
vn 1.000000 0.000000 0.000000
vn 1.000000 0.000000 0.000000
vn 1.000000 0.000000 0.000000
vn 1.000000 0.000000 0.000000
vn 1.000000 0.000000 0.000000
vn -1.000000 0.000000 0.000000
vn -1.000000 0.000000 0.000000
vn -1.000000 0.000000 0.000000
vn -1.000000 0.000000 0.000000
vn -1.000000 0.000000 0.000000
vn -1.000000 0.000000 0.000000
tan 0.000000 1.000000 -0.000000 1.000000
tan 0.000000 1.000000 -0.000000 1.000000
tan 0.000000 1.000000 -0.000000 1.000000
tan 0.000000 1.000000 -0.000000 1.000000
tan 0.000000 1.000000 -0.000000 1.000000
tan 0.000000 1.000000 -0.000000 1.000000
tan 0.000000 1.000000 -0.000000 1.000000
tan 0.000000 1.000000 -0.000000 1.000000
tan 0.000000 1.000000 -0.000000 1.000000
tan 0.000000 1.000000 -0.000000 1.000000
tan 0.000000 1.000000 -0.000000 1.000000
tan 0.000000 1.000000 -0.000000 1.000000
tan 0.000000 1.000000 -0.000000 1.000000
tan 0.000000 1.000000 -0.000000 1.000000
tan 0.000000 1.000000 -0.000000 1.000000
tan 0.000000 1.000000 -0.000000 1.000000
tan 0.000000 1.000000 -0.000000 1.000000
tan 0.000000 1.000000 -0.000000 1.000000
tan 0.000000 1.000000 -0.000000 1.000000
tan 0.000000 1.000000 -0.000000 1.000000
tan 0.000000 1.000000 -0.000000 1.000000
tan 0.000000 1.000000 -0.000000 1.000000
tan 0.000000 1.000000 -0.000000 1.000000
tan 0.000000 1.000000 -0.000000 1.000000
tan 0.000000 1.000000 -0.000000 1.000000
tan 0.000000 1.000000 -0.000000 1.000000
tan 0.000000 1.000000 -0.000000 1.000000
tan 0.000000 1.000000 -0.000000 1.000000
tan 0.000000 1.000000 -0.000000 1.000000
tan 0.000000 1.000000 -0.000000 1.000000
tan 0.000000 1.000000 -0.000000 1.000000
tan 0.000000 1.000000 -0.000000 1.000000
tan 0.000000 1.000000 -0.000000 1.000000
tan 0.000000 1.000000 -0.000000 1.000000
tan 0.000000 1.000000 -0.000000 1.000000
tan 0.000000 1.000000 -0.000000 1.000000
tan 0.000000 1.000000 -0.000000 1.000000
tan 0.000000 1.000000 -0.000000 1.000000
tan 0.000000 1.000000 -0.000000 1.000000
tan 0.000000 1.000000 -0.000000 1.000000
tan 0.000000 -1.000000 0.000000 1.000000
tan 0.000000 -1.000000 0.000000 1.000000
tan 0.000000 -1.000000 0.000000 1.000000
tan 0.000000 -1.000000 0.000000 1.000000
tan 0.000000 -1.000000 0.000000 1.000000
tan 0.000000 -1.000000 0.000000 1.000000
tan 0.000000 -1.000000 0.000000 1.000000
tan 0.000000 -1.000000 0.000000 1.000000
tan 0.000000 -1.000000 0.000000 1.000000
tan 0.000000 -1.000000 0.000000 1.000000
tan 0.000000 -1.000000 0.000000 1.000000
tan 0.000000 -1.000000 0.000000 1.000000
tan 0.000000 -1.000000 0.000000 1.000000
tan 0.000000 -1.000000 0.000000 1.000000
tan 0.000000 -1.000000 0.000000 1.000000
tan 0.000000 -1.000000 0.000000 1.000000
tan 0.000000 -1.000000 0.000000 1.000000
tan 0.000000 -1.000000 0.000000 1.000000
tan 0.000000 -1.000000 0.000000 1.000000
tan 0.000000 -1.000000 0.000000 1.000000
tan 0.000000 1.000000 -0.000000 1.000000
tan 0.000000 1.000000 -0.000000 1.000000
tan 0.000000 1.000000 -0.000000 1.000000
tan 0.000000 1.000000 -0.000000 1.000000
tan 0.000000 1.000000 -0.000000 1.000000
tan 0.000000 1.000000 -0.000000 1.000000
tan 0.000000 1.000000 -0.000000 1.000000
tan 0.000000 1.000000 -0.000000 1.000000
tan 0.000000 1.000000 -0.000000 1.000000
tan 0.000000 1.000000 -0.000000 1.000000
tan 0.000000 1.000000 -0.000000 1.000000
tan 0.000000 1.000000 -0.000000 1.000000
tan 0.000000 1.000000 -0.000000 1.000000
tan 0.000000 1.000000 -0.000000 1.000000
tan 0.000000 1.000000 -0.000000 1.000000
tan 0.000000 1.000000 -0.000000 1.000000
tan 0.000000 1.000000 -0.000000 1.000000
tan 0.000000 1.000000 -0.000000 1.000000
tan 0.000000 1.000000 -0.000000 1.000000
tan 0.000000 1.000000 -0.000000 1.000000
tan 0.000000 1.000000 -0.000000 1.000000
tan 0.000000 1.000000 -0.000000 1.000000
tan 0.000000 1.000000 -0.000000 1.000000
tan 0.000000 1.000000 -0.000000 1.000000
tan 0.000000 1.000000 -0.000000 1.000000
tan 0.000000 1.000000 -0.000000 1.000000
tan 0.000000 1.000000 -0.000000 1.000000
tan 0.000000 1.000000 -0.000000 1.000000
tan 0.000000 1.000000 -0.000000 1.000000
tan 0.000000 1.000000 -0.000000 1.000000
tan 0.000000 1.000000 -0.000000 1.000000
tan 0.000000 1.000000 -0.000000 1.000000
tan 0.000000 1.000000 -0.000000 1.000000
tan 0.000000 1.000000 -0.000000 1.000000
tan 0.000000 1.000000 -0.000000 1.000000
tan 0.000000 1.000000 -0.000000 1.000000
tan 0.000000 1.000000 -0.000000 1.000000
tan 0.000000 1.000000 -0.000000 1.000000
tan 0.000000 1.000000 -0.000000 1.000000
tan 0.000000 1.000000 -0.000000 1.000000
tan 0.000000 -1.000000 0.000000 1.000000
tan 0.000000 -1.000000 0.000000 1.000000
tan 0.000000 -1.000000 0.000000 1.000000
tan 0.000000 -1.000000 0.000000 1.000000
tan 0.000000 -1.000000 0.000000 1.000000
tan 0.000000 -1.000000 0.000000 1.000000
tan 0.000000 -1.000000 0.000000 1.000000
tan 0.000000 -1.000000 0.000000 1.000000
tan 0.000000 -1.000000 0.000000 1.000000
tan 0.000000 -1.000000 0.000000 1.000000
tan 0.000000 -1.000000 0.000000 1.000000
tan 0.000000 -1.000000 0.000000 1.000000
tan 0.000000 -1.000000 0.000000 1.000000
tan 0.000000 -1.000000 0.000000 1.000000
tan 0.000000 -1.000000 0.000000 1.000000
tan 0.000000 -1.000000 0.000000 1.000000
tan 0.000000 -1.000000 0.000000 1.000000
tan 0.000000 -1.000000 0.000000 1.000000
tan 0.000000 -1.000000 0.000000 1.000000
tan 0.000000 -1.000000 0.000000 1.000000
tan 0.000000 1.000000 -0.000000 1.000000
tan 0.000000 1.000000 -0.000000 1.000000
tan 0.000000 1.000000 -0.000000 1.000000
tan 0.000000 1.000000 -0.000000 1.000000
tan 0.000000 1.000000 -0.000000 1.000000
tan 0.000000 1.000000 -0.000000 1.000000
tan 0.000000 1.000000 -0.000000 1.000000
tan 0.000000 1.000000 -0.000000 1.000000
tan 0.000000 1.000000 -0.000000 1.000000
tan 0.000000 1.000000 -0.000000 1.000000
tan 0.000000 1.000000 -0.000000 1.000000
tan 0.000000 1.000000 -0.000000 1.000000
tan 0.000000 1.000000 -0.000000 1.000000
tan 0.000000 1.000000 -0.000000 1.000000
tan 0.000000 1.000000 -0.000000 1.000000
tan 0.000000 1.000000 -0.000000 1.000000
tan 0.000000 1.000000 -0.000000 1.000000
tan 0.000000 1.000000 -0.000000 1.000000
tan 0.000000 1.000000 -0.000000 1.000000
tan 0.000000 1.000000 -0.000000 1.000000
tan 0.000000 1.000000 -0.000000 1.000000
tan 0.000000 1.000000 -0.000000 1.000000
tan 0.000000 1.000000 -0.000000 1.000000
tan 0.000000 1.000000 -0.000000 1.000000
tan 0.000000 1.000000 -0.000000 1.000000
tan 0.000000 1.000000 -0.000000 1.000000
tan 0.000000 1.000000 -0.000000 1.000000
tan 0.000000 1.000000 -0.000000 1.000000
tan 0.000000 1.000000 -0.000000 1.000000
tan 0.000000 1.000000 -0.000000 1.000000
tan 0.000000 1.000000 -0.000000 1.000000
tan 0.000000 1.000000 -0.000000 1.000000
tan 0.000000 1.000000 -0.000000 1.000000
tan 0.000000 1.000000 -0.000000 1.000000
tan 0.000000 1.000000 -0.000000 1.000000
tan 0.000000 1.000000 -0.000000 1.000000
tan 0.000000 1.000000 -0.000000 1.000000
tan 0.000000 1.000000 -0.000000 1.000000
tan 0.000000 1.000000 -0.000000 1.000000
tan 0.000000 1.000000 -0.000000 1.000000
tan 0.000000 1.000000 -0.000000 1.000000
tan 0.000000 1.000000 -0.000000 1.000000
tan 0.000000 1.000000 -0.000000 1.000000
tan 0.000000 1.000000 -0.000000 1.000000
tan 0.000000 1.000000 -0.000000 1.000000
tan 0.000000 1.000000 -0.000000 1.000000
tan 0.000000 1.000000 -0.000000 1.000000
tan 0.000000 1.000000 -0.000000 1.000000
tan 0.000000 1.000000 -0.000000 1.000000
tan 0.000000 1.000000 -0.000000 1.000000
tan 0.000000 1.000000 -0.000000 1.000000
tan 0.000000 1.000000 -0.000000 1.000000
tan 0.000000 1.000000 -0.000000 1.000000
tan 0.000000 1.000000 -0.000000 1.000000
tan 0.000000 1.000000 -0.000000 1.000000
tan 0.000000 1.000000 -0.000000 1.000000
tan 0.000000 1.000000 -0.000000 1.000000
tan 0.000000 1.000000 -0.000000 1.000000
tan 0.000000 1.000000 -0.000000 1.000000
tan 0.000000 1.000000 -0.000000 1.000000
tan 0.000000 1.000000 -0.000000 1.000000
tan 0.000000 1.000000 -0.000000 1.000000
tan 0.000000 1.000000 -0.000000 1.000000
tan 0.000000 1.000000 -0.000000 1.000000
tan 0.000000 -1.000000 0.000000 1.000000
tan 0.000000 -1.000000 0.000000 1.000000
tan 0.000000 -1.000000 0.000000 1.000000
tan 0.000000 -1.000000 0.000000 1.000000
tan 0.000000 -1.000000 0.000000 1.000000
tan 0.000000 -1.000000 0.000000 1.000000
tan 0.000000 -1.000000 0.000000 1.000000
tan 0.000000 -1.000000 0.000000 1.000000
tan 0.000000 -1.000000 0.000000 1.000000
tan 0.000000 -1.000000 0.000000 1.000000
tan 0.000000 -1.000000 0.000000 1.000000
tan 0.000000 -1.000000 0.000000 1.000000
tan 0.000000 -1.000000 0.000000 1.000000
tan 0.000000 -1.000000 0.000000 1.000000
tan 0.000000 -1.000000 0.000000 1.000000
tan 0.000000 -1.000000 0.000000 1.000000
tan 0.000000 -1.000000 0.000000 1.000000
tan 0.000000 -1.000000 0.000000 1.000000
tan 0.000000 -1.000000 0.000000 1.000000
tan 0.000000 -1.000000 0.000000 1.000000
tan 0.000000 -1.000000 0.000000 1.000000
tan 0.000000 -1.000000 0.000000 1.000000
tan 0.000000 -1.000000 0.000000 1.000000
tan 0.000000 -1.000000 0.000000 1.000000
tan 0.000000 -1.000000 0.000000 1.000000
tan 0.000000 -1.000000 0.000000 1.000000
tan 0.000000 -1.000000 0.000000 1.000000
tan 0.000000 -1.000000 0.000000 1.000000
tan 0.000000 -1.000000 0.000000 1.000000
tan 0.000000 -1.000000 0.000000 1.000000
tan 0.000000 -1.000000 0.000000 1.000000
tan 0.000000 -1.000000 0.000000 1.000000
tan 0.000000 -1.000000 0.000000 1.000000
tan 0.000000 -1.000000 0.000000 1.000000
tan 0.000000 -1.000000 0.000000 1.000000
tan 0.000000 -1.000000 0.000000 1.000000
tan 0.000000 -1.000000 0.000000 1.000000
tan 0.000000 -1.000000 0.000000 1.000000
tan 0.000000 -1.000000 0.000000 1.000000
tan 0.000000 -1.000000 0.000000 1.000000
tan 0.000000 -1.000000 0.000000 1.000000
tan 0.000000 -1.000000 0.000000 1.000000
tan 0.000000 -1.000000 0.000000 1.000000
tan 0.000000 -1.000000 0.000000 1.000000
tan 0.000000 -1.000000 0.000000 1.000000
tan 0.000000 -1.000000 0.000000 1.000000
tan 0.000000 -1.000000 0.000000 1.000000
tan 0.000000 -1.000000 0.000000 1.000000
tan 0.000000 -1.000000 0.000000 1.000000
tan 0.000000 -1.000000 0.000000 1.000000
tan 0.000000 -1.000000 0.000000 1.000000
tan 0.000000 -1.000000 0.000000 1.000000
tan 0.000000 -1.000000 0.000000 1.000000
tan 0.000000 -1.000000 0.000000 1.000000
tan 0.000000 -1.000000 0.000000 1.000000
tan 0.000000 -1.000000 0.000000 1.000000
tan 0.000000 -1.000000 0.000000 1.000000
tan 0.000000 -1.000000 0.000000 1.000000
tan 0.000000 -1.000000 0.000000 1.000000
tan 0.000000 -1.000000 0.000000 1.000000
tan 0.000000 1.000000 -0.000000 1.000000
tan 0.000000 1.000000 -0.000000 1.000000
tan 0.000000 1.000000 -0.000000 1.000000
tan 0.000000 1.000000 -0.000000 1.000000
tan 0.000000 1.000000 -0.000000 1.000000
tan 0.000000 1.000000 -0.000000 1.000000
tan 0.000000 1.000000 -0.000000 1.000000
tan 0.000000 1.000000 -0.000000 1.000000
tan 0.000000 1.000000 -0.000000 1.000000
tan 0.000000 1.000000 -0.000000 1.000000
tan 0.000000 1.000000 -0.000000 1.000000
tan 0.000000 1.000000 -0.000000 1.000000
tan 0.000000 1.000000 -0.000000 1.000000
tan 0.000000 1.000000 -0.000000 1.000000
tan 0.000000 1.000000 -0.000000 1.000000
tan 0.000000 1.000000 -0.000000 1.000000
tan 0.000000 1.000000 -0.000000 1.000000
tan 0.000000 1.000000 -0.000000 1.000000
tan 0.000000 1.000000 -0.000000 1.000000
tan 0.000000 1.000000 -0.000000 1.000000
tan 0.000000 1.000000 -0.000000 1.000000
tan 0.000000 1.000000 -0.000000 1.000000
tan 0.000000 1.000000 -0.000000 1.000000
tan 0.000000 1.000000 -0.000000 1.000000
tan 0.000000 1.000000 -0.000000 1.000000
tan 0.000000 1.000000 -0.000000 1.000000
tan 0.000000 1.000000 -0.000000 1.000000
tan 0.000000 1.000000 -0.000000 1.000000
tan 0.000000 1.000000 -0.000000 1.000000
tan 0.000000 1.000000 -0.000000 1.000000
tan 0.000000 1.000000 -0.000000 1.000000
tan 0.000000 1.000000 -0.000000 1.000000
tan 0.000000 1.000000 -0.000000 1.000000
tan 0.000000 1.000000 -0.000000 1.000000
tan 0.000000 1.000000 -0.000000 1.000000
tan 0.000000 1.000000 -0.000000 1.000000
tan 0.000000 1.000000 -0.000000 1.000000
tan 0.000000 1.000000 -0.000000 1.000000
tan 0.000000 1.000000 -0.000000 1.000000
tan 0.000000 1.000000 -0.000000 1.000000
tan 0.000000 1.000000 -0.000000 1.000000
tan 0.000000 1.000000 -0.000000 1.000000
tan 0.000000 1.000000 -0.000000 1.000000
tan 0.000000 1.000000 -0.000000 1.000000
tan 0.000000 1.000000 -0.000000 1.000000
tan 0.000000 1.000000 -0.000000 1.000000
tan 0.000000 1.000000 -0.000000 1.000000
tan 0.000000 1.000000 -0.000000 1.000000
tan 0.000000 1.000000 -0.000000 1.000000
tan 0.000000 1.000000 -0.000000 1.000000
tan 0.000000 1.000000 -0.000000 1.000000
tan 0.000000 1.000000 -0.000000 1.000000
tan 0.000000 1.000000 -0.000000 1.000000
tan 0.000000 1.000000 -0.000000 1.000000
tan 0.000000 1.000000 -0.000000 1.000000
tan 0.000000 1.000000 -0.000000 1.000000
tan 0.000000 1.000000 -0.000000 1.000000
tan 0.000000 1.000000 -0.000000 1.000000
tan 0.000000 1.000000 -0.000000 1.000000
tan 0.000000 1.000000 -0.000000 1.000000
tan 0.000000 1.000000 -0.000000 1.000000
tan 0.000000 1.000000 -0.000000 1.000000
tan 0.000000 1.000000 -0.000000 1.000000
tan 0.000000 1.000000 -0.000000 1.000000
tan 0.000000 1.000000 -0.000000 1.000000
tan 0.000000 1.000000 -0.000000 1.000000
tan 0.000000 1.000000 -0.000000 1.000000
tan 0.000000 1.000000 -0.000000 1.000000
tan 0.000000 1.000000 -0.000000 1.000000
tan 0.000000 1.000000 -0.000000 1.000000
tan 0.000000 1.000000 -0.000000 1.000000
tan 0.000000 1.000000 -0.000000 1.000000
tan 0.000000 1.000000 -0.000000 1.000000
tan 0.000000 1.000000 -0.000000 1.000000
tan 0.000000 1.000000 -0.000000 1.000000
tan 0.000000 1.000000 -0.000000 1.000000
tan 0.000000 1.000000 -0.000000 1.000000
tan 0.000000 1.000000 -0.000000 1.000000
tan 0.000000 1.000000 -0.000000 1.000000
tan 0.000000 1.000000 -0.000000 1.000000
tan 0.007874 -1.000000 0.000000 1.000000
tan 0.007874 -1.000000 0.000000 1.000000
tan 0.007874 -1.000000 0.000000 1.000000
tan 0.007874 -1.000000 0.000000 1.000000
tan 0.007874 -1.000000 0.000000 1.000000
tan 0.007874 -1.000000 0.000000 1.000000
tan 0.007874 -1.000000 0.000000 1.000000
tan 0.007874 -1.000000 0.000000 1.000000
tan 0.007874 -1.000000 0.000000 1.000000
tan 0.007874 -1.000000 0.000000 1.000000
tan 0.007874 -1.000000 0.000000 1.000000
tan 0.007874 -1.000000 0.000000 1.000000
tan 0.007874 -1.000000 0.000000 1.000000
tan 0.007874 -1.000000 0.000000 1.000000
tan 0.007874 -1.000000 0.000000 1.000000
tan 0.007874 -1.000000 0.000000 1.000000
tan 0.007874 -1.000000 0.000000 1.000000
tan 0.007874 -1.000000 0.000000 1.000000
tan 0.007874 -1.000000 0.000000 1.000000
tan 0.007874 -1.000000 0.000000 1.000000
tan 0.007874 -1.000000 0.000000 1.000000
tan 0.007874 -1.000000 0.000000 1.000000
tan 0.007874 -1.000000 0.000000 1.000000
tan 0.007874 -1.000000 0.000000 1.000000
tan 0.007874 -1.000000 0.000000 1.000000
tan 0.007874 -1.000000 0.000000 1.000000
tan 0.007874 -1.000000 0.000000 1.000000
tan 0.007874 -1.000000 0.000000 1.000000
tan 0.007874 -1.000000 0.000000 1.000000
tan 0.007874 -1.000000 0.000000 1.000000
tan 0.000000 -1.000000 0.007874 1.000000
tan 0.000000 -1.000000 0.007874 1.000000
tan 0.000000 -1.000000 0.007874 1.000000
tan 0.000000 -1.000000 0.007874 1.000000
tan 0.000000 -1.000000 0.007874 1.000000
tan 0.000000 -1.000000 0.007874 1.000000
tan 0.000000 -1.000000 0.007874 1.000000
tan 0.000000 -1.000000 0.007874 1.000000
tan 0.000000 -1.000000 0.007874 1.000000
tan 0.000000 -1.000000 0.007874 1.000000
tan 0.000000 -1.000000 0.007874 1.000000
tan 0.000000 -1.000000 0.007874 1.000000
tan 0.000000 -1.000000 0.007874 1.000000
tan 0.000000 -1.000000 0.007874 1.000000
tan 0.000000 -1.000000 0.007874 1.000000
tan 0.000000 -1.000000 0.007874 1.000000
tan 0.000000 -1.000000 0.007874 1.000000
tan 0.000000 -1.000000 0.007874 1.000000
tan 0.000000 -1.000000 0.007874 1.000000
tan 0.000000 -1.000000 0.007874 1.000000
tan 0.000000 -1.000000 0.007874 1.000000
tan 0.000000 -1.000000 0.007874 1.000000
tan 0.000000 -1.000000 0.007874 1.000000
tan 0.000000 -1.000000 0.007874 1.000000
tan 0.000000 -1.000000 0.007874 1.000000
tan 0.000000 -1.000000 0.007874 1.000000
tan 0.000000 -1.000000 0.007874 1.000000
tan 0.000000 -1.000000 0.007874 1.000000
tan 0.000000 -1.000000 0.007874 1.000000
tan 0.000000 -1.000000 0.007874 1.000000
tan -0.007874 -1.000000 0.000000 1.000000
tan -0.007874 -1.000000 0.000000 1.000000
tan -0.007874 -1.000000 0.000000 1.000000
tan -0.007874 -1.000000 0.000000 1.000000
tan -0.007874 -1.000000 0.000000 1.000000
tan -0.007874 -1.000000 0.000000 1.000000
tan -0.007874 -1.000000 0.000000 1.000000
tan -0.007874 -1.000000 0.000000 1.000000
tan -0.007874 -1.000000 0.000000 1.000000
tan -0.007874 -1.000000 0.000000 1.000000
tan -0.007874 -1.000000 0.000000 1.000000
tan -0.007874 -1.000000 0.000000 1.000000
tan -0.007874 -1.000000 0.000000 1.000000
tan -0.007874 -1.000000 0.000000 1.000000
tan -0.007874 -1.000000 0.000000 1.000000
tan -0.007874 -1.000000 0.000000 1.000000
tan -0.007874 -1.000000 0.000000 1.000000
tan -0.007874 -1.000000 0.000000 1.000000
tan -0.007874 -1.000000 0.000000 1.000000
tan -0.007874 -1.000000 0.000000 1.000000
tan -0.007874 -1.000000 0.000000 1.000000
tan -0.007874 -1.000000 0.000000 1.000000
tan -0.007874 -1.000000 0.000000 1.000000
tan -0.007874 -1.000000 0.000000 1.000000
tan -0.007874 -1.000000 0.000000 1.000000
tan -0.007874 -1.000000 0.000000 1.000000
tan -0.007874 -1.000000 0.000000 1.000000
tan -0.007874 -1.000000 0.000000 1.000000
tan -0.007874 -1.000000 0.000000 1.000000
tan -0.007874 -1.000000 0.000000 1.000000
tan 0.000000 -1.000000 -0.007874 1.000000
tan 0.000000 -1.000000 -0.007874 1.000000
tan 0.000000 -1.000000 -0.007874 1.000000
tan 0.000000 -1.000000 -0.007874 1.000000
tan 0.000000 -1.000000 -0.007874 1.000000
tan 0.000000 -1.000000 -0.007874 1.000000
tan 0.000000 -1.000000 -0.007874 1.000000
tan 0.000000 -1.000000 -0.007874 1.000000
tan 0.000000 -1.000000 -0.007874 1.000000
tan 0.000000 -1.000000 -0.007874 1.000000
tan 0.000000 -1.000000 -0.007874 1.000000
tan 0.000000 -1.000000 -0.007874 1.000000
tan 0.000000 -1.000000 -0.007874 1.000000
tan 0.000000 -1.000000 -0.007874 1.000000
tan 0.000000 -1.000000 -0.007874 1.000000
tan 0.000000 -1.000000 -0.007874 1.000000
tan 0.000000 -1.000000 -0.007874 1.000000
tan 0.000000 -1.000000 -0.007874 1.000000
tan 0.000000 -1.000000 -0.007874 1.000000
tan 0.000000 -1.000000 -0.007874 1.000000
tan 0.000000 -1.000000 -0.007874 1.000000
tan 0.000000 -1.000000 -0.007874 1.000000
tan 0.000000 -1.000000 -0.007874 1.000000
tan 0.000000 -1.000000 -0.007874 1.000000
tan 0.000000 -1.000000 -0.007874 1.000000
tan 0.000000 -1.000000 -0.007874 1.000000
tan 0.000000 -1.000000 -0.007874 1.000000
tan 0.000000 -1.000000 -0.007874 1.000000
tan 0.000000 -1.000000 -0.007874 1.000000
tan 0.000000 -1.000000 -0.007874 1.000000
tan 0.000000 1.000000 -0.000000 1.000000
tan 0.000000 1.000000 -0.000000 1.000000
tan 0.000000 1.000000 -0.000000 1.000000
tan 0.000000 1.000000 -0.000000 1.000000
tan 0.000000 1.000000 -0.000000 1.000000
tan 0.000000 1.000000 -0.000000 1.000000
tan 0.000000 1.000000 -0.000000 1.000000
tan 0.000000 1.000000 -0.000000 1.000000
tan 0.000000 1.000000 -0.000000 1.000000
tan 0.000000 1.000000 -0.000000 1.000000
tan 0.000000 1.000000 -0.000000 1.000000
tan 0.000000 1.000000 -0.000000 1.000000
tan 0.000000 1.000000 -0.000000 1.000000
tan 0.000000 1.000000 -0.000000 1.000000
tan 0.000000 1.000000 -0.000000 1.000000
tan 0.000000 1.000000 -0.000000 1.000000
tan 0.000000 1.000000 -0.000000 1.000000
tan 0.000000 1.000000 -0.000000 1.000000
tan 0.000000 1.000000 -0.000000 1.000000
tan 0.000000 1.000000 -0.000000 1.000000
tan 0.000000 1.000000 -0.000000 1.000000
tan 0.000000 1.000000 -0.000000 1.000000
tan 0.000000 1.000000 -0.000000 1.000000
tan 0.000000 1.000000 -0.000000 1.000000
tan 0.000000 1.000000 -0.000000 1.000000
tan 0.000000 1.000000 -0.000000 1.000000
tan 0.000000 1.000000 -0.000000 1.000000
tan 0.000000 1.000000 -0.000000 1.000000
tan 0.000000 1.000000 -0.000000 1.000000
tan 0.000000 1.000000 -0.000000 1.000000
tan 0.000000 1.000000 -0.000000 1.000000
tan 0.000000 1.000000 -0.000000 1.000000
tan 0.000000 1.000000 -0.000000 1.000000
tan 0.000000 1.000000 -0.000000 1.000000
tan 0.000000 1.000000 -0.000000 1.000000
tan 0.000000 1.000000 -0.000000 1.000000
tan 0.000000 1.000000 -0.000000 1.000000
tan 0.000000 1.000000 -0.000000 1.000000
tan 0.000000 1.000000 -0.000000 1.000000
tan 0.000000 1.000000 -0.000000 1.000000
tan 0.000000 1.000000 -0.000000 1.000000
tan 0.000000 1.000000 -0.000000 1.000000
tan 0.000000 1.000000 -0.000000 1.000000
tan 0.000000 1.000000 -0.000000 1.000000
tan 0.000000 1.000000 -0.000000 1.000000
tan 0.000000 1.000000 -0.000000 1.000000
tan 0.000000 1.000000 -0.000000 1.000000
tan 0.000000 1.000000 -0.000000 1.000000
tan 0.000000 -1.000000 0.000000 1.000000
tan 0.000000 -1.000000 0.000000 1.000000
tan 0.000000 -1.000000 0.000000 1.000000
tan 0.000000 -1.000000 0.000000 1.000000
tan 0.000000 -1.000000 0.000000 1.000000
tan 0.000000 -1.000000 0.000000 1.000000
tan 0.000000 -1.000000 0.000000 1.000000
tan 0.000000 -1.000000 0.000000 1.000000
tan 0.000000 -1.000000 0.000000 1.000000
tan 0.000000 -1.000000 0.000000 1.000000
tan 0.000000 -1.000000 0.000000 1.000000
tan 0.000000 -1.000000 0.000000 1.000000
tan 0.000000 -1.000000 0.000000 1.000000
tan 0.000000 -1.000000 0.000000 1.000000
tan 0.000000 -1.000000 0.000000 1.000000
tan 0.000000 -1.000000 0.000000 1.000000
tan 0.000000 -1.000000 0.000000 1.000000
tan 0.000000 -1.000000 0.000000 1.000000
tan 0.000000 -1.000000 0.000000 1.000000
tan 0.000000 -1.000000 0.000000 1.000000
tan 0.000000 -1.000000 0.000000 1.000000
tan 0.000000 -1.000000 0.000000 1.000000
tan 0.000000 -1.000000 0.000000 1.000000
tan 0.000000 -1.000000 0.000000 1.000000
tan 0.000000 -1.000000 0.000000 1.000000
tan 0.000000 -1.000000 0.000000 1.000000
tan 0.000000 -1.000000 0.000000 1.000000
tan 0.000000 -1.000000 0.000000 1.000000
tan 0.000000 -1.000000 0.000000 1.000000
tan 0.000000 -1.000000 0.000000 1.000000
tan 0.000000 -1.000000 0.000000 1.000000
tan 0.000000 -1.000000 0.000000 1.000000
tan 0.000000 -1.000000 0.000000 1.000000
tan 0.000000 -1.000000 0.000000 1.000000
tan 0.000000 -1.000000 0.000000 1.000000
tan 0.000000 -1.000000 0.000000 1.000000
tan 0.000000 -1.000000 0.000000 1.000000
tan 0.000000 -1.000000 0.000000 1.000000
tan 0.000000 -1.000000 0.000000 1.000000
tan 0.000000 -1.000000 0.000000 1.000000
tan 0.000000 -1.000000 0.000000 1.000000
tan 0.000000 -1.000000 0.000000 1.000000
tan 0.000000 -1.000000 0.000000 1.000000
tan 0.000000 -1.000000 0.000000 1.000000
tan 0.000000 -1.000000 0.000000 1.000000
tan 0.000000 -1.000000 0.000000 1.000000
tan 0.000000 -1.000000 0.000000 1.000000
tan 0.000000 -1.000000 0.000000 1.000000
tan 0.000000 -1.000000 0.000000 1.000000
tan 0.000000 -1.000000 0.000000 1.000000
tan 0.000000 -1.000000 0.000000 1.000000
tan 0.000000 -1.000000 0.000000 1.000000
tan 0.000000 -1.000000 0.000000 1.000000
tan 0.000000 -1.000000 0.000000 1.000000
tan 0.000000 -1.000000 0.000000 1.000000
tan 0.000000 -1.000000 0.000000 1.000000
tan 0.000000 -1.000000 0.000000 1.000000
tan 0.000000 -1.000000 0.000000 1.000000
tan 0.000000 -1.000000 0.000000 1.000000
tan 0.000000 -1.000000 0.000000 1.000000
tan 0.803150 -0.590551 0.000000 1.000000
tan 0.913386 -0.401575 0.000000 1.000000
tan 0.905512 -0.433071 0.000000 1.000000
tan 0.787402 -0.614173 0.000000 1.000000
tan 0.000000 -0.496063 -0.866142 1.000000
tan 0.000000 -0.472441 -0.881890 1.000000
tan 0.000000 -0.488189 -0.874016 1.000000
tan 0.000000 -0.511811 -0.858268 1.000000
tan 0.960630 -0.267716 0.000000 1.000000
tan 1.000000 -0.023622 0.000000 1.000000
tan 1.000000 -0.047244 0.000000 1.000000
tan 0.952756 -0.291339 0.000000 1.000000
tan 0.000000 0.551181 0.834646 1.000000
tan 0.000000 0.527559 0.850394 1.000000
tan 0.000000 0.535433 0.842520 1.000000
tan 0.000000 0.511811 0.858268 1.000000
tan 0.881890 0.464567 -0.000000 1.000000
tan 0.740157 0.669291 -0.000000 1.000000
tan 0.763780 0.645669 -0.000000 1.000000
tan 0.897638 0.433071 -0.000000 1.000000
tan 0.000000 0.976378 -0.212599 1.000000
tan 0.000000 0.976378 -0.212599 1.000000
tan 0.000000 0.976378 -0.212599 1.000000
tan 0.000000 0.976378 -0.212599 1.000000
tan -0.015748 1.000000 -0.000000 1.000000
tan 0.220472 0.976378 -0.000000 1.000000
tan -0.251969 0.968504 -0.000000 1.000000
tan 0.448819 0.897638 -0.000000 1.000000
tan 0.000000 1.000000 -0.007874 1.000000
tan 0.000000 1.000000 -0.023622 1.000000
tan 0.000000 1.000000 -0.007874 1.000000
tan 0.000000 1.000000 -0.023622 1.000000
tan 0.204724 0.976378 -0.000000 1.000000
tan 0.440945 0.897638 -0.000000 1.000000
tan -0.039370 1.000000 -0.000000 1.000000
tan -0.283465 0.960630 -0.000000 1.000000
tan 0.000000 0.968504 0.244094 1.000000
tan 0.000000 0.968504 0.251968 1.000000
tan 0.000000 0.968504 0.244094 1.000000
tan 0.000000 0.968504 0.251968 1.000000
tan 0.897638 0.433071 -0.000000 1.000000
tan 0.787402 0.614173 -0.000000 1.000000
tan 0.803150 0.590551 -0.000000 1.000000
tan 0.913386 0.409449 -0.000000 1.000000
tan 0.000000 0.503937 -0.866142 1.000000
tan 0.000000 0.496063 -0.866142 1.000000
tan 0.000000 0.480315 -0.874016 1.000000
tan 0.000000 0.472441 -0.881890 1.000000
tan 0.960630 -0.291339 0.000000 1.000000
tan 1.000000 -0.031496 0.000000 1.000000
tan 1.000000 -0.055118 0.000000 1.000000
tan 0.952756 -0.314961 0.000000 1.000000
tan 0.000000 -0.543307 0.842520 1.000000
tan 0.000000 -0.527559 0.850394 1.000000
tan 0.000000 -0.511811 0.858268 1.000000
tan 0.000000 -0.551181 0.834646 1.000000
tan 0.763780 -0.645669 0.000000 1.000000
tan 0.897638 -0.433071 0.000000 1.000000
tan 0.881890 -0.464567 0.000000 1.000000
tan 0.740157 -0.669291 0.000000 1.000000
tan 0.000000 -0.976378 -0.204724 1.000000
tan 0.000000 -0.976378 -0.212598 1.000000
tan 0.000000 -0.976378 -0.204724 1.000000
tan 0.000000 -0.976378 -0.212598 1.000000
tan 0.448819 -0.897638 0.000000 1.000000
tan 0.220472 -0.976378 0.000000 1.000000
tan -0.015748 -1.000000 0.000000 1.000000
tan -0.251969 -0.968504 0.000000 1.000000
tan 0.000000 -1.000000 0.023622 1.000000
tan 0.000000 -1.000000 0.007874 1.000000
tan 0.000000 -1.000000 0.023622 1.000000
tan 0.000000 -1.000000 0.007874 1.000000
tan -0.283465 -0.960630 0.000000 1.000000
tan 0.204724 -0.976378 0.000000 1.000000
tan -0.039370 -1.000000 0.000000 1.000000
tan 0.440945 -0.897638 0.000000 1.000000
tan 0.000000 -0.968504 0.251969 1.000000
tan 0.000000 -0.968504 0.259843 1.000000
tan 0.000000 -0.968504 0.259843 1.000000
tan 0.000000 -0.968504 0.244095 1.000000
tan 0.960630 0.275591 -0.000000 1.000000
tan 1.000000 0.039370 -0.000000 1.000000
tan 1.000000 0.015748 -0.000000 1.000000
tan 0.952756 0.299213 -0.000000 1.000000
tan 1.000000 0.055118 -0.000000 1.000000
tan 0.952756 0.307087 -0.000000 1.000000
tan 0.960630 0.291339 -0.000000 1.000000
tan 1.000000 0.023622 -0.000000 1.000000
tan 0.000000 1.000000 -0.000000 1.000000
tan 0.000000 1.000000 -0.000000 1.000000
tan 0.000000 1.000000 -0.000000 1.000000
tan 0.000000 1.000000 -0.000000 1.000000
tan -1.000000 0.000000 0.000000 1.000000
tan -1.000000 0.000000 0.000000 1.000000
tan -1.000000 0.000000 0.000000 1.000000
tan -1.000000 0.000000 0.000000 1.000000
tan 0.000000 1.000000 0.007874 1.000000
tan 0.000000 1.000000 0.023622 1.000000
tan 0.000000 1.000000 0.007874 1.000000
tan 0.000000 1.000000 0.023622 1.000000
tan 0.000000 -1.000000 -0.023622 1.000000
tan 0.000000 -1.000000 -0.007874 1.000000
tan 0.000000 -1.000000 -0.015748 1.000000
tan 0.000000 -1.000000 -0.007874 1.000000
tan 0.000000 1.000000 -0.000000 1.000000
tan 0.000000 1.000000 -0.000000 1.000000
tan 0.000000 1.000000 -0.000000 1.000000
tan 0.000000 1.000000 -0.000000 1.000000
tan 0.000000 0.000000 1.000000 1.000000
tan 0.000000 0.000000 1.000000 1.000000
tan 0.000000 0.000000 1.000000 1.000000
tan 0.000000 0.000000 1.000000 1.000000
tan 0.000000 1.000000 -0.000000 1.000000
tan 0.000000 1.000000 -0.000000 1.000000
tan 0.000000 1.000000 -0.000000 1.000000
tan 0.000000 1.000000 -0.000000 1.000000
tan 0.000000 0.000000 1.000000 1.000000
tan 0.000000 0.000000 1.000000 1.000000
tan 0.000000 0.000000 1.000000 1.000000
tan 0.000000 0.000000 1.000000 1.000000
tan 0.000000 1.000000 -0.000000 1.000000
tan 0.000000 1.000000 -0.000000 1.000000
tan 0.000000 1.000000 -0.000000 1.000000
tan 0.000000 1.000000 -0.000000 1.000000
tan 0.000000 -0.000000 -1.000000 1.000000
tan 0.000000 -0.000000 -1.000000 1.000000
tan 0.000000 -0.000000 -1.000000 1.000000
tan 0.000000 -0.000000 -1.000000 1.000000
tan -1.000000 0.000000 0.000000 1.000000
tan -1.000000 0.000000 0.000000 1.000000
tan -1.000000 0.000000 0.000000 1.000000
tan -1.000000 0.000000 0.000000 1.000000
tan 0.000000 -0.000000 -1.000000 1.000000
tan 0.000000 -0.000000 -1.000000 1.000000
tan 0.000000 -0.000000 -1.000000 1.000000
tan 0.000000 -0.000000 -1.000000 1.000000
tan -1.000000 0.000000 0.000000 1.000000
tan -1.000000 0.000000 0.000000 1.000000
tan -1.000000 0.000000 0.000000 1.000000
tan -1.000000 0.000000 0.000000 1.000000
tan 0.000000 0.000000 1.000000 1.000000
tan 0.000000 0.000000 1.000000 1.000000
tan 0.000000 0.000000 1.000000 1.000000
tan 0.000000 0.000000 1.000000 1.000000
tan 0.000000 1.000000 -0.000000 1.000000
tan 0.000000 1.000000 -0.000000 1.000000
tan 0.000000 1.000000 -0.000000 1.000000
tan 0.000000 1.000000 -0.000000 1.000000
tan -1.000000 0.000000 0.000000 1.000000
tan -1.000000 0.000000 0.000000 1.000000
tan -1.000000 0.000000 0.000000 1.000000
tan -1.000000 0.000000 0.000000 1.000000
tan 0.000000 1.000000 -0.000000 1.000000
tan 0.000000 1.000000 -0.000000 1.000000
tan 0.000000 1.000000 -0.000000 1.000000
tan 0.000000 1.000000 -0.000000 1.000000
tan 1.000000 0.000000 0.000000 1.000000
tan 1.000000 0.000000 0.000000 1.000000
tan 1.000000 0.000000 0.000000 1.000000
tan 1.000000 0.000000 0.000000 1.000000
tan 1.000000 0.000000 0.000000 1.000000
tan 1.000000 0.000000 0.000000 1.000000
tan 1.000000 0.000000 0.000000 1.000000
tan 1.000000 0.000000 0.000000 1.000000
tan 0.000000 0.000000 1.000000 1.000000
tan 0.000000 0.000000 1.000000 1.000000
tan 0.000000 0.000000 1.000000 1.000000
tan 0.000000 0.000000 1.000000 1.000000
tan -1.000000 0.000000 0.000000 1.000000
tan -1.000000 0.000000 0.000000 1.000000
tan -1.000000 0.000000 0.000000 1.000000
tan -1.000000 0.000000 0.000000 1.000000
tan 0.000000 0.000000 1.000000 1.000000
tan 0.000000 0.000000 1.000000 1.000000
tan 0.000000 0.000000 1.000000 1.000000
tan 0.000000 0.000000 1.000000 1.000000
tan 0.000000 -0.992126 -0.102362 1.000000
tan 0.000000 -0.937008 -0.338583 1.000000
tan 0.000000 -0.944882 -0.330709 1.000000
tan 0.000000 -0.992126 -0.094488 1.000000
tan 0.000000 -1.000000 -0.007874 1.000000
tan 0.000000 -1.000000 -0.007874 1.000000
tan 0.000000 -1.000000 0.000000 1.000000
tan 0.000000 -1.000000 0.000000 1.000000
tan 0.000000 -0.992126 0.094488 1.000000
tan 0.000000 -0.992126 0.094488 1.000000
tan 0.000000 -0.976378 0.220473 1.000000
tan 0.000000 -0.976378 0.220473 1.000000
tan 0.000000 -0.992126 -0.125984 1.000000
tan 0.000000 -0.929134 -0.370079 1.000000
tan 0.000000 -0.937008 -0.354331 1.000000
tan 0.000000 -0.992126 -0.118110 1.000000
tan 0.000000 -1.000000 -0.015748 1.000000
tan 0.000000 -1.000000 -0.015748 1.000000
tan 0.000000 -1.000000 0.015748 1.000000
tan 0.000000 -1.000000 0.015748 1.000000
tan 0.000000 -0.992126 0.125984 1.000000
tan 0.000000 -0.992126 0.125984 1.000000
tan 0.000000 -0.960630 0.267717 1.000000
tan 0.000000 -0.960630 0.267717 1.000000
tan 1.000000 0.000000 0.015748 1.000000
tan 1.000000 0.000000 0.015748 1.000000
tan 1.000000 0.000000 0.015748 1.000000
tan 1.000000 0.000000 0.023622 1.000000
tan 1.000000 0.000000 0.039370 1.000000
tan 1.000000 0.000000 0.039370 1.000000
tan 0.992126 0.000000 0.110236 1.000000
tan 0.992126 0.000000 0.118110 1.000000
tan 0.952756 0.000000 0.299213 1.000000
tan 0.937008 0.000000 0.354331 1.000000
tan -0.118110 0.000000 0.992126 1.000000
tan -0.125984 0.000000 0.992126 1.000000
tan -0.968504 0.000000 0.251968 1.000000
tan -0.976378 0.000000 0.220472 1.000000
tan -1.000000 0.000000 0.015748 1.000000
tan -1.000000 0.000000 0.023622 1.000000
tan -1.000000 -0.000000 -0.023622 1.000000
tan -1.000000 -0.000000 -0.023622 1.000000
tan -0.968504 -0.000000 -0.236220 1.000000
tan -0.960630 -0.000000 -0.275591 1.000000
tan -0.039370 -0.000000 -1.000000 1.000000
tan -0.047244 -0.000000 -1.000000 1.000000
tan 0.944882 -0.000000 -0.322835 1.000000
tan 0.968504 -0.000000 -0.259842 1.000000
tan 1.000000 -0.000000 -0.070866 1.000000
tan 1.000000 -0.000000 -0.070866 1.000000
tan 1.000000 0.000000 0.023622 1.000000
tan 1.000000 0.000000 0.039370 1.000000
tan 0.976378 0.000000 0.220472 1.000000
tan 0.960630 0.000000 0.283465 1.000000
tan 0.039370 0.000000 1.000000 1.000000
tan 0.039370 0.000000 1.000000 1.000000
tan -0.944882 0.000000 0.314961 1.000000
tan -0.960630 0.000000 0.275591 1.000000
tan -1.000000 0.000000 0.047244 1.000000
tan -1.000000 0.000000 0.047244 1.000000
tan -1.000000 0.000000 0.007874 1.000000
tan -1.000000 0.000000 0.007874 1.000000
tan -1.000000 0.000000 0.000000 1.000000
tan -1.000000 0.000000 0.000000 1.000000
tan -1.000000 0.000000 0.007874 1.000000
tan -1.000000 0.000000 0.007874 1.000000
tan 0.803150 -0.598425 0.000000 1.000000
tan 0.960630 -0.275591 0.000000 1.000000
tan 0.818898 -0.574803 0.000000 1.000000
tan 0.968504 -0.259842 0.000000 1.000000
tan 1.000000 -0.023622 0.000000 1.000000
tan 1.000000 -0.015748 0.000000 1.000000
tan 1.000000 0.007874 -0.000000 1.000000
tan 1.000000 0.007874 -0.000000 1.000000
tan 0.968504 0.244094 -0.000000 1.000000
tan 0.968504 0.236220 -0.000000 1.000000
tan 0.834646 0.559055 -0.000000 1.000000
tan 0.818898 0.574803 -0.000000 1.000000
tan 0.763780 -0.637795 0.000000 1.000000
tan 0.921260 -0.393701 0.000000 1.000000
tan 0.779528 -0.629921 0.000000 1.000000
tan 0.921260 -0.385827 0.000000 1.000000
tan 0.992126 -0.110236 0.000000 1.000000
tan 0.992126 -0.110236 0.000000 1.000000
tan 1.000000 -0.039370 0.000000 1.000000
tan 1.000000 -0.039370 0.000000 1.000000
tan 1.000000 -0.023622 0.000000 1.000000
tan 1.000000 -0.015748 0.000000 1.000000
tan 1.000000 -0.023622 0.000000 1.000000
tan 1.000000 -0.023622 0.000000 1.000000
tan 0.787402 -0.614173 0.000000 1.000000
tan 0.944882 -0.338583 0.000000 1.000000
tan 0.803150 -0.598425 0.000000 1.000000
tan 0.944882 -0.322835 0.000000 1.000000
tan 1.000000 -0.055118 0.000000 1.000000
tan 1.000000 -0.047244 0.000000 1.000000
tan 1.000000 0.023622 -0.000000 1.000000
tan 1.000000 0.031496 -0.000000 1.000000
tan 0.952756 0.307087 -0.000000 1.000000
tan 0.952756 0.299213 -0.000000 1.000000
tan 0.834646 0.551181 -0.000000 1.000000
tan 0.826772 0.566929 -0.000000 1.000000
tan 0.818898 -0.574803 0.000000 1.000000
tan 0.960630 -0.275591 0.000000 1.000000
tan 0.834646 -0.551181 0.000000 1.000000
tan 0.968504 -0.259842 0.000000 1.000000
tan 1.000000 -0.023622 0.000000 1.000000
tan 1.000000 -0.015748 0.000000 1.000000
tan 1.000000 -0.007874 0.000000 1.000000
tan 1.000000 0.000000 0.000000 1.000000
tan 0.960630 0.267716 -0.000000 1.000000
tan 0.968504 0.259842 -0.000000 1.000000
tan 0.834646 0.551181 -0.000000 1.000000
tan 0.826772 0.566929 -0.000000 1.000000
tan 1.000000 0.000000 0.023622 1.000000
tan 0.984252 0.000000 0.181102 1.000000
tan 1.000000 0.000000 0.039370 1.000000
tan 0.968504 0.000000 0.251968 1.000000
tan -0.118110 0.000000 0.992126 1.000000
tan -0.125984 0.000000 0.992126 1.000000
tan -0.976378 0.000000 0.220472 1.000000
tan -0.984252 0.000000 0.196850 1.000000
tan -1.000000 0.000000 0.015748 1.000000
tan -1.000000 0.000000 0.015748 1.000000
tan 0.984252 -0.000000 -0.165354 1.000000
tan 1.000000 -0.000000 -0.023622 1.000000
tan 1.000000 -0.000000 -0.031496 1.000000
tan 0.968504 -0.000000 -0.236220 1.000000
tan -0.015748 -0.000000 -1.000000 1.000000
tan -0.023622 -0.000000 -1.000000 1.000000
tan -0.968504 -0.000000 -0.259842 1.000000
tan -0.976378 -0.000000 -0.220472 1.000000
tan -1.000000 -0.000000 -0.023622 1.000000
tan -1.000000 -0.000000 -0.023622 1.000000
tan 0.000000 0.960630 -0.283465 1.000000
tan 0.000000 0.992126 -0.110236 1.000000
tan 0.000000 0.960630 -0.275591 1.000000
tan 0.000000 0.992126 -0.110236 1.000000
tan 0.000000 1.000000 -0.000000 1.000000
tan 0.000000 1.000000 -0.000000 1.000000
tan 0.000000 1.000000 0.007874 1.000000
tan 0.000000 1.000000 0.007874 1.000000
tan 0.000000 0.992126 0.110236 1.000000
tan 0.000000 0.992126 0.102362 1.000000
tan 0.000000 0.968504 0.244094 1.000000
tan 0.000000 0.968504 0.244094 1.000000
tan 0.000000 1.000000 0.007874 1.000000
tan 0.000000 1.000000 -0.000000 1.000000
tan 0.000000 1.000000 0.007874 1.000000
tan 0.000000 1.000000 -0.000000 1.000000
tan 0.000000 1.000000 0.007874 1.000000
tan 0.000000 1.000000 0.007874 1.000000
tan 0.000000 1.000000 0.039370 1.000000
tan 0.000000 1.000000 0.039370 1.000000
tan 0.000000 0.984252 0.173228 1.000000
tan 0.000000 0.984252 0.165354 1.000000
tan 0.000000 0.929134 0.362205 1.000000
tan 0.000000 0.929134 0.370079 1.000000
tan -1.000000 0.000000 0.023622 1.000000
tan -0.976378 0.000000 0.212598 1.000000
tan -1.000000 0.000000 0.023622 1.000000
tan -0.968504 0.000000 0.244094 1.000000
tan -0.070866 0.000000 1.000000 1.000000
tan -0.078740 0.000000 1.000000 1.000000
tan 0.976378 0.000000 0.228346 1.000000
tan 0.984252 0.000000 0.157480 1.000000
tan 1.000000 0.000000 0.007874 1.000000
tan 1.000000 0.000000 0.000000 1.000000
tan 1.000000 -0.000000 -0.031496 1.000000
tan 0.984252 -0.000000 -0.157480 1.000000
tan 1.000000 -0.000000 -0.023622 1.000000
tan 0.976378 -0.000000 -0.228346 1.000000
tan -0.015748 -0.000000 -1.000000 1.000000
tan -0.023622 -0.000000 -1.000000 1.000000
tan -0.968504 -0.000000 -0.251968 1.000000
tan -0.976378 -0.000000 -0.220472 1.000000
tan -1.000000 -0.000000 -0.015748 1.000000
tan -1.000000 -0.000000 -0.015748 1.000000
tan 0.984252 -0.000000 -0.188976 1.000000
tan 0.968504 0.000000 0.259842 1.000000
tan 0.952756 0.000000 0.307087 1.000000
tan 0.984252 -0.000000 -0.196850 1.000000
tan 0.905512 -0.000000 -0.433071 1.000000
tan 0.889764 -0.000000 -0.456693 1.000000
tan 0.984252 0.000000 0.173228 1.000000
tan 0.952756 -0.000000 -0.307087 1.000000
tan 0.968504 -0.000000 -0.259842 1.000000
tan 0.984252 0.000000 0.181102 1.000000
tan 0.913386 0.000000 0.409449 1.000000
tan 0.905512 0.000000 0.433071 1.000000
tan 0.897638 -0.000000 -0.433071 1.000000
tan 0.984252 -0.000000 -0.188976 1.000000
tan 0.889764 -0.000000 -0.456693 1.000000
tan 0.976378 -0.000000 -0.196850 1.000000
tan 0.968504 0.000000 0.251968 1.000000
tan 0.952756 0.000000 0.307087 1.000000
tan 0.960630 -0.000000 -0.283465 1.000000
tan 0.984252 0.000000 0.149606 1.000000
tan 0.944882 -0.000000 -0.330709 1.000000
tan 0.984252 0.000000 0.165354 1.000000
tan 0.921260 0.000000 0.393701 1.000000
tan 0.913386 0.000000 0.409449 1.000000
tan 0.992126 -0.000000 -0.118110 1.000000
tan 1.000000 0.000000 0.031496 1.000000
tan 1.000000 0.000000 0.031496 1.000000
tan 1.000000 -0.000000 -0.055118 1.000000
tan 1.000000 0.000000 0.031496 1.000000
tan 1.000000 -0.000000 -0.047244 1.000000
tan -0.007874 0.000000 1.000000 1.000000
tan -0.070866 0.000000 1.000000 1.000000
tan -0.976378 -0.000000 -0.196850 1.000000
tan -1.000000 -0.000000 -0.055118 1.000000
tan -0.937008 -0.000000 -0.346457 1.000000
tan -0.984252 -0.000000 -0.165354 1.000000
tan -1.000000 -0.000000 -0.023622 1.000000
tan -1.000000 -0.000000 -0.023622 1.000000
tan 0.921260 -0.000000 -0.393701 1.000000
tan 1.000000 -0.000000 -0.023622 1.000000
tan 1.000000 0.000000 0.000000 1.000000
tan 0.960630 -0.000000 -0.267716 1.000000
tan 0.913386 -0.000000 -0.401575 1.000000
tan 0.881890 -0.000000 -0.480315 1.000000
tan 1.000000 0.000000 0.062992 1.000000
tan 1.000000 0.000000 0.086614 1.000000
tan 0.921260 0.000000 0.393701 1.000000
tan 0.834646 0.000000 0.543307 1.000000
tan 0.913386 0.000000 0.401575 1.000000
tan 0.968504 0.000000 0.244094 1.000000
tan 1.000000 -0.000000 -0.007874 1.000000
tan 1.000000 -0.000000 -0.007874 1.000000
tan -0.937008 -0.000000 -0.346457 1.000000
tan -1.000000 -0.000000 -0.023622 1.000000
tan -1.000000 -0.000000 -0.023622 1.000000
tan -0.984252 -0.000000 -0.173228 1.000000
tan -1.000000 -0.000000 -0.055118 1.000000
tan -0.976378 -0.000000 -0.204724 1.000000
tan -0.086614 0.000000 1.000000 1.000000
tan -0.023622 0.000000 1.000000 1.000000
tan 1.000000 0.000000 0.031496 1.000000
tan 1.000000 -0.000000 -0.047244 1.000000
tan 0.992126 -0.000000 -0.118110 1.000000
tan 1.000000 -0.000000 -0.062992 1.000000
tan 1.000000 0.000000 0.031496 1.000000
tan 1.000000 0.000000 0.031496 1.000000
tan 0.913386 0.000000 0.401575 1.000000
tan 1.000000 -0.000000 -0.007874 1.000000
tan 1.000000 -0.000000 -0.007874 1.000000
tan 0.968504 0.000000 0.244094 1.000000
tan 0.921260 0.000000 0.393701 1.000000
tan 0.834646 0.000000 0.543307 1.000000
tan 1.000000 0.000000 0.078740 1.000000
tan 1.000000 0.000000 0.062992 1.000000
tan 0.874016 -0.000000 -0.480315 1.000000
tan 0.913386 -0.000000 -0.401575 1.000000
tan 0.921260 -0.000000 -0.393701 1.000000
tan 0.960630 -0.000000 -0.275591 1.000000
tan 1.000000 -0.000000 -0.023622 1.000000
tan 1.000000 -0.000000 -0.007874 1.000000
tan 0.992126 0.000000 0.118110 1.000000
tan 1.000000 -0.000000 -0.055118 1.000000
tan 1.000000 -0.000000 -0.047244 1.000000
tan 1.000000 0.000000 0.062992 1.000000
tan 1.000000 0.000000 0.078740 1.000000
tan 1.000000 0.000000 0.047244 1.000000
tan 0.259843 -0.000000 -0.968504 1.000000
tan 0.157480 -0.000000 -0.984252 1.000000
tan -1.000000 0.000000 0.039370 1.000000
tan -0.952756 0.000000 0.291339 1.000000
tan -0.944882 0.000000 0.330709 1.000000
tan -0.992126 0.000000 0.110236 1.000000
tan -1.000000 0.000000 0.023622 1.000000
tan -1.000000 0.000000 0.023622 1.000000
tan 1.000000 0.000000 0.055118 1.000000
tan 0.913386 0.000000 0.401575 1.000000
tan 1.000000 0.000000 0.031496 1.000000
tan 0.952756 0.000000 0.307087 1.000000
tan 0.937008 0.000000 0.354331 1.000000
tan 0.881890 0.000000 0.472441 1.000000
tan 1.000000 -0.000000 -0.078740 1.000000
tan 0.992126 -0.000000 -0.133858 1.000000
tan 0.842520 -0.000000 -0.543307 1.000000
tan 0.913386 -0.000000 -0.401575 1.000000
tan 0.913386 -0.000000 -0.409449 1.000000
tan 0.968504 -0.000000 -0.259842 1.000000
tan 1.000000 0.000000 0.007874 1.000000
tan 1.000000 0.000000 0.007874 1.000000
tan 1.000000 0.000000 0.047244 1.000000
tan 0.913386 0.000000 0.401575 1.000000
tan 1.000000 0.000000 0.031496 1.000000
tan 0.952756 0.000000 0.299213 1.000000
tan 0.937008 0.000000 0.354331 1.000000
tan 0.881890 0.000000 0.472441 1.000000
tan 1.000000 -0.000000 -0.078740 1.000000
tan 0.992126 -0.000000 -0.133858 1.000000
tan 0.842520 -0.000000 -0.543307 1.000000
tan 0.913386 -0.000000 -0.401575 1.000000
tan 0.913386 -0.000000 -0.409449 1.000000
tan 0.968504 -0.000000 -0.259842 1.000000
tan 1.000000 0.000000 0.007874 1.000000
tan 1.000000 0.000000 0.007874 1.000000
tan 0.992126 0.000000 0.118110 1.000000
tan 1.000000 -0.000000 -0.055118 1.000000
tan 1.000000 -0.000000 -0.047244 1.000000
tan 1.000000 0.000000 0.070866 1.000000
tan 1.000000 0.000000 0.078740 1.000000
tan 1.000000 0.000000 0.047244 1.000000
tan 0.267717 -0.000000 -0.960630 1.000000
tan 0.157480 -0.000000 -0.984252 1.000000
tan -1.000000 0.000000 0.031496 1.000000
tan -0.952756 0.000000 0.291339 1.000000
tan -0.944882 0.000000 0.330709 1.000000
tan -0.992126 0.000000 0.110236 1.000000
tan -1.000000 0.000000 0.023622 1.000000
tan -1.000000 0.000000 0.023622 1.000000
tan 1.000000 -0.000000 -0.023622 1.000000
tan 1.000000 -0.000000 -0.015748 1.000000
tan 1.000000 -0.000000 -0.055118 1.000000
tan 1.000000 0.000000 0.000000 1.000000
tan 1.000000 0.000000 0.007874 1.000000
tan 1.000000 -0.000000 -0.015748 1.000000
tan 1.000000 -0.000000 -0.031496 1.000000
tan 1.000000 0.000000 0.000000 1.000000
tan 1.000000 0.000000 0.007874 1.000000
tan 1.000000 -0.000000 -0.007874 1.000000
tan 1.000000 -0.000000 -0.031496 1.000000
tan 0.992126 -0.000000 -0.086614 1.000000
tan 1.000000 0.000000 0.007874 1.000000
tan 1.000000 0.000000 0.039370 1.000000
tan 1.000000 0.000000 0.007874 1.000000
tan 1.000000 -0.000000 -0.015748 1.000000
tan 1.000000 -0.000000 -0.070866 1.000000
tan 0.992126 -0.000000 -0.141732 1.000000
tan 0.968504 -0.000000 -0.259842 1.000000
tan 1.000000 -0.000000 -0.031496 1.000000
tan 1.000000 0.000000 0.086614 1.000000
tan 1.000000 0.000000 0.070866 1.000000
tan 0.992126 0.000000 0.094488 1.000000
tan 1.000000 0.000000 0.070866 1.000000
tan 1.000000 0.000000 0.015748 1.000000
tan 1.000000 -0.000000 -0.023622 1.000000
tan 1.000000 0.000000 0.015748 1.000000
tan 1.000000 -0.000000 -0.015748 1.000000
tan 1.000000 0.000000 0.007874 1.000000
tan 1.000000 -0.000000 -0.015748 1.000000
tan 1.000000 -0.000000 -0.086614 1.000000
tan 0.992126 -0.000000 -0.110236 1.000000
tan 1.000000 -0.000000 -0.015748 1.000000
tan 1.000000 0.000000 0.000000 1.000000
tan 0.992126 -0.000000 -0.118110 1.000000
tan 0.992126 -0.000000 -0.102362 1.000000
tan 0.976378 0.000000 0.212598 1.000000
tan 0.992126 0.000000 0.102362 1.000000
tan 1.000000 0.000000 0.055118 1.000000
tan 1.000000 0.000000 0.007874 1.000000
tan 1.000000 0.000000 0.047244 1.000000
tan 1.000000 -0.000000 -0.023622 1.000000
tan 1.000000 0.000000 0.007874 1.000000
tan 1.000000 0.000000 0.023622 1.000000
tan 1.000000 -0.000000 -0.007874 1.000000
tan 1.000000 0.000000 0.007874 1.000000
tan 1.000000 -0.000000 -0.070866 1.000000
tan 0.984252 -0.000000 -0.181102 1.000000
tan 1.000000 0.000000 0.023622 1.000000
tan 1.000000 0.000000 0.023622 1.000000
tan 0.992126 0.000000 0.141732 1.000000
tan 0.992126 0.000000 0.125984 1.000000
tan 0.992126 0.000000 0.133858 1.000000
tan 0.992126 0.000000 0.110236 1.000000
tan 1.000000 0.000000 0.039370 1.000000
tan 1.000000 0.000000 0.039370 1.000000
tan 1.000000 0.000000 0.007874 1.000000
tan 0.984252 0.000000 0.157480 1.000000
tan 0.992126 -0.000000 -0.118110 1.000000
tan 0.992126 -0.000000 -0.133858 1.000000
tan 1.000000 -0.000000 -0.078740 1.000000
tan 0.984252 0.000000 0.173228 1.000000
tan 1.000000 -0.000000 -0.070866 1.000000
tan 1.000000 0.000000 0.015748 1.000000
tan 1.000000 0.000000 0.000000 1.000000
tan 1.000000 0.000000 0.007874 1.000000
tan 1.000000 0.000000 0.000000 1.000000
tan 1.000000 -0.000000 -0.023622 1.000000
tan 1.000000 0.000000 0.007874 1.000000
tan 1.000000 -0.000000 -0.015748 1.000000
tan 1.000000 0.000000 0.007874 1.000000
tan 0.976378 -0.000000 -0.204724 1.000000
tan 1.000000 0.000000 0.070866 1.000000
tan 0.984252 -0.000000 -0.188976 1.000000
tan 1.000000 0.000000 0.070866 1.000000
tan 1.000000 0.000000 0.078740 1.000000
tan 1.000000 0.000000 0.086614 1.000000
tan 0.992126 0.000000 0.094488 1.000000
tan 0.992126 0.000000 0.102362 1.000000
tan 1.000000 0.000000 0.062992 1.000000
tan 0.984252 -0.000000 -0.173228 1.000000
tan 1.000000 0.000000 0.055118 1.000000
tan 0.984252 -0.000000 -0.188976 1.000000
tan 1.000000 0.000000 0.000000 1.000000
tan 1.000000 0.000000 0.000000 1.000000
tan 1.000000 0.000000 0.000000 1.000000
tan 1.000000 0.000000 0.007874 1.000000
tan 1.000000 -0.000000 -0.007874 1.000000
tan 1.000000 0.000000 0.023622 1.000000
tan 1.000000 -0.000000 -0.007874 1.000000
tan 1.000000 0.000000 0.023622 1.000000
tan 1.000000 -0.000000 -0.086614 1.000000
tan 0.984252 0.000000 0.188976 1.000000
tan 1.000000 -0.000000 -0.086614 1.000000
tan 0.984252 0.000000 0.173228 1.000000
tan 0.992126 -0.000000 -0.118110 1.000000
tan 0.992126 -0.000000 -0.141732 1.000000
tan 0.000000 -1.000000 0.000000 1.000000
tan 0.000000 -1.000000 0.000000 1.000000
tan 0.000000 -1.000000 0.000000 1.000000
tan 0.000000 -1.000000 0.000000 1.000000
tan 0.000000 -1.000000 0.000000 1.000000
tan 0.000000 -1.000000 0.000000 1.000000
tan 0.000000 -1.000000 0.000000 1.000000
tan 0.000000 -1.000000 0.000000 1.000000
tan 0.000000 -1.000000 0.000000 1.000000
tan 0.000000 -1.000000 0.000000 1.000000
tan 0.000000 -1.000000 0.000000 1.000000
tan 0.000000 -1.000000 0.000000 1.000000
tan 0.000000 -1.000000 0.000000 1.000000
tan 0.000000 -1.000000 0.000000 1.000000
tan 0.000000 -1.000000 0.000000 1.000000
tan 0.000000 -1.000000 0.000000 1.000000
tan 0.000000 -1.000000 0.000000 1.000000
tan 0.000000 -1.000000 0.000000 1.000000
tan 0.000000 -1.000000 0.000000 1.000000
tan 0.000000 -1.000000 0.000000 1.000000
tan 0.000000 -1.000000 0.000000 1.000000
tan 0.000000 -1.000000 0.000000 1.000000
tan 0.000000 -1.000000 0.000000 1.000000
tan 0.000000 -1.000000 0.000000 1.000000
tan 0.000000 -1.000000 0.000000 1.000000
tan 0.000000 -1.000000 0.000000 1.000000
tan 0.000000 -1.000000 0.000000 1.000000
tan 0.000000 -1.000000 0.000000 1.000000
tan 0.000000 -1.000000 0.000000 1.000000
tan 0.000000 -1.000000 0.000000 1.000000
tan 0.000000 -1.000000 0.000000 1.000000
tan 0.000000 -1.000000 0.000000 1.000000
tan 0.000000 -1.000000 0.000000 1.000000
tan 0.000000 -1.000000 0.000000 1.000000
tan 0.000000 -1.000000 0.000000 1.000000
tan 0.000000 -1.000000 0.000000 1.000000
tan 0.000000 -1.000000 0.000000 1.000000
tan 0.000000 -1.000000 0.000000 1.000000
tan 0.000000 -1.000000 0.000000 1.000000
tan 0.000000 -1.000000 0.000000 1.000000
tan 0.000000 -1.000000 0.000000 1.000000
tan 0.000000 -1.000000 0.000000 1.000000
tan 0.000000 -1.000000 0.000000 1.000000
tan 0.000000 -1.000000 0.000000 1.000000
tan 0.000000 -1.000000 0.000000 1.000000
tan 0.000000 -1.000000 0.000000 1.000000
tan 0.000000 -1.000000 0.000000 1.000000
tan 0.000000 -1.000000 0.000000 1.000000
tan 0.000000 -1.000000 0.000000 1.000000
tan 0.000000 -1.000000 0.000000 1.000000
tan 0.000000 -1.000000 0.000000 1.000000
tan 0.000000 -1.000000 0.000000 1.000000
tan 0.000000 -1.000000 0.000000 1.000000
tan 0.000000 -1.000000 0.000000 1.000000
tan 0.000000 -1.000000 0.000000 1.000000
tan 0.000000 -1.000000 0.000000 1.000000
tan 0.000000 -1.000000 0.000000 1.000000
tan 0.000000 -1.000000 0.000000 1.000000
tan 0.000000 -1.000000 0.000000 1.000000
tan 0.000000 -1.000000 0.000000 1.000000
tan 0.000000 -1.000000 0.000000 1.000000
tan 0.000000 -1.000000 0.000000 1.000000
tan 0.000000 -1.000000 0.000000 1.000000
tan 0.000000 -1.000000 0.000000 1.000000
tan 0.000000 -1.000000 0.000000 1.000000
tan 0.000000 -1.000000 0.000000 1.000000
tan 0.000000 -1.000000 0.000000 1.000000
tan 0.000000 -1.000000 0.000000 1.000000
tan 0.000000 -1.000000 0.000000 1.000000
tan 0.000000 -1.000000 0.000000 1.000000
tan 0.000000 -1.000000 0.000000 1.000000
tan 0.000000 -1.000000 0.000000 1.000000
tan 0.000000 -1.000000 0.000000 1.000000
tan 0.000000 -1.000000 0.000000 1.000000
tan 0.000000 -1.000000 0.000000 1.000000
tan 0.000000 -1.000000 0.000000 1.000000
tan 0.000000 -1.000000 0.000000 1.000000
tan 0.000000 -1.000000 0.000000 1.000000
tan 0.000000 -1.000000 0.000000 1.000000
tan 0.000000 -1.000000 0.000000 1.000000
tan 0.000000 -1.000000 0.000000 1.000000
tan 0.000000 -1.000000 0.000000 1.000000
tan 0.000000 -1.000000 0.000000 1.000000
tan 0.000000 -1.000000 0.000000 1.000000
tan 0.000000 -1.000000 0.000000 1.000000
tan 0.000000 -1.000000 0.000000 1.000000
tan 0.000000 -1.000000 0.000000 1.000000
tan 0.000000 -1.000000 0.000000 1.000000
tan 0.000000 -1.000000 0.000000 1.000000
tan 0.000000 -1.000000 0.000000 1.000000
tan 0.000000 -1.000000 0.000000 1.000000
tan 0.000000 -1.000000 0.000000 1.000000
tan 0.000000 -1.000000 0.000000 1.000000
tan 0.000000 -1.000000 0.000000 1.000000
tan 0.000000 -1.000000 0.000000 1.000000
tan 0.000000 -1.000000 0.000000 1.000000
tan 0.000000 -1.000000 0.000000 1.000000
tan 0.000000 -1.000000 0.000000 1.000000
tan 0.000000 -1.000000 0.000000 1.000000
tan 0.000000 -1.000000 0.000000 1.000000
tan 0.000000 -1.000000 0.000000 1.000000
tan 0.000000 -1.000000 0.000000 1.000000
tan 0.000000 -1.000000 0.000000 1.000000
tan 0.000000 -1.000000 0.000000 1.000000
tan 0.000000 -1.000000 0.000000 1.000000
tan 0.000000 -1.000000 0.000000 1.000000
tan 0.000000 -1.000000 0.000000 1.000000
tan 0.000000 -1.000000 0.000000 1.000000
tan 0.000000 -1.000000 0.000000 1.000000
tan 0.000000 -1.000000 0.000000 1.000000
tan 0.000000 -1.000000 0.000000 1.000000
tan 0.000000 -1.000000 0.000000 1.000000
tan 0.000000 -1.000000 0.000000 1.000000
tan 0.000000 -1.000000 0.000000 1.000000
tan 0.000000 -1.000000 0.000000 1.000000
tan 0.000000 -1.000000 0.000000 1.000000
tan 0.000000 -1.000000 0.000000 1.000000
tan 0.000000 -1.000000 0.000000 1.000000
tan 0.000000 -1.000000 0.000000 1.000000
tan 0.000000 -1.000000 0.000000 1.000000
tan 0.000000 -1.000000 0.000000 1.000000
tan 0.000000 -1.000000 0.000000 1.000000
tan 0.000000 -1.000000 0.000000 1.000000
tan 0.000000 -1.000000 0.000000 1.000000
tan 0.000000 -1.000000 0.000000 1.000000
tan 0.000000 -1.000000 0.000000 1.000000
tan 0.000000 -1.000000 0.000000 1.000000
tan 0.000000 -1.000000 0.000000 1.000000
tan 0.000000 -1.000000 0.000000 1.000000
tan 0.000000 -1.000000 0.000000 1.000000
tan 0.000000 -1.000000 0.000000 1.000000
tan 0.000000 -1.000000 0.000000 1.000000
tan 0.000000 -1.000000 0.000000 1.000000
tan 0.000000 -1.000000 0.000000 1.000000
tan 0.000000 -1.000000 0.000000 1.000000
tan 0.000000 -1.000000 0.000000 1.000000
tan 0.000000 -1.000000 0.000000 1.000000
tan 0.000000 -1.000000 0.000000 1.000000
tan 0.000000 -1.000000 0.000000 1.000000
tan 0.000000 -1.000000 0.000000 1.000000
tan 0.000000 -1.000000 0.000000 1.000000
tan 0.000000 -1.000000 0.000000 1.000000
tan 0.000000 -1.000000 0.000000 1.000000
tan 0.000000 -1.000000 0.000000 1.000000
tan 0.000000 -1.000000 0.000000 1.000000
tan 0.000000 -1.000000 0.000000 1.000000
tan 0.000000 -1.000000 0.000000 1.000000
tan 0.000000 -1.000000 0.000000 1.000000
tan 0.000000 -1.000000 0.000000 1.000000
tan 0.000000 -1.000000 0.000000 1.000000
tan 0.000000 -1.000000 0.000000 1.000000
tan 0.000000 -1.000000 0.000000 1.000000
tan 0.000000 -1.000000 0.000000 1.000000
tan 0.000000 -1.000000 0.000000 1.000000
tan 0.000000 -1.000000 0.000000 1.000000
tan 0.000000 -1.000000 0.000000 1.000000
tan 0.000000 -1.000000 0.000000 1.000000
tan 0.000000 -1.000000 0.000000 1.000000
tan 0.000000 -1.000000 0.000000 1.000000
tan 0.000000 -1.000000 0.000000 1.000000
f 3/3/3 2/2/2 1/1/1
f 4/4/4 3/3/3 1/1/1
f 5/5/5 3/3/3 4/4/4
f 6/6/6 5/5/5 4/4/4
f 7/7/7 5/5/5 6/6/6
f 8/8/8 7/7/7 6/6/6
f 11/11/11 10/10/10 9/9/9
f 12/12/12 11/11/11 9/9/9
f 13/13/13 11/11/11 12/12/12
f 14/14/14 13/13/13 12/12/12
f 15/15/15 13/13/13 14/14/14
f 16/16/16 15/15/15 14/14/14
f 19/19/19 18/18/18 17/17/17
f 20/20/20 19/19/19 17/17/17
f 20/20/20 21/21/21 19/19/19
f 22/22/22 21/21/21 20/20/20
f 22/22/22 23/23/23 21/21/21
f 24/24/24 23/23/23 22/22/22
f 24/24/24 25/25/25 23/23/23
f 26/26/26 25/25/25 24/24/24
f 26/26/26 27/27/27 25/25/25
f 28/28/28 25/25/25 27/27/27
f 31/31/31 30/30/30 29/29/29
f 31/31/31 32/32/32 30/30/30
f 32/32/32 31/31/31 33/33/33
f 33/33/33 34/34/34 32/32/32
f 34/34/34 33/33/33 35/35/35
f 35/35/35 36/36/36 34/34/34
f 36/36/36 35/35/35 37/37/37
f 37/37/37 38/38/38 36/36/36
f 39/39/39 38/38/38 37/37/37
f 39/39/39 40/40/40 38/38/38
f 43/43/43 42/42/42 41/41/41
f 44/44/44 43/43/43 41/41/41
f 45/45/45 43/43/43 44/44/44
f 46/46/46 45/45/45 44/44/44
f 47/47/47 45/45/45 46/46/46
f 48/48/48 47/47/47 46/46/46
f 49/49/49 47/47/47 48/48/48
f 50/50/50 49/49/49 48/48/48
f 53/53/53 52/52/52 51/51/51
f 54/54/54 53/53/53 51/51/51
f 55/55/55 53/53/53 54/54/54
f 56/56/56 55/55/55 54/54/54
f 57/57/57 55/55/55 56/56/56
f 58/58/58 57/57/57 56/56/56
f 59/59/59 57/57/57 58/58/58
f 60/60/60 59/59/59 58/58/58
f 63/63/63 62/62/62 61/61/61
f 63/63/63 61/61/61 64/64/64
f 65/65/65 63/63/63 64/64/64
f 65/65/65 64/64/64 66/66/66
f 67/67/67 65/65/65 66/66/66
f 67/67/67 66/66/66 68/68/68
f 71/71/71 70/70/70 69/69/69
f 71/71/71 72/72/72 70/70/70
f 73/73/73 72/72/72 71/71/71
f 73/73/73 74/74/74 72/72/72
f 75/75/75 74/74/74 73/73/73
f 75/75/75 76/76/76 74/74/74
f 79/79/79 78/78/78 77/77/77
f 80/80/80 79/79/79 77/77/77
f 81/81/81 79/79/79 80/80/80
f 82/82/82 81/81/81 80/80/80
f 83/83/83 81/81/81 82/82/82
f 84/84/84 83/83/83 82/82/82
f 87/87/87 86/86/86 85/85/85
f 88/88/88 87/87/87 85/85/85
f 89/89/89 87/87/87 88/88/88
f 90/90/90 89/89/89 88/88/88
f 91/91/91 89/89/89 90/90/90
f 92/92/92 91/91/91 90/90/90
f 95/95/95 94/94/94 93/93/93
f 95/95/95 93/93/93 96/96/96
f 97/97/97 95/95/95 96/96/96
f 97/97/97 96/96/96 98/98/98
f 99/99/99 97/97/97 98/98/98
f 99/99/99 98/98/98 100/100/100
f 103/103/103 102/102/102 101/101/101
f 104/104/104 103/103/103 101/101/101
f 105/105/105 103/103/103 104/104/104
f 106/106/106 105/105/105 104/104/104
f 107/107/107 105/105/105 106/106/106
f 108/108/108 107/107/107 106/106/106
f 109/109/109 107/107/107 108/108/108
f 110/110/110 109/109/109 108/108/108
f 113/113/113 112/112/112 111/111/111
f 113/113/113 111/111/111 114/114/114
f 115/115/115 113/113/113 114/114/114
f 115/115/115 114/114/114 116/116/116
f 117/117/117 115/115/115 116/116/116
f 117/117/117 116/116/116 118/118/118
f 119/119/119 117/117/117 118/118/118
f 119/119/119 118/118/118 120/120/120
f 123/123/123 122/122/122 121/121/121
f 124/124/124 121/121/121 122/122/122
f 121/121/121 124/124/124 125/125/125
f 126/126/126 125/125/125 124/124/124
f 125/125/125 126/126/126 127/127/127
f 128/128/128 127/127/127 126/126/126
f 131/131/131 130/130/130 129/129/129
f 131/131/131 132/132/132 130/130/130
f 132/132/132 133/133/133 130/130/130
f 133/133/133 132/132/132 134/134/134
f 134/134/134 135/135/135 133/133/133
f 135/135/135 134/134/134 136/136/136
f 136/136/136 137/137/137 135/135/135
f 137/137/137 136/136/136 138/138/138
f 138/138/138 139/139/139 137/137/137
f 139/139/139 140/140/140 137/137/137
f 143/143/143 142/142/142 141/141/141
f 143/143/143 144/144/144 142/142/142
f 144/144/144 145/145/145 142/142/142
f 145/145/145 144/144/144 146/146/146
f 146/146/146 147/147/147 145/145/145
f 147/147/147 146/146/146 148/148/148
f 148/148/148 149/149/149 147/147/147
f 149/149/149 148/148/148 150/150/150
f 150/150/150 151/151/151 149/149/149
f 151/151/151 152/152/152 149/149/149
f 155/155/155 154/154/154 153/153/153
f 154/154/154 156/156/156 153/153/153
f 154/154/154 157/157/157 156/156/156
f 157/157/157 158/158/158 156/156/156
f 157/157/157 159/159/159 158/158/158
f 159/159/159 160/160/160 158/158/158
f 163/163/163 162/162/162 161/161/161
f 164/164/164 161/161/161 162/162/162
f 162/162/162 165/165/165 164/164/164
f 166/166/166 164/164/164 165/165/165
f 165/165/165 167/167/167 166/166/166
f 168/168/168 166/166/166 167/167/167
f 171/171/171 170/170/170 169/169/169
f 172/172/172 171/171/171 169/169/169
f 172/172/172 169/169/169 173/173/173
f 174/174/174 172/172/172 173/173/173
f 174/174/174 173/173/173 175/175/175
f 176/176/176 174/174/174 175/175/175
f 179/179/179 178/178/178 177/177/177
f 177/177/177 180/180/180 179/179/179
f 180/180/180 177/177/177 181/181/181
f 181/181/181 182/182/182 180/180/180
f 182/182/182 181/181/181 183/183/183
f 183/183/183 184/184/184 182/182/182
f 187/187/187 186/186/186 185/185/185
f 186/186/186 187/187/187 188/188/188
f 188/188/188 189/189/189 186/186/186
f 189/189/189 188/188/188 190/190/190
f 190/190/190 191/191/191 189/189/189
f 191/191/191 190/190/190 192/192/192
f 192/192/192 193/193/193 191/191/191
f 193/193/193 192/192/192 194/194/194
f 197/197/197 196/196/196 195/195/195
f 198/198/198 196/196/196 197/197/197
f 198/198/198 199/199/199 196/196/196
f 200/200/200 199/199/199 198/198/198
f 200/200/200 201/201/201 199/199/199
f 202/202/202 201/201/201 200/200/200
f 202/202/202 203/203/203 201/201/201
f 204/204/204 203/203/203 202/202/202
f 207/207/207 206/206/206 205/205/205
f 208/208/208 205/205/205 206/206/206
f 205/205/205 208/208/208 209/209/209
f 210/210/210 209/209/209 208/208/208
f 209/209/209 210/210/210 211/211/211
f 212/212/212 211/211/211 210/210/210
f 211/211/211 212/212/212 213/213/213
f 214/214/214 213/213/213 212/212/212
f 217/217/217 216/216/216 215/215/215
f 218/218/218 215/215/215 216/216/216
f 215/215/215 218/218/218 219/219/219
f 220/220/220 219/219/219 218/218/218
f 219/219/219 220/220/220 221/221/221
f 222/222/222 221/221/221 220/220/220
f 221/221/221 222/222/222 223/223/223
f 224/224/224 223/223/223 222/222/222
f 227/227/227 226/226/226 225/225/225
f 225/225/225 226/226/226 228/228/228
f 225/225/225 228/228/228 229/229/229
f 229/229/229 228/228/228 230/230/230
f 229/229/229 230/230/230 231/231/231
f 231/231/231 230/230/230 232/232/232
f 231/231/231 232/232/232 233/233/233
f 233/233/233 232/232/232 234/234/234
f 237/237/237 236/236/236 235/235/235
f 235/235/235 236/236/236 238/238/238
f 235/235/235 238/238/238 239/239/239
f 239/239/239 238/238/238 240/240/240
f 239/239/239 240/240/240 241/241/241
f 241/241/241 240/240/240 242/242/242
f 241/241/241 242/242/242 243/243/243
f 243/243/243 242/242/242 244/244/244
f 247/247/247 246/246/246 245/245/245
f 248/248/248 245/245/245 246/246/246
f 246/246/246 249/249/249 248/248/248
f 250/250/250 248/248/248 249/249/249
f 249/249/249 251/251/251 250/250/250
f 252/252/252 250/250/250 251/251/251
f 255/255/255 254/254/254 253/253/253
f 254/254/254 255/255/255 256/256/256
f 256/256/256 257/257/257 254/254/254
f 257/257/257 256/256/256 258/258/258
f 258/258/258 259/259/259 257/257/257
f 259/259/259 258/258/258 260/260/260
f 263/263/263 262/262/262 261/261/261
f 264/264/264 261/261/261 262/262/262
f 261/261/261 264/264/264 265/265/265
f 266/266/266 265/265/265 264/264/264
f 265/265/265 266/266/266 267/267/267
f 268/268/268 267/267/267 266/266/266
f 271/271/271 270/270/270 269/269/269
f 272/272/272 269/269/269 270/270/270
f 272/272/272 273/273/273 269/269/269
f 274/274/274 273/273/273 272/272/272
f 274/274/274 275/275/275 273/273/273
f 276/276/276 275/275/275 274/274/274
f 279/279/279 278/278/278 277/277/277
f 280/280/280 277/277/277 278/278/278
f 278/278/278 281/281/281 280/280/280
f 282/282/282 280/280/280 281/281/281
f 281/281/281 283/283/283 282/282/282
f 284/284/284 282/282/282 283/283/283
f 287/287/287 286/286/286 285/285/285
f 288/288/288 285/285/285 286/286/286
f 286/286/286 289/289/289 288/288/288
f 290/290/290 288/288/288 289/289/289
f 289/289/289 291/291/291 290/290/290
f 292/292/292 290/290/290 291/291/291
f 295/295/295 294/294/294 293/293/293
f 296/296/296 294/294/294 295/295/295
f 296/296/296 297/297/297 294/294/294
f 298/298/298 297/297/297 296/296/296
f 298/298/298 299/299/299 297/297/297
f 300/300/300 299/299/299 298/298/298
f 303/303/303 302/302/302 301/301/301
f 301/301/301 302/302/302 304/304/304
f 301/301/301 304/304/304 305/305/305
f 305/305/305 304/304/304 306/306/306
f 305/305/305 306/306/306 307/307/307
f 307/307/307 306/306/306 308/308/308
f 311/311/311 310/310/310 309/309/309
f 312/312/312 309/309/309 310/310/310
f 309/309/309 312/312/312 313/313/313
f 314/314/314 313/313/313 312/312/312
f 313/313/313 314/314/314 315/315/315
f 316/316/316 315/315/315 314/314/314
f 319/319/319 318/318/318 317/317/317
f 320/320/320 317/317/317 318/318/318
f 318/318/318 321/321/321 320/320/320
f 322/322/322 320/320/320 321/321/321
f 321/321/321 323/323/323 322/322/322
f 324/324/324 322/322/322 323/323/323
f 327/327/327 326/326/326 325/325/325
f 328/328/328 325/325/325 326/326/326
f 326/326/326 329/329/329 328/328/328
f 330/330/330 328/328/328 329/329/329
f 329/329/329 331/331/331 330/330/330
f 332/332/332 330/330/330 331/331/331
f 331/331/331 333/333/333 332/332/332
f 334/334/334 332/332/332 333/333/333
f 337/337/337 336/336/336 335/335/335
f 338/338/338 335/335/335 336/336/336
f 335/335/335 338/338/338 339/339/339
f 340/340/340 339/339/339 338/338/338
f 339/339/339 340/340/340 341/341/341
f 342/342/342 341/341/341 340/340/340
f 341/341/341 342/342/342 343/343/343
f 344/344/344 343/343/343 342/342/342
f 347/347/347 346/346/346 345/345/345
f 348/348/348 346/346/346 347/347/347
f 348/348/348 349/349/349 346/346/346
f 350/350/350 349/349/349 348/348/348
f 350/350/350 351/351/351 349/349/349
f 352/352/352 351/351/351 350/350/350
f 352/352/352 353/353/353 351/351/351
f 354/354/354 353/353/353 352/352/352
f 357/357/357 356/356/356 355/355/355
f 358/358/358 355/355/355 356/356/356
f 355/355/355 358/358/358 359/359/359
f 360/360/360 359/359/359 358/358/358
f 359/359/359 360/360/360 361/361/361
f 362/362/362 361/361/361 360/360/360
f 361/361/361 362/362/362 363/363/363
f 364/364/364 363/363/363 362/362/362
f 367/367/367 366/366/366 365/365/365
f 368/368/368 366/366/366 367/367/367
f 368/368/368 369/369/369 366/366/366
f 370/370/370 369/369/369 368/368/368
f 370/370/370 371/371/371 369/369/369
f 372/372/372 371/371/371 370/370/370
f 372/372/372 373/373/373 371/371/371
f 374/374/374 373/373/373 372/372/372
f 377/377/377 376/376/376 375/375/375
f 378/378/378 375/375/375 376/376/376
f 376/376/376 379/379/379 378/378/378
f 380/380/380 378/378/378 379/379/379
f 379/379/379 381/381/381 380/380/380
f 382/382/382 380/380/380 381/381/381
f 381/381/381 383/383/383 382/382/382
f 384/384/384 382/382/382 383/383/383
f 387/387/387 386/386/386 385/385/385
f 385/385/385 386/386/386 388/388/388
f 385/385/385 388/388/388 389/389/389
f 389/389/389 388/388/388 390/390/390
f 389/389/389 390/390/390 391/391/391
f 391/391/391 390/390/390 392/392/392
f 391/391/391 392/392/392 393/393/393
f 393/393/393 392/392/392 394/394/394
f 397/397/397 396/396/396 395/395/395
f 398/398/398 395/395/395 396/396/396
f 396/396/396 399/399/399 398/398/398
f 400/400/400 398/398/398 399/399/399
f 399/399/399 401/401/401 400/400/400
f 402/402/402 400/400/400 401/401/401
f 401/401/401 403/403/403 402/402/402
f 404/404/404 402/402/402 403/403/403
f 407/407/407 406/406/406 405/405/405
f 408/408/408 405/405/405 406/406/406
f 406/406/406 409/409/409 408/408/408
f 410/410/410 408/408/408 409/409/409
f 409/409/409 411/411/411 410/410/410
f 412/412/412 410/410/410 411/411/411
f 411/411/411 413/413/413 412/412/412
f 414/414/414 412/412/412 413/413/413
f 417/417/417 416/416/416 415/415/415
f 418/418/418 415/415/415 416/416/416
f 416/416/416 419/419/419 418/418/418
f 420/420/420 418/418/418 419/419/419
f 419/419/419 421/421/421 420/420/420
f 422/422/422 420/420/420 421/421/421
f 421/421/421 423/423/423 422/422/422
f 424/424/424 422/422/422 423/423/423
f 427/427/427 426/426/426 425/425/425
f 425/425/425 426/426/426 428/428/428
f 425/425/425 428/428/428 429/429/429
f 430/430/430 429/429/429 428/428/428
f 429/429/429 430/430/430 431/431/431
f 431/431/431 430/430/430 432/432/432
f 431/431/431 432/432/432 433/433/433
f 433/433/433 432/432/432 434/434/434
f 437/437/437 436/436/436 435/435/435
f 438/438/438 435/435/435 436/436/436
f 435/435/435 438/438/438 439/439/439
f 440/440/440 439/439/439 438/438/438
f 439/439/439 440/440/440 441/441/441
f 442/442/442 441/441/441 440/440/440
f 441/441/441 442/442/442 443/443/443
f 444/444/444 443/443/443 442/442/442
f 447/447/447 446/446/446 445/445/445
f 448/448/448 445/445/445 446/446/446
f 445/445/445 448/448/448 449/449/449
f 449/449/449 448/448/448 450/450/450
f 449/449/449 450/450/450 451/451/451
f 451/451/451 452/452/452 449/449/449
f 455/455/455 454/454/454 453/453/453
f 456/456/456 453/453/453 454/454/454
f 453/453/453 456/456/456 457/457/457
f 458/458/458 457/457/457 456/456/456
f 458/458/458 459/459/459 457/457/457
f 460/460/460 457/457/457 459/459/459
f 463/463/463 462/462/462 461/461/461
f 464/464/464 461/461/461 462/462/462
f 461/461/461 464/464/464 465/465/465
f 466/466/466 465/465/465 464/464/464
f 466/466/466 467/467/467 465/465/465
f 468/468/468 465/465/465 467/467/467
f 471/471/471 470/470/470 469/469/469
f 472/472/472 470/470/470 471/471/471
f 472/472/472 473/473/473 470/470/470
f 474/474/474 473/473/473 472/472/472
f 474/474/474 475/475/475 473/473/473
f 476/476/476 473/473/473 475/475/475
f 479/479/479 478/478/478 477/477/477
f 479/479/479 480/480/480 478/478/478
f 480/480/480 481/481/481 478/478/478
f 480/480/480 482/482/482 481/481/481
f 482/482/482 483/483/483 481/481/481
f 483/483/483 484/484/484 481/481/481
f 487/487/487 486/486/486 485/485/485
f 486/486/486 487/487/487 488/488/488
f 488/488/488 489/489/489 486/486/486
f 489/489/489 488/488/488 490/490/490
f 490/490/490 491/491/491 489/489/489
f 491/491/491 492/492/492 489/489/489
f 495/495/495 494/494/494 493/493/493
f 493/493/493 494/494/494 496/496/496
f 493/493/493 496/496/496 497/497/497
f 497/497/497 496/496/496 498/498/498
f 497/497/497 498/498/498 499/499/499
f 499/499/499 498/498/498 500/500/500
f 499/499/499 500/500/500 501/501/501
f 501/501/501 502/502/502 499/499/499
f 505/505/505 504/504/504 503/503/503
f 506/506/506 503/503/503 504/504/504
f 503/503/503 506/506/506 507/507/507
f 508/508/508 507/507/507 506/506/506
f 507/507/507 508/508/508 509/509/509
f 510/510/510 509/509/509 508/508/508
f 511/511/511 509/509/509 510/510/510
f 512/512/512 509/509/509 511/511/511
f 515/515/515 514/514/514 513/513/513
f 516/516/516 513/513/513 514/514/514
f 513/513/513 516/516/516 517/517/517
f 518/518/518 517/517/517 516/516/516
f 517/517/517 518/518/518 519/519/519
f 520/520/520 519/519/519 518/518/518
f 519/519/519 520/520/520 521/521/521
f 522/522/522 519/519/519 521/521/521
f 525/525/525 524/524/524 523/523/523
f 526/526/526 524/524/524 525/525/525
f 526/526/526 527/527/527 524/524/524
f 528/528/528 527/527/527 526/526/526
f 528/528/528 529/529/529 527/527/527
f 530/530/530 529/529/529 528/528/528
f 530/530/530 531/531/531 529/529/529
f 532/532/532 529/529/529 531/531/531
f 535/535/535 534/534/534 533/533/533
f 535/535/535 536/536/536 534/534/534
f 536/536/536 537/537/537 534/534/534
f 536/536/536 538/538/538 537/537/537
f 538/538/538 539/539/539 537/537/537
f 538/538/538 540/540/540 539/539/539
f 540/540/540 541/541/541 539/539/539
f 541/541/541 542/542/542 539/539/539
f 545/545/545 544/544/544 543/543/543
f 544/544/544 545/545/545 546/546/546
f 546/546/546 547/547/547 544/544/544
f 547/547/547 546/546/546 548/548/548
f 548/548/548 549/549/549 547/547/547
f 549/549/549 548/548/548 550/550/550
f 550/550/550 551/551/551 549/549/549
f 551/551/551 552/552/552 549/549/549
f 555/555/555 554/554/554 553/553/553
f 556/556/556 555/555/555 553/553/553
f 559/559/559 558/558/558 557/557/557
f 560/560/560 559/559/559 557/557/557
f 563/563/563 562/562/562 561/561/561
f 564/564/564 563/563/563 561/561/561
f 567/567/567 566/566/566 565/565/565
f 567/567/567 568/568/568 566/566/566
f 571/571/571 570/570/570 569/569/569
f 572/572/572 571/571/571 569/569/569
f 575/575/575 574/574/574 573/573/573
f 576/576/576 574/574/574 575/575/575
f 579/579/579 578/578/578 577/577/577
f 580/580/580 577/577/577 578/578/578
f 583/583/583 582/582/582 581/581/581
f 584/584/584 582/582/582 583/583/583
f 587/587/587 586/586/586 585/585/585
f 588/588/588 587/587/587 585/585/585
f 591/591/591 590/590/590 589/589/589
f 592/592/592 589/589/589 590/590/590
f 595/595/595 594/594/594 593/593/593
f 596/596/596 595/595/595 593/593/593
f 599/599/599 598/598/598 597/597/597
f 600/600/600 598/598/598 599/599/599
f 603/603/603 602/602/602 601/601/601
f 604/604/604 603/603/603 601/601/601
f 607/607/607 606/606/606 605/605/605
f 608/608/608 605/605/605 606/606/606
f 611/611/611 610/610/610 609/609/609
f 612/612/612 611/611/611 609/609/609
f 615/615/615 614/614/614 613/613/613
f 616/616/616 614/614/614 615/615/615
f 619/619/619 618/618/618 617/617/617
f 619/619/619 620/620/620 618/618/618
f 623/623/623 622/622/622 621/621/621
f 624/624/624 622/622/622 623/623/623
f 627/627/627 626/626/626 625/625/625
f 628/628/628 626/626/626 627/627/627
f 631/631/631 630/630/630 629/629/629
f 629/629/629 632/632/632 631/631/631
f 635/635/635 634/634/634 633/633/633
f 636/636/636 633/633/633 634/634/634
f 639/639/639 638/638/638 637/637/637
f 640/640/640 639/639/639 637/637/637
f 643/643/643 642/642/642 641/641/641
f 644/644/644 641/641/641 642/642/642
f 647/647/647 646/646/646 645/645/645
f 648/648/648 647/647/647 645/645/645
f 651/651/651 650/650/650 649/649/649
f 652/652/652 650/650/650 651/651/651
f 655/655/655 654/654/654 653/653/653
f 656/656/656 654/654/654 655/655/655
f 659/659/659 658/658/658 657/657/657
f 660/660/660 658/658/658 659/659/659
f 663/663/663 662/662/662 661/661/661
f 664/664/664 662/662/662 663/663/663
f 667/667/667 666/666/666 665/665/665
f 668/668/668 666/666/666 667/667/667
f 671/671/671 670/670/670 669/669/669
f 672/672/672 671/671/671 669/669/669
f 675/675/675 674/674/674 673/673/673
f 676/676/676 673/673/673 674/674/674
f 679/679/679 678/678/678 677/677/677
f 680/680/680 679/679/679 677/677/677
f 683/683/683 682/682/682 681/681/681
f 684/684/684 683/683/683 681/681/681
f 687/687/687 686/686/686 685/685/685
f 688/688/688 687/687/687 685/685/685
f 691/691/691 690/690/690 689/689/689
f 692/692/692 691/691/691 689/689/689
f 695/695/695 694/694/694 693/693/693
f 696/696/696 695/695/695 693/693/693
f 699/699/699 698/698/698 697/697/697
f 700/700/700 697/697/697 698/698/698
f 703/703/703 702/702/702 701/701/701
f 704/704/704 701/701/701 702/702/702
f 707/707/707 706/706/706 705/705/705
f 708/708/708 705/705/705 706/706/706
f 711/711/711 710/710/710 709/709/709
f 709/709/709 712/712/712 711/711/711
f 715/715/715 714/714/714 713/713/713
f 715/715/715 716/716/716 714/714/714
f 719/719/719 718/718/718 717/717/717
f 717/717/717 720/720/720 719/719/719
f 723/723/723 722/722/722 721/721/721
f 723/723/723 724/724/724 722/722/722
f 727/727/727 726/726/726 725/725/725
f 728/728/728 725/725/725 726/726/726
f 731/731/731 730/730/730 729/729/729
f 729/729/729 732/732/732 731/731/731
f 732/732/732 729/729/729 733/733/733
f 733/733/733 734/734/734 732/732/732
f 734/734/734 733/733/733 735/735/735
f 735/735/735 736/736/736 734/734/734
f 736/736/736 735/735/735 737/737/737
f 737/737/737 738/738/738 736/736/736
f 738/738/738 737/737/737 739/739/739
f 739/739/739 740/740/740 738/738/738
f 743/743/743 742/742/742 741/741/741
f 741/741/741 744/744/744 743/743/743
f 744/744/744 741/741/741 745/745/745
f 745/745/745 746/746/746 744/744/744
f 746/746/746 745/745/745 747/747/747
f 747/747/747 748/748/748 746/746/746
f 748/748/748 747/747/747 749/749/749
f 749/749/749 750/750/750 748/748/748
f 750/750/750 749/749/749 751/751/751
f 751/751/751 752/752/752 750/750/750
f 755/755/755 754/754/754 753/753/753
f 756/756/756 755/755/755 753/753/753
f 753/753/753 757/757/757 756/756/756
f 758/758/758 756/756/756 757/757/757
f 757/757/757 759/759/759 758/758/758
f 759/759/759 757/757/757 760/760/760
f 760/760/760 761/761/761 759/759/759
f 761/761/761 760/760/760 762/762/762
f 762/762/762 763/763/763 761/761/761
f 763/763/763 762/762/762 764/764/764
f 763/763/763 764/764/764 765/765/765
f 765/765/765 766/766/766 763/763/763
f 766/766/766 765/765/765 767/767/767
f 767/767/767 768/768/768 766/766/766
f 768/768/768 767/767/767 769/769/769
f 769/769/769 770/770/770 768/768/768
f 770/770/770 769/769/769 771/771/771
f 772/772/772 771/771/771 769/769/769
f 771/771/771 772/772/772 773/773/773
f 774/774/774 773/773/773 772/772/772
f 774/774/774 775/775/775 773/773/773
f 775/775/775 776/776/776 773/773/773
f 775/775/775 777/777/777 776/776/776
f 777/777/777 778/778/778 776/776/776
f 778/778/778 777/777/777 779/779/779
f 780/780/780 779/779/779 777/777/777
f 779/779/779 780/780/780 781/781/781
f 782/782/782 781/781/781 780/780/780
f 781/781/781 782/782/782 783/783/783
f 784/784/784 783/783/783 782/782/782
f 783/783/783 784/784/784 785/785/785
f 786/786/786 783/783/783 785/785/785
f 785/785/785 787/787/787 786/786/786
f 788/788/788 786/786/786 787/787/787
f 788/788/788 787/787/787 789/789/789
f 789/789/789 787/787/787 790/790/790
f 789/789/789 790/790/790 791/791/791
f 791/791/791 790/790/790 792/792/792
f 791/791/791 792/792/792 793/793/793
f 793/793/793 792/792/792 794/794/794
f 797/797/797 796/796/796 795/795/795
f 796/796/796 797/797/797 798/798/798
f 798/798/798 799/799/799 796/796/796
f 799/799/799 798/798/798 800/800/800
f 800/800/800 801/801/801 799/799/799
f 801/801/801 800/800/800 802/802/802
f 802/802/802 803/803/803 801/801/801
f 803/803/803 802/802/802 804/804/804
f 804/804/804 805/805/805 803/803/803
f 805/805/805 806/806/806 803/803/803
f 809/809/809 808/808/808 807/807/807
f 808/808/808 809/809/809 810/810/810
f 810/810/810 811/811/811 808/808/808
f 811/811/811 810/810/810 812/812/812
f 812/812/812 813/813/813 811/811/811
f 813/813/813 812/812/812 814/814/814
f 814/814/814 815/815/815 813/813/813
f 815/815/815 814/814/814 816/816/816
f 816/816/816 817/817/817 815/815/815
f 817/817/817 818/818/818 815/815/815
f 821/821/821 820/820/820 819/819/819
f 820/820/820 821/821/821 822/822/822
f 822/822/822 823/823/823 820/820/820
f 823/823/823 822/822/822 824/824/824
f 824/824/824 825/825/825 823/823/823
f 825/825/825 824/824/824 826/826/826
f 826/826/826 827/827/827 825/825/825
f 827/827/827 826/826/826 828/828/828
f 828/828/828 829/829/829 827/827/827
f 829/829/829 830/830/830 827/827/827
f 833/833/833 832/832/832 831/831/831
f 832/832/832 833/833/833 834/834/834
f 834/834/834 835/835/835 832/832/832
f 835/835/835 834/834/834 836/836/836
f 836/836/836 837/837/837 835/835/835
f 837/837/837 836/836/836 838/838/838
f 838/838/838 839/839/839 837/837/837
f 839/839/839 838/838/838 840/840/840
f 840/840/840 841/841/841 839/839/839
f 841/841/841 842/842/842 839/839/839
f 845/845/845 844/844/844 843/843/843
f 844/844/844 845/845/845 846/846/846
f 846/846/846 847/847/847 844/844/844
f 847/847/847 846/846/846 848/848/848
f 847/847/847 848/848/848 849/849/849
f 849/849/849 850/850/850 847/847/847
f 850/850/850 849/849/849 851/851/851
f 851/851/851 852/852/852 850/850/850
f 855/855/855 854/854/854 853/853/853
f 856/856/856 855/855/855 853/853/853
f 856/856/856 853/853/853 857/857/857
f 858/858/858 856/856/856 857/857/857
f 858/858/858 857/857/857 859/859/859
f 860/860/860 859/859/859 857/857/857
f 859/859/859 860/860/860 861/861/861
f 862/862/862 861/861/861 860/860/860
f 865/865/865 864/864/864 863/863/863
f 866/866/866 864/864/864 865/865/865
f 866/866/866 867/867/867 864/864/864
f 868/868/868 867/867/867 866/866/866
f 868/868/868 869/869/869 867/867/867
f 870/870/870 869/869/869 868/868/868
f 870/870/870 871/871/871 869/869/869
f 872/872/872 871/871/871 870/870/870
f 872/872/872 873/873/873 871/871/871
f 874/874/874 871/871/871 873/873/873
f 877/877/877 876/876/876 875/875/875
f 878/878/878 876/876/876 877/877/877
f 878/878/878 879/879/879 876/876/876
f 880/880/880 879/879/879 878/878/878
f 880/880/880 881/881/881 879/879/879
f 882/882/882 881/881/881 880/880/880
f 882/882/882 883/883/883 881/881/881
f 884/884/884 883/883/883 882/882/882
f 884/884/884 885/885/885 883/883/883
f 886/886/886 883/883/883 885/885/885
f 889/889/889 888/888/888 887/887/887
f 890/890/890 887/887/887 888/888/888
f 888/888/888 891/891/891 890/890/890
f 891/891/891 892/892/892 890/890/890
f 892/892/892 891/891/891 893/893/893
f 894/894/894 893/893/893 891/891/891
f 893/893/893 894/894/894 895/895/895
f 896/896/896 895/895/895 894/894/894
f 899/899/899 898/898/898 897/897/897
f 900/900/900 897/897/897 898/898/898
f 898/898/898 901/901/901 900/900/900
f 901/901/901 902/902/902 900/900/900
f 901/901/901 903/903/903 902/902/902
f 904/904/904 903/903/903 901/901/901
f 904/904/904 905/905/905 903/903/903
f 906/906/906 905/905/905 904/904/904
f 909/909/909 908/908/908 907/907/907
f 910/910/910 907/907/907 908/908/908
f 907/907/907 910/910/910 911/911/911
f 911/911/911 912/912/912 907/907/907
f 915/915/915 914/914/914 913/913/913
f 916/916/916 915/915/915 913/913/913
f 916/916/916 913/913/913 917/917/917
f 918/918/918 917/917/917 913/913/913
f 921/921/921 920/920/920 919/919/919
f 920/920/920 922/922/922 919/919/919
f 922/922/922 920/920/920 923/923/923
f 924/924/924 923/923/923 920/920/920
f 927/927/927 926/926/926 925/925/925
f 926/926/926 928/928/928 925/925/925
f 928/928/928 926/926/926 929/929/929
f 930/930/930 929/929/929 926/926/926
f 933/933/933 932/932/932 931/931/931
f 931/931/931 934/934/934 933/933/933
f 934/934/934 931/931/931 935/935/935
f 936/936/936 935/935/935 931/931/931
f 935/935/935 936/936/936 937/937/937
f 938/938/938 935/935/935 937/937/937
f 938/938/938 937/937/937 939/939/939
f 940/940/940 938/938/938 939/939/939
f 939/939/939 941/941/941 940/940/940
f 940/940/940 941/941/941 942/942/942
f 942/942/942 941/941/941 943/943/943
f 944/944/944 943/943/943 941/941/941
f 947/947/947 946/946/946 945/945/945
f 948/948/948 945/945/945 946/946/946
f 949/949/949 945/945/945 948/948/948
f 945/945/945 949/949/949 950/950/950
f 949/949/949 951/951/951 950/950/950
f 951/951/951 952/952/952 950/950/950
f 951/951/951 953/953/953 952/952/952
f 953/953/953 954/954/954 952/952/952
f 954/954/954 953/953/953 955/955/955
f 956/956/956 955/955/955 953/953/953
f 956/956/956 957/957/957 955/955/955
f 958/958/958 955/955/955 957/957/957
f 961/961/961 960/960/960 959/959/959
f 962/962/962 959/959/959 960/960/960
f 963/963/963 959/959/959 962/962/962
f 959/959/959 963/963/963 964/964/964
f 963/963/963 965/965/965 964/964/964
f 965/965/965 966/966/966 964/964/964
f 966/966/966 965/965/965 967/967/967
f 968/968/968 966/966/966 967/967/967
f 968/968/968 967/967/967 969/969/969
f 970/970/970 969/969/969 967/967/967
f 970/970/970 971/971/971 969/969/969
f 972/972/972 969/969/969 971/971/971
f 975/975/975 974/974/974 973/973/973
f 973/973/973 976/976/976 975/975/975
f 976/976/976 973/973/973 977/977/977
f 978/978/978 977/977/977 973/973/973
f 977/977/977 978/978/978 979/979/979
f 980/980/980 977/977/977 979/979/979
f 979/979/979 981/981/981 980/980/980
f 981/981/981 982/982/982 980/980/980
f 983/983/983 982/982/982 981/981/981
f 983/983/983 984/984/984 982/982/982
f 984/984/984 983/983/983 985/985/985
f 986/986/986 985/985/985 983/983/983
f 989/989/989 988/988/988 987/987/987
f 990/990/990 987/987/987 988/988/988
f 987/987/987 990/990/990 991/991/991
f 987/987/987 991/991/991 992/992/992
f 992/992/992 991/991/991 993/993/993
f 994/994/994 992/992/992 993/993/993
f 993/993/993 995/995/995 994/994/994
f 995/995/995 996/996/996 994/994/994
f 996/996/996 995/995/995 997/997/997
f 998/998/998 997/997/997 995/995/995
f 997/997/997 998/998/998 999/999/999
f 999/999/999 1000/1000/1000 997/997/997
f 1003/1003/1003 1002/1002/1002 1001/1001/1001
f 1002/1002/1002 1004/1004/1004 1001/1001/1001
f 1004/1004/1004 1002/1002/1002 1005/1005/1005
f 1006/1006/1006 1005/1005/1005 1002/1002/1002
f 1006/1006/1006 1007/1007/1007 1005/1005/1005
f 1007/1007/1007 1008/1008/1008 1005/1005/1005
f 1008/1008/1008 1007/1007/1007 1009/1009/1009
f 1010/1010/1010 1008/1008/1008 1009/1009/1009
f 1011/1011/1011 1010/1010/1010 1009/1009/1009
f 1010/1010/1010 1011/1011/1011 1012/1012/1012
f 1012/1012/1012 1011/1011/1011 1013/1013/1013
f 1014/1014/1014 1013/1013/1013 1011/1011/1011
f 1017/1017/1017 1016/1016/1016 1015/1015/1015
f 1018/1018/1018 1015/1015/1015 1016/1016/1016
f 1018/1018/1018 1016/1016/1016 1019/1019/1019
f 1020/1020/1020 1019/1019/1019 1016/1016/1016
f 1019/1019/1019 1020/1020/1020 1021/1021/1021
f 1022/1022/1022 1019/1019/1019 1021/1021/1021
f 1022/1022/1022 1021/1021/1021 1023/1023/1023
f 1024/1024/1024 1022/1022/1022 1023/1023/1023
f 1023/1023/1023 1025/1025/1025 1024/1024/1024
f 1024/1024/1024 1025/1025/1025 1026/1026/1026
f 1026/1026/1026 1025/1025/1025 1027/1027/1027
f 1028/1028/1028 1027/1027/1027 1025/1025/1025
f 1031/1031/1031 1030/1030/1030 1029/1029/1029
f 1032/1032/1032 1029/1029/1029 1030/1030/1030
f 1033/1033/1033 1029/1029/1029 1032/1032/1032
f 1029/1029/1029 1033/1033/1033 1034/1034/1034
f 1033/1033/1033 1035/1035/1035 1034/1034/1034
f 1035/1035/1035 1036/1036/1036 1034/1034/1034
f 1035/1035/1035 1037/1037/1037 1036/1036/1036
f 1037/1037/1037 1038/1038/1038 1036/1036/1036
f 1038/1038/1038 1037/1037/1037 1039/1039/1039
f 1040/1040/1040 1039/1039/1039 1037/1037/1037
f 1040/1040/1040 1041/1041/1041 1039/1039/1039
f 1042/1042/1042 1039/1039/1039 1041/1041/1041
f 1045/1045/1045 1044/1044/1044 1043/1043/1043
f 1044/1044/1044 1047/1047/1047 1046/1046/1046
f 1048/1048/1048 1043/1043/1043 1044/1044/1044
f 1048/1048/1048 1049/1049/1049 1043/1043/1043
f 1046/1046/1046 1050/1050/1050 1044/1044/1044
f 1050/1050/1050 1046/1046/1046 1051/1051/1051
f 1044/1044/1044 1052/1052/1052 1048/1048/1048
f 1050/1050/1050 1052/1052/1052 1044/1044/1044
f 1049/1049/1049 1048/1048/1048 1053/1053/1053
f 1052/1052/1052 1053/1053/1053 1048/1048/1048
f 1053/1053/1053 1054/1054/1054 1049/1049/1049
f 1051/1051/1051 1055/1055/1055 1050/1050/1050
f 1055/1055/1055 1051/1051/1051 1056/1056/1056
f 1050/1050/1050 1057/1057/1057 1052/1052/1052
f 1055/1055/1055 1057/1057/1057 1050/1050/1050
f 1053/1053/1053 1052/1052/1052 1058/1058/1058
f 1057/1057/1057 1058/1058/1058 1052/1052/1052
f 1054/1054/1054 1053/1053/1053 1059/1059/1059
f 1058/1058/1058 1059/1059/1059 1053/1053/1053
f 1059/1059/1059 1060/1060/1060 1054/1054/1054
f 1060/1060/1060 1061/1061/1061 1054/1054/1054
f 1059/1059/1059 1058/1058/1058 1062/1062/1062
f 1060/1060/1060 1063/1063/1063 1061/1061/1061
f 1063/1063/1063 1064/1064/1064 1061/1061/1061
f 1063/1063/1063 1065/1065/1065 1064/1064/1064
f 1066/1066/1066 1065/1065/1065 1063/1063/1063
f 1066/1066/1066 1063/1063/1063 1060/1060/1060
f 1066/1066/1066 1067/1067/1067 1065/1065/1065
f 1068/1068/1068 1060/1060/1060 1059/1059/1059
f 1068/1068/1068 1066/1066/1066 1060/1060/1060
f 1062/1062/1062 1068/1068/1068 1059/1059/1059
f 1069/1069/1069 1067/1067/1067 1066/1066/1066
f 1068/1068/1068 1069/1069/1069 1066/1066/1066
f 1069/1069/1069 1070/1070/1070 1067/1067/1067
f 1071/1071/1071 1069/1069/1069 1068/1068/1068
f 1071/1071/1071 1068/1068/1068 1062/1062/1062
f 1072/1072/1072 1070/1070/1070 1069/1069/1069
f 1071/1071/1071 1072/1072/1072 1069/1069/1069
f 1072/1072/1072 1073/1073/1073 1070/1070/1070
f 1074/1074/1074 1070/1070/1070 1073/1073/1073
f 1075/1075/1075 1072/1072/1072 1071/1071/1071
f 1075/1075/1075 1073/1073/1073 1072/1072/1072
f 1076/1076/1076 1071/1071/1071 1062/1062/1062
f 1075/1075/1075 1071/1071/1071 1076/1076/1076
f 1073/1073/1073 1077/1077/1077 1074/1074/1074
f 1077/1077/1077 1078/1078/1078 1074/1074/1074
f 1078/1078/1078 1077/1077/1077 1079/1079/1079
f 1080/1080/1080 1079/1079/1079 1077/1077/1077
f 1077/1077/1077 1073/1073/1073 1080/1080/1080
f 1079/1079/1079 1080/1080/1080 1081/1081/1081
f 1082/1082/1082 1080/1080/1080 1073/1073/1073
f 1082/1082/1082 1073/1073/1073 1075/1075/1075
f 1083/1083/1083 1081/1081/1081 1080/1080/1080
f 1080/1080/1080 1082/1082/1082 1083/1083/1083
f 1081/1081/1081 1083/1083/1083 1084/1084/1084
f 1082/1082/1082 1075/1075/1075 1085/1085/1085
f 1085/1085/1085 1075/1075/1075 1076/1076/1076
f 1086/1086/1086 1083/1083/1083 1082/1082/1082
f 1086/1086/1086 1082/1082/1082 1085/1085/1085
f 1087/1087/1087 1084/1084/1084 1083/1083/1083
f 1083/1083/1083 1086/1086/1086 1087/1087/1087
f 1088/1088/1088 1086/1086/1086 1085/1085/1085
f 1088/1088/1088 1087/1087/1087 1086/1086/1086
f 1087/1087/1087 1089/1089/1089 1084/1084/1084
f 1087/1087/1087 1088/1088/1088 1089/1089/1089
f 1090/1090/1090 1084/1084/1084 1089/1089/1089
f 1088/1088/1088 1085/1085/1085 1091/1091/1091
f 1091/1091/1091 1085/1085/1085 1076/1076/1076
f 1092/1092/1092 1089/1089/1089 1088/1088/1088
f 1092/1092/1092 1088/1088/1088 1091/1091/1091
f 1090/1090/1090 1089/1089/1089 1093/1093/1093
f 1094/1094/1094 1090/1090/1090 1093/1093/1093
f 1094/1094/1094 1093/1093/1093 1095/1095/1095
f 1093/1093/1093 1089/1089/1089 1096/1096/1096
f 1096/1096/1096 1095/1095/1095 1093/1093/1093
f 1096/1096/1096 1089/1089/1089 1092/1092/1092
f 1095/1095/1095 1096/1096/1096 1056/1056/1056
f 1097/1097/1097 1056/1056/1056 1096/1096/1096
f 1096/1096/1096 1092/1092/1092 1097/1097/1097
f 1056/1056/1056 1097/1097/1097 1055/1055/1055
f 1097/1097/1097 1092/1092/1092 1098/1098/1098
f 1097/1097/1097 1098/1098/1098 1055/1055/1055
f 1092/1092/1092 1091/1091/1091 1098/1098/1098
f 1057/1057/1057 1055/1055/1055 1098/1098/1098
f 1098/1098/1098 1091/1091/1091 1099/1099/1099
f 1098/1098/1098 1099/1099/1099 1057/1057/1057
f 1091/1091/1091 1076/1076/1076 1099/1099/1099
f 1057/1057/1057 1099/1099/1099 1058/1058/1058
f 1099/1099/1099 1076/1076/1076 1062/1062/1062
f 1099/1099/1099 1062/1062/1062 1058/1058/1058
f 1102/1102/1102 1101/1101/1101 1100/1100/1100
f 1101/1101/1101 1102/1102/1102 1103/1103/1103
f 1104/1104/1104 1100/1100/1100 1101/1101/1101
f 1103/1103/1103 1105/1105/1105 1101/1101/1101
f 1104/1104/1104 1106/1106/1106 1100/1100/1100
f 1105/1105/1105 1103/1103/1103 1107/1107/1107
f 1106/1106/1106 1104/1104/1104 1108/1108/1108
f 1107/1107/1107 1109/1109/1109 1105/1105/1105
f 1108/1108/1108 1110/1110/1110 1106/1106/1106
f 1109/1109/1109 1107/1107/1107 1111/1111/1111
f 1110/1110/1110 1108/1108/1108 1112/1112/1112
f 1111/1111/1111 1113/1113/1113 1109/1109/1109
f 1112/1112/1112 1114/1114/1114 1110/1110/1110
f 1113/1113/1113 1111/1111/1111 1115/1115/1115
f 1114/1114/1114 1116/1116/1116 1110/1110/1110
f 1117/1117/1117 1115/1115/1115 1111/1111/1111
f 1114/1114/1114 1118/1118/1118 1116/1116/1116
f 1115/1115/1115 1117/1117/1117 1119/1119/1119
f 1118/1118/1118 1120/1120/1120 1116/1116/1116
f 1121/1121/1121 1119/1119/1119 1117/1117/1117
f 1118/1118/1118 1122/1122/1122 1120/1120/1120
f 1121/1121/1121 1123/1123/1123 1119/1119/1119
f 1124/1124/1124 1122/1122/1122 1118/1118/1118
f 1123/1123/1123 1125/1125/1125 1119/1119/1119
f 1124/1124/1124 1126/1126/1126 1122/1122/1122
f 1123/1123/1123 1127/1127/1127 1125/1125/1125
f 1128/1128/1128 1126/1126/1126 1124/1124/1124
f 1129/1129/1129 1125/1125/1125 1127/1127/1127
f 1128/1128/1128 1130/1130/1130 1126/1126/1126
f 1129/1129/1129 1127/1127/1127 1131/1131/1131
f 1132/1132/1132 1130/1130/1130 1128/1128/1128
f 1133/1133/1133 1131/1131/1131 1127/1127/1127
f 1132/1132/1132 1134/1134/1134 1130/1130/1130
f 1131/1131/1131 1133/1133/1133 1135/1135/1135
f 1136/1136/1136 1130/1130/1130 1134/1134/1134
f 1137/1137/1137 1135/1135/1135 1133/1133/1133
f 1134/1134/1134 1138/1138/1138 1136/1136/1136
f 1135/1135/1135 1137/1137/1137 1138/1138/1138
f 1138/1138/1138 1139/1139/1139 1136/1136/1136
f 1139/1139/1139 1138/1138/1138 1137/1137/1137
f 1142/1142/1142 1141/1141/1141 1140/1140/1140
f 1142/1142/1142 1143/1143/1143 1141/1141/1141
f 1146/1146/1146 1145/1145/1145 1144/1144/1144
f 1147/1147/1147 1146/1146/1146 1144/1144/1144
f 1150/1150/1150 1149/1149/1149 1148/1148/1148
f 1151/1151/1151 1149/1149/1149 1150/1150/1150
f 1154/1154/1154 1153/1153/1153 1152/1152/1152
f 1154/1154/1154 1155/1155/1155 1153/1153/1153
f 1158/1158/1158 1157/1157/1157 1156/1156/1156
f 1159/1159/1159 1157/1157/1157 1158/1158/1158
f 1162/1162/1162 1161/1161/1161 1160/1160/1160
f 1162/1162/1162 1163/1163/1163 1161/1161/1161
f 1166/1166/1166 1165/1165/1165 1164/1164/1164
f 1167/1167/1167 1166/1166/1166 1164/1164/1164
f 1170/1170/1170 1169/1169/1169 1168/1168/1168
f 1171/1171/1171 1170/1170/1170 1168/1168/1168
f 1174/1174/1174 1173/1173/1173 1172/1172/1172
f 1175/1175/1175 1174/1174/1174 1172/1172/1172
f 1176/1176/1176 1174/1174/1174 1175/1175/1175
f 1177/1177/1177 1176/1176/1176 1175/1175/1175
f 1180/1180/1180 1179/1179/1179 1178/1178/1178
f 1181/1181/1181 1180/1180/1180 1178/1178/1178
f 1182/1182/1182 1180/1180/1180 1181/1181/1181
f 1183/1183/1183 1182/1182/1182 1181/1181/1181
f 1184/1184/1184 1182/1182/1182 1183/1183/1183
f 1185/1185/1185 1184/1184/1184 1183/1183/1183
f 1186/1186/1186 1184/1184/1184 1185/1185/1185
f 1187/1187/1187 1186/1186/1186 1185/1185/1185
f 1190/1190/1190 1189/1189/1189 1188/1188/1188
f 1191/1191/1191 1190/1190/1190 1188/1188/1188
f 1192/1192/1192 1190/1190/1190 1191/1191/1191
f 1193/1193/1193 1192/1192/1192 1191/1191/1191
f 1194/1194/1194 1192/1192/1192 1193/1193/1193
f 1195/1195/1195 1194/1194/1194 1193/1193/1193
f 1196/1196/1196 1194/1194/1194 1195/1195/1195
f 1197/1197/1197 1196/1196/1196 1195/1195/1195
f 1200/1200/1200 1199/1199/1199 1198/1198/1198
f 1201/1201/1201 1200/1200/1200 1198/1198/1198
f 1202/1202/1202 1200/1200/1200 1201/1201/1201
f 1203/1203/1203 1202/1202/1202 1201/1201/1201
f 1206/1206/1206 1205/1205/1205 1204/1204/1204
f 1207/1207/1207 1205/1205/1205 1206/1206/1206
f 1206/1206/1206 1208/1208/1208 1207/1207/1207
f 1209/1209/1209 1207/1207/1207 1208/1208/1208
f 1212/1212/1212 1211/1211/1211 1210/1210/1210
f 1212/1212/1212 1213/1213/1213 1211/1211/1211
f 1214/1214/1214 1213/1213/1213 1212/1212/1212
f 1214/1214/1214 1215/1215/1215 1213/1213/1213
f 1218/1218/1218 1217/1217/1217 1216/1216/1216
f 1218/1218/1218 1219/1219/1219 1217/1217/1217
f 1220/1220/1220 1219/1219/1219 1218/1218/1218
f 1220/1220/1220 1221/1221/1221 1219/1219/1219
f 1224/1224/1224 1223/1223/1223 1222/1222/1222
f 1224/1224/1224 1222/1222/1222 1225/1225/1225
f 1226/1226/1226 1224/1224/1224 1225/1225/1225
f 1226/1226/1226 1225/1225/1225 1227/1227/1227
f 1230/1230/1230 1229/1229/1229 1228/1228/1228
f 1231/1231/1231 1230/1230/1230 1228/1228/1228
f 1232/1232/1232 1230/1230/1230 1231/1231/1231
f 1233/1233/1233 1232/1232/1232 1231/1231/1231
f 1234/1234/1234 1232/1232/1232 1233/1233/1233
f 1235/1235/1235 1234/1234/1234 1233/1233/1233
f 1235/1235/1235 1236/1236/1236 1234/1234/1234
f 1237/1237/1237 1234/1234/1234 1236/1236/1236
f 1240/1240/1240 1239/1239/1239 1238/1238/1238
f 1238/1238/1238 1239/1239/1239 1241/1241/1241
f 1238/1238/1238 1241/1241/1241 1242/1242/1242
f 1242/1242/1242 1241/1241/1241 1243/1243/1243
f 1242/1242/1242 1243/1243/1243 1244/1244/1244
f 1244/1244/1244 1243/1243/1243 1245/1245/1245
f 1244/1244/1244 1245/1245/1245 1246/1246/1246
f 1246/1246/1246 1245/1245/1245 1247/1247/1247
f 1250/1250/1250 1249/1249/1249 1248/1248/1248
f 1251/1251/1251 1248/1248/1248 1249/1249/1249
f 1248/1248/1248 1251/1251/1251 1252/1252/1252
f 1253/1253/1253 1252/1252/1252 1251/1251/1251
f 1256/1256/1256 1255/1255/1255 1254/1254/1254
f 1257/1257/1257 1254/1254/1254 1255/1255/1255
f 1254/1254/1254 1257/1257/1257 1258/1258/1258
f 1259/1259/1259 1258/1258/1258 1257/1257/1257
f 1258/1258/1258 1259/1259/1259 1260/1260/1260
f 1261/1261/1261 1260/1260/1260 1259/1259/1259
f 1261/1261/1261 1262/1262/1262 1260/1260/1260
f 1263/1263/1263 1260/1260/1260 1262/1262/1262
f 1266/1266/1266 1265/1265/1265 1264/1264/1264
f 1266/1266/1266 1267/1267/1267 1265/1265/1265
f 1267/1267/1267 1268/1268/1268 1265/1265/1265
f 1267/1267/1267 1269/1269/1269 1268/1268/1268
f 1269/1269/1269 1270/1270/1270 1268/1268/1268
f 1269/1269/1269 1271/1271/1271 1270/1270/1270
f 1271/1271/1271 1272/1272/1272 1270/1270/1270
f 1272/1272/1272 1273/1273/1273 1270/1270/1270
f 1276/1276/1276 1275/1275/1275 1274/1274/1274
f 1276/1276/1276 1277/1277/1277 1275/1275/1275
f 1277/1277/1277 1278/1278/1278 1275/1275/1275
f 1277/1277/1277 1279/1279/1279 1278/1278/1278
f 1279/1279/1279 1280/1280/1280 1278/1278/1278
f 1279/1279/1279 1281/1281/1281 1280/1280/1280
f 1281/1281/1281 1282/1282/1282 1280/1280/1280
f 1282/1282/1282 1283/1283/1283 1280/1280/1280
f 1286/1286/1286 1285/1285/1285 1284/1284/1284
f 1287/1287/1287 1284/1284/1284 1285/1285/1285
f 1284/1284/1284 1287/1287/1287 1288/1288/1288
f 1289/1289/1289 1288/1288/1288 1287/1287/1287
f 1288/1288/1288 1289/1289/1289 1290/1290/1290
f 1291/1291/1291 1290/1290/1290 1289/1289/1289
f 1292/1292/1292 1290/1290/1290 1291/1291/1291
f 1293/1293/1293 1290/1290/1290 1292/1292/1292
f 1296/1296/1296 1295/1295/1295 1294/1294/1294
f 1297/1297/1297 1296/1296/1296 1294/1294/1294
f 1298/1298/1298 1297/1297/1297 1294/1294/1294
f 1298/1298/1298 1294/1294/1294 1299/1299/1299
