mtllib SM_Mansion_Roof_01_LOD1@000002909DC3CF00.mtl
g SM_Mansion_Roof_01_LOD1@000002909DC3CF00
#Vertices 1603
#Indices 7980
#Section 0 Offset 0 NumIndices 5856 MaterialIndex 0 MI_ConcreteTile_A_03
#Section 1 Offset 5856 NumIndices 1098 MaterialIndex 1 MI_RoofTile_A_01
#Section 2 Offset 6954 NumIndices 1026 MaterialIndex 2 MI_ConcreteTile_A_03
v 12.029373 5.148771 -0.886719 1.000000 1.000000 1.000000 1.000000
v 12.192731 4.893767 -1.040904 1.000000 1.000000 1.000000 1.000000
v 12.005872 5.146561 -0.907254 1.000000 1.000000 1.000000 1.000000
v 12.216479 4.891869 -1.020624 1.000000 1.000000 1.000000 1.000000
v 12.307059 4.614295 -1.129422 1.000000 1.000000 1.000000 1.000000
v 12.057185 5.155184 -0.873902 1.000000 1.000000 1.000000 1.000000
v 12.330481 4.616194 -1.108763 1.000000 1.000000 1.000000 1.000000
v 12.408985 4.381903 -1.209730 1.000000 1.000000 1.000000 1.000000
v 12.245272 4.892332 -1.008391 1.000000 1.000000 1.000000 1.000000
v 12.086583 5.165174 -0.870058 1.000000 1.000000 1.000000 1.000000
v 12.476990 4.284115 -1.224463 1.000000 1.000000 1.000000 1.000000
v 12.511057 4.159705 -1.291176 1.000000 1.000000 1.000000 1.000000
v 12.652071 3.865520 -1.404813 1.000000 1.000000 1.000000 1.000000
v 12.276291 4.895114 -1.005406 1.000000 1.000000 1.000000 1.000000
v 12.114692 5.177763 -0.875564 1.000000 1.000000 1.000000 1.000000
v 12.357450 4.624065 -1.094999 1.000000 1.000000 1.000000 1.000000
v 12.306500 4.899940 -1.011959 1.000000 1.000000 1.000000 1.000000
v 12.138760 5.191716 -0.889878 1.000000 1.000000 1.000000 1.000000
v 12.385332 4.637139 -1.089474 1.000000 1.000000 1.000000 1.000000
v 12.513225 4.270622 -1.218444 1.000000 1.000000 1.000000 1.000000
v 12.332943 4.906338 -1.027408 1.000000 1.000000 1.000000 1.000000
v 12.156429 5.205670 -0.911602 1.000000 1.000000 1.000000 1.000000
v 12.678926 3.860855 -1.386855 1.000000 1.000000 1.000000 1.000000
v 12.857676 3.460144 -1.571253 1.000000 1.000000 1.000000 1.000000
v 12.353032 4.913683 -1.050243 1.000000 1.000000 1.000000 1.000000
v 12.165972 5.218258 -0.938609 1.000000 1.000000 1.000000 1.000000
v 12.859630 3.503922 -1.533273 1.000000 1.000000 1.000000 1.000000
v 12.966794 3.252729 -1.658755 1.000000 1.000000 1.000000 1.000000
v 12.364797 4.921256 -1.078226 1.000000 1.000000 1.000000 1.000000
v 12.166453 5.228248 -0.968254 1.000000 1.000000 1.000000 1.000000
v 13.035241 3.170781 -1.673584 1.000000 1.000000 1.000000 1.000000
v 13.041080 3.116712 -1.717424 1.000000 1.000000 1.000000 1.000000
v 13.116817 2.987998 -1.776235 1.000000 1.000000 1.000000 1.000000
v 12.367091 4.928315 -1.108621 1.000000 1.000000 1.000000 1.000000
v 12.157826 5.234663 -0.997636 1.000000 1.000000 1.000000 1.000000
v 13.176507 2.930839 -1.783526 1.000000 1.000000 1.000000 1.000000
v 13.199256 2.861199 -1.839200 1.000000 1.000000 1.000000 1.000000
v 13.293353 2.731222 -1.910116 1.000000 1.000000 1.000000 1.000000
v 12.359686 4.934168 -1.138450 1.000000 1.000000 1.000000 1.000000
v 12.140936 5.236872 -1.023879 1.000000 1.000000 1.000000 1.000000
v 13.316120 2.734680 -1.888940 1.000000 1.000000 1.000000 1.000000
v 13.403931 2.592934 -1.992691 1.000000 1.000000 1.000000 1.000000
v 12.454045 4.725874 -1.175526 1.000000 1.000000 1.000000 1.000000
v 13.491898 2.518582 -2.019813 1.000000 1.000000 1.000000 1.000000
v 13.535928 2.440932 -2.090722 1.000000 1.000000 1.000000 1.000000
v 13.694507 2.269563 -2.208169 1.000000 1.000000 1.000000 1.000000
v 12.455512 4.711109 -1.147982 1.000000 1.000000 1.000000 1.000000
v 13.803607 2.182232 -2.250827 1.000000 1.000000 1.000000 1.000000
v 13.884938 2.073119 -2.349062 1.000000 1.000000 1.000000 1.000000
v 14.108612 1.849630 -2.514219 1.000000 1.000000 1.000000 1.000000
v 12.448293 4.693025 -1.123491 1.000000 1.000000 1.000000 1.000000
v 14.254237 1.732167 -2.583549 1.000000 1.000000 1.000000 1.000000
v 14.360884 1.602892 -2.699517 1.000000 1.000000 1.000000 1.000000
v 14.636627 1.337186 -2.900453 1.000000 1.000000 1.000000 1.000000
v 12.514105 4.487330 -1.167760 1.000000 1.000000 1.000000 1.000000
v 14.812376 1.194718 -2.990023 1.000000 1.000000 1.000000 1.000000
v 14.930644 1.056855 -3.112472 1.000000 1.000000 1.000000 1.000000
v 15.237701 0.766267 -3.330988 1.000000 1.000000 1.000000 1.000000
v 12.494656 4.462827 -1.157947 1.000000 1.000000 1.000000 1.000000
v 15.414021 0.625332 -3.418337 1.000000 1.000000 1.000000 1.000000
v 15.552536 0.469808 -3.551397 1.000000 1.000000 1.000000 1.000000
v 15.869879 0.171872 -3.769084 1.000000 1.000000 1.000000 1.000000
v 12.535720 4.294649 -1.208653 1.000000 1.000000 1.000000 1.000000
v 15.891423 0.176932 -3.746964 1.000000 1.000000 1.000000 1.000000
v 16.184446 -0.123136 -3.979419 1.000000 1.000000 1.000000 1.000000
v 16.205824 -0.117921 -3.957178 1.000000 1.000000 1.000000 1.000000
v 15.914069 0.190254 -3.729979 1.000000 1.000000 1.000000 1.000000
v 16.228336 -0.104475 -3.940115 1.000000 1.000000 1.000000 1.000000
v 15.434937 0.640200 -3.400240 1.000000 1.000000 1.000000 1.000000
v 15.935599 0.210532 -3.719790 1.000000 1.000000 1.000000 1.000000
v 16.249784 -0.084120 -3.929900 1.000000 1.000000 1.000000 1.000000
v 16.268076 -0.058845 -3.927534 1.000000 1.000000 1.000000 1.000000
v 15.473630 0.644265 -3.402047 1.000000 1.000000 1.000000 1.000000
v 15.953919 0.235784 -3.717393 1.000000 1.000000 1.000000 1.000000
v 16.281410 -0.031122 -3.933250 1.000000 1.000000 1.000000 1.000000
v 14.861686 1.223377 -2.966641 1.000000 1.000000 1.000000 1.000000
v 15.967225 0.263537 -3.723025 1.000000 1.000000 1.000000 1.000000
v 16.288479 -0.003669 -3.946487 1.000000 1.000000 1.000000 1.000000
v 15.469353 0.690820 -3.383705 1.000000 1.000000 1.000000 1.000000
v 15.974210 0.291074 -3.736130 1.000000 1.000000 1.000000 1.000000
v 16.288603 0.020829 -3.965947 1.000000 1.000000 1.000000 1.000000
v 15.498540 0.703701 -3.400520 1.000000 1.000000 1.000000 1.000000
v 14.845133 1.281725 -2.939045 1.000000 1.000000 1.000000 1.000000
v 15.974204 0.315699 -3.755431 1.000000 1.000000 1.000000 1.000000
v 16.281759 0.039972 -3.989729 1.000000 1.000000 1.000000 1.000000
v 15.513720 0.723516 -3.419337 1.000000 1.000000 1.000000 1.000000
v 14.856045 1.311836 -2.942756 1.000000 1.000000 1.000000 1.000000
v 15.744025 0.544438 -3.626832 1.000000 1.000000 1.000000 1.000000
v 15.516360 0.745554 -3.440314 1.000000 1.000000 1.000000 1.000000
v 14.875839 1.327293 -2.964895 1.000000 1.000000 1.000000 1.000000
v 15.788728 0.502055 -3.692315 1.000000 1.000000 1.000000 1.000000
v 16.268627 0.051888 -4.015503 1.000000 1.000000 1.000000 1.000000
v 16.250475 0.055410 -4.040746 1.000000 1.000000 1.000000 1.000000
v 15.765376 0.510532 -3.713968 1.000000 1.000000 1.000000 1.000000
v 16.229103 0.050194 -4.062988 1.000000 1.000000 1.000000 1.000000
v 15.191714 1.064198 -3.274203 1.000000 1.000000 1.000000 1.000000
v 15.166570 1.088486 -3.221100 1.000000 1.000000 1.000000 1.000000
v 15.755694 0.494591 -3.744082 1.000000 1.000000 1.000000 1.000000
v 16.206585 0.036751 -4.080050 1.000000 1.000000 1.000000 1.000000
v 15.146996 1.092844 -3.280503 1.000000 1.000000 1.000000 1.000000
v 14.595834 1.632544 -2.844513 1.000000 1.000000 1.000000 1.000000
v 14.903698 1.325559 -3.004126 1.000000 1.000000 1.000000 1.000000
v 14.552649 1.674953 -2.777802 1.000000 1.000000 1.000000 1.000000
v 14.564187 1.649017 -2.859888 1.000000 1.000000 1.000000 1.000000
v 14.090130 2.127399 -2.473038 1.000000 1.000000 1.000000 1.000000
v 14.310920 1.897405 -2.572041 1.000000 1.000000 1.000000 1.000000
v 15.116875 1.096043 -3.296364 1.000000 1.000000 1.000000 1.000000
v 14.319206 1.864115 -2.559091 1.000000 1.000000 1.000000 1.000000
v 14.062458 2.156238 -2.417423 1.000000 1.000000 1.000000 1.000000
v 14.316001 1.832791 -2.548977 1.000000 1.000000 1.000000 1.000000
v 13.994452 2.188426 -2.319206 1.000000 1.000000 1.000000 1.000000
v 14.309493 1.798043 -2.548548 1.000000 1.000000 1.000000 1.000000
v 13.986704 2.161258 -2.305760 1.000000 1.000000 1.000000 1.000000
v 13.972473 2.134072 -2.299650 1.000000 1.000000 1.000000 1.000000
v 14.315845 1.748461 -2.569300 1.000000 1.000000 1.000000 1.000000
v 13.953156 2.109528 -2.301475 1.000000 1.000000 1.000000 1.000000
v 14.829342 1.213462 -2.968997 1.000000 1.000000 1.000000 1.000000
v 14.277004 1.744995 -2.566897 1.000000 1.000000 1.000000 1.000000
v 13.827545 2.193331 -2.235346 1.000000 1.000000 1.000000 1.000000
v 13.763429 2.305315 -2.161102 1.000000 1.000000 1.000000 1.000000
v 13.582420 2.456973 -2.053299 1.000000 1.000000 1.000000 1.000000
v 13.605811 2.475730 -2.044366 1.000000 1.000000 1.000000 1.000000
v 13.783210 2.329509 -2.159620 1.000000 1.000000 1.000000 1.000000
v 13.475039 2.626420 -1.947240 1.000000 1.000000 1.000000 1.000000
v 13.797955 2.356331 -2.166108 1.000000 1.000000 1.000000 1.000000
v 13.626225 2.499419 -2.043345 1.000000 1.000000 1.000000 1.000000
v 13.806215 2.383158 -2.179930 1.000000 1.000000 1.000000 1.000000
v 13.641660 2.525721 -2.050338 1.000000 1.000000 1.000000 1.000000
v 13.496246 2.649420 -1.946800 1.000000 1.000000 1.000000 1.000000
v 13.451009 2.608262 -1.955705 1.000000 1.000000 1.000000 1.000000
v 13.365875 2.763045 -1.865715 1.000000 1.000000 1.000000 1.000000
v 13.341113 2.745646 -1.873641 1.000000 1.000000 1.000000 1.000000
v 13.387993 2.785176 -1.865939 1.000000 1.000000 1.000000 1.000000
v 13.201989 2.939544 -1.769401 1.000000 1.000000 1.000000 1.000000
v 13.235755 2.943746 -1.768011 1.000000 1.000000 1.000000 1.000000
v 13.066234 3.171031 -1.663340 1.000000 1.000000 1.000000 1.000000
v 13.092782 3.185572 -1.656857 1.000000 1.000000 1.000000 1.000000
v 12.891171 3.502686 -1.523295 1.000000 1.000000 1.000000 1.000000
v 12.715116 3.849422 -1.380774 1.000000 1.000000 1.000000 1.000000
v 12.911317 3.530388 -1.511466 1.000000 1.000000 1.000000 1.000000
v 12.735801 3.876738 -1.369341 1.000000 1.000000 1.000000 1.000000
v 13.115487 3.208291 -1.657354 1.000000 1.000000 1.000000 1.000000
v 12.934710 3.552073 -1.512482 1.000000 1.000000 1.000000 1.000000
v 12.759595 3.897936 -1.370646 1.000000 1.000000 1.000000 1.000000
v 12.614131 4.201776 -1.253429 1.000000 1.000000 1.000000 1.000000
v 12.954060 3.575200 -1.522233 1.000000 1.000000 1.000000 1.000000
v 12.635115 4.222152 -1.264538 1.000000 1.000000 1.000000 1.000000
v 12.778758 3.922038 -1.380204 1.000000 1.000000 1.000000 1.000000
v 12.604287 4.340054 -1.246891 1.000000 1.000000 1.000000 1.000000
v 12.791489 3.946315 -1.397242 1.000000 1.000000 1.000000 1.000000
v 12.602676 4.376107 -1.264177 1.000000 1.000000 1.000000 1.000000
v 12.795813 3.969551 -1.419300 1.000000 1.000000 1.000000 1.000000
v 12.965982 3.600489 -1.538534 1.000000 1.000000 1.000000 1.000000
v 12.594849 4.404953 -1.286421 1.000000 1.000000 1.000000 1.000000
v 12.788548 3.995913 -1.442114 1.000000 1.000000 1.000000 1.000000
v 12.970429 3.623166 -1.560688 1.000000 1.000000 1.000000 1.000000
v 12.962307 3.650240 -1.582767 1.000000 1.000000 1.000000 1.000000
v 12.683764 4.201456 -1.393606 1.000000 1.000000 1.000000 1.000000
v 12.874343 3.812401 -1.547480 1.000000 1.000000 1.000000 1.000000
v 12.543575 4.507316 -1.281688 1.000000 1.000000 1.000000 1.000000
v 12.444035 4.735878 -1.203429 1.000000 1.000000 1.000000 1.000000
v 12.525870 4.511732 -1.307103 1.000000 1.000000 1.000000 1.000000
v 12.343307 4.938244 -1.164794 1.000000 1.000000 1.000000 1.000000
v 12.426457 4.740138 -1.228959 1.000000 1.000000 1.000000 1.000000
v 12.319558 4.940142 -1.185074 1.000000 1.000000 1.000000 1.000000
v 12.117435 5.234662 -1.044414 1.000000 1.000000 1.000000 1.000000
v 12.403037 4.738239 -1.249618 1.000000 1.000000 1.000000 1.000000
v 12.502445 4.509796 -1.327753 1.000000 1.000000 1.000000 1.000000
v 12.290767 4.939679 -1.197305 1.000000 1.000000 1.000000 1.000000
v 12.089623 5.228248 -1.057231 1.000000 1.000000 1.000000 1.000000
v 12.376068 4.730369 -1.263383 1.000000 1.000000 1.000000 1.000000
v 12.518847 4.404178 -1.375900 1.000000 1.000000 1.000000 1.000000
v 12.259746 4.936897 -1.200291 1.000000 1.000000 1.000000 1.000000
v 12.060225 5.218258 -1.061075 1.000000 1.000000 1.000000 1.000000
v 12.348186 4.717293 -1.268907 1.000000 1.000000 1.000000 1.000000
v 12.229536 4.932072 -1.193739 1.000000 1.000000 1.000000 1.000000
v 12.032117 5.205670 -1.055569 1.000000 1.000000 1.000000 1.000000
v 12.322120 4.700296 -1.265647 1.000000 1.000000 1.000000 1.000000
v 12.203093 4.925673 -1.178289 1.000000 1.000000 1.000000 1.000000
v 12.008049 5.191716 -1.041254 1.000000 1.000000 1.000000 1.000000
v 12.496964 4.378258 -1.386011 1.000000 1.000000 1.000000 1.000000
v 12.183006 4.918328 -1.155454 1.000000 1.000000 1.000000 1.000000
v 11.990379 5.177763 -1.019530 1.000000 1.000000 1.000000 1.000000
v 12.300427 4.681038 -1.253926 1.000000 1.000000 1.000000 1.000000
v 12.171240 4.910755 -1.127471 1.000000 1.000000 1.000000 1.000000
v 11.980836 5.165174 -0.992524 1.000000 1.000000 1.000000 1.000000
v 12.285224 4.661408 -1.234890 1.000000 1.000000 1.000000 1.000000
v 12.470265 4.363644 -1.382186 1.000000 1.000000 1.000000 1.000000
v 12.400879 4.450831 -1.332950 1.000000 1.000000 1.000000 1.000000
v 12.278005 4.643325 -1.210400 1.000000 1.000000 1.000000 1.000000
v 12.168947 4.903697 -1.097077 1.000000 1.000000 1.000000 1.000000
v 11.980355 5.155184 -0.962879 1.000000 1.000000 1.000000 1.000000
v 12.386075 4.430575 -1.314258 1.000000 1.000000 1.000000 1.000000
v 12.176353 4.897843 -1.067248 1.000000 1.000000 1.000000 1.000000
v 11.988981 5.148771 -0.933497 1.000000 1.000000 1.000000 1.000000
v 12.192731 4.893767 -1.040904 1.000000 1.000000 1.000000 1.000000
v 12.005872 5.146561 -0.907254 1.000000 1.000000 1.000000 1.000000
v 12.307059 4.614295 -1.129422 1.000000 1.000000 1.000000 1.000000
v 12.289483 4.618556 -1.154952 1.000000 1.000000 1.000000 1.000000
v 12.408985 4.381903 -1.209730 1.000000 1.000000 1.000000 1.000000
v 12.279472 4.628559 -1.182855 1.000000 1.000000 1.000000 1.000000
v 12.391278 4.386320 -1.235144 1.000000 1.000000 1.000000 1.000000
v 12.511057 4.159705 -1.291176 1.000000 1.000000 1.000000 1.000000
v 12.381029 4.396660 -1.262837 1.000000 1.000000 1.000000 1.000000
v 12.379238 4.411909 -1.290097 1.000000 1.000000 1.000000 1.000000
v 12.549959 4.043434 -1.362071 1.000000 1.000000 1.000000 1.000000
v 12.652071 3.865520 -1.404813 1.000000 1.000000 1.000000 1.000000
v 12.533854 4.065523 -1.384669 1.000000 1.000000 1.000000 1.000000
v 12.530753 4.083011 -1.410902 1.000000 1.000000 1.000000 1.000000
v 12.735754 3.667338 -1.512258 1.000000 1.000000 1.000000 1.000000
v 12.857676 3.460144 -1.571253 1.000000 1.000000 1.000000 1.000000
v 12.725346 3.677142 -1.539755 1.000000 1.000000 1.000000 1.000000
v 12.933463 3.285545 -1.671978 1.000000 1.000000 1.000000 1.000000
v 12.966794 3.252729 -1.658755 1.000000 1.000000 1.000000 1.000000
v 13.041080 3.116712 -1.717424 1.000000 1.000000 1.000000 1.000000
v 12.720627 3.697687 -1.564656 1.000000 1.000000 1.000000 1.000000
v 13.069992 3.039319 -1.778508 1.000000 1.000000 1.000000 1.000000
v 13.116817 2.987998 -1.776235 1.000000 1.000000 1.000000 1.000000
v 13.199256 2.861199 -1.839200 1.000000 1.000000 1.000000 1.000000
v 12.978165 3.191885 -1.743301 1.000000 1.000000 1.000000 1.000000
v 12.970060 3.217358 -1.765281 1.000000 1.000000 1.000000 1.000000
v 13.232785 2.790817 -1.902402 1.000000 1.000000 1.000000 1.000000
v 13.293353 2.731222 -1.910116 1.000000 1.000000 1.000000 1.000000
v 13.403931 2.592934 -1.992691 1.000000 1.000000 1.000000 1.000000
v 13.131376 2.932338 -1.862355 1.000000 1.000000 1.000000 1.000000
v 13.435373 2.537250 -2.054999 1.000000 1.000000 1.000000 1.000000
v 13.535928 2.440932 -2.090722 1.000000 1.000000 1.000000 1.000000
v 13.262949 2.747412 -1.961433 1.000000 1.000000 1.000000 1.000000
v 13.122554 2.956738 -1.883538 1.000000 1.000000 1.000000 1.000000
v 13.258302 2.765478 -1.986551 1.000000 1.000000 1.000000 1.000000
v 13.675859 2.273822 -2.232929 1.000000 1.000000 1.000000 1.000000
v 13.694507 2.269563 -2.208169 1.000000 1.000000 1.000000 1.000000
v 13.440295 2.528542 -2.093091 1.000000 1.000000 1.000000 1.000000
v 13.367649 2.627832 -2.068257 1.000000 1.000000 1.000000 1.000000
v 13.942039 2.000048 -2.429859 1.000000 1.000000 1.000000 1.000000
v 13.884938 2.073119 -2.349062 1.000000 1.000000 1.000000 1.000000
v 14.108612 1.849630 -2.514219 1.000000 1.000000 1.000000 1.000000
v 13.662678 2.286160 -2.258484 1.000000 1.000000 1.000000 1.000000
v 13.498562 2.476351 -2.165514 1.000000 1.000000 1.000000 1.000000
v 14.449168 1.503099 -2.802656 1.000000 1.000000 1.000000 1.000000
v 14.360884 1.602892 -2.699517 1.000000 1.000000 1.000000 1.000000
v 14.636627 1.337186 -2.900453 1.000000 1.000000 1.000000 1.000000
v 13.656264 2.305373 -2.282328 1.000000 1.000000 1.000000 1.000000
v 15.050778 0.929067 -3.236703 1.000000 1.000000 1.000000 1.000000
v 14.930644 1.056855 -3.112472 1.000000 1.000000 1.000000 1.000000
v 15.237701 0.766267 -3.330988 1.000000 1.000000 1.000000 1.000000
v 14.205832 1.738473 -2.660021 1.000000 1.000000 1.000000 1.000000
v 15.643514 0.370791 -3.652387 1.000000 1.000000 1.000000 1.000000
v 15.552536 0.469808 -3.551397 1.000000 1.000000 1.000000 1.000000
v 15.869879 0.171872 -3.769084 1.000000 1.000000 1.000000 1.000000
v 14.796324 1.170033 -3.089671 1.000000 1.000000 1.000000 1.000000
v 16.166302 -0.119612 -4.004663 1.000000 1.000000 1.000000 1.000000
v 16.184446 -0.123136 -3.979419 1.000000 1.000000 1.000000 1.000000
v 15.400365 0.598812 -3.519076 1.000000 1.000000 1.000000 1.000000
v 15.838227 0.187658 -3.819766 1.000000 1.000000 1.000000 1.000000
v 16.153160 -0.107698 -4.030436 1.000000 1.000000 1.000000 1.000000
v 16.146320 -0.088553 -4.054217 1.000000 1.000000 1.000000 1.000000
v 15.831223 0.206962 -3.843370 1.000000 1.000000 1.000000 1.000000
v 16.146441 -0.064056 -4.073678 1.000000 1.000000 1.000000 1.000000
v 15.364712 0.645099 -3.522480 1.000000 1.000000 1.000000 1.000000
v 15.831214 0.231586 -3.862672 1.000000 1.000000 1.000000 1.000000
v 16.153511 -0.036601 -4.086915 1.000000 1.000000 1.000000 1.000000
v 14.756366 1.220760 -3.089243 1.000000 1.000000 1.000000 1.000000
v 15.361320 0.672949 -3.539279 1.000000 1.000000 1.000000 1.000000
v 15.838199 0.259123 -3.875778 1.000000 1.000000 1.000000 1.000000
v 16.166845 -0.008882 -4.092629 1.000000 1.000000 1.000000 1.000000
v 14.741145 1.259849 -3.097456 1.000000 1.000000 1.000000 1.000000
v 15.721571 0.409060 -3.793261 1.000000 1.000000 1.000000 1.000000
v 16.185141 0.016395 -4.090264 1.000000 1.000000 1.000000 1.000000
v 15.365362 0.703077 -3.550081 1.000000 1.000000 1.000000 1.000000
v 15.705933 0.465295 -3.768128 1.000000 1.000000 1.000000 1.000000
v 15.091620 1.002277 -3.352394 1.000000 1.000000 1.000000 1.000000
v 14.735741 1.299316 -3.101509 1.000000 1.000000 1.000000 1.000000
v 15.891358 0.332407 -3.868823 1.000000 1.000000 1.000000 1.000000
v 15.396926 0.796939 -3.527455 1.000000 1.000000 1.000000 1.000000
v 15.064970 1.069552 -3.318194 1.000000 1.000000 1.000000 1.000000
v 14.801433 1.361146 -3.102978 1.000000 1.000000 1.000000 1.000000
v 14.474574 1.590576 -2.907730 1.000000 1.000000 1.000000 1.000000
v 14.474194 1.633660 -2.891555 1.000000 1.000000 1.000000 1.000000
v 14.536034 1.650367 -2.877106 1.000000 1.000000 1.000000 1.000000
v 14.262516 1.880820 -2.710364 1.000000 1.000000 1.000000 1.000000
v 14.061014 2.141858 -2.490073 1.000000 1.000000 1.000000 1.000000
v 14.034860 2.141500 -2.508756 1.000000 1.000000 1.000000 1.000000
v 13.787590 2.438912 -2.249132 1.000000 1.000000 1.000000 1.000000
v 13.768943 2.443169 -2.273893 1.000000 1.000000 1.000000 1.000000
v 13.910355 2.232097 -2.450357 1.000000 1.000000 1.000000 1.000000
v 13.746656 2.438932 -2.295437 1.000000 1.000000 1.000000 1.000000
v 13.968641 2.129686 -2.519903 1.000000 1.000000 1.000000 1.000000
v 13.722907 2.426614 -2.311655 1.000000 1.000000 1.000000 1.000000
v 13.614821 2.611276 -2.159701 1.000000 1.000000 1.000000 1.000000
v 13.592408 2.607226 -2.181150 1.000000 1.000000 1.000000 1.000000
v 13.633375 2.606990 -2.134875 1.000000 1.000000 1.000000 1.000000
v 13.800764 2.426572 -2.223577 1.000000 1.000000 1.000000 1.000000
v 13.455331 2.816510 -2.002422 1.000000 1.000000 1.000000 1.000000
v 13.646250 2.594786 -2.109103 1.000000 1.000000 1.000000 1.000000
v 13.439519 2.818601 -2.028917 1.000000 1.000000 1.000000 1.000000
v 13.412299 2.820157 -2.046919 1.000000 1.000000 1.000000 1.000000
v 13.296570 3.015295 -1.921565 1.000000 1.000000 1.000000 1.000000
v 13.568330 2.595235 -2.197122 1.000000 1.000000 1.000000 1.000000
v 13.700023 2.407418 -2.320961 1.000000 1.000000 1.000000 1.000000
v 13.441350 2.743504 -2.102732 1.000000 1.000000 1.000000 1.000000
v 13.544940 2.576478 -2.206059 1.000000 1.000000 1.000000 1.000000
v 13.680235 2.383223 -2.322441 1.000000 1.000000 1.000000 1.000000
v 13.336501 2.877102 -2.024301 1.000000 1.000000 1.000000 1.000000
v 13.524521 2.552787 -2.207078 1.000000 1.000000 1.000000 1.000000
v 13.417323 2.725346 -2.111198 1.000000 1.000000 1.000000 1.000000
v 13.396111 2.702344 -2.111639 1.000000 1.000000 1.000000 1.000000
v 13.273603 3.012212 -1.942585 1.000000 1.000000 1.000000 1.000000
v 13.311737 2.859703 -2.032226 1.000000 1.000000 1.000000 1.000000
v 13.206513 3.062680 -1.926515 1.000000 1.000000 1.000000 1.000000
v 13.289618 2.837571 -2.032002 1.000000 1.000000 1.000000 1.000000
v 13.379808 2.676756 -2.104012 1.000000 1.000000 1.000000 1.000000
v 13.272318 2.812878 -2.023651 1.000000 1.000000 1.000000 1.000000
v 13.199592 2.964173 -1.964006 1.000000 1.000000 1.000000 1.000000
v 13.509088 2.526487 -2.200085 1.000000 1.000000 1.000000 1.000000
v 13.178245 3.051929 -1.931119 1.000000 1.000000 1.000000 1.000000
v 13.181297 2.940474 -1.954930 1.000000 1.000000 1.000000 1.000000
v 13.120558 3.087888 -1.903468 1.000000 1.000000 1.000000 1.000000
v 13.101424 3.065111 -1.893780 1.000000 1.000000 1.000000 1.000000
v 13.169518 2.916554 -1.938555 1.000000 1.000000 1.000000 1.000000
v 13.088820 3.042045 -1.876808 1.000000 1.000000 1.000000 1.000000
v 13.261523 2.788035 -2.007990 1.000000 1.000000 1.000000 1.000000
v 12.974279 3.239829 -1.787468 1.000000 1.000000 1.000000 1.000000
v 13.369996 2.651079 -2.089064 1.000000 1.000000 1.000000 1.000000
v 13.500140 2.500147 -2.185763 1.000000 1.000000 1.000000 1.000000
v 13.665490 2.356402 -2.315953 1.000000 1.000000 1.000000 1.000000
v 13.657231 2.329575 -2.302131 1.000000 1.000000 1.000000 1.000000
v 13.963588 2.091593 -2.532004 1.000000 1.000000 1.000000 1.000000
v 13.854293 2.160868 -2.455652 1.000000 1.000000 1.000000 1.000000
v 14.175217 1.839803 -2.692652 1.000000 1.000000 1.000000 1.000000
v 13.846544 2.133699 -2.442204 1.000000 1.000000 1.000000 1.000000
v 14.180017 1.800764 -2.688461 1.000000 1.000000 1.000000 1.000000
v 13.846036 2.109212 -2.422737 1.000000 1.000000 1.000000 1.000000
v 14.182118 1.773928 -2.670881 1.000000 1.000000 1.000000 1.000000
v 13.852810 2.089798 -2.399157 1.000000 1.000000 1.000000 1.000000
v 12.726880 3.716877 -1.588315 1.000000 1.000000 1.000000 1.000000
v 12.986019 3.264995 -1.803889 1.000000 1.000000 1.000000 1.000000
v 12.536600 4.103197 -1.434321 1.000000 1.000000 1.000000 1.000000
v 12.737062 3.745653 -1.603251 1.000000 1.000000 1.000000 1.000000
v 12.545403 4.135370 -1.448326 1.000000 1.000000 1.000000 1.000000
v 12.664927 3.953199 -1.538791 1.000000 1.000000 1.000000 1.000000
v 12.840716 3.604279 -1.681231 1.000000 1.000000 1.000000 1.000000
v 13.024277 3.255345 -1.828296 1.000000 1.000000 1.000000 1.000000
v 13.044003 3.282833 -1.826585 1.000000 1.000000 1.000000 1.000000
v 12.865854 3.622519 -1.683682 1.000000 1.000000 1.000000 1.000000
v 12.689717 3.972040 -1.541023 1.000000 1.000000 1.000000 1.000000
v 13.066147 3.306309 -1.816507 1.000000 1.000000 1.000000 1.000000
v 12.887451 3.647465 -1.673081 1.000000 1.000000 1.000000 1.000000
v 12.710061 4.000233 -1.529482 1.000000 1.000000 1.000000 1.000000
v 13.166409 3.182772 -1.860165 1.000000 1.000000 1.000000 1.000000
v 13.033191 3.426586 -1.755058 1.000000 1.000000 1.000000 1.000000
v 12.839083 3.802666 -1.598442 1.000000 1.000000 1.000000 1.000000
v 12.648007 4.192391 -1.444004 1.000000 1.000000 1.000000 1.000000
v 12.683535 4.169105 -1.432941 1.000000 1.000000 1.000000 1.000000
v 12.872311 3.785506 -1.585611 1.000000 1.000000 1.000000 1.000000
v 13.076407 3.420856 -1.710498 1.000000 1.000000 1.000000 1.000000
v 13.061532 3.419621 -1.738246 1.000000 1.000000 1.000000 1.000000
v 13.144614 3.302202 -1.729230 1.000000 1.000000 1.000000 1.000000
v 13.206848 3.182005 -1.813861 1.000000 1.000000 1.000000 1.000000
v 13.193404 3.179014 -1.842407 1.000000 1.000000 1.000000 1.000000
v 13.314777 3.010837 -1.896513 1.000000 1.000000 1.000000 1.000000
v 13.281017 3.067382 -1.835363 1.000000 1.000000 1.000000 1.000000
v 13.447647 2.830015 -1.961696 1.000000 1.000000 1.000000 1.000000
v 13.151733 3.277583 -1.706217 1.000000 1.000000 1.000000 1.000000
v 13.287996 3.044249 -1.812282 1.000000 1.000000 1.000000 1.000000
v 13.147854 3.254324 -1.684439 1.000000 1.000000 1.000000 1.000000
v 13.419312 2.857270 -1.911390 1.000000 1.000000 1.000000 1.000000
v 13.135274 3.230452 -1.667499 1.000000 1.000000 1.000000 1.000000
v 13.284679 3.021394 -1.790890 1.000000 1.000000 1.000000 1.000000
v 13.524712 2.723935 -1.990180 1.000000 1.000000 1.000000 1.000000
v 13.234914 3.059235 -1.744965 1.000000 1.000000 1.000000 1.000000
v 13.215777 3.036457 -1.735277 1.000000 1.000000 1.000000 1.000000
v 13.314529 2.936021 -1.805836 1.000000 1.000000 1.000000 1.000000
v 13.296234 2.912320 -1.796759 1.000000 1.000000 1.000000 1.000000
v 13.416083 2.834714 -1.889952 1.000000 1.000000 1.000000 1.000000
v 13.405293 2.809871 -1.874290 1.000000 1.000000 1.000000 1.000000
v 13.522358 2.700687 -1.969375 1.000000 1.000000 1.000000 1.000000
v 13.512552 2.675011 -1.954426 1.000000 1.000000 1.000000 1.000000
v 13.650605 2.552061 -2.064660 1.000000 1.000000 1.000000 1.000000
v 13.652187 2.575859 -2.084909 1.000000 1.000000 1.000000 1.000000
v 13.807185 2.407361 -2.199733 1.000000 1.000000 1.000000 1.000000
v 13.994963 2.212914 -2.338674 1.000000 1.000000 1.000000 1.000000
v 12.192731 4.893767 1.040902 1.000000 1.000000 1.000000 1.000000
v 12.045941 5.148771 0.927434 1.000000 1.000000 1.000000 1.000000
v 12.022439 5.146561 0.947969 1.000000 1.000000 1.000000 1.000000
v 12.216479 4.891869 1.020623 1.000000 1.000000 1.000000 1.000000
v 12.073752 5.155184 0.914617 1.000000 1.000000 1.000000 1.000000
v 12.307059 4.614295 1.129421 1.000000 1.000000 1.000000 1.000000
v 12.245272 4.892332 1.008390 1.000000 1.000000 1.000000 1.000000
v 12.103150 5.165174 0.910773 1.000000 1.000000 1.000000 1.000000
v 12.330481 4.616194 1.108762 1.000000 1.000000 1.000000 1.000000
v 12.408985 4.381903 1.209729 1.000000 1.000000 1.000000 1.000000
v 12.276291 4.895114 1.005405 1.000000 1.000000 1.000000 1.000000
v 12.131260 5.177763 0.916279 1.000000 1.000000 1.000000 1.000000
v 12.357450 4.624065 1.094998 1.000000 1.000000 1.000000 1.000000
v 12.476990 4.284114 1.224462 1.000000 1.000000 1.000000 1.000000
v 12.511057 4.159705 1.291175 1.000000 1.000000 1.000000 1.000000
v 12.652079 3.865506 1.404817 1.000000 1.000000 1.000000 1.000000
v 12.306500 4.899940 1.011958 1.000000 1.000000 1.000000 1.000000
v 12.678926 3.860854 1.386855 1.000000 1.000000 1.000000 1.000000
v 12.155327 5.191716 0.930593 1.000000 1.000000 1.000000 1.000000
v 12.857683 3.460130 1.571258 1.000000 1.000000 1.000000 1.000000
v 12.332943 4.906338 1.027407 1.000000 1.000000 1.000000 1.000000
v 12.859629 3.503926 1.533271 1.000000 1.000000 1.000000 1.000000
v 12.966794 3.252729 1.658754 1.000000 1.000000 1.000000 1.000000
v 12.513786 4.269027 1.219089 1.000000 1.000000 1.000000 1.000000
v 12.715117 3.849420 1.380774 1.000000 1.000000 1.000000 1.000000
v 13.035239 3.170785 1.673582 1.000000 1.000000 1.000000 1.000000
v 13.041080 3.116712 1.717423 1.000000 1.000000 1.000000 1.000000
v 13.116817 2.987998 1.776235 1.000000 1.000000 1.000000 1.000000
v 12.891174 3.502682 1.523296 1.000000 1.000000 1.000000 1.000000
v 13.176509 2.930839 1.783525 1.000000 1.000000 1.000000 1.000000
v 13.199256 2.861199 1.839200 1.000000 1.000000 1.000000 1.000000
v 13.293353 2.731222 1.910116 1.000000 1.000000 1.000000 1.000000
v 13.066234 3.171033 1.663338 1.000000 1.000000 1.000000 1.000000
v 13.316120 2.734680 1.888939 1.000000 1.000000 1.000000 1.000000
v 13.403931 2.592935 1.992691 1.000000 1.000000 1.000000 1.000000
v 13.201988 2.939546 1.769399 1.000000 1.000000 1.000000 1.000000
v 13.092783 3.185570 1.656857 1.000000 1.000000 1.000000 1.000000
v 13.491899 2.518582 2.019813 1.000000 1.000000 1.000000 1.000000
v 13.535928 2.440932 2.090722 1.000000 1.000000 1.000000 1.000000
v 13.694507 2.269563 2.208169 1.000000 1.000000 1.000000 1.000000
v 13.341113 2.745647 1.873641 1.000000 1.000000 1.000000 1.000000
v 13.235753 2.943750 1.768009 1.000000 1.000000 1.000000 1.000000
v 13.451009 2.608263 1.955704 1.000000 1.000000 1.000000 1.000000
v 13.803604 2.182235 2.250825 1.000000 1.000000 1.000000 1.000000
v 13.884938 2.073119 2.349062 1.000000 1.000000 1.000000 1.000000
v 14.108612 1.849630 2.514218 1.000000 1.000000 1.000000 1.000000
v 13.582420 2.456973 2.053299 1.000000 1.000000 1.000000 1.000000
v 13.365875 2.763046 1.865714 1.000000 1.000000 1.000000 1.000000
v 13.475039 2.626421 1.947239 1.000000 1.000000 1.000000 1.000000
v 14.254238 1.732167 2.583549 1.000000 1.000000 1.000000 1.000000
v 14.360884 1.602892 2.699517 1.000000 1.000000 1.000000 1.000000
v 14.636627 1.337187 2.900452 1.000000 1.000000 1.000000 1.000000
v 13.827546 2.193331 2.235346 1.000000 1.000000 1.000000 1.000000
v 14.812376 1.194718 2.990023 1.000000 1.000000 1.000000 1.000000
v 14.930644 1.056856 3.112472 1.000000 1.000000 1.000000 1.000000
v 15.237701 0.766268 3.330988 1.000000 1.000000 1.000000 1.000000
v 14.277001 1.744998 2.566895 1.000000 1.000000 1.000000 1.000000
v 15.414007 0.625346 3.418327 1.000000 1.000000 1.000000 1.000000
v 15.552536 0.469808 3.551397 1.000000 1.000000 1.000000 1.000000
v 15.869879 0.171873 3.769084 1.000000 1.000000 1.000000 1.000000
v 14.829312 1.213491 2.968975 1.000000 1.000000 1.000000 1.000000
v 15.891423 0.176932 3.746964 1.000000 1.000000 1.000000 1.000000
v 16.184446 -0.123135 3.979419 1.000000 1.000000 1.000000 1.000000
v 16.205824 -0.117920 3.957178 1.000000 1.000000 1.000000 1.000000
v 15.434937 0.640201 3.400240 1.000000 1.000000 1.000000 1.000000
v 15.914069 0.190255 3.729979 1.000000 1.000000 1.000000 1.000000
v 16.228336 -0.104474 3.940115 1.000000 1.000000 1.000000 1.000000
v 14.861673 1.223390 2.966632 1.000000 1.000000 1.000000 1.000000
v 15.935599 0.210533 3.719790 1.000000 1.000000 1.000000 1.000000
v 16.249784 -0.084120 3.929900 1.000000 1.000000 1.000000 1.000000
v 16.268076 -0.058844 3.927534 1.000000 1.000000 1.000000 1.000000
v 15.473651 0.644246 3.402062 1.000000 1.000000 1.000000 1.000000
v 15.953919 0.235784 3.717393 1.000000 1.000000 1.000000 1.000000
v 16.281410 -0.031121 3.933250 1.000000 1.000000 1.000000 1.000000
v 15.469358 0.690816 3.383708 1.000000 1.000000 1.000000 1.000000
v 15.967225 0.263538 3.723025 1.000000 1.000000 1.000000 1.000000
v 16.288479 -0.003668 3.946487 1.000000 1.000000 1.000000 1.000000
v 14.845168 1.281691 2.939070 1.000000 1.000000 1.000000 1.000000
v 15.974210 0.291075 3.736130 1.000000 1.000000 1.000000 1.000000
v 16.288603 0.020830 3.965947 1.000000 1.000000 1.000000 1.000000
v 15.498547 0.703695 3.400525 1.000000 1.000000 1.000000 1.000000
v 15.974204 0.315699 3.755431 1.000000 1.000000 1.000000 1.000000
v 16.281759 0.039973 3.989729 1.000000 1.000000 1.000000 1.000000
v 15.513705 0.723529 3.419328 1.000000 1.000000 1.000000 1.000000
v 14.856049 1.311834 2.942758 1.000000 1.000000 1.000000 1.000000
v 14.315830 1.748477 2.569288 1.000000 1.000000 1.000000 1.000000
v 14.309474 1.798062 2.548534 1.000000 1.000000 1.000000 1.000000
v 13.953156 2.109529 2.301474 1.000000 1.000000 1.000000 1.000000
v 14.316002 1.832791 2.548978 1.000000 1.000000 1.000000 1.000000
v 13.972473 2.134073 2.299650 1.000000 1.000000 1.000000 1.000000
v 13.763429 2.305316 2.161102 1.000000 1.000000 1.000000 1.000000
v 13.605811 2.475731 2.044365 1.000000 1.000000 1.000000 1.000000
v 13.783210 2.329509 2.159620 1.000000 1.000000 1.000000 1.000000
v 13.626225 2.499419 2.043344 1.000000 1.000000 1.000000 1.000000
v 13.986704 2.161258 2.305759 1.000000 1.000000 1.000000 1.000000
v 13.797955 2.356331 2.166108 1.000000 1.000000 1.000000 1.000000
v 13.496246 2.649420 1.946799 1.000000 1.000000 1.000000 1.000000
v 13.641660 2.525722 2.050337 1.000000 1.000000 1.000000 1.000000
v 13.387993 2.785176 1.865938 1.000000 1.000000 1.000000 1.000000
v 13.512552 2.675011 1.954426 1.000000 1.000000 1.000000 1.000000
v 13.806215 2.383159 2.179930 1.000000 1.000000 1.000000 1.000000
v 13.296234 2.912320 1.796758 1.000000 1.000000 1.000000 1.000000
v 13.650605 2.552062 2.064659 1.000000 1.000000 1.000000 1.000000
v 13.405293 2.809871 1.874290 1.000000 1.000000 1.000000 1.000000
v 13.522358 2.700688 1.969374 1.000000 1.000000 1.000000 1.000000
v 13.215777 3.036457 1.735276 1.000000 1.000000 1.000000 1.000000
v 13.314529 2.936021 1.805835 1.000000 1.000000 1.000000 1.000000
v 13.416083 2.834714 1.889951 1.000000 1.000000 1.000000 1.000000
v 13.115488 3.208290 1.657354 1.000000 1.000000 1.000000 1.000000
v 13.234914 3.059235 1.744964 1.000000 1.000000 1.000000 1.000000
v 13.284679 3.021394 1.790890 1.000000 1.000000 1.000000 1.000000
v 13.135272 3.230456 1.667497 1.000000 1.000000 1.000000 1.000000
v 12.911317 3.530389 1.511465 1.000000 1.000000 1.000000 1.000000
v 12.934710 3.552074 1.512481 1.000000 1.000000 1.000000 1.000000
v 12.735802 3.876735 1.369341 1.000000 1.000000 1.000000 1.000000
v 12.954061 3.575199 1.522233 1.000000 1.000000 1.000000 1.000000
v 12.588671 4.183801 1.250687 1.000000 1.000000 1.000000 1.000000
v 12.759598 3.897928 1.370649 1.000000 1.000000 1.000000 1.000000
v 12.459649 4.466489 1.147276 1.000000 1.000000 1.000000 1.000000
v 12.614131 4.201776 1.253428 1.000000 1.000000 1.000000 1.000000
v 12.490208 4.472407 1.154524 1.000000 1.000000 1.000000 1.000000
v 12.433090 4.673394 1.104453 1.000000 1.000000 1.000000 1.000000
v 12.589996 4.319570 1.228408 1.000000 1.000000 1.000000 1.000000
v 12.778766 3.922023 1.380210 1.000000 1.000000 1.000000 1.000000
v 12.597980 4.353193 1.241719 1.000000 1.000000 1.000000 1.000000
v 12.791491 3.946312 1.397243 1.000000 1.000000 1.000000 1.000000
v 12.965979 3.600496 1.538531 1.000000 1.000000 1.000000 1.000000
v 13.147850 3.254333 1.684435 1.000000 1.000000 1.000000 1.000000
v 12.970425 3.623176 1.560684 1.000000 1.000000 1.000000 1.000000
v 13.151734 3.277582 1.706217 1.000000 1.000000 1.000000 1.000000
v 13.287998 3.044248 1.812283 1.000000 1.000000 1.000000 1.000000
v 13.419312 2.857271 1.911389 1.000000 1.000000 1.000000 1.000000
v 13.281019 3.067379 1.835364 1.000000 1.000000 1.000000 1.000000
v 13.524712 2.723936 1.990180 1.000000 1.000000 1.000000 1.000000
v 13.447649 2.830014 1.961696 1.000000 1.000000 1.000000 1.000000
v 13.652187 2.575859 2.084908 1.000000 1.000000 1.000000 1.000000
v 13.646250 2.594787 2.109103 1.000000 1.000000 1.000000 1.000000
v 13.807185 2.407362 2.199732 1.000000 1.000000 1.000000 1.000000
v 13.800764 2.426572 2.223577 1.000000 1.000000 1.000000 1.000000
v 13.455329 2.816512 2.002420 1.000000 1.000000 1.000000 1.000000
v 13.633375 2.606991 2.134874 1.000000 1.000000 1.000000 1.000000
v 14.062465 2.156232 2.417427 1.000000 1.000000 1.000000 1.000000
v 13.314777 3.010837 1.896512 1.000000 1.000000 1.000000 1.000000
v 13.994963 2.212915 2.338673 1.000000 1.000000 1.000000 1.000000
v 13.994452 2.188426 2.319206 1.000000 1.000000 1.000000 1.000000
v 14.310925 1.897401 2.572044 1.000000 1.000000 1.000000 1.000000
v 14.319215 1.864108 2.559096 1.000000 1.000000 1.000000 1.000000
v 14.875843 1.327290 2.964898 1.000000 1.000000 1.000000 1.000000
v 14.903695 1.325562 3.004124 1.000000 1.000000 1.000000 1.000000
v 15.516366 0.745551 3.440317 1.000000 1.000000 1.000000 1.000000
v 14.552661 1.674944 2.777809 1.000000 1.000000 1.000000 1.000000
v 15.166587 1.088471 3.221112 1.000000 1.000000 1.000000 1.000000
v 15.744038 0.544427 3.626841 1.000000 1.000000 1.000000 1.000000
v 14.595837 1.632540 2.844516 1.000000 1.000000 1.000000 1.000000
v 15.788733 0.502051 3.692318 1.000000 1.000000 1.000000 1.000000
v 16.268627 0.051889 4.015503 1.000000 1.000000 1.000000 1.000000
v 16.250475 0.055411 4.040746 1.000000 1.000000 1.000000 1.000000
v 15.191748 1.064168 3.274225 1.000000 1.000000 1.000000 1.000000
v 15.765381 0.510528 3.713972 1.000000 1.000000 1.000000 1.000000
v 16.229103 0.050195 4.062988 1.000000 1.000000 1.000000 1.000000
v 15.147010 1.092832 3.280512 1.000000 1.000000 1.000000 1.000000
v 15.755707 0.494581 3.744090 1.000000 1.000000 1.000000 1.000000
v 16.206585 0.036752 4.080050 1.000000 1.000000 1.000000 1.000000
v 14.564163 1.649040 2.859870 1.000000 1.000000 1.000000 1.000000
v 15.891358 0.332408 3.868823 1.000000 1.000000 1.000000 1.000000
v 16.185141 0.016396 4.090264 1.000000 1.000000 1.000000 1.000000
v 15.116862 1.096056 3.296355 1.000000 1.000000 1.000000 1.000000
v 15.396951 0.796916 3.527472 1.000000 1.000000 1.000000 1.000000
v 15.705931 0.465297 3.768127 1.000000 1.000000 1.000000 1.000000
v 15.721563 0.409068 3.793256 1.000000 1.000000 1.000000 1.000000
v 16.166845 -0.008881 4.092629 1.000000 1.000000 1.000000 1.000000
v 15.064939 1.069583 3.318171 1.000000 1.000000 1.000000 1.000000
v 15.838199 0.259124 3.875778 1.000000 1.000000 1.000000 1.000000
v 16.153511 -0.036600 4.086915 1.000000 1.000000 1.000000 1.000000
v 15.091609 1.002290 3.352385 1.000000 1.000000 1.000000 1.000000
v 15.365346 0.703093 3.550070 1.000000 1.000000 1.000000 1.000000
v 15.831214 0.231587 3.862672 1.000000 1.000000 1.000000 1.000000
v 16.146441 -0.064055 4.073678 1.000000 1.000000 1.000000 1.000000
v 15.361270 0.672998 3.539243 1.000000 1.000000 1.000000 1.000000
v 15.831223 0.206963 3.843370 1.000000 1.000000 1.000000 1.000000
v 16.146320 -0.088552 4.054217 1.000000 1.000000 1.000000 1.000000
v 15.364688 0.645122 3.522463 1.000000 1.000000 1.000000 1.000000
v 15.838227 0.187659 3.819766 1.000000 1.000000 1.000000 1.000000
v 16.153160 -0.107697 4.030436 1.000000 1.000000 1.000000 1.000000
v 16.166302 -0.119611 4.004663 1.000000 1.000000 1.000000 1.000000
v 15.400360 0.598816 3.519073 1.000000 1.000000 1.000000 1.000000
v 15.643511 0.370795 3.652384 1.000000 1.000000 1.000000 1.000000
v 15.869879 0.171873 3.769084 1.000000 1.000000 1.000000 1.000000
v 16.184446 -0.123135 3.979419 1.000000 1.000000 1.000000 1.000000
v 15.552536 0.469808 3.551397 1.000000 1.000000 1.000000 1.000000
v 15.237701 0.766268 3.330988 1.000000 1.000000 1.000000 1.000000
v 15.050788 0.929059 3.236711 1.000000 1.000000 1.000000 1.000000
v 14.930644 1.056856 3.112472 1.000000 1.000000 1.000000 1.000000
v 14.636627 1.337187 2.900452 1.000000 1.000000 1.000000 1.000000
v 14.796326 1.170032 3.089671 1.000000 1.000000 1.000000 1.000000
v 14.449176 1.503094 2.802660 1.000000 1.000000 1.000000 1.000000
v 14.360884 1.602892 2.699517 1.000000 1.000000 1.000000 1.000000
v 14.108612 1.849630 2.514218 1.000000 1.000000 1.000000 1.000000
v 14.756374 1.220753 3.089249 1.000000 1.000000 1.000000 1.000000
v 14.205825 1.738480 2.660016 1.000000 1.000000 1.000000 1.000000
v 13.942045 2.000041 2.429864 1.000000 1.000000 1.000000 1.000000
v 13.884938 2.073119 2.349062 1.000000 1.000000 1.000000 1.000000
v 13.694507 2.269563 2.208169 1.000000 1.000000 1.000000 1.000000
v 14.741125 1.259869 3.097440 1.000000 1.000000 1.000000 1.000000
v 14.182117 1.773931 2.670879 1.000000 1.000000 1.000000 1.000000
v 13.852810 2.089799 2.399157 1.000000 1.000000 1.000000 1.000000
v 14.735715 1.299341 3.101490 1.000000 1.000000 1.000000 1.000000
v 14.180016 1.800766 2.688460 1.000000 1.000000 1.000000 1.000000
v 13.846036 2.109213 2.422737 1.000000 1.000000 1.000000 1.000000
v 14.474575 1.590576 2.907730 1.000000 1.000000 1.000000 1.000000
v 14.175224 1.839796 2.692657 1.000000 1.000000 1.000000 1.000000
v 13.846544 2.133699 2.442204 1.000000 1.000000 1.000000 1.000000
v 13.662678 2.286161 2.258484 1.000000 1.000000 1.000000 1.000000
v 13.656264 2.305374 2.282327 1.000000 1.000000 1.000000 1.000000
v 13.675859 2.273823 2.232929 1.000000 1.000000 1.000000 1.000000
v 13.535928 2.440932 2.090722 1.000000 1.000000 1.000000 1.000000
v 13.440295 2.528542 2.093091 1.000000 1.000000 1.000000 1.000000
v 13.435374 2.537248 2.055000 1.000000 1.000000 1.000000 1.000000
v 13.403931 2.592935 1.992691 1.000000 1.000000 1.000000 1.000000
v 13.498562 2.476351 2.165513 1.000000 1.000000 1.000000 1.000000
v 13.232785 2.790817 1.902401 1.000000 1.000000 1.000000 1.000000
v 13.293353 2.731222 1.910116 1.000000 1.000000 1.000000 1.000000
v 13.199256 2.861199 1.839200 1.000000 1.000000 1.000000 1.000000
v 13.262949 2.747413 1.961432 1.000000 1.000000 1.000000 1.000000
v 13.367649 2.627833 2.068257 1.000000 1.000000 1.000000 1.000000
v 13.657231 2.329576 2.302130 1.000000 1.000000 1.000000 1.000000
v 13.500140 2.500148 2.185763 1.000000 1.000000 1.000000 1.000000
v 13.854293 2.160868 2.455651 1.000000 1.000000 1.000000 1.000000
v 13.665490 2.356403 2.315952 1.000000 1.000000 1.000000 1.000000
v 13.963589 2.091593 2.532003 1.000000 1.000000 1.000000 1.000000
v 13.509088 2.526488 2.200085 1.000000 1.000000 1.000000 1.000000
v 14.474231 1.633626 2.891581 1.000000 1.000000 1.000000 1.000000
v 13.680235 2.383223 2.322440 1.000000 1.000000 1.000000 1.000000
v 14.801435 1.361144 3.102979 1.000000 1.000000 1.000000 1.000000
v 13.968646 2.129682 2.519905 1.000000 1.000000 1.000000 1.000000
v 14.262499 1.880838 2.710351 1.000000 1.000000 1.000000 1.000000
v 14.536020 1.650381 2.877095 1.000000 1.000000 1.000000 1.000000
v 13.910355 2.232097 2.450357 1.000000 1.000000 1.000000 1.000000
v 14.034864 2.141496 2.508759 1.000000 1.000000 1.000000 1.000000
v 14.061018 2.141855 2.490075 1.000000 1.000000 1.000000 1.000000
v 14.090129 2.127401 2.473037 1.000000 1.000000 1.000000 1.000000
v 13.787590 2.438912 2.249131 1.000000 1.000000 1.000000 1.000000
v 13.768943 2.443170 2.273893 1.000000 1.000000 1.000000 1.000000
v 13.614821 2.611276 2.159700 1.000000 1.000000 1.000000 1.000000
v 13.746656 2.438933 2.295437 1.000000 1.000000 1.000000 1.000000
v 13.722907 2.426614 2.311654 1.000000 1.000000 1.000000 1.000000
v 13.592408 2.607227 2.181149 1.000000 1.000000 1.000000 1.000000
v 13.439518 2.818604 2.028916 1.000000 1.000000 1.000000 1.000000
v 13.296570 3.015295 1.921564 1.000000 1.000000 1.000000 1.000000
v 13.412299 2.820156 2.046919 1.000000 1.000000 1.000000 1.000000
v 13.568330 2.595236 2.197122 1.000000 1.000000 1.000000 1.000000
v 13.700023 2.407419 2.320960 1.000000 1.000000 1.000000 1.000000
v 13.441350 2.743505 2.102732 1.000000 1.000000 1.000000 1.000000
v 13.524521 2.552787 2.207078 1.000000 1.000000 1.000000 1.000000
v 13.544940 2.576478 2.206058 1.000000 1.000000 1.000000 1.000000
v 13.417323 2.725346 2.111198 1.000000 1.000000 1.000000 1.000000
v 13.396111 2.702345 2.111638 1.000000 1.000000 1.000000 1.000000
v 13.379808 2.676756 2.104011 1.000000 1.000000 1.000000 1.000000
v 13.369996 2.651080 2.089063 1.000000 1.000000 1.000000 1.000000
v 13.272318 2.812878 2.023651 1.000000 1.000000 1.000000 1.000000
v 13.258302 2.765479 1.986550 1.000000 1.000000 1.000000 1.000000
v 13.261523 2.788035 2.007990 1.000000 1.000000 1.000000 1.000000
v 13.131375 2.932339 1.862354 1.000000 1.000000 1.000000 1.000000
v 13.122554 2.956737 1.883537 1.000000 1.000000 1.000000 1.000000
v 13.169518 2.916555 1.938555 1.000000 1.000000 1.000000 1.000000
v 13.069992 3.039319 1.778507 1.000000 1.000000 1.000000 1.000000
v 13.116817 2.987998 1.776235 1.000000 1.000000 1.000000 1.000000
v 13.041080 3.116712 1.717423 1.000000 1.000000 1.000000 1.000000
v 12.978173 3.191872 1.743306 1.000000 1.000000 1.000000 1.000000
v 12.933459 3.285553 1.671974 1.000000 1.000000 1.000000 1.000000
v 12.966794 3.252729 1.658754 1.000000 1.000000 1.000000 1.000000
v 12.857683 3.460130 1.571258 1.000000 1.000000 1.000000 1.000000
v 12.735757 3.667333 1.512259 1.000000 1.000000 1.000000 1.000000
v 12.652079 3.865506 1.404817 1.000000 1.000000 1.000000 1.000000
v 12.725347 3.677140 1.539755 1.000000 1.000000 1.000000 1.000000
v 12.549959 4.043435 1.362069 1.000000 1.000000 1.000000 1.000000
v 12.511057 4.159705 1.291175 1.000000 1.000000 1.000000 1.000000
v 12.970067 3.217347 1.765286 1.000000 1.000000 1.000000 1.000000
v 12.391278 4.386320 1.235143 1.000000 1.000000 1.000000 1.000000
v 12.408985 4.381903 1.209729 1.000000 1.000000 1.000000 1.000000
v 12.533854 4.065524 1.384668 1.000000 1.000000 1.000000 1.000000
v 12.720626 3.697688 1.564655 1.000000 1.000000 1.000000 1.000000
v 13.088820 3.042046 1.876808 1.000000 1.000000 1.000000 1.000000
v 12.974280 3.239828 1.787468 1.000000 1.000000 1.000000 1.000000
v 13.181297 2.940474 1.954929 1.000000 1.000000 1.000000 1.000000
v 13.101424 3.065111 1.893779 1.000000 1.000000 1.000000 1.000000
v 13.289618 2.837572 2.032001 1.000000 1.000000 1.000000 1.000000
v 13.199592 2.964174 1.964006 1.000000 1.000000 1.000000 1.000000
v 13.311737 2.859703 2.032225 1.000000 1.000000 1.000000 1.000000
v 13.336501 2.877103 2.024300 1.000000 1.000000 1.000000 1.000000
v 13.178246 3.051928 1.931119 1.000000 1.000000 1.000000 1.000000
v 13.273603 3.012213 1.942585 1.000000 1.000000 1.000000 1.000000
v 13.206513 3.062681 1.926514 1.000000 1.000000 1.000000 1.000000
v 13.193404 3.179015 1.842406 1.000000 1.000000 1.000000 1.000000
v 13.166409 3.182772 1.860164 1.000000 1.000000 1.000000 1.000000
v 13.206845 3.182008 1.813859 1.000000 1.000000 1.000000 1.000000
v 13.061535 3.419615 1.738248 1.000000 1.000000 1.000000 1.000000
v 13.144615 3.302199 1.729230 1.000000 1.000000 1.000000 1.000000
v 13.076409 3.420852 1.710499 1.000000 1.000000 1.000000 1.000000
v 12.962308 3.650238 1.582767 1.000000 1.000000 1.000000 1.000000
v 12.795803 3.969571 1.419291 1.000000 1.000000 1.000000 1.000000
v 12.874342 3.812405 1.547478 1.000000 1.000000 1.000000 1.000000
v 12.788539 3.995932 1.442106 1.000000 1.000000 1.000000 1.000000
v 12.602680 4.376101 1.264178 1.000000 1.000000 1.000000 1.000000
v 12.448293 4.693025 1.123490 1.000000 1.000000 1.000000 1.000000
v 12.594850 4.404952 1.286420 1.000000 1.000000 1.000000 1.000000
v 12.353032 4.913683 1.050241 1.000000 1.000000 1.000000 1.000000
v 12.172997 5.205670 0.952317 1.000000 1.000000 1.000000 1.000000
v 12.455512 4.711109 1.147980 1.000000 1.000000 1.000000 1.000000
v 12.364797 4.921256 1.078225 1.000000 1.000000 1.000000 1.000000
v 12.182539 5.218258 0.979324 1.000000 1.000000 1.000000 1.000000
v 12.183021 5.228248 1.008970 1.000000 1.000000 1.000000 1.000000
v 12.454045 4.725874 1.175524 1.000000 1.000000 1.000000 1.000000
v 12.367091 4.928315 1.108620 1.000000 1.000000 1.000000 1.000000
v 12.174395 5.234663 1.038352 1.000000 1.000000 1.000000 1.000000
v 12.359686 4.934168 1.138448 1.000000 1.000000 1.000000 1.000000
v 12.157503 5.236872 1.064594 1.000000 1.000000 1.000000 1.000000
v 12.444035 4.735878 1.203428 1.000000 1.000000 1.000000 1.000000
v 12.343307 4.938244 1.164793 1.000000 1.000000 1.000000 1.000000
v 12.543575 4.507316 1.281687 1.000000 1.000000 1.000000 1.000000
v 12.426457 4.740138 1.228957 1.000000 1.000000 1.000000 1.000000
v 12.319558 4.940142 1.185073 1.000000 1.000000 1.000000 1.000000
v 12.134003 5.234662 1.085129 1.000000 1.000000 1.000000 1.000000
v 12.403037 4.738239 1.249617 1.000000 1.000000 1.000000 1.000000
v 12.290767 4.939679 1.197304 1.000000 1.000000 1.000000 1.000000
v 12.106191 5.228248 1.097946 1.000000 1.000000 1.000000 1.000000
v 12.376068 4.730369 1.263381 1.000000 1.000000 1.000000 1.000000
v 12.259746 4.936897 1.200290 1.000000 1.000000 1.000000 1.000000
v 12.076792 5.218258 1.101790 1.000000 1.000000 1.000000 1.000000
v 12.348186 4.717293 1.268906 1.000000 1.000000 1.000000 1.000000
v 12.518847 4.404179 1.375898 1.000000 1.000000 1.000000 1.000000
v 12.229536 4.932072 1.193738 1.000000 1.000000 1.000000 1.000000
v 12.048684 5.205670 1.096285 1.000000 1.000000 1.000000 1.000000
v 12.322120 4.700296 1.265646 1.000000 1.000000 1.000000 1.000000
v 12.203093 4.925673 1.178288 1.000000 1.000000 1.000000 1.000000
v 12.024616 5.191716 1.081970 1.000000 1.000000 1.000000 1.000000
v 12.006947 5.177763 1.060246 1.000000 1.000000 1.000000 1.000000
v 12.496964 4.378257 1.386010 1.000000 1.000000 1.000000 1.000000
v 12.300427 4.681038 1.253925 1.000000 1.000000 1.000000 1.000000
v 12.183006 4.918328 1.155453 1.000000 1.000000 1.000000 1.000000
v 12.171240 4.910755 1.127470 1.000000 1.000000 1.000000 1.000000
v 11.997403 5.165174 1.033239 1.000000 1.000000 1.000000 1.000000
v 12.285224 4.661408 1.234888 1.000000 1.000000 1.000000 1.000000
v 12.470264 4.363646 1.382184 1.000000 1.000000 1.000000 1.000000
v 12.400879 4.450831 1.332949 1.000000 1.000000 1.000000 1.000000
v 12.278005 4.643325 1.210399 1.000000 1.000000 1.000000 1.000000
v 12.386075 4.430575 1.314257 1.000000 1.000000 1.000000 1.000000
v 12.168947 4.903697 1.097076 1.000000 1.000000 1.000000 1.000000
v 11.996922 5.155184 1.003594 1.000000 1.000000 1.000000 1.000000
v 12.545403 4.135369 1.448326 1.000000 1.000000 1.000000 1.000000
v 12.176353 4.897843 1.067247 1.000000 1.000000 1.000000 1.000000
v 12.005549 5.148771 0.974212 1.000000 1.000000 1.000000 1.000000
v 12.192731 4.893767 1.040902 1.000000 1.000000 1.000000 1.000000
v 12.022439 5.146561 0.947969 1.000000 1.000000 1.000000 1.000000
v 12.307059 4.614295 1.129421 1.000000 1.000000 1.000000 1.000000
v 12.289483 4.618556 1.154951 1.000000 1.000000 1.000000 1.000000
v 12.279472 4.628559 1.182854 1.000000 1.000000 1.000000 1.000000
v 12.381029 4.396660 1.262836 1.000000 1.000000 1.000000 1.000000
v 12.379238 4.411909 1.290096 1.000000 1.000000 1.000000 1.000000
v 12.530751 4.083014 1.410900 1.000000 1.000000 1.000000 1.000000
v 12.536597 4.103201 1.434318 1.000000 1.000000 1.000000 1.000000
v 12.726874 3.716888 1.588310 1.000000 1.000000 1.000000 1.000000
v 12.737062 3.745656 1.603249 1.000000 1.000000 1.000000 1.000000
v 12.986019 3.264995 1.803888 1.000000 1.000000 1.000000 1.000000
v 12.664924 3.953207 1.538787 1.000000 1.000000 1.000000 1.000000
v 13.120558 3.087889 1.903467 1.000000 1.000000 1.000000 1.000000
v 13.024277 3.255345 1.828295 1.000000 1.000000 1.000000 1.000000
v 12.840718 3.604274 1.681233 1.000000 1.000000 1.000000 1.000000
v 13.044003 3.282834 1.826584 1.000000 1.000000 1.000000 1.000000
v 12.865845 3.622538 1.683673 1.000000 1.000000 1.000000 1.000000
v 13.066145 3.306314 1.816505 1.000000 1.000000 1.000000 1.000000
v 12.689715 3.972048 1.541020 1.000000 1.000000 1.000000 1.000000
v 12.887446 3.647476 1.673075 1.000000 1.000000 1.000000 1.000000
v 13.033192 3.426585 1.755058 1.000000 1.000000 1.000000 1.000000
v 12.710057 4.000240 1.529478 1.000000 1.000000 1.000000 1.000000
v 12.839083 3.802666 1.598442 1.000000 1.000000 1.000000 1.000000
v 12.872311 3.785504 1.585611 1.000000 1.000000 1.000000 1.000000
v 12.648008 4.192389 1.444004 1.000000 1.000000 1.000000 1.000000
v 12.683535 4.169107 1.432939 1.000000 1.000000 1.000000 1.000000
v 12.502445 4.509796 1.327752 1.000000 1.000000 1.000000 1.000000
v 12.525870 4.511732 1.307102 1.000000 1.000000 1.000000 1.000000
v 12.683769 4.201445 1.393610 1.000000 1.000000 1.000000 1.000000
v 16.002031 -0.057989 4.019012 1.000000 1.000000 1.000000 1.000000
v 16.010521 -0.087664 3.971628 1.000000 1.000000 1.000000 1.000000
v 16.002871 -0.029792 3.969012 1.000000 1.000000 1.000000 1.000000
v 16.006971 -0.018978 4.059654 1.000000 1.000000 1.000000 1.000000
v 16.031612 -0.105099 3.922140 1.000000 1.000000 1.000000 1.000000
v 16.015060 0.042889 4.028444 1.000000 1.000000 1.000000 1.000000
v 16.024862 0.025549 4.089575 1.000000 1.000000 1.000000 1.000000
v 16.053949 0.071234 4.105845 1.000000 1.000000 1.000000 1.000000
v 16.038456 -0.057074 3.888520 1.000000 1.000000 1.000000 1.000000
v 16.063240 -0.108588 3.875391 1.000000 1.000000 1.000000 1.000000
v 16.046434 0.090216 4.054934 1.000000 1.000000 1.000000 1.000000
v 16.091389 0.113605 4.106874 1.000000 1.000000 1.000000 1.000000
v 16.082535 -0.034961 3.839535 1.000000 1.000000 1.000000 1.000000
v 16.102310 -0.097788 3.835959 1.000000 1.000000 1.000000 1.000000
v 16.144997 -0.073757 3.807702 1.000000 1.000000 1.000000 1.000000
v 16.091175 0.137839 4.049761 1.000000 1.000000 1.000000 1.000000
v 16.133512 0.148515 4.092559 1.000000 1.000000 1.000000 1.000000
v 16.136028 -0.014241 3.808254 1.000000 1.000000 1.000000 1.000000
v 16.187119 -0.038848 3.793387 1.000000 1.000000 1.000000 1.000000
v 16.141273 0.168914 4.020927 1.000000 1.000000 1.000000 1.000000
v 16.176197 0.172545 4.064302 1.000000 1.000000 1.000000 1.000000
v 16.215267 0.183345 4.024869 1.000000 1.000000 1.000000 1.000000
v 16.172594 0.040773 3.810587 1.000000 1.000000 1.000000 1.000000
v 16.224558 0.003523 3.794415 1.000000 1.000000 1.000000 1.000000
v 16.185661 0.177939 3.971274 1.000000 1.000000 1.000000 1.000000
v 16.246895 0.179857 3.978121 1.000000 1.000000 1.000000 1.000000
v 16.210995 0.084637 3.826221 1.000000 1.000000 1.000000 1.000000
v 16.253645 0.049208 3.810686 1.000000 1.000000 1.000000 1.000000
v 16.271536 0.093736 3.840606 1.000000 1.000000 1.000000 1.000000
v 16.108007 0.042158 3.839476 1.000000 1.000000 1.000000 1.000000
v 16.220861 0.134758 3.872380 1.000000 1.000000 1.000000 1.000000
v 16.276476 0.132746 3.881248 1.000000 1.000000 1.000000 1.000000
v 16.152706 0.111167 3.861514 1.000000 1.000000 1.000000 1.000000
v 16.214830 0.160821 3.912544 1.000000 1.000000 1.000000 1.000000
v 16.267986 0.162421 3.928632 1.000000 1.000000 1.000000 1.000000
v 16.147448 0.148859 3.919077 1.000000 1.000000 1.000000 1.000000
v 16.106646 0.146440 3.965965 1.000000 1.000000 1.000000 1.000000
v 16.105341 0.116926 3.907171 1.000000 1.000000 1.000000 1.000000
v 16.091579 0.080947 3.877719 1.000000 1.000000 1.000000 1.000000
v 16.073334 0.106972 3.937026 1.000000 1.000000 1.000000 1.000000
v 16.057381 0.109037 3.991216 1.000000 1.000000 1.000000 1.000000
v 16.026194 0.052882 3.961428 1.000000 1.000000 1.000000 1.000000
v 16.048979 0.060201 3.914853 1.000000 1.000000 1.000000 1.000000
v 16.026823 0.005380 3.918362 1.000000 1.000000 1.000000 1.000000
v 16.056665 0.010801 3.873170 1.000000 1.000000 1.000000 1.000000
v 16.117998 -0.129008 -3.838843 1.000000 1.000000 1.000000 1.000000
v 16.098398 -0.183219 -3.896635 1.000000 1.000000 1.000000 1.000000
v 16.074022 -0.141576 -3.881314 1.000000 1.000000 1.000000 1.000000
v 16.040306 -0.138223 -3.930751 1.000000 1.000000 1.000000 1.000000
v 16.160227 -0.185965 -3.855345 1.000000 1.000000 1.000000 1.000000
v 16.165009 -0.102542 -3.807722 1.000000 1.000000 1.000000 1.000000
v 16.060917 -0.180389 -3.953196 1.000000 1.000000 1.000000 1.000000
v 16.016907 -0.117858 -3.988262 1.000000 1.000000 1.000000 1.000000
v 16.139524 -0.228824 -3.927825 1.000000 1.000000 1.000000 1.000000
v 16.208641 -0.160065 -3.823422 1.000000 1.000000 1.000000 1.000000
v 16.211403 -0.064095 -3.791956 1.000000 1.000000 1.000000 1.000000
v 16.035322 -0.159961 -4.014246 1.000000 1.000000 1.000000 1.000000
v 16.007555 -0.085175 -4.040448 1.000000 1.000000 1.000000 1.000000
v 16.102480 -0.226228 -3.986000 1.000000 1.000000 1.000000 1.000000
v 16.026764 -0.126175 -4.073215 1.000000 1.000000 1.000000 1.000000
v 16.213573 -0.231548 -3.898970 1.000000 1.000000 1.000000 1.000000
v 16.190689 -0.256567 -3.968663 1.000000 1.000000 1.000000 1.000000
v 16.076677 -0.205226 -4.048861 1.000000 1.000000 1.000000 1.000000
v 16.156916 -0.253077 -4.024523 1.000000 1.000000 1.000000 1.000000
v 16.271313 -0.251244 -3.951614 1.000000 1.000000 1.000000 1.000000
v 16.233982 -0.262533 -4.002396 1.000000 1.000000 1.000000 1.000000
v 16.146740 -0.236194 -4.091892 1.000000 1.000000 1.000000 1.000000
v 16.214785 -0.259623 -4.056469 1.000000 1.000000 1.000000 1.000000
v 16.298069 -0.252287 -4.025559 1.000000 1.000000 1.000000 1.000000
v 16.068493 -0.169793 -4.108911 1.000000 1.000000 1.000000 1.000000
v 16.223692 -0.230724 -4.133042 1.000000 1.000000 1.000000 1.000000
v 16.140676 -0.205513 -4.140285 1.000000 1.000000 1.000000 1.000000
v 16.072439 -0.121126 -4.157441 1.000000 1.000000 1.000000 1.000000
v 16.127941 -0.153069 -4.181128 1.000000 1.000000 1.000000 1.000000
v 16.190969 -0.177186 -4.187611 1.000000 1.000000 1.000000 1.000000
v 16.279179 -0.245047 -4.084256 1.000000 1.000000 1.000000 1.000000
v 16.260601 -0.187452 -4.178036 1.000000 1.000000 1.000000 1.000000
v 16.301674 -0.210416 -4.139906 1.000000 1.000000 1.000000 1.000000
v 16.334858 -0.227939 -4.068290 1.000000 1.000000 1.000000 1.000000
v 16.218290 -0.139860 -4.215787 1.000000 1.000000 1.000000 1.000000
v 16.313030 -0.143793 -4.192634 1.000000 1.000000 1.000000 1.000000
v 16.354120 -0.198613 -4.104339 1.000000 1.000000 1.000000 1.000000
v 16.147230 -0.102874 -4.214036 1.000000 1.000000 1.000000 1.000000
v 16.346544 -0.168751 -4.149858 1.000000 1.000000 1.000000 1.000000
v 16.094122 -0.065919 -4.194674 1.000000 1.000000 1.000000 1.000000
v 16.353561 -0.113412 -4.182017 1.000000 1.000000 1.000000 1.000000
v 16.031364 -0.078462 -4.120475 1.000000 1.000000 1.000000 1.000000
v 16.012999 -0.042211 -4.085208 1.000000 1.000000 1.000000 1.000000
v 16.052668 -0.024700 -4.156770 1.000000 1.000000 1.000000 1.000000
v 16.032701 0.006828 -4.118161 1.000000 1.000000 1.000000 1.000000
v 16.180952 -0.052597 -4.233103 1.000000 1.000000 1.000000 1.000000
v 16.130035 -0.009310 -4.215250 1.000000 1.000000 1.000000 1.000000
v 16.087646 0.031971 -4.176237 1.000000 1.000000 1.000000 1.000000
v 16.064739 0.057143 -4.136081 1.000000 1.000000 1.000000 1.000000
v 16.132334 0.084705 -4.175749 1.000000 1.000000 1.000000 1.000000
v 16.105968 0.103808 -4.137214 1.000000 1.000000 1.000000 1.000000
v 16.152361 0.142256 -4.121448 1.000000 1.000000 1.000000 1.000000
v 16.174324 0.045297 -4.215491 1.000000 1.000000 1.000000 1.000000
v 16.185175 0.125270 -4.160406 1.000000 1.000000 1.000000 1.000000
v 16.199373 0.168722 -4.090327 1.000000 1.000000 1.000000 1.000000
v 16.225321 -0.002153 -4.234939 1.000000 1.000000 1.000000 1.000000
v 16.227034 0.087809 -4.198748 1.000000 1.000000 1.000000 1.000000
v 16.236729 0.154002 -4.126104 1.000000 1.000000 1.000000 1.000000
v 16.242552 0.181848 -4.047024 1.000000 1.000000 1.000000 1.000000
v 16.286926 0.112589 -4.167367 1.000000 1.000000 1.000000 1.000000
v 16.301092 0.156874 -4.090826 1.000000 1.000000 1.000000 1.000000
v 16.273024 0.039494 -4.217491 1.000000 1.000000 1.000000 1.000000
v 16.320450 0.163005 -4.020663 1.000000 1.000000 1.000000 1.000000
v 16.277235 0.176774 -3.995412 1.000000 1.000000 1.000000 1.000000
v 16.350843 0.104025 -4.130641 1.000000 1.000000 1.000000 1.000000
v 16.345539 0.141744 -3.960985 1.000000 1.000000 1.000000 1.000000
v 16.300467 0.157572 -3.940908 1.000000 1.000000 1.000000 1.000000
v 16.367760 0.127546 -4.057620 1.000000 1.000000 1.000000 1.000000
v 16.383745 0.114967 -3.987059 1.000000 1.000000 1.000000 1.000000
v 16.353710 0.107263 -3.904245 1.000000 1.000000 1.000000 1.000000
v 16.309816 0.124889 -3.888722 1.000000 1.000000 1.000000 1.000000
v 16.304373 0.081925 -3.843961 1.000000 1.000000 1.000000 1.000000
v 16.394241 0.078286 -3.928489 1.000000 1.000000 1.000000 1.000000
v 16.349745 0.060369 -3.856699 1.000000 1.000000 1.000000 1.000000
v 16.284670 0.032886 -3.811009 1.000000 1.000000 1.000000 1.000000
v 16.422483 0.046991 -3.954048 1.000000 1.000000 1.000000 1.000000
v 16.328520 0.006751 -3.820406 1.000000 1.000000 1.000000 1.000000
v 16.252634 -0.017429 -3.793089 1.000000 1.000000 1.000000 1.000000
v 16.388134 0.030067 -3.878253 1.000000 1.000000 1.000000 1.000000
v 16.293676 -0.048338 -3.800479 1.000000 1.000000 1.000000 1.000000
v 16.366018 -0.024972 -3.841270 1.000000 1.000000 1.000000 1.000000
v 16.250723 -0.101872 -3.799877 1.000000 1.000000 1.000000 1.000000
v 16.330065 -0.081442 -3.821158 1.000000 1.000000 1.000000 1.000000
v 16.295259 -0.144388 -3.828574 1.000000 1.000000 1.000000 1.000000
v 16.417887 -0.000730 -3.906794 1.000000 1.000000 1.000000 1.000000
v 16.396578 -0.054482 -3.870493 1.000000 1.000000 1.000000 1.000000
v 16.362816 -0.111294 -3.852038 1.000000 1.000000 1.000000 1.000000
v 16.263680 -0.204383 -3.866645 1.000000 1.000000 1.000000 1.000000
v 16.334362 -0.178466 -3.876550 1.000000 1.000000 1.000000 1.000000
v 16.305799 -0.225593 -3.918536 1.000000 1.000000 1.000000 1.000000
v 16.356615 -0.217993 -3.974893 1.000000 1.000000 1.000000 1.000000
v 16.357861 -0.192793 -3.920392 1.000000 1.000000 1.000000 1.000000
v 16.388767 -0.144145 -3.902990 1.000000 1.000000 1.000000 1.000000
v 16.422337 -0.100606 -3.925882 1.000000 1.000000 1.000000 1.000000
v 16.415007 -0.157392 -3.980230 1.000000 1.000000 1.000000 1.000000
v 16.436249 -0.036977 -3.942057 1.000000 1.000000 1.000000 1.000000
v 16.443398 -0.073401 -3.978414 1.000000 1.000000 1.000000 1.000000
v 16.448473 -0.011886 -4.003517 1.000000 1.000000 1.000000 1.000000
v 16.441650 -0.089710 -4.037907 1.000000 1.000000 1.000000 1.000000
v 16.379013 -0.201415 -4.039604 1.000000 1.000000 1.000000 1.000000
v 16.420673 -0.141164 -4.054492 1.000000 1.000000 1.000000 1.000000
v 16.391733 -0.164860 -4.093602 1.000000 1.000000 1.000000 1.000000
v 16.385149 -0.145962 -4.129591 1.000000 1.000000 1.000000 1.000000
v 16.421831 -0.098303 -4.106016 1.000000 1.000000 1.000000 1.000000
v 16.438124 -0.038409 -4.082104 1.000000 1.000000 1.000000 1.000000
v 16.388668 -0.090129 -4.159267 1.000000 1.000000 1.000000 1.000000
v 16.409317 -0.022046 -4.140519 1.000000 1.000000 1.000000 1.000000
v 16.436800 0.024529 -4.047128 1.000000 1.000000 1.000000 1.000000
v 16.330156 -0.052858 -4.211209 1.000000 1.000000 1.000000 1.000000
v 16.413530 0.081204 -4.011225 1.000000 1.000000 1.000000 1.000000
v 16.404882 0.071474 -4.086344 1.000000 1.000000 1.000000 1.000000
v 16.417635 0.025912 -4.105125 1.000000 1.000000 1.000000 1.000000
v 16.382584 0.045333 -4.148396 1.000000 1.000000 1.000000 1.000000
v 16.359615 -0.019043 -4.192363 1.000000 1.000000 1.000000 1.000000
v 16.331249 0.049820 -4.188423 1.000000 1.000000 1.000000 1.000000
v 16.304253 -0.005430 -4.219563 1.000000 1.000000 1.000000 1.000000
v 16.262129 -0.040340 -4.233878 1.000000 1.000000 1.000000 1.000000
v 16.283201 -0.098922 -4.222633 1.000000 1.000000 1.000000 1.000000
v 16.224691 -0.082711 -4.232850 1.000000 1.000000 1.000000 1.000000
v 16.000427 -0.045016 -4.010617 1.000000 1.000000 1.000000 1.000000
v 16.016907 -0.117858 -3.988262 1.000000 1.000000 1.000000 1.000000
v 16.007555 -0.085175 -4.040448 1.000000 1.000000 1.000000 1.000000
v 16.012999 -0.042211 -4.085208 1.000000 1.000000 1.000000 1.000000
v 16.008331 -0.057405 -3.953395 1.000000 1.000000 1.000000 1.000000
v 16.040306 -0.138223 -3.930751 1.000000 1.000000 1.000000 1.000000
v 16.012798 0.014032 -4.068911 1.000000 1.000000 1.000000 1.000000
v 16.032701 0.006828 -4.118161 1.000000 1.000000 1.000000 1.000000
v 16.064739 0.057143 -4.136081 1.000000 1.000000 1.000000 1.000000
v 16.007597 0.010521 -3.989359 1.000000 1.000000 1.000000 1.000000
v 16.039919 -0.058529 -3.886734 1.000000 1.000000 1.000000 1.000000
v 16.074022 -0.141576 -3.881314 1.000000 1.000000 1.000000 1.000000
v 16.048647 0.077308 -4.089236 1.000000 1.000000 1.000000 1.000000
v 16.105968 0.103808 -4.137214 1.000000 1.000000 1.000000 1.000000
v 16.088242 -0.061528 -3.836015 1.000000 1.000000 1.000000 1.000000
v 16.117998 -0.129008 -3.838843 1.000000 1.000000 1.000000 1.000000
v 16.094965 0.138022 -4.067496 1.000000 1.000000 1.000000 1.000000
v 16.152361 0.142256 -4.121448 1.000000 1.000000 1.000000 1.000000
v 16.032202 0.077036 -4.025827 1.000000 1.000000 1.000000 1.000000
v 16.154493 0.175596 -4.027261 1.000000 1.000000 1.000000 1.000000
v 16.199373 0.168722 -4.090327 1.000000 1.000000 1.000000 1.000000
v 16.242552 0.181848 -4.047024 1.000000 1.000000 1.000000 1.000000
v 16.070272 0.122233 -3.987589 1.000000 1.000000 1.000000 1.000000
v 16.028572 0.061976 -3.972785 1.000000 1.000000 1.000000 1.000000
v 16.027418 0.018896 -3.921082 1.000000 1.000000 1.000000 1.000000
v 16.057493 0.085644 -3.933666 1.000000 1.000000 1.000000 1.000000
v 16.060575 0.010937 -3.868002 1.000000 1.000000 1.000000 1.000000
v 16.064108 0.066773 -3.897662 1.000000 1.000000 1.000000 1.000000
v 16.094828 0.119310 -3.923216 1.000000 1.000000 1.000000 1.000000
v 16.121117 -0.042031 -3.812756 1.000000 1.000000 1.000000 1.000000
v 16.165009 -0.102542 -3.807722 1.000000 1.000000 1.000000 1.000000
v 16.211403 -0.064095 -3.791956 1.000000 1.000000 1.000000 1.000000
v 16.095703 0.034223 -3.845236 1.000000 1.000000 1.000000 1.000000
v 16.177427 0.008218 -3.797413 1.000000 1.000000 1.000000 1.000000
v 16.252634 -0.017429 -3.793089 1.000000 1.000000 1.000000 1.000000
v 16.102694 0.089558 -3.877412 1.000000 1.000000 1.000000 1.000000
v 16.136213 0.064610 -3.834636 1.000000 1.000000 1.000000 1.000000
v 16.225346 0.063553 -3.813270 1.000000 1.000000 1.000000 1.000000
v 16.284670 0.032886 -3.811009 1.000000 1.000000 1.000000 1.000000
v 16.304373 0.081925 -3.843961 1.000000 1.000000 1.000000 1.000000
v 16.145590 0.130845 -3.888303 1.000000 1.000000 1.000000 1.000000
v 16.191797 0.120896 -3.859194 1.000000 1.000000 1.000000 1.000000
v 16.257277 0.118215 -3.856679 1.000000 1.000000 1.000000 1.000000
v 16.309816 0.124889 -3.888722 1.000000 1.000000 1.000000 1.000000
v 16.235815 0.163312 -3.916145 1.000000 1.000000 1.000000 1.000000
v 16.300467 0.157572 -3.940908 1.000000 1.000000 1.000000 1.000000
v 16.114414 0.148762 -3.958965 1.000000 1.000000 1.000000 1.000000
v 16.170076 0.165859 -3.943006 1.000000 1.000000 1.000000 1.000000
v 16.231312 0.180000 -3.969307 1.000000 1.000000 1.000000 1.000000
v 16.277235 0.176774 -3.995412 1.000000 1.000000 1.000000 1.000000
v 16.081547 -0.154738 3.885104 1.000000 1.000000 1.000000 1.000000
v 16.102310 -0.097788 3.835959 1.000000 1.000000 1.000000 1.000000
v 16.063240 -0.108588 3.875391 1.000000 1.000000 1.000000 1.000000
v 16.031612 -0.105099 3.922140 1.000000 1.000000 1.000000 1.000000
v 16.128017 -0.144879 3.840828 1.000000 1.000000 1.000000 1.000000
v 16.144997 -0.073757 3.807702 1.000000 1.000000 1.000000 1.000000
v 16.045841 -0.152256 3.938675 1.000000 1.000000 1.000000 1.000000
v 16.010521 -0.087664 3.971628 1.000000 1.000000 1.000000 1.000000
v 16.115221 -0.205535 3.909827 1.000000 1.000000 1.000000 1.000000
v 16.021458 -0.132683 3.995305 1.000000 1.000000 1.000000 1.000000
v 16.002031 -0.057989 4.019012 1.000000 1.000000 1.000000 1.000000
v 16.077814 -0.202929 3.967300 1.000000 1.000000 1.000000 1.000000
v 16.165831 -0.196046 3.863544 1.000000 1.000000 1.000000 1.000000
v 16.020489 -0.117905 4.065769 1.000000 1.000000 1.000000 1.000000
v 16.192165 -0.135442 3.813053 1.000000 1.000000 1.000000 1.000000
v 16.052877 -0.183478 4.030100 1.000000 1.000000 1.000000 1.000000
v 16.017429 -0.055571 4.097838 1.000000 1.000000 1.000000 1.000000
v 16.006971 -0.018978 4.059654 1.000000 1.000000 1.000000 1.000000
v 16.115931 -0.234023 3.996361 1.000000 1.000000 1.000000 1.000000
v 16.037693 -0.004463 4.132381 1.000000 1.000000 1.000000 1.000000
v 16.024862 0.025549 4.089575 1.000000 1.000000 1.000000 1.000000
v 16.170988 -0.249321 3.950587 1.000000 1.000000 1.000000 1.000000
v 16.070904 0.048035 4.151365 1.000000 1.000000 1.000000 1.000000
v 16.053949 0.071234 4.105845 1.000000 1.000000 1.000000 1.000000
v 16.213549 -0.231587 3.899024 1.000000 1.000000 1.000000 1.000000
v 16.112217 0.098068 4.150245 1.000000 1.000000 1.000000 1.000000
v 16.091389 0.113605 4.106874 1.000000 1.000000 1.000000 1.000000
v 16.133512 0.148515 4.092559 1.000000 1.000000 1.000000 1.000000
v 16.247318 -0.187609 3.846704 1.000000 1.000000 1.000000 1.000000
v 16.162222 0.138102 4.135511 1.000000 1.000000 1.000000 1.000000
v 16.176197 0.172545 4.064302 1.000000 1.000000 1.000000 1.000000
v 16.143467 0.073953 4.188092 1.000000 1.000000 1.000000 1.000000
v 16.212862 0.165624 4.103204 1.000000 1.000000 1.000000 1.000000
v 16.215267 0.183345 4.024869 1.000000 1.000000 1.000000 1.000000
v 16.194893 0.116573 4.170616 1.000000 1.000000 1.000000 1.000000
v 16.103458 0.014597 4.194121 1.000000 1.000000 1.000000 1.000000
v 16.178345 0.044306 4.216566 1.000000 1.000000 1.000000 1.000000
v 16.069622 -0.040329 4.175956 1.000000 1.000000 1.000000 1.000000
v 16.143202 -0.018746 4.220638 1.000000 1.000000 1.000000 1.000000
v 16.047289 -0.095525 4.139315 1.000000 1.000000 1.000000 1.000000
v 16.107691 -0.074521 4.200774 1.000000 1.000000 1.000000 1.000000
v 16.070438 -0.169870 4.111003 1.000000 1.000000 1.000000 1.000000
v 16.085848 -0.128882 4.164245 1.000000 1.000000 1.000000 1.000000
v 16.100925 -0.218994 4.064980 1.000000 1.000000 1.000000 1.000000
v 16.127937 -0.153067 4.181128 1.000000 1.000000 1.000000 1.000000
v 16.174131 -0.257675 4.037679 1.000000 1.000000 1.000000 1.000000
v 16.125914 -0.199862 4.135442 1.000000 1.000000 1.000000 1.000000
v 16.174969 -0.244659 4.092117 1.000000 1.000000 1.000000 1.000000
v 16.233982 -0.262532 4.002396 1.000000 1.000000 1.000000 1.000000
v 16.202374 -0.216287 4.151504 1.000000 1.000000 1.000000 1.000000
v 16.249874 -0.247910 3.936938 1.000000 1.000000 1.000000 1.000000
v 16.259457 -0.258553 4.053505 1.000000 1.000000 1.000000 1.000000
v 16.282862 -0.252193 3.973752 1.000000 1.000000 1.000000 1.000000
v 16.289217 -0.217301 3.892895 1.000000 1.000000 1.000000 1.000000
v 16.248596 -0.236385 4.116656 1.000000 1.000000 1.000000 1.000000
v 16.306826 -0.229080 4.102551 1.000000 1.000000 1.000000 1.000000
v 16.278128 -0.195255 4.167850 1.000000 1.000000 1.000000 1.000000
v 16.191038 -0.177305 4.187543 1.000000 1.000000 1.000000 1.000000
v 16.164152 -0.114507 4.216899 1.000000 1.000000 1.000000 1.000000
v 16.243576 -0.145707 4.210012 1.000000 1.000000 1.000000 1.000000
v 16.196514 -0.071481 4.235196 1.000000 1.000000 1.000000 1.000000
v 16.304705 -0.157498 4.187273 1.000000 1.000000 1.000000 1.000000
v 16.225313 -0.002131 4.234937 1.000000 1.000000 1.000000 1.000000
v 16.282917 -0.095310 4.223504 1.000000 1.000000 1.000000 1.000000
v 16.262129 -0.040339 4.233878 1.000000 1.000000 1.000000 1.000000
v 16.232527 0.085786 4.199625 1.000000 1.000000 1.000000 1.000000
v 16.304253 -0.005429 4.219563 1.000000 1.000000 1.000000 1.000000
v 16.247005 0.145910 4.136118 1.000000 1.000000 1.000000 1.000000
v 16.272831 0.039671 4.217482 1.000000 1.000000 1.000000 1.000000
v 16.283751 0.116087 4.163894 1.000000 1.000000 1.000000 1.000000
v 16.327221 0.058667 4.188176 1.000000 1.000000 1.000000 1.000000
v 16.327766 -0.051739 4.212160 1.000000 1.000000 1.000000 1.000000
v 16.359613 -0.014051 4.189816 1.000000 1.000000 1.000000 1.000000
v 16.341648 -0.121332 4.187551 1.000000 1.000000 1.000000 1.000000
v 16.384031 -0.060782 4.171279 1.000000 1.000000 1.000000 1.000000
v 16.347202 -0.179412 4.140416 1.000000 1.000000 1.000000 1.000000
v 16.384319 -0.133559 4.141860 1.000000 1.000000 1.000000 1.000000
v 16.363605 -0.200026 4.087090 1.000000 1.000000 1.000000 1.000000
v 16.391735 -0.164859 4.093598 1.000000 1.000000 1.000000 1.000000
v 16.421093 -0.096765 4.109082 1.000000 1.000000 1.000000 1.000000
v 16.318745 -0.242087 4.039501 1.000000 1.000000 1.000000 1.000000
v 16.379253 -0.200593 4.041936 1.000000 1.000000 1.000000 1.000000
v 16.355951 -0.219098 3.977226 1.000000 1.000000 1.000000 1.000000
v 16.420675 -0.141162 4.054488 1.000000 1.000000 1.000000 1.000000
v 16.315735 -0.227701 3.934706 1.000000 1.000000 1.000000 1.000000
v 16.414904 -0.157703 3.980572 1.000000 1.000000 1.000000 1.000000
v 16.357861 -0.192792 3.920392 1.000000 1.000000 1.000000 1.000000
v 16.334360 -0.178462 3.876547 1.000000 1.000000 1.000000 1.000000
v 16.299076 -0.146868 3.831245 1.000000 1.000000 1.000000 1.000000
v 16.388767 -0.144144 3.902988 1.000000 1.000000 1.000000 1.000000
v 16.369785 -0.119859 3.863964 1.000000 1.000000 1.000000 1.000000
v 16.422798 -0.100372 3.926875 1.000000 1.000000 1.000000 1.000000
v 16.260340 -0.112169 3.805372 1.000000 1.000000 1.000000 1.000000
v 16.324656 -0.075989 3.815226 1.000000 1.000000 1.000000 1.000000
v 16.223932 -0.077038 3.792327 1.000000 1.000000 1.000000 1.000000
v 16.187119 -0.038848 3.793387 1.000000 1.000000 1.000000 1.000000
v 16.224558 0.003523 3.794415 1.000000 1.000000 1.000000 1.000000
v 16.268293 -0.026593 3.794161 1.000000 1.000000 1.000000 1.000000
v 16.253645 0.049208 3.810686 1.000000 1.000000 1.000000 1.000000
v 16.396580 -0.054482 3.870494 1.000000 1.000000 1.000000 1.000000
v 16.355043 -0.012983 3.832566 1.000000 1.000000 1.000000 1.000000
v 16.302019 0.023686 3.813230 1.000000 1.000000 1.000000 1.000000
v 16.321312 0.073880 3.846139 1.000000 1.000000 1.000000 1.000000
v 16.271536 0.093736 3.840606 1.000000 1.000000 1.000000 1.000000
v 16.376814 0.041932 3.869827 1.000000 1.000000 1.000000 1.000000
v 16.417887 -0.000729 3.906793 1.000000 1.000000 1.000000 1.000000
v 16.324284 0.119989 3.891771 1.000000 1.000000 1.000000 1.000000
v 16.276476 0.132746 3.881248 1.000000 1.000000 1.000000 1.000000
v 16.267986 0.162421 3.928632 1.000000 1.000000 1.000000 1.000000
v 16.380751 0.090606 3.918349 1.000000 1.000000 1.000000 1.000000
v 16.316126 0.153644 3.946092 1.000000 1.000000 1.000000 1.000000
v 16.246895 0.179857 3.978121 1.000000 1.000000 1.000000 1.000000
v 16.422483 0.046991 3.954049 1.000000 1.000000 1.000000 1.000000
v 16.372080 0.125935 3.976689 1.000000 1.000000 1.000000 1.000000
v 16.292334 0.173890 4.002750 1.000000 1.000000 1.000000 1.000000
v 16.258558 0.177380 4.058602 1.000000 1.000000 1.000000 1.000000
v 16.333317 0.154836 4.030904 1.000000 1.000000 1.000000 1.000000
v 16.294703 0.159095 4.087977 1.000000 1.000000 1.000000 1.000000
v 16.369366 0.125106 4.060524 1.000000 1.000000 1.000000 1.000000
v 16.344898 0.114848 4.123824 1.000000 1.000000 1.000000 1.000000
v 16.413555 0.081146 4.011246 1.000000 1.000000 1.000000 1.000000
v 16.403366 0.074012 4.086928 1.000000 1.000000 1.000000 1.000000
v 16.381702 0.043314 4.150448 1.000000 1.000000 1.000000 1.000000
v 16.415291 0.001798 4.127123 1.000000 1.000000 1.000000 1.000000
v 16.436829 0.024478 4.046849 1.000000 1.000000 1.000000 1.000000
v 16.438078 -0.037847 4.082312 1.000000 1.000000 1.000000 1.000000
v 16.448469 -0.011853 4.003544 1.000000 1.000000 1.000000 1.000000
v 16.441673 -0.089599 4.038019 1.000000 1.000000 1.000000 1.000000
v 16.443398 -0.073400 3.978414 1.000000 1.000000 1.000000 1.000000
v 16.436249 -0.036976 3.942057 1.000000 1.000000 1.000000 1.000000
v 0.000000 0.842661 -3.334947 1.000000 1.000000 1.000000 1.000000
v 0.000000 -0.000000 -3.979627 1.000000 1.000000 1.000000 1.000000
v 1.457076 -0.000000 -3.979627 1.000000 1.000000 1.000000 1.000000
v 6.469939 0.863691 -3.318857 1.000000 1.000000 1.000000 1.000000
v 2.914152 -0.000000 -3.979627 1.000000 1.000000 1.000000 1.000000
v 4.371229 -0.000000 -3.979627 1.000000 1.000000 1.000000 1.000000
v 5.828306 -0.000000 -3.979627 1.000000 1.000000 1.000000 1.000000
v 0.000000 1.138427 -3.108675 1.000000 1.000000 1.000000 1.000000
v 7.285382 -0.000000 -3.979627 1.000000 1.000000 1.000000 1.000000
v 4.035180 1.145523 -3.103241 1.000000 1.000000 1.000000 1.000000
v 0.000000 1.501833 -2.837435 1.000000 1.000000 1.000000 1.000000
v 13.696097 0.859207 -3.322288 1.000000 1.000000 1.000000 1.000000
v 8.742458 -0.000000 -3.979627 1.000000 1.000000 1.000000 1.000000
v 10.199534 -0.000000 -3.979627 1.000000 1.000000 1.000000 1.000000
v 11.656611 -0.000000 -3.979627 1.000000 1.000000 1.000000 1.000000
v 13.113688 -0.000000 -3.979627 1.000000 1.000000 1.000000 1.000000
v 14.570764 -0.000000 -3.979627 1.000000 1.000000 1.000000 1.000000
v 8.647451 1.154830 -3.096125 1.000000 1.000000 1.000000 1.000000
v 8.349658 1.480146 -2.853388 1.000000 1.000000 1.000000 1.000000
v 7.031028 1.868530 -2.576869 1.000000 1.000000 1.000000 1.000000
v 0.000000 1.874823 -2.572503 1.000000 1.000000 1.000000 1.000000
v 0.000000 2.244467 -2.316543 1.000000 1.000000 1.000000 1.000000
v 13.158595 1.467190 -2.862934 1.000000 1.000000 1.000000 1.000000
v 12.824156 1.859823 -2.582889 1.000000 1.000000 1.000000 1.000000
v 13.450599 1.163617 -3.089398 1.000000 1.000000 1.000000 1.000000
v 14.106572 1.858309 -2.583937 1.000000 1.000000 1.000000 1.000000
v 14.474454 1.463591 -2.865585 1.000000 1.000000 1.000000 1.000000
v 14.795660 1.166202 -3.087421 1.000000 1.000000 1.000000 1.000000
v 15.315536 0.674086 -3.463919 1.000000 1.000000 1.000000 1.000000
v 14.512449 1.482650 -2.839783 1.000000 1.000000 1.000000 1.000000
v 15.719797 0.291550 -3.756575 1.000000 1.000000 1.000000 1.000000
v 16.027842 -0.000000 -3.979627 1.000000 1.000000 1.000000 1.000000
v 14.843005 1.166293 -3.073066 1.000000 1.000000 1.000000 1.000000
v 15.280646 0.754914 -3.388192 1.000000 1.000000 1.000000 1.000000
v 15.772815 0.291573 -3.743497 1.000000 1.000000 1.000000 1.000000
v 16.082750 -0.000000 -3.966974 1.000000 1.000000 1.000000 1.000000
v 14.878449 1.165603 -3.034560 1.000000 1.000000 1.000000 1.000000
v 15.811624 0.291590 -3.707800 1.000000 1.000000 1.000000 1.000000
v 16.122948 -0.000000 -3.932406 1.000000 1.000000 1.000000 1.000000
v 15.500299 0.583180 -3.483193 1.000000 1.000000 1.000000 1.000000
v 14.545033 1.488057 -2.802613 1.000000 1.000000 1.000000 1.000000
v 14.188762 1.858212 -2.530778 1.000000 1.000000 1.000000 1.000000
v 14.154019 1.858253 -2.569713 1.000000 1.000000 1.000000 1.000000
v 13.821191 2.253878 -2.259197 1.000000 1.000000 1.000000 1.000000
v 13.784435 2.253859 -2.296419 1.000000 1.000000 1.000000 1.000000
v 13.453619 2.649544 -1.987615 1.000000 1.000000 1.000000 1.000000
v 13.734226 2.253833 -2.310057 1.000000 1.000000 1.000000 1.000000
v 13.414853 2.649465 -2.023126 1.000000 1.000000 1.000000 1.000000
v 13.161259 3.017272 -1.765527 1.000000 1.000000 1.000000 1.000000
v 12.485659 2.253361 -2.310384 1.000000 1.000000 1.000000 1.000000
v 13.361878 2.649358 -2.036176 1.000000 1.000000 1.000000 1.000000
v 13.123353 3.017260 -1.801603 1.000000 1.000000 1.000000 1.000000
v 12.925525 3.432270 -1.580930 1.000000 1.000000 1.000000 1.000000
v 8.850620 2.251197 -2.311883 1.000000 1.000000 1.000000 1.000000
v 12.888016 3.432263 -1.617196 1.000000 1.000000 1.000000 1.000000
v 12.703113 3.904301 -1.402975 1.000000 1.000000 1.000000 1.000000
v 12.147161 2.646899 -2.037879 1.000000 1.000000 1.000000 1.000000
v 13.071570 3.017243 -1.814817 1.000000 1.000000 1.000000 1.000000
v 7.610736 2.637816 -2.044169 1.000000 1.000000 1.000000 1.000000
v 11.886598 3.016640 -1.815227 1.000000 1.000000 1.000000 1.000000
v 12.836777 3.432254 -1.630473 1.000000 1.000000 1.000000 1.000000
v 2.429432 2.627225 -2.051502 1.000000 1.000000 1.000000 1.000000
v 0.000000 2.622919 -2.054491 1.000000 1.000000 1.000000 1.000000
v 0.000000 3.014260 -1.817704 1.000000 1.000000 1.000000 1.000000
v 6.093943 3.015277 -1.816541 1.000000 1.000000 1.000000 1.000000
v 5.444731 3.430738 -1.631045 1.000000 1.000000 1.000000 1.000000
v 0.000000 3.431122 -1.630898 1.000000 1.000000 1.000000 1.000000
v 11.655701 3.431219 -1.630860 1.000000 1.000000 1.000000 1.000000
v 11.496139 3.826318 -1.481964 1.000000 1.000000 1.000000 1.000000
v 0.000000 3.828058 -1.481307 1.000000 1.000000 1.000000 1.000000
v 12.649739 3.829036 -1.480939 1.000000 1.000000 1.000000 1.000000
v 3.296899 5.019382 -1.032337 1.000000 1.000000 1.000000 1.000000
v 0.000001 5.019449 -1.032315 1.000000 1.000000 1.000000 1.000000
v 4.395865 5.019382 -1.032337 1.000000 1.000000 1.000000 1.000000
v 12.701023 3.829043 -1.467652 1.000000 1.000000 1.000000 1.000000
v 12.327452 4.621696 -1.168911 1.000000 1.000000 1.000000 1.000000
v 12.177677 5.019384 -0.982635 1.000000 1.000000 1.000000 1.000000
v 12.140040 5.019384 -1.019019 1.000000 1.000000 1.000000 1.000000
v 12.274402 4.625299 -1.180855 1.000000 1.000000 1.000000 1.000000
v 12.088628 5.019384 -1.032337 1.000000 1.000000 1.000000 1.000000
v 11.157014 4.629285 -1.179352 1.000000 1.000000 1.000000 1.000000
v 10.989661 5.019384 -1.032337 1.000000 1.000000 1.000000 1.000000
v 5.494831 5.019382 -1.032337 1.000000 1.000000 1.000000 1.000000
v 9.890695 5.019384 -1.032337 1.000000 1.000000 1.000000 1.000000
v 6.593797 5.019383 -1.032337 1.000000 1.000000 1.000000 1.000000
v 8.791729 5.019383 -1.032337 1.000000 1.000000 1.000000 1.000000
v 7.692763 5.019383 -1.032337 1.000000 1.000000 1.000000 1.000000
v 16.137661 -0.000000 -3.885185 1.000000 1.000000 1.000000 1.000000
v 15.811624 0.291590 -3.707800 1.000000 1.000000 1.000000 1.000000
v 16.122948 -0.000000 -3.932406 1.000000 1.000000 1.000000 1.000000
v 15.825828 0.291596 -3.659044 1.000000 1.000000 1.000000 1.000000
v 15.500299 0.583180 -3.483193 1.000000 1.000000 1.000000 1.000000
v 16.137661 -0.000000 -2.590124 1.000000 1.000000 1.000000 1.000000
v 15.328267 0.756862 -3.298561 1.000000 1.000000 1.000000 1.000000
v 14.878449 1.165603 -3.034560 1.000000 1.000000 1.000000 1.000000
v 15.209020 0.868374 -2.106885 1.000000 1.000000 1.000000 1.000000
v 16.137661 -0.000000 -1.295062 1.000000 1.000000 1.000000 1.000000
v 14.890328 1.166384 -2.980620 1.000000 1.000000 1.000000 1.000000
v 14.545033 1.488057 -2.802613 1.000000 1.000000 1.000000 1.000000
v 16.137661 0.000000 0.000000 1.000000 1.000000 1.000000 1.000000
v 14.567662 1.479059 -2.759260 1.000000 1.000000 1.000000 1.000000
v 14.188762 1.858212 -2.530778 1.000000 1.000000 1.000000 1.000000
v 14.890328 1.166385 -1.986763 1.000000 1.000000 1.000000 1.000000
v 14.201479 1.858197 -2.477574 1.000000 1.000000 1.000000 1.000000
v 13.821191 2.253878 -2.259197 1.000000 1.000000 1.000000 1.000000
v 14.567662 1.479059 -1.839447 1.000000 1.000000 1.000000 1.000000
v 14.890329 1.166383 1.986818 1.000000 1.000000 1.000000 1.000000
v 15.208200 0.869142 2.108268 1.000000 1.000000 1.000000 1.000000
v 16.137661 0.000000 1.295062 1.000000 1.000000 1.000000 1.000000
v 16.137661 0.000000 2.590124 1.000000 1.000000 1.000000 1.000000
v 13.834643 2.253885 -2.208358 1.000000 1.000000 1.000000 1.000000
v 13.453619 2.649544 -1.987615 1.000000 1.000000 1.000000 1.000000
v 15.825828 0.291597 3.659044 1.000000 1.000000 1.000000 1.000000
v 16.137661 0.000000 3.885185 1.000000 1.000000 1.000000 1.000000
v 15.811624 0.291590 3.707800 1.000000 1.000000 1.000000 1.000000
v 16.122948 0.000000 3.932406 1.000000 1.000000 1.000000 1.000000
v 15.500299 0.583180 3.483193 1.000000 1.000000 1.000000 1.000000
v 15.328405 0.756735 3.298660 1.000000 1.000000 1.000000 1.000000
v 14.878421 1.165631 3.034539 1.000000 1.000000 1.000000 1.000000
v 14.890328 1.166385 2.980620 1.000000 1.000000 1.000000 1.000000
v 14.545033 1.488058 2.802612 1.000000 1.000000 1.000000 1.000000
v 14.567662 1.479060 2.759260 1.000000 1.000000 1.000000 1.000000
v 14.188762 1.858213 2.530777 1.000000 1.000000 1.000000 1.000000
v 14.567662 1.479060 1.839506 1.000000 1.000000 1.000000 1.000000
v 14.201479 1.858198 2.477574 1.000000 1.000000 1.000000 1.000000
v 13.821191 2.253878 2.259196 1.000000 1.000000 1.000000 1.000000
v 14.201479 1.858198 1.651716 1.000000 1.000000 1.000000 1.000000
v 13.834643 2.253885 2.208357 1.000000 1.000000 1.000000 1.000000
v 13.453619 2.649544 1.987615 1.000000 1.000000 1.000000 1.000000
v 14.201481 1.858196 -1.650721 1.000000 1.000000 1.000000 1.000000
v 13.467806 2.649573 1.939140 1.000000 1.000000 1.000000 1.000000
v 13.161259 3.017272 1.765526 1.000000 1.000000 1.000000 1.000000
v 13.834560 2.253975 1.470423 1.000000 1.000000 1.000000 1.000000
v 13.834608 2.253923 -1.472044 1.000000 1.000000 1.000000 1.000000
v 13.467806 2.649572 -1.939141 1.000000 1.000000 1.000000 1.000000
v 13.161259 3.017272 -1.765527 1.000000 1.000000 1.000000 1.000000
v 13.467804 2.649575 -1.292405 1.000000 1.000000 1.000000 1.000000
v 13.175132 3.017276 -1.716254 1.000000 1.000000 1.000000 1.000000
v 12.925525 3.432270 -1.580930 1.000000 1.000000 1.000000 1.000000
v 13.467808 2.649571 1.291818 1.000000 1.000000 1.000000 1.000000
v 12.939254 3.432273 -1.531391 1.000000 1.000000 1.000000 1.000000
v 12.703113 3.904301 -1.402975 1.000000 1.000000 1.000000 1.000000
v 13.175132 3.017276 -1.144169 1.000000 1.000000 1.000000 1.000000
v 13.175130 3.017278 1.141303 1.000000 1.000000 1.000000 1.000000
v 13.175132 3.017277 1.716253 1.000000 1.000000 1.000000 1.000000
v 12.925525 3.432271 1.580929 1.000000 1.000000 1.000000 1.000000
v 12.939254 3.432273 1.531390 1.000000 1.000000 1.000000 1.000000
v 12.702048 3.906562 1.402122 1.000000 1.000000 1.000000 1.000000
v 12.939254 3.432273 -1.020927 1.000000 1.000000 1.000000 1.000000
v 12.939253 3.432275 1.019941 1.000000 1.000000 1.000000 1.000000
v 12.752304 3.829051 1.381776 1.000000 1.000000 1.000000 1.000000
v 12.752304 3.829050 -1.381777 1.000000 1.000000 1.000000 1.000000
v 12.415673 4.543510 1.112292 1.000000 1.000000 1.000000 1.000000
v 12.177677 5.019384 0.982634 1.000000 1.000000 1.000000 1.000000
v 12.191452 5.019384 0.932932 1.000000 1.000000 1.000000 1.000000
v 12.752242 3.829181 0.918467 1.000000 1.000000 1.000000 1.000000
v 12.191452 5.019384 0.621955 1.000000 1.000000 1.000000 1.000000
v 12.752131 3.829418 -0.909726 1.000000 1.000000 1.000000 1.000000
v 12.191452 5.019385 -0.676965 1.000000 1.000000 1.000000 1.000000
v 12.191452 5.019384 -0.932933 1.000000 1.000000 1.000000 1.000000
v 12.415643 4.543576 -1.112269 1.000000 1.000000 1.000000 1.000000
v 12.177677 5.019384 -0.982635 1.000000 1.000000 1.000000 1.000000
v 16.082750 0.000000 3.966974 1.000000 1.000000 1.000000 1.000000
v 15.811624 0.291590 3.707800 1.000000 1.000000 1.000000 1.000000
v 16.122948 0.000000 3.932406 1.000000 1.000000 1.000000 1.000000
v 15.772815 0.291574 3.743497 1.000000 1.000000 1.000000 1.000000
v 15.500299 0.583180 3.483193 1.000000 1.000000 1.000000 1.000000
v 16.027842 0.000000 3.979627 1.000000 1.000000 1.000000 1.000000
v 15.280882 0.754695 3.388359 1.000000 1.000000 1.000000 1.000000
v 14.878421 1.165631 3.034539 1.000000 1.000000 1.000000 1.000000
v 15.719797 0.291551 3.756575 1.000000 1.000000 1.000000 1.000000
v 14.570764 0.000000 3.979627 1.000000 1.000000 1.000000 1.000000
v 14.843005 1.166294 3.073066 1.000000 1.000000 1.000000 1.000000
v 14.545033 1.488058 2.802612 1.000000 1.000000 1.000000 1.000000
v 15.313295 0.676173 3.462322 1.000000 1.000000 1.000000 1.000000
v 13.659256 0.865697 3.317323 1.000000 1.000000 1.000000 1.000000
v 10.074653 0.000000 3.979627 1.000000 1.000000 1.000000 1.000000
v 14.795660 1.166203 3.087420 1.000000 1.000000 1.000000 1.000000
v 14.512449 1.482651 2.839782 1.000000 1.000000 1.000000 1.000000
v 14.188762 1.858213 2.530777 1.000000 1.000000 1.000000 1.000000
v 14.154019 1.858254 2.569712 1.000000 1.000000 1.000000 1.000000
v 13.821191 2.253878 2.259196 1.000000 1.000000 1.000000 1.000000
v 14.474454 1.463591 2.865585 1.000000 1.000000 1.000000 1.000000
v 13.784435 2.253860 2.296419 1.000000 1.000000 1.000000 1.000000
v 13.453619 2.649544 1.987615 1.000000 1.000000 1.000000 1.000000
v 14.106572 1.858310 2.583937 1.000000 1.000000 1.000000 1.000000
v 13.438122 1.162971 3.089890 1.000000 1.000000 1.000000 1.000000
v 13.159748 1.467757 2.862510 1.000000 1.000000 1.000000 1.000000
v 13.414853 2.649466 2.023126 1.000000 1.000000 1.000000 1.000000
v 13.161259 3.017272 1.765526 1.000000 1.000000 1.000000 1.000000
v 13.734226 2.253834 2.310056 1.000000 1.000000 1.000000 1.000000
v 13.123353 3.017260 1.801602 1.000000 1.000000 1.000000 1.000000
v 12.925525 3.432271 1.580929 1.000000 1.000000 1.000000 1.000000
v 13.361878 2.649358 2.036176 1.000000 1.000000 1.000000 1.000000
v 12.809702 1.861177 2.581950 1.000000 1.000000 1.000000 1.000000
v 12.485659 2.253361 2.310384 1.000000 1.000000 1.000000 1.000000
v 12.888016 3.432264 1.617195 1.000000 1.000000 1.000000 1.000000
v 12.702048 3.906562 1.402122 1.000000 1.000000 1.000000 1.000000
v 13.071570 3.017244 1.814816 1.000000 1.000000 1.000000 1.000000
v 12.147161 2.646899 2.037879 1.000000 1.000000 1.000000 1.000000
v 12.701023 3.829044 1.467651 1.000000 1.000000 1.000000 1.000000
v 12.836777 3.432254 1.630472 1.000000 1.000000 1.000000 1.000000
v 11.886589 3.016641 1.815226 1.000000 1.000000 1.000000 1.000000
v 12.327454 4.621693 1.168912 1.000000 1.000000 1.000000 1.000000
v 12.177677 5.019384 0.982634 1.000000 1.000000 1.000000 1.000000
v 12.140040 5.019384 1.019018 1.000000 1.000000 1.000000 1.000000
v 12.649739 3.829037 1.480938 1.000000 1.000000 1.000000 1.000000
v 12.274402 4.625298 1.180854 1.000000 1.000000 1.000000 1.000000
v 12.088628 5.019384 1.032336 1.000000 1.000000 1.000000 1.000000
v 11.655684 3.431220 1.630859 1.000000 1.000000 1.000000 1.000000
v 11.496085 3.826321 1.481962 1.000000 1.000000 1.000000 1.000000
v 11.156909 4.629398 1.179308 1.000000 1.000000 1.000000 1.000000
v 10.775400 5.019392 1.032329 1.000000 1.000000 1.000000 1.000000
v 6.912537 5.019356 1.032359 1.000000 1.000000 1.000000 1.000000
v 0.000000 3.828057 1.481307 1.000000 1.000000 1.000000 1.000000
v 3.296899 5.019382 1.032336 1.000000 1.000000 1.000000 1.000000
v 0.000000 5.019449 1.032313 1.000000 1.000000 1.000000 1.000000
v 0.000000 3.431123 1.630898 1.000000 1.000000 1.000000 1.000000
v 5.444676 3.430738 1.631044 1.000000 1.000000 1.000000 1.000000
v 0.000000 3.014260 1.817703 1.000000 1.000000 1.000000 1.000000
v 6.093934 3.015278 1.816540 1.000000 1.000000 1.000000 1.000000
v 2.429432 2.627226 2.051502 1.000000 1.000000 1.000000 1.000000
v 0.000000 2.622920 2.054490 1.000000 1.000000 1.000000 1.000000
v 0.000000 2.247907 2.314161 1.000000 1.000000 1.000000 1.000000
v 7.595859 2.637793 2.044185 1.000000 1.000000 1.000000 1.000000
v 6.089958 2.250905 2.312086 1.000000 1.000000 1.000000 1.000000
v 0.000000 1.874855 2.572481 1.000000 1.000000 1.000000 1.000000
v 3.847247 1.870421 2.575551 1.000000 1.000000 1.000000 1.000000
v 0.000000 1.501822 2.837435 1.000000 1.000000 1.000000 1.000000
v 7.346414 1.865793 2.578759 1.000000 1.000000 1.000000 1.000000
v 3.947579 1.492386 2.844374 1.000000 1.000000 1.000000 1.000000
v 0.000000 1.138355 3.108729 1.000000 1.000000 1.000000 1.000000
v 10.526876 1.474389 2.857631 1.000000 1.000000 1.000000 1.000000
v 7.431444 1.483176 2.851154 1.000000 1.000000 1.000000 1.000000
v 4.035180 1.145523 3.103241 1.000000 1.000000 1.000000 1.000000
v 0.000000 0.841876 3.335547 1.000000 1.000000 1.000000 1.000000
v 8.242025 1.154268 3.096556 1.000000 1.000000 1.000000 1.000000
v 0.000000 0.000000 3.979627 1.000000 1.000000 1.000000 1.000000
v 1.457076 0.000000 3.979627 1.000000 1.000000 1.000000 1.000000
v 2.914152 0.000000 3.979627 1.000000 1.000000 1.000000 1.000000
v 9.611448 0.866897 3.316405 1.000000 1.000000 1.000000 1.000000
v 5.076991 0.844729 3.333365 1.000000 1.000000 1.000000 1.000000
v 4.287217 0.286381 3.760530 1.000000 1.000000 1.000000 1.000000
v 0.000000 5.765811 -0.862941 1.000000 1.000000 1.000000 1.000000
v 2.168723 5.765814 -0.862620 1.000000 1.000000 1.000000 1.000000
v 2.168722 5.765814 0.862619 1.000000 1.000000 1.000000 1.000000
v 0.000000 5.765810 0.862940 1.000000 1.000000 1.000000 1.000000
v 2.168723 5.765814 -0.862620 1.000000 1.000000 1.000000 1.000000
v 3.253084 5.765814 -0.862460 1.000000 1.000000 1.000000 1.000000
v 3.253083 5.765814 0.862459 1.000000 1.000000 1.000000 1.000000
v 2.168722 5.765814 0.862619 1.000000 1.000000 1.000000 1.000000
v 3.253084 5.765814 -0.862460 1.000000 1.000000 1.000000 1.000000
v 4.337445 5.765814 0.862299 1.000000 1.000000 1.000000 1.000000
v 3.253083 5.765814 0.862459 1.000000 1.000000 1.000000 1.000000
v 4.337446 5.765814 -0.862300 1.000000 1.000000 1.000000 1.000000
v 5.421806 5.765814 0.862139 1.000000 1.000000 1.000000 1.000000
v 4.337445 5.765814 0.862299 1.000000 1.000000 1.000000 1.000000
v 5.421806 5.765812 -0.862139 1.000000 1.000000 1.000000 1.000000
v 7.590528 5.765814 -0.861819 1.000000 1.000000 1.000000 1.000000
v 7.590528 5.765814 0.861819 1.000000 1.000000 1.000000 1.000000
v 5.421806 5.765814 0.862139 1.000000 1.000000 1.000000 1.000000
v 8.674890 5.765814 -0.861659 1.000000 1.000000 1.000000 1.000000
v 7.590528 5.765814 0.861819 1.000000 1.000000 1.000000 1.000000
v 7.590528 5.765814 -0.861819 1.000000 1.000000 1.000000 1.000000
v 8.674891 5.765814 0.861659 1.000000 1.000000 1.000000 1.000000
v 9.759251 5.765815 -0.861507 1.000000 1.000000 1.000000 1.000000
v 8.674891 5.765814 0.861659 1.000000 1.000000 1.000000 1.000000
v 8.674890 5.765814 -0.861659 1.000000 1.000000 1.000000 1.000000
v 9.759251 5.765815 0.861498 1.000000 1.000000 1.000000 1.000000
v 0.000000 -0.000000 -3.979627 1.000000 1.000000 1.000000 1.000000
v 0.000000 -0.000000 -2.454103 1.000000 1.000000 1.000000 1.000000
v 1.457076 -0.000000 -3.979627 1.000000 1.000000 1.000000 1.000000
v 4.119844 -0.000000 -2.454103 1.000000 1.000000 1.000000 1.000000
v 2.914152 -0.000000 -3.979627 1.000000 1.000000 1.000000 1.000000
v 4.371229 -0.000000 -3.979627 1.000000 1.000000 1.000000 1.000000
v 5.828306 -0.000000 -3.979627 1.000000 1.000000 1.000000 1.000000
v 7.285382 -0.000000 -3.979627 1.000000 1.000000 1.000000 1.000000
v 8.742458 -0.000000 -3.979627 1.000000 1.000000 1.000000 1.000000
v 10.199534 -0.000000 -3.979627 1.000000 1.000000 1.000000 1.000000
v 11.656611 -0.000000 -3.979627 1.000000 1.000000 1.000000 1.000000
v 13.113688 -0.000000 -3.979627 1.000000 1.000000 1.000000 1.000000
v 14.570764 -0.000000 -3.979627 1.000000 1.000000 1.000000 1.000000
v 12.976887 -0.000000 -2.454103 1.000000 1.000000 1.000000 1.000000
v 16.027842 -0.000000 -3.979627 1.000000 1.000000 1.000000 1.000000
v 13.010749 -0.000000 -2.446301 1.000000 1.000000 1.000000 1.000000
v 16.082750 -0.000000 -3.966974 1.000000 1.000000 1.000000 1.000000
v 13.035537 -0.000000 -2.424984 1.000000 1.000000 1.000000 1.000000
v 16.122948 -0.000000 -3.932406 1.000000 1.000000 1.000000 1.000000
v 16.137661 -0.000000 -3.885185 1.000000 1.000000 1.000000 1.000000
v 13.044609 -0.000000 -2.395864 1.000000 1.000000 1.000000 1.000000
v 16.137661 -0.000000 -2.590124 1.000000 1.000000 1.000000 1.000000
v 16.137661 -0.000000 -1.295062 1.000000 1.000000 1.000000 1.000000
v 13.044609 0.000000 2.395864 1.000000 1.000000 1.000000 1.000000
v 16.137661 0.000000 0.000000 1.000000 1.000000 1.000000 1.000000
v 16.137661 0.000000 1.295062 1.000000 1.000000 1.000000 1.000000
v 16.137661 0.000000 2.590124 1.000000 1.000000 1.000000 1.000000
v 16.137661 0.000000 3.885185 1.000000 1.000000 1.000000 1.000000
v 13.035537 0.000000 2.424984 1.000000 1.000000 1.000000 1.000000
v 16.122948 0.000000 3.932406 1.000000 1.000000 1.000000 1.000000
v 16.082750 0.000000 3.966974 1.000000 1.000000 1.000000 1.000000
v 13.010749 0.000000 2.446301 1.000000 1.000000 1.000000 1.000000
v 16.027842 0.000000 3.979627 1.000000 1.000000 1.000000 1.000000
v 12.976887 0.000000 2.454103 1.000000 1.000000 1.000000 1.000000
v 14.570764 0.000000 3.979627 1.000000 1.000000 1.000000 1.000000
v 10.074653 0.000000 3.979627 1.000000 1.000000 1.000000 1.000000
v 4.115658 0.000000 2.454103 1.000000 1.000000 1.000000 1.000000
v 2.914152 0.000000 3.979627 1.000000 1.000000 1.000000 1.000000
v 1.457076 0.000000 3.979627 1.000000 1.000000 1.000000 1.000000
v 0.000000 0.000000 2.454103 1.000000 1.000000 1.000000 1.000000
v 0.000000 0.000000 3.979627 1.000000 1.000000 1.000000 1.000000
v 11.974091 5.765795 -0.846344 1.000000 1.000000 1.000000 1.000000
v 12.007914 5.765815 -0.805197 1.000000 1.000000 1.000000 1.000000
v 12.020279 5.765815 -0.749224 1.000000 1.000000 1.000000 1.000000
v 12.020279 5.765815 -0.306795 1.000000 1.000000 1.000000 1.000000
v 11.928000 5.765817 -0.861144 1.000000 1.000000 1.000000 1.000000
v 12.020282 5.765814 0.749004 1.000000 1.000000 1.000000 1.000000
v 12.007969 5.765841 0.804464 1.000000 1.000000 1.000000 1.000000
v 11.974127 5.765815 0.846173 1.000000 1.000000 1.000000 1.000000
v 11.927974 5.765815 0.861176 1.000000 1.000000 1.000000 1.000000
v 11.927974 5.765815 0.861176 1.000000 1.000000 1.000000 1.000000
v 9.759251 5.765815 0.861498 1.000000 1.000000 1.000000 1.000000
v 9.759251 5.765815 -0.861507 1.000000 1.000000 1.000000 1.000000
v 0.000000 5.492663 -1.632448 1.000000 1.000000 1.000000 1.000000
v 2.168723 5.765814 -0.862620 1.000000 1.000000 1.000000 1.000000
v 0.000000 5.765811 -0.862941 1.000000 1.000000 1.000000 1.000000
v 3.253084 5.765814 -0.862460 1.000000 1.000000 1.000000 1.000000
v 5.057455 5.493226 -1.630319 1.000000 1.000000 1.000000 1.000000
v 4.337446 5.765814 -0.862300 1.000000 1.000000 1.000000 1.000000
v 5.421806 5.765812 -0.862139 1.000000 1.000000 1.000000 1.000000
v 0.000000 5.472482 -1.661718 1.000000 1.000000 1.000000 1.000000
v 7.590528 5.765814 -0.861819 1.000000 1.000000 1.000000 1.000000
v 8.513021 5.473689 -1.659634 1.000000 1.000000 1.000000 1.000000
v 0.000000 5.443202 -1.681118 1.000000 1.000000 1.000000 1.000000
v 11.378577 5.493989 -1.627485 1.000000 1.000000 1.000000 1.000000
v 8.674890 5.765814 -0.861659 1.000000 1.000000 1.000000 1.000000
v 9.759251 5.765815 -0.861507 1.000000 1.000000 1.000000 1.000000
v 11.928000 5.765817 -0.861144 1.000000 1.000000 1.000000 1.000000
v 12.549139 5.494140 -1.626961 1.000000 1.000000 1.000000 1.000000
v 11.974091 5.765795 -0.846344 1.000000 1.000000 1.000000 1.000000
v 11.417376 5.474049 -1.658994 1.000000 1.000000 1.000000 1.000000
v 11.424763 5.443117 -1.680507 1.000000 1.000000 1.000000 1.000000
v 12.559114 5.474209 -1.658716 1.000000 1.000000 1.000000 1.000000
v 12.590981 5.494145 -1.610236 1.000000 1.000000 1.000000 1.000000
v 11.398751 5.406507 -1.688063 1.000000 1.000000 1.000000 1.000000
v 0.000000 5.407965 -1.688068 1.000000 1.000000 1.000000 1.000000
v 12.566979 5.443204 -1.680431 1.000000 1.000000 1.000000 1.000000
v 12.606230 5.474216 -1.643769 1.000000 1.000000 1.000000 1.000000
v 12.621606 5.494149 -1.564575 1.000000 1.000000 1.000000 1.000000
v 12.007914 5.765815 -0.805197 1.000000 1.000000 1.000000 1.000000
v 12.640720 5.474221 -1.602952 1.000000 1.000000 1.000000 1.000000
v 12.632816 5.494151 -1.502209 1.000000 1.000000 1.000000 1.000000
v 12.020279 5.765815 -0.749224 1.000000 1.000000 1.000000 1.000000
v 12.653343 5.474223 -1.547201 1.000000 1.000000 1.000000 1.000000
v 12.632816 5.494151 -1.001473 1.000000 1.000000 1.000000 1.000000
v 12.020279 5.765815 -0.306795 1.000000 1.000000 1.000000 1.000000
v 12.653343 5.474222 -1.028499 1.000000 1.000000 1.000000 1.000000
v 12.632812 5.494152 0.998305 1.000000 1.000000 1.000000 1.000000
v 12.020282 5.765814 0.749004 1.000000 1.000000 1.000000 1.000000
v 12.632816 5.494151 1.502208 1.000000 1.000000 1.000000 1.000000
v 12.007969 5.765841 0.804464 1.000000 1.000000 1.000000 1.000000
v 12.653343 5.474223 1.031466 1.000000 1.000000 1.000000 1.000000
v 12.621606 5.494149 1.564574 1.000000 1.000000 1.000000 1.000000
v 11.974127 5.765815 0.846173 1.000000 1.000000 1.000000 1.000000
v 12.653343 5.474223 1.547200 1.000000 1.000000 1.000000 1.000000
v 12.667385 5.443203 1.050793 1.000000 1.000000 1.000000 1.000000
v 12.667385 5.443202 -1.050790 1.000000 1.000000 1.000000 1.000000
v 12.667384 5.443207 1.578561 1.000000 1.000000 1.000000 1.000000
v 12.667384 5.443207 -1.578562 1.000000 1.000000 1.000000 1.000000
v 12.672321 5.406390 1.050840 1.000000 1.000000 1.000000 1.000000
v 12.672321 5.406386 -1.050370 1.000000 1.000000 1.000000 1.000000
v 12.653933 5.443207 -1.629495 1.000000 1.000000 1.000000 1.000000
v 12.672321 5.406394 -1.587426 1.000000 1.000000 1.000000 1.000000
v 12.617183 5.443205 -1.666781 1.000000 1.000000 1.000000 1.000000
v 12.658839 5.406396 -1.637746 1.000000 1.000000 1.000000 1.000000
v 12.672321 5.271875 -1.042647 1.000000 1.000000 1.000000 1.000000
v 12.571682 5.406405 -1.688066 1.000000 1.000000 1.000000 1.000000
v 12.622002 5.406400 -1.674583 1.000000 1.000000 1.000000 1.000000
v 11.417684 5.271821 -1.688064 1.000000 1.000000 1.000000 1.000000
v 12.571745 5.271861 -1.688066 1.000000 1.000000 1.000000 1.000000
v 12.622033 5.271861 -1.674591 1.000000 1.000000 1.000000 1.000000
v 5.926477 5.271785 -1.688065 1.000000 1.000000 1.000000 1.000000
v 0.000000 5.271828 -1.688071 1.000000 1.000000 1.000000 1.000000
v 0.000000 5.236829 -1.680464 1.000000 1.000000 1.000000 1.000000
v 11.412883 5.235195 -1.679934 1.000000 1.000000 1.000000 1.000000
v 12.566002 5.235159 -1.679946 1.000000 1.000000 1.000000 1.000000
v 12.616184 5.235153 -1.666351 1.000000 1.000000 1.000000 1.000000
v 12.658848 5.271861 -1.637778 1.000000 1.000000 1.000000 1.000000
v 12.601020 5.205002 -1.642750 1.000000 1.000000 1.000000 1.000000
v 12.672321 5.271861 -1.587490 1.000000 1.000000 1.000000 1.000000
v 12.652919 5.235148 -1.629211 1.000000 1.000000 1.000000 1.000000
v 12.666365 5.235147 -1.578478 1.000000 1.000000 1.000000 1.000000
v 12.636544 5.204995 -1.603763 1.000000 1.000000 1.000000 1.000000
v 12.552492 5.205014 -1.657024 1.000000 1.000000 1.000000 1.000000
v 12.579491 5.187156 -1.608705 1.000000 1.000000 1.000000 1.000000
v 12.649547 5.204991 -1.550509 1.000000 1.000000 1.000000 1.000000
v 11.411356 5.205283 -1.657184 1.000000 1.000000 1.000000 1.000000
v 12.613071 5.187147 -1.566791 1.000000 1.000000 1.000000 1.000000
v 12.533615 5.187170 -1.624054 1.000000 1.000000 1.000000 1.000000
v 12.140040 5.019384 -1.019019 1.000000 1.000000 1.000000 1.000000
v 12.177677 5.019384 -0.982635 1.000000 1.000000 1.000000 1.000000
v 12.088628 5.019384 -1.032337 1.000000 1.000000 1.000000 1.000000
v 12.625362 5.187143 -1.509541 1.000000 1.000000 1.000000 1.000000
v 12.191452 5.019384 -0.932933 1.000000 1.000000 1.000000 1.000000
v 11.394196 5.187506 -1.624335 1.000000 1.000000 1.000000 1.000000
v 10.989661 5.019384 -1.032337 1.000000 1.000000 1.000000 1.000000
v 12.625362 5.187143 -1.006361 1.000000 1.000000 1.000000 1.000000
v 12.191452 5.019385 -0.676965 1.000000 1.000000 1.000000 1.000000
v 12.649547 5.204991 -1.033673 1.000000 1.000000 1.000000 1.000000
v 12.666370 5.235162 -1.045358 1.000000 1.000000 1.000000 1.000000
v 12.649558 5.205004 1.015919 1.000000 1.000000 1.000000 1.000000
v 12.625363 5.187144 0.019018 1.000000 1.000000 1.000000 1.000000
v 12.191452 5.019384 0.621955 1.000000 1.000000 1.000000 1.000000
v 12.625362 5.187143 1.006360 1.000000 1.000000 1.000000 1.000000
v 12.191452 5.019384 0.932932 1.000000 1.000000 1.000000 1.000000
v 12.625362 5.187143 1.509540 1.000000 1.000000 1.000000 1.000000
v 12.177677 5.019384 0.982634 1.000000 1.000000 1.000000 1.000000
v 12.666374 5.235178 1.045543 1.000000 1.000000 1.000000 1.000000
v 12.649547 5.204991 1.550508 1.000000 1.000000 1.000000 1.000000
v 12.613071 5.187147 1.566790 1.000000 1.000000 1.000000 1.000000
v 12.140040 5.019384 1.019018 1.000000 1.000000 1.000000 1.000000
v 12.672321 5.271875 1.048473 1.000000 1.000000 1.000000 1.000000
v 12.666365 5.235147 1.578477 1.000000 1.000000 1.000000 1.000000
v 12.636544 5.204995 1.603762 1.000000 1.000000 1.000000 1.000000
v 12.579491 5.187156 1.608703 1.000000 1.000000 1.000000 1.000000
v 12.533615 5.187170 1.624053 1.000000 1.000000 1.000000 1.000000
v 12.088628 5.019384 1.032336 1.000000 1.000000 1.000000 1.000000
v 12.601020 5.205002 1.642748 1.000000 1.000000 1.000000 1.000000
v 11.394196 5.187506 1.624334 1.000000 1.000000 1.000000 1.000000
v 10.775400 5.019392 1.032329 1.000000 1.000000 1.000000 1.000000
v 12.552492 5.205014 1.657023 1.000000 1.000000 1.000000 1.000000
v 11.411356 5.205283 1.657183 1.000000 1.000000 1.000000 1.000000
v 9.187705 5.188200 1.624879 1.000000 1.000000 1.000000 1.000000
v 6.912537 5.019356 1.032359 1.000000 1.000000 1.000000 1.000000
v 6.894781 5.206373 1.657854 1.000000 1.000000 1.000000 1.000000
v 4.074517 5.189653 1.626094 1.000000 1.000000 1.000000 1.000000
v 3.296899 5.019382 1.032336 1.000000 1.000000 1.000000 1.000000
v 0.000000 5.190758 1.627206 1.000000 1.000000 1.000000 1.000000
v 0.000000 5.019449 1.032313 1.000000 1.000000 1.000000 1.000000
v 0.000000 5.207938 1.658737 1.000000 1.000000 1.000000 1.000000
v 0.000000 5.236829 1.680463 1.000000 1.000000 1.000000 1.000000
v 11.412904 5.235195 1.679933 1.000000 1.000000 1.000000 1.000000
v 5.925938 5.271785 1.688064 1.000000 1.000000 1.000000 1.000000
v 0.000000 5.271828 1.688069 1.000000 1.000000 1.000000 1.000000
v 0.000000 5.407965 1.688067 1.000000 1.000000 1.000000 1.000000
v 12.566002 5.235159 1.679945 1.000000 1.000000 1.000000 1.000000
v 11.417679 5.271821 1.688063 1.000000 1.000000 1.000000 1.000000
v 11.398324 5.406507 1.688062 1.000000 1.000000 1.000000 1.000000
v 0.000000 5.443202 1.681117 1.000000 1.000000 1.000000 1.000000
v 12.571745 5.271861 1.688065 1.000000 1.000000 1.000000 1.000000
v 12.616184 5.235153 1.666350 1.000000 1.000000 1.000000 1.000000
v 12.652919 5.235148 1.629210 1.000000 1.000000 1.000000 1.000000
v 12.571682 5.406405 1.688065 1.000000 1.000000 1.000000 1.000000
v 12.672321 5.271861 1.587488 1.000000 1.000000 1.000000 1.000000
v 12.658848 5.271861 1.637777 1.000000 1.000000 1.000000 1.000000
v 12.622033 5.271861 1.674590 1.000000 1.000000 1.000000 1.000000
v 12.658839 5.406396 1.637745 1.000000 1.000000 1.000000 1.000000
v 12.672321 5.406394 1.587425 1.000000 1.000000 1.000000 1.000000
v 12.622002 5.406400 1.674582 1.000000 1.000000 1.000000 1.000000
v 12.653933 5.443207 1.629494 1.000000 1.000000 1.000000 1.000000
v 12.617183 5.443205 1.666780 1.000000 1.000000 1.000000 1.000000
v 12.566979 5.443204 1.680430 1.000000 1.000000 1.000000 1.000000
v 12.606230 5.474216 1.643767 1.000000 1.000000 1.000000 1.000000
v 12.640720 5.474221 1.602951 1.000000 1.000000 1.000000 1.000000
v 12.590981 5.494145 1.610234 1.000000 1.000000 1.000000 1.000000
v 12.559114 5.474209 1.658715 1.000000 1.000000 1.000000 1.000000
v 12.549139 5.494140 1.626959 1.000000 1.000000 1.000000 1.000000
v 11.927974 5.765815 0.861176 1.000000 1.000000 1.000000 1.000000
v 11.424714 5.443117 1.680506 1.000000 1.000000 1.000000 1.000000
v 11.417376 5.474049 1.658993 1.000000 1.000000 1.000000 1.000000
v 11.384491 5.493992 1.627485 1.000000 1.000000 1.000000 1.000000
v 9.759251 5.765815 0.861498 1.000000 1.000000 1.000000 1.000000
v 8.674891 5.765814 0.861659 1.000000 1.000000 1.000000 1.000000
v 8.505435 5.473689 1.659634 1.000000 1.000000 1.000000 1.000000
v 0.000000 5.472482 1.661717 1.000000 1.000000 1.000000 1.000000
v 5.035305 5.493225 1.630324 1.000000 1.000000 1.000000 1.000000
v 7.590528 5.765814 0.861819 1.000000 1.000000 1.000000 1.000000
v 5.421806 5.765814 0.862139 1.000000 1.000000 1.000000 1.000000
v 4.337445 5.765814 0.862299 1.000000 1.000000 1.000000 1.000000
v 3.253083 5.765814 0.862459 1.000000 1.000000 1.000000 1.000000
v 0.000000 5.492663 1.632447 1.000000 1.000000 1.000000 1.000000
v 2.168722 5.765814 0.862619 1.000000 1.000000 1.000000 1.000000
v 0.000000 5.765810 0.862940 1.000000 1.000000 1.000000 1.000000
v 3.296899 5.019382 -1.032337 1.000000 1.000000 1.000000 1.000000
v 0.000000 5.190763 -1.627197 1.000000 1.000000 1.000000 1.000000
v 0.000001 5.019449 -1.032315 1.000000 1.000000 1.000000 1.000000
v 4.610570 5.189499 -1.625980 1.000000 1.000000 1.000000 1.000000
v 4.395865 5.019382 -1.032337 1.000000 1.000000 1.000000 1.000000
v 5.494831 5.019382 -1.032337 1.000000 1.000000 1.000000 1.000000
v 0.000000 5.207940 -1.658739 1.000000 1.000000 1.000000 1.000000
v 6.593797 5.019383 -1.032337 1.000000 1.000000 1.000000 1.000000
v 6.905314 5.206372 -1.657854 1.000000 1.000000 1.000000 1.000000
v 9.339464 5.188165 -1.624835 1.000000 1.000000 1.000000 1.000000
v 7.692763 5.019383 -1.032337 1.000000 1.000000 1.000000 1.000000
v 8.791729 5.019383 -1.032337 1.000000 1.000000 1.000000 1.000000
v 9.890695 5.019384 -1.032337 1.000000 1.000000 1.000000 1.000000
vt 0.088440 0.947968
vt 0.092407 0.902222
vt 0.092407 0.947968
vt 0.088440 0.902222
vt 0.092407 0.868286
vt 0.084534 0.947968
vt 0.088440 0.868286
vt 0.092407 0.834961
vt 0.084534 0.902222
vt 0.080750 0.947968
vt 0.088440 0.820679
vt 0.092407 0.802856
vt 0.092407 0.759644
vt 0.080750 0.902222
vt 0.076965 0.947968
vt 0.084534 0.868286
vt 0.076965 0.902222
vt 0.073242 0.947968
vt 0.080750 0.868286
vt 0.084595 0.817505
vt 0.073242 0.902222
vt 0.069458 0.947968
vt 0.088440 0.758667
vt 0.092407 0.699219
vt 0.069458 0.902222
vt 0.065674 0.947968
vt 0.088440 0.705322
vt 0.092407 0.667725
vt 0.065674 0.902222
vt 0.061859 0.947968
vt 0.088440 0.655029
vt 0.092407 0.646973
vt 0.092407 0.627197
vt 0.061859 0.902222
vt 0.057983 0.947968
vt 0.088440 0.617920
vt 0.092407 0.607178
vt 0.092407 0.585938
vt 0.057983 0.902222
vt 0.054108 0.947968
vt 0.088440 0.585938
vt 0.092407 0.561768
vt 0.061859 0.868286
vt 0.088440 0.547852
vt 0.092407 0.534180
vt 0.092407 0.501709
vt 0.065674 0.868286
vt 0.088440 0.483887
vt 0.092407 0.463379
vt 0.092407 0.418457
vt 0.069458 0.868286
vt 0.088440 0.394043
vt 0.092407 0.368652
vt 0.092407 0.313965
vt 0.073181 0.841431
vt 0.088440 0.283691
vt 0.092407 0.256348
vt 0.092407 0.196777
vt 0.076965 0.840942
vt 0.088440 0.166504
vt 0.092407 0.135254
vt 0.092407 0.074219
vt 0.080811 0.819092
vt 0.088440 0.074219
vt 0.092407 0.013672
vt 0.088440 0.013672
vt 0.084534 0.074219
vt 0.084534 0.013672
vt 0.084534 0.166992
vt 0.080750 0.074219
vt 0.080750 0.013672
vt 0.076965 0.013672
vt 0.080750 0.163574
vt 0.076965 0.074219
vt 0.073242 0.013672
vt 0.080688 0.283203
vt 0.073242 0.074219
vt 0.069458 0.013672
vt 0.076965 0.167969
vt 0.069458 0.074219
vt 0.065674 0.013672
vt 0.073181 0.165039
vt 0.076965 0.290039
vt 0.065674 0.074219
vt 0.061859 0.013672
vt 0.069458 0.163086
vt 0.073242 0.290527
vt 0.061859 0.117188
vt 0.065674 0.162598
vt 0.069458 0.288086
vt 0.058014 0.105957
vt 0.057983 0.013672
vt 0.054108 0.013672
vt 0.054138 0.106934
vt 0.050232 0.013672
vt 0.058014 0.221680
vt 0.061890 0.229492
vt 0.050293 0.104492
vt 0.046356 0.013672
vt 0.054108 0.227051
vt 0.057983 0.338867
vt 0.065674 0.282227
vt 0.061859 0.350098
vt 0.054077 0.341309
vt 0.057983 0.439941
vt 0.065674 0.399902
vt 0.050232 0.228516
vt 0.069458 0.397949
vt 0.061859 0.448242
vt 0.073181 0.396973
vt 0.069458 0.463379
vt 0.076965 0.395508
vt 0.073242 0.463379
vt 0.076965 0.463379
vt 0.080750 0.390625
vt 0.080750 0.463379
vt 0.084534 0.285156
vt 0.084595 0.394043
vt 0.084595 0.483887
vt 0.080750 0.501709
vt 0.084534 0.534180
vt 0.080750 0.534180
vt 0.076965 0.501709
vt 0.080750 0.561768
vt 0.073242 0.501709
vt 0.076965 0.534180
vt 0.069458 0.501709
vt 0.073242 0.534180
vt 0.076965 0.561768
vt 0.084534 0.561768
vt 0.080750 0.585938
vt 0.084534 0.585938
vt 0.076965 0.585938
vt 0.084656 0.617920
vt 0.080811 0.615967
vt 0.084534 0.653564
vt 0.080750 0.653564
vt 0.084534 0.703857
vt 0.084595 0.755737
vt 0.080750 0.705811
vt 0.080750 0.757690
vt 0.076965 0.654053
vt 0.076965 0.706299
vt 0.076965 0.758057
vt 0.076965 0.802856
vt 0.073242 0.706543
vt 0.073242 0.802856
vt 0.073242 0.758545
vt 0.069397 0.817017
vt 0.069458 0.758911
vt 0.065674 0.819580
vt 0.065674 0.759521
vt 0.069458 0.707031
vt 0.061859 0.821533
vt 0.061859 0.760986
vt 0.065674 0.707275
vt 0.061859 0.708984
vt 0.057983 0.790039
vt 0.057983 0.731934
vt 0.057983 0.834961
vt 0.057983 0.868286
vt 0.054108 0.834961
vt 0.054108 0.902222
vt 0.054108 0.868286
vt 0.050232 0.902222
vt 0.050232 0.947968
vt 0.050232 0.868286
vt 0.050232 0.834961
vt 0.046356 0.902222
vt 0.046356 0.947968
vt 0.046356 0.868286
vt 0.046356 0.820801
vt 0.042664 0.902222
vt 0.042664 0.947968
vt 0.042664 0.868286
vt 0.038940 0.902222
vt 0.038940 0.947968
vt 0.038940 0.868286
vt 0.035217 0.902222
vt 0.035217 0.947968
vt 0.042664 0.818970
vt 0.031464 0.902222
vt 0.031464 0.947968
vt 0.035217 0.868286
vt 0.027603 0.902222
vt 0.027603 0.947968
vt 0.031464 0.868286
vt 0.039001 0.819458
vt 0.035217 0.834961
vt 0.027603 0.868286
vt 0.023666 0.902222
vt 0.023666 0.947968
vt 0.031464 0.834961
vt 0.019669 0.902222
vt 0.019669 0.947968
vt 0.015671 0.902222
vt 0.015671 0.947968
vt 0.015671 0.868286
vt 0.019669 0.868286
vt 0.015671 0.834961
vt 0.023666 0.868286
vt 0.019669 0.834961
vt 0.015671 0.802856
vt 0.023666 0.834961
vt 0.027603 0.834961
vt 0.019684 0.785156
vt 0.015671 0.759644
vt 0.023636 0.786865
vt 0.027573 0.787109
vt 0.019669 0.729492
vt 0.015671 0.699219
vt 0.023651 0.729248
vt 0.019699 0.672119
vt 0.015671 0.667725
vt 0.015671 0.646973
vt 0.027588 0.729980
vt 0.019592 0.634521
vt 0.015671 0.627197
vt 0.015671 0.607178
vt 0.023682 0.656250
vt 0.027542 0.657471
vt 0.019547 0.595215
vt 0.015671 0.585938
vt 0.015671 0.561768
vt 0.023712 0.616211
vt 0.019699 0.551270
vt 0.015671 0.534180
vt 0.023666 0.585938
vt 0.027527 0.617432
vt 0.027603 0.585938
vt 0.019669 0.501709
vt 0.015671 0.501709
vt 0.023590 0.547607
vt 0.027603 0.561768
vt 0.019669 0.448242
vt 0.015671 0.463379
vt 0.015671 0.418457
vt 0.023666 0.501709
vt 0.027603 0.534180
vt 0.019669 0.347168
vt 0.015671 0.368652
vt 0.015671 0.313965
vt 0.027603 0.501709
vt 0.019653 0.229492
vt 0.015671 0.256348
vt 0.015671 0.196777
vt 0.023712 0.392578
vt 0.019653 0.114258
vt 0.015671 0.135254
vt 0.015671 0.074219
vt 0.023682 0.276367
vt 0.019669 0.013672
vt 0.015671 0.013672
vt 0.023712 0.158691
vt 0.023666 0.074219
vt 0.023666 0.013672
vt 0.027603 0.013672
vt 0.027603 0.074219
vt 0.031464 0.013672
vt 0.027634 0.164062
vt 0.031464 0.074219
vt 0.035217 0.013672
vt 0.027603 0.282715
vt 0.031464 0.165039
vt 0.035217 0.074219
vt 0.038940 0.013672
vt 0.031433 0.285645
vt 0.038971 0.099121
vt 0.042664 0.013672
vt 0.035217 0.165527
vt 0.042603 0.105469
vt 0.038971 0.221191
vt 0.035217 0.288086
vt 0.046356 0.074219
vt 0.046356 0.169922
vt 0.042633 0.229980
vt 0.046356 0.286133
vt 0.038971 0.342285
vt 0.042633 0.346191
vt 0.050232 0.342773
vt 0.046356 0.392578
vt 0.054108 0.441895
vt 0.050232 0.442871
vt 0.057983 0.501709
vt 0.054108 0.501709
vt 0.046356 0.463379
vt 0.050232 0.501709
vt 0.042633 0.446777
vt 0.046356 0.501709
vt 0.054108 0.534180
vt 0.050232 0.534180
vt 0.057983 0.534180
vt 0.061859 0.501709
vt 0.058014 0.573242
vt 0.061859 0.534180
vt 0.054138 0.572754
vt 0.050262 0.573730
vt 0.054108 0.607178
vt 0.046356 0.534180
vt 0.042664 0.501709
vt 0.046356 0.561768
vt 0.042664 0.534180
vt 0.038940 0.501709
vt 0.046356 0.585938
vt 0.038940 0.534180
vt 0.042664 0.561768
vt 0.038940 0.561768
vt 0.050232 0.607178
vt 0.042664 0.585938
vt 0.046295 0.617432
vt 0.038940 0.585938
vt 0.035217 0.561768
vt 0.035217 0.585938
vt 0.038940 0.607178
vt 0.035217 0.534180
vt 0.042664 0.618408
vt 0.035217 0.607178
vt 0.038940 0.627197
vt 0.035217 0.627197
vt 0.031464 0.607178
vt 0.031464 0.627197
vt 0.031464 0.585938
vt 0.031403 0.657959
vt 0.031464 0.561768
vt 0.031464 0.534180
vt 0.035217 0.501709
vt 0.031464 0.501709
vt 0.039001 0.443848
vt 0.035217 0.463379
vt 0.035187 0.398926
vt 0.031464 0.463379
vt 0.031433 0.396484
vt 0.027603 0.463379
vt 0.027588 0.395996
vt 0.023666 0.463379
vt 0.031433 0.729736
vt 0.035187 0.658203
vt 0.031403 0.787231
vt 0.035217 0.730957
vt 0.035156 0.788940
vt 0.038971 0.758789
vt 0.038940 0.706299
vt 0.038971 0.653320
vt 0.042664 0.654541
vt 0.042664 0.706299
vt 0.042664 0.758789
vt 0.046387 0.656006
vt 0.046356 0.707764
vt 0.046356 0.760864
vt 0.050232 0.635254
vt 0.050201 0.672852
vt 0.050201 0.729980
vt 0.050201 0.788330
vt 0.054108 0.784546
vt 0.054108 0.727051
vt 0.058014 0.672363
vt 0.054108 0.671387
vt 0.061859 0.656006
vt 0.057983 0.635498
vt 0.054108 0.634277
vt 0.057983 0.607178
vt 0.061859 0.618652
vt 0.061829 0.577881
vt 0.065674 0.654785
vt 0.065674 0.617676
vt 0.069458 0.654297
vt 0.065674 0.585938
vt 0.073181 0.654053
vt 0.069397 0.617432
vt 0.065674 0.561768
vt 0.073242 0.627197
vt 0.076965 0.627197
vt 0.073242 0.607178
vt 0.076965 0.607178
vt 0.069458 0.585938
vt 0.073242 0.585938
vt 0.069458 0.561768
vt 0.073242 0.561768
vt 0.069458 0.534180
vt 0.065674 0.534180
vt 0.065674 0.501709
vt 0.065674 0.463379
vt 0.204712 0.907776
vt 0.200562 0.951233
vt 0.204712 0.951233
vt 0.200562 0.907776
vt 0.196533 0.951233
vt 0.204712 0.873047
vt 0.196533 0.907776
vt 0.192505 0.951233
vt 0.200562 0.873047
vt 0.204712 0.839478
vt 0.192505 0.907776
vt 0.188721 0.951233
vt 0.196533 0.873047
vt 0.200562 0.824951
vt 0.204712 0.806885
vt 0.204712 0.763184
vt 0.188721 0.907776
vt 0.200562 0.762085
vt 0.184937 0.951233
vt 0.204712 0.701904
vt 0.184937 0.907776
vt 0.200562 0.708252
vt 0.204712 0.670410
vt 0.196533 0.821533
vt 0.196533 0.759155
vt 0.200439 0.657715
vt 0.204712 0.649658
vt 0.204712 0.629639
vt 0.196533 0.706787
vt 0.200562 0.620117
vt 0.204712 0.609375
vt 0.204712 0.587646
vt 0.196533 0.656250
vt 0.200562 0.587646
vt 0.204712 0.563477
vt 0.196655 0.619873
vt 0.192505 0.656250
vt 0.200562 0.549316
vt 0.204712 0.535400
vt 0.204712 0.502686
vt 0.196533 0.587646
vt 0.192627 0.618164
vt 0.196533 0.563477
vt 0.200562 0.484863
vt 0.204712 0.463867
vt 0.204712 0.418457
vt 0.196533 0.535400
vt 0.192505 0.587646
vt 0.192505 0.563477
vt 0.200562 0.393555
vt 0.204712 0.368164
vt 0.204712 0.312988
vt 0.196533 0.484863
vt 0.200562 0.282715
vt 0.204712 0.255371
vt 0.204712 0.194824
vt 0.196533 0.394043
vt 0.200562 0.164551
vt 0.204712 0.133301
vt 0.204712 0.071289
vt 0.196533 0.284180
vt 0.200562 0.071289
vt 0.204712 0.010254
vt 0.200562 0.010254
vt 0.196533 0.165039
vt 0.196533 0.071289
vt 0.196533 0.010254
vt 0.192505 0.281738
vt 0.192505 0.071289
vt 0.192505 0.010254
vt 0.188721 0.010254
vt 0.192505 0.161621
vt 0.188721 0.071289
vt 0.184937 0.010254
vt 0.188721 0.166016
vt 0.184937 0.071289
vt 0.181152 0.010254
vt 0.188721 0.288574
vt 0.181152 0.071289
vt 0.177002 0.010254
vt 0.184937 0.162598
vt 0.177002 0.071289
vt 0.172974 0.010254
vt 0.181030 0.161133
vt 0.184937 0.289062
vt 0.192505 0.390625
vt 0.188721 0.395508
vt 0.192505 0.463867
vt 0.184937 0.396973
vt 0.188721 0.463867
vt 0.192505 0.502686
vt 0.192505 0.535400
vt 0.188721 0.502686
vt 0.188721 0.535400
vt 0.184937 0.463867
vt 0.184937 0.502686
vt 0.188721 0.563477
vt 0.184937 0.535400
vt 0.188721 0.587646
vt 0.184937 0.563477
vt 0.181152 0.502686
vt 0.188721 0.609375
vt 0.181152 0.535400
vt 0.184937 0.587646
vt 0.181152 0.563477
vt 0.188721 0.629639
vt 0.184937 0.609375
vt 0.181152 0.587646
vt 0.188721 0.656738
vt 0.184937 0.629639
vt 0.181030 0.619629
vt 0.184937 0.656738
vt 0.192505 0.708740
vt 0.188721 0.708984
vt 0.192505 0.761108
vt 0.184937 0.709229
vt 0.192505 0.806885
vt 0.188721 0.761475
vt 0.192383 0.848633
vt 0.188721 0.806885
vt 0.188721 0.846802
vt 0.184937 0.873047
vt 0.184814 0.821289
vt 0.184937 0.761963
vt 0.181030 0.823242
vt 0.181030 0.762329
vt 0.181152 0.709961
vt 0.181030 0.656982
vt 0.177002 0.710205
vt 0.177002 0.657471
vt 0.177002 0.619873
vt 0.177002 0.587646
vt 0.172974 0.620850
vt 0.177002 0.563477
vt 0.172974 0.579590
vt 0.177002 0.535400
vt 0.172974 0.535400
vt 0.177002 0.502686
vt 0.172974 0.502686
vt 0.169312 0.574951
vt 0.169312 0.535400
vt 0.172974 0.448730
vt 0.169312 0.609375
vt 0.177002 0.463867
vt 0.181152 0.463867
vt 0.177002 0.399414
vt 0.181152 0.397949
vt 0.181152 0.286621
vt 0.177002 0.281250
vt 0.177002 0.160645
vt 0.172974 0.349609
vt 0.172974 0.228027
vt 0.172974 0.114746
vt 0.169312 0.338379
vt 0.169312 0.103516
vt 0.169312 0.010254
vt 0.165649 0.010254
vt 0.169312 0.220215
vt 0.165649 0.104492
vt 0.161987 0.010254
vt 0.165649 0.225586
vt 0.161987 0.102051
vt 0.158325 0.010254
vt 0.165649 0.340820
vt 0.158325 0.071289
vt 0.154663 0.010254
vt 0.161987 0.227051
vt 0.158325 0.167480
vt 0.154663 0.103027
vt 0.151123 0.096680
vt 0.151001 0.010254
vt 0.154663 0.228516
vt 0.147339 0.071289
vt 0.147339 0.010254
vt 0.151123 0.219727
vt 0.147339 0.163574
vt 0.143799 0.071289
vt 0.143799 0.010254
vt 0.143799 0.162598
vt 0.140015 0.071289
vt 0.140015 0.010254
vt 0.140015 0.162109
vt 0.136353 0.071289
vt 0.136353 0.010254
vt 0.132568 0.010254
vt 0.136475 0.156738
vt 0.132568 0.111816
vt 0.128662 0.071289
vt 0.128662 0.010254
vt 0.128662 0.133301
vt 0.128662 0.194824
vt 0.132568 0.227539
vt 0.128662 0.255371
vt 0.128662 0.312988
vt 0.136353 0.275391
vt 0.132568 0.346680
vt 0.128662 0.368164
vt 0.128662 0.418457
vt 0.140015 0.281738
vt 0.136353 0.392578
vt 0.132568 0.448242
vt 0.128662 0.463867
vt 0.128662 0.502686
vt 0.143799 0.284668
vt 0.140015 0.395996
vt 0.136353 0.463867
vt 0.147339 0.287109
vt 0.143799 0.396484
vt 0.140015 0.463867
vt 0.151123 0.341797
vt 0.147339 0.398926
vt 0.143799 0.463867
vt 0.136353 0.502686
vt 0.140015 0.502686
vt 0.132568 0.502686
vt 0.128662 0.535400
vt 0.136353 0.548828
vt 0.132568 0.552490
vt 0.128662 0.563477
vt 0.140015 0.535400
vt 0.132446 0.597168
vt 0.128662 0.587646
vt 0.128662 0.609375
vt 0.136353 0.587646
vt 0.140015 0.563477
vt 0.143799 0.502686
vt 0.143799 0.535400
vt 0.147339 0.463867
vt 0.147339 0.502686
vt 0.151123 0.444336
vt 0.147339 0.535400
vt 0.154663 0.345215
vt 0.151001 0.502686
vt 0.158325 0.284668
vt 0.154663 0.447266
vt 0.158325 0.392090
vt 0.161865 0.341797
vt 0.158325 0.463867
vt 0.161987 0.442871
vt 0.165649 0.442383
vt 0.169312 0.439941
vt 0.169312 0.502686
vt 0.165649 0.502686
vt 0.165649 0.535400
vt 0.161987 0.502686
vt 0.158325 0.502686
vt 0.161987 0.535400
vt 0.165649 0.574463
vt 0.165649 0.609375
vt 0.161987 0.575439
vt 0.158325 0.535400
vt 0.154663 0.502686
vt 0.158325 0.563477
vt 0.151001 0.535400
vt 0.154663 0.535400
vt 0.154663 0.563477
vt 0.151001 0.563477
vt 0.147339 0.563477
vt 0.143799 0.563477
vt 0.147339 0.587646
vt 0.140015 0.587646
vt 0.143799 0.587646
vt 0.136353 0.618164
vt 0.140015 0.619629
vt 0.143799 0.609375
vt 0.132446 0.636963
vt 0.128662 0.629639
vt 0.128662 0.649658
vt 0.136353 0.658691
vt 0.132568 0.674805
vt 0.128662 0.670410
vt 0.128662 0.701904
vt 0.132568 0.732666
vt 0.128662 0.763184
vt 0.136353 0.732422
vt 0.132568 0.789062
vt 0.128662 0.806885
vt 0.140015 0.660156
vt 0.132568 0.839478
vt 0.128662 0.839478
vt 0.136353 0.790771
vt 0.140015 0.733154
vt 0.143799 0.629639
vt 0.143677 0.660645
vt 0.147339 0.609375
vt 0.147339 0.629639
vt 0.151001 0.587646
vt 0.151001 0.609375
vt 0.154663 0.587646
vt 0.158325 0.587646
vt 0.154663 0.620361
vt 0.161987 0.609375
vt 0.158203 0.619629
vt 0.165649 0.636719
vt 0.161987 0.637695
vt 0.169312 0.637939
vt 0.165649 0.674316
vt 0.172974 0.658691
vt 0.169312 0.675293
vt 0.172974 0.711914
vt 0.177002 0.762939
vt 0.169312 0.734863
vt 0.172974 0.764404
vt 0.177002 0.823853
vt 0.181152 0.873047
vt 0.172974 0.825806
vt 0.181152 0.907776
vt 0.181152 0.951233
vt 0.177002 0.873047
vt 0.177002 0.907776
vt 0.177002 0.951233
vt 0.172974 0.951233
vt 0.172974 0.873047
vt 0.172974 0.907776
vt 0.169312 0.951233
vt 0.169312 0.907776
vt 0.165649 0.951233
vt 0.169312 0.873047
vt 0.165649 0.907776
vt 0.169312 0.839478
vt 0.165649 0.873047
vt 0.161987 0.907776
vt 0.161987 0.951233
vt 0.161987 0.873047
vt 0.158325 0.907776
vt 0.158325 0.951233
vt 0.158325 0.873047
vt 0.154663 0.907776
vt 0.154663 0.951233
vt 0.154663 0.873047
vt 0.158325 0.825073
vt 0.151001 0.907776
vt 0.151001 0.951233
vt 0.151001 0.873047
vt 0.147339 0.907776
vt 0.147339 0.951233
vt 0.143799 0.951233
vt 0.154663 0.823242
vt 0.147339 0.873047
vt 0.143799 0.907776
vt 0.140015 0.907776
vt 0.140015 0.951233
vt 0.143799 0.873047
vt 0.151123 0.823608
vt 0.147339 0.839478
vt 0.140015 0.873047
vt 0.143799 0.839478
vt 0.136353 0.907776
vt 0.136353 0.951233
vt 0.147339 0.792847
vt 0.132568 0.907776
vt 0.132568 0.951233
vt 0.128662 0.907776
vt 0.128662 0.951233
vt 0.128662 0.873047
vt 0.132568 0.873047
vt 0.136353 0.873047
vt 0.136353 0.839478
vt 0.140015 0.839478
vt 0.140015 0.791016
vt 0.143677 0.791138
vt 0.143799 0.732910
vt 0.147339 0.734131
vt 0.147339 0.660889
vt 0.151123 0.762207
vt 0.151001 0.629639
vt 0.151123 0.656006
vt 0.151001 0.709229
vt 0.154663 0.657227
vt 0.154663 0.708984
vt 0.158325 0.658691
vt 0.154663 0.762207
vt 0.158325 0.710693
vt 0.161865 0.675781
vt 0.158325 0.764404
vt 0.161865 0.733154
vt 0.165649 0.729980
vt 0.161865 0.792114
vt 0.165649 0.788330
vt 0.161987 0.839478
vt 0.165649 0.839478
vt 0.169312 0.793823
vt 0.234253 0.155273
vt 0.234253 0.147461
vt 0.240112 0.151367
vt 0.236694 0.162598
vt 0.236694 0.139648
vt 0.245239 0.162109
vt 0.241333 0.168945
vt 0.247681 0.173828
vt 0.244019 0.140137
vt 0.241333 0.133301
vt 0.250977 0.167969
vt 0.255127 0.176270
vt 0.251465 0.135742
vt 0.247681 0.128906
vt 0.255127 0.126465
vt 0.259033 0.169434
vt 0.262939 0.176270
vt 0.259277 0.132812
vt 0.262939 0.126465
vt 0.267334 0.167480
vt 0.270264 0.173828
vt 0.276611 0.168945
vt 0.266846 0.136230
vt 0.270264 0.128906
vt 0.273682 0.162109
vt 0.281250 0.162598
vt 0.273438 0.139648
vt 0.276611 0.133301
vt 0.281250 0.139648
vt 0.260010 0.141113
vt 0.276855 0.147949
vt 0.283691 0.147461
vt 0.268311 0.146973
vt 0.277100 0.153809
vt 0.283691 0.155273
vt 0.269043 0.154785
vt 0.263672 0.160156
vt 0.263184 0.152344
vt 0.260010 0.147461
vt 0.258545 0.155273
vt 0.255859 0.161621
vt 0.249756 0.155273
vt 0.253906 0.150879
vt 0.247437 0.147949
vt 0.251953 0.143555
vt 0.298584 0.221191
vt 0.283936 0.218262
vt 0.286621 0.212891
vt 0.272949 0.208496
vt 0.292725 0.228027
vt 0.307129 0.233398
vt 0.271729 0.214355
vt 0.257812 0.208008
vt 0.280518 0.224609
vt 0.299072 0.236816
vt 0.311768 0.247559
vt 0.259033 0.214355
vt 0.243652 0.212891
vt 0.270508 0.221680
vt 0.246826 0.218750
vt 0.286621 0.233887
vt 0.277100 0.231445
vt 0.260010 0.221680
vt 0.269043 0.229004
vt 0.281250 0.239746
vt 0.274658 0.236328
vt 0.260742 0.230957
vt 0.268311 0.235352
vt 0.273926 0.243164
vt 0.250244 0.225586
vt 0.260254 0.239258
vt 0.254150 0.233398
vt 0.241699 0.230957
vt 0.246460 0.236328
vt 0.251221 0.240723
vt 0.267578 0.242676
vt 0.256348 0.246094
vt 0.262207 0.247070
vt 0.270264 0.248047
vt 0.248779 0.246582
vt 0.255859 0.252930
vt 0.266846 0.251465
vt 0.241699 0.242676
vt 0.261719 0.253418
vt 0.235596 0.239746
vt 0.257324 0.258301
vt 0.236450 0.226074
vt 0.231812 0.221191
vt 0.228882 0.236328
vt 0.223022 0.233398
vt 0.239258 0.250488
vt 0.232300 0.249512
vt 0.224731 0.248535
vt 0.218506 0.247559
vt 0.224487 0.261230
vt 0.218506 0.262207
vt 0.223022 0.276367
vt 0.231934 0.259766
vt 0.228882 0.273438
vt 0.231812 0.288086
vt 0.239258 0.258789
vt 0.235107 0.269531
vt 0.236328 0.283691
vt 0.243774 0.296875
vt 0.242065 0.277832
vt 0.248047 0.289062
vt 0.241577 0.266602
vt 0.259033 0.295410
vt 0.257812 0.301270
vt 0.251465 0.280762
vt 0.271729 0.295410
vt 0.272461 0.301270
vt 0.259521 0.287598
vt 0.270508 0.289551
vt 0.283691 0.291504
vt 0.286621 0.296875
vt 0.298584 0.288086
vt 0.281006 0.286133
vt 0.293701 0.284180
vt 0.307129 0.276367
vt 0.278564 0.281738
vt 0.301270 0.273926
vt 0.311768 0.262207
vt 0.290039 0.279785
vt 0.305420 0.261719
vt 0.296387 0.270996
vt 0.305176 0.248535
vt 0.299805 0.260254
vt 0.298096 0.249512
vt 0.285889 0.276367
vt 0.291504 0.268555
vt 0.294189 0.259766
vt 0.291748 0.241211
vt 0.290771 0.250488
vt 0.285400 0.244629
vt 0.280029 0.250000
vt 0.285889 0.251465
vt 0.287842 0.258301
vt 0.284912 0.264648
vt 0.279541 0.258789
vt 0.282227 0.271973
vt 0.278809 0.268066
vt 0.274658 0.274414
vt 0.272949 0.266113
vt 0.273682 0.252930
vt 0.271973 0.260254
vt 0.268066 0.256836
vt 0.264160 0.257812
vt 0.266113 0.263672
vt 0.267090 0.270020
vt 0.259766 0.262207
vt 0.259766 0.269531
vt 0.268555 0.277344
vt 0.251221 0.261719
vt 0.269775 0.284180
vt 0.260986 0.280762
vt 0.261719 0.275391
vt 0.254883 0.274902
vt 0.252686 0.266602
vt 0.247803 0.271973
vt 0.246460 0.264160
vt 0.244507 0.257812
vt 0.249878 0.254395
vt 0.244507 0.251465
vt 0.244141 0.040039
vt 0.234375 0.042969
vt 0.239624 0.035645
vt 0.246948 0.030273
vt 0.241821 0.047363
vt 0.231567 0.052246
vt 0.253418 0.033691
vt 0.255615 0.027832
vt 0.264648 0.027832
vt 0.250488 0.043457
vt 0.241577 0.056641
vt 0.231567 0.060547
vt 0.263428 0.034180
vt 0.273193 0.030273
vt 0.242432 0.065430
vt 0.234375 0.069336
vt 0.271729 0.040039
vt 0.280518 0.035645
vt 0.260010 0.041016
vt 0.277832 0.048340
vt 0.285645 0.042969
vt 0.288574 0.051758
vt 0.265137 0.047363
vt 0.256348 0.046387
vt 0.250488 0.051758
vt 0.259033 0.052246
vt 0.250000 0.059082
vt 0.256592 0.056152
vt 0.264160 0.055176
vt 0.245728 0.069824
vt 0.239624 0.076660
vt 0.246948 0.082031
vt 0.253418 0.063477
vt 0.253906 0.075195
vt 0.255615 0.084473
vt 0.260254 0.060547
vt 0.258545 0.066895
vt 0.263184 0.076660
vt 0.264648 0.084473
vt 0.273193 0.082031
vt 0.267090 0.062012
vt 0.268311 0.068359
vt 0.272949 0.074219
vt 0.280518 0.076660
vt 0.278076 0.065430
vt 0.285645 0.069336
vt 0.269287 0.052734
vt 0.274170 0.058105
vt 0.282227 0.059570
vt 0.288574 0.060547
vt 0.295410 0.398926
vt 0.308838 0.391113
vt 0.299805 0.403320
vt 0.287109 0.412598
vt 0.303223 0.387695
vt 0.313477 0.376465
vt 0.284668 0.406738
vt 0.272461 0.417480
vt 0.290527 0.394043
vt 0.271973 0.411133
vt 0.257080 0.417480
vt 0.281494 0.400879
vt 0.296875 0.384766
vt 0.258789 0.408203
vt 0.304688 0.374512
vt 0.270752 0.404297
vt 0.245483 0.406738
vt 0.242432 0.412598
vt 0.278809 0.395996
vt 0.234619 0.398926
vt 0.229980 0.403320
vt 0.285156 0.388672
vt 0.226685 0.388184
vt 0.220947 0.391113
vt 0.291016 0.381348
vt 0.222168 0.375488
vt 0.216187 0.376465
vt 0.216187 0.360840
vt 0.296631 0.373047
vt 0.222290 0.362305
vt 0.220947 0.346191
vt 0.227783 0.374512
vt 0.226685 0.349121
vt 0.229980 0.333496
vt 0.227783 0.362793
vt 0.232666 0.385254
vt 0.233032 0.373535
vt 0.239136 0.394043
vt 0.237549 0.382812
vt 0.248291 0.400879
vt 0.243286 0.390137
vt 0.259766 0.399902
vt 0.250977 0.395996
vt 0.269287 0.397461
vt 0.253174 0.391602
vt 0.275146 0.389648
vt 0.260986 0.393555
vt 0.268799 0.389648
vt 0.279297 0.382812
vt 0.262207 0.385742
vt 0.286133 0.379395
vt 0.274170 0.381348
vt 0.281982 0.376953
vt 0.289795 0.372070
vt 0.267090 0.381836
vt 0.268555 0.376465
vt 0.260986 0.378418
vt 0.256104 0.385742
vt 0.248291 0.385742
vt 0.253662 0.379395
vt 0.244629 0.379883
vt 0.257812 0.374512
vt 0.239624 0.372559
vt 0.250244 0.373535
vt 0.244629 0.372070
vt 0.233276 0.363770
vt 0.244629 0.365723
vt 0.231323 0.351562
vt 0.239380 0.364746
vt 0.236206 0.354004
vt 0.242676 0.357422
vt 0.249634 0.366699
vt 0.249634 0.360840
vt 0.256348 0.369629
vt 0.254883 0.361816
vt 0.263428 0.371094
vt 0.261475 0.365723
vt 0.269043 0.370117
vt 0.267090 0.365723
vt 0.262695 0.359863
vt 0.274902 0.375000
vt 0.273193 0.367676
vt 0.280029 0.368652
vt 0.269531 0.361328
vt 0.285156 0.371582
vt 0.277100 0.360352
vt 0.284912 0.365234
vt 0.290039 0.364746
vt 0.296143 0.363281
vt 0.284912 0.358398
vt 0.289062 0.355957
vt 0.280029 0.353516
vt 0.302002 0.362793
vt 0.295898 0.352539
vt 0.307129 0.361816
vt 0.313477 0.360840
vt 0.308838 0.346191
vt 0.302979 0.348633
vt 0.299805 0.333496
vt 0.285156 0.347656
vt 0.289795 0.342773
vt 0.294922 0.338379
vt 0.284424 0.330566
vt 0.287109 0.324707
vt 0.280762 0.336426
vt 0.277832 0.342773
vt 0.271729 0.325684
vt 0.272461 0.319824
vt 0.257080 0.319824
vt 0.270264 0.333008
vt 0.258545 0.326172
vt 0.242432 0.324707
vt 0.269287 0.339844
vt 0.259277 0.333008
vt 0.245605 0.330078
vt 0.234863 0.338379
vt 0.247681 0.334961
vt 0.238281 0.342285
vt 0.249878 0.340332
vt 0.243652 0.347168
vt 0.260254 0.339844
vt 0.252930 0.345703
vt 0.249268 0.353516
vt 0.255127 0.353516
vt 0.261230 0.346680
vt 0.261963 0.353516
vt 0.267822 0.347168
vt 0.268555 0.355469
vt 0.273438 0.352051
vt 0.275635 0.347168
vt -1.983398 2.413086
vt -1.983398 2.281250
vt -1.801758 2.281250
vt -1.175781 2.416992
vt -1.620117 2.281250
vt -1.437500 2.281250
vt -1.255859 2.281250
vt -1.983398 2.459961
vt -1.074219 2.280273
vt -1.479492 2.461914
vt -1.983398 2.516602
vt -0.272461 2.415039
vt -0.892090 2.280273
vt -0.709473 2.280273
vt -0.527344 2.280273
vt -0.345215 2.280273
vt -0.163208 2.280273
vt -0.903809 2.461914
vt -0.940918 2.512695
vt -1.105469 2.573242
vt -1.983398 2.573242
vt -1.983398 2.629883
vt -0.339844 2.510742
vt -0.381592 2.571289
vt -0.303223 2.462891
vt -0.221313 2.570312
vt -0.175293 2.509766
vt -0.135132 2.463867
vt -0.070068 2.386719
vt -0.170410 2.513672
vt -0.019592 2.326172
vt 0.018646 2.280273
vt -0.129028 2.464844
vt -0.074280 2.400391
vt -0.012840 2.327148
vt 0.025620 2.281250
vt -0.123657 2.468750
vt -0.007164 2.330078
vt 0.031433 2.284180
vt -0.045959 2.376953
vt -0.165649 2.517578
vt -0.209839 2.575195
vt -0.215210 2.572266
vt -0.255859 2.635742
vt -0.261475 2.631836
vt -0.301758 2.695312
vt -0.267822 2.630859
vt -0.307617 2.692383
vt -0.337891 2.748047
vt -0.423828 2.630859
vt -0.314209 2.691406
vt -0.343750 2.745117
vt -0.367188 2.804688
vt -0.877930 2.630859
vt -0.373291 2.801758
vt -0.395020 2.867188
vt -0.466064 2.690430
vt -0.350586 2.745117
vt -1.033203 2.689453
vt -0.498535 2.744141
vt -0.379883 2.801758
vt -1.680664 2.688477
vt -1.983398 2.686523
vt -1.984375 2.744141
vt -1.222656 2.745117
vt -1.303711 2.802734
vt -1.984375 2.801758
vt -0.527344 2.800781
vt -0.546875 2.854492
vt -1.984375 2.854492
vt -0.403320 2.854492
vt -1.572266 3.013672
vt -1.986328 3.011719
vt -1.434570 3.013672
vt -0.396729 2.855469
vt -0.443359 2.960938
vt -0.460449 3.015625
vt -0.466553 3.013672
vt -0.449951 2.960938
vt -0.473145 3.013672
vt -0.588867 2.961914
vt -0.610352 3.013672
vt -1.296875 3.013672
vt -0.747559 3.013672
vt -1.159180 3.013672
vt -0.884766 3.013672
vt -1.021484 3.013672
vt -0.964355 1.418701
vt -0.943359 1.473877
vt -0.970215 1.420166
vt -0.937012 1.472656
vt -0.916016 1.527344
vt -0.802734 1.421143
vt -0.893066 1.558594
vt -0.860840 1.635254
vt -0.744141 1.581055
vt -0.642090 1.422607
vt -0.854004 1.634277
vt -0.832031 1.693359
vt -0.481689 1.422852
vt -0.826660 1.690918
vt -0.798340 1.758301
vt -0.729492 1.636230
vt -0.791504 1.757324
vt -0.764160 1.826172
vt -0.711426 1.692383
vt -0.233032 1.634277
vt -0.218506 1.580078
vt -0.321045 1.421631
vt -0.159546 1.419922
vt -0.757324 1.825195
vt -0.729980 1.894043
vt -0.025543 1.472168
vt 0.002415 1.418701
vt -0.019333 1.473633
vt 0.008430 1.420166
vt -0.046997 1.526855
vt -0.069885 1.557617
vt -0.102051 1.633789
vt -0.108887 1.632812
vt -0.130493 1.692383
vt -0.136108 1.689453
vt -0.164062 1.756836
vt -0.250977 1.690430
vt -0.170898 1.755859
vt -0.197754 1.824707
vt -0.274170 1.756836
vt -0.204224 1.823730
vt -0.231445 1.892578
vt -0.687500 1.758301
vt -0.237671 1.891602
vt -0.259033 1.951660
vt -0.296631 1.824219
vt -0.665039 1.825195
vt -0.723633 1.893066
vt -0.701660 1.953125
vt -0.642578 1.893066
vt -0.695312 1.951660
vt -0.678223 2.012695
vt -0.318604 1.892090
vt -0.671875 2.011719
vt -0.655273 2.077148
vt -0.623535 1.951660
vt -0.337402 1.950684
vt -0.265381 1.950195
vt -0.282227 2.010742
vt -0.288574 2.009766
vt -0.304443 2.076172
vt -0.607910 2.010742
vt -0.352539 2.009766
vt -0.307129 2.064453
vt -0.652832 2.066406
vt -0.340576 2.164062
vt -0.356689 2.230469
vt -0.363037 2.229492
vt -0.364990 2.065430
vt -0.401855 2.229492
vt -0.593750 2.065430
vt -0.563965 2.230469
vt -0.595703 2.230469
vt -0.618652 2.165039
vt -0.602051 2.231445
vt -3.007812 1.553711
vt -2.970703 1.601074
vt -3.013672 1.557129
vt -2.966797 1.597168
vt -2.929688 1.644531
vt -3.001953 1.552246
vt -2.900391 1.666016
vt -2.849609 1.731934
vt -2.958984 1.595703
vt -2.818359 1.541992
vt -2.843750 1.728027
vt -2.806641 1.779297
vt -2.906250 1.652832
vt -2.699219 1.673340
vt -2.248047 1.533691
vt -2.837891 1.726562
vt -2.802734 1.775391
vt -2.761719 1.834961
vt -2.757812 1.831055
vt -2.716797 1.893555
vt -2.796875 1.770996
vt -2.710938 1.890137
vt -2.669922 1.952148
vt -2.751953 1.830078
vt -2.669922 1.719727
vt -2.634766 1.767090
vt -2.664062 1.948730
vt -2.634766 2.004883
vt -2.705078 1.888672
vt -2.628906 2.001953
vt -2.605469 2.060547
vt -2.658203 1.947754
vt -2.589844 1.826660
vt -2.548828 1.886719
vt -2.599609 2.057617
vt -2.578125 2.123047
vt -2.623047 2.000977
vt -2.507812 1.946289
vt -2.576172 2.110352
vt -2.593750 2.056641
vt -2.474609 1.999023
vt -2.529297 2.215820
vt -2.513672 2.271484
vt -2.505859 2.269531
vt -2.570312 2.109375
vt -2.523438 2.215820
vt -2.500000 2.268555
vt -2.445312 2.055664
vt -2.425781 2.109375
vt -2.384766 2.215820
vt -2.335938 2.268555
vt -1.854492 2.270508
vt -0.988770 2.111328
vt -1.401367 2.271484
vt -0.986328 2.267578
vt -0.989746 2.057617
vt -1.670898 2.058594
vt -0.990234 2.000000
vt -1.751953 2.000977
vt -1.293945 1.945312
vt -0.990723 1.942383
vt -0.991211 1.885742
vt -1.939453 1.945312
vt -1.750977 1.886719
vt -0.991211 1.829590
vt -1.470703 1.830078
vt -0.991211 1.772461
vt -1.908203 1.827637
vt -1.483398 1.771973
vt -0.991211 1.716309
vt -2.304688 1.766602
vt -1.918945 1.769043
vt -1.494141 1.717773
vt -0.991211 1.669434
vt -2.019531 1.716797
vt -0.990723 1.537109
vt -1.172852 1.537109
vt -1.354492 1.537598
vt -2.191406 1.671387
vt -1.624023 1.670410
vt -1.525391 1.582520
vt 0.778320 1.772461
vt 1.052734 1.771973
vt 1.053711 1.990234
vt 0.778809 1.991211
vt 1.052734 1.771973
vt 1.190430 1.771484
vt 1.190430 1.990234
vt 1.053711 1.990234
vt 1.190430 1.771484
vt 1.328125 1.989746
vt 1.190430 1.990234
vt 1.327148 1.770996
vt 1.465820 1.989746
vt 1.328125 1.989746
vt 1.464844 1.770508
vt 1.739258 1.768555
vt 1.739258 1.990234
vt 1.465820 1.989746
vt 1.875000 1.767090
vt 1.738281 1.991211
vt 1.739258 1.768555
vt 1.873047 1.991211
vt 2.007812 1.767578
vt 1.873047 1.991211
vt 1.875000 1.767090
vt 2.003906 1.990234
vt -2.861328 -1.000000
vt -2.669922 -0.613281
vt -2.861328 -0.818359
vt -2.669922 -0.487305
vt -2.861328 -0.635742
vt -2.861328 -0.454102
vt -2.861328 -0.271484
vt -2.861328 -0.089844
vt -2.861328 0.092285
vt -2.861328 0.274414
vt -2.861328 0.456543
vt -2.861328 0.638428
vt -2.861328 0.820557
vt -2.669922 0.621338
vt -2.861328 1.002640
vt -2.669922 0.625732
vt -2.859375 1.009499
vt -2.666016 0.628662
vt -2.855469 1.014526
vt -2.849609 1.016357
vt -2.662109 0.629883
vt -2.687500 1.016388
vt -2.525391 1.016418
vt -2.064453 0.629883
vt -2.363281 1.016449
vt -2.201172 1.016479
vt -2.039062 1.016510
vt -1.877930 1.016541
vt -2.060547 0.628906
vt -1.872070 1.014702
vt -1.868164 1.009682
vt -2.058594 0.625732
vt -1.866211 1.002819
vt -2.056641 0.621582
vt -1.866211 0.820801
vt -1.866211 0.258789
vt -2.056641 -0.488281
vt -1.866211 -0.635742
vt -1.866211 -0.818359
vt -2.056641 -0.613281
vt -1.866211 -1.000000
vt 2.261719 1.793945
vt 2.265625 1.795898
vt 2.269531 1.801270
vt 2.273438 1.846191
vt 2.259766 1.778320
vt 2.271484 1.954590
vt 2.271484 1.960938
vt 2.263672 1.964844
vt 2.257812 1.967285
vt 2.257812 1.967285
vt 2.005859 1.989746
vt 2.005859 1.768066
vt 0.777832 1.668945
vt 1.052734 1.771973
vt 0.778320 1.772461
vt 1.190430 1.771484
vt 1.418945 1.666992
vt 1.327148 1.770996
vt 1.464844 1.770996
vt 0.776855 1.666504
vt 1.739258 1.768555
vt 1.860352 1.653320
vt 0.776855 1.657715
vt 2.214844 1.671875
vt 1.875000 1.767090
vt 2.009766 1.765137
vt 2.255859 1.789062
vt 2.320312 1.727051
vt 2.261719 1.791504
vt 2.218750 1.680664
vt 2.224609 1.667969
vt 2.322266 1.724609
vt 2.324219 1.729004
vt 2.224609 1.654785
vt 0.776855 1.655273
vt 2.324219 1.721680
vt 2.326172 1.726074
vt 2.328125 1.732910
vt 2.265625 1.795898
vt 2.328125 1.729492
vt 2.330078 1.737793
vt 2.269531 1.801270
vt 2.330078 1.733887
vt 2.345703 1.772949
vt 2.275391 1.846191
vt 2.361328 1.767578
vt 2.357422 1.982422
vt 2.271484 1.954590
vt 2.332031 2.017578
vt 2.267578 1.959961
vt 2.349609 1.986816
vt 2.330078 2.022461
vt 2.263672 1.964844
vt 2.332031 2.021484
vt 2.361328 1.994141
vt 2.355469 1.760742
vt 2.333984 2.025391
vt 2.332031 1.729980
vt 2.367188 1.999512
vt 2.359375 1.759277
vt 2.330078 1.726562
vt 2.333984 1.727539
vt 2.328125 1.723633
vt 2.332031 1.724609
vt 2.382812 1.749023
vt 2.326172 1.719238
vt 2.330078 1.721680
vt 2.230469 1.645020
vt 2.335938 1.710938
vt 2.337891 1.714355
vt 1.528320 1.636230
vt 0.777832 1.638184
vt 0.777344 1.636719
vt 2.230469 1.634766
vt 2.337891 1.708496
vt 2.339844 1.712402
vt 2.339844 1.716797
vt 2.341797 1.709961
vt 2.343750 1.719238
vt 2.341797 1.714844
vt 2.345703 1.716797
vt 2.343750 1.712891
vt 2.339844 1.706055
vt 2.343750 1.708008
vt 2.347656 1.715332
vt 2.234375 1.648926
vt 2.347656 1.711426
vt 2.339844 1.703613
vt 2.386719 1.672852
vt 2.394531 1.683594
vt 2.378906 1.662109
vt 2.351562 1.714844
vt 2.400391 1.691895
vt 2.234375 1.644043
vt 2.212891 1.557617
vt 2.378906 1.746094
vt 2.453125 1.753418
vt 2.375000 1.746582
vt 2.382812 1.744141
vt 2.396484 2.007812
vt 2.408203 1.871094
vt 2.441406 2.002930
vt 2.378906 2.008789
vt 2.402344 2.062500
vt 2.353516 2.041016
vt 2.394531 2.071289
vt 2.378906 2.010742
vt 2.349609 2.040039
vt 2.347656 2.043945
vt 2.388672 2.082031
vt 2.373047 2.005859
vt 2.345703 2.039062
vt 2.345703 2.042969
vt 2.343750 2.047852
vt 2.341797 2.051758
vt 2.380859 2.092773
vt 2.341797 2.045898
vt 2.236328 2.111328
vt 2.181641 2.208984
vt 2.339844 2.049805
vt 2.234375 2.107422
vt 1.946289 2.143555
vt 1.651367 2.218750
vt 1.652344 2.142578
vt 1.294922 2.137695
vt 1.196289 2.215820
vt 0.779297 2.138672
vt 0.779297 2.216797
vt 0.778809 2.131836
vt 0.778320 2.126953
vt 2.230469 2.122070
vt 1.529297 2.124023
vt 0.778809 2.125000
vt 0.777832 2.108398
vt 2.337891 2.046875
vt 2.232422 2.110352
vt 2.226562 2.101562
vt 0.777832 2.106445
vt 2.335938 2.044922
vt 2.339844 2.042969
vt 2.343750 2.041016
vt 2.328125 2.036133
vt 2.343750 2.036133
vt 2.341797 2.039062
vt 2.337891 2.041016
vt 2.333984 2.030273
vt 2.335938 2.027344
vt 2.332031 2.033203
vt 2.332031 2.028320
vt 2.330078 2.031250
vt 2.326172 2.033203
vt 2.328125 2.029297
vt 2.330078 2.025391
vt 2.326172 2.026367
vt 2.324219 2.031250
vt 2.322266 2.028320
vt 2.257812 1.967285
vt 2.226562 2.087891
vt 2.220703 2.075195
vt 2.218750 2.083008
vt 2.009766 1.992188
vt 1.875000 1.991211
vt 1.860352 2.104492
vt 0.777832 2.096680
vt 1.416992 2.093750
vt 1.739258 1.990723
vt 1.465820 1.989746
vt 1.328125 1.989746
vt 1.190430 1.990234
vt 0.778809 2.094727
vt 1.053711 1.990234
vt 0.778809 1.991211
vt 1.195312 1.545410
vt 0.777832 1.624512
vt 0.777832 1.546387
vt 1.361328 1.623047
vt 1.333984 1.544922
vt 1.473633 1.543945
vt 0.777832 1.631348
vt 1.612305 1.542480
vt 1.652344 1.617188
vt 1.964844 1.613770
vt 1.752930 1.540527
vt 1.896484 1.537598
vt 2.046875 1.538086
vt1 0.608887 0.509766
vt1 0.609375 0.505615
vt1 0.609375 0.509766
vt1 0.608887 0.505615
vt1 0.609375 0.502686
vt1 0.608398 0.509766
vt1 0.608887 0.502686
vt1 0.609375 0.500000
vt1 0.608398 0.505615
vt1 0.607910 0.509766
vt1 0.608887 0.498535
vt1 0.609375 0.497070
vt1 0.609375 0.493164
vt1 0.607910 0.505615
vt1 0.607910 0.509766
vt1 0.608398 0.502686
vt1 0.607910 0.505615
vt1 0.607422 0.509766
vt1 0.607910 0.502686
vt1 0.608398 0.498535
vt1 0.607422 0.505615
vt1 0.606934 0.509766
vt1 0.608887 0.493164
vt1 0.609375 0.487793
vt1 0.606934 0.505615
vt1 0.606934 0.509766
vt1 0.608887 0.488281
vt1 0.609375 0.484863
vt1 0.606934 0.505615
vt1 0.606445 0.509766
vt1 0.608887 0.483887
vt1 0.609375 0.483398
vt1 0.609375 0.481445
vt1 0.606445 0.505615
vt1 0.605957 0.509766
vt1 0.608887 0.480469
vt1 0.609375 0.479980
vt1 0.609375 0.478027
vt1 0.605957 0.505615
vt1 0.605957 0.509766
vt1 0.608887 0.478027
vt1 0.609375 0.475586
vt1 0.606445 0.502686
vt1 0.608887 0.474609
vt1 0.609375 0.473145
vt1 0.609375 0.470215
vt1 0.606934 0.502686
vt1 0.608887 0.468750
vt1 0.609375 0.466797
vt1 0.609375 0.462891
vt1 0.606934 0.502686
vt1 0.608887 0.460938
vt1 0.609375 0.458496
vt1 0.609375 0.454102
vt1 0.607422 0.500244
vt1 0.608887 0.451172
vt1 0.609375 0.448730
vt1 0.609375 0.443359
vt1 0.607910 0.500244
vt1 0.608887 0.440918
vt1 0.609375 0.437988
vt1 0.609375 0.432617
vt1 0.607910 0.498535
vt1 0.608887 0.432617
vt1 0.609375 0.427246
vt1 0.608887 0.427246
vt1 0.608398 0.432617
vt1 0.608398 0.427246
vt1 0.608398 0.440918
vt1 0.607910 0.432617
vt1 0.607910 0.427246
vt1 0.607910 0.427246
vt1 0.607910 0.440430
vt1 0.607910 0.432617
vt1 0.607422 0.427246
vt1 0.607910 0.451172
vt1 0.607422 0.432617
vt1 0.606934 0.427246
vt1 0.607910 0.440918
vt1 0.606934 0.432617
vt1 0.606934 0.427246
vt1 0.607422 0.440918
vt1 0.607910 0.451660
vt1 0.606934 0.432617
vt1 0.606445 0.427246
vt1 0.606934 0.440430
vt1 0.607422 0.451660
vt1 0.606445 0.436523
vt1 0.606934 0.440430
vt1 0.606934 0.451660
vt1 0.605957 0.435547
vt1 0.605957 0.427246
vt1 0.605957 0.427246
vt1 0.605957 0.435547
vt1 0.605469 0.427246
vt1 0.605957 0.445801
vt1 0.606445 0.446289
vt1 0.605469 0.435547
vt1 0.604980 0.427246
vt1 0.605957 0.446289
vt1 0.605957 0.456055
vt1 0.606934 0.451172
vt1 0.606445 0.457031
vt1 0.605957 0.456055
vt1 0.605957 0.464844
vt1 0.606934 0.461426
vt1 0.605469 0.446289
vt1 0.606934 0.461426
vt1 0.606445 0.465820
vt1 0.607422 0.461426
vt1 0.606934 0.466797
vt1 0.607910 0.460938
vt1 0.607422 0.466797
vt1 0.607910 0.466797
vt1 0.607910 0.460449
vt1 0.607910 0.466797
vt1 0.608398 0.451172
vt1 0.608398 0.460938
vt1 0.608398 0.468750
vt1 0.607910 0.470215
vt1 0.608398 0.473145
vt1 0.607910 0.473145
vt1 0.607910 0.470215
vt1 0.607910 0.475586
vt1 0.607422 0.470215
vt1 0.607910 0.473145
vt1 0.606934 0.470215
vt1 0.607422 0.473145
vt1 0.607910 0.475586
vt1 0.608398 0.475586
vt1 0.607910 0.478027
vt1 0.608398 0.478027
vt1 0.607910 0.478027
vt1 0.608398 0.480469
vt1 0.607910 0.480469
vt1 0.608398 0.483887
vt1 0.607910 0.483887
vt1 0.608398 0.488281
vt1 0.608398 0.492676
vt1 0.607910 0.488281
vt1 0.607910 0.493164
vt1 0.607910 0.483887
vt1 0.607910 0.488281
vt1 0.607910 0.493164
vt1 0.607910 0.497070
vt1 0.607422 0.488281
vt1 0.607422 0.497070
vt1 0.607422 0.493164
vt1 0.606934 0.498047
vt1 0.606934 0.493164
vt1 0.606934 0.498535
vt1 0.606934 0.493164
vt1 0.606934 0.488770
vt1 0.606445 0.498535
vt1 0.606445 0.493164
vt1 0.606934 0.488770
vt1 0.606445 0.488770
vt1 0.605957 0.496094
vt1 0.605957 0.490723
vt1 0.605957 0.500000
vt1 0.605957 0.502686
vt1 0.605957 0.500000
vt1 0.605957 0.505615
vt1 0.605957 0.502686
vt1 0.605469 0.505615
vt1 0.605469 0.509766
vt1 0.605469 0.502686
vt1 0.605469 0.500000
vt1 0.604980 0.505615
vt1 0.604980 0.509766
vt1 0.604980 0.502686
vt1 0.604980 0.498535
vt1 0.604980 0.505615
vt1 0.604980 0.509766
vt1 0.604980 0.502686
vt1 0.604492 0.505615
vt1 0.604492 0.509766
vt1 0.604492 0.502686
vt1 0.604004 0.505615
vt1 0.604004 0.509766
vt1 0.604980 0.498535
vt1 0.604004 0.505615
vt1 0.604004 0.509766
vt1 0.604004 0.502686
vt1 0.603516 0.505615
vt1 0.603516 0.509766
vt1 0.604004 0.502686
vt1 0.604492 0.498535
vt1 0.604004 0.500000
vt1 0.603516 0.502686
vt1 0.603027 0.505615
vt1 0.603027 0.509766
vt1 0.604004 0.500000
vt1 0.602539 0.505615
vt1 0.602539 0.509766
vt1 0.602539 0.505615
vt1 0.602539 0.509766
vt1 0.602539 0.502686
vt1 0.602539 0.502686
vt1 0.602539 0.500000
vt1 0.603027 0.502686
vt1 0.602539 0.500000
vt1 0.602539 0.497070
vt1 0.603027 0.500000
vt1 0.603516 0.500000
vt1 0.602539 0.495605
vt1 0.602539 0.493164
vt1 0.603027 0.495605
vt1 0.603516 0.495605
vt1 0.602539 0.490723
vt1 0.602539 0.487793
vt1 0.603027 0.490723
vt1 0.602539 0.485352
vt1 0.602539 0.484863
vt1 0.602539 0.483398
vt1 0.603516 0.490723
vt1 0.602539 0.481934
vt1 0.602539 0.481445
vt1 0.602539 0.479980
vt1 0.603027 0.483887
vt1 0.603516 0.484375
vt1 0.602539 0.478516
vt1 0.602539 0.478027
vt1 0.602539 0.475586
vt1 0.603027 0.480469
vt1 0.602539 0.474609
vt1 0.602539 0.473145
vt1 0.603027 0.478027
vt1 0.603516 0.480469
vt1 0.603516 0.478027
vt1 0.602539 0.470215
vt1 0.602539 0.470215
vt1 0.603027 0.474609
vt1 0.603516 0.475586
vt1 0.602539 0.465820
vt1 0.602539 0.466797
vt1 0.602539 0.462891
vt1 0.603027 0.470215
vt1 0.603516 0.473145
vt1 0.602539 0.457031
vt1 0.602539 0.458496
vt1 0.602539 0.454102
vt1 0.603516 0.470215
vt1 0.602539 0.446289
vt1 0.602539 0.448730
vt1 0.602539 0.443359
vt1 0.603027 0.460938
vt1 0.602539 0.436035
vt1 0.602539 0.437988
vt1 0.602539 0.432617
vt1 0.603027 0.450684
vt1 0.602539 0.427246
vt1 0.602539 0.427246
vt1 0.603027 0.439941
vt1 0.603027 0.432617
vt1 0.603027 0.427246
vt1 0.603516 0.427246
vt1 0.603516 0.432617
vt1 0.604004 0.427246
vt1 0.603516 0.440430
vt1 0.604004 0.432617
vt1 0.604004 0.427246
vt1 0.603516 0.451172
vt1 0.604004 0.440918
vt1 0.604004 0.432617
vt1 0.604492 0.427246
vt1 0.604004 0.451172
vt1 0.604492 0.435059
vt1 0.604980 0.427246
vt1 0.604004 0.440918
vt1 0.604980 0.435547
vt1 0.604492 0.445801
vt1 0.604004 0.451660
vt1 0.604980 0.432617
vt1 0.604980 0.440918
vt1 0.604980 0.446289
vt1 0.604980 0.451172
vt1 0.604492 0.456543
vt1 0.604980 0.456543
vt1 0.605469 0.456543
vt1 0.604980 0.460938
vt1 0.605957 0.465332
vt1 0.605469 0.465332
vt1 0.605957 0.470215
vt1 0.605957 0.470215
vt1 0.604980 0.466797
vt1 0.605469 0.470215
vt1 0.604980 0.465820
vt1 0.604980 0.470215
vt1 0.605957 0.473145
vt1 0.605469 0.473145
vt1 0.605957 0.473145
vt1 0.606445 0.470215
vt1 0.605957 0.476562
vt1 0.606445 0.473145
vt1 0.605957 0.476562
vt1 0.605469 0.476562
vt1 0.605957 0.479980
vt1 0.604980 0.473145
vt1 0.604980 0.470215
vt1 0.604980 0.475586
vt1 0.604980 0.473145
vt1 0.604492 0.470215
vt1 0.604980 0.478027
vt1 0.604492 0.473145
vt1 0.604980 0.475586
vt1 0.604492 0.475586
vt1 0.605469 0.479980
vt1 0.604980 0.478027
vt1 0.604980 0.480469
vt1 0.604492 0.478027
vt1 0.604004 0.475586
vt1 0.604004 0.478027
vt1 0.604492 0.479980
vt1 0.604004 0.473145
vt1 0.604980 0.480957
vt1 0.604004 0.479980
vt1 0.604492 0.481445
vt1 0.604004 0.481445
vt1 0.604004 0.479980
vt1 0.604004 0.481445
vt1 0.604004 0.478027
vt1 0.604004 0.484375
vt1 0.604004 0.475586
vt1 0.604004 0.473145
vt1 0.604004 0.470215
vt1 0.604004 0.470215
vt1 0.604492 0.465332
vt1 0.604004 0.466797
vt1 0.604004 0.461426
vt1 0.604004 0.466797
vt1 0.604004 0.460938
vt1 0.603516 0.466797
vt1 0.603516 0.460938
vt1 0.603027 0.466797
vt1 0.604004 0.490723
vt1 0.604004 0.484375
vt1 0.604004 0.495605
vt1 0.604004 0.490723
vt1 0.604004 0.495605
vt1 0.604492 0.493164
vt1 0.604492 0.488281
vt1 0.604492 0.483887
vt1 0.604980 0.483887
vt1 0.604980 0.488281
vt1 0.604980 0.493164
vt1 0.604980 0.483887
vt1 0.604980 0.488770
vt1 0.604980 0.493164
vt1 0.605469 0.482422
vt1 0.605469 0.485352
vt1 0.605469 0.490723
vt1 0.605469 0.495605
vt1 0.605957 0.495605
vt1 0.605957 0.490234
vt1 0.605957 0.485352
vt1 0.605957 0.485352
vt1 0.606445 0.483887
vt1 0.605957 0.482422
vt1 0.605957 0.481934
vt1 0.605957 0.479980
vt1 0.606445 0.480957
vt1 0.606445 0.477051
vt1 0.606934 0.483887
vt1 0.606934 0.480469
vt1 0.606934 0.483887
vt1 0.606934 0.478027
vt1 0.607422 0.483887
vt1 0.606934 0.480469
vt1 0.606934 0.475586
vt1 0.607422 0.481445
vt1 0.607910 0.481445
vt1 0.607422 0.479980
vt1 0.607910 0.479980
vt1 0.606934 0.478027
vt1 0.607422 0.478027
vt1 0.606934 0.475586
vt1 0.607422 0.475586
vt1 0.606934 0.473145
vt1 0.606934 0.473145
vt1 0.606934 0.470215
vt1 0.606934 0.466797
vt1 0.412842 0.542969
vt1 0.412354 0.546875
vt1 0.412842 0.546875
vt1 0.412354 0.542969
vt1 0.412109 0.546875
vt1 0.412842 0.540039
vt1 0.412109 0.542969
vt1 0.411621 0.546875
vt1 0.412354 0.540039
vt1 0.412842 0.536865
vt1 0.411621 0.542969
vt1 0.411377 0.546875
vt1 0.412109 0.540039
vt1 0.412354 0.535645
vt1 0.412842 0.534180
vt1 0.412842 0.530273
vt1 0.411377 0.542969
vt1 0.412354 0.530029
vt1 0.410889 0.546875
vt1 0.412842 0.524902
vt1 0.410889 0.542969
vt1 0.412354 0.525391
vt1 0.412842 0.521973
vt1 0.412109 0.535400
vt1 0.412109 0.529785
vt1 0.412354 0.520996
vt1 0.412842 0.520264
vt1 0.412842 0.518311
vt1 0.412109 0.525146
vt1 0.412354 0.517578
vt1 0.412842 0.516602
vt1 0.412842 0.514648
vt1 0.412109 0.520752
vt1 0.412354 0.514648
vt1 0.412842 0.512695
vt1 0.412109 0.517578
vt1 0.411621 0.520752
vt1 0.412354 0.511230
vt1 0.412842 0.510010
vt1 0.412842 0.507324
vt1 0.412109 0.514648
vt1 0.411621 0.517334
vt1 0.412109 0.512695
vt1 0.412354 0.505615
vt1 0.412842 0.503906
vt1 0.412842 0.500000
vt1 0.412109 0.510010
vt1 0.411621 0.514648
vt1 0.411621 0.512695
vt1 0.412354 0.497559
vt1 0.412842 0.495605
vt1 0.412842 0.490723
vt1 0.412109 0.505615
vt1 0.412354 0.487793
vt1 0.412842 0.485352
vt1 0.412842 0.479980
vt1 0.412109 0.497559
vt1 0.412354 0.477539
vt1 0.412842 0.474609
vt1 0.412842 0.469238
vt1 0.412109 0.487793
vt1 0.412354 0.469238
vt1 0.412842 0.463867
vt1 0.412354 0.463867
vt1 0.412109 0.477539
vt1 0.412109 0.469238
vt1 0.412109 0.463867
vt1 0.411621 0.487793
vt1 0.411621 0.469238
vt1 0.411621 0.463867
vt1 0.411377 0.463867
vt1 0.411621 0.477051
vt1 0.411377 0.469238
vt1 0.410889 0.463867
vt1 0.411377 0.477539
vt1 0.410889 0.469238
vt1 0.410645 0.463867
vt1 0.411377 0.488281
vt1 0.410645 0.469238
vt1 0.410400 0.463867
vt1 0.410889 0.477539
vt1 0.410400 0.469238
vt1 0.409912 0.463867
vt1 0.410645 0.477051
vt1 0.410889 0.488281
vt1 0.411621 0.497559
vt1 0.411377 0.498047
vt1 0.411621 0.503906
vt1 0.410889 0.498047
vt1 0.411377 0.503906
vt1 0.411621 0.507324
vt1 0.411621 0.510010
vt1 0.411377 0.507324
vt1 0.411377 0.510010
vt1 0.410889 0.503906
vt1 0.410889 0.507324
vt1 0.411377 0.512695
vt1 0.410889 0.510010
vt1 0.411377 0.514648
vt1 0.410889 0.512695
vt1 0.410645 0.507324
vt1 0.411377 0.516602
vt1 0.410645 0.510010
vt1 0.410889 0.514648
vt1 0.410645 0.512695
vt1 0.411377 0.518311
vt1 0.410889 0.516602
vt1 0.410645 0.514648
vt1 0.411377 0.520752
vt1 0.410889 0.518311
vt1 0.410645 0.517578
vt1 0.410889 0.520752
vt1 0.411621 0.525391
vt1 0.411377 0.525391
vt1 0.411621 0.530029
vt1 0.410889 0.525391
vt1 0.411621 0.534180
vt1 0.411377 0.530029
vt1 0.411621 0.537842
vt1 0.411377 0.534180
vt1 0.411377 0.537598
vt1 0.410889 0.540039
vt1 0.410889 0.535400
vt1 0.410889 0.530029
vt1 0.410645 0.535645
vt1 0.410645 0.530273
vt1 0.410645 0.525635
vt1 0.410645 0.520752
vt1 0.410400 0.525635
vt1 0.410400 0.520996
vt1 0.410400 0.517578
vt1 0.410400 0.514648
vt1 0.409912 0.517578
vt1 0.410400 0.512695
vt1 0.409912 0.513916
vt1 0.410400 0.510010
vt1 0.409912 0.510010
vt1 0.410400 0.507324
vt1 0.409912 0.507324
vt1 0.409668 0.513672
vt1 0.409668 0.510010
vt1 0.409912 0.502441
vt1 0.409668 0.516602
vt1 0.410400 0.503906
vt1 0.410645 0.503906
vt1 0.410400 0.498047
vt1 0.410645 0.498047
vt1 0.410645 0.488281
vt1 0.410400 0.487793
vt1 0.410400 0.477051
vt1 0.409912 0.493652
vt1 0.409912 0.482910
vt1 0.409912 0.473145
vt1 0.409668 0.492676
vt1 0.409668 0.472168
vt1 0.409668 0.463867
vt1 0.409180 0.463867
vt1 0.409668 0.482422
vt1 0.409180 0.472168
vt1 0.408936 0.463867
vt1 0.409180 0.482910
vt1 0.408936 0.472168
vt1 0.408691 0.463867
vt1 0.409180 0.493164
vt1 0.408691 0.469238
vt1 0.408203 0.463867
vt1 0.408936 0.482910
vt1 0.408691 0.477539
vt1 0.408203 0.472168
vt1 0.407959 0.471680
vt1 0.407959 0.463867
vt1 0.408203 0.482910
vt1 0.407715 0.469238
vt1 0.407715 0.463867
vt1 0.407959 0.482422
vt1 0.407715 0.477539
vt1 0.407471 0.469238
vt1 0.407471 0.463867
vt1 0.407471 0.477539
vt1 0.406982 0.469238
vt1 0.406982 0.463867
vt1 0.406982 0.477051
vt1 0.406738 0.469238
vt1 0.406738 0.463867
vt1 0.406250 0.463867
vt1 0.406738 0.476562
vt1 0.406250 0.472656
vt1 0.406006 0.469238
vt1 0.406006 0.463867
vt1 0.406006 0.474609
vt1 0.406006 0.479980
vt1 0.406250 0.482910
vt1 0.406006 0.485352
vt1 0.406006 0.490723
vt1 0.406738 0.487305
vt1 0.406250 0.493652
vt1 0.406006 0.495605
vt1 0.406006 0.500000
vt1 0.406982 0.487793
vt1 0.406738 0.497559
vt1 0.406250 0.502441
vt1 0.406006 0.503906
vt1 0.406006 0.507324
vt1 0.407471 0.488281
vt1 0.406982 0.498047
vt1 0.406738 0.503906
vt1 0.407715 0.488281
vt1 0.407227 0.498047
vt1 0.406982 0.503906
vt1 0.407959 0.493164
vt1 0.407715 0.498047
vt1 0.407471 0.503906
vt1 0.406738 0.507324
vt1 0.406982 0.507324
vt1 0.406250 0.507324
vt1 0.406006 0.510010
vt1 0.406738 0.511230
vt1 0.406250 0.511719
vt1 0.406006 0.512695
vt1 0.406982 0.510010
vt1 0.406250 0.515625
vt1 0.406006 0.514648
vt1 0.406006 0.516602
vt1 0.406738 0.514648
vt1 0.406982 0.512695
vt1 0.407471 0.507324
vt1 0.407471 0.510010
vt1 0.407715 0.503906
vt1 0.407715 0.507324
vt1 0.407959 0.502197
vt1 0.407715 0.510010
vt1 0.408203 0.493652
vt1 0.407959 0.507324
vt1 0.408691 0.488281
vt1 0.408203 0.502441
vt1 0.408691 0.497559
vt1 0.408936 0.493164
vt1 0.408691 0.503906
vt1 0.408936 0.501953
vt1 0.409180 0.501953
vt1 0.409668 0.501709
vt1 0.409668 0.507324
vt1 0.409180 0.507324
vt1 0.409180 0.510010
vt1 0.408936 0.507324
vt1 0.408691 0.507324
vt1 0.408936 0.510010
vt1 0.409180 0.513672
vt1 0.409180 0.516602
vt1 0.408936 0.513672
vt1 0.408691 0.510010
vt1 0.408203 0.507324
vt1 0.408691 0.512695
vt1 0.407959 0.510010
vt1 0.408203 0.510010
vt1 0.408203 0.512695
vt1 0.407959 0.512695
vt1 0.407715 0.512695
vt1 0.407471 0.512695
vt1 0.407715 0.514648
vt1 0.406982 0.514648
vt1 0.407471 0.514648
vt1 0.406738 0.517334
vt1 0.406982 0.517578
vt1 0.407471 0.516602
vt1 0.406250 0.519043
vt1 0.406006 0.518311
vt1 0.406006 0.520264
vt1 0.406738 0.520996
vt1 0.406250 0.522461
vt1 0.406006 0.521973
vt1 0.406006 0.524902
vt1 0.406250 0.527588
vt1 0.406006 0.530273
vt1 0.406738 0.527588
vt1 0.406250 0.532471
vt1 0.406006 0.534180
vt1 0.406982 0.521240
vt1 0.406250 0.536865
vt1 0.406006 0.536865
vt1 0.406738 0.532715
vt1 0.406982 0.527588
vt1 0.407471 0.518311
vt1 0.407227 0.521240
vt1 0.407715 0.516602
vt1 0.407715 0.518311
vt1 0.407959 0.514648
vt1 0.407959 0.516602
vt1 0.408203 0.514648
vt1 0.408691 0.514648
vt1 0.408203 0.517578
vt1 0.408936 0.516602
vt1 0.408691 0.517578
vt1 0.409180 0.519043
vt1 0.408936 0.519043
vt1 0.409668 0.519043
vt1 0.409180 0.522461
vt1 0.409912 0.520996
vt1 0.409668 0.522461
vt1 0.409912 0.525635
vt1 0.410400 0.530273
vt1 0.409668 0.527832
vt1 0.409912 0.530273
vt1 0.410400 0.535645
vt1 0.410645 0.540039
vt1 0.409912 0.535645
vt1 0.410645 0.542969
vt1 0.410645 0.546875
vt1 0.410400 0.540039
vt1 0.410400 0.542969
vt1 0.410400 0.546875
vt1 0.409912 0.546875
vt1 0.409912 0.540039
vt1 0.409912 0.542969
vt1 0.409668 0.546875
vt1 0.409668 0.542969
vt1 0.409180 0.546875
vt1 0.409668 0.540039
vt1 0.409180 0.542969
vt1 0.409668 0.536865
vt1 0.409180 0.540039
vt1 0.408936 0.542969
vt1 0.408936 0.546875
vt1 0.408936 0.540039
vt1 0.408691 0.542969
vt1 0.408691 0.546875
vt1 0.408691 0.540039
vt1 0.408203 0.542969
vt1 0.408203 0.546875
vt1 0.408203 0.540039
vt1 0.408691 0.535645
vt1 0.407959 0.542969
vt1 0.407959 0.546875
vt1 0.407959 0.540039
vt1 0.407715 0.542969
vt1 0.407715 0.546875
vt1 0.407471 0.546875
vt1 0.408203 0.535645
vt1 0.407715 0.540039
vt1 0.407471 0.542969
vt1 0.406982 0.542969
vt1 0.406982 0.546875
vt1 0.407471 0.540039
vt1 0.407959 0.535645
vt1 0.407715 0.536865
vt1 0.406982 0.540039
vt1 0.407471 0.536865
vt1 0.406738 0.542969
vt1 0.406738 0.546875
vt1 0.407715 0.532959
vt1 0.406250 0.542969
vt1 0.406250 0.546875
vt1 0.406006 0.542969
vt1 0.406006 0.546875
vt1 0.406006 0.540039
vt1 0.406250 0.540039
vt1 0.406738 0.540039
vt1 0.406738 0.536865
vt1 0.406982 0.536865
vt1 0.406982 0.532715
vt1 0.407227 0.532715
vt1 0.407471 0.527588
vt1 0.407715 0.527588
vt1 0.407715 0.521240
vt1 0.407959 0.530029
vt1 0.407959 0.518311
vt1 0.407959 0.520752
vt1 0.407959 0.525391
vt1 0.408203 0.520996
vt1 0.408203 0.525391
vt1 0.408691 0.520996
vt1 0.408203 0.530029
vt1 0.408691 0.525635
vt1 0.408936 0.522461
vt1 0.408691 0.530273
vt1 0.408936 0.527588
vt1 0.409180 0.527344
vt1 0.408936 0.532715
vt1 0.409180 0.532471
vt1 0.408936 0.536865
vt1 0.409180 0.536865
vt1 0.409668 0.532959
vt1 0.597656 0.435547
vt1 0.597656 0.434570
vt1 0.598145 0.435059
vt1 0.597656 0.436035
vt1 0.597656 0.434082
vt1 0.598633 0.436035
vt1 0.598145 0.436523
vt1 0.598633 0.437012
vt1 0.598145 0.434082
vt1 0.598145 0.433594
vt1 0.599121 0.436523
vt1 0.599609 0.437500
vt1 0.599121 0.433594
vt1 0.598633 0.433105
vt1 0.599609 0.433105
vt1 0.599609 0.437012
vt1 0.600098 0.437500
vt1 0.599609 0.433594
vt1 0.600098 0.433105
vt1 0.600586 0.436523
vt1 0.600586 0.437012
vt1 0.601074 0.436523
vt1 0.600586 0.433594
vt1 0.600586 0.433105
vt1 0.601074 0.436035
vt1 0.601562 0.436035
vt1 0.601074 0.434082
vt1 0.601074 0.433594
vt1 0.601562 0.434082
vt1 0.599609 0.434082
vt1 0.601562 0.435059
vt1 0.602051 0.434570
vt1 0.600586 0.434570
vt1 0.601562 0.435547
vt1 0.602051 0.435547
vt1 0.600586 0.435547
vt1 0.600098 0.436035
vt1 0.600098 0.435059
vt1 0.599609 0.435059
vt1 0.599609 0.435547
vt1 0.599609 0.436035
vt1 0.599121 0.435547
vt1 0.599121 0.435059
vt1 0.598633 0.435059
vt1 0.599121 0.434570
vt1 0.593750 0.446777
vt1 0.592285 0.446289
vt1 0.592773 0.445801
vt1 0.591309 0.445801
vt1 0.593262 0.447266
vt1 0.594238 0.447754
vt1 0.591309 0.446289
vt1 0.589844 0.445801
vt1 0.592285 0.447266
vt1 0.593750 0.448242
vt1 0.594727 0.449219
vt1 0.590332 0.446289
vt1 0.588867 0.445801
vt1 0.591309 0.446777
vt1 0.588867 0.446777
vt1 0.592773 0.447754
vt1 0.591797 0.447754
vt1 0.590332 0.446777
vt1 0.590820 0.447266
vt1 0.592285 0.448242
vt1 0.591797 0.448242
vt1 0.590332 0.447754
vt1 0.590820 0.448242
vt1 0.591309 0.448730
vt1 0.589355 0.447266
vt1 0.590332 0.448242
vt1 0.589844 0.447754
vt1 0.588379 0.447754
vt1 0.588867 0.448242
vt1 0.589355 0.448730
vt1 0.590820 0.448730
vt1 0.589844 0.449219
vt1 0.590332 0.449219
vt1 0.591309 0.449219
vt1 0.589355 0.449219
vt1 0.589844 0.449707
vt1 0.590820 0.449707
vt1 0.588379 0.448730
vt1 0.590332 0.449707
vt1 0.587891 0.448242
vt1 0.589844 0.450195
vt1 0.587891 0.447266
vt1 0.587891 0.446777
vt1 0.587402 0.448242
vt1 0.586914 0.447754
vt1 0.588379 0.449219
vt1 0.587891 0.449219
vt1 0.586914 0.449219
vt1 0.586426 0.449219
vt1 0.586914 0.450195
vt1 0.586426 0.450684
vt1 0.586914 0.451660
vt1 0.587891 0.450195
vt1 0.587402 0.451660
vt1 0.587891 0.452637
vt1 0.588379 0.450195
vt1 0.587891 0.451172
vt1 0.587891 0.452148
vt1 0.588867 0.453613
vt1 0.588867 0.451660
vt1 0.589355 0.452637
vt1 0.588379 0.450684
vt1 0.590332 0.453613
vt1 0.589844 0.454102
vt1 0.589355 0.452148
vt1 0.591309 0.453613
vt1 0.591309 0.454102
vt1 0.590332 0.452637
vt1 0.591309 0.453125
vt1 0.592285 0.453125
vt1 0.592773 0.453613
vt1 0.593750 0.452637
vt1 0.592285 0.452637
vt1 0.593262 0.452637
vt1 0.594238 0.451660
vt1 0.591797 0.452148
vt1 0.593750 0.451660
vt1 0.594727 0.450684
vt1 0.592773 0.452148
vt1 0.594238 0.450195
vt1 0.593262 0.451172
vt1 0.594238 0.449219
vt1 0.593750 0.450195
vt1 0.593750 0.449219
vt1 0.592773 0.451660
vt1 0.593262 0.451172
vt1 0.593262 0.450195
vt1 0.593262 0.448730
vt1 0.592773 0.449219
vt1 0.592285 0.448730
vt1 0.591797 0.449219
vt1 0.592773 0.449707
vt1 0.592773 0.450195
vt1 0.592285 0.450684
vt1 0.591797 0.450195
vt1 0.592285 0.451172
vt1 0.591797 0.451172
vt1 0.591797 0.451660
vt1 0.591309 0.450684
vt1 0.591309 0.449707
vt1 0.591309 0.450195
vt1 0.590820 0.450195
vt1 0.590820 0.450195
vt1 0.590820 0.450684
vt1 0.590820 0.451172
vt1 0.590332 0.450684
vt1 0.590332 0.451172
vt1 0.590820 0.451660
vt1 0.589355 0.450195
vt1 0.591309 0.452637
vt1 0.590332 0.452148
vt1 0.590332 0.451660
vt1 0.589844 0.451660
vt1 0.589355 0.450684
vt1 0.589355 0.451172
vt1 0.588867 0.450684
vt1 0.588867 0.450195
vt1 0.589355 0.449707
vt1 0.588867 0.449707
vt1 0.597656 0.447754
vt1 0.596680 0.447754
vt1 0.597168 0.447266
vt1 0.597656 0.446777
vt1 0.597168 0.448242
vt1 0.596191 0.448730
vt1 0.598145 0.447266
vt1 0.598633 0.446777
vt1 0.599121 0.446777
vt1 0.598145 0.447754
vt1 0.597168 0.449219
vt1 0.596191 0.449707
vt1 0.599121 0.447266
vt1 0.600098 0.446777
vt1 0.597168 0.449707
vt1 0.596680 0.450195
vt1 0.600098 0.447754
vt1 0.600586 0.447266
vt1 0.598633 0.447754
vt1 0.600586 0.448242
vt1 0.601074 0.447754
vt1 0.601562 0.448730
vt1 0.599121 0.448242
vt1 0.598633 0.448242
vt1 0.598145 0.448730
vt1 0.598633 0.448730
vt1 0.598145 0.449219
vt1 0.598633 0.449219
vt1 0.599121 0.449219
vt1 0.597656 0.450195
vt1 0.597168 0.451172
vt1 0.597656 0.451660
vt1 0.598145 0.449707
vt1 0.598145 0.450684
vt1 0.598633 0.451660
vt1 0.598633 0.449707
vt1 0.598633 0.450195
vt1 0.599121 0.451172
vt1 0.599121 0.451660
vt1 0.600098 0.451660
vt1 0.599609 0.449707
vt1 0.599609 0.450195
vt1 0.600098 0.450684
vt1 0.600586 0.451172
vt1 0.600586 0.450195
vt1 0.601074 0.450195
vt1 0.599609 0.448730
vt1 0.600098 0.449219
vt1 0.600586 0.449219
vt1 0.601562 0.449707
vt1 0.599609 0.444824
vt1 0.601074 0.443848
vt1 0.600098 0.445312
vt1 0.599121 0.445801
vt1 0.600586 0.443848
vt1 0.601562 0.442871
vt1 0.598633 0.445312
vt1 0.597656 0.446289
vt1 0.599121 0.444336
vt1 0.597656 0.445801
vt1 0.596191 0.446289
vt1 0.598633 0.444824
vt1 0.599609 0.443359
vt1 0.596680 0.445312
vt1 0.600586 0.442383
vt1 0.597656 0.445312
vt1 0.595215 0.445312
vt1 0.595215 0.445801
vt1 0.598145 0.444336
vt1 0.594238 0.444824
vt1 0.593750 0.445312
vt1 0.598633 0.443848
vt1 0.593750 0.443848
vt1 0.593262 0.443848
vt1 0.599121 0.443359
vt1 0.593262 0.442383
vt1 0.592773 0.442871
vt1 0.592773 0.441406
vt1 0.599609 0.442383
vt1 0.593262 0.441406
vt1 0.593262 0.439941
vt1 0.593750 0.442383
vt1 0.593750 0.440430
vt1 0.593750 0.438965
vt1 0.593750 0.441406
vt1 0.594238 0.443359
vt1 0.594238 0.442383
vt1 0.594727 0.444336
vt1 0.594727 0.443359
vt1 0.595703 0.444824
vt1 0.595215 0.443848
vt1 0.596680 0.444824
vt1 0.595703 0.444336
vt1 0.597168 0.444336
vt1 0.595703 0.443848
vt1 0.598145 0.443848
vt1 0.596680 0.444336
vt1 0.597168 0.443848
vt1 0.598145 0.443359
vt1 0.596680 0.443359
vt1 0.599121 0.442871
vt1 0.597656 0.443359
vt1 0.598633 0.442871
vt1 0.599121 0.442383
vt1 0.597168 0.443359
vt1 0.597168 0.442871
vt1 0.596680 0.442871
vt1 0.596191 0.443359
vt1 0.595703 0.443359
vt1 0.596191 0.442871
vt1 0.595215 0.442871
vt1 0.596191 0.442383
vt1 0.594727 0.442383
vt1 0.595703 0.442383
vt1 0.595215 0.442383
vt1 0.594238 0.441406
vt1 0.595215 0.441895
vt1 0.593750 0.440430
vt1 0.594727 0.441406
vt1 0.594238 0.440918
vt1 0.595215 0.440918
vt1 0.595703 0.441895
vt1 0.595703 0.441406
vt1 0.596191 0.441895
vt1 0.596191 0.441406
vt1 0.596680 0.442383
vt1 0.596680 0.441895
vt1 0.597168 0.441895
vt1 0.597168 0.441895
vt1 0.596680 0.441406
vt1 0.597656 0.442383
vt1 0.597656 0.441895
vt1 0.598145 0.441895
vt1 0.597168 0.441406
vt1 0.598633 0.442383
vt1 0.598145 0.441406
vt1 0.598633 0.441895
vt1 0.599121 0.441406
vt1 0.599609 0.441406
vt1 0.598633 0.440918
vt1 0.599121 0.440918
vt1 0.598145 0.440430
vt1 0.600098 0.441406
vt1 0.599609 0.440430
vt1 0.600586 0.441406
vt1 0.601562 0.441406
vt1 0.601074 0.439941
vt1 0.600586 0.440430
vt1 0.600098 0.438965
vt1 0.598633 0.439941
vt1 0.599121 0.439941
vt1 0.599609 0.439453
vt1 0.598633 0.438477
vt1 0.599121 0.437988
vt1 0.598633 0.438965
vt1 0.598145 0.439453
vt1 0.597656 0.437988
vt1 0.597656 0.437500
vt1 0.596191 0.437500
vt1 0.597656 0.438965
vt1 0.596191 0.437988
vt1 0.595215 0.437988
vt1 0.597168 0.439453
vt1 0.596680 0.438965
vt1 0.595215 0.438477
vt1 0.594238 0.439453
vt1 0.595215 0.438965
vt1 0.594727 0.439453
vt1 0.595703 0.439453
vt1 0.595215 0.439941
vt1 0.596680 0.439453
vt1 0.595703 0.439941
vt1 0.595703 0.440430
vt1 0.596191 0.440430
vt1 0.596680 0.439941
vt1 0.596680 0.440430
vt1 0.597168 0.439941
vt1 0.597168 0.440918
vt1 0.597656 0.440430
vt1 0.598145 0.439941
vt1 0.431885 0.429688
vt1 0.431885 0.417969
vt1 0.447998 0.417969
vt1 0.502930 0.430176
vt1 0.464111 0.417969
vt1 0.479980 0.417969
vt1 0.496094 0.417969
vt1 0.431885 0.434082
vt1 0.512207 0.417969
vt1 0.476318 0.434082
vt1 0.431885 0.438965
vt1 0.583008 0.430176
vt1 0.528320 0.417969
vt1 0.544434 0.417969
vt1 0.560547 0.417969
vt1 0.576660 0.417969
vt1 0.592285 0.417969
vt1 0.527344 0.434082
vt1 0.523926 0.438477
vt1 0.509277 0.443848
vt1 0.431885 0.443848
vt1 0.431885 0.449219
vt1 0.576660 0.438477
vt1 0.573242 0.443848
vt1 0.580078 0.434082
vt1 0.587402 0.443848
vt1 0.591309 0.438477
vt1 0.594727 0.434082
vt1 0.600586 0.427246
vt1 0.591797 0.438965
vt1 0.604980 0.422363
vt1 0.608398 0.417969
vt1 0.595703 0.434570
vt1 0.600098 0.428711
vt1 0.605957 0.422363
vt1 0.609375 0.417969
vt1 0.596191 0.434570
vt1 0.606445 0.422363
vt1 0.609863 0.418457
vt1 0.603027 0.426758
vt1 0.592285 0.438965
vt1 0.588379 0.444336
vt1 0.587891 0.443848
vt1 0.584473 0.449219
vt1 0.583984 0.449219
vt1 0.580078 0.454590
vt1 0.583008 0.449219
vt1 0.579590 0.454590
vt1 0.577148 0.459473
vt1 0.569336 0.449219
vt1 0.579102 0.454590
vt1 0.576660 0.458984
vt1 0.574707 0.464355
vt1 0.529297 0.449219
vt1 0.573730 0.464355
vt1 0.572266 0.469727
vt1 0.565918 0.454102
vt1 0.576172 0.458984
vt1 0.515625 0.454102
vt1 0.562988 0.458984
vt1 0.573242 0.463867
vt1 0.458740 0.454102
vt1 0.431885 0.454102
vt1 0.431885 0.458984
vt1 0.499023 0.458984
vt1 0.491943 0.464355
vt1 0.431885 0.464355
vt1 0.560547 0.463867
vt1 0.558594 0.468750
vt1 0.431885 0.468750
vt1 0.571289 0.468750
vt1 0.468262 0.482910
vt1 0.431641 0.482910
vt1 0.480225 0.482910
vt1 0.571777 0.468750
vt1 0.567871 0.478027
vt1 0.566406 0.482910
vt1 0.565918 0.482910
vt1 0.567383 0.478027
vt1 0.564941 0.482910
vt1 0.554688 0.478027
vt1 0.553223 0.482910
vt1 0.492432 0.482910
vt1 0.541016 0.482910
vt1 0.504395 0.482910
vt1 0.528809 0.482910
vt1 0.516602 0.482910
vt1 0.343018 0.417969
vt1 0.344971 0.422852
vt1 0.342529 0.417969
vt1 0.345459 0.422852
vt1 0.347412 0.427734
vt1 0.357422 0.418457
vt1 0.349365 0.430664
vt1 0.352295 0.437012
vt1 0.362549 0.432617
vt1 0.371582 0.418457
vt1 0.352783 0.437012
vt1 0.354736 0.442383
vt1 0.385742 0.418457
vt1 0.355225 0.441895
vt1 0.357666 0.448242
vt1 0.363770 0.437500
vt1 0.358398 0.447754
vt1 0.360840 0.454102
vt1 0.365479 0.442383
vt1 0.407715 0.437012
vt1 0.408936 0.432129
vt1 0.399902 0.418457
vt1 0.414062 0.417969
vt1 0.361328 0.454102
vt1 0.363770 0.459961
vt1 0.426025 0.422852
vt1 0.428467 0.417969
vt1 0.426514 0.422852
vt1 0.428955 0.418457
vt1 0.424072 0.427734
vt1 0.422119 0.430176
vt1 0.419189 0.437012
vt1 0.418701 0.437012
vt1 0.416748 0.442383
vt1 0.416260 0.441895
vt1 0.413818 0.447754
vt1 0.406006 0.441895
vt1 0.413086 0.447754
vt1 0.410645 0.454102
vt1 0.404053 0.447754
vt1 0.410156 0.453613
vt1 0.407715 0.459961
vt1 0.367432 0.448242
vt1 0.407227 0.459961
vt1 0.405273 0.465332
vt1 0.402100 0.454102
vt1 0.369385 0.454102
vt1 0.364258 0.459961
vt1 0.366211 0.465332
vt1 0.371582 0.459961
vt1 0.366943 0.465332
vt1 0.368408 0.470703
vt1 0.400146 0.459961
vt1 0.368896 0.470215
vt1 0.370361 0.476074
vt1 0.373047 0.465332
vt1 0.398438 0.464844
vt1 0.404785 0.464844
vt1 0.403320 0.470215
vt1 0.402832 0.470215
vt1 0.401367 0.476074
vt1 0.374512 0.470215
vt1 0.397217 0.470215
vt1 0.401123 0.475098
vt1 0.370605 0.475098
vt1 0.398193 0.483887
vt1 0.396729 0.489746
vt1 0.396240 0.489746
vt1 0.395996 0.475098
vt1 0.392822 0.489746
vt1 0.375732 0.475098
vt1 0.378418 0.489746
vt1 0.375732 0.489746
vt1 0.373535 0.483887
vt1 0.375000 0.489746
vt1 0.340576 0.604736
vt1 0.343750 0.608887
vt1 0.340088 0.605225
vt1 0.344238 0.608643
vt1 0.347412 0.612793
vt1 0.341309 0.604736
vt1 0.350098 0.614746
vt1 0.354492 0.620605
vt1 0.344971 0.608398
vt1 0.357422 0.603760
vt1 0.354980 0.620117
vt1 0.358398 0.624756
vt1 0.349609 0.613525
vt1 0.367920 0.615479
vt1 0.407715 0.603027
vt1 0.355469 0.620117
vt1 0.358643 0.624268
vt1 0.362305 0.629639
vt1 0.362793 0.629395
vt1 0.366455 0.634766
vt1 0.359131 0.624023
vt1 0.366943 0.634521
vt1 0.370361 0.639893
vt1 0.363281 0.629150
vt1 0.370361 0.619385
vt1 0.373535 0.623779
vt1 0.370850 0.639648
vt1 0.373535 0.644531
vt1 0.367432 0.634277
vt1 0.374023 0.644287
vt1 0.376221 0.649658
vt1 0.371582 0.639648
vt1 0.377441 0.628906
vt1 0.381104 0.634277
vt1 0.376709 0.649414
vt1 0.378662 0.655029
vt1 0.374756 0.644287
vt1 0.384766 0.639404
vt1 0.378662 0.654053
vt1 0.377197 0.649170
vt1 0.387695 0.644043
vt1 0.382812 0.663330
vt1 0.384277 0.668213
vt1 0.384766 0.667969
vt1 0.379395 0.653809
vt1 0.383301 0.663330
vt1 0.385498 0.667969
vt1 0.390137 0.649170
vt1 0.391846 0.653809
vt1 0.395508 0.663330
vt1 0.399902 0.667969
vt1 0.442383 0.667969
vt1 0.518555 0.654053
vt1 0.482422 0.668213
vt1 0.519043 0.667725
vt1 0.518555 0.649414
vt1 0.458740 0.649414
vt1 0.518555 0.644287
vt1 0.451416 0.644287
vt1 0.491943 0.639404
vt1 0.518555 0.639160
vt1 0.518555 0.634033
vt1 0.435059 0.639404
vt1 0.451660 0.634277
vt1 0.518555 0.629150
vt1 0.476318 0.629150
vt1 0.518555 0.624023
vt1 0.437744 0.628906
vt1 0.475098 0.624023
vt1 0.518555 0.619141
vt1 0.402588 0.623535
vt1 0.436768 0.623779
vt1 0.474365 0.619385
vt1 0.518555 0.614990
vt1 0.427979 0.619141
vt1 0.518555 0.603271
vt1 0.502441 0.603271
vt1 0.486572 0.603271
vt1 0.412842 0.615234
vt1 0.462891 0.615234
vt1 0.471436 0.607422
vt1 0.451172 0.503662
vt1 0.475586 0.503662
vt1 0.475586 0.522949
vt1 0.451172 0.522949
vt1 0.475586 0.503662
vt1 0.487549 0.503662
vt1 0.487549 0.522949
vt1 0.475586 0.522949
vt1 0.487549 0.503662
vt1 0.499756 0.522949
vt1 0.487549 0.522949
vt1 0.499756 0.503418
vt1 0.511719 0.522705
vt1 0.499756 0.522949
vt1 0.511719 0.503418
vt1 0.536133 0.503418
vt1 0.536133 0.522949
vt1 0.511719 0.522949
vt1 0.547852 0.503174
vt1 0.535645 0.522949
vt1 0.536133 0.503418
vt1 0.547852 0.522949
vt1 0.559570 0.503174
vt1 0.547852 0.522949
vt1 0.547852 0.503174
vt1 0.559570 0.522949
vt1 0.340088 0.417969
vt1 0.357666 0.453613
vt1 0.340088 0.434570
vt1 0.357666 0.465332
vt1 0.340088 0.451660
vt1 0.340088 0.468262
vt1 0.340088 0.484863
vt1 0.340088 0.501465
vt1 0.340088 0.518066
vt1 0.340088 0.534912
vt1 0.340088 0.551514
vt1 0.340088 0.568115
vt1 0.340088 0.584961
vt1 0.357666 0.566650
vt1 0.340088 0.601562
vt1 0.357666 0.567139
vt1 0.340332 0.602295
vt1 0.357910 0.567383
vt1 0.340576 0.602783
vt1 0.341309 0.602783
vt1 0.358154 0.567383
vt1 0.355957 0.602783
vt1 0.370850 0.602783
vt1 0.413086 0.567383
vt1 0.385742 0.602783
vt1 0.400635 0.602783
vt1 0.415283 0.602783
vt1 0.430176 0.603027
vt1 0.413574 0.567383
vt1 0.430908 0.602783
vt1 0.431152 0.602295
vt1 0.413818 0.567139
vt1 0.431396 0.601562
vt1 0.413818 0.566650
vt1 0.431396 0.584961
vt1 0.431396 0.533447
vt1 0.413818 0.464844
vt1 0.431396 0.451660
vt1 0.431396 0.434570
vt1 0.413818 0.453613
vt1 0.431396 0.417969
vt1 0.582031 0.505615
vt1 0.582520 0.505615
vt1 0.582520 0.506104
vt1 0.583008 0.510254
vt1 0.582031 0.504150
vt1 0.583008 0.519775
vt1 0.583008 0.520264
vt1 0.582031 0.520508
vt1 0.582031 0.520752
vt1 0.582031 0.520752
vt1 0.559570 0.522705
vt1 0.559570 0.503174
vt1 0.451172 0.494629
vt1 0.475586 0.503662
vt1 0.451172 0.503662
vt1 0.487549 0.503662
vt1 0.507812 0.494629
vt1 0.499756 0.503418
vt1 0.511719 0.503418
vt1 0.451172 0.494629
vt1 0.536133 0.503418
vt1 0.546387 0.493164
vt1 0.451172 0.493652
vt1 0.578125 0.495117
vt1 0.547852 0.503174
vt1 0.559570 0.502930
vt1 0.581543 0.505127
vt1 0.587402 0.500000
vt1 0.582031 0.505371
vt1 0.578125 0.495605
vt1 0.578613 0.494629
vt1 0.587402 0.499512
vt1 0.587402 0.500000
vt1 0.578613 0.493164
vt1 0.451172 0.493652
vt1 0.587402 0.499512
vt1 0.587891 0.499512
vt1 0.587891 0.500244
vt1 0.582520 0.505615
vt1 0.587891 0.500000
vt1 0.587891 0.500488
vt1 0.582520 0.506104
vt1 0.588379 0.500244
vt1 0.589355 0.503662
vt1 0.583496 0.510254
vt1 0.590820 0.503174
vt1 0.590332 0.522217
vt1 0.583008 0.519775
vt1 0.588379 0.525391
vt1 0.582520 0.520264
vt1 0.589844 0.522461
vt1 0.587891 0.525635
vt1 0.582031 0.520508
vt1 0.588379 0.525635
vt1 0.590820 0.523193
vt1 0.590332 0.502686
vt1 0.588379 0.525879
vt1 0.588379 0.500000
vt1 0.591309 0.523682
vt1 0.590820 0.502441
vt1 0.588379 0.499512
vt1 0.588379 0.500000
vt1 0.587891 0.499512
vt1 0.588379 0.499512
vt1 0.592773 0.501465
vt1 0.587891 0.499023
vt1 0.587891 0.499512
vt1 0.579590 0.492676
vt1 0.588379 0.498535
vt1 0.588867 0.498535
vt1 0.517090 0.491699
vt1 0.451172 0.491699
vt1 0.451172 0.491699
vt1 0.579102 0.491699
vt1 0.588867 0.498047
vt1 0.588867 0.498535
vt1 0.588867 0.499023
vt1 0.589355 0.498047
vt1 0.589355 0.499023
vt1 0.589355 0.498535
vt1 0.589355 0.499023
vt1 0.589355 0.498535
vt1 0.588867 0.498047
vt1 0.589355 0.498047
vt1 0.589844 0.498535
vt1 0.579590 0.492676
vt1 0.589844 0.498535
vt1 0.588867 0.497559
vt1 0.593262 0.495117
vt1 0.593750 0.496094
vt1 0.592285 0.494141
vt1 0.589844 0.498535
vt1 0.594238 0.496582
vt1 0.579590 0.492676
vt1 0.577637 0.484863
vt1 0.592285 0.501221
vt1 0.599121 0.501953
vt1 0.592285 0.501465
vt1 0.592773 0.501221
vt1 0.594238 0.524414
vt1 0.595215 0.512451
vt1 0.597656 0.523926
vt1 0.592285 0.524658
vt1 0.594727 0.529297
vt1 0.590332 0.527344
vt1 0.593750 0.530029
vt1 0.592285 0.524658
vt1 0.589844 0.527344
vt1 0.589844 0.527588
vt1 0.593262 0.531006
vt1 0.591797 0.524170
vt1 0.589844 0.527100
vt1 0.589355 0.527588
vt1 0.589355 0.528076
vt1 0.589355 0.528320
vt1 0.592773 0.531982
vt1 0.589355 0.527832
vt1 0.579590 0.533691
vt1 0.575195 0.542236
vt1 0.588867 0.528076
vt1 0.579590 0.533203
vt1 0.554199 0.536377
vt1 0.528320 0.542969
vt1 0.528320 0.536377
vt1 0.496826 0.535889
vt1 0.488281 0.542725
vt1 0.451416 0.535889
vt1 0.451416 0.542969
vt1 0.451172 0.535400
vt1 0.451172 0.534912
vt1 0.579590 0.534424
vt1 0.517578 0.534668
vt1 0.451172 0.534668
vt1 0.451172 0.533203
vt1 0.588867 0.527832
vt1 0.579590 0.533447
vt1 0.579102 0.532715
vt1 0.451172 0.533203
vt1 0.588867 0.527588
vt1 0.588867 0.527588
vt1 0.589355 0.527344
vt1 0.587891 0.526855
vt1 0.589355 0.526855
vt1 0.588867 0.527100
vt1 0.588867 0.527344
vt1 0.588379 0.526367
vt1 0.588867 0.526123
vt1 0.588379 0.526611
vt1 0.588379 0.526367
vt1 0.587891 0.526611
vt1 0.587891 0.526611
vt1 0.587891 0.526367
vt1 0.588379 0.526123
vt1 0.587891 0.526123
vt1 0.587402 0.526367
vt1 0.587402 0.526123
vt1 0.582031 0.520752
vt1 0.579102 0.531494
vt1 0.578613 0.530518
vt1 0.578125 0.531006
vt1 0.559570 0.522949
vt1 0.547852 0.522949
vt1 0.546387 0.532959
vt1 0.451172 0.532227
vt1 0.507324 0.531982
vt1 0.536133 0.522949
vt1 0.511719 0.522949
vt1 0.499756 0.522949
vt1 0.487549 0.522949
vt1 0.451172 0.531982
vt1 0.475586 0.522949
vt1 0.451172 0.522949
vt1 0.488037 0.483887
vt1 0.451172 0.490723
vt1 0.451172 0.483887
vt1 0.502441 0.490723
vt1 0.500000 0.483887
vt1 0.512695 0.483398
vt1 0.451172 0.491211
vt1 0.524902 0.483398
vt1 0.528320 0.490234
vt1 0.555664 0.489746
vt1 0.537109 0.483398
vt1 0.549805 0.482910
vt1 0.562988 0.482910
vn -0.393701 -0.629921 0.669291
vn -0.637795 -0.574803 0.511811
vn -0.582677 -0.669291 0.456693
vn -0.417323 -0.543307 0.724409
vn -0.677165 -0.472441 0.566929
vn -0.157480 -0.535433 0.826772
vn -0.456693 -0.448819 0.771653
vn -0.661417 -0.496063 0.566929
vn -0.157480 -0.456693 0.874016
vn 0.118110 -0.377953 0.921260
vn -0.433071 -0.480315 0.763779
vn -0.653543 -0.511811 0.559055
vn -0.645669 -0.535433 0.551181
vn 0.125984 -0.314960 0.944882
vn 0.385827 -0.181102 0.905512
vn -0.188976 -0.377953 0.905512
vn 0.401575 -0.141732 0.905512
vn 0.614173 0.039370 0.787401
vn 0.102362 -0.275590 0.952756
vn -0.165354 -0.409449 0.897638
vn 0.637795 0.047244 0.771653
vn 0.771654 0.244095 0.582677
vn -0.417323 -0.503937 0.755905
vn -0.629921 -0.551181 0.543307
vn 0.795276 0.228346 0.559055
vn 0.850394 0.417323 0.322835
vn -0.409449 -0.519685 0.748031
vn -0.629921 -0.566929 0.535433
vn 0.874016 0.377953 0.299213
vn 0.842520 0.543307 0.047244
vn -0.393701 -0.535433 0.740157
vn -0.614173 -0.582677 0.527559
vn -0.598425 -0.614173 0.511811
vn 0.874016 0.488189 0.015748
vn 0.755906 0.614173 -0.228346
vn -0.370079 -0.590551 0.716535
vn -0.574803 -0.653543 0.496063
vn -0.551181 -0.692913 0.472441
vn 0.787402 0.559055 -0.259843
vn 0.598425 0.637795 -0.488189
vn -0.330709 -0.645669 0.685039
vn -0.519685 -0.724409 0.456693
vn 0.913386 0.401575 -0.007874
vn -0.291339 -0.685039 0.661417
vn -0.503937 -0.748031 0.440945
vn -0.488189 -0.763779 0.425197
vn 0.913386 0.299213 0.291339
vn -0.267717 -0.716535 0.637795
vn -0.472441 -0.771653 0.417323
vn -0.464567 -0.779527 0.417323
vn 0.811024 0.165354 0.559055
vn -0.251969 -0.732283 0.629921
vn -0.464567 -0.787401 0.409449
vn -0.456693 -0.787401 0.409449
vn 0.629921 0.007874 0.771653
vn -0.251969 -0.740157 0.629921
vn -0.456693 -0.787401 0.409449
vn -0.456693 -0.787401 0.409449
vn 0.385827 -0.141732 0.913386
vn -0.251969 -0.732283 0.629921
vn -0.456693 -0.787401 0.409449
vn -0.456693 -0.787401 0.409449
vn 0.118110 -0.291338 0.944882
vn -0.259843 -0.732283 0.629921
vn -0.456693 -0.787401 0.417323
vn -0.259843 -0.724409 0.637795
vn -0.031496 -0.606299 0.795276
vn -0.039370 -0.606299 0.795276
vn -0.023622 -0.614173 0.787401
vn 0.204724 -0.425197 0.881890
vn 0.188976 -0.425197 0.881890
vn 0.401575 -0.204724 0.889764
vn 0.212598 -0.433071 0.881890
vn 0.417323 -0.196850 0.889764
vn 0.582677 0.039370 0.811023
vn 0.220472 -0.433071 0.874016
vn 0.590551 0.055118 0.803149
vn 0.700787 0.283465 0.653543
vn 0.425197 -0.204724 0.881890
vn 0.708661 0.299213 0.637795
vn 0.755906 0.503937 0.417323
vn 0.606299 0.047244 0.795275
vn 0.433071 -0.212598 0.874016
vn 0.755906 0.511811 0.401575
vn 0.724409 0.669291 0.149606
vn 0.716535 0.291339 0.629921
vn 0.606299 0.039370 0.795275
vn 0.724409 0.677165 0.125984
vn 0.763780 0.511811 0.401575
vn 0.724409 0.283465 0.629921
vn 0.622047 0.771653 -0.149606
vn 0.629921 0.763779 -0.141732
vn 0.464567 0.787401 -0.409449
vn 0.456693 0.787401 -0.409449
vn 0.259843 0.732283 -0.637795
vn 0.622047 0.771653 -0.149606
vn 0.732283 0.669291 0.133858
vn 0.259843 0.732283 -0.629921
vn 0.023622 0.598425 -0.803150
vn 0.456693 0.787401 -0.409449
vn 0.629921 0.763779 -0.149606
vn 0.763780 0.503937 0.393701
vn 0.732283 0.669291 0.125984
vn 0.456693 0.787401 -0.409449
vn 0.637795 0.755905 -0.157480
vn 0.771654 0.496063 0.385827
vn 0.251969 0.740157 -0.629921
vn 0.732283 0.283465 0.622047
vn 0.748031 0.653543 0.118110
vn 0.614173 0.039370 0.787401
vn 0.740157 0.275591 0.614173
vn 0.433071 -0.212598 0.874016
vn 0.614173 0.031496 0.787401
vn 0.433071 -0.212598 0.874016
vn 0.212598 -0.433071 0.874016
vn 0.212598 -0.433071 0.874016
vn -0.015748 -0.614173 0.787401
vn -0.023622 -0.614173 0.787401
vn -0.031496 -0.606299 0.795276
vn 0.204724 -0.425197 0.881890
vn -0.047244 -0.582677 0.811024
vn 0.196850 -0.417323 0.889764
vn 0.433071 -0.204724 0.874016
vn 0.188976 -0.401575 0.897638
vn 0.614173 0.031496 0.787401
vn 0.425197 -0.204724 0.881890
vn 0.740157 0.267717 0.614173
vn 0.614173 0.031496 0.787401
vn 0.425197 -0.196850 0.881890
vn -0.062992 -0.566929 0.818898
vn 0.173228 -0.385827 0.905512
vn -0.086614 -0.543307 0.834646
vn 0.417323 -0.188976 0.889764
vn -0.118110 -0.503937 0.858268
vn 0.149606 -0.362205 0.921260
vn -0.141732 -0.456693 0.881890
vn 0.133858 -0.330709 0.937008
vn -0.149606 -0.440945 0.881890
vn -0.157480 -0.433071 0.889764
vn 0.133858 -0.322834 0.937008
vn 0.125984 -0.314960 0.944882
vn 0.401575 -0.173228 0.897638
vn 0.401575 -0.165354 0.897638
vn 0.401575 -0.165354 0.905512
vn 0.393701 -0.157480 0.905512
vn 0.637795 0.007874 0.771653
vn 0.629921 0.007874 0.771653
vn 0.637795 0.007874 0.771653
vn 0.811024 0.165354 0.559055
vn 0.811024 0.173228 0.566929
vn 0.905512 0.307087 0.291339
vn 0.897638 0.322835 0.299213
vn 0.803150 0.181102 0.566929
vn 0.913386 0.417323 -0.007874
vn 0.897638 0.440945 -0.000000
vn 0.889764 0.330709 0.299213
vn 0.889764 0.456693 0.007874
vn 0.818898 0.496063 -0.291339
vn 0.803150 0.519685 -0.283465
vn 0.826772 0.472441 -0.299213
vn 0.834646 0.456693 -0.299213
vn 0.661417 0.496063 -0.566929
vn 0.637795 0.574803 -0.511811
vn 0.677165 0.480315 -0.566929
vn 0.433071 0.543307 -0.716535
vn 0.385827 0.598425 -0.700787
vn 0.448819 0.448819 -0.771653
vn 0.433071 0.464567 -0.771653
vn 0.181102 0.464567 -0.866142
vn 0.133858 0.503937 -0.850394
vn 0.181102 0.377953 -0.905512
vn 0.165354 0.401575 -0.905512
vn -0.102362 0.330709 -0.937008
vn -0.149606 0.346457 -0.921260
vn -0.110236 0.267716 -0.960630
vn -0.377953 0.165354 -0.913386
vn -0.425197 0.149606 -0.897638
vn -0.393701 0.133858 -0.913386
vn -0.622047 -0.023622 -0.787401
vn -0.637795 -0.078740 -0.763779
vn -0.118110 0.291338 -0.952756
vn -0.787402 -0.212598 -0.574803
vn -0.779528 -0.291339 -0.559055
vn -0.637795 -0.015748 -0.771653
vn -0.874016 -0.370079 -0.314961
vn -0.834646 -0.464567 -0.307087
vn -0.818898 -0.157480 -0.551181
vn -0.393701 0.149606 -0.905512
vn -0.637795 -0.007874 -0.771653
vn -0.913386 -0.291339 -0.283464
vn -0.874016 -0.488189 -0.031496
vn -0.811024 -0.582677 -0.047244
vn -0.811024 -0.165354 -0.559055
vn -0.787402 -0.559055 0.251969
vn -0.724409 -0.653543 0.212598
vn -0.637795 -0.574803 0.511811
vn -0.582677 -0.669291 0.456693
vn -0.677165 -0.472441 0.566929
vn -0.834646 -0.448819 0.307087
vn -0.661417 -0.496063 0.566929
vn -0.921260 -0.393701 0.015748
vn -0.826772 -0.480315 0.299213
vn -0.653543 -0.511811 0.559055
vn -0.913386 -0.409449 0.007874
vn -0.905512 -0.307087 -0.291339
vn -0.811024 -0.503937 0.291339
vn -0.645669 -0.535433 0.551181
vn -0.905512 -0.433071 0.007874
vn -0.905512 -0.322835 -0.291339
vn -0.803150 -0.519685 0.283465
vn -0.629921 -0.551181 0.543307
vn -0.889764 -0.448819 0.000000
vn -0.795276 -0.543307 0.275591
vn -0.629921 -0.566929 0.535433
vn -0.614173 -0.582677 0.527559
vn -0.897638 -0.330709 -0.299213
vn -0.771654 -0.582677 0.267717
vn -0.598425 -0.614173 0.511811
vn -0.574803 -0.653543 0.496063
vn -0.881890 -0.472441 -0.015748
vn -0.889764 -0.354331 -0.299213
vn -0.724409 -0.653543 0.228346
vn -0.551181 -0.692913 0.472441
vn -0.519685 -0.724409 0.456693
vn -0.850394 -0.527559 -0.047244
vn -0.685039 -0.708661 0.188976
vn -0.503937 -0.748031 0.440945
vn -0.811024 -0.574803 -0.070866
vn -0.858268 -0.393701 -0.322835
vn -0.834646 -0.433071 -0.346457
vn -0.653543 -0.740157 0.165354
vn -0.488189 -0.763779 0.425197
vn -0.779528 -0.622047 -0.086614
vn -0.811024 -0.448819 -0.362205
vn -0.637795 -0.755905 0.157480
vn -0.472441 -0.771653 0.417323
vn -0.464567 -0.779527 0.417323
vn -0.755906 -0.645669 -0.110236
vn -0.803150 -0.472441 -0.370079
vn -0.629921 -0.763779 0.149606
vn -0.464567 -0.787401 0.409449
vn -0.456693 -0.787401 0.409449
vn -0.787402 -0.480315 -0.377953
vn -0.622047 -0.771653 0.149606
vn -0.456693 -0.787401 0.409449
vn -0.456693 -0.787401 0.409449
vn -0.740157 -0.661417 -0.125984
vn -0.622047 -0.771653 0.149606
vn -0.456693 -0.787401 0.409449
vn -0.456693 -0.787401 0.409449
vn -0.732283 -0.669291 -0.125984
vn -0.614173 -0.771653 0.157480
vn -0.456693 -0.787401 0.417323
vn -0.724409 -0.669291 -0.133858
vn -0.724409 -0.677165 -0.133858
vn -0.716535 -0.685039 -0.118110
vn -0.755906 -0.527559 -0.385827
vn -0.755906 -0.511811 -0.401575
vn -0.716535 -0.314961 -0.622047
vn -0.763780 -0.511811 -0.401575
vn -0.708661 -0.299213 -0.637795
vn -0.598425 -0.070866 -0.795275
vn -0.763780 -0.503937 -0.393701
vn -0.716535 -0.291339 -0.629921
vn -0.598425 -0.055118 -0.803149
vn -0.425197 0.181102 -0.889764
vn -0.724409 -0.291339 -0.622047
vn -0.417323 0.204724 -0.889764
vn -0.212598 0.409449 -0.889764
vn -0.606299 -0.047244 -0.795275
vn -0.204724 0.425197 -0.881890
vn -0.425197 0.204724 -0.881890
vn -0.606299 -0.039370 -0.795275
vn 0.031496 0.606299 -0.795276
vn 0.023622 0.614173 -0.787401
vn -0.212598 0.433071 -0.874016
vn 0.015748 0.614173 -0.787401
vn -0.433071 0.212598 -0.874016
vn -0.220472 0.433071 -0.874016
vn 0.251969 0.732283 -0.629921
vn 0.015748 0.614173 -0.787401
vn 0.472441 0.779527 -0.417323
vn 0.259843 0.724409 -0.637795
vn 0.653543 0.740157 -0.173228
vn 0.488189 0.755905 -0.433071
vn 0.031496 0.606299 -0.795276
vn 0.275591 0.708661 -0.645669
vn -0.212598 0.433071 -0.874016
vn 0.039370 0.598425 -0.803150
vn 0.503937 0.740157 -0.440945
vn 0.291339 0.692913 -0.661417
vn 0.669291 0.716535 -0.181102
vn 0.755906 0.637795 0.110236
vn 0.700787 0.677165 -0.204724
vn 0.771654 0.622047 0.094488
vn 0.535433 0.700787 -0.464567
vn 0.322835 0.653543 -0.685039
vn 0.582677 0.645669 -0.496063
vn 0.047244 0.582677 -0.811024
vn -0.204724 0.425197 -0.881890
vn 0.062992 0.559055 -0.826772
vn -0.196850 0.409449 -0.889764
vn -0.433071 0.204724 -0.881890
vn 0.086614 0.535433 -0.842520
vn -0.425197 0.204724 -0.881890
vn -0.188976 0.393701 -0.897638
vn -0.425197 0.196850 -0.881890
vn 0.362205 0.606299 -0.708661
vn -0.173228 0.377953 -0.905512
vn 0.110236 0.488189 -0.866142
vn -0.417323 0.188976 -0.889764
vn -0.622047 -0.031496 -0.779527
vn -0.622047 -0.023622 -0.779527
vn -0.417323 0.181102 -0.889764
vn -0.622047 -0.031496 -0.787401
vn -0.157480 0.354331 -0.921260
vn -0.629921 -0.023622 -0.779527
vn -0.409449 0.173228 -0.897638
vn -0.629921 -0.015748 -0.779527
vn -0.779528 -0.228346 -0.582677
vn -0.787402 -0.212598 -0.574803
vn -0.763780 -0.244095 -0.598425
vn -0.803150 -0.188976 -0.566929
vn -0.755906 -0.251969 -0.606299
vn -0.748031 -0.259843 -0.606299
vn -0.614173 -0.031496 -0.787401
vn -0.740157 -0.267717 -0.614173
vn -0.433071 0.212598 -0.874016
vn -0.614173 -0.031496 -0.787401
vn -0.614173 -0.039370 -0.787401
vn -0.740157 -0.275591 -0.614173
vn -0.732283 -0.283465 -0.622047
vn -0.779528 -0.488189 -0.385827
vn -0.771654 -0.496063 -0.393701
vn -0.748031 -0.653543 -0.118110
vn -0.811024 -0.181102 -0.559055
vn -0.637795 -0.015748 -0.771653
vn -0.811024 -0.173228 -0.559055
vn -0.637795 -0.007874 -0.771653
vn -0.637795 -0.007874 -0.771653
vn -0.401575 0.165354 -0.905512
vn -0.401575 0.165354 -0.897638
vn -0.401575 0.165354 -0.897638
vn -0.133858 0.330709 -0.937008
vn -0.133858 0.322834 -0.937008
vn -0.125984 0.307086 -0.944882
vn 0.141732 0.456693 -0.881890
vn 0.141732 0.440945 -0.881890
vn 0.149606 0.425197 -0.889764
vn 0.385827 0.559055 -0.732283
vn 0.401575 0.527559 -0.748031
vn 0.409449 0.511811 -0.755905
vn 0.425197 0.488189 -0.763779
vn 0.645669 0.519685 -0.551181
vn 0.637795 0.543307 -0.543307
vn 0.795276 0.535433 -0.275591
vn 0.629921 0.559055 -0.535433
vn 0.881890 0.472441 0.015748
vn 0.779528 0.574803 -0.267717
vn 0.606299 0.598425 -0.519685
vn 0.748031 0.622047 -0.236221
vn 0.850394 0.519685 0.039370
vn 0.803150 0.590551 0.070866
vn 0.881890 0.346457 0.307087
vn 0.858268 0.393701 0.330709
vn 0.795276 0.188976 0.574803
vn 0.834646 0.433071 0.354331
vn 0.629921 0.007874 0.771653
vn 0.787402 0.220472 0.582677
vn 0.818898 0.448819 0.362205
vn 0.629921 0.015748 0.779527
vn 0.401575 -0.173228 0.897638
vn 0.622047 0.023622 0.779527
vn 0.409449 -0.181102 0.889764
vn 0.763780 0.236221 0.598425
vn 0.622047 0.023622 0.787401
vn 0.755906 0.251969 0.606299
vn 0.622047 0.031496 0.787401
vn 0.748031 0.259843 0.606299
vn 0.803150 0.472441 0.370079
vn 0.787402 0.480315 0.377953
vn 0.779528 0.488189 0.385827
vn -0.653543 -0.535433 -0.535433
vn -0.433071 -0.551181 -0.716535
vn -0.629921 -0.606299 -0.488189
vn -0.440945 -0.488189 -0.755905
vn -0.188976 -0.433071 -0.881890
vn -0.677165 -0.472441 -0.566929
vn -0.173228 -0.393701 -0.897638
vn 0.094488 -0.275591 -0.952756
vn -0.456693 -0.448819 -0.771653
vn -0.661417 -0.496063 -0.566929
vn 0.110236 -0.259843 -0.960630
vn 0.370079 -0.086614 -0.929134
vn -0.188976 -0.377953 -0.905512
vn -0.433071 -0.480315 -0.763779
vn -0.653543 -0.511811 -0.559055
vn -0.645669 -0.535433 -0.551181
vn 0.393701 -0.094488 -0.913386
vn -0.417323 -0.503937 -0.755905
vn 0.598425 0.102362 -0.795275
vn -0.629921 -0.551181 -0.543307
vn 0.622047 0.078740 -0.779527
vn -0.409449 -0.519685 -0.748031
vn -0.629921 -0.566929 -0.535433
vn -0.165354 -0.409449 -0.897638
vn -0.157480 -0.433071 -0.889764
vn -0.393701 -0.535433 -0.740157
vn -0.614173 -0.582677 -0.527559
vn -0.598425 -0.614173 -0.511811
vn -0.149606 -0.440945 -0.881890
vn -0.370079 -0.590551 -0.716535
vn -0.574803 -0.653543 -0.496063
vn -0.551181 -0.692913 -0.472441
vn -0.141732 -0.456693 -0.881890
vn -0.330709 -0.645669 -0.685039
vn -0.519685 -0.724409 -0.456693
vn -0.118110 -0.503937 -0.858268
vn 0.133858 -0.330709 -0.937008
vn -0.291339 -0.685039 -0.661417
vn -0.503937 -0.748031 -0.440945
vn -0.488189 -0.763779 -0.425197
vn -0.086614 -0.543307 -0.834646
vn 0.149606 -0.362205 -0.921260
vn -0.062992 -0.566929 -0.818897
vn -0.267717 -0.716535 -0.637795
vn -0.472441 -0.771653 -0.417323
vn -0.464567 -0.779527 -0.417323
vn -0.047244 -0.582677 -0.811023
vn 0.173228 -0.385827 -0.905512
vn 0.188976 -0.401575 -0.897638
vn -0.251969 -0.732283 -0.629921
vn -0.464567 -0.787401 -0.409449
vn -0.456693 -0.787401 -0.409449
vn -0.031496 -0.606299 -0.795275
vn -0.251969 -0.740157 -0.629921
vn -0.456693 -0.787401 -0.409449
vn -0.456693 -0.787401 -0.409449
vn -0.023622 -0.614173 -0.787401
vn -0.251969 -0.732283 -0.629921
vn -0.456693 -0.787401 -0.409449
vn -0.456693 -0.787401 -0.409449
vn -0.015748 -0.614173 -0.787401
vn -0.259843 -0.732283 -0.629921
vn -0.456693 -0.787401 -0.417323
vn -0.259843 -0.724409 -0.637795
vn -0.023622 -0.614173 -0.787401
vn -0.031496 -0.606299 -0.795275
vn -0.039370 -0.606299 -0.795275
vn 0.220472 -0.433071 -0.874016
vn 0.204724 -0.425197 -0.881890
vn 0.188976 -0.425197 -0.881890
vn 0.401575 -0.204724 -0.889764
vn 0.212598 -0.433071 -0.881890
vn 0.417323 -0.196850 -0.889764
vn 0.582677 0.039370 -0.811023
vn 0.425197 -0.204724 -0.881890
vn 0.590551 0.055118 -0.803149
vn 0.700787 0.283464 -0.653543
vn 0.433071 -0.212599 -0.874016
vn 0.708661 0.299212 -0.637795
vn 0.755906 0.503937 -0.417323
vn 0.606299 0.047244 -0.795275
vn 0.755906 0.511811 -0.401575
vn 0.724409 0.669291 -0.149606
vn 0.716535 0.291338 -0.629921
vn 0.606299 0.039370 -0.795275
vn 0.212598 -0.433071 -0.874016
vn 0.433071 -0.212599 -0.874016
vn 0.212598 -0.433071 -0.874016
vn 0.614173 0.039370 -0.787401
vn 0.433071 -0.212599 -0.874016
vn 0.204724 -0.425197 -0.881890
vn 0.196850 -0.417323 -0.889764
vn 0.433071 -0.204724 -0.874016
vn 0.425197 -0.204724 -0.881890
vn 0.614173 0.031496 -0.787401
vn 0.614173 0.031496 -0.787401
vn 0.425197 -0.196850 -0.881890
vn 0.614173 0.031496 -0.787401
vn 0.417323 -0.188976 -0.889764
vn 0.622047 0.031496 -0.787401
vn 0.740157 0.267716 -0.614173
vn 0.409449 -0.181102 -0.889764
vn 0.748031 0.259842 -0.606299
vn 0.622047 0.023622 -0.787401
vn 0.755906 0.251968 -0.606299
vn 0.401575 -0.173228 -0.897638
vn 0.622047 0.023622 -0.779527
vn 0.763780 0.236220 -0.598425
vn 0.401575 -0.173228 -0.897638
vn 0.629921 0.015748 -0.779527
vn 0.787402 0.220472 -0.582677
vn 0.629921 0.007874 -0.771653
vn 0.133858 -0.322835 -0.937008
vn 0.401575 -0.165354 -0.897638
vn 0.125984 -0.314961 -0.944882
vn 0.637795 0.007874 -0.771653
vn 0.118110 -0.299213 -0.944882
vn 0.401575 -0.165354 -0.905512
vn 0.110236 -0.283465 -0.952756
vn 0.393701 -0.157480 -0.905512
vn 0.385827 -0.149606 -0.905512
vn 0.629921 0.007874 -0.779527
vn 0.637795 0.007874 -0.771653
vn 0.637795 0.007874 -0.771653
vn 0.811024 0.165354 -0.559055
vn 0.811024 0.173228 -0.566929
vn 0.803150 0.181102 -0.566929
vn 0.795276 0.188976 -0.574803
vn 0.889764 0.330709 -0.299213
vn 0.881890 0.346457 -0.307087
vn 0.858268 0.393701 -0.330709
vn 0.834646 0.433071 -0.354331
vn 0.850394 0.519685 -0.039370
vn 0.818898 0.448819 -0.362205
vn 0.803150 0.590551 -0.070866
vn 0.803150 0.472441 -0.370079
vn 0.771654 0.622047 -0.094488
vn 0.787402 0.480315 -0.377953
vn 0.755906 0.637795 -0.110236
vn 0.700787 0.677165 0.204724
vn 0.669291 0.716535 0.181102
vn 0.748031 0.653543 -0.118110
vn 0.748031 0.622047 0.236220
vn 0.779528 0.488189 -0.385827
vn 0.740157 0.275590 -0.614173
vn 0.771654 0.496063 -0.385827
vn 0.732283 0.283464 -0.622047
vn 0.724409 0.283464 -0.629921
vn 0.763780 0.503937 -0.393701
vn 0.763780 0.511811 -0.401575
vn 0.732283 0.669291 -0.125984
vn 0.732283 0.669291 -0.133858
vn 0.724409 0.677165 -0.125984
vn 0.629921 0.763779 0.149606
vn 0.622047 0.771653 0.149606
vn 0.629921 0.763779 0.141732
vn 0.464567 0.787401 0.409449
vn 0.622047 0.771653 0.149606
vn 0.456693 0.787401 0.409449
vn 0.259843 0.732283 0.637795
vn 0.456693 0.787401 0.409449
vn 0.259843 0.732283 0.629921
vn 0.023622 0.598425 0.803149
vn 0.456693 0.787401 0.409449
vn 0.031496 0.606299 0.795275
vn -0.212598 0.409449 0.889764
vn 0.251969 0.740157 0.629921
vn 0.023622 0.614173 0.787401
vn -0.204724 0.425197 0.881890
vn -0.417323 0.204724 0.889764
vn -0.425197 0.181102 0.889764
vn -0.212598 0.433071 0.874016
vn -0.598425 -0.055118 0.803149
vn -0.598425 -0.070866 0.795275
vn -0.425197 0.204724 0.881890
vn -0.606299 -0.047244 0.795275
vn -0.708661 -0.299212 0.637795
vn -0.716535 -0.314961 0.622047
vn -0.716535 -0.291338 0.629921
vn -0.755906 -0.511811 0.401575
vn -0.755906 -0.527559 0.385827
vn -0.763780 -0.511811 0.401575
vn -0.724409 -0.677165 0.133858
vn -0.716535 -0.685039 0.118110
vn -0.614173 -0.771653 -0.157480
vn -0.724409 -0.669291 0.133858
vn -0.622047 -0.771653 -0.149606
vn -0.456693 -0.787401 -0.409449
vn -0.456693 -0.787401 -0.417323
vn -0.456693 -0.787401 -0.409449
vn -0.456693 -0.787401 -0.409449
vn -0.622047 -0.771653 -0.149606
vn -0.456693 -0.787401 -0.409449
vn -0.456693 -0.787401 -0.409449
vn -0.732283 -0.669291 0.125984
vn -0.629921 -0.763779 -0.149606
vn -0.464567 -0.787401 -0.409449
vn -0.464567 -0.779527 -0.417323
vn -0.763780 -0.503937 0.393701
vn -0.740157 -0.661417 0.125984
vn -0.637795 -0.755905 -0.157480
vn -0.472441 -0.771653 -0.417323
vn -0.488189 -0.763779 -0.425197
vn -0.724409 -0.291339 0.622047
vn -0.771654 -0.496063 0.393701
vn -0.748031 -0.653543 0.118110
vn -0.606299 -0.039370 0.795275
vn -0.732283 -0.283464 0.622047
vn -0.779528 -0.488189 0.385827
vn -0.433071 0.212599 0.874016
vn -0.614173 -0.039370 0.787401
vn -0.740157 -0.275590 0.614173
vn -0.755906 -0.645669 0.110236
vn -0.787402 -0.480315 0.377953
vn -0.653543 -0.740157 -0.165354
vn -0.503937 -0.748031 -0.440945
vn -0.779528 -0.622047 0.086614
vn -0.685039 -0.708661 -0.188976
vn -0.519685 -0.724409 -0.456693
vn -0.803150 -0.472441 0.370079
vn -0.724409 -0.653543 -0.228346
vn -0.551181 -0.692913 -0.472441
vn -0.574803 -0.653543 -0.496063
vn -0.811024 -0.574803 0.070866
vn -0.811024 -0.448819 0.362205
vn -0.740157 -0.267716 0.614173
vn -0.748031 -0.259842 0.606299
vn -0.614173 -0.031496 0.787401
vn -0.614173 -0.031496 0.787401
vn -0.433071 0.212599 0.874016
vn -0.622047 -0.031496 0.787401
vn -0.220472 0.433071 0.874016
vn -0.433071 0.204724 0.881890
vn 0.015748 0.614173 0.787401
vn -0.212598 0.433071 0.874016
vn 0.015748 0.614173 0.787401
vn 0.251969 0.732283 0.629921
vn 0.031496 0.606299 0.795275
vn 0.259843 0.724409 0.637795
vn 0.472441 0.779527 0.417323
vn 0.637795 0.755905 0.157480
vn 0.653543 0.740157 0.173228
vn 0.488189 0.755905 0.433071
vn 0.503937 0.740157 0.440945
vn 0.275591 0.708661 0.645669
vn 0.039370 0.598425 0.803149
vn 0.291339 0.692913 0.661417
vn 0.535433 0.700787 0.464567
vn 0.582677 0.645669 0.496063
vn 0.322835 0.653543 0.685039
vn 0.047244 0.582677 0.811023
vn -0.204724 0.425197 0.881890
vn 0.062992 0.559055 0.826771
vn -0.425197 0.204724 0.881890
vn -0.196850 0.409449 0.889764
vn -0.188976 0.393701 0.897638
vn -0.425197 0.196850 0.881890
vn -0.622047 -0.031496 0.779527
vn -0.755906 -0.251968 0.606299
vn -0.622047 -0.023622 0.779527
vn -0.834646 -0.433071 0.346457
vn -0.763780 -0.244094 0.598425
vn -0.850394 -0.527559 0.047244
vn -0.858268 -0.393701 0.322835
vn -0.779528 -0.228346 0.582677
vn -0.771654 -0.582677 -0.267716
vn -0.598425 -0.614173 -0.511811
vn -0.614173 -0.582677 -0.527559
vn -0.881890 -0.472441 0.015748
vn -0.795276 -0.543307 -0.275590
vn -0.629921 -0.566929 -0.535433
vn -0.629921 -0.551181 -0.543307
vn -0.803150 -0.519685 -0.283464
vn -0.645669 -0.535433 -0.551181
vn -0.889764 -0.448819 0.000000
vn -0.811024 -0.503937 -0.291339
vn -0.653543 -0.511811 -0.559055
vn -0.889764 -0.354331 0.299213
vn -0.826772 -0.480315 -0.299213
vn -0.661417 -0.496063 -0.566929
vn -0.905512 -0.433071 -0.007874
vn -0.897638 -0.330709 0.299213
vn -0.787402 -0.212598 0.574803
vn -0.803150 -0.188976 0.566929
vn -0.629921 -0.023622 0.779527
vn -0.629921 -0.015748 0.779527
vn -0.417323 0.188976 0.889764
vn -0.417323 0.181102 0.889764
vn -0.173228 0.377953 0.905512
vn 0.086614 0.535433 0.842520
vn -0.157480 0.354331 0.921260
vn 0.362205 0.606299 0.708661
vn 0.110236 0.488189 0.866142
vn 0.606299 0.598425 0.519685
vn 0.385827 0.559055 0.732283
vn 0.779528 0.574803 0.267716
vn 0.629921 0.559055 0.535433
vn 0.881890 0.472441 -0.015748
vn 0.795276 0.535433 0.275590
vn 0.889764 0.456693 -0.007874
vn 0.897638 0.322835 -0.299213
vn 0.803150 0.519685 0.283464
vn 0.897638 0.440945 -0.000000
vn 0.905512 0.307087 -0.291339
vn 0.811024 0.165354 -0.559055
vn 0.913386 0.417323 0.007874
vn 0.795276 0.236220 -0.566929
vn 0.763780 0.275590 -0.582677
vn 0.913386 0.299213 -0.291339
vn 0.881890 0.370079 -0.299213
vn 0.850394 0.417323 -0.314961
vn 0.858268 0.519685 -0.031496
vn 0.913386 0.401575 0.007874
vn 0.881890 0.464567 -0.015748
vn 0.779528 0.566929 0.259842
vn 0.811024 0.519685 0.267716
vn 0.629921 0.566929 0.527559
vn 0.834646 0.456693 0.299213
vn 0.661417 0.535433 0.527559
vn 0.826772 0.472441 0.299213
vn 0.677165 0.480315 0.566929
vn 0.456693 0.488189 0.740157
vn 0.417323 0.519685 0.748031
vn 0.448819 0.448819 0.771653
vn 0.196850 0.401575 0.897638
vn 0.157480 0.409449 0.897638
vn 0.181102 0.377953 0.905512
vn -0.094488 0.275591 0.960630
vn -0.125984 0.251969 0.960630
vn -0.110236 0.267717 0.960630
vn 0.165354 0.401575 0.905512
vn -0.370079 0.110236 0.921260
vn -0.393701 0.062992 0.913386
vn -0.393701 0.133858 0.913386
vn -0.614173 -0.062992 0.787401
vn -0.614173 -0.133858 0.779527
vn -0.763780 -0.307087 0.566929
vn -0.118110 0.291339 0.952756
vn -0.637795 -0.015748 0.771653
vn -0.787402 -0.228346 0.574803
vn -0.874016 -0.370079 0.307087
vn -0.834646 -0.448819 0.314961
vn -0.818898 -0.157480 0.551181
vn -0.393701 0.149606 0.905512
vn -0.637795 -0.007874 0.771653
vn -0.913386 -0.291339 0.283465
vn -0.811024 -0.165354 0.559055
vn -0.881890 -0.472441 0.015748
vn -0.834646 -0.551181 0.047244
vn -0.637795 -0.007874 0.771653
vn -0.803150 -0.527559 -0.267716
vn -0.763780 -0.606299 -0.228346
vn -0.653543 -0.535433 -0.535433
vn -0.629921 -0.606299 -0.488189
vn -0.677165 -0.472441 -0.566929
vn -0.834646 -0.448819 -0.307087
vn -0.921260 -0.393701 -0.015748
vn -0.913386 -0.409449 -0.007874
vn -0.905512 -0.307087 0.291339
vn -0.905512 -0.322835 0.291339
vn -0.811024 -0.173228 0.559055
vn -0.811024 -0.181102 0.559055
vn -0.637795 -0.007874 0.771653
vn -0.637795 -0.015748 0.771653
vn -0.401575 0.165354 0.905512
vn -0.409449 0.173228 0.897638
vn -0.401575 0.165354 0.897638
vn -0.401575 0.165354 0.897638
vn -0.133858 0.330709 0.937008
vn -0.133858 0.322835 0.937008
vn 0.141732 0.456693 0.881890
vn -0.125984 0.307087 0.944882
vn 0.141732 0.440945 0.881890
vn 0.401575 0.527559 0.748031
vn 0.149606 0.425197 0.889764
vn 0.409449 0.511811 0.755905
vn 0.637795 0.543307 0.543307
vn 0.425197 0.488189 0.763779
vn 0.645669 0.519685 0.551181
vn 0.433071 0.464567 0.771653
vn 0.661417 0.496063 0.566929
vn 0.818898 0.496063 0.291339
vn -0.992126 -0.086614 0.031496
vn -0.960630 -0.220472 -0.181102
vn -0.984252 0.031496 -0.188976
vn -0.976378 0.086614 0.212598
vn -0.866142 -0.299213 -0.409449
vn -0.929134 0.362205 0.078740
vn -0.889764 0.283465 0.346457
vn -0.763780 0.496063 0.417323
vn -0.826772 -0.094488 -0.551181
vn -0.716535 -0.314961 -0.614173
vn -0.795276 0.574803 0.196850
vn -0.590551 0.685039 0.425197
vn -0.629921 0.007874 -0.779527
vn -0.543307 -0.267717 -0.795275
vn -0.354331 -0.157480 -0.921260
vn -0.590551 0.787401 0.173228
vn -0.401575 0.842520 0.362205
vn -0.385827 0.102362 -0.913386
vn -0.165354 -0.000000 -0.984252
vn -0.362205 0.929134 0.039370
vn -0.212598 0.952756 0.236220
vn -0.031496 1.000000 0.055118
vn -0.220472 0.354331 -0.913386
vn 0.007874 0.188976 -0.984252
vn -0.165354 0.968504 -0.181102
vn 0.110236 0.984252 -0.157480
vn -0.047244 0.551181 -0.834646
vn 0.141732 0.393701 -0.905512
vn 0.220472 0.590551 -0.771653
vn -0.511811 0.346457 -0.787401
vn 0.000000 0.779527 -0.629921
vn 0.244094 0.771653 -0.590551
vn -0.299213 0.669291 -0.685039
vn -0.031496 0.897638 -0.448819
vn 0.204724 0.905512 -0.377953
vn -0.322835 0.850394 -0.417323
vn -0.511811 0.834646 -0.188976
vn -0.496063 0.724409 -0.472441
vn -0.574803 0.519685 -0.637795
vn -0.677165 0.669291 -0.299213
vn -0.748031 0.661417 -0.078740
vn -0.889764 0.393701 -0.212598
vn -0.803150 0.409449 -0.425197
vn -0.889764 0.181102 -0.417323
vn -0.748031 0.204724 -0.629921
vn -0.472441 -0.409449 0.779527
vn -0.559055 -0.645669 0.519685
vn -0.669291 -0.456693 0.590551
vn -0.818898 -0.440945 0.362205
vn -0.283465 -0.653543 0.700787
vn -0.259843 -0.283464 0.921260
vn -0.732283 -0.629921 0.267717
vn -0.929134 -0.354331 0.110236
vn -0.377953 -0.842520 0.385827
vn -0.070866 -0.535433 0.842520
vn -0.055118 -0.118110 0.992126
vn -0.842520 -0.535433 -0.007874
vn -0.968504 -0.212598 -0.125984
vn -0.543307 -0.826772 0.125984
vn -0.881890 -0.385827 -0.267716
vn -0.055118 -0.858268 0.511811
vn -0.157480 -0.968504 0.204724
vn -0.661417 -0.732283 -0.157480
vn -0.307087 -0.952756 -0.047244
vn 0.204724 -0.937008 0.283465
vn 0.031496 -1.000000 0.055118
vn -0.354331 -0.874016 -0.346457
vn -0.055118 -0.984252 -0.188976
vn 0.314961 -0.944882 -0.039370
vn -0.692913 -0.582677 -0.425197
vn -0.015748 -0.850394 -0.527559
vn -0.377953 -0.732283 -0.559055
vn -0.677165 -0.362205 -0.637795
vn -0.433071 -0.503937 -0.748031
vn -0.157480 -0.614173 -0.771653
vn 0.228346 -0.921260 -0.307086
vn 0.141732 -0.661417 -0.740157
vn 0.314961 -0.763779 -0.559055
vn 0.480315 -0.850394 -0.228346
vn -0.039370 -0.440945 -0.897638
vn 0.377953 -0.456693 -0.803149
vn 0.551181 -0.740157 -0.377953
vn -0.346457 -0.283465 -0.897638
vn 0.511811 -0.574803 -0.637795
vn -0.582677 -0.118110 -0.803149
vn 0.566929 -0.307087 -0.763779
vn -0.858268 -0.173228 -0.480315
vn -0.944882 -0.015748 -0.322835
vn -0.763780 0.062992 -0.637795
vn -0.858268 0.204724 -0.472441
vn -0.196850 -0.055118 -0.976378
vn -0.425197 0.133858 -0.897638
vn -0.606299 0.314961 -0.724409
vn -0.716535 0.433071 -0.551181
vn -0.409449 0.551181 -0.724409
vn -0.527559 0.637795 -0.559055
vn -0.322835 0.811023 -0.488189
vn -0.228346 0.377953 -0.897638
vn -0.173228 0.732283 -0.653543
vn -0.110236 0.929134 -0.346457
vn 0.000000 0.173228 -0.984252
vn 0.007874 0.566929 -0.826772
vn 0.055118 0.858268 -0.503937
vn 0.086614 0.984252 -0.149606
vn 0.275591 0.677165 -0.685039
vn 0.338583 0.874016 -0.346457
vn 0.212598 0.354331 -0.905512
vn 0.433071 0.905512 -0.031496
vn 0.244094 0.968504 0.078740
vn 0.559055 0.645669 -0.519685
vn 0.543307 0.811023 0.236220
vn 0.346457 0.881890 0.322834
vn 0.637795 0.748031 -0.196850
vn 0.708661 0.692913 0.118110
vn 0.582677 0.653543 0.488189
vn 0.385827 0.732283 0.559055
vn 0.362205 0.543307 0.755905
vn 0.755906 0.527559 0.377953
vn 0.559055 0.440945 0.700787
vn 0.275591 0.322835 0.905512
vn 0.881890 0.385827 0.267716
vn 0.464567 0.204724 0.858268
vn 0.133858 0.094488 0.984252
vn 0.732283 0.314961 0.606299
vn 0.307087 -0.039370 0.952756
vn 0.629921 0.062992 0.771653
vn 0.118110 -0.283464 0.952756
vn 0.472441 -0.188976 0.858268
vn 0.314961 -0.464567 0.826772
vn 0.858268 0.173228 0.480315
vn 0.763780 -0.062992 0.637795
vn 0.614173 -0.314961 0.724409
vn 0.173228 -0.732283 0.661417
vn 0.488189 -0.622047 0.614173
vn 0.354331 -0.826771 0.433071
vn 0.582677 -0.795275 0.181102
vn 0.590551 -0.685039 0.425197
vn 0.732283 -0.464567 0.503937
vn 0.881890 -0.267716 0.393701
vn 0.842520 -0.519685 0.157480
vn 0.944882 0.015748 0.322835
vn 0.976378 -0.141732 0.165354
vn 0.992126 0.125984 0.047244
vn 0.968504 -0.212598 -0.094488
vn 0.685039 -0.724409 -0.094488
vn 0.881890 -0.440945 -0.165354
vn 0.771654 -0.551181 -0.322835
vn 0.732283 -0.433071 -0.527559
vn 0.881890 -0.236220 -0.409449
vn 0.952756 0.015748 -0.299213
vn 0.732283 -0.204724 -0.653543
vn 0.818898 0.094488 -0.566929
vn 0.944882 0.291339 -0.141732
vn 0.464567 -0.047244 -0.881890
vn 0.842520 0.543307 0.015748
vn 0.803150 0.503937 -0.322835
vn 0.866142 0.299213 -0.409449
vn 0.700787 0.385827 -0.598425
vn 0.598425 0.102362 -0.795275
vn 0.472441 0.409449 -0.779527
vn 0.354331 0.157480 -0.921260
vn 0.165354 -0.000000 -0.984252
vn 0.251969 -0.251969 -0.937008
vn -0.007874 -0.188976 -0.984252
vn -1.000000 -0.031496 0.007874
vn -0.929134 -0.354331 0.110236
vn -0.968504 -0.212598 -0.125984
vn -0.944882 -0.015748 -0.322835
vn -0.960630 -0.086614 0.259842
vn -0.818898 -0.440945 0.370079
vn -0.937008 0.236220 -0.251969
vn -0.858268 0.204724 -0.472441
vn -0.716535 0.433071 -0.551181
vn -0.968504 0.212598 0.094488
vn -0.818898 -0.094488 0.566929
vn -0.669291 -0.456693 0.590551
vn -0.779528 0.519685 -0.346457
vn -0.527559 0.637795 -0.559055
vn -0.606299 -0.110236 0.787401
vn -0.472441 -0.409449 0.779527
vn -0.566929 0.787401 -0.251969
vn -0.322835 0.811023 -0.488189
vn -0.858268 0.511811 -0.070866
vn -0.299213 0.952756 -0.070866
vn -0.110236 0.929134 -0.346457
vn 0.086614 0.984252 -0.149606
vn -0.685039 0.724409 0.094488
vn -0.881890 0.440945 0.165354
vn -0.881890 0.236220 0.409449
vn -0.771654 0.551181 0.322835
vn -0.732283 0.204724 0.653543
vn -0.732283 0.433071 0.527559
vn -0.559055 0.740157 0.377953
vn -0.448819 -0.023622 0.889764
vn -0.259843 -0.283464 0.921260
vn -0.055118 -0.118110 0.992126
vn -0.566929 0.307087 0.763779
vn -0.196850 0.204724 0.960630
vn 0.133858 0.094488 0.984252
vn -0.511811 0.574803 0.637795
vn -0.377953 0.456693 0.803149
vn 0.015748 0.456693 0.889764
vn 0.275591 0.322835 0.905512
vn 0.362205 0.543307 0.755905
vn -0.322835 0.763779 0.559055
vn -0.125984 0.716535 0.685039
vn 0.157480 0.700787 0.700787
vn 0.385827 0.732283 0.559055
vn 0.062992 0.897638 0.433071
vn 0.346457 0.881890 0.322834
vn -0.480315 0.850394 0.228346
vn -0.228346 0.921260 0.307086
vn 0.039370 0.984252 0.196850
vn 0.244094 0.968504 0.078740
vn -0.637795 -0.519685 -0.574803
vn -0.543307 -0.267717 -0.795275
vn -0.716535 -0.314961 -0.614173
vn -0.866142 -0.299213 -0.409449
vn -0.425197 -0.472441 -0.771653
vn -0.354331 -0.157480 -0.921260
vn -0.795276 -0.503937 -0.330709
vn -0.960630 -0.220472 -0.181102
vn -0.488189 -0.740157 -0.464567
vn -0.905512 -0.417323 -0.078740
vn -0.992126 -0.086614 0.031496
vn -0.653543 -0.732283 -0.204724
vn -0.259843 -0.700787 -0.669291
vn -0.905512 -0.354331 0.236220
vn -0.141732 -0.433071 -0.889764
vn -0.763780 -0.637795 0.070866
vn -0.921260 -0.078740 0.377953
vn -0.976378 0.086614 0.212598
vn -0.488189 -0.866142 -0.078740
vn -0.834646 0.157480 0.535433
vn -0.889764 0.283465 0.346457
vn -0.244094 -0.929134 -0.283464
vn -0.685039 0.385827 0.622047
vn -0.763780 0.496063 0.417323
vn -0.055118 -0.858268 -0.511811
vn -0.496063 0.614173 0.614173
vn -0.590551 0.685039 0.425197
vn -0.401575 0.842520 0.362205
vn 0.102362 -0.661417 -0.748031
vn -0.275591 0.787401 0.551181
vn -0.212598 0.952756 0.236220
vn -0.362205 0.503937 0.779527
vn -0.047244 0.913386 0.401575
vn -0.031496 1.000000 0.055118
vn -0.133858 0.700787 0.700787
vn -0.543307 0.244095 0.803149
vn -0.204724 0.377953 0.905512
vn -0.692913 -0.007874 0.724409
vn -0.362205 0.094488 0.929134
vn -0.787402 -0.251968 0.559055
vn -0.527559 -0.157480 0.834646
vn -0.692913 -0.582677 0.433071
vn -0.622047 -0.401575 0.677165
vn -0.551181 -0.803149 0.228347
vn -0.433071 -0.503937 0.748031
vn -0.228346 -0.968504 0.102362
vn -0.448819 -0.716535 0.543307
vn -0.228346 -0.913386 0.346457
vn 0.031496 -1.000000 -0.055118
vn -0.110236 -0.787401 0.614173
vn 0.110236 -0.929134 -0.346457
vn 0.141732 -0.976378 0.173228
vn 0.251969 -0.952756 -0.188976
vn 0.283465 -0.787401 -0.543307
vn 0.094488 -0.881890 0.456693
vn 0.346457 -0.850394 0.393701
vn 0.220472 -0.692913 0.685039
vn -0.157480 -0.614173 0.771653
vn -0.275591 -0.330709 0.905512
vn 0.070866 -0.472441 0.881890
vn -0.133858 -0.133858 0.984252
vn 0.338583 -0.519685 0.779527
vn 0.000000 0.173228 0.984252
vn 0.251969 -0.236220 0.937008
vn 0.165354 0.000000 0.984252
vn 0.031496 0.559055 0.826771
vn 0.354331 0.157480 0.921260
vn 0.102362 0.826772 0.551181
vn 0.212598 0.354331 0.905512
vn 0.259843 0.692913 0.669291
vn 0.456693 0.440945 0.771653
vn 0.456693 -0.039370 0.889764
vn 0.598425 0.125984 0.787401
vn 0.511811 -0.346457 0.787401
vn 0.708661 -0.078740 0.700787
vn 0.511811 -0.629921 0.582677
vn 0.716535 -0.377953 0.582677
vn 0.606299 -0.732283 0.291339
vn 0.771654 -0.551181 0.322835
vn 0.874016 -0.228346 0.417323
vn 0.409449 -0.905512 0.102362
vn 0.685039 -0.724409 0.102362
vn 0.574803 -0.795275 -0.173228
vn 0.881890 -0.440945 0.165354
vn 0.401575 -0.842520 -0.362205
vn 0.842520 -0.519685 -0.157480
vn 0.590551 -0.685039 -0.425197
vn 0.488189 -0.622047 -0.614173
vn 0.330709 -0.480315 -0.811023
vn 0.732283 -0.464567 -0.503937
vn 0.645669 -0.354331 -0.669291
vn 0.881890 -0.267717 -0.393701
vn 0.157480 -0.322835 -0.929134
vn 0.440945 -0.165354 -0.881890
vn 0.000000 -0.173228 -0.984252
vn -0.165354 -0.000000 -0.984252
vn 0.007874 0.188976 -0.984252
vn 0.196850 0.055118 -0.976378
vn 0.141732 0.393701 -0.905512
vn 0.763780 -0.062992 -0.637795
vn 0.582677 0.118110 -0.803149
vn 0.346457 0.283464 -0.897638
vn 0.433071 0.503937 -0.748031
vn 0.220472 0.590551 -0.771653
vn 0.677165 0.362205 -0.637795
vn 0.858268 0.173228 -0.480315
vn 0.448819 0.708661 -0.543307
vn 0.244094 0.771653 -0.590551
vn 0.204724 0.905512 -0.377953
vn 0.692913 0.582677 -0.425197
vn 0.409449 0.858268 -0.299213
vn 0.110236 0.984252 -0.157480
vn 0.881890 0.385827 -0.267717
vn 0.653543 0.732283 -0.165354
vn 0.307087 0.952756 -0.047244
vn 0.157480 0.968504 0.204724
vn 0.488189 0.866142 0.078740
vn 0.314961 0.889764 0.330709
vn 0.645669 0.732283 0.204724
vn 0.535433 0.692913 0.488189
vn 0.842520 0.543307 -0.015748
vn 0.795276 0.511811 0.322835
vn 0.700787 0.377953 0.606299
vn 0.842520 0.196850 0.503937
vn 0.944882 0.291339 0.141732
vn 0.952756 0.023622 0.299213
vn 0.992126 0.125984 -0.047244
vn 0.968504 -0.212598 0.094488
vn 0.976378 -0.141732 -0.165354
vn 0.944882 0.015748 -0.322835
vn 0.000000 0.606299 -0.795276
vn 0.000000 0.606299 -0.795276
vn 0.000000 0.606299 -0.795276
vn 0.000000 0.606299 -0.795276
vn 0.000000 0.606299 -0.795276
vn 0.000000 0.606299 -0.795276
vn 0.000000 0.606299 -0.795276
vn 0.000000 0.606299 -0.795276
vn 0.000000 0.606299 -0.795276
vn 0.000000 0.606299 -0.795276
vn 0.000000 0.590551 -0.811024
vn 0.000000 0.606299 -0.795276
vn 0.000000 0.606299 -0.795276
vn 0.000000 0.606299 -0.795276
vn 0.000000 0.606299 -0.795276
vn 0.000000 0.606299 -0.795276
vn 0.000000 0.606299 -0.795276
vn 0.000000 0.606299 -0.795276
vn 0.000000 0.590551 -0.811024
vn 0.000000 0.574803 -0.818898
vn 0.000000 0.574803 -0.818898
vn 0.000000 0.566929 -0.818898
vn 0.000000 0.590551 -0.811024
vn 0.000000 0.574803 -0.818898
vn 0.000000 0.606299 -0.795276
vn 0.007874 0.582677 -0.811024
vn 0.007874 0.598425 -0.803150
vn 0.007874 0.606299 -0.795276
vn 0.007874 0.614173 -0.787401
vn 0.322835 0.748031 -0.582677
vn 0.007874 0.614173 -0.787401
vn 0.015748 0.614173 -0.787401
vn 0.330709 0.763779 -0.551181
vn 0.322835 0.771653 -0.551181
vn 0.299213 0.763779 -0.574803
vn 0.330709 0.771653 -0.543307
vn 0.543307 0.787401 -0.291339
vn 0.511811 0.795275 -0.322835
vn 0.503937 0.795275 -0.330709
vn 0.519685 0.795275 -0.307087
vn 0.551181 0.771653 -0.314961
vn 0.566929 0.763779 -0.314961
vn 0.338583 0.732283 -0.582677
vn 0.574803 0.755905 -0.322835
vn 0.346457 0.732283 -0.590551
vn 0.582677 0.732283 -0.354331
vn 0.007874 0.574803 -0.818898
vn 0.338583 0.700787 -0.622047
vn 0.645669 0.653543 -0.393701
vn 0.000000 0.566929 -0.818898
vn 0.007874 0.559055 -0.826772
vn 0.377953 0.622047 -0.692913
vn 0.716535 0.551181 -0.425197
vn 0.000000 0.566929 -0.818898
vn 0.409449 0.527559 -0.748031
vn 0.740157 0.511811 -0.440945
vn 0.000000 0.543307 -0.842520
vn 0.007874 0.480315 -0.874016
vn 0.000000 0.543307 -0.842520
vn 0.000000 0.464567 -0.889764
vn 0.007874 0.393701 -0.921260
vn 0.000000 0.543307 -0.842520
vn 0.000000 0.543307 -0.842520
vn 0.000000 0.464567 -0.881890
vn 0.000000 0.464567 -0.889764
vn 0.000000 0.377953 -0.921260
vn 0.000000 0.385827 -0.921260
vn 0.000000 0.377953 -0.921260
vn 0.000000 0.354331 -0.937008
vn 0.000000 0.354331 -0.937008
vn 0.007874 0.354331 -0.937008
vn 0.000000 0.354331 -0.937008
vn 0.000000 0.354331 -0.937008
vn 0.000000 0.354331 -0.937008
vn 0.425197 0.488189 -0.763779
vn 0.425197 0.488189 -0.763779
vn 0.740157 0.511811 -0.433071
vn 0.401575 0.480315 -0.779527
vn 0.007874 0.354331 -0.937008
vn 0.007874 0.354331 -0.937008
vn 0.000000 0.354331 -0.937008
vn 0.000000 0.354331 -0.937008
vn 0.000000 0.354331 -0.937008
vn 0.000000 0.354331 -0.937008
vn 0.000000 0.354331 -0.937008
vn 0.000000 0.354331 -0.937008
vn 0.000000 0.354331 -0.937008
vn 0.677165 0.732283 -0.015748
vn 0.511811 0.795275 -0.322835
vn 0.503937 0.795275 -0.330709
vn 0.677165 0.732283 -0.007874
vn 0.519685 0.795275 -0.307087
vn 0.685039 0.732283 -0.000000
vn 0.677165 0.732283 -0.007874
vn 0.543307 0.787401 -0.291339
vn 0.685039 0.732283 -0.000000
vn 0.685039 0.732283 -0.000000
vn 0.685039 0.732283 -0.007874
vn 0.551181 0.771653 -0.314961
vn 0.685039 0.732283 -0.000000
vn 0.700787 0.716535 -0.007874
vn 0.566929 0.763779 -0.314961
vn 0.692913 0.724409 -0.000000
vn 0.716535 0.692913 -0.007874
vn 0.574803 0.755905 -0.322835
vn 0.708661 0.708661 -0.000000
vn 0.692913 0.724409 -0.000000
vn 0.685039 0.732283 -0.000000
vn 0.685039 0.732283 -0.000000
vn 0.685039 0.732283 -0.000000
vn 0.732283 0.685039 -0.015748
vn 0.582677 0.732283 -0.354331
vn 0.677165 0.732283 0.007874
vn 0.677165 0.732283 0.015748
vn 0.511811 0.795276 0.322835
vn 0.503937 0.795276 0.330709
vn 0.519685 0.795276 0.307086
vn 0.677165 0.732283 0.007874
vn 0.543307 0.787401 0.291338
vn 0.685039 0.732283 0.007874
vn 0.551181 0.771653 0.314961
vn 0.700787 0.716535 0.007874
vn 0.566929 0.763779 0.314961
vn 0.708661 0.708661 -0.000000
vn 0.716535 0.692913 0.007874
vn 0.574803 0.755905 0.322835
vn 0.724409 0.685039 -0.000000
vn 0.732283 0.685039 0.015748
vn 0.582677 0.732283 0.354331
vn 0.724409 0.685039 -0.000000
vn 0.748031 0.669291 0.015748
vn 0.645669 0.653543 0.393701
vn 0.732283 0.677165 -0.000000
vn 0.732283 0.677165 -0.000000
vn 0.748031 0.669291 -0.015748
vn 0.645669 0.653543 -0.393701
vn 0.755906 0.653543 -0.000000
vn 0.811024 0.582677 -0.015748
vn 0.716535 0.551181 -0.425197
vn 0.755906 0.653543 -0.000000
vn 0.881890 0.472441 -0.023622
vn 0.740157 0.511811 -0.440945
vn 0.826772 0.566929 -0.000000
vn 0.826772 0.566929 -0.000000
vn 0.811024 0.582677 0.015748
vn 0.716535 0.551181 0.425197
vn 0.881890 0.472441 0.023622
vn 0.740157 0.511811 0.440945
vn 0.889764 0.464567 -0.000000
vn 0.889764 0.464567 -0.000000
vn 0.897638 0.433071 0.023622
vn 0.897638 0.433071 -0.023622
vn 0.897638 0.433071 0.031496
vn 0.740157 0.511811 0.433071
vn 0.897638 0.433071 0.023622
vn 0.905512 0.425197 -0.000000
vn 0.905512 0.425197 -0.000000
vn 0.905512 0.425197 -0.000000
vn 0.905512 0.425197 -0.000000
vn 0.897638 0.433071 -0.023622
vn 0.897638 0.433071 -0.031496
vn 0.740157 0.511811 -0.433071
vn 0.330709 0.771653 0.543307
vn 0.511811 0.795276 0.322835
vn 0.503937 0.795276 0.330709
vn 0.299213 0.763779 0.574803
vn 0.519685 0.795276 0.307086
vn 0.015748 0.614173 0.787401
vn 0.322835 0.771653 0.551181
vn 0.543307 0.787401 0.291338
vn 0.007874 0.614173 0.787401
vn 0.000000 0.606299 0.795275
vn 0.330709 0.763779 0.551181
vn 0.551181 0.771653 0.314961
vn 0.007874 0.614173 0.787401
vn 0.000000 0.606299 0.795275
vn 0.000000 0.606299 0.795275
vn 0.007874 0.606299 0.795275
vn 0.322835 0.748031 0.582677
vn 0.566929 0.763779 0.314961
vn 0.338583 0.732283 0.582677
vn 0.574803 0.755905 0.322835
vn 0.007874 0.598425 0.803149
vn 0.346457 0.732283 0.590551
vn 0.582677 0.732283 0.354331
vn 0.007874 0.582677 0.811023
vn 0.000000 0.606299 0.795275
vn 0.000000 0.590551 0.811023
vn 0.338583 0.700787 0.622047
vn 0.645669 0.653543 0.393701
vn 0.007874 0.574803 0.818897
vn 0.377953 0.622047 0.692913
vn 0.716535 0.551181 0.425197
vn 0.007874 0.559055 0.826771
vn 0.000000 0.574803 0.818897
vn 0.000000 0.566929 0.818897
vn 0.409449 0.527559 0.748031
vn 0.740157 0.511811 0.440945
vn 0.007874 0.480315 0.874016
vn 0.000000 0.543307 0.842520
vn 0.425197 0.488189 0.763779
vn 0.007874 0.393701 0.921260
vn 0.000000 0.464567 0.889764
vn 0.425197 0.488189 0.763779
vn 0.740157 0.511811 0.433071
vn 0.401575 0.480315 0.779527
vn 0.007874 0.354331 0.937008
vn 0.007874 0.354331 0.937008
vn 0.007874 0.354331 0.937008
vn 0.000000 0.377953 0.921260
vn 0.000000 0.354331 0.937008
vn 0.000000 0.354331 0.937008
vn 0.000000 0.354331 0.937008
vn 0.000000 0.354331 0.937008
vn 0.000000 0.354331 0.937008
vn 0.000000 0.354331 0.937008
vn 0.000000 0.354331 0.937008
vn 0.000000 0.385827 0.921260
vn 0.000000 0.377953 0.921260
vn 0.000000 0.464567 0.881890
vn 0.000000 0.464567 0.889764
vn 0.000000 0.543307 0.842520
vn 0.000000 0.543307 0.842520
vn 0.000000 0.566929 0.818897
vn 0.000000 0.543307 0.842520
vn 0.000000 0.566929 0.818897
vn 0.000000 0.574803 0.818897
vn 0.000000 0.574803 0.818897
vn 0.000000 0.590551 0.811023
vn 0.000000 0.574803 0.818897
vn 0.000000 0.590551 0.811023
vn 0.000000 0.606299 0.795275
vn 0.000000 0.590551 0.811023
vn 0.000000 0.590551 0.811023
vn 0.000000 0.606299 0.795275
vn 0.000000 0.606299 0.795275
vn 0.000000 0.606299 0.795275
vn 0.000000 0.606299 0.795275
vn 0.000000 0.606299 0.795275
vn 0.000000 0.606299 0.795275
vn 0.000000 0.606299 0.795275
vn 0.000000 0.606299 0.795275
vn 0.000000 0.606299 0.795275
vn 0.000000 1.000000 -0.000000
vn 0.000000 1.000000 -0.000000
vn 0.000000 1.000000 -0.000000
vn 0.000000 1.000000 -0.000000
vn 0.000000 1.000000 -0.000000
vn 0.000000 1.000000 -0.000000
vn 0.000000 1.000000 -0.000000
vn 0.000000 1.000000 -0.000000
vn 0.000000 1.000000 -0.000000
vn 0.000000 1.000000 -0.000000
vn 0.000000 1.000000 -0.000000
vn 0.000000 1.000000 -0.000000
vn 0.000000 1.000000 -0.000000
vn 0.000000 1.000000 -0.000000
vn 0.000000 1.000000 -0.000000
vn 0.000000 1.000000 -0.000000
vn 0.000000 1.000000 -0.000000
vn 0.000000 1.000000 -0.000000
vn 0.000000 1.000000 -0.000000
vn 0.000000 1.000000 -0.000000
vn 0.000000 1.000000 -0.000000
vn 0.000000 1.000000 -0.000000
vn 0.000000 1.000000 -0.000000
vn 0.000000 1.000000 -0.000000
vn 0.000000 1.000000 -0.000000
vn 0.000000 1.000000 -0.000000
vn 0.000000 -1.000000 0.000000
vn 0.000000 -1.000000 0.000000
vn 0.000000 -1.000000 0.000000
vn 0.000000 -1.000000 0.000000
vn 0.000000 -1.000000 0.000000
vn 0.000000 -1.000000 0.000000
vn 0.000000 -1.000000 0.000000
vn 0.000000 -1.000000 0.000000
vn 0.000000 -1.000000 0.000000
vn 0.000000 -1.000000 0.000000
vn 0.000000 -1.000000 0.000000
vn 0.000000 -1.000000 0.000000
vn 0.000000 -1.000000 0.000000
vn 0.000000 -1.000000 0.000000
vn 0.000000 -1.000000 0.000000
vn 0.000000 -1.000000 0.000000
vn 0.000000 -1.000000 0.000000
vn 0.000000 -1.000000 0.000000
vn 0.000000 -1.000000 0.000000
vn 0.000000 -1.000000 0.000000
vn 0.000000 -1.000000 0.000000
vn 0.000000 -1.000000 0.000000
vn 0.000000 -1.000000 0.000000
vn 0.000000 -1.000000 0.000000
vn 0.000000 -1.000000 0.000000
vn 0.000000 -1.000000 0.000000
vn 0.000000 -1.000000 0.000000
vn 0.000000 -1.000000 0.000000
vn 0.000000 -1.000000 0.000000
vn 0.000000 -1.000000 0.000000
vn 0.000000 -1.000000 0.000000
vn 0.000000 -1.000000 0.000000
vn 0.000000 -1.000000 0.000000
vn 0.000000 -1.000000 0.000000
vn 0.000000 -1.000000 0.000000
vn 0.000000 -1.000000 0.000000
vn 0.000000 -1.000000 0.000000
vn 0.000000 -1.000000 0.000000
vn 0.000000 -1.000000 0.000000
vn 0.000000 -1.000000 0.000000
vn 0.000000 -1.000000 0.000000
vn 0.000000 1.000000 -0.000000
vn 0.000000 1.000000 -0.000000
vn 0.000000 1.000000 -0.000000
vn 0.000000 1.000000 -0.000000
vn 0.000000 1.000000 -0.000000
vn 0.000000 1.000000 -0.000000
vn 0.000000 1.000000 -0.000000
vn 0.000000 1.000000 -0.000000
vn 0.000000 1.000000 -0.000000
vn 0.000000 1.000000 -0.000000
vn 0.000000 1.000000 -0.000000
vn 0.000000 1.000000 -0.000000
vn 0.000000 0.937008 -0.346457
vn 0.000000 0.944882 -0.330709
vn 0.000000 0.944882 -0.330709
vn 0.000000 0.944882 -0.330709
vn 0.000000 0.937008 -0.346457
vn 0.000000 0.944882 -0.330709
vn 0.000000 0.944882 -0.330709
vn 0.000000 0.700787 -0.716535
vn 0.000000 0.944882 -0.330709
vn 0.000000 0.716535 -0.700787
vn 0.000000 0.385827 -0.921260
vn 0.000000 0.937008 -0.346457
vn 0.000000 0.944882 -0.330709
vn 0.000000 0.944882 -0.338583
vn 0.000000 0.944882 -0.330709
vn 0.007874 0.937008 -0.346457
vn 0.157480 0.960630 -0.212599
vn 0.000000 0.724409 -0.692913
vn 0.000000 0.393701 -0.921260
vn 0.007874 0.700787 -0.708661
vn 0.173228 0.960630 -0.220473
vn 0.000000 0.047244 -1.000000
vn 0.000000 0.039370 -1.000000
vn 0.007874 0.377953 -0.921260
vn 0.362205 0.755905 -0.543307
vn 0.267717 0.952756 -0.133858
vn 0.291339 0.952756 -0.110236
vn 0.614173 0.732283 -0.299213
vn 0.417323 0.905512 -0.023622
vn 0.401575 0.913386 -0.007874
vn 0.866142 0.503937 -0.015748
vn 0.425197 0.905512 -0.000000
vn 0.409449 0.913386 -0.000000
vn 0.826772 0.559055 -0.000000
vn 0.425197 0.905512 -0.000000
vn 0.401575 0.913386 -0.000000
vn 0.417323 0.905512 0.023622
vn 0.291339 0.952756 0.102362
vn 0.826772 0.559055 -0.000000
vn 0.267717 0.952756 0.133858
vn 0.157480 0.960630 0.212598
vn 0.866142 0.503937 0.015748
vn 0.960630 0.267716 -0.000000
vn 0.960630 0.267716 -0.000000
vn 0.968504 0.244094 0.031496
vn 0.968504 0.244094 -0.031496
vn 1.000000 0.031496 -0.000000
vn 1.000000 0.031496 -0.000000
vn 0.787402 0.417323 -0.456693
vn 1.000000 0.023622 -0.023622
vn 0.456693 0.440945 -0.771653
vn 0.866142 0.047244 -0.503937
vn 1.000000 -0.031496 0.000000
vn 0.007874 0.039370 -1.000000
vn 0.503937 0.055118 -0.866142
vn 0.000000 -0.047244 -1.000000
vn 0.007874 -0.047244 -1.000000
vn 0.503937 -0.055118 -0.866142
vn 0.000000 -0.047244 -1.000000
vn 0.000000 -0.047244 -1.000000
vn 0.000000 -0.417323 -0.905512
vn 0.000000 -0.425197 -0.905512
vn 0.007874 -0.393701 -0.921260
vn 0.448819 -0.480315 -0.755905
vn 0.866142 -0.055118 -0.503937
vn 0.314961 -0.803150 -0.503937
vn 1.000000 -0.031496 -0.023622
vn 0.763780 -0.464567 -0.448819
vn 0.960630 -0.291339 -0.023622
vn 0.551181 -0.787401 -0.283464
vn 0.007874 -0.724409 -0.685039
vn 0.125984 -0.968504 -0.196850
vn 0.803150 -0.590551 -0.015748
vn 0.000000 -0.755905 -0.653543
vn 0.212598 -0.968504 -0.133858
vn 0.007874 -0.952756 -0.291338
vn 0.118110 -0.976378 -0.188976
vn 0.228346 -0.968504 -0.102362
vn 0.000000 -0.960630 -0.275590
vn 0.377953 -0.929134 -0.023622
vn 0.354331 -0.937008 -0.007874
vn 0.000000 -0.960630 -0.283464
vn 0.000000 -0.960630 -0.275590
vn 0.377953 -0.929134 0.000000
vn 0.362205 -0.929134 0.000000
vn 0.763780 -0.645669 0.000000
vn 0.944882 -0.322835 0.000000
vn 0.763780 -0.645669 0.000000
vn 0.377953 -0.929134 0.000000
vn 0.362205 -0.929134 0.000000
vn 0.377953 -0.929134 0.000000
vn 0.354331 -0.937008 0.007874
vn 0.377953 -0.929134 0.023622
vn 0.228346 -0.968504 0.102362
vn 0.944882 -0.322835 0.000000
vn 0.803150 -0.590551 0.015748
vn 0.212598 -0.968504 0.133858
vn 0.118110 -0.976378 0.188976
vn 1.000000 -0.031496 0.000000
vn 0.960630 -0.291339 0.023622
vn 0.551181 -0.787401 0.283465
vn 0.125984 -0.968504 0.196850
vn 0.007874 -0.952756 0.291339
vn 0.000000 -0.960630 0.275591
vn 0.314961 -0.803149 0.503937
vn 0.000000 -0.960630 0.283465
vn 0.000000 -0.960630 0.275591
vn 0.007874 -0.724409 0.685039
vn 0.000000 -0.755905 0.653543
vn 0.000000 -0.960630 0.283465
vn 0.000000 -0.960630 0.275591
vn 0.000000 -0.755905 0.653543
vn 0.000000 -0.960630 0.283465
vn 0.000000 -0.960630 0.275591
vn 0.000000 -0.960630 0.291339
vn 0.000000 -0.960630 0.275591
vn 0.000000 -0.755905 0.653543
vn 0.000000 -0.417323 0.905512
vn 0.000000 -0.425197 0.905512
vn 0.000000 -0.047244 1.000000
vn 0.000000 -0.047244 1.000000
vn 0.000000 0.039370 1.000000
vn 0.007874 -0.393701 0.921260
vn 0.000000 -0.047244 1.000000
vn 0.000000 0.047244 1.000000
vn 0.000000 0.385827 0.921260
vn 0.007874 -0.047244 1.000000
vn 0.448819 -0.480315 0.755905
vn 0.763780 -0.464567 0.448819
vn 0.007874 0.039370 1.000000
vn 1.000000 -0.031496 0.023622
vn 0.866142 -0.055118 0.503937
vn 0.503937 -0.055118 0.866142
vn 0.866142 0.047244 0.503937
vn 1.000000 0.023622 0.023622
vn 0.503937 0.055118 0.866142
vn 0.787402 0.417323 0.456693
vn 0.456693 0.440945 0.771653
vn 0.007874 0.377953 0.921260
vn 0.362205 0.755905 0.543307
vn 0.614173 0.732283 0.299212
vn 0.173228 0.960630 0.220472
vn 0.007874 0.700787 0.708661
vn 0.007874 0.937008 0.346457
vn 0.000000 0.944882 0.330709
vn 0.000000 0.393701 0.921260
vn 0.000000 0.724409 0.692913
vn 0.000000 0.937008 0.346457
vn 0.000000 0.944882 0.338583
vn 0.000000 0.944882 0.330709
vn 0.000000 0.716535 0.700787
vn 0.000000 0.700787 0.716535
vn 0.000000 0.937008 0.346457
vn 0.000000 0.944882 0.330709
vn 0.000000 0.944882 0.330709
vn 0.000000 0.944882 0.330709
vn 0.000000 0.944882 0.330709
vn 0.000000 0.937008 0.346457
vn 0.000000 0.944882 0.330709
vn 0.000000 0.944882 0.330709
vn 0.000000 -0.960630 -0.275590
vn 0.000000 -0.960630 -0.291338
vn 0.000000 -0.960630 -0.275590
vn 0.000000 -0.960630 -0.283464
vn 0.000000 -0.960630 -0.275590
vn 0.000000 -0.960630 -0.275590
vn 0.000000 -0.755905 -0.653543
vn 0.000000 -0.960630 -0.275590
vn 0.000000 -0.755905 -0.653543
vn 0.000000 -0.960630 -0.283464
vn 0.000000 -0.960630 -0.275590
vn 0.000000 -0.960630 -0.275590
vn 0.000000 -0.960630 -0.275590
tan 0.320541 -0.773452 -0.539401 1.000000
tan 0.383595 -0.807490 -0.428855 1.000000
tan 0.524831 -0.738670 -0.412921 1.000000
tan 0.171120 -0.821626 -0.517639 1.000000
tan 0.377209 -0.876806 -0.280116 1.000000
tan 0.208754 -0.824602 -0.494265 1.000000
tan 0.282101 -0.868002 -0.337901 1.000000
tan 0.393391 -0.866762 -0.299461 1.000000
tan 0.080228 -0.882696 -0.446773 1.000000
tan 0.275653 -0.877736 -0.395437 1.000000
tan 0.225308 -0.818154 -0.386757 1.000000
tan 0.406287 -0.860190 -0.312543 1.000000
tan 0.442309 -0.839854 -0.297724 1.000000
tan 0.124000 -0.938434 -0.329345 1.000000
tan 0.423523 -0.815736 -0.343605 1.000000
tan 0.309009 -0.867506 -0.297600 1.000000
tan 0.215884 -0.904644 -0.237336 1.000000
tan 0.546221 -0.717713 -0.390167 1.000000
tan 0.435117 -0.847728 -0.291958 1.000000
tan 0.267965 -0.864902 -0.345155 1.000000
tan 0.343605 -0.898878 -0.228966 1.000000
tan 0.530535 -0.745366 -0.390353 1.000000
tan 0.220224 -0.810962 -0.419059 1.000000
tan 0.455825 -0.821626 -0.305040 1.000000
tan 0.408271 -0.859818 -0.229586 1.000000
tan 0.502883 -0.814620 -0.271622 1.000000
tan 0.221898 -0.801848 -0.435613 1.000000
tan 0.446897 -0.826338 -0.349185 1.000000
tan 0.436729 -0.862980 -0.185628 1.000000
tan 0.539773 -0.820758 -0.187240 1.000000
tan 0.232004 -0.797446 -0.453469 1.000000
tan 0.459669 -0.808978 -0.358361 1.000000
tan 0.484407 -0.786224 -0.377085 1.000000
tan 0.482981 -0.859880 -0.149172 1.000000
tan 0.576291 -0.782999 -0.198276 1.000000
tan 0.241056 -0.775746 -0.514849 1.000000
tan 0.519747 -0.757889 -0.396243 1.000000
tan 0.545601 -0.724161 -0.425569 1.000000
tan 0.513113 -0.813814 -0.196044 1.000000
tan 0.514601 -0.770662 -0.376031 1.000000
tan 0.383037 -0.750325 -0.522289 1.000000
tan 0.573997 -0.689689 -0.440821 1.000000
tan 0.373551 -0.856098 -0.329097 1.000000
tan 0.272491 -0.715047 -0.620559 1.000000
tan 0.592473 -0.671089 -0.461343 1.000000
tan 0.604749 -0.648893 -0.471263 1.000000
tan 0.408147 -0.781326 -0.477153 1.000000
tan 0.291587 -0.689069 -0.651745 1.000000
tan 0.610887 -0.631595 -0.476285 1.000000
tan 0.610949 -0.621737 -0.481245 1.000000
tan 0.531155 -0.603323 -0.592101 1.000000
tan 0.307459 -0.675553 -0.662347 1.000000
tan 0.623225 -0.620497 -0.486143 1.000000
tan 0.626449 -0.614297 -0.482609 1.000000
tan 0.742017 -0.253953 -0.603137 1.000000
tan 0.299337 -0.673569 -0.671709 1.000000
tan 0.626449 -0.611073 -0.476409 1.000000
tan 0.626449 -0.611073 -0.476409 1.000000
tan 0.696509 -0.592783 -0.386199 1.000000
tan 0.313225 -0.677537 -0.662347 1.000000
tan 0.632649 -0.614669 -0.476409 1.000000
tan 0.632649 -0.611445 -0.470209 1.000000
tan 0.416641 -0.848162 -0.313597 1.000000
tan 0.471573 -0.667493 -0.581437 1.000000
tan 0.636059 -0.616219 -0.466613 1.000000
tan 0.469155 -0.669229 -0.568975 1.000000
tan 0.457499 -0.707545 -0.521297 1.000000
tan 0.462273 -0.709405 -0.517949 1.000000
tan 0.282597 -0.752247 -0.578275 1.000000
tan 0.641453 -0.620621 -0.448137 1.000000
tan 0.634509 -0.621489 -0.435613 1.000000
tan 0.783062 -0.423523 -0.450865 1.000000
tan 0.576229 -0.670221 -0.468039 1.000000
tan 0.788580 -0.412921 -0.461219 1.000000
tan 0.783434 -0.262199 -0.550127 1.000000
tan 0.557381 -0.670965 -0.473061 1.000000
tan 0.784364 -0.253147 -0.559365 1.000000
tan 0.707669 -0.299771 -0.628805 1.000000
tan 0.805506 -0.354145 -0.470581 1.000000
tan 0.700663 -0.308017 -0.634013 1.000000
tan 0.650939 -0.524583 -0.545601 1.000000
tan 0.784984 -0.147622 -0.589683 1.000000
tan 0.798314 -0.350983 -0.480935 1.000000
tan 0.647591 -0.534193 -0.538161 1.000000
tan 0.672515 -0.647157 -0.361213 1.000000
tan 0.683117 -0.216628 -0.676855 1.000000
tan 0.790874 -0.141360 -0.595945 1.000000
tan 0.685969 -0.694401 -0.211916 1.000000
tan 0.651063 -0.573563 -0.507285 1.000000
tan 0.683737 -0.208072 -0.692665 1.000000
tan 0.739103 -0.638973 -0.222642 1.000000
tan 0.691797 -0.634385 -0.343977 1.000000
tan 0.623225 -0.617273 -0.479943 1.000000
tan 0.629425 -0.611445 -0.473805 1.000000
tan 0.472999 -0.669229 -0.575671 1.000000
tan 0.739103 -0.640151 -0.228718 1.000000
tan 0.680885 -0.701283 -0.218426 1.000000
tan 0.323951 -0.677351 -0.653791 1.000000
tan 0.465621 -0.712939 -0.517515 1.000000
tan 0.620001 -0.614297 -0.489801 1.000000
tan 0.731477 -0.646599 -0.221154 1.000000
tan 0.636865 -0.576973 -0.496993 1.000000
tan 0.679273 -0.703081 -0.213156 1.000000
tan 0.620001 -0.611073 -0.483601 1.000000
tan 0.720937 -0.656147 -0.229710 1.000000
tan 0.628867 -0.583297 -0.507781 1.000000
tan 0.315953 -0.672577 -0.663897 1.000000
tan 0.675677 -0.226300 -0.692293 1.000000
tan 0.658999 -0.714241 -0.221526 1.000000
tan 0.777172 -0.151652 -0.598611 1.000000
tan 0.669477 -0.334925 -0.656519 1.000000
tan 0.796640 -0.368157 -0.484283 1.000000
tan 0.760618 -0.274413 -0.582305 1.000000
tan 0.760556 -0.426623 -0.480625 1.000000
tan 0.550499 -0.684853 -0.473247 1.000000
tan 0.605431 -0.636865 -0.462831 1.000000
tan 0.259161 -0.757641 -0.585777 1.000000
tan 0.270197 -0.758447 -0.583483 1.000000
tan 0.260649 -0.766446 -0.573997 1.000000
tan 0.596441 -0.656953 -0.455205 1.000000
tan 0.409263 -0.742203 -0.509393 1.000000
tan 0.583917 -0.671833 -0.444293 1.000000
tan 0.752186 -0.443797 -0.476657 1.000000
tan 0.571021 -0.700849 -0.433753 1.000000
tan 0.760866 -0.285449 -0.582057 1.000000
tan 0.745117 -0.468349 -0.467977 1.000000
tan 0.668485 -0.345589 -0.654969 1.000000
tan 0.754914 -0.308885 -0.576477 1.000000
tan 0.729865 -0.499473 -0.463389 1.000000
tan 0.394321 -0.757393 -0.494017 1.000000
tan 0.550995 -0.723169 -0.413541 1.000000
tan 0.381611 -0.780519 -0.468473 1.000000
tan 0.715667 -0.531589 -0.448571 1.000000
tan 0.252402 -0.828198 -0.451547 1.000000
tan 0.464257 -0.790688 -0.386261 1.000000
tan 0.267717 -0.850518 -0.397421 1.000000
tan 0.457437 -0.818960 -0.354393 1.000000
tan 0.256929 -0.849526 -0.381177 1.000000
tan 0.259037 -0.857214 -0.371381 1.000000
tan 0.442681 -0.826338 -0.347945 1.000000
tan 0.438961 -0.840722 -0.338769 1.000000
tan 0.698369 -0.568603 -0.422159 1.000000
tan 0.691363 -0.575671 -0.415339 1.000000
tan 0.676049 -0.609213 -0.411061 1.000000
tan 0.620001 -0.674561 -0.386881 1.000000
tan 0.742017 -0.260773 -0.610639 1.000000
tan 0.664207 -0.494017 -0.537169 1.000000
tan 0.736066 -0.289045 -0.605431 1.000000
tan 0.568045 -0.420361 -0.699733 1.000000
tan 0.583545 -0.406101 -0.710707 1.000000
tan 0.416889 -0.755781 -0.499101 1.000000
tan 0.434001 -0.735073 -0.508897 1.000000
tan 0.587327 -0.379069 -0.710955 1.000000
tan 0.395127 -0.870296 -0.290966 1.000000
tan 0.420113 -0.855230 -0.286192 1.000000
tan 0.442805 -0.728625 -0.511439 1.000000
tan 0.437597 -0.847666 -0.283836 1.000000
tan 0.426995 -0.822493 -0.200260 1.000000
tan 0.453841 -0.806497 -0.192696 1.000000
tan 0.385517 -0.846054 -0.270630 1.000000
tan 0.372745 -0.851262 -0.259532 1.000000
tan 0.371629 -0.866018 -0.324199 1.000000
tan 0.425879 -0.811458 -0.380619 1.000000
tan 0.362081 -0.880402 -0.313410 1.000000
tan 0.183954 -0.823672 -0.513361 1.000000
tan 0.292393 -0.791431 -0.514849 1.000000
tan 0.278567 -0.861864 -0.339265 1.000000
tan 0.289727 -0.856780 -0.353215 1.000000
tan 0.083824 -0.877550 -0.453159 1.000000
tan 0.211048 -0.841900 -0.465683 1.000000
tan 0.309009 -0.867010 -0.300080 1.000000
tan 0.270135 -0.865336 -0.334429 1.000000
tan 0.115444 -0.930436 -0.341001 1.000000
tan 0.297415 -0.870482 -0.375659 1.000000
tan 0.438713 -0.854734 -0.288548 1.000000
tan 0.188356 -0.914378 -0.243474 1.000000
tan 0.447641 -0.803894 -0.346023 1.000000
tan 0.583421 -0.709033 -0.355385 1.000000
tan 0.332073 -0.899498 -0.235352 1.000000
tan 0.559613 -0.709157 -0.394197 1.000000
tan 0.435117 -0.847728 -0.313163 1.000000
tan 0.405915 -0.863042 -0.236840 1.000000
tan 0.539835 -0.751999 -0.360841 1.000000
tan 0.648397 -0.540331 -0.524893 1.000000
tan 0.435303 -0.866328 -0.190030 1.000000
tan 0.535681 -0.803150 -0.240932 1.000000
tan 0.515841 -0.602641 -0.594209 1.000000
tan 0.654783 -0.623411 -0.387687 1.000000
tan 0.658255 -0.518135 -0.538781 1.000000
tan 0.397297 -0.781202 -0.477277 1.000000
tan 0.485709 -0.859508 -0.156054 1.000000
tan 0.582057 -0.796019 -0.174406 1.000000
tan 0.536053 -0.575361 -0.607477 1.000000
tan 0.516089 -0.812449 -0.189844 1.000000
tan 0.612871 -0.746791 -0.207390 1.000000
tan 0.459111 -0.813442 -0.341435 1.000000
tan 0.563891 -0.735445 -0.358361 1.000000
tan 0.334057 -0.875070 -0.330213 1.000000
tan 0.361027 -0.850146 -0.261268 1.000000
tan 0.349867 -0.869738 -0.352843 1.000000
tan 0.363321 -0.863724 -0.338831 1.000000
tan 0.393081 -0.848410 -0.275776 1.000000
tan 0.358981 -0.853556 -0.361771 1.000000
tan 0.377581 -0.848906 -0.343729 1.000000
tan 0.414595 -0.760369 -0.487135 1.000000
tan 0.434683 -0.814806 -0.199330 1.000000
tan 0.399281 -0.837622 -0.345961 1.000000
tan 0.410193 -0.862794 -0.281480 1.000000
tan 0.430033 -0.755781 -0.499101 1.000000
tan 0.453841 -0.808729 -0.196788 1.000000
tan 0.417199 -0.824540 -0.352781 1.000000
tan 0.427615 -0.847728 -0.283774 1.000000
tan 0.487011 -0.806621 -0.184822 1.000000
tan 0.408209 -0.824106 -0.392337 1.000000
tan 0.425135 -0.806932 -0.396305 1.000000
tan 0.443053 -0.742141 -0.508897 1.000000
tan 0.533449 -0.789013 -0.179676 1.000000
tan 0.454585 -0.788889 -0.415153 1.000000
tan 0.488685 -0.756029 -0.429785 1.000000
tan 0.458057 -0.847046 -0.239816 1.000000
tan 0.460661 -0.742638 -0.490421 1.000000
tan 0.618079 -0.748961 -0.182776 1.000000
tan 0.523529 -0.726641 -0.454957 1.000000
tan 0.546097 -0.691797 -0.475913 1.000000
tan 0.520181 -0.815798 -0.253518 1.000000
tan 0.675553 -0.703081 -0.187674 1.000000
tan 0.558497 -0.669105 -0.496807 1.000000
tan 0.559737 -0.746295 -0.352595 1.000000
tan 0.507967 -0.702833 -0.493335 1.000000
tan 0.555831 -0.647901 -0.529171 1.000000
tan 0.664269 -0.664517 -0.349061 1.000000
tan 0.573997 -0.646909 -0.503007 1.000000
tan 0.627131 -0.756339 -0.212288 1.000000
tan 0.576663 -0.613739 -0.530721 1.000000
tan 0.720937 -0.656147 -0.229710 1.000000
tan 0.580011 -0.629859 -0.508029 1.000000
tan 0.585963 -0.627193 -0.519251 1.000000
tan 0.633889 -0.679025 -0.369521 1.000000
tan 0.598983 -0.595449 -0.539773 1.000000
tan 0.730299 -0.646599 -0.226114 1.000000
tan 0.591977 -0.621985 -0.524459 1.000000
tan 0.591977 -0.612809 -0.518197 1.000000
tan 0.612251 -0.574121 -0.545911 1.000000
tan 0.739103 -0.640151 -0.228718 1.000000
tan 0.591977 -0.612809 -0.518197 1.000000
tan 0.595201 -0.612809 -0.514601 1.000000
tan 0.668361 -0.705933 -0.220472 1.000000
tan 0.739103 -0.638973 -0.222642 1.000000
tan 0.601401 -0.613181 -0.508401 1.000000
tan 0.601401 -0.613181 -0.508401 1.000000
tan 0.679273 -0.703081 -0.213156 1.000000
tan 0.693533 -0.622853 -0.347201 1.000000
tan 0.604687 -0.618265 -0.504805 1.000000
tan 0.680885 -0.693595 -0.216814 1.000000
tan 0.672391 -0.648831 -0.356501 1.000000
tan 0.672763 -0.643437 -0.349495 1.000000
tan 0.649017 -0.550003 -0.519499 1.000000
tan 0.647591 -0.534193 -0.538161 1.000000
tan 0.694649 -0.326927 -0.634633 1.000000
tan 0.650195 -0.567549 -0.513299 1.000000
tan 0.700663 -0.313039 -0.631657 1.000000
tan 0.779156 -0.250729 -0.563953 1.000000
tan 0.636865 -0.576973 -0.496993 1.000000
tan 0.685783 -0.206026 -0.684791 1.000000
tan 0.784364 -0.254077 -0.566991 1.000000
tan 0.795834 -0.399033 -0.461529 1.000000
tan 0.678157 -0.207824 -0.692417 1.000000
tan 0.812698 -0.364313 -0.465001 1.000000
tan 0.649885 -0.613491 -0.437597 1.000000
tan 0.784984 -0.147622 -0.589683 1.000000
tan 0.576105 -0.670345 -0.456941 1.000000
tan 0.805506 -0.354145 -0.470581 1.000000
tan 0.790874 -0.141360 -0.595945 1.000000
tan 0.457499 -0.707545 -0.521297 1.000000
tan 0.271561 -0.752061 -0.578461 1.000000
tan 0.564263 -0.671089 -0.469775 1.000000
tan 0.259161 -0.757641 -0.585777 1.000000
tan 0.796640 -0.368157 -0.484283 1.000000
tan 0.564263 -0.670965 -0.474797 1.000000
tan 0.296733 -0.673569 -0.664331 1.000000
tan 0.265361 -0.757641 -0.585653 1.000000
tan 0.613801 -0.628309 -0.478765 1.000000
tan 0.299833 -0.683551 -0.654225 1.000000
tan 0.663153 -0.667245 -0.349061 1.000000
tan 0.583297 -0.652923 -0.482113 1.000000
tan 0.427677 -0.719821 -0.531837 1.000000
tan 0.424825 -0.688015 -0.573811 1.000000
tan 0.550499 -0.677971 -0.469837 1.000000
tan 0.419865 -0.734081 -0.526381 1.000000
tan 0.571145 -0.670097 -0.472069 1.000000
tan 0.420113 -0.711761 -0.560605 1.000000
tan 0.638663 -0.681753 -0.337095 1.000000
tan 0.626635 -0.679025 -0.368281 1.000000
tan 0.645545 -0.723603 -0.183706 1.000000
tan 0.606547 -0.697501 -0.361585 1.000000
tan 0.564697 -0.708599 -0.418067 1.000000
tan 0.255875 -0.739103 -0.584537 1.000000
tan 0.500589 -0.767375 -0.410813 1.000000
tan 0.411061 -0.741831 -0.509021 1.000000
tan 0.596441 -0.656953 -0.455205 1.000000
tan 0.398227 -0.764089 -0.486329 1.000000
tan 0.583607 -0.671833 -0.438279 1.000000
tan 0.759005 -0.447703 -0.476657 1.000000
tan 0.385889 -0.787091 -0.460537 1.000000
tan 0.745117 -0.468349 -0.467977 1.000000
tan 0.570773 -0.700849 -0.427553 1.000000
tan 0.729865 -0.499473 -0.463389 1.000000
tan 0.357493 -0.778598 -0.483415 1.000000
tan 0.550809 -0.723169 -0.407217 1.000000
tan 0.263873 -0.834646 -0.436853 1.000000
tan 0.715667 -0.531589 -0.448571 1.000000
tan 0.741521 -0.325067 -0.578585 1.000000
tan 0.728377 -0.359415 -0.570339 1.000000
tan 0.693471 -0.562899 -0.439829 1.000000
tan 0.754914 -0.310063 -0.583979 1.000000
tan 0.471511 -0.790688 -0.384711 1.000000
tan 0.716659 -0.394073 -0.567177 1.000000
tan 0.678777 -0.595697 -0.424577 1.000000
tan 0.709219 -0.428545 -0.564449 1.000000
tan 0.613367 -0.460103 -0.640275 1.000000
tan 0.596441 -0.492343 -0.634943 1.000000
tan 0.638353 -0.426809 -0.640647 1.000000
tan 0.595201 -0.308761 -0.740281 1.000000
tan 0.650567 -0.395375 -0.646785 1.000000
tan 0.657449 -0.364685 -0.654845 1.000000
tan 0.760866 -0.285449 -0.582057 1.000000
tan 0.668485 -0.345589 -0.654969 1.000000
tan 0.789758 -0.381921 -0.484221 1.000000
tan 0.760618 -0.274413 -0.582305 1.000000
tan 0.777172 -0.151652 -0.598611 1.000000
tan 0.674313 -0.334925 -0.662347 1.000000
tan 0.675677 -0.226300 -0.692293 1.000000
tan 0.622605 -0.558745 -0.550933 1.000000
tan 0.630789 -0.583049 -0.501705 1.000000
tan 0.643003 -0.669601 -0.367227 1.000000
tan 0.580135 -0.401203 -0.711637 1.000000
tan 0.760370 -0.174902 -0.624899 1.000000
tan 0.571827 -0.424763 -0.697935 1.000000
tan 0.736066 -0.282969 -0.605493 1.000000
tan 0.736127 -0.294067 -0.605431 1.000000
tan 0.676049 -0.602083 -0.409759 1.000000
tan 0.691363 -0.575671 -0.415339 1.000000
tan 0.698431 -0.568603 -0.417199 1.000000
tan 0.457437 -0.818960 -0.354393 1.000000
tan 0.442681 -0.826338 -0.347945 1.000000
tan 0.446401 -0.833282 -0.330337 1.000000
tan 0.267717 -0.850518 -0.397421 1.000000
tan 0.260401 -0.850518 -0.383409 1.000000
tan 0.265919 -0.857090 -0.364871 1.000000
tan 0.234174 -0.785480 -0.476285 1.000000
tan 0.227540 -0.803522 -0.444541 1.000000
tan 0.221712 -0.809474 -0.427987 1.000000
tan 0.220720 -0.816728 -0.399157 1.000000
tan 0.407465 -0.839110 -0.313845 1.000000
tan 0.427801 -0.827516 -0.325314 1.000000
tan 0.477091 -0.806621 -0.190402 1.000000
tan 0.445533 -0.816666 -0.328539 1.000000
tan 0.454957 -0.839978 -0.278256 1.000000
tan 0.521483 -0.796763 -0.192262 1.000000
tan 0.482485 -0.795896 -0.353587 1.000000
tan 0.543121 -0.768182 -0.302994 1.000000
tan 0.510385 -0.816294 -0.249240 1.000000
tan 0.589249 -0.775063 -0.219294 1.000000
tan 0.460227 -0.722177 -0.506913 1.000000
tan 0.511997 -0.696075 -0.500093 1.000000
tan 0.597805 -0.380619 -0.701965 1.000000
tan 0.560791 -0.647839 -0.529171 1.000000
tan 0.742079 -0.271065 -0.603013 1.000000
tan 0.620745 -0.352905 -0.705313 1.000000
tan 0.576663 -0.619753 -0.535805 1.000000
tan 0.709095 -0.423585 -0.564449 1.000000
tan 0.671709 -0.602455 -0.416765 1.000000
tan 0.716473 -0.393763 -0.559799 1.000000
tan 0.686465 -0.569595 -0.431831 1.000000
tan 0.632773 -0.425507 -0.639655 1.000000
tan 0.735693 -0.361957 -0.570339 1.000000
tan 0.650567 -0.395375 -0.646785 1.000000
tan 0.748962 -0.333561 -0.578337 1.000000
tan 0.657449 -0.364685 -0.654845 1.000000
tan 0.598983 -0.595449 -0.539773 1.000000
tan 0.609275 -0.574121 -0.539711 1.000000
tan 0.619567 -0.558745 -0.544795 1.000000
tan 0.349929 -0.835017 0.407899 1.000000
tan 0.295989 -0.824973 0.455701 1.000000
tan 0.482981 -0.794841 0.363941 1.000000
tan 0.140120 -0.852130 0.468597 1.000000
tan 0.221588 -0.875938 0.382665 1.000000
tan 0.377209 -0.876806 0.280117 1.000000
tan 0.075144 -0.905822 0.382789 1.000000
tan 0.315085 -0.900242 0.291649 1.000000
tan 0.282101 -0.868002 0.337901 1.000000
tan 0.393391 -0.866762 0.299461 1.000000
tan 0.126542 -0.953934 0.272553 1.000000
tan 0.449501 -0.822245 0.255689 1.000000
tan 0.309009 -0.867506 0.297601 1.000000
tan 0.225308 -0.818154 0.386757 1.000000
tan 0.406287 -0.860189 0.312543 1.000000
tan 0.442309 -0.839853 0.297725 1.000000
tan 0.223448 -0.912518 0.190712 1.000000
tan 0.220224 -0.810961 0.419059 1.000000
tan 0.559861 -0.730175 0.327299 1.000000
tan 0.455825 -0.821625 0.305041 1.000000
tan 0.347139 -0.895468 0.186558 1.000000
tan 0.221898 -0.801847 0.435613 1.000000
tan 0.446897 -0.826337 0.349185 1.000000
tan 0.260897 -0.864902 0.346457 1.000000
tan 0.259037 -0.857214 0.371381 1.000000
tan 0.232004 -0.797445 0.453469 1.000000
tan 0.459669 -0.808977 0.358361 1.000000
tan 0.484407 -0.786223 0.377085 1.000000
tan 0.256929 -0.849526 0.381177 1.000000
tan 0.241056 -0.775745 0.514849 1.000000
tan 0.519747 -0.757889 0.396243 1.000000
tan 0.545601 -0.724161 0.425569 1.000000
tan 0.267717 -0.850518 0.397421 1.000000
tan 0.383037 -0.750325 0.522289 1.000000
tan 0.573997 -0.689689 0.440821 1.000000
tan 0.252402 -0.828197 0.451547 1.000000
tan 0.457437 -0.818959 0.354393 1.000000
tan 0.272491 -0.715047 0.620559 1.000000
tan 0.592473 -0.671089 0.461343 1.000000
tan 0.604749 -0.648893 0.471263 1.000000
tan 0.381611 -0.780519 0.468473 1.000000
tan 0.464257 -0.790687 0.386261 1.000000
tan 0.394321 -0.757393 0.494017 1.000000
tan 0.291587 -0.689069 0.651745 1.000000
tan 0.610887 -0.631595 0.476285 1.000000
tan 0.610949 -0.621737 0.481245 1.000000
tan 0.409263 -0.742203 0.509393 1.000000
tan 0.550995 -0.723169 0.413541 1.000000
tan 0.571021 -0.700849 0.433753 1.000000
tan 0.307459 -0.675553 0.662347 1.000000
tan 0.623225 -0.620497 0.486143 1.000000
tan 0.626449 -0.614297 0.482609 1.000000
tan 0.260649 -0.766445 0.573997 1.000000
tan 0.299337 -0.673569 0.671709 1.000000
tan 0.626449 -0.611073 0.476409 1.000000
tan 0.626449 -0.611073 0.476409 1.000000
tan 0.270197 -0.758447 0.583483 1.000000
tan 0.313225 -0.677537 0.662347 1.000000
tan 0.632649 -0.614669 0.476409 1.000000
tan 0.632649 -0.611445 0.470209 1.000000
tan 0.259161 -0.757641 0.585777 1.000000
tan 0.471573 -0.667493 0.581437 1.000000
tan 0.636059 -0.616219 0.466613 1.000000
tan 0.469155 -0.669229 0.568975 1.000000
tan 0.282597 -0.752247 0.578275 1.000000
tan 0.457499 -0.707545 0.521297 1.000000
tan 0.462273 -0.709405 0.517949 1.000000
tan 0.557381 -0.670965 0.473061 1.000000
tan 0.641453 -0.620621 0.448137 1.000000
tan 0.634509 -0.621489 0.435613 1.000000
tan 0.783062 -0.423523 0.450865 1.000000
tan 0.576229 -0.670221 0.468039 1.000000
tan 0.788580 -0.412921 0.461219 1.000000
tan 0.783434 -0.262198 0.550127 1.000000
tan 0.805506 -0.354145 0.470581 1.000000
tan 0.784364 -0.253146 0.559365 1.000000
tan 0.707669 -0.299770 0.628805 1.000000
tan 0.798314 -0.350983 0.480935 1.000000
tan 0.700663 -0.308016 0.634013 1.000000
tan 0.650939 -0.524583 0.545601 1.000000
tan 0.784984 -0.147622 0.589683 1.000000
tan 0.647591 -0.534193 0.538161 1.000000
tan 0.672515 -0.647157 0.361213 1.000000
tan 0.683117 -0.216628 0.676855 1.000000
tan 0.790874 -0.141360 0.595945 1.000000
tan 0.550499 -0.684853 0.473247 1.000000
tan 0.796640 -0.368157 0.484283 1.000000
tan 0.605431 -0.636865 0.462831 1.000000
tan 0.777172 -0.151652 0.598611 1.000000
tan 0.760556 -0.426623 0.480625 1.000000
tan 0.596441 -0.656953 0.455205 1.000000
tan 0.583917 -0.671833 0.444293 1.000000
tan 0.752186 -0.443797 0.476657 1.000000
tan 0.745117 -0.468349 0.467977 1.000000
tan 0.760618 -0.274412 0.582305 1.000000
tan 0.760866 -0.285448 0.582057 1.000000
tan 0.729865 -0.499473 0.463389 1.000000
tan 0.754914 -0.308885 0.576477 1.000000
tan 0.715667 -0.531589 0.448571 1.000000
tan 0.748962 -0.333561 0.578337 1.000000
tan 0.668485 -0.345589 0.654969 1.000000
tan 0.686465 -0.569595 0.431831 1.000000
tan 0.657449 -0.364685 0.654845 1.000000
tan 0.735693 -0.361957 0.570339 1.000000
tan 0.650567 -0.395375 0.646785 1.000000
tan 0.671709 -0.602455 0.416765 1.000000
tan 0.716473 -0.393763 0.559799 1.000000
tan 0.632773 -0.425507 0.639655 1.000000
tan 0.698369 -0.568603 0.422159 1.000000
tan 0.709095 -0.423585 0.564449 1.000000
tan 0.620745 -0.352905 0.705313 1.000000
tan 0.742079 -0.271064 0.603013 1.000000
tan 0.442681 -0.826337 0.347945 1.000000
tan 0.691363 -0.575671 0.415339 1.000000
tan 0.438961 -0.840722 0.338769 1.000000
tan 0.742017 -0.260772 0.610639 1.000000
tan 0.463637 -0.824911 0.319177 1.000000
tan 0.676049 -0.609213 0.411061 1.000000
tan 0.487631 -0.817719 0.299709 1.000000
tan 0.620001 -0.674561 0.386881 1.000000
tan 0.690433 -0.587699 0.391283 1.000000
tan 0.652737 -0.549197 0.521917 1.000000
tan 0.730051 -0.300142 0.600347 1.000000
tan 0.736066 -0.289044 0.605431 1.000000
tan 0.568045 -0.424763 0.698431 1.000000
tan 0.583545 -0.406101 0.710707 1.000000
tan 0.587327 -0.379069 0.710955 1.000000
tan 0.597805 -0.380619 0.701965 1.000000
tan 0.442805 -0.728625 0.511439 1.000000
tan 0.460227 -0.722177 0.506913 1.000000
tan 0.511997 -0.696075 0.500093 1.000000
tan 0.560791 -0.647839 0.529171 1.000000
tan 0.510385 -0.816294 0.249241 1.000000
tan 0.576663 -0.619753 0.535805 1.000000
tan 0.589249 -0.775063 0.219294 1.000000
tan 0.598983 -0.595449 0.539773 1.000000
tan 0.606547 -0.697501 0.361585 1.000000
tan 0.609275 -0.574121 0.539711 1.000000
tan 0.626635 -0.679025 0.368281 1.000000
tan 0.645545 -0.723603 0.183706 1.000000
tan 0.638663 -0.681753 0.337095 1.000000
tan 0.658999 -0.714241 0.221527 1.000000
tan 0.543121 -0.768181 0.302995 1.000000
tan 0.619567 -0.558745 0.544795 1.000000
tan 0.669477 -0.334925 0.656519 1.000000
tan 0.628867 -0.583297 0.507781 1.000000
tan 0.675677 -0.226300 0.692293 1.000000
tan 0.683737 -0.208072 0.692665 1.000000
tan 0.636865 -0.576973 0.496993 1.000000
tan 0.651063 -0.573563 0.507285 1.000000
tan 0.679273 -0.703081 0.213156 1.000000
tan 0.680885 -0.701283 0.218426 1.000000
tan 0.685969 -0.694401 0.211916 1.000000
tan 0.731477 -0.646599 0.221154 1.000000
tan 0.739103 -0.638973 0.222642 1.000000
tan 0.691797 -0.634385 0.343977 1.000000
tan 0.623225 -0.617273 0.479943 1.000000
tan 0.739103 -0.640151 0.228719 1.000000
tan 0.629425 -0.611445 0.473805 1.000000
tan 0.472999 -0.669229 0.575671 1.000000
tan 0.620001 -0.614297 0.489801 1.000000
tan 0.323951 -0.677351 0.653791 1.000000
tan 0.465621 -0.712939 0.517515 1.000000
tan 0.620001 -0.611073 0.483601 1.000000
tan 0.457499 -0.707545 0.521297 1.000000
tan 0.649885 -0.613491 0.437597 1.000000
tan 0.315953 -0.672577 0.663897 1.000000
tan 0.271561 -0.752061 0.578461 1.000000
tan 0.576105 -0.670345 0.456941 1.000000
tan 0.812698 -0.364313 0.465001 1.000000
tan 0.795834 -0.399033 0.461529 1.000000
tan 0.564263 -0.671089 0.469775 1.000000
tan 0.784364 -0.254076 0.566991 1.000000
tan 0.779156 -0.250728 0.563953 1.000000
tan 0.805506 -0.354145 0.470581 1.000000
tan 0.784984 -0.147622 0.589683 1.000000
tan 0.700663 -0.313038 0.631657 1.000000
tan 0.694649 -0.326927 0.634633 1.000000
tan 0.685783 -0.206026 0.684791 1.000000
tan 0.647591 -0.534193 0.538161 1.000000
tan 0.649017 -0.550003 0.519499 1.000000
tan 0.650195 -0.567549 0.513299 1.000000
tan 0.672391 -0.648831 0.356501 1.000000
tan 0.672763 -0.643437 0.349495 1.000000
tan 0.693533 -0.622853 0.347201 1.000000
tan 0.680885 -0.693595 0.216814 1.000000
tan 0.739103 -0.638973 0.222642 1.000000
tan 0.601401 -0.613181 0.508401 1.000000
tan 0.604687 -0.618265 0.504805 1.000000
tan 0.601401 -0.613181 0.508401 1.000000
tan 0.595201 -0.612809 0.514601 1.000000
tan 0.739103 -0.640151 0.228719 1.000000
tan 0.591977 -0.612809 0.518197 1.000000
tan 0.591977 -0.612809 0.518197 1.000000
tan 0.679273 -0.703081 0.213156 1.000000
tan 0.730299 -0.646599 0.226114 1.000000
tan 0.591977 -0.621985 0.524459 1.000000
tan 0.585963 -0.627193 0.519251 1.000000
tan 0.636865 -0.576973 0.496993 1.000000
tan 0.668361 -0.705933 0.220472 1.000000
tan 0.720937 -0.656147 0.229711 1.000000
tan 0.580011 -0.629859 0.508029 1.000000
tan 0.573997 -0.646909 0.503007 1.000000
tan 0.678157 -0.207824 0.692417 1.000000
tan 0.630789 -0.583049 0.501705 1.000000
tan 0.643003 -0.669601 0.367227 1.000000
tan 0.790874 -0.141360 0.595945 1.000000
tan 0.675677 -0.226300 0.692293 1.000000
tan 0.622605 -0.558745 0.550933 1.000000
tan 0.796640 -0.368157 0.484283 1.000000
tan 0.777172 -0.151652 0.598611 1.000000
tan 0.674313 -0.334925 0.662347 1.000000
tan 0.633889 -0.679025 0.369521 1.000000
tan 0.612251 -0.574121 0.545911 1.000000
tan 0.664269 -0.664517 0.349061 1.000000
tan 0.558497 -0.669105 0.496807 1.000000
tan 0.627131 -0.756339 0.212288 1.000000
tan 0.675553 -0.703081 0.187674 1.000000
tan 0.546097 -0.691797 0.475913 1.000000
tan 0.598983 -0.595449 0.539773 1.000000
tan 0.618079 -0.748961 0.182776 1.000000
tan 0.523529 -0.726641 0.454957 1.000000
tan 0.488685 -0.756029 0.429785 1.000000
tan 0.559737 -0.746295 0.352595 1.000000
tan 0.576663 -0.613739 0.530721 1.000000
tan 0.668485 -0.345589 0.654969 1.000000
tan 0.657449 -0.364685 0.654845 1.000000
tan 0.760618 -0.274412 0.582305 1.000000
tan 0.760866 -0.285448 0.582057 1.000000
tan 0.789758 -0.381921 0.484221 1.000000
tan 0.754914 -0.310063 0.583979 1.000000
tan 0.564263 -0.670965 0.474797 1.000000
tan 0.759005 -0.447703 0.476657 1.000000
tan 0.259161 -0.757641 0.585777 1.000000
tan 0.550499 -0.677971 0.469837 1.000000
tan 0.265361 -0.757641 0.585653 1.000000
tan 0.296733 -0.673569 0.664331 1.000000
tan 0.427677 -0.719821 0.531837 1.000000
tan 0.299833 -0.683551 0.654225 1.000000
tan 0.613801 -0.628309 0.478765 1.000000
tan 0.720937 -0.656147 0.229711 1.000000
tan 0.663153 -0.667245 0.349061 1.000000
tan 0.583297 -0.652923 0.482113 1.000000
tan 0.571145 -0.670097 0.472069 1.000000
tan 0.424825 -0.688015 0.573811 1.000000
tan 0.419865 -0.734081 0.526381 1.000000
tan 0.420113 -0.711761 0.560605 1.000000
tan 0.564697 -0.708599 0.418067 1.000000
tan 0.500589 -0.767375 0.410813 1.000000
tan 0.261268 -0.739103 0.581995 1.000000
tan 0.411061 -0.741831 0.509021 1.000000
tan 0.596441 -0.656953 0.455205 1.000000
tan 0.398227 -0.764089 0.486329 1.000000
tan 0.745117 -0.468349 0.467977 1.000000
tan 0.583607 -0.671833 0.438279 1.000000
tan 0.570773 -0.700849 0.427553 1.000000
tan 0.729865 -0.499473 0.463389 1.000000
tan 0.741521 -0.325067 0.578585 1.000000
tan 0.650567 -0.395375 0.646785 1.000000
tan 0.728377 -0.359415 0.570339 1.000000
tan 0.555831 -0.647901 0.529171 1.000000
tan 0.638353 -0.426809 0.640647 1.000000
tan 0.520181 -0.815798 0.253519 1.000000
tan 0.507967 -0.702833 0.493335 1.000000
tan 0.613367 -0.460103 0.640275 1.000000
tan 0.533449 -0.789013 0.179676 1.000000
tan 0.454585 -0.788889 0.415153 1.000000
tan 0.425135 -0.806931 0.396305 1.000000
tan 0.458057 -0.847046 0.239817 1.000000
tan 0.487011 -0.806621 0.184822 1.000000
tan 0.408209 -0.824105 0.392337 1.000000
tan 0.417199 -0.824539 0.352781 1.000000
tan 0.453841 -0.808729 0.196788 1.000000
tan 0.399281 -0.837621 0.345961 1.000000
tan 0.427615 -0.847728 0.283775 1.000000
tan 0.434683 -0.814806 0.199330 1.000000
tan 0.358981 -0.853556 0.361771 1.000000
tan 0.460661 -0.742637 0.490421 1.000000
tan 0.393081 -0.848410 0.275777 1.000000
tan 0.349867 -0.869738 0.352843 1.000000
tan 0.410193 -0.862794 0.281481 1.000000
tan 0.443053 -0.742141 0.508897 1.000000
tan 0.596441 -0.492343 0.634943 1.000000
tan 0.595201 -0.308760 0.740281 1.000000
tan 0.716659 -0.394073 0.567177 1.000000
tan 0.709219 -0.428545 0.564449 1.000000
tan 0.715667 -0.531589 0.448571 1.000000
tan 0.693471 -0.562899 0.439829 1.000000
tan 0.550809 -0.723169 0.407217 1.000000
tan 0.385889 -0.787091 0.460537 1.000000
tan 0.471511 -0.790687 0.384711 1.000000
tan 0.357493 -0.778597 0.483415 1.000000
tan 0.263873 -0.834646 0.436853 1.000000
tan 0.482485 -0.795895 0.353587 1.000000
tan 0.234174 -0.785479 0.476285 1.000000
tan 0.521483 -0.796763 0.192262 1.000000
tan 0.445533 -0.816665 0.328539 1.000000
tan 0.454957 -0.839978 0.278257 1.000000
tan 0.477091 -0.806621 0.190402 1.000000
tan 0.437597 -0.847666 0.283837 1.000000
tan 0.434001 -0.735073 0.508897 1.000000
tan 0.453841 -0.806497 0.192696 1.000000
tan 0.420113 -0.855230 0.286193 1.000000
tan 0.416889 -0.755781 0.499101 1.000000
tan 0.531155 -0.603323 0.592101 1.000000
tan 0.395127 -0.870296 0.290967 1.000000
tan 0.418129 -0.870978 0.223635 1.000000
tan 0.547585 -0.745365 0.365243 1.000000
tan 0.408147 -0.781325 0.477153 1.000000
tan 0.429103 -0.870606 0.187922 1.000000
tan 0.497675 -0.811705 0.268213 1.000000
tan 0.513609 -0.837002 0.185318 1.000000
tan 0.373551 -0.856098 0.329097 1.000000
tan 0.459855 -0.867630 0.156798 1.000000
tan 0.522847 -0.808172 0.194742 1.000000
tan 0.471573 -0.834026 0.190402 1.000000
tan 0.455949 -0.819083 0.335793 1.000000
tan 0.372745 -0.851262 0.259533 1.000000
tan 0.388617 -0.836567 0.361833 1.000000
tan 0.385517 -0.846054 0.270631 1.000000
tan 0.362081 -0.880402 0.313411 1.000000
tan 0.151776 -0.846798 0.464877 1.000000
tan 0.270197 -0.842210 0.434373 1.000000
tan 0.278567 -0.861864 0.339265 1.000000
tan 0.078678 -0.908488 0.389175 1.000000
tan 0.227540 -0.878046 0.360593 1.000000
tan 0.309009 -0.867010 0.300081 1.000000
tan 0.118854 -0.953810 0.285325 1.000000
tan 0.332817 -0.900118 0.279745 1.000000
tan 0.438713 -0.854734 0.288549 1.000000
tan 0.270135 -0.865336 0.334429 1.000000
tan 0.196168 -0.922810 0.189224 1.000000
tan 0.463513 -0.808729 0.255565 1.000000
tan 0.583421 -0.709033 0.355385 1.000000
tan 0.347697 -0.891438 0.199888 1.000000
tan 0.582491 -0.719635 0.335359 1.000000
tan 0.556699 -0.754727 0.341187 1.000000
tan 0.435117 -0.847728 0.313163 1.000000
tan 0.648397 -0.540331 0.524893 1.000000
tan 0.416827 -0.869242 0.225681 1.000000
tan 0.433381 -0.865832 0.190030 1.000000
tan 0.525761 -0.806002 0.244715 1.000000
tan 0.515841 -0.602641 0.594209 1.000000
tan 0.654783 -0.623411 0.387687 1.000000
tan 0.658255 -0.518135 0.538781 1.000000
tan 0.397297 -0.781201 0.477277 1.000000
tan 0.536053 -0.575361 0.607477 1.000000
tan 0.467605 -0.867630 0.156984 1.000000
tan 0.551429 -0.819642 0.179428 1.000000
tan 0.736127 -0.294066 0.605431 1.000000
tan 0.481369 -0.828445 0.188418 1.000000
tan 0.566805 -0.788889 0.198772 1.000000
tan 0.421601 -0.843883 0.329283 1.000000
tan 0.515593 -0.793229 0.319859 1.000000
tan 0.334057 -0.875070 0.330213 1.000000
tan 0.361027 -0.850146 0.261269 1.000000
tan 0.363321 -0.863724 0.338831 1.000000
tan 0.377581 -0.848906 0.343729 1.000000
tan 0.414595 -0.760369 0.487135 1.000000
tan 0.430033 -0.755781 0.499101 1.000000
tan 0.571827 -0.424763 0.697935 1.000000
tan 0.580135 -0.401203 0.711637 1.000000
tan 0.736066 -0.282968 0.605493 1.000000
tan 0.760370 -0.174902 0.624899 1.000000
tan 0.676049 -0.602083 0.409759 1.000000
tan 0.678777 -0.595697 0.424577 1.000000
tan 0.698431 -0.568603 0.417199 1.000000
tan 0.691363 -0.575671 0.415339 1.000000
tan 0.457437 -0.818959 0.354393 1.000000
tan 0.442681 -0.826337 0.347945 1.000000
tan 0.267717 -0.850518 0.397421 1.000000
tan 0.446401 -0.833282 0.330337 1.000000
tan 0.260401 -0.850518 0.383409 1.000000
tan 0.227540 -0.803521 0.444541 1.000000
tan 0.265919 -0.857090 0.364871 1.000000
tan 0.221712 -0.809473 0.427987 1.000000
tan 0.427801 -0.827515 0.325315 1.000000
tan 0.220720 -0.816727 0.399157 1.000000
tan 0.407465 -0.839109 0.313845 1.000000
tan 0.289727 -0.856780 0.353215 1.000000
tan 0.371629 -0.866018 0.324199 1.000000
tan 0.426995 -0.822493 0.200260 1.000000
tan 0.016368 -0.499969 -0.859322 1.000000
tan 0.275343 -0.558311 -0.780829 1.000000
tan 0.151528 -0.472751 -0.868002 1.000000
tan -0.229648 -0.399777 -0.891810 1.000000
tan 0.507905 -0.521545 -0.693285 1.000000
tan -0.269825 -0.526753 -0.760865 1.000000
tan -0.422841 -0.294625 -0.844875 1.000000
tan -0.549755 -0.169322 -0.804885 1.000000
tan 0.558993 -0.186620 -0.806498 1.000000
tan 0.681009 -0.443301 -0.567177 1.000000
tan -0.509455 -0.465249 -0.699671 1.000000
tan -0.515965 0.077376 -0.841280 1.000000
tan 0.760680 -0.194308 -0.616653 1.000000
tan 0.770910 -0.460537 -0.371629 1.000000
tan 0.699051 -0.631657 -0.160890 1.000000
tan -0.608097 -0.327175 -0.585901 1.000000
tan -0.296857 0.234732 -0.875132 1.000000
tan 0.733585 -0.546593 -0.371133 1.000000
tan 0.565751 -0.806001 -0.095046 1.000000
tan -0.190526 -0.035712 -0.910038 1.000000
tan -0.148118 0.200694 -0.942774 1.000000
tan -0.055118 0.053382 -1.000000 1.000000
tan 0.338025 -0.848658 -0.410813 1.000000
tan 0.379751 -0.906752 -0.171058 1.000000
tan -0.022878 -0.185008 -0.968504 1.000000
tan 0.085250 -0.165788 -0.976502 1.000000
tan 0.078864 -0.828074 -0.551305 1.000000
tan 0.179490 -0.896832 -0.361833 1.000000
tan 0.092628 -0.793353 -0.580693 1.000000
tan 0.645545 -0.454461 -0.619567 1.000000
tan 0.051708 -0.629921 -0.779527 1.000000
tan 0.122574 -0.627379 -0.769111 1.000000
tan 0.037882 -0.687395 -0.688139 1.000000
tan 0.049476 -0.447083 -0.897638 1.000000
tan 0.155062 -0.409077 -0.896088 1.000000
tan -0.036890 -0.432575 -0.852936 1.000000
tan -0.368653 -0.397855 -0.758757 1.000000
tan -0.073656 -0.555025 -0.773699 1.000000
tan 0.417013 -0.486701 -0.772397 1.000000
tan -0.412673 -0.671089 -0.567177 1.000000
tan -0.574989 -0.696881 -0.391407 1.000000
tan -0.039556 -0.490421 -0.742637 1.000000
tan 0.240312 -0.306901 -0.749457 1.000000
tan 0.316015 -0.342861 -0.822555 1.000000
tan 0.579577 -0.194060 -0.751317 1.000000
tan -0.854610 0.077190 -0.477401 1.000000
tan -0.794346 0.572013 -0.143840 1.000000
tan -0.740839 0.480811 -0.467791 1.000000
tan -0.463761 0.838862 -0.027280 1.000000
tan -0.829686 -0.193998 -0.516523 1.000000
tan -0.872156 -0.303739 -0.339451 1.000000
tan -0.627069 0.751813 0.053754 1.000000
tan -0.211296 0.736809 0.587389 1.000000
tan -0.854114 0.417509 0.075020 1.000000
tan -0.626573 -0.593155 -0.429661 1.000000
tan -0.765577 -0.632773 -0.117862 1.000000
tan -0.500465 0.782503 0.339513 1.000000
tan -0.169880 0.212537 0.947300 1.000000
tan -0.812760 0.556575 0.147498 1.000000
tan -0.384525 0.299213 0.835451 1.000000
tan -0.871536 -0.071548 -0.213838 1.000000
tan -0.960878 0.180420 0.114390 1.000000
tan -0.734020 0.610825 0.242544 1.000000
tan -0.922748 0.285139 0.247566 1.000000
tan -0.937008 -0.215884 -0.036890 1.000000
tan -0.992126 -0.023436 0.141732 1.000000
tan -0.776242 0.148800 0.418501 1.000000
tan -0.930002 -0.011904 0.333251 1.000000
tan -0.937442 -0.316511 0.096720 1.000000
tan -0.666377 0.294501 0.682373 1.000000
tan -0.456941 -0.440325 0.723417 1.000000
tan -0.519747 -0.255440 0.685969 1.000000
tan -0.633455 -0.114886 0.737801 1.000000
tan -0.607043 -0.446401 0.652179 1.000000
tan -0.418873 -0.667989 0.617149 1.000000
tan -0.865646 -0.320355 0.317379 1.000000
tan -0.384153 -0.714241 0.564697 1.000000
tan -0.465435 -0.634447 0.604563 1.000000
tan -0.843698 -0.499907 0.087048 1.000000
tan -0.455825 -0.777171 0.401761 1.000000
tan -0.479633 -0.672577 0.156736 1.000000
tan -0.743257 -0.597433 0.086056 1.000000
tan -0.735073 -0.515965 0.446649 1.000000
tan -0.622171 -0.727075 0.155992 1.000000
tan -0.766880 -0.244280 0.592287 1.000000
tan -0.697873 -0.474177 -0.327361 1.000000
tan -0.456073 -0.112716 0.855602 1.000000
tan -0.302747 -0.295244 0.900490 1.000000
tan -0.635625 -0.201562 0.741273 1.000000
tan -0.501953 -0.543369 0.676421 1.000000
tan -0.730361 -0.645793 0.183706 1.000000
tan -0.759440 -0.497737 0.285511 1.000000
tan -0.737801 -0.402815 0.442371 1.000000
tan -0.651621 -0.710025 0.289231 1.000000
tan -0.440077 -0.752433 -0.323765 1.000000
tan -0.644305 -0.727447 -0.221898 1.000000
tan -0.521173 -0.582677 -0.623349 1.000000
tan -0.468349 -0.775807 -0.207514 1.000000
tan -0.185318 -0.672205 -0.704073 1.000000
tan -0.299957 -0.362949 -0.877922 1.000000
tan -0.581251 -0.798251 -0.140492 1.000000
tan -0.200136 -0.806994 -0.555273 1.000000
tan -0.098580 -0.493893 -0.851943 1.000000
tan 0.178250 -0.162936 -0.968752 1.000000
tan -0.075454 -0.677475 -0.700043 1.000000
tan 0.272553 -0.436729 -0.835389 1.000000
tan -0.399281 -0.812822 -0.411805 1.000000
tan 0.776924 -0.387811 -0.466861 1.000000
tan 0.718085 -0.127348 -0.659681 1.000000
tan 0.181164 -0.706987 -0.683489 1.000000
tan 0.822184 -0.535867 -0.051212 1.000000
tan 0.905450 -0.333561 -0.060512 1.000000
tan 0.688201 -0.664641 -0.295864 1.000000
tan 0.700601 -0.690061 -0.155248 1.000000
tan 0.645607 -0.731353 0.208506 1.000000
tan 0.606981 -0.660797 0.446649 1.000000
tan 0.178560 -0.823361 0.506231 1.000000
tan 0.559737 -0.812450 0.014570 1.000000
tan 0.132928 -0.864592 0.437969 1.000000
tan -0.186930 -0.894972 0.375969 1.000000
tan 0.408085 -0.879162 -0.077252 1.000000
tan -0.383905 -0.781945 0.394321 1.000000
tan -0.503751 -0.844752 0.149606 1.000000
tan 0.196044 -0.935830 0.249365 1.000000
tan -0.607663 -0.735197 0.165478 1.000000
tan -0.363569 -0.842333 0.365553 1.000000
tan -0.682683 -0.667679 -0.114018 1.000000
tan -0.593651 -0.710335 0.170376 1.000000
tan -0.590737 -0.648211 -0.139190 1.000000
tan 0.111352 -0.881766 0.119040 1.000000
tan -0.480067 -0.688945 0.506851 1.000000
tan -0.685225 -0.577841 0.329717 1.000000
tan -0.641329 -0.593217 -0.488809 1.000000
tan -0.706863 -0.688325 -0.135284 1.000000
tan -0.828012 -0.445471 -0.172980 1.000000
tan -0.796702 -0.588381 -0.020460 1.000000
tan -0.741025 -0.655093 -0.026226 1.000000
tan -0.610515 -0.753983 0.192076 1.000000
tan -0.341001 -0.877302 0.167276 1.000000
tan -0.525885 -0.843760 0.029078 1.000000
tan 0.000496 -0.957592 0.045260 1.000000
tan -0.141732 -0.976378 0.000000 1.000000
tan 0.130944 -0.984314 -0.124992 1.000000
tan -0.222084 -0.960878 -0.114390 1.000000
tan -0.724409 -0.686527 0.011408 1.000000
tan -0.452663 -0.881890 -0.062496 1.000000
tan -0.584971 -0.778287 -0.069440 1.000000
tan -0.653729 -0.641205 -0.381053 1.000000
tan -0.375597 -0.818898 -0.336537 1.000000
tan -0.093744 -0.885238 -0.345093 1.000000
tan -0.678157 -0.346333 -0.651373 1.000000
tan -0.450121 -0.411185 -0.718705 1.000000
tan 0.248683 -0.915122 -0.223200 1.000000
tan -0.681629 -0.573439 -0.328353 1.000000
tan 0.541261 -0.835638 -0.127968 1.000000
tan 0.379565 -0.791928 -0.291896 1.000000
tan 0.083328 -0.834770 -0.433753 1.000000
tan -0.214458 -0.649327 -0.669787 1.000000
tan -0.700353 -0.399343 -0.578399 1.000000
tan -0.338025 -0.726145 -0.586273 1.000000
tan -0.552359 -0.746605 -0.340071 1.000000
tan -0.627751 -0.759501 -0.105462 1.000000
tan -0.597619 -0.723045 0.033728 1.000000
tan -0.667989 -0.720689 0.143716 1.000000
tan -0.005890 -0.062992 -1.000000 1.000000
tan -0.145638 0.089032 -0.941348 1.000000
tan 0.137702 -0.051398 -0.971852 1.000000
tan 0.320355 -0.158782 -0.929878 1.000000
tan -0.261889 0.022692 -0.960630 1.000000
tan -0.481059 0.215264 -0.807985 1.000000
tan 0.186372 -0.228719 -0.907496 1.000000
tan 0.409201 -0.254821 -0.853804 1.000000
tan 0.322711 -0.480439 -0.797011 1.000000
tan -0.129828 -0.167772 -0.953252 1.000000
tan -0.570649 0.032240 -0.818897 1.000000
tan -0.681319 0.085560 -0.705995 1.000000
tan 0.027280 -0.463761 -0.757021 1.000000
tan 0.011036 -0.655031 -0.757703 1.000000
tan -0.788270 0.023374 -0.603695 1.000000
tan -0.835576 -0.011346 -0.512369 1.000000
tan -0.661665 -0.613057 -0.427057 1.000000
tan -0.218302 -0.564263 -0.793043 1.000000
tan -0.245335 -0.509641 -0.709467 1.000000
tan -0.547647 -0.230021 -0.780209 1.000000
tan -0.353897 -0.360841 -0.855105 1.000000
tan -0.496001 -0.085932 -0.852502 1.000000
tan -0.704569 -0.621985 -0.339575 1.000000
tan -0.337219 -0.373675 -0.802033 1.000000
tan -0.420609 -0.041664 -0.881890 1.000000
tan -0.566371 -0.378573 -0.707421 1.000000
tan -0.655155 0.014818 -0.738731 1.000000
tan -0.574555 -0.065720 -0.743567 1.000000
tan -0.644925 -0.236158 -0.491475 1.000000
tan -0.889764 0.077066 -0.446773 1.000000
tan -0.936884 0.057846 -0.246450 1.000000
tan -0.953066 0.265608 -0.021328 1.000000
tan -0.756588 0.123380 -0.611197 1.000000
tan -0.884990 0.378201 -0.261951 1.000000
tan -0.883502 0.434001 0.078492 1.000000
tan -0.590737 0.305040 -0.748961 1.000000
tan -0.658565 0.462025 -0.572633 1.000000
tan -0.494017 0.742761 -0.372497 1.000000
tan -0.722115 0.603571 0.004588 1.000000
tan -0.560791 0.740901 -0.263811 1.000000
tan -0.215636 0.465187 -0.760059 1.000000
tan -0.198648 0.651001 -0.717465 1.000000
tan -0.143468 0.713869 -0.681629 1.000000
tan -0.544609 0.670345 -0.502201 1.000000
tan -0.374605 0.421849 -0.819890 1.000000
tan -0.608531 0.473929 -0.641577 1.000000
tan -0.671399 -0.237957 -0.526071 1.000000
tan -0.473929 0.146692 -0.792485 1.000000
tan -0.550251 0.184760 -0.813752 1.000000
tan -0.601835 0.213218 -0.756897 1.000000
tan 0.762540 -0.296237 -0.578275 1.000000
tan 0.803832 0.069936 -0.572695 1.000000
tan 0.682125 -0.247443 -0.668919 1.000000
tan 0.482113 -0.718209 -0.495009 1.000000
tan 0.759254 0.242048 -0.566557 1.000000
tan 0.825718 0.409015 -0.387501 1.000000
tan 0.585529 -0.756649 -0.255068 1.000000
tan 0.187054 -0.949780 0.164052 1.000000
tan 0.812760 -0.355199 -0.288177 1.000000
tan 0.404117 -0.899002 0.117366 1.000000
tan 0.076446 -0.585901 0.796826 1.000000
tan 0.746791 -0.653543 -0.046314 1.000000
tan 0.620435 0.397793 -0.657387 1.000000
tan 0.414781 -0.627441 0.648831 1.000000
tan 0.602331 0.656333 -0.415401 1.000000
tan 0.640027 -0.756091 0.093248 1.000000
tan 0.379193 -0.014508 0.921260 1.000000
tan 0.219790 0.099944 0.968690 1.000000
tan 0.868622 -0.485709 -0.042656 1.000000
tan 0.559489 0.225309 0.805878 1.000000
tan 0.448385 0.522723 0.723851 1.000000
tan 0.894786 -0.158596 -0.250666 1.000000
tan 0.724099 0.407403 0.544733 1.000000
tan 0.637299 0.697129 0.337715 1.000000
tan 0.660735 0.306219 -0.584661 1.000000
tan 0.681877 0.709405 -0.158658 1.000000
tan 0.727633 0.671833 -0.071796 1.000000
tan 0.730734 0.529729 -0.422035 1.000000
tan 0.349495 0.713559 -0.583111 1.000000
tan 0.441441 0.614111 -0.656581 1.000000
tan 0.592659 0.316387 -0.742700 1.000000
tan 0.669601 0.668485 -0.121024 1.000000
tan 0.348379 0.390973 -0.848286 1.000000
tan 0.204724 0.060264 -0.976378 1.000000
tan 0.452477 0.672019 -0.585591 1.000000
tan 0.792672 0.268399 0.454647 1.000000
tan 0.619133 0.673445 -0.141112 1.000000
tan 0.718209 0.100688 0.688077 1.000000
tan 0.837746 0.423957 0.283464 1.000000
tan 0.578895 -0.044392 0.795337 1.000000
tan 0.799306 0.238329 0.550189 1.000000
tan 0.724905 -0.524459 0.454213 1.000000
tan 0.729555 0.016182 0.679769 1.000000
tan 0.815736 -0.540393 0.068324 1.000000
tan 0.758633 0.217930 0.586025 1.000000
tan 0.968504 -0.232376 -0.038130 1.000000
tan 0.834522 -0.221898 0.396739 1.000000
tan 0.916114 -0.203794 0.066526 1.000000
tan 0.984252 0.041416 -0.188976 1.000000
tan 0.682993 0.325501 0.539897 1.000000
tan 0.865026 0.239816 -0.367909 1.000000
tan 0.976378 0.126728 -0.084568 1.000000
tan 0.915246 0.294129 -0.262571 1.000000
tan 0.586459 0.587761 -0.545849 1.000000
tan 0.932730 0.150536 0.097712 1.000000
tan 0.853494 0.365057 0.037448 1.000000
tan 0.559179 0.661665 0.489305 1.000000
tan 0.694401 0.469589 0.515469 1.000000
tan 0.829686 0.368591 0.387129 1.000000
tan 0.713001 0.544423 0.234360 1.000000
tan 0.860252 0.480501 0.182342 1.000000
tan 0.642445 0.537975 0.079608 1.000000
tan 0.751751 0.635501 -0.111848 1.000000
tan 0.796826 0.486949 -0.091512 1.000000
tan 0.806002 0.565751 -0.135408 1.000000
tan 0.308451 0.773451 -0.534751 1.000000
tan 0.722921 0.571393 -0.375721 1.000000
tan 0.310311 0.495319 -0.800608 1.000000
tan 0.563271 0.705871 -0.408457 1.000000
tan 0.175770 0.638291 -0.729060 1.000000
tan 0.549445 0.538285 -0.632773 1.000000
tan 0.813318 0.371505 -0.401017 1.000000
tan 0.668361 0.460041 -0.581561 1.000000
tan 0.770042 0.237150 -0.396181 1.000000
tan 0.703329 0.127720 -0.696881 1.000000
tan 0.787278 0.610701 -0.031310 1.000000
tan 0.683985 0.315271 -0.636617 1.000000
tan 0.739165 0.604005 -0.020088 1.000000
tan 0.615165 0.749891 -0.190092 1.000000
tan 0.462025 0.605307 -0.636431 1.000000
tan 0.898382 0.396553 -0.085560 1.000000
tan 0.727633 0.682621 -0.038688 1.000000
tan 0.789014 0.588009 -0.081406 1.000000
tan 0.469589 0.861058 -0.208320 1.000000
tan 0.792362 0.512245 -0.313039 1.000000
tan 0.507285 0.845000 -0.074524 1.000000
tan 0.665881 0.706801 -0.213900 1.000000
tan 0.546655 0.761113 -0.336351 1.000000
tan 0.413169 0.755471 -0.278939 1.000000
tan 0.501519 0.828260 -0.034782 1.000000
tan 0.435241 0.890074 -0.051336 1.000000
tan 0.206708 0.884246 -0.138260 1.000000
tan 0.549321 0.768305 -0.173848 1.000000
tan 0.508215 0.725649 0.118048 1.000000
tan 0.612251 0.767251 -0.135036 1.000000
tan 0.674251 0.713001 -0.113274 1.000000
tan 0.410751 0.899002 0.175894 1.000000
tan 0.376713 0.899498 0.126728 1.000000
tan 0.004960 0.908860 0.395933 1.000000
tan 0.043462 0.945688 -0.041354 1.000000
tan 0.096906 0.892554 0.201562 1.000000
tan 0.059148 0.903094 0.308016 1.000000
tan -0.311365 0.796392 0.356253 1.000000
tan -0.346085 0.769049 0.489677 1.000000
tan -0.577283 0.802840 -0.156984 1.000000
tan -0.354889 0.806621 -0.343233 1.000000
tan -0.788456 0.581065 0.106578 1.000000
tan -0.870110 0.430777 0.203236 1.000000
tan -0.741583 -0.075516 -0.582615 1.000000
tan -0.689937 0.672701 -0.202492 1.000000
tan -0.771034 0.219728 -0.424825 1.000000
tan -0.295741 -0.117056 -0.938620 1.000000
tan -0.460847 0.812449 -0.347201 1.000000
tan -0.737864 0.600409 -0.257363 1.000000
tan -0.360097 0.072168 -0.885238 1.000000
tan 0.122016 0.183272 -0.960878 1.000000
tan -0.390601 0.295616 -0.830058 1.000000
tan 0.070680 0.313224 -0.910038 1.000000
tan -0.528241 0.624465 -0.567673 1.000000
tan 0.002976 0.557877 -0.795090 1.000000
tan -0.510509 0.782193 -0.326555 1.000000
tan -0.187550 0.658255 -0.581561 1.000000
tan 0.455577 0.377829 -0.762105 1.000000
tan 0.405543 0.301134 -0.795648 1.000000
tan -0.161634 0.782317 -0.530535 1.000000
tan 0.187860 0.690185 -0.652675 1.000000
tan -0.133672 0.882758 -0.453097 1.000000
tan 0.233802 0.892244 -0.388927 1.000000
tan 0.080538 0.922562 -0.315209 1.000000
tan -0.121644 0.905512 -0.311861 1.000000
tan 0.000000 -0.795276 -0.606299 1.000000
tan 0.000000 -0.795276 -0.606299 1.000000
tan 0.000000 -0.795276 -0.606299 1.000000
tan 0.000000 -0.795276 -0.606299 1.000000
tan 0.000000 -0.795276 -0.606299 1.000000
tan 0.000000 -0.795276 -0.606299 1.000000
tan 0.000000 -0.795276 -0.606299 1.000000
tan 0.000000 -0.795276 -0.606299 1.000000
tan 0.000000 -0.795276 -0.606299 1.000000
tan 0.000000 -0.795276 -0.606299 1.000000
tan 0.000000 -0.811024 -0.590551 1.000000
tan 0.000000 -0.795276 -0.606299 1.000000
tan 0.000000 -0.795276 -0.606299 1.000000
tan 0.000000 -0.795276 -0.606299 1.000000
tan 0.000000 -0.795276 -0.606299 1.000000
tan 0.000000 -0.795276 -0.606299 1.000000
tan 0.000000 -0.795276 -0.606299 1.000000
tan 0.000000 -0.795276 -0.606299 1.000000
tan 0.000000 -0.811024 -0.590551 1.000000
tan 0.000000 -0.818898 -0.574803 1.000000
tan 0.000000 -0.818898 -0.574803 1.000000
tan 0.000000 -0.818898 -0.566929 1.000000
tan 0.000000 -0.811024 -0.590551 1.000000
tan 0.000000 -0.818898 -0.574803 1.000000
tan 0.000000 -0.795276 -0.606299 1.000000
tan -0.006386 -0.811024 -0.582739 1.000000
tan -0.006324 -0.803150 -0.598487 1.000000
tan -0.006262 -0.795276 -0.606361 1.000000
tan 0.000000 -0.787401 -0.614173 1.000000
tan 0.060760 -0.624837 -0.768491 1.000000
tan 0.000000 -0.787401 -0.614173 1.000000
tan -0.001364 -0.787525 -0.614297 1.000000
tan 0.073222 -0.598053 -0.784797 1.000000
tan 0.078988 -0.592597 -0.783371 1.000000
tan 0.067456 -0.615227 -0.782379 1.000000
tan 0.085932 -0.592969 -0.789881 1.000000
tan 0.403497 -0.542315 -0.713249 1.000000
tan 0.263252 -0.498295 -0.810155 1.000000
tan 0.257920 -0.500589 -0.810775 1.000000
tan 0.270445 -0.489367 -0.809659 1.000000
tan 0.276645 -0.523901 -0.799429 1.000000
tan 0.295617 -0.543617 -0.786161 1.000000
tan 0.060388 -0.632897 -0.760307 1.000000
tan 0.286875 -0.551491 -0.780519 1.000000
tan 0.059334 -0.637423 -0.755595 1.000000
tan 0.274537 -0.584599 -0.756711 1.000000
tan -0.006448 -0.818898 -0.574865 1.000000
tan 0.043648 -0.668671 -0.729555 1.000000
tan 0.264927 -0.675305 -0.686527 1.000000
tan 0.000000 -0.818898 -0.566929 1.000000
tan -0.006510 -0.826772 -0.559117 1.000000
tan 0.007874 -0.745489 -0.664951 1.000000
tan 0.212784 -0.742328 -0.603695 1.000000
tan 0.000000 -0.818898 -0.566929 1.000000
tan -0.033356 -0.802406 -0.584165 1.000000
tan 0.256929 -0.732593 -0.419059 1.000000
tan 0.000000 -0.842520 -0.543307 1.000000
tan -0.006882 -0.874016 -0.480377 1.000000
tan 0.000000 -0.842520 -0.543307 1.000000
tan 0.000000 -0.889764 -0.464567 1.000000
tan -0.007254 -0.921260 -0.393763 1.000000
tan 0.000000 -0.842520 -0.543307 1.000000
tan 0.000000 -0.842520 -0.543307 1.000000
tan 0.000000 -0.881890 -0.464567 1.000000
tan 0.000000 -0.889764 -0.464567 1.000000
tan 0.000000 -0.921260 -0.377953 1.000000
tan 0.000000 -0.921260 -0.385827 1.000000
tan 0.000000 -0.921260 -0.377953 1.000000
tan 0.000000 -0.937008 -0.354331 1.000000
tan 0.000000 -0.937008 -0.354331 1.000000
tan -0.007378 -0.937008 -0.354393 1.000000
tan 0.000000 -0.937008 -0.354331 1.000000
tan -0.007378 -0.937008 -0.354331 1.000000
tan 0.000000 -0.937008 -0.354331 1.000000
tan -0.050406 -0.820758 -0.552669 1.000000
tan -0.084506 -0.792610 -0.553661 1.000000
tan 0.197160 -0.762105 -0.563705 1.000000
tan -0.054188 -0.827702 -0.537913 1.000000
tan -0.007378 -0.937008 -0.354393 1.000000
tan -0.007378 -0.937008 -0.354393 1.000000
tan 0.000000 -0.937008 -0.354331 1.000000
tan 0.000000 -0.937008 -0.354331 1.000000
tan 0.000000 -0.937008 -0.354331 1.000000
tan 0.000000 -0.937008 -0.354331 1.000000
tan 0.000000 -0.937008 -0.354331 1.000000
tan 0.000000 -0.937008 -0.354331 1.000000
tan 0.000000 -0.937008 -0.354331 1.000000
tan 0.732283 -0.677289 -0.005766 1.000000
tan 0.809536 -0.558187 -0.091636 1.000000
tan 0.812946 -0.554529 -0.094736 1.000000
tan 0.732283 -0.677227 -0.005766 1.000000
tan 0.814186 -0.562279 -0.078306 1.000000
tan 0.732283 -0.685039 -0.011160 1.000000
tan 0.732283 -0.677227 -0.005766 1.000000
tan 0.792672 -0.573439 -0.071610 1.000000
tan 0.732283 -0.685039 0.000000 1.000000
tan 0.732283 -0.685039 0.000000 1.000000
tan 0.732283 -0.685101 -0.005766 1.000000
tan 0.788146 -0.590241 -0.066836 1.000000
tan 0.732283 -0.685039 0.000000 1.000000
tan 0.716535 -0.700849 -0.005642 1.000000
tan 0.780458 -0.605617 -0.063798 1.000000
tan 0.724409 -0.692913 0.000000 1.000000
tan 0.692913 -0.716597 -0.005456 1.000000
tan 0.776180 -0.617149 -0.063054 1.000000
tan 0.708661 -0.708661 0.000000 1.000000
tan 0.724409 -0.692913 0.000000 1.000000
tan 0.732283 -0.685039 0.000000 1.000000
tan 0.732283 -0.685039 0.000000 1.000000
tan 0.732283 -0.685039 0.000000 1.000000
tan 0.685163 -0.732407 0.000372 1.000000
tan 0.759440 -0.631285 -0.055800 1.000000
tan 0.732283 -0.677165 0.000000 1.000000
tan 0.732407 -0.677289 0.000434 1.000000
tan 0.812078 -0.553103 0.075082 1.000000
tan 0.812946 -0.549321 0.082212 1.000000
tan 0.814186 -0.559861 0.072044 1.000000
tan 0.732283 -0.677165 0.000000 1.000000
tan 0.792672 -0.573439 0.071610 1.000000
tan 0.732283 -0.685101 0.005766 1.000000
tan 0.788146 -0.590241 0.066836 1.000000
tan 0.716535 -0.700849 0.005642 1.000000
tan 0.780458 -0.605617 0.063798 1.000000
tan 0.708661 -0.708661 0.000000 1.000000
tan 0.692913 -0.716597 0.005456 1.000000
tan 0.776180 -0.617149 0.063054 1.000000
tan 0.685039 -0.724409 0.000000 1.000000
tan 0.685039 -0.732407 0.005394 1.000000
tan 0.759440 -0.634075 0.061566 1.000000
tan 0.685039 -0.724409 0.000000 1.000000
tan 0.669291 -0.748155 0.005270 1.000000
tan 0.699113 -0.707049 0.027156 1.000000
tan 0.677165 -0.732283 0.000000 1.000000
tan 0.677165 -0.732283 0.000000 1.000000
tan 0.669415 -0.748155 0.000620 1.000000
tan 0.702213 -0.703949 -0.016926 1.000000
tan 0.653543 -0.755905 0.000000 1.000000
tan 0.582801 -0.811147 0.001798 1.000000
tan 0.618885 -0.776428 0.036456 1.000000
tan 0.653543 -0.755905 0.000000 1.000000
tan 0.472813 -0.881890 0.013888 1.000000
tan 0.586521 -0.757393 0.105400 1.000000
tan 0.566929 -0.826772 0.000000 1.000000
tan 0.566929 -0.826772 0.000000 1.000000
tan 0.582801 -0.811147 -0.001798 1.000000
tan 0.615537 -0.779776 -0.026474 1.000000
tan 0.472627 -0.882076 -0.003224 1.000000
tan 0.583049 -0.760865 -0.095542 1.000000
tan 0.464567 -0.889764 0.000000 1.000000
tan 0.464567 -0.889764 0.000000 1.000000
tan 0.433257 -0.897638 -0.007068 1.000000
tan 0.433443 -0.897638 0.014136 1.000000
tan 0.433319 -0.897638 -0.007068 1.000000
tan 0.579701 -0.800669 -0.044516 1.000000
tan 0.433257 -0.897638 -0.007068 1.000000
tan 0.425197 -0.905512 0.000000 1.000000
tan 0.425197 -0.905512 0.000000 1.000000
tan 0.425197 -0.905512 0.000000 1.000000
tan 0.425197 -0.905512 0.000000 1.000000
tan 0.433443 -0.897638 0.014136 1.000000
tan 0.433567 -0.897638 0.014136 1.000000
tan 0.579701 -0.797259 0.048546 1.000000
tan 0.036642 -0.581623 0.803770 1.000000
tan 0.193006 -0.468163 0.847294 1.000000
tan 0.187488 -0.468721 0.841466 1.000000
tan 0.017794 -0.601091 0.789447 1.000000
tan 0.213094 -0.463885 0.840722 1.000000
tan -0.040672 -0.787153 0.614793 1.000000
tan 0.050344 -0.582429 0.785913 1.000000
tan 0.364003 -0.525823 0.742327 1.000000
tan -0.034472 -0.787277 0.614421 1.000000
tan -0.023560 -0.795275 0.606299 1.000000
tan 0.050840 -0.590241 0.787401 1.000000
tan 0.247380 -0.509021 0.814186 1.000000
tan -0.017236 -0.787339 0.614297 1.000000
tan 0.000000 -0.795275 0.606299 1.000000
tan 0.000000 -0.795275 0.606299 1.000000
tan -0.023560 -0.795213 0.606485 1.000000
tan 0.038502 -0.617211 0.771033 1.000000
tan 0.275095 -0.532705 0.796640 1.000000
tan 0.044268 -0.627565 0.762973 1.000000
tan 0.272429 -0.544981 0.790998 1.000000
tan -0.023684 -0.803087 0.598611 1.000000
tan 0.048918 -0.639345 0.764089 1.000000
tan 0.265981 -0.582801 0.767065 1.000000
tan -0.019158 -0.811023 0.582863 1.000000
tan -0.006262 -0.795275 0.606299 1.000000
tan -0.006386 -0.811023 0.590551 1.000000
tan 0.033232 -0.666005 0.732222 1.000000
tan 0.256681 -0.670221 0.691611 1.000000
tan -0.012896 -0.818897 0.574927 1.000000
tan 0.002976 -0.742513 0.664951 1.000000
tan 0.212784 -0.742327 0.603695 1.000000
tan -0.006510 -0.826771 0.559117 1.000000
tan 0.000000 -0.818897 0.574803 1.000000
tan -0.006448 -0.818897 0.566929 1.000000
tan -0.037510 -0.799181 0.584165 1.000000
tan 0.256929 -0.732593 0.419059 1.000000
tan -0.006882 -0.874016 0.480377 1.000000
tan 0.000000 -0.842520 0.543307 1.000000
tan -0.050406 -0.820757 0.552669 1.000000
tan -0.007254 -0.921260 0.393763 1.000000
tan 0.000000 -0.889764 0.464567 1.000000
tan -0.084506 -0.792609 0.553661 1.000000
tan 0.197160 -0.762105 0.563705 1.000000
tan -0.054188 -0.827701 0.537913 1.000000
tan -0.007378 -0.937008 0.354393 1.000000
tan -0.007378 -0.937008 0.354393 1.000000
tan -0.007378 -0.937008 0.354393 1.000000
tan 0.000000 -0.921260 0.377953 1.000000
tan 0.000000 -0.937008 0.354331 1.000000
tan 0.000000 -0.937008 0.354331 1.000000
tan 0.000000 -0.937008 0.354331 1.000000
tan 0.000000 -0.937008 0.354331 1.000000
tan -0.007378 -0.937008 0.354331 1.000000
tan 0.000000 -0.937008 0.354331 1.000000
tan -0.007378 -0.937008 0.354331 1.000000
tan -0.007254 -0.921260 0.385827 1.000000
tan 0.000000 -0.921260 0.377953 1.000000
tan -0.006944 -0.881890 0.464567 1.000000
tan 0.000000 -0.889764 0.464567 1.000000
tan 0.000000 -0.842520 0.543307 1.000000
tan 0.000000 -0.842520 0.543307 1.000000
tan 0.000000 -0.818897 0.566929 1.000000
tan 0.000000 -0.842520 0.543307 1.000000
tan 0.000000 -0.818897 0.566929 1.000000
tan 0.000000 -0.818897 0.574803 1.000000
tan 0.000000 -0.818897 0.574803 1.000000
tan 0.000000 -0.811023 0.590551 1.000000
tan 0.000000 -0.818897 0.574803 1.000000
tan 0.000000 -0.811023 0.590551 1.000000
tan 0.000000 -0.795275 0.606299 1.000000
tan 0.000000 -0.811023 0.590551 1.000000
tan 0.000000 -0.811023 0.590551 1.000000
tan 0.000000 -0.795275 0.606299 1.000000
tan 0.000000 -0.795275 0.606299 1.000000
tan 0.000000 -0.795275 0.606299 1.000000
tan 0.000000 -0.795275 0.606299 1.000000
tan 0.000000 -0.795275 0.606299 1.000000
tan 0.000000 -0.795275 0.606299 1.000000
tan 0.000000 -0.795275 0.606299 1.000000
tan 0.000000 -0.795275 0.606299 1.000000
tan 0.000000 -0.795275 0.606299 1.000000
tan 0.000000 -0.000000 -1.000000 1.000000
tan 0.000000 -0.000000 -1.000000 1.000000
tan 0.000000 -0.000000 -1.000000 1.000000
tan 0.000000 -0.000000 -1.000000 1.000000
tan 0.000000 -0.000000 -1.000000 1.000000
tan 0.000000 -0.000000 -1.000000 1.000000
tan 0.000000 -0.000000 -1.000000 1.000000
tan 0.000000 -0.000000 -1.000000 1.000000
tan 0.000000 -0.000000 -1.000000 1.000000
tan 0.000000 -0.000000 -1.000000 1.000000
tan 0.000000 -0.000000 -1.000000 1.000000
tan 0.007874 -0.000000 -1.000000 1.000000
tan 0.000000 -0.000000 -1.000000 1.000000
tan 0.000000 -0.000000 -1.000000 1.000000
tan 0.007874 -0.000000 -1.000000 1.000000
tan 0.007874 -0.000000 -1.000000 1.000000
tan 0.000000 -0.000000 -1.000000 1.000000
tan 0.000000 -0.000000 -1.000000 1.000000
tan 0.007874 -0.000000 -1.000000 1.000000
tan -0.007874 -0.000000 -1.000000 1.000000
tan 0.007874 -0.000000 -1.000000 1.000000
tan 0.000000 -0.000000 -1.000000 1.000000
tan 0.000000 -0.000000 -1.000000 1.000000
tan 0.007874 -0.000000 -1.000000 1.000000
tan 0.000000 -0.000000 -1.000000 1.000000
tan 0.007874 -0.000000 -1.000000 1.000000
tan -0.440945 -0.000000 -0.897638 1.000000
tan -0.307087 -0.000000 -0.952756 1.000000
tan -0.433071 -0.000000 -0.897638 1.000000
tan -1.000000 -0.000000 -0.039370 1.000000
tan -1.000000 0.000000 0.000000 1.000000
tan -1.000000 0.000000 0.000000 1.000000
tan -1.000000 0.000000 0.000000 1.000000
tan -1.000000 0.000000 0.000000 1.000000
tan -1.000000 0.000000 0.000000 1.000000
tan -1.000000 0.000000 0.000000 1.000000
tan -1.000000 0.000000 0.000000 1.000000
tan -1.000000 0.000000 0.000000 1.000000
tan -1.000000 0.000000 0.000000 1.000000
tan -1.000000 0.000000 0.000000 1.000000
tan -1.000000 0.000000 0.000000 1.000000
tan -1.000000 0.000000 0.000000 1.000000
tan -1.000000 0.000000 0.000000 1.000000
tan -1.000000 0.000000 0.000000 1.000000
tan -1.000000 0.000000 0.000000 1.000000
tan -1.000000 0.000000 0.000000 1.000000
tan -1.000000 0.000000 0.000000 1.000000
tan -1.000000 0.000000 0.000000 1.000000
tan -1.000000 0.000000 0.000000 1.000000
tan -1.000000 0.000000 0.000000 1.000000
tan -1.000000 0.000000 0.000000 1.000000
tan -1.000000 0.000000 0.000000 1.000000
tan -1.000000 0.000000 0.000000 1.000000
tan -1.000000 0.000000 0.000000 1.000000
tan -1.000000 0.000000 0.000000 1.000000
tan -1.000000 0.000000 0.000000 1.000000
tan -1.000000 0.000000 0.000000 1.000000
tan -1.000000 0.000000 0.000000 1.000000
tan -1.000000 0.000000 0.000000 1.000000
tan -1.000000 0.000000 0.000000 1.000000
tan -1.000000 0.000000 0.000000 1.000000
tan -1.000000 0.000000 0.000000 1.000000
tan -1.000000 0.000000 0.047244 1.000000
tan -1.000000 0.000000 0.000000 1.000000
tan -0.433071 0.000000 0.897638 1.000000
tan -0.307087 0.000000 0.952756 1.000000
tan -0.440945 0.000000 0.897638 1.000000
tan -0.110236 -0.000000 -0.992126 1.000000
tan -0.070866 -0.000000 -1.000000 1.000000
tan 0.055118 -0.000000 -1.000000 1.000000
tan -0.023622 -0.000000 -1.000000 1.000000
tan -0.086614 -0.000000 -1.000000 1.000000
tan 0.023622 -0.000000 -1.000000 1.000000
tan 0.062992 -0.000000 -1.000000 1.000000
tan 0.157480 -0.000000 -0.984252 1.000000
tan 0.188976 -0.000000 -0.984252 1.000000
tan 0.102362 -0.000000 -0.992126 1.000000
tan 0.070866 -0.000000 -1.000000 1.000000
tan -0.055118 -0.000000 -1.000000 1.000000
tan 0.000000 -0.346457 -0.937008 1.000000
tan 0.000000 -0.330709 -0.944882 1.000000
tan 0.000000 -0.330709 -0.944882 1.000000
tan 0.000000 -0.330709 -0.944882 1.000000
tan 0.007378 -0.346457 -0.937008 1.000000
tan 0.000000 -0.330709 -0.944882 1.000000
tan 0.000000 -0.330709 -0.944882 1.000000
tan 0.000000 -0.716535 -0.700787 1.000000
tan 0.007440 -0.330709 -0.944882 1.000000
tan 0.011160 -0.700787 -0.716535 1.000000
tan 0.036270 -0.921260 -0.385827 1.000000
tan -0.081158 -0.343729 -0.929630 1.000000
tan 0.007440 -0.330709 -0.944882 1.000000
tan -0.007440 -0.338583 -0.944882 1.000000
tan -0.171120 -0.325501 -0.930002 1.000000
tan -0.212040 -0.336537 -0.914998 1.000000
tan -0.166408 -0.181970 -0.945502 1.000000
tan -0.117304 -0.687457 -0.718705 1.000000
tan -0.108810 -0.914006 -0.390601 1.000000
tan -0.183148 -0.696509 -0.690805 1.000000
tan -0.063984 -0.209561 -0.963358 1.000000
tan -0.118110 -0.992126 -0.046872 1.000000
tan 0.031496 -1.000000 -0.039370 1.000000
tan -0.328105 -0.863042 -0.356873 1.000000
tan -0.107880 -0.536177 -0.817905 1.000000
tan 0.071858 -0.154938 -0.959080 1.000000
tan -0.161014 -0.060326 -0.946928 1.000000
tan 0.093992 -0.440821 -0.885920 1.000000
tan 0.333065 -0.176204 -0.870358 1.000000
tan 0.020894 -0.017360 -0.948168 1.000000
tan 0.273049 -0.493645 -0.778969 1.000000
tan 0.392151 -0.184140 -0.852998 1.000000
tan 0.122264 -0.054808 -0.906194 1.000000
tan 0.422593 -0.624961 -0.555831 1.000000
tan -0.406411 0.190836 -0.819517 1.000000
tan -0.086304 0.037944 -0.912518 1.000000
tan -0.304359 0.163432 -0.887904 1.000000
tan 0.187550 0.043400 -0.937752 1.000000
tan -0.435799 0.644491 -0.596007 1.000000
tan -0.041850 0.146506 -0.959080 1.000000
tan 0.192448 0.178250 -0.947982 1.000000
tan -0.248744 0.452849 -0.810218 1.000000
tan -0.181288 0.650505 -0.711017 1.000000
tan 0.181288 -0.650505 -0.703453 1.000000
tan -0.106082 0.526691 -0.819828 1.000000
tan 0.116684 -0.564821 -0.789323 1.000000
tan -0.018848 0.598425 -0.795276 1.000000
tan 0.020088 -0.637795 -0.771653 1.000000
tan -0.197160 -0.498233 -0.795213 1.000000
tan -0.001674 -0.669291 -0.740157 1.000000
tan -0.420981 -0.655713 -0.623845 1.000000
tan -0.408705 -0.492033 -0.748589 1.000000
tan -0.020088 -0.637795 -0.771653 1.000000
tan -0.551181 -0.834646 -0.037200 1.000000
tan -0.696819 -0.556265 -0.440821 1.000000
tan -0.196850 -0.984252 0.046500 1.000000
tan -0.708661 -0.708661 0.027900 1.000000
tan -0.756278 -0.478393 -0.409573 1.000000
tan 0.007874 -1.000000 0.047244 1.000000
tan 0.000000 -1.000000 0.047244 1.000000
tan 0.000000 -0.905512 0.417323 1.000000
tan -0.074648 -0.905512 0.425197 1.000000
tan -0.674561 -0.646041 0.270321 1.000000
tan -0.793478 -0.542005 -0.126728 1.000000
tan -0.437287 -0.563085 -0.689999 1.000000
tan -0.871598 -0.426065 0.134292 1.000000
tan -0.039308 -0.787401 -0.614173 1.000000
tan -0.631843 -0.688387 -0.362701 1.000000
tan -0.274041 -0.869676 -0.418315 1.000000
tan -0.821874 -0.531341 -0.122140 1.000000
tan -0.656333 -0.516399 0.538533 1.000000
tan -0.971604 -0.119784 -0.032488 1.000000
tan -0.567115 -0.763593 -0.288114 1.000000
tan -0.174840 -0.643251 0.744002 1.000000
tan -0.940108 -0.172174 -0.247380 1.000000
tan -0.892120 -0.112840 0.344907 1.000000
tan -0.900986 -0.032922 -0.393019 1.000000
tan -0.863352 -0.157232 -0.438279 1.000000
tan -0.929320 -0.078120 0.272305 1.000000
tan -0.871164 -0.345775 -0.338149 1.000000
tan -0.767561 -0.285635 -0.549755 1.000000
tan -0.410689 -0.256680 0.869862 1.000000
tan -0.327423 -0.258230 0.900118 1.000000
tan -0.782814 -0.318433 -0.519685 1.000000
tan -0.629177 -0.245273 -0.687705 1.000000
tan -0.594829 -0.703639 -0.384773 1.000000
tan -0.256743 -0.751441 -0.572881 1.000000
tan 0.559241 0.661541 -0.463451 1.000000
tan 0.000000 -0.000000 -0.932110 1.000000
tan 0.512121 0.199640 -0.792609 1.000000
tan 0.775498 0.315457 -0.519685 1.000000
tan 0.760184 0.282782 -0.557133 1.000000
tan 0.864034 0.342427 -0.355757 1.000000
tan 0.863352 0.156426 -0.445905 1.000000
tan 0.256743 0.751441 -0.572881 1.000000
tan 0.562713 0.757145 -0.305413 1.000000
tan 0.932482 0.167338 -0.270259 1.000000
tan 0.893298 0.031992 -0.393019 1.000000
tan 0.021824 0.692913 -0.716535 1.000000
tan 0.270011 0.854548 -0.441007 1.000000
tan 0.824106 0.526877 -0.138880 1.000000
tan 0.971604 0.118234 -0.040114 1.000000
tan 0.899622 0.110608 0.337405 1.000000
tan 0.929320 0.073780 0.257176 1.000000
tan 0.871598 0.430033 0.140616 1.000000
tan 0.418253 0.254449 0.862298 1.000000
tan 0.211792 0.269081 0.937938 1.000000
tan 0.661727 0.516399 0.538471 1.000000
tan 0.174840 0.643251 0.744001 1.000000
tan -0.022692 0.283465 0.960630 1.000000
tan -0.030256 0.275591 0.960630 1.000000
tan -0.023002 0.653543 0.755905 1.000000
tan 0.000000 0.283465 0.960630 1.000000
tan 0.000000 0.275591 0.960630 1.000000
tan 0.000000 0.291339 0.960630 1.000000
tan 0.000000 0.275591 0.960630 1.000000
tan 0.000000 0.653543 0.755905 1.000000
tan 0.007130 0.905512 0.417323 1.000000
tan 0.081778 0.905512 0.425197 1.000000
tan -0.007874 1.000000 0.047244 1.000000
tan 0.000000 1.000000 0.047244 1.000000
tan -0.023622 1.000000 -0.039370 1.000000
tan 0.674561 0.653295 0.273420 1.000000
tan 0.204724 0.976378 0.046128 1.000000
tan 0.118110 0.992126 -0.046872 1.000000
tan -0.036270 0.921260 -0.385827 1.000000
tan 0.700787 0.708661 0.027962 1.000000
tan 0.781574 0.559861 -0.108314 1.000000
tan 0.624775 0.691921 -0.347015 1.000000
tan 0.566929 0.818897 -0.036704 1.000000
tan 0.039494 0.811023 -0.590551 1.000000
tan 0.416083 0.611941 -0.648211 1.000000
tan 0.743071 0.502821 -0.400335 1.000000
tan 0.408705 0.492033 -0.748590 1.000000
tan 0.001860 0.669291 -0.748031 1.000000
tan 0.710893 0.531837 -0.447455 1.000000
tan 0.234546 0.451237 -0.816728 1.000000
tan 0.446153 0.636369 -0.627689 1.000000
tan 0.335359 0.863041 -0.356935 1.000000
tan 0.134292 0.523343 -0.817658 1.000000
tan -0.046562 0.411681 -0.911960 1.000000
tan 0.086676 0.205468 -0.963358 1.000000
tan 0.183148 0.696509 -0.690805 1.000000
tan 0.219418 0.336475 -0.914998 1.000000
tan 0.203484 0.322896 -0.922562 1.000000
tan 0.108810 0.914006 -0.390601 1.000000
tan 0.123008 0.687457 -0.718705 1.000000
tan 0.095914 0.343729 -0.929630 1.000000
tan 0.007440 0.338583 -0.944882 1.000000
tan 0.000000 0.330709 -0.944882 1.000000
tan -0.011160 0.700787 -0.716535 1.000000
tan 0.000000 0.716535 -0.700787 1.000000
tan -0.007378 0.346457 -0.937008 1.000000
tan -0.007440 0.330709 -0.944882 1.000000
tan 0.000000 0.330709 -0.944882 1.000000
tan 0.000000 0.330709 -0.944882 1.000000
tan 0.000000 0.330709 -0.944882 1.000000
tan 0.000000 0.346457 -0.937008 1.000000
tan 0.000000 0.330709 -0.944882 1.000000
tan 0.000000 0.330709 -0.944882 1.000000
tan 0.000000 -0.275590 0.960630 1.000000
tan 0.000000 -0.291338 0.960630 1.000000
tan 0.000000 -0.275590 0.960630 1.000000
tan 0.000000 -0.283464 0.960630 1.000000
tan 0.007564 -0.275590 0.960630 1.000000
tan 0.007564 -0.275590 0.960630 1.000000
tan 0.000000 -0.653543 0.755905 1.000000
tan 0.007564 -0.275590 0.960630 1.000000
tan 0.028954 -0.653543 0.755905 1.000000
tan 0.022692 -0.283464 0.960630 1.000000
tan 0.015128 -0.275590 0.960630 1.000000
tan 0.007564 -0.275590 0.960630 1.000000
tan -0.052948 -0.275590 0.960630 1.000000
f 3/3/3 2/2/2 1/1/1
f 4/4/4 1/1/1 2/2/2
f 2/2/2 5/5/5 4/4/4
f 1/1/1 4/4/4 6/6/6
f 7/7/7 4/4/4 5/5/5
f 5/5/5 8/8/8 7/7/7
f 9/9/9 6/6/6 4/4/4
f 4/4/4 7/7/7 9/9/9
f 6/6/6 9/9/9 10/10/10
f 11/11/11 7/7/7 8/8/8
f 8/8/8 12/12/12 11/11/11
f 12/12/12 13/13/13 11/11/11
f 14/14/14 10/10/10 9/9/9
f 10/10/10 14/14/14 15/15/15
f 16/16/16 9/9/9 7/7/7
f 9/9/9 16/16/16 14/14/14
f 7/7/7 11/11/11 16/16/16
f 17/17/17 15/15/15 14/14/14
f 15/15/15 17/17/17 18/18/18
f 19/19/19 14/14/14 16/16/16
f 14/14/14 19/19/19 17/17/17
f 20/20/20 16/16/16 11/11/11
f 21/21/21 18/18/18 17/17/17
f 18/18/18 21/21/21 22/22/22
f 23/23/23 11/11/11 13/13/13
f 11/11/11 23/23/23 20/20/20
f 13/13/13 24/24/24 23/23/23
f 25/25/25 22/22/22 21/21/21
f 22/22/22 25/25/25 26/26/26
f 27/27/27 23/23/23 24/24/24
f 24/24/24 28/28/28 27/27/27
f 29/29/29 26/26/26 25/25/25
f 26/26/26 29/29/29 30/30/30
f 31/31/31 27/27/27 28/28/28
f 28/28/28 32/32/32 31/31/31
f 32/32/32 33/33/33 31/31/31
f 34/34/34 30/30/30 29/29/29
f 30/30/30 34/34/34 35/35/35
f 36/36/36 31/31/31 33/33/33
f 33/33/33 37/37/37 36/36/36
f 37/37/37 38/38/38 36/36/36
f 39/39/39 35/35/35 34/34/34
f 35/35/35 39/39/39 40/40/40
f 41/41/41 36/36/36 38/38/38
f 38/38/38 42/42/42 41/41/41
f 34/34/34 43/43/43 39/39/39
f 34/34/34 29/29/29 43/43/43
f 44/44/44 41/41/41 42/42/42
f 42/42/42 45/45/45 44/44/44
f 45/45/45 46/46/46 44/44/44
f 47/47/47 43/43/43 29/29/29
f 29/29/29 25/25/25 47/47/47
f 48/48/48 44/44/44 46/46/46
f 46/46/46 49/49/49 48/48/48
f 49/49/49 50/50/50 48/48/48
f 51/51/51 47/47/47 25/25/25
f 25/25/25 21/21/21 51/51/51
f 52/52/52 48/48/48 50/50/50
f 50/50/50 53/53/53 52/52/52
f 53/53/53 54/54/54 52/52/52
f 55/55/55 51/51/51 21/21/21
f 21/21/21 17/17/17 55/55/55
f 56/56/56 52/52/52 54/54/54
f 54/54/54 57/57/57 56/56/56
f 57/57/57 58/58/58 56/56/56
f 55/55/55 17/17/17 59/59/59
f 59/59/59 17/17/17 19/19/19
f 60/60/60 56/56/56 58/58/58
f 58/58/58 61/61/61 60/60/60
f 61/61/61 62/62/62 60/60/60
f 63/63/63 59/59/59 19/19/19
f 19/19/19 16/16/16 63/63/63
f 20/20/20 63/63/63 16/16/16
f 64/64/64 60/60/60 62/62/62
f 62/62/62 65/65/65 64/64/64
f 66/66/66 64/64/64 65/65/65
f 64/64/64 66/66/66 67/67/67
f 68/68/68 67/67/67 66/66/66
f 60/60/60 64/64/64 69/69/69
f 67/67/67 69/69/69 64/64/64
f 67/67/67 68/68/68 70/70/70
f 71/71/71 70/70/70 68/68/68
f 71/71/71 72/72/72 70/70/70
f 70/70/70 73/73/73 67/67/67
f 69/69/69 67/67/67 73/73/73
f 74/74/74 70/70/70 72/72/72
f 70/70/70 74/74/74 73/73/73
f 72/72/72 75/75/75 74/74/74
f 73/73/73 76/76/76 69/69/69
f 74/74/74 75/75/75 77/77/77
f 75/75/75 78/78/78 77/77/77
f 79/79/79 73/73/73 74/74/74
f 74/74/74 77/77/77 79/79/79
f 73/73/73 79/79/79 76/76/76
f 77/77/77 78/78/78 80/80/80
f 81/81/81 80/80/80 78/78/78
f 79/79/79 77/77/77 82/82/82
f 77/77/77 80/80/80 82/82/82
f 83/83/83 76/76/76 79/79/79
f 79/79/79 82/82/82 83/83/83
f 80/80/80 81/81/81 84/84/84
f 81/81/81 85/85/85 84/84/84
f 82/82/82 80/80/80 86/86/86
f 84/84/84 86/86/86 80/80/80
f 83/83/83 82/82/82 87/87/87
f 82/82/82 86/86/86 87/87/87
f 84/84/84 85/85/85 88/88/88
f 86/86/86 84/84/84 89/89/89
f 84/84/84 88/88/88 89/89/89
f 87/87/87 86/86/86 90/90/90
f 89/89/89 90/90/90 86/86/86
f 88/88/88 85/85/85 91/91/91
f 92/92/92 91/91/91 85/85/85
f 92/92/92 93/93/93 91/91/91
f 91/91/91 93/93/93 94/94/94
f 93/93/93 95/95/95 94/94/94
f 91/91/91 96/96/96 88/88/88
f 91/91/91 94/94/94 96/96/96
f 89/89/89 88/88/88 97/97/97
f 97/97/97 88/88/88 96/96/96
f 94/94/94 95/95/95 98/98/98
f 99/99/99 98/98/98 95/95/95
f 96/96/96 94/94/94 100/100/100
f 94/94/94 98/98/98 100/100/100
f 96/96/96 101/101/101 97/97/97
f 96/96/96 100/100/100 101/101/101
f 89/89/89 97/97/97 102/102/102
f 90/90/90 89/89/89 102/102/102
f 103/103/103 97/97/97 101/101/101
f 102/102/102 97/97/97 103/103/103
f 101/101/101 100/100/100 104/104/104
f 101/101/101 105/105/105 103/103/103
f 101/101/101 104/104/104 105/105/105
f 102/102/102 103/103/103 106/106/106
f 100/100/100 107/107/107 104/104/104
f 100/100/100 98/98/98 107/107/107
f 108/108/108 102/102/102 106/106/106
f 102/102/102 108/108/108 90/90/90
f 106/106/106 103/103/103 109/109/109
f 109/109/109 103/103/103 105/105/105
f 110/110/110 90/90/90 108/108/108
f 87/87/87 90/90/90 110/110/110
f 106/106/106 111/111/111 108/108/108
f 112/112/112 87/87/87 110/110/110
f 83/83/83 87/87/87 112/112/112
f 110/110/110 108/108/108 113/113/113
f 113/113/113 108/108/108 111/111/111
f 112/112/112 110/110/110 114/114/114
f 114/114/114 110/110/110 113/113/113
f 112/112/112 115/115/115 83/83/83
f 76/76/76 83/83/83 115/115/115
f 114/114/114 116/116/116 112/112/112
f 115/115/115 112/112/112 116/116/116
f 76/76/76 115/115/115 117/117/117
f 117/117/117 69/69/69 76/76/76
f 69/69/69 117/117/117 60/60/60
f 56/56/56 60/60/60 117/117/117
f 118/118/118 117/117/117 115/115/115
f 117/117/117 118/118/118 56/56/56
f 115/115/115 116/116/116 118/118/118
f 52/52/52 56/56/56 118/118/118
f 118/118/118 119/119/119 52/52/52
f 119/119/119 118/118/118 116/116/116
f 48/48/48 52/52/52 119/119/119
f 116/116/116 120/120/120 119/119/119
f 116/116/116 114/114/114 120/120/120
f 119/119/119 121/121/121 48/48/48
f 44/44/44 48/48/48 121/121/121
f 120/120/120 122/122/122 119/119/119
f 121/121/121 119/119/119 122/122/122
f 123/123/123 120/120/120 114/114/114
f 120/120/120 123/123/123 122/122/122
f 114/114/114 113/113/113 123/123/123
f 122/122/122 124/124/124 121/121/121
f 123/123/123 113/113/113 125/125/125
f 113/113/113 111/111/111 125/125/125
f 126/126/126 122/122/122 123/123/123
f 123/123/123 125/125/125 126/126/126
f 122/122/122 126/126/126 124/124/124
f 125/125/125 111/111/111 127/127/127
f 126/126/126 125/125/125 128/128/128
f 125/125/125 127/127/127 128/128/128
f 129/129/129 124/124/124 126/126/126
f 126/126/126 128/128/128 129/129/129
f 130/130/130 121/121/121 124/124/124
f 121/121/121 130/130/130 44/44/44
f 124/124/124 129/129/129 131/131/131
f 124/124/124 131/131/131 130/130/130
f 130/130/130 132/132/132 44/44/44
f 132/132/132 130/130/130 131/131/131
f 41/41/41 44/44/44 132/132/132
f 133/133/133 131/131/131 129/129/129
f 132/132/132 134/134/134 41/41/41
f 36/36/36 41/41/41 134/134/134
f 131/131/131 135/135/135 132/132/132
f 134/134/134 132/132/132 135/135/135
f 131/131/131 133/133/133 135/135/135
f 134/134/134 136/136/136 36/36/36
f 31/31/31 36/36/36 136/136/136
f 135/135/135 137/137/137 134/134/134
f 136/136/136 134/134/134 137/137/137
f 136/136/136 138/138/138 31/31/31
f 136/136/136 137/137/137 138/138/138
f 27/27/27 31/31/31 138/138/138
f 138/138/138 139/139/139 27/27/27
f 23/23/23 27/27/27 139/139/139
f 139/139/139 20/20/20 23/23/23
f 138/138/138 140/140/140 139/139/139
f 140/140/140 138/138/138 137/137/137
f 139/139/139 141/141/141 20/20/20
f 141/141/141 139/139/139 140/140/140
f 63/63/63 20/20/20 141/141/141
f 137/137/137 142/142/142 140/140/140
f 140/140/140 143/143/143 141/141/141
f 143/143/143 140/140/140 142/142/142
f 141/141/141 144/144/144 63/63/63
f 144/144/144 141/141/141 143/143/143
f 145/145/145 63/63/63 144/144/144
f 59/59/59 63/63/63 145/145/145
f 143/143/143 146/146/146 144/144/144
f 145/145/145 147/147/147 59/59/59
f 55/55/55 59/59/59 147/147/147
f 144/144/144 148/148/148 145/145/145
f 147/147/147 145/145/145 148/148/148
f 148/148/148 144/144/144 146/146/146
f 147/147/147 149/149/149 55/55/55
f 55/55/55 149/149/149 51/51/51
f 150/150/150 147/147/147 148/148/148
f 147/147/147 150/150/150 149/149/149
f 149/149/149 151/151/151 51/51/51
f 51/51/51 151/151/151 47/47/47
f 150/150/150 152/152/152 149/149/149
f 149/149/149 152/152/152 151/151/151
f 148/148/148 153/153/153 150/150/150
f 153/153/153 148/148/148 146/146/146
f 151/151/151 154/154/154 47/47/47
f 47/47/47 154/154/154 43/43/43
f 152/152/152 155/155/155 151/151/151
f 151/151/151 155/155/155 154/154/154
f 150/150/150 156/156/156 152/152/152
f 153/153/153 156/156/156 150/150/150
f 152/152/152 157/157/157 155/155/155
f 156/156/156 157/157/157 152/152/152
f 155/155/155 158/158/158 154/154/154
f 155/155/155 157/157/157 159/159/159
f 158/158/158 155/155/155 159/159/159
f 154/154/154 160/160/160 43/43/43
f 160/160/160 154/154/154 158/158/158
f 161/161/161 43/43/43 160/160/160
f 161/161/161 39/39/39 43/43/43
f 160/160/160 158/158/158 162/162/162
f 39/39/39 161/161/161 163/163/163
f 163/163/163 40/40/40 39/39/39
f 161/161/161 160/160/160 164/164/164
f 164/164/164 163/163/163 161/161/161
f 162/162/162 164/164/164 160/160/160
f 165/165/165 40/40/40 163/163/163
f 40/40/40 165/165/165 166/166/166
f 164/164/164 167/167/167 163/163/163
f 163/163/163 167/167/167 165/165/165
f 162/162/162 168/168/168 164/164/164
f 164/164/164 168/168/168 167/167/167
f 169/169/169 166/166/166 165/165/165
f 170/170/170 166/166/166 169/169/169
f 167/167/167 171/171/171 165/165/165
f 165/165/165 171/171/171 169/169/169
f 168/168/168 172/172/172 167/167/167
f 171/171/171 167/167/167 172/172/172
f 173/173/173 170/170/170 169/169/169
f 174/174/174 170/170/170 173/173/173
f 171/171/171 175/175/175 169/169/169
f 169/169/169 175/175/175 173/173/173
f 171/171/171 172/172/172 175/175/175
f 176/176/176 174/174/174 173/173/173
f 177/177/177 174/174/174 176/176/176
f 175/175/175 178/178/178 173/173/173
f 176/176/176 173/173/173 178/178/178
f 179/179/179 177/177/177 176/176/176
f 176/176/176 178/178/178 179/179/179
f 180/180/180 177/177/177 179/179/179
f 175/175/175 181/181/181 178/178/178
f 181/181/181 175/175/175 172/172/172
f 179/179/179 182/182/182 180/180/180
f 183/183/183 180/180/180 182/182/182
f 184/184/184 179/179/179 178/178/178
f 179/179/179 184/184/184 182/182/182
f 182/182/182 185/185/185 183/183/183
f 183/183/183 185/185/185 186/186/186
f 187/187/187 182/182/182 184/184/184
f 182/182/182 187/187/187 185/185/185
f 178/178/178 188/188/188 184/184/184
f 188/188/188 178/178/178 181/181/181
f 184/184/184 189/189/189 187/187/187
f 189/189/189 184/184/184 188/188/188
f 190/190/190 185/185/185 187/187/187
f 185/185/185 191/191/191 186/186/186
f 185/185/185 190/190/190 191/191/191
f 186/186/186 191/191/191 192/192/192
f 187/187/187 193/193/193 190/190/190
f 193/193/193 187/187/187 189/189/189
f 194/194/194 192/192/192 191/191/191
f 192/192/192 194/194/194 195/195/195
f 197/197/197 195/195/195 196/196/196
f 194/194/194 196/196/196 195/195/195
f 194/194/194 198/198/198 196/196/196
f 198/198/198 194/194/194 199/199/199
f 191/191/191 199/199/199 194/194/194
f 199/199/199 200/200/200 198/198/198
f 201/201/201 199/199/199 191/191/191
f 201/201/201 191/191/191 190/190/190
f 200/200/200 199/199/199 202/202/202
f 202/202/202 203/203/203 200/200/200
f 201/201/201 204/204/204 199/199/199
f 202/202/202 199/199/199 204/204/204
f 190/190/190 205/205/205 201/201/201
f 204/204/204 201/201/201 205/205/205
f 205/205/205 190/190/190 193/193/193
f 203/203/203 202/202/202 206/206/206
f 206/206/206 207/207/207 203/203/203
f 204/204/204 208/208/208 202/202/202
f 206/206/206 202/202/202 208/208/208
f 205/205/205 209/209/209 204/204/204
f 208/208/208 204/204/204 209/209/209
f 207/207/207 206/206/206 210/210/210
f 210/210/210 211/211/211 207/207/207
f 208/208/208 212/212/212 206/206/206
f 210/210/210 206/206/206 212/212/212
f 211/211/211 210/210/210 213/213/213
f 212/212/212 213/213/213 210/210/210
f 213/213/213 214/214/214 211/211/211
f 213/213/213 215/215/215 214/214/214
f 212/212/212 208/208/208 216/216/216
f 209/209/209 216/216/216 208/208/208
f 215/215/215 213/213/213 217/217/217
f 217/217/217 218/218/218 215/215/215
f 217/217/217 219/219/219 218/218/218
f 220/220/220 213/213/213 212/212/212
f 220/220/220 217/217/217 213/213/213
f 216/216/216 221/221/221 212/212/212
f 220/220/220 212/212/212 221/221/221
f 219/219/219 217/217/217 222/222/222
f 219/219/219 222/222/222 223/223/223
f 223/223/223 222/222/222 224/224/224
f 225/225/225 217/217/217 220/220/220
f 225/225/225 222/222/222 217/217/217
f 226/226/226 224/224/224 222/222/222
f 227/227/227 224/224/224 226/226/226
f 228/228/228 222/222/222 225/225/225
f 228/228/228 226/226/226 222/222/222
f 225/225/225 220/220/220 229/229/229
f 221/221/221 229/229/229 220/220/220
f 228/228/228 225/225/225 230/230/230
f 229/229/229 230/230/230 225/225/225
f 226/226/226 231/231/231 227/227/227
f 232/232/232 227/227/227 231/231/231
f 233/233/233 226/226/226 228/228/228
f 233/233/233 231/231/231 226/226/226
f 230/230/230 234/234/234 228/228/228
f 233/233/233 228/228/228 234/234/234
f 231/231/231 235/235/235 232/232/232
f 236/236/236 232/232/232 235/235/235
f 237/237/237 236/236/236 235/235/235
f 238/238/238 231/231/231 233/233/233
f 238/238/238 235/235/235 231/231/231
f 234/234/234 239/239/239 233/233/233
f 235/235/235 240/240/240 237/237/237
f 241/241/241 237/237/237 240/240/240
f 242/242/242 241/241/241 240/240/240
f 239/239/239 243/243/243 233/233/233
f 238/238/238 233/233/233 243/243/243
f 240/240/240 244/244/244 242/242/242
f 245/245/245 242/242/242 244/244/244
f 246/246/246 245/245/245 244/244/244
f 247/247/247 240/240/240 235/235/235
f 244/244/244 248/248/248 246/246/246
f 249/249/249 246/246/246 248/248/248
f 250/250/250 249/249/249 248/248/248
f 251/251/251 244/244/244 240/240/240
f 251/251/251 240/240/240 247/247/247
f 253/253/253 250/250/250 252/252/252
f 248/248/248 252/252/252 250/250/250
f 254/254/254 248/248/248 244/244/244
f 254/254/254 244/244/244 251/251/251
f 255/255/255 252/252/252 248/248/248
f 255/255/255 248/248/248 254/254/254
f 256/256/256 252/252/252 255/255/255
f 256/256/256 255/255/255 257/257/257
f 258/258/258 257/257/257 255/255/255
f 255/255/255 254/254/254 258/258/258
f 257/257/257 258/258/258 259/259/259
f 254/254/254 251/251/251 260/260/260
f 260/260/260 258/258/258 254/254/254
f 261/261/261 259/259/259 258/258/258
f 258/258/258 260/260/260 261/261/261
f 259/259/259 261/261/261 262/262/262
f 263/263/263 260/260/260 251/251/251
f 251/251/251 247/247/247 263/263/263
f 264/264/264 261/261/261 260/260/260
f 260/260/260 263/263/263 264/264/264
f 265/265/265 262/262/262 261/261/261
f 261/261/261 264/264/264 265/265/265
f 262/262/262 265/265/265 266/266/266
f 267/267/267 264/264/264 263/263/263
f 268/268/268 266/266/266 265/265/265
f 266/266/266 268/268/268 269/269/269
f 270/270/270 265/265/265 264/264/264
f 265/265/265 270/270/270 268/268/268
f 264/264/264 267/267/267 270/270/270
f 271/271/271 269/269/269 268/268/268
f 272/272/272 268/268/268 270/270/270
f 268/268/268 272/272/272 271/271/271
f 273/273/273 270/270/270 267/267/267
f 270/270/270 273/273/273 272/272/272
f 271/271/271 274/274/274 269/269/269
f 269/269/269 274/274/274 99/99/99
f 274/274/274 98/98/98 99/99/99
f 275/275/275 98/98/98 274/274/274
f 271/271/271 275/275/275 274/274/274
f 275/275/275 107/107/107 98/98/98
f 276/276/276 271/271/271 272/272/272
f 276/276/276 275/275/275 271/271/271
f 277/277/277 107/107/107 275/275/275
f 276/276/276 277/277/277 275/275/275
f 272/272/272 278/278/278 276/276/276
f 278/278/278 272/272/272 273/273/273
f 279/279/279 277/277/277 276/276/276
f 279/279/279 276/276/276 278/278/278
f 277/277/277 280/280/280 107/107/107
f 104/104/104 107/107/107 280/280/280
f 279/279/279 281/281/281 277/277/277
f 281/281/281 280/280/280 277/277/277
f 104/104/104 280/280/280 282/282/282
f 105/105/105 104/104/104 282/282/282
f 281/281/281 283/283/283 280/280/280
f 282/282/282 280/280/280 283/283/283
f 105/105/105 282/282/282 284/284/284
f 105/105/105 284/284/284 109/109/109
f 282/282/282 283/283/283 285/285/285
f 284/284/284 282/282/282 285/285/285
f 286/286/286 283/283/283 281/281/281
f 285/285/285 283/283/283 287/287/287
f 286/286/286 287/287/287 283/283/283
f 288/288/288 286/286/286 281/281/281
f 288/288/288 281/281/281 279/279/279
f 289/289/289 287/287/287 286/286/286
f 288/288/288 289/289/289 286/286/286
f 285/285/285 287/287/287 290/290/290
f 289/289/289 291/291/291 287/287/287
f 290/290/290 287/287/287 291/291/291
f 284/284/284 285/285/285 292/292/292
f 292/292/292 285/285/285 290/290/290
f 284/284/284 292/292/292 293/293/293
f 293/293/293 109/109/109 284/284/284
f 292/292/292 290/290/290 294/294/294
f 295/295/295 293/293/293 292/292/292
f 292/292/292 294/294/294 295/295/295
f 290/290/290 291/291/291 296/296/296
f 294/294/294 290/290/290 296/296/296
f 296/296/296 291/291/291 297/297/297
f 296/296/296 298/298/298 294/294/294
f 296/296/296 297/297/297 298/298/298
f 299/299/299 291/291/291 289/289/289
f 299/299/299 297/297/297 291/291/291
f 300/300/300 299/299/299 289/289/289
f 300/300/300 289/289/289 288/288/288
f 301/301/301 297/297/297 299/299/299
f 302/302/302 299/299/299 300/300/300
f 302/302/302 301/301/301 299/299/299
f 300/300/300 288/288/288 303/303/303
f 304/304/304 297/297/297 301/301/301
f 303/303/303 305/305/305 300/300/300
f 302/302/302 300/300/300 305/305/305
f 306/306/306 301/301/301 302/302/302
f 301/301/301 306/306/306 304/304/304
f 305/305/305 307/307/307 302/302/302
f 306/306/306 302/302/302 307/307/307
f 297/297/297 304/304/304 308/308/308
f 298/298/298 297/297/297 308/308/308
f 309/309/309 304/304/304 306/306/306
f 310/310/310 308/308/308 304/304/304
f 304/304/304 309/309/309 310/310/310
f 307/307/307 311/311/311 306/306/306
f 309/309/309 306/306/306 311/311/311
f 307/307/307 305/305/305 312/312/312
f 311/311/311 307/307/307 313/313/313
f 312/312/312 313/313/313 307/307/307
f 311/311/311 314/314/314 309/309/309
f 315/315/315 312/312/312 305/305/305
f 305/305/305 303/303/303 315/315/315
f 316/316/316 309/309/309 314/314/314
f 316/316/316 310/310/310 309/309/309
f 314/314/314 311/311/311 317/317/317
f 313/313/313 317/317/317 311/311/311
f 314/314/314 318/318/318 316/316/316
f 317/317/317 319/319/319 314/314/314
f 318/318/318 314/314/314 319/319/319
f 317/317/317 313/313/313 320/320/320
f 319/319/319 317/317/317 321/321/321
f 320/320/320 321/321/321 317/317/317
f 322/322/322 320/320/320 313/313/313
f 313/313/313 312/312/312 322/322/322
f 321/321/321 320/320/320 229/229/229
f 320/320/320 322/322/322 229/229/229
f 229/229/229 221/221/221 321/321/321
f 230/230/230 229/229/229 322/322/322
f 323/323/323 321/321/321 221/221/221
f 321/321/321 323/323/323 319/319/319
f 221/221/221 216/216/216 323/323/323
f 322/322/322 324/324/324 230/230/230
f 324/324/324 322/322/322 312/312/312
f 234/234/234 230/230/230 324/324/324
f 312/312/312 315/315/315 324/324/324
f 324/324/324 325/325/325 234/234/234
f 325/325/325 324/324/324 315/315/315
f 239/239/239 234/234/234 325/325/325
f 315/315/315 326/326/326 325/325/325
f 326/326/326 315/315/315 303/303/303
f 325/325/325 327/327/327 239/239/239
f 327/327/327 325/325/325 326/326/326
f 243/243/243 239/239/239 327/327/327
f 303/303/303 328/328/328 326/326/326
f 328/328/328 303/303/303 288/288/288
f 288/288/288 279/279/279 328/328/328
f 278/278/278 328/328/328 279/279/279
f 326/326/326 329/329/329 327/327/327
f 329/329/329 326/326/326 328/328/328
f 328/328/328 278/278/278 330/330/330
f 330/330/330 329/329/329 328/328/328
f 273/273/273 330/330/330 278/278/278
f 331/331/331 327/327/327 329/329/329
f 329/329/329 330/330/330 331/331/331
f 327/327/327 331/331/331 243/243/243
f 330/330/330 273/273/273 332/332/332
f 332/332/332 331/331/331 330/330/330
f 267/267/267 332/332/332 273/273/273
f 333/333/333 243/243/243 331/331/331
f 331/331/331 332/332/332 333/333/333
f 243/243/243 333/333/333 238/238/238
f 332/332/332 267/267/267 334/334/334
f 334/334/334 333/333/333 332/332/332
f 263/263/263 334/334/334 267/267/267
f 334/334/334 263/263/263 247/247/247
f 335/335/335 238/238/238 333/333/333
f 333/333/333 334/334/334 335/335/335
f 247/247/247 335/335/335 334/334/334
f 335/335/335 235/235/235 238/238/238
f 247/247/247 235/235/235 335/335/335
f 336/336/336 323/323/323 216/216/216
f 216/216/216 209/209/209 336/336/336
f 323/323/323 336/336/336 337/337/337
f 337/337/337 319/319/319 323/323/323
f 319/319/319 337/337/337 318/318/318
f 338/338/338 336/336/336 209/209/209
f 209/209/209 205/205/205 338/338/338
f 193/193/193 338/338/338 205/205/205
f 336/336/336 338/338/338 339/339/339
f 339/339/339 337/337/337 336/336/336
f 338/338/338 193/193/193 340/340/340
f 340/340/340 339/339/339 338/338/338
f 189/189/189 340/340/340 193/193/193
f 340/340/340 189/189/189 188/188/188
f 339/339/339 340/340/340 341/341/341
f 188/188/188 341/341/341 340/340/340
f 337/337/337 339/339/339 342/342/342
f 341/341/341 342/342/342 339/339/339
f 343/343/343 318/318/318 337/337/337
f 342/342/342 343/343/343 337/337/337
f 318/318/318 343/343/343 316/316/316
f 344/344/344 316/316/316 343/343/343
f 343/343/343 342/342/342 344/344/344
f 316/316/316 344/344/344 310/310/310
f 342/342/342 341/341/341 345/345/345
f 345/345/345 344/344/344 342/342/342
f 341/341/341 188/188/188 346/346/346
f 346/346/346 345/345/345 341/341/341
f 181/181/181 346/346/346 188/188/188
f 344/344/344 345/345/345 347/347/347
f 347/347/347 310/310/310 344/344/344
f 345/345/345 346/346/346 348/348/348
f 348/348/348 347/347/347 345/345/345
f 346/346/346 181/181/181 349/349/349
f 349/349/349 348/348/348 346/346/346
f 172/172/172 349/349/349 181/181/181
f 347/347/347 350/350/350 310/310/310
f 308/308/308 310/310/310 350/350/350
f 348/348/348 351/351/351 347/347/347
f 350/350/350 347/347/347 351/351/351
f 349/349/349 352/352/352 348/348/348
f 351/351/351 348/348/348 352/352/352
f 172/172/172 353/353/353 349/349/349
f 352/352/352 349/349/349 353/353/353
f 353/353/353 172/172/172 168/168/168
f 162/162/162 353/353/353 168/168/168
f 354/354/354 353/353/353 162/162/162
f 354/354/354 352/352/352 353/353/353
f 354/354/354 162/162/162 158/158/158
f 158/158/158 159/159/159 354/354/354
f 355/355/355 352/352/352 354/354/354
f 355/355/355 354/354/354 159/159/159
f 355/355/355 351/351/351 352/352/352
f 159/159/159 356/356/356 355/355/355
f 356/356/356 159/159/159 157/157/157
f 357/357/357 351/351/351 355/355/355
f 357/357/357 355/355/355 356/356/356
f 357/357/357 350/350/350 351/351/351
f 157/157/157 358/358/358 356/356/356
f 156/156/156 358/358/358 157/157/157
f 356/356/356 359/359/359 357/357/357
f 359/359/359 356/356/356 358/358/358
f 360/360/360 350/350/350 357/357/357
f 360/360/360 357/357/357 359/359/359
f 360/360/360 308/308/308 350/350/350
f 298/298/298 308/308/308 360/360/360
f 298/298/298 360/360/360 361/361/361
f 359/359/359 361/361/361 360/360/360
f 361/361/361 294/294/294 298/298/298
f 358/358/358 362/362/362 359/359/359
f 361/361/361 359/359/359 362/362/362
f 294/294/294 361/361/361 363/363/363
f 362/362/362 363/363/363 361/361/361
f 363/363/363 295/295/295 294/294/294
f 364/364/364 362/362/362 358/358/358
f 364/364/364 358/358/358 156/156/156
f 153/153/153 364/364/364 156/156/156
f 365/365/365 362/362/362 364/364/364
f 365/365/365 363/363/363 362/362/362
f 366/366/366 364/364/364 153/153/153
f 366/366/366 365/365/365 364/364/364
f 146/146/146 366/366/366 153/153/153
f 367/367/367 363/363/363 365/365/365
f 366/366/366 146/146/146 368/368/368
f 146/146/146 143/143/143 368/368/368
f 369/369/369 365/365/365 366/366/366
f 368/368/368 369/369/369 366/366/366
f 369/369/369 367/367/367 365/365/365
f 142/142/142 368/368/368 143/143/143
f 370/370/370 363/363/363 367/367/367
f 370/370/370 295/295/295 363/363/363
f 368/368/368 142/142/142 371/371/371
f 369/369/369 368/368/368 371/371/371
f 372/372/372 371/371/371 142/142/142
f 142/142/142 137/137/137 372/372/372
f 135/135/135 372/372/372 137/137/137
f 369/369/369 371/371/371 373/373/373
f 371/371/371 372/372/372 373/373/373
f 372/372/372 135/135/135 374/374/374
f 374/374/374 373/373/373 372/372/372
f 374/374/374 135/135/135 133/133/133
f 373/373/373 375/375/375 369/369/369
f 375/375/375 367/367/367 369/369/369
f 375/375/375 370/370/370 367/367/367
f 373/373/373 374/374/374 376/376/376
f 375/375/375 373/373/373 376/376/376
f 133/133/133 376/376/376 374/374/374
f 377/377/377 370/370/370 375/375/375
f 376/376/376 377/377/377 375/375/375
f 133/133/133 378/378/378 376/376/376
f 378/378/378 377/377/377 376/376/376
f 129/129/129 378/378/378 133/133/133
f 129/129/129 128/128/128 378/378/378
f 128/128/128 379/379/379 378/378/378
f 378/378/378 379/379/379 377/377/377
f 128/128/128 127/127/127 379/379/379
f 377/377/377 380/380/380 370/370/370
f 380/380/380 377/377/377 379/379/379
f 380/380/380 295/295/295 370/370/370
f 380/380/380 293/293/293 295/295/295
f 379/379/379 381/381/381 380/380/380
f 381/381/381 293/293/293 380/380/380
f 381/381/381 379/379/379 127/127/127
f 381/381/381 109/109/109 293/293/293
f 127/127/127 382/382/382 381/381/381
f 382/382/382 109/109/109 381/381/381
f 382/382/382 127/127/127 111/111/111
f 106/106/106 109/109/109 382/382/382
f 111/111/111 106/106/106 382/382/382
f 385/385/385 384/384/384 383/383/383
f 386/386/386 383/383/383 384/384/384
f 384/384/384 387/387/387 386/386/386
f 383/383/383 386/386/386 388/388/388
f 389/389/389 386/386/386 387/387/387
f 387/387/387 390/390/390 389/389/389
f 391/391/391 388/388/388 386/386/386
f 386/386/386 389/389/389 391/391/391
f 388/388/388 391/391/391 392/392/392
f 393/393/393 389/389/389 390/390/390
f 390/390/390 394/394/394 393/393/393
f 395/395/395 391/391/391 389/389/389
f 389/389/389 393/393/393 395/395/395
f 396/396/396 392/392/392 391/391/391
f 391/391/391 395/395/395 396/396/396
f 392/392/392 396/396/396 397/397/397
f 397/397/397 396/396/396 398/398/398
f 399/399/399 393/393/393 394/394/394
f 400/400/400 398/398/398 396/396/396
f 394/394/394 401/401/401 399/399/399
f 398/398/398 400/400/400 402/402/402
f 403/403/403 399/399/399 401/401/401
f 404/404/404 402/402/402 400/400/400
f 402/402/402 404/404/404 405/405/405
f 396/396/396 406/406/406 400/400/400
f 406/406/406 396/396/396 395/395/395
f 400/400/400 407/407/407 404/404/404
f 407/407/407 400/400/400 406/406/406
f 408/408/408 405/405/405 404/404/404
f 405/405/405 408/408/408 409/409/409
f 409/409/409 408/408/408 410/410/410
f 411/411/411 404/404/404 407/407/407
f 404/404/404 411/411/411 408/408/408
f 412/412/412 410/410/410 408/408/408
f 410/410/410 412/412/412 413/413/413
f 413/413/413 412/412/412 414/414/414
f 415/415/415 408/408/408 411/411/411
f 408/408/408 415/415/415 412/412/412
f 416/416/416 414/414/414 412/412/412
f 414/414/414 416/416/416 417/417/417
f 418/418/418 412/412/412 415/415/415
f 412/412/412 418/418/418 416/416/416
f 419/419/419 415/415/415 411/411/411
f 415/415/415 419/419/419 418/418/418
f 420/420/420 417/417/417 416/416/416
f 417/417/417 420/420/420 421/421/421
f 421/421/421 420/420/420 422/422/422
f 423/423/423 416/416/416 418/418/418
f 416/416/416 423/423/423 420/420/420
f 418/418/418 424/424/424 423/423/423
f 424/424/424 418/418/418 419/419/419
f 425/425/425 420/420/420 423/423/423
f 426/426/426 422/422/422 420/420/420
f 422/422/422 426/426/426 427/427/427
f 427/427/427 426/426/426 428/428/428
f 429/429/429 420/420/420 425/425/425
f 420/420/420 429/429/429 426/426/426
f 423/423/423 430/430/430 425/425/425
f 430/430/430 423/423/423 424/424/424
f 425/425/425 431/431/431 429/429/429
f 431/431/431 425/425/425 430/430/430
f 432/432/432 428/428/428 426/426/426
f 428/428/428 432/432/432 433/433/433
f 433/433/433 432/432/432 434/434/434
f 435/435/435 426/426/426 429/429/429
f 426/426/426 435/435/435 432/432/432
f 436/436/436 434/434/434 432/432/432
f 434/434/434 436/436/436 437/437/437
f 437/437/437 436/436/436 438/438/438
f 439/439/439 432/432/432 435/435/435
f 432/432/432 439/439/439 436/436/436
f 440/440/440 438/438/438 436/436/436
f 438/438/438 440/440/440 441/441/441
f 441/441/441 440/440/440 442/442/442
f 443/443/443 436/436/436 439/439/439
f 436/436/436 443/443/443 440/440/440
f 444/444/444 442/442/442 440/440/440
f 442/442/442 444/444/444 445/445/445
f 446/446/446 445/445/445 444/444/444
f 440/440/440 447/447/447 444/444/444
f 447/447/447 440/440/440 443/443/443
f 444/444/444 448/448/448 446/446/446
f 448/448/448 444/444/444 447/447/447
f 449/449/449 446/446/446 448/448/448
f 443/443/443 450/450/450 447/447/447
f 448/448/448 451/451/451 449/449/449
f 452/452/452 449/449/449 451/451/451
f 452/452/452 451/451/451 453/453/453
f 447/447/447 454/454/454 448/448/448
f 451/451/451 448/448/448 454/454/454
f 454/454/454 447/447/447 450/450/450
f 455/455/455 453/453/453 451/451/451
f 451/451/451 454/454/454 455/455/455
f 453/453/453 455/455/455 456/456/456
f 457/457/457 455/455/455 454/454/454
f 454/454/454 450/450/450 457/457/457
f 458/458/458 456/456/456 455/455/455
f 455/455/455 457/457/457 458/458/458
f 456/456/456 458/458/458 459/459/459
f 460/460/460 457/457/457 450/450/450
f 461/461/461 459/459/459 458/458/458
f 459/459/459 461/461/461 462/462/462
f 463/463/463 458/458/458 457/457/457
f 458/458/458 463/463/463 461/461/461
f 457/457/457 460/460/460 463/463/463
f 461/461/461 464/464/464 462/462/462
f 462/462/462 464/464/464 465/465/465
f 466/466/466 461/461/461 463/463/463
f 461/461/461 466/466/466 464/464/464
f 467/467/467 463/463/463 460/460/460
f 463/463/463 467/467/467 466/466/466
f 450/450/450 468/468/468 460/460/460
f 450/450/450 443/443/443 468/468/468
f 439/439/439 468/468/468 443/443/443
f 469/469/469 460/460/460 468/468/468
f 460/460/460 469/469/469 467/467/467
f 468/468/468 439/439/439 470/470/470
f 468/468/468 470/470/470 469/469/469
f 435/435/435 470/470/470 439/439/439
f 471/471/471 467/467/467 469/469/469
f 472/472/472 469/469/469 470/470/470
f 469/469/469 472/472/472 471/471/471
f 470/470/470 435/435/435 473/473/473
f 470/470/470 473/473/473 472/472/472
f 473/473/473 435/435/435 474/474/474
f 429/429/429 474/474/474 435/435/435
f 474/474/474 429/429/429 431/431/431
f 475/475/475 472/472/472 473/473/473
f 473/473/473 474/474/474 475/475/475
f 474/474/474 431/431/431 476/476/476
f 476/476/476 475/475/475 474/474/474
f 472/472/472 475/475/475 477/477/477
f 477/477/477 471/471/471 472/472/472
f 475/475/475 476/476/476 478/478/478
f 478/478/478 477/477/477 475/475/475
f 479/479/479 476/476/476 431/431/431
f 431/431/431 430/430/430 479/479/479
f 480/480/480 478/478/478 476/476/476
f 476/476/476 479/479/479 480/480/480
f 481/481/481 479/479/479 430/430/430
f 430/430/430 424/424/424 481/481/481
f 482/482/482 480/480/480 479/479/479
f 479/479/479 481/481/481 482/482/482
f 478/478/478 480/480/480 483/483/483
f 484/484/484 481/481/481 424/424/424
f 485/485/485 483/483/483 480/480/480
f 480/480/480 482/482/482 485/485/485
f 486/486/486 482/482/482 481/481/481
f 481/481/481 484/484/484 486/486/486
f 487/487/487 485/485/485 482/482/482
f 482/482/482 486/486/486 487/487/487
f 488/488/488 484/484/484 424/424/424
f 424/424/424 419/419/419 488/488/488
f 489/489/489 486/486/486 484/484/484
f 484/484/484 488/488/488 489/489/489
f 490/490/490 487/487/487 486/486/486
f 486/486/486 489/489/489 490/490/490
f 491/491/491 488/488/488 419/419/419
f 492/492/492 489/489/489 488/488/488
f 492/492/492 488/488/488 491/491/491
f 489/489/489 492/492/492 493/493/493
f 489/489/489 493/493/493 490/490/490
f 494/494/494 492/492/492 491/491/491
f 492/492/492 494/494/494 493/493/493
f 491/491/491 419/419/419 495/495/495
f 495/495/495 419/419/419 411/411/411
f 495/495/495 411/411/411 407/407/407
f 496/496/496 491/491/491 495/495/495
f 494/494/494 491/491/491 496/496/496
f 497/497/497 495/495/495 407/407/407
f 496/496/496 495/495/495 497/497/497
f 497/497/497 407/407/407 406/406/406
f 498/498/498 494/494/494 496/496/496
f 499/499/499 497/497/497 406/406/406
f 500/500/500 496/496/496 497/497/497
f 500/500/500 497/497/497 499/499/499
f 498/498/498 496/496/496 500/500/500
f 501/501/501 499/499/499 406/406/406
f 501/501/501 406/406/406 395/395/395
f 501/501/501 395/395/395 393/393/393
f 393/393/393 399/399/399 501/501/501
f 502/502/502 500/500/500 499/499/499
f 502/502/502 499/499/499 501/501/501
f 503/503/503 501/501/501 399/399/399
f 503/503/503 502/502/502 501/501/501
f 504/504/504 503/503/503 399/399/399
f 399/399/399 403/403/403 504/504/504
f 505/505/505 502/502/502 503/503/503
f 504/504/504 505/505/505 503/503/503
f 506/506/506 500/500/500 502/502/502
f 505/505/505 506/506/506 502/502/502
f 506/506/506 498/498/498 500/500/500
f 505/505/505 504/504/504 507/507/507
f 506/506/506 505/505/505 508/508/508
f 507/507/507 508/508/508 505/505/505
f 498/498/498 506/506/506 509/509/509
f 506/506/506 508/508/508 509/509/509
f 498/498/498 509/509/509 510/510/510
f 494/494/494 498/498/498 510/510/510
f 494/494/494 510/510/510 493/493/493
f 509/509/509 508/508/508 511/511/511
f 510/510/510 509/509/509 512/512/512
f 511/511/511 512/512/512 509/509/509
f 493/493/493 510/510/510 513/513/513
f 512/512/512 513/513/513 510/510/510
f 513/513/513 514/514/514 493/493/493
f 490/490/490 493/493/493 514/514/514
f 513/513/513 512/512/512 515/515/515
f 514/514/514 516/516/516 490/490/490
f 487/487/487 490/490/490 516/516/516
f 514/514/514 513/513/513 517/517/517
f 516/516/516 514/514/514 517/517/517
f 515/515/515 517/517/517 513/513/513
f 516/516/516 518/518/518 487/487/487
f 485/485/485 487/487/487 518/518/518
f 517/517/517 519/519/519 516/516/516
f 518/518/518 516/516/516 519/519/519
f 485/485/485 518/518/518 520/520/520
f 483/483/483 485/485/485 520/520/520
f 519/519/519 521/521/521 518/518/518
f 520/520/520 518/518/518 521/521/521
f 517/517/517 522/522/522 519/519/519
f 519/519/519 523/523/523 521/521/521
f 523/523/523 519/519/519 522/522/522
f 521/521/521 524/524/524 520/520/520
f 522/522/522 517/517/517 525/525/525
f 515/515/515 525/525/525 517/517/517
f 483/483/483 520/520/520 526/526/526
f 526/526/526 520/520/520 524/524/524
f 527/527/527 483/483/483 526/526/526
f 483/483/483 527/527/527 478/478/478
f 477/477/477 478/478/478 527/527/527
f 527/527/527 526/526/526 528/528/528
f 528/528/528 526/526/526 524/524/524
f 527/527/527 529/529/529 477/477/477
f 529/529/529 527/527/527 528/528/528
f 471/471/471 477/477/477 529/529/529
f 529/529/529 530/530/530 471/471/471
f 467/467/467 471/471/471 530/530/530
f 530/530/530 466/466/466 467/467/467
f 529/529/529 528/528/528 531/531/531
f 530/530/530 529/529/529 531/531/531
f 466/466/466 530/530/530 532/532/532
f 530/530/530 531/531/531 532/532/532
f 466/466/466 532/532/532 464/464/464
f 531/531/531 528/528/528 533/533/533
f 524/524/524 533/533/533 528/528/528
f 532/532/532 531/531/531 534/534/534
f 533/533/533 534/534/534 531/531/531
f 464/464/464 532/532/532 535/535/535
f 534/534/534 535/535/535 532/532/532
f 535/535/535 465/465/465 464/464/464
f 533/533/533 536/536/536 534/534/534
f 535/535/535 537/537/537 465/465/465
f 538/538/538 465/465/465 537/537/537
f 538/538/538 537/537/537 539/539/539
f 534/534/534 540/540/540 535/535/535
f 537/537/537 535/535/535 540/540/540
f 540/540/540 534/534/534 536/536/536
f 541/541/541 539/539/539 537/537/537
f 537/537/537 540/540/540 541/541/541
f 539/539/539 541/541/541 542/542/542
f 543/543/543 541/541/541 540/540/540
f 540/540/540 536/536/536 543/543/543
f 544/544/544 542/542/542 541/541/541
f 541/541/541 543/543/543 544/544/544
f 545/545/545 542/542/542 544/544/544
f 546/546/546 543/543/543 536/536/536
f 544/544/544 547/547/547 545/545/545
f 548/548/548 545/545/545 547/547/547
f 549/549/549 544/544/544 543/543/543
f 543/543/543 546/546/546 549/549/549
f 544/544/544 550/550/550 547/547/547
f 550/550/550 544/544/544 549/549/549
f 547/547/547 551/551/551 548/548/548
f 551/551/551 547/547/547 550/550/550
f 551/551/551 552/552/552 548/548/548
f 553/553/553 548/548/548 552/552/552
f 550/550/550 554/554/554 551/551/551
f 552/552/552 555/555/555 553/553/553
f 556/556/556 553/553/553 555/555/555
f 552/552/552 551/551/551 557/557/557
f 554/554/554 557/557/557 551/551/551
f 555/555/555 552/552/552 558/558/558
f 557/557/557 558/558/558 552/552/552
f 555/555/555 559/559/559 556/556/556
f 560/560/560 556/556/556 559/559/559
f 558/558/558 561/561/561 555/555/555
f 559/559/559 555/555/555 561/561/561
f 559/559/559 562/562/562 560/560/560
f 563/563/563 560/560/560 562/562/562
f 561/561/561 564/564/564 559/559/559
f 562/562/562 559/559/559 564/564/564
f 562/562/562 565/565/565 563/563/563
f 566/566/566 563/563/563 565/565/565
f 566/566/566 565/565/565 567/567/567
f 565/565/565 562/562/562 568/568/568
f 564/564/564 568/568/568 562/562/562
f 569/569/569 567/567/567 565/565/565
f 565/565/565 568/568/568 569/569/569
f 571/571/571 567/567/567 570/570/570
f 569/569/569 570/570/570 567/567/567
f 570/570/570 569/569/569 572/572/572
f 572/572/572 569/569/569 573/573/573
f 574/574/574 573/573/573 569/569/569
f 574/574/574 569/569/569 568/568/568
f 573/573/573 574/574/574 575/575/575
f 575/575/575 574/574/574 576/576/576
f 568/568/568 577/577/577 574/574/574
f 568/568/568 564/564/564 577/577/577
f 578/578/578 576/576/576 574/574/574
f 578/578/578 574/574/574 577/577/577
f 576/576/576 578/578/578 579/579/579
f 579/579/579 578/578/578 580/580/580
f 581/581/581 577/577/577 564/564/564
f 564/564/564 561/561/561 581/581/581
f 577/577/577 582/582/582 578/578/578
f 577/577/577 581/581/581 582/582/582
f 583/583/583 580/580/580 578/578/578
f 583/583/583 578/578/578 582/582/582
f 580/580/580 583/583/583 584/584/584
f 584/584/584 583/583/583 585/585/585
f 586/586/586 581/581/581 561/561/561
f 561/561/561 558/558/558 586/586/586
f 587/587/587 582/582/582 581/581/581
f 581/581/581 586/586/586 587/587/587
f 582/582/582 588/588/588 583/583/583
f 582/582/582 587/587/587 588/588/588
f 589/589/589 586/586/586 558/558/558
f 558/558/558 557/557/557 589/589/589
f 590/590/590 587/587/587 586/586/586
f 586/586/586 589/589/589 590/590/590
f 591/591/591 588/588/588 587/587/587
f 587/587/587 590/590/590 591/591/591
f 592/592/592 589/589/589 557/557/557
f 557/557/557 554/554/554 592/592/592
f 593/593/593 590/590/590 589/589/589
f 589/589/589 592/592/592 593/593/593
f 594/594/594 591/591/591 590/590/590
f 590/590/590 593/593/593 594/594/594
f 588/588/588 591/591/591 595/595/595
f 588/588/588 595/595/595 583/583/583
f 591/591/591 594/594/594 596/596/596
f 596/596/596 595/595/595 591/591/591
f 597/597/597 583/583/583 595/595/595
f 597/597/597 585/585/585 583/583/583
f 585/585/585 597/597/597 598/598/598
f 595/595/595 599/599/599 597/597/597
f 595/595/595 596/596/596 599/599/599
f 600/600/600 598/598/598 597/597/597
f 600/600/600 597/597/597 599/599/599
f 598/598/598 600/600/600 601/601/601
f 602/602/602 599/599/599 596/596/596
f 600/600/600 603/603/603 601/601/601
f 604/604/604 601/601/601 603/603/603
f 605/605/605 604/604/604 603/603/603
f 599/599/599 606/606/606 600/600/600
f 603/603/603 600/600/600 606/606/606
f 607/607/607 599/599/599 602/602/602
f 599/599/599 607/607/607 606/606/606
f 596/596/596 608/608/608 602/602/602
f 608/608/608 596/596/596 594/594/594
f 602/602/602 609/609/609 607/607/607
f 609/609/609 602/602/602 608/608/608
f 594/594/594 610/610/610 608/608/608
f 610/610/610 594/594/594 593/593/593
f 611/611/611 608/608/608 610/610/610
f 608/608/608 611/611/611 609/609/609
f 593/593/593 612/612/612 610/610/610
f 610/610/610 612/612/612 611/611/611
f 612/612/612 593/593/593 592/592/592
f 613/613/613 609/609/609 611/611/611
f 592/592/592 614/614/614 612/612/612
f 614/614/614 592/592/592 554/554/554
f 615/615/615 611/611/611 612/612/612
f 611/611/611 615/615/615 613/613/613
f 616/616/616 614/614/614 554/554/554
f 554/554/554 550/550/550 616/616/616
f 549/549/549 616/616/616 550/550/550
f 617/617/617 612/612/612 614/614/614
f 612/612/612 617/617/617 615/615/615
f 614/614/614 616/616/616 618/618/618
f 618/618/618 617/617/617 614/614/614
f 616/616/616 549/549/549 619/619/619
f 619/619/619 618/618/618 616/616/616
f 619/619/619 549/549/549 546/546/546
f 617/617/617 618/618/618 620/620/620
f 618/618/618 619/619/619 621/621/621
f 621/621/621 620/620/620 618/618/618
f 546/546/546 622/622/622 619/619/619
f 621/621/621 619/619/619 622/622/622
f 622/622/622 546/546/546 623/623/623
f 536/536/536 623/623/623 546/546/546
f 536/536/536 533/533/533 623/623/623
f 524/524/524 623/623/623 533/533/533
f 623/623/623 524/524/524 624/624/624
f 623/623/623 624/624/624 622/622/622
f 521/521/521 624/624/624 524/524/524
f 624/624/624 521/521/521 523/523/523
f 625/625/625 622/622/622 624/624/624
f 624/624/624 523/523/523 625/625/625
f 622/622/622 625/625/625 621/621/621
f 626/626/626 625/625/625 523/523/523
f 627/627/627 621/621/621 625/625/625
f 625/625/625 626/626/626 627/627/627
f 620/620/620 621/621/621 627/627/627
f 523/523/523 522/522/522 626/626/626
f 627/627/627 628/628/628 620/620/620
f 617/617/617 620/620/620 628/628/628
f 629/629/629 627/627/627 626/626/626
f 628/628/628 627/627/627 629/629/629
f 630/630/630 626/626/626 522/522/522
f 626/626/626 630/630/630 629/629/629
f 630/630/630 522/522/522 631/631/631
f 525/525/525 631/631/631 522/522/522
f 632/632/632 629/629/629 630/630/630
f 630/630/630 631/631/631 632/632/632
f 629/629/629 633/633/633 628/628/628
f 633/633/633 629/629/629 632/632/632
f 628/628/628 634/634/634 617/617/617
f 634/634/634 628/628/628 633/633/633
f 634/634/634 615/615/615 617/617/617
f 632/632/632 635/635/635 633/633/633
f 615/615/615 634/634/634 636/636/636
f 633/633/633 637/637/637 634/634/634
f 637/637/637 633/633/633 635/635/635
f 637/637/637 636/636/636 634/634/634
f 636/636/636 613/613/613 615/615/615
f 635/635/635 638/638/638 637/637/637
f 636/636/636 637/637/637 639/639/639
f 638/638/638 639/639/639 637/637/637
f 613/613/613 636/636/636 640/640/640
f 639/639/639 640/640/640 636/636/636
f 640/640/640 641/641/641 613/613/613
f 609/609/609 613/613/613 641/641/641
f 641/641/641 607/607/607 609/609/609
f 640/640/640 639/639/639 642/642/642
f 607/607/607 641/641/641 643/643/643
f 643/643/643 606/606/606 607/607/607
f 641/641/641 640/640/640 644/644/644
f 644/644/644 643/643/643 641/641/641
f 642/642/642 644/644/644 640/640/640
f 606/606/606 643/643/643 645/645/645
f 606/606/606 645/645/645 603/603/603
f 643/643/643 644/644/644 646/646/646
f 646/646/646 645/645/645 643/643/643
f 644/644/644 642/642/642 647/647/647
f 647/647/647 646/646/646 644/644/644
f 648/648/648 603/603/603 645/645/645
f 603/603/603 648/648/648 605/605/605
f 648/648/648 649/649/649 605/605/605
f 648/648/648 650/650/650 649/649/649
f 645/645/645 651/651/651 648/648/648
f 645/645/645 646/646/646 651/651/651
f 648/648/648 652/652/652 650/650/650
f 652/652/652 648/648/648 651/651/651
f 652/652/652 653/653/653 650/650/650
f 652/652/652 654/654/654 653/653/653
f 652/652/652 655/655/655 654/654/654
f 655/655/655 656/656/656 654/654/654
f 651/651/651 657/657/657 652/652/652
f 655/655/655 652/652/652 657/657/657
f 655/655/655 658/658/658 656/656/656
f 655/655/655 657/657/657 658/658/658
f 658/658/658 659/659/659 656/656/656
f 651/651/651 660/660/660 657/657/657
f 660/660/660 651/651/651 646/646/646
f 658/658/658 661/661/661 659/659/659
f 661/661/661 662/662/662 659/659/659
f 663/663/663 658/658/658 657/657/657
f 658/658/658 663/663/663 661/661/661
f 664/664/664 657/657/657 660/660/660
f 657/657/657 664/664/664 663/663/663
f 646/646/646 665/665/665 660/660/660
f 665/665/665 646/646/646 647/647/647
f 660/660/660 666/666/666 664/664/664
f 666/666/666 660/660/660 665/665/665
f 647/647/647 667/667/667 665/665/665
f 667/667/667 647/647/647 642/642/642
f 665/665/665 668/668/668 666/666/666
f 668/668/668 665/665/665 667/667/667
f 642/642/642 669/669/669 667/667/667
f 669/669/669 642/642/642 639/639/639
f 639/639/639 638/638/638 669/669/669
f 670/670/670 667/667/667 669/669/669
f 667/667/667 670/670/670 668/668/668
f 671/671/671 669/669/669 638/638/638
f 669/669/669 671/671/671 670/670/670
f 671/671/671 638/638/638 672/672/672
f 638/638/638 635/635/635 672/672/672
f 672/672/672 635/635/635 632/632/632
f 673/673/673 670/670/670 671/671/671
f 672/672/672 632/632/632 674/674/674
f 674/674/674 632/632/632 631/631/631
f 671/671/671 672/672/672 675/675/675
f 675/675/675 672/672/672 674/674/674
f 673/673/673 671/671/671 675/675/675
f 674/674/674 631/631/631 676/676/676
f 631/631/631 525/525/525 676/676/676
f 675/675/675 674/674/674 677/677/677
f 677/677/677 674/674/674 676/676/676
f 678/678/678 676/676/676 525/525/525
f 525/525/525 515/515/515 678/678/678
f 676/676/676 679/679/679 677/677/677
f 676/676/676 678/678/678 679/679/679
f 680/680/680 678/678/678 515/515/515
f 680/680/680 515/515/515 512/512/512
f 512/512/512 511/511/511 680/680/680
f 678/678/678 680/680/680 681/681/681
f 681/681/681 679/679/679 678/678/678
f 682/682/682 680/680/680 511/511/511
f 682/682/682 681/681/681 680/680/680
f 511/511/511 683/683/683 682/682/682
f 683/683/683 511/511/511 508/508/508
f 508/508/508 507/507/507 683/683/683
f 681/681/681 682/682/682 684/684/684
f 685/685/685 682/682/682 683/683/683
f 685/685/685 684/684/684 682/682/682
f 686/686/686 683/683/683 507/507/507
f 683/683/683 686/686/686 685/685/685
f 507/507/507 687/687/687 686/686/686
f 687/687/687 507/507/507 504/504/504
f 504/504/504 403/403/403 687/687/687
f 688/688/688 685/685/685 686/686/686
f 689/689/689 687/687/687 403/403/403
f 403/403/403 401/401/401 689/689/689
f 690/690/690 689/689/689 401/401/401
f 691/691/691 686/686/686 687/687/687
f 687/687/687 689/689/689 691/691/691
f 686/686/686 691/691/691 688/688/688
f 689/689/689 690/690/690 692/692/692
f 692/692/692 691/691/691 689/689/689
f 693/693/693 692/692/692 690/690/690
f 693/693/693 694/694/694 692/692/692
f 691/691/691 692/692/692 695/695/695
f 695/695/695 688/688/688 691/691/691
f 696/696/696 692/692/692 694/694/694
f 696/696/696 695/695/695 692/692/692
f 694/694/694 697/697/697 696/696/696
f 698/698/698 696/696/696 697/697/697
f 696/696/696 698/698/698 695/695/695
f 697/697/697 699/699/699 698/698/698
f 700/700/700 695/695/695 698/698/698
f 701/701/701 698/698/698 699/699/699
f 698/698/698 701/701/701 700/700/700
f 700/700/700 702/702/702 695/695/695
f 688/688/688 695/695/695 702/702/702
f 703/703/703 700/700/700 701/701/701
f 700/700/700 703/703/703 702/702/702
f 704/704/704 701/701/701 699/699/699
f 705/705/705 704/704/704 699/699/699
f 703/703/703 701/701/701 706/706/706
f 704/704/704 706/706/706 701/701/701
f 707/707/707 704/704/704 705/705/705
f 708/708/708 707/707/707 705/705/705
f 706/706/706 704/704/704 709/709/709
f 707/707/707 709/709/709 704/704/704
f 710/710/710 707/707/707 708/708/708
f 711/711/711 710/710/710 708/708/708
f 709/709/709 707/707/707 712/712/712
f 710/710/710 712/712/712 707/707/707
f 709/709/709 713/713/713 706/706/706
f 709/709/709 712/712/712 713/713/713
f 714/714/714 710/710/710 711/711/711
f 715/715/715 714/714/714 711/711/711
f 712/712/712 710/710/710 716/716/716
f 714/714/714 716/716/716 710/710/710
f 717/717/717 714/714/714 715/715/715
f 714/714/714 717/717/717 716/716/716
f 718/718/718 717/717/717 715/715/715
f 718/718/718 719/719/719 717/717/717
f 712/712/712 716/716/716 720/720/720
f 720/720/720 713/713/713 712/712/712
f 721/721/721 716/716/716 717/717/717
f 722/722/722 717/717/717 719/719/719
f 717/717/717 722/722/722 721/721/721
f 722/722/722 719/719/719 723/723/723
f 724/724/724 723/723/723 719/719/719
f 725/725/725 721/721/721 722/722/722
f 722/722/722 723/723/723 725/725/725
f 716/716/716 721/721/721 726/726/726
f 726/726/726 720/720/720 716/716/716
f 721/721/721 725/725/725 727/727/727
f 727/727/727 726/726/726 721/721/721
f 728/728/728 725/725/725 723/723/723
f 729/729/729 727/727/727 725/725/725
f 725/725/725 728/728/728 729/729/729
f 723/723/723 724/724/724 730/730/730
f 723/723/723 730/730/730 728/728/728
f 731/731/731 730/730/730 724/724/724
f 727/727/727 729/729/729 732/732/732
f 732/732/732 726/726/726 727/727/727
f 730/730/730 731/731/731 733/733/733
f 731/731/731 734/734/734 733/733/733
f 734/734/734 736/736/736 735/735/735
f 733/733/733 734/734/734 735/735/735
f 733/733/733 735/735/735 737/737/737
f 738/738/738 733/733/733 737/737/737
f 730/730/730 733/733/733 738/738/738
f 738/738/738 737/737/737 662/662/662
f 661/661/661 738/738/738 662/662/662
f 739/739/739 730/730/730 738/738/738
f 739/739/739 728/728/728 730/730/730
f 661/661/661 740/740/740 738/738/738
f 739/739/739 738/738/738 740/740/740
f 740/740/740 661/661/661 663/663/663
f 728/728/728 739/739/739 741/741/741
f 740/740/740 741/741/741 739/739/739
f 741/741/741 729/729/729 728/728/728
f 663/663/663 742/742/742 740/740/740
f 741/741/741 740/740/740 742/742/742
f 742/742/742 663/663/663 664/664/664
f 729/729/729 741/741/741 743/743/743
f 742/742/742 743/743/743 741/741/741
f 743/743/743 732/732/732 729/729/729
f 664/664/664 744/744/744 742/742/742
f 743/743/743 742/742/742 744/744/744
f 744/744/744 664/664/664 666/666/666
f 732/732/732 743/743/743 745/745/745
f 744/744/744 745/745/745 743/743/743
f 666/666/666 746/746/746 744/744/744
f 745/745/745 744/744/744 746/746/746
f 746/746/746 666/666/666 668/668/668
f 745/745/745 747/747/747 732/732/732
f 726/726/726 732/732/732 747/747/747
f 668/668/668 748/748/748 746/746/746
f 748/748/748 668/668/668 670/670/670
f 670/670/670 673/673/673 748/748/748
f 749/749/749 746/746/746 748/748/748
f 748/748/748 673/673/673 749/749/749
f 746/746/746 750/750/750 745/745/745
f 750/750/750 746/746/746 749/749/749
f 747/747/747 745/745/745 750/750/750
f 751/751/751 749/749/749 673/673/673
f 749/749/749 751/751/751 750/750/750
f 673/673/673 675/675/675 751/751/751
f 750/750/750 752/752/752 747/747/747
f 752/752/752 750/750/750 751/751/751
f 753/753/753 751/751/751 675/675/675
f 751/751/751 753/753/753 752/752/752
f 753/753/753 675/675/675 677/677/677
f 754/754/754 747/747/747 752/752/752
f 747/747/747 754/754/754 726/726/726
f 720/720/720 726/726/726 754/754/754
f 755/755/755 752/752/752 753/753/753
f 752/752/752 755/755/755 754/754/754
f 677/677/677 756/756/756 753/753/753
f 755/755/755 753/753/753 756/756/756
f 756/756/756 677/677/677 679/679/679
f 754/754/754 757/757/757 720/720/720
f 757/757/757 754/754/754 755/755/755
f 713/713/713 720/720/720 757/757/757
f 756/756/756 758/758/758 755/755/755
f 757/757/757 755/755/755 758/758/758
f 679/679/679 759/759/759 756/756/756
f 758/758/758 756/756/756 759/759/759
f 679/679/679 681/681/681 759/759/759
f 684/684/684 759/759/759 681/681/681
f 758/758/758 760/760/760 757/757/757
f 713/713/713 757/757/757 760/760/760
f 759/759/759 761/761/761 758/758/758
f 760/760/760 758/758/758 761/761/761
f 759/759/759 684/684/684 761/761/761
f 760/760/760 762/762/762 713/713/713
f 762/762/762 706/706/706 713/713/713
f 706/706/706 762/762/762 703/703/703
f 762/762/762 760/760/760 763/763/763
f 763/763/763 703/703/703 762/762/762
f 761/761/761 763/763/763 760/760/760
f 763/763/763 702/702/702 703/703/703
f 764/764/764 761/761/761 684/684/684
f 761/761/761 764/764/764 763/763/763
f 702/702/702 763/763/763 764/764/764
f 764/764/764 684/684/684 685/685/685
f 702/702/702 764/764/764 688/688/688
f 685/685/685 688/688/688 764/764/764
f 767/767/767 766/766/766 765/765/765
f 765/765/765 768/768/768 767/767/767
f 767/767/767 769/769/769 766/766/766
f 770/770/770 767/767/767 768/768/768
f 768/768/768 771/771/771 770/770/770
f 771/771/771 772/772/772 770/770/770
f 769/769/769 767/767/767 773/773/773
f 769/769/769 773/773/773 774/774/774
f 775/775/775 770/770/770 772/772/772
f 772/772/772 776/776/776 775/775/775
f 773/773/773 777/777/777 774/774/774
f 778/778/778 774/774/774 777/777/777
f 779/779/779 778/778/778 777/777/777
f 780/780/780 775/775/775 776/776/776
f 781/781/781 780/780/780 776/776/776
f 782/782/782 779/779/779 777/777/777
f 782/782/782 783/783/783 779/779/779
f 780/780/780 781/781/781 784/784/784
f 785/785/785 784/784/784 781/781/781
f 785/785/785 786/786/786 784/784/784
f 782/782/782 787/787/787 783/783/783
f 788/788/788 783/783/783 787/787/787
f 789/789/789 784/784/784 786/786/786
f 789/789/789 786/786/786 790/790/790
f 787/787/787 791/791/791 788/788/788
f 792/792/792 788/788/788 791/791/791
f 793/793/793 792/792/792 791/791/791
f 794/794/794 787/787/787 782/782/782
f 794/794/794 782/782/782 777/777/777
f 791/791/791 795/795/795 793/793/793
f 796/796/796 793/793/793 795/795/795
f 791/791/791 787/787/787 797/797/797
f 795/795/795 791/791/791 797/797/797
f 794/794/794 797/797/797 787/787/787
f 795/795/795 798/798/798 796/796/796
f 798/798/798 795/795/795 797/797/797
f 799/799/799 796/796/796 798/798/798
f 798/798/798 790/790/790 799/799/799
f 798/798/798 789/789/789 790/790/790
f 800/800/800 789/789/789 798/798/798
f 797/797/797 800/800/800 798/798/798
f 800/800/800 801/801/801 789/789/789
f 784/784/784 789/789/789 801/801/801
f 780/780/780 784/784/784 801/801/801
f 800/800/800 797/797/797 802/802/802
f 802/802/802 801/801/801 800/800/800
f 802/802/802 797/797/797 803/803/803
f 797/797/797 794/794/794 803/803/803
f 802/802/802 804/804/804 801/801/801
f 802/802/802 803/803/803 804/804/804
f 801/801/801 805/805/805 780/780/780
f 805/805/805 801/801/801 804/804/804
f 775/775/775 780/780/780 805/805/805
f 775/775/775 805/805/805 770/770/770
f 806/806/806 770/770/770 805/805/805
f 805/805/805 804/804/804 806/806/806
f 806/806/806 767/767/767 770/770/770
f 804/804/804 803/803/803 807/807/807
f 807/807/807 806/806/806 804/804/804
f 806/806/806 808/808/808 767/767/767
f 808/808/808 806/806/806 807/807/807
f 773/773/773 767/767/767 808/808/808
f 807/807/807 803/803/803 809/809/809
f 807/807/807 809/809/809 808/808/808
f 808/808/808 809/809/809 773/773/773
f 809/809/809 803/803/803 794/794/794
f 773/773/773 809/809/809 777/777/777
f 794/794/794 777/777/777 809/809/809
f 812/812/812 811/811/811 810/810/810
f 812/812/812 813/813/813 811/811/811
f 814/814/814 810/810/810 811/811/811
f 810/810/810 814/814/814 815/815/815
f 816/816/816 811/811/811 813/813/813
f 816/816/816 813/813/813 817/817/817
f 811/811/811 818/818/818 814/814/814
f 818/818/818 811/811/811 816/816/816
f 819/819/819 815/815/815 814/814/814
f 815/815/815 819/819/819 820/820/820
f 821/821/821 816/816/816 817/817/817
f 821/821/821 817/817/817 822/822/822
f 823/823/823 816/816/816 821/821/821
f 823/823/823 818/818/818 816/816/816
f 824/824/824 821/821/821 822/822/822
f 825/825/825 814/814/814 818/818/818
f 814/814/814 825/825/825 819/819/819
f 826/826/826 818/818/818 823/823/823
f 818/818/818 826/826/826 825/825/825
f 827/827/827 823/823/823 821/821/821
f 827/827/827 821/821/821 824/824/824
f 828/828/828 826/826/826 823/823/823
f 828/828/828 823/823/823 827/827/827
f 829/829/829 825/825/825 826/826/826
f 830/830/830 826/826/826 828/828/828
f 826/826/826 830/830/830 829/829/829
f 831/831/831 828/828/828 827/827/827
f 832/832/832 830/830/830 828/828/828
f 832/832/832 828/828/828 831/831/831
f 830/830/830 833/833/833 829/829/829
f 833/833/833 830/830/830 832/832/832
f 831/831/831 827/827/827 834/834/834
f 834/834/834 827/827/827 824/824/824
f 831/831/831 835/835/835 832/832/832
f 836/836/836 831/831/831 834/834/834
f 831/831/831 836/836/836 835/835/835
f 834/834/834 824/824/824 837/837/837
f 836/836/836 834/834/834 838/838/838
f 837/837/837 838/838/838 834/834/834
f 836/836/836 839/839/839 835/835/835
f 838/838/838 839/839/839 836/836/836
f 840/840/840 832/832/832 835/835/835
f 832/832/832 840/840/840 833/833/833
f 841/841/841 835/835/835 839/839/839
f 835/835/835 842/842/842 840/840/840
f 842/842/842 835/835/835 841/841/841
f 843/843/843 833/833/833 840/840/840
f 840/840/840 842/842/842 843/843/843
f 839/839/839 844/844/844 841/841/841
f 839/839/839 838/838/838 844/844/844
f 841/841/841 845/845/845 842/842/842
f 845/845/845 841/841/841 844/844/844
f 842/842/842 846/846/846 843/843/843
f 847/847/847 844/844/844 838/838/838
f 838/838/838 837/837/837 847/847/847
f 846/846/846 842/842/842 848/848/848
f 842/842/842 845/845/845 848/848/848
f 849/849/849 847/847/847 837/837/837
f 845/845/845 850/850/850 848/848/848
f 837/837/837 851/851/851 849/849/849
f 851/851/851 837/837/837 824/824/824
f 824/824/824 822/822/822 851/851/851
f 852/852/852 851/851/851 822/822/822
f 851/851/851 852/852/852 853/853/853
f 853/853/853 849/849/849 851/851/851
f 854/854/854 853/853/853 852/852/852
f 847/847/847 849/849/849 855/855/855
f 847/847/847 855/855/855 844/844/844
f 849/849/849 853/853/853 856/856/856
f 856/856/856 855/855/855 849/849/849
f 853/853/853 854/854/854 857/857/857
f 857/857/857 856/856/856 853/853/853
f 858/858/858 857/857/857 854/854/854
f 857/857/857 858/858/858 859/859/859
f 860/860/860 859/859/859 858/858/858
f 860/860/860 861/861/861 859/859/859
f 856/856/856 857/857/857 862/862/862
f 859/859/859 862/862/862 857/857/857
f 863/863/863 859/859/859 861/861/861
f 859/859/859 863/863/863 862/862/862
f 861/861/861 864/864/864 863/863/863
f 862/862/862 865/865/865 856/856/856
f 855/855/855 856/856/856 865/865/865
f 863/863/863 866/866/866 862/862/862
f 862/862/862 866/866/866 865/865/865
f 867/867/867 863/863/863 864/864/864
f 863/863/863 867/867/867 866/866/866
f 864/864/864 868/868/868 867/867/867
f 869/869/869 866/866/866 867/867/867
f 870/870/870 867/867/867 868/868/868
f 869/869/869 867/867/867 870/870/870
f 869/869/869 871/871/871 866/866/866
f 866/866/866 871/871/871 865/865/865
f 870/870/870 868/868/868 872/872/872
f 873/873/873 872/872/872 868/868/868
f 874/874/874 869/869/869 870/870/870
f 872/872/872 873/873/873 875/875/875
f 876/876/876 875/875/875 873/873/873
f 872/872/872 877/877/877 870/870/870
f 874/874/874 870/870/870 877/877/877
f 875/875/875 878/878/878 872/872/872
f 877/877/877 872/872/872 878/878/878
f 875/875/875 876/876/876 879/879/879
f 880/880/880 879/879/879 876/876/876
f 879/879/879 880/880/880 881/881/881
f 879/879/879 882/882/882 875/875/875
f 878/878/878 875/875/875 882/882/882
f 883/883/883 879/879/879 881/881/881
f 882/882/882 879/879/879 883/883/883
f 883/883/883 881/881/881 884/884/884
f 882/882/882 885/885/885 878/878/878
f 886/886/886 883/883/883 884/884/884
f 886/886/886 884/884/884 887/887/887
f 888/888/888 882/882/882 883/883/883
f 888/888/888 883/883/883 886/886/886
f 885/885/885 882/882/882 888/888/888
f 889/889/889 886/886/886 887/887/887
f 889/889/889 887/887/887 820/820/820
f 886/886/886 890/890/890 888/888/888
f 890/890/890 886/886/886 889/889/889
f 820/820/820 891/891/891 889/889/889
f 891/891/891 820/820/820 819/819/819
f 892/892/892 889/889/889 891/891/891
f 889/889/889 892/892/892 890/890/890
f 893/893/893 891/891/891 819/819/819
f 891/891/891 893/893/893 892/892/892
f 888/888/888 890/890/890 894/894/894
f 894/894/894 885/885/885 888/888/888
f 895/895/895 890/890/890 892/892/892
f 895/895/895 894/894/894 890/890/890
f 896/896/896 892/892/892 893/893/893
f 892/892/892 896/896/896 895/895/895
f 819/819/819 897/897/897 893/893/893
f 897/897/897 819/819/819 825/825/825
f 825/825/825 829/829/829 897/897/897
f 898/898/898 893/893/893 897/897/897
f 898/898/898 896/896/896 893/893/893
f 899/899/899 897/897/897 829/829/829
f 897/897/897 899/899/899 898/898/898
f 900/900/900 899/899/899 829/829/829
f 829/829/829 833/833/833 900/900/900
f 901/901/901 898/898/898 899/899/899
f 899/899/899 900/900/900 901/901/901
f 902/902/902 896/896/896 898/898/898
f 902/902/902 898/898/898 901/901/901
f 902/902/902 903/903/903 896/896/896
f 895/895/895 896/896/896 903/903/903
f 902/902/902 901/901/901 904/904/904
f 904/904/904 903/903/903 902/902/902
f 904/904/904 901/901/901 900/900/900
f 903/903/903 905/905/905 895/895/895
f 894/894/894 895/895/895 905/905/905
f 905/905/905 903/903/903 906/906/906
f 903/903/903 904/904/904 906/906/906
f 905/905/905 907/907/907 894/894/894
f 906/906/906 907/907/907 905/905/905
f 907/907/907 885/885/885 894/894/894
f 908/908/908 906/906/906 904/904/904
f 906/906/906 908/908/908 907/907/907
f 909/909/909 904/904/904 900/900/900
f 833/833/833 909/909/909 900/900/900
f 833/833/833 843/843/843 909/909/909
f 909/909/909 843/843/843 846/846/846
f 904/904/904 909/909/909 910/910/910
f 904/904/904 910/910/910 908/908/908
f 911/911/911 909/909/909 846/846/846
f 909/909/909 911/911/911 910/910/910
f 912/912/912 911/911/911 846/846/846
f 912/912/912 846/846/846 848/848/848
f 910/910/910 911/911/911 913/913/913
f 913/913/913 908/908/908 910/910/910
f 912/912/912 913/913/913 911/911/911
f 848/848/848 850/850/850 912/912/912
f 913/913/913 914/914/914 908/908/908
f 908/908/908 914/914/914 907/907/907
f 913/913/913 912/912/912 915/915/915
f 915/915/915 912/912/912 850/850/850
f 913/913/913 916/916/916 914/914/914
f 916/916/916 913/913/913 915/915/915
f 914/914/914 917/917/917 907/907/907
f 850/850/850 918/918/918 915/915/915
f 917/917/917 919/919/919 907/907/907
f 885/885/885 907/907/907 919/919/919
f 919/919/919 878/878/878 885/885/885
f 878/878/878 919/919/919 877/877/877
f 920/920/920 877/877/877 919/919/919
f 919/919/919 917/917/917 920/920/920
f 877/877/877 920/920/920 874/874/874
f 917/917/917 914/914/914 921/921/921
f 921/921/921 920/920/920 917/917/917
f 916/916/916 921/921/921 914/914/914
f 920/920/920 921/921/921 922/922/922
f 921/921/921 916/916/916 922/922/922
f 922/922/922 874/874/874 920/920/920
f 916/916/916 915/915/915 923/923/923
f 922/922/922 916/916/916 923/923/923
f 923/923/923 915/915/915 918/918/918
f 874/874/874 922/922/922 924/924/924
f 923/923/923 924/924/924 922/922/922
f 924/924/924 869/869/869 874/874/874
f 869/869/869 924/924/924 871/871/871
f 924/924/924 923/923/923 925/925/925
f 924/924/924 925/925/925 871/871/871
f 918/918/918 925/925/925 923/923/923
f 871/871/871 925/925/925 865/865/865
f 925/925/925 918/918/918 926/926/926
f 926/926/926 865/865/865 925/925/925
f 927/927/927 926/926/926 918/918/918
f 918/918/918 850/850/850 927/927/927
f 845/845/845 927/927/927 850/850/850
f 844/844/844 927/927/927 845/845/845
f 865/865/865 926/926/926 928/928/928
f 928/928/928 926/926/926 927/927/927
f 844/844/844 928/928/928 927/927/927
f 855/855/855 865/865/865 928/928/928
f 855/855/855 928/928/928 844/844/844
f 931/931/931 930/930/930 929/929/929
f 931/931/931 929/929/929 932/932/932
f 930/930/930 933/933/933 929/929/929
f 930/930/930 934/934/934 933/933/933
f 935/935/935 932/932/932 929/929/929
f 932/932/932 935/935/935 936/936/936
f 936/936/936 935/935/935 937/937/937
f 938/938/938 929/929/929 933/933/933
f 938/938/938 935/935/935 929/929/929
f 939/939/939 933/933/933 934/934/934
f 934/934/934 940/940/940 939/939/939
f 941/941/941 937/937/937 935/935/935
f 937/937/937 941/941/941 942/942/942
f 939/939/939 940/940/940 943/943/943
f 944/944/944 943/943/943 940/940/940
f 945/945/945 942/942/942 941/941/941
f 946/946/946 942/942/942 945/945/945
f 935/935/935 947/947/947 941/941/941
f 941/941/941 947/947/947 945/945/945
f 947/947/947 935/935/935 938/938/938
f 945/945/945 948/948/948 946/946/946
f 949/949/949 946/946/946 948/948/948
f 948/948/948 950/950/950 949/949/949
f 951/951/951 945/945/945 947/947/947
f 945/945/945 951/951/951 948/948/948
f 952/952/952 947/947/947 938/938/938
f 952/952/952 951/951/951 947/947/947
f 938/938/938 953/953/953 952/952/952
f 933/933/933 953/953/953 938/938/938
f 939/939/939 953/953/953 933/933/933
f 952/952/952 954/954/954 951/951/951
f 954/954/954 952/952/952 953/953/953
f 953/953/953 939/939/939 955/955/955
f 939/939/939 943/943/943 955/955/955
f 954/954/954 953/953/953 956/956/956
f 955/955/955 956/956/956 953/953/953
f 954/954/954 957/957/957 951/951/951
f 956/956/956 957/957/957 954/954/954
f 955/955/955 943/943/943 958/958/958
f 943/943/943 944/944/944 958/958/958
f 959/959/959 958/958/958 944/944/944
f 958/958/958 959/959/959 960/960/960
f 961/961/961 956/956/956 955/955/955
f 955/955/955 958/958/958 961/961/961
f 960/960/960 962/962/962 958/958/958
f 961/961/961 958/958/958 962/962/962
f 963/963/963 962/962/962 960/960/960
f 956/956/956 961/961/961 964/964/964
f 956/956/956 964/964/964 957/957/957
f 961/961/961 962/962/962 965/965/965
f 965/965/965 964/964/964 961/961/961
f 962/962/962 963/963/963 966/966/966
f 966/966/966 965/965/965 962/962/962
f 967/967/967 966/966/966 963/963/963
f 967/967/967 968/968/968 966/966/966
f 969/969/969 964/964/964 965/965/965
f 964/964/964 969/969/969 957/957/957
f 965/965/965 966/966/966 970/970/970
f 970/970/970 969/969/969 965/965/965
f 971/971/971 966/966/966 968/968/968
f 971/971/971 970/970/970 966/966/966
f 968/968/968 972/972/972 971/971/971
f 970/970/970 971/971/971 973/973/973
f 971/971/971 972/972/972 973/973/973
f 969/969/969 970/970/970 973/973/973
f 974/974/974 973/973/973 972/972/972
f 957/957/957 969/969/969 975/975/975
f 951/951/951 957/957/957 975/975/975
f 975/975/975 948/948/948 951/951/951
f 969/969/969 976/976/976 975/975/975
f 975/975/975 976/976/976 948/948/948
f 969/969/969 973/973/973 976/976/976
f 977/977/977 948/948/948 976/976/976
f 977/977/977 976/976/976 973/973/973
f 973/973/973 974/974/974 977/977/977
f 948/948/948 977/977/977 950/950/950
f 978/978/978 977/977/977 974/974/974
f 977/977/977 978/978/978 950/950/950
f 981/981/981 980/980/980 979/979/979
f 979/979/979 982/982/982 981/981/981
f 983/983/983 979/979/979 980/980/980
f 980/980/980 984/984/984 983/983/983
f 985/985/985 982/982/982 979/979/979
f 985/985/985 986/986/986 982/982/982
f 979/979/979 983/983/983 987/987/987
f 987/987/987 985/985/985 979/979/979
f 986/986/986 985/985/985 988/988/988
f 989/989/989 986/986/986 988/988/988
f 985/985/985 987/987/987 990/990/990
f 990/990/990 988/988/988 985/985/985
f 991/991/991 987/987/987 983/983/983
f 989/989/989 988/988/988 992/992/992
f 983/983/983 993/993/993 991/991/991
f 993/993/993 983/983/983 984/984/984
f 994/994/994 992/992/992 988/988/988
f 988/988/988 990/990/990 994/994/994
f 992/992/992 995/995/995 989/989/989
f 996/996/996 989/989/989 995/995/995
f 997/997/997 994/994/994 990/990/990
f 995/995/995 998/998/998 996/996/996
f 999/999/999 996/996/996 998/998/998
f 1000/1000/1000 990/990/990 987/987/987
f 990/990/990 1000/1000/1000 997/997/997
f 987/987/987 991/991/991 1000/1000/1000
f 998/998/998 1001/1001/1001 999/999/999
f 1002/1002/1002 999/999/999 1001/1001/1001
f 1003/1003/1003 1000/1000/1000 991/991/991
f 1001/1001/1001 1004/1004/1004 1002/1002/1002
f 1005/1005/1005 1002/1002/1002 1004/1004/1004
f 1005/1005/1005 1004/1004/1004 1006/1006/1006
f 991/991/991 1007/1007/1007 1003/1003/1003
f 1007/1007/1007 991/991/991 993/993/993
f 1008/1008/1008 1006/1006/1006 1004/1004/1004
f 1008/1008/1008 1009/1009/1009 1006/1006/1006
f 1004/1004/1004 1001/1001/1001 1010/1010/1010
f 1004/1004/1004 1010/1010/1010 1008/1008/1008
f 1011/1011/1011 1009/1009/1009 1008/1008/1008
f 1011/1011/1011 1012/1012/1012 1009/1009/1009
f 1013/1013/1013 1008/1008/1008 1010/1010/1010
f 1013/1013/1013 1011/1011/1011 1008/1008/1008
f 1014/1014/1014 1010/1010/1010 1001/1001/1001
f 1001/1001/1001 998/998/998 1014/1014/1014
f 1010/1010/1010 1015/1015/1015 1013/1013/1013
f 1010/1010/1010 1014/1014/1014 1015/1015/1015
f 1016/1016/1016 1014/1014/1014 998/998/998
f 998/998/998 995/995/995 1016/1016/1016
f 1017/1017/1017 1015/1015/1015 1014/1014/1014
f 1014/1014/1014 1016/1016/1016 1017/1017/1017
f 1018/1018/1018 1016/1016/1016 995/995/995
f 995/995/995 992/992/992 1018/1018/1018
f 1019/1019/1019 1017/1017/1017 1016/1016/1016
f 1016/1016/1016 1018/1018/1018 1019/1019/1019
f 1020/1020/1020 1018/1018/1018 992/992/992
f 992/992/992 994/994/994 1020/1020/1020
f 1021/1021/1021 1019/1019/1019 1018/1018/1018
f 1018/1018/1018 1020/1020/1020 1021/1021/1021
f 1022/1022/1022 1020/1020/1020 994/994/994
f 994/994/994 997/997/997 1022/1022/1022
f 1021/1021/1021 1020/1020/1020 1023/1023/1023
f 1024/1024/1024 1022/1022/1022 997/997/997
f 997/997/997 1000/1000/1000 1024/1024/1024
f 1020/1020/1020 1022/1022/1022 1025/1025/1025
f 1025/1025/1025 1023/1023/1023 1020/1020/1020
f 1022/1022/1022 1024/1024/1024 1026/1026/1026
f 1026/1026/1026 1025/1025/1025 1022/1022/1022
f 1024/1024/1024 1000/1000/1000 1027/1027/1027
f 1028/1028/1028 1025/1025/1025 1026/1026/1026
f 1000/1000/1000 1029/1029/1029 1027/1027/1027
f 1029/1029/1029 1000/1000/1000 1003/1003/1003
f 1024/1024/1024 1027/1027/1027 1030/1030/1030
f 1030/1030/1030 1026/1026/1026 1024/1024/1024
f 1031/1031/1031 1027/1027/1027 1029/1029/1029
f 1027/1027/1027 1031/1031/1031 1030/1030/1030
f 1003/1003/1003 1032/1032/1032 1029/1029/1029
f 1029/1029/1029 1032/1032/1032 1031/1031/1031
f 1032/1032/1032 1003/1003/1003 1007/1007/1007
f 1026/1026/1026 1030/1030/1030 1033/1033/1033
f 1033/1033/1033 1028/1028/1028 1026/1026/1026
f 1033/1033/1033 1030/1030/1030 1034/1034/1034
f 1028/1028/1028 1033/1033/1033 1035/1035/1035
f 1034/1034/1034 1035/1035/1035 1033/1033/1033
f 1028/1028/1028 1036/1036/1036 1025/1025/1025
f 1035/1035/1035 1036/1036/1036 1028/1028/1028
f 1023/1023/1023 1025/1025/1025 1036/1036/1036
f 1036/1036/1036 1037/1037/1037 1023/1023/1023
f 1023/1023/1023 1037/1037/1037 1021/1021/1021
f 1019/1019/1019 1021/1021/1021 1037/1037/1037
f 1038/1038/1038 1037/1037/1037 1036/1036/1036
f 1036/1036/1036 1035/1035/1035 1038/1038/1038
f 1037/1037/1037 1039/1039/1039 1019/1019/1019
f 1037/1037/1037 1038/1038/1038 1039/1039/1039
f 1017/1017/1017 1019/1019/1019 1039/1039/1039
f 1040/1040/1040 1038/1038/1038 1035/1035/1035
f 1039/1039/1039 1041/1041/1041 1017/1017/1017
f 1015/1015/1015 1017/1017/1017 1041/1041/1041
f 1042/1042/1042 1039/1039/1039 1038/1038/1038
f 1038/1038/1038 1040/1040/1040 1042/1042/1042
f 1043/1043/1043 1041/1041/1041 1039/1039/1039
f 1039/1039/1039 1042/1042/1042 1043/1043/1043
f 1015/1015/1015 1041/1041/1041 1044/1044/1044
f 1044/1044/1044 1013/1013/1013 1015/1015/1015
f 1043/1043/1043 1045/1045/1045 1041/1041/1041
f 1044/1044/1044 1046/1046/1046 1013/1013/1013
f 1046/1046/1046 1011/1011/1011 1013/1013/1013
f 1047/1047/1047 1044/1044/1044 1041/1041/1041
f 1047/1047/1047 1041/1041/1041 1045/1045/1045
f 1044/1044/1044 1047/1047/1047 1048/1048/1048
f 1046/1046/1046 1044/1044/1044 1048/1048/1048
f 1047/1047/1047 1045/1045/1045 1049/1049/1049
f 1047/1047/1047 1049/1049/1049 1048/1048/1048
f 1045/1045/1045 1043/1043/1043 1050/1050/1050
f 1042/1042/1042 1050/1050/1050 1043/1043/1043
f 1049/1049/1049 1045/1045/1045 1051/1051/1051
f 1050/1050/1050 1051/1051/1051 1045/1045/1045
f 1050/1050/1050 1042/1042/1042 1052/1052/1052
f 1052/1052/1052 1042/1042/1042 1040/1040/1040
f 1051/1051/1051 1050/1050/1050 1053/1053/1053
f 1052/1052/1052 1053/1053/1053 1050/1050/1050
f 1040/1040/1040 1054/1054/1054 1052/1052/1052
f 1040/1040/1040 1035/1035/1035 1054/1054/1054
f 1035/1035/1035 1034/1034/1034 1054/1054/1054
f 1053/1053/1053 1052/1052/1052 1055/1055/1055
f 1054/1054/1054 1055/1055/1055 1052/1052/1052
f 1056/1056/1056 1054/1054/1054 1034/1034/1034
f 1055/1055/1055 1054/1054/1054 1057/1057/1057
f 1057/1057/1057 1054/1054/1054 1056/1056/1056
f 1053/1053/1053 1055/1055/1055 1058/1058/1058
f 1055/1055/1055 1057/1057/1057 1058/1058/1058
f 1056/1056/1056 1034/1034/1034 1059/1059/1059
f 1059/1059/1059 1034/1034/1034 1030/1030/1030
f 1030/1030/1030 1031/1031/1031 1059/1059/1059
f 1057/1057/1057 1056/1056/1056 1060/1060/1060
f 1060/1060/1060 1056/1056/1056 1059/1059/1059
f 1061/1061/1061 1059/1059/1059 1031/1031/1031
f 1061/1061/1061 1060/1060/1060 1059/1059/1059
f 1060/1060/1060 1062/1062/1062 1057/1057/1057
f 1062/1062/1062 1058/1058/1058 1057/1057/1057
f 1061/1061/1061 1031/1031/1031 1063/1063/1063
f 1063/1063/1063 1031/1031/1031 1032/1032/1032
f 1060/1060/1060 1061/1061/1061 1064/1064/1064
f 1064/1064/1064 1062/1062/1062 1060/1060/1060
f 1063/1063/1063 1065/1065/1065 1061/1061/1061
f 1061/1061/1061 1065/1065/1065 1064/1064/1064
f 1032/1032/1032 1066/1066/1066 1063/1063/1063
f 1065/1065/1065 1063/1063/1063 1066/1066/1066
f 1066/1066/1066 1032/1032/1032 1067/1067/1067
f 1007/1007/1007 1067/1067/1067 1032/1032/1032
f 1065/1065/1065 1066/1066/1066 1068/1068/1068
f 1068/1068/1068 1064/1064/1064 1065/1065/1065
f 1068/1068/1068 1066/1066/1066 1069/1069/1069
f 1067/1067/1067 1069/1069/1069 1066/1066/1066
f 1064/1064/1064 1068/1068/1068 1070/1070/1070
f 1068/1068/1068 1069/1069/1069 1070/1070/1070
f 1067/1067/1067 1007/1007/1007 1071/1071/1071
f 993/993/993 1071/1071/1071 1007/1007/1007
f 1067/1067/1067 1072/1072/1072 1069/1069/1069
f 1071/1071/1071 1072/1072/1072 1067/1067/1067
f 1071/1071/1071 993/993/993 1073/1073/1073
f 1073/1073/1073 1072/1072/1072 1071/1071/1071
f 984/984/984 1073/1073/1073 993/993/993
f 984/984/984 1074/1074/1074 1073/1073/1073
f 1074/1074/1074 1075/1075/1075 1073/1073/1073
f 1076/1076/1076 1073/1073/1073 1075/1075/1075
f 1073/1073/1073 1076/1076/1076 1072/1072/1072
f 1075/1075/1075 1077/1077/1077 1076/1076/1076
f 1069/1069/1069 1072/1072/1072 1078/1078/1078
f 1070/1070/1070 1069/1069/1069 1078/1078/1078
f 1076/1076/1076 1079/1079/1079 1072/1072/1072
f 1078/1078/1078 1072/1072/1072 1079/1079/1079
f 1080/1080/1080 1076/1076/1076 1077/1077/1077
f 1076/1076/1076 1080/1080/1080 1079/1079/1079
f 1077/1077/1077 1081/1081/1081 1080/1080/1080
f 1081/1081/1081 1077/1077/1077 1082/1082/1082
f 1080/1080/1080 1083/1083/1083 1079/1079/1079
f 1083/1083/1083 1080/1080/1080 1081/1081/1081
f 1078/1078/1078 1079/1079/1079 1084/1084/1084
f 1084/1084/1084 1079/1079/1079 1083/1083/1083
f 1081/1081/1081 1082/1082/1082 1085/1085/1085
f 1085/1085/1085 1082/1082/1082 1086/1086/1086
f 1086/1086/1086 1087/1087/1087 1085/1085/1085
f 1081/1081/1081 1088/1088/1088 1083/1083/1083
f 1088/1088/1088 1081/1081/1081 1085/1085/1085
f 1089/1089/1089 1085/1085/1085 1087/1087/1087
f 1085/1085/1085 1089/1089/1089 1088/1088/1088
f 1087/1087/1087 1090/1090/1090 1089/1089/1089
f 1091/1091/1091 1083/1083/1083 1088/1088/1088
f 1084/1084/1084 1083/1083/1083 1091/1091/1091
f 1092/1092/1092 1088/1088/1088 1089/1089/1089
f 1088/1088/1088 1092/1092/1092 1091/1091/1091
f 1093/1093/1093 1089/1089/1089 1090/1090/1090
f 1089/1089/1089 1093/1093/1093 1092/1092/1092
f 1090/1090/1090 1012/1012/1012 1093/1093/1093
f 1094/1094/1094 1093/1093/1093 1012/1012/1012
f 1094/1094/1094 1012/1012/1012 1011/1011/1011
f 1046/1046/1046 1094/1094/1094 1011/1011/1011
f 1093/1093/1093 1094/1094/1094 1095/1095/1095
f 1095/1095/1095 1092/1092/1092 1093/1093/1093
f 1094/1094/1094 1046/1046/1046 1096/1096/1096
f 1096/1096/1096 1095/1095/1095 1094/1094/1094
f 1048/1048/1048 1096/1096/1096 1046/1046/1046
f 1097/1097/1097 1092/1092/1092 1095/1095/1095
f 1095/1095/1095 1096/1096/1096 1097/1097/1097
f 1096/1096/1096 1048/1048/1048 1098/1098/1098
f 1098/1098/1098 1097/1097/1097 1096/1096/1096
f 1049/1049/1049 1098/1098/1098 1048/1048/1048
f 1092/1092/1092 1097/1097/1097 1099/1099/1099
f 1099/1099/1099 1091/1091/1091 1092/1092/1092
f 1097/1097/1097 1098/1098/1098 1100/1100/1100
f 1100/1100/1100 1099/1099/1099 1097/1097/1097
f 1098/1098/1098 1049/1049/1049 1101/1101/1101
f 1101/1101/1101 1100/1100/1100 1098/1098/1098
f 1101/1101/1101 1049/1049/1049 1051/1051/1051
f 1101/1101/1101 1051/1051/1051 1102/1102/1102
f 1100/1100/1100 1101/1101/1101 1102/1102/1102
f 1102/1102/1102 1051/1051/1051 1053/1053/1053
f 1053/1053/1053 1058/1058/1058 1102/1102/1102
f 1102/1102/1102 1103/1103/1103 1100/1100/1100
f 1099/1099/1099 1100/1100/1100 1103/1103/1103
f 1104/1104/1104 1102/1102/1102 1058/1058/1058
f 1103/1103/1103 1102/1102/1102 1104/1104/1104
f 1103/1103/1103 1105/1105/1105 1099/1099/1099
f 1104/1104/1104 1105/1105/1105 1103/1103/1103
f 1091/1091/1091 1099/1099/1099 1105/1105/1105
f 1105/1105/1105 1084/1084/1084 1091/1091/1091
f 1106/1106/1106 1104/1104/1104 1058/1058/1058
f 1105/1105/1105 1104/1104/1104 1106/1106/1106
f 1058/1058/1058 1062/1062/1062 1106/1106/1106
f 1064/1064/1064 1106/1106/1106 1062/1062/1062
f 1106/1106/1106 1064/1064/1064 1107/1107/1107
f 1107/1107/1107 1105/1105/1105 1106/1106/1106
f 1070/1070/1070 1107/1107/1107 1064/1064/1064
f 1107/1107/1107 1108/1108/1108 1105/1105/1105
f 1107/1107/1107 1070/1070/1070 1108/1108/1108
f 1108/1108/1108 1084/1084/1084 1105/1105/1105
f 1070/1070/1070 1078/1078/1078 1108/1108/1108
f 1108/1108/1108 1078/1078/1078 1084/1084/1084
f 1111/1111/1111 1110/1110/1110 1109/1109/1109
f 1111/1111/1111 1109/1109/1109 1112/1112/1112
f 1113/1113/1113 1111/1111/1111 1112/1112/1112
f 1114/1114/1114 1113/1113/1113 1112/1112/1112
f 1115/1115/1115 1114/1114/1114 1112/1112/1112
f 1112/1112/1112 1109/1109/1109 1116/1116/1116
f 1117/1117/1117 1115/1115/1115 1112/1112/1112
f 1112/1112/1112 1116/1116/1116 1118/1118/1118
f 1118/1118/1118 1116/1116/1116 1119/1119/1119
f 1117/1117/1117 1112/1112/1112 1120/1120/1120
f 1121/1121/1121 1117/1117/1117 1120/1120/1120
f 1122/1122/1122 1121/1121/1121 1120/1120/1120
f 1123/1123/1123 1122/1122/1122 1120/1120/1120
f 1124/1124/1124 1123/1123/1123 1120/1120/1120
f 1125/1125/1125 1124/1124/1124 1120/1120/1120
f 1112/1112/1112 1118/1118/1118 1126/1126/1126
f 1120/1120/1120 1112/1112/1112 1126/1126/1126
f 1119/1119/1119 1127/1127/1127 1118/1118/1118
f 1126/1126/1126 1118/1118/1118 1127/1127/1127
f 1127/1127/1127 1119/1119/1119 1128/1128/1128
f 1129/1129/1129 1128/1128/1128 1119/1119/1119
f 1128/1128/1128 1129/1129/1129 1130/1130/1130
f 1127/1127/1127 1131/1131/1131 1126/1126/1126
f 1128/1128/1128 1132/1132/1132 1127/1127/1127
f 1131/1131/1131 1127/1127/1127 1132/1132/1132
f 1133/1133/1133 1126/1126/1126 1131/1131/1131
f 1120/1120/1120 1126/1126/1126 1133/1133/1133
f 1132/1132/1132 1134/1134/1134 1131/1131/1131
f 1131/1131/1131 1135/1135/1135 1133/1133/1133
f 1135/1135/1135 1131/1131/1131 1134/1134/1134
f 1120/1120/1120 1133/1133/1133 1136/1136/1136
f 1136/1136/1136 1133/1133/1133 1135/1135/1135
f 1137/1137/1137 1120/1120/1120 1136/1136/1136
f 1138/1138/1138 1136/1136/1136 1135/1135/1135
f 1139/1139/1139 1120/1120/1120 1137/1137/1137
f 1125/1125/1125 1120/1120/1120 1139/1139/1139
f 1140/1140/1140 1125/1125/1125 1139/1139/1139
f 1141/1141/1141 1137/1137/1137 1136/1136/1136
f 1136/1136/1136 1138/1138/1138 1141/1141/1141
f 1142/1142/1142 1139/1139/1139 1137/1137/1137
f 1137/1137/1137 1141/1141/1141 1142/1142/1142
f 1143/1143/1143 1140/1140/1140 1139/1139/1139
f 1139/1139/1139 1142/1142/1142 1143/1143/1143
f 1140/1140/1140 1143/1143/1143 1144/1144/1144
f 1145/1145/1145 1142/1142/1142 1141/1141/1141
f 1146/1146/1146 1144/1144/1144 1143/1143/1143
f 1144/1144/1144 1146/1146/1146 1147/1147/1147
f 1146/1146/1146 1143/1143/1143 1148/1148/1148
f 1148/1148/1148 1143/1143/1143 1142/1142/1142
f 1148/1148/1148 1142/1142/1142 1145/1145/1145
f 1145/1145/1145 1141/1141/1141 1149/1149/1149
f 1149/1149/1149 1141/1141/1141 1138/1138/1138
f 1149/1149/1149 1138/1138/1138 1150/1150/1150
f 1150/1150/1150 1138/1138/1138 1151/1151/1151
f 1135/1135/1135 1151/1151/1151 1138/1138/1138
f 1150/1150/1150 1151/1151/1151 1152/1152/1152
f 1151/1151/1151 1135/1135/1135 1134/1134/1134
f 1152/1152/1152 1151/1151/1151 1153/1153/1153
f 1134/1134/1134 1153/1153/1153 1151/1151/1151
f 1152/1152/1152 1153/1153/1153 1154/1154/1154
f 1153/1153/1153 1134/1134/1134 1155/1155/1155
f 1134/1134/1134 1132/1132/1132 1155/1155/1155
f 1154/1154/1154 1153/1153/1153 1156/1156/1156
f 1155/1155/1155 1156/1156/1156 1153/1153/1153
f 1154/1154/1154 1156/1156/1156 1157/1157/1157
f 1132/1132/1132 1158/1158/1158 1155/1155/1155
f 1132/1132/1132 1128/1128/1128 1158/1158/1158
f 1156/1156/1156 1155/1155/1155 1159/1159/1159
f 1155/1155/1155 1158/1158/1158 1159/1159/1159
f 1157/1157/1157 1156/1156/1156 1160/1160/1160
f 1159/1159/1159 1160/1160/1160 1156/1156/1156
f 1157/1157/1157 1160/1160/1160 1161/1161/1161
f 1128/1128/1128 1162/1162/1162 1158/1158/1158
f 1128/1128/1128 1130/1130/1130 1162/1162/1162
f 1161/1161/1161 1160/1160/1160 1163/1163/1163
f 1163/1163/1163 1164/1164/1164 1161/1161/1161
f 1158/1158/1158 1162/1162/1162 1165/1165/1165
f 1158/1158/1158 1165/1165/1165 1159/1159/1159
f 1160/1160/1160 1159/1159/1159 1166/1166/1166
f 1159/1159/1159 1165/1165/1165 1166/1166/1166
f 1160/1160/1160 1166/1166/1166 1163/1163/1163
f 1162/1162/1162 1167/1167/1167 1165/1165/1165
f 1162/1162/1162 1130/1130/1130 1167/1167/1167
f 1168/1168/1168 1166/1166/1166 1165/1165/1165
f 1165/1165/1165 1167/1167/1167 1168/1168/1168
f 1163/1163/1163 1166/1166/1166 1169/1169/1169
f 1166/1166/1166 1168/1168/1168 1169/1169/1169
f 1130/1130/1130 1170/1170/1170 1167/1167/1167
f 1130/1130/1130 1171/1171/1171 1170/1170/1170
f 1170/1170/1170 1171/1171/1171 1172/1172/1172
f 1167/1167/1167 1170/1170/1170 1173/1173/1173
f 1172/1172/1172 1173/1173/1173 1170/1170/1170
f 1173/1173/1173 1168/1168/1168 1167/1167/1167
f 1173/1173/1173 1172/1172/1172 1174/1174/1174
f 1175/1175/1175 1174/1174/1174 1172/1172/1172
f 1168/1168/1168 1173/1173/1173 1176/1176/1176
f 1174/1174/1174 1176/1176/1176 1173/1173/1173
f 1176/1176/1176 1169/1169/1169 1168/1168/1168
f 1174/1174/1174 1175/1175/1175 1177/1177/1177
f 1176/1176/1176 1174/1174/1174 1177/1177/1177
f 1175/1175/1175 1178/1178/1178 1177/1177/1177
f 1169/1169/1169 1176/1176/1176 1179/1179/1179
f 1176/1176/1176 1177/1177/1177 1179/1179/1179
f 1178/1178/1178 1181/1181/1181 1180/1180/1180
f 1178/1178/1178 1180/1180/1180 1182/1182/1182
f 1183/1183/1183 1169/1169/1169 1179/1179/1179
f 1169/1169/1169 1183/1183/1183 1163/1163/1163
f 1164/1164/1164 1163/1163/1163 1183/1183/1183
f 1164/1164/1164 1183/1183/1183 1184/1184/1184
f 1179/1179/1179 1184/1184/1184 1183/1183/1183
f 1184/1184/1184 1185/1185/1185 1164/1164/1164
f 1185/1185/1185 1184/1184/1184 1186/1186/1186
f 1184/1184/1184 1179/1179/1179 1187/1187/1187
f 1187/1187/1187 1186/1186/1186 1184/1184/1184
f 1179/1179/1179 1177/1177/1177 1187/1187/1187
f 1186/1186/1186 1187/1187/1187 1188/1188/1188
f 1177/1177/1177 1189/1189/1189 1187/1187/1187
f 1187/1187/1187 1189/1189/1189 1188/1188/1188
f 1177/1177/1177 1178/1178/1178 1189/1189/1189
f 1189/1189/1189 1178/1178/1178 1182/1182/1182
f 1189/1189/1189 1190/1190/1190 1188/1188/1188
f 1189/1189/1189 1182/1182/1182 1191/1191/1191
f 1189/1189/1189 1192/1192/1192 1190/1190/1190
f 1189/1189/1189 1191/1191/1191 1193/1193/1193
f 1189/1189/1189 1194/1194/1194 1192/1192/1192
f 1189/1189/1189 1193/1193/1193 1195/1195/1195
f 1189/1189/1189 1195/1195/1195 1194/1194/1194
f 1198/1198/1198 1197/1197/1197 1196/1196/1196
f 1199/1199/1199 1196/1196/1196 1197/1197/1197
f 1197/1197/1197 1200/1200/1200 1199/1199/1199
f 1199/1199/1199 1201/1201/1201 1196/1196/1196
f 1202/1202/1202 1199/1199/1199 1200/1200/1200
f 1200/1200/1200 1203/1203/1203 1202/1202/1202
f 1201/1201/1201 1199/1199/1199 1204/1204/1204
f 1202/1202/1202 1204/1204/1204 1199/1199/1199
f 1204/1204/1204 1205/1205/1205 1201/1201/1201
f 1206/1206/1206 1202/1202/1202 1203/1203/1203
f 1206/1206/1206 1204/1204/1204 1202/1202/1202
f 1203/1203/1203 1207/1207/1207 1206/1206/1206
f 1204/1204/1204 1208/1208/1208 1205/1205/1205
f 1209/1209/1209 1206/1206/1206 1207/1207/1207
f 1207/1207/1207 1210/1210/1210 1209/1209/1209
f 1204/1204/1204 1206/1206/1206 1211/1211/1211
f 1209/1209/1209 1211/1211/1211 1206/1206/1206
f 1212/1212/1212 1209/1209/1209 1210/1210/1210
f 1210/1210/1210 1213/1213/1213 1212/1212/1212
f 1211/1211/1211 1209/1209/1209 1214/1214/1214
f 1212/1212/1212 1214/1214/1214 1209/1209/1209
f 1211/1211/1211 1215/1215/1215 1204/1204/1204
f 1215/1215/1215 1211/1211/1211 1214/1214/1214
f 1216/1216/1216 1208/1208/1208 1204/1204/1204
f 1216/1216/1216 1204/1204/1204 1215/1215/1215
f 1217/1217/1217 1208/1208/1208 1216/1216/1216
f 1218/1218/1218 1217/1217/1217 1216/1216/1216
f 1219/1219/1219 1212/1212/1212 1213/1213/1213
f 1213/1213/1213 1220/1220/1220 1219/1219/1219
f 1216/1216/1216 1221/1221/1221 1218/1218/1218
f 1222/1222/1222 1218/1218/1218 1221/1221/1221
f 1224/1224/1224 1222/1222/1222 1223/1223/1223
f 1221/1221/1221 1223/1223/1223 1222/1222/1222
f 1223/1223/1223 1221/1221/1221 1225/1225/1225
f 1226/1226/1226 1225/1225/1225 1221/1221/1221
f 1221/1221/1221 1216/1216/1216 1226/1226/1226
f 1225/1225/1225 1226/1226/1226 1227/1227/1227
f 1226/1226/1226 1216/1216/1216 1228/1228/1228
f 1228/1228/1228 1227/1227/1227 1226/1226/1226
f 1215/1215/1215 1228/1228/1228 1216/1216/1216
f 1227/1227/1227 1228/1228/1228 1229/1229/1229
f 1230/1230/1230 1229/1229/1229 1228/1228/1228
f 1228/1228/1228 1215/1215/1215 1230/1230/1230
f 1229/1229/1229 1230/1230/1230 1231/1231/1231
f 1232/1232/1232 1230/1230/1230 1215/1215/1215
f 1214/1214/1214 1232/1232/1232 1215/1215/1215
f 1233/1233/1233 1231/1231/1231 1230/1230/1230
f 1230/1230/1230 1232/1232/1232 1233/1233/1233
f 1231/1231/1231 1233/1233/1233 1234/1234/1234
f 1232/1232/1232 1214/1214/1214 1235/1235/1235
f 1235/1235/1235 1233/1233/1233 1232/1232/1232
f 1236/1236/1236 1234/1234/1234 1233/1233/1233
f 1233/1233/1233 1235/1235/1235 1236/1236/1236
f 1234/1234/1234 1236/1236/1236 1237/1237/1237
f 1238/1238/1238 1235/1235/1235 1214/1214/1214
f 1214/1214/1214 1212/1212/1212 1238/1238/1238
f 1219/1219/1219 1238/1238/1238 1212/1212/1212
f 1239/1239/1239 1237/1237/1237 1236/1236/1236
f 1237/1237/1237 1239/1239/1239 1240/1240/1240
f 1241/1241/1241 1236/1236/1236 1235/1235/1235
f 1235/1235/1235 1238/1238/1238 1241/1241/1241
f 1236/1236/1236 1241/1241/1241 1239/1239/1239
f 1238/1238/1238 1219/1219/1219 1242/1242/1242
f 1241/1241/1241 1238/1238/1238 1242/1242/1242
f 1243/1243/1243 1242/1242/1242 1219/1219/1219
f 1243/1243/1243 1219/1219/1219 1220/1220/1220
f 1220/1220/1220 1244/1244/1244 1243/1243/1243
f 1245/1245/1245 1241/1241/1241 1242/1242/1242
f 1242/1242/1242 1243/1243/1243 1245/1245/1245
f 1246/1246/1246 1243/1243/1243 1244/1244/1244
f 1246/1246/1246 1245/1245/1245 1243/1243/1243
f 1244/1244/1244 1247/1247/1247 1246/1246/1246
f 1248/1248/1248 1241/1241/1241 1245/1245/1245
f 1248/1248/1248 1239/1239/1239 1241/1241/1241
f 1249/1249/1249 1246/1246/1246 1247/1247/1247
f 1247/1247/1247 1250/1250/1250 1249/1249/1249
f 1245/1245/1245 1246/1246/1246 1251/1251/1251
f 1249/1249/1249 1251/1251/1251 1246/1246/1246
f 1252/1252/1252 1248/1248/1248 1245/1245/1245
f 1252/1252/1252 1245/1245/1245 1251/1251/1251
f 1239/1239/1239 1248/1248/1248 1253/1253/1253
f 1252/1252/1252 1253/1253/1253 1248/1248/1248
f 1253/1253/1253 1240/1240/1240 1239/1239/1239
f 1240/1240/1240 1253/1253/1253 1254/1254/1254
f 1255/1255/1255 1254/1254/1254 1253/1253/1253
f 1253/1253/1253 1252/1252/1252 1255/1255/1255
f 1254/1254/1254 1255/1255/1255 1256/1256/1256
f 1257/1257/1257 1252/1252/1252 1251/1251/1251
f 1257/1257/1257 1251/1251/1251 1249/1249/1249
f 1258/1258/1258 1255/1255/1255 1252/1252/1252
f 1258/1258/1258 1252/1252/1252 1257/1257/1257
f 1259/1259/1259 1256/1256/1256 1255/1255/1255
f 1255/1255/1255 1258/1258/1258 1259/1259/1259
f 1260/1260/1260 1257/1257/1257 1249/1249/1249
f 1260/1260/1260 1249/1249/1249 1250/1250/1250
f 1261/1261/1261 1256/1256/1256 1259/1259/1259
f 1256/1256/1256 1261/1261/1261 1262/1262/1262
f 1263/1263/1263 1262/1262/1262 1261/1261/1261
f 1259/1259/1259 1264/1264/1264 1261/1261/1261
f 1261/1261/1261 1264/1264/1264 1263/1263/1263
f 1264/1264/1264 1259/1259/1259 1258/1258/1258
f 1265/1265/1265 1263/1263/1263 1264/1264/1264
f 1266/1266/1266 1264/1264/1264 1258/1258/1258
f 1264/1264/1264 1266/1266/1266 1265/1265/1265
f 1266/1266/1266 1258/1258/1258 1257/1257/1257
f 1266/1266/1266 1257/1257/1257 1260/1260/1260
f 1267/1267/1267 1265/1265/1265 1266/1266/1266
f 1267/1267/1267 1266/1266/1266 1268/1268/1268
f 1269/1269/1269 1266/1266/1266 1260/1260/1260
f 1266/1266/1266 1269/1269/1269 1268/1268/1268
f 1269/1269/1269 1260/1260/1260 1250/1250/1250
f 1268/1268/1268 1269/1269/1269 1270/1270/1270
f 1250/1250/1250 1270/1270/1270 1269/1269/1269
f 1273/1273/1273 1272/1272/1272 1271/1271/1271
f 1274/1274/1274 1271/1271/1271 1272/1272/1272
f 1272/1272/1272 1275/1275/1275 1274/1274/1274
f 1276/1276/1276 1271/1271/1271 1274/1274/1274
f 1277/1277/1277 1274/1274/1274 1275/1275/1275
f 1275/1275/1275 1278/1278/1278 1277/1277/1277
f 1274/1274/1274 1279/1279/1279 1276/1276/1276
f 1279/1279/1279 1274/1274/1274 1277/1277/1277
f 1279/1279/1279 1280/1280/1280 1276/1276/1276
f 1281/1281/1281 1277/1277/1277 1278/1278/1278
f 1278/1278/1278 1282/1282/1282 1281/1281/1281
f 1277/1277/1277 1283/1283/1283 1279/1279/1279
f 1283/1283/1283 1277/1277/1277 1281/1281/1281
f 1284/1284/1284 1280/1280/1280 1279/1279/1279
f 1283/1283/1283 1284/1284/1284 1279/1279/1279
f 1284/1284/1284 1285/1285/1285 1280/1280/1280
f 1281/1281/1281 1286/1286/1286 1283/1283/1283
f 1286/1286/1286 1284/1284/1284 1283/1283/1283
f 1287/1287/1287 1281/1281/1281 1282/1282/1282
f 1286/1286/1286 1281/1281/1281 1287/1287/1287
f 1282/1282/1282 1288/1288/1288 1287/1287/1287
f 1289/1289/1289 1287/1287/1287 1288/1288/1288
f 1289/1289/1289 1288/1288/1288 1290/1290/1290
f 1287/1287/1287 1291/1291/1291 1286/1286/1286
f 1291/1291/1291 1287/1287/1287 1289/1289/1289
f 1290/1290/1290 1292/1292/1292 1289/1289/1289
f 1292/1292/1292 1290/1290/1290 1293/1293/1293
f 1289/1289/1289 1294/1294/1294 1291/1291/1291
f 1294/1294/1294 1289/1289/1289 1292/1292/1292
f 1286/1286/1286 1291/1291/1291 1295/1295/1295
f 1295/1295/1295 1284/1284/1284 1286/1286/1286
f 1291/1291/1291 1294/1294/1294 1296/1296/1296
f 1296/1296/1296 1295/1295/1295 1291/1291/1291
f 1293/1293/1293 1297/1297/1297 1292/1292/1292
f 1293/1293/1293 1298/1298/1298 1297/1297/1297
f 1292/1292/1292 1299/1299/1299 1294/1294/1294
f 1299/1299/1299 1292/1292/1292 1297/1297/1297
f 1300/1300/1300 1297/1297/1297 1298/1298/1298
f 1300/1300/1300 1298/1298/1298 1301/1301/1301
f 1297/1297/1297 1302/1302/1302 1299/1299/1299
f 1302/1302/1302 1297/1297/1297 1300/1300/1300
f 1299/1299/1299 1303/1303/1303 1294/1294/1294
f 1303/1303/1303 1296/1296/1296 1294/1294/1294
f 1302/1302/1302 1304/1304/1304 1299/1299/1299
f 1304/1304/1304 1303/1303/1303 1299/1299/1299
f 1305/1305/1305 1300/1300/1300 1301/1301/1301
f 1305/1305/1305 1301/1301/1301 1306/1306/1306
f 1300/1300/1300 1307/1307/1307 1302/1302/1302
f 1307/1307/1307 1300/1300/1300 1305/1305/1305
f 1308/1308/1308 1304/1304/1304 1302/1302/1302
f 1302/1302/1302 1307/1307/1307 1308/1308/1308
f 1306/1306/1306 1309/1309/1309 1305/1305/1305
f 1310/1310/1310 1307/1307/1307 1305/1305/1305
f 1310/1310/1310 1305/1305/1305 1309/1309/1309
f 1311/1311/1311 1308/1308/1308 1307/1307/1307
f 1307/1307/1307 1310/1310/1310 1311/1311/1311
f 1306/1306/1306 1312/1312/1312 1309/1309/1309
f 1312/1312/1312 1306/1306/1306 1313/1313/1313
f 1313/1313/1313 1314/1314/1314 1312/1312/1312
f 1309/1309/1309 1315/1315/1315 1310/1310/1310
f 1315/1315/1315 1309/1309/1309 1312/1312/1312
f 1316/1316/1316 1312/1312/1312 1314/1314/1314
f 1312/1312/1312 1316/1316/1316 1315/1315/1315
f 1314/1314/1314 1317/1317/1317 1316/1316/1316
f 1315/1315/1315 1318/1318/1318 1310/1310/1310
f 1318/1318/1318 1311/1311/1311 1310/1310/1310
f 1316/1316/1316 1319/1319/1319 1315/1315/1315
f 1319/1319/1319 1318/1318/1318 1315/1315/1315
f 1317/1317/1317 1320/1320/1320 1316/1316/1316
f 1320/1320/1320 1319/1319/1319 1316/1316/1316
f 1321/1321/1321 1320/1320/1320 1317/1317/1317
f 1322/1322/1322 1320/1320/1320 1321/1321/1321
f 1320/1320/1320 1322/1322/1322 1323/1323/1323
f 1319/1319/1319 1320/1320/1320 1323/1323/1323
f 1324/1324/1324 1323/1323/1323 1322/1322/1322
f 1325/1325/1325 1323/1323/1323 1324/1324/1324
f 1323/1323/1323 1326/1326/1326 1319/1319/1319
f 1327/1327/1327 1319/1319/1319 1326/1326/1326
f 1318/1318/1318 1319/1319/1319 1327/1327/1327
f 1326/1326/1326 1328/1328/1328 1327/1327/1327
f 1327/1327/1327 1329/1329/1329 1318/1318/1318
f 1329/1329/1329 1327/1327/1327 1328/1328/1328
f 1311/1311/1311 1318/1318/1318 1329/1329/1329
f 1328/1328/1328 1330/1330/1330 1329/1329/1329
f 1330/1330/1330 1328/1328/1328 1331/1331/1331
f 1331/1331/1331 1332/1332/1332 1330/1330/1330
f 1329/1329/1329 1333/1333/1333 1311/1311/1311
f 1333/1333/1333 1329/1329/1329 1330/1330/1330
f 1308/1308/1308 1311/1311/1311 1333/1333/1333
f 1334/1334/1334 1330/1330/1330 1332/1332/1332
f 1330/1330/1330 1334/1334/1334 1333/1333/1333
f 1333/1333/1333 1334/1334/1334 1308/1308/1308
f 1308/1308/1308 1334/1334/1334 1304/1304/1304
f 1332/1332/1332 1335/1335/1335 1334/1334/1334
f 1334/1334/1334 1303/1303/1303 1304/1304/1304
f 1336/1336/1336 1334/1334/1334 1335/1335/1335
f 1335/1335/1335 1337/1337/1337 1336/1336/1336
f 1334/1334/1334 1338/1338/1338 1303/1303/1303
f 1338/1338/1338 1334/1334/1334 1336/1336/1336
f 1339/1339/1339 1336/1336/1336 1337/1337/1337
f 1336/1336/1336 1339/1339/1339 1338/1338/1338
f 1337/1337/1337 1340/1340/1340 1339/1339/1339
f 1338/1338/1338 1341/1341/1341 1303/1303/1303
f 1296/1296/1296 1303/1303/1303 1341/1341/1341
f 1341/1341/1341 1295/1295/1295 1296/1296/1296
f 1342/1342/1342 1338/1338/1338 1339/1339/1339
f 1341/1341/1341 1338/1338/1338 1342/1342/1342
f 1343/1343/1343 1339/1339/1339 1340/1340/1340
f 1339/1339/1339 1343/1343/1343 1342/1342/1342
f 1340/1340/1340 1344/1344/1344 1343/1343/1343
f 1342/1342/1342 1345/1345/1345 1341/1341/1341
f 1345/1345/1345 1342/1342/1342 1343/1343/1343
f 1295/1295/1295 1341/1341/1341 1345/1345/1345
f 1347/1347/1347 1344/1344/1344 1346/1346/1346
f 1348/1348/1348 1344/1344/1344 1347/1347/1347
f 1345/1345/1345 1349/1349/1349 1295/1295/1295
f 1295/1295/1295 1349/1349/1349 1284/1284/1284
f 1349/1349/1349 1285/1285/1285 1284/1284/1284
f 1345/1345/1345 1350/1350/1350 1349/1349/1349
f 1349/1349/1349 1350/1350/1350 1285/1285/1285
f 1343/1343/1343 1350/1350/1350 1345/1345/1345
f 1350/1350/1350 1343/1343/1343 1344/1344/1344
f 1351/1351/1351 1285/1285/1285 1350/1350/1350
f 1351/1351/1351 1350/1350/1350 1344/1344/1344
f 1285/1285/1285 1351/1351/1351 1348/1348/1348
f 1344/1344/1344 1348/1348/1348 1351/1351/1351
f 1354/1354/1354 1353/1353/1353 1352/1352/1352
f 1355/1355/1355 1354/1354/1354 1352/1352/1352
f 1358/1358/1358 1357/1357/1357 1356/1356/1356
f 1359/1359/1359 1358/1358/1358 1356/1356/1356
f 1362/1362/1362 1361/1361/1361 1360/1360/1360
f 1361/1361/1361 1363/1363/1363 1360/1360/1360
f 1365/1365/1365 1364/1364/1364 1363/1363/1363
f 1364/1364/1364 1366/1366/1366 1363/1363/1363
f 1368/1368/1368 1367/1367/1367 1366/1366/1366
f 1369/1369/1369 1368/1368/1368 1366/1366/1366
f 1372/1372/1372 1371/1371/1371 1370/1370/1370
f 1373/1373/1373 1370/1370/1370 1371/1371/1371
f 1376/1376/1376 1375/1375/1375 1374/1374/1374
f 1377/1377/1377 1374/1374/1374 1375/1375/1375
f 1380/1380/1380 1379/1379/1379 1378/1378/1378
f 1380/1380/1380 1381/1381/1381 1379/1379/1379
f 1382/1382/1382 1381/1381/1381 1380/1380/1380
f 1383/1383/1383 1381/1381/1381 1382/1382/1382
f 1384/1384/1384 1381/1381/1381 1383/1383/1383
f 1385/1385/1385 1381/1381/1381 1384/1384/1384
f 1386/1386/1386 1381/1381/1381 1385/1385/1385
f 1387/1387/1387 1381/1381/1381 1386/1386/1386
f 1388/1388/1388 1381/1381/1381 1387/1387/1387
f 1389/1389/1389 1381/1381/1381 1388/1388/1388
f 1390/1390/1390 1381/1381/1381 1389/1389/1389
f 1381/1381/1381 1390/1390/1390 1391/1391/1391
f 1392/1392/1392 1391/1391/1391 1390/1390/1390
f 1391/1391/1391 1392/1392/1392 1393/1393/1393
f 1394/1394/1394 1393/1393/1393 1392/1392/1392
f 1393/1393/1393 1394/1394/1394 1395/1395/1395
f 1396/1396/1396 1395/1395/1395 1394/1394/1394
f 1396/1396/1396 1397/1397/1397 1395/1395/1395
f 1395/1395/1395 1397/1397/1397 1398/1398/1398
f 1397/1397/1397 1399/1399/1399 1398/1398/1398
f 1399/1399/1399 1400/1400/1400 1398/1398/1398
f 1401/1401/1401 1398/1398/1398 1400/1400/1400
f 1400/1400/1400 1402/1402/1402 1401/1401/1401
f 1403/1403/1403 1401/1401/1401 1402/1402/1402
f 1404/1404/1404 1401/1401/1401 1403/1403/1403
f 1405/1405/1405 1401/1401/1401 1404/1404/1404
f 1401/1401/1401 1405/1405/1405 1406/1406/1406
f 1407/1407/1407 1406/1406/1406 1405/1405/1405
f 1408/1408/1408 1406/1406/1406 1407/1407/1407
f 1406/1406/1406 1408/1408/1408 1409/1409/1409
f 1410/1410/1410 1409/1409/1409 1408/1408/1408
f 1409/1409/1409 1410/1410/1410 1411/1411/1411
f 1412/1412/1412 1411/1411/1411 1410/1410/1410
f 1413/1413/1413 1411/1411/1411 1412/1412/1412
f 1411/1411/1411 1413/1413/1413 1414/1414/1414
f 1415/1415/1415 1414/1414/1414 1413/1413/1413
f 1416/1416/1416 1414/1414/1414 1415/1415/1415
f 1414/1414/1414 1416/1416/1416 1417/1417/1417
f 1418/1418/1418 1417/1417/1417 1416/1416/1416
f 1421/1421/1421 1420/1420/1420 1419/1419/1419
f 1419/1419/1419 1422/1422/1422 1421/1421/1421
f 1422/1422/1422 1419/1419/1419 1423/1423/1423
f 1425/1425/1425 1424/1424/1424 1422/1422/1422
f 1422/1422/1422 1423/1423/1423 1425/1425/1425
f 1425/1425/1425 1423/1423/1423 1426/1426/1426
f 1426/1426/1426 1423/1423/1423 1427/1427/1427
f 1429/1429/1429 1428/1428/1428 1423/1423/1423
f 1430/1430/1430 1429/1429/1429 1423/1423/1423
f 1433/1433/1433 1432/1432/1432 1431/1431/1431
f 1432/1432/1432 1434/1434/1434 1431/1431/1431
f 1435/1435/1435 1431/1431/1431 1434/1434/1434
f 1434/1434/1434 1436/1436/1436 1435/1435/1435
f 1436/1436/1436 1437/1437/1437 1435/1435/1435
f 1431/1431/1431 1435/1435/1435 1438/1438/1438
f 1437/1437/1437 1439/1439/1439 1435/1435/1435
f 1440/1440/1440 1438/1438/1438 1435/1435/1435
f 1438/1438/1438 1440/1440/1440 1441/1441/1441
f 1442/1442/1442 1435/1435/1435 1439/1439/1439
f 1435/1435/1435 1442/1442/1442 1440/1440/1440
f 1439/1439/1439 1443/1443/1443 1442/1442/1442
f 1443/1443/1443 1444/1444/1444 1442/1442/1442
f 1444/1444/1444 1445/1445/1445 1442/1442/1442
f 1446/1446/1446 1442/1442/1442 1445/1445/1445
f 1447/1447/1447 1446/1446/1446 1445/1445/1445
f 1448/1448/1448 1440/1440/1440 1442/1442/1442
f 1442/1442/1442 1446/1446/1446 1448/1448/1448
f 1440/1440/1440 1448/1448/1448 1449/1449/1449
f 1449/1449/1449 1441/1441/1441 1440/1440/1440
f 1450/1450/1450 1448/1448/1448 1446/1446/1446
f 1448/1448/1448 1450/1450/1450 1449/1449/1449
f 1451/1451/1451 1446/1446/1446 1447/1447/1447
f 1446/1446/1446 1451/1451/1451 1450/1450/1450
f 1441/1441/1441 1449/1449/1449 1452/1452/1452
f 1452/1452/1452 1453/1453/1453 1441/1441/1441
f 1454/1454/1454 1449/1449/1449 1450/1450/1450
f 1449/1449/1449 1454/1454/1454 1452/1452/1452
f 1455/1455/1455 1450/1450/1450 1451/1451/1451
f 1455/1455/1455 1454/1454/1454 1450/1450/1450
f 1451/1451/1451 1447/1447/1447 1456/1456/1456
f 1457/1457/1457 1456/1456/1456 1447/1447/1447
f 1455/1455/1455 1451/1451/1451 1458/1458/1458
f 1456/1456/1456 1458/1458/1458 1451/1451/1451
f 1456/1456/1456 1457/1457/1457 1459/1459/1459
f 1460/1460/1460 1459/1459/1459 1457/1457/1457
f 1458/1458/1458 1456/1456/1456 1461/1461/1461
f 1459/1459/1459 1461/1461/1461 1456/1456/1456
f 1462/1462/1462 1459/1459/1459 1460/1460/1460
f 1460/1460/1460 1463/1463/1463 1462/1462/1462
f 1464/1464/1464 1459/1459/1459 1462/1462/1462
f 1459/1459/1459 1464/1464/1464 1461/1461/1461
f 1465/1465/1465 1462/1462/1462 1463/1463/1463
f 1464/1464/1464 1462/1462/1462 1465/1465/1465
f 1463/1463/1463 1466/1466/1466 1465/1465/1465
f 1467/1467/1467 1465/1465/1465 1466/1466/1466
f 1466/1466/1466 1468/1468/1468 1467/1467/1467
f 1469/1469/1469 1464/1464/1464 1465/1465/1465
f 1465/1465/1465 1467/1467/1467 1469/1469/1469
f 1470/1470/1470 1467/1467/1467 1468/1468/1468
f 1468/1468/1468 1471/1471/1471 1470/1470/1470
f 1472/1472/1472 1469/1469/1469 1467/1467/1467
f 1467/1467/1467 1470/1470/1470 1472/1472/1472
f 1464/1464/1464 1469/1469/1469 1473/1473/1473
f 1469/1469/1469 1472/1472/1472 1473/1473/1473
f 1464/1464/1464 1473/1473/1473 1474/1474/1474
f 1474/1474/1474 1461/1461/1461 1464/1464/1464
f 1475/1475/1475 1473/1473/1473 1472/1472/1472
f 1461/1461/1461 1474/1474/1474 1476/1476/1476
f 1461/1461/1461 1476/1476/1476 1458/1458/1458
f 1473/1473/1473 1477/1477/1477 1474/1474/1474
f 1473/1473/1473 1475/1475/1475 1477/1477/1477
f 1474/1474/1474 1478/1478/1478 1476/1476/1476
f 1474/1474/1474 1477/1477/1477 1478/1478/1478
f 1479/1479/1479 1458/1458/1458 1476/1476/1476
f 1458/1458/1458 1479/1479/1479 1455/1455/1455
f 1476/1476/1476 1478/1478/1478 1480/1480/1480
f 1476/1476/1476 1480/1480/1480 1479/1479/1479
f 1481/1481/1481 1455/1455/1455 1479/1479/1479
f 1481/1481/1481 1454/1454/1454 1455/1455/1455
f 1482/1482/1482 1479/1479/1479 1480/1480/1480
f 1479/1479/1479 1482/1482/1482 1481/1481/1481
f 1478/1478/1478 1483/1483/1483 1480/1480/1480
f 1477/1477/1477 1483/1483/1483 1478/1478/1478
f 1481/1481/1481 1484/1484/1484 1454/1454/1454
f 1484/1484/1484 1452/1452/1452 1454/1454/1454
f 1485/1485/1485 1484/1484/1484 1481/1481/1481
f 1485/1485/1485 1481/1481/1481 1482/1482/1482
f 1452/1452/1452 1484/1484/1484 1486/1486/1486
f 1485/1485/1485 1487/1487/1487 1484/1484/1484
f 1487/1487/1487 1486/1486/1486 1484/1484/1484
f 1482/1482/1482 1488/1488/1488 1485/1485/1485
f 1488/1488/1488 1487/1487/1487 1485/1485/1485
f 1486/1486/1486 1489/1489/1489 1452/1452/1452
f 1453/1453/1453 1452/1452/1452 1489/1489/1489
f 1489/1489/1489 1490/1490/1490 1453/1453/1453
f 1491/1491/1491 1490/1490/1490 1489/1489/1489
f 1492/1492/1492 1489/1489/1489 1486/1486/1486
f 1489/1489/1489 1492/1492/1492 1491/1491/1491
f 1493/1493/1493 1486/1486/1486 1487/1487/1487
f 1486/1486/1486 1493/1493/1493 1492/1492/1492
f 1488/1488/1488 1494/1494/1494 1487/1487/1487
f 1493/1493/1493 1487/1487/1487 1494/1494/1494
f 1488/1488/1488 1495/1495/1495 1494/1494/1494
f 1495/1495/1495 1488/1488/1488 1482/1482/1482
f 1494/1494/1494 1496/1496/1496 1493/1493/1493
f 1495/1495/1495 1482/1482/1482 1497/1497/1497
f 1480/1480/1480 1497/1497/1497 1482/1482/1482
f 1480/1480/1480 1483/1483/1483 1497/1497/1497
f 1498/1498/1498 1494/1494/1494 1495/1495/1495
f 1495/1495/1495 1497/1497/1497 1498/1498/1498
f 1496/1496/1496 1494/1494/1494 1498/1498/1498
f 1499/1499/1499 1498/1498/1498 1497/1497/1497
f 1497/1497/1497 1483/1483/1483 1499/1499/1499
f 1498/1498/1498 1500/1500/1500 1496/1496/1496
f 1500/1500/1500 1498/1498/1498 1499/1499/1499
f 1501/1501/1501 1493/1493/1493 1496/1496/1496
f 1501/1501/1501 1492/1492/1492 1493/1493/1493
f 1502/1502/1502 1496/1496/1496 1500/1500/1500
f 1496/1496/1496 1502/1502/1502 1501/1501/1501
f 1499/1499/1499 1503/1503/1503 1500/1500/1500
f 1492/1492/1492 1501/1501/1501 1504/1504/1504
f 1500/1500/1500 1505/1505/1505 1502/1502/1502
f 1505/1505/1505 1500/1500/1500 1503/1503/1503
f 1506/1506/1506 1501/1501/1501 1502/1502/1502
f 1506/1506/1506 1504/1504/1504 1501/1501/1501
f 1502/1502/1502 1505/1505/1505 1507/1507/1507
f 1502/1502/1502 1507/1507/1507 1506/1506/1506
f 1508/1508/1508 1507/1507/1507 1505/1505/1505
f 1509/1509/1509 1506/1506/1506 1507/1507/1507
f 1505/1505/1505 1510/1510/1510 1508/1508/1508
f 1503/1503/1503 1510/1510/1510 1505/1505/1505
f 1508/1508/1508 1510/1510/1510 1511/1511/1511
f 1506/1506/1506 1509/1509/1509 1512/1512/1512
f 1504/1504/1504 1506/1506/1506 1512/1512/1512
f 1513/1513/1513 1512/1512/1512 1509/1509/1509
f 1510/1510/1510 1514/1514/1514 1511/1511/1511
f 1515/1515/1515 1511/1511/1511 1514/1514/1514
f 1503/1503/1503 1516/1516/1516 1510/1510/1510
f 1514/1514/1514 1510/1510/1510 1516/1516/1516
f 1516/1516/1516 1503/1503/1503 1517/1517/1517
f 1499/1499/1499 1517/1517/1517 1503/1503/1503
f 1517/1517/1517 1499/1499/1499 1483/1483/1483
f 1516/1516/1516 1518/1518/1518 1514/1514/1514
f 1518/1518/1518 1516/1516/1516 1517/1517/1517
f 1514/1514/1514 1519/1519/1519 1515/1515/1515
f 1519/1519/1519 1514/1514/1514 1518/1518/1518
f 1520/1520/1520 1515/1515/1515 1519/1519/1519
f 1520/1520/1520 1519/1519/1519 1521/1521/1521
f 1518/1518/1518 1521/1521/1521 1519/1519/1519
f 1522/1522/1522 1520/1520/1520 1521/1521/1521
f 1521/1521/1521 1523/1523/1523 1522/1522/1522
f 1518/1518/1518 1523/1523/1523 1521/1521/1521
f 1522/1522/1522 1523/1523/1523 1524/1524/1524
f 1518/1518/1518 1517/1517/1517 1525/1525/1525
f 1517/1517/1517 1483/1483/1483 1525/1525/1525
f 1523/1523/1523 1518/1518/1518 1526/1526/1526
f 1525/1525/1525 1526/1526/1526 1518/1518/1518
f 1527/1527/1527 1524/1524/1524 1523/1523/1523
f 1527/1527/1527 1523/1523/1523 1526/1526/1526
f 1524/1524/1524 1527/1527/1527 1528/1528/1528
f 1529/1529/1529 1525/1525/1525 1483/1483/1483
f 1529/1529/1529 1483/1483/1483 1477/1477/1477
f 1526/1526/1526 1525/1525/1525 1530/1530/1530
f 1529/1529/1529 1530/1530/1530 1525/1525/1525
f 1527/1527/1527 1526/1526/1526 1531/1531/1531
f 1530/1530/1530 1531/1531/1531 1526/1526/1526
f 1532/1532/1532 1528/1528/1528 1527/1527/1527
f 1532/1532/1532 1527/1527/1527 1531/1531/1531
f 1532/1532/1532 1533/1533/1533 1528/1528/1528
f 1534/1534/1534 1528/1528/1528 1533/1533/1533
f 1532/1532/1532 1531/1531/1531 1535/1535/1535
f 1533/1533/1533 1536/1536/1536 1534/1534/1534
f 1537/1537/1537 1534/1534/1534 1536/1536/1536
f 1533/1533/1533 1532/1532/1532 1538/1538/1538
f 1535/1535/1535 1538/1538/1538 1532/1532/1532
f 1539/1539/1539 1536/1536/1536 1533/1533/1533
f 1533/1533/1533 1538/1538/1538 1539/1539/1539
f 1536/1536/1536 1540/1540/1540 1537/1537/1537
f 1541/1541/1541 1537/1537/1537 1540/1540/1540
f 1536/1536/1536 1539/1539/1539 1542/1542/1542
f 1542/1542/1542 1540/1540/1540 1536/1536/1536
f 1540/1540/1540 1543/1543/1543 1541/1541/1541
f 1542/1542/1542 1543/1543/1543 1540/1540/1540
f 1544/1544/1544 1541/1541/1541 1543/1543/1543
f 1546/1546/1546 1544/1544/1544 1545/1545/1545
f 1543/1543/1543 1545/1545/1545 1544/1544/1544
f 1547/1547/1547 1545/1545/1545 1543/1543/1543
f 1543/1543/1543 1542/1542/1542 1547/1547/1547
f 1548/1548/1548 1547/1547/1547 1542/1542/1542
f 1549/1549/1549 1542/1542/1542 1539/1539/1539
f 1549/1549/1549 1548/1548/1548 1542/1542/1542
f 1549/1549/1549 1539/1539/1539 1538/1538/1538
f 1550/1550/1550 1548/1548/1548 1549/1549/1549
f 1550/1550/1550 1551/1551/1551 1548/1548/1548
f 1550/1550/1550 1552/1552/1552 1551/1551/1551
f 1538/1538/1538 1553/1553/1553 1549/1549/1549
f 1538/1538/1538 1535/1535/1535 1553/1553/1553
f 1554/1554/1554 1550/1550/1550 1549/1549/1549
f 1554/1554/1554 1549/1549/1549 1553/1553/1553
f 1552/1552/1552 1550/1550/1550 1555/1555/1555
f 1554/1554/1554 1555/1555/1555 1550/1550/1550
f 1555/1555/1555 1556/1556/1556 1552/1552/1552
f 1557/1557/1557 1554/1554/1554 1553/1553/1553
f 1558/1558/1558 1553/1553/1553 1535/1535/1535
f 1553/1553/1553 1558/1558/1558 1557/1557/1557
f 1535/1535/1535 1559/1559/1559 1558/1558/1558
f 1535/1535/1535 1531/1531/1531 1559/1559/1559
f 1531/1531/1531 1530/1530/1530 1559/1559/1559
f 1557/1557/1557 1560/1560/1560 1554/1554/1554
f 1555/1555/1555 1554/1554/1554 1560/1560/1560
f 1561/1561/1561 1559/1559/1559 1530/1530/1530
f 1561/1561/1561 1530/1530/1530 1529/1529/1529
f 1562/1562/1562 1558/1558/1558 1559/1559/1559
f 1562/1562/1562 1559/1559/1559 1561/1561/1561
f 1563/1563/1563 1558/1558/1558 1562/1562/1562
f 1563/1563/1563 1557/1557/1557 1558/1558/1558
f 1562/1562/1562 1561/1561/1561 1564/1564/1564
f 1563/1563/1563 1562/1562/1562 1564/1564/1564
f 1561/1561/1561 1529/1529/1529 1565/1565/1565
f 1565/1565/1565 1564/1564/1564 1561/1561/1561
f 1477/1477/1477 1565/1565/1565 1529/1529/1529
f 1565/1565/1565 1477/1477/1477 1475/1475/1475
f 1557/1557/1557 1563/1563/1563 1566/1566/1566
f 1564/1564/1564 1566/1566/1566 1563/1563/1563
f 1566/1566/1566 1560/1560/1560 1557/1557/1557
f 1564/1564/1564 1565/1565/1565 1567/1567/1567
f 1475/1475/1475 1567/1567/1567 1565/1565/1565
f 1566/1566/1566 1564/1564/1564 1568/1568/1568
f 1566/1566/1566 1568/1568/1568 1560/1560/1560
f 1567/1567/1567 1568/1568/1568 1564/1564/1564
f 1569/1569/1569 1560/1560/1560 1568/1568/1568
f 1560/1560/1560 1569/1569/1569 1555/1555/1555
f 1568/1568/1568 1567/1567/1567 1570/1570/1570
f 1568/1568/1568 1570/1570/1570 1569/1569/1569
f 1567/1567/1567 1475/1475/1475 1571/1571/1571
f 1571/1571/1571 1570/1570/1570 1567/1567/1567
f 1472/1472/1472 1571/1571/1571 1475/1475/1475
f 1571/1571/1571 1472/1472/1472 1470/1470/1470
f 1470/1470/1470 1572/1572/1572 1571/1571/1571
f 1570/1570/1570 1571/1571/1571 1572/1572/1572
f 1572/1572/1572 1470/1470/1470 1471/1471/1471
f 1573/1573/1573 1569/1569/1569 1570/1570/1570
f 1570/1570/1570 1572/1572/1572 1573/1573/1573
f 1574/1574/1574 1572/1572/1572 1471/1471/1471
f 1574/1574/1574 1573/1573/1573 1572/1572/1572
f 1471/1471/1471 1575/1575/1575 1574/1574/1574
f 1569/1569/1569 1573/1573/1573 1576/1576/1576
f 1576/1576/1576 1555/1555/1555 1569/1569/1569
f 1556/1556/1556 1555/1555/1555 1576/1576/1576
f 1573/1573/1573 1574/1574/1574 1577/1577/1577
f 1577/1577/1577 1576/1576/1576 1573/1573/1573
f 1574/1574/1574 1575/1575/1575 1578/1578/1578
f 1578/1578/1578 1577/1577/1577 1574/1574/1574
f 1579/1579/1579 1578/1578/1578 1575/1575/1575
f 1580/1580/1580 1578/1578/1578 1579/1579/1579
f 1581/1581/1581 1576/1576/1576 1577/1577/1577
f 1577/1577/1577 1578/1578/1578 1581/1581/1581
f 1576/1576/1576 1581/1581/1581 1556/1556/1556
f 1582/1582/1582 1556/1556/1556 1581/1581/1581
f 1578/1578/1578 1580/1580/1580 1583/1583/1583
f 1583/1583/1583 1581/1581/1581 1578/1578/1578
f 1581/1581/1581 1583/1583/1583 1582/1582/1582
f 1584/1584/1584 1583/1583/1583 1580/1580/1580
f 1585/1585/1585 1583/1583/1583 1584/1584/1584
f 1586/1586/1586 1583/1583/1583 1585/1585/1585
f 1587/1587/1587 1583/1583/1583 1586/1586/1586
f 1588/1588/1588 1582/1582/1582 1583/1583/1583
f 1583/1583/1583 1587/1587/1587 1588/1588/1588
f 1589/1589/1589 1588/1588/1588 1587/1587/1587
f 1590/1590/1590 1588/1588/1588 1589/1589/1589
f 1593/1593/1593 1592/1592/1592 1591/1591/1591
f 1594/1594/1594 1591/1591/1591 1592/1592/1592
f 1591/1591/1591 1594/1594/1594 1595/1595/1595
f 1595/1595/1595 1594/1594/1594 1596/1596/1596
f 1597/1597/1597 1594/1594/1594 1592/1592/1592
f 1596/1596/1596 1594/1594/1594 1598/1598/1598
f 1594/1594/1594 1597/1597/1597 1599/1599/1599
f 1491/1491/1491 1599/1599/1599 1597/1597/1597
f 1599/1599/1599 1491/1491/1491 1492/1492/1492
f 1492/1492/1492 1504/1504/1504 1599/1599/1599
f 1512/1512/1512 1599/1599/1599 1504/1504/1504
f 1600/1600/1600 1598/1598/1598 1594/1594/1594
f 1599/1599/1599 1600/1600/1600 1594/1594/1594
f 1599/1599/1599 1512/1512/1512 1600/1600/1600
f 1598/1598/1598 1600/1600/1600 1601/1601/1601
f 1512/1512/1512 1513/1513/1513 1600/1600/1600
f 1601/1601/1601 1600/1600/1600 1602/1602/1602
f 1603/1603/1603 1600/1600/1600 1513/1513/1513
f 1602/1602/1602 1600/1600/1600 1603/1603/1603
