mtllib SM_Pillar_02_b@000002909DC28F00.mtl
g SM_Pillar_02_b@000002909DC28F00
#Vertices 708
#Indices 3384
#Section 0 Offset 0 NumIndices 432 MaterialIndex 1 MI_BrickTile_A_01
#Section 1 Offset 432 NumIndices 360 MaterialIndex 2 MI_ConcreteTrim_A_01
#Section 2 Offset 792 NumIndices 2592 MaterialIndex 0 MI_ConcreteTile_01
v -0.470713 0.333871 -0.470713 0.000000 0.000000 1.000000 1.000000
v -0.500000 -0.000000 -0.400010 0.000000 0.000000 1.000000 1.000000
v -0.470713 -0.000000 -0.470713 0.000000 0.000000 1.000000 1.000000
v -0.500000 0.333871 -0.400010 0.000000 0.000000 1.000000 1.000000
v -0.500000 0.000000 0.400010 0.000000 0.000000 1.000000 1.000000
v -0.470713 0.667742 -0.470714 0.000000 0.000000 1.000000 1.000000
v -0.500000 0.333871 0.400010 0.000000 0.000000 1.000000 1.000000
v -0.470713 0.000000 0.470713 0.000000 0.000000 1.000000 1.000000
v -0.470713 0.333871 0.470713 0.000000 0.000000 1.000000 1.000000
v -0.500000 0.667742 -0.400010 0.000000 0.000000 1.000000 1.000000
v -0.470713 1.001614 -0.470714 0.000000 0.000000 1.000000 1.000000
v -0.500000 0.667742 0.400010 0.000000 0.000000 1.000000 1.000000
v -0.470713 0.667742 0.470713 0.000000 0.000000 1.000000 1.000000
v -0.500000 1.001614 -0.400010 0.000000 0.000000 1.000000 1.000000
v -0.470713 1.335485 -0.470714 0.000000 0.000000 1.000000 1.000000
v -0.500000 1.001614 0.400010 0.000000 0.000000 1.000000 1.000000
v -0.470713 1.001614 0.470713 0.000000 0.000000 1.000000 1.000000
v -0.500000 1.335485 -0.400010 0.000000 0.000000 1.000000 1.000000
v -0.470713 1.669356 -0.470714 0.000000 0.000000 1.000000 1.000000
v -0.500000 1.335485 0.400010 0.000000 0.000000 1.000000 1.000000
v -0.470713 1.335485 0.470713 0.000000 0.000000 1.000000 1.000000
v -0.500000 1.669356 -0.400010 0.000000 0.000000 1.000000 1.000000
v -0.470713 2.003227 -0.470714 0.000000 0.000000 1.000000 1.000000
v -0.500000 2.003227 -0.400010 0.000000 0.000000 1.000000 1.000000
v -0.500000 1.669356 0.400010 0.000000 0.000000 1.000000 1.000000
v -0.470713 1.669356 0.470713 0.000000 0.000000 1.000000 1.000000
v -0.500000 2.003227 0.400010 0.000000 0.000000 1.000000 1.000000
v -0.470713 2.003227 0.470713 0.000000 0.000000 1.000000 1.000000
v -0.470713 0.333871 0.470713 0.000000 0.000000 1.000000 1.000000
v -0.400010 0.000000 0.500000 0.000000 0.000000 1.000000 1.000000
v -0.470713 0.000000 0.470713 0.000000 0.000000 1.000000 1.000000
v -0.400010 0.333871 0.500000 0.000000 0.000000 1.000000 1.000000
v 0.400010 0.000000 0.500000 0.000000 0.000000 1.000000 1.000000
v -0.470713 0.667742 0.470713 0.000000 0.000000 1.000000 1.000000
v 0.400010 0.333871 0.500000 0.000000 0.000000 1.000000 1.000000
v 0.470714 0.000000 0.470713 0.000000 0.000000 1.000000 1.000000
v 0.470714 0.333871 0.470713 0.000000 0.000000 1.000000 1.000000
v -0.400010 0.667742 0.500000 0.000000 0.000000 1.000000 1.000000
v -0.470713 1.001614 0.470713 0.000000 0.000000 1.000000 1.000000
v 0.400010 0.667742 0.500000 0.000000 0.000000 1.000000 1.000000
v 0.470714 0.667742 0.470713 0.000000 0.000000 1.000000 1.000000
v -0.400010 1.001614 0.500000 0.000000 0.000000 1.000000 1.000000
v -0.470713 1.335485 0.470713 0.000000 0.000000 1.000000 1.000000
v 0.400010 1.001614 0.500000 0.000000 0.000000 1.000000 1.000000
v 0.470714 1.001614 0.470713 0.000000 0.000000 1.000000 1.000000
v -0.400010 1.335485 0.500000 0.000000 0.000000 1.000000 1.000000
v -0.470713 1.669356 0.470713 0.000000 0.000000 1.000000 1.000000
v 0.400010 1.335485 0.500000 0.000000 0.000000 1.000000 1.000000
v 0.470714 1.335485 0.470713 0.000000 0.000000 1.000000 1.000000
v -0.400010 1.669357 0.500000 0.000000 0.000000 1.000000 1.000000
v -0.470713 2.003227 0.470713 0.000000 0.000000 1.000000 1.000000
v -0.400010 2.003227 0.500000 0.000000 0.000000 1.000000 1.000000
v 0.400010 1.669357 0.500000 0.000000 0.000000 1.000000 1.000000
v 0.470714 1.669356 0.470713 0.000000 0.000000 1.000000 1.000000
v 0.400010 2.003227 0.500000 0.000000 0.000000 1.000000 1.000000
v 0.470714 2.003227 0.470713 0.000000 0.000000 1.000000 1.000000
v 0.470714 0.333871 -0.470713 0.000000 0.000000 1.000000 1.000000
v 0.400010 -0.000000 -0.500000 0.000000 0.000000 1.000000 1.000000
v 0.470714 -0.000000 -0.470713 0.000000 0.000000 1.000000 1.000000
v 0.400010 0.333871 -0.500000 0.000000 0.000000 1.000000 1.000000
v 0.470714 0.667742 -0.470714 0.000000 0.000000 1.000000 1.000000
v -0.400010 0.333871 -0.500000 0.000000 0.000000 1.000000 1.000000
v -0.400010 -0.000000 -0.500000 0.000000 0.000000 1.000000 1.000000
v -0.470713 -0.000000 -0.470713 0.000000 0.000000 1.000000 1.000000
v -0.470713 0.333871 -0.470713 0.000000 0.000000 1.000000 1.000000
v -0.400010 0.667742 -0.500000 0.000000 0.000000 1.000000 1.000000
v -0.470713 0.667742 -0.470714 0.000000 0.000000 1.000000 1.000000
v 0.400010 0.667742 -0.500000 0.000000 0.000000 1.000000 1.000000
v 0.470714 1.001614 -0.470714 0.000000 0.000000 1.000000 1.000000
v -0.400010 1.001614 -0.500000 0.000000 0.000000 1.000000 1.000000
v -0.470713 1.001614 -0.470714 0.000000 0.000000 1.000000 1.000000
v 0.400010 1.001614 -0.500000 0.000000 0.000000 1.000000 1.000000
v 0.470714 1.335485 -0.470714 0.000000 0.000000 1.000000 1.000000
v -0.400010 1.335485 -0.500000 0.000000 0.000000 1.000000 1.000000
v -0.470713 1.335485 -0.470714 0.000000 0.000000 1.000000 1.000000
v 0.400010 1.335485 -0.500000 0.000000 0.000000 1.000000 1.000000
v 0.470714 1.669356 -0.470714 0.000000 0.000000 1.000000 1.000000
v -0.400010 1.669356 -0.500000 0.000000 0.000000 1.000000 1.000000
v -0.470713 1.669356 -0.470714 0.000000 0.000000 1.000000 1.000000
v 0.400010 1.669356 -0.500000 0.000000 0.000000 1.000000 1.000000
v 0.470714 2.003227 -0.470714 0.000000 0.000000 1.000000 1.000000
v 0.400010 2.003227 -0.500000 0.000000 0.000000 1.000000 1.000000
v -0.400010 2.003227 -0.500000 0.000000 0.000000 1.000000 1.000000
v -0.470713 2.003227 -0.470714 0.000000 0.000000 1.000000 1.000000
v 0.470714 0.000000 0.470713 0.000000 0.000000 1.000000 1.000000
v 0.470714 0.333871 0.470713 0.000000 0.000000 1.000000 1.000000
v 0.500000 0.000000 0.400010 0.000000 0.000000 1.000000 1.000000
v 0.500000 0.333871 0.400010 0.000000 0.000000 1.000000 1.000000
v 0.470714 0.667742 0.470713 0.000000 0.000000 1.000000 1.000000
v 0.500000 0.333871 -0.400010 0.000000 0.000000 1.000000 1.000000
v 0.500000 -0.000000 -0.400010 0.000000 0.000000 1.000000 1.000000
v 0.470714 -0.000000 -0.470713 0.000000 0.000000 1.000000 1.000000
v 0.470714 0.333871 -0.470713 0.000000 0.000000 1.000000 1.000000
v 0.500000 0.667742 -0.400010 0.000000 0.000000 1.000000 1.000000
v 0.470714 0.667742 -0.470714 0.000000 0.000000 1.000000 1.000000
v 0.500000 0.667742 0.400010 0.000000 0.000000 1.000000 1.000000
v 0.470714 1.001614 0.470713 0.000000 0.000000 1.000000 1.000000
v 0.500000 1.001614 -0.400010 0.000000 0.000000 1.000000 1.000000
v 0.470714 1.001614 -0.470714 0.000000 0.000000 1.000000 1.000000
v 0.500000 1.001614 0.400010 0.000000 0.000000 1.000000 1.000000
v 0.470714 1.335485 0.470713 0.000000 0.000000 1.000000 1.000000
v 0.500000 1.335485 -0.400010 0.000000 0.000000 1.000000 1.000000
v 0.470714 1.335485 -0.470714 0.000000 0.000000 1.000000 1.000000
v 0.500000 1.335485 0.400010 0.000000 0.000000 1.000000 1.000000
v 0.470714 1.669356 0.470713 0.000000 0.000000 1.000000 1.000000
v 0.500000 1.669356 -0.400010 0.000000 0.000000 1.000000 1.000000
v 0.470714 1.669356 -0.470714 0.000000 0.000000 1.000000 1.000000
v 0.500000 1.669356 0.400010 0.000000 0.000000 1.000000 1.000000
v 0.470714 2.003227 0.470713 0.000000 0.000000 1.000000 1.000000
v 0.500000 2.003227 0.400010 0.000000 0.000000 1.000000 1.000000
v 0.500000 2.003227 -0.400010 0.000000 0.000000 1.000000 1.000000
v 0.470714 2.003227 -0.470714 0.000000 0.000000 1.000000 1.000000
v -0.613925 2.452791 0.613925 0.000000 0.000000 1.000000 1.000000
v -0.613925 2.050436 0.613925 0.000000 0.000000 1.000000 1.000000
v -0.643212 2.452791 0.543221 0.000000 0.000000 1.000000 1.000000
v -0.643212 2.050436 0.543221 0.000000 0.000000 1.000000 1.000000
v -0.643212 2.050436 -0.543222 0.000000 0.000000 1.000000 1.000000
v -0.643212 2.452791 -0.543222 0.000000 0.000000 1.000000 1.000000
v -0.613925 2.452791 -0.613925 0.000000 0.000000 1.000000 1.000000
v -0.613925 2.050436 -0.613925 0.000000 0.000000 1.000000 1.000000
v -0.613925 2.050436 0.613925 0.000000 0.000000 1.000000 1.000000
v -0.613925 2.452791 0.613925 0.000000 0.000000 1.000000 1.000000
v -0.543222 2.050436 0.643211 0.000000 0.000000 1.000000 1.000000
v -0.543222 2.452791 0.643211 0.000000 0.000000 1.000000 1.000000
v 0.543222 2.452791 0.643211 0.000000 0.000000 1.000000 1.000000
v 0.543222 2.050436 0.643211 0.000000 0.000000 1.000000 1.000000
v 0.613925 2.050436 0.613925 0.000000 0.000000 1.000000 1.000000
v 0.613925 2.452791 0.613925 0.000000 0.000000 1.000000 1.000000
v -0.613925 2.050436 -0.613925 0.000000 0.000000 1.000000 1.000000
v -0.543222 2.452791 -0.643212 0.000000 0.000000 1.000000 1.000000
v -0.613925 2.452791 -0.613925 0.000000 0.000000 1.000000 1.000000
v -0.543222 2.050436 -0.643212 0.000000 0.000000 1.000000 1.000000
v 0.543222 2.050436 -0.643212 0.000000 0.000000 1.000000 1.000000
v 0.543222 2.452791 -0.643212 0.000000 0.000000 1.000000 1.000000
v 0.613925 2.452791 -0.613925 0.000000 0.000000 1.000000 1.000000
v 0.613925 2.050436 -0.613925 0.000000 0.000000 1.000000 1.000000
v 0.613925 2.452791 0.613925 0.000000 0.000000 1.000000 1.000000
v 0.643212 2.050436 0.543221 0.000000 0.000000 1.000000 1.000000
v 0.613925 2.050436 0.613925 0.000000 0.000000 1.000000 1.000000
v 0.643212 2.452791 0.543221 0.000000 0.000000 1.000000 1.000000
v 0.643212 2.452791 -0.543222 0.000000 0.000000 1.000000 1.000000
v 0.643212 2.050436 -0.543222 0.000000 0.000000 1.000000 1.000000
v 0.613925 2.050436 -0.613925 0.000000 0.000000 1.000000 1.000000
v 0.613925 2.452791 -0.613925 0.000000 0.000000 1.000000 1.000000
v 0.613925 2.452791 0.613925 0.000000 0.000000 1.000000 1.000000
v 0.566716 2.500000 0.566716 0.000000 0.000000 1.000000 1.000000
v 0.643212 2.452791 0.543221 0.000000 0.000000 1.000000 1.000000
v 0.596003 2.500000 0.496013 0.000000 0.000000 1.000000 1.000000
v 0.470714 2.500000 0.470713 0.000000 0.000000 1.000000 1.000000
v 0.500000 2.500000 0.400010 0.000000 0.000000 1.000000 1.000000
v 0.643212 2.452791 -0.543222 0.000000 0.000000 1.000000 1.000000
v 0.500000 2.500000 -0.400010 0.000000 0.000000 1.000000 1.000000
v 0.596003 2.500000 -0.496013 0.000000 0.000000 1.000000 1.000000
v 0.470714 2.500000 -0.470714 0.000000 0.000000 1.000000 1.000000
v 0.566716 2.500000 -0.566717 0.000000 0.000000 1.000000 1.000000
v 0.613925 2.452791 -0.613925 0.000000 0.000000 1.000000 1.000000
v 0.543222 2.452791 -0.643212 0.000000 0.000000 1.000000 1.000000
v 0.496013 2.500000 -0.596003 0.000000 0.000000 1.000000 1.000000
v 0.400010 2.500000 -0.500000 0.000000 0.000000 1.000000 1.000000
v -0.400010 2.500000 -0.500000 0.000000 0.000000 1.000000 1.000000
v -0.496013 2.500000 -0.596003 0.000000 0.000000 1.000000 1.000000
v -0.543222 2.452791 -0.643212 0.000000 0.000000 1.000000 1.000000
v -0.470713 2.500000 -0.470714 0.000000 0.000000 1.000000 1.000000
v -0.566717 2.500000 -0.566717 0.000000 0.000000 1.000000 1.000000
v -0.613925 2.452791 -0.613925 0.000000 0.000000 1.000000 1.000000
v -0.643212 2.452791 -0.543222 0.000000 0.000000 1.000000 1.000000
v -0.596003 2.500000 -0.496013 0.000000 0.000000 1.000000 1.000000
v -0.500000 2.500000 -0.400010 0.000000 0.000000 1.000000 1.000000
v -0.596003 2.500000 0.496013 0.000000 0.000000 1.000000 1.000000
v -0.500000 2.500000 0.400010 0.000000 0.000000 1.000000 1.000000
v -0.643212 2.452791 0.543221 0.000000 0.000000 1.000000 1.000000
v -0.470713 2.500000 0.470713 0.000000 0.000000 1.000000 1.000000
v -0.566717 2.500000 0.566716 0.000000 0.000000 1.000000 1.000000
v -0.613925 2.452791 0.613925 0.000000 0.000000 1.000000 1.000000
v -0.543222 2.452791 0.643211 0.000000 0.000000 1.000000 1.000000
v -0.496013 2.500000 0.596002 0.000000 0.000000 1.000000 1.000000
v -0.400010 2.500000 0.500000 0.000000 0.000000 1.000000 1.000000
v 0.543222 2.452791 0.643211 0.000000 0.000000 1.000000 1.000000
v 0.400010 2.500000 0.500000 0.000000 0.000000 1.000000 1.000000
v 0.566716 2.500000 0.566716 0.000000 0.000000 1.000000 1.000000
v 0.613925 2.452791 0.613925 0.000000 0.000000 1.000000 1.000000
v 0.496013 2.500000 0.596002 0.000000 0.000000 1.000000 1.000000
v 0.470714 2.500000 0.470713 0.000000 0.000000 1.000000 1.000000
v 0.643212 2.050436 0.543221 0.000000 0.000000 1.000000 1.000000
v 0.566716 2.003227 0.566716 0.000000 0.000000 1.000000 1.000000
v 0.613925 2.050436 0.613925 0.000000 0.000000 1.000000 1.000000
v 0.596003 2.003227 0.496013 0.000000 0.000000 1.000000 1.000000
v 0.470714 2.003227 0.470713 0.000000 0.000000 1.000000 1.000000
v 0.500000 2.003227 0.400010 0.000000 0.000000 1.000000 1.000000
v 0.643212 2.050436 -0.543222 0.000000 0.000000 1.000000 1.000000
v 0.500000 2.003227 -0.400010 0.000000 0.000000 1.000000 1.000000
v 0.596003 2.003227 -0.496013 0.000000 0.000000 1.000000 1.000000
v 0.470714 2.003227 -0.470714 0.000000 0.000000 1.000000 1.000000
v 0.566716 2.003227 -0.566716 0.000000 0.000000 1.000000 1.000000
v 0.613925 2.050436 -0.613925 0.000000 0.000000 1.000000 1.000000
v 0.543222 2.050436 -0.643212 0.000000 0.000000 1.000000 1.000000
v 0.496013 2.003227 -0.596003 0.000000 0.000000 1.000000 1.000000
v 0.400010 2.003227 -0.500000 0.000000 0.000000 1.000000 1.000000
v -0.400010 2.003227 -0.500000 0.000000 0.000000 1.000000 1.000000
v -0.496013 2.003227 -0.596003 0.000000 0.000000 1.000000 1.000000
v -0.543222 2.050436 -0.643212 0.000000 0.000000 1.000000 1.000000
v -0.470713 2.003227 -0.470714 0.000000 0.000000 1.000000 1.000000
v -0.566717 2.003227 -0.566716 0.000000 0.000000 1.000000 1.000000
v -0.613925 2.050436 -0.613925 0.000000 0.000000 1.000000 1.000000
v -0.643212 2.050436 -0.543222 0.000000 0.000000 1.000000 1.000000
v -0.596003 2.003227 -0.496013 0.000000 0.000000 1.000000 1.000000
v -0.500000 2.003227 -0.400010 0.000000 0.000000 1.000000 1.000000
v -0.596003 2.003227 0.496013 0.000000 0.000000 1.000000 1.000000
v -0.500000 2.003227 0.400010 0.000000 0.000000 1.000000 1.000000
v -0.643212 2.050436 0.543221 0.000000 0.000000 1.000000 1.000000
v -0.470713 2.003227 0.470713 0.000000 0.000000 1.000000 1.000000
v -0.566717 2.003227 0.566716 0.000000 0.000000 1.000000 1.000000
v -0.613925 2.050436 0.613925 0.000000 0.000000 1.000000 1.000000
v -0.543222 2.050436 0.643211 0.000000 0.000000 1.000000 1.000000
v -0.496013 2.003227 0.596003 0.000000 0.000000 1.000000 1.000000
v -0.400010 2.003227 0.500000 0.000000 0.000000 1.000000 1.000000
v 0.543222 2.050436 0.643211 0.000000 0.000000 1.000000 1.000000
v 0.400010 2.003227 0.500000 0.000000 0.000000 1.000000 1.000000
v 0.566716 2.003227 0.566716 0.000000 0.000000 1.000000 1.000000
v 0.613925 2.050436 0.613925 0.000000 0.000000 1.000000 1.000000
v 0.496013 2.003227 0.596003 0.000000 0.000000 1.000000 1.000000
v 0.470714 2.003227 0.470713 0.000000 0.000000 1.000000 1.000000
v 0.000001 2.500000 0.449999 0.000000 0.000000 1.000000 1.000000
v 0.000001 2.928571 0.449999 0.000000 0.000000 1.000000 1.000000
v 0.139058 2.500000 0.427974 0.000000 0.000000 1.000000 1.000000
v 0.139058 2.928571 0.427974 0.000000 0.000000 1.000000 1.000000
v 0.264504 2.500000 0.364057 0.000000 0.000000 1.000000 1.000000
v 0.000001 3.357142 0.449999 0.000000 0.000000 1.000000 1.000000
v 0.264504 2.928571 0.364057 0.000000 0.000000 1.000000 1.000000
v 0.364058 2.500000 0.264503 0.000000 0.000000 1.000000 1.000000
v 0.139058 3.357142 0.427974 0.000000 0.000000 1.000000 1.000000
v 0.000001 3.785713 0.449999 0.000000 0.000000 1.000000 1.000000
v 0.364058 2.928571 0.264503 0.000000 0.000000 1.000000 1.000000
v 0.427976 2.500000 0.139057 0.000000 0.000000 1.000000 1.000000
v 0.264504 3.357142 0.364057 0.000000 0.000000 1.000000 1.000000
v 0.139058 3.785713 0.427974 0.000000 0.000000 1.000000 1.000000
v 0.000001 4.214285 0.449999 0.000000 0.000000 1.000000 1.000000
v 0.427976 2.928571 0.139057 0.000000 0.000000 1.000000 1.000000
v 0.450001 2.500000 -0.000001 0.000000 0.000000 1.000000 1.000000
v 0.364058 3.357142 0.264503 0.000000 0.000000 1.000000 1.000000
v 0.264504 3.785713 0.364057 0.000000 0.000000 1.000000 1.000000
v 0.139058 4.214285 0.427974 0.000000 0.000000 1.000000 1.000000
v 0.000001 4.642857 0.449999 0.000000 0.000000 1.000000 1.000000
v 0.364058 3.785713 0.264503 0.000000 0.000000 1.000000 1.000000
v 0.139058 4.642857 0.427974 0.000000 0.000000 1.000000 1.000000
v 0.000001 5.071428 0.449999 0.000000 0.000000 1.000000 1.000000
v 0.264504 4.214285 0.364056 0.000000 0.000000 1.000000 1.000000
v 0.139058 5.071428 0.427974 0.000000 0.000000 1.000000 1.000000
v 0.000001 5.500000 0.449999 0.000000 0.000000 1.000000 1.000000
v 0.264504 4.642857 0.364056 0.000000 0.000000 1.000000 1.000000
v 0.364058 4.214285 0.264503 0.000000 0.000000 1.000000 1.000000
v 0.139058 5.500000 0.427974 0.000000 0.000000 1.000000 1.000000
v 0.000001 5.928571 0.449999 0.000000 0.000000 1.000000 1.000000
v 0.264504 5.071428 0.364056 0.000000 0.000000 1.000000 1.000000
v 0.139058 5.928571 0.427974 0.000000 0.000000 1.000000 1.000000
v 0.000001 6.357142 0.449999 0.000000 0.000000 1.000000 1.000000
v 0.264504 5.500000 0.364056 0.000000 0.000000 1.000000 1.000000
v 0.364058 4.642857 0.264503 0.000000 0.000000 1.000000 1.000000
v 0.139058 6.357142 0.427974 0.000000 0.000000 1.000000 1.000000
v 0.000001 6.785714 0.449999 0.000000 0.000000 1.000000 1.000000
v 0.264504 5.928571 0.364056 0.000000 0.000000 1.000000 1.000000
v 0.139058 6.785714 0.427974 0.000000 0.000000 1.000000 1.000000
v 0.000001 7.214286 0.449998 0.000000 0.000000 1.000000 1.000000
v 0.264504 6.357142 0.364056 0.000000 0.000000 1.000000 1.000000
v 0.139058 7.214286 0.427974 0.000000 0.000000 1.000000 1.000000
v 0.000001 7.642858 0.449998 0.000000 0.000000 1.000000 1.000000
v 0.264504 6.785714 0.364056 0.000000 0.000000 1.000000 1.000000
v 0.139058 7.642858 0.427974 0.000000 0.000000 1.000000 1.000000
v 0.000001 8.071428 0.449998 0.000000 0.000000 1.000000 1.000000
v 0.264504 7.214286 0.364056 0.000000 0.000000 1.000000 1.000000
v 0.139058 8.071428 0.427974 0.000000 0.000000 1.000000 1.000000
v 0.000001 8.499999 0.449998 0.000000 0.000000 1.000000 1.000000
v 0.264504 7.642858 0.364056 0.000000 0.000000 1.000000 1.000000
v 0.139058 8.499999 0.427974 0.000000 0.000000 1.000000 1.000000
v 0.000001 8.928571 0.449998 0.000000 0.000000 1.000000 1.000000
v 0.264504 8.071428 0.364056 0.000000 0.000000 1.000000 1.000000
v 0.139058 8.928571 0.427974 0.000000 0.000000 1.000000 1.000000
v 0.000001 9.357142 0.449998 0.000000 0.000000 1.000000 1.000000
v 0.264504 8.499999 0.364056 0.000000 0.000000 1.000000 1.000000
v 0.139058 9.357142 0.427974 0.000000 0.000000 1.000000 1.000000
v 0.000001 9.785714 0.449998 0.000000 0.000000 1.000000 1.000000
v 0.264504 8.928571 0.364056 0.000000 0.000000 1.000000 1.000000
v 0.139058 9.785714 0.427974 0.000000 0.000000 1.000000 1.000000
v 0.000001 10.214286 0.449998 0.000000 0.000000 1.000000 1.000000
v 0.264504 9.357142 0.364056 0.000000 0.000000 1.000000 1.000000
v 0.139058 10.214286 0.427974 0.000000 0.000000 1.000000 1.000000
v 0.000001 10.642857 0.449998 0.000000 0.000000 1.000000 1.000000
v 0.264504 9.785714 0.364056 0.000000 0.000000 1.000000 1.000000
v 0.139058 10.642857 0.427974 0.000000 0.000000 1.000000 1.000000
v 0.000001 11.071428 0.449998 0.000000 0.000000 1.000000 1.000000
v 0.264504 10.214286 0.364056 0.000000 0.000000 1.000000 1.000000
v 0.139058 11.071428 0.427973 0.000000 0.000000 1.000000 1.000000
v 0.000001 11.499999 0.449998 0.000000 0.000000 1.000000 1.000000
v 0.139058 11.499999 0.427973 0.000000 0.000000 1.000000 1.000000
v 0.264504 10.642857 0.364056 0.000000 0.000000 1.000000 1.000000
v 0.264504 11.071428 0.364056 0.000000 0.000000 1.000000 1.000000
v 0.264504 11.499999 0.364056 0.000000 0.000000 1.000000 1.000000
v 0.364058 10.214286 0.264502 0.000000 0.000000 1.000000 1.000000
v 0.364058 11.071428 0.264502 0.000000 0.000000 1.000000 1.000000
v 0.364058 11.499999 0.264502 0.000000 0.000000 1.000000 1.000000
v 0.364058 10.642857 0.264502 0.000000 0.000000 1.000000 1.000000
v 0.427976 11.071428 0.139056 0.000000 0.000000 1.000000 1.000000
v 0.427976 11.499999 0.139056 0.000000 0.000000 1.000000 1.000000
v 0.427976 10.642857 0.139056 0.000000 0.000000 1.000000 1.000000
v 0.450001 11.071428 -0.000002 0.000000 0.000000 1.000000 1.000000
v 0.450001 11.499999 -0.000002 0.000000 0.000000 1.000000 1.000000
v 0.450001 10.642857 -0.000002 0.000000 0.000000 1.000000 1.000000
v 0.427976 10.214286 0.139056 0.000000 0.000000 1.000000 1.000000
v 0.427976 11.071428 -0.139060 0.000000 0.000000 1.000000 1.000000
v 0.427976 11.499999 -0.139060 0.000000 0.000000 1.000000 1.000000
v 0.427976 10.642857 -0.139059 0.000000 0.000000 1.000000 1.000000
v 0.450001 10.214286 -0.000002 0.000000 0.000000 1.000000 1.000000
v 0.364058 11.071428 -0.264505 0.000000 0.000000 1.000000 1.000000
v 0.364058 11.499999 -0.264505 0.000000 0.000000 1.000000 1.000000
v 0.364058 10.642857 -0.264505 0.000000 0.000000 1.000000 1.000000
v 0.427976 10.214286 -0.139059 0.000000 0.000000 1.000000 1.000000
v 0.264504 11.071428 -0.364060 0.000000 0.000000 1.000000 1.000000
v 0.264504 11.499999 -0.364060 0.000000 0.000000 1.000000 1.000000
v 0.264504 10.642857 -0.364059 0.000000 0.000000 1.000000 1.000000
v 0.364058 10.214286 -0.264505 0.000000 0.000000 1.000000 1.000000
v 0.139058 11.071428 -0.427977 0.000000 0.000000 1.000000 1.000000
v 0.139058 11.499999 -0.427977 0.000000 0.000000 1.000000 1.000000
v 0.139058 10.642857 -0.427977 0.000000 0.000000 1.000000 1.000000
v 0.264504 10.214286 -0.364059 0.000000 0.000000 1.000000 1.000000
v 0.000001 11.071428 -0.450002 0.000000 0.000000 1.000000 1.000000
v 0.000001 11.499999 -0.450002 0.000000 0.000000 1.000000 1.000000
v 0.000001 10.642857 -0.450002 0.000000 0.000000 1.000000 1.000000
v 0.139058 10.214286 -0.427977 0.000000 0.000000 1.000000 1.000000
v -0.139057 11.071428 -0.427977 0.000000 0.000000 1.000000 1.000000
v -0.139057 11.499999 -0.427977 0.000000 0.000000 1.000000 1.000000
v -0.139057 10.642857 -0.427977 0.000000 0.000000 1.000000 1.000000
v 0.000001 10.214286 -0.450002 0.000000 0.000000 1.000000 1.000000
v -0.264503 11.071428 -0.364060 0.000000 0.000000 1.000000 1.000000
v -0.264503 11.499999 -0.364060 0.000000 0.000000 1.000000 1.000000
v -0.264503 10.642857 -0.364059 0.000000 0.000000 1.000000 1.000000
v -0.139057 10.214286 -0.427977 0.000000 0.000000 1.000000 1.000000
v -0.364057 11.071428 -0.264505 0.000000 0.000000 1.000000 1.000000
v -0.364057 11.499999 -0.264505 0.000000 0.000000 1.000000 1.000000
v -0.364057 10.642857 -0.264505 0.000000 0.000000 1.000000 1.000000
v -0.264503 10.214286 -0.364059 0.000000 0.000000 1.000000 1.000000
v -0.427975 11.071428 -0.139060 0.000000 0.000000 1.000000 1.000000
v -0.427975 11.499999 -0.139060 0.000000 0.000000 1.000000 1.000000
v -0.427975 10.642857 -0.139059 0.000000 0.000000 1.000000 1.000000
v -0.364057 10.214286 -0.264505 0.000000 0.000000 1.000000 1.000000
v -0.427975 10.214286 -0.139059 0.000000 0.000000 1.000000 1.000000
v -0.449999 10.642857 -0.000002 0.000000 0.000000 1.000000 1.000000
v -0.449999 11.071428 -0.000002 0.000000 0.000000 1.000000 1.000000
v -0.449999 11.499999 -0.000002 0.000000 0.000000 1.000000 1.000000
v -0.449999 10.214286 -0.000002 0.000000 0.000000 1.000000 1.000000
v -0.427975 11.071428 0.139056 0.000000 0.000000 1.000000 1.000000
v -0.427975 11.499999 0.139056 0.000000 0.000000 1.000000 1.000000
v -0.427975 10.642857 0.139056 0.000000 0.000000 1.000000 1.000000
v -0.364057 11.071428 0.264501 0.000000 0.000000 1.000000 1.000000
v -0.364057 11.499999 0.264501 0.000000 0.000000 1.000000 1.000000
v -0.364057 10.642857 0.264501 0.000000 0.000000 1.000000 1.000000
v -0.427975 10.214286 0.139056 0.000000 0.000000 1.000000 1.000000
v -0.364057 10.214286 0.264501 0.000000 0.000000 1.000000 1.000000
v -0.264503 10.642857 0.364056 0.000000 0.000000 1.000000 1.000000
v -0.264503 11.071428 0.364056 0.000000 0.000000 1.000000 1.000000
v -0.264503 11.499999 0.364056 0.000000 0.000000 1.000000 1.000000
v -0.264503 10.214286 0.364056 0.000000 0.000000 1.000000 1.000000
v -0.139057 11.071428 0.427973 0.000000 0.000000 1.000000 1.000000
v -0.139057 11.499999 0.427973 0.000000 0.000000 1.000000 1.000000
v 0.000001 11.071428 0.449998 0.000000 0.000000 1.000000 1.000000
v 0.000001 11.499999 0.449998 0.000000 0.000000 1.000000 1.000000
v 0.000001 10.642857 0.449998 0.000000 0.000000 1.000000 1.000000
v -0.139057 10.642857 0.427974 0.000000 0.000000 1.000000 1.000000
v 0.000001 10.214286 0.449998 0.000000 0.000000 1.000000 1.000000
v -0.139057 10.214286 0.427974 0.000000 0.000000 1.000000 1.000000
v 0.000001 9.785714 0.449998 0.000000 0.000000 1.000000 1.000000
v -0.139057 9.785714 0.427974 0.000000 0.000000 1.000000 1.000000
v 0.000001 9.357142 0.449998 0.000000 0.000000 1.000000 1.000000
v -0.264503 9.785714 0.364056 0.000000 0.000000 1.000000 1.000000
v -0.139057 9.357142 0.427974 0.000000 0.000000 1.000000 1.000000
v 0.000001 8.928571 0.449998 0.000000 0.000000 1.000000 1.000000
v -0.364057 9.785714 0.264501 0.000000 0.000000 1.000000 1.000000
v -0.264503 9.357142 0.364056 0.000000 0.000000 1.000000 1.000000
v -0.139057 8.928571 0.427974 0.000000 0.000000 1.000000 1.000000
v 0.000001 8.499999 0.449998 0.000000 0.000000 1.000000 1.000000
v -0.427975 9.785714 0.139056 0.000000 0.000000 1.000000 1.000000
v -0.139057 8.499999 0.427974 0.000000 0.000000 1.000000 1.000000
v 0.000001 8.071428 0.449998 0.000000 0.000000 1.000000 1.000000
v -0.264503 8.928571 0.364056 0.000000 0.000000 1.000000 1.000000
v -0.364057 9.357142 0.264501 0.000000 0.000000 1.000000 1.000000
v -0.139057 8.071428 0.427974 0.000000 0.000000 1.000000 1.000000
v 0.000001 7.642858 0.449998 0.000000 0.000000 1.000000 1.000000
v -0.264503 8.499999 0.364056 0.000000 0.000000 1.000000 1.000000
v -0.364057 8.928571 0.264501 0.000000 0.000000 1.000000 1.000000
v -0.139057 7.642858 0.427974 0.000000 0.000000 1.000000 1.000000
v 0.000001 7.214286 0.449998 0.000000 0.000000 1.000000 1.000000
v -0.264503 8.071428 0.364056 0.000000 0.000000 1.000000 1.000000
v -0.139057 7.214286 0.427974 0.000000 0.000000 1.000000 1.000000
v 0.000001 6.785714 0.449999 0.000000 0.000000 1.000000 1.000000
v -0.264503 7.642858 0.364056 0.000000 0.000000 1.000000 1.000000
v -0.364057 8.499999 0.264502 0.000000 0.000000 1.000000 1.000000
v -0.139057 6.785714 0.427974 0.000000 0.000000 1.000000 1.000000
v 0.000001 6.357142 0.449999 0.000000 0.000000 1.000000 1.000000
v -0.264503 7.214286 0.364056 0.000000 0.000000 1.000000 1.000000
v -0.364057 8.071428 0.264502 0.000000 0.000000 1.000000 1.000000
v -0.139057 6.357142 0.427974 0.000000 0.000000 1.000000 1.000000
v 0.000001 5.928571 0.449999 0.000000 0.000000 1.000000 1.000000
v -0.264503 6.785714 0.364056 0.000000 0.000000 1.000000 1.000000
v -0.364057 7.642858 0.264502 0.000000 0.000000 1.000000 1.000000
v -0.139057 5.928571 0.427974 0.000000 0.000000 1.000000 1.000000
v 0.000001 5.500000 0.449999 0.000000 0.000000 1.000000 1.000000
v -0.264503 6.357142 0.364056 0.000000 0.000000 1.000000 1.000000
v -0.364057 7.214286 0.264502 0.000000 0.000000 1.000000 1.000000
v -0.139057 5.500000 0.427974 0.000000 0.000000 1.000000 1.000000
v 0.000001 5.071428 0.449999 0.000000 0.000000 1.000000 1.000000
v -0.264503 5.928571 0.364056 0.000000 0.000000 1.000000 1.000000
v -0.364057 6.785714 0.264502 0.000000 0.000000 1.000000 1.000000
v -0.139057 5.071428 0.427974 0.000000 0.000000 1.000000 1.000000
v 0.000001 4.642857 0.449999 0.000000 0.000000 1.000000 1.000000
v -0.264503 5.500000 0.364056 0.000000 0.000000 1.000000 1.000000
v -0.364057 6.357142 0.264502 0.000000 0.000000 1.000000 1.000000
v -0.139057 4.642857 0.427974 0.000000 0.000000 1.000000 1.000000
v 0.000001 4.214285 0.449999 0.000000 0.000000 1.000000 1.000000
v -0.264503 5.071428 0.364056 0.000000 0.000000 1.000000 1.000000
v -0.364057 5.928571 0.264502 0.000000 0.000000 1.000000 1.000000
v -0.139057 4.214285 0.427974 0.000000 0.000000 1.000000 1.000000
v 0.000001 3.785713 0.449999 0.000000 0.000000 1.000000 1.000000
v -0.264503 4.642857 0.364056 0.000000 0.000000 1.000000 1.000000
v -0.364057 5.500000 0.264502 0.000000 0.000000 1.000000 1.000000
v -0.139057 3.785713 0.427974 0.000000 0.000000 1.000000 1.000000
v 0.000001 3.357142 0.449999 0.000000 0.000000 1.000000 1.000000
v -0.264503 4.214285 0.364056 0.000000 0.000000 1.000000 1.000000
v -0.364057 5.071428 0.264502 0.000000 0.000000 1.000000 1.000000
v -0.139057 3.357142 0.427974 0.000000 0.000000 1.000000 1.000000
v 0.000001 2.928571 0.449999 0.000000 0.000000 1.000000 1.000000
v -0.264503 3.785713 0.364057 0.000000 0.000000 1.000000 1.000000
v -0.364057 4.642857 0.264502 0.000000 0.000000 1.000000 1.000000
v -0.139057 2.928571 0.427974 0.000000 0.000000 1.000000 1.000000
v 0.000001 2.500000 0.449999 0.000000 0.000000 1.000000 1.000000
v -0.139057 2.500000 0.427974 0.000000 0.000000 1.000000 1.000000
v -0.264503 3.357142 0.364057 0.000000 0.000000 1.000000 1.000000
v -0.264503 2.928571 0.364057 0.000000 0.000000 1.000000 1.000000
v -0.264503 2.500000 0.364057 0.000000 0.000000 1.000000 1.000000
v -0.364057 3.785713 0.264502 0.000000 0.000000 1.000000 1.000000
v -0.364057 2.928571 0.264502 0.000000 0.000000 1.000000 1.000000
v -0.364057 2.500000 0.264502 0.000000 0.000000 1.000000 1.000000
v -0.364057 3.357142 0.264502 0.000000 0.000000 1.000000 1.000000
v -0.427975 2.928571 0.139057 0.000000 0.000000 1.000000 1.000000
v -0.427975 2.500000 0.139057 0.000000 0.000000 1.000000 1.000000
v -0.427975 3.357142 0.139057 0.000000 0.000000 1.000000 1.000000
v -0.427975 3.785713 0.139057 0.000000 0.000000 1.000000 1.000000
v -0.449999 2.928571 -0.000001 0.000000 0.000000 1.000000 1.000000
v -0.449999 2.500000 -0.000001 0.000000 0.000000 1.000000 1.000000
v -0.449999 3.357142 -0.000001 0.000000 0.000000 1.000000 1.000000
v -0.449999 3.785713 -0.000001 0.000000 0.000000 1.000000 1.000000
v -0.427975 2.928571 -0.139059 0.000000 0.000000 1.000000 1.000000
v -0.427975 2.500000 -0.139059 0.000000 0.000000 1.000000 1.000000
v -0.427975 3.357142 -0.139059 0.000000 0.000000 1.000000 1.000000
v -0.427975 3.785713 -0.139059 0.000000 0.000000 1.000000 1.000000
v -0.364057 2.928571 -0.264504 0.000000 0.000000 1.000000 1.000000
v -0.364057 2.500000 -0.264504 0.000000 0.000000 1.000000 1.000000
v -0.364057 3.357142 -0.264504 0.000000 0.000000 1.000000 1.000000
v -0.364057 3.785713 -0.264504 0.000000 0.000000 1.000000 1.000000
v -0.264503 2.928571 -0.364059 0.000000 0.000000 1.000000 1.000000
v -0.264503 2.500000 -0.364058 0.000000 0.000000 1.000000 1.000000
v -0.264503 3.357142 -0.364059 0.000000 0.000000 1.000000 1.000000
v -0.264503 3.785713 -0.364059 0.000000 0.000000 1.000000 1.000000
v -0.139057 2.928571 -0.427976 0.000000 0.000000 1.000000 1.000000
v -0.139057 2.500000 -0.427976 0.000000 0.000000 1.000000 1.000000
v -0.139057 3.357142 -0.427976 0.000000 0.000000 1.000000 1.000000
v -0.139057 3.785713 -0.427976 0.000000 0.000000 1.000000 1.000000
v 0.000001 2.928571 -0.450001 0.000000 0.000000 1.000000 1.000000
v 0.000001 2.500000 -0.450001 0.000000 0.000000 1.000000 1.000000
v 0.000001 3.357142 -0.450001 0.000000 0.000000 1.000000 1.000000
v 0.000001 3.785713 -0.450001 0.000000 0.000000 1.000000 1.000000
v 0.139058 2.928571 -0.427976 0.000000 0.000000 1.000000 1.000000
v 0.139058 2.500000 -0.427976 0.000000 0.000000 1.000000 1.000000
v 0.139058 3.357142 -0.427976 0.000000 0.000000 1.000000 1.000000
v 0.139058 3.785713 -0.427976 0.000000 0.000000 1.000000 1.000000
v 0.264504 2.928571 -0.364059 0.000000 0.000000 1.000000 1.000000
v 0.264504 2.500000 -0.364058 0.000000 0.000000 1.000000 1.000000
v 0.264504 3.357142 -0.364059 0.000000 0.000000 1.000000 1.000000
v 0.264504 3.785713 -0.364059 0.000000 0.000000 1.000000 1.000000
v 0.364058 2.928571 -0.264504 0.000000 0.000000 1.000000 1.000000
v 0.364058 2.500000 -0.264504 0.000000 0.000000 1.000000 1.000000
v 0.364058 3.357142 -0.264504 0.000000 0.000000 1.000000 1.000000
v 0.364058 3.785713 -0.264504 0.000000 0.000000 1.000000 1.000000
v 0.427976 2.928571 -0.139059 0.000000 0.000000 1.000000 1.000000
v 0.427976 2.500000 -0.139059 0.000000 0.000000 1.000000 1.000000
v 0.427976 3.357142 -0.139059 0.000000 0.000000 1.000000 1.000000
v 0.450001 2.928571 -0.000001 0.000000 0.000000 1.000000 1.000000
v 0.450001 3.357142 -0.000001 0.000000 0.000000 1.000000 1.000000
v 0.427976 3.357142 0.139057 0.000000 0.000000 1.000000 1.000000
v 0.427976 3.785713 0.139057 0.000000 0.000000 1.000000 1.000000
v 0.450001 3.785713 -0.000001 0.000000 0.000000 1.000000 1.000000
v 0.427976 4.214285 0.139056 0.000000 0.000000 1.000000 1.000000
v 0.427976 3.785713 -0.139059 0.000000 0.000000 1.000000 1.000000
v 0.450001 4.214285 -0.000001 0.000000 0.000000 1.000000 1.000000
v 0.427976 4.642857 0.139056 0.000000 0.000000 1.000000 1.000000
v 0.427976 4.214285 -0.139059 0.000000 0.000000 1.000000 1.000000
v 0.364058 4.214285 -0.264504 0.000000 0.000000 1.000000 1.000000
v 0.450001 4.642857 -0.000001 0.000000 0.000000 1.000000 1.000000
v 0.427976 4.642857 -0.139059 0.000000 0.000000 1.000000 1.000000
v 0.264504 4.214285 -0.364059 0.000000 0.000000 1.000000 1.000000
v 0.364058 4.642857 -0.264504 0.000000 0.000000 1.000000 1.000000
v 0.139058 4.214285 -0.427977 0.000000 0.000000 1.000000 1.000000
v 0.264504 4.642857 -0.364059 0.000000 0.000000 1.000000 1.000000
v 0.000001 4.214285 -0.450001 0.000000 0.000000 1.000000 1.000000
v 0.139058 4.642857 -0.427977 0.000000 0.000000 1.000000 1.000000
v -0.139057 4.214285 -0.427977 0.000000 0.000000 1.000000 1.000000
v 0.000001 4.642857 -0.450001 0.000000 0.000000 1.000000 1.000000
v -0.264503 4.214285 -0.364059 0.000000 0.000000 1.000000 1.000000
v -0.139057 4.642857 -0.427977 0.000000 0.000000 1.000000 1.000000
v -0.364057 4.214285 -0.264504 0.000000 0.000000 1.000000 1.000000
v -0.264503 4.642857 -0.364059 0.000000 0.000000 1.000000 1.000000
v -0.427975 4.214285 -0.139059 0.000000 0.000000 1.000000 1.000000
v -0.364057 4.642857 -0.264504 0.000000 0.000000 1.000000 1.000000
v -0.449999 4.214285 -0.000001 0.000000 0.000000 1.000000 1.000000
v -0.427975 4.642857 -0.139059 0.000000 0.000000 1.000000 1.000000
v -0.427975 4.214285 0.139056 0.000000 0.000000 1.000000 1.000000
v -0.449999 4.642857 -0.000001 0.000000 0.000000 1.000000 1.000000
v -0.364057 4.214285 0.264502 0.000000 0.000000 1.000000 1.000000
v -0.427975 4.642857 0.139056 0.000000 0.000000 1.000000 1.000000
v -0.427975 5.071428 0.139056 0.000000 0.000000 1.000000 1.000000
v -0.449999 5.071428 -0.000001 0.000000 0.000000 1.000000 1.000000
v -0.427975 5.500000 0.139056 0.000000 0.000000 1.000000 1.000000
v -0.449999 5.500000 -0.000001 0.000000 0.000000 1.000000 1.000000
v -0.427975 5.071428 -0.139059 0.000000 0.000000 1.000000 1.000000
v -0.427975 5.500000 -0.139059 0.000000 0.000000 1.000000 1.000000
v -0.364057 5.071428 -0.264504 0.000000 0.000000 1.000000 1.000000
v -0.364057 5.500000 -0.264504 0.000000 0.000000 1.000000 1.000000
v -0.264503 5.071428 -0.364059 0.000000 0.000000 1.000000 1.000000
v -0.264503 5.500000 -0.364059 0.000000 0.000000 1.000000 1.000000
v -0.139057 5.071428 -0.427977 0.000000 0.000000 1.000000 1.000000
v -0.139057 5.500000 -0.427977 0.000000 0.000000 1.000000 1.000000
v 0.000001 5.071428 -0.450001 0.000000 0.000000 1.000000 1.000000
v 0.000001 5.500000 -0.450001 0.000000 0.000000 1.000000 1.000000
v 0.139058 5.071428 -0.427977 0.000000 0.000000 1.000000 1.000000
v 0.139058 5.500000 -0.427977 0.000000 0.000000 1.000000 1.000000
v 0.264504 5.071428 -0.364059 0.000000 0.000000 1.000000 1.000000
v 0.264504 5.500000 -0.364059 0.000000 0.000000 1.000000 1.000000
v 0.364058 5.071428 -0.264504 0.000000 0.000000 1.000000 1.000000
v 0.364058 5.500000 -0.264504 0.000000 0.000000 1.000000 1.000000
v 0.427976 5.071428 -0.139059 0.000000 0.000000 1.000000 1.000000
v 0.427976 5.500000 -0.139059 0.000000 0.000000 1.000000 1.000000
v 0.450001 5.071428 -0.000001 0.000000 0.000000 1.000000 1.000000
v 0.450001 5.500000 -0.000001 0.000000 0.000000 1.000000 1.000000
v 0.427976 5.071428 0.139056 0.000000 0.000000 1.000000 1.000000
v 0.427976 5.500000 0.139056 0.000000 0.000000 1.000000 1.000000
v 0.364058 5.071428 0.264503 0.000000 0.000000 1.000000 1.000000
v 0.364058 5.500000 0.264502 0.000000 0.000000 1.000000 1.000000
v 0.364058 5.928571 0.264502 0.000000 0.000000 1.000000 1.000000
v 0.427976 5.928571 0.139056 0.000000 0.000000 1.000000 1.000000
v 0.364058 6.357142 0.264502 0.000000 0.000000 1.000000 1.000000
v 0.450001 5.928571 -0.000001 0.000000 0.000000 1.000000 1.000000
v 0.427976 6.357142 0.139056 0.000000 0.000000 1.000000 1.000000
v 0.364058 6.785714 0.264502 0.000000 0.000000 1.000000 1.000000
v 0.427976 5.928571 -0.139059 0.000000 0.000000 1.000000 1.000000
v 0.364058 7.214286 0.264502 0.000000 0.000000 1.000000 1.000000
v 0.427976 6.785714 0.139056 0.000000 0.000000 1.000000 1.000000
v 0.450001 6.357142 -0.000001 0.000000 0.000000 1.000000 1.000000
v 0.364058 7.642858 0.264502 0.000000 0.000000 1.000000 1.000000
v 0.427976 7.214286 0.139056 0.000000 0.000000 1.000000 1.000000
v 0.450001 6.785714 -0.000001 0.000000 0.000000 1.000000 1.000000
v 0.364058 8.071428 0.264502 0.000000 0.000000 1.000000 1.000000
v 0.427976 7.642858 0.139056 0.000000 0.000000 1.000000 1.000000
v 0.364058 8.499999 0.264502 0.000000 0.000000 1.000000 1.000000
v 0.427976 8.071428 0.139056 0.000000 0.000000 1.000000 1.000000
v 0.450001 7.214286 -0.000001 0.000000 0.000000 1.000000 1.000000
v 0.364058 8.928571 0.264502 0.000000 0.000000 1.000000 1.000000
v 0.427976 8.499999 0.139056 0.000000 0.000000 1.000000 1.000000
v 0.364058 9.357142 0.264502 0.000000 0.000000 1.000000 1.000000
v 0.427976 8.928571 0.139056 0.000000 0.000000 1.000000 1.000000
v 0.364058 9.785714 0.264502 0.000000 0.000000 1.000000 1.000000
v 0.427976 9.357142 0.139056 0.000000 0.000000 1.000000 1.000000
v 0.427976 9.785714 0.139056 0.000000 0.000000 1.000000 1.000000
v 0.450001 8.928571 -0.000002 0.000000 0.000000 1.000000 1.000000
v 0.450001 9.785714 -0.000002 0.000000 0.000000 1.000000 1.000000
v 0.450001 9.357142 -0.000002 0.000000 0.000000 1.000000 1.000000
v 0.427976 9.785714 -0.139059 0.000000 0.000000 1.000000 1.000000
v 0.427976 9.357142 -0.139059 0.000000 0.000000 1.000000 1.000000
v 0.364058 9.785714 -0.264505 0.000000 0.000000 1.000000 1.000000
v 0.364058 9.357142 -0.264505 0.000000 0.000000 1.000000 1.000000
v 0.427976 8.928571 -0.139059 0.000000 0.000000 1.000000 1.000000
v 0.264504 9.785714 -0.364059 0.000000 0.000000 1.000000 1.000000
v 0.264504 9.357142 -0.364059 0.000000 0.000000 1.000000 1.000000
v 0.364058 8.928571 -0.264505 0.000000 0.000000 1.000000 1.000000
v 0.139058 9.785714 -0.427977 0.000000 0.000000 1.000000 1.000000
v 0.139058 9.357142 -0.427977 0.000000 0.000000 1.000000 1.000000
v 0.264504 8.928571 -0.364059 0.000000 0.000000 1.000000 1.000000
v 0.000001 9.785714 -0.450002 0.000000 0.000000 1.000000 1.000000
v 0.000001 9.357142 -0.450002 0.000000 0.000000 1.000000 1.000000
v 0.139058 8.928571 -0.427977 0.000000 0.000000 1.000000 1.000000
v -0.139057 9.785714 -0.427977 0.000000 0.000000 1.000000 1.000000
v -0.139057 9.357142 -0.427977 0.000000 0.000000 1.000000 1.000000
v 0.000001 8.928571 -0.450002 0.000000 0.000000 1.000000 1.000000
v -0.264503 9.785714 -0.364059 0.000000 0.000000 1.000000 1.000000
v -0.264503 9.357142 -0.364059 0.000000 0.000000 1.000000 1.000000
v -0.139057 8.928571 -0.427977 0.000000 0.000000 1.000000 1.000000
v -0.364057 9.785714 -0.264505 0.000000 0.000000 1.000000 1.000000
v -0.364057 9.357142 -0.264505 0.000000 0.000000 1.000000 1.000000
v -0.264503 8.928571 -0.364059 0.000000 0.000000 1.000000 1.000000
v -0.427975 9.785714 -0.139059 0.000000 0.000000 1.000000 1.000000
v -0.427975 9.357142 -0.139059 0.000000 0.000000 1.000000 1.000000
v -0.364057 8.928571 -0.264505 0.000000 0.000000 1.000000 1.000000
v -0.427975 8.928571 -0.139059 0.000000 0.000000 1.000000 1.000000
v -0.449999 9.357142 -0.000002 0.000000 0.000000 1.000000 1.000000
v -0.449999 9.785714 -0.000002 0.000000 0.000000 1.000000 1.000000
v -0.427975 9.357142 0.139056 0.000000 0.000000 1.000000 1.000000
v -0.427975 8.928571 0.139056 0.000000 0.000000 1.000000 1.000000
v -0.449999 8.928571 -0.000002 0.000000 0.000000 1.000000 1.000000
v -0.427975 8.499999 0.139056 0.000000 0.000000 1.000000 1.000000
v -0.449999 8.499999 -0.000002 0.000000 0.000000 1.000000 1.000000
v -0.427975 8.071428 0.139056 0.000000 0.000000 1.000000 1.000000
v -0.427975 8.499999 -0.139059 0.000000 0.000000 1.000000 1.000000
v -0.449999 8.071428 -0.000002 0.000000 0.000000 1.000000 1.000000
v -0.427975 7.642858 0.139056 0.000000 0.000000 1.000000 1.000000
v -0.364057 8.499999 -0.264505 0.000000 0.000000 1.000000 1.000000
v -0.427975 7.214286 0.139056 0.000000 0.000000 1.000000 1.000000
v -0.449999 7.642858 -0.000002 0.000000 0.000000 1.000000 1.000000
v -0.427975 8.071428 -0.139059 0.000000 0.000000 1.000000 1.000000
v -0.427975 6.785714 0.139056 0.000000 0.000000 1.000000 1.000000
v -0.449999 7.214286 -0.000001 0.000000 0.000000 1.000000 1.000000
v -0.427975 7.642858 -0.139059 0.000000 0.000000 1.000000 1.000000
v -0.427975 6.357142 0.139056 0.000000 0.000000 1.000000 1.000000
v -0.449999 6.785714 -0.000001 0.000000 0.000000 1.000000 1.000000
v -0.427975 5.928571 0.139056 0.000000 0.000000 1.000000 1.000000
v -0.449999 6.357142 -0.000001 0.000000 0.000000 1.000000 1.000000
v -0.449999 5.928571 -0.000001 0.000000 0.000000 1.000000 1.000000
v -0.427975 6.785714 -0.139059 0.000000 0.000000 1.000000 1.000000
v -0.427975 5.928571 -0.139059 0.000000 0.000000 1.000000 1.000000
v -0.427975 6.357142 -0.139059 0.000000 0.000000 1.000000 1.000000
v -0.364057 5.928571 -0.264504 0.000000 0.000000 1.000000 1.000000
v -0.364057 6.357142 -0.264504 0.000000 0.000000 1.000000 1.000000
v -0.364057 6.785714 -0.264505 0.000000 0.000000 1.000000 1.000000
v -0.264503 5.928571 -0.364059 0.000000 0.000000 1.000000 1.000000
v -0.264503 6.357142 -0.364059 0.000000 0.000000 1.000000 1.000000
v -0.264503 6.785714 -0.364059 0.000000 0.000000 1.000000 1.000000
v -0.139057 5.928571 -0.427977 0.000000 0.000000 1.000000 1.000000
v -0.139057 6.357142 -0.427977 0.000000 0.000000 1.000000 1.000000
v -0.139057 6.785714 -0.427977 0.000000 0.000000 1.000000 1.000000
v 0.000001 5.928571 -0.450001 0.000000 0.000000 1.000000 1.000000
v 0.000001 6.357142 -0.450001 0.000000 0.000000 1.000000 1.000000
v 0.000001 6.785714 -0.450001 0.000000 0.000000 1.000000 1.000000
v 0.139058 5.928571 -0.427977 0.000000 0.000000 1.000000 1.000000
v 0.139058 6.357142 -0.427977 0.000000 0.000000 1.000000 1.000000
v 0.139058 6.785714 -0.427977 0.000000 0.000000 1.000000 1.000000
v 0.264504 5.928571 -0.364059 0.000000 0.000000 1.000000 1.000000
v 0.264504 6.357142 -0.364059 0.000000 0.000000 1.000000 1.000000
v 0.264504 6.785714 -0.364059 0.000000 0.000000 1.000000 1.000000
v 0.364058 5.928571 -0.264504 0.000000 0.000000 1.000000 1.000000
v 0.364058 6.357142 -0.264504 0.000000 0.000000 1.000000 1.000000
v 0.427976 6.357142 -0.139059 0.000000 0.000000 1.000000 1.000000
v 0.427976 6.785714 -0.139059 0.000000 0.000000 1.000000 1.000000
v 0.364058 6.785714 -0.264505 0.000000 0.000000 1.000000 1.000000
v 0.427976 7.214286 -0.139059 0.000000 0.000000 1.000000 1.000000
v 0.364058 7.214286 -0.264505 0.000000 0.000000 1.000000 1.000000
v 0.450001 7.642858 -0.000002 0.000000 0.000000 1.000000 1.000000
v 0.427976 7.642858 -0.139059 0.000000 0.000000 1.000000 1.000000
v 0.450001 8.071428 -0.000002 0.000000 0.000000 1.000000 1.000000
v 0.364058 7.642858 -0.264505 0.000000 0.000000 1.000000 1.000000
v 0.450001 8.499999 -0.000002 0.000000 0.000000 1.000000 1.000000
v 0.427976 8.071428 -0.139059 0.000000 0.000000 1.000000 1.000000
v 0.427976 8.499999 -0.139059 0.000000 0.000000 1.000000 1.000000
v 0.364058 8.071428 -0.264505 0.000000 0.000000 1.000000 1.000000
v 0.364058 8.499999 -0.264505 0.000000 0.000000 1.000000 1.000000
v 0.264504 7.642858 -0.364059 0.000000 0.000000 1.000000 1.000000
v 0.264504 8.499999 -0.364059 0.000000 0.000000 1.000000 1.000000
v 0.264504 8.071428 -0.364059 0.000000 0.000000 1.000000 1.000000
v 0.139058 8.499999 -0.427977 0.000000 0.000000 1.000000 1.000000
v 0.139058 8.071428 -0.427977 0.000000 0.000000 1.000000 1.000000
v 0.000001 8.499999 -0.450002 0.000000 0.000000 1.000000 1.000000
v 0.000001 8.071428 -0.450002 0.000000 0.000000 1.000000 1.000000
v 0.139058 7.642858 -0.427977 0.000000 0.000000 1.000000 1.000000
v -0.139057 8.499999 -0.427977 0.000000 0.000000 1.000000 1.000000
v -0.139057 8.071428 -0.427977 0.000000 0.000000 1.000000 1.000000
v 0.000001 7.642858 -0.450001 0.000000 0.000000 1.000000 1.000000
v -0.264503 8.499999 -0.364059 0.000000 0.000000 1.000000 1.000000
v -0.264503 8.071428 -0.364059 0.000000 0.000000 1.000000 1.000000
v -0.364057 8.071428 -0.264505 0.000000 0.000000 1.000000 1.000000
v -0.364057 7.642858 -0.264505 0.000000 0.000000 1.000000 1.000000
v -0.264503 7.642858 -0.364059 0.000000 0.000000 1.000000 1.000000
v -0.139057 7.642858 -0.427977 0.000000 0.000000 1.000000 1.000000
v -0.427975 7.214286 -0.139059 0.000000 0.000000 1.000000 1.000000
v -0.364057 7.214286 -0.264505 0.000000 0.000000 1.000000 1.000000
v -0.264503 7.214286 -0.364059 0.000000 0.000000 1.000000 1.000000
v -0.139057 7.214286 -0.427977 0.000000 0.000000 1.000000 1.000000
v 0.000001 7.214286 -0.450001 0.000000 0.000000 1.000000 1.000000
v 0.139058 7.214286 -0.427977 0.000000 0.000000 1.000000 1.000000
v 0.264504 7.214286 -0.364059 0.000000 0.000000 1.000000 1.000000
v -0.470713 2.500000 0.470713 0.000000 0.000000 1.000000 1.000000
v -0.219666 2.500000 0.219666 0.000000 0.000000 1.000000 1.000000
v -0.400010 2.500000 0.500000 0.000000 0.000000 1.000000 1.000000
v -0.500000 2.500000 0.400010 0.000000 0.000000 1.000000 1.000000
v -0.186671 2.500000 0.233333 0.000000 0.000000 1.000000 1.000000
v -0.233333 2.500000 0.186671 0.000000 0.000000 1.000000 1.000000
v 0.400010 2.500000 0.500000 0.000000 0.000000 1.000000 1.000000
v -0.233333 2.500000 -0.186671 0.000000 0.000000 1.000000 1.000000
v 0.186671 2.500000 0.233333 0.000000 0.000000 1.000000 1.000000
v -0.500000 2.500000 -0.400010 0.000000 0.000000 1.000000 1.000000
v 0.219666 2.500000 0.219666 0.000000 0.000000 1.000000 1.000000
v -0.219666 2.500000 -0.219666 0.000000 0.000000 1.000000 1.000000
v 0.470714 2.500000 0.470713 0.000000 0.000000 1.000000 1.000000
v -0.470713 2.500000 -0.470714 0.000000 0.000000 1.000000 1.000000
v 0.500000 2.500000 0.400010 0.000000 0.000000 1.000000 1.000000
v -0.400010 2.500000 -0.500000 0.000000 0.000000 1.000000 1.000000
v 0.233333 2.500000 0.186671 0.000000 0.000000 1.000000 1.000000
v -0.186671 2.500000 -0.233333 0.000000 0.000000 1.000000 1.000000
v 0.500000 2.500000 -0.400010 0.000000 0.000000 1.000000 1.000000
v 0.186671 2.500000 -0.233333 0.000000 0.000000 1.000000 1.000000
v 0.233333 2.500000 -0.186671 0.000000 0.000000 1.000000 1.000000
v 0.400010 2.500000 -0.500000 0.000000 0.000000 1.000000 1.000000
v 0.219666 2.500000 -0.219666 0.000000 0.000000 1.000000 1.000000
v 0.470714 2.500000 -0.470714 0.000000 0.000000 1.000000 1.000000
vt -0.765625 -1.492188
vt -0.775391 -1.535156
vt -0.765625 -1.535156
vt -0.775391 -1.492188
vt -0.876953 -1.533203
vt -0.765625 -1.449219
vt -0.876953 -1.492188
vt -0.886719 -1.533203
vt -0.886719 -1.492188
vt -0.775391 -1.449219
vt -0.765625 -1.406250
vt -0.876953 -1.449219
vt -0.886719 -1.449219
vt -0.775879 -1.406250
vt -0.765625 -1.365234
vt -0.876465 -1.406250
vt -0.886719 -1.406250
vt -0.775391 -1.365234
vt -0.765625 -1.322266
vt -0.876953 -1.365234
vt -0.886719 -1.365234
vt -0.775391 -1.322266
vt -0.765625 -1.279297
vt -0.775391 -1.279297
vt -0.877441 -1.322266
vt -0.887207 -1.322266
vt -0.877441 -1.279297
vt -0.887207 -1.279297
vt -0.886719 -1.492188
vt -0.896484 -1.533203
vt -0.886719 -1.533203
vt -0.896484 -1.492188
vt -0.998047 -1.533203
vt -0.886719 -1.449219
vt -0.997559 -1.492188
vt -1.007812 -1.533203
vt -1.006836 -1.492188
vt -0.896484 -1.449219
vt -0.886719 -1.406250
vt -0.997559 -1.449219
vt -1.006836 -1.449219
vt -0.896973 -1.406250
vt -0.886719 -1.365234
vt -0.997070 -1.406250
vt -1.006836 -1.406250
vt -0.896484 -1.365234
vt -0.887207 -1.322266
vt -0.997559 -1.365234
vt -1.006836 -1.365234
vt -0.896484 -1.322266
vt -0.887207 -1.279297
vt -0.896973 -1.279297
vt -0.997559 -1.322266
vt -1.006836 -1.322266
vt -0.998047 -1.281250
vt -1.007812 -1.281250
vt -0.644531 -1.492188
vt -0.654297 -1.533203
vt -0.644531 -1.533203
vt -0.654297 -1.492188
vt -0.644531 -1.449219
vt -0.755859 -1.492188
vt -0.755859 -1.535156
vt -0.765625 -1.535156
vt -0.765625 -1.492188
vt -0.755859 -1.449219
vt -0.765625 -1.449219
vt -0.654297 -1.449219
vt -0.644043 -1.406250
vt -0.755371 -1.406250
vt -0.765625 -1.406250
vt -0.654297 -1.406250
vt -0.644043 -1.365234
vt -0.755859 -1.365234
vt -0.765625 -1.365234
vt -0.653809 -1.365234
vt -0.644043 -1.322266
vt -0.755859 -1.322266
vt -0.765625 -1.322266
vt -0.653809 -1.322266
vt -0.643555 -1.279297
vt -0.653320 -1.279297
vt -0.755859 -1.279297
vt -0.765625 -1.279297
vt -0.523438 -1.533203
vt -0.523438 -1.492188
vt -0.533203 -1.533203
vt -0.533203 -1.492188
vt -0.523926 -1.449219
vt -0.634766 -1.492188
vt -0.634766 -1.533203
vt -0.644531 -1.533203
vt -0.644531 -1.492188
vt -0.634277 -1.449219
vt -0.644531 -1.449219
vt -0.533691 -1.449219
vt -0.524414 -1.406250
vt -0.633789 -1.406250
vt -0.644043 -1.406250
vt -0.533691 -1.406250
vt -0.523926 -1.365234
vt -0.634277 -1.365234
vt -0.644043 -1.365234
vt -0.533691 -1.365234
vt -0.523438 -1.322266
vt -0.634277 -1.322266
vt -0.644043 -1.322266
vt -0.533203 -1.322266
vt -0.523438 -1.281250
vt -0.532715 -1.281250
vt -0.634277 -1.279297
vt -0.643555 -1.279297
vt 0.134277 0.958649
vt 0.134644 0.942108
vt 0.140137 0.959625
vt 0.140625 0.941284
vt 0.255127 0.941956
vt 0.254883 0.960510
vt 0.260986 0.959717
vt 0.260986 0.942810
vt 0.134644 0.942108
vt 0.134277 0.958649
vt 0.128906 0.941315
vt 0.128296 0.959259
vt 0.009636 0.958466
vt 0.010033 0.939270
vt 0.001523 0.938751
vt 0.001042 0.958801
vt 0.260986 0.942810
vt 0.266846 0.960571
vt 0.260986 0.959717
vt 0.266846 0.942017
vt 0.381592 0.941986
vt 0.381592 0.960327
vt 0.387451 0.959412
vt 0.387207 0.942902
vt 0.520996 0.960052
vt 0.511719 0.940491
vt 0.520508 0.939941
vt 0.512207 0.959717
vt 0.393311 0.960114
vt 0.393311 0.942169
vt 0.387207 0.942902
vt 0.387451 0.959412
vt 0.520996 0.960052
vt 0.515625 0.969513
vt 0.512207 0.959717
vt 0.507324 0.967407
vt 0.504883 0.981598
vt 0.496338 0.978485
vt 0.393311 0.960114
vt 0.404785 0.978622
vt 0.396484 0.967682
vt 0.387695 0.979675
vt 0.387451 0.966797
vt 0.387451 0.959412
vt 0.381592 0.960327
vt 0.378418 0.968079
vt 0.370361 0.979279
vt 0.278076 0.979156
vt 0.270020 0.968201
vt 0.266846 0.960571
vt 0.260742 0.979996
vt 0.260742 0.967133
vt 0.260986 0.959717
vt 0.254883 0.960510
vt 0.251709 0.968201
vt 0.243530 0.979340
vt 0.143188 0.967285
vt 0.151367 0.978302
vt 0.140137 0.959625
vt 0.134033 0.978836
vt 0.134155 0.966003
vt 0.134277 0.958649
vt 0.128296 0.959259
vt 0.125122 0.966858
vt 0.116943 0.977890
vt 0.009636 0.958466
vt 0.025589 0.977127
vt 0.006172 0.968262
vt 0.001042 0.958801
vt 0.014832 0.966125
vt 0.017136 0.980286
vt 0.511719 0.940491
vt 0.515137 0.930664
vt 0.520508 0.939941
vt 0.506348 0.932983
vt 0.503906 0.918823
vt 0.495605 0.922058
vt 0.393311 0.942169
vt 0.404297 0.923401
vt 0.396240 0.934509
vt 0.387207 0.922607
vt 0.387451 0.935486
vt 0.387207 0.942902
vt 0.381592 0.941986
vt 0.378418 0.934387
vt 0.370117 0.923157
vt 0.278320 0.923340
vt 0.270020 0.934265
vt 0.266846 0.942017
vt 0.260986 0.922485
vt 0.260986 0.935425
vt 0.260986 0.942810
vt 0.255127 0.941956
vt 0.251953 0.934326
vt 0.244019 0.923035
vt 0.143799 0.933594
vt 0.152100 0.922668
vt 0.140625 0.941284
vt 0.134888 0.921875
vt 0.134766 0.934753
vt 0.134644 0.942108
vt 0.128906 0.941315
vt 0.125854 0.933716
vt 0.117920 0.922485
vt 0.010033 0.939270
vt 0.026505 0.920959
vt 0.006840 0.929382
vt 0.001523 0.938751
vt 0.015442 0.931702
vt 0.018127 0.917603
vt -2.679688 1.424805
vt -2.679688 1.478516
vt -2.697266 1.424805
vt -2.697266 1.478516
vt -2.714844 1.424805
vt -2.679688 1.531738
vt -2.714844 1.478516
vt -2.732422 1.424805
vt -2.697266 1.531738
vt -2.679688 1.585449
vt -2.732422 1.478516
vt -2.751953 1.424805
vt -2.714844 1.531738
vt -2.697266 1.585449
vt -2.679688 1.639160
vt -2.751953 1.478516
vt -2.769531 1.424805
vt -2.732422 1.531738
vt -2.714844 1.585449
vt -2.697266 1.639160
vt -2.679688 1.692871
vt -2.732422 1.585449
vt -2.697266 1.692871
vt -2.679688 1.746094
vt -2.714844 1.639160
vt -2.697266 1.746094
vt -2.679688 1.799805
vt -2.714844 1.692871
vt -2.732422 1.639160
vt -2.697266 1.799805
vt -2.679688 1.853516
vt -2.714844 1.746094
vt -2.697266 1.853516
vt -2.679688 1.906738
vt -2.714844 1.799805
vt -2.732422 1.692871
vt -2.697266 1.906738
vt -2.679688 1.960449
vt -2.714844 1.853516
vt -2.697266 1.960449
vt -2.679688 2.013672
vt -2.714844 1.906738
vt -2.697266 2.013672
vt -2.679688 2.067383
vt -2.714844 1.960449
vt -2.697266 2.067383
vt -2.679688 2.121094
vt -2.714844 2.013672
vt -2.697266 2.121094
vt -2.679688 2.174805
vt -2.714844 2.067383
vt -2.697266 2.174805
vt -2.679688 2.228516
vt -2.714844 2.121094
vt -2.697266 2.228516
vt -2.679688 2.281250
vt -2.714844 2.174805
vt -2.697266 2.281250
vt -2.679688 2.334961
vt -2.714844 2.228516
vt -2.697266 2.334961
vt -2.679688 2.388672
vt -2.714844 2.281250
vt -2.697266 2.388672
vt -2.679688 2.442383
vt -2.714844 2.334961
vt -2.697266 2.442383
vt -2.679688 2.496094
vt -2.714844 2.388672
vt -2.697266 2.496094
vt -2.679688 2.549805
vt -2.697266 2.549805
vt -2.714844 2.442383
vt -2.714844 2.496094
vt -2.714844 2.549805
vt -2.732422 2.388672
vt -2.732422 2.496094
vt -2.732422 2.549805
vt -2.732422 2.442383
vt -2.751953 2.496094
vt -2.751953 2.549805
vt -2.751953 2.442383
vt -2.769531 2.496094
vt -2.769531 2.549805
vt -2.769531 2.442383
vt -2.751953 2.388672
vt -2.787109 2.496094
vt -2.787109 2.549805
vt -2.787109 2.442383
vt -2.769531 2.388672
vt -2.804688 2.496094
vt -2.804688 2.549805
vt -2.804688 2.442383
vt -2.787109 2.388672
vt -2.822266 2.496094
vt -2.822266 2.549805
vt -2.822266 2.442383
vt -2.804688 2.388672
vt -2.839844 2.496094
vt -2.839844 2.549805
vt -2.839844 2.442383
vt -2.822266 2.388672
vt -2.857422 2.496094
vt -2.857422 2.549805
vt -2.857422 2.442383
vt -2.839844 2.388672
vt -2.875000 2.496094
vt -2.875000 2.549805
vt -2.875000 2.442383
vt -2.857422 2.388672
vt -2.892578 2.496094
vt -2.892578 2.549805
vt -2.892578 2.442383
vt -2.875000 2.388672
vt -2.910156 2.496094
vt -2.910156 2.549805
vt -2.910156 2.442383
vt -2.892578 2.388672
vt -2.927734 2.496094
vt -2.927734 2.549805
vt -2.927734 2.442383
vt -2.910156 2.388672
vt -2.927734 2.388672
vt -2.945312 2.442383
vt -2.945312 2.496094
vt -2.945312 2.549805
vt -2.945312 2.388672
vt -2.962891 2.496094
vt -2.962891 2.549805
vt -2.962891 2.442383
vt -2.980469 2.496094
vt -2.980469 2.549805
vt -2.980469 2.442383
vt -2.962891 2.388672
vt -2.980469 2.388672
vt -2.998047 2.442383
vt -2.998047 2.496094
vt -2.998047 2.549805
vt -2.998047 2.388672
vt -3.015625 2.496094
vt -3.015625 2.549805
vt -3.033203 2.496094
vt -3.033203 2.549805
vt -3.033203 2.442383
vt -3.015625 2.442383
vt -3.033203 2.388672
vt -3.015625 2.388672
vt -3.033203 2.334961
vt -3.015625 2.334961
vt -3.033203 2.281250
vt -2.998047 2.334961
vt -3.015625 2.281250
vt -3.033203 2.228516
vt -2.980469 2.334961
vt -2.998047 2.281250
vt -3.015625 2.228516
vt -3.033203 2.174805
vt -2.962891 2.334961
vt -3.015625 2.174805
vt -3.033203 2.121094
vt -2.998047 2.228516
vt -2.980469 2.281250
vt -3.015625 2.121094
vt -3.033203 2.067383
vt -2.998047 2.174805
vt -2.980469 2.228516
vt -3.015625 2.067383
vt -3.033203 2.013672
vt -2.998047 2.121094
vt -3.015625 2.013672
vt -3.033203 1.960449
vt -2.998047 2.067383
vt -2.980469 2.174805
vt -3.015625 1.960449
vt -3.033203 1.906738
vt -2.998047 2.013672
vt -2.980469 2.121094
vt -3.015625 1.906738
vt -3.033203 1.853516
vt -2.998047 1.960449
vt -2.980469 2.067383
vt -3.015625 1.853516
vt -3.033203 1.799805
vt -2.998047 1.906738
vt -2.980469 2.013672
vt -3.015625 1.799805
vt -3.033203 1.746094
vt -2.998047 1.853516
vt -2.980469 1.960449
vt -3.015625 1.746094
vt -3.033203 1.692871
vt -2.998047 1.799805
vt -2.980469 1.906738
vt -3.015625 1.692871
vt -3.033203 1.639160
vt -2.998047 1.746094
vt -2.980469 1.853516
vt -3.015625 1.639160
vt -3.033203 1.585449
vt -2.998047 1.692871
vt -2.980469 1.799805
vt -3.015625 1.585449
vt -3.033203 1.531738
vt -2.998047 1.639160
vt -2.980469 1.746094
vt -3.015625 1.531738
vt -3.033203 1.478516
vt -2.998047 1.585449
vt -2.980469 1.692871
vt -3.015625 1.478516
vt -3.033203 1.424805
vt -3.015625 1.424805
vt -2.998047 1.531738
vt -2.998047 1.478516
vt -2.998047 1.424805
vt -2.980469 1.585449
vt -2.980469 1.478516
vt -2.980469 1.424805
vt -2.980469 1.531738
vt -2.962891 1.478516
vt -2.962891 1.424805
vt -2.962891 1.531738
vt -2.962891 1.585449
vt -2.945312 1.478516
vt -2.945312 1.424805
vt -2.945312 1.531738
vt -2.945312 1.585449
vt -2.927734 1.478516
vt -2.927734 1.424805
vt -2.927734 1.531738
vt -2.927734 1.585449
vt -2.910156 1.478516
vt -2.910156 1.424805
vt -2.910156 1.531738
vt -2.910156 1.585449
vt -2.892578 1.478516
vt -2.892578 1.424805
vt -2.892578 1.531738
vt -2.892578 1.585449
vt -2.875000 1.478516
vt -2.875000 1.424805
vt -2.875000 1.531738
vt -2.875000 1.585449
vt -2.857422 1.478516
vt -2.857422 1.424805
vt -2.857422 1.531738
vt -2.857422 1.585449
vt -2.839844 1.478516
vt -2.839844 1.424805
vt -2.839844 1.531738
vt -2.839844 1.585449
vt -2.822266 1.478516
vt -2.822266 1.424805
vt -2.822266 1.531738
vt -2.822266 1.585449
vt -2.804688 1.478516
vt -2.804688 1.424805
vt -2.804688 1.531738
vt -2.804688 1.585449
vt -2.787109 1.478516
vt -2.787109 1.424805
vt -2.787109 1.531738
vt -2.769531 1.478516
vt -2.769531 1.531738
vt -2.751953 1.531738
vt -2.751953 1.585449
vt -2.769531 1.585449
vt -2.751953 1.639160
vt -2.787109 1.585449
vt -2.769531 1.639160
vt -2.751953 1.692871
vt -2.787109 1.639160
vt -2.804688 1.639160
vt -2.769531 1.692871
vt -2.787109 1.692871
vt -2.822266 1.639160
vt -2.804688 1.692871
vt -2.839844 1.639160
vt -2.822266 1.692871
vt -2.857422 1.639160
vt -2.839844 1.692871
vt -2.875000 1.639160
vt -2.857422 1.692871
vt -2.892578 1.639160
vt -2.875000 1.692871
vt -2.910156 1.639160
vt -2.892578 1.692871
vt -2.927734 1.639160
vt -2.910156 1.692871
vt -2.945312 1.639160
vt -2.927734 1.692871
vt -2.962891 1.639160
vt -2.945312 1.692871
vt -2.980469 1.639160
vt -2.962891 1.692871
vt -2.962891 1.746094
vt -2.945312 1.746094
vt -2.962891 1.799805
vt -2.945312 1.799805
vt -2.927734 1.746094
vt -2.927734 1.799805
vt -2.910156 1.746094
vt -2.910156 1.799805
vt -2.892578 1.746094
vt -2.892578 1.799805
vt -2.875000 1.746094
vt -2.875000 1.799805
vt -2.857422 1.746094
vt -2.857422 1.799805
vt -2.839844 1.746094
vt -2.839844 1.799805
vt -2.822266 1.746094
vt -2.822266 1.799805
vt -2.804688 1.746094
vt -2.804688 1.799805
vt -2.787109 1.746094
vt -2.787109 1.799805
vt -2.769531 1.746094
vt -2.769531 1.799805
vt -2.751953 1.746094
vt -2.751953 1.799805
vt -2.732422 1.746094
vt -2.732422 1.799805
vt -2.732422 1.853516
vt -2.751953 1.853516
vt -2.732422 1.906738
vt -2.769531 1.853516
vt -2.751953 1.906738
vt -2.732422 1.960449
vt -2.787109 1.853516
vt -2.732422 2.013672
vt -2.751953 1.960449
vt -2.769531 1.906738
vt -2.732422 2.067383
vt -2.751953 2.013672
vt -2.769531 1.960449
vt -2.732422 2.121094
vt -2.751953 2.067383
vt -2.732422 2.174805
vt -2.751953 2.121094
vt -2.769531 2.013672
vt -2.732422 2.228516
vt -2.751953 2.174805
vt -2.732422 2.281250
vt -2.751953 2.228516
vt -2.732422 2.334961
vt -2.751953 2.281250
vt -2.751953 2.334961
vt -2.769531 2.228516
vt -2.769531 2.334961
vt -2.769531 2.281250
vt -2.787109 2.334961
vt -2.787109 2.281250
vt -2.804688 2.334961
vt -2.804688 2.281250
vt -2.787109 2.228516
vt -2.822266 2.334961
vt -2.822266 2.281250
vt -2.804688 2.228516
vt -2.839844 2.334961
vt -2.839844 2.281250
vt -2.822266 2.228516
vt -2.857422 2.334961
vt -2.857422 2.281250
vt -2.839844 2.228516
vt -2.875000 2.334961
vt -2.875000 2.281250
vt -2.857422 2.228516
vt -2.892578 2.334961
vt -2.892578 2.281250
vt -2.875000 2.228516
vt -2.910156 2.334961
vt -2.910156 2.281250
vt -2.892578 2.228516
vt -2.927734 2.334961
vt -2.927734 2.281250
vt -2.910156 2.228516
vt -2.927734 2.228516
vt -2.945312 2.281250
vt -2.945312 2.334961
vt -2.962891 2.281250
vt -2.962891 2.228516
vt -2.945312 2.228516
vt -2.962891 2.174805
vt -2.945312 2.174805
vt -2.962891 2.121094
vt -2.927734 2.174805
vt -2.945312 2.121094
vt -2.962891 2.067383
vt -2.910156 2.174805
vt -2.962891 2.013672
vt -2.945312 2.067383
vt -2.927734 2.121094
vt -2.962891 1.960449
vt -2.945312 2.013672
vt -2.927734 2.067383
vt -2.962891 1.906738
vt -2.945312 1.960449
vt -2.962891 1.853516
vt -2.945312 1.906738
vt -2.945312 1.853516
vt -2.927734 1.960449
vt -2.927734 1.853516
vt -2.927734 1.906738
vt -2.910156 1.853516
vt -2.910156 1.906738
vt -2.910156 1.960449
vt -2.892578 1.853516
vt -2.892578 1.906738
vt -2.892578 1.960449
vt -2.875000 1.853516
vt -2.875000 1.906738
vt -2.875000 1.960449
vt -2.857422 1.853516
vt -2.857422 1.906738
vt -2.857422 1.960449
vt -2.839844 1.853516
vt -2.839844 1.906738
vt -2.839844 1.960449
vt -2.822266 1.853516
vt -2.822266 1.906738
vt -2.822266 1.960449
vt -2.804688 1.853516
vt -2.804688 1.906738
vt -2.787109 1.906738
vt -2.787109 1.960449
vt -2.804688 1.960449
vt -2.787109 2.013672
vt -2.804688 2.013672
vt -2.769531 2.067383
vt -2.787109 2.067383
vt -2.769531 2.121094
vt -2.804688 2.067383
vt -2.769531 2.174805
vt -2.787109 2.121094
vt -2.787109 2.174805
vt -2.804688 2.121094
vt -2.804688 2.174805
vt -2.822266 2.067383
vt -2.822266 2.174805
vt -2.822266 2.121094
vt -2.839844 2.174805
vt -2.839844 2.121094
vt -2.857422 2.174805
vt -2.857422 2.121094
vt -2.839844 2.067383
vt -2.875000 2.174805
vt -2.875000 2.121094
vt -2.857422 2.067383
vt -2.892578 2.174805
vt -2.892578 2.121094
vt -2.910156 2.121094
vt -2.910156 2.067383
vt -2.892578 2.067383
vt -2.875000 2.067383
vt -2.927734 2.013672
vt -2.910156 2.013672
vt -2.892578 2.013672
vt -2.875000 2.013672
vt -2.857422 2.013672
vt -2.839844 2.013672
vt -2.822266 2.013672
vt -3.474609 1.941406
vt -3.505859 1.909668
vt -3.470703 1.932617
vt -3.484375 1.944824
vt -3.503906 1.905762
vt -3.509766 1.911621
vt -3.470703 1.832520
vt -3.556641 1.911621
vt -3.503906 1.858887
vt -3.583984 1.944824
vt -3.505859 1.854980
vt -3.560547 1.909668
vt -3.474609 1.823730
vt -3.591797 1.941406
vt -3.484375 1.819824
vt -3.595703 1.932617
vt -3.509766 1.853027
vt -3.562500 1.905762
vt -3.583984 1.819824
vt -3.562500 1.858887
vt -3.556641 1.853027
vt -3.595703 1.832520
vt -3.560547 1.854980
vt -3.591797 1.823730
vt1 0.617188 0.797119
vt1 0.607422 0.754639
vt1 0.617188 0.754639
vt1 0.607422 0.797119
vt1 0.505371 0.754883
vt1 0.617188 0.839600
vt1 0.505371 0.797363
vt1 0.495850 0.755005
vt1 0.495850 0.797363
vt1 0.606934 0.839600
vt1 0.617188 0.882019
vt1 0.505371 0.839722
vt1 0.495850 0.839722
vt1 0.606445 0.882019
vt1 0.617188 0.924500
vt1 0.505859 0.882019
vt1 0.495605 0.882019
vt1 0.606934 0.924500
vt1 0.617188 0.967041
vt1 0.505371 0.924377
vt1 0.495605 0.924377
vt1 0.606934 0.967041
vt1 0.617188 1.009666
vt1 0.606934 1.009644
vt1 0.505371 0.966766
vt1 0.495605 0.966705
vt1 0.504883 1.009209
vt1 0.495361 1.009087
vt1 0.495850 0.797363
vt1 0.486084 0.755005
vt1 0.495850 0.755005
vt1 0.486084 0.797363
vt1 0.384766 0.755127
vt1 0.495850 0.839722
vt1 0.384766 0.797485
vt1 0.375000 0.755127
vt1 0.375000 0.797607
vt1 0.486084 0.839722
vt1 0.495605 0.882019
vt1 0.385010 0.839844
vt1 0.375488 0.839966
vt1 0.485352 0.882019
vt1 0.495605 0.924377
vt1 0.385498 0.882019
vt1 0.375732 0.882019
vt1 0.485840 0.924316
vt1 0.495605 0.966705
vt1 0.385254 0.923950
vt1 0.375488 0.923889
vt1 0.485840 0.966644
vt1 0.495361 1.009087
vt1 0.485596 1.008949
vt1 0.384766 0.966034
vt1 0.375244 0.965942
vt1 0.384521 1.008148
vt1 0.374756 1.008057
vt1 0.738281 0.797363
vt1 0.728516 0.754883
vt1 0.738281 0.755005
vt1 0.728516 0.797363
vt1 0.738281 0.839722
vt1 0.626953 0.797119
vt1 0.626953 0.754639
vt1 0.617188 0.754639
vt1 0.617188 0.797119
vt1 0.626953 0.839600
vt1 0.617188 0.839600
vt1 0.728516 0.839722
vt1 0.738281 0.882019
vt1 0.627441 0.882019
vt1 0.617188 0.882019
vt1 0.728027 0.882019
vt1 0.738281 0.924377
vt1 0.626953 0.924500
vt1 0.617188 0.924500
vt1 0.728516 0.924377
vt1 0.738281 0.966705
vt1 0.626953 0.967041
vt1 0.617188 0.967041
vt1 0.728516 0.966766
vt1 0.738770 1.009087
vt1 0.729004 1.009209
vt1 0.626953 1.009644
vt1 0.617188 1.009666
vt1 0.858887 0.755127
vt1 0.858887 0.797607
vt1 0.849121 0.755127
vt1 0.849121 0.797485
vt1 0.858398 0.839966
vt1 0.748047 0.797363
vt1 0.748047 0.755005
vt1 0.738281 0.755005
vt1 0.738281 0.797363
vt1 0.748047 0.839722
vt1 0.738281 0.839722
vt1 0.849121 0.839844
vt1 0.858398 0.882019
vt1 0.748535 0.882019
vt1 0.738281 0.882019
vt1 0.848633 0.882019
vt1 0.858398 0.923889
vt1 0.748047 0.924316
vt1 0.738281 0.924377
vt1 0.849121 0.923950
vt1 0.858887 0.965942
vt1 0.748047 0.966644
vt1 0.738281 0.966705
vt1 0.849121 0.966003
vt1 0.859375 1.008049
vt1 0.849609 1.008141
vt1 0.748535 1.008949
vt1 0.738770 1.009087
vt1 0.472168 0.461426
vt1 0.472168 0.455078
vt1 0.473145 0.461426
vt1 0.473145 0.455078
vt1 0.489502 0.455078
vt1 0.489258 0.461426
vt1 0.490234 0.461426
vt1 0.490234 0.455078
vt1 0.472168 0.455078
vt1 0.472168 0.461426
vt1 0.471436 0.455078
vt1 0.471436 0.461426
vt1 0.454346 0.461426
vt1 0.454590 0.454590
vt1 0.453369 0.454590
vt1 0.453125 0.461426
vt1 0.490234 0.455078
vt1 0.490967 0.461426
vt1 0.490234 0.461426
vt1 0.490967 0.455078
vt1 0.507324 0.455078
vt1 0.507324 0.461426
vt1 0.508301 0.461426
vt1 0.507812 0.455078
vt1 0.526855 0.461426
vt1 0.525879 0.455078
vt1 0.526855 0.455078
vt1 0.525879 0.461426
vt1 0.508789 0.461426
vt1 0.508789 0.455078
vt1 0.507812 0.455078
vt1 0.508301 0.461426
vt1 0.526855 0.461426
vt1 0.526367 0.462891
vt1 0.525879 0.461426
vt1 0.524902 0.462402
vt1 0.524902 0.464844
vt1 0.523438 0.464355
vt1 0.508789 0.461426
vt1 0.510742 0.464355
vt1 0.509277 0.462891
vt1 0.508301 0.464355
vt1 0.508301 0.462402
vt1 0.508301 0.461426
vt1 0.507324 0.461426
vt1 0.506836 0.462891
vt1 0.505859 0.464355
vt1 0.492676 0.464355
vt1 0.491455 0.462891
vt1 0.490967 0.461426
vt1 0.490234 0.464355
vt1 0.490234 0.462402
vt1 0.490234 0.461426
vt1 0.489258 0.461426
vt1 0.489014 0.462891
vt1 0.487793 0.464355
vt1 0.473389 0.462402
vt1 0.474609 0.464355
vt1 0.473145 0.461426
vt1 0.472168 0.464355
vt1 0.472168 0.462402
vt1 0.472168 0.461426
vt1 0.471436 0.461426
vt1 0.470947 0.462402
vt1 0.469727 0.463867
vt1 0.454346 0.461426
vt1 0.456787 0.463867
vt1 0.453857 0.462891
vt1 0.453125 0.461426
vt1 0.455322 0.462402
vt1 0.455566 0.464355
vt1 0.525879 0.455078
vt1 0.526367 0.453613
vt1 0.526855 0.455078
vt1 0.524902 0.453613
vt1 0.524414 0.451660
vt1 0.523438 0.452148
vt1 0.508789 0.455078
vt1 0.510254 0.452637
vt1 0.509277 0.454102
vt1 0.507812 0.452148
vt1 0.508301 0.454102
vt1 0.507812 0.455078
vt1 0.507324 0.455078
vt1 0.506836 0.454102
vt1 0.505371 0.452637
vt1 0.492676 0.452637
vt1 0.491455 0.454102
vt1 0.490967 0.455078
vt1 0.490234 0.452148
vt1 0.490234 0.454102
vt1 0.490234 0.455078
vt1 0.489502 0.455078
vt1 0.489014 0.454102
vt1 0.487793 0.452637
vt1 0.473633 0.454102
vt1 0.474609 0.452148
vt1 0.473145 0.455078
vt1 0.472168 0.452148
vt1 0.472168 0.454102
vt1 0.472168 0.455078
vt1 0.471436 0.455078
vt1 0.470947 0.454102
vt1 0.469971 0.452148
vt1 0.454590 0.454590
vt1 0.456787 0.452148
vt1 0.454102 0.453125
vt1 0.453369 0.454590
vt1 0.455322 0.453613
vt1 0.455566 0.451660
vt1 0.452881 0.451660
vt1 0.452881 0.458496
vt1 0.450684 0.451660
vt1 0.450684 0.458496
vt1 0.448242 0.451660
vt1 0.452881 0.465332
vt1 0.448242 0.458496
vt1 0.446045 0.451660
vt1 0.450684 0.465332
vt1 0.452881 0.472168
vt1 0.446045 0.458496
vt1 0.443848 0.451660
vt1 0.448242 0.465332
vt1 0.450684 0.472168
vt1 0.452881 0.478516
vt1 0.443848 0.458496
vt1 0.441650 0.451660
vt1 0.446045 0.465332
vt1 0.448242 0.472168
vt1 0.450684 0.478516
vt1 0.452881 0.485352
vt1 0.446045 0.472168
vt1 0.450684 0.485352
vt1 0.452881 0.492188
vt1 0.448242 0.478516
vt1 0.450684 0.492188
vt1 0.452881 0.499023
vt1 0.448242 0.485352
vt1 0.446045 0.478516
vt1 0.450684 0.499023
vt1 0.452881 0.505615
vt1 0.448242 0.492188
vt1 0.450684 0.505615
vt1 0.452881 0.512451
vt1 0.448242 0.499023
vt1 0.446045 0.485352
vt1 0.450684 0.512451
vt1 0.452881 0.519043
vt1 0.448242 0.505615
vt1 0.450684 0.519043
vt1 0.452881 0.525879
vt1 0.448242 0.512451
vt1 0.450684 0.525879
vt1 0.452881 0.532715
vt1 0.448242 0.519043
vt1 0.450684 0.532715
vt1 0.452881 0.539307
vt1 0.448242 0.525879
vt1 0.450684 0.539307
vt1 0.452881 0.546143
vt1 0.448242 0.532715
vt1 0.450684 0.546143
vt1 0.452881 0.552979
vt1 0.448242 0.539307
vt1 0.450684 0.552979
vt1 0.452881 0.559570
vt1 0.448242 0.546143
vt1 0.450684 0.559570
vt1 0.452881 0.566406
vt1 0.448242 0.552979
vt1 0.450684 0.566406
vt1 0.452881 0.573242
vt1 0.448242 0.559570
vt1 0.450684 0.573242
vt1 0.452881 0.580078
vt1 0.448242 0.566406
vt1 0.450684 0.580078
vt1 0.452881 0.586670
vt1 0.448242 0.573242
vt1 0.450684 0.586670
vt1 0.452881 0.593506
vt1 0.450684 0.593506
vt1 0.448242 0.580078
vt1 0.448242 0.586670
vt1 0.448242 0.593506
vt1 0.446045 0.573242
vt1 0.446045 0.586670
vt1 0.446045 0.593506
vt1 0.446045 0.580078
vt1 0.443848 0.586670
vt1 0.443848 0.593506
vt1 0.443848 0.580078
vt1 0.441650 0.586670
vt1 0.441650 0.593506
vt1 0.441650 0.580078
vt1 0.443848 0.573242
vt1 0.439453 0.586670
vt1 0.439453 0.593506
vt1 0.439453 0.580078
vt1 0.441650 0.573242
vt1 0.437256 0.586670
vt1 0.437256 0.593506
vt1 0.437256 0.580078
vt1 0.439453 0.573242
vt1 0.435059 0.586670
vt1 0.435059 0.593506
vt1 0.435059 0.580078
vt1 0.437256 0.573242
vt1 0.432861 0.586670
vt1 0.432861 0.593506
vt1 0.432861 0.580078
vt1 0.435059 0.573242
vt1 0.430664 0.586670
vt1 0.430664 0.593506
vt1 0.430664 0.580078
vt1 0.432861 0.573242
vt1 0.428467 0.586670
vt1 0.428467 0.593506
vt1 0.428467 0.580078
vt1 0.430664 0.573242
vt1 0.426025 0.586670
vt1 0.426025 0.593506
vt1 0.426025 0.580078
vt1 0.428467 0.573242
vt1 0.423828 0.586670
vt1 0.423828 0.593506
vt1 0.423828 0.580078
vt1 0.426025 0.573242
vt1 0.421631 0.586670
vt1 0.421631 0.593506
vt1 0.421631 0.580078
vt1 0.423828 0.573242
vt1 0.421631 0.573242
vt1 0.419434 0.580078
vt1 0.419434 0.586670
vt1 0.419434 0.593506
vt1 0.419434 0.573242
vt1 0.417236 0.586670
vt1 0.417236 0.593506
vt1 0.417236 0.580078
vt1 0.415039 0.586670
vt1 0.415039 0.593506
vt1 0.415039 0.580078
vt1 0.417236 0.573242
vt1 0.415039 0.573242
vt1 0.412842 0.580078
vt1 0.412842 0.586670
vt1 0.412842 0.593506
vt1 0.412842 0.573242
vt1 0.410645 0.586670
vt1 0.410645 0.593506
vt1 0.408447 0.586670
vt1 0.408447 0.593506
vt1 0.408447 0.580078
vt1 0.410645 0.580078
vt1 0.408447 0.573242
vt1 0.410645 0.573242
vt1 0.408447 0.566406
vt1 0.410645 0.566406
vt1 0.408447 0.559570
vt1 0.412842 0.566406
vt1 0.410645 0.559570
vt1 0.408447 0.552979
vt1 0.415039 0.566406
vt1 0.412842 0.559570
vt1 0.410645 0.552979
vt1 0.408447 0.546143
vt1 0.417236 0.566406
vt1 0.410645 0.546143
vt1 0.408447 0.539307
vt1 0.412842 0.552979
vt1 0.415039 0.559570
vt1 0.410645 0.539307
vt1 0.408447 0.532715
vt1 0.412842 0.546143
vt1 0.415039 0.552979
vt1 0.410645 0.532715
vt1 0.408447 0.525879
vt1 0.412842 0.539307
vt1 0.410645 0.525879
vt1 0.408447 0.519043
vt1 0.412842 0.532715
vt1 0.415039 0.546143
vt1 0.410645 0.519043
vt1 0.408447 0.512451
vt1 0.412842 0.525879
vt1 0.415039 0.539307
vt1 0.410645 0.512451
vt1 0.408447 0.505615
vt1 0.412842 0.519043
vt1 0.415039 0.532715
vt1 0.410645 0.505615
vt1 0.408447 0.499023
vt1 0.412842 0.512451
vt1 0.415039 0.525879
vt1 0.410645 0.499023
vt1 0.408447 0.492188
vt1 0.412842 0.505615
vt1 0.415039 0.519043
vt1 0.410645 0.492188
vt1 0.408447 0.485352
vt1 0.412842 0.499023
vt1 0.415039 0.512451
vt1 0.410645 0.485352
vt1 0.408447 0.478516
vt1 0.412842 0.492188
vt1 0.415039 0.505615
vt1 0.410645 0.478516
vt1 0.408447 0.472168
vt1 0.412842 0.485352
vt1 0.415039 0.499023
vt1 0.410645 0.472168
vt1 0.408447 0.465332
vt1 0.412842 0.478516
vt1 0.415039 0.492188
vt1 0.410645 0.465332
vt1 0.408447 0.458496
vt1 0.412842 0.472168
vt1 0.415039 0.485352
vt1 0.410645 0.458496
vt1 0.408447 0.451660
vt1 0.410645 0.451660
vt1 0.412842 0.465332
vt1 0.412842 0.458496
vt1 0.412842 0.451660
vt1 0.415039 0.472168
vt1 0.415039 0.458496
vt1 0.415039 0.451660
vt1 0.415039 0.465332
vt1 0.417236 0.458496
vt1 0.417236 0.451660
vt1 0.417236 0.465332
vt1 0.417236 0.472168
vt1 0.419434 0.458496
vt1 0.419434 0.451660
vt1 0.419434 0.465332
vt1 0.419434 0.472168
vt1 0.421631 0.458496
vt1 0.421631 0.451660
vt1 0.421631 0.465332
vt1 0.421631 0.472168
vt1 0.423828 0.458496
vt1 0.423828 0.451660
vt1 0.423828 0.465332
vt1 0.423828 0.472168
vt1 0.426025 0.458496
vt1 0.426025 0.451660
vt1 0.426025 0.465332
vt1 0.426025 0.472168
vt1 0.428467 0.458496
vt1 0.428467 0.451660
vt1 0.428467 0.465332
vt1 0.428467 0.472168
vt1 0.430664 0.458496
vt1 0.430664 0.451660
vt1 0.430664 0.465332
vt1 0.430664 0.472168
vt1 0.432861 0.458496
vt1 0.432861 0.451660
vt1 0.432861 0.465332
vt1 0.432861 0.472168
vt1 0.435059 0.458496
vt1 0.435059 0.451660
vt1 0.435059 0.465332
vt1 0.435059 0.472168
vt1 0.437256 0.458496
vt1 0.437256 0.451660
vt1 0.437256 0.465332
vt1 0.437256 0.472168
vt1 0.439453 0.458496
vt1 0.439453 0.451660
vt1 0.439453 0.465332
vt1 0.441650 0.458496
vt1 0.441650 0.465332
vt1 0.443848 0.465332
vt1 0.443848 0.472168
vt1 0.441650 0.472168
vt1 0.443848 0.478516
vt1 0.439453 0.472168
vt1 0.441650 0.478516
vt1 0.443848 0.485352
vt1 0.439453 0.478516
vt1 0.437256 0.478516
vt1 0.441650 0.485352
vt1 0.439453 0.485352
vt1 0.435059 0.478516
vt1 0.437256 0.485352
vt1 0.432861 0.478516
vt1 0.435059 0.485352
vt1 0.430664 0.478516
vt1 0.432861 0.485352
vt1 0.428467 0.478516
vt1 0.430664 0.485352
vt1 0.426025 0.478516
vt1 0.428467 0.485352
vt1 0.423828 0.478516
vt1 0.426025 0.485352
vt1 0.421631 0.478516
vt1 0.423828 0.485352
vt1 0.419434 0.478516
vt1 0.421631 0.485352
vt1 0.417236 0.478516
vt1 0.419434 0.485352
vt1 0.415039 0.478516
vt1 0.417236 0.485352
vt1 0.417236 0.492188
vt1 0.419434 0.492188
vt1 0.417236 0.499023
vt1 0.419434 0.499023
vt1 0.421631 0.492188
vt1 0.421631 0.499023
vt1 0.423828 0.492188
vt1 0.423828 0.499023
vt1 0.426025 0.492188
vt1 0.426025 0.499023
vt1 0.428467 0.492188
vt1 0.428467 0.499023
vt1 0.430664 0.492188
vt1 0.430664 0.499023
vt1 0.432861 0.492188
vt1 0.432861 0.499023
vt1 0.435059 0.492188
vt1 0.435059 0.499023
vt1 0.437256 0.492188
vt1 0.437256 0.499023
vt1 0.439453 0.492188
vt1 0.439453 0.499023
vt1 0.441650 0.492188
vt1 0.441650 0.499023
vt1 0.443848 0.492188
vt1 0.443848 0.499023
vt1 0.446045 0.492188
vt1 0.446045 0.499023
vt1 0.446045 0.505615
vt1 0.443848 0.505615
vt1 0.446045 0.512451
vt1 0.441650 0.505615
vt1 0.443848 0.512451
vt1 0.446045 0.519043
vt1 0.439453 0.505615
vt1 0.446045 0.525879
vt1 0.443848 0.519043
vt1 0.441650 0.512451
vt1 0.446045 0.532715
vt1 0.443848 0.525879
vt1 0.441650 0.519043
vt1 0.446045 0.539307
vt1 0.443848 0.532715
vt1 0.446045 0.546143
vt1 0.443848 0.539307
vt1 0.441650 0.525879
vt1 0.446045 0.552979
vt1 0.443848 0.546143
vt1 0.446045 0.559570
vt1 0.443848 0.552979
vt1 0.446045 0.566406
vt1 0.443848 0.559570
vt1 0.443848 0.566406
vt1 0.441650 0.552979
vt1 0.441650 0.566406
vt1 0.441650 0.559570
vt1 0.439453 0.566406
vt1 0.439453 0.559570
vt1 0.437256 0.566406
vt1 0.437256 0.559570
vt1 0.439453 0.552979
vt1 0.435059 0.566406
vt1 0.435059 0.559570
vt1 0.437256 0.552979
vt1 0.432861 0.566406
vt1 0.432861 0.559570
vt1 0.435059 0.552979
vt1 0.430664 0.566406
vt1 0.430664 0.559570
vt1 0.432861 0.552979
vt1 0.428467 0.566406
vt1 0.428467 0.559570
vt1 0.430664 0.552979
vt1 0.426025 0.566406
vt1 0.426025 0.559570
vt1 0.428467 0.552979
vt1 0.423828 0.566406
vt1 0.423828 0.559570
vt1 0.426025 0.552979
vt1 0.421631 0.566406
vt1 0.421631 0.559570
vt1 0.423828 0.552979
vt1 0.421631 0.552979
vt1 0.419434 0.559570
vt1 0.419434 0.566406
vt1 0.417236 0.559570
vt1 0.417236 0.552979
vt1 0.419434 0.552979
vt1 0.417236 0.546143
vt1 0.419434 0.546143
vt1 0.417236 0.539307
vt1 0.421631 0.546143
vt1 0.419434 0.539307
vt1 0.417236 0.532715
vt1 0.423828 0.546143
vt1 0.417236 0.525879
vt1 0.419434 0.532715
vt1 0.421631 0.539307
vt1 0.417236 0.519043
vt1 0.419434 0.525879
vt1 0.421631 0.532715
vt1 0.417236 0.512451
vt1 0.419434 0.519043
vt1 0.417236 0.505615
vt1 0.419434 0.512451
vt1 0.419434 0.505615
vt1 0.421631 0.519043
vt1 0.421631 0.505615
vt1 0.421631 0.512451
vt1 0.423828 0.505615
vt1 0.423828 0.512451
vt1 0.423828 0.519043
vt1 0.426025 0.505615
vt1 0.426025 0.512451
vt1 0.426025 0.519043
vt1 0.428467 0.505615
vt1 0.428467 0.512451
vt1 0.428467 0.519043
vt1 0.430664 0.505615
vt1 0.430664 0.512451
vt1 0.430664 0.519043
vt1 0.432861 0.505615
vt1 0.432861 0.512451
vt1 0.432861 0.519043
vt1 0.435059 0.505615
vt1 0.435059 0.512451
vt1 0.435059 0.519043
vt1 0.437256 0.505615
vt1 0.437256 0.512451
vt1 0.439453 0.512451
vt1 0.439453 0.519043
vt1 0.437256 0.519043
vt1 0.439453 0.525879
vt1 0.437256 0.525879
vt1 0.441650 0.532715
vt1 0.439453 0.532715
vt1 0.441650 0.539307
vt1 0.437256 0.532715
vt1 0.441650 0.546143
vt1 0.439453 0.539307
vt1 0.439453 0.546143
vt1 0.437256 0.539307
vt1 0.437256 0.546143
vt1 0.435059 0.532715
vt1 0.435059 0.546143
vt1 0.435059 0.539307
vt1 0.432861 0.546143
vt1 0.432861 0.539307
vt1 0.430664 0.546143
vt1 0.430664 0.539307
vt1 0.432861 0.532715
vt1 0.428467 0.546143
vt1 0.428467 0.539307
vt1 0.430664 0.532715
vt1 0.426025 0.546143
vt1 0.426025 0.539307
vt1 0.423828 0.539307
vt1 0.423828 0.532715
vt1 0.426025 0.532715
vt1 0.428467 0.532715
vt1 0.421631 0.525879
vt1 0.423828 0.525879
vt1 0.426025 0.525879
vt1 0.428467 0.525879
vt1 0.430664 0.525879
vt1 0.432861 0.525879
vt1 0.435059 0.525879
vt1 0.542480 0.466797
vt1 0.538574 0.462891
vt1 0.542969 0.465820
vt1 0.541504 0.467285
vt1 0.538574 0.462402
vt1 0.538086 0.463379
vt1 0.542969 0.453125
vt1 0.532227 0.463379
vt1 0.538574 0.456543
vt1 0.528809 0.467285
vt1 0.538574 0.456055
vt1 0.531738 0.462891
vt1 0.542480 0.452148
vt1 0.527344 0.466797
vt1 0.541504 0.451660
vt1 0.526855 0.465820
vt1 0.538086 0.456055
vt1 0.531250 0.462402
vt1 0.528809 0.451660
vt1 0.531250 0.456543
vt1 0.532227 0.456055
vt1 0.526855 0.453125
vt1 0.531738 0.456055
vt1 0.527344 0.452148
vn -0.921260 -0.000000 -0.385827
vn -1.000000 -0.000000 -0.031496
vn -0.921260 -0.000000 -0.385827
vn -1.000000 -0.000000 -0.031496
vn -1.000000 0.000000 0.031496
vn -0.921260 -0.000000 -0.385827
vn -1.000000 0.000000 0.031496
vn -0.921260 0.000000 0.385827
vn -0.921260 0.000000 0.385827
vn -1.000000 -0.000000 -0.031496
vn -0.921260 -0.000000 -0.385827
vn -1.000000 0.000000 0.031496
vn -0.921260 0.000000 0.385827
vn -1.000000 -0.000000 -0.031496
vn -0.921260 -0.000000 -0.385827
vn -1.000000 0.000000 0.031496
vn -0.921260 0.000000 0.385827
vn -1.000000 -0.000000 -0.031496
vn -0.921260 -0.000000 -0.385827
vn -1.000000 0.000000 0.031496
vn -0.921260 0.000000 0.385827
vn -1.000000 -0.000000 -0.031496
vn -0.921260 -0.000000 -0.385827
vn -1.000000 -0.000000 -0.031496
vn -1.000000 0.000000 0.031496
vn -0.921260 0.000000 0.385827
vn -1.000000 0.000000 0.031496
vn -0.921260 0.000000 0.385827
vn -0.385827 0.000000 0.921260
vn -0.031496 0.000000 1.000000
vn -0.385827 0.000000 0.921260
vn -0.031496 0.000000 1.000000
vn 0.031496 0.000000 1.000000
vn -0.385827 0.000000 0.921260
vn 0.031496 0.000000 1.000000
vn 0.385827 0.000000 0.921260
vn 0.385827 0.000000 0.921260
vn -0.031496 0.000000 1.000000
vn -0.385827 0.000000 0.921260
vn 0.031496 0.000000 1.000000
vn 0.385827 0.000000 0.921260
vn -0.031496 0.000000 1.000000
vn -0.385827 0.000000 0.921260
vn 0.031496 0.000000 1.000000
vn 0.385827 0.000000 0.921260
vn -0.031496 0.000000 1.000000
vn -0.385827 0.000000 0.921260
vn 0.031496 0.000000 1.000000
vn 0.385827 0.000000 0.921260
vn -0.031496 0.000000 1.000000
vn -0.385827 0.000000 0.921260
vn -0.031496 0.000000 1.000000
vn 0.031496 0.000000 1.000000
vn 0.385827 0.000000 0.921260
vn 0.031496 0.000000 1.000000
vn 0.385827 0.000000 0.921260
vn 0.385827 -0.000000 -0.921260
vn 0.031496 -0.000000 -1.000000
vn 0.385827 -0.000000 -0.921260
vn 0.031496 -0.000000 -1.000000
vn 0.385827 -0.000000 -0.921260
vn -0.031496 -0.000000 -1.000000
vn -0.031496 -0.000000 -1.000000
vn -0.385827 -0.000000 -0.921260
vn -0.385827 -0.000000 -0.921260
vn -0.031496 -0.000000 -1.000000
vn -0.385827 -0.000000 -0.921260
vn 0.031496 -0.000000 -1.000000
vn 0.385827 -0.000000 -0.921260
vn -0.031496 -0.000000 -1.000000
vn -0.385827 -0.000000 -0.921260
vn 0.031496 -0.000000 -1.000000
vn 0.385827 -0.000000 -0.921260
vn -0.031496 -0.000000 -1.000000
vn -0.385827 -0.000000 -0.921260
vn 0.031496 -0.000000 -1.000000
vn 0.385827 -0.000000 -0.921260
vn -0.031496 -0.000000 -1.000000
vn -0.385827 -0.000000 -0.921260
vn 0.031496 -0.000000 -1.000000
vn 0.385827 -0.000000 -0.921260
vn 0.031496 -0.000000 -1.000000
vn -0.031496 -0.000000 -1.000000
vn -0.385827 -0.000000 -0.921260
vn 0.921260 0.000000 0.385827
vn 0.921260 0.000000 0.385827
vn 1.000000 0.000000 0.031496
vn 1.000000 0.000000 0.031496
vn 0.921260 0.000000 0.385827
vn 1.000000 -0.000000 -0.031496
vn 1.000000 -0.000000 -0.031496
vn 0.921260 -0.000000 -0.385827
vn 0.921260 -0.000000 -0.385827
vn 1.000000 -0.000000 -0.031496
vn 0.921260 -0.000000 -0.385827
vn 1.000000 0.000000 0.031496
vn 0.921260 0.000000 0.385827
vn 1.000000 -0.000000 -0.031496
vn 0.921260 -0.000000 -0.385827
vn 1.000000 0.000000 0.031496
vn 0.921260 0.000000 0.385827
vn 1.000000 -0.000000 -0.031496
vn 0.921260 -0.000000 -0.385827
vn 1.000000 0.000000 0.031496
vn 0.921260 0.000000 0.385827
vn 1.000000 -0.000000 -0.031496
vn 0.921260 -0.000000 -0.385827
vn 1.000000 0.000000 0.031496
vn 0.921260 0.000000 0.385827
vn 1.000000 0.000000 0.031496
vn 1.000000 -0.000000 -0.031496
vn 0.921260 -0.000000 -0.385827
vn -0.921260 0.000000 0.385827
vn -0.921260 0.000000 0.385827
vn -1.000000 0.000000 0.023622
vn -1.000000 0.000000 0.023622
vn -1.000000 -0.000000 -0.023622
vn -1.000000 -0.000000 -0.023622
vn -0.921260 -0.000000 -0.385827
vn -0.921260 -0.000000 -0.385827
vn -0.385827 0.000000 0.921260
vn -0.385827 0.000000 0.921260
vn -0.023622 0.000000 1.000000
vn -0.023622 0.000000 1.000000
vn 0.023622 0.000000 1.000000
vn 0.023622 0.000000 1.000000
vn 0.385827 0.000000 0.921260
vn 0.385827 0.000000 0.921260
vn -0.385827 -0.000000 -0.921260
vn -0.023622 -0.000000 -1.000000
vn -0.385827 -0.000000 -0.921260
vn -0.023622 -0.000000 -1.000000
vn 0.023622 -0.000000 -1.000000
vn 0.023622 -0.000000 -1.000000
vn 0.385827 -0.000000 -0.921260
vn 0.385827 -0.000000 -0.921260
vn 0.921260 0.000000 0.385827
vn 1.000000 0.000000 0.023622
vn 0.921260 0.000000 0.385827
vn 1.000000 0.000000 0.023622
vn 1.000000 -0.000000 -0.023622
vn 1.000000 -0.000000 -0.023622
vn 0.921260 -0.000000 -0.385827
vn 0.921260 -0.000000 -0.385827
vn 0.409449 0.818898 0.409449
vn 0.212598 0.952756 0.212598
vn 0.692913 0.724409 0.031496
vn 0.488189 0.874016 0.007874
vn 0.000000 1.000000 -0.000000
vn 0.000000 1.000000 -0.000000
vn 0.692913 0.724409 -0.031496
vn 0.000000 1.000000 -0.000000
vn 0.488189 0.874016 -0.007874
vn 0.000000 1.000000 -0.000000
vn 0.212598 0.952756 -0.212599
vn 0.409449 0.818897 -0.409449
vn 0.031496 0.724409 -0.692913
vn 0.007874 0.874016 -0.488189
vn 0.000000 1.000000 -0.000000
vn 0.000000 1.000000 -0.000000
vn -0.007874 0.874016 -0.488189
vn -0.031496 0.724409 -0.692913
vn 0.000000 1.000000 -0.000000
vn -0.212598 0.952756 -0.212599
vn -0.409449 0.818897 -0.409449
vn -0.692913 0.724409 -0.031496
vn -0.488189 0.874016 -0.007874
vn 0.000000 1.000000 -0.000000
vn -0.488189 0.874016 0.007874
vn 0.000000 1.000000 -0.000000
vn -0.692913 0.724409 0.031496
vn 0.000000 1.000000 -0.000000
vn -0.212598 0.952756 0.212598
vn -0.409449 0.818898 0.409449
vn -0.031496 0.724409 0.692913
vn -0.007874 0.874016 0.488189
vn 0.000000 1.000000 -0.000000
vn 0.031496 0.724409 0.692913
vn 0.000000 1.000000 -0.000000
vn 0.212598 0.952756 0.212598
vn 0.409449 0.818898 0.409449
vn 0.007874 0.874016 0.488189
vn 0.000000 1.000000 -0.000000
vn 0.692913 -0.724409 0.031496
vn 0.212598 -0.952756 0.212599
vn 0.409449 -0.818897 0.409449
vn 0.488189 -0.874016 0.007874
vn 0.000000 -1.000000 0.000000
vn 0.000000 -1.000000 0.000000
vn 0.692913 -0.724409 -0.031496
vn 0.000000 -1.000000 0.000000
vn 0.488189 -0.874016 -0.007874
vn 0.000000 -1.000000 0.000000
vn 0.212598 -0.952756 -0.212598
vn 0.409449 -0.818898 -0.409449
vn 0.031496 -0.724409 -0.692913
vn 0.007874 -0.874016 -0.488189
vn 0.000000 -1.000000 0.000000
vn 0.000000 -1.000000 0.000000
vn -0.007874 -0.874016 -0.488189
vn -0.031496 -0.724409 -0.692913
vn 0.000000 -1.000000 0.000000
vn -0.212598 -0.952756 -0.212598
vn -0.409449 -0.818898 -0.409449
vn -0.692913 -0.724409 -0.031496
vn -0.488189 -0.874016 -0.007874
vn 0.000000 -1.000000 0.000000
vn -0.488189 -0.874016 0.007874
vn 0.000000 -1.000000 0.000000
vn -0.692913 -0.724409 0.031496
vn 0.000000 -1.000000 0.000000
vn -0.212598 -0.952756 0.212599
vn -0.409449 -0.818897 0.409449
vn -0.031496 -0.724409 0.692913
vn -0.007874 -0.874016 0.488189
vn 0.000000 -1.000000 0.000000
vn 0.031496 -0.724409 0.692913
vn 0.000000 -1.000000 0.000000
vn 0.212598 -0.952756 0.212599
vn 0.409449 -0.818897 0.409449
vn 0.007874 -0.874016 0.488189
vn 0.000000 -1.000000 0.000000
vn 0.000000 0.000000 1.000000
vn 0.000000 0.000000 1.000000
vn 0.307087 0.000000 0.952756
vn 0.307087 0.000000 0.952756
vn 0.590551 0.000000 0.811023
vn 0.000000 0.000000 1.000000
vn 0.590551 0.000000 0.811023
vn 0.811024 0.000000 0.590551
vn 0.307087 0.000000 0.952756
vn 0.000000 0.000000 1.000000
vn 0.811024 0.000000 0.590551
vn 0.952756 0.000000 0.307087
vn 0.590551 0.000000 0.811023
vn 0.307087 0.000000 0.952756
vn 0.000000 0.000000 1.000000
vn 0.952756 0.000000 0.307087
vn 1.000000 0.000000 0.000000
vn 0.811024 0.000000 0.590551
vn 0.590551 0.000000 0.811023
vn 0.307087 0.000000 0.952756
vn 0.000000 0.000000 1.000000
vn 0.811024 0.000000 0.590551
vn 0.307087 0.000000 0.952756
vn 0.000000 0.000000 1.000000
vn 0.590551 0.000000 0.811023
vn 0.307087 0.000000 0.952756
vn 0.000000 0.000000 1.000000
vn 0.590551 0.000000 0.811023
vn 0.811024 0.000000 0.590551
vn 0.307087 0.000000 0.952756
vn 0.000000 0.000000 1.000000
vn 0.590551 0.000000 0.811023
vn 0.307087 0.000000 0.952756
vn 0.000000 0.000000 1.000000
vn 0.590551 0.000000 0.811023
vn 0.811024 0.000000 0.590551
vn 0.307087 0.000000 0.952756
vn 0.000000 0.000000 1.000000
vn 0.590551 0.000000 0.811023
vn 0.307087 0.000000 0.952756
vn 0.000000 0.000000 1.000000
vn 0.590551 0.000000 0.811023
vn 0.307087 0.000000 0.952756
vn 0.000000 0.000000 1.000000
vn 0.590551 0.000000 0.811023
vn 0.307087 0.000000 0.952756
vn 0.000000 0.000000 1.000000
vn 0.590551 0.000000 0.811023
vn 0.307087 0.000000 0.952756
vn 0.000000 0.000000 1.000000
vn 0.590551 0.000000 0.811023
vn 0.307087 0.000000 0.952756
vn 0.000000 0.000000 1.000000
vn 0.590551 0.000000 0.811023
vn 0.307087 0.000000 0.952756
vn 0.000000 0.000000 1.000000
vn 0.590551 0.000000 0.811023
vn 0.307087 0.000000 0.952756
vn 0.000000 0.000000 1.000000
vn 0.590551 0.000000 0.811023
vn 0.307087 0.000000 0.952756
vn 0.000000 0.000000 1.000000
vn 0.590551 0.000000 0.811023
vn 0.307087 0.000000 0.952756
vn 0.000000 0.000000 1.000000
vn 0.590551 0.000000 0.811023
vn 0.307087 0.000000 0.952756
vn 0.000000 0.000000 1.000000
vn 0.590551 0.000000 0.811023
vn 0.307087 0.000000 0.952756
vn 0.000000 0.000000 1.000000
vn 0.307087 0.000000 0.952756
vn 0.590551 0.000000 0.811023
vn 0.590551 0.000000 0.811023
vn 0.590551 0.000000 0.811023
vn 0.811024 0.000000 0.590551
vn 0.811024 0.000000 0.590551
vn 0.811024 0.000000 0.590551
vn 0.811024 0.000000 0.590551
vn 0.952756 0.000000 0.307087
vn 0.952756 0.000000 0.307087
vn 0.952756 0.000000 0.307087
vn 1.000000 0.000000 0.000000
vn 1.000000 0.000000 0.000000
vn 1.000000 0.000000 0.000000
vn 0.952756 0.000000 0.307087
vn 0.952756 -0.000000 -0.307087
vn 0.952756 -0.000000 -0.307087
vn 0.952756 -0.000000 -0.307087
vn 1.000000 0.000000 0.000000
vn 0.811024 -0.000000 -0.590551
vn 0.811024 -0.000000 -0.590551
vn 0.811024 -0.000000 -0.590551
vn 0.952756 -0.000000 -0.307087
vn 0.590551 -0.000000 -0.811023
vn 0.590551 -0.000000 -0.811023
vn 0.590551 -0.000000 -0.811023
vn 0.811024 -0.000000 -0.590551
vn 0.307087 -0.000000 -0.952756
vn 0.307087 -0.000000 -0.952756
vn 0.307087 -0.000000 -0.952756
vn 0.590551 -0.000000 -0.811023
vn 0.000000 -0.000000 -1.000000
vn 0.000000 -0.000000 -1.000000
vn 0.000000 -0.000000 -1.000000
vn 0.307087 -0.000000 -0.952756
vn -0.307087 -0.000000 -0.952756
vn -0.307087 -0.000000 -0.952756
vn -0.307087 -0.000000 -0.952756
vn 0.000000 -0.000000 -1.000000
vn -0.590551 -0.000000 -0.811023
vn -0.590551 -0.000000 -0.811023
vn -0.590551 -0.000000 -0.811023
vn -0.307087 -0.000000 -0.952756
vn -0.811024 -0.000000 -0.590551
vn -0.811024 -0.000000 -0.590551
vn -0.811024 -0.000000 -0.590551
vn -0.590551 -0.000000 -0.811023
vn -0.952756 -0.000000 -0.307087
vn -0.952756 -0.000000 -0.307087
vn -0.952756 -0.000000 -0.307087
vn -0.811024 -0.000000 -0.590551
vn -0.952756 -0.000000 -0.307087
vn -1.000000 0.000000 0.000000
vn -1.000000 0.000000 0.000000
vn -1.000000 0.000000 0.000000
vn -1.000000 0.000000 0.000000
vn -0.952756 0.000000 0.307087
vn -0.952756 0.000000 0.307087
vn -0.952756 0.000000 0.307087
vn -0.811024 0.000000 0.590551
vn -0.811024 0.000000 0.590551
vn -0.811024 0.000000 0.590551
vn -0.952756 0.000000 0.307087
vn -0.811024 0.000000 0.590551
vn -0.590551 0.000000 0.811023
vn -0.590551 0.000000 0.811023
vn -0.590551 0.000000 0.811023
vn -0.590551 0.000000 0.811023
vn -0.307087 0.000000 0.952756
vn -0.307087 0.000000 0.952756
vn 0.000000 0.000000 1.000000
vn 0.000000 0.000000 1.000000
vn 0.000000 0.000000 1.000000
vn -0.307087 0.000000 0.952756
vn 0.000000 0.000000 1.000000
vn -0.307087 0.000000 0.952756
vn 0.000000 0.000000 1.000000
vn -0.307087 0.000000 0.952756
vn 0.000000 0.000000 1.000000
vn -0.590551 0.000000 0.811023
vn -0.307087 0.000000 0.952756
vn 0.000000 0.000000 1.000000
vn -0.811024 0.000000 0.590551
vn -0.590551 0.000000 0.811023
vn -0.307087 0.000000 0.952756
vn 0.000000 0.000000 1.000000
vn -0.952756 0.000000 0.307087
vn -0.307087 0.000000 0.952756
vn 0.000000 0.000000 1.000000
vn -0.590551 0.000000 0.811023
vn -0.811024 0.000000 0.590551
vn -0.307087 0.000000 0.952756
vn 0.000000 0.000000 1.000000
vn -0.590551 0.000000 0.811023
vn -0.811024 0.000000 0.590551
vn -0.307087 0.000000 0.952756
vn 0.000000 0.000000 1.000000
vn -0.590551 0.000000 0.811023
vn -0.307087 0.000000 0.952756
vn 0.000000 0.000000 1.000000
vn -0.590551 0.000000 0.811023
vn -0.811024 0.000000 0.590551
vn -0.307087 0.000000 0.952756
vn 0.000000 0.000000 1.000000
vn -0.590551 0.000000 0.811023
vn -0.811024 0.000000 0.590551
vn -0.307087 0.000000 0.952756
vn 0.000000 0.000000 1.000000
vn -0.590551 0.000000 0.811023
vn -0.811024 0.000000 0.590551
vn -0.307087 0.000000 0.952756
vn 0.000000 0.000000 1.000000
vn -0.590551 0.000000 0.811023
vn -0.811024 0.000000 0.590551
vn -0.307087 0.000000 0.952756
vn 0.000000 0.000000 1.000000
vn -0.590551 0.000000 0.811023
vn -0.811024 0.000000 0.590551
vn -0.307087 0.000000 0.952756
vn 0.000000 0.000000 1.000000
vn -0.590551 0.000000 0.811023
vn -0.811024 0.000000 0.590551
vn -0.307087 0.000000 0.952756
vn 0.000000 0.000000 1.000000
vn -0.590551 0.000000 0.811023
vn -0.811024 0.000000 0.590551
vn -0.307087 0.000000 0.952756
vn 0.000000 0.000000 1.000000
vn -0.590551 0.000000 0.811023
vn -0.811024 0.000000 0.590551
vn -0.307087 0.000000 0.952756
vn 0.000000 0.000000 1.000000
vn -0.590551 0.000000 0.811023
vn -0.811024 0.000000 0.590551
vn -0.307087 0.000000 0.952756
vn 0.000000 0.000000 1.000000
vn -0.590551 0.000000 0.811023
vn -0.811024 0.000000 0.590551
vn -0.307087 0.000000 0.952756
vn 0.000000 0.000000 1.000000
vn -0.307087 0.000000 0.952756
vn -0.590551 0.000000 0.811023
vn -0.590551 0.000000 0.811023
vn -0.590551 0.000000 0.811023
vn -0.811024 0.000000 0.590551
vn -0.811024 0.000000 0.590551
vn -0.811024 0.000000 0.590551
vn -0.811024 0.000000 0.590551
vn -0.952756 0.000000 0.307087
vn -0.952756 0.000000 0.307087
vn -0.952756 0.000000 0.307087
vn -0.952756 0.000000 0.307087
vn -1.000000 0.000000 0.000000
vn -1.000000 0.000000 0.000000
vn -1.000000 0.000000 0.000000
vn -1.000000 0.000000 0.000000
vn -0.952756 -0.000000 -0.307087
vn -0.952756 -0.000000 -0.307087
vn -0.952756 -0.000000 -0.307087
vn -0.952756 -0.000000 -0.307087
vn -0.811024 -0.000000 -0.590551
vn -0.811024 -0.000000 -0.590551
vn -0.811024 -0.000000 -0.590551
vn -0.811024 -0.000000 -0.590551
vn -0.590551 -0.000000 -0.811023
vn -0.590551 -0.000000 -0.811023
vn -0.590551 -0.000000 -0.811023
vn -0.590551 -0.000000 -0.811023
vn -0.307087 -0.000000 -0.952756
vn -0.307087 -0.000000 -0.952756
vn -0.307087 -0.000000 -0.952756
vn -0.307087 -0.000000 -0.952756
vn 0.000000 -0.000000 -1.000000
vn 0.000000 -0.000000 -1.000000
vn 0.000000 -0.000000 -1.000000
vn 0.000000 -0.000000 -1.000000
vn 0.307087 -0.000000 -0.952756
vn 0.307087 -0.000000 -0.952756
vn 0.307087 -0.000000 -0.952756
vn 0.307087 -0.000000 -0.952756
vn 0.590551 -0.000000 -0.811023
vn 0.590551 -0.000000 -0.811023
vn 0.590551 -0.000000 -0.811023
vn 0.590551 -0.000000 -0.811023
vn 0.811024 -0.000000 -0.590551
vn 0.811024 -0.000000 -0.590551
vn 0.811024 -0.000000 -0.590551
vn 0.811024 -0.000000 -0.590551
vn 0.952756 -0.000000 -0.307087
vn 0.952756 -0.000000 -0.307087
vn 0.952756 -0.000000 -0.307087
vn 1.000000 0.000000 0.000000
vn 1.000000 0.000000 0.000000
vn 0.952756 0.000000 0.307087
vn 0.952756 0.000000 0.307087
vn 1.000000 0.000000 0.000000
vn 0.952756 0.000000 0.307087
vn 0.952756 -0.000000 -0.307087
vn 1.000000 0.000000 0.000000
vn 0.952756 0.000000 0.307087
vn 0.952756 -0.000000 -0.307087
vn 0.811024 -0.000000 -0.590551
vn 1.000000 0.000000 0.000000
vn 0.952756 -0.000000 -0.307087
vn 0.590551 -0.000000 -0.811023
vn 0.811024 -0.000000 -0.590551
vn 0.307087 -0.000000 -0.952756
vn 0.590551 -0.000000 -0.811023
vn 0.000000 -0.000000 -1.000000
vn 0.307087 -0.000000 -0.952756
vn -0.307087 -0.000000 -0.952756
vn 0.000000 -0.000000 -1.000000
vn -0.590551 -0.000000 -0.811023
vn -0.307087 -0.000000 -0.952756
vn -0.811024 -0.000000 -0.590551
vn -0.590551 -0.000000 -0.811023
vn -0.952756 -0.000000 -0.307087
vn -0.811024 -0.000000 -0.590551
vn -1.000000 0.000000 0.000000
vn -0.952756 -0.000000 -0.307087
vn -0.952756 0.000000 0.307087
vn -1.000000 0.000000 0.000000
vn -0.811024 0.000000 0.590551
vn -0.952756 0.000000 0.307087
vn -0.952756 0.000000 0.307087
vn -1.000000 0.000000 0.000000
vn -0.952756 0.000000 0.307087
vn -1.000000 0.000000 0.000000
vn -0.952756 -0.000000 -0.307087
vn -0.952756 -0.000000 -0.307087
vn -0.811024 -0.000000 -0.590551
vn -0.811024 -0.000000 -0.590551
vn -0.590551 -0.000000 -0.811023
vn -0.590551 -0.000000 -0.811023
vn -0.307087 -0.000000 -0.952756
vn -0.307087 -0.000000 -0.952756
vn 0.000000 -0.000000 -1.000000
vn 0.000000 -0.000000 -1.000000
vn 0.307087 -0.000000 -0.952756
vn 0.307087 -0.000000 -0.952756
vn 0.590551 -0.000000 -0.811023
vn 0.590551 -0.000000 -0.811023
vn 0.811024 -0.000000 -0.590551
vn 0.811024 -0.000000 -0.590551
vn 0.952756 -0.000000 -0.307087
vn 0.952756 -0.000000 -0.307087
vn 1.000000 0.000000 0.000000
vn 1.000000 0.000000 0.000000
vn 0.952756 0.000000 0.307087
vn 0.952756 0.000000 0.307087
vn 0.811024 0.000000 0.590551
vn 0.811024 0.000000 0.590551
vn 0.811024 0.000000 0.590551
vn 0.952756 0.000000 0.307087
vn 0.811024 0.000000 0.590551
vn 1.000000 0.000000 0.000000
vn 0.952756 0.000000 0.307087
vn 0.811024 0.000000 0.590551
vn 0.952756 -0.000000 -0.307087
vn 0.811024 0.000000 0.590551
vn 0.952756 0.000000 0.307087
vn 1.000000 0.000000 0.000000
vn 0.811024 0.000000 0.590551
vn 0.952756 0.000000 0.307087
vn 1.000000 0.000000 0.000000
vn 0.811024 0.000000 0.590551
vn 0.952756 0.000000 0.307087
vn 0.811024 0.000000 0.590551
vn 0.952756 0.000000 0.307087
vn 1.000000 0.000000 0.000000
vn 0.811024 0.000000 0.590551
vn 0.952756 0.000000 0.307087
vn 0.811024 0.000000 0.590551
vn 0.952756 0.000000 0.307087
vn 0.811024 0.000000 0.590551
vn 0.952756 0.000000 0.307087
vn 0.952756 0.000000 0.307087
vn 1.000000 0.000000 0.000000
vn 1.000000 0.000000 0.000000
vn 1.000000 0.000000 0.000000
vn 0.952756 -0.000000 -0.307087
vn 0.952756 -0.000000 -0.307087
vn 0.811024 -0.000000 -0.590551
vn 0.811024 -0.000000 -0.590551
vn 0.952756 -0.000000 -0.307087
vn 0.590551 -0.000000 -0.811023
vn 0.590551 -0.000000 -0.811023
vn 0.811024 -0.000000 -0.590551
vn 0.307087 -0.000000 -0.952756
vn 0.307087 -0.000000 -0.952756
vn 0.590551 -0.000000 -0.811023
vn 0.000000 -0.000000 -1.000000
vn 0.000000 -0.000000 -1.000000
vn 0.307087 -0.000000 -0.952756
vn -0.307087 -0.000000 -0.952756
vn -0.307087 -0.000000 -0.952756
vn 0.000000 -0.000000 -1.000000
vn -0.590551 -0.000000 -0.811023
vn -0.590551 -0.000000 -0.811023
vn -0.307087 -0.000000 -0.952756
vn -0.811024 -0.000000 -0.590551
vn -0.811024 -0.000000 -0.590551
vn -0.590551 -0.000000 -0.811023
vn -0.952756 -0.000000 -0.307087
vn -0.952756 -0.000000 -0.307087
vn -0.811024 -0.000000 -0.590551
vn -0.952756 -0.000000 -0.307087
vn -1.000000 0.000000 0.000000
vn -1.000000 0.000000 0.000000
vn -0.952756 0.000000 0.307087
vn -0.952756 0.000000 0.307087
vn -1.000000 0.000000 0.000000
vn -0.952756 0.000000 0.307087
vn -1.000000 0.000000 0.000000
vn -0.952756 0.000000 0.307087
vn -0.952756 -0.000000 -0.307087
vn -1.000000 0.000000 0.000000
vn -0.952756 0.000000 0.307087
vn -0.811024 -0.000000 -0.590551
vn -0.952756 0.000000 0.307087
vn -1.000000 0.000000 0.000000
vn -0.952756 -0.000000 -0.307087
vn -0.952756 0.000000 0.307087
vn -1.000000 0.000000 0.000000
vn -0.952756 -0.000000 -0.307087
vn -0.952756 0.000000 0.307087
vn -1.000000 0.000000 0.000000
vn -0.952756 0.000000 0.307087
vn -1.000000 0.000000 0.000000
vn -1.000000 0.000000 0.000000
vn -0.952756 -0.000000 -0.307087
vn -0.952756 -0.000000 -0.307087
vn -0.952756 -0.000000 -0.307087
vn -0.811024 -0.000000 -0.590551
vn -0.811024 -0.000000 -0.590551
vn -0.811024 -0.000000 -0.590551
vn -0.590551 -0.000000 -0.811023
vn -0.590551 -0.000000 -0.811023
vn -0.590551 -0.000000 -0.811023
vn -0.307087 -0.000000 -0.952756
vn -0.307087 -0.000000 -0.952756
vn -0.307087 -0.000000 -0.952756
vn 0.000000 -0.000000 -1.000000
vn 0.000000 -0.000000 -1.000000
vn 0.000000 -0.000000 -1.000000
vn 0.307087 -0.000000 -0.952756
vn 0.307087 -0.000000 -0.952756
vn 0.307087 -0.000000 -0.952756
vn 0.590551 -0.000000 -0.811023
vn 0.590551 -0.000000 -0.811023
vn 0.590551 -0.000000 -0.811023
vn 0.811024 -0.000000 -0.590551
vn 0.811024 -0.000000 -0.590551
vn 0.952756 -0.000000 -0.307087
vn 0.952756 -0.000000 -0.307087
vn 0.811024 -0.000000 -0.590551
vn 0.952756 -0.000000 -0.307087
vn 0.811024 -0.000000 -0.590551
vn 1.000000 0.000000 0.000000
vn 0.952756 -0.000000 -0.307087
vn 1.000000 0.000000 0.000000
vn 0.811024 -0.000000 -0.590551
vn 1.000000 0.000000 0.000000
vn 0.952756 -0.000000 -0.307087
vn 0.952756 -0.000000 -0.307087
vn 0.811024 -0.000000 -0.590551
vn 0.811024 -0.000000 -0.590551
vn 0.590551 -0.000000 -0.811023
vn 0.590551 -0.000000 -0.811023
vn 0.590551 -0.000000 -0.811023
vn 0.307087 -0.000000 -0.952756
vn 0.307087 -0.000000 -0.952756
vn 0.000000 -0.000000 -1.000000
vn 0.000000 -0.000000 -1.000000
vn 0.307087 -0.000000 -0.952756
vn -0.307087 -0.000000 -0.952756
vn -0.307087 -0.000000 -0.952756
vn 0.000000 -0.000000 -1.000000
vn -0.590551 -0.000000 -0.811023
vn -0.590551 -0.000000 -0.811023
vn -0.811024 -0.000000 -0.590551
vn -0.811024 -0.000000 -0.590551
vn -0.590551 -0.000000 -0.811023
vn -0.307087 -0.000000 -0.952756
vn -0.952756 -0.000000 -0.307087
vn -0.811024 -0.000000 -0.590551
vn -0.590551 -0.000000 -0.811023
vn -0.307087 -0.000000 -0.952756
vn 0.000000 -0.000000 -1.000000
vn 0.307087 -0.000000 -0.952756
vn 0.590551 -0.000000 -0.811023
vn 0.000000 1.000000 -0.000000
vn 0.000000 1.000000 -0.000000
vn 0.000000 1.000000 -0.000000
vn 0.000000 1.000000 -0.000000
vn 0.000000 1.000000 -0.000000
vn 0.000000 1.000000 -0.000000
vn 0.000000 1.000000 -0.000000
vn 0.000000 1.000000 -0.000000
vn 0.000000 1.000000 -0.000000
vn 0.000000 1.000000 -0.000000
vn 0.000000 1.000000 -0.000000
vn 0.000000 1.000000 -0.000000
vn 0.000000 1.000000 -0.000000
vn 0.000000 1.000000 -0.000000
vn 0.000000 1.000000 -0.000000
vn 0.000000 1.000000 -0.000000
vn 0.000000 1.000000 -0.000000
vn 0.000000 1.000000 -0.000000
vn 0.000000 1.000000 -0.000000
vn 0.000000 1.000000 -0.000000
vn 0.000000 1.000000 -0.000000
vn 0.000000 1.000000 -0.000000
vn 0.000000 1.000000 -0.000000
vn 0.000000 1.000000 -0.000000
tan 0.000000 -0.997582 0.000000 1.000000
tan 0.000000 -1.000992 0.000000 1.000000
tan 0.000000 -0.997582 0.000000 1.000000
tan 0.000000 -1.000992 0.000000 1.000000
tan 0.000000 -1.000992 0.000000 1.000000
tan 0.000000 -0.997582 0.000000 1.000000
tan 0.000000 -1.000992 0.000000 1.000000
tan 0.000000 -0.997582 0.000000 1.000000
tan 0.000000 -0.997582 0.000000 1.000000
tan 0.000000 -1.000992 0.000000 1.000000
tan 0.000000 -0.997582 0.000000 1.000000
tan 0.000000 -1.000992 0.000000 1.000000
tan 0.000000 -0.997582 0.000000 1.000000
tan 0.000000 -1.000992 0.000000 1.000000
tan 0.000000 -0.997582 0.000000 1.000000
tan 0.000000 -1.000992 0.000000 1.000000
tan 0.000000 -0.997582 0.000000 1.000000
tan 0.000000 -1.000992 0.000000 1.000000
tan 0.000000 -0.997582 0.000000 1.000000
tan 0.000000 -1.000992 0.000000 1.000000
tan 0.000000 -0.997582 0.000000 1.000000
tan 0.000000 -1.000992 0.000000 1.000000
tan 0.000000 -0.997582 0.000000 1.000000
tan 0.000000 -1.000992 0.000000 1.000000
tan 0.000248 -1.000992 0.007874 1.000000
tan 0.003038 -0.997582 0.007254 1.000000
tan 0.000248 -1.000992 0.007874 1.000000
tan 0.006076 -0.997582 0.014508 1.000000
tan 0.000000 -0.997582 0.000000 1.000000
tan 0.000000 -1.000992 0.000000 1.000000
tan 0.000000 -0.997582 0.000000 1.000000
tan 0.000000 -1.000992 0.000000 1.000000
tan 0.000000 -1.000992 0.000000 1.000000
tan 0.000000 -0.997582 0.000000 1.000000
tan 0.000000 -1.000992 0.000000 1.000000
tan 0.000000 -0.997582 0.000000 1.000000
tan -0.007254 -0.997582 0.003038 1.000000
tan 0.000000 -1.000992 0.000000 1.000000
tan 0.000000 -0.997582 0.000000 1.000000
tan -0.007874 -1.000992 0.000248 1.000000
tan -0.007254 -0.997582 0.003038 1.000000
tan 0.000000 -1.000992 0.000000 1.000000
tan 0.000000 -0.997582 0.000000 1.000000
tan 0.000000 -1.000992 0.000000 1.000000
tan 0.000000 -0.997582 0.000000 1.000000
tan 0.000000 -1.000992 0.000000 1.000000
tan 0.007254 -0.997582 0.003038 1.000000
tan 0.007874 -1.000992 -0.000248 1.000000
tan 0.007254 -0.997582 -0.003038 1.000000
tan 0.007874 -1.000992 0.000248 1.000000
tan 0.014508 -0.997582 0.006076 1.000000
tan 0.007874 -1.000992 0.000248 1.000000
tan 0.007874 -1.000992 -0.000248 1.000000
tan 0.007254 -0.997582 -0.003038 1.000000
tan 0.007874 -1.000992 -0.000248 1.000000
tan 0.007254 -0.997582 -0.003038 1.000000
tan 0.000000 -0.997582 0.000000 1.000000
tan 0.000000 -1.000992 0.000000 1.000000
tan 0.000000 -0.997582 0.000000 1.000000
tan 0.000000 -1.000992 0.000000 1.000000
tan 0.000000 -0.997582 0.000000 1.000000
tan 0.000000 -1.000992 0.000000 1.000000
tan 0.000000 -1.000992 0.000000 1.000000
tan 0.000000 -0.997582 0.000000 1.000000
tan 0.000000 -0.997582 0.000000 1.000000
tan 0.000000 -1.000992 0.000000 1.000000
tan 0.000000 -0.997582 0.000000 1.000000
tan 0.000000 -1.000992 0.000000 1.000000
tan 0.000000 -0.997582 0.000000 1.000000
tan 0.000000 -1.000992 0.000000 1.000000
tan 0.000000 -0.997582 0.000000 1.000000
tan 0.000000 -1.000992 0.000000 1.000000
tan 0.000000 -0.997582 0.000000 1.000000
tan 0.000000 -1.000992 0.000000 1.000000
tan 0.000000 -0.997582 0.000000 1.000000
tan 0.000000 -1.000992 0.000000 1.000000
tan 0.007254 -0.997582 0.003038 1.000000
tan 0.000000 -1.000992 0.000000 1.000000
tan 0.000000 -0.997582 0.000000 1.000000
tan 0.007874 -1.000992 0.000248 1.000000
tan 0.007254 -0.997582 0.003038 1.000000
tan 0.007874 -1.000992 0.000248 1.000000
tan 0.000000 -1.000992 0.000000 1.000000
tan 0.000000 -0.997582 0.000000 1.000000
tan 0.000000 -0.997582 0.000000 1.000000
tan 0.003038 -0.997582 -0.007254 1.000000
tan 0.000000 -1.000992 0.000000 1.000000
tan 0.000000 -1.000992 0.000000 1.000000
tan 0.003038 -0.997582 -0.007254 1.000000
tan 0.000000 -1.000992 0.000000 1.000000
tan 0.000000 -1.000992 0.000000 1.000000
tan 0.000000 -0.997582 0.000000 1.000000
tan 0.000000 -0.997582 0.000000 1.000000
tan 0.000000 -1.000992 0.000000 1.000000
tan 0.000000 -0.997582 0.000000 1.000000
tan 0.000248 -1.000992 -0.007874 1.000000
tan 0.000000 -0.997582 0.000000 1.000000
tan 0.000000 -1.000992 0.000000 1.000000
tan 0.000000 -0.997582 0.000000 1.000000
tan 0.000000 -1.000992 0.000000 1.000000
tan -0.003038 -0.997582 0.007254 1.000000
tan 0.000000 -1.000992 0.000000 1.000000
tan 0.000000 -0.997582 0.000000 1.000000
tan -0.000248 -1.000992 0.007874 1.000000
tan -0.003038 -0.997582 0.007254 1.000000
tan 0.000248 -1.000992 0.007874 1.000000
tan 0.003038 -0.997582 0.007254 1.000000
tan -0.000248 -1.000992 0.007874 1.000000
tan -0.003038 -0.997582 0.007254 1.000000
tan -0.000248 -1.000992 0.007874 1.000000
tan 0.000248 -1.000992 0.007874 1.000000
tan 0.006076 -0.997582 0.014508 1.000000
tan 0.115444 -0.952198 0.275653 1.000000
tan -0.066836 -0.987290 -0.159588 1.000000
tan 0.003348 -0.992684 0.141732 1.000000
tan -0.002790 -0.992684 -0.118110 1.000000
tan -0.002790 -0.992684 0.118110 1.000000
tan 0.002604 -0.992684 -0.110236 1.000000
tan 0.063798 -0.987290 -0.152334 1.000000
tan -0.100254 -0.962490 0.239383 1.000000
tan 0.224874 -0.969744 0.094178 1.000000
tan -0.116064 -0.987290 -0.048608 1.000000
tan 0.118110 -0.992684 0.002790 1.000000
tan -0.086614 -0.992684 -0.002046 1.000000
tan -0.015748 -1.000558 0.000372 1.000000
tan 0.094488 -0.992684 -0.002232 1.000000
tan 0.108810 -0.994544 -0.045570 1.000000
tan -0.079794 -0.994544 0.033418 1.000000
tan 0.152334 -0.987290 -0.063798 1.000000
tan -0.110236 -0.992684 0.002604 1.000000
tan -0.239382 -0.962490 0.100254 1.000000
tan 0.118110 -0.992684 -0.002790 1.000000
tan -0.118110 -0.992684 -0.002790 1.000000
tan 0.141732 -0.992684 0.003348 1.000000
tan 0.181350 -0.980036 0.075950 1.000000
tan -0.253890 -0.962490 -0.106330 1.000000
tan 0.024304 -0.997582 -0.058032 1.000000
tan -0.001674 -1.000558 0.070866 1.000000
tan -0.054684 -0.987290 0.130572 1.000000
tan 0.001116 -1.000558 -0.047244 1.000000
tan -0.001860 -1.000558 -0.078740 1.000000
tan 0.002976 -0.992684 0.125984 1.000000
tan 0.060760 -0.987290 0.145080 1.000000
tan -0.085064 -0.976998 -0.203112 1.000000
tan 0.793106 -0.541633 0.290161 1.000000
tan 0.941224 -0.254448 0.199082 1.000000
tan 0.717217 -0.690433 0.101184 1.000000
tan 0.873892 -0.488561 0.048980 1.000000
tan 1.000000 0.000000 0.055118 1.000000
tan 1.000000 0.000000 0.007874 1.000000
tan 0.690929 -0.672329 -0.263128 1.000000
tan 1.000000 -0.000000 -0.078740 1.000000
tan 0.852564 -0.478207 -0.222022 1.000000
tan 0.732283 -0.000000 -0.677165 1.000000
tan 0.691859 -0.301321 -0.658503 1.000000
tan 0.589993 -0.580321 -0.570649 1.000000
tan 0.296609 -0.667617 -0.684481 1.000000
tan 0.250356 -0.474549 -0.845558 1.000000
tan 0.110236 -0.000000 -0.992126 1.000000
tan -0.086614 -0.000000 -0.992126 1.000000
tan -0.232748 -0.478269 -0.852502 1.000000
tan -0.285449 -0.672825 -0.690433 1.000000
tan -0.700787 -0.000000 -0.716535 1.000000
tan -0.675181 -0.301321 -0.675181 1.000000
tan -0.580321 -0.577097 -0.573873 1.000000
tan -0.690681 -0.672577 -0.274288 1.000000
tan -0.852502 -0.478269 -0.232748 1.000000
tan -0.992126 -0.000000 -0.094488 1.000000
tan -0.845558 -0.474549 0.250357 1.000000
tan -0.992126 0.000000 0.110236 1.000000
tan -0.684481 -0.667617 0.296609 1.000000
tan -0.685039 0.000000 0.724409 1.000000
tan -0.651001 -0.299646 0.691859 1.000000
tan -0.560977 -0.580321 0.599665 1.000000
tan -0.263129 -0.677785 0.696633 1.000000
tan -0.215140 -0.478145 0.852564 1.000000
tan -0.078740 0.000000 1.000000 1.000000
tan 0.101184 -0.690433 0.717217 1.000000
tan 0.007874 0.000000 1.000000 1.000000
tan 0.199082 -0.254448 0.941224 1.000000
tan 0.290161 -0.541633 0.793105 1.000000
tan 0.048980 -0.488561 0.873892 1.000000
tan 0.055118 0.000000 1.000000 1.000000
tan -0.723417 -0.695393 -0.078864 1.000000
tan -0.950400 -0.252775 -0.182404 1.000000
tan -0.806002 -0.538409 -0.270816 1.000000
tan -0.873954 -0.488437 -0.031372 1.000000
tan -1.000000 -0.000000 -0.039370 1.000000
tan -1.000000 0.000000 0.007874 1.000000
tan -0.690681 -0.672577 0.274289 1.000000
tan -0.992126 0.000000 0.102362 1.000000
tan -0.845620 -0.474425 0.232748 1.000000
tan -0.716535 0.000000 0.692913 1.000000
tan -0.682683 -0.301320 0.667679 1.000000
tan -0.589993 -0.580321 0.570649 1.000000
tan -0.285449 -0.672825 0.690433 1.000000
tan -0.239630 -0.474487 0.845620 1.000000
tan -0.102362 0.000000 0.992126 1.000000
tan 0.086614 0.000000 0.992126 1.000000
tan 0.232748 -0.474425 0.845620 1.000000
tan 0.274289 -0.672577 0.690681 1.000000
tan 0.700787 0.000000 0.716535 1.000000
tan 0.675181 -0.301320 0.675181 1.000000
tan 0.573873 -0.577097 0.580321 1.000000
tan 0.690433 -0.672825 0.285449 1.000000
tan 0.845620 -0.474487 0.239631 1.000000
tan 0.992126 0.000000 0.110236 1.000000
tan 0.845620 -0.474487 -0.239630 1.000000
tan 0.992126 -0.000000 -0.086614 1.000000
tan 0.690433 -0.672825 -0.285448 1.000000
tan 0.708661 -0.000000 -0.700787 1.000000
tan 0.667679 -0.299647 -0.675181 1.000000
tan 0.580321 -0.580321 -0.580321 1.000000
tan 0.285449 -0.672825 -0.690433 1.000000
tan 0.239630 -0.474487 -0.845619 1.000000
tan 0.110236 -0.000000 -0.992126 1.000000
tan -0.078864 -0.695393 -0.723417 1.000000
tan 0.015748 -0.000000 -1.000000 1.000000
tan -0.182404 -0.252775 -0.950400 1.000000
tan -0.274041 -0.538409 -0.802777 1.000000
tan -0.031372 -0.488437 -0.873954 1.000000
tan -0.031496 -0.000000 -1.000000 1.000000
tan 0.000000 -1.000000 0.000000 1.000000
tan 0.000000 -1.000000 0.000000 1.000000
tan 0.000000 -1.002046 0.000000 1.000000
tan 0.000000 -1.002046 0.000000 1.000000
tan 0.000000 -1.006510 0.000000 1.000000
tan 0.000000 -1.000000 0.000000 1.000000
tan 0.000000 -1.006510 0.000000 1.000000
tan 0.000000 -1.006510 0.000000 1.000000
tan 0.000000 -1.002046 0.000000 1.000000
tan 0.000000 -1.000000 0.000000 1.000000
tan 0.000000 -1.006510 0.000000 1.000000
tan 0.000000 -1.002046 0.000000 1.000000
tan 0.000000 -1.006510 0.000000 1.000000
tan 0.000000 -1.002046 0.000000 1.000000
tan 0.000000 -1.000000 0.000000 1.000000
tan 0.000000 -1.002046 0.000000 1.000000
tan 0.000000 -1.000000 0.000000 1.000000
tan 0.000000 -1.006510 0.000000 1.000000
tan 0.000000 -1.006510 0.000000 1.000000
tan 0.000000 -1.002046 0.000000 1.000000
tan 0.000000 -1.000000 0.000000 1.000000
tan 0.000000 -1.006510 0.000000 1.000000
tan 0.000000 -1.002046 0.000000 1.000000
tan 0.000000 -1.000000 0.000000 1.000000
tan 0.000000 -1.006510 0.000000 1.000000
tan 0.000000 -1.002046 0.000000 1.000000
tan 0.000000 -1.000000 0.000000 1.000000
tan 0.000000 -1.006510 0.000000 1.000000
tan 0.000000 -1.006510 0.000000 1.000000
tan 0.000000 -1.002046 0.000000 1.000000
tan 0.000000 -1.000000 0.000000 1.000000
tan 0.000000 -1.006510 0.000000 1.000000
tan 0.000000 -1.002046 0.000000 1.000000
tan 0.000000 -1.000000 0.000000 1.000000
tan 0.000000 -1.006510 0.000000 1.000000
tan 0.000000 -1.006510 0.000000 1.000000
tan 0.000000 -1.002046 0.000000 1.000000
tan 0.000000 -1.000000 0.000000 1.000000
tan 0.000000 -1.006510 0.000000 1.000000
tan 0.000000 -1.002046 0.000000 1.000000
tan 0.000000 -1.000000 0.000000 1.000000
tan 0.000000 -1.006510 0.000000 1.000000
tan 0.000000 -1.002046 0.000000 1.000000
tan 0.000000 -1.000000 0.000000 1.000000
tan 0.000000 -1.006510 0.000000 1.000000
tan 0.000000 -1.002046 0.000000 1.000000
tan 0.000000 -1.000000 0.000000 1.000000
tan 0.000000 -1.006510 0.000000 1.000000
tan 0.000000 -1.002046 0.000000 1.000000
tan 0.000000 -1.000000 0.000000 1.000000
tan 0.000000 -1.006510 0.000000 1.000000
tan 0.000000 -1.002046 0.000000 1.000000
tan 0.000000 -1.000000 0.000000 1.000000
tan 0.000000 -1.006510 0.000000 1.000000
tan 0.000000 -1.002046 0.000000 1.000000
tan 0.000000 -1.000000 0.000000 1.000000
tan 0.000000 -1.006510 0.000000 1.000000
tan 0.000000 -1.002046 0.000000 1.000000
tan 0.000000 -1.000000 0.000000 1.000000
tan 0.000000 -1.006510 0.000000 1.000000
tan 0.000000 -1.002046 0.000000 1.000000
tan 0.000000 -1.000000 0.000000 1.000000
tan 0.000000 -1.006510 0.000000 1.000000
tan 0.000000 -1.002046 0.000000 1.000000
tan 0.000000 -1.000000 0.000000 1.000000
tan 0.000000 -1.006510 0.000000 1.000000
tan 0.000000 -1.002046 0.000000 1.000000
tan 0.000000 -1.000000 0.000000 1.000000
tan 0.000000 -1.006510 0.000000 1.000000
tan 0.000000 -1.002046 0.000000 1.000000
tan 0.000000 -1.000000 0.000000 1.000000
tan 0.000000 -1.002046 0.000000 1.000000
tan 0.000000 -1.006510 0.000000 1.000000
tan 0.000000 -1.006510 0.000000 1.000000
tan 0.000000 -1.006510 0.000000 1.000000
tan 0.000000 -1.006510 0.000000 1.000000
tan 0.000000 -1.006510 0.000000 1.000000
tan 0.000000 -1.006510 0.000000 1.000000
tan 0.000000 -1.006510 0.000000 1.000000
tan 0.000000 -1.002046 0.000000 1.000000
tan 0.000000 -1.002046 0.000000 1.000000
tan 0.000000 -1.002046 0.000000 1.000000
tan 0.000000 -1.000000 0.000000 1.000000
tan 0.000000 -1.000000 0.000000 1.000000
tan 0.000000 -1.000000 0.000000 1.000000
tan 0.000000 -1.002046 0.000000 1.000000
tan 0.000000 -1.002046 0.000000 1.000000
tan 0.000000 -1.002046 0.000000 1.000000
tan 0.000000 -1.002046 0.000000 1.000000
tan 0.000000 -1.000000 0.000000 1.000000
tan 0.000000 -1.006510 0.000000 1.000000
tan 0.000000 -1.006510 0.000000 1.000000
tan 0.000000 -1.006510 0.000000 1.000000
tan 0.000000 -1.002046 0.000000 1.000000
tan 0.000000 -1.006510 0.000000 1.000000
tan 0.000000 -1.006510 0.000000 1.000000
tan 0.000000 -1.006510 0.000000 1.000000
tan 0.000000 -1.006510 0.000000 1.000000
tan 0.000000 -1.002046 0.000000 1.000000
tan 0.000000 -1.002046 0.000000 1.000000
tan 0.000000 -1.002046 0.000000 1.000000
tan 0.000000 -1.006510 0.000000 1.000000
tan 0.000000 -1.000000 0.000000 1.000000
tan 0.000000 -1.000000 0.000000 1.000000
tan 0.000000 -1.000000 0.000000 1.000000
tan 0.000000 -1.002046 0.000000 1.000000
tan 0.000000 -1.002046 0.000000 1.000000
tan 0.000000 -1.002046 0.000000 1.000000
tan 0.000000 -1.002046 0.000000 1.000000
tan 0.000000 -1.000000 0.000000 1.000000
tan 0.000000 -1.006510 0.000000 1.000000
tan 0.000000 -1.006510 0.000000 1.000000
tan 0.000000 -1.006510 0.000000 1.000000
tan 0.000000 -1.002046 0.000000 1.000000
tan 0.000000 -1.006510 0.000000 1.000000
tan 0.000000 -1.006510 0.000000 1.000000
tan 0.000000 -1.006510 0.000000 1.000000
tan 0.000000 -1.006510 0.000000 1.000000
tan 0.000000 -1.002046 0.000000 1.000000
tan 0.000000 -1.002046 0.000000 1.000000
tan 0.000000 -1.002046 0.000000 1.000000
tan 0.000000 -1.006510 0.000000 1.000000
tan 0.000000 -1.002046 0.000000 1.000000
tan 0.000000 -1.000000 0.000000 1.000000
tan 0.000000 -1.000000 0.000000 1.000000
tan 0.000000 -1.000000 0.000000 1.000000
tan 0.000000 -1.000000 0.000000 1.000000
tan 0.000000 -1.002046 0.000000 1.000000
tan 0.000000 -1.002046 0.000000 1.000000
tan 0.000000 -1.002046 0.000000 1.000000
tan 0.000000 -1.006510 0.000000 1.000000
tan 0.000000 -1.006510 0.000000 1.000000
tan 0.000000 -1.006510 0.000000 1.000000
tan 0.000000 -1.002046 0.000000 1.000000
tan 0.000000 -1.006510 0.000000 1.000000
tan 0.000000 -1.006510 0.000000 1.000000
tan 0.000000 -1.006510 0.000000 1.000000
tan 0.000000 -1.006510 0.000000 1.000000
tan 0.000000 -1.006510 0.000000 1.000000
tan 0.000000 -1.002046 0.000000 1.000000
tan 0.000000 -1.002046 0.000000 1.000000
tan 0.000000 -1.000000 0.000000 1.000000
tan 0.000000 -1.000000 0.000000 1.000000
tan 0.000000 -1.000000 0.000000 1.000000
tan 0.000000 -1.002046 0.000000 1.000000
tan 0.000000 -1.000000 0.000000 1.000000
tan 0.000000 -1.002046 0.000000 1.000000
tan 0.000000 -1.000000 0.000000 1.000000
tan 0.000000 -1.002046 0.000000 1.000000
tan 0.000000 -1.000000 0.000000 1.000000
tan 0.000000 -1.006510 0.000000 1.000000
tan 0.000000 -1.002046 0.000000 1.000000
tan 0.000000 -1.000000 0.000000 1.000000
tan 0.000000 -1.006510 0.000000 1.000000
tan 0.000000 -1.006510 0.000000 1.000000
tan 0.000000 -1.002046 0.000000 1.000000
tan 0.000000 -1.000000 0.000000 1.000000
tan 0.000000 -1.002046 0.000000 1.000000
tan 0.000000 -1.002046 0.000000 1.000000
tan 0.000000 -1.000000 0.000000 1.000000
tan 0.000000 -1.006510 0.000000 1.000000
tan 0.000000 -1.006510 0.000000 1.000000
tan 0.000000 -1.002046 0.000000 1.000000
tan 0.000000 -1.000000 0.000000 1.000000
tan 0.000000 -1.006510 0.000000 1.000000
tan 0.000000 -1.006510 0.000000 1.000000
tan 0.000000 -1.002046 0.000000 1.000000
tan 0.000000 -1.000000 0.000000 1.000000
tan 0.000000 -1.006510 0.000000 1.000000
tan 0.000000 -1.002046 0.000000 1.000000
tan 0.000000 -1.000000 0.000000 1.000000
tan 0.000000 -1.006510 0.000000 1.000000
tan 0.000000 -1.006510 0.000000 1.000000
tan 0.000000 -1.002046 0.000000 1.000000
tan 0.000000 -1.000000 0.000000 1.000000
tan 0.000000 -1.006510 0.000000 1.000000
tan 0.000000 -1.006510 0.000000 1.000000
tan 0.000000 -1.002046 0.000000 1.000000
tan 0.000000 -1.000000 0.000000 1.000000
tan 0.000000 -1.006510 0.000000 1.000000
tan 0.000000 -1.006510 0.000000 1.000000
tan 0.000000 -1.002046 0.000000 1.000000
tan 0.000000 -1.000000 0.000000 1.000000
tan 0.000000 -1.006510 0.000000 1.000000
tan 0.000000 -1.006510 0.000000 1.000000
tan 0.000000 -1.002046 0.000000 1.000000
tan 0.000000 -1.000000 0.000000 1.000000
tan 0.000000 -1.006510 0.000000 1.000000
tan 0.000000 -1.006510 0.000000 1.000000
tan 0.000000 -1.002046 0.000000 1.000000
tan 0.000000 -1.000000 0.000000 1.000000
tan 0.000000 -1.006510 0.000000 1.000000
tan 0.000000 -1.006510 0.000000 1.000000
tan 0.000000 -1.002046 0.000000 1.000000
tan 0.000000 -1.000000 0.000000 1.000000
tan 0.000000 -1.006510 0.000000 1.000000
tan 0.000000 -1.006510 0.000000 1.000000
tan 0.000000 -1.002046 0.000000 1.000000
tan 0.000000 -1.000000 0.000000 1.000000
tan 0.000000 -1.006510 0.000000 1.000000
tan 0.000000 -1.006510 0.000000 1.000000
tan 0.000000 -1.002046 0.000000 1.000000
tan 0.000000 -1.000000 0.000000 1.000000
tan 0.000000 -1.006510 0.000000 1.000000
tan 0.000000 -1.006510 0.000000 1.000000
tan 0.000000 -1.002046 0.000000 1.000000
tan 0.000000 -1.000000 0.000000 1.000000
tan 0.000000 -1.006510 0.000000 1.000000
tan 0.000000 -1.006510 0.000000 1.000000
tan 0.000000 -1.002046 0.000000 1.000000
tan 0.000000 -1.000000 0.000000 1.000000
tan 0.000000 -1.002046 0.000000 1.000000
tan 0.000000 -1.006510 0.000000 1.000000
tan 0.000000 -1.006510 0.000000 1.000000
tan 0.000000 -1.006510 0.000000 1.000000
tan 0.000000 -1.006510 0.000000 1.000000
tan 0.000000 -1.006510 0.000000 1.000000
tan 0.000000 -1.006510 0.000000 1.000000
tan 0.000000 -1.006510 0.000000 1.000000
tan 0.000000 -1.002046 0.000000 1.000000
tan 0.000000 -1.002046 0.000000 1.000000
tan 0.000000 -1.002046 0.000000 1.000000
tan 0.000000 -1.002046 0.000000 1.000000
tan 0.000000 -1.000000 0.000000 1.000000
tan 0.000000 -1.000000 0.000000 1.000000
tan 0.000000 -1.000000 0.000000 1.000000
tan 0.000000 -1.000000 0.000000 1.000000
tan 0.000000 -1.002046 0.000000 1.000000
tan 0.000000 -1.002046 0.000000 1.000000
tan 0.000000 -1.002046 0.000000 1.000000
tan 0.000000 -1.002046 0.000000 1.000000
tan 0.000000 -1.006510 0.000000 1.000000
tan 0.000000 -1.006510 0.000000 1.000000
tan 0.000000 -1.006510 0.000000 1.000000
tan 0.000000 -1.006510 0.000000 1.000000
tan 0.000000 -1.006510 0.000000 1.000000
tan 0.000000 -1.006510 0.000000 1.000000
tan 0.000000 -1.006510 0.000000 1.000000
tan 0.000000 -1.006510 0.000000 1.000000
tan 0.000000 -1.002046 0.000000 1.000000
tan 0.000000 -1.002046 0.000000 1.000000
tan 0.000000 -1.002046 0.000000 1.000000
tan 0.000000 -1.002046 0.000000 1.000000
tan 0.000000 -1.000000 0.000000 1.000000
tan 0.000000 -1.000000 0.000000 1.000000
tan 0.000000 -1.000000 0.000000 1.000000
tan 0.000000 -1.000000 0.000000 1.000000
tan 0.000000 -1.002046 0.000000 1.000000
tan 0.000000 -1.002046 0.000000 1.000000
tan 0.000000 -1.002046 0.000000 1.000000
tan 0.000000 -1.002046 0.000000 1.000000
tan 0.000000 -1.006510 0.000000 1.000000
tan 0.000000 -1.006510 0.000000 1.000000
tan 0.000000 -1.006510 0.000000 1.000000
tan 0.000000 -1.006510 0.000000 1.000000
tan 0.000000 -1.006510 0.000000 1.000000
tan 0.000000 -1.006510 0.000000 1.000000
tan 0.000000 -1.006510 0.000000 1.000000
tan 0.000000 -1.006510 0.000000 1.000000
tan 0.000000 -1.002046 0.000000 1.000000
tan 0.000000 -1.002046 0.000000 1.000000
tan 0.000000 -1.002046 0.000000 1.000000
tan 0.000000 -1.000000 0.000000 1.000000
tan 0.000000 -1.000000 0.000000 1.000000
tan 0.000000 -1.002046 0.000000 1.000000
tan 0.000000 -1.002046 0.000000 1.000000
tan 0.000000 -1.000000 0.000000 1.000000
tan 0.000000 -1.002046 0.000000 1.000000
tan 0.000000 -1.002046 0.000000 1.000000
tan 0.000000 -1.000000 0.000000 1.000000
tan 0.000000 -1.002046 0.000000 1.000000
tan 0.000000 -1.002046 0.000000 1.000000
tan 0.000000 -1.006510 0.000000 1.000000
tan 0.000000 -1.000000 0.000000 1.000000
tan 0.000000 -1.002046 0.000000 1.000000
tan 0.000000 -1.006510 0.000000 1.000000
tan 0.000000 -1.006510 0.000000 1.000000
tan 0.000000 -1.002046 0.000000 1.000000
tan 0.000000 -1.006510 0.000000 1.000000
tan 0.000000 -1.000000 0.000000 1.000000
tan 0.000000 -1.002046 0.000000 1.000000
tan 0.000000 -1.002046 0.000000 1.000000
tan 0.000000 -1.000000 0.000000 1.000000
tan 0.000000 -1.006510 0.000000 1.000000
tan 0.000000 -1.002046 0.000000 1.000000
tan 0.000000 -1.006510 0.000000 1.000000
tan 0.000000 -1.006510 0.000000 1.000000
tan 0.000000 -1.002046 0.000000 1.000000
tan 0.000000 -1.006510 0.000000 1.000000
tan 0.000000 -1.000000 0.000000 1.000000
tan 0.000000 -1.002046 0.000000 1.000000
tan 0.000000 -1.002046 0.000000 1.000000
tan 0.000000 -1.000000 0.000000 1.000000
tan 0.000000 -1.006510 0.000000 1.000000
tan 0.000000 -1.002046 0.000000 1.000000
tan 0.000000 -1.002046 0.000000 1.000000
tan 0.000000 -1.000000 0.000000 1.000000
tan 0.000000 -1.002046 0.000000 1.000000
tan 0.000000 -1.000000 0.000000 1.000000
tan 0.000000 -1.002046 0.000000 1.000000
tan 0.000000 -1.002046 0.000000 1.000000
tan 0.000000 -1.006510 0.000000 1.000000
tan 0.000000 -1.006510 0.000000 1.000000
tan 0.000000 -1.006510 0.000000 1.000000
tan 0.000000 -1.006510 0.000000 1.000000
tan 0.000000 -1.002046 0.000000 1.000000
tan 0.000000 -1.002046 0.000000 1.000000
tan 0.000000 -1.000000 0.000000 1.000000
tan 0.000000 -1.000000 0.000000 1.000000
tan 0.000000 -1.002046 0.000000 1.000000
tan 0.000000 -1.002046 0.000000 1.000000
tan 0.000000 -1.006510 0.000000 1.000000
tan 0.000000 -1.006510 0.000000 1.000000
tan 0.000000 -1.006510 0.000000 1.000000
tan 0.000000 -1.006510 0.000000 1.000000
tan 0.000000 -1.002046 0.000000 1.000000
tan 0.000000 -1.002046 0.000000 1.000000
tan 0.000000 -1.000000 0.000000 1.000000
tan 0.000000 -1.000000 0.000000 1.000000
tan 0.000000 -1.002046 0.000000 1.000000
tan 0.000000 -1.002046 0.000000 1.000000
tan 0.000000 -1.006510 0.000000 1.000000
tan 0.000000 -1.006510 0.000000 1.000000
tan 0.000000 -1.006510 0.000000 1.000000
tan 0.000000 -1.002046 0.000000 1.000000
tan 0.000000 -1.006510 0.000000 1.000000
tan 0.000000 -1.000000 0.000000 1.000000
tan 0.000000 -1.002046 0.000000 1.000000
tan 0.000000 -1.006510 0.000000 1.000000
tan 0.000000 -1.002046 0.000000 1.000000
tan 0.000000 -1.006510 0.000000 1.000000
tan 0.000000 -1.002046 0.000000 1.000000
tan 0.000000 -1.000000 0.000000 1.000000
tan 0.000000 -1.006510 0.000000 1.000000
tan 0.000000 -1.002046 0.000000 1.000000
tan 0.000000 -1.000000 0.000000 1.000000
tan 0.000000 -1.006510 0.000000 1.000000
tan 0.000000 -1.002046 0.000000 1.000000
tan 0.000000 -1.006510 0.000000 1.000000
tan 0.000000 -1.002046 0.000000 1.000000
tan 0.000000 -1.000000 0.000000 1.000000
tan 0.000000 -1.006510 0.000000 1.000000
tan 0.000000 -1.002046 0.000000 1.000000
tan 0.000000 -1.006510 0.000000 1.000000
tan 0.000000 -1.002046 0.000000 1.000000
tan 0.000000 -1.006510 0.000000 1.000000
tan 0.000000 -1.002046 0.000000 1.000000
tan 0.000000 -1.002046 0.000000 1.000000
tan 0.000000 -1.000000 0.000000 1.000000
tan 0.000000 -1.000000 0.000000 1.000000
tan 0.000000 -1.000000 0.000000 1.000000
tan 0.000000 -1.002046 0.000000 1.000000
tan 0.000000 -1.002046 0.000000 1.000000
tan 0.000000 -1.006510 0.000000 1.000000
tan 0.000000 -1.006510 0.000000 1.000000
tan 0.000000 -1.002046 0.000000 1.000000
tan 0.000000 -1.006510 0.000000 1.000000
tan 0.000000 -1.006510 0.000000 1.000000
tan 0.000000 -1.006510 0.000000 1.000000
tan 0.000000 -1.002046 0.000000 1.000000
tan 0.000000 -1.002046 0.000000 1.000000
tan 0.000000 -1.006510 0.000000 1.000000
tan 0.000000 -1.000000 0.000000 1.000000
tan 0.000000 -1.000000 0.000000 1.000000
tan 0.000000 -1.002046 0.000000 1.000000
tan 0.000000 -1.002046 0.000000 1.000000
tan 0.000000 -1.002046 0.000000 1.000000
tan 0.000000 -1.000000 0.000000 1.000000
tan 0.000000 -1.006510 0.000000 1.000000
tan 0.000000 -1.006510 0.000000 1.000000
tan 0.000000 -1.002046 0.000000 1.000000
tan 0.000000 -1.006510 0.000000 1.000000
tan 0.000000 -1.006510 0.000000 1.000000
tan 0.000000 -1.006510 0.000000 1.000000
tan 0.000000 -1.002046 0.000000 1.000000
tan 0.000000 -1.002046 0.000000 1.000000
tan 0.000000 -1.006510 0.000000 1.000000
tan 0.000000 -1.002046 0.000000 1.000000
tan 0.000000 -1.000000 0.000000 1.000000
tan 0.000000 -1.000000 0.000000 1.000000
tan 0.000000 -1.002046 0.000000 1.000000
tan 0.000000 -1.002046 0.000000 1.000000
tan 0.000000 -1.000000 0.000000 1.000000
tan 0.000000 -1.002046 0.000000 1.000000
tan 0.000000 -1.000000 0.000000 1.000000
tan 0.000000 -1.002046 0.000000 1.000000
tan 0.000000 -1.002046 0.000000 1.000000
tan 0.000000 -1.000000 0.000000 1.000000
tan 0.000000 -1.002046 0.000000 1.000000
tan 0.000000 -1.006510 0.000000 1.000000
tan 0.000000 -1.002046 0.000000 1.000000
tan 0.000000 -1.000000 0.000000 1.000000
tan 0.000000 -1.002046 0.000000 1.000000
tan 0.000000 -1.002046 0.000000 1.000000
tan 0.000000 -1.000000 0.000000 1.000000
tan 0.000000 -1.002046 0.000000 1.000000
tan 0.000000 -1.002046 0.000000 1.000000
tan 0.000000 -1.000000 0.000000 1.000000
tan 0.000000 -1.002046 0.000000 1.000000
tan 0.000000 -1.000000 0.000000 1.000000
tan 0.000000 -1.000000 0.000000 1.000000
tan 0.000000 -1.002046 0.000000 1.000000
tan 0.000000 -1.002046 0.000000 1.000000
tan 0.000000 -1.002046 0.000000 1.000000
tan 0.000000 -1.006510 0.000000 1.000000
tan 0.000000 -1.006510 0.000000 1.000000
tan 0.000000 -1.006510 0.000000 1.000000
tan 0.000000 -1.006510 0.000000 1.000000
tan 0.000000 -1.006510 0.000000 1.000000
tan 0.000000 -1.006510 0.000000 1.000000
tan 0.000000 -1.002046 0.000000 1.000000
tan 0.000000 -1.002046 0.000000 1.000000
tan 0.000000 -1.002046 0.000000 1.000000
tan 0.000000 -1.000000 0.000000 1.000000
tan 0.000000 -1.000000 0.000000 1.000000
tan 0.000000 -1.000000 0.000000 1.000000
tan 0.000000 -1.002046 0.000000 1.000000
tan 0.000000 -1.002046 0.000000 1.000000
tan 0.000000 -1.002046 0.000000 1.000000
tan 0.000000 -1.006510 0.000000 1.000000
tan 0.000000 -1.006510 0.000000 1.000000
tan 0.000000 -1.006510 0.000000 1.000000
tan 0.000000 -1.006510 0.000000 1.000000
tan 0.000000 -1.006510 0.000000 1.000000
tan 0.000000 -1.002046 0.000000 1.000000
tan 0.000000 -1.002046 0.000000 1.000000
tan 0.000000 -1.006510 0.000000 1.000000
tan 0.000000 -1.002046 0.000000 1.000000
tan 0.000000 -1.006510 0.000000 1.000000
tan 0.000000 -1.000000 0.000000 1.000000
tan 0.000000 -1.002046 0.000000 1.000000
tan 0.000000 -1.000000 0.000000 1.000000
tan 0.000000 -1.006510 0.000000 1.000000
tan 0.000000 -1.000000 0.000000 1.000000
tan 0.000000 -1.002046 0.000000 1.000000
tan 0.000000 -1.002046 0.000000 1.000000
tan 0.000000 -1.006510 0.000000 1.000000
tan 0.000000 -1.006510 0.000000 1.000000
tan 0.000000 -1.006510 0.000000 1.000000
tan 0.000000 -1.006510 0.000000 1.000000
tan 0.000000 -1.006510 0.000000 1.000000
tan 0.000000 -1.002046 0.000000 1.000000
tan 0.000000 -1.002046 0.000000 1.000000
tan 0.000000 -1.000000 0.000000 1.000000
tan 0.000000 -1.000000 0.000000 1.000000
tan 0.000000 -1.002046 0.000000 1.000000
tan 0.000000 -1.002046 0.000000 1.000000
tan 0.000000 -1.002046 0.000000 1.000000
tan 0.000000 -1.000000 0.000000 1.000000
tan 0.000000 -1.006510 0.000000 1.000000
tan 0.000000 -1.006510 0.000000 1.000000
tan 0.000000 -1.006510 0.000000 1.000000
tan 0.000000 -1.006510 0.000000 1.000000
tan 0.000000 -1.006510 0.000000 1.000000
tan 0.000000 -1.002046 0.000000 1.000000
tan 0.000000 -1.002046 0.000000 1.000000
tan 0.000000 -1.006510 0.000000 1.000000
tan 0.000000 -1.006510 0.000000 1.000000
tan 0.000000 -1.002046 0.000000 1.000000
tan 0.000000 -1.000000 0.000000 1.000000
tan 0.000000 -1.002046 0.000000 1.000000
tan 0.000000 -1.006510 0.000000 1.000000
tan 1.000000 0.000000 0.000000 1.000000
tan 1.000000 0.000000 0.000000 1.000000
tan 1.000000 0.000000 0.000000 1.000000
tan 1.000000 0.000000 0.000000 1.000000
tan 1.000000 0.000000 0.000000 1.000000
tan 1.000000 0.000000 0.000000 1.000000
tan 1.000000 0.000000 0.000000 1.000000
tan 1.000000 0.000000 0.000000 1.000000
tan 1.000000 0.000000 0.000000 1.000000
tan 1.000000 0.000000 0.000000 1.000000
tan 1.000000 0.000000 0.000000 1.000000
tan 1.000000 0.000000 0.000000 1.000000
tan 1.000000 0.000000 0.000000 1.000000
tan 1.000000 0.000000 0.000000 1.000000
tan 1.000000 0.000000 0.000000 1.000000
tan 1.000000 0.000000 0.000000 1.000000
tan 1.000000 0.000000 0.000000 1.000000
tan 1.000000 0.000000 0.000000 1.000000
tan 1.000000 0.000000 0.000000 1.000000
tan 1.000000 0.000000 0.000000 1.000000
tan 1.000000 0.000000 0.000000 1.000000
tan 1.000000 0.000000 0.000000 1.000000
tan 1.000000 0.000000 0.000000 1.000000
tan 1.000000 0.000000 0.000000 1.000000
f 3/3/3 2/2/2 1/1/1
f 4/4/4 1/1/1 2/2/2
f 2/2/2 5/5/5 4/4/4
f 1/1/1 4/4/4 6/6/6
f 7/7/7 4/4/4 5/5/5
f 5/5/5 8/8/8 7/7/7
f 9/9/9 7/7/7 8/8/8
f 10/10/10 6/6/6 4/4/4
f 4/4/4 7/7/7 10/10/10
f 6/6/6 10/10/10 11/11/11
f 7/7/7 9/9/9 12/12/12
f 12/12/12 10/10/10 7/7/7
f 13/13/13 12/12/12 9/9/9
f 14/14/14 11/11/11 10/10/10
f 10/10/10 12/12/12 14/14/14
f 11/11/11 14/14/14 15/15/15
f 12/12/12 13/13/13 16/16/16
f 16/16/16 14/14/14 12/12/12
f 17/17/17 16/16/16 13/13/13
f 18/18/18 15/15/15 14/14/14
f 14/14/14 16/16/16 18/18/18
f 15/15/15 18/18/18 19/19/19
f 16/16/16 17/17/17 20/20/20
f 20/20/20 18/18/18 16/16/16
f 21/21/21 20/20/20 17/17/17
f 22/22/22 19/19/19 18/18/18
f 18/18/18 20/20/20 22/22/22
f 19/19/19 22/22/22 23/23/23
f 24/24/24 23/23/23 22/22/22
f 20/20/20 21/21/21 25/25/25
f 25/25/25 22/22/22 20/20/20
f 22/22/22 25/25/25 24/24/24
f 26/26/26 25/25/25 21/21/21
f 27/27/27 24/24/24 25/25/25
f 25/25/25 26/26/26 27/27/27
f 28/28/28 27/27/27 26/26/26
f 31/31/31 30/30/30 29/29/29
f 32/32/32 29/29/29 30/30/30
f 30/30/30 33/33/33 32/32/32
f 29/29/29 32/32/32 34/34/34
f 35/35/35 32/32/32 33/33/33
f 36/36/36 35/35/35 33/33/33
f 37/37/37 35/35/35 36/36/36
f 38/38/38 34/34/34 32/32/32
f 38/38/38 32/32/32 35/35/35
f 34/34/34 38/38/38 39/39/39
f 35/35/35 37/37/37 40/40/40
f 40/40/40 38/38/38 35/35/35
f 41/41/41 40/40/40 37/37/37
f 42/42/42 39/39/39 38/38/38
f 38/38/38 40/40/40 42/42/42
f 39/39/39 42/42/42 43/43/43
f 41/41/41 44/44/44 40/40/40
f 44/44/44 42/42/42 40/40/40
f 45/45/45 44/44/44 41/41/41
f 46/46/46 43/43/43 42/42/42
f 42/42/42 44/44/44 46/46/46
f 43/43/43 46/46/46 47/47/47
f 45/45/45 48/48/48 44/44/44
f 48/48/48 46/46/46 44/44/44
f 49/49/49 48/48/48 45/45/45
f 50/50/50 47/47/47 46/46/46
f 46/46/46 48/48/48 50/50/50
f 47/47/47 50/50/50 51/51/51
f 52/52/52 51/51/51 50/50/50
f 49/49/49 53/53/53 48/48/48
f 53/53/53 50/50/50 48/48/48
f 52/52/52 50/50/50 53/53/53
f 54/54/54 53/53/53 49/49/49
f 55/55/55 52/52/52 53/53/53
f 53/53/53 54/54/54 55/55/55
f 56/56/56 55/55/55 54/54/54
f 59/59/59 58/58/58 57/57/57
f 57/57/57 58/58/58 60/60/60
f 57/57/57 60/60/60 61/61/61
f 58/58/58 62/62/62 60/60/60
f 62/62/62 58/58/58 63/63/63
f 63/63/63 64/64/64 62/62/62
f 62/62/62 64/64/64 65/65/65
f 62/62/62 65/65/65 66/66/66
f 66/66/66 60/60/60 62/62/62
f 66/66/66 65/65/65 67/67/67
f 61/61/61 60/60/60 68/68/68
f 60/60/60 66/66/66 68/68/68
f 61/61/61 68/68/68 69/69/69
f 66/66/66 67/67/67 70/70/70
f 70/70/70 68/68/68 66/66/66
f 70/70/70 67/67/67 71/71/71
f 69/69/69 68/68/68 72/72/72
f 68/68/68 70/70/70 72/72/72
f 69/69/69 72/72/72 73/73/73
f 70/70/70 71/71/71 74/74/74
f 74/74/74 72/72/72 70/70/70
f 74/74/74 71/71/71 75/75/75
f 73/73/73 72/72/72 76/76/76
f 72/72/72 74/74/74 76/76/76
f 73/73/73 76/76/76 77/77/77
f 74/74/74 75/75/75 78/78/78
f 78/78/78 76/76/76 74/74/74
f 78/78/78 75/75/75 79/79/79
f 77/77/77 76/76/76 80/80/80
f 76/76/76 78/78/78 80/80/80
f 77/77/77 80/80/80 81/81/81
f 81/81/81 80/80/80 82/82/82
f 80/80/80 83/83/83 82/82/82
f 83/83/83 80/80/80 78/78/78
f 78/78/78 79/79/79 83/83/83
f 83/83/83 79/79/79 84/84/84
f 87/87/87 86/86/86 85/85/85
f 86/86/86 87/87/87 88/88/88
f 88/88/88 89/89/89 86/86/86
f 88/88/88 87/87/87 90/90/90
f 91/91/91 90/90/90 87/87/87
f 92/92/92 90/90/90 91/91/91
f 90/90/90 92/92/92 93/93/93
f 93/93/93 94/94/94 90/90/90
f 94/94/94 88/88/88 90/90/90
f 94/94/94 93/93/93 95/95/95
f 89/89/89 88/88/88 96/96/96
f 96/96/96 88/88/88 94/94/94
f 96/96/96 97/97/97 89/89/89
f 95/95/95 98/98/98 94/94/94
f 94/94/94 98/98/98 96/96/96
f 98/98/98 95/95/95 99/99/99
f 97/97/97 96/96/96 100/100/100
f 100/100/100 96/96/96 98/98/98
f 100/100/100 101/101/101 97/97/97
f 99/99/99 102/102/102 98/98/98
f 102/102/102 100/100/100 98/98/98
f 102/102/102 99/99/99 103/103/103
f 101/101/101 100/100/100 104/104/104
f 104/104/104 100/100/100 102/102/102
f 104/104/104 105/105/105 101/101/101
f 103/103/103 106/106/106 102/102/102
f 106/106/106 104/104/104 102/102/102
f 106/106/106 103/103/103 107/107/107
f 105/105/105 104/104/104 108/108/108
f 108/108/108 104/104/104 106/106/106
f 108/108/108 109/109/109 105/105/105
f 109/109/109 108/108/108 110/110/110
f 110/110/110 108/108/108 111/111/111
f 111/111/111 108/108/108 106/106/106
f 107/107/107 111/111/111 106/106/106
f 111/111/111 107/107/107 112/112/112
f 115/115/115 114/114/114 113/113/113
f 114/114/114 115/115/115 116/116/116
f 116/116/116 115/115/115 117/117/117
f 117/117/117 115/115/115 118/118/118
f 119/119/119 117/117/117 118/118/118
f 117/117/117 119/119/119 120/120/120
f 123/123/123 122/122/122 121/121/121
f 124/124/124 122/122/122 123/123/123
f 123/123/123 125/125/125 124/124/124
f 125/125/125 123/123/123 126/126/126
f 127/127/127 125/125/125 126/126/126
f 128/128/128 125/125/125 127/127/127
f 131/131/131 130/130/130 129/129/129
f 132/132/132 129/129/129 130/130/130
f 130/130/130 133/133/133 132/132/132
f 133/133/133 130/130/130 134/134/134
f 135/135/135 133/133/133 134/134/134
f 136/136/136 133/133/133 135/135/135
f 139/139/139 138/138/138 137/137/137
f 140/140/140 137/137/137 138/138/138
f 140/140/140 138/138/138 141/141/141
f 141/141/141 138/138/138 142/142/142
f 142/142/142 143/143/143 141/141/141
f 144/144/144 141/141/141 143/143/143
f 147/147/147 146/146/146 145/145/145
f 148/148/148 146/146/146 147/147/147
f 148/148/148 149/149/149 146/146/146
f 150/150/150 149/149/149 148/148/148
f 147/147/147 151/151/151 148/148/148
f 150/150/150 148/148/148 152/152/152
f 152/152/152 148/148/148 153/153/153
f 153/153/153 148/148/148 151/151/151
f 152/152/152 153/153/153 154/154/154
f 153/153/153 151/151/151 155/155/155
f 155/155/155 154/154/154 153/153/153
f 156/156/156 155/155/155 151/151/151
f 157/157/157 155/155/155 156/156/156
f 155/155/155 158/158/158 154/154/154
f 157/157/157 158/158/158 155/155/155
f 159/159/159 154/154/154 158/158/158
f 159/159/159 158/158/158 160/160/160
f 158/158/158 157/157/157 161/161/161
f 160/160/160 158/158/158 161/161/161
f 161/161/161 157/157/157 162/162/162
f 160/160/160 161/161/161 163/163/163
f 161/161/161 162/162/162 164/164/164
f 164/164/164 163/163/163 161/161/161
f 165/165/165 164/164/164 162/162/162
f 164/164/164 165/165/165 166/166/166
f 163/163/163 164/164/164 167/167/167
f 166/166/166 167/167/167 164/164/164
f 163/163/163 167/167/167 168/168/168
f 167/167/167 166/166/166 169/169/169
f 167/167/167 169/169/169 168/168/168
f 170/170/170 168/168/168 169/169/169
f 171/171/171 169/169/169 166/166/166
f 170/170/170 169/169/169 172/172/172
f 169/169/169 171/171/171 173/173/173
f 173/173/173 172/172/172 169/169/169
f 174/174/174 173/173/173 171/171/171
f 174/174/174 175/175/175 173/173/173
f 176/176/176 172/172/172 173/173/173
f 176/176/176 173/173/173 175/175/175
f 172/172/172 176/176/176 177/177/177
f 175/175/175 178/178/178 176/176/176
f 177/177/177 176/176/176 179/179/179
f 181/181/181 180/180/180 178/178/178
f 182/182/182 179/179/179 176/176/176
f 182/182/182 176/176/176 178/178/178
f 182/182/182 178/178/178 180/180/180
f 179/179/179 182/182/182 183/183/183
f 180/180/180 183/183/183 182/182/182
f 186/186/186 185/185/185 184/184/184
f 187/187/187 184/184/184 185/185/185
f 185/185/185 188/188/188 187/187/187
f 189/189/189 187/187/187 188/188/188
f 184/184/184 187/187/187 190/190/190
f 189/189/189 191/191/191 187/187/187
f 191/191/191 192/192/192 187/187/187
f 192/192/192 190/190/190 187/187/187
f 193/193/193 192/192/192 191/191/191
f 190/190/190 192/192/192 194/194/194
f 194/194/194 192/192/192 193/193/193
f 194/194/194 195/195/195 190/190/190
f 195/195/195 194/194/194 196/196/196
f 194/194/194 193/193/193 197/197/197
f 197/197/197 196/196/196 194/194/194
f 198/198/198 197/197/197 193/193/193
f 198/198/198 199/199/199 197/197/197
f 197/197/197 200/200/200 196/196/196
f 199/199/199 200/200/200 197/197/197
f 201/201/201 196/196/196 200/200/200
f 202/202/202 200/200/200 199/199/199
f 201/201/201 200/200/200 203/203/203
f 200/200/200 202/202/202 203/203/203
f 201/201/201 203/203/203 204/204/204
f 204/204/204 203/203/203 205/205/205
f 203/203/203 202/202/202 206/206/206
f 206/206/206 205/205/205 203/203/203
f 207/207/207 206/206/206 202/202/202
f 206/206/206 208/208/208 205/205/205
f 206/206/206 207/207/207 208/208/208
f 209/209/209 208/208/208 207/207/207
f 210/210/210 205/205/205 208/208/208
f 208/208/208 209/209/209 211/211/211
f 208/208/208 212/212/212 210/210/210
f 208/208/208 211/211/211 212/212/212
f 210/210/210 212/212/212 213/213/213
f 213/213/213 212/212/212 214/214/214
f 212/212/212 211/211/211 215/215/215
f 215/215/215 214/214/214 212/212/212
f 216/216/216 215/215/215 211/211/211
f 215/215/215 217/217/217 214/214/214
f 216/216/216 218/218/218 215/215/215
f 220/220/220 217/217/217 219/219/219
f 221/221/221 215/215/215 218/218/218
f 221/221/221 217/217/217 215/215/215
f 221/221/221 219/219/219 217/217/217
f 218/218/218 222/222/222 221/221/221
f 219/219/219 221/221/221 222/222/222
f 225/225/225 224/224/224 223/223/223
f 226/226/226 224/224/224 225/225/225
f 227/227/227 226/226/226 225/225/225
f 226/226/226 228/228/228 224/224/224
f 229/229/229 226/226/226 227/227/227
f 230/230/230 229/229/229 227/227/227
f 231/231/231 228/228/228 226/226/226
f 229/229/229 231/231/231 226/226/226
f 231/231/231 232/232/232 228/228/228
f 233/233/233 229/229/229 230/230/230
f 234/234/234 233/233/233 230/230/230
f 235/235/235 231/231/231 229/229/229
f 233/233/233 235/235/235 229/229/229
f 236/236/236 232/232/232 231/231/231
f 235/235/235 236/236/236 231/231/231
f 236/236/236 237/237/237 232/232/232
f 233/233/233 234/234/234 238/238/238
f 239/239/239 238/238/238 234/234/234
f 240/240/240 235/235/235 233/233/233
f 238/238/238 240/240/240 233/233/233
f 241/241/241 236/236/236 235/235/235
f 235/235/235 240/240/240 241/241/241
f 242/242/242 237/237/237 236/236/236
f 241/241/241 242/242/242 236/236/236
f 242/242/242 243/243/243 237/237/237
f 244/244/244 241/241/241 240/240/240
f 245/245/245 243/243/243 242/242/242
f 243/243/243 245/245/245 246/246/246
f 247/247/247 242/242/242 241/241/241
f 247/247/247 245/245/245 242/242/242
f 241/241/241 244/244/244 247/247/247
f 248/248/248 246/246/246 245/245/245
f 248/248/248 249/249/249 246/246/246
f 250/250/250 245/245/245 247/247/247
f 250/250/250 248/248/248 245/245/245
f 251/251/251 247/247/247 244/244/244
f 251/251/251 250/250/250 247/247/247
f 252/252/252 249/249/249 248/248/248
f 249/249/249 252/252/252 253/253/253
f 254/254/254 248/248/248 250/250/250
f 254/254/254 252/252/252 248/248/248
f 255/255/255 253/253/253 252/252/252
f 253/253/253 255/255/255 256/256/256
f 257/257/257 252/252/252 254/254/254
f 257/257/257 255/255/255 252/252/252
f 250/250/250 258/258/258 254/254/254
f 258/258/258 250/250/250 251/251/251
f 259/259/259 256/256/256 255/255/255
f 256/256/256 259/259/259 260/260/260
f 261/261/261 259/259/259 255/255/255
f 261/261/261 255/255/255 257/257/257
f 262/262/262 260/260/260 259/259/259
f 260/260/260 262/262/262 263/263/263
f 264/264/264 259/259/259 261/261/261
f 264/264/264 262/262/262 259/259/259
f 265/265/265 263/263/263 262/262/262
f 263/263/263 265/265/265 266/266/266
f 267/267/267 262/262/262 264/264/264
f 267/267/267 265/265/265 262/262/262
f 268/268/268 266/266/266 265/265/265
f 268/268/268 269/269/269 266/266/266
f 270/270/270 265/265/265 267/267/267
f 270/270/270 268/268/268 265/265/265
f 271/271/271 269/269/269 268/268/268
f 271/271/271 272/272/272 269/269/269
f 273/273/273 268/268/268 270/270/270
f 268/268/268 273/273/273 271/271/271
f 274/274/274 272/272/272 271/271/271
f 272/272/272 274/274/274 275/275/275
f 276/276/276 271/271/271 273/273/273
f 271/271/271 276/276/276 274/274/274
f 277/277/277 275/275/275 274/274/274
f 275/275/275 277/277/277 278/278/278
f 279/279/279 274/274/274 276/276/276
f 279/279/279 277/277/277 274/274/274
f 280/280/280 278/278/278 277/277/277
f 278/278/278 280/280/280 281/281/281
f 282/282/282 277/277/277 279/279/279
f 282/282/282 280/280/280 277/277/277
f 283/283/283 281/281/281 280/280/280
f 281/281/281 283/283/283 284/284/284
f 285/285/285 280/280/280 282/282/282
f 285/285/285 283/283/283 280/280/280
f 286/286/286 284/284/284 283/283/283
f 286/286/286 287/287/287 284/284/284
f 288/288/288 283/283/283 285/285/285
f 288/288/288 286/286/286 283/283/283
f 289/289/289 287/287/287 286/286/286
f 287/287/287 289/289/289 290/290/290
f 291/291/291 286/286/286 288/288/288
f 291/291/291 289/289/289 286/286/286
f 292/292/292 290/290/290 289/289/289
f 292/292/292 293/293/293 290/290/290
f 294/294/294 293/293/293 292/292/292
f 295/295/295 292/292/292 289/289/289
f 295/295/295 289/289/289 291/291/291
f 296/296/296 294/294/294 292/292/292
f 296/296/296 292/292/292 295/295/295
f 297/297/297 294/294/294 296/296/296
f 291/291/291 298/298/298 295/295/295
f 296/296/296 299/299/299 297/297/297
f 300/300/300 297/297/297 299/299/299
f 295/295/295 301/301/301 296/296/296
f 299/299/299 296/296/296 301/301/301
f 301/301/301 295/295/295 298/298/298
f 302/302/302 300/300/300 299/299/299
f 300/300/300 302/302/302 303/303/303
f 304/304/304 299/299/299 301/301/301
f 299/299/299 304/304/304 302/302/302
f 305/305/305 303/303/303 302/302/302
f 303/303/303 305/305/305 306/306/306
f 307/307/307 302/302/302 304/304/304
f 302/302/302 307/307/307 305/305/305
f 301/301/301 308/308/308 304/304/304
f 308/308/308 301/301/301 298/298/298
f 309/309/309 306/306/306 305/305/305
f 306/306/306 309/309/309 310/310/310
f 311/311/311 305/305/305 307/307/307
f 305/305/305 311/311/311 309/309/309
f 304/304/304 312/312/312 307/307/307
f 312/312/312 304/304/304 308/308/308
f 313/313/313 310/310/310 309/309/309
f 310/310/310 313/313/313 314/314/314
f 315/315/315 309/309/309 311/311/311
f 309/309/309 315/315/315 313/313/313
f 307/307/307 316/316/316 311/311/311
f 316/316/316 307/307/307 312/312/312
f 313/313/313 317/317/317 314/314/314
f 314/314/314 317/317/317 318/318/318
f 315/315/315 319/319/319 313/313/313
f 313/313/313 319/319/319 317/317/317
f 311/311/311 320/320/320 315/315/315
f 320/320/320 311/311/311 316/316/316
f 317/317/317 321/321/321 318/318/318
f 318/318/318 321/321/321 322/322/322
f 319/319/319 323/323/323 317/317/317
f 317/317/317 323/323/323 321/321/321
f 315/315/315 324/324/324 319/319/319
f 320/320/320 324/324/324 315/315/315
f 321/321/321 325/325/325 322/322/322
f 322/322/322 325/325/325 326/326/326
f 323/323/323 327/327/327 321/321/321
f 321/321/321 327/327/327 325/325/325
f 319/319/319 328/328/328 323/323/323
f 324/324/324 328/328/328 319/319/319
f 325/325/325 329/329/329 326/326/326
f 326/326/326 329/329/329 330/330/330
f 327/327/327 331/331/331 325/325/325
f 325/325/325 331/331/331 329/329/329
f 323/323/323 332/332/332 327/327/327
f 328/328/328 332/332/332 323/323/323
f 329/329/329 333/333/333 330/330/330
f 330/330/330 333/333/333 334/334/334
f 331/331/331 335/335/335 329/329/329
f 329/329/329 335/335/335 333/333/333
f 327/327/327 336/336/336 331/331/331
f 332/332/332 336/336/336 327/327/327
f 333/333/333 337/337/337 334/334/334
f 334/334/334 337/337/337 338/338/338
f 335/335/335 339/339/339 333/333/333
f 333/333/333 339/339/339 337/337/337
f 331/331/331 340/340/340 335/335/335
f 336/336/336 340/340/340 331/331/331
f 337/337/337 341/341/341 338/338/338
f 342/342/342 338/338/338 341/341/341
f 339/339/339 343/343/343 337/337/337
f 341/341/341 337/337/337 343/343/343
f 335/335/335 344/344/344 339/339/339
f 340/340/340 344/344/344 335/335/335
f 343/343/343 339/339/339 345/345/345
f 344/344/344 345/345/345 339/339/339
f 343/343/343 346/346/346 341/341/341
f 341/341/341 347/347/347 342/342/342
f 347/347/347 341/341/341 346/346/346
f 348/348/348 342/342/342 347/347/347
f 346/346/346 343/343/343 349/349/349
f 345/345/345 349/349/349 343/343/343
f 347/347/347 350/350/350 348/348/348
f 351/351/351 348/348/348 350/350/350
f 346/346/346 352/352/352 347/347/347
f 350/350/350 347/347/347 352/352/352
f 350/350/350 353/353/353 351/351/351
f 354/354/354 351/351/351 353/353/353
f 352/352/352 355/355/355 350/350/350
f 353/353/353 350/350/350 355/355/355
f 352/352/352 346/346/346 356/356/356
f 349/349/349 356/356/356 346/346/346
f 355/355/355 352/352/352 357/357/357
f 356/356/356 357/357/357 352/352/352
f 355/355/355 358/358/358 353/353/353
f 359/359/359 354/354/354 353/353/353
f 359/359/359 353/353/353 358/358/358
f 360/360/360 354/354/354 359/359/359
f 358/358/358 355/355/355 361/361/361
f 361/361/361 355/355/355 357/357/357
f 362/362/362 360/360/360 359/359/359
f 363/363/363 360/360/360 362/362/362
f 365/365/365 363/363/363 364/364/364
f 364/364/364 363/363/363 362/362/362
f 364/364/364 362/362/362 366/366/366
f 362/362/362 359/359/359 367/367/367
f 367/367/367 366/366/366 362/362/362
f 367/367/367 359/359/359 358/358/358
f 366/366/366 367/367/367 368/368/368
f 367/367/367 358/358/358 369/369/369
f 368/368/368 367/367/367 369/369/369
f 369/369/369 358/358/358 361/361/361
f 368/368/368 369/369/369 370/370/370
f 371/371/371 370/370/370 369/369/369
f 369/369/369 361/361/361 371/371/371
f 370/370/370 371/371/371 372/372/372
f 371/371/371 361/361/361 373/373/373
f 361/361/361 357/357/357 373/373/373
f 374/374/374 372/372/372 371/371/371
f 371/371/371 373/373/373 374/374/374
f 372/372/372 374/374/374 375/375/375
f 376/376/376 373/373/373 357/357/357
f 357/357/357 356/356/356 376/376/376
f 374/374/374 373/373/373 377/377/377
f 373/373/373 376/376/376 377/377/377
f 378/378/378 375/375/375 374/374/374
f 374/374/374 377/377/377 378/378/378
f 375/375/375 378/378/378 379/379/379
f 380/380/380 376/376/376 356/356/356
f 356/356/356 349/349/349 380/380/380
f 381/381/381 379/379/379 378/378/378
f 379/379/379 381/381/381 382/382/382
f 378/378/378 377/377/377 383/383/383
f 378/378/378 383/383/383 381/381/381
f 384/384/384 377/377/377 376/376/376
f 377/377/377 384/384/384 383/383/383
f 376/376/376 380/380/380 384/384/384
f 382/382/382 381/381/381 385/385/385
f 382/382/382 385/385/385 386/386/386
f 381/381/381 383/383/383 387/387/387
f 381/381/381 387/387/387 385/385/385
f 388/388/388 383/383/383 384/384/384
f 383/383/383 388/388/388 387/387/387
f 386/386/386 385/385/385 389/389/389
f 386/386/386 389/389/389 390/390/390
f 385/385/385 387/387/387 391/391/391
f 385/385/385 391/391/391 389/389/389
f 392/392/392 390/390/390 389/389/389
f 390/390/390 392/392/392 393/393/393
f 389/389/389 391/391/391 394/394/394
f 389/389/389 394/394/394 392/392/392
f 387/387/387 395/395/395 391/391/391
f 395/395/395 387/387/387 388/388/388
f 396/396/396 393/393/393 392/392/392
f 393/393/393 396/396/396 397/397/397
f 392/392/392 394/394/394 398/398/398
f 392/392/392 398/398/398 396/396/396
f 391/391/391 399/399/399 394/394/394
f 391/391/391 395/395/395 399/399/399
f 400/400/400 397/397/397 396/396/396
f 397/397/397 400/400/400 401/401/401
f 396/396/396 398/398/398 402/402/402
f 396/396/396 402/402/402 400/400/400
f 394/394/394 403/403/403 398/398/398
f 394/394/394 399/399/399 403/403/403
f 404/404/404 401/401/401 400/400/400
f 401/401/401 404/404/404 405/405/405
f 400/400/400 402/402/402 406/406/406
f 400/400/400 406/406/406 404/404/404
f 398/398/398 407/407/407 402/402/402
f 407/407/407 398/398/398 403/403/403
f 408/408/408 405/405/405 404/404/404
f 405/405/405 408/408/408 409/409/409
f 404/404/404 406/406/406 410/410/410
f 404/404/404 410/410/410 408/408/408
f 402/402/402 411/411/411 406/406/406
f 411/411/411 402/402/402 407/407/407
f 409/409/409 408/408/408 412/412/412
f 409/409/409 412/412/412 413/413/413
f 408/408/408 410/410/410 414/414/414
f 408/408/408 414/414/414 412/412/412
f 406/406/406 415/415/415 410/410/410
f 415/415/415 406/406/406 411/411/411
f 416/416/416 413/413/413 412/412/412
f 413/413/413 416/416/416 417/417/417
f 412/412/412 414/414/414 418/418/418
f 412/412/412 418/418/418 416/416/416
f 410/410/410 419/419/419 414/414/414
f 419/419/419 410/410/410 415/415/415
f 417/417/417 416/416/416 420/420/420
f 417/417/417 420/420/420 421/421/421
f 416/416/416 418/418/418 422/422/422
f 416/416/416 422/422/422 420/420/420
f 414/414/414 423/423/423 418/418/418
f 423/423/423 414/414/414 419/419/419
f 421/421/421 420/420/420 424/424/424
f 421/421/421 424/424/424 425/425/425
f 420/420/420 422/422/422 426/426/426
f 420/420/420 426/426/426 424/424/424
f 418/418/418 427/427/427 422/422/422
f 427/427/427 418/418/418 423/423/423
f 425/425/425 424/424/424 428/428/428
f 425/425/425 428/428/428 429/429/429
f 424/424/424 426/426/426 430/430/430
f 424/424/424 430/430/430 428/428/428
f 422/422/422 431/431/431 426/426/426
f 431/431/431 422/422/422 427/427/427
f 429/429/429 428/428/428 432/432/432
f 429/429/429 432/432/432 433/433/433
f 433/433/433 432/432/432 434/434/434
f 428/428/428 435/435/435 432/432/432
f 428/428/428 430/430/430 435/435/435
f 432/432/432 436/436/436 434/434/434
f 432/432/432 435/435/435 436/436/436
f 434/434/434 436/436/436 437/437/437
f 430/430/430 438/438/438 435/435/435
f 436/436/436 439/439/439 437/437/437
f 440/440/440 437/437/437 439/439/439
f 435/435/435 441/441/441 436/436/436
f 439/439/439 436/436/436 441/441/441
f 441/441/441 435/435/435 438/438/438
f 439/439/439 442/442/442 440/440/440
f 443/443/443 440/440/440 442/442/442
f 441/441/441 444/444/444 439/439/439
f 442/442/442 439/439/439 444/444/444
f 438/438/438 445/445/445 441/441/441
f 444/444/444 441/441/441 445/445/445
f 442/442/442 446/446/446 443/443/443
f 447/447/447 443/443/443 446/446/446
f 444/444/444 448/448/448 442/442/442
f 446/446/446 442/442/442 448/448/448
f 445/445/445 449/449/449 444/444/444
f 448/448/448 444/444/444 449/449/449
f 446/446/446 450/450/450 447/447/447
f 451/451/451 447/447/447 450/450/450
f 448/448/448 452/452/452 446/446/446
f 450/450/450 446/446/446 452/452/452
f 449/449/449 453/453/453 448/448/448
f 452/452/452 448/448/448 453/453/453
f 450/450/450 454/454/454 451/451/451
f 455/455/455 451/451/451 454/454/454
f 452/452/452 456/456/456 450/450/450
f 454/454/454 450/450/450 456/456/456
f 453/453/453 457/457/457 452/452/452
f 456/456/456 452/452/452 457/457/457
f 458/458/458 455/455/455 454/454/454
f 459/459/459 455/455/455 458/458/458
f 460/460/460 454/454/454 456/456/456
f 458/458/458 454/454/454 460/460/460
f 461/461/461 456/456/456 457/457/457
f 460/460/460 456/456/456 461/461/461
f 462/462/462 459/459/459 458/458/458
f 463/463/463 459/459/459 462/462/462
f 464/464/464 458/458/458 460/460/460
f 462/462/462 458/458/458 464/464/464
f 465/465/465 460/460/460 461/461/461
f 464/464/464 460/460/460 465/465/465
f 466/466/466 463/463/463 462/462/462
f 467/467/467 463/463/463 466/466/466
f 468/468/468 462/462/462 464/464/464
f 466/466/466 462/462/462 468/468/468
f 469/469/469 464/464/464 465/465/465
f 468/468/468 464/464/464 469/469/469
f 470/470/470 467/467/467 466/466/466
f 471/471/471 467/467/467 470/470/470
f 472/472/472 466/466/466 468/468/468
f 470/470/470 466/466/466 472/472/472
f 473/473/473 468/468/468 469/469/469
f 472/472/472 468/468/468 473/473/473
f 474/474/474 471/471/471 470/470/470
f 475/475/475 471/471/471 474/474/474
f 476/476/476 470/470/470 472/472/472
f 474/474/474 470/470/470 476/476/476
f 477/477/477 472/472/472 473/473/473
f 476/476/476 472/472/472 477/477/477
f 478/478/478 475/475/475 474/474/474
f 479/479/479 475/475/475 478/478/478
f 480/480/480 474/474/474 476/476/476
f 478/478/478 474/474/474 480/480/480
f 481/481/481 476/476/476 477/477/477
f 480/480/480 476/476/476 481/481/481
f 482/482/482 479/479/479 478/478/478
f 479/479/479 482/482/482 483/483/483
f 484/484/484 478/478/478 480/480/480
f 478/478/478 484/484/484 482/482/482
f 485/485/485 483/483/483 482/482/482
f 483/483/483 485/485/485 239/239/239
f 238/238/238 239/239/239 485/485/485
f 482/482/482 486/486/486 485/485/485
f 486/486/486 482/482/482 484/484/484
f 485/485/485 487/487/487 238/238/238
f 487/487/487 485/485/485 486/486/486
f 240/240/240 238/238/238 487/487/487
f 487/487/487 244/244/244 240/240/240
f 244/244/244 487/487/487 488/488/488
f 486/486/486 488/488/488 487/487/487
f 488/488/488 251/251/251 244/244/244
f 484/484/484 489/489/489 486/486/486
f 488/488/488 486/486/486 489/489/489
f 251/251/251 488/488/488 490/490/490
f 489/489/489 490/490/490 488/488/488
f 490/490/490 258/258/258 251/251/251
f 489/489/489 484/484/484 491/491/491
f 480/480/480 491/491/491 484/484/484
f 491/491/491 480/480/480 481/481/481
f 490/490/490 489/489/489 492/492/492
f 491/491/491 492/492/492 489/489/489
f 258/258/258 490/490/490 493/493/493
f 492/492/492 493/493/493 490/490/490
f 481/481/481 494/494/494 491/491/491
f 492/492/492 491/491/491 494/494/494
f 494/494/494 481/481/481 495/495/495
f 481/481/481 477/477/477 495/495/495
f 494/494/494 496/496/496 492/492/492
f 493/493/493 492/492/492 496/496/496
f 495/495/495 497/497/497 494/494/494
f 496/496/496 494/494/494 497/497/497
f 495/495/495 477/477/477 498/498/498
f 477/477/477 473/473/473 498/498/498
f 497/497/497 495/495/495 499/499/499
f 495/495/495 498/498/498 499/499/499
f 498/498/498 473/473/473 500/500/500
f 473/473/473 469/469/469 500/500/500
f 499/499/499 498/498/498 501/501/501
f 498/498/498 500/500/500 501/501/501
f 500/500/500 469/469/469 502/502/502
f 469/469/469 465/465/465 502/502/502
f 501/501/501 500/500/500 503/503/503
f 500/500/500 502/502/502 503/503/503
f 502/502/502 465/465/465 504/504/504
f 465/465/465 461/461/461 504/504/504
f 503/503/503 502/502/502 505/505/505
f 502/502/502 504/504/504 505/505/505
f 504/504/504 461/461/461 506/506/506
f 461/461/461 457/457/457 506/506/506
f 505/505/505 504/504/504 507/507/507
f 504/504/504 506/506/506 507/507/507
f 506/506/506 457/457/457 508/508/508
f 457/457/457 453/453/453 508/508/508
f 507/507/507 506/506/506 509/509/509
f 506/506/506 508/508/508 509/509/509
f 510/510/510 508/508/508 453/453/453
f 453/453/453 449/449/449 510/510/510
f 509/509/509 508/508/508 511/511/511
f 508/508/508 510/510/510 511/511/511
f 512/512/512 510/510/510 449/449/449
f 449/449/449 445/445/445 512/512/512
f 513/513/513 511/511/511 510/510/510
f 510/510/510 512/512/512 513/513/513
f 514/514/514 512/512/512 445/445/445
f 445/445/445 438/438/438 514/514/514
f 515/515/515 513/513/513 512/512/512
f 512/512/512 514/514/514 515/515/515
f 516/516/516 514/514/514 438/438/438
f 438/438/438 430/430/430 516/516/516
f 426/426/426 516/516/516 430/430/430
f 516/516/516 426/426/426 431/431/431
f 514/514/514 516/516/516 517/517/517
f 431/431/431 517/517/517 516/516/516
f 517/517/517 515/515/515 514/514/514
f 517/517/517 431/431/431 518/518/518
f 427/427/427 518/518/518 431/431/431
f 515/515/515 517/517/517 519/519/519
f 518/518/518 519/519/519 517/517/517
f 518/518/518 427/427/427 520/520/520
f 423/423/423 520/520/520 427/427/427
f 519/519/519 518/518/518 521/521/521
f 520/520/520 521/521/521 518/518/518
f 519/519/519 522/522/522 515/515/515
f 513/513/513 515/515/515 522/522/522
f 521/521/521 523/523/523 519/519/519
f 522/522/522 519/519/519 523/523/523
f 522/522/522 524/524/524 513/513/513
f 511/511/511 513/513/513 524/524/524
f 523/523/523 525/525/525 522/522/522
f 524/524/524 522/522/522 525/525/525
f 526/526/526 511/511/511 524/524/524
f 509/509/509 511/511/511 526/526/526
f 527/527/527 524/524/524 525/525/525
f 526/526/526 524/524/524 527/527/527
f 528/528/528 509/509/509 526/526/526
f 507/507/507 509/509/509 528/528/528
f 529/529/529 526/526/526 527/527/527
f 528/528/528 526/526/526 529/529/529
f 530/530/530 507/507/507 528/528/528
f 505/505/505 507/507/507 530/530/530
f 531/531/531 528/528/528 529/529/529
f 530/530/530 528/528/528 531/531/531
f 532/532/532 505/505/505 530/530/530
f 503/503/503 505/505/505 532/532/532
f 533/533/533 530/530/530 531/531/531
f 532/532/532 530/530/530 533/533/533
f 534/534/534 503/503/503 532/532/532
f 501/501/501 503/503/503 534/534/534
f 535/535/535 532/532/532 533/533/533
f 534/534/534 532/532/532 535/535/535
f 536/536/536 501/501/501 534/534/534
f 499/499/499 501/501/501 536/536/536
f 537/537/537 534/534/534 535/535/535
f 536/536/536 534/534/534 537/537/537
f 538/538/538 499/499/499 536/536/536
f 499/499/499 538/538/538 497/497/497
f 539/539/539 536/536/536 537/537/537
f 536/536/536 539/539/539 538/538/538
f 540/540/540 497/497/497 538/538/538
f 497/497/497 540/540/540 496/496/496
f 541/541/541 538/538/538 539/539/539
f 538/538/538 541/541/541 540/540/540
f 542/542/542 496/496/496 540/540/540
f 496/496/496 542/542/542 493/493/493
f 543/543/543 540/540/540 541/541/541
f 540/540/540 543/543/543 542/542/542
f 544/544/544 493/493/493 542/542/542
f 493/493/493 544/544/544 258/258/258
f 544/544/544 254/254/254 258/258/258
f 544/544/544 257/257/257 254/254/254
f 542/542/542 545/545/545 544/544/544
f 545/545/545 257/257/257 544/544/544
f 545/545/545 542/542/542 543/543/543
f 257/257/257 545/545/545 261/261/261
f 546/546/546 261/261/261 545/545/545
f 543/543/543 546/546/546 545/545/545
f 261/261/261 546/546/546 264/264/264
f 546/546/546 543/543/543 547/547/547
f 541/541/541 547/547/547 543/543/543
f 548/548/548 264/264/264 546/546/546
f 547/547/547 548/548/548 546/546/546
f 264/264/264 548/548/548 267/267/267
f 547/547/547 541/541/541 549/549/549
f 539/539/539 549/549/549 541/541/541
f 548/548/548 547/547/547 550/550/550
f 549/549/549 550/550/550 547/547/547
f 551/551/551 267/267/267 548/548/548
f 550/550/550 551/551/551 548/548/548
f 267/267/267 551/551/551 270/270/270
f 549/549/549 539/539/539 552/552/552
f 537/537/537 552/552/552 539/539/539
f 553/553/553 270/270/270 551/551/551
f 270/270/270 553/553/553 273/273/273
f 551/551/551 550/550/550 554/554/554
f 554/554/554 553/553/553 551/551/551
f 550/550/550 549/549/549 555/555/555
f 555/555/555 554/554/554 550/550/550
f 552/552/552 555/555/555 549/549/549
f 556/556/556 273/273/273 553/553/553
f 273/273/273 556/556/556 276/276/276
f 553/553/553 554/554/554 557/557/557
f 557/557/557 556/556/556 553/553/553
f 554/554/554 555/555/555 558/558/558
f 558/558/558 557/557/557 554/554/554
f 559/559/559 276/276/276 556/556/556
f 276/276/276 559/559/559 279/279/279
f 556/556/556 557/557/557 560/560/560
f 560/560/560 559/559/559 556/556/556
f 561/561/561 279/279/279 559/559/559
f 279/279/279 561/561/561 282/282/282
f 559/559/559 560/560/560 562/562/562
f 562/562/562 561/561/561 559/559/559
f 563/563/563 560/560/560 557/557/557
f 557/557/557 558/558/558 563/563/563
f 564/564/564 282/282/282 561/561/561
f 282/282/282 564/564/564 285/285/285
f 565/565/565 564/564/564 561/561/561
f 561/561/561 562/562/562 565/565/565
f 566/566/566 285/285/285 564/564/564
f 285/285/285 566/566/566 288/288/288
f 564/564/564 565/565/565 567/567/567
f 567/567/567 566/566/566 564/564/564
f 568/568/568 288/288/288 566/566/566
f 288/288/288 568/568/568 291/291/291
f 298/298/298 291/291/291 568/568/568
f 569/569/569 568/568/568 566/566/566
f 566/566/566 567/567/567 569/569/569
f 570/570/570 298/298/298 568/568/568
f 568/568/568 569/569/569 570/570/570
f 298/298/298 570/570/570 308/308/308
f 571/571/571 569/569/569 567/567/567
f 572/572/572 308/308/308 570/570/570
f 308/308/308 572/572/572 312/312/312
f 573/573/573 570/570/570 569/569/569
f 570/570/570 573/573/573 572/572/572
f 569/569/569 571/571/571 573/573/573
f 574/574/574 312/312/312 572/572/572
f 312/312/312 574/574/574 316/316/316
f 575/575/575 572/572/572 573/573/573
f 572/572/572 575/575/575 574/574/574
f 576/576/576 316/316/316 574/574/574
f 316/316/316 576/576/576 320/320/320
f 577/577/577 574/574/574 575/575/575
f 574/574/574 577/577/577 576/576/576
f 573/573/573 578/578/578 575/575/575
f 578/578/578 573/573/573 571/571/571
f 576/576/576 579/579/579 320/320/320
f 320/320/320 579/579/579 324/324/324
f 577/577/577 580/580/580 576/576/576
f 576/576/576 580/580/580 579/579/579
f 575/575/575 581/581/581 577/577/577
f 581/581/581 575/575/575 578/578/578
f 579/579/579 582/582/582 324/324/324
f 324/324/324 582/582/582 328/328/328
f 580/580/580 583/583/583 579/579/579
f 579/579/579 583/583/583 582/582/582
f 577/577/577 584/584/584 580/580/580
f 581/581/581 584/584/584 577/577/577
f 582/582/582 585/585/585 328/328/328
f 328/328/328 585/585/585 332/332/332
f 583/583/583 586/586/586 582/582/582
f 582/582/582 586/586/586 585/585/585
f 580/580/580 587/587/587 583/583/583
f 584/584/584 587/587/587 580/580/580
f 585/585/585 588/588/588 332/332/332
f 332/332/332 588/588/588 336/336/336
f 586/586/586 589/589/589 585/585/585
f 585/585/585 589/589/589 588/588/588
f 583/583/583 590/590/590 586/586/586
f 587/587/587 590/590/590 583/583/583
f 588/588/588 591/591/591 336/336/336
f 336/336/336 591/591/591 340/340/340
f 589/589/589 592/592/592 588/588/588
f 588/588/588 592/592/592 591/591/591
f 586/586/586 593/593/593 589/589/589
f 590/590/590 593/593/593 586/586/586
f 591/591/591 594/594/594 340/340/340
f 340/340/340 594/594/594 344/344/344
f 592/592/592 595/595/595 591/591/591
f 591/591/591 595/595/595 594/594/594
f 589/589/589 596/596/596 592/592/592
f 593/593/593 596/596/596 589/589/589
f 594/594/594 597/597/597 344/344/344
f 345/345/345 344/344/344 597/597/597
f 595/595/595 598/598/598 594/594/594
f 597/597/597 594/594/594 598/598/598
f 592/592/592 599/599/599 595/595/595
f 596/596/596 599/599/599 592/592/592
f 598/598/598 595/595/595 600/600/600
f 599/599/599 600/600/600 595/595/595
f 598/598/598 601/601/601 597/597/597
f 597/597/597 602/602/602 345/345/345
f 602/602/602 597/597/597 601/601/601
f 349/349/349 345/345/345 602/602/602
f 602/602/602 380/380/380 349/349/349
f 380/380/380 602/602/602 603/603/603
f 601/601/601 603/603/603 602/602/602
f 603/603/603 384/384/384 380/380/380
f 384/384/384 603/603/603 388/388/388
f 604/604/604 388/388/388 603/603/603
f 603/603/603 601/601/601 604/604/604
f 388/388/388 604/604/604 395/395/395
f 601/601/601 598/598/598 605/605/605
f 605/605/605 604/604/604 601/601/601
f 600/600/600 605/605/605 598/598/598
f 606/606/606 395/395/395 604/604/604
f 604/604/604 605/605/605 606/606/606
f 395/395/395 606/606/606 399/399/399
f 605/605/605 600/600/600 607/607/607
f 607/607/607 606/606/606 605/605/605
f 608/608/608 399/399/399 606/606/606
f 606/606/606 607/607/607 608/608/608
f 399/399/399 608/608/608 403/403/403
f 609/609/609 607/607/607 600/600/600
f 600/600/600 599/599/599 609/609/609
f 610/610/610 608/608/608 607/607/607
f 607/607/607 609/609/609 610/610/610
f 611/611/611 403/403/403 608/608/608
f 608/608/608 610/610/610 611/611/611
f 403/403/403 611/611/611 407/407/407
f 612/612/612 609/609/609 599/599/599
f 596/596/596 612/612/612 599/599/599
f 613/613/613 407/407/407 611/611/611
f 407/407/407 613/613/613 411/411/411
f 614/614/614 611/611/611 610/610/610
f 611/611/611 614/614/614 613/613/613
f 615/615/615 610/610/610 609/609/609
f 610/610/610 615/615/615 614/614/614
f 609/609/609 612/612/612 615/615/615
f 616/616/616 411/411/411 613/613/613
f 411/411/411 616/616/616 415/415/415
f 617/617/617 613/613/613 614/614/614
f 613/613/613 617/617/617 616/616/616
f 618/618/618 614/614/614 615/615/615
f 614/614/614 618/618/618 617/617/617
f 619/619/619 415/415/415 616/616/616
f 415/415/415 619/619/619 419/419/419
f 620/620/620 616/616/616 617/617/617
f 616/616/616 620/620/620 619/619/619
f 621/621/621 419/419/419 619/619/619
f 419/419/419 621/621/621 423/423/423
f 520/520/520 423/423/423 621/621/621
f 619/619/619 622/622/622 621/621/621
f 622/622/622 619/619/619 620/620/620
f 621/621/621 623/623/623 520/520/520
f 623/623/623 621/621/621 622/622/622
f 521/521/521 520/520/520 623/623/623
f 620/620/620 624/624/624 622/622/622
f 623/623/623 625/625/625 521/521/521
f 523/523/523 521/521/521 625/625/625
f 622/622/622 626/626/626 623/623/623
f 625/625/625 623/623/623 626/626/626
f 626/626/626 622/622/622 624/624/624
f 625/625/625 627/627/627 523/523/523
f 525/525/525 523/523/523 627/627/627
f 626/626/626 628/628/628 625/625/625
f 627/627/627 625/625/625 628/628/628
f 624/624/624 629/629/629 626/626/626
f 628/628/628 626/626/626 629/629/629
f 630/630/630 525/525/525 627/627/627
f 527/527/527 525/525/525 630/630/630
f 631/631/631 627/627/627 628/628/628
f 630/630/630 627/627/627 631/631/631
f 632/632/632 628/628/628 629/629/629
f 631/631/631 628/628/628 632/632/632
f 633/633/633 527/527/527 630/630/630
f 529/529/529 527/527/527 633/633/633
f 634/634/634 630/630/630 631/631/631
f 633/633/633 630/630/630 634/634/634
f 635/635/635 631/631/631 632/632/632
f 634/634/634 631/631/631 635/635/635
f 636/636/636 529/529/529 633/633/633
f 531/531/531 529/529/529 636/636/636
f 637/637/637 633/633/633 634/634/634
f 636/636/636 633/633/633 637/637/637
f 638/638/638 634/634/634 635/635/635
f 637/637/637 634/634/634 638/638/638
f 639/639/639 531/531/531 636/636/636
f 533/533/533 531/531/531 639/639/639
f 640/640/640 636/636/636 637/637/637
f 639/639/639 636/636/636 640/640/640
f 641/641/641 637/637/637 638/638/638
f 640/640/640 637/637/637 641/641/641
f 642/642/642 533/533/533 639/639/639
f 535/535/535 533/533/533 642/642/642
f 643/643/643 639/639/639 640/640/640
f 642/642/642 639/639/639 643/643/643
f 644/644/644 640/640/640 641/641/641
f 643/643/643 640/640/640 644/644/644
f 645/645/645 535/535/535 642/642/642
f 537/537/537 535/535/535 645/645/645
f 552/552/552 537/537/537 645/645/645
f 646/646/646 642/642/642 643/643/643
f 645/645/645 642/642/642 646/646/646
f 645/645/645 647/647/647 552/552/552
f 647/647/647 645/645/645 646/646/646
f 555/555/555 552/552/552 647/647/647
f 647/647/647 558/558/558 555/555/555
f 558/558/558 647/647/647 648/648/648
f 646/646/646 648/648/648 647/647/647
f 648/648/648 563/563/563 558/558/558
f 646/646/646 643/643/643 649/649/649
f 648/648/648 646/646/646 649/649/649
f 649/649/649 643/643/643 644/644/644
f 563/563/563 648/648/648 650/650/650
f 649/649/649 650/650/650 648/648/648
f 649/649/649 644/644/644 651/651/651
f 650/650/650 649/649/649 651/651/651
f 650/650/650 652/652/652 563/563/563
f 560/560/560 563/563/563 652/652/652
f 652/652/652 562/562/562 560/560/560
f 652/652/652 650/650/650 653/653/653
f 651/651/651 653/653/653 650/650/650
f 562/562/562 652/652/652 654/654/654
f 653/653/653 654/654/654 652/652/652
f 654/654/654 565/565/565 562/562/562
f 653/653/653 651/651/651 655/655/655
f 565/565/565 654/654/654 656/656/656
f 656/656/656 567/567/567 565/565/565
f 567/567/567 656/656/656 571/571/571
f 654/654/654 653/653/653 657/657/657
f 657/657/657 656/656/656 654/654/654
f 655/655/655 657/657/657 653/653/653
f 658/658/658 571/571/571 656/656/656
f 656/656/656 657/657/657 658/658/658
f 571/571/571 658/658/658 578/578/578
f 659/659/659 658/658/658 657/657/657
f 657/657/657 655/655/655 659/659/659
f 660/660/660 578/578/578 658/658/658
f 658/658/658 659/659/659 660/660/660
f 578/578/578 660/660/660 581/581/581
f 655/655/655 661/661/661 659/659/659
f 660/660/660 662/662/662 581/581/581
f 581/581/581 662/662/662 584/584/584
f 659/659/659 663/663/663 660/660/660
f 660/660/660 663/663/663 662/662/662
f 659/659/659 661/661/661 663/663/663
f 662/662/662 664/664/664 584/584/584
f 584/584/584 664/664/664 587/587/587
f 663/663/663 665/665/665 662/662/662
f 662/662/662 665/665/665 664/664/664
f 664/664/664 666/666/666 587/587/587
f 587/587/587 666/666/666 590/590/590
f 665/665/665 667/667/667 664/664/664
f 664/664/664 667/667/667 666/666/666
f 663/663/663 668/668/668 665/665/665
f 661/661/661 668/668/668 663/663/663
f 666/666/666 669/669/669 590/590/590
f 590/590/590 669/669/669 593/593/593
f 667/667/667 670/670/670 666/666/666
f 666/666/666 670/670/670 669/669/669
f 665/665/665 671/671/671 667/667/667
f 668/668/668 671/671/671 665/665/665
f 669/669/669 672/672/672 593/593/593
f 593/593/593 672/672/672 596/596/596
f 672/672/672 612/612/612 596/596/596
f 669/669/669 673/673/673 672/672/672
f 670/670/670 673/673/673 669/669/669
f 672/672/672 674/674/674 612/612/612
f 673/673/673 674/674/674 672/672/672
f 674/674/674 615/615/615 612/612/612
f 615/615/615 674/674/674 618/618/618
f 673/673/673 675/675/675 674/674/674
f 675/675/675 618/618/618 674/674/674
f 670/670/670 676/676/676 673/673/673
f 676/676/676 675/675/675 673/673/673
f 667/667/667 677/677/677 670/670/670
f 677/677/677 676/676/676 670/670/670
f 671/671/671 677/677/677 667/667/667
f 618/618/618 675/675/675 678/678/678
f 678/678/678 617/617/617 618/618/618
f 617/617/617 678/678/678 620/620/620
f 624/624/624 620/620/620 678/678/678
f 679/679/679 678/678/678 675/675/675
f 678/678/678 679/679/679 624/624/624
f 676/676/676 679/679/679 675/675/675
f 629/629/629 624/624/624 679/679/679
f 680/680/680 679/679/679 676/676/676
f 680/680/680 629/629/629 679/679/679
f 677/677/677 680/680/680 676/676/676
f 632/632/632 629/629/629 680/680/680
f 681/681/681 680/680/680 677/677/677
f 681/681/681 632/632/632 680/680/680
f 671/671/671 681/681/681 677/677/677
f 635/635/635 632/632/632 681/681/681
f 682/682/682 681/681/681 671/671/671
f 682/682/682 635/635/635 681/681/681
f 668/668/668 682/682/682 671/671/671
f 638/638/638 635/635/635 682/682/682
f 683/683/683 682/682/682 668/668/668
f 683/683/683 638/638/638 682/682/682
f 661/661/661 683/683/683 668/668/668
f 641/641/641 638/638/638 683/683/683
f 684/684/684 683/683/683 661/661/661
f 684/684/684 641/641/641 683/683/683
f 655/655/655 684/684/684 661/661/661
f 644/644/644 641/641/641 684/684/684
f 651/651/651 684/684/684 655/655/655
f 651/651/651 644/644/644 684/684/684
f 687/687/687 686/686/686 685/685/685
f 685/685/685 686/686/686 688/688/688
f 686/686/686 687/687/687 689/689/689
f 690/690/690 688/688/688 686/686/686
f 689/689/689 687/687/687 691/691/691
f 690/690/690 692/692/692 688/688/688
f 693/693/693 689/689/689 691/691/691
f 692/692/692 694/694/694 688/688/688
f 693/693/693 691/691/691 695/695/695
f 696/696/696 694/694/694 692/692/692
f 697/697/697 695/695/695 691/691/691
f 694/694/694 696/696/696 698/698/698
f 699/699/699 695/695/695 697/697/697
f 698/698/698 696/696/696 700/700/700
f 701/701/701 695/695/695 699/699/699
f 702/702/702 700/700/700 696/696/696
f 701/701/701 699/699/699 703/703/703
f 702/702/702 704/704/704 700/700/700
f 705/705/705 701/701/701 703/703/703
f 704/704/704 706/706/706 700/700/700
f 705/705/705 703/703/703 707/707/707
f 707/707/707 706/706/706 704/704/704
f 708/708/708 707/707/707 703/703/703
f 708/708/708 706/706/706 707/707/707
