mtllib SM_Pillar_02_a_LOD1@000002909DC26B00.mtl
g SM_Pillar_02_a_LOD1@000002909DC26B00
#Vertices 982
#Indices 4764
#Section 0 Offset 0 NumIndices 4332 MaterialIndex 0 MI_ConcreteTile_01
#Section 1 Offset 4332 NumIndices 72 MaterialIndex 1 MI_BrickTile_A_01
#Section 2 Offset 4404 NumIndices 360 MaterialIndex 2 MI_ConcreteTrim_A_01
v -0.139058 19.109705 0.427973 0.000000 0.000000 1.000000 1.000000
v 0.000000 19.152107 0.739286 0.000000 0.000000 1.000000 1.000000
v 0.000003 19.109669 0.449996 0.000000 0.000000 1.000000 1.000000
v -0.228453 19.152107 0.703103 0.000000 0.000000 1.000000 1.000000
v 0.000000 19.162565 0.761858 0.000000 0.000000 1.000000 1.000000
v -0.434543 19.152107 0.598095 0.000000 0.000000 1.000000 1.000000
v -0.264503 19.109705 0.364055 0.000000 0.000000 1.000000 1.000000
v -0.364058 19.109705 0.264501 0.000000 0.000000 1.000000 1.000000
v -0.235428 19.162565 0.724570 0.000000 0.000000 1.000000 1.000000
v 0.000000 19.183582 0.774934 0.000000 0.000000 1.000000 1.000000
v -0.447810 19.162565 0.616356 0.000000 0.000000 1.000000 1.000000
v -0.598098 19.152107 0.434540 0.000000 0.000000 1.000000 1.000000
v -0.703105 19.152107 0.228451 0.000000 0.000000 1.000000 1.000000
v -0.428025 19.109695 0.138899 0.000000 0.000000 1.000000 1.000000
v -0.616359 19.162565 0.447808 0.000000 0.000000 1.000000 1.000000
v -0.239469 19.183582 0.737006 0.000000 0.000000 1.000000 1.000000
v -0.455496 19.183582 0.626934 0.000000 0.000000 1.000000 1.000000
v -0.239244 19.208191 0.736315 0.000000 0.000000 1.000000 1.000000
v 0.000000 19.208191 0.774207 0.000000 0.000000 1.000000 1.000000
v -0.455069 19.208191 0.626346 0.000000 0.000000 1.000000 1.000000
v -0.227531 19.320898 0.700264 0.000000 0.000000 1.000000 1.000000
v 0.000000 19.320898 0.736301 0.000000 0.000000 1.000000 1.000000
v -0.432789 19.320898 0.595680 0.000000 0.000000 1.000000 1.000000
v -0.224021 19.341009 0.689464 0.000000 0.000000 1.000000 1.000000
v 0.000000 19.341009 0.724945 0.000000 0.000000 1.000000 1.000000
v -0.426114 19.341009 0.586493 0.000000 0.000000 1.000000 1.000000
v -0.218445 19.355574 0.672303 0.000000 0.000000 1.000000 1.000000
v 0.000000 19.355574 0.706901 0.000000 0.000000 1.000000 1.000000
v -0.211584 19.362576 0.651185 0.000000 0.000000 1.000000 1.000000
v 0.000000 19.362576 0.684695 0.000000 0.000000 1.000000 1.000000
v -0.139058 19.390696 0.427973 0.000000 0.000000 1.000000 1.000000
v 0.000000 19.390696 0.449998 0.000000 0.000000 1.000000 1.000000
v -0.415508 19.355574 0.571895 0.000000 0.000000 1.000000 1.000000
v -0.402456 19.362576 0.553930 0.000000 0.000000 1.000000 1.000000
v -0.264503 19.390696 0.364055 0.000000 0.000000 1.000000 1.000000
v -0.364058 19.390696 0.264501 0.000000 0.000000 1.000000 1.000000
v -0.571898 19.355574 0.415505 0.000000 0.000000 1.000000 1.000000
v -0.553933 19.362576 0.402453 0.000000 0.000000 1.000000 1.000000
v -0.651187 19.362576 0.211582 0.000000 0.000000 1.000000 1.000000
v -0.427975 19.390696 0.139055 0.000000 0.000000 1.000000 1.000000
v -0.672305 19.355574 0.218444 0.000000 0.000000 1.000000 1.000000
v -0.684698 19.362576 -0.000002 0.000000 0.000000 1.000000 1.000000
v -0.450000 19.390696 -0.000002 0.000000 0.000000 1.000000 1.000000
v -0.427975 19.390696 -0.139060 0.000000 0.000000 1.000000 1.000000
v -0.586496 19.341009 0.426112 0.000000 0.000000 1.000000 1.000000
v -0.651187 19.362576 -0.211587 0.000000 0.000000 1.000000 1.000000
v -0.364058 19.390696 -0.264505 0.000000 0.000000 1.000000 1.000000
v -0.595683 19.320898 0.432786 0.000000 0.000000 1.000000 1.000000
v -0.689466 19.341009 0.224020 0.000000 0.000000 1.000000 1.000000
v -0.700266 19.320898 0.227529 0.000000 0.000000 1.000000 1.000000
v -0.626349 19.208191 0.455067 0.000000 0.000000 1.000000 1.000000
v -0.736317 19.208191 0.239242 0.000000 0.000000 1.000000 1.000000
v -0.626937 19.183582 0.455494 0.000000 0.000000 1.000000 1.000000
v -0.737008 19.183582 0.239467 0.000000 0.000000 1.000000 1.000000
v -0.724572 19.162565 0.235426 0.000000 0.000000 1.000000 1.000000
v -0.774936 19.183582 -0.000002 0.000000 0.000000 1.000000 1.000000
v -0.774209 19.208191 -0.000002 0.000000 0.000000 1.000000 1.000000
v -0.739288 19.152107 -0.000002 0.000000 0.000000 1.000000 1.000000
v -0.450000 19.109705 -0.000002 0.000000 0.000000 1.000000 1.000000
v -0.427975 19.109705 -0.139060 0.000000 0.000000 1.000000 1.000000
v -0.761860 19.162565 -0.000002 0.000000 0.000000 1.000000 1.000000
v -0.703105 19.152107 -0.228456 0.000000 0.000000 1.000000 1.000000
v -0.364058 19.109705 -0.264505 0.000000 0.000000 1.000000 1.000000
v -0.724572 19.162565 -0.235431 0.000000 0.000000 1.000000 1.000000
v -0.598097 19.152107 -0.434545 0.000000 0.000000 1.000000 1.000000
v -0.616358 19.162565 -0.447812 0.000000 0.000000 1.000000 1.000000
v -0.737008 19.183582 -0.239471 0.000000 0.000000 1.000000 1.000000
v -0.434543 19.152107 -0.598099 0.000000 0.000000 1.000000 1.000000
v -0.264503 19.109705 -0.364060 0.000000 0.000000 1.000000 1.000000
v -0.139058 19.109705 -0.427978 0.000000 0.000000 1.000000 1.000000
v -0.447810 19.162565 -0.616360 0.000000 0.000000 1.000000 1.000000
v -0.228453 19.152107 -0.703107 0.000000 0.000000 1.000000 1.000000
v 0.000000 19.152107 -0.739291 0.000000 0.000000 1.000000 1.000000
v 0.000000 19.109705 -0.450002 0.000000 0.000000 1.000000 1.000000
v 0.139058 19.109705 -0.427978 0.000000 0.000000 1.000000 1.000000
v -0.235428 19.162565 -0.724574 0.000000 0.000000 1.000000 1.000000
v -0.455496 19.183582 -0.626938 0.000000 0.000000 1.000000 1.000000
v -0.239469 19.183582 -0.737010 0.000000 0.000000 1.000000 1.000000
v -0.626937 19.183582 -0.455498 0.000000 0.000000 1.000000 1.000000
v -0.626348 19.208191 -0.455071 0.000000 0.000000 1.000000 1.000000
v -0.455069 19.208191 -0.626350 0.000000 0.000000 1.000000 1.000000
v -0.736317 19.208191 -0.239247 0.000000 0.000000 1.000000 1.000000
v -0.595682 19.320898 -0.432791 0.000000 0.000000 1.000000 1.000000
v -0.700266 19.320898 -0.227533 0.000000 0.000000 1.000000 1.000000
v -0.736304 19.320898 -0.000002 0.000000 0.000000 1.000000 1.000000
v -0.586495 19.341009 -0.426116 0.000000 0.000000 1.000000 1.000000
v -0.724948 19.341009 -0.000002 0.000000 0.000000 1.000000 1.000000
v -0.689466 19.341009 -0.224024 0.000000 0.000000 1.000000 1.000000
v -0.706904 19.355574 -0.000002 0.000000 0.000000 1.000000 1.000000
v -0.672305 19.355574 -0.218448 0.000000 0.000000 1.000000 1.000000
v -0.571897 19.355574 -0.415510 0.000000 0.000000 1.000000 1.000000
v -0.553932 19.362576 -0.402458 0.000000 0.000000 1.000000 1.000000
v -0.402456 19.362576 -0.553934 0.000000 0.000000 1.000000 1.000000
v -0.264503 19.390696 -0.364060 0.000000 0.000000 1.000000 1.000000
v -0.415508 19.355574 -0.571899 0.000000 0.000000 1.000000 1.000000
v -0.211584 19.362576 -0.651189 0.000000 0.000000 1.000000 1.000000
v -0.139058 19.390696 -0.427978 0.000000 0.000000 1.000000 1.000000
v -0.426114 19.341009 -0.586497 0.000000 0.000000 1.000000 1.000000
v -0.218445 19.355574 -0.672308 0.000000 0.000000 1.000000 1.000000
v 0.000000 19.362576 -0.684700 0.000000 0.000000 1.000000 1.000000
v 0.000000 19.390696 -0.450002 0.000000 0.000000 1.000000 1.000000
v 0.139058 19.390696 -0.427978 0.000000 0.000000 1.000000 1.000000
v -0.432789 19.320898 -0.595684 0.000000 0.000000 1.000000 1.000000
v 0.211584 19.362576 -0.651189 0.000000 0.000000 1.000000 1.000000
v 0.264503 19.390696 -0.364060 0.000000 0.000000 1.000000 1.000000
v -0.239244 19.208191 -0.736319 0.000000 0.000000 1.000000 1.000000
v -0.227531 19.320898 -0.700268 0.000000 0.000000 1.000000 1.000000
v -0.224021 19.341009 -0.689468 0.000000 0.000000 1.000000 1.000000
v 0.000000 19.208191 -0.774211 0.000000 0.000000 1.000000 1.000000
v 0.000000 19.183582 -0.774939 0.000000 0.000000 1.000000 1.000000
v 0.000000 19.320898 -0.736306 0.000000 0.000000 1.000000 1.000000
v 0.000000 19.162565 -0.761862 0.000000 0.000000 1.000000 1.000000
v 0.235428 19.162565 -0.724574 0.000000 0.000000 1.000000 1.000000
v 0.000000 19.341009 -0.724950 0.000000 0.000000 1.000000 1.000000
v 0.228453 19.152107 -0.703107 0.000000 0.000000 1.000000 1.000000
v 0.000000 19.355574 -0.706906 0.000000 0.000000 1.000000 1.000000
v 0.434543 19.152107 -0.598099 0.000000 0.000000 1.000000 1.000000
v 0.264503 19.109705 -0.364060 0.000000 0.000000 1.000000 1.000000
v 0.364058 19.109705 -0.264505 0.000000 0.000000 1.000000 1.000000
v 0.218445 19.355574 -0.672308 0.000000 0.000000 1.000000 1.000000
v 0.224021 19.341009 -0.689468 0.000000 0.000000 1.000000 1.000000
v 0.415508 19.355574 -0.571899 0.000000 0.000000 1.000000 1.000000
v 0.227531 19.320898 -0.700268 0.000000 0.000000 1.000000 1.000000
v 0.426114 19.341009 -0.586497 0.000000 0.000000 1.000000 1.000000
v 0.239244 19.208191 -0.736319 0.000000 0.000000 1.000000 1.000000
v 0.432789 19.320898 -0.595684 0.000000 0.000000 1.000000 1.000000
v 0.239469 19.183582 -0.737010 0.000000 0.000000 1.000000 1.000000
v 0.455069 19.208191 -0.626350 0.000000 0.000000 1.000000 1.000000
v 0.586495 19.341009 -0.426116 0.000000 0.000000 1.000000 1.000000
v 0.595682 19.320898 -0.432791 0.000000 0.000000 1.000000 1.000000
v 0.455496 19.183582 -0.626938 0.000000 0.000000 1.000000 1.000000
v 0.447810 19.162565 -0.616360 0.000000 0.000000 1.000000 1.000000
v 0.626348 19.208191 -0.455071 0.000000 0.000000 1.000000 1.000000
v 0.598097 19.152107 -0.434545 0.000000 0.000000 1.000000 1.000000
v 0.616358 19.162565 -0.447812 0.000000 0.000000 1.000000 1.000000
v 0.703105 19.152107 -0.228456 0.000000 0.000000 1.000000 1.000000
v 0.427975 19.109705 -0.139060 0.000000 0.000000 1.000000 1.000000
v 0.626937 19.183582 -0.455498 0.000000 0.000000 1.000000 1.000000
v 0.737008 19.183582 -0.239471 0.000000 0.000000 1.000000 1.000000
v 0.724572 19.162565 -0.235431 0.000000 0.000000 1.000000 1.000000
v 0.739288 19.152107 -0.000002 0.000000 0.000000 1.000000 1.000000
v 0.450000 19.109705 -0.000002 0.000000 0.000000 1.000000 1.000000
v 0.427975 19.109705 0.139055 0.000000 0.000000 1.000000 1.000000
v 0.736317 19.208191 -0.239247 0.000000 0.000000 1.000000 1.000000
v 0.703105 19.152107 0.228450 0.000000 0.000000 1.000000 1.000000
v 0.364058 19.109705 0.264501 0.000000 0.000000 1.000000 1.000000
v 0.700266 19.320898 -0.227533 0.000000 0.000000 1.000000 1.000000
v 0.598097 19.152107 0.434541 0.000000 0.000000 1.000000 1.000000
v 0.264504 19.109705 0.364055 0.000000 0.000000 1.000000 1.000000
v 0.724572 19.162565 0.235426 0.000000 0.000000 1.000000 1.000000
v 0.434543 19.152107 0.598095 0.000000 0.000000 1.000000 1.000000
v 0.139058 19.109705 0.427973 0.000000 0.000000 1.000000 1.000000
v 0.616358 19.162565 0.447808 0.000000 0.000000 1.000000 1.000000
v 0.000000 19.152107 0.739286 0.000000 0.000000 1.000000 1.000000
v 0.000003 19.109669 0.449996 0.000000 0.000000 1.000000 1.000000
v 0.228453 19.152107 0.703103 0.000000 0.000000 1.000000 1.000000
v 0.000000 19.162565 0.761858 0.000000 0.000000 1.000000 1.000000
v 0.235428 19.162565 0.724570 0.000000 0.000000 1.000000 1.000000
v 0.000000 19.183582 0.774934 0.000000 0.000000 1.000000 1.000000
v 0.447810 19.162565 0.616356 0.000000 0.000000 1.000000 1.000000
v 0.239469 19.183582 0.737006 0.000000 0.000000 1.000000 1.000000
v 0.239244 19.208191 0.736315 0.000000 0.000000 1.000000 1.000000
v 0.000000 19.208191 0.774207 0.000000 0.000000 1.000000 1.000000
v 0.455496 19.183582 0.626935 0.000000 0.000000 1.000000 1.000000
v 0.455069 19.208191 0.626347 0.000000 0.000000 1.000000 1.000000
v 0.227531 19.320898 0.700264 0.000000 0.000000 1.000000 1.000000
v 0.000000 19.320898 0.736301 0.000000 0.000000 1.000000 1.000000
v 0.432789 19.320898 0.595681 0.000000 0.000000 1.000000 1.000000
v 0.224021 19.341009 0.689464 0.000000 0.000000 1.000000 1.000000
v 0.000000 19.341009 0.724945 0.000000 0.000000 1.000000 1.000000
v 0.426114 19.341009 0.586494 0.000000 0.000000 1.000000 1.000000
v 0.218445 19.355574 0.672303 0.000000 0.000000 1.000000 1.000000
v 0.000000 19.355574 0.706901 0.000000 0.000000 1.000000 1.000000
v 0.586495 19.341009 0.426112 0.000000 0.000000 1.000000 1.000000
v 0.211584 19.362576 0.651185 0.000000 0.000000 1.000000 1.000000
v 0.000000 19.362576 0.684695 0.000000 0.000000 1.000000 1.000000
v 0.415508 19.355574 0.571895 0.000000 0.000000 1.000000 1.000000
v 0.139058 19.390696 0.427973 0.000000 0.000000 1.000000 1.000000
v 0.000000 19.390696 0.449998 0.000000 0.000000 1.000000 1.000000
v 0.402456 19.362576 0.553931 0.000000 0.000000 1.000000 1.000000
v 0.264504 19.390696 0.364055 0.000000 0.000000 1.000000 1.000000
v 0.571897 19.355574 0.415506 0.000000 0.000000 1.000000 1.000000
v 0.553932 19.362576 0.402454 0.000000 0.000000 1.000000 1.000000
v 0.364058 19.390696 0.264501 0.000000 0.000000 1.000000 1.000000
v 0.651187 19.362576 0.211582 0.000000 0.000000 1.000000 1.000000
v 0.427975 19.390696 0.139055 0.000000 0.000000 1.000000 1.000000
v 0.672305 19.355574 0.218443 0.000000 0.000000 1.000000 1.000000
v 0.684698 19.362576 -0.000002 0.000000 0.000000 1.000000 1.000000
v 0.450000 19.390696 -0.000002 0.000000 0.000000 1.000000 1.000000
v 0.427975 19.390696 -0.139060 0.000000 0.000000 1.000000 1.000000
v 0.689466 19.341009 0.224019 0.000000 0.000000 1.000000 1.000000
v 0.651187 19.362576 -0.211587 0.000000 0.000000 1.000000 1.000000
v 0.364058 19.390696 -0.264505 0.000000 0.000000 1.000000 1.000000
v 0.706904 19.355574 -0.000002 0.000000 0.000000 1.000000 1.000000
v 0.553933 19.362576 -0.402458 0.000000 0.000000 1.000000 1.000000
v 0.724948 19.341009 -0.000002 0.000000 0.000000 1.000000 1.000000
v 0.672305 19.355574 -0.218448 0.000000 0.000000 1.000000 1.000000
v 0.736304 19.320898 -0.000002 0.000000 0.000000 1.000000 1.000000
v 0.402456 19.362576 -0.553934 0.000000 0.000000 1.000000 1.000000
v 0.571897 19.355574 -0.415510 0.000000 0.000000 1.000000 1.000000
v 0.689466 19.341009 -0.224024 0.000000 0.000000 1.000000 1.000000
v 0.774209 19.208191 -0.000002 0.000000 0.000000 1.000000 1.000000
v 0.700266 19.320898 0.227528 0.000000 0.000000 1.000000 1.000000
v 0.774936 19.183582 -0.000002 0.000000 0.000000 1.000000 1.000000
v 0.736317 19.208191 0.239241 0.000000 0.000000 1.000000 1.000000
v 0.595682 19.320898 0.432787 0.000000 0.000000 1.000000 1.000000
v 0.626348 19.208191 0.455067 0.000000 0.000000 1.000000 1.000000
v 0.737008 19.183582 0.239466 0.000000 0.000000 1.000000 1.000000
v 0.626937 19.183582 0.455494 0.000000 0.000000 1.000000 1.000000
v 0.761860 19.162565 -0.000002 0.000000 0.000000 1.000000 1.000000
v 0.000000 16.807878 0.449998 0.000000 0.000000 1.000000 1.000000
v 0.139058 2.500000 0.427975 0.000000 0.000000 1.000000 1.000000
v -0.000001 2.500058 0.450000 0.000000 0.000000 1.000000 1.000000
v 0.139058 16.807878 0.427973 0.000000 0.000000 1.000000 1.000000
v 0.000003 19.109669 0.449996 0.000000 0.000000 1.000000 1.000000
v 0.139058 18.037954 0.427973 0.000000 0.000000 1.000000 1.000000
v 0.139058 19.109705 0.427973 0.000000 0.000000 1.000000 1.000000
v 0.264504 17.035975 0.364055 0.000000 0.000000 1.000000 1.000000
v 0.264504 18.268064 0.364055 0.000000 0.000000 1.000000 1.000000
v 0.264504 19.109705 0.364055 0.000000 0.000000 1.000000 1.000000
v 0.264504 18.071224 0.364055 0.000000 0.000000 1.000000 1.000000
v 0.264504 15.966238 0.364056 0.000000 0.000000 1.000000 1.000000
v 0.364058 16.833282 0.264501 0.000000 0.000000 1.000000 1.000000
v 0.364058 18.071224 0.264502 0.000000 0.000000 1.000000 1.000000
v 0.364058 18.268064 0.264502 0.000000 0.000000 1.000000 1.000000
v 0.364058 19.109705 0.264501 0.000000 0.000000 1.000000 1.000000
v 0.427976 18.191650 0.139055 0.000000 0.000000 1.000000 1.000000
v 0.427975 19.109705 0.139055 0.000000 0.000000 1.000000 1.000000
v 0.427975 16.675562 0.139056 0.000000 0.000000 1.000000 1.000000
v 0.450000 16.732048 -0.000002 0.000000 0.000000 1.000000 1.000000
v 0.450000 19.109705 -0.000002 0.000000 0.000000 1.000000 1.000000
v 0.264504 15.124598 0.364056 0.000000 0.000000 1.000000 1.000000
v 0.364058 14.282957 0.264502 0.000000 0.000000 1.000000 1.000000
v 0.264504 14.282957 0.364056 0.000000 0.000000 1.000000 1.000000
v 0.364058 13.441318 0.264502 0.000000 0.000000 1.000000 1.000000
v 0.264504 13.441318 0.364056 0.000000 0.000000 1.000000 1.000000
v 0.427975 2.500000 0.139057 0.000000 0.000000 1.000000 1.000000
v 0.364058 12.599677 0.264502 0.000000 0.000000 1.000000 1.000000
v 0.264504 12.599677 0.364056 0.000000 0.000000 1.000000 1.000000
v 0.364058 11.758039 0.264502 0.000000 0.000000 1.000000 1.000000
v 0.264504 11.758039 0.364056 0.000000 0.000000 1.000000 1.000000
v 0.364058 10.916398 0.264502 0.000000 0.000000 1.000000 1.000000
v 0.264504 10.916398 0.364056 0.000000 0.000000 1.000000 1.000000
v 0.364058 10.074758 0.264503 0.000000 0.000000 1.000000 1.000000
v 0.264504 10.074758 0.364056 0.000000 0.000000 1.000000 1.000000
v 0.364058 9.233118 0.264503 0.000000 0.000000 1.000000 1.000000
v 0.264504 9.233118 0.364056 0.000000 0.000000 1.000000 1.000000
v 0.364058 8.391479 0.264503 0.000000 0.000000 1.000000 1.000000
v 0.264504 8.391479 0.364057 0.000000 0.000000 1.000000 1.000000
v 0.364058 7.549838 0.264503 0.000000 0.000000 1.000000 1.000000
v 0.264504 7.549838 0.364057 0.000000 0.000000 1.000000 1.000000
v 0.364058 6.708199 0.264503 0.000000 0.000000 1.000000 1.000000
v 0.264504 6.708199 0.364057 0.000000 0.000000 1.000000 1.000000
v 0.264504 5.866560 0.364057 0.000000 0.000000 1.000000 1.000000
v 0.264503 2.500000 0.364058 0.000000 0.000000 1.000000 1.000000
v 0.364058 5.866560 0.264503 0.000000 0.000000 1.000000 1.000000
v 0.364058 5.024919 0.264503 0.000000 0.000000 1.000000 1.000000
v 0.364058 2.500000 0.264503 0.000000 0.000000 1.000000 1.000000
v 0.450000 2.500000 -0.000000 0.000000 0.000000 1.000000 1.000000
v 0.427975 16.700310 -0.139060 0.000000 0.000000 1.000000 1.000000
v 0.427975 2.500000 -0.139058 0.000000 0.000000 1.000000 1.000000
v 0.427976 18.165621 -0.139059 0.000000 0.000000 1.000000 1.000000
v 0.427975 19.109705 -0.139060 0.000000 0.000000 1.000000 1.000000
v 0.364058 18.268064 -0.264505 0.000000 0.000000 1.000000 1.000000
v 0.364058 19.109705 -0.264505 0.000000 0.000000 1.000000 1.000000
v 0.264503 18.268064 -0.364060 0.000000 0.000000 1.000000 1.000000
v 0.264503 19.109705 -0.364060 0.000000 0.000000 1.000000 1.000000
v 0.364058 18.071224 -0.264505 0.000000 0.000000 1.000000 1.000000
v 0.139057 18.193691 -0.427978 0.000000 0.000000 1.000000 1.000000
v 0.139058 19.109705 -0.427978 0.000000 0.000000 1.000000 1.000000
v 0.264503 18.071224 -0.364060 0.000000 0.000000 1.000000 1.000000
v 0.000000 16.731520 -0.450002 0.000000 0.000000 1.000000 1.000000
v 0.000000 19.109705 -0.450002 0.000000 0.000000 1.000000 1.000000
v 0.139058 16.729473 -0.427977 0.000000 0.000000 1.000000 1.000000
v 0.264503 16.833162 -0.364060 0.000000 0.000000 1.000000 1.000000
v 0.364058 16.893288 -0.264505 0.000000 0.000000 1.000000 1.000000
v 0.364058 15.124598 -0.264505 0.000000 0.000000 1.000000 1.000000
v 0.264503 14.282957 -0.364059 0.000000 0.000000 1.000000 1.000000
v 0.364058 14.282957 -0.264505 0.000000 0.000000 1.000000 1.000000
v 0.264503 13.441318 -0.364059 0.000000 0.000000 1.000000 1.000000
v 0.364058 13.441318 -0.264505 0.000000 0.000000 1.000000 1.000000
v 0.364058 12.599677 -0.264505 0.000000 0.000000 1.000000 1.000000
v 0.264503 12.599677 -0.364059 0.000000 0.000000 1.000000 1.000000
v 0.264503 11.758039 -0.364059 0.000000 0.000000 1.000000 1.000000
v 0.364058 11.758039 -0.264505 0.000000 0.000000 1.000000 1.000000
v 0.139057 2.500000 -0.427976 0.000000 0.000000 1.000000 1.000000
v 0.264503 10.916398 -0.364059 0.000000 0.000000 1.000000 1.000000
v 0.364058 10.916398 -0.264504 0.000000 0.000000 1.000000 1.000000
v 0.264503 10.074758 -0.364059 0.000000 0.000000 1.000000 1.000000
v 0.364058 10.074758 -0.264504 0.000000 0.000000 1.000000 1.000000
v 0.264503 9.233118 -0.364059 0.000000 0.000000 1.000000 1.000000
v 0.364058 9.233118 -0.264504 0.000000 0.000000 1.000000 1.000000
v 0.264503 8.391479 -0.364059 0.000000 0.000000 1.000000 1.000000
v 0.364058 8.391479 -0.264504 0.000000 0.000000 1.000000 1.000000
v 0.264503 7.549838 -0.364058 0.000000 0.000000 1.000000 1.000000
v 0.364058 7.549838 -0.264504 0.000000 0.000000 1.000000 1.000000
v 0.264503 6.708199 -0.364058 0.000000 0.000000 1.000000 1.000000
v 0.364058 6.708199 -0.264504 0.000000 0.000000 1.000000 1.000000
v 0.364058 5.866560 -0.264504 0.000000 0.000000 1.000000 1.000000
v 0.364058 2.500000 -0.264503 0.000000 0.000000 1.000000 1.000000
v 0.264503 5.866560 -0.364058 0.000000 0.000000 1.000000 1.000000
v 0.264503 5.024919 -0.364058 0.000000 0.000000 1.000000 1.000000
v 0.264503 2.500000 -0.364058 0.000000 0.000000 1.000000 1.000000
v -0.000000 2.500000 -0.450000 0.000000 0.000000 1.000000 1.000000
v -0.139058 16.836180 -0.427977 0.000000 0.000000 1.000000 1.000000
v -0.139058 19.109705 -0.427978 0.000000 0.000000 1.000000 1.000000
v -0.139057 2.500000 -0.427976 0.000000 0.000000 1.000000 1.000000
v -0.264503 18.177572 -0.364060 0.000000 0.000000 1.000000 1.000000
v -0.264503 19.109705 -0.364060 0.000000 0.000000 1.000000 1.000000
v -0.364059 18.052134 -0.264504 0.000000 0.000000 1.000000 1.000000
v -0.364058 19.109705 -0.264505 0.000000 0.000000 1.000000 1.000000
v -0.264503 17.229582 -0.364060 0.000000 0.000000 1.000000 1.000000
v -0.427976 17.013712 -0.139060 0.000000 0.000000 1.000000 1.000000
v -0.427975 19.109705 -0.139060 0.000000 0.000000 1.000000 1.000000
v -0.364058 16.807878 -0.264505 0.000000 0.000000 1.000000 1.000000
v -0.264503 16.723059 -0.364060 0.000000 0.000000 1.000000 1.000000
v -0.364058 15.877131 -0.264505 0.000000 0.000000 1.000000 1.000000
v -0.450000 16.749197 -0.000002 0.000000 0.000000 1.000000 1.000000
v -0.450000 19.109705 -0.000002 0.000000 0.000000 1.000000 1.000000
v -0.428025 19.109695 0.138899 0.000000 0.000000 1.000000 1.000000
v -0.450000 2.500000 -0.000000 0.000000 0.000000 1.000000 1.000000
v -0.427975 2.500000 -0.139058 0.000000 0.000000 1.000000 1.000000
v -0.427975 2.500000 0.139057 0.000000 0.000000 1.000000 1.000000
v -0.364058 13.441318 -0.264505 0.000000 0.000000 1.000000 1.000000
v -0.264503 13.441318 -0.364059 0.000000 0.000000 1.000000 1.000000
v -0.364058 12.599677 -0.264505 0.000000 0.000000 1.000000 1.000000
v -0.264503 12.599677 -0.364059 0.000000 0.000000 1.000000 1.000000
v -0.364058 11.758039 -0.264505 0.000000 0.000000 1.000000 1.000000
v -0.264503 11.758039 -0.364059 0.000000 0.000000 1.000000 1.000000
v -0.264503 10.916398 -0.364059 0.000000 0.000000 1.000000 1.000000
v -0.364058 10.916398 -0.264504 0.000000 0.000000 1.000000 1.000000
v -0.364058 10.074758 -0.264504 0.000000 0.000000 1.000000 1.000000
v -0.264503 10.074758 -0.364059 0.000000 0.000000 1.000000 1.000000
v -0.364058 9.233118 -0.264504 0.000000 0.000000 1.000000 1.000000
v -0.264503 9.233118 -0.364059 0.000000 0.000000 1.000000 1.000000
v -0.364058 8.391479 -0.264504 0.000000 0.000000 1.000000 1.000000
v -0.264503 8.391479 -0.364059 0.000000 0.000000 1.000000 1.000000
v -0.364058 7.549838 -0.264504 0.000000 0.000000 1.000000 1.000000
v -0.264503 7.549838 -0.364058 0.000000 0.000000 1.000000 1.000000
v -0.364058 6.708199 -0.264504 0.000000 0.000000 1.000000 1.000000
v -0.264503 6.708199 -0.364058 0.000000 0.000000 1.000000 1.000000
v -0.264503 5.866560 -0.364058 0.000000 0.000000 1.000000 1.000000
v -0.264502 2.500000 -0.364058 0.000000 0.000000 1.000000 1.000000
v -0.364058 5.866560 -0.264504 0.000000 0.000000 1.000000 1.000000
v -0.364058 5.024919 -0.264504 0.000000 0.000000 1.000000 1.000000
v -0.364058 2.500000 -0.264503 0.000000 0.000000 1.000000 1.000000
v -0.427975 16.807878 0.139056 0.000000 0.000000 1.000000 1.000000
v -0.364058 16.807878 0.264501 0.000000 0.000000 1.000000 1.000000
v -0.364058 17.777071 0.264500 0.000000 0.000000 1.000000 1.000000
v -0.364058 19.109705 0.264501 0.000000 0.000000 1.000000 1.000000
v -0.364058 15.966238 0.264501 0.000000 0.000000 1.000000 1.000000
v -0.264502 18.052135 0.364056 0.000000 0.000000 1.000000 1.000000
v -0.264503 19.109705 0.364055 0.000000 0.000000 1.000000 1.000000
v -0.264503 16.807878 0.364056 0.000000 0.000000 1.000000 1.000000
v -0.139057 16.924627 0.427973 0.000000 0.000000 1.000000 1.000000
v -0.139058 19.109705 0.427973 0.000000 0.000000 1.000000 1.000000
v 0.000003 19.109669 0.449996 0.000000 0.000000 1.000000 1.000000
v 0.000000 16.807878 0.449998 0.000000 0.000000 1.000000 1.000000
v -0.000001 2.500058 0.450000 0.000000 0.000000 1.000000 1.000000
v -0.139057 2.500000 0.427975 0.000000 0.000000 1.000000 1.000000
v -0.264503 15.966238 0.364056 0.000000 0.000000 1.000000 1.000000
v -0.264503 15.124598 0.364056 0.000000 0.000000 1.000000 1.000000
v -0.364058 15.124598 0.264501 0.000000 0.000000 1.000000 1.000000
v -0.264503 14.282957 0.364056 0.000000 0.000000 1.000000 1.000000
v -0.364058 14.282957 0.264501 0.000000 0.000000 1.000000 1.000000
v -0.264503 13.441318 0.364056 0.000000 0.000000 1.000000 1.000000
v -0.364058 13.441318 0.264502 0.000000 0.000000 1.000000 1.000000
v -0.264503 12.599677 0.364056 0.000000 0.000000 1.000000 1.000000
v -0.364058 12.599677 0.264502 0.000000 0.000000 1.000000 1.000000
v -0.264503 11.758039 0.364056 0.000000 0.000000 1.000000 1.000000
v -0.364058 11.758039 0.264502 0.000000 0.000000 1.000000 1.000000
v -0.264503 10.916398 0.364056 0.000000 0.000000 1.000000 1.000000
v -0.364058 10.916398 0.264502 0.000000 0.000000 1.000000 1.000000
v -0.264503 10.074758 0.364056 0.000000 0.000000 1.000000 1.000000
v -0.364058 10.074758 0.264502 0.000000 0.000000 1.000000 1.000000
v -0.264503 9.233118 0.364056 0.000000 0.000000 1.000000 1.000000
v -0.364058 9.233118 0.264502 0.000000 0.000000 1.000000 1.000000
v -0.264503 8.391479 0.364057 0.000000 0.000000 1.000000 1.000000
v -0.364058 8.391479 0.264502 0.000000 0.000000 1.000000 1.000000
v -0.264503 7.549838 0.364057 0.000000 0.000000 1.000000 1.000000
v -0.364058 7.549838 0.264502 0.000000 0.000000 1.000000 1.000000
v -0.264503 6.708199 0.364057 0.000000 0.000000 1.000000 1.000000
v -0.364058 6.708199 0.264502 0.000000 0.000000 1.000000 1.000000
v -0.364058 5.866560 0.264502 0.000000 0.000000 1.000000 1.000000
v -0.364058 2.500000 0.264502 0.000000 0.000000 1.000000 1.000000
v -0.264503 5.866560 0.364057 0.000000 0.000000 1.000000 1.000000
v -0.264503 5.024919 0.364057 0.000000 0.000000 1.000000 1.000000
v -0.264503 2.500000 0.364057 0.000000 0.000000 1.000000 1.000000
v -0.470714 2.500000 0.470714 0.000000 0.000000 1.000000 1.000000
v -0.219667 2.500000 0.219666 0.000000 0.000000 1.000000 1.000000
v -0.400011 2.500000 0.500000 0.000000 0.000000 1.000000 1.000000
v -0.500001 2.500000 0.400010 0.000000 0.000000 1.000000 1.000000
v -0.186672 2.500000 0.233333 0.000000 0.000000 1.000000 1.000000
v -0.233334 2.500000 0.186671 0.000000 0.000000 1.000000 1.000000
v 0.400009 2.500000 0.500000 0.000000 0.000000 1.000000 1.000000
v -0.233334 2.500000 -0.186671 0.000000 0.000000 1.000000 1.000000
v 0.186671 2.500000 0.233333 0.000000 0.000000 1.000000 1.000000
v -0.500001 2.500000 -0.400009 0.000000 0.000000 1.000000 1.000000
v 0.219666 2.500000 0.219666 0.000000 0.000000 1.000000 1.000000
v -0.219667 2.500000 -0.219666 0.000000 0.000000 1.000000 1.000000
v 0.470713 2.500000 0.470714 0.000000 0.000000 1.000000 1.000000
v -0.470714 2.500000 -0.470713 0.000000 0.000000 1.000000 1.000000
v 0.499999 2.500000 0.400010 0.000000 0.000000 1.000000 1.000000
v -0.400011 2.500000 -0.500000 0.000000 0.000000 1.000000 1.000000
v 0.233333 2.500000 0.186671 0.000000 0.000000 1.000000 1.000000
v -0.186672 2.500000 -0.233333 0.000000 0.000000 1.000000 1.000000
v 0.499999 2.500000 -0.400009 0.000000 0.000000 1.000000 1.000000
v 0.186671 2.500000 -0.233333 0.000000 0.000000 1.000000 1.000000
v 0.233333 2.500000 -0.186671 0.000000 0.000000 1.000000 1.000000
v 0.400009 2.500000 -0.500000 0.000000 0.000000 1.000000 1.000000
v 0.219666 2.500000 -0.219666 0.000000 0.000000 1.000000 1.000000
v 0.470713 2.500000 -0.470713 0.000000 0.000000 1.000000 1.000000
v -0.327238 19.473303 0.106323 0.000000 0.000000 1.000000 1.000000
v -0.234203 19.427790 -0.000002 0.000000 0.000000 1.000000 1.000000
v -0.344078 19.473303 -0.000002 0.000000 0.000000 1.000000 1.000000
v -0.445480 19.535442 -0.000002 0.000000 0.000000 1.000000 1.000000
v -0.222740 19.427790 0.072370 0.000000 0.000000 1.000000 1.000000
v -0.118561 19.400026 -0.000002 0.000000 0.000000 1.000000 1.000000
v -0.423677 19.535442 0.137659 0.000000 0.000000 1.000000 1.000000
v -0.104213 19.399897 0.056439 0.000000 0.000000 1.000000 1.000000
v 0.000000 19.390696 -0.000002 0.000000 0.000000 1.000000 1.000000
v -0.278365 19.473303 0.202241 0.000000 0.000000 1.000000 1.000000
v -0.189474 19.427790 0.137659 0.000000 0.000000 1.000000 1.000000
v -0.069689 19.400026 0.095916 0.000000 0.000000 1.000000 1.000000
v -0.137661 19.427790 0.189472 0.000000 0.000000 1.000000 1.000000
v -0.036638 19.400026 0.112756 0.000000 0.000000 1.000000 1.000000
v -0.360401 19.535442 0.261845 0.000000 0.000000 1.000000 1.000000
v -0.202244 19.473303 0.278363 0.000000 0.000000 1.000000 1.000000
v -0.072372 19.427790 0.222738 0.000000 0.000000 1.000000 1.000000
v 0.000000 19.400026 0.118559 0.000000 0.000000 1.000000 1.000000
v 0.051139 19.399897 0.106912 0.000000 0.000000 1.000000 1.000000
v 0.000000 19.427790 0.234201 0.000000 0.000000 1.000000 1.000000
v 0.101931 19.399874 0.061678 0.000000 0.000000 1.000000 1.000000
v 0.118561 19.400026 -0.000002 0.000000 0.000000 1.000000 1.000000
v 0.072372 19.427790 0.222738 0.000000 0.000000 1.000000 1.000000
v 0.137661 19.427790 0.189472 0.000000 0.000000 1.000000 1.000000
v 0.222740 19.427790 0.072370 0.000000 0.000000 1.000000 1.000000
v 0.234203 19.427790 -0.000002 0.000000 0.000000 1.000000 1.000000
v 0.344078 19.473303 -0.000002 0.000000 0.000000 1.000000 1.000000
v 0.189474 19.427790 0.137659 0.000000 0.000000 1.000000 1.000000
v 0.327238 19.473303 0.106323 0.000000 0.000000 1.000000 1.000000
v 0.445480 19.535442 -0.000002 0.000000 0.000000 1.000000 1.000000
v 0.202244 19.473303 0.278363 0.000000 0.000000 1.000000 1.000000
v 0.278365 19.473303 0.202241 0.000000 0.000000 1.000000 1.000000
v 0.423677 19.535442 0.137659 0.000000 0.000000 1.000000 1.000000
v 0.535914 19.612679 -0.000002 0.000000 0.000000 1.000000 1.000000
v 0.261847 19.535442 0.360399 0.000000 0.000000 1.000000 1.000000
v 0.509684 19.612679 0.165604 0.000000 0.000000 1.000000 1.000000
v 0.613151 19.703114 -0.000002 0.000000 0.000000 1.000000 1.000000
v 0.360401 19.535442 0.261845 0.000000 0.000000 1.000000 1.000000
v 0.433563 19.612679 0.315000 0.000000 0.000000 1.000000 1.000000
v 0.583141 19.703114 0.189471 0.000000 0.000000 1.000000 1.000000
v 0.675291 19.804514 -0.000002 0.000000 0.000000 1.000000 1.000000
v 0.315002 19.612679 0.433561 0.000000 0.000000 1.000000 1.000000
v 0.642240 19.804514 0.208674 0.000000 0.000000 1.000000 1.000000
v 0.720802 19.914392 -0.000002 0.000000 0.000000 1.000000 1.000000
v 0.496050 19.703114 0.360399 0.000000 0.000000 1.000000 1.000000
v 0.685524 19.914392 0.222738 0.000000 0.000000 1.000000 1.000000
v 0.748565 20.030031 -0.000002 0.000000 0.000000 1.000000 1.000000
v 0.546322 19.804514 0.396924 0.000000 0.000000 1.000000 1.000000
v 0.360401 19.703114 0.496047 0.000000 0.000000 1.000000 1.000000
v 0.396926 19.804514 0.546320 0.000000 0.000000 1.000000 1.000000
v 0.711928 20.030031 0.231317 0.000000 0.000000 1.000000 1.000000
v 0.757896 20.148592 -0.000002 0.000000 0.000000 1.000000 1.000000
v 0.583141 19.914392 0.423675 0.000000 0.000000 1.000000 1.000000
v 0.423677 19.914392 0.583139 0.000000 0.000000 1.000000 1.000000
v 0.720803 20.148592 0.234200 0.000000 0.000000 1.000000 1.000000
v 0.605602 20.030031 0.439993 0.000000 0.000000 1.000000 1.000000
v 0.439996 20.030031 0.605600 0.000000 0.000000 1.000000 1.000000
v 0.711928 20.267157 0.231317 0.000000 0.000000 1.000000 1.000000
v 0.748565 20.267157 -0.000002 0.000000 0.000000 1.000000 1.000000
v 0.613151 20.148592 0.445478 0.000000 0.000000 1.000000 1.000000
v 0.685524 20.382795 0.222738 0.000000 0.000000 1.000000 1.000000
v 0.720802 20.382795 -0.000002 0.000000 0.000000 1.000000 1.000000
v 0.605602 20.267157 0.439993 0.000000 0.000000 1.000000 1.000000
v 0.445480 20.148592 0.613149 0.000000 0.000000 1.000000 1.000000
v 0.583141 20.382795 0.423675 0.000000 0.000000 1.000000 1.000000
v 0.439996 20.267157 0.605600 0.000000 0.000000 1.000000 1.000000
v 0.234203 20.148592 0.720800 0.000000 0.000000 1.000000 1.000000
v 0.231320 20.030031 0.711926 0.000000 0.000000 1.000000 1.000000
v 0.231320 20.267157 0.711926 0.000000 0.000000 1.000000 1.000000
v 0.222740 19.914392 0.685521 0.000000 0.000000 1.000000 1.000000
v 0.000000 20.148592 0.757894 0.000000 0.000000 1.000000 1.000000
v 0.000000 20.030031 0.748563 0.000000 0.000000 1.000000 1.000000
v 0.208676 19.804514 0.642237 0.000000 0.000000 1.000000 1.000000
v 0.000000 19.914392 0.720800 0.000000 0.000000 1.000000 1.000000
v 0.189474 19.703114 0.583139 0.000000 0.000000 1.000000 1.000000
v 0.000000 19.804514 0.675288 0.000000 0.000000 1.000000 1.000000
v -0.222740 19.914392 0.685521 0.000000 0.000000 1.000000 1.000000
v 0.165607 19.612679 0.509682 0.000000 0.000000 1.000000 1.000000
v -0.231320 20.030031 0.711926 0.000000 0.000000 1.000000 1.000000
v 0.000000 19.703114 0.613149 0.000000 0.000000 1.000000 1.000000
v 0.137661 19.535442 0.423675 0.000000 0.000000 1.000000 1.000000
v 0.000000 19.612679 0.535911 0.000000 0.000000 1.000000 1.000000
v 0.106326 19.473303 0.327235 0.000000 0.000000 1.000000 1.000000
v 0.000000 19.535442 0.445478 0.000000 0.000000 1.000000 1.000000
v 0.000000 19.473303 0.344075 0.000000 0.000000 1.000000 1.000000
v -0.106326 19.473303 0.327235 0.000000 0.000000 1.000000 1.000000
v -0.137661 19.535442 0.423674 0.000000 0.000000 1.000000 1.000000
v -0.165607 19.612679 0.509682 0.000000 0.000000 1.000000 1.000000
v -0.261847 19.535442 0.360399 0.000000 0.000000 1.000000 1.000000
v -0.315002 19.612679 0.433561 0.000000 0.000000 1.000000 1.000000
v -0.189474 19.703114 0.583139 0.000000 0.000000 1.000000 1.000000
v -0.433563 19.612679 0.315000 0.000000 0.000000 1.000000 1.000000
v -0.208676 19.804514 0.642237 0.000000 0.000000 1.000000 1.000000
v -0.360401 19.703114 0.496047 0.000000 0.000000 1.000000 1.000000
v -0.496050 19.703114 0.360399 0.000000 0.000000 1.000000 1.000000
v -0.396926 19.804514 0.546319 0.000000 0.000000 1.000000 1.000000
v -0.423677 19.914392 0.583139 0.000000 0.000000 1.000000 1.000000
v -0.546322 19.804514 0.396923 0.000000 0.000000 1.000000 1.000000
v -0.583141 19.703114 0.189471 0.000000 0.000000 1.000000 1.000000
v -0.642240 19.804514 0.208674 0.000000 0.000000 1.000000 1.000000
v -0.583141 19.914392 0.423674 0.000000 0.000000 1.000000 1.000000
v -0.675291 19.804514 -0.000002 0.000000 0.000000 1.000000 1.000000
v -0.613151 19.703114 -0.000002 0.000000 0.000000 1.000000 1.000000
v -0.720802 19.914392 -0.000002 0.000000 0.000000 1.000000 1.000000
v -0.509684 19.612679 0.165604 0.000000 0.000000 1.000000 1.000000
v -0.535914 19.612679 -0.000002 0.000000 0.000000 1.000000 1.000000
v -0.685524 19.914392 0.222737 0.000000 0.000000 1.000000 1.000000
v -0.748566 20.030031 -0.000002 0.000000 0.000000 1.000000 1.000000
v -0.711928 20.030031 0.231317 0.000000 0.000000 1.000000 1.000000
v -0.757897 20.148592 -0.000002 0.000000 0.000000 1.000000 1.000000
v -0.605602 20.030031 0.439993 0.000000 0.000000 1.000000 1.000000
v -0.720802 20.148592 0.234200 0.000000 0.000000 1.000000 1.000000
v -0.439996 20.030031 0.605600 0.000000 0.000000 1.000000 1.000000
v -0.613151 20.148592 0.445478 0.000000 0.000000 1.000000 1.000000
v -0.711928 20.267157 0.231317 0.000000 0.000000 1.000000 1.000000
v -0.748566 20.267157 -0.000002 0.000000 0.000000 1.000000 1.000000
v -0.605602 20.267157 0.439993 0.000000 0.000000 1.000000 1.000000
v -0.445480 20.148592 0.613149 0.000000 0.000000 1.000000 1.000000
v -0.234203 20.148592 0.720800 0.000000 0.000000 1.000000 1.000000
v -0.439996 20.267157 0.605600 0.000000 0.000000 1.000000 1.000000
v -0.231320 20.267157 0.711926 0.000000 0.000000 1.000000 1.000000
v 0.000000 20.267157 0.748563 0.000000 0.000000 1.000000 1.000000
v -0.423677 20.382795 0.583139 0.000000 0.000000 1.000000 1.000000
v -0.222740 20.382795 0.685521 0.000000 0.000000 1.000000 1.000000
v -0.583141 20.382795 0.423674 0.000000 0.000000 1.000000 1.000000
v -0.685524 20.382795 0.222737 0.000000 0.000000 1.000000 1.000000
v -0.720802 20.382795 -0.000002 0.000000 0.000000 1.000000 1.000000
v -0.546322 20.492670 0.396923 0.000000 0.000000 1.000000 1.000000
v -0.642240 20.492670 0.208674 0.000000 0.000000 1.000000 1.000000
v -0.675291 20.492670 -0.000002 0.000000 0.000000 1.000000 1.000000
v -0.396926 20.492670 0.546319 0.000000 0.000000 1.000000 1.000000
v -0.496050 20.594074 0.360399 0.000000 0.000000 1.000000 1.000000
v -0.583141 20.594074 0.189471 0.000000 0.000000 1.000000 1.000000
v -0.613151 20.594074 -0.000002 0.000000 0.000000 1.000000 1.000000
v -0.360401 20.594074 0.496047 0.000000 0.000000 1.000000 1.000000
v -0.509684 20.684507 0.165604 0.000000 0.000000 1.000000 1.000000
v -0.535914 20.684507 -0.000002 0.000000 0.000000 1.000000 1.000000
v -0.433563 20.684507 0.315000 0.000000 0.000000 1.000000 1.000000
v -0.445480 20.761745 -0.000002 0.000000 0.000000 1.000000 1.000000
v -0.208676 20.492670 0.642237 0.000000 0.000000 1.000000 1.000000
v -0.423677 20.761745 0.137659 0.000000 0.000000 1.000000 1.000000
v 0.000000 20.382795 0.720800 0.000000 0.000000 1.000000 1.000000
v -0.360401 20.761745 0.261844 0.000000 0.000000 1.000000 1.000000
v -0.327238 20.823885 0.106323 0.000000 0.000000 1.000000 1.000000
v -0.344078 20.823885 -0.000002 0.000000 0.000000 1.000000 1.000000
v -0.234203 20.869396 -0.000002 0.000000 0.000000 1.000000 1.000000
v -0.278365 20.823885 0.202241 0.000000 0.000000 1.000000 1.000000
v -0.222740 20.869396 0.072370 0.000000 0.000000 1.000000 1.000000
v -0.118561 20.897158 -0.000002 0.000000 0.000000 1.000000 1.000000
v -0.261847 20.761745 0.360399 0.000000 0.000000 1.000000 1.000000
v -0.101933 20.897312 0.061672 0.000000 0.000000 1.000000 1.000000
v 0.000000 20.906488 -0.000002 0.000000 0.000000 1.000000 1.000000
v -0.189474 20.869396 0.137659 0.000000 0.000000 1.000000 1.000000
v -0.202244 20.823885 0.278362 0.000000 0.000000 1.000000 1.000000
v -0.137661 20.869396 0.189471 0.000000 0.000000 1.000000 1.000000
v -0.051137 20.897287 0.106914 0.000000 0.000000 1.000000 1.000000
v -0.072372 20.869396 0.222738 0.000000 0.000000 1.000000 1.000000
v -0.137661 20.761745 0.423674 0.000000 0.000000 1.000000 1.000000
v 0.000000 20.897158 0.118559 0.000000 0.000000 1.000000 1.000000
v -0.315002 20.684507 0.433561 0.000000 0.000000 1.000000 1.000000
v -0.106326 20.823885 0.327235 0.000000 0.000000 1.000000 1.000000
v -0.189474 20.594074 0.583139 0.000000 0.000000 1.000000 1.000000
v -0.165607 20.684507 0.509682 0.000000 0.000000 1.000000 1.000000
v 0.000000 20.492670 0.675288 0.000000 0.000000 1.000000 1.000000
v 0.000000 20.594074 0.613149 0.000000 0.000000 1.000000 1.000000
v 0.000000 20.761745 0.445478 0.000000 0.000000 1.000000 1.000000
v 0.000000 20.684507 0.535911 0.000000 0.000000 1.000000 1.000000
v 0.189474 20.594074 0.583139 0.000000 0.000000 1.000000 1.000000
v 0.165607 20.684507 0.509682 0.000000 0.000000 1.000000 1.000000
v 0.137661 20.761745 0.423675 0.000000 0.000000 1.000000 1.000000
v 0.315002 20.684507 0.433561 0.000000 0.000000 1.000000 1.000000
v 0.208676 20.492670 0.642237 0.000000 0.000000 1.000000 1.000000
v 0.360401 20.594074 0.496047 0.000000 0.000000 1.000000 1.000000
v 0.222740 20.382795 0.685521 0.000000 0.000000 1.000000 1.000000
v 0.396926 20.492670 0.546319 0.000000 0.000000 1.000000 1.000000
v 0.423677 20.382795 0.583139 0.000000 0.000000 1.000000 1.000000
v 0.546322 20.492670 0.396924 0.000000 0.000000 1.000000 1.000000
v 0.496050 20.594074 0.360399 0.000000 0.000000 1.000000 1.000000
v 0.642240 20.492670 0.208674 0.000000 0.000000 1.000000 1.000000
v 0.675291 20.492670 -0.000002 0.000000 0.000000 1.000000 1.000000
v 0.583141 20.594074 0.189471 0.000000 0.000000 1.000000 1.000000
v 0.613151 20.594074 -0.000002 0.000000 0.000000 1.000000 1.000000
v 0.433563 20.684507 0.315000 0.000000 0.000000 1.000000 1.000000
v 0.509684 20.684507 0.165604 0.000000 0.000000 1.000000 1.000000
v 0.535914 20.684507 -0.000002 0.000000 0.000000 1.000000 1.000000
v 0.261847 20.761745 0.360399 0.000000 0.000000 1.000000 1.000000
v 0.423677 20.761745 0.137659 0.000000 0.000000 1.000000 1.000000
v 0.445480 20.761745 -0.000002 0.000000 0.000000 1.000000 1.000000
v 0.360401 20.761745 0.261844 0.000000 0.000000 1.000000 1.000000
v 0.327238 20.823885 0.106323 0.000000 0.000000 1.000000 1.000000
v 0.344078 20.823885 -0.000002 0.000000 0.000000 1.000000 1.000000
v 0.278365 20.823885 0.202241 0.000000 0.000000 1.000000 1.000000
v 0.202244 20.823885 0.278362 0.000000 0.000000 1.000000 1.000000
v 0.189474 20.869396 0.137659 0.000000 0.000000 1.000000 1.000000
v 0.222740 20.869396 0.072370 0.000000 0.000000 1.000000 1.000000
v 0.234203 20.869396 -0.000002 0.000000 0.000000 1.000000 1.000000
v 0.118561 20.897158 -0.000002 0.000000 0.000000 1.000000 1.000000
v 0.101933 20.897312 0.061672 0.000000 0.000000 1.000000 1.000000
v 0.137661 20.869396 0.189471 0.000000 0.000000 1.000000 1.000000
v 0.051137 20.897287 0.106914 0.000000 0.000000 1.000000 1.000000
v 0.072372 20.869396 0.222738 0.000000 0.000000 1.000000 1.000000
v 0.000000 20.869396 0.234200 0.000000 0.000000 1.000000 1.000000
v 0.106326 20.823885 0.327235 0.000000 0.000000 1.000000 1.000000
v 0.000000 20.823885 0.344075 0.000000 0.000000 1.000000 1.000000
v -0.234203 19.427790 -0.000002 0.000000 0.000000 1.000000 1.000000
v -0.327238 19.473303 -0.106328 0.000000 0.000000 1.000000 1.000000
v -0.344078 19.473303 -0.000002 0.000000 0.000000 1.000000 1.000000
v -0.445480 19.535442 -0.000002 0.000000 0.000000 1.000000 1.000000
v -0.222740 19.427790 -0.072375 0.000000 0.000000 1.000000 1.000000
v -0.118561 19.400026 -0.000002 0.000000 0.000000 1.000000 1.000000
v -0.423677 19.535442 -0.137663 0.000000 0.000000 1.000000 1.000000
v -0.102290 19.399895 -0.061192 0.000000 0.000000 1.000000 1.000000
v 0.000000 19.390696 -0.000002 0.000000 0.000000 1.000000 1.000000
v -0.278365 19.473303 -0.202246 0.000000 0.000000 1.000000 1.000000
v -0.189474 19.427790 -0.137663 0.000000 0.000000 1.000000 1.000000
v -0.137661 19.427790 -0.189476 0.000000 0.000000 1.000000 1.000000
v -0.202244 19.473303 -0.278367 0.000000 0.000000 1.000000 1.000000
v -0.056445 19.399897 -0.104214 0.000000 0.000000 1.000000 1.000000
v -0.072372 19.427790 -0.222742 0.000000 0.000000 1.000000 1.000000
v 0.000000 19.400026 -0.118564 0.000000 0.000000 1.000000 1.000000
v -0.261847 19.535442 -0.360403 0.000000 0.000000 1.000000 1.000000
v 0.000000 19.427790 -0.234205 0.000000 0.000000 1.000000 1.000000
v -0.360401 19.535442 -0.261849 0.000000 0.000000 1.000000 1.000000
v -0.106326 19.473303 -0.327240 0.000000 0.000000 1.000000 1.000000
v -0.137661 19.535442 -0.423679 0.000000 0.000000 1.000000 1.000000
v -0.315002 19.612679 -0.433565 0.000000 0.000000 1.000000 1.000000
v -0.433563 19.612679 -0.315004 0.000000 0.000000 1.000000 1.000000
v -0.509684 19.612679 -0.165609 0.000000 0.000000 1.000000 1.000000
v -0.535914 19.612679 -0.000002 0.000000 0.000000 1.000000 1.000000
v -0.613151 19.703114 -0.000002 0.000000 0.000000 1.000000 1.000000
v -0.583141 19.703114 -0.189476 0.000000 0.000000 1.000000 1.000000
v -0.675291 19.804514 -0.000002 0.000000 0.000000 1.000000 1.000000
v -0.642240 19.804514 -0.208678 0.000000 0.000000 1.000000 1.000000
v -0.720802 19.914392 -0.000002 0.000000 0.000000 1.000000 1.000000
v -0.496050 19.703114 -0.360403 0.000000 0.000000 1.000000 1.000000
v -0.685524 19.914392 -0.222742 0.000000 0.000000 1.000000 1.000000
v -0.748566 20.030031 -0.000002 0.000000 0.000000 1.000000 1.000000
v -0.546322 19.804514 -0.396928 0.000000 0.000000 1.000000 1.000000
v -0.360401 19.703114 -0.496052 0.000000 0.000000 1.000000 1.000000
v -0.396926 19.804514 -0.546324 0.000000 0.000000 1.000000 1.000000
v -0.711928 20.030031 -0.231322 0.000000 0.000000 1.000000 1.000000
v -0.757897 20.148592 -0.000002 0.000000 0.000000 1.000000 1.000000
v -0.583141 19.914392 -0.423679 0.000000 0.000000 1.000000 1.000000
v -0.423677 19.914392 -0.583144 0.000000 0.000000 1.000000 1.000000
v -0.720802 20.148592 -0.234205 0.000000 0.000000 1.000000 1.000000
v -0.605602 20.030031 -0.439998 0.000000 0.000000 1.000000 1.000000
v -0.439996 20.030031 -0.605604 0.000000 0.000000 1.000000 1.000000
v -0.613151 20.148592 -0.445483 0.000000 0.000000 1.000000 1.000000
v -0.711928 20.267157 -0.231322 0.000000 0.000000 1.000000 1.000000
v -0.748566 20.267157 -0.000002 0.000000 0.000000 1.000000 1.000000
v -0.605602 20.267157 -0.439998 0.000000 0.000000 1.000000 1.000000
v -0.685524 20.382795 -0.222742 0.000000 0.000000 1.000000 1.000000
v -0.720802 20.382795 -0.000002 0.000000 0.000000 1.000000 1.000000
v -0.583141 20.382795 -0.423679 0.000000 0.000000 1.000000 1.000000
v -0.439996 20.267157 -0.605604 0.000000 0.000000 1.000000 1.000000
v -0.642240 20.492670 -0.208679 0.000000 0.000000 1.000000 1.000000
v -0.675291 20.492670 -0.000002 0.000000 0.000000 1.000000 1.000000
v -0.546322 20.492670 -0.396928 0.000000 0.000000 1.000000 1.000000
v -0.583141 20.594074 -0.189476 0.000000 0.000000 1.000000 1.000000
v -0.613151 20.594074 -0.000002 0.000000 0.000000 1.000000 1.000000
v -0.496050 20.594074 -0.360403 0.000000 0.000000 1.000000 1.000000
v -0.423677 20.382795 -0.583144 0.000000 0.000000 1.000000 1.000000
v -0.396926 20.492670 -0.546324 0.000000 0.000000 1.000000 1.000000
v -0.509684 20.684507 -0.165609 0.000000 0.000000 1.000000 1.000000
v -0.535914 20.684507 -0.000002 0.000000 0.000000 1.000000 1.000000
v -0.445480 20.761745 -0.000002 0.000000 0.000000 1.000000 1.000000
v -0.433563 20.684507 -0.315004 0.000000 0.000000 1.000000 1.000000
v -0.423677 20.761745 -0.137664 0.000000 0.000000 1.000000 1.000000
v -0.327238 20.823885 -0.106328 0.000000 0.000000 1.000000 1.000000
v -0.344078 20.823885 -0.000002 0.000000 0.000000 1.000000 1.000000
v -0.234203 20.869396 -0.000002 0.000000 0.000000 1.000000 1.000000
v -0.360401 20.761745 -0.261849 0.000000 0.000000 1.000000 1.000000
v -0.222740 20.869396 -0.072375 0.000000 0.000000 1.000000 1.000000
v -0.118561 20.897158 -0.000002 0.000000 0.000000 1.000000 1.000000
v -0.278365 20.823885 -0.202246 0.000000 0.000000 1.000000 1.000000
v -0.104214 20.897289 -0.056441 0.000000 0.000000 1.000000 1.000000
v 0.000000 20.906488 -0.000002 0.000000 0.000000 1.000000 1.000000
v -0.189474 20.869396 -0.137664 0.000000 0.000000 1.000000 1.000000
v -0.137661 20.869396 -0.189476 0.000000 0.000000 1.000000 1.000000
v -0.061190 20.897289 -0.102293 0.000000 0.000000 1.000000 1.000000
v -0.202244 20.823885 -0.278367 0.000000 0.000000 1.000000 1.000000
v -0.072372 20.869396 -0.222742 0.000000 0.000000 1.000000 1.000000
v 0.000000 20.897158 -0.118564 0.000000 0.000000 1.000000 1.000000
v -0.261847 20.761745 -0.360403 0.000000 0.000000 1.000000 1.000000
v -0.106326 20.823885 -0.327240 0.000000 0.000000 1.000000 1.000000
v -0.315002 20.684507 -0.433566 0.000000 0.000000 1.000000 1.000000
v -0.137661 20.761745 -0.423679 0.000000 0.000000 1.000000 1.000000
v -0.360401 20.594074 -0.496052 0.000000 0.000000 1.000000 1.000000
v -0.165607 20.684507 -0.509686 0.000000 0.000000 1.000000 1.000000
v -0.189474 20.594074 -0.583144 0.000000 0.000000 1.000000 1.000000
v -0.208676 20.492670 -0.642242 0.000000 0.000000 1.000000 1.000000
v -0.222740 20.382795 -0.685526 0.000000 0.000000 1.000000 1.000000
v 0.000000 20.492670 -0.675293 0.000000 0.000000 1.000000 1.000000
v -0.231320 20.267157 -0.711930 0.000000 0.000000 1.000000 1.000000
v 0.000000 20.382795 -0.720804 0.000000 0.000000 1.000000 1.000000
v 0.000000 20.267157 -0.748567 0.000000 0.000000 1.000000 1.000000
v -0.234203 20.148592 -0.720804 0.000000 0.000000 1.000000 1.000000
v 0.000000 20.148592 -0.757898 0.000000 0.000000 1.000000 1.000000
v -0.445480 20.148592 -0.613154 0.000000 0.000000 1.000000 1.000000
v -0.231320 20.030031 -0.711930 0.000000 0.000000 1.000000 1.000000
v -0.222740 19.914392 -0.685526 0.000000 0.000000 1.000000 1.000000
v 0.000000 20.030031 -0.748567 0.000000 0.000000 1.000000 1.000000
v -0.208676 19.804514 -0.642242 0.000000 0.000000 1.000000 1.000000
v 0.000000 19.914392 -0.720804 0.000000 0.000000 1.000000 1.000000
v -0.189474 19.703114 -0.583144 0.000000 0.000000 1.000000 1.000000
v 0.000000 19.804514 -0.675293 0.000000 0.000000 1.000000 1.000000
v -0.165607 19.612679 -0.509686 0.000000 0.000000 1.000000 1.000000
v 0.000000 19.703114 -0.613154 0.000000 0.000000 1.000000 1.000000
v 0.208676 19.804514 -0.642242 0.000000 0.000000 1.000000 1.000000
v 0.000000 19.612679 -0.535916 0.000000 0.000000 1.000000 1.000000
v 0.222740 19.914392 -0.685526 0.000000 0.000000 1.000000 1.000000
v 0.189474 19.703114 -0.583144 0.000000 0.000000 1.000000 1.000000
v 0.165606 19.612679 -0.509686 0.000000 0.000000 1.000000 1.000000
v 0.000000 19.535442 -0.445483 0.000000 0.000000 1.000000 1.000000
v 0.000000 19.473303 -0.344080 0.000000 0.000000 1.000000 1.000000
v 0.106326 19.473303 -0.327240 0.000000 0.000000 1.000000 1.000000
v 0.137661 19.535442 -0.423679 0.000000 0.000000 1.000000 1.000000
v 0.072372 19.427790 -0.222742 0.000000 0.000000 1.000000 1.000000
v 0.202244 19.473303 -0.278367 0.000000 0.000000 1.000000 1.000000
v 0.315002 19.612679 -0.433565 0.000000 0.000000 1.000000 1.000000
v 0.261847 19.535442 -0.360403 0.000000 0.000000 1.000000 1.000000
v 0.360401 19.703114 -0.496052 0.000000 0.000000 1.000000 1.000000
v 0.433563 19.612679 -0.315004 0.000000 0.000000 1.000000 1.000000
v 0.396926 19.804514 -0.546324 0.000000 0.000000 1.000000 1.000000
v 0.496050 19.703114 -0.360403 0.000000 0.000000 1.000000 1.000000
v 0.423677 19.914392 -0.583144 0.000000 0.000000 1.000000 1.000000
v 0.546321 19.804514 -0.396928 0.000000 0.000000 1.000000 1.000000
v 0.231320 20.030031 -0.711930 0.000000 0.000000 1.000000 1.000000
v 0.583141 19.914392 -0.423679 0.000000 0.000000 1.000000 1.000000
v 0.439996 20.030031 -0.605604 0.000000 0.000000 1.000000 1.000000
v 0.234203 20.148592 -0.720804 0.000000 0.000000 1.000000 1.000000
v 0.231320 20.267157 -0.711930 0.000000 0.000000 1.000000 1.000000
v 0.445480 20.148592 -0.613154 0.000000 0.000000 1.000000 1.000000
v 0.222740 20.382795 -0.685526 0.000000 0.000000 1.000000 1.000000
v 0.439996 20.267157 -0.605604 0.000000 0.000000 1.000000 1.000000
v 0.423677 20.382795 -0.583144 0.000000 0.000000 1.000000 1.000000
v 0.208676 20.492670 -0.642242 0.000000 0.000000 1.000000 1.000000
v 0.396926 20.492670 -0.546324 0.000000 0.000000 1.000000 1.000000
v 0.189474 20.594074 -0.583144 0.000000 0.000000 1.000000 1.000000
v 0.360401 20.594074 -0.496052 0.000000 0.000000 1.000000 1.000000
v 0.546321 20.492670 -0.396928 0.000000 0.000000 1.000000 1.000000
v 0.000000 20.594074 -0.613154 0.000000 0.000000 1.000000 1.000000
v 0.496050 20.594074 -0.360403 0.000000 0.000000 1.000000 1.000000
v 0.000000 20.684507 -0.535916 0.000000 0.000000 1.000000 1.000000
v 0.165606 20.684507 -0.509686 0.000000 0.000000 1.000000 1.000000
v 0.000000 20.761745 -0.445483 0.000000 0.000000 1.000000 1.000000
v 0.315002 20.684507 -0.433566 0.000000 0.000000 1.000000 1.000000
v 0.137661 20.761745 -0.423679 0.000000 0.000000 1.000000 1.000000
v 0.000000 20.823885 -0.344080 0.000000 0.000000 1.000000 1.000000
v 0.433563 20.684507 -0.315004 0.000000 0.000000 1.000000 1.000000
v 0.000000 20.869396 -0.234205 0.000000 0.000000 1.000000 1.000000
v 0.106326 20.823885 -0.327240 0.000000 0.000000 1.000000 1.000000
v 0.072372 20.869396 -0.222742 0.000000 0.000000 1.000000 1.000000
v 0.056443 20.897289 -0.104215 0.000000 0.000000 1.000000 1.000000
v 0.202244 20.823885 -0.278367 0.000000 0.000000 1.000000 1.000000
v 0.137661 20.869396 -0.189476 0.000000 0.000000 1.000000 1.000000
v 0.102292 20.897289 -0.061188 0.000000 0.000000 1.000000 1.000000
v 0.118561 20.897158 -0.000002 0.000000 0.000000 1.000000 1.000000
v 0.189474 20.869396 -0.137664 0.000000 0.000000 1.000000 1.000000
v 0.222740 20.869396 -0.072375 0.000000 0.000000 1.000000 1.000000
v 0.234203 20.869396 -0.000002 0.000000 0.000000 1.000000 1.000000
v 0.278365 20.823885 -0.202246 0.000000 0.000000 1.000000 1.000000
v 0.327238 20.823885 -0.106328 0.000000 0.000000 1.000000 1.000000
v 0.344078 20.823885 -0.000002 0.000000 0.000000 1.000000 1.000000
v 0.445480 20.761745 -0.000002 0.000000 0.000000 1.000000 1.000000
v 0.261847 20.761745 -0.360403 0.000000 0.000000 1.000000 1.000000
v 0.423677 20.761745 -0.137664 0.000000 0.000000 1.000000 1.000000
v 0.360401 20.761745 -0.261849 0.000000 0.000000 1.000000 1.000000
v 0.509684 20.684507 -0.165609 0.000000 0.000000 1.000000 1.000000
v 0.535914 20.684507 -0.000002 0.000000 0.000000 1.000000 1.000000
v 0.613151 20.594074 -0.000002 0.000000 0.000000 1.000000 1.000000
v 0.583141 20.594074 -0.189476 0.000000 0.000000 1.000000 1.000000
v 0.675291 20.492670 -0.000002 0.000000 0.000000 1.000000 1.000000
v 0.642239 20.492670 -0.208679 0.000000 0.000000 1.000000 1.000000
v 0.720802 20.382795 -0.000002 0.000000 0.000000 1.000000 1.000000
v 0.685524 20.382795 -0.222742 0.000000 0.000000 1.000000 1.000000
v 0.748565 20.267157 -0.000002 0.000000 0.000000 1.000000 1.000000
v 0.583141 20.382795 -0.423679 0.000000 0.000000 1.000000 1.000000
v 0.711928 20.267157 -0.231322 0.000000 0.000000 1.000000 1.000000
v 0.757896 20.148592 -0.000002 0.000000 0.000000 1.000000 1.000000
v 0.605602 20.267157 -0.439998 0.000000 0.000000 1.000000 1.000000
v 0.613151 20.148592 -0.445483 0.000000 0.000000 1.000000 1.000000
v 0.720802 20.148592 -0.234205 0.000000 0.000000 1.000000 1.000000
v 0.605602 20.030031 -0.439998 0.000000 0.000000 1.000000 1.000000
v 0.711928 20.030031 -0.231322 0.000000 0.000000 1.000000 1.000000
v 0.748565 20.030031 -0.000002 0.000000 0.000000 1.000000 1.000000
v 0.685524 19.914392 -0.222742 0.000000 0.000000 1.000000 1.000000
v 0.720802 19.914392 -0.000002 0.000000 0.000000 1.000000 1.000000
v 0.642239 19.804514 -0.208678 0.000000 0.000000 1.000000 1.000000
v 0.675291 19.804514 -0.000002 0.000000 0.000000 1.000000 1.000000
v 0.583141 19.703114 -0.189476 0.000000 0.000000 1.000000 1.000000
v 0.613151 19.703114 -0.000002 0.000000 0.000000 1.000000 1.000000
v 0.509684 19.612679 -0.165609 0.000000 0.000000 1.000000 1.000000
v 0.535914 19.612679 -0.000002 0.000000 0.000000 1.000000 1.000000
v 0.445480 19.535442 -0.000002 0.000000 0.000000 1.000000 1.000000
v 0.423677 19.535442 -0.137663 0.000000 0.000000 1.000000 1.000000
v 0.360401 19.535442 -0.261849 0.000000 0.000000 1.000000 1.000000
v 0.327238 19.473303 -0.106328 0.000000 0.000000 1.000000 1.000000
v 0.344078 19.473303 -0.000002 0.000000 0.000000 1.000000 1.000000
v 0.234203 19.427790 -0.000002 0.000000 0.000000 1.000000 1.000000
v 0.278365 19.473303 -0.202246 0.000000 0.000000 1.000000 1.000000
v 0.222740 19.427790 -0.072375 0.000000 0.000000 1.000000 1.000000
v 0.118561 19.400026 -0.000002 0.000000 0.000000 1.000000 1.000000
v 0.137661 19.427790 -0.189476 0.000000 0.000000 1.000000 1.000000
v 0.189474 19.427790 -0.137663 0.000000 0.000000 1.000000 1.000000
v 0.104213 19.399897 -0.056444 0.000000 0.000000 1.000000 1.000000
v 0.061191 19.399895 -0.102291 0.000000 0.000000 1.000000 1.000000
v 0.427975 19.390696 0.139055 0.000000 0.000000 1.000000 1.000000
v 0.364058 19.390696 0.264501 0.000000 0.000000 1.000000 1.000000
v 0.000000 19.390696 -0.000002 0.000000 0.000000 1.000000 1.000000
v 0.450000 19.390696 -0.000002 0.000000 0.000000 1.000000 1.000000
v 0.264504 19.390696 0.364055 0.000000 0.000000 1.000000 1.000000
v 0.427975 19.390696 -0.139060 0.000000 0.000000 1.000000 1.000000
v 0.139058 19.390696 0.427973 0.000000 0.000000 1.000000 1.000000
v 0.364058 19.390696 -0.264505 0.000000 0.000000 1.000000 1.000000
v 0.000000 19.390696 0.449998 0.000000 0.000000 1.000000 1.000000
v 0.264503 19.390696 -0.364060 0.000000 0.000000 1.000000 1.000000
v -0.139058 19.390696 0.427973 0.000000 0.000000 1.000000 1.000000
v 0.139058 19.390696 -0.427978 0.000000 0.000000 1.000000 1.000000
v -0.264503 19.390696 0.364055 0.000000 0.000000 1.000000 1.000000
v 0.000000 19.390696 -0.450002 0.000000 0.000000 1.000000 1.000000
v -0.364058 19.390696 0.264501 0.000000 0.000000 1.000000 1.000000
v -0.139058 19.390696 -0.427978 0.000000 0.000000 1.000000 1.000000
v -0.427975 19.390696 0.139055 0.000000 0.000000 1.000000 1.000000
v -0.264503 19.390696 -0.364060 0.000000 0.000000 1.000000 1.000000
v -0.450000 19.390696 -0.000002 0.000000 0.000000 1.000000 1.000000
v -0.364058 19.390696 -0.264505 0.000000 0.000000 1.000000 1.000000
v -0.427975 19.390696 -0.139060 0.000000 0.000000 1.000000 1.000000
v -0.470714 2.003227 -0.470713 0.000000 0.000000 1.000000 1.000000
v -0.500001 -0.000000 -0.400009 0.000000 0.000000 1.000000 1.000000
v -0.470708 0.000003 -0.470718 0.000000 0.000000 1.000000 1.000000
v -0.500001 2.003227 -0.400009 0.000000 0.000000 1.000000 1.000000
v -0.500001 0.000000 0.400010 0.000000 0.000000 1.000000 1.000000
v -0.500001 2.003227 0.400010 0.000000 0.000000 1.000000 1.000000
v -0.470719 0.000003 0.470708 0.000000 0.000000 1.000000 1.000000
v -0.470714 2.003227 0.470714 0.000000 0.000000 1.000000 1.000000
v -0.470714 2.003227 0.470714 0.000000 0.000000 1.000000 1.000000
v -0.400011 0.000000 0.500001 0.000000 0.000000 1.000000 1.000000
v -0.470719 0.000003 0.470708 0.000000 0.000000 1.000000 1.000000
v -0.400011 2.003227 0.500000 0.000000 0.000000 1.000000 1.000000
v 0.400009 0.000000 0.500001 0.000000 0.000000 1.000000 1.000000
v 0.400009 2.003227 0.500000 0.000000 0.000000 1.000000 1.000000
v 0.470707 0.000003 0.470719 0.000000 0.000000 1.000000 1.000000
v 0.470713 2.003227 0.470714 0.000000 0.000000 1.000000 1.000000
v 0.470713 2.003227 -0.470713 0.000000 0.000000 1.000000 1.000000
v 0.400009 -0.000000 -0.499999 0.000000 0.000000 1.000000 1.000000
v 0.470718 0.000002 -0.470707 0.000000 0.000000 1.000000 1.000000
v 0.400009 2.003227 -0.500000 0.000000 0.000000 1.000000 1.000000
v -0.400011 2.003227 -0.500000 0.000000 0.000000 1.000000 1.000000
v -0.400011 -0.000000 -0.499999 0.000000 0.000000 1.000000 1.000000
v -0.470708 0.000003 -0.470718 0.000000 0.000000 1.000000 1.000000
v -0.470714 2.003227 -0.470713 0.000000 0.000000 1.000000 1.000000
v 0.470707 0.000003 0.470719 0.000000 0.000000 1.000000 1.000000
v 0.470713 2.003227 0.470714 0.000000 0.000000 1.000000 1.000000
v 0.499999 0.000000 0.400010 0.000000 0.000000 1.000000 1.000000
v 0.499999 2.003227 0.400010 0.000000 0.000000 1.000000 1.000000
v 0.499999 2.003227 -0.400009 0.000000 0.000000 1.000000 1.000000
v 0.499999 -0.000000 -0.400009 0.000000 0.000000 1.000000 1.000000
v 0.470718 0.000002 -0.470707 0.000000 0.000000 1.000000 1.000000
v 0.470713 2.003227 -0.470713 0.000000 0.000000 1.000000 1.000000
v -0.613926 2.452791 0.613925 0.000000 0.000000 1.000000 1.000000
v -0.613926 2.050436 0.613925 0.000000 0.000000 1.000000 1.000000
v -0.643212 2.452791 0.543222 0.000000 0.000000 1.000000 1.000000
v -0.643212 2.050436 0.543222 0.000000 0.000000 1.000000 1.000000
v -0.643212 2.050436 -0.543221 0.000000 0.000000 1.000000 1.000000
v -0.643212 2.452791 -0.543221 0.000000 0.000000 1.000000 1.000000
v -0.613926 2.452791 -0.613925 0.000000 0.000000 1.000000 1.000000
v -0.613926 2.050436 -0.613925 0.000000 0.000000 1.000000 1.000000
v -0.613926 2.050436 0.613925 0.000000 0.000000 1.000000 1.000000
v -0.613926 2.452791 0.613925 0.000000 0.000000 1.000000 1.000000
v -0.543222 2.050436 0.643212 0.000000 0.000000 1.000000 1.000000
v -0.543222 2.452791 0.643212 0.000000 0.000000 1.000000 1.000000
v 0.543221 2.452791 0.643212 0.000000 0.000000 1.000000 1.000000
v 0.543221 2.050436 0.643212 0.000000 0.000000 1.000000 1.000000
v 0.613925 2.050436 0.613925 0.000000 0.000000 1.000000 1.000000
v 0.613925 2.452791 0.613925 0.000000 0.000000 1.000000 1.000000
v -0.613926 2.452791 -0.613925 0.000000 0.000000 1.000000 1.000000
v -0.613926 2.050436 -0.613925 0.000000 0.000000 1.000000 1.000000
v -0.543222 2.452791 -0.643211 0.000000 0.000000 1.000000 1.000000
v -0.543222 2.050436 -0.643211 0.000000 0.000000 1.000000 1.000000
v 0.543221 2.050436 -0.643211 0.000000 0.000000 1.000000 1.000000
v 0.543221 2.452791 -0.643211 0.000000 0.000000 1.000000 1.000000
v 0.613925 2.452791 -0.613925 0.000000 0.000000 1.000000 1.000000
v 0.613925 2.050436 -0.613925 0.000000 0.000000 1.000000 1.000000
v 0.613925 2.452791 0.613925 0.000000 0.000000 1.000000 1.000000
v 0.643211 2.050436 0.543222 0.000000 0.000000 1.000000 1.000000
v 0.613925 2.050436 0.613925 0.000000 0.000000 1.000000 1.000000
v 0.643211 2.452791 0.543222 0.000000 0.000000 1.000000 1.000000
v 0.643211 2.452791 -0.543221 0.000000 0.000000 1.000000 1.000000
v 0.643211 2.050436 -0.543221 0.000000 0.000000 1.000000 1.000000
v 0.613925 2.050436 -0.613925 0.000000 0.000000 1.000000 1.000000
v 0.613925 2.452791 -0.613925 0.000000 0.000000 1.000000 1.000000
v 0.643211 2.050436 0.543222 0.000000 0.000000 1.000000 1.000000
v 0.566716 2.003227 0.566717 0.000000 0.000000 1.000000 1.000000
v 0.613925 2.050436 0.613925 0.000000 0.000000 1.000000 1.000000
v 0.596002 2.003227 0.496013 0.000000 0.000000 1.000000 1.000000
v 0.470713 2.003227 0.470714 0.000000 0.000000 1.000000 1.000000
v 0.499999 2.003227 0.400010 0.000000 0.000000 1.000000 1.000000
v 0.643211 2.050436 -0.543221 0.000000 0.000000 1.000000 1.000000
v 0.499999 2.003227 -0.400009 0.000000 0.000000 1.000000 1.000000
v 0.596002 2.003227 -0.496013 0.000000 0.000000 1.000000 1.000000
v 0.470713 2.003227 -0.470713 0.000000 0.000000 1.000000 1.000000
v 0.566716 2.003227 -0.566716 0.000000 0.000000 1.000000 1.000000
v 0.613925 2.050436 -0.613925 0.000000 0.000000 1.000000 1.000000
v 0.543221 2.050436 -0.643211 0.000000 0.000000 1.000000 1.000000
v 0.496012 2.003227 -0.596002 0.000000 0.000000 1.000000 1.000000
v 0.400009 2.003227 -0.500000 0.000000 0.000000 1.000000 1.000000
v -0.496013 2.003227 -0.596002 0.000000 0.000000 1.000000 1.000000
v -0.400011 2.003227 -0.500000 0.000000 0.000000 1.000000 1.000000
v -0.543222 2.050436 -0.643211 0.000000 0.000000 1.000000 1.000000
v -0.470714 2.003227 -0.470713 0.000000 0.000000 1.000000 1.000000
v -0.566717 2.003227 -0.566716 0.000000 0.000000 1.000000 1.000000
v -0.613926 2.050436 -0.613925 0.000000 0.000000 1.000000 1.000000
v -0.643212 2.050436 -0.543221 0.000000 0.000000 1.000000 1.000000
v -0.596003 2.003227 -0.496013 0.000000 0.000000 1.000000 1.000000
v -0.500001 2.003227 -0.400009 0.000000 0.000000 1.000000 1.000000
v -0.643212 2.050436 0.543222 0.000000 0.000000 1.000000 1.000000
v -0.500001 2.003227 0.400010 0.000000 0.000000 1.000000 1.000000
v -0.596003 2.003227 0.496013 0.000000 0.000000 1.000000 1.000000
v -0.470714 2.003227 0.470714 0.000000 0.000000 1.000000 1.000000
v -0.566717 2.003227 0.566717 0.000000 0.000000 1.000000 1.000000
v -0.613926 2.050436 0.613925 0.000000 0.000000 1.000000 1.000000
v -0.543222 2.050436 0.643212 0.000000 0.000000 1.000000 1.000000
v -0.496013 2.003227 0.596003 0.000000 0.000000 1.000000 1.000000
v -0.400011 2.003227 0.500000 0.000000 0.000000 1.000000 1.000000
v 0.543221 2.050436 0.643212 0.000000 0.000000 1.000000 1.000000
v 0.400009 2.003227 0.500000 0.000000 0.000000 1.000000 1.000000
v 0.566716 2.003227 0.566717 0.000000 0.000000 1.000000 1.000000
v 0.613925 2.050436 0.613925 0.000000 0.000000 1.000000 1.000000
v 0.496012 2.003227 0.596003 0.000000 0.000000 1.000000 1.000000
v 0.470713 2.003227 0.470714 0.000000 0.000000 1.000000 1.000000
v 0.613925 2.452791 0.613925 0.000000 0.000000 1.000000 1.000000
v 0.566716 2.500000 0.566717 0.000000 0.000000 1.000000 1.000000
v 0.643211 2.452791 0.543222 0.000000 0.000000 1.000000 1.000000
v 0.596002 2.500000 0.496013 0.000000 0.000000 1.000000 1.000000
v 0.470713 2.500000 0.470714 0.000000 0.000000 1.000000 1.000000
v 0.499999 2.500000 0.400010 0.000000 0.000000 1.000000 1.000000
v 0.499999 2.500000 -0.400009 0.000000 0.000000 1.000000 1.000000
v 0.596002 2.500000 -0.496013 0.000000 0.000000 1.000000 1.000000
v 0.643211 2.452791 -0.543221 0.000000 0.000000 1.000000 1.000000
v 0.470713 2.500000 -0.470713 0.000000 0.000000 1.000000 1.000000
v 0.566716 2.500000 -0.566716 0.000000 0.000000 1.000000 1.000000
v 0.613925 2.452791 -0.613925 0.000000 0.000000 1.000000 1.000000
v 0.543221 2.452791 -0.643211 0.000000 0.000000 1.000000 1.000000
v 0.496012 2.500000 -0.596002 0.000000 0.000000 1.000000 1.000000
v 0.400009 2.500000 -0.500000 0.000000 0.000000 1.000000 1.000000
v -0.496013 2.500000 -0.596002 0.000000 0.000000 1.000000 1.000000
v -0.400011 2.500000 -0.500000 0.000000 0.000000 1.000000 1.000000
v -0.543222 2.452791 -0.643211 0.000000 0.000000 1.000000 1.000000
v -0.470714 2.500000 -0.470713 0.000000 0.000000 1.000000 1.000000
v -0.566717 2.500000 -0.566716 0.000000 0.000000 1.000000 1.000000
v -0.613926 2.452791 -0.613925 0.000000 0.000000 1.000000 1.000000
v -0.643212 2.452791 -0.543221 0.000000 0.000000 1.000000 1.000000
v -0.596003 2.500000 -0.496013 0.000000 0.000000 1.000000 1.000000
v -0.500001 2.500000 -0.400009 0.000000 0.000000 1.000000 1.000000
v -0.500001 2.500000 0.400010 0.000000 0.000000 1.000000 1.000000
v -0.596003 2.500000 0.496013 0.000000 0.000000 1.000000 1.000000
v -0.643212 2.452791 0.543222 0.000000 0.000000 1.000000 1.000000
v -0.470714 2.500000 0.470714 0.000000 0.000000 1.000000 1.000000
v -0.566717 2.500000 0.566717 0.000000 0.000000 1.000000 1.000000
v -0.613926 2.452791 0.613925 0.000000 0.000000 1.000000 1.000000
v -0.543222 2.452791 0.643212 0.000000 0.000000 1.000000 1.000000
v -0.496013 2.500000 0.596003 0.000000 0.000000 1.000000 1.000000
v -0.400011 2.500000 0.500000 0.000000 0.000000 1.000000 1.000000
v 0.543221 2.452791 0.643212 0.000000 0.000000 1.000000 1.000000
v 0.400009 2.500000 0.500000 0.000000 0.000000 1.000000 1.000000
v 0.566716 2.500000 0.566717 0.000000 0.000000 1.000000 1.000000
v 0.613925 2.452791 0.613925 0.000000 0.000000 1.000000 1.000000
v 0.496012 2.500000 0.596003 0.000000 0.000000 1.000000 1.000000
v 0.470713 2.500000 0.470714 0.000000 0.000000 1.000000 1.000000
vt -3.564453 2.272461
vt -3.599609 2.308594
vt -3.583984 2.270508
vt -3.570312 2.308594
vt -3.599609 2.312500
vt -3.544922 2.307617
vt -3.542969 2.270508
vt -3.519531 2.268555
vt -3.570312 2.312500
vt -3.599609 2.315430
vt -3.544922 2.310547
vt -3.519531 2.305664
vt -3.496094 2.302734
vt -3.496094 2.266602
vt -3.519531 2.308594
vt -3.570312 2.315430
vt -3.544922 2.313477
vt -3.570312 2.318359
vt -3.599609 2.319336
vt -3.544922 2.316406
vt -3.568359 2.333984
vt -3.597656 2.336914
vt -3.542969 2.331055
vt -3.568359 2.336914
vt -3.595703 2.340820
vt -3.542969 2.333984
vt -3.568359 2.339844
vt -3.595703 2.343750
vt -3.566406 2.341797
vt -3.593750 2.347656
vt -3.558594 2.372070
vt -3.578125 2.377930
vt -3.542969 2.336914
vt -3.541016 2.339844
vt -3.537109 2.369141
vt -3.513672 2.367188
vt -3.517578 2.334961
vt -3.517578 2.337891
vt -3.492188 2.335938
vt -3.490234 2.366211
vt -3.492188 2.333008
vt -3.468750 2.334961
vt -3.466797 2.364258
vt -3.443359 2.363281
vt -3.517578 2.332031
vt -3.445312 2.333008
vt -3.419922 2.362305
vt -3.517578 2.329102
vt -3.494141 2.330078
vt -3.494141 2.327148
vt -3.519531 2.314453
vt -3.494141 2.312500
vt -3.519531 2.311523
vt -3.494141 2.309570
vt -3.494141 2.306641
vt -3.470703 2.307617
vt -3.470703 2.310547
vt -3.470703 2.301758
vt -3.472656 2.264648
vt -3.447266 2.262695
vt -3.470703 2.304688
vt -3.447266 2.299805
vt -3.423828 2.261719
vt -3.447266 2.302734
vt -3.421875 2.298828
vt -3.421875 2.301758
vt -3.447266 2.305664
vt -3.398438 2.297852
vt -3.398438 2.260742
vt -3.375000 2.259766
vt -3.398438 2.300781
vt -3.375000 2.296875
vt -3.349609 2.296875
vt -3.349609 2.259766
vt -3.324219 2.259766
vt -3.375000 2.299805
vt -3.398438 2.303711
vt -3.375000 2.303711
vt -3.421875 2.304688
vt -3.421875 2.307617
vt -3.398438 2.306641
vt -3.445312 2.309570
vt -3.421875 2.323242
vt -3.445312 2.324219
vt -3.468750 2.326172
vt -3.421875 2.326172
vt -3.468750 2.329102
vt -3.445312 2.327148
vt -3.468750 2.332031
vt -3.445312 2.330078
vt -3.421875 2.329102
vt -3.421875 2.332031
vt -3.396484 2.331055
vt -3.396484 2.361328
vt -3.396484 2.328125
vt -3.373047 2.330078
vt -3.373047 2.360352
vt -3.396484 2.325195
vt -3.373047 2.327148
vt -3.349609 2.330078
vt -3.349609 2.360352
vt -3.326172 2.360352
vt -3.398438 2.322266
vt -3.326172 2.330078
vt -3.302734 2.360352
vt -3.373047 2.306641
vt -3.373047 2.321289
vt -3.373047 2.324219
vt -3.349609 2.305664
vt -3.349609 2.302734
vt -3.349609 2.321289
vt -3.349609 2.299805
vt -3.326172 2.299805
vt -3.349609 2.324219
vt -3.326172 2.296875
vt -3.349609 2.327148
vt -3.300781 2.296875
vt -3.300781 2.259766
vt -3.275391 2.260742
vt -3.326172 2.327148
vt -3.326172 2.324219
vt -3.302734 2.327148
vt -3.326172 2.321289
vt -3.302734 2.324219
vt -3.326172 2.305664
vt -3.302734 2.321289
vt -3.326172 2.302734
vt -3.302734 2.306641
vt -3.277344 2.325195
vt -3.277344 2.322266
vt -3.302734 2.302734
vt -3.300781 2.299805
vt -3.277344 2.306641
vt -3.277344 2.297852
vt -3.277344 2.300781
vt -3.253906 2.298828
vt -3.251953 2.261719
vt -3.277344 2.303711
vt -3.253906 2.304688
vt -3.253906 2.301758
vt -3.228516 2.299805
vt -3.226562 2.262695
vt -3.201172 2.264648
vt -3.253906 2.307617
vt -3.205078 2.301758
vt -3.177734 2.266602
vt -3.253906 2.323242
vt -3.179688 2.303711
vt -3.154297 2.269531
vt -3.205078 2.304688
vt -3.154297 2.306641
vt -3.132812 2.270508
vt -3.179688 2.306641
vt -3.099609 2.311523
vt -3.111328 2.269531
vt -3.128906 2.309570
vt -3.099609 2.315430
vt -3.128906 2.312500
vt -3.099609 2.319336
vt -3.154297 2.309570
vt -3.128906 2.316406
vt -3.128906 2.319336
vt -3.099609 2.323242
vt -3.154297 2.312500
vt -3.156250 2.315430
vt -3.130859 2.333984
vt -3.105469 2.340820
vt -3.156250 2.330078
vt -3.132812 2.336914
vt -3.105469 2.343750
vt -3.158203 2.333008
vt -3.132812 2.339844
vt -3.107422 2.346680
vt -3.181641 2.331055
vt -3.132812 2.342773
vt -3.109375 2.350586
vt -3.158203 2.335938
vt -3.144531 2.371094
vt -3.126953 2.376953
vt -3.158203 2.338867
vt -3.166016 2.368164
vt -3.181641 2.333984
vt -3.183594 2.336914
vt -3.187500 2.366211
vt -3.207031 2.334961
vt -3.210938 2.364258
vt -3.207031 2.332031
vt -3.230469 2.333008
vt -3.234375 2.363281
vt -3.255859 2.362305
vt -3.207031 2.329102
vt -3.253906 2.332031
vt -3.279297 2.361328
vt -3.230469 2.330078
vt -3.277344 2.331055
vt -3.230469 2.327148
vt -3.253906 2.329102
vt -3.230469 2.324219
vt -3.302734 2.330078
vt -3.277344 2.328125
vt -3.253906 2.326172
vt -3.228516 2.309570
vt -3.207031 2.326172
vt -3.228516 2.305664
vt -3.205078 2.310547
vt -3.181641 2.328125
vt -3.179688 2.312500
vt -3.205078 2.307617
vt -3.179688 2.309570
vt -3.228516 2.302734
vt -2.683594 2.665039
vt -2.699219 0.945038
vt -2.681641 0.945038
vt -2.701172 2.665039
vt -2.683594 3.087891
vt -2.701172 2.901367
vt -2.701172 3.070312
vt -2.716797 2.716797
vt -2.718750 2.968750
vt -2.718750 3.070312
vt -2.718750 2.868164
vt -2.716797 2.564453
vt -2.734375 2.683594
vt -2.734375 2.868164
vt -2.734375 2.968750
vt -2.734375 3.070312
vt -2.751953 2.916016
vt -2.751953 3.070312
vt -2.751953 2.652344
vt -2.767578 2.660156
vt -2.769531 3.070312
vt -2.716797 2.462891
vt -2.734375 2.361328
vt -2.716797 2.361328
vt -2.734375 2.260742
vt -2.716797 2.260742
vt -2.750000 0.945007
vt -2.734375 2.159180
vt -2.716797 2.159180
vt -2.734375 2.057617
vt -2.716797 2.057617
vt -2.734375 1.957031
vt -2.716797 1.957031
vt -2.734375 1.855957
vt -2.716797 1.855957
vt -2.734375 1.754395
vt -2.716797 1.754395
vt -2.734375 1.653320
vt -2.716797 1.653320
vt -2.734375 1.552246
vt -2.716797 1.552246
vt -2.734375 1.450928
vt -2.716797 1.450928
vt -2.716797 1.349854
vt -2.716797 0.945007
vt -2.734375 1.349854
vt -2.734375 1.248535
vt -2.732422 0.945007
vt -2.767578 0.944977
vt -2.785156 2.655273
vt -2.783203 0.944977
vt -2.785156 2.913086
vt -2.785156 3.070312
vt -2.802734 2.968750
vt -2.802734 3.070312
vt -2.820312 2.968750
vt -2.820312 3.070312
vt -2.802734 2.867188
vt -2.835938 2.916992
vt -2.835938 3.070312
vt -2.820312 2.867188
vt -2.853516 2.659180
vt -2.853516 3.070312
vt -2.835938 2.659180
vt -2.818359 2.683594
vt -2.802734 2.695312
vt -2.802734 2.462891
vt -2.818359 2.361328
vt -2.802734 2.361328
vt -2.818359 2.260742
vt -2.802734 2.260742
vt -2.802734 2.159180
vt -2.818359 2.159180
vt -2.818359 2.057617
vt -2.802734 2.057617
vt -2.835938 0.944946
vt -2.818359 1.957031
vt -2.802734 1.957031
vt -2.818359 1.855469
vt -2.800781 1.855469
vt -2.818359 1.754395
vt -2.800781 1.754395
vt -2.818359 1.653320
vt -2.800781 1.653320
vt -2.818359 1.552246
vt -2.800781 1.552246
vt -2.818359 1.450928
vt -2.800781 1.450928
vt -2.800781 1.349609
vt -2.800781 0.944946
vt -2.818359 1.349609
vt -2.818359 1.248535
vt -2.818359 0.944946
vt -2.851562 0.944916
vt -2.869141 2.673828
vt -2.871094 3.070312
vt -2.869141 0.944916
vt -2.886719 2.925781
vt -2.886719 3.070312
vt -2.904297 2.907227
vt -2.904297 3.070312
vt -2.886719 2.766602
vt -2.919922 2.694336
vt -2.921875 3.070312
vt -2.904297 2.665039
vt -2.886719 2.654297
vt -2.904297 2.552734
vt -2.937500 2.662109
vt -2.937500 3.070312
vt -2.955078 3.085938
vt -2.937500 0.944855
vt -2.919922 0.944885
vt -2.953125 0.944855
vt -2.904297 2.259766
vt -2.886719 2.260742
vt -2.904297 2.159180
vt -2.886719 2.159180
vt -2.904297 2.057617
vt -2.886719 2.057617
vt -2.886719 1.957031
vt -2.904297 1.957031
vt -2.904297 1.855469
vt -2.886719 1.855469
vt -2.902344 1.754395
vt -2.886719 1.754395
vt -2.902344 1.653320
vt -2.886719 1.653320
vt -2.902344 1.551758
vt -2.886719 1.551758
vt -2.902344 1.450928
vt -2.886719 1.450928
vt -2.886719 1.349609
vt -2.886719 0.944916
vt -2.902344 1.349609
vt -2.902344 1.248413
vt -2.902344 0.944885
vt -2.955078 2.665039
vt -2.970703 2.665039
vt -2.972656 2.867188
vt -2.972656 3.070312
vt -2.970703 2.563477
vt -2.988281 2.907227
vt -2.988281 3.070312
vt -2.988281 2.665039
vt -3.005859 2.683594
vt -3.005859 3.070312
vt -3.023438 3.085938
vt -3.021484 2.665039
vt -3.021484 0.944824
vt -3.003906 0.944824
vt -2.988281 2.563477
vt -2.988281 2.462891
vt -2.970703 2.462891
vt -2.988281 2.361328
vt -2.970703 2.361328
vt -2.988281 2.259766
vt -2.970703 2.259766
vt -2.988281 2.159180
vt -2.970703 2.159180
vt -2.988281 2.057617
vt -2.970703 2.057617
vt -2.988281 1.956543
vt -2.970703 1.956543
vt -2.988281 1.855469
vt -2.970703 1.855469
vt -2.988281 1.754395
vt -2.970703 1.754395
vt -2.988281 1.653320
vt -2.970703 1.653320
vt -2.988281 1.551758
vt -2.970703 1.551758
vt -2.988281 1.450684
vt -2.970703 1.450684
vt -2.970703 1.349609
vt -2.970703 0.944855
vt -2.988281 1.349609
vt -2.988281 1.248413
vt -2.988281 0.944824
vt -3.474609 1.941406
vt -3.505859 1.909668
vt -3.470703 1.932617
vt -3.484375 1.944824
vt -3.503906 1.905762
vt -3.509766 1.911621
vt -3.470703 1.832520
vt -3.556641 1.911621
vt -3.503906 1.858887
vt -3.583984 1.944824
vt -3.505859 1.854980
vt -3.560547 1.909668
vt -3.474609 1.823730
vt -3.591797 1.941406
vt -3.484375 1.819824
vt -3.595703 1.932617
vt -3.509766 1.853027
vt -3.562500 1.905762
vt -3.583984 1.819824
vt -3.562500 1.858887
vt -3.556641 1.853027
vt -3.595703 1.832520
vt -3.560547 1.854980
vt -3.591797 1.823730
vt -3.548828 2.201172
vt -3.539062 2.220703
vt -3.558594 2.211914
vt -3.576172 2.200195
vt -3.533203 2.212891
vt -3.517578 2.226562
vt -3.562500 2.188477
vt -3.515625 2.219727
vt -3.498047 2.228516
vt -3.537109 2.194336
vt -3.527344 2.207031
vt -3.507812 2.215820
vt -3.517578 2.202148
vt -3.501953 2.213867
vt -3.546875 2.180664
vt -3.525391 2.189453
vt -3.507812 2.200195
vt -3.496094 2.213867
vt -3.488281 2.214844
vt -3.496094 2.199219
vt -3.480469 2.219727
vt -3.476562 2.226562
vt -3.486328 2.200195
vt -3.476562 2.203125
vt -3.458984 2.213867
vt -3.455078 2.222656
vt -3.435547 2.213867
vt -3.466797 2.208008
vt -3.443359 2.204102
vt -3.417969 2.203125
vt -3.466797 2.190430
vt -3.455078 2.196289
vt -3.429688 2.191406
vt -3.402344 2.190430
vt -3.460938 2.176758
vt -3.417969 2.177734
vt -3.388672 2.174805
vt -3.445312 2.182617
vt -3.435547 2.169922
vt -3.408203 2.163086
vt -3.376953 2.157227
vt -3.455078 2.164062
vt -3.400391 2.147461
vt -3.369141 2.138672
vt -3.429688 2.155273
vt -3.394531 2.130859
vt -3.363281 2.118164
vt -3.423828 2.140625
vt -3.451172 2.150391
vt -3.447266 2.136719
vt -3.390625 2.114258
vt -3.361328 2.097656
vt -3.419922 2.125977
vt -3.445312 2.123047
vt -3.388672 2.096680
vt -3.417969 2.111328
vt -3.443359 2.109375
vt -3.390625 2.080078
vt -3.361328 2.077148
vt -3.416016 2.096680
vt -3.392578 2.062500
vt -3.365234 2.056641
vt -3.416016 2.081055
vt -3.443359 2.095703
vt -3.417969 2.066406
vt -3.443359 2.082031
vt -3.468750 2.094727
vt -3.468750 2.108398
vt -3.468750 2.082031
vt -3.470703 2.121094
vt -3.494141 2.094727
vt -3.494141 2.107422
vt -3.470703 2.133789
vt -3.494141 2.120117
vt -3.472656 2.147461
vt -3.494141 2.132812
vt -3.519531 2.120117
vt -3.474609 2.160156
vt -3.519531 2.106445
vt -3.496094 2.146484
vt -3.478516 2.173828
vt -3.496094 2.159180
vt -3.482422 2.187500
vt -3.496094 2.171875
vt -3.496094 2.185547
vt -3.509766 2.186523
vt -3.513672 2.172852
vt -3.515625 2.159180
vt -3.531250 2.175781
vt -3.535156 2.162109
vt -3.517578 2.146484
vt -3.554688 2.166992
vt -3.517578 2.132812
vt -3.539062 2.148438
vt -3.560547 2.152344
vt -3.542969 2.134766
vt -3.544922 2.121094
vt -3.566406 2.137695
vt -3.583984 2.159180
vt -3.589844 2.142578
vt -3.568359 2.122070
vt -3.615234 2.151367
vt -3.603516 2.168945
vt -3.621094 2.131836
vt -3.574219 2.173828
vt -3.591797 2.185547
vt -3.595703 2.125977
vt -3.625000 2.111328
vt -3.597656 2.108398
vt -3.626953 2.090820
vt -3.570312 2.107422
vt -3.597656 2.091797
vt -3.544922 2.106445
vt -3.572266 2.092773
vt -3.597656 2.074219
vt -3.625000 2.070312
vt -3.570312 2.077148
vt -3.544922 2.092773
vt -3.519531 2.093750
vt -3.544922 2.079102
vt -3.519531 2.080078
vt -3.494141 2.081055
vt -3.542969 2.065430
vt -3.517578 2.067383
vt -3.568359 2.062500
vt -3.593750 2.057617
vt -3.619141 2.050781
vt -3.564453 2.047852
vt -3.587891 2.041016
vt -3.611328 2.031250
vt -3.541016 2.051758
vt -3.558594 2.033203
vt -3.580078 2.025391
vt -3.599609 2.013672
vt -3.537109 2.038086
vt -3.570312 2.010742
vt -3.585938 1.998535
vt -3.550781 2.019531
vt -3.570312 1.985352
vt -3.517578 2.054688
vt -3.558594 1.997070
vt -3.494141 2.068359
vt -3.542969 2.005859
vt -3.542969 1.984863
vt -3.552734 1.974609
vt -3.533203 1.966797
vt -3.533203 1.993164
vt -3.527344 1.974609
vt -3.511719 1.961914
vt -3.527344 2.011719
vt -3.507812 1.969238
vt -3.490234 1.959961
vt -3.521484 1.980957
vt -3.519531 1.998535
vt -3.511719 1.985352
vt -3.500000 1.974121
vt -3.501953 1.988281
vt -3.509766 2.014648
vt -3.490234 1.975098
vt -3.533203 2.024414
vt -3.505859 2.001953
vt -3.515625 2.041016
vt -3.511719 2.028320
vt -3.492188 2.055664
vt -3.492188 2.042969
vt -3.492188 2.016602
vt -3.492188 2.029297
vt -3.470703 2.041992
vt -3.472656 2.029297
vt -3.474609 2.015625
vt -3.451172 2.026367
vt -3.468750 2.055664
vt -3.447266 2.040039
vt -3.468750 2.068359
vt -3.445312 2.053711
vt -3.443359 2.068359
vt -3.421875 2.050781
vt -3.425781 2.036133
vt -3.398438 2.045898
vt -3.373047 2.038086
vt -3.404297 2.030273
vt -3.382812 2.019531
vt -3.431641 2.022461
vt -3.414062 2.014648
vt -3.396484 2.002930
vt -3.457031 2.012695
vt -3.425781 2.000000
vt -3.412109 1.988770
vt -3.439453 2.007812
vt -3.437500 1.987305
vt -3.429688 1.977051
vt -3.449219 1.994629
vt -3.462891 1.999512
vt -3.460938 1.982422
vt -3.453125 1.976074
vt -3.449219 1.968262
vt -3.468750 1.962402
vt -3.472656 1.969727
vt -3.470703 1.986328
vt -3.482422 1.974121
vt -3.480469 1.988770
vt -3.490234 1.989258
vt -3.476562 2.001953
vt -3.492188 2.002930
vt -3.234375 1.973145
vt -3.244141 1.992188
vt -3.253906 1.981934
vt -3.271484 1.993652
vt -3.228516 1.980957
vt -3.212891 1.967773
vt -3.257812 2.004883
vt -3.208984 1.974609
vt -3.193359 1.964844
vt -3.234375 1.999512
vt -3.222656 1.987305
vt -3.212891 1.991211
vt -3.220703 2.003906
vt -3.201172 1.979004
vt -3.203125 1.993652
vt -3.191406 1.979980
vt -3.226562 2.017578
vt -3.191406 1.994141
vt -3.244141 2.012695
vt -3.207031 2.006836
vt -3.208984 2.020508
vt -3.232422 2.031250
vt -3.251953 2.026367
vt -3.269531 2.018555
vt -3.287109 2.006836
vt -3.298828 2.023438
vt -3.279297 2.034180
vt -3.310547 2.041016
vt -3.285156 2.049805
vt -3.318359 2.060547
vt -3.257812 2.041016
vt -3.291016 2.066406
vt -3.322266 2.081055
vt -3.261719 2.055664
vt -3.236328 2.044922
vt -3.238281 2.058594
vt -3.294922 2.083984
vt -3.324219 2.101562
vt -3.265625 2.070312
vt -3.240234 2.072266
vt -3.294922 2.100586
vt -3.267578 2.084961
vt -3.242188 2.085938
vt -3.267578 2.100586
vt -3.292969 2.118164
vt -3.322266 2.122070
vt -3.267578 2.115234
vt -3.291016 2.134766
vt -3.316406 2.141602
vt -3.265625 2.130859
vt -3.240234 2.114258
vt -3.285156 2.151367
vt -3.308594 2.161133
vt -3.261719 2.145508
vt -3.277344 2.166992
vt -3.296875 2.178711
vt -3.255859 2.160156
vt -3.240234 2.127930
vt -3.236328 2.141602
vt -3.267578 2.182617
vt -3.283203 2.194336
vt -3.267578 2.208008
vt -3.248047 2.173828
vt -3.255859 2.196289
vt -3.242188 2.208984
vt -3.250000 2.218750
vt -3.230469 2.227539
vt -3.240234 2.187500
vt -3.226562 2.218750
vt -3.208984 2.232422
vt -3.230469 2.200195
vt -3.207031 2.225586
vt -3.187500 2.233398
vt -3.218750 2.212891
vt -3.208984 2.208008
vt -3.199219 2.220703
vt -3.216797 2.195312
vt -3.199219 2.205078
vt -3.189453 2.218750
vt -3.224609 2.181641
vt -3.203125 2.192383
vt -3.228516 2.168945
vt -3.207031 2.178711
vt -3.234375 2.155273
vt -3.208984 2.165039
vt -3.210938 2.152344
vt -3.212891 2.138672
vt -3.214844 2.125977
vt -3.189453 2.137695
vt -3.214844 2.113281
vt -3.189453 2.125000
vt -3.189453 2.112305
vt -3.216797 2.099609
vt -3.189453 2.099609
vt -3.242188 2.100586
vt -3.216797 2.086914
vt -3.214844 2.073242
vt -3.191406 2.085938
vt -3.214844 2.060547
vt -3.191406 2.073242
vt -3.212891 2.046875
vt -3.191406 2.060547
vt -3.210938 2.034180
vt -3.191406 2.047852
vt -3.167969 2.059570
vt -3.191406 2.034180
vt -3.166016 2.072266
vt -3.169922 2.045898
vt -3.171875 2.033203
vt -3.191406 2.021484
vt -3.191406 2.007812
vt -3.177734 2.006836
vt -3.173828 2.019531
vt -3.181641 1.993164
vt -3.164062 2.002930
vt -3.150391 2.030273
vt -3.156250 2.016602
vt -3.146484 2.043945
vt -3.132812 2.024414
vt -3.144531 2.056641
vt -3.125000 2.039062
vt -3.140625 2.071289
vt -3.119141 2.052734
vt -3.166016 2.085938
vt -3.115234 2.068359
vt -3.140625 2.084961
vt -3.164062 2.098633
vt -3.164062 2.112305
vt -3.138672 2.098633
vt -3.166016 2.125000
vt -3.138672 2.112305
vt -3.140625 2.125977
vt -3.166016 2.138672
vt -3.142578 2.139648
vt -3.167969 2.151367
vt -3.144531 2.153320
vt -3.119141 2.142578
vt -3.189453 2.151367
vt -3.123047 2.157227
vt -3.189453 2.164062
vt -3.169922 2.165039
vt -3.189453 2.177734
vt -3.148438 2.166992
vt -3.171875 2.177734
vt -3.189453 2.190430
vt -3.128906 2.171875
vt -3.189453 2.204102
vt -3.173828 2.191406
vt -3.177734 2.205078
vt -3.179688 2.219727
vt -3.160156 2.194336
vt -3.167969 2.207031
vt -3.171875 2.223633
vt -3.167969 2.231445
vt -3.158203 2.211914
vt -3.152344 2.217773
vt -3.146484 2.225586
vt -3.146484 2.199219
vt -3.136719 2.207031
vt -3.126953 2.216797
vt -3.109375 2.205078
vt -3.154297 2.180664
vt -3.123047 2.193359
vt -3.136719 2.185547
vt -3.111328 2.179688
vt -3.093750 2.191406
vt -3.082031 2.174805
vt -3.101562 2.164062
vt -3.070312 2.157227
vt -3.095703 2.148438
vt -3.062500 2.137695
vt -3.089844 2.131836
vt -3.058594 2.118164
vt -3.115234 2.127930
vt -3.085938 2.115234
vt -3.056641 2.097656
vt -3.113281 2.113281
vt -3.113281 2.097656
vt -3.085938 2.097656
vt -3.113281 2.083008
vt -3.087891 2.080078
vt -3.058594 2.077148
vt -3.089844 2.063477
vt -3.064453 2.056641
vt -3.095703 2.046875
vt -3.072266 2.038086
vt -3.103516 2.031250
vt -3.083984 2.019531
vt -3.113281 2.016602
vt -3.095703 2.003906
vt -3.113281 1.990723
vt -3.125000 2.001953
vt -3.140625 2.010742
vt -3.138672 1.990234
vt -3.130859 1.979492
vt -3.150391 1.971680
vt -3.150391 1.998047
vt -3.154297 1.979492
vt -3.171875 1.966797
vt -3.171875 1.990234
vt -3.162109 1.985840
vt -3.173828 1.973633
vt -3.181641 1.978027
vt -3.544922 1.910645
vt -3.558594 1.920898
vt -3.583984 1.870605
vt -3.533203 1.895996
vt -3.576172 1.926270
vt -3.529297 1.879395
vt -3.593750 1.926270
vt -3.529297 1.861816
vt -3.609375 1.920898
vt -3.533203 1.845215
vt -3.625000 1.910645
vt -3.544922 1.831055
vt -3.634766 1.895996
vt -3.558594 1.820312
vt -3.640625 1.879395
vt -3.576172 1.814941
vt -3.640625 1.861816
vt -3.593750 1.814941
vt -3.634766 1.845215
vt -3.609375 1.820312
vt -3.625000 1.831055
vt -0.750488 -1.003906
vt -0.759277 -1.253906
vt -0.750488 -1.253906
vt -0.761230 -1.003906
vt -0.859863 -1.253906
vt -0.863281 -1.003906
vt -0.869629 -1.253906
vt -0.874512 -1.005859
vt -0.874512 -1.005859
vt -0.878418 -1.253906
vt -0.868652 -1.253906
vt -0.885742 -1.005859
vt -0.978027 -1.257812
vt -0.986328 -1.009766
vt -0.987305 -1.257812
vt -0.995605 -1.011719
vt -0.625977 -1.005859
vt -0.640625 -1.253906
vt -0.631836 -1.253906
vt -0.637207 -1.003906
vt -0.739258 -1.003906
vt -0.741211 -1.253906
vt -0.750977 -1.253906
vt -0.750488 -1.003906
vt -0.513184 -1.257812
vt -0.504883 -1.011719
vt -0.522461 -1.257812
vt -0.514648 -1.009766
vt -0.615234 -1.005859
vt -0.622070 -1.253906
vt -0.631836 -1.253906
vt -0.625977 -1.005859
vt 0.639648 0.931458
vt 0.640137 0.917053
vt 0.645508 0.932434
vt 0.645996 0.916199
vt 0.760254 0.916870
vt 0.760254 0.933289
vt 0.766113 0.932495
vt 0.766113 0.917725
vt 0.640137 0.917053
vt 0.639648 0.931458
vt 0.634277 0.916260
vt 0.633789 0.932068
vt 0.514648 0.931274
vt 0.515137 0.914185
vt 0.506836 0.913696
vt 0.506348 0.931641
vt 0.766113 0.932495
vt 0.766113 0.917725
vt 0.771973 0.933350
vt 0.771973 0.916931
vt 0.886719 0.916931
vt 0.886719 0.933167
vt 0.893066 0.932251
vt 0.892578 0.917786
vt 1.026367 0.932861
vt 1.016602 0.915405
vt 1.025391 0.914856
vt 1.017578 0.932495
vt 0.898926 0.932922
vt 0.898438 0.917114
vt 0.892578 0.917786
vt 0.893066 0.932251
vt 1.016602 0.915405
vt 1.020508 0.905579
vt 1.025391 0.914856
vt 1.011719 0.907837
vt 1.008789 0.893677
vt 1.000977 0.896973
vt 0.898438 0.917114
vt 0.909668 0.898315
vt 0.901855 0.909424
vt 0.892578 0.897522
vt 0.892578 0.910400
vt 0.892578 0.917786
vt 0.886719 0.916931
vt 0.883789 0.909302
vt 0.875488 0.898071
vt 0.775391 0.909180
vt 0.783691 0.898254
vt 0.771973 0.916931
vt 0.766602 0.897400
vt 0.766602 0.910278
vt 0.766113 0.917725
vt 0.760254 0.916870
vt 0.757324 0.909241
vt 0.749023 0.897949
vt 0.645996 0.916199
vt 0.657227 0.897583
vt 0.648926 0.908508
vt 0.640137 0.896729
vt 0.640137 0.909668
vt 0.640137 0.917053
vt 0.634277 0.916260
vt 0.631348 0.908630
vt 0.623047 0.897400
vt 0.515137 0.914185
vt 0.531738 0.895874
vt 0.512207 0.904297
vt 0.506836 0.913696
vt 0.520508 0.906616
vt 0.523438 0.892517
vt 1.026367 0.932861
vt 1.020508 0.942322
vt 1.017578 0.932495
vt 1.012695 0.940216
vt 1.009766 0.954407
vt 1.000977 0.951294
vt 0.910156 0.951416
vt 0.901855 0.940460
vt 0.898926 0.932922
vt 0.893066 0.952484
vt 0.893066 0.939606
vt 0.893066 0.932251
vt 0.886719 0.933167
vt 0.883789 0.940857
vt 0.875488 0.952087
vt 0.775391 0.940979
vt 0.783691 0.951935
vt 0.771973 0.933350
vt 0.766113 0.952789
vt 0.766113 0.939911
vt 0.766113 0.932495
vt 0.760254 0.933289
vt 0.757324 0.941010
vt 0.749023 0.952148
vt 0.656738 0.951080
vt 0.648438 0.940063
vt 0.645508 0.932434
vt 0.639160 0.951630
vt 0.639648 0.938812
vt 0.639648 0.931458
vt 0.633789 0.932068
vt 0.630371 0.939636
vt 0.622070 0.950684
vt 0.514648 0.931274
vt 0.530762 0.949921
vt 0.511230 0.941040
vt 0.506348 0.931641
vt 0.520020 0.938934
vt 0.522461 0.953064
vt1 0.194824 0.499512
vt1 0.190796 0.503662
vt1 0.192505 0.499512
vt1 0.194092 0.503662
vt1 0.190674 0.504150
vt1 0.197144 0.503662
vt1 0.197388 0.499512
vt1 0.200073 0.499023
vt1 0.194092 0.504150
vt1 0.190674 0.504639
vt1 0.197144 0.503906
vt1 0.200073 0.503418
vt1 0.203003 0.503174
vt1 0.202881 0.499023
vt1 0.200073 0.503662
vt1 0.194092 0.504395
vt1 0.197144 0.504395
vt1 0.194092 0.504883
vt1 0.190674 0.504883
vt1 0.197144 0.504639
vt1 0.194214 0.506592
vt1 0.190918 0.507080
vt1 0.197388 0.506348
vt1 0.194336 0.507080
vt1 0.191040 0.507568
vt1 0.197388 0.506592
vt1 0.194336 0.507324
vt1 0.191162 0.507812
vt1 0.194458 0.507568
vt1 0.191406 0.508301
vt1 0.195557 0.511230
vt1 0.193359 0.511719
vt1 0.197388 0.507080
vt1 0.197510 0.507324
vt1 0.198120 0.510986
vt1 0.200806 0.510742
vt1 0.200317 0.506836
vt1 0.200439 0.507080
vt1 0.203247 0.507080
vt1 0.203491 0.510498
vt1 0.203247 0.506592
vt1 0.206055 0.506836
vt1 0.206299 0.510254
vt1 0.208984 0.510254
vt1 0.200317 0.506592
vt1 0.208862 0.506592
vt1 0.211792 0.510010
vt1 0.200317 0.506104
vt1 0.203247 0.506348
vt1 0.203125 0.505859
vt1 0.200195 0.504395
vt1 0.203003 0.504150
vt1 0.200073 0.504150
vt1 0.203003 0.503906
vt1 0.203003 0.503418
vt1 0.205933 0.503662
vt1 0.205933 0.503906
vt1 0.205811 0.502930
vt1 0.205688 0.498535
vt1 0.208496 0.498535
vt1 0.205811 0.503174
vt1 0.208618 0.502686
vt1 0.211426 0.498047
vt1 0.208740 0.502930
vt1 0.211548 0.502441
vt1 0.211548 0.502930
vt1 0.208740 0.503418
vt1 0.214355 0.502441
vt1 0.214355 0.498047
vt1 0.217285 0.498047
vt1 0.214355 0.502686
vt1 0.217163 0.502441
vt1 0.220093 0.502197
vt1 0.220093 0.498047
vt1 0.223022 0.498047
vt1 0.217285 0.502686
vt1 0.214355 0.503174
vt1 0.217285 0.503174
vt1 0.211548 0.503174
vt1 0.211548 0.503662
vt1 0.214478 0.503418
vt1 0.208740 0.503662
vt1 0.211670 0.505371
vt1 0.208862 0.505615
vt1 0.206055 0.505859
vt1 0.211670 0.505859
vt1 0.206055 0.506104
vt1 0.208862 0.505859
vt1 0.206055 0.506348
vt1 0.208862 0.506348
vt1 0.211670 0.506104
vt1 0.211792 0.506592
vt1 0.214478 0.506348
vt1 0.214600 0.510010
vt1 0.214478 0.506104
vt1 0.217285 0.506348
vt1 0.217285 0.509766
vt1 0.214478 0.505615
vt1 0.217285 0.505859
vt1 0.220093 0.506348
vt1 0.220093 0.509766
vt1 0.222778 0.509766
vt1 0.214478 0.505371
vt1 0.222900 0.506348
vt1 0.225586 0.509766
vt1 0.217285 0.503418
vt1 0.217285 0.505127
vt1 0.217285 0.505615
vt1 0.220093 0.503418
vt1 0.220093 0.502930
vt1 0.220093 0.505127
vt1 0.220093 0.502686
vt1 0.222900 0.502686
vt1 0.220093 0.505615
vt1 0.222900 0.502197
vt1 0.220093 0.505859
vt1 0.225830 0.502197
vt1 0.225952 0.498047
vt1 0.228882 0.498047
vt1 0.222900 0.505859
vt1 0.222900 0.505615
vt1 0.225708 0.505859
vt1 0.222900 0.505127
vt1 0.225708 0.505615
vt1 0.222900 0.503418
vt1 0.225708 0.505127
vt1 0.222900 0.502930
vt1 0.225830 0.503418
vt1 0.228516 0.505615
vt1 0.228638 0.505371
vt1 0.225830 0.503174
vt1 0.225830 0.502686
vt1 0.228638 0.503418
vt1 0.228638 0.502441
vt1 0.228638 0.502686
vt1 0.231445 0.502441
vt1 0.231812 0.498047
vt1 0.228638 0.503174
vt1 0.231445 0.503174
vt1 0.231445 0.502930
vt1 0.234375 0.502686
vt1 0.234619 0.498535
vt1 0.237549 0.498535
vt1 0.231445 0.503662
vt1 0.237183 0.502930
vt1 0.240356 0.499023
vt1 0.231445 0.505371
vt1 0.240112 0.503174
vt1 0.243164 0.499023
vt1 0.237183 0.503174
vt1 0.243164 0.503418
vt1 0.245728 0.499512
vt1 0.240112 0.503418
vt1 0.249512 0.504150
vt1 0.248169 0.499512
vt1 0.246216 0.503906
vt1 0.249634 0.504639
vt1 0.246216 0.504150
vt1 0.249634 0.504883
vt1 0.243042 0.503906
vt1 0.246216 0.504639
vt1 0.246094 0.504883
vt1 0.249512 0.505371
vt1 0.243042 0.504150
vt1 0.243042 0.504639
vt1 0.245850 0.506592
vt1 0.249023 0.507568
vt1 0.242798 0.506348
vt1 0.245728 0.507080
vt1 0.248901 0.507812
vt1 0.242798 0.506592
vt1 0.245728 0.507324
vt1 0.248779 0.508301
vt1 0.239868 0.506348
vt1 0.245605 0.507812
vt1 0.248535 0.508545
vt1 0.242676 0.506836
vt1 0.244263 0.510986
vt1 0.246460 0.511719
vt1 0.242676 0.507324
vt1 0.241821 0.510742
vt1 0.239868 0.506592
vt1 0.239746 0.507080
vt1 0.239258 0.510498
vt1 0.236938 0.506836
vt1 0.236572 0.510254
vt1 0.236938 0.506348
vt1 0.234131 0.506592
vt1 0.233887 0.510010
vt1 0.231079 0.510010
vt1 0.237061 0.506104
vt1 0.231323 0.506348
vt1 0.228394 0.510010
vt1 0.234131 0.506348
vt1 0.228516 0.506348
vt1 0.234253 0.505859
vt1 0.231323 0.506104
vt1 0.234253 0.505615
vt1 0.225708 0.506348
vt1 0.228516 0.506104
vt1 0.231323 0.505859
vt1 0.234253 0.503662
vt1 0.237061 0.505859
vt1 0.234375 0.503418
vt1 0.237183 0.503906
vt1 0.239868 0.505859
vt1 0.240112 0.504150
vt1 0.237183 0.503662
vt1 0.240112 0.503906
vt1 0.234375 0.502930
vt1 0.298584 0.545654
vt1 0.296631 0.342773
vt1 0.298828 0.342773
vt1 0.296631 0.545654
vt1 0.298584 0.595703
vt1 0.296631 0.573730
vt1 0.296631 0.593506
vt1 0.294678 0.551758
vt1 0.294678 0.581543
vt1 0.294678 0.593506
vt1 0.294678 0.569580
vt1 0.294678 0.533936
vt1 0.292725 0.547852
vt1 0.292480 0.569580
vt1 0.292480 0.581543
vt1 0.292480 0.593506
vt1 0.290527 0.575439
vt1 0.290527 0.593506
vt1 0.290527 0.544189
vt1 0.288574 0.545166
vt1 0.288574 0.593506
vt1 0.294678 0.521973
vt1 0.292725 0.510010
vt1 0.294678 0.510010
vt1 0.292725 0.498047
vt1 0.294678 0.498047
vt1 0.290771 0.342773
vt1 0.292725 0.486328
vt1 0.294678 0.486328
vt1 0.292725 0.474121
vt1 0.294678 0.474121
vt1 0.292725 0.462402
vt1 0.294678 0.462402
vt1 0.292725 0.450195
vt1 0.294678 0.450195
vt1 0.292725 0.438477
vt1 0.294678 0.438477
vt1 0.292725 0.426270
vt1 0.294678 0.426270
vt1 0.292725 0.414551
vt1 0.294678 0.414551
vt1 0.292725 0.402832
vt1 0.294678 0.402832
vt1 0.294678 0.390625
vt1 0.294678 0.342773
vt1 0.292725 0.390625
vt1 0.292725 0.378906
vt1 0.292725 0.342773
vt1 0.288818 0.342773
vt1 0.286621 0.544678
vt1 0.286865 0.342773
vt1 0.286621 0.574951
vt1 0.286621 0.593506
vt1 0.284668 0.581543
vt1 0.284668 0.593506
vt1 0.282715 0.581543
vt1 0.282715 0.593506
vt1 0.284668 0.569580
vt1 0.280518 0.575439
vt1 0.280518 0.593506
vt1 0.282715 0.569580
vt1 0.278564 0.545166
vt1 0.278564 0.593506
vt1 0.280518 0.544922
vt1 0.282715 0.547852
vt1 0.284668 0.549316
vt1 0.284668 0.521973
vt1 0.282715 0.510010
vt1 0.284668 0.510010
vt1 0.282715 0.498047
vt1 0.284668 0.498047
vt1 0.284668 0.486328
vt1 0.282715 0.486328
vt1 0.282715 0.474121
vt1 0.284668 0.474121
vt1 0.280762 0.342773
vt1 0.282715 0.462402
vt1 0.284668 0.462402
vt1 0.282715 0.450195
vt1 0.284668 0.450195
vt1 0.282715 0.438477
vt1 0.284668 0.438477
vt1 0.282715 0.426270
vt1 0.284668 0.426270
vt1 0.282715 0.414551
vt1 0.284668 0.414551
vt1 0.282715 0.402832
vt1 0.284668 0.402832
vt1 0.284668 0.390625
vt1 0.284668 0.342773
vt1 0.282715 0.390625
vt1 0.282715 0.378906
vt1 0.282715 0.342773
vt1 0.278809 0.342773
vt1 0.276611 0.546875
vt1 0.276611 0.593506
vt1 0.276855 0.342773
vt1 0.274658 0.576416
vt1 0.274658 0.593506
vt1 0.272705 0.574219
vt1 0.272705 0.593506
vt1 0.274658 0.557617
vt1 0.270752 0.549316
vt1 0.270508 0.593506
vt1 0.272705 0.545654
vt1 0.274658 0.544434
vt1 0.272705 0.532471
vt1 0.268555 0.545410
vt1 0.268555 0.593506
vt1 0.266602 0.595459
vt1 0.268799 0.342773
vt1 0.270752 0.342773
vt1 0.266846 0.342773
vt1 0.272705 0.498047
vt1 0.274658 0.498047
vt1 0.272705 0.486328
vt1 0.274658 0.486328
vt1 0.272705 0.474121
vt1 0.274658 0.474121
vt1 0.274658 0.462402
vt1 0.272705 0.462402
vt1 0.272705 0.450195
vt1 0.274658 0.450195
vt1 0.272705 0.438477
vt1 0.274658 0.438477
vt1 0.272705 0.426270
vt1 0.274658 0.426270
vt1 0.272705 0.414551
vt1 0.274658 0.414551
vt1 0.272705 0.402832
vt1 0.274658 0.402832
vt1 0.274658 0.390625
vt1 0.274902 0.342773
vt1 0.272705 0.390625
vt1 0.272705 0.378906
vt1 0.272705 0.342773
vt1 0.266602 0.545654
vt1 0.264648 0.545654
vt1 0.264648 0.569580
vt1 0.264648 0.593506
vt1 0.264648 0.533691
vt1 0.262695 0.574219
vt1 0.262695 0.593506
vt1 0.262695 0.545654
vt1 0.260742 0.548096
vt1 0.260742 0.593506
vt1 0.258545 0.595459
vt1 0.258545 0.545654
vt1 0.258789 0.342773
vt1 0.260742 0.342773
vt1 0.262695 0.533691
vt1 0.262695 0.521973
vt1 0.264648 0.521973
vt1 0.262695 0.510010
vt1 0.264648 0.510010
vt1 0.262695 0.498047
vt1 0.264648 0.498047
vt1 0.262695 0.486328
vt1 0.264648 0.486328
vt1 0.262695 0.474121
vt1 0.264648 0.474121
vt1 0.262695 0.462402
vt1 0.264648 0.462402
vt1 0.262695 0.450195
vt1 0.264648 0.450195
vt1 0.262695 0.438477
vt1 0.264648 0.438477
vt1 0.262695 0.426270
vt1 0.264648 0.426270
vt1 0.262695 0.414551
vt1 0.264648 0.414551
vt1 0.262695 0.402832
vt1 0.264648 0.402832
vt1 0.264648 0.390625
vt1 0.264893 0.342773
vt1 0.262695 0.390625
vt1 0.262695 0.378906
vt1 0.262695 0.342773
vt1 0.205444 0.460449
vt1 0.201660 0.456543
vt1 0.205811 0.459473
vt1 0.204346 0.460938
vt1 0.201904 0.456055
vt1 0.201172 0.457031
vt1 0.205811 0.447754
vt1 0.195679 0.457031
vt1 0.201904 0.450684
vt1 0.192505 0.460938
vt1 0.201660 0.450195
vt1 0.195190 0.456543
vt1 0.205322 0.446777
vt1 0.191528 0.460449
vt1 0.204346 0.446289
vt1 0.191040 0.459473
vt1 0.201172 0.450195
vt1 0.194946 0.456055
vt1 0.192505 0.446289
vt1 0.194946 0.450684
vt1 0.195679 0.450195
vt1 0.191040 0.447754
vt1 0.195190 0.450195
vt1 0.191528 0.446777
vt1 0.196533 0.491211
vt1 0.197754 0.493652
vt1 0.195557 0.492188
vt1 0.193481 0.491211
vt1 0.198364 0.492676
vt1 0.200195 0.494141
vt1 0.194946 0.489746
vt1 0.200684 0.493164
vt1 0.202759 0.494629
vt1 0.197876 0.490234
vt1 0.199219 0.491699
vt1 0.201416 0.492676
vt1 0.200317 0.491211
vt1 0.202026 0.492676
vt1 0.196777 0.488770
vt1 0.199463 0.489746
vt1 0.201538 0.491211
vt1 0.202759 0.492676
vt1 0.203735 0.492676
vt1 0.202759 0.490723
vt1 0.204834 0.493164
vt1 0.205200 0.494141
vt1 0.204102 0.491211
vt1 0.205200 0.491211
vt1 0.207153 0.492676
vt1 0.207642 0.493652
vt1 0.209961 0.492676
vt1 0.206299 0.492188
vt1 0.208984 0.491699
vt1 0.212158 0.491211
vt1 0.206177 0.489746
vt1 0.207764 0.490723
vt1 0.210693 0.490234
vt1 0.213989 0.489746
vt1 0.207031 0.488281
vt1 0.212036 0.488281
vt1 0.215576 0.487793
vt1 0.208862 0.488770
vt1 0.209961 0.487305
vt1 0.213257 0.486816
vt1 0.216919 0.485840
vt1 0.207642 0.486816
vt1 0.214111 0.484863
vt1 0.217896 0.483887
vt1 0.210693 0.485840
vt1 0.214844 0.482910
vt1 0.218506 0.481445
vt1 0.211426 0.483887
vt1 0.208130 0.485352
vt1 0.208618 0.483398
vt1 0.215210 0.480957
vt1 0.218872 0.479004
vt1 0.211792 0.482422
vt1 0.208862 0.481934
vt1 0.215454 0.479004
vt1 0.212158 0.480469
vt1 0.209106 0.480469
vt1 0.215332 0.477051
vt1 0.218750 0.476562
vt1 0.212280 0.479004
vt1 0.215088 0.474609
vt1 0.218262 0.474121
vt1 0.212280 0.477051
vt1 0.209229 0.478516
vt1 0.212036 0.475098
vt1 0.209229 0.477051
vt1 0.206177 0.478516
vt1 0.206055 0.479980
vt1 0.206177 0.477051
vt1 0.205933 0.481934
vt1 0.203125 0.478516
vt1 0.203125 0.479980
vt1 0.205811 0.483398
vt1 0.203003 0.481445
vt1 0.205566 0.484863
vt1 0.203003 0.482910
vt1 0.200073 0.481445
vt1 0.205322 0.486328
vt1 0.200073 0.479980
vt1 0.203003 0.484863
vt1 0.204956 0.487793
vt1 0.202881 0.486328
vt1 0.204590 0.489258
vt1 0.202881 0.487793
vt1 0.202881 0.489258
vt1 0.201172 0.489258
vt1 0.200806 0.487793
vt1 0.200562 0.486328
vt1 0.198730 0.488281
vt1 0.198242 0.486328
vt1 0.200317 0.484863
vt1 0.195923 0.487305
vt1 0.200195 0.482910
vt1 0.197754 0.484863
vt1 0.195190 0.485352
vt1 0.197388 0.483398
vt1 0.197144 0.481445
vt1 0.194580 0.483887
vt1 0.192627 0.486328
vt1 0.191772 0.484375
vt1 0.194214 0.481934
vt1 0.188843 0.485352
vt1 0.190063 0.487305
vt1 0.187988 0.482910
vt1 0.193604 0.487793
vt1 0.191650 0.489258
vt1 0.191162 0.482422
vt1 0.187500 0.480469
vt1 0.190918 0.480469
vt1 0.187378 0.478027
vt1 0.193970 0.479980
vt1 0.190796 0.478027
vt1 0.197021 0.479980
vt1 0.193970 0.478516
vt1 0.191040 0.476074
vt1 0.187744 0.475586
vt1 0.194092 0.476562
vt1 0.197021 0.478516
vt1 0.200073 0.478516
vt1 0.197144 0.476562
vt1 0.200195 0.477051
vt1 0.203125 0.477051
vt1 0.197388 0.475098
vt1 0.200317 0.475586
vt1 0.194458 0.474609
vt1 0.191406 0.474121
vt1 0.188354 0.473145
vt1 0.194824 0.473145
vt1 0.192139 0.472168
vt1 0.189331 0.471191
vt1 0.197632 0.473633
vt1 0.195557 0.471191
vt1 0.192993 0.470215
vt1 0.190552 0.469238
vt1 0.198120 0.472168
vt1 0.194214 0.468750
vt1 0.192261 0.467285
vt1 0.196289 0.469727
vt1 0.194092 0.465820
vt1 0.200439 0.473633
vt1 0.195557 0.467285
vt1 0.203247 0.475586
vt1 0.197388 0.468262
vt1 0.197266 0.465820
vt1 0.196289 0.464355
vt1 0.198608 0.463379
vt1 0.198486 0.466797
vt1 0.199097 0.464355
vt1 0.201050 0.462891
vt1 0.199219 0.468750
vt1 0.201416 0.463867
vt1 0.203491 0.462891
vt1 0.199951 0.465332
vt1 0.200073 0.467285
vt1 0.201050 0.465820
vt1 0.202515 0.464355
vt1 0.202148 0.465820
vt1 0.201294 0.469238
vt1 0.203491 0.464355
vt1 0.198608 0.470215
vt1 0.201660 0.467773
vt1 0.200684 0.472168
vt1 0.200928 0.470703
vt1 0.203247 0.474121
vt1 0.203247 0.472656
vt1 0.203369 0.469238
vt1 0.203369 0.470703
vt1 0.205933 0.472168
vt1 0.205688 0.470703
vt1 0.205444 0.469238
vt1 0.208008 0.470703
vt1 0.206055 0.474121
vt1 0.208496 0.472168
vt1 0.206177 0.475586
vt1 0.208862 0.473633
vt1 0.209106 0.475586
vt1 0.211670 0.473633
vt1 0.211060 0.471680
vt1 0.214478 0.472656
vt1 0.217407 0.471680
vt1 0.213623 0.470703
vt1 0.216187 0.469727
vt1 0.210327 0.470215
vt1 0.212646 0.469238
vt1 0.214600 0.467773
vt1 0.207520 0.468750
vt1 0.211304 0.467285
vt1 0.212769 0.466309
vt1 0.209473 0.468262
vt1 0.209717 0.465820
vt1 0.210693 0.464844
vt1 0.208374 0.466797
vt1 0.206787 0.467285
vt1 0.207031 0.465332
vt1 0.207886 0.464355
vt1 0.208496 0.463867
vt1 0.206055 0.462891
vt1 0.205566 0.463867
vt1 0.205933 0.465820
vt1 0.204468 0.464355
vt1 0.204712 0.466309
vt1 0.203491 0.466309
vt1 0.205078 0.467773
vt1 0.203369 0.467773
vt1 0.233765 0.464355
vt1 0.232544 0.466309
vt1 0.231445 0.465332
vt1 0.229370 0.466797
vt1 0.234375 0.465332
vt1 0.236206 0.463379
vt1 0.230957 0.467773
vt1 0.236694 0.464355
vt1 0.238647 0.463379
vt1 0.233887 0.467285
vt1 0.235229 0.465820
vt1 0.236206 0.466309
vt1 0.235352 0.467773
vt1 0.237549 0.464844
vt1 0.237427 0.466797
vt1 0.238647 0.464844
vt1 0.234619 0.469727
vt1 0.238770 0.466797
vt1 0.232666 0.468750
vt1 0.237061 0.468262
vt1 0.236694 0.469727
vt1 0.234009 0.471191
vt1 0.231812 0.470703
vt1 0.229614 0.469727
vt1 0.227539 0.468262
vt1 0.226074 0.470215
vt1 0.228516 0.471680
vt1 0.224854 0.472168
vt1 0.227661 0.473145
vt1 0.223877 0.474609
vt1 0.230957 0.472168
vt1 0.227051 0.475098
vt1 0.223389 0.477051
vt1 0.230469 0.474121
vt1 0.233643 0.472656
vt1 0.233276 0.474121
vt1 0.226685 0.477539
vt1 0.223267 0.479492
vt1 0.230103 0.475586
vt1 0.233032 0.476074
vt1 0.226562 0.479492
vt1 0.229858 0.477539
vt1 0.232910 0.477539
vt1 0.229736 0.479492
vt1 0.226807 0.481445
vt1 0.223389 0.481934
vt1 0.229858 0.480957
vt1 0.227173 0.483398
vt1 0.223999 0.484375
vt1 0.230103 0.482910
vt1 0.232910 0.480957
vt1 0.227783 0.485352
vt1 0.224976 0.486328
vt1 0.230591 0.484375
vt1 0.228638 0.487305
vt1 0.226196 0.488281
vt1 0.231201 0.486328
vt1 0.233154 0.482422
vt1 0.233398 0.483887
vt1 0.229858 0.488770
vt1 0.227905 0.490234
vt1 0.229736 0.492188
vt1 0.232056 0.487793
vt1 0.231201 0.490723
vt1 0.232910 0.492188
vt1 0.231934 0.493164
vt1 0.234253 0.494141
vt1 0.233032 0.489746
vt1 0.234741 0.493164
vt1 0.236694 0.494629
vt1 0.234253 0.491211
vt1 0.237061 0.494141
vt1 0.239136 0.495117
vt1 0.235596 0.492676
vt1 0.236694 0.492188
vt1 0.237915 0.493652
vt1 0.235718 0.490234
vt1 0.237915 0.491699
vt1 0.239136 0.493164
vt1 0.234985 0.488770
vt1 0.237427 0.490234
vt1 0.234253 0.487305
vt1 0.236938 0.488281
vt1 0.233765 0.485840
vt1 0.236694 0.486816
vt1 0.236450 0.485352
vt1 0.236206 0.483887
vt1 0.236084 0.482422
vt1 0.239014 0.483887
vt1 0.235962 0.480957
vt1 0.239014 0.482422
vt1 0.238892 0.480469
vt1 0.235840 0.479004
vt1 0.238892 0.479004
vt1 0.232910 0.479004
vt1 0.235840 0.477539
vt1 0.235962 0.476074
vt1 0.238892 0.477539
vt1 0.236084 0.474609
vt1 0.238892 0.476074
vt1 0.236206 0.473145
vt1 0.238892 0.474609
vt1 0.236450 0.471191
vt1 0.238770 0.473145
vt1 0.241577 0.474609
vt1 0.238770 0.471680
vt1 0.241821 0.476074
vt1 0.241455 0.472656
vt1 0.241211 0.471191
vt1 0.238770 0.469727
vt1 0.238770 0.468262
vt1 0.240479 0.468262
vt1 0.240845 0.469727
vt1 0.239990 0.466797
vt1 0.242065 0.467773
vt1 0.243530 0.471191
vt1 0.242920 0.469238
vt1 0.244019 0.472656
vt1 0.245850 0.470215
vt1 0.244385 0.474121
vt1 0.246582 0.472168
vt1 0.244751 0.475586
vt1 0.247192 0.473633
vt1 0.241943 0.477539
vt1 0.247681 0.475586
vt1 0.244873 0.477539
vt1 0.241943 0.479004
vt1 0.241943 0.480469
vt1 0.244995 0.479004
vt1 0.241943 0.482422
vt1 0.244995 0.480469
vt1 0.244873 0.482422
vt1 0.241821 0.483887
vt1 0.244629 0.483887
vt1 0.241577 0.485352
vt1 0.244263 0.485352
vt1 0.247437 0.484375
vt1 0.239014 0.485352
vt1 0.246826 0.485840
vt1 0.239014 0.486816
vt1 0.241455 0.486816
vt1 0.239014 0.488281
vt1 0.243774 0.487305
vt1 0.241089 0.488281
vt1 0.239136 0.489746
vt1 0.246094 0.487793
vt1 0.239136 0.491699
vt1 0.240845 0.490234
vt1 0.240356 0.491699
vt1 0.240234 0.493164
vt1 0.242432 0.490234
vt1 0.241577 0.491699
vt1 0.241211 0.493652
vt1 0.241699 0.494629
vt1 0.242676 0.492188
vt1 0.243530 0.493164
vt1 0.244141 0.494141
vt1 0.244019 0.490723
vt1 0.245361 0.491699
vt1 0.246338 0.493164
vt1 0.248413 0.491699
vt1 0.243164 0.488770
vt1 0.246948 0.490234
vt1 0.245117 0.489258
vt1 0.248291 0.488770
vt1 0.250244 0.490234
vt1 0.251709 0.488281
vt1 0.249390 0.486816
vt1 0.252930 0.485840
vt1 0.250244 0.484863
vt1 0.253906 0.483887
vt1 0.250732 0.482910
vt1 0.254395 0.481445
vt1 0.247803 0.482422
vt1 0.250977 0.480957
vt1 0.254639 0.479004
vt1 0.248047 0.480957
vt1 0.248047 0.479004
vt1 0.251221 0.479004
vt1 0.247925 0.477051
vt1 0.250977 0.477051
vt1 0.254395 0.476562
vt1 0.250732 0.475098
vt1 0.253662 0.474121
vt1 0.250000 0.473145
vt1 0.252686 0.471680
vt1 0.249146 0.471191
vt1 0.251465 0.469727
vt1 0.247925 0.469238
vt1 0.250000 0.467773
vt1 0.248047 0.466309
vt1 0.246582 0.467773
vt1 0.244873 0.468750
vt1 0.244995 0.466309
vt1 0.245972 0.464844
vt1 0.243652 0.463867
vt1 0.243652 0.467285
vt1 0.243042 0.464844
vt1 0.241211 0.463379
vt1 0.241211 0.466309
vt1 0.242188 0.465820
vt1 0.240723 0.464355
vt1 0.239868 0.464844
vt1 0.197144 0.457031
vt1 0.195435 0.458008
vt1 0.192505 0.452148
vt1 0.198364 0.455078
vt1 0.193481 0.458496
vt1 0.198975 0.453125
vt1 0.191406 0.458496
vt1 0.198975 0.451172
vt1 0.189453 0.458008
vt1 0.198364 0.449219
vt1 0.187744 0.457031
vt1 0.197144 0.447266
vt1 0.186523 0.455078
vt1 0.195435 0.446289
vt1 0.185913 0.453125
vt1 0.193481 0.445801
vt1 0.185913 0.451172
vt1 0.191406 0.445801
vt1 0.186523 0.449219
vt1 0.189453 0.446289
vt1 0.187744 0.447266
vt1 0.394043 1.009415
vt1 0.384766 0.760010
vt1 0.394043 0.760010
vt1 0.382812 1.009460
vt1 0.284424 0.758911
vt1 0.280762 1.008537
vt1 0.274658 0.758667
vt1 0.269775 1.008202
vt1 0.269775 1.008202
vt1 0.265869 0.758545
vt1 0.275391 0.758667
vt1 0.258789 1.008026
vt1 0.166260 0.755127
vt1 0.158203 1.002848
vt1 0.156860 0.755127
vt1 0.148682 1.002142
vt1 0.518066 1.008270
vt1 0.503418 0.758911
vt1 0.512695 0.758667
vt1 0.506836 1.008545
vt1 0.405029 1.009521
vt1 0.403320 0.760010
vt1 0.393311 0.760010
vt1 0.394043 1.009415
vt1 0.631348 0.755371
vt1 0.639160 1.002390
vt1 0.621582 0.755249
vt1 0.629395 1.003057
vt1 0.529297 1.008125
vt1 0.521973 0.758667
vt1 0.512207 0.758789
vt1 0.518066 1.008270
vt1 0.434082 0.484863
vt1 0.434082 0.479980
vt1 0.434814 0.484863
vt1 0.434814 0.479492
vt1 0.448486 0.479492
vt1 0.448242 0.485352
vt1 0.448975 0.484863
vt1 0.448975 0.479980
vt1 0.434082 0.479980
vt1 0.434082 0.484863
vt1 0.433350 0.479492
vt1 0.433350 0.484863
vt1 0.419434 0.484863
vt1 0.419434 0.479492
vt1 0.418457 0.479492
vt1 0.418457 0.484863
vt1 0.448975 0.484863
vt1 0.448975 0.479980
vt1 0.449707 0.485352
vt1 0.449707 0.479492
vt1 0.463379 0.479492
vt1 0.463379 0.484863
vt1 0.463867 0.484863
vt1 0.463867 0.479980
vt1 0.479736 0.484863
vt1 0.478760 0.479492
vt1 0.479736 0.479492
vt1 0.478760 0.484863
vt1 0.464600 0.484863
vt1 0.464600 0.479980
vt1 0.463867 0.479980
vt1 0.463867 0.484863
vt1 0.478760 0.479492
vt1 0.479004 0.478516
vt1 0.479736 0.479492
vt1 0.478027 0.478516
vt1 0.477783 0.477051
vt1 0.476807 0.477539
vt1 0.464600 0.479980
vt1 0.466064 0.477539
vt1 0.465088 0.479004
vt1 0.463867 0.477539
vt1 0.463867 0.479004
vt1 0.463867 0.479980
vt1 0.463379 0.479492
vt1 0.462891 0.479004
vt1 0.461914 0.477539
vt1 0.450195 0.479004
vt1 0.451172 0.477539
vt1 0.449707 0.479492
vt1 0.448975 0.477539
vt1 0.448975 0.479004
vt1 0.448975 0.479980
vt1 0.448486 0.479492
vt1 0.447998 0.479004
vt1 0.447021 0.477539
vt1 0.434814 0.479492
vt1 0.436279 0.477539
vt1 0.435303 0.478516
vt1 0.434082 0.477539
vt1 0.434082 0.479004
vt1 0.434082 0.479980
vt1 0.433350 0.479492
vt1 0.433105 0.478516
vt1 0.432129 0.477539
vt1 0.419434 0.479492
vt1 0.421387 0.477051
vt1 0.418945 0.478027
vt1 0.418457 0.479492
vt1 0.420166 0.478516
vt1 0.420410 0.477051
vt1 0.479736 0.484863
vt1 0.479004 0.486328
vt1 0.478760 0.484863
vt1 0.478027 0.485840
vt1 0.477783 0.487793
vt1 0.476807 0.487305
vt1 0.466064 0.487305
vt1 0.465088 0.485840
vt1 0.464600 0.484863
vt1 0.464111 0.487305
vt1 0.463867 0.485840
vt1 0.463867 0.484863
vt1 0.463379 0.484863
vt1 0.462891 0.485840
vt1 0.461914 0.487305
vt1 0.450195 0.485840
vt1 0.451172 0.487305
vt1 0.449707 0.485352
vt1 0.448975 0.487305
vt1 0.448975 0.485840
vt1 0.448975 0.484863
vt1 0.448242 0.485352
vt1 0.447998 0.485840
vt1 0.447021 0.487305
vt1 0.436035 0.487305
vt1 0.435059 0.485840
vt1 0.434814 0.484863
vt1 0.434082 0.487305
vt1 0.434082 0.485840
vt1 0.434082 0.484863
vt1 0.433350 0.484863
vt1 0.433105 0.485840
vt1 0.432129 0.487305
vt1 0.419434 0.484863
vt1 0.421387 0.487305
vt1 0.418945 0.485840
vt1 0.418457 0.484863
vt1 0.419922 0.485840
vt1 0.420166 0.487305
vn -0.047244 -0.992126 0.141732
vn 0.000000 -0.984252 0.181102
vn 0.000000 -0.992126 0.141732
vn -0.055118 -0.984252 0.165354
vn 0.000000 -0.732283 0.677165
vn -0.102362 -0.984252 0.141732
vn -0.086614 -0.992126 0.118110
vn -0.118110 -0.992126 0.086614
vn -0.212598 -0.732283 0.645669
vn 0.000000 -0.251968 0.968504
vn -0.401575 -0.732283 0.551181
vn -0.141732 -0.984252 0.102362
vn -0.165354 -0.984252 0.055118
vn -0.141732 -0.992126 0.047244
vn -0.551181 -0.732283 0.401575
vn -0.299213 -0.251968 0.921260
vn -0.566929 -0.251968 0.779527
vn -0.299213 0.267717 0.913386
vn 0.000000 0.267717 0.960630
vn -0.566929 0.267717 0.779527
vn -0.291339 0.346457 0.889764
vn 0.000000 0.346457 0.937008
vn -0.551181 0.346457 0.755905
vn -0.236220 0.637795 0.732283
vn 0.000000 0.637795 0.771653
vn -0.456693 0.637795 0.622047
vn -0.149606 0.874016 0.464567
vn 0.000000 0.874016 0.488189
vn -0.047244 0.992126 0.133858
vn 0.000000 0.992126 0.141732
vn -0.023622 1.000000 0.070866
vn 0.000000 1.000000 0.070866
vn -0.291339 0.874016 0.393701
vn -0.086614 0.992126 0.118110
vn -0.039370 1.000000 0.062992
vn -0.062992 1.000000 0.039370
vn -0.393701 0.874016 0.291338
vn -0.118110 0.992126 0.086614
vn -0.133858 0.992126 0.047244
vn -0.070866 1.000000 0.023622
vn -0.464567 0.874016 0.149606
vn -0.141732 0.992126 -0.000000
vn -0.070866 1.000000 -0.000000
vn -0.070866 1.000000 -0.023622
vn -0.622047 0.637795 0.456693
vn -0.133858 0.992126 -0.047244
vn -0.062992 1.000000 -0.039370
vn -0.755906 0.346457 0.551181
vn -0.732283 0.637795 0.236220
vn -0.889764 0.346457 0.291339
vn -0.779528 0.267717 0.566929
vn -0.913386 0.267717 0.299213
vn -0.779528 -0.251968 0.566929
vn -0.921260 -0.251968 0.299213
vn -0.645669 -0.732283 0.212598
vn -0.968504 -0.251968 0.000000
vn -0.960630 0.267716 -0.000000
vn -0.181102 -0.984252 0.000000
vn -0.141732 -0.992126 0.000000
vn -0.141732 -0.992126 -0.047244
vn -0.677165 -0.732283 0.000000
vn -0.165354 -0.984252 -0.055118
vn -0.118110 -0.992126 -0.086614
vn -0.645669 -0.732283 -0.212598
vn -0.141732 -0.984252 -0.102362
vn -0.551181 -0.732283 -0.401575
vn -0.921260 -0.251969 -0.299213
vn -0.102362 -0.984252 -0.141732
vn -0.086614 -0.992126 -0.118110
vn -0.047244 -0.992126 -0.141732
vn -0.401575 -0.732283 -0.551181
vn -0.055118 -0.984252 -0.165354
vn 0.000000 -0.984252 -0.181102
vn 0.000000 -0.992126 -0.141732
vn 0.047244 -0.992126 -0.141732
vn -0.212598 -0.732283 -0.645669
vn -0.566929 -0.251969 -0.779527
vn -0.299213 -0.251969 -0.921260
vn -0.779528 -0.251969 -0.566929
vn -0.779528 0.267716 -0.566929
vn -0.566929 0.267716 -0.779527
vn -0.913386 0.267716 -0.299213
vn -0.755906 0.346457 -0.551181
vn -0.889764 0.346457 -0.291339
vn -0.937008 0.346457 -0.000000
vn -0.622047 0.637795 -0.456693
vn -0.771654 0.637795 -0.000000
vn -0.732283 0.637795 -0.236221
vn -0.488189 0.874016 -0.000000
vn -0.464567 0.874016 -0.149606
vn -0.393701 0.874016 -0.291339
vn -0.118110 0.992126 -0.086614
vn -0.086614 0.992126 -0.118110
vn -0.039370 1.000000 -0.062992
vn -0.291339 0.874016 -0.393701
vn -0.047244 0.992126 -0.133858
vn -0.023622 1.000000 -0.070866
vn -0.456693 0.637795 -0.622047
vn -0.149606 0.874016 -0.464567
vn 0.000000 0.992126 -0.141732
vn 0.000000 1.000000 -0.070866
vn 0.023622 1.000000 -0.070866
vn -0.551181 0.346457 -0.755905
vn 0.047244 0.992126 -0.133858
vn 0.039370 1.000000 -0.062992
vn -0.299213 0.267716 -0.913386
vn -0.291339 0.346457 -0.889764
vn -0.236220 0.637795 -0.732283
vn 0.000000 0.267716 -0.960630
vn 0.000000 -0.251969 -0.968504
vn 0.000000 0.346457 -0.937008
vn 0.000000 -0.732283 -0.677165
vn 0.212598 -0.732283 -0.645669
vn 0.000000 0.637795 -0.771653
vn 0.055118 -0.984252 -0.165354
vn 0.000000 0.874016 -0.488189
vn 0.102362 -0.984252 -0.141732
vn 0.086614 -0.992126 -0.118110
vn 0.118110 -0.992126 -0.086614
vn 0.149606 0.874016 -0.464567
vn 0.236220 0.637795 -0.732283
vn 0.291339 0.874016 -0.393701
vn 0.291339 0.346457 -0.889764
vn 0.456693 0.637795 -0.622047
vn 0.299213 0.267716 -0.913386
vn 0.551181 0.346457 -0.755905
vn 0.299213 -0.251969 -0.921260
vn 0.566929 0.267716 -0.779527
vn 0.622047 0.637795 -0.456693
vn 0.755906 0.346457 -0.551181
vn 0.566929 -0.251969 -0.779527
vn 0.401575 -0.732283 -0.551181
vn 0.779528 0.267716 -0.566929
vn 0.141732 -0.984252 -0.102362
vn 0.551181 -0.732283 -0.401575
vn 0.165354 -0.984252 -0.055118
vn 0.141732 -0.992126 -0.047244
vn 0.779528 -0.251969 -0.566929
vn 0.921260 -0.251969 -0.299213
vn 0.645669 -0.732283 -0.212598
vn 0.181102 -0.984252 0.000000
vn 0.141732 -0.992126 0.000000
vn 0.141732 -0.992126 0.047244
vn 0.913386 0.267716 -0.299213
vn 0.165354 -0.984252 0.055118
vn 0.118110 -0.992126 0.086614
vn 0.889764 0.346457 -0.291339
vn 0.141732 -0.984252 0.102362
vn 0.086614 -0.992126 0.118110
vn 0.645669 -0.732283 0.212598
vn 0.102362 -0.984252 0.141732
vn 0.047244 -0.992126 0.141732
vn 0.551181 -0.732283 0.401575
vn 0.000000 -0.984252 0.181102
vn 0.000000 -0.992126 0.141732
vn 0.055118 -0.984252 0.165354
vn 0.000000 -0.732283 0.677165
vn 0.212598 -0.732283 0.645669
vn 0.000000 -0.251968 0.968504
vn 0.401575 -0.732283 0.551181
vn 0.299213 -0.251968 0.921260
vn 0.299213 0.267717 0.913386
vn 0.000000 0.267717 0.960630
vn 0.566929 -0.251968 0.779527
vn 0.566929 0.267717 0.779527
vn 0.291339 0.346457 0.889764
vn 0.000000 0.346457 0.937008
vn 0.551181 0.346457 0.755905
vn 0.236220 0.637795 0.732283
vn 0.000000 0.637795 0.771653
vn 0.456693 0.637795 0.622047
vn 0.149606 0.874016 0.464567
vn 0.000000 0.874016 0.488189
vn 0.622047 0.637795 0.456693
vn 0.047244 0.992126 0.133858
vn 0.000000 0.992126 0.141732
vn 0.291339 0.874016 0.393701
vn 0.023622 1.000000 0.070866
vn 0.000000 1.000000 0.070866
vn 0.086614 0.992126 0.118110
vn 0.039370 1.000000 0.062992
vn 0.393701 0.874016 0.291338
vn 0.118110 0.992126 0.086614
vn 0.062992 1.000000 0.039370
vn 0.133858 0.992126 0.047244
vn 0.070866 1.000000 0.023622
vn 0.464567 0.874016 0.149606
vn 0.141732 0.992126 -0.000000
vn 0.070866 1.000000 -0.000000
vn 0.070866 1.000000 -0.023622
vn 0.732283 0.637795 0.236220
vn 0.133858 0.992126 -0.047244
vn 0.062992 1.000000 -0.039370
vn 0.488189 0.874016 -0.000000
vn 0.118110 0.992126 -0.086614
vn 0.771654 0.637795 -0.000000
vn 0.464567 0.874016 -0.149606
vn 0.937008 0.346457 -0.000000
vn 0.086614 0.992126 -0.118110
vn 0.393701 0.874016 -0.291339
vn 0.732283 0.637795 -0.236221
vn 0.960630 0.267716 -0.000000
vn 0.889764 0.346457 0.291339
vn 0.968504 -0.251968 0.000000
vn 0.913386 0.267717 0.299213
vn 0.755906 0.346457 0.551181
vn 0.779528 0.267717 0.566929
vn 0.921260 -0.251968 0.299213
vn 0.779528 -0.251968 0.566929
vn 0.677165 -0.732283 0.000000
vn 0.000000 0.000000 1.000000
vn 0.307087 0.000000 0.952756
vn 0.000000 0.000000 1.000000
vn 0.307087 0.000000 0.952756
vn 0.000000 0.000000 1.000000
vn 0.307087 0.000000 0.952756
vn 0.307087 0.000000 0.952756
vn 0.590551 0.000000 0.811023
vn 0.590551 0.000000 0.811023
vn 0.590551 0.000000 0.811023
vn 0.590551 0.000000 0.811023
vn 0.590551 0.000000 0.811023
vn 0.811024 0.000000 0.590551
vn 0.811024 0.000000 0.590551
vn 0.811024 0.000000 0.590551
vn 0.811024 0.000000 0.590551
vn 0.952756 0.000000 0.307087
vn 0.952756 0.000000 0.307087
vn 0.952756 0.000000 0.307087
vn 1.000000 0.000000 0.000000
vn 1.000000 0.000000 0.000000
vn 0.590551 0.000000 0.811023
vn 0.811024 0.000000 0.590551
vn 0.590551 0.000000 0.811023
vn 0.811024 0.000000 0.590551
vn 0.590551 0.000000 0.811023
vn 0.952756 0.000000 0.307087
vn 0.811024 0.000000 0.590551
vn 0.590551 0.000000 0.811023
vn 0.811024 0.000000 0.590551
vn 0.590551 0.000000 0.811023
vn 0.811024 0.000000 0.590551
vn 0.590551 0.000000 0.811023
vn 0.811024 0.000000 0.590551
vn 0.590551 0.000000 0.811023
vn 0.811024 0.000000 0.590551
vn 0.590551 0.000000 0.811023
vn 0.811024 0.000000 0.590551
vn 0.590551 0.000000 0.811023
vn 0.811024 0.000000 0.590551
vn 0.590551 0.000000 0.811023
vn 0.811024 0.000000 0.590551
vn 0.590551 0.000000 0.811023
vn 0.590551 0.000000 0.811023
vn 0.590551 0.000000 0.811023
vn 0.811024 0.000000 0.590551
vn 0.811024 0.000000 0.590551
vn 0.811024 0.000000 0.590551
vn 1.000000 0.000000 0.000000
vn 0.952756 -0.000000 -0.307087
vn 0.952756 -0.000000 -0.307087
vn 0.952756 -0.000000 -0.307087
vn 0.952756 -0.000000 -0.307087
vn 0.811024 -0.000000 -0.590551
vn 0.811024 -0.000000 -0.590551
vn 0.590551 -0.000000 -0.811023
vn 0.590551 -0.000000 -0.811023
vn 0.811024 -0.000000 -0.590551
vn 0.307087 -0.000000 -0.952756
vn 0.307087 -0.000000 -0.952756
vn 0.590551 -0.000000 -0.811023
vn 0.000000 -0.000000 -1.000000
vn 0.000000 -0.000000 -1.000000
vn 0.307087 -0.000000 -0.952756
vn 0.590551 -0.000000 -0.811023
vn 0.811024 -0.000000 -0.590551
vn 0.811024 -0.000000 -0.590551
vn 0.590551 -0.000000 -0.811023
vn 0.811024 -0.000000 -0.590551
vn 0.590551 -0.000000 -0.811023
vn 0.811024 -0.000000 -0.590551
vn 0.811024 -0.000000 -0.590551
vn 0.590551 -0.000000 -0.811023
vn 0.590551 -0.000000 -0.811023
vn 0.811024 -0.000000 -0.590551
vn 0.307087 -0.000000 -0.952756
vn 0.590551 -0.000000 -0.811023
vn 0.811024 -0.000000 -0.590551
vn 0.590551 -0.000000 -0.811023
vn 0.811024 -0.000000 -0.590551
vn 0.590551 -0.000000 -0.811023
vn 0.811024 -0.000000 -0.590551
vn 0.590551 -0.000000 -0.811023
vn 0.811024 -0.000000 -0.590551
vn 0.590551 -0.000000 -0.811023
vn 0.811024 -0.000000 -0.590551
vn 0.590551 -0.000000 -0.811023
vn 0.811024 -0.000000 -0.590551
vn 0.811024 -0.000000 -0.590551
vn 0.811024 -0.000000 -0.590551
vn 0.590551 -0.000000 -0.811023
vn 0.590551 -0.000000 -0.811023
vn 0.590551 -0.000000 -0.811023
vn 0.000000 -0.000000 -1.000000
vn -0.307087 -0.000000 -0.952756
vn -0.307087 -0.000000 -0.952756
vn -0.307087 -0.000000 -0.952756
vn -0.590551 -0.000000 -0.811023
vn -0.590551 -0.000000 -0.811023
vn -0.811024 -0.000000 -0.590551
vn -0.811024 -0.000000 -0.590551
vn -0.590551 -0.000000 -0.811023
vn -0.952756 -0.000000 -0.307087
vn -0.952756 -0.000000 -0.307087
vn -0.811024 -0.000000 -0.590551
vn -0.590551 -0.000000 -0.811023
vn -0.811024 -0.000000 -0.590551
vn -1.000000 0.000000 0.000000
vn -1.000000 0.000000 0.000000
vn -0.952756 0.000000 0.307087
vn -1.000000 0.000000 0.000000
vn -0.952756 -0.000000 -0.307087
vn -0.952756 0.000000 0.307087
vn -0.811024 -0.000000 -0.590551
vn -0.590551 -0.000000 -0.811023
vn -0.811024 -0.000000 -0.590551
vn -0.590551 -0.000000 -0.811023
vn -0.811024 -0.000000 -0.590551
vn -0.590551 -0.000000 -0.811023
vn -0.590551 -0.000000 -0.811023
vn -0.811024 -0.000000 -0.590551
vn -0.811024 -0.000000 -0.590551
vn -0.590551 -0.000000 -0.811023
vn -0.811024 -0.000000 -0.590551
vn -0.590551 -0.000000 -0.811023
vn -0.811024 -0.000000 -0.590551
vn -0.590551 -0.000000 -0.811023
vn -0.811024 -0.000000 -0.590551
vn -0.590551 -0.000000 -0.811023
vn -0.811024 -0.000000 -0.590551
vn -0.590551 -0.000000 -0.811023
vn -0.590551 -0.000000 -0.811023
vn -0.590551 -0.000000 -0.811023
vn -0.811024 -0.000000 -0.590551
vn -0.811024 -0.000000 -0.590551
vn -0.811024 -0.000000 -0.590551
vn -0.952756 0.000000 0.307087
vn -0.811024 0.000000 0.590551
vn -0.811024 0.000000 0.590551
vn -0.811024 0.000000 0.590551
vn -0.811024 0.000000 0.590551
vn -0.590551 0.000000 0.811023
vn -0.590551 0.000000 0.811023
vn -0.590551 0.000000 0.811023
vn -0.307087 0.000000 0.952756
vn -0.307087 0.000000 0.952756
vn 0.000000 0.000000 1.000000
vn 0.000000 0.000000 1.000000
vn 0.000000 0.000000 1.000000
vn -0.307087 0.000000 0.952756
vn -0.590551 0.000000 0.811023
vn -0.590551 0.000000 0.811023
vn -0.811024 0.000000 0.590551
vn -0.590551 0.000000 0.811023
vn -0.811024 0.000000 0.590551
vn -0.590551 0.000000 0.811023
vn -0.811024 0.000000 0.590551
vn -0.590551 0.000000 0.811023
vn -0.811024 0.000000 0.590551
vn -0.590551 0.000000 0.811023
vn -0.811024 0.000000 0.590551
vn -0.590551 0.000000 0.811023
vn -0.811024 0.000000 0.590551
vn -0.590551 0.000000 0.811023
vn -0.811024 0.000000 0.590551
vn -0.590551 0.000000 0.811023
vn -0.811024 0.000000 0.590551
vn -0.590551 0.000000 0.811023
vn -0.811024 0.000000 0.590551
vn -0.590551 0.000000 0.811023
vn -0.811024 0.000000 0.590551
vn -0.590551 0.000000 0.811023
vn -0.811024 0.000000 0.590551
vn -0.811024 0.000000 0.590551
vn -0.811024 0.000000 0.590551
vn -0.590551 0.000000 0.811023
vn -0.590551 0.000000 0.811023
vn -0.590551 0.000000 0.811023
vn 0.000000 1.000000 -0.000000
vn 0.000000 1.000000 -0.000000
vn 0.000000 1.000000 -0.000000
vn 0.000000 1.000000 -0.000000
vn 0.000000 1.000000 -0.000000
vn 0.000000 1.000000 -0.000000
vn 0.000000 1.000000 -0.000000
vn 0.000000 1.000000 -0.000000
vn 0.000000 1.000000 -0.000000
vn 0.000000 1.000000 -0.000000
vn 0.000000 1.000000 -0.000000
vn 0.000000 1.000000 -0.000000
vn 0.000000 1.000000 -0.000000
vn 0.000000 1.000000 -0.000000
vn 0.000000 1.000000 -0.000000
vn 0.000000 1.000000 -0.000000
vn 0.000000 1.000000 -0.000000
vn 0.000000 1.000000 -0.000000
vn 0.000000 1.000000 -0.000000
vn 0.000000 1.000000 -0.000000
vn 0.000000 1.000000 -0.000000
vn 0.000000 1.000000 -0.000000
vn 0.000000 1.000000 -0.000000
vn 0.000000 1.000000 -0.000000
vn -0.448819 -0.881890 0.141732
vn -0.330709 -0.944882 0.000000
vn -0.472441 -0.881890 0.000000
vn -0.598425 -0.803149 0.000000
vn -0.314961 -0.944882 0.102362
vn -0.196850 -0.976378 0.000000
vn -0.566929 -0.803149 0.188976
vn -0.173228 -0.976378 0.094488
vn 0.000000 -1.000000 0.000000
vn -0.377953 -0.881890 0.275591
vn -0.267717 -0.944882 0.196850
vn -0.118110 -0.976378 0.165354
vn -0.196850 -0.944882 0.267717
vn -0.062992 -0.976378 0.188976
vn -0.488189 -0.803149 0.354331
vn -0.275591 -0.881890 0.377953
vn -0.102362 -0.944882 0.314961
vn 0.000000 -0.976378 0.196850
vn 0.086614 -0.976378 0.181102
vn 0.000000 -0.944882 0.330709
vn 0.173228 -0.976378 0.102362
vn 0.196850 -0.976378 0.000000
vn 0.102362 -0.944882 0.314961
vn 0.196850 -0.944882 0.267717
vn 0.314961 -0.944882 0.102362
vn 0.330709 -0.944882 0.000000
vn 0.472441 -0.881890 0.000000
vn 0.267717 -0.944882 0.196850
vn 0.448819 -0.881890 0.141732
vn 0.598425 -0.803149 0.000000
vn 0.275591 -0.881890 0.377953
vn 0.377953 -0.881890 0.275591
vn 0.566929 -0.803149 0.188976
vn 0.716535 -0.700787 0.000000
vn 0.354331 -0.803149 0.488189
vn 0.677165 -0.700787 0.220472
vn 0.811024 -0.582677 0.000000
vn 0.488189 -0.803149 0.354331
vn 0.574803 -0.700787 0.417323
vn 0.771654 -0.582677 0.251969
vn 0.897638 -0.448819 0.000000
vn 0.417323 -0.700787 0.574803
vn 0.850394 -0.448819 0.275591
vn 0.952756 -0.307087 0.000000
vn 0.661417 -0.582677 0.480315
vn 0.905512 -0.307087 0.291339
vn 0.984252 -0.157480 0.000000
vn 0.724409 -0.448819 0.527559
vn 0.480315 -0.582677 0.661417
vn 0.527559 -0.448819 0.724409
vn 0.937008 -0.157480 0.307087
vn 1.000000 0.000000 0.000000
vn 0.771654 -0.307087 0.559055
vn 0.559055 -0.307086 0.771653
vn 0.952756 0.000000 0.307087
vn 0.803150 -0.157480 0.582677
vn 0.582677 -0.157480 0.803149
vn 0.937008 0.157480 0.307087
vn 0.984252 0.157480 -0.000000
vn 0.811024 0.000000 0.590551
vn 0.905512 0.307087 0.291339
vn 0.952756 0.307087 -0.000000
vn 0.803150 0.157480 0.582677
vn 0.590551 0.000000 0.811023
vn 0.771654 0.307087 0.559055
vn 0.582677 0.157480 0.803149
vn 0.307087 0.000000 0.952756
vn 0.307087 -0.157480 0.937008
vn 0.307087 0.157480 0.937008
vn 0.291339 -0.307086 0.905512
vn 0.000000 0.000000 1.000000
vn 0.000000 -0.157480 0.984252
vn 0.275591 -0.448819 0.850394
vn 0.000000 -0.307086 0.952756
vn 0.251969 -0.582677 0.771653
vn 0.000000 -0.448819 0.897638
vn -0.291339 -0.307086 0.905512
vn 0.220472 -0.700787 0.677165
vn -0.307087 -0.157480 0.937008
vn 0.000000 -0.582677 0.811024
vn 0.188976 -0.803149 0.566929
vn 0.000000 -0.700787 0.716535
vn 0.141732 -0.881890 0.448819
vn 0.000000 -0.803149 0.598425
vn 0.000000 -0.881890 0.472441
vn -0.141732 -0.881890 0.448819
vn -0.188976 -0.803149 0.566929
vn -0.220472 -0.700787 0.677165
vn -0.354331 -0.803149 0.488189
vn -0.417323 -0.700787 0.574803
vn -0.251969 -0.582677 0.771653
vn -0.574803 -0.700787 0.417323
vn -0.275591 -0.448819 0.850394
vn -0.480315 -0.582677 0.661417
vn -0.661417 -0.582677 0.480315
vn -0.527559 -0.448819 0.724409
vn -0.559055 -0.307086 0.771653
vn -0.724409 -0.448819 0.527559
vn -0.771654 -0.582677 0.251969
vn -0.850394 -0.448819 0.275591
vn -0.771654 -0.307087 0.559055
vn -0.897638 -0.448819 0.000000
vn -0.811024 -0.582677 0.000000
vn -0.952756 -0.307087 0.000000
vn -0.677165 -0.700787 0.220472
vn -0.716535 -0.700787 0.000000
vn -0.905512 -0.307087 0.291339
vn -0.984252 -0.157480 0.000000
vn -0.937008 -0.157480 0.307087
vn -1.000000 0.000000 0.000000
vn -0.803150 -0.157480 0.582677
vn -0.952756 0.000000 0.307087
vn -0.582677 -0.157480 0.803149
vn -0.811024 0.000000 0.590551
vn -0.937008 0.157480 0.307087
vn -0.984252 0.157480 -0.000000
vn -0.803150 0.157480 0.582677
vn -0.590551 0.000000 0.811023
vn -0.307087 0.000000 0.952756
vn -0.582677 0.157480 0.803149
vn -0.307087 0.157480 0.937008
vn 0.000000 0.157480 0.984252
vn -0.559055 0.307087 0.771653
vn -0.291339 0.307087 0.905512
vn -0.771654 0.307087 0.559055
vn -0.905512 0.307087 0.291339
vn -0.952756 0.307087 -0.000000
vn -0.724409 0.448819 0.527559
vn -0.850394 0.448819 0.275590
vn -0.897638 0.448819 -0.000000
vn -0.527559 0.448819 0.724409
vn -0.661417 0.582677 0.480315
vn -0.771654 0.582677 0.251968
vn -0.811024 0.582677 -0.000000
vn -0.480315 0.582677 0.661417
vn -0.677165 0.700787 0.220472
vn -0.716535 0.700787 -0.000000
vn -0.574803 0.700787 0.417323
vn -0.598425 0.803149 -0.000000
vn -0.275591 0.448819 0.850394
vn -0.566929 0.803149 0.188976
vn 0.000000 0.307087 0.952756
vn -0.488189 0.803150 0.354331
vn -0.448819 0.881890 0.141732
vn -0.472441 0.881890 -0.000000
vn -0.330709 0.944882 -0.000000
vn -0.377953 0.881890 0.275590
vn -0.314961 0.944882 0.102362
vn -0.196850 0.976378 -0.000000
vn -0.354331 0.803150 0.488189
vn -0.173228 0.976378 0.102362
vn 0.000000 1.000000 -0.000000
vn -0.267717 0.944882 0.196850
vn -0.275591 0.881890 0.377953
vn -0.196850 0.944882 0.267716
vn -0.086614 0.976378 0.181102
vn -0.102362 0.944882 0.314960
vn -0.188976 0.803150 0.566929
vn 0.000000 0.976378 0.196850
vn -0.417323 0.700787 0.574803
vn -0.141732 0.881890 0.448819
vn -0.251969 0.582677 0.771653
vn -0.220472 0.700787 0.677165
vn 0.000000 0.448819 0.897638
vn 0.000000 0.582677 0.811023
vn 0.000000 0.803150 0.598425
vn 0.000000 0.700787 0.716535
vn 0.251969 0.582677 0.771653
vn 0.220472 0.700787 0.677165
vn 0.188976 0.803150 0.566929
vn 0.417323 0.700787 0.574803
vn 0.275591 0.448819 0.850394
vn 0.480315 0.582677 0.661417
vn 0.291339 0.307087 0.905512
vn 0.527559 0.448819 0.724409
vn 0.559055 0.307087 0.771653
vn 0.724409 0.448819 0.527559
vn 0.661417 0.582677 0.480315
vn 0.850394 0.448819 0.275590
vn 0.897638 0.448819 -0.000000
vn 0.771654 0.582677 0.251968
vn 0.811024 0.582677 -0.000000
vn 0.574803 0.700787 0.417323
vn 0.677165 0.700787 0.220472
vn 0.716535 0.700787 -0.000000
vn 0.354331 0.803150 0.488189
vn 0.566929 0.803149 0.188976
vn 0.598425 0.803149 -0.000000
vn 0.488189 0.803150 0.354331
vn 0.448819 0.881890 0.141732
vn 0.472441 0.881890 -0.000000
vn 0.377953 0.881890 0.275590
vn 0.275591 0.881890 0.377953
vn 0.267717 0.944882 0.196850
vn 0.314961 0.944882 0.102362
vn 0.330709 0.944882 -0.000000
vn 0.196850 0.976378 -0.000000
vn 0.173228 0.976378 0.102362
vn 0.196850 0.944882 0.267716
vn 0.086614 0.976378 0.181102
vn 0.102362 0.944882 0.314960
vn 0.000000 0.944882 0.330709
vn 0.141732 0.881890 0.448819
vn 0.000000 0.881890 0.472441
vn -0.330709 -0.944882 0.000000
vn -0.448819 -0.881890 -0.141732
vn -0.472441 -0.881890 0.000000
vn -0.598425 -0.803149 0.000000
vn -0.314961 -0.944882 -0.102362
vn -0.196850 -0.976378 0.000000
vn -0.566929 -0.803149 -0.188976
vn -0.173228 -0.976378 -0.102362
vn 0.000000 -1.000000 0.000000
vn -0.377953 -0.881890 -0.275590
vn -0.267717 -0.944882 -0.196850
vn -0.196850 -0.944882 -0.267716
vn -0.275591 -0.881890 -0.377953
vn -0.094488 -0.976378 -0.173228
vn -0.102362 -0.944882 -0.314960
vn 0.000000 -0.976378 -0.196850
vn -0.354331 -0.803150 -0.488189
vn 0.000000 -0.944882 -0.330709
vn -0.488189 -0.803150 -0.354331
vn -0.141732 -0.881890 -0.448819
vn -0.188976 -0.803150 -0.566929
vn -0.417323 -0.700787 -0.574803
vn -0.574803 -0.700787 -0.417323
vn -0.677165 -0.700787 -0.220472
vn -0.716535 -0.700787 0.000000
vn -0.811024 -0.582677 0.000000
vn -0.771654 -0.582677 -0.251968
vn -0.897638 -0.448819 0.000000
vn -0.850394 -0.448819 -0.275590
vn -0.952756 -0.307087 0.000000
vn -0.661417 -0.582677 -0.480315
vn -0.905512 -0.307087 -0.291339
vn -0.984252 -0.157480 0.000000
vn -0.724409 -0.448819 -0.527559
vn -0.480315 -0.582677 -0.661417
vn -0.527559 -0.448819 -0.724409
vn -0.937008 -0.157480 -0.307087
vn -1.000000 0.000000 0.000000
vn -0.771654 -0.307087 -0.559055
vn -0.559055 -0.307087 -0.771653
vn -0.952756 -0.000000 -0.307087
vn -0.803150 -0.157480 -0.582677
vn -0.582677 -0.157480 -0.803149
vn -0.811024 -0.000000 -0.590551
vn -0.937008 0.157480 -0.307087
vn -0.984252 0.157480 -0.000000
vn -0.803150 0.157480 -0.582677
vn -0.905512 0.307087 -0.291339
vn -0.952756 0.307087 -0.000000
vn -0.771654 0.307087 -0.559055
vn -0.582677 0.157480 -0.803149
vn -0.850394 0.448819 -0.275591
vn -0.897638 0.448819 -0.000000
vn -0.724409 0.448819 -0.527559
vn -0.771654 0.582677 -0.251969
vn -0.811024 0.582677 -0.000000
vn -0.661417 0.582677 -0.480315
vn -0.559055 0.307086 -0.771653
vn -0.527559 0.448819 -0.724409
vn -0.677165 0.700787 -0.220472
vn -0.716535 0.700787 -0.000000
vn -0.598425 0.803149 -0.000000
vn -0.574803 0.700787 -0.417323
vn -0.566929 0.803149 -0.188976
vn -0.448819 0.881890 -0.141732
vn -0.472441 0.881890 -0.000000
vn -0.330709 0.944882 -0.000000
vn -0.488189 0.803149 -0.354331
vn -0.314961 0.944882 -0.102362
vn -0.196850 0.976378 -0.000000
vn -0.377953 0.881890 -0.275591
vn -0.173228 0.976378 -0.094488
vn 0.000000 1.000000 -0.000000
vn -0.267717 0.944882 -0.196850
vn -0.196850 0.944882 -0.267717
vn -0.102362 0.976378 -0.173228
vn -0.275591 0.881890 -0.377953
vn -0.102362 0.944882 -0.314961
vn 0.000000 0.976378 -0.196850
vn -0.354331 0.803149 -0.488189
vn -0.141732 0.881890 -0.448819
vn -0.417323 0.700787 -0.574803
vn -0.188976 0.803149 -0.566929
vn -0.480315 0.582677 -0.661417
vn -0.220472 0.700787 -0.677165
vn -0.251969 0.582677 -0.771653
vn -0.275591 0.448819 -0.850394
vn -0.291339 0.307086 -0.905512
vn 0.000000 0.448819 -0.897638
vn -0.307087 0.157480 -0.937008
vn 0.000000 0.307086 -0.952756
vn 0.000000 0.157480 -0.984252
vn -0.307087 -0.000000 -0.952756
vn 0.000000 -0.000000 -1.000000
vn -0.590551 -0.000000 -0.811023
vn -0.307087 -0.157480 -0.937008
vn -0.291339 -0.307087 -0.905512
vn 0.000000 -0.157480 -0.984252
vn -0.275591 -0.448819 -0.850394
vn 0.000000 -0.307087 -0.952756
vn -0.251969 -0.582677 -0.771653
vn 0.000000 -0.448819 -0.897638
vn -0.220472 -0.700787 -0.677165
vn 0.000000 -0.582677 -0.811023
vn 0.275591 -0.448819 -0.850394
vn 0.000000 -0.700787 -0.716535
vn 0.291339 -0.307087 -0.905512
vn 0.251969 -0.582677 -0.771653
vn 0.220472 -0.700787 -0.677165
vn 0.000000 -0.803150 -0.598425
vn 0.000000 -0.881890 -0.472441
vn 0.141732 -0.881890 -0.448819
vn 0.188976 -0.803150 -0.566929
vn 0.102362 -0.944882 -0.314960
vn 0.275591 -0.881890 -0.377953
vn 0.417323 -0.700787 -0.574803
vn 0.354331 -0.803150 -0.488189
vn 0.480315 -0.582677 -0.661417
vn 0.574803 -0.700787 -0.417323
vn 0.527559 -0.448819 -0.724409
vn 0.661417 -0.582677 -0.480315
vn 0.559055 -0.307087 -0.771653
vn 0.724409 -0.448819 -0.527559
vn 0.307087 -0.157480 -0.937008
vn 0.771654 -0.307087 -0.559055
vn 0.582677 -0.157480 -0.803149
vn 0.307087 -0.000000 -0.952756
vn 0.307087 0.157480 -0.937008
vn 0.590551 -0.000000 -0.811023
vn 0.291339 0.307086 -0.905512
vn 0.582677 0.157480 -0.803149
vn 0.559055 0.307086 -0.771653
vn 0.275591 0.448819 -0.850394
vn 0.527559 0.448819 -0.724409
vn 0.251969 0.582677 -0.771653
vn 0.480315 0.582677 -0.661417
vn 0.724409 0.448819 -0.527559
vn 0.000000 0.582677 -0.811024
vn 0.661417 0.582677 -0.480315
vn 0.000000 0.700787 -0.716535
vn 0.220472 0.700787 -0.677165
vn 0.000000 0.803149 -0.598425
vn 0.417323 0.700787 -0.574803
vn 0.188976 0.803149 -0.566929
vn 0.000000 0.881890 -0.472441
vn 0.574803 0.700787 -0.417323
vn 0.000000 0.944882 -0.330709
vn 0.141732 0.881890 -0.448819
vn 0.102362 0.944882 -0.314961
vn 0.094488 0.976378 -0.173228
vn 0.275591 0.881890 -0.377953
vn 0.196850 0.944882 -0.267717
vn 0.173228 0.976378 -0.102362
vn 0.196850 0.976378 -0.000000
vn 0.267717 0.944882 -0.196850
vn 0.314961 0.944882 -0.102362
vn 0.330709 0.944882 -0.000000
vn 0.377953 0.881890 -0.275591
vn 0.448819 0.881890 -0.141732
vn 0.472441 0.881890 -0.000000
vn 0.598425 0.803149 -0.000000
vn 0.354331 0.803149 -0.488189
vn 0.566929 0.803149 -0.188976
vn 0.488189 0.803149 -0.354331
vn 0.677165 0.700787 -0.220472
vn 0.716535 0.700787 -0.000000
vn 0.811024 0.582677 -0.000000
vn 0.771654 0.582677 -0.251969
vn 0.897638 0.448819 -0.000000
vn 0.850394 0.448819 -0.275591
vn 0.952756 0.307087 -0.000000
vn 0.905512 0.307087 -0.291339
vn 0.984252 0.157480 -0.000000
vn 0.771654 0.307087 -0.559055
vn 0.937008 0.157480 -0.307087
vn 1.000000 0.000000 0.000000
vn 0.803150 0.157480 -0.582677
vn 0.811024 -0.000000 -0.590551
vn 0.952756 -0.000000 -0.307087
vn 0.803150 -0.157480 -0.582677
vn 0.937008 -0.157480 -0.307087
vn 0.984252 -0.157480 0.000000
vn 0.905512 -0.307087 -0.291339
vn 0.952756 -0.307087 0.000000
vn 0.850394 -0.448819 -0.275590
vn 0.897638 -0.448819 0.000000
vn 0.771654 -0.582677 -0.251968
vn 0.811024 -0.582677 0.000000
vn 0.677165 -0.700787 -0.220472
vn 0.716535 -0.700787 0.000000
vn 0.598425 -0.803149 0.000000
vn 0.566929 -0.803149 -0.188976
vn 0.488189 -0.803150 -0.354331
vn 0.448819 -0.881890 -0.141732
vn 0.472441 -0.881890 0.000000
vn 0.330709 -0.944882 0.000000
vn 0.377953 -0.881890 -0.275590
vn 0.314961 -0.944882 -0.102362
vn 0.196850 -0.976378 0.000000
vn 0.196850 -0.944882 -0.267716
vn 0.267717 -0.944882 -0.196850
vn 0.173228 -0.976378 -0.094488
vn 0.102362 -0.976378 -0.173228
vn 0.070866 1.000000 0.023622
vn 0.062992 1.000000 0.039370
vn 0.000000 1.000000 -0.000000
vn 0.070866 1.000000 -0.000000
vn 0.039370 1.000000 0.062992
vn 0.070866 1.000000 -0.023622
vn 0.023622 1.000000 0.070866
vn 0.062992 1.000000 -0.039370
vn 0.000000 1.000000 0.070866
vn 0.039370 1.000000 -0.062992
vn -0.023622 1.000000 0.070866
vn 0.023622 1.000000 -0.070866
vn -0.039370 1.000000 0.062992
vn 0.000000 1.000000 -0.070866
vn -0.062992 1.000000 0.039370
vn -0.023622 1.000000 -0.070866
vn -0.070866 1.000000 0.023622
vn -0.039370 1.000000 -0.062992
vn -0.070866 1.000000 -0.000000
vn -0.062992 1.000000 -0.039370
vn -0.070866 1.000000 -0.023622
vn -0.921260 -0.000000 -0.385827
vn -1.000000 -0.000000 -0.031496
vn -0.921260 -0.000000 -0.385827
vn -1.000000 -0.000000 -0.031496
vn -1.000000 0.000000 0.031496
vn -1.000000 0.000000 0.031496
vn -0.921260 0.000000 0.385827
vn -0.921260 0.000000 0.385827
vn -0.385827 0.000000 0.921260
vn -0.031496 0.000000 1.000000
vn -0.385827 0.000000 0.921260
vn -0.031496 0.000000 1.000000
vn 0.031496 0.000000 1.000000
vn 0.031496 0.000000 1.000000
vn 0.385827 0.000000 0.921260
vn 0.385827 0.000000 0.921260
vn 0.385827 -0.000000 -0.921260
vn 0.031496 -0.000000 -1.000000
vn 0.385827 -0.000000 -0.921260
vn 0.031496 -0.000000 -1.000000
vn -0.031496 -0.000000 -1.000000
vn -0.031496 -0.000000 -1.000000
vn -0.385827 -0.000000 -0.921260
vn -0.385827 -0.000000 -0.921260
vn 0.921260 0.000000 0.385827
vn 0.921260 0.000000 0.385827
vn 1.000000 0.000000 0.031496
vn 1.000000 0.000000 0.031496
vn 1.000000 -0.000000 -0.031496
vn 1.000000 -0.000000 -0.031496
vn 0.921260 -0.000000 -0.385827
vn 0.921260 -0.000000 -0.385827
vn -0.921260 0.000000 0.385827
vn -0.921260 0.000000 0.385827
vn -1.000000 0.000000 0.023622
vn -1.000000 0.000000 0.023622
vn -1.000000 -0.000000 -0.023622
vn -1.000000 -0.000000 -0.023622
vn -0.921260 -0.000000 -0.385827
vn -0.921260 -0.000000 -0.385827
vn -0.385827 0.000000 0.921260
vn -0.385827 0.000000 0.921260
vn -0.023622 0.000000 1.000000
vn -0.023622 0.000000 1.000000
vn 0.023622 0.000000 1.000000
vn 0.023622 0.000000 1.000000
vn 0.385827 0.000000 0.921260
vn 0.385827 0.000000 0.921260
vn -0.385827 -0.000000 -0.921260
vn -0.385827 -0.000000 -0.921260
vn -0.023622 -0.000000 -1.000000
vn -0.023622 -0.000000 -1.000000
vn 0.023622 -0.000000 -1.000000
vn 0.023622 -0.000000 -1.000000
vn 0.385827 -0.000000 -0.921260
vn 0.385827 -0.000000 -0.921260
vn 0.921260 0.000000 0.385827
vn 1.000000 0.000000 0.023622
vn 0.921260 0.000000 0.385827
vn 1.000000 0.000000 0.023622
vn 1.000000 -0.000000 -0.023622
vn 1.000000 -0.000000 -0.023622
vn 0.921260 -0.000000 -0.385827
vn 0.921260 -0.000000 -0.385827
vn 0.692913 -0.724409 0.031496
vn 0.212598 -0.952756 0.212599
vn 0.409449 -0.818897 0.409449
vn 0.488189 -0.874016 0.007874
vn 0.000000 -1.000000 0.000000
vn 0.000000 -1.000000 0.000000
vn 0.692913 -0.724409 -0.031496
vn 0.000000 -1.000000 0.000000
vn 0.488189 -0.874016 -0.007874
vn 0.000000 -1.000000 0.000000
vn 0.212598 -0.952756 -0.212598
vn 0.409449 -0.818898 -0.409449
vn 0.031496 -0.724409 -0.692913
vn 0.007874 -0.874016 -0.488189
vn 0.000000 -1.000000 0.000000
vn -0.007874 -0.874016 -0.488189
vn 0.000000 -1.000000 0.000000
vn -0.031496 -0.724409 -0.692913
vn 0.000000 -1.000000 0.000000
vn -0.212598 -0.952756 -0.212598
vn -0.409449 -0.818898 -0.409449
vn -0.692913 -0.724409 -0.031496
vn -0.488189 -0.874016 -0.007874
vn 0.000000 -1.000000 0.000000
vn -0.692913 -0.724409 0.031496
vn 0.000000 -1.000000 0.000000
vn -0.488189 -0.874016 0.007874
vn 0.000000 -1.000000 0.000000
vn -0.212598 -0.952756 0.212599
vn -0.409449 -0.818897 0.409449
vn -0.031496 -0.724409 0.692913
vn -0.007874 -0.874016 0.488189
vn 0.000000 -1.000000 0.000000
vn 0.031496 -0.724409 0.692913
vn 0.000000 -1.000000 0.000000
vn 0.212598 -0.952756 0.212599
vn 0.409449 -0.818897 0.409449
vn 0.007874 -0.874016 0.488189
vn 0.000000 -1.000000 0.000000
vn 0.409449 0.818898 0.409449
vn 0.212598 0.952756 0.212598
vn 0.692913 0.724409 0.031496
vn 0.488189 0.874016 0.007874
vn 0.000000 1.000000 -0.000000
vn 0.000000 1.000000 -0.000000
vn 0.000000 1.000000 -0.000000
vn 0.488189 0.874016 -0.007874
vn 0.692913 0.724409 -0.031496
vn 0.000000 1.000000 -0.000000
vn 0.212598 0.952756 -0.212599
vn 0.409449 0.818897 -0.409449
vn 0.031496 0.724409 -0.692913
vn 0.007874 0.874016 -0.488189
vn 0.000000 1.000000 -0.000000
vn -0.007874 0.874016 -0.488189
vn 0.000000 1.000000 -0.000000
vn -0.031496 0.724409 -0.692913
vn 0.000000 1.000000 -0.000000
vn -0.212598 0.952756 -0.212599
vn -0.409449 0.818897 -0.409449
vn -0.692913 0.724409 -0.031496
vn -0.488189 0.874016 -0.007874
vn 0.000000 1.000000 -0.000000
vn 0.000000 1.000000 -0.000000
vn -0.488189 0.874016 0.007874
vn -0.692913 0.724409 0.031496
vn 0.000000 1.000000 -0.000000
vn -0.212598 0.952756 0.212598
vn -0.409449 0.818898 0.409449
vn -0.031496 0.724409 0.692913
vn -0.007874 0.874016 0.488189
vn 0.000000 1.000000 -0.000000
vn 0.031496 0.724409 0.692913
vn 0.000000 1.000000 -0.000000
vn 0.212598 0.952756 0.212598
vn 0.409449 0.818898 0.409449
vn 0.007874 0.874016 0.488189
vn 0.000000 1.000000 -0.000000
tan 0.304669 -0.149544 -0.945254 1.000000
tan 0.170500 -0.178250 -0.968752 1.000000
tan 0.234360 -0.137268 -0.960878 1.000000
tan 0.279001 -0.174468 -0.945502 1.000000
tan 0.061256 -0.677165 -0.732283 1.000000
tan 0.519251 -0.174530 -0.837002 1.000000
tan 0.507781 -0.145700 -0.851510 1.000000
tan 0.742141 -0.145638 -0.656209 1.000000
tan 0.127534 -0.674003 -0.722425 1.000000
tan 0.022878 -0.968504 -0.251968 1.000000
tan 0.338707 -0.674623 -0.649513 1.000000
tan 0.759502 -0.174654 -0.627751 1.000000
tan 0.914502 -0.173600 -0.356501 1.000000
tan 0.914006 -0.149172 -0.390601 1.000000
tan 0.601711 -0.681381 -0.416641 1.000000
tan -0.022382 -0.937752 -0.263748 1.000000
tan 0.019592 -0.927956 -0.285696 1.000000
tan -0.060016 -0.932234 0.253581 1.000000
tan -0.083204 -0.953066 0.265609 1.000000
tan -0.179056 -0.935210 0.190960 1.000000
tan -0.097340 -0.905698 0.320789 1.000000
tan -0.135532 -0.929630 0.343729 1.000000
tan -0.216008 -0.914502 0.261641 1.000000
tan -0.165912 -0.761485 0.609709 1.000000
tan -0.125240 -0.765577 0.632773 1.000000
tan -0.365863 -0.769917 0.520801 1.000000
tan -0.303243 -0.489615 0.823486 1.000000
tan -0.180544 -0.480501 0.860252 1.000000
tan -0.421849 -0.141298 0.898382 1.000000
tan -0.320293 -0.133920 0.937442 1.000000
tan -0.472441 -0.073656 0.881890 1.000000
tan -0.409449 -0.064728 0.913386 1.000000
tan -0.533015 -0.489739 0.692789 1.000000
tan -0.648397 -0.145886 0.749953 1.000000
tan -0.685039 -0.073098 0.732283 1.000000
tan -0.850394 -0.074028 0.519685 1.000000
tan -0.752434 -0.487011 0.444231 1.000000
tan -0.843698 -0.146816 0.531217 1.000000
tan -0.960878 -0.141174 0.242172 1.000000
tan -0.976378 -0.074586 0.228346 1.000000
tan -0.854548 -0.485399 0.182156 1.000000
tan -0.992126 -0.141732 -0.054684 1.000000
tan -1.000000 -0.070866 -0.078740 1.000000
tan -0.929134 -0.074586 -0.370079 1.000000
tan -0.585467 -0.762043 0.266787 1.000000
tan -0.929630 -0.141794 -0.343729 1.000000
tan -0.779528 -0.073594 -0.622047 1.000000
tan -0.366917 -0.909046 0.068200 1.000000
tan -0.640213 -0.758137 0.062310 1.000000
tan -0.362515 -0.908116 -0.027218 1.000000
tan -0.300205 -0.927956 0.025420 1.000000
tan -0.286565 -0.929878 -0.042780 1.000000
tan 0.176576 -0.935210 -0.172856 1.000000
tan 0.233120 -0.937752 -0.071920 1.000000
tan 0.709963 -0.677289 -0.176700 1.000000
tan 0.251969 -0.968504 -0.045756 1.000000
tan -0.267717 -0.960630 -0.045384 1.000000
tan 0.984252 -0.181102 -0.054250 1.000000
tan 0.984314 -0.140616 -0.093744 1.000000
tan 0.960878 -0.148428 0.234360 1.000000
tan 0.732283 -0.677165 -0.027962 1.000000
tan 0.953252 -0.174468 0.255751 1.000000
tan 0.835886 -0.146568 0.539029 1.000000
tan 0.724099 -0.672329 0.116684 1.000000
tan 0.821502 -0.174716 0.542501 1.000000
tan 0.640585 -0.676607 0.354579 1.000000
tan 0.266105 -0.937752 -0.029636 1.000000
tan 0.596751 -0.174778 0.782751 1.000000
tan 0.617149 -0.146878 0.781201 1.000000
tan 0.320293 -0.149172 0.937442 1.000000
tan 0.390663 -0.680575 0.619567 1.000000
tan 0.310001 -0.173600 0.930002 1.000000
tan 0.007750 -0.181102 0.984252 1.000000
tan 0.007812 -0.141732 0.992126 1.000000
tan -0.304669 -0.149544 0.945254 1.000000
tan 0.155000 -0.673941 0.713311 1.000000
tan 0.127906 -0.936884 0.209808 1.000000
tan 0.028396 -0.937752 0.247257 1.000000
tan 0.263377 -0.932420 0.052266 1.000000
tan -0.215388 -0.941348 -0.148366 1.000000
tan -0.072602 -0.936884 -0.268956 1.000000
tan -0.253581 -0.932234 -0.060016 1.000000
tan -0.290409 -0.916114 -0.177568 1.000000
tan -0.332693 -0.912704 -0.069316 1.000000
tan -0.346457 -0.937008 -0.044268 1.000000
tan -0.541633 -0.768925 -0.336103 1.000000
tan -0.637795 -0.771653 -0.028272 1.000000
tan -0.622171 -0.761671 -0.127782 1.000000
tan -0.874016 -0.488189 -0.038254 1.000000
tan -0.838428 -0.488685 -0.251410 1.000000
tan -0.706553 -0.489057 -0.512369 1.000000
tan -0.781202 -0.146196 -0.609337 1.000000
tan -0.554653 -0.146072 -0.820262 1.000000
tan -0.559055 -0.074586 -0.834646 1.000000
tan -0.467977 -0.487693 -0.736375 1.000000
tan -0.289045 -0.142352 -0.953066 1.000000
tan -0.283465 -0.074772 -0.960630 1.000000
tan -0.291525 -0.764337 -0.569657 1.000000
tan -0.213342 -0.486453 -0.846488 1.000000
tan 0.007812 -0.141732 -0.992126 1.000000
tan 0.007874 -0.070866 -1.000000 1.000000
tan 0.299213 -0.074586 -0.952756 1.000000
tan -0.109368 -0.911774 -0.338149 1.000000
tan 0.296857 -0.141670 -0.945254 1.000000
tan 0.566929 -0.073904 -0.818897 1.000000
tan -0.000372 -0.929878 -0.272428 1.000000
tan -0.010540 -0.910410 -0.351045 1.000000
tan -0.089652 -0.761857 -0.634633 1.000000
tan 0.007564 -0.960630 -0.267716 1.000000
tan 0.007626 -0.968504 0.251969 1.000000
tan 0.007378 -0.937008 -0.346457 1.000000
tan 0.000000 -0.677165 0.732283 1.000000
tan -0.144150 -0.677351 0.720751 1.000000
tan 0.000000 -0.771653 -0.637795 1.000000
tan -0.302251 -0.174468 0.937752 1.000000
tan 0.006882 -0.488189 -0.874016 1.000000
tan -0.589001 -0.175088 0.790501 1.000000
tan -0.601525 -0.146444 0.789013 1.000000
tan -0.828074 -0.146320 0.546841 1.000000
tan 0.220224 -0.487631 -0.846488 1.000000
tan 0.100440 -0.757951 -0.627751 1.000000
tan 0.474859 -0.489987 -0.736375 1.000000
tan 0.017546 -0.910410 -0.348751 1.000000
tan 0.301445 -0.763035 -0.561039 1.000000
tan 0.007564 -0.929878 -0.270072 1.000000
tan 0.121272 -0.911774 -0.329469 1.000000
tan -0.021142 -0.937752 0.249613 1.000000
tan 0.084878 -0.936884 -0.260028 1.000000
tan 0.545229 -0.765329 -0.326183 1.000000
tan 0.299089 -0.916114 -0.165664 1.000000
tan -0.115630 -0.936884 0.218736 1.000000
tan -0.390663 -0.680575 0.619567 1.000000
tan 0.224316 -0.941348 -0.136090 1.000000
tan -0.813752 -0.175212 0.558001 1.000000
tan -0.637423 -0.679769 0.364685 1.000000
tan -0.945502 -0.173600 0.263501 1.000000
tan -0.960878 -0.148800 0.242172 1.000000
tan -0.254449 -0.932420 0.064542 1.000000
tan -0.263749 -0.937752 -0.022382 1.000000
tan -0.724099 -0.672329 0.116684 1.000000
tan -0.984252 -0.181102 -0.054250 1.000000
tan -0.992126 -0.141732 -0.085932 1.000000
tan -0.914006 -0.149172 -0.390601 1.000000
tan 0.255937 -0.929878 -0.050716 1.000000
tan -0.914502 -0.173600 -0.356501 1.000000
tan -0.734329 -0.145390 -0.664021 1.000000
tan 0.337281 -0.912704 -0.055304 1.000000
tan -0.751751 -0.175150 -0.643251 1.000000
tan -0.499969 -0.145948 -0.859322 1.000000
tan -0.709963 -0.677289 -0.176700 1.000000
tan -0.496001 -0.174344 -0.852502 1.000000
tan -0.257797 -0.149544 -0.960878 1.000000
tan -0.592783 -0.680203 -0.426747 1.000000
tan -0.100750 -0.179676 -0.976502 1.000000
tan -0.195300 -0.139500 -0.976502 1.000000
tan -0.209250 -0.173166 -0.961002 1.000000
tan -0.022196 -0.677165 -0.732283 1.000000
tan -0.089218 -0.672391 -0.733213 1.000000
tan 0.045756 -0.968504 -0.251968 1.000000
tan -0.312729 -0.673817 -0.667369 1.000000
tan 0.089652 -0.928142 -0.282968 1.000000
tan 0.131936 -0.925042 0.227913 1.000000
tan 0.158844 -0.945502 0.263501 1.000000
tan 0.025358 -0.923492 -0.316944 1.000000
tan 0.224130 -0.933536 0.157604 1.000000
tan 0.163122 -0.900986 0.297415 1.000000
tan 0.194556 -0.914874 0.338273 1.000000
tan 0.254449 -0.906938 0.230145 1.000000
tan 0.209808 -0.761299 0.595387 1.000000
tan 0.159588 -0.759501 0.627751 1.000000
tan 0.390601 -0.767313 0.499969 1.000000
tan 0.348193 -0.485709 0.801661 1.000000
tan 0.232562 -0.472813 0.846488 1.000000
tan 0.589063 -0.758447 0.256867 1.000000
tan 0.484345 -0.140058 0.867134 1.000000
tan 0.398413 -0.129456 0.906194 1.000000
tan 0.556761 -0.487321 0.669849 1.000000
tan 0.527559 -0.072726 0.850394 1.000000
tan 0.472441 -0.062496 0.881890 1.000000
tan 0.671833 -0.146072 0.734329 1.000000
tan 0.700787 -0.072726 0.716535 1.000000
tan 0.759316 -0.485523 0.430467 1.000000
tan 0.851510 -0.146382 0.515593 1.000000
tan 0.866142 -0.074400 0.503937 1.000000
tan 0.960878 -0.141174 0.242172 1.000000
tan 0.968504 -0.074214 0.236220 1.000000
tan 0.854548 -0.485399 0.182156 1.000000
tan 0.992126 -0.141732 -0.046872 1.000000
tan 1.000000 -0.070866 -0.062992 1.000000
tan 0.937008 -0.074772 -0.354331 1.000000
tan 0.640213 -0.758137 0.062310 1.000000
tan 0.929630 -0.141422 -0.335917 1.000000
tan 0.787402 -0.073780 -0.614173 1.000000
tan 0.874016 -0.488189 -0.031372 1.000000
tan 0.789014 -0.146444 -0.601525 1.000000
tan 0.637795 -0.771653 -0.028272 1.000000
tan 0.838428 -0.487507 -0.244528 1.000000
tan 0.346457 -0.937008 -0.036890 1.000000
tan 0.570277 -0.146506 -0.812449 1.000000
tan 0.715729 -0.489863 -0.502387 1.000000
tan 0.624031 -0.759811 -0.116994 1.000000
tan 0.267717 -0.960630 -0.037820 1.000000
tan 0.362515 -0.908116 -0.027218 1.000000
tan -0.251969 -0.968504 -0.038130 1.000000
tan 0.286565 -0.929878 -0.042780 1.000000
tan 0.375597 -0.909046 0.056296 1.000000
tan 0.313597 -0.927956 0.007006 1.000000
tan -0.233120 -0.937752 -0.071920 1.000000
tan -0.163184 -0.935210 -0.191270 1.000000
tan -0.732283 -0.677165 -0.022196 1.000000
tan 0.000000 -1.000000 0.000000 1.000000
tan 0.000000 -0.952756 0.000000 1.000000
tan 0.000000 -1.000000 0.000000 1.000000
tan 0.000000 -0.962428 0.000000 1.000000
tan 0.000000 -1.000000 0.000000 1.000000
tan 0.000000 -0.952756 0.000000 1.000000
tan 0.000000 -0.962428 0.000000 1.000000
tan 0.000000 -0.908116 0.000000 1.000000
tan 0.000000 -0.969186 0.000000 1.000000
tan 0.000000 -0.969186 0.000000 1.000000
tan 0.000000 -0.969186 0.000000 1.000000
tan 0.000000 -0.969186 0.000000 1.000000
tan 0.000000 -0.860438 0.000000 1.000000
tan 0.000000 -0.969186 0.000000 1.000000
tan 0.000000 -0.969186 0.000000 1.000000
tan 0.000000 -0.969186 0.000000 1.000000
tan 0.000000 -0.952756 0.000000 1.000000
tan 0.000000 -0.962428 0.000000 1.000000
tan 0.000000 -0.952756 0.000000 1.000000
tan 0.000000 -1.000000 0.000000 1.000000
tan 0.000000 -1.000000 0.000000 1.000000
tan 0.000000 -0.969186 0.000000 1.000000
tan 0.000000 -0.969186 0.000000 1.000000
tan 0.000000 -0.969186 0.000000 1.000000
tan 0.000000 -0.969186 0.000000 1.000000
tan 0.000000 -0.969186 0.000000 1.000000
tan 0.000000 -0.952756 0.000000 1.000000
tan 0.000000 -0.969186 0.000000 1.000000
tan 0.000000 -0.969186 0.000000 1.000000
tan 0.000000 -0.969186 0.000000 1.000000
tan 0.000000 -0.969186 0.000000 1.000000
tan 0.000000 -0.969186 0.000000 1.000000
tan 0.000000 -0.969186 0.000000 1.000000
tan 0.000000 -0.969186 0.000000 1.000000
tan 0.000000 -0.969186 0.000000 1.000000
tan 0.000000 -0.969186 0.000000 1.000000
tan 0.000000 -0.969186 0.000000 1.000000
tan 0.000000 -0.969186 0.000000 1.000000
tan 0.000000 -0.969186 0.000000 1.000000
tan 0.000000 -0.969186 0.000000 1.000000
tan 0.000000 -0.969186 0.000000 1.000000
tan 0.000000 -0.969186 0.000000 1.000000
tan 0.000000 -0.969186 0.000000 1.000000
tan 0.000000 -0.969186 0.000000 1.000000
tan 0.006386 -0.860438 -0.004650 1.000000
tan 0.000000 -0.969186 0.000000 1.000000
tan 0.000000 -0.969186 0.000000 1.000000
tan 0.000000 -0.879038 0.000000 1.000000
tan 0.000000 -1.000000 0.000000 1.000000
tan 0.000000 -0.952756 0.000000 1.000000
tan 0.000000 -0.952756 0.000000 1.000000
tan 0.000000 -0.952756 0.000000 1.000000
tan 0.000000 -0.962428 0.000000 1.000000
tan 0.000000 -0.969186 0.000000 1.000000
tan 0.000000 -0.969186 0.000000 1.000000
tan 0.000000 -0.969186 0.000000 1.000000
tan 0.000000 -0.969186 0.000000 1.000000
tan 0.000000 -0.969186 0.000000 1.000000
tan 0.000000 -0.952756 0.000000 1.000000
tan 0.000000 -0.962428 0.000000 1.000000
tan 0.000000 -0.969186 0.000000 1.000000
tan 0.000000 -1.000000 0.000000 1.000000
tan 0.000000 -1.000000 0.000000 1.000000
tan 0.000000 -0.952756 0.000000 1.000000
tan 0.000000 -0.860438 0.000000 1.000000
tan 0.000000 -0.879038 0.000000 1.000000
tan 0.000000 -0.969186 0.000000 1.000000
tan 0.000000 -0.969186 0.000000 1.000000
tan 0.000000 -0.969186 0.000000 1.000000
tan 0.000000 -0.969186 0.000000 1.000000
tan 0.000000 -0.969186 0.000000 1.000000
tan 0.000000 -0.969186 0.000000 1.000000
tan 0.000000 -0.969186 0.000000 1.000000
tan 0.000000 -0.969186 0.000000 1.000000
tan 0.000000 -0.969186 0.000000 1.000000
tan 0.000000 -0.952756 0.000000 1.000000
tan 0.000000 -0.969186 0.000000 1.000000
tan 0.000000 -0.969186 0.000000 1.000000
tan 0.000000 -0.969186 0.000000 1.000000
tan 0.000000 -0.969186 0.000000 1.000000
tan 0.000000 -0.969186 0.000000 1.000000
tan 0.000000 -0.969186 0.000000 1.000000
tan 0.000000 -0.969186 0.000000 1.000000
tan 0.000000 -0.969186 0.000000 1.000000
tan 0.000000 -0.969186 0.000000 1.000000
tan 0.000000 -0.969186 0.000000 1.000000
tan 0.000000 -0.969186 0.000000 1.000000
tan 0.000000 -0.969186 0.000000 1.000000
tan 0.000000 -0.969186 0.000000 1.000000
tan -0.004650 -0.860438 -0.006386 1.000000
tan 0.000000 -0.969186 0.000000 1.000000
tan 0.000000 -0.969186 0.000000 1.000000
tan 0.000000 -0.879038 0.000000 1.000000
tan 0.000000 -1.000000 0.000000 1.000000
tan 0.000000 -0.952756 0.000000 1.000000
tan 0.000000 -0.962428 0.000000 1.000000
tan 0.000000 -0.952756 0.000000 1.000000
tan 0.000000 -0.908116 0.000000 1.000000
tan 0.000000 -0.969186 0.000000 1.000000
tan 0.000000 -0.879038 0.000000 1.000000
tan 0.000000 -0.969186 0.000000 1.000000
tan 0.000000 -0.969186 0.000000 1.000000
tan 0.000000 -0.952756 0.000000 1.000000
tan 0.000000 -0.962428 0.000000 1.000000
tan 0.000000 -0.969186 0.000000 1.000000
tan 0.000000 -0.862174 0.000000 1.000000
tan 0.000000 -0.879038 0.000000 1.000000
tan 0.000000 -1.000000 0.000000 1.000000
tan 0.000000 -1.000000 0.000000 1.000000
tan 0.000000 -0.952756 0.000000 1.000000
tan 0.000000 -1.000000 0.000000 1.000000
tan 0.000000 -0.952756 0.000000 1.000000
tan 0.000000 -0.952756 0.000000 1.000000
tan 0.000000 -0.969186 0.000000 1.000000
tan 0.000000 -0.969186 0.000000 1.000000
tan 0.000000 -0.969186 0.000000 1.000000
tan 0.000000 -0.969186 0.000000 1.000000
tan 0.000000 -0.969186 0.000000 1.000000
tan 0.000000 -0.969186 0.000000 1.000000
tan 0.000000 -0.969186 0.000000 1.000000
tan 0.000000 -0.969186 0.000000 1.000000
tan 0.000000 -0.969186 0.000000 1.000000
tan 0.000000 -0.969186 0.000000 1.000000
tan 0.000000 -0.969186 0.000000 1.000000
tan 0.000000 -0.969186 0.000000 1.000000
tan 0.000000 -0.969186 0.000000 1.000000
tan 0.000000 -0.969186 0.000000 1.000000
tan 0.000000 -0.969186 0.000000 1.000000
tan 0.000000 -0.969186 0.000000 1.000000
tan 0.000000 -0.969186 0.000000 1.000000
tan 0.000000 -0.969186 0.000000 1.000000
tan 0.000000 -0.969186 0.000000 1.000000
tan -0.006386 -0.860438 0.004650 1.000000
tan 0.000000 -0.969186 0.000000 1.000000
tan 0.000000 -0.969186 0.000000 1.000000
tan 0.000000 -0.879038 0.000000 1.000000
tan 0.000000 -0.962428 0.000000 1.000000
tan 0.000000 -0.969186 0.000000 1.000000
tan 0.000000 -0.888338 0.000000 1.000000
tan 0.000000 -0.969186 0.000000 1.000000
tan 0.000000 -0.969186 0.000000 1.000000
tan 0.000000 -0.879038 0.000000 1.000000
tan 0.000000 -0.969186 0.000000 1.000000
tan 0.000000 -0.969186 0.000000 1.000000
tan 0.000000 -0.952756 0.000000 1.000000
tan 0.000000 -0.962428 0.000000 1.000000
tan 0.000000 -1.000000 0.000000 1.000000
tan 0.000000 -1.000000 0.000000 1.000000
tan 0.000000 -1.000000 0.000000 1.000000
tan 0.000000 -0.952756 0.000000 1.000000
tan 0.000000 -0.969186 0.000000 1.000000
tan 0.000000 -0.969186 0.000000 1.000000
tan 0.000000 -0.969186 0.000000 1.000000
tan 0.000000 -0.969186 0.000000 1.000000
tan 0.000000 -0.969186 0.000000 1.000000
tan 0.000000 -0.969186 0.000000 1.000000
tan 0.000000 -0.969186 0.000000 1.000000
tan 0.000000 -0.969186 0.000000 1.000000
tan 0.000000 -0.969186 0.000000 1.000000
tan 0.000000 -0.969186 0.000000 1.000000
tan 0.000000 -0.969186 0.000000 1.000000
tan 0.000000 -0.969186 0.000000 1.000000
tan 0.000000 -0.969186 0.000000 1.000000
tan 0.000000 -0.969186 0.000000 1.000000
tan 0.000000 -0.969186 0.000000 1.000000
tan 0.000000 -0.969186 0.000000 1.000000
tan 0.000000 -0.969186 0.000000 1.000000
tan 0.000000 -0.969186 0.000000 1.000000
tan 0.000000 -0.969186 0.000000 1.000000
tan 0.000000 -0.969186 0.000000 1.000000
tan 0.000000 -0.969186 0.000000 1.000000
tan 0.000000 -0.969186 0.000000 1.000000
tan 0.000000 -0.969186 0.000000 1.000000
tan 0.000000 -0.969186 0.000000 1.000000
tan 0.004650 -0.860438 0.006386 1.000000
tan 0.000000 -0.969186 0.000000 1.000000
tan 0.000000 -0.969186 0.000000 1.000000
tan 0.000000 -0.879038 0.000000 1.000000
tan 1.000000 0.000000 0.000000 1.000000
tan 1.000000 0.000000 0.000000 1.000000
tan 1.000000 0.000000 0.000000 1.000000
tan 1.000000 0.000000 0.000000 1.000000
tan 1.000000 0.000000 0.000000 1.000000
tan 1.000000 0.000000 0.000000 1.000000
tan 1.000000 0.000000 0.000000 1.000000
tan 1.000000 0.000000 0.000000 1.000000
tan 1.000000 0.000000 0.000000 1.000000
tan 1.000000 0.000000 0.000000 1.000000
tan 1.000000 0.000000 0.000000 1.000000
tan 1.000000 0.000000 0.000000 1.000000
tan 1.000000 0.000000 0.000000 1.000000
tan 1.000000 0.000000 0.000000 1.000000
tan 1.000000 0.000000 0.000000 1.000000
tan 1.000000 0.000000 0.000000 1.000000
tan 1.000000 0.000000 0.000000 1.000000
tan 1.000000 0.000000 0.000000 1.000000
tan 1.000000 0.000000 0.000000 1.000000
tan 1.000000 0.000000 0.000000 1.000000
tan 1.000000 0.000000 0.000000 1.000000
tan 1.000000 0.000000 0.000000 1.000000
tan 1.000000 0.000000 0.000000 1.000000
tan 1.000000 0.000000 0.000000 1.000000
tan -0.592969 0.410131 0.674189 1.000000
tan -0.498481 0.174468 0.816542 1.000000
tan -0.666625 0.357121 0.614049 1.000000
tan -0.714613 0.532457 0.438837 1.000000
tan -0.435737 0.236593 0.843202 1.000000
tan -0.269081 0.054250 0.939488 1.000000
tan -0.624589 0.565441 0.529357 1.000000
tan -0.246016 0.135160 0.945626 1.000000
tan -0.023622 0.000000 1.000000 1.000000
tan -0.443115 0.430777 0.770785 1.000000
tan -0.337591 0.279869 0.884246 1.000000
tan -0.169136 0.183210 0.961002 1.000000
tan -0.248744 0.309877 0.910782 1.000000
tan -0.099944 0.193936 0.968690 1.000000
tan -0.482299 0.583049 0.657077 1.000000
tan -0.286689 0.447455 0.835018 1.000000
tan -0.131440 0.326989 0.938248 1.000000
tan -0.023064 0.196850 0.976378 1.000000
tan 0.069192 0.187240 0.976378 1.000000
tan -0.022320 0.330709 0.944882 1.000000
tan 0.192200 0.134044 0.953314 1.000000
tan 0.222952 0.044950 0.954864 1.000000
tan 0.094240 0.322959 0.938248 1.000000
tan 0.181784 0.300143 0.925662 1.000000
tan 0.398537 0.226611 0.865522 1.000000
tan 0.446401 0.156240 0.846302 1.000000
tan 0.618017 0.331081 0.670097 1.000000
tan 0.322711 0.277203 0.891686 1.000000
tan 0.543245 0.392089 0.719387 1.000000
tan 0.695641 0.518321 0.484593 1.000000
tan 0.235104 0.441193 0.858020 1.000000
tan 0.413169 0.423213 0.787649 1.000000
tan 0.616777 0.565441 0.552793 1.000000
tan 0.656643 0.671399 0.357245 1.000000
tan 0.237336 0.577407 0.777667 1.000000
tan 0.583917 0.692913 0.409015 1.000000
tan 0.555149 0.772707 0.295926 1.000000
tan 0.445099 0.574989 0.690061 1.000000
tan 0.433133 0.694463 0.569595 1.000000
tan 0.491041 0.788642 0.319921 1.000000
tan 0.431149 0.862298 0.272118 1.000000
tan 0.195982 0.683985 0.691611 1.000000
tan 0.371753 0.860500 0.254262 1.000000
tan 0.297415 0.922748 0.227478 1.000000
tan 0.368839 0.802096 0.465125 1.000000
tan 0.249489 0.911898 0.185752 1.000000
tan 0.155000 0.968752 0.155000 1.000000
tan 0.273669 0.869428 0.363879 1.000000
tan 0.136276 0.789447 0.596503 1.000000
tan 0.061256 0.861058 0.488871 1.000000
tan 0.122388 0.944138 0.110732 1.000000
tan 0.000000 1.000000 0.023622 1.000000
tan 0.178808 0.925972 0.261826 1.000000
tan 0.004278 0.917788 0.362143 1.000000
tan -0.009672 0.962428 0.030008 1.000000
tan 0.085436 0.955546 0.140492 1.000000
tan -0.025172 0.957282 0.205964 1.000000
tan -0.140554 0.949098 -0.057846 1.000000
tan -0.156240 0.976502 -0.108500 1.000000
tan -0.023250 0.962800 0.031930 1.000000
tan -0.265671 0.919028 -0.142972 1.000000
tan -0.302251 0.937752 -0.189968 1.000000
tan -0.132556 0.961870 -0.077252 1.000000
tan -0.031930 0.962800 0.023250 1.000000
tan -0.220844 0.927646 -0.204724 1.000000
tan -0.039308 0.961870 -0.160084 1.000000
tan -0.022506 0.962428 0.007254 1.000000
tan -0.038068 0.949098 0.171988 1.000000
tan -0.006200 0.949098 -0.157480 1.000000
tan -0.037696 0.923864 0.325438 1.000000
tan -0.023622 1.000000 -0.000000 1.000000
tan -0.023250 0.984252 0.157480 1.000000
tan -0.014694 0.867568 0.462645 1.000000
tan -0.022506 0.952756 0.307086 1.000000
tan 0.015624 0.793353 0.593961 1.000000
tan -0.014136 0.897638 0.448819 1.000000
tan -0.005084 0.923864 0.311674 1.000000
tan 0.056296 0.699609 0.705685 1.000000
tan -0.006200 0.949098 0.157480 1.000000
tan -0.017360 0.811024 0.582677 1.000000
tan 0.089652 0.587761 0.802777 1.000000
tan -0.011160 0.716535 0.700787 1.000000
tan 0.093558 0.462025 0.878294 1.000000
tan -0.017360 0.598425 0.803149 1.000000
tan -0.013888 0.472441 0.881890 1.000000
tan -0.131812 0.464071 0.870234 1.000000
tan -0.119412 0.589249 0.794965 1.000000
tan -0.083514 0.704817 0.702213 1.000000
tan -0.282969 0.586459 0.759439 1.000000
tan -0.241676 0.691363 0.667431 1.000000
tan -0.049104 0.797321 0.586025 1.000000
tan -0.459545 0.698183 0.539463 1.000000
tan -0.022320 0.869738 0.451795 1.000000
tan -0.176080 0.795586 0.573005 1.000000
tan -0.397731 0.810156 0.435117 1.000000
tan -0.106082 0.873520 0.463947 1.000000
tan -0.069874 0.926592 0.318122 1.000000
tan -0.313349 0.882386 0.320416 1.000000
tan -0.505549 0.790750 0.280364 1.000000
tan -0.388307 0.865026 0.210552 1.000000
tan -0.216442 0.927646 0.210800 1.000000
tan -0.434683 0.869366 0.240312 1.000000
tan -0.559737 0.779094 0.265794 1.000000
tan -0.302251 0.937752 0.189968 1.000000
tan -0.598425 0.700105 0.387315 1.000000
tan -0.667679 0.682683 0.306962 1.000000
tan -0.265671 0.919028 0.142972 1.000000
tan -0.156240 0.976502 0.108500 1.000000
tan -0.140554 0.949098 0.057846 1.000000
tan 0.000000 1.000000 -0.023622 1.000000
tan -0.118792 0.961870 0.096224 1.000000
tan -0.009672 0.962428 -0.030008 1.000000
tan -0.058280 0.961870 0.146320 1.000000
tan -0.023250 0.962800 -0.031930 1.000000
tan 0.122388 0.944138 -0.110732 1.000000
tan 0.155000 0.968752 -0.155000 1.000000
tan 0.071672 0.955546 -0.159464 1.000000
tan -0.031930 0.962800 -0.023250 1.000000
tan -0.022506 0.962428 -0.007254 1.000000
tan -0.006200 0.957282 -0.192200 1.000000
tan -0.038068 0.949098 -0.171988 1.000000
tan -0.023250 0.984252 -0.157480 1.000000
tan 0.016430 0.917788 -0.353339 1.000000
tan -0.037696 0.923864 -0.325439 1.000000
tan 0.171988 0.919896 -0.267903 1.000000
tan 0.249489 0.911898 -0.185752 1.000000
tan 0.297415 0.922748 -0.227479 1.000000
tan 0.273669 0.869428 -0.363879 1.000000
tan 0.371753 0.860500 -0.254263 1.000000
tan 0.431149 0.862298 -0.272119 1.000000
tan 0.061256 0.861058 -0.488871 1.000000
tan 0.368839 0.802095 -0.465125 1.000000
tan 0.491041 0.788641 -0.319921 1.000000
tan 0.555149 0.772707 -0.295927 1.000000
tan 0.136276 0.789447 -0.596503 1.000000
tan 0.582181 0.694649 -0.419865 1.000000
tan 0.662161 0.677041 -0.334925 1.000000
tan 0.441937 0.698989 -0.565069 1.000000
tan 0.695641 0.518321 -0.479881 1.000000
tan -0.014694 0.867568 -0.462645 1.000000
tan 0.602641 0.559489 -0.569905 1.000000
tan -0.022506 0.952756 -0.307087 1.000000
tan 0.460537 0.579887 -0.679893 1.000000
tan 0.557133 0.398041 -0.712443 1.000000
tan 0.631905 0.338521 -0.659433 1.000000
tan 0.446401 0.156240 -0.846302 1.000000
tan 0.413169 0.423213 -0.787650 1.000000
tan 0.383657 0.222456 -0.872962 1.000000
tan 0.222952 0.044950 -0.954864 1.000000
tan 0.237336 0.577407 -0.777667 1.000000
tan 0.192200 0.134044 -0.953314 1.000000
tan -0.023622 -0.000000 -1.000000 1.000000
tan 0.300391 0.272428 -0.899126 1.000000
tan 0.235104 0.441193 -0.858020 1.000000
tan 0.181784 0.300142 -0.925662 1.000000
tan 0.069192 0.187240 -0.976378 1.000000
tan 0.094240 0.322958 -0.938248 1.000000
tan 0.089652 0.587761 -0.802778 1.000000
tan -0.023064 0.196850 -0.976378 1.000000
tan 0.195982 0.683985 -0.691611 1.000000
tan 0.093558 0.462025 -0.878294 1.000000
tan 0.015624 0.793353 -0.593961 1.000000
tan 0.056296 0.699609 -0.705685 1.000000
tan -0.014136 0.897638 -0.448819 1.000000
tan -0.017360 0.811023 -0.582677 1.000000
tan -0.017360 0.598425 -0.803150 1.000000
tan -0.011160 0.716535 -0.700787 1.000000
tan -0.049104 0.797321 -0.586025 1.000000
tan -0.083514 0.704817 -0.702213 1.000000
tan -0.119412 0.589249 -0.794966 1.000000
tan -0.241676 0.691363 -0.667431 1.000000
tan -0.022320 0.869738 -0.451795 1.000000
tan -0.176080 0.795585 -0.573005 1.000000
tan -0.005084 0.923864 -0.311675 1.000000
tan -0.106082 0.873520 -0.463947 1.000000
tan -0.057722 0.926592 -0.326927 1.000000
tan -0.313349 0.882386 -0.320417 1.000000
tan -0.397731 0.810155 -0.435117 1.000000
tan -0.388307 0.865026 -0.210552 1.000000
tan -0.434683 0.869366 -0.240313 1.000000
tan -0.505549 0.790749 -0.280365 1.000000
tan -0.559737 0.779093 -0.265795 1.000000
tan -0.459545 0.701469 -0.544981 1.000000
tan -0.601897 0.696633 -0.365615 1.000000
tan -0.662161 0.677041 -0.323765 1.000000
tan -0.282969 0.586459 -0.759439 1.000000
tan -0.638725 0.571393 -0.512245 1.000000
tan -0.714613 0.532457 -0.449873 1.000000
tan -0.469651 0.580941 -0.669725 1.000000
tan -0.586025 0.407713 -0.681133 1.000000
tan -0.652737 0.349681 -0.631657 1.000000
tan -0.457003 0.434559 -0.763842 1.000000
tan -0.286689 0.447455 -0.835018 1.000000
tan -0.367351 0.286750 -0.876806 1.000000
tan -0.450617 0.240746 -0.835762 1.000000
tan -0.498481 0.174468 -0.816542 1.000000
tan -0.269081 0.054250 -0.939488 1.000000
tan -0.246016 0.142786 -0.945626 1.000000
tan -0.233864 0.308884 -0.918222 1.000000
tan -0.115320 0.189906 -0.968690 1.000000
tan -0.131440 0.326989 -0.938248 1.000000
tan -0.022320 0.330709 -0.944882 1.000000
tan -0.131812 0.464071 -0.870234 1.000000
tan -0.013888 0.472441 -0.881890 1.000000
tan 0.491041 -0.171864 0.816542 1.000000
tan 0.586025 -0.407713 0.681133 1.000000
tan 0.659681 -0.353401 0.624713 1.000000
tan 0.714613 -0.532457 0.449873 1.000000
tan 0.435737 -0.237398 0.850642 1.000000
tan 0.276769 -0.055800 0.939488 1.000000
tan 0.624589 -0.566929 0.535681 1.000000
tan 0.253705 -0.144150 0.945626 1.000000
tan 0.031496 0.000000 1.000000 1.000000
tan 0.450059 -0.431583 0.763842 1.000000
tan 0.345031 -0.281976 0.884246 1.000000
tan 0.233864 -0.308884 0.918222 1.000000
tan 0.269825 -0.446091 0.844132 1.000000
tan 0.130696 -0.184512 0.968690 1.000000
tan 0.131440 -0.326989 0.938248 1.000000
tan 0.023064 -0.196850 0.976378 1.000000
tan 0.266477 -0.584723 0.768553 1.000000
tan 0.014880 -0.330709 0.944882 1.000000
tan 0.475975 -0.581995 0.663401 1.000000
tan 0.131812 -0.464071 0.870234 1.000000
tan 0.113088 -0.587761 0.794966 1.000000
tan 0.221588 -0.689317 0.679521 1.000000
tan 0.459545 -0.698183 0.539463 1.000000
tan 0.600161 -0.700105 0.381983 1.000000
tan 0.667679 -0.682683 0.312605 1.000000
tan 0.559737 -0.779093 0.272181 1.000000
tan 0.501581 -0.792733 0.297105 1.000000
tan 0.434683 -0.869366 0.247381 1.000000
tan 0.380433 -0.860500 0.227479 1.000000
tan 0.299833 -0.930250 0.204973 1.000000
tan 0.393143 -0.804947 0.435117 1.000000
tan 0.258665 -0.911898 0.157232 1.000000
tan 0.156240 -0.976502 0.124000 1.000000
tan 0.305661 -0.876682 0.326121 1.000000
tan 0.161076 -0.791803 0.580569 1.000000
tan 0.096844 -0.869366 0.468101 1.000000
tan 0.135718 -0.949098 0.072602 1.000000
tan 0.000000 -1.000000 -0.007874 1.000000
tan 0.212040 -0.927646 0.216877 1.000000
tan 0.049228 -0.922190 0.331329 1.000000
tan 0.002418 -0.962428 -0.007502 1.000000
tan 0.114204 -0.961870 0.102548 1.000000
tan 0.039308 -0.961870 0.160084 1.000000
tan 0.013950 -0.969186 -0.019158 1.000000
tan -0.127224 -0.944138 -0.095976 1.000000
tan -0.156240 -0.976502 -0.139500 1.000000
tan -0.090024 -0.955546 -0.134168 1.000000
tan -0.254077 -0.911898 -0.171492 1.000000
tan -0.299833 -0.930250 -0.212474 1.000000
tan -0.187612 -0.921570 -0.247256 1.000000
tan 0.006200 -0.957282 -0.192200 1.000000
tan -0.376093 -0.860500 -0.240870 1.000000
tan -0.431149 -0.862298 -0.261516 1.000000
tan -0.285511 -0.875132 -0.352471 1.000000
tan -0.493025 -0.788642 -0.313845 1.000000
tan -0.555149 -0.772707 -0.289540 1.000000
tan -0.368839 -0.802096 -0.465125 1.000000
tan -0.010354 -0.917788 -0.357741 1.000000
tan -0.070494 -0.865212 -0.484717 1.000000
tan -0.591171 -0.696509 -0.398165 1.000000
tan -0.662161 -0.677041 -0.334925 1.000000
tan -0.701965 -0.523033 -0.473557 1.000000
tan -0.433133 -0.694463 -0.569595 1.000000
tan -0.608965 -0.562465 -0.563581 1.000000
tan -0.558249 -0.396925 -0.701965 1.000000
tan -0.638849 -0.342241 -0.652489 1.000000
tan -0.446401 -0.156240 -0.846302 1.000000
tan -0.438775 -0.573935 -0.696385 1.000000
tan -0.391097 -0.224937 -0.872962 1.000000
tan -0.215264 -0.043400 -0.954864 1.000000
tan -0.406225 -0.422407 -0.794593 1.000000
tan -0.192200 -0.126356 -0.953314 1.000000
tan 0.031496 -0.000000 -1.000000 1.000000
tan -0.292951 -0.270321 -0.899126 1.000000
tan -0.204104 -0.304793 -0.925662 1.000000
tan -0.099944 -0.182342 -0.968690 1.000000
tan -0.248993 -0.442557 -0.851076 1.000000
tan -0.086800 -0.322153 -0.938248 1.000000
tan 0.023064 -0.196850 -0.976378 1.000000
tan -0.249984 -0.579143 -0.771343 1.000000
tan -0.104036 -0.463141 -0.877178 1.000000
tan -0.216070 -0.690557 -0.685039 1.000000
tan -0.095976 -0.589249 -0.802777 1.000000
tan -0.146072 -0.793230 -0.592721 1.000000
tan -0.061814 -0.701345 -0.705685 1.000000
tan -0.021700 -0.793353 -0.591977 1.000000
tan 0.014694 -0.867568 -0.462645 1.000000
tan 0.030566 -0.923864 -0.323144 1.000000
tan 0.014136 -0.897638 -0.448819 1.000000
tan 0.030690 -0.949098 -0.169570 1.000000
tan 0.015004 -0.952756 -0.307086 1.000000
tan 0.015500 -0.984252 -0.157480 1.000000
tan 0.015004 -0.962428 -0.004836 1.000000
tan 0.015748 -1.000000 0.000000 1.000000
tan 0.019158 -0.969186 -0.013950 1.000000
tan -0.001178 -0.949098 0.159898 1.000000
tan -0.002046 -0.923864 0.313969 1.000000
tan 0.015500 -0.984252 0.157480 1.000000
tan 0.015624 -0.869738 0.453965 1.000000
tan 0.015004 -0.952756 0.307087 1.000000
tan 0.038440 -0.795337 0.588009 1.000000
tan 0.014136 -0.897638 0.448819 1.000000
tan 0.083514 -0.704817 0.702213 1.000000
tan 0.006386 -0.811023 0.582677 1.000000
tan 0.014694 -0.867568 0.462645 1.000000
tan 0.011160 -0.716535 0.700787 1.000000
tan 0.030566 -0.923864 0.323145 1.000000
tan -0.021700 -0.793353 0.591977 1.000000
tan -0.061814 -0.701345 0.705685 1.000000
tan 0.011036 -0.598425 0.803150 1.000000
tan 0.013888 -0.472441 0.881890 1.000000
tan -0.104036 -0.463141 0.877178 1.000000
tan -0.095976 -0.589249 0.802778 1.000000
tan -0.086800 -0.322152 0.938248 1.000000
tan -0.248993 -0.442557 0.851076 1.000000
tan -0.216070 -0.690557 0.685039 1.000000
tan -0.249984 -0.579143 0.771343 1.000000
tan -0.146072 -0.793229 0.592721 1.000000
tan -0.433133 -0.694463 0.569595 1.000000
tan -0.070494 -0.865212 0.484717 1.000000
tan -0.368839 -0.802095 0.465125 1.000000
tan -0.010354 -0.917788 0.357741 1.000000
tan -0.285511 -0.875132 0.352471 1.000000
tan 0.030690 -0.949098 0.169570 1.000000
tan -0.187612 -0.921570 0.247257 1.000000
tan 0.006200 -0.957282 0.192200 1.000000
tan 0.015004 -0.962428 0.004836 1.000000
tan -0.001178 -0.949098 -0.159898 1.000000
tan 0.019158 -0.969186 0.013950 1.000000
tan -0.002046 -0.923864 -0.313968 1.000000
tan 0.039308 -0.961870 -0.160084 1.000000
tan 0.049228 -0.922190 -0.331329 1.000000
tan 0.015624 -0.869738 -0.453965 1.000000
tan 0.096844 -0.869366 -0.468101 1.000000
tan 0.038440 -0.795337 -0.588009 1.000000
tan 0.161076 -0.791804 -0.580569 1.000000
tan 0.305661 -0.876682 -0.326120 1.000000
tan 0.006386 -0.811024 -0.582677 1.000000
tan 0.393143 -0.804948 -0.435117 1.000000
tan 0.011160 -0.716535 -0.700787 1.000000
tan 0.083514 -0.704817 -0.702213 1.000000
tan 0.011036 -0.598425 -0.803149 1.000000
tan 0.221588 -0.689317 -0.679521 1.000000
tan 0.113088 -0.587761 -0.794965 1.000000
tan 0.013888 -0.472441 -0.881890 1.000000
tan 0.459545 -0.698183 -0.539463 1.000000
tan 0.014880 -0.330709 -0.944882 1.000000
tan 0.131812 -0.464071 -0.870234 1.000000
tan 0.131440 -0.326989 -0.938248 1.000000
tan 0.130696 -0.184512 -0.968690 1.000000
tan 0.269825 -0.446091 -0.844132 1.000000
tan 0.233864 -0.308885 -0.918222 1.000000
tan 0.253705 -0.144150 -0.945626 1.000000
tan 0.276769 -0.055800 -0.939488 1.000000
tan 0.345031 -0.281977 -0.884246 1.000000
tan 0.435737 -0.237399 -0.850642 1.000000
tan 0.491041 -0.171864 -0.816542 1.000000
tan 0.450059 -0.431583 -0.763841 1.000000
tan 0.586025 -0.407713 -0.681133 1.000000
tan 0.659681 -0.353401 -0.624713 1.000000
tan 0.714613 -0.532457 -0.449873 1.000000
tan 0.266477 -0.584723 -0.768553 1.000000
tan 0.624589 -0.566929 -0.535681 1.000000
tan 0.475975 -0.581995 -0.663401 1.000000
tan 0.600161 -0.700105 -0.381983 1.000000
tan 0.667679 -0.682683 -0.312605 1.000000
tan 0.559737 -0.779094 -0.272180 1.000000
tan 0.501581 -0.792734 -0.297104 1.000000
tan 0.434683 -0.869366 -0.247380 1.000000
tan 0.380433 -0.860500 -0.227478 1.000000
tan 0.299833 -0.930250 -0.204972 1.000000
tan 0.258665 -0.911898 -0.157232 1.000000
tan 0.156240 -0.976502 -0.124000 1.000000
tan 0.212040 -0.927646 -0.216876 1.000000
tan 0.135718 -0.949098 -0.072602 1.000000
tan 0.000000 -1.000000 0.007874 1.000000
tan 0.114204 -0.961870 -0.102548 1.000000
tan 0.013950 -0.969186 0.019158 1.000000
tan 0.002418 -0.962428 0.007502 1.000000
tan -0.090024 -0.955546 0.134168 1.000000
tan -0.127224 -0.944138 0.095976 1.000000
tan -0.156240 -0.976502 0.139500 1.000000
tan -0.254077 -0.911898 0.171492 1.000000
tan -0.299833 -0.930250 0.212475 1.000000
tan -0.376093 -0.860500 0.240871 1.000000
tan -0.431149 -0.862298 0.261517 1.000000
tan -0.493025 -0.788641 0.313845 1.000000
tan -0.555149 -0.772707 0.289541 1.000000
tan -0.591171 -0.696509 0.398165 1.000000
tan -0.662161 -0.677041 0.334925 1.000000
tan -0.701965 -0.523033 0.473557 1.000000
tan -0.608965 -0.562465 0.563581 1.000000
tan -0.438775 -0.573935 0.696385 1.000000
tan -0.558249 -0.396925 0.701965 1.000000
tan -0.638849 -0.342241 0.652489 1.000000
tan -0.446401 -0.156240 0.846302 1.000000
tan -0.406225 -0.422407 0.794594 1.000000
tan -0.391097 -0.224936 0.872962 1.000000
tan -0.215264 -0.043400 0.954864 1.000000
tan -0.204104 -0.304792 0.925662 1.000000
tan -0.292951 -0.270320 0.899126 1.000000
tan -0.192200 -0.126356 0.953314 1.000000
tan -0.099944 -0.182342 0.968690 1.000000
tan -0.456693 0.053382 -0.889764 1.000000
tan -0.456693 0.063798 -0.889764 1.000000
tan -0.456693 -0.000000 -0.889764 1.000000
tan -0.456693 0.032364 -0.889764 1.000000
tan -0.456693 0.074028 -0.889764 1.000000
tan -0.456693 0.011346 -0.889764 1.000000
tan -0.448819 0.073656 -0.889764 1.000000
tan -0.456693 -0.006262 -0.889764 1.000000
tan -0.448819 0.063054 -0.889764 1.000000
tan -0.448819 -0.038378 -0.889764 1.000000
tan -0.448819 0.052452 -0.889764 1.000000
tan -0.448819 -0.052452 -0.889764 1.000000
tan -0.448819 0.038378 -0.889764 1.000000
tan -0.448819 -0.063054 -0.889764 1.000000
tan -0.456693 0.006262 -0.889764 1.000000
tan -0.448819 -0.073656 -0.889764 1.000000
tan -0.456693 -0.011346 -0.889764 1.000000
tan -0.456693 -0.074028 -0.889764 1.000000
tan -0.456693 -0.032364 -0.889764 1.000000
tan -0.456693 -0.063798 -0.889764 1.000000
tan -0.456693 -0.053382 -0.889764 1.000000
tan 0.003038 -0.948602 -0.007254 1.000000
tan -0.000248 -1.000000 0.007874 1.000000
tan -0.006076 -0.921260 0.014508 1.000000
tan 0.000000 -1.000000 0.000000 1.000000
tan 0.000496 -1.000000 0.015748 1.000000
tan 0.000744 -1.000000 0.023622 1.000000
tan 0.018228 -0.924298 0.043524 1.000000
tan 0.018228 -0.948602 0.043524 1.000000
tan 0.021762 -0.948602 0.009114 1.000000
tan 0.023622 -1.000000 0.000744 1.000000
tan 0.058032 -0.921260 0.024304 1.000000
tan 0.031496 -1.000000 0.000992 1.000000
tan 0.039370 -1.000000 -0.001240 1.000000
tan 0.062992 -1.000000 -0.001984 1.000000
tan 0.065286 -0.924298 -0.027342 1.000000
tan 0.087048 -0.941348 -0.036456 1.000000
tan 0.036270 -0.948602 0.015190 1.000000
tan 0.015748 -1.000000 0.000496 1.000000
tan 0.029016 -0.921260 0.012152 1.000000
tan 0.023622 -1.000000 0.000744 1.000000
tan 0.000000 -1.000000 0.000000 1.000000
tan 0.007874 -1.000000 -0.000248 1.000000
tan -0.007254 -0.924298 0.003038 1.000000
tan -0.014508 -0.948602 0.006076 1.000000
tan -0.024304 -0.921260 0.058032 1.000000
tan -0.033418 -0.941348 0.079794 1.000000
tan -0.000992 -1.000000 0.031496 1.000000
tan -0.001984 -1.000000 0.062992 1.000000
tan 0.000992 -1.000000 0.031496 1.000000
tan 0.000744 -1.000000 0.023622 1.000000
tan 0.015190 -0.924298 0.036270 1.000000
tan 0.006076 -0.948602 0.014508 1.000000
tan 0.161014 -0.858516 0.384463 1.000000
tan -0.091140 -0.919586 -0.217620 1.000000
tan 0.003720 -0.984252 0.157480 1.000000
tan -0.003162 -0.992126 -0.133858 1.000000
tan -0.003162 -0.992126 0.133858 1.000000
tan 0.002790 -0.992126 -0.118110 1.000000
tan 0.088102 -0.919586 -0.210366 1.000000
tan -0.139748 -0.880278 0.333685 1.000000
tan 0.319177 -0.887532 0.133672 1.000000
tan -0.166842 -0.934094 -0.069874 1.000000
tan 0.133858 -0.992126 0.003162 1.000000
tan -0.102362 -0.992126 -0.002418 1.000000
tan -0.015748 -1.000000 0.000372 1.000000
tan 0.110236 -0.992126 -0.002604 1.000000
tan 0.152334 -0.934094 -0.063798 1.000000
tan -0.116064 -0.941348 0.048608 1.000000
tan -0.333685 -0.880278 0.139748 1.000000
tan 0.210366 -0.919586 -0.088102 1.000000
tan -0.125984 -0.992126 0.002976 1.000000
tan 0.133858 -0.992126 -0.003162 1.000000
tan -0.133858 -0.992126 -0.003162 1.000000
tan 0.157480 -0.984252 0.003720 1.000000
tan 0.253890 -0.912332 0.106330 1.000000
tan -0.355447 -0.873024 -0.148862 1.000000
tan 0.036456 -0.941348 -0.087048 1.000000
tan -0.001860 -1.000000 0.078740 1.000000
tan -0.075950 -0.926840 0.181350 1.000000
tan 0.001116 -1.000000 -0.047244 1.000000
tan -0.002046 -1.000000 -0.086614 1.000000
tan 0.003348 -0.992126 0.141732 1.000000
tan 0.085064 -0.926840 0.203112 1.000000
tan -0.118482 -0.905078 -0.282906 1.000000
tan -0.723913 -0.694153 -0.039432 1.000000
tan -0.933598 -0.256123 -0.214210 1.000000
tan -0.764089 -0.548081 -0.332073 1.000000
tan -0.874016 -0.488375 -0.020646 1.000000
tan -1.000000 -0.000000 -0.039370 1.000000
tan -1.000000 0.000000 0.007874 1.000000
tan -0.716225 -0.691177 0.140120 1.000000
tan -0.992126 0.000000 0.102362 1.000000
tan -0.860066 -0.481741 0.149172 1.000000
tan -0.716535 0.000000 0.692913 1.000000
tan -0.682683 -0.301320 0.667679 1.000000
tan -0.586769 -0.580321 0.573873 1.000000
tan -0.151280 -0.691425 0.715977 1.000000
tan -0.156054 -0.481803 0.860066 1.000000
tan -0.102362 0.000000 0.992126 1.000000
tan 0.156054 -0.481803 0.860066 1.000000
tan 0.094488 0.000000 0.992126 1.000000
tan 0.145576 -0.691177 0.715977 1.000000
tan 0.700787 0.000000 0.716535 1.000000
tan 0.675181 -0.301320 0.675181 1.000000
tan 0.573873 -0.577097 0.580321 1.000000
tan 0.715977 -0.691425 0.151280 1.000000
tan 0.860066 -0.481803 0.156054 1.000000
tan 0.992126 0.000000 0.102362 1.000000
tan 0.715977 -0.691425 -0.151280 1.000000
tan 1.000000 -0.000000 -0.086614 1.000000
tan 0.860066 -0.481741 -0.149172 1.000000
tan 0.708661 -0.000000 -0.700787 1.000000
tan 0.667679 -0.299647 -0.675181 1.000000
tan 0.580321 -0.580321 -0.580321 1.000000
tan 0.145576 -0.691177 -0.715977 1.000000
tan 0.156054 -0.481803 -0.860066 1.000000
tan 0.110236 -0.000000 -0.992126 1.000000
tan -0.039432 -0.694153 -0.723913 1.000000
tan 0.015748 -0.000000 -1.000000 1.000000
tan -0.214210 -0.256123 -0.933598 1.000000
tan -0.332073 -0.548081 -0.764089 1.000000
tan -0.020646 -0.488375 -0.874016 1.000000
tan -0.031496 -0.000000 -1.000000 1.000000
tan 0.757641 -0.551305 0.344969 1.000000
tan 0.926096 -0.259470 0.236716 1.000000
tan 0.723665 -0.694401 0.050592 1.000000
tan 0.873954 -0.488499 0.038254 1.000000
tan 1.000000 0.000000 0.055118 1.000000
tan 1.000000 0.000000 0.007874 1.000000
tan 1.000000 -0.000000 -0.078740 1.000000
tan 0.866948 -0.485523 -0.142290 1.000000
tan 0.716225 -0.691177 -0.140120 1.000000
tan 0.732283 -0.000000 -0.677165 1.000000
tan 0.690185 -0.301321 -0.660177 1.000000
tan 0.586769 -0.580321 -0.573873 1.000000
tan 0.151280 -0.685969 -0.710273 1.000000
tan 0.166780 -0.481865 -0.860004 1.000000
tan 0.110236 -0.000000 -0.992126 1.000000
tan -0.149172 -0.481741 -0.860066 1.000000
tan -0.094488 -0.000000 -0.992126 1.000000
tan -0.151280 -0.691425 -0.715977 1.000000
tan -0.700787 -0.000000 -0.716535 1.000000
tan -0.675181 -0.301321 -0.675181 1.000000
tan -0.580321 -0.577097 -0.573873 1.000000
tan -0.716225 -0.691177 -0.140120 1.000000
tan -0.860066 -0.481741 -0.149172 1.000000
tan -0.992126 -0.000000 -0.094488 1.000000
tan -0.992126 0.000000 0.110236 1.000000
tan -0.860004 -0.481865 0.166780 1.000000
tan -0.710273 -0.686217 0.156984 1.000000
tan -0.685039 0.000000 0.724409 1.000000
tan -0.652675 -0.299646 0.690185 1.000000
tan -0.564201 -0.580321 0.596441 1.000000
tan -0.134416 -0.690929 0.716225 1.000000
tan -0.142290 -0.485523 0.866948 1.000000
tan -0.078740 0.000000 1.000000 1.000000
tan 0.050592 -0.694401 0.723665 1.000000
tan 0.007874 0.000000 1.000000 1.000000
tan 0.236716 -0.259470 0.926096 1.000000
tan 0.344969 -0.551305 0.757641 1.000000
tan 0.038254 -0.488499 0.873954 1.000000
tan 0.055118 0.000000 1.000000 1.000000
f 3/3/3 2/2/2 1/1/1
f 4/4/4 1/1/1 2/2/2
f 5/5/5 4/4/4 2/2/2
f 6/6/6 1/1/1 4/4/4
f 6/6/6 7/7/7 1/1/1
f 7/7/7 6/6/6 8/8/8
f 4/4/4 5/5/5 9/9/9
f 10/10/10 9/9/9 5/5/5
f 6/6/6 4/4/4 11/11/11
f 9/9/9 11/11/11 4/4/4
f 12/12/12 8/8/8 6/6/6
f 11/11/11 12/12/12 6/6/6
f 8/8/8 12/12/12 13/13/13
f 14/14/14 8/8/8 13/13/13
f 15/15/15 12/12/12 11/11/11
f 12/12/12 15/15/15 13/13/13
f 16/16/16 11/11/11 9/9/9
f 9/9/9 10/10/10 16/16/16
f 17/17/17 15/15/15 11/11/11
f 11/11/11 16/16/16 17/17/17
f 16/16/16 10/10/10 18/18/18
f 19/19/19 18/18/18 10/10/10
f 17/17/17 16/16/16 20/20/20
f 18/18/18 20/20/20 16/16/16
f 21/21/21 18/18/18 19/19/19
f 22/22/22 21/21/21 19/19/19
f 18/18/18 23/23/23 20/20/20
f 21/21/21 23/23/23 18/18/18
f 21/21/21 22/22/22 24/24/24
f 25/25/25 24/24/24 22/22/22
f 24/24/24 26/26/26 21/21/21
f 23/23/23 21/21/21 26/26/26
f 24/24/24 25/25/25 27/27/27
f 27/27/27 26/26/26 24/24/24
f 28/28/28 27/27/27 25/25/25
f 27/27/27 28/28/28 29/29/29
f 30/30/30 29/29/29 28/28/28
f 32/32/32 31/31/31 30/30/30
f 29/29/29 30/30/30 31/31/31
f 29/29/29 33/33/33 27/27/27
f 33/33/33 26/26/26 27/27/27
f 29/29/29 31/31/31 34/34/34
f 34/34/34 33/33/33 29/29/29
f 35/35/35 34/34/34 31/31/31
f 35/35/35 36/36/36 34/34/34
f 33/33/33 37/37/37 26/26/26
f 34/34/34 37/37/37 33/33/33
f 36/36/36 38/38/38 34/34/34
f 37/37/37 34/34/34 38/38/38
f 38/38/38 36/36/36 39/39/39
f 40/40/40 39/39/39 36/36/36
f 41/41/41 38/38/38 39/39/39
f 38/38/38 41/41/41 37/37/37
f 39/39/39 40/40/40 42/42/42
f 39/39/39 42/42/42 41/41/41
f 43/43/43 42/42/42 40/40/40
f 42/42/42 43/43/43 44/44/44
f 45/45/45 26/26/26 37/37/37
f 26/26/26 45/45/45 23/23/23
f 42/42/42 44/44/44 46/46/46
f 47/47/47 46/46/46 44/44/44
f 48/48/48 23/23/23 45/45/45
f 23/23/23 48/48/48 20/20/20
f 37/37/37 49/49/49 45/45/45
f 49/49/49 37/37/37 41/41/41
f 45/45/45 50/50/50 48/48/48
f 50/50/50 45/45/45 49/49/49
f 20/20/20 48/48/48 51/51/51
f 20/20/20 51/51/51 17/17/17
f 50/50/50 52/52/52 48/48/48
f 51/51/51 48/48/48 52/52/52
f 53/53/53 17/17/17 51/51/51
f 15/15/15 17/17/17 53/53/53
f 53/53/53 51/51/51 54/54/54
f 53/53/53 54/54/54 15/15/15
f 54/54/54 51/51/51 52/52/52
f 55/55/55 15/15/15 54/54/54
f 55/55/55 13/13/13 15/15/15
f 54/54/54 52/52/52 56/56/56
f 54/54/54 56/56/56 55/55/55
f 52/52/52 50/50/50 57/57/57
f 57/57/57 56/56/56 52/52/52
f 13/13/13 55/55/55 58/58/58
f 13/13/13 58/58/58 14/14/14
f 59/59/59 14/14/14 58/58/58
f 59/59/59 58/58/58 60/60/60
f 58/58/58 55/55/55 61/61/61
f 61/61/61 55/55/55 56/56/56
f 62/62/62 60/60/60 58/58/58
f 60/60/60 62/62/62 63/63/63
f 61/61/61 64/64/64 58/58/58
f 62/62/62 58/58/58 64/64/64
f 61/61/61 56/56/56 64/64/64
f 65/65/65 63/63/63 62/62/62
f 64/64/64 66/66/66 62/62/62
f 65/65/65 62/62/62 66/66/66
f 64/64/64 56/56/56 67/67/67
f 64/64/64 67/67/67 66/66/66
f 65/65/65 68/68/68 63/63/63
f 63/63/63 68/68/68 69/69/69
f 69/69/69 68/68/68 70/70/70
f 68/68/68 65/65/65 71/71/71
f 66/66/66 71/71/71 65/65/65
f 72/72/72 70/70/70 68/68/68
f 71/71/71 72/72/72 68/68/68
f 73/73/73 70/70/70 72/72/72
f 74/74/74 70/70/70 73/73/73
f 74/74/74 73/73/73 75/75/75
f 76/76/76 72/72/72 71/71/71
f 76/76/76 73/73/73 72/72/72
f 71/71/71 66/66/66 77/77/77
f 76/76/76 71/71/71 78/78/78
f 77/77/77 78/78/78 71/71/71
f 79/79/79 77/77/77 66/66/66
f 66/66/66 67/67/67 79/79/79
f 79/79/79 80/80/80 77/77/77
f 79/79/79 67/67/67 80/80/80
f 77/77/77 81/81/81 78/78/78
f 81/81/81 77/77/77 80/80/80
f 82/82/82 80/80/80 67/67/67
f 67/67/67 56/56/56 82/82/82
f 57/57/57 82/82/82 56/56/56
f 80/80/80 82/82/82 83/83/83
f 80/80/80 83/83/83 81/81/81
f 82/82/82 57/57/57 84/84/84
f 84/84/84 83/83/83 82/82/82
f 85/85/85 84/84/84 57/57/57
f 85/85/85 57/57/57 50/50/50
f 50/50/50 49/49/49 85/85/85
f 83/83/83 84/84/84 86/86/86
f 87/87/87 85/85/85 49/49/49
f 41/41/41 87/87/87 49/49/49
f 84/84/84 85/85/85 88/88/88
f 87/87/87 88/88/88 85/85/85
f 88/88/88 86/86/86 84/84/84
f 89/89/89 87/87/87 41/41/41
f 89/89/89 41/41/41 42/42/42
f 89/89/89 90/90/90 87/87/87
f 89/89/89 42/42/42 90/90/90
f 88/88/88 87/87/87 90/90/90
f 46/46/46 90/90/90 42/42/42
f 90/90/90 91/91/91 88/88/88
f 90/90/90 46/46/46 91/91/91
f 86/86/86 88/88/88 91/91/91
f 92/92/92 91/91/91 46/46/46
f 92/92/92 46/46/46 47/47/47
f 92/92/92 47/47/47 93/93/93
f 92/92/92 93/93/93 91/91/91
f 94/94/94 93/93/93 47/47/47
f 95/95/95 91/91/91 93/93/93
f 93/93/93 94/94/94 96/96/96
f 93/93/93 96/96/96 95/95/95
f 97/97/97 96/96/96 94/94/94
f 95/95/95 98/98/98 91/91/91
f 91/91/91 98/98/98 86/86/86
f 99/99/99 95/95/95 96/96/96
f 95/95/95 99/99/99 98/98/98
f 96/96/96 97/97/97 100/100/100
f 96/96/96 100/100/100 99/99/99
f 101/101/101 100/100/100 97/97/97
f 101/101/101 102/102/102 100/100/100
f 98/98/98 103/103/103 86/86/86
f 83/83/83 86/86/86 103/103/103
f 103/103/103 81/81/81 83/83/83
f 102/102/102 104/104/104 100/100/100
f 104/104/104 102/102/102 105/105/105
f 81/81/81 103/103/103 106/106/106
f 106/106/106 78/78/78 81/81/81
f 103/103/103 98/98/98 107/107/107
f 107/107/107 106/106/106 103/103/103
f 108/108/108 107/107/107 98/98/98
f 108/108/108 98/98/98 99/99/99
f 106/106/106 107/107/107 109/109/109
f 106/106/106 110/110/110 78/78/78
f 110/110/110 106/106/106 109/109/109
f 78/78/78 110/110/110 76/76/76
f 111/111/111 109/109/109 107/107/107
f 108/108/108 111/111/111 107/107/107
f 112/112/112 76/76/76 110/110/110
f 73/73/73 76/76/76 112/112/112
f 112/112/112 110/110/110 113/113/113
f 112/112/112 113/113/113 73/73/73
f 111/111/111 108/108/108 114/114/114
f 108/108/108 99/99/99 114/114/114
f 115/115/115 73/73/73 113/113/113
f 115/115/115 75/75/75 73/73/73
f 116/116/116 114/114/114 99/99/99
f 116/116/116 99/99/99 100/100/100
f 115/115/115 117/117/117 75/75/75
f 118/118/118 75/75/75 117/117/117
f 118/118/118 117/117/117 119/119/119
f 100/100/100 120/120/120 116/116/116
f 116/116/116 120/120/120 114/114/114
f 120/120/120 100/100/100 104/104/104
f 121/121/121 114/114/114 120/120/120
f 114/114/114 121/121/121 111/111/111
f 120/120/120 104/104/104 122/122/122
f 123/123/123 111/111/111 121/121/121
f 109/109/109 111/111/111 123/123/123
f 121/121/121 120/120/120 124/124/124
f 121/121/121 124/124/124 123/123/123
f 122/122/122 124/124/124 120/120/120
f 125/125/125 109/109/109 123/123/123
f 109/109/109 125/125/125 110/110/110
f 126/126/126 123/123/123 124/124/124
f 125/125/125 123/123/123 126/126/126
f 127/127/127 110/110/110 125/125/125
f 127/127/127 113/113/113 110/110/110
f 128/128/128 125/125/125 126/126/126
f 125/125/125 128/128/128 127/127/127
f 124/124/124 129/129/129 126/126/126
f 124/124/124 122/122/122 129/129/129
f 128/128/128 126/126/126 130/130/130
f 130/130/130 126/126/126 129/129/129
f 131/131/131 127/127/127 128/128/128
f 113/113/113 127/127/127 132/132/132
f 131/131/131 132/132/132 127/127/127
f 113/113/113 132/132/132 115/115/115
f 117/117/117 115/115/115 132/132/132
f 128/128/128 133/133/133 131/131/131
f 130/130/130 133/133/133 128/128/128
f 117/117/117 132/132/132 134/134/134
f 134/134/134 119/119/119 117/117/117
f 132/132/132 131/131/131 135/135/135
f 134/134/134 132/132/132 135/135/135
f 134/134/134 136/136/136 119/119/119
f 135/135/135 136/136/136 134/134/134
f 119/119/119 136/136/136 137/137/137
f 135/135/135 131/131/131 138/138/138
f 138/138/138 131/131/131 133/133/133
f 138/138/138 139/139/139 135/135/135
f 133/133/133 139/139/139 138/138/138
f 136/136/136 135/135/135 140/140/140
f 140/140/140 135/135/135 139/139/139
f 141/141/141 137/137/137 136/136/136
f 140/140/140 141/141/141 136/136/136
f 137/137/137 141/141/141 142/142/142
f 142/142/142 141/141/141 143/143/143
f 144/144/144 139/139/139 133/133/133
f 133/133/133 130/130/130 144/144/144
f 145/145/145 143/143/143 141/141/141
f 143/143/143 145/145/145 146/146/146
f 147/147/147 144/144/144 130/130/130
f 129/129/129 147/147/147 130/130/130
f 148/148/148 146/146/146 145/145/145
f 146/146/146 148/148/148 149/149/149
f 145/145/145 141/141/141 150/150/150
f 151/151/151 149/149/149 148/148/148
f 149/149/149 151/151/151 152/152/152
f 148/148/148 145/145/145 153/153/153
f 150/150/150 153/153/153 145/145/145
f 155/155/155 152/152/152 154/154/154
f 156/156/156 154/154/154 152/152/152
f 156/156/156 152/152/152 151/151/151
f 154/154/154 156/156/156 157/157/157
f 158/158/158 157/157/157 156/156/156
f 156/156/156 151/151/151 158/158/158
f 157/157/157 158/158/158 159/159/159
f 151/151/151 148/148/148 160/160/160
f 160/160/160 158/158/158 151/151/151
f 153/153/153 160/160/160 148/148/148
f 161/161/161 159/159/159 158/158/158
f 158/158/158 160/160/160 161/161/161
f 162/162/162 159/159/159 161/161/161
f 159/159/159 162/162/162 163/163/163
f 164/164/164 161/161/161 160/160/160
f 160/160/160 153/153/153 164/164/164
f 161/161/161 165/165/165 162/162/162
f 165/165/165 161/161/161 164/164/164
f 162/162/162 166/166/166 163/163/163
f 167/167/167 163/163/163 166/166/166
f 165/165/165 168/168/168 162/162/162
f 166/166/166 162/162/162 168/168/168
f 169/169/169 167/167/167 166/166/166
f 167/167/167 169/169/169 170/170/170
f 171/171/171 166/166/166 168/168/168
f 166/166/166 171/171/171 169/169/169
f 169/169/169 172/172/172 170/170/170
f 169/169/169 171/171/171 172/172/172
f 173/173/173 170/170/170 172/172/172
f 168/168/168 174/174/174 171/171/171
f 172/172/172 175/175/175 173/173/173
f 176/176/176 173/173/173 175/175/175
f 177/177/177 172/172/172 171/171/171
f 171/171/171 174/174/174 177/177/177
f 175/175/175 178/178/178 176/176/176
f 179/179/179 176/176/176 178/178/178
f 175/175/175 172/172/172 180/180/180
f 180/180/180 178/178/178 175/175/175
f 177/177/177 180/180/180 172/172/172
f 180/180/180 181/181/181 178/178/178
f 177/177/177 182/182/182 180/180/180
f 182/182/182 177/177/177 174/174/174
f 183/183/183 181/181/181 180/180/180
f 183/183/183 180/180/180 182/182/182
f 184/184/184 181/181/181 183/183/183
f 184/184/184 183/183/183 185/185/185
f 182/182/182 185/185/185 183/183/183
f 186/186/186 184/184/184 185/185/185
f 185/185/185 182/182/182 187/187/187
f 185/185/185 188/188/188 186/186/186
f 187/187/187 188/188/188 185/185/185
f 189/189/189 186/186/186 188/188/188
f 189/189/189 188/188/188 190/190/190
f 187/187/187 182/182/182 191/191/191
f 174/174/174 191/191/191 182/182/182
f 192/192/192 190/190/190 188/188/188
f 190/190/190 192/192/192 193/193/193
f 188/188/188 187/187/187 194/194/194
f 195/195/195 193/193/193 192/192/192
f 194/194/194 187/187/187 196/196/196
f 191/191/191 196/196/196 187/187/187
f 194/194/194 197/197/197 188/188/188
f 192/192/192 188/188/188 197/197/197
f 194/194/194 196/196/196 197/197/197
f 192/192/192 197/197/197 195/195/195
f 196/196/196 191/191/191 198/198/198
f 195/195/195 199/199/199 193/193/193
f 193/193/193 199/199/199 105/105/105
f 104/104/104 105/105/105 199/199/199
f 199/199/199 122/122/122 104/104/104
f 195/195/195 200/200/200 199/199/199
f 122/122/122 199/199/199 200/200/200
f 200/200/200 195/195/195 197/197/197
f 200/200/200 129/129/129 122/122/122
f 197/197/197 201/201/201 200/200/200
f 129/129/129 200/200/200 201/201/201
f 197/197/197 196/196/196 201/201/201
f 196/196/196 198/198/198 201/201/201
f 201/201/201 147/147/147 129/129/129
f 201/201/201 198/198/198 147/147/147
f 198/198/198 202/202/202 147/147/147
f 144/144/144 147/147/147 202/202/202
f 203/203/203 198/198/198 191/191/191
f 202/202/202 198/198/198 203/203/203
f 191/191/191 174/174/174 203/203/203
f 202/202/202 204/204/204 144/144/144
f 144/144/144 204/204/204 139/139/139
f 139/139/139 204/204/204 140/140/140
f 203/203/203 205/205/205 202/202/202
f 202/202/202 205/205/205 204/204/204
f 206/206/206 203/203/203 174/174/174
f 206/206/206 205/205/205 203/203/203
f 174/174/174 168/168/168 206/206/206
f 168/168/168 165/165/165 206/206/206
f 207/207/207 206/206/206 165/165/165
f 206/206/206 207/207/207 205/205/205
f 164/164/164 207/207/207 165/165/165
f 205/205/205 207/207/207 208/208/208
f 208/208/208 204/204/204 205/205/205
f 207/207/207 164/164/164 209/209/209
f 209/209/209 208/208/208 207/207/207
f 209/209/209 164/164/164 153/153/153
f 209/209/209 153/153/153 208/208/208
f 208/208/208 153/153/153 150/150/150
f 208/208/208 150/150/150 204/204/204
f 204/204/204 150/150/150 210/210/210
f 210/210/210 140/140/140 204/204/204
f 210/210/210 150/150/150 141/141/141
f 141/141/141 140/140/140 210/210/210
f 213/213/213 212/212/212 211/211/211
f 214/214/214 211/211/211 212/212/212
f 214/214/214 215/215/215 211/211/211
f 216/216/216 215/215/215 214/214/214
f 217/217/217 215/215/215 216/216/216
f 218/218/218 216/216/216 214/214/214
f 216/216/216 219/219/219 217/217/217
f 220/220/220 217/217/217 219/219/219
f 221/221/221 216/216/216 218/218/218
f 219/219/219 216/216/216 221/221/221
f 218/218/218 214/214/214 222/222/222
f 212/212/212 222/222/222 214/214/214
f 218/218/218 223/223/223 221/221/221
f 222/222/222 223/223/223 218/218/218
f 221/221/221 224/224/224 219/219/219
f 224/224/224 221/221/221 223/223/223
f 219/219/219 225/225/225 220/220/220
f 225/225/225 219/219/219 224/224/224
f 226/226/226 220/220/220 225/225/225
f 227/227/227 226/226/226 225/225/225
f 225/225/225 224/224/224 227/227/227
f 226/226/226 227/227/227 228/228/228
f 224/224/224 229/229/229 227/227/227
f 229/229/229 224/224/224 223/223/223
f 230/230/230 228/228/228 227/227/227
f 230/230/230 227/227/227 229/229/229
f 228/228/228 230/230/230 231/231/231
f 232/232/232 223/223/223 222/222/222
f 222/222/222 212/212/212 232/232/232
f 223/223/223 232/232/232 233/233/233
f 229/229/229 223/223/223 233/233/233
f 234/234/234 233/233/233 232/232/232
f 232/232/232 212/212/212 234/234/234
f 233/233/233 234/234/234 235/235/235
f 235/235/235 234/234/234 236/236/236
f 234/234/234 212/212/212 236/236/236
f 237/237/237 233/233/233 235/235/235
f 233/233/233 237/237/237 229/229/229
f 235/235/235 236/236/236 238/238/238
f 237/237/237 235/235/235 238/238/238
f 239/239/239 238/238/238 236/236/236
f 236/236/236 212/212/212 239/239/239
f 238/238/238 239/239/239 240/240/240
f 237/237/237 238/238/238 240/240/240
f 240/240/240 239/239/239 241/241/241
f 239/239/239 212/212/212 241/241/241
f 240/240/240 241/241/241 242/242/242
f 237/237/237 240/240/240 242/242/242
f 243/243/243 242/242/242 241/241/241
f 241/241/241 212/212/212 243/243/243
f 242/242/242 243/243/243 244/244/244
f 237/237/237 242/242/242 244/244/244
f 245/245/245 244/244/244 243/243/243
f 243/243/243 212/212/212 245/245/245
f 244/244/244 245/245/245 246/246/246
f 237/237/237 244/244/244 246/246/246
f 246/246/246 245/245/245 247/247/247
f 245/245/245 212/212/212 247/247/247
f 246/246/246 247/247/247 248/248/248
f 237/237/237 246/246/246 248/248/248
f 248/248/248 247/247/247 249/249/249
f 247/247/247 212/212/212 249/249/249
f 248/248/248 249/249/249 250/250/250
f 237/237/237 248/248/248 250/250/250
f 249/249/249 212/212/212 251/251/251
f 251/251/251 250/250/250 249/249/249
f 250/250/250 251/251/251 252/252/252
f 237/237/237 250/250/250 252/252/252
f 251/251/251 212/212/212 253/253/253
f 252/252/252 251/251/251 253/253/253
f 253/253/253 212/212/212 254/254/254
f 254/254/254 212/212/212 255/255/255
f 252/252/252 253/253/253 256/256/256
f 256/256/256 253/253/253 254/254/254
f 237/237/237 252/252/252 256/256/256
f 255/255/255 257/257/257 254/254/254
f 256/256/256 254/254/254 257/257/257
f 237/237/237 256/256/256 257/257/257
f 257/257/257 255/255/255 258/258/258
f 237/237/237 257/257/257 258/258/258
f 259/259/259 229/229/229 237/237/237
f 229/229/229 259/259/259 230/230/230
f 260/260/260 230/230/230 259/259/259
f 259/259/259 261/261/261 260/260/260
f 230/230/230 260/260/260 262/262/262
f 262/262/262 231/231/231 230/230/230
f 231/231/231 262/262/262 263/263/263
f 264/264/264 263/263/263 262/262/262
f 263/263/263 264/264/264 265/265/265
f 264/264/264 266/266/266 265/265/265
f 265/265/265 266/266/266 267/267/267
f 262/262/262 268/268/268 264/264/264
f 266/266/266 269/269/269 267/267/267
f 267/267/267 269/269/269 270/270/270
f 264/264/264 271/271/271 266/266/266
f 271/271/271 269/269/269 266/266/266
f 268/268/268 271/271/271 264/264/264
f 269/269/269 272/272/272 270/270/270
f 270/270/270 272/272/272 273/273/273
f 271/271/271 274/274/274 269/269/269
f 274/274/274 272/272/272 269/269/269
f 268/268/268 275/275/275 271/271/271
f 275/275/275 274/274/274 271/271/271
f 262/262/262 276/276/276 268/268/268
f 276/276/276 275/275/275 268/268/268
f 276/276/276 262/262/262 260/260/260
f 277/277/277 275/275/275 276/276/276
f 260/260/260 277/277/277 276/276/276
f 277/277/277 278/278/278 275/275/275
f 278/278/278 274/274/274 275/275/275
f 279/279/279 278/278/278 277/277/277
f 260/260/260 279/279/279 277/277/277
f 279/279/279 280/280/280 278/278/278
f 280/280/280 274/274/274 278/278/278
f 260/260/260 281/281/281 279/279/279
f 281/281/281 280/280/280 279/279/279
f 260/260/260 282/282/282 281/281/281
f 281/281/281 283/283/283 280/280/280
f 282/282/282 283/283/283 281/281/281
f 283/283/283 274/274/274 280/280/280
f 282/282/282 260/260/260 261/261/261
f 282/282/282 284/284/284 283/283/283
f 285/285/285 284/284/284 282/282/282
f 261/261/261 285/285/285 282/282/282
f 284/284/284 286/286/286 283/283/283
f 283/283/283 286/286/286 274/274/274
f 285/285/285 287/287/287 284/284/284
f 287/287/287 286/286/286 284/284/284
f 288/288/288 287/287/287 285/285/285
f 261/261/261 288/288/288 285/285/285
f 288/288/288 289/289/289 287/287/287
f 289/289/289 286/286/286 287/287/287
f 290/290/290 289/289/289 288/288/288
f 261/261/261 290/290/290 288/288/288
f 290/290/290 291/291/291 289/289/289
f 291/291/291 286/286/286 289/289/289
f 292/292/292 291/291/291 290/290/290
f 261/261/261 292/292/292 290/290/290
f 292/292/292 293/293/293 291/291/291
f 293/293/293 286/286/286 291/291/291
f 294/294/294 293/293/293 292/292/292
f 261/261/261 294/294/294 292/292/292
f 294/294/294 295/295/295 293/293/293
f 295/295/295 286/286/286 293/293/293
f 296/296/296 295/295/295 294/294/294
f 261/261/261 296/296/296 294/294/294
f 296/296/296 297/297/297 295/295/295
f 297/297/297 286/286/286 295/295/295
f 261/261/261 298/298/298 296/296/296
f 298/298/298 297/297/297 296/296/296
f 261/261/261 299/299/299 298/298/298
f 261/261/261 300/300/300 299/299/299
f 298/298/298 301/301/301 297/297/297
f 299/299/299 301/301/301 298/298/298
f 301/301/301 286/286/286 297/297/297
f 300/300/300 302/302/302 299/299/299
f 299/299/299 302/302/302 301/301/301
f 302/302/302 286/286/286 301/301/301
f 300/300/300 303/303/303 302/302/302
f 303/303/303 286/286/286 302/302/302
f 286/286/286 304/304/304 274/274/274
f 274/274/274 304/304/304 272/272/272
f 304/304/304 305/305/305 272/272/272
f 272/272/272 305/305/305 273/273/273
f 273/273/273 305/305/305 306/306/306
f 304/304/304 307/307/307 305/305/305
f 305/305/305 308/308/308 306/306/306
f 306/306/306 308/308/308 309/309/309
f 308/308/308 310/310/310 309/309/309
f 309/309/309 310/310/310 311/311/311
f 312/312/312 310/310/310 308/308/308
f 305/305/305 312/312/312 308/308/308
f 310/310/310 313/313/313 311/311/311
f 314/314/314 311/311/311 313/313/313
f 312/312/312 315/315/315 310/310/310
f 315/315/315 313/313/313 310/310/310
f 316/316/316 315/315/315 312/312/312
f 305/305/305 316/316/316 312/312/312
f 316/316/316 317/317/317 315/315/315
f 313/313/313 318/318/318 314/314/314
f 319/319/319 314/314/314 318/318/318
f 318/318/318 320/320/320 319/319/319
f 318/318/318 313/313/313 321/321/321
f 313/313/313 315/315/315 322/322/322
f 322/322/322 321/321/321 313/313/313
f 317/317/317 322/322/322 315/315/315
f 321/321/321 323/323/323 318/318/318
f 316/316/316 324/324/324 317/317/317
f 324/324/324 322/322/322 317/317/317
f 325/325/325 324/324/324 316/316/316
f 305/305/305 325/325/325 316/316/316
f 325/325/325 326/326/326 324/324/324
f 326/326/326 322/322/322 324/324/324
f 327/327/327 326/326/326 325/325/325
f 305/305/305 327/327/327 325/325/325
f 327/327/327 328/328/328 326/326/326
f 328/328/328 322/322/322 326/326/326
f 305/305/305 329/329/329 327/327/327
f 329/329/329 328/328/328 327/327/327
f 305/305/305 330/330/330 329/329/329
f 329/329/329 331/331/331 328/328/328
f 330/330/330 331/331/331 329/329/329
f 331/331/331 322/322/322 328/328/328
f 307/307/307 330/330/330 305/305/305
f 330/330/330 332/332/332 331/331/331
f 332/332/332 322/322/322 331/331/331
f 333/333/333 332/332/332 330/330/330
f 307/307/307 333/333/333 330/330/330
f 333/333/333 334/334/334 332/332/332
f 334/334/334 322/322/322 332/332/332
f 335/335/335 334/334/334 333/333/333
f 307/307/307 335/335/335 333/333/333
f 335/335/335 336/336/336 334/334/334
f 336/336/336 322/322/322 334/334/334
f 337/337/337 336/336/336 335/335/335
f 307/307/307 337/337/337 335/335/335
f 337/337/337 338/338/338 336/336/336
f 338/338/338 322/322/322 336/336/336
f 339/339/339 338/338/338 337/337/337
f 307/307/307 339/339/339 337/337/337
f 339/339/339 340/340/340 338/338/338
f 340/340/340 322/322/322 338/338/338
f 307/307/307 341/341/341 339/339/339
f 341/341/341 340/340/340 339/339/339
f 307/307/307 342/342/342 341/341/341
f 307/307/307 343/343/343 342/342/342
f 341/341/341 344/344/344 340/340/340
f 342/342/342 344/344/344 341/341/341
f 344/344/344 322/322/322 340/340/340
f 343/343/343 345/345/345 342/342/342
f 342/342/342 345/345/345 344/344/344
f 345/345/345 322/322/322 344/344/344
f 343/343/343 346/346/346 345/345/345
f 346/346/346 322/322/322 345/345/345
f 320/320/320 318/318/318 347/347/347
f 347/347/347 318/318/318 323/323/323
f 347/347/347 348/348/348 320/320/320
f 349/349/349 320/320/320 348/348/348
f 350/350/350 320/320/320 349/349/349
f 348/348/348 347/347/347 351/351/351
f 323/323/323 351/351/351 347/347/347
f 352/352/352 350/350/350 349/349/349
f 353/353/353 350/350/350 352/352/352
f 348/348/348 354/354/354 349/349/349
f 352/352/352 349/349/349 354/354/354
f 355/355/355 353/353/353 352/352/352
f 354/354/354 355/355/355 352/352/352
f 356/356/356 353/353/353 355/355/355
f 355/355/355 357/357/357 356/356/356
f 357/357/357 355/355/355 358/358/358
f 358/358/358 355/355/355 359/359/359
f 360/360/360 359/359/359 355/355/355
f 355/355/355 354/354/354 360/360/360
f 354/354/354 348/348/348 361/361/361
f 360/360/360 354/354/354 361/361/361
f 361/361/361 348/348/348 351/351/351
f 361/361/361 351/351/351 362/362/362
f 360/360/360 361/361/361 362/362/362
f 362/362/362 351/351/351 363/363/363
f 351/351/351 323/323/323 363/363/363
f 362/362/362 363/363/363 364/364/364
f 360/360/360 362/362/362 364/364/364
f 364/364/364 363/363/363 365/365/365
f 363/363/363 323/323/323 365/365/365
f 364/364/364 365/365/365 366/366/366
f 360/360/360 364/364/364 366/366/366
f 366/366/366 365/365/365 367/367/367
f 365/365/365 323/323/323 367/367/367
f 366/366/366 367/367/367 368/368/368
f 360/360/360 366/366/366 368/368/368
f 368/368/368 367/367/367 369/369/369
f 367/367/367 323/323/323 369/369/369
f 368/368/368 369/369/369 370/370/370
f 360/360/360 368/368/368 370/370/370
f 370/370/370 369/369/369 371/371/371
f 369/369/369 323/323/323 371/371/371
f 370/370/370 371/371/371 372/372/372
f 360/360/360 370/370/370 372/372/372
f 372/372/372 371/371/371 373/373/373
f 371/371/371 323/323/323 373/373/373
f 372/372/372 373/373/373 374/374/374
f 360/360/360 372/372/372 374/374/374
f 374/374/374 373/373/373 375/375/375
f 373/373/373 323/323/323 375/375/375
f 374/374/374 375/375/375 376/376/376
f 360/360/360 374/374/374 376/376/376
f 376/376/376 375/375/375 377/377/377
f 375/375/375 323/323/323 377/377/377
f 376/376/376 377/377/377 378/378/378
f 360/360/360 376/376/376 378/378/378
f 378/378/378 377/377/377 379/379/379
f 377/377/377 323/323/323 379/379/379
f 378/378/378 379/379/379 380/380/380
f 360/360/360 378/378/378 380/380/380
f 379/379/379 323/323/323 381/381/381
f 380/380/380 379/379/379 381/381/381
f 380/380/380 381/381/381 382/382/382
f 360/360/360 380/380/380 382/382/382
f 381/381/381 323/323/323 383/383/383
f 382/382/382 381/381/381 383/383/383
f 383/383/383 323/323/323 384/384/384
f 384/384/384 323/323/323 385/385/385
f 382/382/382 383/383/383 386/386/386
f 386/386/386 383/383/383 384/384/384
f 360/360/360 382/382/382 386/386/386
f 387/387/387 384/384/384 385/385/385
f 386/386/386 384/384/384 387/387/387
f 360/360/360 386/386/386 387/387/387
f 387/387/387 385/385/385 388/388/388
f 360/360/360 387/387/387 388/388/388
f 391/391/391 390/390/390 389/389/389
f 389/389/389 390/390/390 392/392/392
f 390/390/390 391/391/391 393/393/393
f 394/394/394 392/392/392 390/390/390
f 393/393/393 391/391/391 395/395/395
f 394/394/394 396/396/396 392/392/392
f 397/397/397 393/393/393 395/395/395
f 396/396/396 398/398/398 392/392/392
f 397/397/397 395/395/395 399/399/399
f 400/400/400 398/398/398 396/396/396
f 401/401/401 399/399/399 395/395/395
f 398/398/398 400/400/400 402/402/402
f 403/403/403 399/399/399 401/401/401
f 402/402/402 400/400/400 404/404/404
f 405/405/405 399/399/399 403/403/403
f 406/406/406 404/404/404 400/400/400
f 405/405/405 403/403/403 407/407/407
f 406/406/406 408/408/408 404/404/404
f 409/409/409 405/405/405 407/407/407
f 408/408/408 410/410/410 404/404/404
f 409/409/409 407/407/407 411/411/411
f 411/411/411 410/410/410 408/408/408
f 412/412/412 411/411/411 407/407/407
f 412/412/412 410/410/410 411/411/411
f 415/415/415 414/414/414 413/413/413
f 415/415/415 413/413/413 416/416/416
f 417/417/417 413/413/413 414/414/414
f 414/414/414 418/418/418 417/417/417
f 419/419/419 416/416/416 413/413/413
f 420/420/420 417/417/417 418/418/418
f 421/421/421 420/420/420 418/418/418
f 413/413/413 417/417/417 422/422/422
f 413/413/413 422/422/422 419/419/419
f 417/417/417 420/420/420 423/423/423
f 423/423/423 422/422/422 417/417/417
f 423/423/423 420/420/420 424/424/424
f 421/421/421 424/424/424 420/420/420
f 423/423/423 424/424/424 425/425/425
f 423/423/423 425/425/425 422/422/422
f 421/421/421 426/426/426 424/424/424
f 426/426/426 425/425/425 424/424/424
f 422/422/422 427/427/427 419/419/419
f 422/422/422 425/425/425 428/428/428
f 422/422/422 428/428/428 427/427/427
f 425/425/425 426/426/426 429/429/429
f 428/428/428 425/425/425 429/429/429
f 421/421/421 430/430/430 426/426/426
f 430/430/430 429/429/429 426/426/426
f 421/421/421 431/431/431 430/430/430
f 432/432/432 429/429/429 430/430/430
f 421/421/421 433/433/433 431/431/431
f 421/421/421 434/434/434 433/433/433
f 431/431/431 435/435/435 430/430/430
f 432/432/432 430/430/430 435/435/435
f 431/431/431 433/433/433 436/436/436
f 435/435/435 431/431/431 436/436/436
f 437/437/437 433/433/433 434/434/434
f 437/437/437 434/434/434 438/438/438
f 438/438/438 439/439/439 437/437/437
f 440/440/440 436/436/436 433/433/433
f 440/440/440 433/433/433 437/437/437
f 441/441/441 437/437/437 439/439/439
f 437/437/437 441/441/441 440/440/440
f 439/439/439 442/442/442 441/441/441
f 436/436/436 440/440/440 443/443/443
f 436/436/436 443/443/443 435/435/435
f 444/444/444 440/440/440 441/441/441
f 440/440/440 444/444/444 443/443/443
f 445/445/445 441/441/441 442/442/442
f 441/441/441 445/445/445 444/444/444
f 442/442/442 446/446/446 445/445/445
f 443/443/443 444/444/444 447/447/447
f 448/448/448 445/445/445 446/446/446
f 446/446/446 449/449/449 448/448/448
f 450/450/450 444/444/444 445/445/445
f 444/444/444 450/450/450 447/447/447
f 445/445/445 448/448/448 451/451/451
f 450/450/450 445/445/445 451/451/451
f 452/452/452 448/448/448 449/449/449
f 448/448/448 452/452/452 451/451/451
f 449/449/449 453/453/453 452/452/452
f 450/450/450 451/451/451 454/454/454
f 447/447/447 450/450/450 454/454/454
f 455/455/455 452/452/452 453/453/453
f 453/453/453 456/456/456 455/455/455
f 457/457/457 451/451/451 452/452/452
f 452/452/452 455/455/455 457/457/457
f 458/458/458 455/455/455 456/456/456
f 456/456/456 459/459/459 458/458/458
f 460/460/460 457/457/457 455/455/455
f 455/455/455 458/458/458 460/460/460
f 451/451/451 457/457/457 461/461/461
f 454/454/454 451/451/451 461/461/461
f 460/460/460 462/462/462 457/457/457
f 457/457/457 462/462/462 461/461/461
f 463/463/463 458/458/458 459/459/459
f 459/459/459 464/464/464 463/463/463
f 465/465/465 460/460/460 458/458/458
f 458/458/458 463/463/463 465/465/465
f 460/460/460 466/466/466 462/462/462
f 465/465/465 466/466/466 460/460/460
f 467/467/467 463/463/463 464/464/464
f 468/468/468 465/465/465 463/463/463
f 463/463/463 467/467/467 468/468/468
f 465/465/465 469/469/469 466/466/466
f 468/468/468 469/469/469 465/465/465
f 470/470/470 467/467/467 464/464/464
f 464/464/464 471/471/471 470/470/470
f 472/472/472 468/468/468 467/467/467
f 473/473/473 470/470/470 471/471/471
f 471/471/471 474/474/474 473/473/473
f 475/475/475 467/467/467 470/470/470
f 475/475/475 472/472/472 467/467/467
f 472/472/472 476/476/476 468/468/468
f 472/472/472 475/475/475 476/476/476
f 468/468/468 476/476/476 469/469/469
f 477/477/477 475/475/475 470/470/470
f 477/477/477 470/470/470 473/473/473
f 478/478/478 476/476/476 475/475/475
f 475/475/475 477/477/477 478/478/478
f 476/476/476 479/479/479 469/469/469
f 476/476/476 478/478/478 479/479/479
f 479/479/479 480/480/480 469/469/469
f 469/469/469 480/480/480 466/466/466
f 481/481/481 479/479/479 478/478/478
f 466/466/466 480/480/480 482/482/482
f 466/466/466 482/482/482 462/462/462
f 479/479/479 483/483/483 480/480/480
f 479/479/479 481/481/481 483/483/483
f 480/480/480 484/484/484 482/482/482
f 483/483/483 484/484/484 480/480/480
f 462/462/462 482/482/482 485/485/485
f 462/462/462 485/485/485 461/461/461
f 484/484/484 486/486/486 482/482/482
f 482/482/482 486/486/486 485/485/485
f 461/461/461 485/485/485 487/487/487
f 461/461/461 487/487/487 454/454/454
f 486/486/486 488/488/488 485/485/485
f 485/485/485 488/488/488 487/487/487
f 486/486/486 484/484/484 489/489/489
f 454/454/454 487/487/487 490/490/490
f 491/491/491 489/489/489 484/484/484
f 484/484/484 483/483/483 491/491/491
f 487/487/487 492/492/492 490/490/490
f 488/488/488 492/492/492 487/487/487
f 490/490/490 493/493/493 454/454/454
f 447/447/447 454/454/454 493/493/493
f 447/447/447 493/493/493 443/443/443
f 492/492/492 494/494/494 490/490/490
f 490/490/490 494/494/494 493/493/493
f 495/495/495 443/443/443 493/493/493
f 495/495/495 435/435/435 443/443/443
f 496/496/496 493/493/493 494/494/494
f 493/493/493 496/496/496 495/495/495
f 495/495/495 497/497/497 435/435/435
f 497/497/497 495/495/495 496/496/496
f 432/432/432 435/435/435 497/497/497
f 432/432/432 497/497/497 429/429/429
f 498/498/498 429/429/429 497/497/497
f 497/497/497 496/496/496 498/498/498
f 428/428/428 429/429/429 498/498/498
f 499/499/499 498/498/498 496/496/496
f 498/498/498 499/499/499 428/428/428
f 494/494/494 500/500/500 496/496/496
f 500/500/500 499/499/499 496/496/496
f 494/494/494 492/492/492 500/500/500
f 501/501/501 428/428/428 499/499/499
f 428/428/428 501/501/501 427/427/427
f 502/502/502 499/499/499 500/500/500
f 502/502/502 501/501/501 499/499/499
f 503/503/503 500/500/500 492/492/492
f 500/500/500 503/503/503 502/502/502
f 492/492/492 488/488/488 503/503/503
f 501/501/501 502/502/502 504/504/504
f 427/427/427 501/501/501 504/504/504
f 505/505/505 503/503/503 488/488/488
f 488/488/488 486/486/486 505/505/505
f 489/489/489 505/505/505 486/486/486
f 506/506/506 502/502/502 503/503/503
f 503/503/503 505/505/505 506/506/506
f 502/502/502 506/506/506 507/507/507
f 504/504/504 502/502/502 507/507/507
f 508/508/508 506/506/506 505/505/505
f 505/505/505 489/489/489 508/508/508
f 506/506/506 508/508/508 507/507/507
f 509/509/509 508/508/508 489/489/489
f 489/489/489 491/491/491 509/509/509
f 510/510/510 507/507/507 508/508/508
f 508/508/508 509/509/509 510/510/510
f 504/504/504 507/507/507 511/511/511
f 510/510/510 512/512/512 507/507/507
f 511/511/511 507/507/507 512/512/512
f 513/513/513 510/510/510 509/509/509
f 512/512/512 514/514/514 511/511/511
f 515/515/515 511/511/511 514/514/514
f 514/514/514 512/512/512 516/516/516
f 511/511/511 515/515/515 517/517/517
f 517/517/517 504/504/504 511/511/511
f 518/518/518 517/517/517 515/515/515
f 427/427/427 504/504/504 517/517/517
f 518/518/518 416/416/416 517/517/517
f 419/419/419 427/427/427 517/517/517
f 419/419/419 517/517/517 416/416/416
f 519/519/519 516/516/516 512/512/512
f 512/512/512 510/510/510 519/519/519
f 513/513/513 519/519/519 510/510/510
f 516/516/516 519/519/519 520/520/520
f 521/521/521 520/520/520 519/519/519
f 519/519/519 513/513/513 521/521/521
f 520/520/520 521/521/521 522/522/522
f 523/523/523 521/521/521 513/513/513
f 513/513/513 509/509/509 523/523/523
f 524/524/524 522/522/522 521/521/521
f 521/521/521 523/523/523 524/524/524
f 525/525/525 523/523/523 509/509/509
f 525/525/525 509/509/509 491/491/491
f 526/526/526 524/524/524 523/523/523
f 523/523/523 525/525/525 526/526/526
f 524/524/524 527/527/527 522/522/522
f 528/528/528 522/522/522 527/527/527
f 526/526/526 529/529/529 524/524/524
f 527/527/527 524/524/524 529/529/529
f 530/530/530 526/526/526 525/525/525
f 491/491/491 531/531/531 525/525/525
f 530/530/530 525/525/525 531/531/531
f 531/531/531 491/491/491 483/483/483
f 530/530/530 532/532/532 526/526/526
f 531/531/531 532/532/532 530/530/530
f 529/529/529 526/526/526 532/532/532
f 533/533/533 531/531/531 483/483/483
f 533/533/533 532/532/532 531/531/531
f 534/534/534 533/533/533 483/483/483
f 534/534/534 483/483/483 481/481/481
f 533/533/533 535/535/535 532/532/532
f 532/532/532 535/535/535 529/529/529
f 536/536/536 533/533/533 534/534/534
f 536/536/536 535/535/535 533/533/533
f 537/537/537 529/529/529 535/535/535
f 529/529/529 537/537/537 527/527/527
f 538/538/538 527/527/527 537/537/537
f 527/527/527 538/538/538 528/528/528
f 539/539/539 528/528/528 538/538/538
f 535/535/535 540/540/540 537/537/537
f 537/537/537 540/540/540 538/538/538
f 538/538/538 541/541/541 539/539/539
f 541/541/541 538/538/538 540/540/540
f 542/542/542 539/539/539 541/541/541
f 543/543/543 540/540/540 535/535/535
f 536/536/536 543/543/543 535/535/535
f 540/540/540 544/544/544 541/541/541
f 543/543/543 544/544/544 540/540/540
f 541/541/541 545/545/545 542/542/542
f 545/545/545 541/541/541 544/544/544
f 546/546/546 542/542/542 545/545/545
f 547/547/547 544/544/544 543/543/543
f 545/545/545 548/548/548 546/546/546
f 549/549/549 546/546/546 548/548/548
f 544/544/544 550/550/550 545/545/545
f 548/548/548 545/545/545 550/550/550
f 550/550/550 544/544/544 547/547/547
f 549/549/549 548/548/548 551/551/551
f 552/552/552 547/547/547 543/543/543
f 552/552/552 543/543/543 536/536/536
f 553/553/553 551/551/551 548/548/548
f 536/536/536 554/554/554 552/552/552
f 554/554/554 536/536/536 534/534/534
f 553/553/553 548/548/548 555/555/555
f 550/550/550 555/555/555 548/548/548
f 553/553/553 556/556/556 551/551/551
f 557/557/557 551/551/551 556/556/556
f 557/557/557 556/556/556 558/558/558
f 556/556/556 553/553/553 559/559/559
f 555/555/555 559/559/559 553/553/553
f 560/560/560 558/558/558 556/556/556
f 556/556/556 559/559/559 560/560/560
f 558/558/558 560/560/560 561/561/561
f 559/559/559 555/555/555 562/562/562
f 563/563/563 561/561/561 560/560/560
f 564/564/564 561/561/561 563/563/563
f 565/565/565 560/560/560 559/559/559
f 565/565/565 563/563/563 560/560/560
f 566/566/566 565/565/565 559/559/559
f 566/566/566 559/559/559 562/562/562
f 567/567/567 563/563/563 565/565/565
f 567/567/567 565/565/565 566/566/566
f 568/568/568 563/563/563 567/567/567
f 564/564/564 563/563/563 568/568/568
f 567/567/567 566/566/566 569/569/569
f 569/569/569 568/568/568 567/567/567
f 566/566/566 562/562/562 570/570/570
f 564/564/564 568/568/568 571/571/571
f 568/568/568 569/569/569 571/571/571
f 562/562/562 555/555/555 572/572/572
f 562/562/562 572/572/572 570/570/570
f 555/555/555 550/550/550 572/572/572
f 572/572/572 550/550/550 547/547/547
f 566/566/566 570/570/570 573/573/573
f 573/573/573 569/569/569 566/566/566
f 574/574/574 572/572/572 547/547/547
f 574/574/574 547/547/547 552/552/552
f 575/575/575 570/570/570 572/572/572
f 575/575/575 572/572/572 574/574/574
f 552/552/552 576/576/576 574/574/574
f 576/576/576 552/552/552 554/554/554
f 575/575/575 574/574/574 577/577/577
f 577/577/577 574/574/574 576/576/576
f 570/570/570 575/575/575 578/578/578
f 573/573/573 570/570/570 578/578/578
f 579/579/579 575/575/575 577/577/577
f 579/579/579 578/578/578 575/575/575
f 577/577/577 576/576/576 580/580/580
f 579/579/579 577/577/577 581/581/581
f 580/580/580 581/581/581 577/577/577
f 581/581/581 582/582/582 579/579/579
f 578/578/578 579/579/579 582/582/582
f 581/581/581 580/580/580 583/583/583
f 581/581/581 583/583/583 582/582/582
f 584/584/584 580/580/580 576/576/576
f 576/576/576 554/554/554 584/584/584
f 585/585/585 583/583/583 580/580/580
f 580/580/580 584/584/584 585/585/585
f 586/586/586 584/584/584 554/554/554
f 554/554/554 534/534/534 586/586/586
f 481/481/481 586/586/586 534/534/534
f 587/587/587 585/585/585 584/584/584
f 584/584/584 586/586/586 587/587/587
f 586/586/586 481/481/481 588/588/588
f 588/588/588 587/587/587 586/586/586
f 478/478/478 588/588/588 481/481/481
f 588/588/588 478/478/478 477/477/477
f 477/477/477 589/589/589 588/588/588
f 587/587/587 588/588/588 589/589/589
f 589/589/589 477/477/477 473/473/473
f 585/585/585 587/587/587 590/590/590
f 589/589/589 590/590/590 587/587/587
f 585/585/585 590/590/590 583/583/583
f 589/589/589 473/473/473 591/591/591
f 590/590/590 589/589/589 591/591/591
f 591/591/591 473/473/473 474/474/474
f 474/474/474 592/592/592 591/591/591
f 593/593/593 591/591/591 592/592/592
f 590/590/590 591/591/591 593/593/593
f 592/592/592 594/594/594 593/593/593
f 595/595/595 583/583/583 590/590/590
f 595/595/595 590/590/590 593/593/593
f 596/596/596 593/593/593 594/594/594
f 595/595/595 593/593/593 596/596/596
f 596/596/596 594/594/594 597/597/597
f 583/583/583 595/595/595 598/598/598
f 598/598/598 582/582/582 583/583/583
f 599/599/599 596/596/596 597/597/597
f 596/596/596 599/599/599 595/595/595
f 600/600/600 599/599/599 597/597/597
f 601/601/601 598/598/598 595/595/595
f 601/601/601 595/595/595 599/599/599
f 602/602/602 599/599/599 600/600/600
f 603/603/603 602/602/602 600/600/600
f 599/599/599 604/604/604 601/601/601
f 602/602/602 604/604/604 599/599/599
f 598/598/598 601/601/601 605/605/605
f 604/604/604 605/605/605 601/601/601
f 598/598/598 605/605/605 582/582/582
f 602/602/602 606/606/606 604/604/604
f 604/604/604 606/606/606 605/605/605
f 603/603/603 607/607/607 602/602/602
f 607/607/607 606/606/606 602/602/602
f 607/607/607 603/603/603 608/608/608
f 608/608/608 609/609/609 607/607/607
f 610/610/610 607/607/607 609/609/609
f 607/607/607 610/610/610 606/606/606
f 564/564/564 610/610/610 609/609/609
f 606/606/606 610/610/610 611/611/611
f 611/611/611 605/605/605 606/606/606
f 564/564/564 612/612/612 610/610/610
f 612/612/612 611/611/611 610/610/610
f 564/564/564 571/571/571 612/612/612
f 613/613/613 611/611/611 612/612/612
f 612/612/612 571/571/571 613/613/613
f 611/611/611 613/613/613 605/605/605
f 614/614/614 613/613/613 571/571/571
f 614/614/614 571/571/571 569/569/569
f 615/615/615 605/605/605 613/613/613
f 615/615/615 582/582/582 605/605/605
f 582/582/582 615/615/615 578/578/578
f 614/614/614 616/616/616 613/613/613
f 615/615/615 613/613/613 616/616/616
f 569/569/569 616/616/616 614/614/614
f 616/616/616 578/578/578 615/615/615
f 569/569/569 573/573/573 616/616/616
f 578/578/578 616/616/616 573/573/573
f 619/619/619 618/618/618 617/617/617
f 619/619/619 620/620/620 618/618/618
f 621/621/621 617/617/617 618/618/618
f 617/617/617 621/621/621 622/622/622
f 623/623/623 618/618/618 620/620/620
f 624/624/624 622/622/622 621/621/621
f 625/625/625 622/622/622 624/624/624
f 618/618/618 626/626/626 621/621/621
f 618/618/618 623/623/623 626/626/626
f 627/627/627 624/624/624 621/621/621
f 627/627/627 621/621/621 626/626/626
f 627/627/627 628/628/628 624/624/624
f 626/626/626 629/629/629 627/627/627
f 627/627/627 629/629/629 628/628/628
f 624/624/624 628/628/628 630/630/630
f 625/625/625 624/624/624 630/630/630
f 631/631/631 630/630/630 628/628/628
f 628/628/628 629/629/629 631/631/631
f 625/625/625 630/630/630 632/632/632
f 630/630/630 631/631/631 632/632/632
f 633/633/633 629/629/629 626/626/626
f 634/634/634 632/632/632 631/631/631
f 635/635/635 633/633/633 626/626/626
f 635/635/635 626/626/626 623/623/623
f 636/636/636 631/631/631 629/629/629
f 631/631/631 636/636/636 634/634/634
f 637/637/637 629/629/629 633/633/633
f 637/637/637 636/636/636 629/629/629
f 638/638/638 633/633/633 635/635/635
f 633/633/633 638/638/638 637/637/637
f 635/635/635 623/623/623 639/639/639
f 639/639/639 638/638/638 635/635/635
f 623/623/623 620/620/620 640/640/640
f 640/640/640 639/639/639 623/623/623
f 641/641/641 640/640/640 620/620/620
f 641/641/641 642/642/642 640/640/640
f 643/643/643 640/640/640 642/642/642
f 640/640/640 643/643/643 639/639/639
f 642/642/642 644/644/644 643/643/643
f 645/645/645 643/643/643 644/644/644
f 644/644/644 646/646/646 645/645/645
f 647/647/647 639/639/639 643/643/643
f 643/643/643 645/645/645 647/647/647
f 648/648/648 645/645/645 646/646/646
f 646/646/646 649/649/649 648/648/648
f 650/650/650 647/647/647 645/645/645
f 645/645/645 648/648/648 650/650/650
f 647/647/647 651/651/651 639/639/639
f 651/651/651 638/638/638 639/639/639
f 647/647/647 650/650/650 652/652/652
f 652/652/652 651/651/651 647/647/647
f 653/653/653 648/648/648 649/649/649
f 649/649/649 654/654/654 653/653/653
f 655/655/655 650/650/650 648/648/648
f 648/648/648 653/653/653 655/655/655
f 656/656/656 652/652/652 650/650/650
f 650/650/650 655/655/655 656/656/656
f 657/657/657 653/653/653 654/654/654
f 658/658/658 655/655/655 653/653/653
f 653/653/653 657/657/657 658/658/658
f 655/655/655 658/658/658 659/659/659
f 656/656/656 655/655/655 659/659/659
f 660/660/660 658/658/658 657/657/657
f 658/658/658 660/660/660 659/659/659
f 657/657/657 654/654/654 661/661/661
f 662/662/662 661/661/661 654/654/654
f 660/660/660 657/657/657 663/663/663
f 661/661/661 663/663/663 657/657/657
f 661/661/661 662/662/662 664/664/664
f 665/665/665 664/664/664 662/662/662
f 663/663/663 661/661/661 666/666/666
f 664/664/664 666/666/666 661/661/661
f 663/663/663 667/667/667 660/660/660
f 663/663/663 666/666/666 667/667/667
f 664/664/664 665/665/665 668/668/668
f 669/669/669 668/668/668 665/665/665
f 666/666/666 664/664/664 670/670/670
f 668/668/668 670/670/670 664/664/664
f 668/668/668 669/669/669 671/671/671
f 672/672/672 671/671/671 669/669/669
f 670/670/670 668/668/668 673/673/673
f 671/671/671 673/673/673 668/668/668
f 666/666/666 670/670/670 674/674/674
f 674/674/674 667/667/667 666/666/666
f 670/670/670 673/673/673 675/675/675
f 675/675/675 674/674/674 670/670/670
f 671/671/671 672/672/672 676/676/676
f 677/677/677 676/676/676 672/672/672
f 677/677/677 678/678/678 676/676/676
f 676/676/676 679/679/679 671/671/671
f 673/673/673 671/671/671 679/679/679
f 680/680/680 676/676/676 678/678/678
f 676/676/676 680/680/680 679/679/679
f 680/680/680 678/678/678 681/681/681
f 682/682/682 681/681/681 678/678/678
f 682/682/682 683/683/683 681/681/681
f 684/684/684 679/679/679 680/680/680
f 685/685/685 681/681/681 683/683/683
f 683/683/683 686/686/686 685/685/685
f 681/681/681 687/687/687 680/680/680
f 681/681/681 685/685/685 687/687/687
f 684/684/684 680/680/680 687/687/687
f 688/688/688 685/685/685 686/686/686
f 689/689/689 688/688/688 686/686/686
f 690/690/690 687/687/687 685/685/685
f 688/688/688 690/690/690 685/685/685
f 691/691/691 687/687/687 690/690/690
f 692/692/692 690/690/690 688/688/688
f 692/692/692 691/691/691 690/690/690
f 689/689/689 692/692/692 688/688/688
f 691/691/691 693/693/693 687/687/687
f 684/684/684 687/687/687 693/693/693
f 691/691/691 692/692/692 694/694/694
f 694/694/694 693/693/693 691/691/691
f 689/689/689 695/695/695 692/692/692
f 692/692/692 695/695/695 694/694/694
f 693/693/693 696/696/696 684/684/684
f 679/679/679 684/684/684 696/696/696
f 694/694/694 697/697/697 693/693/693
f 696/696/696 698/698/698 679/679/679
f 673/673/673 679/679/679 698/698/698
f 696/696/696 693/693/693 699/699/699
f 699/699/699 698/698/698 696/696/696
f 697/697/697 699/699/699 693/693/693
f 698/698/698 700/700/700 673/673/673
f 700/700/700 675/675/675 673/673/673
f 699/699/699 701/701/701 698/698/698
f 700/700/700 698/698/698 702/702/702
f 701/701/701 702/702/702 698/698/698
f 675/675/675 700/700/700 703/703/703
f 702/702/702 703/703/703 700/700/700
f 703/703/703 704/704/704 675/675/675
f 674/674/674 675/675/675 704/704/704
f 703/703/703 702/702/702 705/705/705
f 704/704/704 706/706/706 674/674/674
f 667/667/667 674/674/674 706/706/706
f 704/704/704 703/703/703 707/707/707
f 705/705/705 707/707/707 703/703/703
f 706/706/706 704/704/704 708/708/708
f 707/707/707 708/708/708 704/704/704
f 706/706/706 709/709/709 667/667/667
f 708/708/708 710/710/710 706/706/706
f 709/709/709 706/706/706 710/710/710
f 711/711/711 667/667/667 709/709/709
f 711/711/711 660/660/660 667/667/667
f 711/711/711 659/659/659 660/660/660
f 659/659/659 711/711/711 709/709/709
f 712/712/712 659/659/659 709/709/709
f 712/712/712 709/709/709 710/710/710
f 656/656/656 659/659/659 712/712/712
f 713/713/713 656/656/656 712/712/712
f 652/652/652 656/656/656 713/713/713
f 714/714/714 712/712/712 710/710/710
f 713/713/713 712/712/712 714/714/714
f 715/715/715 652/652/652 713/713/713
f 651/651/651 652/652/652 715/715/715
f 716/716/716 713/713/713 714/714/714
f 715/715/715 713/713/713 716/716/716
f 717/717/717 651/651/651 715/715/715
f 638/638/638 651/651/651 717/717/717
f 718/718/718 715/715/715 716/716/716
f 717/717/717 715/715/715 718/718/718
f 717/717/717 719/719/719 638/638/638
f 719/719/719 637/637/637 638/638/638
f 720/720/720 717/717/717 718/718/718
f 719/719/719 717/717/717 720/720/720
f 718/718/718 716/716/716 721/721/721
f 722/722/722 719/719/719 720/720/720
f 723/723/723 721/721/721 716/716/716
f 716/716/716 714/714/714 723/723/723
f 720/720/720 718/718/718 724/724/724
f 721/721/721 724/724/724 718/718/718
f 722/722/722 720/720/720 725/725/725
f 724/724/724 725/725/725 720/720/720
f 722/722/722 726/726/726 719/719/719
f 726/726/726 722/722/722 725/725/725
f 637/637/637 719/719/719 726/726/726
f 636/636/636 637/637/637 726/726/726
f 727/727/727 636/636/636 726/726/726
f 727/727/727 634/634/634 636/636/636
f 727/727/727 726/726/726 728/728/728
f 634/634/634 727/727/727 728/728/728
f 729/729/729 726/726/726 725/725/725
f 729/729/729 728/728/728 726/726/726
f 730/730/730 634/634/634 728/728/728
f 632/632/632 634/634/634 730/730/730
f 728/728/728 729/729/729 731/731/731
f 728/728/728 731/731/731 730/730/730
f 725/725/725 732/732/732 729/729/729
f 725/725/725 724/724/724 732/732/732
f 733/733/733 731/731/731 729/729/729
f 733/733/733 729/729/729 732/732/732
f 734/734/734 732/732/732 724/724/724
f 724/724/724 721/721/721 734/734/734
f 732/732/732 735/735/735 733/733/733
f 736/736/736 734/734/734 721/721/721
f 721/721/721 723/723/723 736/736/736
f 734/734/734 737/737/737 732/732/732
f 734/734/734 736/736/736 737/737/737
f 735/735/735 732/732/732 737/737/737
f 738/738/738 736/736/736 723/723/723
f 739/739/739 737/737/737 736/736/736
f 736/736/736 738/738/738 739/739/739
f 723/723/723 740/740/740 738/738/738
f 740/740/740 723/723/723 714/714/714
f 714/714/714 710/710/710 740/740/740
f 741/741/741 739/739/739 738/738/738
f 742/742/742 738/738/738 740/740/740
f 738/738/738 742/742/742 741/741/741
f 743/743/743 740/740/740 710/710/710
f 740/740/740 743/743/743 742/742/742
f 743/743/743 710/710/710 744/744/744
f 710/710/710 708/708/708 744/744/744
f 745/745/745 742/742/742 743/743/743
f 744/744/744 708/708/708 746/746/746
f 708/708/708 707/707/707 746/746/746
f 743/743/743 744/744/744 747/747/747
f 745/745/745 743/743/743 747/747/747
f 744/744/744 746/746/746 748/748/748
f 747/747/747 744/744/744 748/748/748
f 746/746/746 707/707/707 749/749/749
f 707/707/707 705/705/705 749/749/749
f 750/750/750 748/748/748 746/746/746
f 746/746/746 749/749/749 750/750/750
f 749/749/749 705/705/705 751/751/751
f 752/752/752 750/750/750 749/749/749
f 749/749/749 751/751/751 752/752/752
f 748/748/748 750/750/750 753/753/753
f 705/705/705 754/754/754 751/751/751
f 754/754/754 705/705/705 702/702/702
f 702/702/702 701/701/701 754/754/754
f 755/755/755 753/753/753 750/750/750
f 750/750/750 752/752/752 755/755/755
f 756/756/756 754/754/754 701/701/701
f 754/754/754 756/756/756 757/757/757
f 757/757/757 751/751/751 754/754/754
f 758/758/758 756/756/756 701/701/701
f 756/756/756 758/758/758 757/757/757
f 699/699/699 758/758/758 701/701/701
f 699/699/699 697/697/697 758/758/758
f 751/751/751 757/757/757 759/759/759
f 759/759/759 752/752/752 751/751/751
f 760/760/760 757/757/757 758/758/758
f 757/757/757 760/760/760 759/759/759
f 761/761/761 758/758/758 697/697/697
f 759/759/759 762/762/762 752/752/752
f 755/755/755 752/752/752 762/762/762
f 697/697/697 763/763/763 761/761/761
f 694/694/694 763/763/763 697/697/697
f 694/694/694 695/695/695 763/763/763
f 761/761/761 764/764/764 758/758/758
f 761/761/761 763/763/763 764/764/764
f 760/760/760 758/758/758 764/764/764
f 763/763/763 695/695/695 765/765/765
f 765/765/765 764/764/764 763/763/763
f 766/766/766 765/765/765 695/695/695
f 689/689/689 766/766/766 695/695/695
f 764/764/764 765/765/765 767/767/767
f 764/764/764 767/767/767 760/760/760
f 768/768/768 765/765/765 766/766/766
f 768/768/768 767/767/767 765/765/765
f 689/689/689 769/769/769 766/766/766
f 766/766/766 769/769/769 768/768/768
f 689/689/689 770/770/770 769/769/769
f 771/771/771 768/768/768 769/769/769
f 768/768/768 771/771/771 767/767/767
f 770/770/770 772/772/772 769/769/769
f 771/771/771 769/769/769 772/772/772
f 770/770/770 773/773/773 772/772/772
f 774/774/774 767/767/767 771/771/771
f 774/774/774 771/771/771 772/772/772
f 773/773/773 775/775/775 772/772/772
f 772/772/772 775/775/775 774/774/774
f 773/773/773 776/776/776 775/775/775
f 776/776/776 777/777/777 775/775/775
f 767/767/767 774/774/774 778/778/778
f 778/778/778 760/760/760 767/767/767
f 778/778/778 759/759/759 760/760/760
f 775/775/775 779/779/779 774/774/774
f 779/779/779 775/775/775 777/777/777
f 780/780/780 778/778/778 774/774/774
f 778/778/778 780/780/780 759/759/759
f 780/780/780 774/774/774 779/779/779
f 762/762/762 759/759/759 780/780/780
f 762/762/762 780/780/780 779/779/779
f 781/781/781 779/779/779 777/777/777
f 779/779/779 781/781/781 762/762/762
f 777/777/777 782/782/782 781/781/781
f 782/782/782 783/783/783 781/781/781
f 781/781/781 784/784/784 762/762/762
f 784/784/784 781/781/781 783/783/783
f 755/755/755 762/762/762 784/784/784
f 783/783/783 785/785/785 784/784/784
f 784/784/784 786/786/786 755/755/755
f 786/786/786 784/784/784 785/785/785
f 753/753/753 755/755/755 786/786/786
f 785/785/785 787/787/787 786/786/786
f 788/788/788 786/786/786 787/787/787
f 786/786/786 788/788/788 753/753/753
f 787/787/787 789/789/789 788/788/788
f 790/790/790 753/753/753 788/788/788
f 753/753/753 790/790/790 748/748/748
f 791/791/791 788/788/788 789/789/789
f 788/788/788 791/791/791 790/790/790
f 747/747/747 748/748/748 790/790/790
f 789/789/789 792/792/792 791/791/791
f 790/790/790 793/793/793 747/747/747
f 793/793/793 790/790/790 791/791/791
f 793/793/793 794/794/794 747/747/747
f 745/745/745 747/747/747 794/794/794
f 794/794/794 742/742/742 745/745/745
f 791/791/791 795/795/795 793/793/793
f 794/794/794 793/793/793 795/795/795
f 795/795/795 791/791/791 792/792/792
f 794/794/794 796/796/796 742/742/742
f 796/796/796 794/794/794 795/795/795
f 796/796/796 741/741/741 742/742/742
f 797/797/797 795/795/795 792/792/792
f 795/795/795 797/797/797 796/796/796
f 797/797/797 741/741/741 796/796/796
f 792/792/792 798/798/798 797/797/797
f 797/797/797 799/799/799 741/741/741
f 799/799/799 797/797/797 798/798/798
f 799/799/799 739/739/739 741/741/741
f 798/798/798 800/800/800 799/799/799
f 799/799/799 801/801/801 739/739/739
f 801/801/801 799/799/799 800/800/800
f 801/801/801 737/737/737 739/739/739
f 800/800/800 802/802/802 801/801/801
f 801/801/801 803/803/803 737/737/737
f 803/803/803 801/801/801 802/802/802
f 802/802/802 804/804/804 803/803/803
f 803/803/803 735/735/735 737/737/737
f 805/805/805 803/803/803 804/804/804
f 803/803/803 805/805/805 735/735/735
f 804/804/804 806/806/806 805/805/805
f 806/806/806 807/807/807 805/805/805
f 805/805/805 808/808/808 735/735/735
f 808/808/808 805/805/805 807/807/807
f 809/809/809 735/735/735 808/808/808
f 809/809/809 733/733/733 735/735/735
f 733/733/733 809/809/809 731/731/731
f 808/808/808 807/807/807 810/810/810
f 807/807/807 811/811/811 810/810/810
f 811/811/811 812/812/812 810/810/810
f 809/809/809 808/808/808 813/813/813
f 813/813/813 808/808/808 810/810/810
f 813/813/813 731/731/731 809/809/809
f 814/814/814 810/810/810 812/812/812
f 810/810/810 814/814/814 813/813/813
f 812/812/812 815/815/815 814/814/814
f 731/731/731 813/813/813 816/816/816
f 816/816/816 730/730/730 731/731/731
f 817/817/817 813/813/813 814/814/814
f 817/817/817 816/816/816 813/813/813
f 818/818/818 814/814/814 815/815/815
f 817/817/817 814/814/814 818/818/818
f 625/625/625 818/818/818 815/815/815
f 816/816/816 817/817/817 819/819/819
f 818/818/818 819/819/819 817/817/817
f 816/816/816 819/819/819 730/730/730
f 625/625/625 819/819/819 818/818/818
f 819/819/819 632/632/632 730/730/730
f 625/625/625 632/632/632 819/819/819
f 822/822/822 821/821/821 820/820/820
f 822/822/822 820/820/820 823/823/823
f 822/822/822 824/824/824 821/821/821
f 822/822/822 823/823/823 825/825/825
f 822/822/822 826/826/826 824/824/824
f 822/822/822 825/825/825 827/827/827
f 822/822/822 828/828/828 826/826/826
f 822/822/822 827/827/827 829/829/829
f 822/822/822 830/830/830 828/828/828
f 822/822/822 829/829/829 831/831/831
f 822/822/822 832/832/832 830/830/830
f 822/822/822 831/831/831 833/833/833
f 822/822/822 834/834/834 832/832/832
f 822/822/822 833/833/833 835/835/835
f 822/822/822 836/836/836 834/834/834
f 822/822/822 835/835/835 837/837/837
f 822/822/822 838/838/838 836/836/836
f 822/822/822 837/837/837 839/839/839
f 822/822/822 840/840/840 838/838/838
f 822/822/822 839/839/839 840/840/840
f 843/843/843 842/842/842 841/841/841
f 844/844/844 841/841/841 842/842/842
f 842/842/842 845/845/845 844/844/844
f 846/846/846 844/844/844 845/845/845
f 845/845/845 847/847/847 846/846/846
f 848/848/848 846/846/846 847/847/847
f 851/851/851 850/850/850 849/849/849
f 852/852/852 849/849/849 850/850/850
f 852/852/852 850/850/850 853/853/853
f 854/854/854 852/852/852 853/853/853
f 853/853/853 855/855/855 854/854/854
f 856/856/856 854/854/854 855/855/855
f 859/859/859 858/858/858 857/857/857
f 857/857/857 858/858/858 860/860/860
f 858/858/858 861/861/861 860/860/860
f 861/861/861 858/858/858 862/862/862
f 862/862/862 863/863/863 861/861/861
f 861/861/861 863/863/863 864/864/864
f 867/867/867 866/866/866 865/865/865
f 866/866/866 867/867/867 868/868/868
f 868/868/868 867/867/867 869/869/869
f 869/869/869 867/867/867 870/870/870
f 871/871/871 869/869/869 870/870/870
f 869/869/869 871/871/871 872/872/872
f 875/875/875 874/874/874 873/873/873
f 874/874/874 875/875/875 876/876/876
f 876/876/876 875/875/875 877/877/877
f 877/877/877 875/875/875 878/878/878
f 879/879/879 877/877/877 878/878/878
f 877/877/877 879/879/879 880/880/880
f 883/883/883 882/882/882 881/881/881
f 884/884/884 882/882/882 883/883/883
f 883/883/883 885/885/885 884/884/884
f 885/885/885 883/883/883 886/886/886
f 887/887/887 885/885/885 886/886/886
f 888/888/888 885/885/885 887/887/887
f 891/891/891 890/890/890 889/889/889
f 892/892/892 890/890/890 891/891/891
f 891/891/891 893/893/893 892/892/892
f 893/893/893 891/891/891 894/894/894
f 895/895/895 893/893/893 894/894/894
f 896/896/896 893/893/893 895/895/895
f 899/899/899 898/898/898 897/897/897
f 900/900/900 897/897/897 898/898/898
f 900/900/900 898/898/898 901/901/901
f 901/901/901 898/898/898 902/902/902
f 902/902/902 903/903/903 901/901/901
f 904/904/904 901/901/901 903/903/903
f 907/907/907 906/906/906 905/905/905
f 908/908/908 905/905/905 906/906/906
f 906/906/906 909/909/909 908/908/908
f 910/910/910 908/908/908 909/909/909
f 905/905/905 908/908/908 911/911/911
f 910/910/910 912/912/912 908/908/908
f 912/912/912 913/913/913 908/908/908
f 913/913/913 911/911/911 908/908/908
f 914/914/914 913/913/913 912/912/912
f 911/911/911 913/913/913 915/915/915
f 915/915/915 913/913/913 914/914/914
f 915/915/915 916/916/916 911/911/911
f 916/916/916 915/915/915 917/917/917
f 915/915/915 914/914/914 918/918/918
f 918/918/918 917/917/917 915/915/915
f 919/919/919 918/918/918 914/914/914
f 918/918/918 920/920/920 917/917/917
f 918/918/918 919/919/919 920/920/920
f 921/921/921 920/920/920 919/919/919
f 922/922/922 917/917/917 920/920/920
f 923/923/923 920/920/920 921/921/921
f 922/922/922 920/920/920 924/924/924
f 920/920/920 923/923/923 924/924/924
f 922/922/922 924/924/924 925/925/925
f 925/925/925 924/924/924 926/926/926
f 924/924/924 923/923/923 927/927/927
f 927/927/927 926/926/926 924/924/924
f 928/928/928 927/927/927 923/923/923
f 927/927/927 929/929/929 926/926/926
f 928/928/928 930/930/930 927/927/927
f 930/930/930 931/931/931 927/927/927
f 931/931/931 929/929/929 927/927/927
f 931/931/931 930/930/930 932/932/932
f 931/931/931 933/933/933 929/929/929
f 931/931/931 932/932/932 933/933/933
f 929/929/929 933/933/933 934/934/934
f 934/934/934 933/933/933 935/935/935
f 933/933/933 932/932/932 936/936/936
f 936/936/936 935/935/935 933/933/933
f 937/937/937 936/936/936 932/932/932
f 936/936/936 938/938/938 935/935/935
f 936/936/936 937/937/937 939/939/939
f 941/941/941 938/938/938 940/940/940
f 942/942/942 936/936/936 939/939/939
f 942/942/942 938/938/938 936/936/936
f 942/942/942 940/940/940 938/938/938
f 939/939/939 943/943/943 942/942/942
f 940/940/940 942/942/942 943/943/943
f 946/946/946 945/945/945 944/944/944
f 947/947/947 945/945/945 946/946/946
f 947/947/947 948/948/948 945/945/945
f 949/949/949 948/948/948 947/947/947
f 949/949/949 947/947/947 950/950/950
f 947/947/947 946/946/946 951/951/951
f 950/950/950 947/947/947 951/951/951
f 951/951/951 946/946/946 952/952/952
f 950/950/950 951/951/951 953/953/953
f 951/951/951 952/952/952 954/954/954
f 954/954/954 953/953/953 951/951/951
f 955/955/955 954/954/954 952/952/952
f 956/956/956 954/954/954 955/955/955
f 954/954/954 957/957/957 953/953/953
f 956/956/956 957/957/957 954/954/954
f 958/958/958 953/953/953 957/957/957
f 957/957/957 956/956/956 959/959/959
f 957/957/957 959/959/959 958/958/958
f 960/960/960 958/958/958 959/959/959
f 959/959/959 956/956/956 961/961/961
f 960/960/960 959/959/959 962/962/962
f 959/959/959 961/961/961 963/963/963
f 963/963/963 962/962/962 959/959/959
f 964/964/964 963/963/963 961/961/961
f 963/963/963 964/964/964 965/965/965
f 962/962/962 963/963/963 966/966/966
f 965/965/965 966/966/966 963/963/963
f 962/962/962 966/966/966 967/967/967
f 967/967/967 966/966/966 968/968/968
f 966/966/966 965/965/965 969/969/969
f 968/968/968 966/966/966 969/969/969
f 970/970/970 969/969/969 965/965/965
f 968/968/968 969/969/969 971/971/971
f 969/969/969 970/970/970 972/972/972
f 972/972/972 971/971/971 969/969/969
f 973/973/973 972/972/972 970/970/970
f 973/973/973 974/974/974 972/972/972
f 975/975/975 971/971/971 972/972/972
f 975/975/975 972/972/972 974/974/974
f 971/971/971 975/975/975 976/976/976
f 974/974/974 977/977/977 975/975/975
f 976/976/976 975/975/975 978/978/978
f 980/980/980 979/979/979 977/977/977
f 981/981/981 978/978/978 975/975/975
f 981/981/981 975/975/975 977/977/977
f 981/981/981 977/977/977 979/979/979
f 978/978/978 981/981/981 982/982/982
f 979/979/979 982/982/982 981/981/981
