mtllib SM_Terrace_LOD3@000002909DC05D00.mtl
g SM_Terrace_LOD3@000002909DC05D00
#Vertices 1594
#Indices 4557
#Section 0 Offset 0 NumIndices 1380 MaterialIndex 0 MI_Chapel_A_01
#Section 1 Offset 1380 NumIndices 2061 MaterialIndex 1 MI_ConcreteTrim_A_02
#Section 2 Offset 3441 NumIndices 618 MaterialIndex 2 MI_ConcreteTile_A_02
#Section 3 Offset 4059 NumIndices 258 MaterialIndex 3 MI_Tower_Trim
#Section 4 Offset 4317 NumIndices 90 MaterialIndex 4 MI_ConcreteTile_A_02
#Section 5 Offset 4407 NumIndices 144 MaterialIndex 5 MI_RoofTile_A_01
#Section 6 Offset 4551 NumIndices 6 MaterialIndex 6 MM_Unlit
v 4.840617 6.583912 -0.505992 0.890196 0.890196 1.000000 1.000000
v 5.029146 6.630040 -0.583703 0.917647 0.917647 1.000000 1.000000
v 4.730795 6.589161 -0.239071 0.450980 0.450980 1.000000 1.000000
v 5.245978 6.585672 -0.135779 0.000000 0.000000 1.000000 1.000000
v 4.823112 6.582814 -0.019262 0.000000 0.000000 1.000000 1.000000
v 4.840617 3.304575 -0.505991 0.000000 0.000000 1.000000 1.000000
v 5.029146 3.350703 -0.583702 0.000000 0.000000 1.000000 1.000000
v 4.730795 3.309823 -0.239070 0.000000 0.000000 1.000000 1.000000
v 5.245978 3.306334 -0.135778 0.000000 0.000000 1.000000 1.000000
v 4.823112 3.303478 -0.019261 0.000000 0.000000 1.000000 1.000000
v 2.659875 6.583911 -6.076426 1.000000 1.000000 1.000000 1.000000
v 2.862608 6.630039 -6.054479 1.000000 1.000000 1.000000 1.000000
v 2.435743 6.589160 -5.894567 1.000000 1.000000 1.000000 1.000000
v 2.838739 6.585671 -5.557406 1.000000 1.000000 1.000000 1.000000
v 2.417058 6.602872 -5.628908 1.000000 1.000000 1.000000 1.000000
v 2.659875 3.304574 -6.076426 0.000000 0.000000 1.000000 1.000000
v 2.862608 3.350703 -6.054478 0.000000 0.000000 1.000000 1.000000
v 2.435744 3.309823 -5.894566 0.000000 0.000000 1.000000 1.000000
v 2.838739 3.306334 -5.557405 0.000000 0.000000 1.000000 1.000000
v 2.417058 3.323536 -5.628907 0.000000 0.000000 1.000000 1.000000
v 3.020359 6.583911 -5.347779 1.000000 1.000000 1.000000 1.000000
v 2.987398 6.630046 -5.549016 1.000000 1.000000 1.000000 1.000000
v 3.255445 6.589160 -5.180319 1.000000 1.000000 1.000000 1.000000
v 3.472810 6.585671 -5.658685 0.329412 0.329412 1.000000 1.000000
v 3.516453 6.602871 -5.233218 1.000000 1.000000 1.000000 1.000000
v 3.020359 3.304574 -5.347778 0.000000 0.000000 1.000000 1.000000
v 2.987398 3.350708 -5.549015 0.000000 0.000000 1.000000 1.000000
v 3.255445 3.309823 -5.180318 0.000000 0.000000 1.000000 1.000000
v 3.472810 3.306334 -5.658685 0.000000 0.000000 1.000000 1.000000
v 3.516453 3.323534 -5.233218 0.000000 0.000000 1.000000 1.000000
v -2.938536 6.582596 -5.714452 0.686275 0.686275 1.000000 1.000000
v -2.956323 6.585856 -5.274971 1.000000 1.000000 1.000000 1.000000
v -3.175309 6.589161 -5.752639 0.062745 0.062745 1.000000 1.000000
v -3.437804 6.583943 -5.390724 1.000000 1.000000 1.000000 1.000000
v -3.409900 6.583911 -5.584483 0.427451 0.427451 1.000000 1.000000
v -2.914147 3.323534 -5.700511 0.000000 0.000000 1.000000 1.000000
v -2.956530 3.306334 -5.274918 0.000000 0.000000 1.000000 1.000000
v -3.175309 3.309823 -5.752638 0.000000 0.000000 1.000000 1.000000
v -3.442265 3.350706 -5.383150 0.000000 0.000000 1.000000 1.000000
v -3.409900 3.304574 -5.584483 0.000000 0.000000 1.000000 1.000000
v -2.702570 6.602872 -5.476810 1.000000 1.000000 1.000000 1.000000
v -3.026896 6.585671 -5.755629 0.000000 0.000000 1.000000 1.000000
v -2.510079 6.589160 -5.660852 1.000000 1.000000 1.000000 1.000000
v -2.659642 6.630039 -6.091451 1.000000 1.000000 1.000000 1.000000
v -2.513279 6.583911 -5.949465 1.000000 1.000000 1.000000 1.000000
v -2.702570 3.323535 -5.476810 0.000000 0.000000 1.000000 1.000000
v -3.026896 3.306334 -5.755629 0.000000 0.000000 1.000000 1.000000
v -2.510079 3.309823 -5.660851 0.000000 0.000000 1.000000 1.000000
v -2.659642 3.350703 -6.091451 0.000000 0.000000 1.000000 1.000000
v -2.513279 3.304574 -5.949465 0.000000 0.000000 1.000000 1.000000
v -4.734961 6.602872 -0.615837 0.215686 0.215686 1.000000 1.000000
v -4.717964 6.585671 -0.188474 0.000000 0.000000 1.000000 1.000000
v -5.000829 6.589161 -0.631272 0.062745 0.062745 1.000000 1.000000
v -5.214012 6.630052 -0.228357 0.000000 0.000000 1.000000 1.000000
v -5.209855 6.583912 -0.432233 0.000000 0.000000 1.000000 1.000000
v -4.734960 3.323535 -0.615836 0.000000 0.000000 1.000000 1.000000
v -4.717964 3.306334 -0.188474 0.000000 0.000000 1.000000 1.000000
v -5.000829 3.309824 -0.631271 0.000000 0.000000 1.000000 1.000000
v -5.214012 3.350715 -0.228357 0.000000 0.000000 1.000000 1.000000
v -5.209855 3.304575 -0.432233 0.000000 0.000000 1.000000 1.000000
v 4.756378 3.295325 0.018020 0.000000 0.000000 1.000000 1.000000
v 4.773809 3.524192 -0.059890 0.000000 0.000000 1.000000 1.000000
v 4.831426 3.508725 -0.006004 0.000000 0.000000 1.000000 1.000000
v 4.642899 3.224630 -0.432544 0.000000 0.000000 1.000000 1.000000
v 4.622163 6.435176 -0.359310 0.000000 0.000000 1.000000 1.000000
v 4.823112 6.582814 -0.019262 0.000000 0.000000 1.000000 1.000000
v 4.730795 6.589161 -0.239071 0.450980 0.450980 1.000000 1.000000
v 4.940474 6.440619 -0.719904 0.431373 0.431373 1.000000 1.000000
v 4.917122 3.296723 -0.689118 0.000000 0.000000 1.000000 1.000000
v 4.840617 6.583912 -0.505992 0.890196 0.890196 1.000000 1.000000
v 5.294107 3.271077 -0.589566 0.000000 0.000000 1.000000 1.000000
v 5.029146 6.630040 -0.583703 0.917647 0.917647 1.000000 1.000000
v 5.372619 6.411768 -0.463842 0.000000 0.000000 1.000000 1.000000
v 5.245978 6.585672 -0.135779 0.000000 0.000000 1.000000 1.000000
v 5.326911 3.668992 -0.263983 0.000000 0.000000 1.000000 1.000000
v 5.291174 3.289022 -0.074175 0.000000 0.000000 1.000000 1.000000
v 5.252266 6.407069 -0.063040 0.000000 0.000000 1.000000 1.000000
v 4.823112 6.582814 -0.019262 0.000000 0.000000 1.000000 1.000000
v 5.302446 6.334424 -0.217185 0.000000 0.000000 1.000000 1.000000
v 5.303383 4.279537 -0.203341 0.000000 0.000000 1.000000 1.000000
v 4.831426 3.508725 -0.006004 0.000000 0.000000 1.000000 1.000000
v 4.773809 3.524192 -0.059890 0.000000 0.000000 1.000000 1.000000
v 4.756378 3.295325 0.018020 0.000000 0.000000 1.000000 1.000000
v 4.756378 0.015988 0.018020 0.000000 0.000000 1.000000 1.000000
v 4.773809 0.244855 -0.059889 0.000000 0.000000 1.000000 1.000000
v 4.831426 0.229388 -0.006003 0.000000 0.000000 1.000000 1.000000
v 4.642899 -0.054707 -0.432544 0.000000 0.000000 1.000000 1.000000
v 4.622163 3.155839 -0.359310 0.000000 0.000000 1.000000 1.000000
v 4.823112 3.303478 -0.019261 0.000000 0.000000 1.000000 1.000000
v 4.730795 3.309823 -0.239070 0.000000 0.000000 1.000000 1.000000
v 4.940474 3.161283 -0.719903 0.000000 0.000000 1.000000 1.000000
v 4.917122 0.017386 -0.689117 0.000000 0.000000 1.000000 1.000000
v 4.840617 3.304575 -0.505991 0.000000 0.000000 1.000000 1.000000
v 5.294107 -0.008259 -0.589565 0.000000 0.000000 1.000000 1.000000
v 5.029146 3.350703 -0.583702 0.000000 0.000000 1.000000 1.000000
v 5.372619 3.132431 -0.463841 0.000000 0.000000 1.000000 1.000000
v 5.245978 3.306334 -0.135778 0.000000 0.000000 1.000000 1.000000
v 5.326911 0.389656 -0.263983 0.000000 0.000000 1.000000 1.000000
v 5.291174 0.009685 -0.074175 0.000000 0.000000 1.000000 1.000000
v 5.252265 3.127732 -0.063039 0.000000 0.000000 1.000000 1.000000
v 4.823112 3.303478 -0.019261 0.000000 0.000000 1.000000 1.000000
v 5.302446 3.055087 -0.217184 0.000000 0.000000 1.000000 1.000000
v 5.303383 1.000200 -0.203340 0.000000 0.000000 1.000000 1.000000
v 4.831426 0.229388 -0.006003 0.000000 0.000000 1.000000 1.000000
v 4.773809 0.244855 -0.059889 0.000000 0.000000 1.000000 1.000000
v 4.756378 0.015988 0.018020 0.000000 0.000000 1.000000 1.000000
v 2.412994 3.592441 -5.716663 0.000000 0.000000 1.000000 1.000000
v 2.412618 3.508725 -5.641759 0.000000 0.000000 1.000000 1.000000
v 2.391032 3.502495 -5.880917 0.000000 0.000000 1.000000 1.000000
v 2.409324 6.400005 -5.664638 1.000000 1.000000 1.000000 1.000000
v 2.335221 3.295324 -5.656565 0.000000 0.000000 1.000000 1.000000
v 2.412618 3.508725 -5.641759 0.000000 0.000000 1.000000 1.000000
v 2.324313 3.242903 -5.940491 0.000000 0.000000 1.000000 1.000000
v 2.397870 6.435175 -6.052123 1.000000 1.000000 1.000000 1.000000
v 2.417058 6.602872 -5.628908 1.000000 1.000000 1.000000 1.000000
v 2.435743 6.589160 -5.894567 1.000000 1.000000 1.000000 1.000000
v 2.473635 3.511663 -6.122591 0.000000 0.000000 1.000000 1.000000
v 2.814663 3.296722 -6.200640 0.000000 0.000000 1.000000 1.000000
v 2.849896 6.440619 -6.216503 1.000000 1.000000 1.000000 1.000000
v 2.659875 6.583911 -6.076426 1.000000 1.000000 1.000000 1.000000
v 3.098089 3.271075 -5.932875 0.000000 0.000000 1.000000 1.000000
v 2.862608 6.630039 -6.054479 1.000000 1.000000 1.000000 1.000000
v 3.106889 6.411769 -5.784912 1.000000 1.000000 1.000000 1.000000
v 2.838739 6.585671 -5.557406 1.000000 1.000000 1.000000 1.000000
v 2.971142 3.668992 -5.631271 0.000000 0.000000 1.000000 1.000000
v 2.848958 3.289022 -5.481688 0.000000 0.000000 1.000000 1.000000
v 2.809464 6.407068 -5.490522 1.000000 1.000000 1.000000 1.000000
v 2.417058 6.602872 -5.628908 1.000000 1.000000 1.000000 1.000000
v 2.409324 6.400005 -5.664638 1.000000 1.000000 1.000000 1.000000
v 2.927269 6.334424 -5.601880 1.000000 1.000000 1.000000 1.000000
v 2.921470 4.279538 -5.589273 0.000000 0.000000 1.000000 1.000000
v 2.412618 3.508725 -5.641759 0.000000 0.000000 1.000000 1.000000
v 2.412994 3.592441 -5.716663 0.000000 0.000000 1.000000 1.000000
v 2.335221 3.295324 -5.656565 0.000000 0.000000 1.000000 1.000000
v -2.919214 0.015987 -5.786746 0.000000 0.000000 1.000000 1.000000
v -2.925372 0.229387 -5.708187 0.000000 0.000000 1.000000 1.000000
v -3.095627 0.226106 -5.796056 0.000000 0.000000 1.000000 1.000000
v -3.190186 -0.036432 -5.872246 0.000000 0.000000 1.000000 1.000000
v -2.997716 0.313103 -5.727604 0.000000 0.000000 1.000000 1.000000
v -2.925372 0.229387 -5.708187 0.000000 0.000000 1.000000 1.000000
v -2.947805 3.125172 -5.710091 0.000000 0.000000 1.000000 1.000000
v -3.059246 3.063115 -5.762611 0.000000 0.000000 1.000000 1.000000
v -3.405241 0.232333 -5.776306 0.000000 0.000000 1.000000 1.000000
v -3.570579 0.017384 -5.467986 0.000000 0.000000 1.000000 1.000000
v -3.176777 0.414462 -5.786607 0.000000 0.000000 1.000000 1.000000
v -3.317276 3.155836 -5.830771 0.000000 0.000000 1.000000 1.000000
v -2.947805 3.125172 -5.710091 0.000000 0.000000 1.000000 1.000000
v -2.914147 3.323534 -5.700511 0.000000 0.000000 1.000000 1.000000
v -3.175309 3.309823 -5.752638 0.000000 0.000000 1.000000 1.000000
v -3.595182 3.161277 -5.438204 0.000000 0.000000 1.000000 1.000000
v -3.409900 3.304574 -5.584483 0.000000 0.000000 1.000000 1.000000
v -3.442265 3.350706 -5.383150 0.000000 0.000000 1.000000 1.000000
v -3.387161 -0.008262 -5.123919 0.000000 0.000000 1.000000 1.000000
v -3.246763 3.132418 -5.076357 0.000000 0.000000 1.000000 1.000000
v -2.956530 3.306334 -5.274918 0.000000 0.000000 1.000000 1.000000
v -3.062735 0.389644 -5.166718 0.000000 0.000000 1.000000 1.000000
v -2.886197 0.009688 -5.245066 0.000000 0.000000 1.000000 1.000000
v -2.884290 3.127733 -5.285493 0.000000 0.000000 1.000000 1.000000
v -2.914147 3.323534 -5.700511 0.000000 0.000000 1.000000 1.000000
v -2.947805 3.125172 -5.710091 0.000000 0.000000 1.000000 1.000000
v -3.022799 3.055085 -5.201274 0.000000 0.000000 1.000000 1.000000
v -3.009111 1.000166 -5.203537 0.000000 0.000000 1.000000 1.000000
v -2.925372 0.229387 -5.708187 0.000000 0.000000 1.000000 1.000000
v -2.997716 0.313103 -5.727604 0.000000 0.000000 1.000000 1.000000
v -2.919214 0.015987 -5.786746 0.000000 0.000000 1.000000 1.000000
v -2.629022 3.295325 -5.431499 0.000000 0.000000 1.000000 1.000000
v -2.689852 3.508724 -5.481603 0.000000 0.000000 1.000000 1.000000
v -2.520216 3.505444 -5.570672 0.000000 0.000000 1.000000 1.000000
v -2.403574 3.242903 -5.604436 0.000000 0.000000 1.000000 1.000000
v -2.632446 3.592441 -5.529727 0.000000 0.000000 1.000000 1.000000
v -2.689852 3.508724 -5.481603 0.000000 0.000000 1.000000 1.000000
v -2.675420 6.404512 -5.498889 1.000000 1.000000 1.000000 1.000000
v -2.568490 6.342461 -5.560045 1.000000 1.000000 1.000000 1.000000
v -2.358814 3.511666 -5.835636 0.000000 0.000000 1.000000 1.000000
v -2.516555 3.296723 -6.147905 0.000000 0.000000 1.000000 1.000000
v -2.481411 3.693802 -5.642570 0.000000 0.000000 1.000000 1.000000
v -2.364650 6.435172 -5.732334 1.000000 1.000000 1.000000 1.000000
v -2.675420 6.404512 -5.498889 1.000000 1.000000 1.000000 1.000000
v -2.702570 6.602872 -5.476810 1.000000 1.000000 1.000000 1.000000
v -2.510079 6.589160 -5.660852 1.000000 1.000000 1.000000 1.000000
v -2.526845 6.440614 -6.185146 1.000000 1.000000 1.000000 1.000000
v -2.513279 6.583911 -5.949465 1.000000 1.000000 1.000000 1.000000
v -2.659642 6.630039 -6.091451 1.000000 1.000000 1.000000 1.000000
v -2.903608 3.271076 -6.194990 0.000000 0.000000 1.000000 1.000000
v -3.023086 6.411767 -6.107264 0.000000 0.000000 1.000000 1.000000
v -3.026896 6.585671 -5.755629 0.000000 0.000000 1.000000 1.000000
v -3.054613 3.669000 -5.904689 0.000000 0.000000 1.000000 1.000000
v -3.091687 3.289022 -5.715134 0.000000 0.000000 1.000000 1.000000
v -3.059665 6.407068 -5.690385 0.000000 0.000000 1.000000 1.000000
v -2.702570 6.602872 -5.476810 1.000000 1.000000 1.000000 1.000000
v -2.675420 6.404512 -5.498889 1.000000 1.000000 1.000000 1.000000
v -3.049214 6.334424 -5.852156 0.000000 0.000000 1.000000 1.000000
v -3.055209 4.279533 -5.839642 0.000000 0.000000 1.000000 1.000000
v -2.689852 3.508724 -5.481603 0.000000 0.000000 1.000000 1.000000
v -2.632446 3.592441 -5.529727 0.000000 0.000000 1.000000 1.000000
v -2.629022 3.295325 -5.431499 0.000000 0.000000 1.000000 1.000000
v -2.629022 0.015988 -5.431499 0.000000 0.000000 1.000000 1.000000
v -2.689852 0.229387 -5.481603 0.000000 0.000000 1.000000 1.000000
v -2.520215 0.226107 -5.570672 0.000000 0.000000 1.000000 1.000000
v -2.403574 -0.036435 -5.604435 0.000000 0.000000 1.000000 1.000000
v -2.632446 0.313104 -5.529727 0.000000 0.000000 1.000000 1.000000
v -2.689852 0.229387 -5.481603 0.000000 0.000000 1.000000 1.000000
v -2.675420 3.125176 -5.498888 0.000000 0.000000 1.000000 1.000000
v -2.568490 3.063125 -5.560044 0.000000 0.000000 1.000000 1.000000
v -2.358814 0.232329 -5.835635 0.000000 0.000000 1.000000 1.000000
v -2.516555 0.017386 -6.147904 0.000000 0.000000 1.000000 1.000000
v -2.481411 0.414465 -5.642570 0.000000 0.000000 1.000000 1.000000
v -2.364650 3.155835 -5.732333 0.000000 0.000000 1.000000 1.000000
v -2.675420 3.125176 -5.498888 0.000000 0.000000 1.000000 1.000000
v -2.702570 3.323535 -5.476810 0.000000 0.000000 1.000000 1.000000
v -2.510079 3.309823 -5.660851 0.000000 0.000000 1.000000 1.000000
v -2.526846 3.161278 -6.185146 0.000000 0.000000 1.000000 1.000000
v -2.513279 3.304574 -5.949465 0.000000 0.000000 1.000000 1.000000
v -2.659642 3.350703 -6.091451 0.000000 0.000000 1.000000 1.000000
v -2.903609 -0.008260 -6.194989 0.000000 0.000000 1.000000 1.000000
v -3.023086 3.132429 -6.107264 0.000000 0.000000 1.000000 1.000000
v -3.026896 3.306334 -5.755629 0.000000 0.000000 1.000000 1.000000
v -3.054613 0.389663 -5.904689 0.000000 0.000000 1.000000 1.000000
v -3.091686 0.009685 -5.715134 0.000000 0.000000 1.000000 1.000000
v -3.059665 3.127731 -5.690385 0.000000 0.000000 1.000000 1.000000
v -2.702570 3.323535 -5.476810 0.000000 0.000000 1.000000 1.000000
v -2.675420 3.125176 -5.498888 0.000000 0.000000 1.000000 1.000000
v -3.049214 3.055086 -5.852155 0.000000 0.000000 1.000000 1.000000
v -3.055209 1.000196 -5.839641 0.000000 0.000000 1.000000 1.000000
v -2.689852 0.229387 -5.481603 0.000000 0.000000 1.000000 1.000000
v -2.632446 0.313104 -5.529727 0.000000 0.000000 1.000000 1.000000
v -2.629022 0.015988 -5.431499 0.000000 0.000000 1.000000 1.000000
v -4.751929 3.295326 -0.700536 0.000000 0.000000 1.000000 1.000000
v -4.747140 3.508725 -0.621881 0.000000 0.000000 1.000000 1.000000
v -4.927927 3.505444 -0.685313 0.000000 0.000000 1.000000 1.000000
v -5.032134 3.242907 -0.747662 0.000000 0.000000 1.000000 1.000000
v -4.821477 3.592442 -0.631087 0.000000 0.000000 1.000000 1.000000
v -4.747140 3.508725 -0.621881 0.000000 0.000000 1.000000 1.000000
v -4.769623 6.404509 -0.620659 0.000000 0.000000 1.000000 1.000000
v -4.887271 6.342451 -0.657233 0.000000 0.000000 1.000000 1.000000
v -5.231832 3.511669 -0.622840 0.000000 0.000000 1.000000 1.000000
v -5.352842 3.296722 -0.294593 0.000000 0.000000 1.000000 1.000000
v -5.006990 3.693800 -0.664710 0.000000 0.000000 1.000000 1.000000
v -5.152257 6.435172 -0.688976 0.000000 0.000000 1.000000 1.000000
v -4.769623 6.404509 -0.620659 0.000000 0.000000 1.000000 1.000000
v -4.734961 6.602872 -0.615837 0.215686 0.215686 1.000000 1.000000
v -5.000829 6.589161 -0.631272 0.062745 0.062745 1.000000 1.000000
v -5.373075 6.440614 -0.261690 0.000000 0.000000 1.000000 1.000000
v -5.209855 6.583912 -0.432233 0.000000 0.000000 1.000000 1.000000
v -5.214012 6.630052 -0.228357 0.000000 0.000000 1.000000 1.000000
v -5.123514 3.271074 0.020740 0.000000 0.000000 1.000000 1.000000
v -4.977890 6.411723 0.048386 0.000000 0.000000 1.000000 1.000000
v -4.717964 6.585671 -0.188474 0.000000 0.000000 1.000000 1.000000
v -4.808153 3.668987 -0.066602 0.000000 0.000000 1.000000 1.000000
v -4.644174 3.289027 -0.168658 0.000000 0.000000 1.000000 1.000000
v -4.647886 6.407069 -0.208963 0.000000 0.000000 1.000000 1.000000
v -4.734961 6.602872 -0.615837 0.215686 0.215686 1.000000 1.000000
v -4.769623 6.404509 -0.620659 0.000000 0.000000 1.000000 1.000000
v -4.773391 6.334419 -0.106357 0.000000 0.000000 1.000000 1.000000
v -4.760151 4.279479 -0.110495 0.000000 0.000000 1.000000 1.000000
v -4.747140 3.508725 -0.621881 0.000000 0.000000 1.000000 1.000000
v -4.821477 3.592442 -0.631087 0.000000 0.000000 1.000000 1.000000
v -4.751929 3.295326 -0.700536 0.000000 0.000000 1.000000 1.000000
v -4.751929 0.015989 -0.700535 0.000000 0.000000 1.000000 1.000000
v -4.747140 0.229388 -0.621880 0.000000 0.000000 1.000000 1.000000
v -4.927927 0.226107 -0.685312 0.000000 0.000000 1.000000 1.000000
v -5.032134 -0.036431 -0.747662 0.000000 0.000000 1.000000 1.000000
v -4.821477 0.313105 -0.631087 0.000000 0.000000 1.000000 1.000000
v -4.747140 0.229388 -0.621880 0.000000 0.000000 1.000000 1.000000
v -4.769623 3.125171 -0.620658 0.000000 0.000000 1.000000 1.000000
v -4.887271 3.063114 -0.657233 0.000000 0.000000 1.000000 1.000000
v -5.231832 0.232333 -0.622839 0.000000 0.000000 1.000000 1.000000
v -5.352842 0.017385 -0.294593 0.000000 0.000000 1.000000 1.000000
v -5.006990 0.414463 -0.664710 0.000000 0.000000 1.000000 1.000000
v -5.152257 3.155835 -0.688976 0.000000 0.000000 1.000000 1.000000
v -4.769623 3.125171 -0.620658 0.000000 0.000000 1.000000 1.000000
v -4.734960 3.323535 -0.615836 0.000000 0.000000 1.000000 1.000000
v -5.000829 3.309824 -0.631271 0.000000 0.000000 1.000000 1.000000
v -5.373075 3.161278 -0.261690 0.000000 0.000000 1.000000 1.000000
v -5.209855 3.304575 -0.432233 0.000000 0.000000 1.000000 1.000000
v -5.214012 3.350715 -0.228357 0.000000 0.000000 1.000000 1.000000
v -5.123514 -0.008263 0.020741 0.000000 0.000000 1.000000 1.000000
v -4.977890 3.132387 0.048386 0.000000 0.000000 1.000000 1.000000
v -4.717964 3.306334 -0.188474 0.000000 0.000000 1.000000 1.000000
v -4.808153 0.389650 -0.066602 0.000000 0.000000 1.000000 1.000000
v -4.644174 0.009690 -0.168658 0.000000 0.000000 1.000000 1.000000
v -4.647886 3.127733 -0.208963 0.000000 0.000000 1.000000 1.000000
v -4.734960 3.323535 -0.615836 0.000000 0.000000 1.000000 1.000000
v -4.769623 3.125171 -0.620658 0.000000 0.000000 1.000000 1.000000
v -4.773391 3.055082 -0.106356 0.000000 0.000000 1.000000 1.000000
v -4.760151 1.000143 -0.110495 0.000000 0.000000 1.000000 1.000000
v -4.747140 0.229388 -0.621880 0.000000 0.000000 1.000000 1.000000
v -4.821477 0.313105 -0.631087 0.000000 0.000000 1.000000 1.000000
v -4.751929 0.015989 -0.700535 0.000000 0.000000 1.000000 1.000000
v 2.335222 0.015987 -5.656564 0.000000 0.000000 1.000000 1.000000
v 2.372824 0.226107 -5.829174 0.000000 0.000000 1.000000 1.000000
v 2.412618 0.229388 -5.641758 0.000000 0.000000 1.000000 1.000000
v 2.324313 -0.036434 -5.940491 0.000000 0.000000 1.000000 1.000000
v 2.412994 0.313104 -5.716662 0.000000 0.000000 1.000000 1.000000
v 2.412618 0.229388 -5.641758 0.000000 0.000000 1.000000 1.000000
v 2.395477 3.063125 -5.785239 0.000000 0.000000 1.000000 1.000000
v 2.416708 3.125175 -5.663901 0.000000 0.000000 1.000000 1.000000
v 2.473635 0.232327 -6.122590 0.000000 0.000000 1.000000 1.000000
v 2.814663 0.017385 -6.200640 0.000000 0.000000 1.000000 1.000000
v 2.403368 0.414465 -5.904951 0.000000 0.000000 1.000000 1.000000
v 2.397870 3.155839 -6.052123 0.000000 0.000000 1.000000 1.000000
v 2.416708 3.125175 -5.663901 0.000000 0.000000 1.000000 1.000000
v 2.417058 3.323536 -5.628907 0.000000 0.000000 1.000000 1.000000
v 2.435744 3.309823 -5.894566 0.000000 0.000000 1.000000 1.000000
v 2.849896 3.161283 -6.216503 0.000000 0.000000 1.000000 1.000000
v 2.659875 3.304574 -6.076426 0.000000 0.000000 1.000000 1.000000
v 2.862608 3.350703 -6.054478 0.000000 0.000000 1.000000 1.000000
v 3.098089 -0.008262 -5.932874 0.000000 0.000000 1.000000 1.000000
v 3.106889 3.132432 -5.784911 0.000000 0.000000 1.000000 1.000000
v 2.838739 3.306334 -5.557405 0.000000 0.000000 1.000000 1.000000
v 2.971142 0.389655 -5.631271 0.000000 0.000000 1.000000 1.000000
v 2.848958 0.009685 -5.481687 0.000000 0.000000 1.000000 1.000000
v 2.809464 3.127730 -5.490522 0.000000 0.000000 1.000000 1.000000
v 2.417058 3.323536 -5.628907 0.000000 0.000000 1.000000 1.000000
v 2.416708 3.125175 -5.663901 0.000000 0.000000 1.000000 1.000000
v 2.927269 3.055087 -5.601879 0.000000 0.000000 1.000000 1.000000
v 2.921470 1.000201 -5.589273 0.000000 0.000000 1.000000 1.000000
v 2.412618 0.229388 -5.641758 0.000000 0.000000 1.000000 1.000000
v 2.412994 0.313104 -5.716662 0.000000 0.000000 1.000000 1.000000
v 2.335222 0.015987 -5.656564 0.000000 0.000000 1.000000 1.000000
v 3.511641 3.295325 -5.146968 0.000000 0.000000 1.000000 1.000000
v 3.335257 3.505443 -5.137136 0.000000 0.000000 1.000000 1.000000
v 3.505250 3.508724 -5.225511 0.000000 0.000000 1.000000 1.000000
v 3.240925 3.242904 -5.060668 0.000000 0.000000 1.000000 1.000000
v 3.432966 3.592441 -5.205877 0.000000 0.000000 1.000000 1.000000
v 3.505250 3.508724 -5.225511 0.000000 0.000000 1.000000 1.000000
v 3.371542 6.342455 -5.170690 0.501961 0.501961 1.000000 1.000000
v 3.482821 6.404511 -5.223540 0.600000 0.600000 1.000000 1.000000
v 3.025582 3.511666 -5.155972 0.000000 0.000000 1.000000 1.000000
v 2.859337 3.296722 -5.463805 0.000000 0.000000 1.000000 1.000000
v 3.254078 3.693800 -5.146345 0.000000 0.000000 1.000000 1.000000
v 3.113719 6.435173 -5.101762 1.000000 1.000000 1.000000 1.000000
v 3.482821 6.404511 -5.223540 0.600000 0.600000 1.000000 1.000000
v 3.516453 6.602871 -5.233218 1.000000 1.000000 1.000000 1.000000
v 3.255445 6.589160 -5.180319 1.000000 1.000000 1.000000 1.000000
v 2.834645 6.440609 -5.493514 1.000000 1.000000 1.000000 1.000000
v 3.020359 6.583911 -5.347779 1.000000 1.000000 1.000000 1.000000
v 2.987398 6.630046 -5.549016 1.000000 1.000000 1.000000 1.000000
v 3.041734 3.271077 -5.808406 0.000000 0.000000 1.000000 1.000000
v 3.181989 6.411744 -5.856385 1.000000 1.000000 1.000000 1.000000
v 3.472810 6.585671 -5.658685 0.329412 0.329412 1.000000 1.000000
v 3.366286 3.668980 -5.766569 0.000000 0.000000 1.000000 1.000000
v 3.543055 3.289024 -5.688741 0.000000 0.000000 1.000000 1.000000
v 3.545087 6.407072 -5.648300 0.000000 0.000000 1.000000 1.000000
v 3.516453 6.602871 -5.233218 1.000000 1.000000 1.000000 1.000000
v 3.482821 6.404511 -5.223540 0.600000 0.600000 1.000000 1.000000
v 3.406322 6.334415 -5.732135 1.000000 1.000000 1.000000 1.000000
v 3.420018 4.279532 -5.729908 0.000000 0.000000 1.000000 1.000000
v 3.505250 3.508724 -5.225511 0.000000 0.000000 1.000000 1.000000
v 3.432966 3.592441 -5.205877 0.000000 0.000000 1.000000 1.000000
v 3.511641 3.295325 -5.146968 0.000000 0.000000 1.000000 1.000000
v 3.511642 0.015988 -5.146967 0.000000 0.000000 1.000000 1.000000
v 3.335257 0.226106 -5.137136 0.000000 0.000000 1.000000 1.000000
v 3.505250 0.229387 -5.225510 0.000000 0.000000 1.000000 1.000000
v 3.240925 -0.036432 -5.060668 0.000000 0.000000 1.000000 1.000000
v 3.432966 0.313104 -5.205876 0.000000 0.000000 1.000000 1.000000
v 3.505250 0.229387 -5.225510 0.000000 0.000000 1.000000 1.000000
v 3.371542 3.063118 -5.170689 0.000000 0.000000 1.000000 1.000000
v 3.482821 3.125173 -5.223540 0.000000 0.000000 1.000000 1.000000
v 3.025582 0.232329 -5.155971 0.000000 0.000000 1.000000 1.000000
v 2.859337 0.017385 -5.463804 0.000000 0.000000 1.000000 1.000000
v 3.254078 0.414463 -5.146345 0.000000 0.000000 1.000000 1.000000
v 3.113719 3.155836 -5.101762 0.000000 0.000000 1.000000 1.000000
v 3.482821 3.125173 -5.223540 0.000000 0.000000 1.000000 1.000000
v 3.516453 3.323534 -5.233218 0.000000 0.000000 1.000000 1.000000
v 3.255445 3.309823 -5.180318 0.000000 0.000000 1.000000 1.000000
v 2.834645 3.161272 -5.493513 0.000000 0.000000 1.000000 1.000000
v 3.020359 3.304574 -5.347778 0.000000 0.000000 1.000000 1.000000
v 2.987398 3.350708 -5.549015 0.000000 0.000000 1.000000 1.000000
v 3.041733 -0.008260 -5.808406 0.000000 0.000000 1.000000 1.000000
v 3.181989 3.132409 -5.856384 0.000000 0.000000 1.000000 1.000000
v 3.472810 3.306334 -5.658685 0.000000 0.000000 1.000000 1.000000
v 3.366286 0.389643 -5.766568 0.000000 0.000000 1.000000 1.000000
v 3.543055 0.009687 -5.688740 0.000000 0.000000 1.000000 1.000000
v 3.545087 3.127735 -5.648299 0.000000 0.000000 1.000000 1.000000
v 3.516453 3.323534 -5.233218 0.000000 0.000000 1.000000 1.000000
v 3.482821 3.125173 -5.223540 0.000000 0.000000 1.000000 1.000000
v 3.406322 3.055079 -5.732134 0.000000 0.000000 1.000000 1.000000
v 3.420018 1.000195 -5.729908 0.000000 0.000000 1.000000 1.000000
v 3.505250 0.229387 -5.225510 0.000000 0.000000 1.000000 1.000000
v 3.432966 0.313104 -5.205876 0.000000 0.000000 1.000000 1.000000
v 3.511642 0.015988 -5.146967 0.000000 0.000000 1.000000 1.000000
v -2.938536 6.582596 -5.714452 0.686275 0.686275 1.000000 1.000000
v -2.998534 3.598337 -5.738168 0.000000 0.000000 1.000000 1.000000
v -2.928102 3.508714 -5.708264 0.000000 0.000000 1.000000 1.000000
v -2.879253 6.410573 -5.288961 1.000000 1.000000 1.000000 1.000000
v -2.956323 6.585856 -5.274971 1.000000 1.000000 1.000000 1.000000
v -2.905047 3.284829 -5.229781 0.000000 0.000000 1.000000 1.000000
v -2.918791 3.291381 -5.788201 0.000000 0.000000 1.000000 1.000000
v -3.040616 6.409022 -5.156057 1.000000 1.000000 1.000000 1.000000
v -3.060448 3.679381 -5.166057 0.000000 0.000000 1.000000 1.000000
v -3.385911 3.270141 -5.115924 0.000000 0.000000 1.000000 1.000000
v -3.313651 6.466385 -5.103947 1.000000 1.000000 1.000000 1.000000
v -3.437804 6.583943 -5.390724 1.000000 1.000000 1.000000 1.000000
v -3.590887 6.447003 -5.442208 0.282353 0.282353 1.000000 1.000000
v -3.409900 6.583911 -5.584483 0.427451 0.427451 1.000000 1.000000
v -3.564771 3.295389 -5.470053 0.000000 0.000000 1.000000 1.000000
v -3.175309 6.589161 -5.752639 0.062745 0.062745 1.000000 1.000000
v -3.392310 3.486452 -5.804589 0.000000 0.000000 1.000000 1.000000
v -3.190188 3.242905 -5.872246 0.000000 0.000000 1.000000 1.000000
v -2.918791 3.291381 -5.788201 0.000000 0.000000 1.000000 1.000000
v -2.928102 3.508714 -5.708264 0.000000 0.000000 1.000000 1.000000
v -3.317270 6.435174 -5.830775 0.000000 0.000000 1.000000 1.000000
v -2.938536 6.582596 -5.714452 0.686275 0.686275 1.000000 1.000000
v -3.176777 3.693800 -5.786608 0.000000 0.000000 1.000000 1.000000
v -2.998534 3.598337 -5.738168 0.000000 0.000000 1.000000 1.000000
v -2.928102 3.508714 -5.708264 0.000000 0.000000 1.000000 1.000000
v -6.146006 0.361283 -0.733762 0.000000 0.000000 1.000000 1.000000
v -6.155752 0.404657 1.210920 0.000000 0.000000 1.000000 1.000000
v -6.146444 0.361283 1.210333 0.000000 0.000000 1.000000 1.000000
v -2.842410 6.627257 -5.582166 1.000000 1.000000 1.000000 1.000000
v -2.711868 6.484993 -5.714744 1.000000 1.000000 1.000000 1.000000
v -2.775129 6.624825 -5.712506 1.000000 1.000000 1.000000 1.000000
v -2.711868 6.484993 -5.714744 1.000000 1.000000 1.000000 1.000000
v -2.842410 6.627257 -5.582166 1.000000 1.000000 1.000000 1.000000
v -2.690533 6.444294 -5.578828 1.000000 1.000000 1.000000 1.000000
v -3.148840 6.485901 -5.527641 0.364706 0.364706 1.000000 1.000000
v -2.977926 6.627737 -5.601435 1.000000 1.000000 1.000000 1.000000
v -3.123921 6.624841 -5.586706 0.313726 0.313726 1.000000 1.000000
v -3.030533 6.444294 -5.459010 0.960784 0.960784 1.000000 1.000000
v -2.977926 6.627737 -5.601435 1.000000 1.000000 1.000000 1.000000
v -3.148840 6.485901 -5.527641 0.364706 0.364706 1.000000 1.000000
v 2.711202 6.485978 -5.714815 1.000000 1.000000 1.000000 1.000000
v 2.832601 6.625193 -5.582974 1.000000 1.000000 1.000000 1.000000
v 2.775128 6.624825 -5.712506 1.000000 1.000000 1.000000 1.000000
v 2.832601 6.625193 -5.582974 1.000000 1.000000 1.000000 1.000000
v 2.711202 6.485978 -5.714815 1.000000 1.000000 1.000000 1.000000
v 2.690533 6.444294 -5.578828 1.000000 1.000000 1.000000 1.000000
v 5.135354 6.484987 -0.481642 0.388235 0.388235 1.000000 1.000000
v 5.058955 6.626478 -0.314490 0.239216 0.239216 1.000000 1.000000
v 5.156416 6.624720 -0.422199 0.423529 0.423529 1.000000 1.000000
v 2.977960 6.627715 -5.601346 1.000000 1.000000 1.000000 1.000000
v 3.148841 6.485904 -5.527640 1.000000 1.000000 1.000000 1.000000
v 3.123911 6.624854 -5.586724 1.000000 1.000000 1.000000 1.000000
v 5.058955 6.626478 -0.314490 0.239216 0.239216 1.000000 1.000000
v 5.135354 6.484987 -0.481642 0.388235 0.388235 1.000000 1.000000
v 5.001082 6.444316 -0.451746 0.168627 0.168627 1.000000 1.000000
v 2.977960 6.627715 -5.601346 1.000000 1.000000 1.000000 1.000000
v 3.030533 6.444294 -5.459010 1.000000 1.000000 1.000000 1.000000
v 3.148841 6.485904 -5.527640 1.000000 1.000000 1.000000 1.000000
v -4.287801 -0.168708 -0.842163 0.000000 0.000000 1.000000 1.000000
v -4.289192 5.453001 -0.845891 0.000000 0.000000 1.000000 1.000000
v -4.281308 -0.168703 -0.933994 0.000000 0.000000 1.000000 1.000000
v -4.265535 6.806739 -0.934500 1.000000 1.000000 1.000000 1.000000
v -4.281308 -0.168703 -0.933994 0.000000 0.000000 1.000000 1.000000
v -4.479338 -0.168515 -1.017207 0.000000 0.000000 1.000000 1.000000
v -4.470750 6.621067 -1.028803 1.000000 1.000000 1.000000 1.000000
v -4.442663 6.974554 -1.162568 1.000000 1.000000 1.000000 1.000000
v -4.137479 7.176304 -1.240400 1.000000 1.000000 1.000000 1.000000
v -3.777945 7.906321 -2.856334 1.000000 1.000000 1.000000 1.000000
v -3.791842 7.597154 -2.112815 1.000000 1.000000 1.000000 1.000000
v -3.539113 8.046290 -2.775997 1.000000 1.000000 1.000000 1.000000
v -3.276330 7.468876 -3.484839 1.000000 1.000000 1.000000 1.000000
v -3.367395 7.733036 -3.207942 1.000000 1.000000 1.000000 1.000000
v -2.969949 7.229265 -4.185154 1.000000 1.000000 1.000000 1.000000
v -2.924927 7.029280 -4.376749 1.000000 1.000000 1.000000 1.000000
v -2.807287 6.866417 -4.613567 1.000000 1.000000 1.000000 1.000000
v -2.837432 6.672124 -4.588073 1.000000 1.000000 1.000000 1.000000
v -2.777539 5.770733 -4.681915 0.000000 0.000000 1.000000 1.000000
v -2.774449 -0.168708 -4.688619 0.000000 0.000000 1.000000 1.000000
v -2.832702 -0.168612 -4.602211 0.000000 0.000000 1.000000 1.000000
v -2.832562 3.528495 -4.615381 0.000000 0.000000 1.000000 1.000000
v -2.832562 3.528495 -4.615381 0.000000 0.000000 1.000000 1.000000
v -2.832702 -0.168612 -4.602211 0.000000 0.000000 1.000000 1.000000
v -3.023701 -0.168684 -4.696729 0.000000 0.000000 1.000000 1.000000
v -3.037344 6.621987 -4.683309 1.000000 1.000000 1.000000 1.000000
v -3.113991 7.022346 -4.520837 1.000000 1.000000 1.000000 1.000000
v -2.924927 7.029280 -4.376749 1.000000 1.000000 1.000000 1.000000
v -3.866747 7.981373 -2.890766 1.000000 1.000000 1.000000 1.000000
v -3.332481 7.154647 -4.596982 1.000000 1.000000 1.000000 1.000000
v -3.940532 8.011750 -2.926161 1.000000 1.000000 1.000000 1.000000
v -3.018864 6.794779 -4.776870 1.000000 1.000000 1.000000 1.000000
v -3.988900 8.032987 -2.943292 1.000000 1.000000 1.000000 1.000000
v -3.123662 6.724244 -4.881072 1.000000 1.000000 1.000000 1.000000
v -3.014447 5.764163 -4.824877 0.000000 0.000000 1.000000 1.000000
v -3.012139 -0.168704 -4.831104 0.000000 0.000000 1.000000 1.000000
v -3.167411 6.846948 -4.975081 1.000000 1.000000 1.000000 1.000000
v -3.149716 -0.168737 -4.923537 0.000000 0.000000 1.000000 1.000000
v -3.136166 -0.168704 -5.055902 0.000000 0.000000 1.000000 1.000000
v -3.138603 5.746243 -5.049213 0.000000 0.000000 1.000000 1.000000
v -3.037344 6.621987 -4.683309 1.000000 1.000000 1.000000 1.000000
v -3.018864 6.794779 -4.776870 1.000000 1.000000 1.000000 1.000000
v -3.023701 -0.168684 -4.696729 0.000000 0.000000 1.000000 1.000000
v -3.012139 -0.168704 -4.831104 0.000000 0.000000 1.000000 1.000000
v -3.014447 5.764163 -4.824877 0.000000 0.000000 1.000000 1.000000
v -3.332481 7.154647 -4.596982 1.000000 1.000000 1.000000 1.000000
v -4.104208 8.172490 -2.992965 1.000000 1.000000 1.000000 1.000000
v -3.819845 7.740999 -3.699113 1.000000 1.000000 1.000000 1.000000
v -3.412009 7.267671 -4.747352 1.000000 1.000000 1.000000 1.000000
v -4.398745 7.723722 -2.236205 1.000000 1.000000 1.000000 1.000000
v -3.988900 8.032987 -2.943292 1.000000 1.000000 1.000000 1.000000
v -3.216296 6.781615 -5.087977 1.000000 1.000000 1.000000 1.000000
v -3.167411 6.846948 -4.975081 1.000000 1.000000 1.000000 1.000000
v -3.138603 5.746243 -5.049213 0.000000 0.000000 1.000000 1.000000
v -3.136166 -0.168704 -5.055902 0.000000 0.000000 1.000000 1.000000
v -3.234987 -0.168668 -5.133699 0.000000 0.000000 1.000000 1.000000
v -3.247255 6.893275 -5.185260 1.000000 1.000000 1.000000 1.000000
v -3.200315 -0.168704 -5.274290 0.000000 0.000000 1.000000 1.000000
v -3.203259 5.751502 -5.267379 0.000000 0.000000 1.000000 1.000000
v -4.624541 7.190996 -1.317460 1.000000 1.000000 1.000000 1.000000
v -4.787137 7.277165 -1.247112 1.000000 1.000000 1.000000 1.000000
v -4.981182 6.868664 -0.788100 1.000000 1.000000 1.000000 1.000000
v -4.886627 6.796238 -0.845976 1.000000 1.000000 1.000000 1.000000
v -4.769975 6.841507 -0.888384 1.000000 1.000000 1.000000 1.000000
v -4.800768 5.754075 -0.825140 0.000000 0.000000 1.000000 1.000000
v -4.803640 -0.168703 -0.818711 0.000000 0.000000 1.000000 1.000000
v -4.940911 -0.168746 -0.831718 0.000000 0.000000 1.000000 1.000000
v -4.996695 5.748447 -0.709526 0.000000 0.000000 1.000000 1.000000
v -4.999419 -0.168703 -0.702613 0.000000 0.000000 1.000000 1.000000
v -3.866747 7.981373 -2.890766 1.000000 1.000000 1.000000 1.000000
v -4.487520 7.202227 -1.486099 1.000000 1.000000 1.000000 1.000000
v -4.624541 7.190996 -1.317460 1.000000 1.000000 1.000000 1.000000
v -4.769975 6.841507 -0.888384 1.000000 1.000000 1.000000 1.000000
v -4.803640 -0.168703 -0.818711 0.000000 0.000000 1.000000 1.000000
v -4.800768 5.754075 -0.825140 0.000000 0.000000 1.000000 1.000000
v -4.719199 -0.168724 -0.927529 0.000000 0.000000 1.000000 1.000000
v -4.685405 6.735841 -0.943608 1.000000 1.000000 1.000000 1.000000
v -4.559672 -0.168703 -0.898690 0.000000 0.000000 1.000000 1.000000
v -4.557036 5.789115 -0.904842 0.000000 0.000000 1.000000 1.000000
v -4.525945 6.777145 -0.943840 1.000000 1.000000 1.000000 1.000000
v -4.525945 6.777145 -0.943840 1.000000 1.000000 1.000000 1.000000
v -4.470750 6.621067 -1.028803 1.000000 1.000000 1.000000 1.000000
v -4.479338 -0.168515 -1.017207 0.000000 0.000000 1.000000 1.000000
v -4.559672 -0.168703 -0.898690 0.000000 0.000000 1.000000 1.000000
v -4.557036 5.789115 -0.904842 0.000000 0.000000 1.000000 1.000000
v 4.281308 -0.168703 -0.933994 0.000000 0.000000 1.000000 1.000000
v 4.289142 5.458824 -0.845899 0.000000 0.000000 1.000000 1.000000
v 4.287801 -0.168708 -0.842163 0.000000 0.000000 1.000000 1.000000
v 4.265531 6.805424 -0.934348 1.000000 1.000000 1.000000 1.000000
v 4.281308 -0.168703 -0.933994 0.000000 0.000000 1.000000 1.000000
v 4.479338 -0.168514 -1.017207 0.000000 0.000000 1.000000 1.000000
v 4.470758 6.621725 -1.028741 1.000000 1.000000 1.000000 1.000000
v 4.442384 6.975330 -1.163015 1.000000 1.000000 1.000000 1.000000
v 4.143713 7.165352 -1.226652 1.000000 1.000000 1.000000 1.000000
v 3.775703 7.905794 -2.855481 1.000000 1.000000 1.000000 1.000000
v 3.787977 7.605336 -2.122624 1.000000 1.000000 1.000000 1.000000
v 3.538288 8.046737 -2.778363 1.000000 1.000000 1.000000 1.000000
v 3.280105 7.474552 -3.475167 1.000000 1.000000 1.000000 1.000000
v 3.368472 7.734588 -3.208471 1.000000 1.000000 1.000000 1.000000
v 2.916469 7.152661 -4.327937 1.000000 1.000000 1.000000 1.000000
v 2.925291 7.028132 -4.375458 1.000000 1.000000 1.000000 1.000000
v 2.802469 6.814971 -4.623703 1.000000 1.000000 1.000000 1.000000
v 2.836081 6.673757 -4.590872 1.000000 1.000000 1.000000 1.000000
v 2.773996 -0.168709 -4.688341 0.000000 0.000000 1.000000 1.000000
v 2.777786 5.833016 -4.681108 0.556863 0.556863 1.000000 1.000000
v 2.832491 -0.168704 -4.615558 0.000000 0.000000 1.000000 1.000000
v 3.040404 -0.168769 -4.695158 0.000000 0.000000 1.000000 1.000000
v 2.832491 -0.168704 -4.615558 0.000000 0.000000 1.000000 1.000000
v 3.029891 6.671793 -4.672940 1.000000 1.000000 1.000000 1.000000
v 3.023355 3.528495 -4.696063 0.000000 0.000000 1.000000 1.000000
v 3.114585 7.025186 -4.514084 1.000000 1.000000 1.000000 1.000000
v 2.925291 7.028132 -4.375458 1.000000 1.000000 1.000000 1.000000
v 3.866586 7.981292 -2.890665 1.000000 1.000000 1.000000 1.000000
v 3.332494 7.154743 -4.596773 1.000000 1.000000 1.000000 1.000000
v 3.940531 8.011749 -2.926153 1.000000 1.000000 1.000000 1.000000
v 3.019145 6.790978 -4.777249 1.000000 1.000000 1.000000 1.000000
v 3.988900 8.032986 -2.943290 1.000000 1.000000 1.000000 1.000000
v 3.123662 6.724244 -4.881072 1.000000 1.000000 1.000000 1.000000
v 3.014446 5.764062 -4.824878 0.380392 0.380392 1.000000 1.000000
v 3.012139 -0.168704 -4.831104 0.000000 0.000000 1.000000 1.000000
v 3.167411 6.846944 -4.975083 1.000000 1.000000 1.000000 1.000000
v 3.149716 -0.168737 -4.923537 0.000000 0.000000 1.000000 1.000000
v 3.136166 -0.168704 -5.055902 0.000000 0.000000 1.000000 1.000000
v 3.138603 5.746171 -5.049214 0.780392 0.780392 1.000000 1.000000
v 3.019145 6.790978 -4.777249 1.000000 1.000000 1.000000 1.000000
v 3.029891 6.671793 -4.672940 1.000000 1.000000 1.000000 1.000000
v 3.023355 3.528495 -4.696063 0.000000 0.000000 1.000000 1.000000
v 3.040404 -0.168769 -4.695158 0.000000 0.000000 1.000000 1.000000
v 3.012139 -0.168704 -4.831104 0.000000 0.000000 1.000000 1.000000
v 3.014446 5.764062 -4.824878 0.380392 0.380392 1.000000 1.000000
v 4.104208 8.172490 -2.992965 1.000000 1.000000 1.000000 1.000000
v 3.332494 7.154743 -4.596773 1.000000 1.000000 1.000000 1.000000
v 3.819843 7.740995 -3.699119 1.000000 1.000000 1.000000 1.000000
v 3.412008 7.267670 -4.747354 1.000000 1.000000 1.000000 1.000000
v 3.988900 8.032986 -2.943290 1.000000 1.000000 1.000000 1.000000
v 4.398740 7.723728 -2.236216 1.000000 1.000000 1.000000 1.000000
v 3.216296 6.781615 -5.087977 1.000000 1.000000 1.000000 1.000000
v 3.167411 6.846944 -4.975083 1.000000 1.000000 1.000000 1.000000
v 3.138603 5.746171 -5.049214 0.780392 0.780392 1.000000 1.000000
v 3.136166 -0.168704 -5.055902 0.000000 0.000000 1.000000 1.000000
v 3.234986 -0.168668 -5.133699 0.000000 0.000000 1.000000 1.000000
v 3.247255 6.893273 -5.185262 1.000000 1.000000 1.000000 1.000000
v 3.200315 -0.168704 -5.274290 0.000000 0.000000 1.000000 1.000000
v 3.203259 5.751455 -5.267380 1.000000 1.000000 1.000000 1.000000
v 4.624538 7.190999 -1.317466 1.000000 1.000000 1.000000 1.000000
v 4.787134 7.277168 -1.247118 1.000000 1.000000 1.000000 1.000000
v 4.981180 6.868669 -0.788103 1.000000 1.000000 1.000000 1.000000
v 4.886627 6.796239 -0.845976 1.000000 1.000000 1.000000 1.000000
v 4.769975 6.841509 -0.888386 1.000000 1.000000 1.000000 1.000000
v 4.800768 5.754144 -0.825140 0.000000 0.000000 1.000000 1.000000
v 4.803640 -0.168703 -0.818711 0.000000 0.000000 1.000000 1.000000
v 4.940911 -0.168746 -0.831718 0.000000 0.000000 1.000000 1.000000
v 4.996695 5.748559 -0.709527 0.000000 0.000000 1.000000 1.000000
v 4.999419 -0.168703 -0.702613 0.000000 0.000000 1.000000 1.000000
v 4.487526 7.202227 -1.486088 1.000000 1.000000 1.000000 1.000000
v 3.866586 7.981292 -2.890665 1.000000 1.000000 1.000000 1.000000
v 4.624538 7.190999 -1.317466 1.000000 1.000000 1.000000 1.000000
v 4.769975 6.841509 -0.888386 1.000000 1.000000 1.000000 1.000000
v 4.803640 -0.168703 -0.818711 0.000000 0.000000 1.000000 1.000000
v 4.800768 5.754144 -0.825140 0.000000 0.000000 1.000000 1.000000
v 4.719199 -0.168724 -0.927529 0.000000 0.000000 1.000000 1.000000
v 4.685405 6.735842 -0.943608 1.000000 1.000000 1.000000 1.000000
v 4.559672 -0.168703 -0.898690 0.000000 0.000000 1.000000 1.000000
v 4.557036 5.789193 -0.904843 0.000000 0.000000 1.000000 1.000000
v 4.525945 6.777147 -0.943840 1.000000 1.000000 1.000000 1.000000
v 4.525945 6.777147 -0.943840 1.000000 1.000000 1.000000 1.000000
v 4.470758 6.621725 -1.028741 1.000000 1.000000 1.000000 1.000000
v 4.479338 -0.168514 -1.017207 0.000000 0.000000 1.000000 1.000000
v 4.559672 -0.168703 -0.898690 0.000000 0.000000 1.000000 1.000000
v 4.557036 5.789193 -0.904843 0.000000 0.000000 1.000000 1.000000
v -2.842410 6.627257 -5.582166 1.000000 1.000000 1.000000 1.000000
v 0.000186 11.262203 -5.711767 1.000000 1.000000 1.000000 1.000000
v 0.008717 11.378431 -5.580103 1.000000 1.000000 1.000000 1.000000
v -2.775129 6.624825 -5.712506 1.000000 1.000000 1.000000 1.000000
v -4.018016 11.370686 -2.953750 1.000000 1.000000 1.000000 1.000000
v -5.168277 6.608878 -0.407092 0.000000 0.000000 1.000000 1.000000
v -4.139751 11.261811 -3.004807 1.000000 1.000000 1.000000 1.000000
v -5.055207 6.619883 -0.315274 0.000000 0.000000 1.000000 1.000000
v -2.977926 6.627737 -5.601435 1.000000 1.000000 1.000000 1.000000
v -4.018016 11.370686 -2.953750 1.000000 1.000000 1.000000 1.000000
v -4.139751 11.261811 -3.004807 1.000000 1.000000 1.000000 1.000000
v -3.123921 6.624841 -5.586706 0.313726 0.313726 1.000000 1.000000
v -5.135339 6.485042 -0.481671 0.000000 0.000000 1.000000 1.000000
v -5.055207 6.619883 -0.315274 0.000000 0.000000 1.000000 1.000000
v -5.001102 6.444338 -0.451762 0.000000 0.000000 1.000000 1.000000
v -5.168277 6.608878 -0.407092 0.000000 0.000000 1.000000 1.000000
v 0.000186 11.262203 -5.711767 1.000000 1.000000 1.000000 1.000000
v 2.832601 6.625193 -5.582974 1.000000 1.000000 1.000000 1.000000
v 0.008717 11.378431 -5.580103 1.000000 1.000000 1.000000 1.000000
v 2.775128 6.624825 -5.712506 1.000000 1.000000 1.000000 1.000000
v 5.058955 6.626478 -0.314490 0.239216 0.239216 1.000000 1.000000
v 4.017972 11.368603 -2.952709 0.000000 0.000000 1.000000 1.000000
v 4.139573 11.262125 -3.003743 0.000000 0.000000 1.000000 1.000000
v 5.156416 6.624720 -0.422199 0.423529 0.423529 1.000000 1.000000
v 4.017972 11.368603 -2.952709 0.000000 0.000000 1.000000 1.000000
v 2.977960 6.627715 -5.601346 1.000000 1.000000 1.000000 1.000000
v 4.139573 11.262125 -3.003743 0.000000 0.000000 1.000000 1.000000
v 3.123911 6.624854 -5.586724 1.000000 1.000000 1.000000 1.000000
v 2.056565 5.764232 -5.060651 1.000000 1.000000 1.000000 1.000000
v 2.066624 -0.168709 -5.056098 0.000000 0.000000 1.000000 1.000000
v 1.978192 -0.168704 -5.085673 0.000000 0.000000 1.000000 1.000000
v 1.970579 5.871314 -5.085001 1.000000 1.000000 1.000000 1.000000
v 1.981558 6.825708 -5.039617 1.000000 1.000000 1.000000 1.000000
v 1.972961 -0.168668 -5.300260 0.000000 0.000000 1.000000 1.000000
v 1.978192 -0.168704 -5.085673 0.000000 0.000000 1.000000 1.000000
v 1.964072 6.636372 -5.319957 1.000000 1.000000 1.000000 1.000000
v 1.821415 6.909039 -5.292320 1.000000 1.000000 1.000000 1.000000
v 1.531999 7.224232 -5.057934 1.000000 1.000000 1.000000 1.000000
v 0.840478 7.461961 -5.354388 1.000000 1.000000 1.000000 1.000000
v 0.423805 7.762808 -5.062691 1.000000 1.000000 1.000000 1.000000
v -0.002480 8.004581 -5.066794 1.000000 1.000000 1.000000 1.000000
v 2.060539 6.815569 -5.317907 1.000000 1.000000 1.000000 1.000000
v 1.964072 6.636372 -5.319957 1.000000 1.000000 1.000000 1.000000
v 1.972961 -0.168668 -5.300260 0.000000 0.000000 1.000000 1.000000
v 2.112980 -0.168704 -5.331774 0.000000 0.000000 1.000000 1.000000
v 2.106186 5.788917 -5.331600 1.000000 1.000000 1.000000 1.000000
v 1.744753 7.112957 -5.338318 1.000000 1.000000 1.000000 1.000000
v 1.725312 7.201860 -5.537110 1.000000 1.000000 1.000000 1.000000
v -0.002402 8.008933 -5.513527 1.000000 1.000000 1.000000 1.000000
v 2.119090 6.726320 -5.452974 1.000000 1.000000 1.000000 1.000000
v 2.060539 6.815569 -5.317907 1.000000 1.000000 1.000000 1.000000
v 2.106186 5.788917 -5.331600 1.000000 1.000000 1.000000 1.000000
v 2.112980 -0.168704 -5.331774 0.000000 0.000000 1.000000 1.000000
v 2.148354 -0.168778 -5.493888 0.000000 0.000000 1.000000 1.000000
v 2.186433 6.883424 -5.529764 1.000000 1.000000 1.000000 1.000000
v 2.276745 -0.168704 -5.529506 0.000000 0.000000 1.000000 1.000000
v 2.269489 5.761402 -5.529313 1.000000 1.000000 1.000000 1.000000
v -0.763974 7.468248 -5.080528 1.000000 1.000000 1.000000 1.000000
v -0.431182 7.756155 -5.065168 1.000000 1.000000 1.000000 1.000000
v -1.536491 7.224527 -5.055334 1.000000 1.000000 1.000000 1.000000
v -1.715165 7.028524 -5.082776 1.000000 1.000000 1.000000 1.000000
v -1.986865 6.864544 -5.062272 1.000000 1.000000 1.000000 1.000000
v -1.955091 6.660779 -5.082478 1.000000 1.000000 1.000000 1.000000
v -2.066284 -0.168709 -5.056860 0.000000 0.000000 1.000000 1.000000
v -2.062323 5.747962 -5.060314 1.000000 1.000000 1.000000 1.000000
v -1.978192 -0.168704 -5.085673 0.000000 0.000000 1.000000 1.000000
v -1.976442 -0.168751 -5.307984 0.000000 0.000000 1.000000 1.000000
v -1.978192 -0.168704 -5.085673 0.000000 0.000000 1.000000 1.000000
v -1.975289 5.751647 -5.294571 1.000000 1.000000 1.000000 1.000000
v -1.912835 6.933684 -5.304764 1.000000 1.000000 1.000000 1.000000
v -1.715165 7.028524 -5.082776 1.000000 1.000000 1.000000 1.000000
v -1.836346 7.145808 -5.532874 1.000000 1.000000 1.000000 1.000000
v -2.058499 6.791636 -5.317362 1.000000 1.000000 1.000000 1.000000
v -2.058499 6.791636 -5.317362 1.000000 1.000000 1.000000 1.000000
v -1.975289 5.751647 -5.294571 1.000000 1.000000 1.000000 1.000000
v -1.976442 -0.168751 -5.307984 0.000000 0.000000 1.000000 1.000000
v -2.112980 -0.168704 -5.331774 0.000000 0.000000 1.000000 1.000000
v -2.106168 5.787519 -5.331611 1.000000 1.000000 1.000000 1.000000
v -2.118626 6.726479 -5.453121 1.000000 1.000000 1.000000 1.000000
v -2.106168 5.787519 -5.331611 1.000000 1.000000 1.000000 1.000000
v -2.112980 -0.168704 -5.331774 0.000000 0.000000 1.000000 1.000000
v -2.186744 6.874550 -5.528770 1.000000 1.000000 1.000000 1.000000
v -2.148406 -0.168781 -5.493807 0.000000 0.000000 1.000000 1.000000
v -2.276745 -0.168704 -5.529506 0.000000 0.000000 1.000000 1.000000
v -2.269494 5.760992 -5.529312 1.000000 1.000000 1.000000 1.000000
v 1.725312 7.201860 -5.537110 1.000000 1.000000 1.000000 1.000000
v 0.000370 8.068620 -5.668723 1.000000 1.000000 1.000000 1.000000
v 2.363775 6.903409 -5.670952 1.000000 1.000000 1.000000 1.000000
v 2.186433 6.883424 -5.529764 1.000000 1.000000 1.000000 1.000000
v 0.761416 7.749645 -5.674670 1.000000 1.000000 1.000000 1.000000
v -0.002106 8.173297 -5.671539 1.000000 1.000000 1.000000 1.000000
v 1.979477 7.220298 -5.666090 1.000000 1.000000 1.000000 1.000000
v -0.735669 7.759595 -5.673821 1.000000 1.000000 1.000000 1.000000
v 0.000370 8.068620 -5.668723 1.000000 1.000000 1.000000 1.000000
v -1.836346 7.145808 -5.532874 1.000000 1.000000 1.000000 1.000000
v -2.356579 6.957194 -5.669317 1.000000 1.000000 1.000000 1.000000
v -1.670440 7.365365 -5.669245 1.000000 1.000000 1.000000 1.000000
v -2.456472 -0.168704 -5.669172 0.000000 0.000000 1.000000 1.000000
v -2.448963 5.751441 -5.669382 1.000000 1.000000 1.000000 1.000000
v -2.308223 -0.168707 -5.655228 0.000000 0.000000 1.000000 1.000000
v -2.281345 6.646876 -5.613164 1.000000 1.000000 1.000000 1.000000
v -2.186744 6.874550 -5.528770 1.000000 1.000000 1.000000 1.000000
v -2.276745 -0.168704 -5.529506 0.000000 0.000000 1.000000 1.000000
v -2.269494 5.760992 -5.529312 1.000000 1.000000 1.000000 1.000000
v 2.281686 6.645135 -5.612653 1.000000 1.000000 1.000000 1.000000
v 2.269489 5.761402 -5.529313 1.000000 1.000000 1.000000 1.000000
v 2.276745 -0.168704 -5.529506 0.000000 0.000000 1.000000 1.000000
v 2.314418 -0.168756 -5.661105 0.000000 0.000000 1.000000 1.000000
v 2.449226 5.746734 -5.669253 1.000000 1.000000 1.000000 1.000000
v 2.456471 -0.168704 -5.669172 0.000000 0.000000 1.000000 1.000000
v 0.761416 7.749645 -5.674670 1.000000 1.000000 1.000000 1.000000
v 0.008242 8.122649 -5.476156 1.000000 1.000000 1.000000 1.000000
v -0.002106 8.173297 -5.671539 1.000000 1.000000 1.000000 1.000000
v 1.979477 7.220298 -5.666090 1.000000 1.000000 1.000000 1.000000
v 2.108664 7.145583 -5.476223 1.000000 1.000000 1.000000 1.000000
v 2.363775 6.903409 -5.670952 1.000000 1.000000 1.000000 1.000000
v 2.434197 6.685335 -5.477364 1.000000 1.000000 1.000000 1.000000
v 2.449226 5.746734 -5.669253 1.000000 1.000000 1.000000 1.000000
v 2.456471 -0.168704 -5.477017 0.000000 0.000000 1.000000 1.000000
v 2.456471 -0.168704 -5.669172 0.000000 0.000000 1.000000 1.000000
v -0.002106 8.173297 -5.671539 1.000000 1.000000 1.000000 1.000000
v 0.008242 8.122649 -5.476156 1.000000 1.000000 1.000000 1.000000
v -0.735669 7.759595 -5.673821 1.000000 1.000000 1.000000 1.000000
v -1.670440 7.365365 -5.669245 1.000000 1.000000 1.000000 1.000000
v -2.022159 7.197035 -5.476853 1.000000 1.000000 1.000000 1.000000
v -2.356579 6.957194 -5.669317 1.000000 1.000000 1.000000 1.000000
v -2.438838 6.717203 -5.476872 1.000000 1.000000 1.000000 1.000000
v -2.448963 5.751441 -5.669382 1.000000 1.000000 1.000000 1.000000
v -2.456472 -0.168704 -5.669172 0.000000 0.000000 1.000000 1.000000
v -2.456472 -0.168704 -5.477017 0.000000 0.000000 1.000000 1.000000
v -3.922809 8.147485 -2.914476 1.000000 1.000000 1.000000 1.000000
v -4.398745 7.723722 -2.236205 1.000000 1.000000 1.000000 1.000000
v -4.104208 8.172490 -2.992965 1.000000 1.000000 1.000000 1.000000
v -4.633008 7.221200 -1.110047 1.000000 1.000000 1.000000 1.000000
v -4.787137 7.277165 -1.247112 1.000000 1.000000 1.000000 1.000000
v -4.981182 6.868664 -0.788100 1.000000 1.000000 1.000000 1.000000
v -4.812259 6.754205 -0.654745 0.219608 0.219608 1.000000 1.000000
v -4.996695 5.748447 -0.709526 0.000000 0.000000 1.000000 1.000000
v -4.820612 -0.168703 -0.632247 0.000000 0.000000 1.000000 1.000000
v -4.999419 -0.168703 -0.702613 0.000000 0.000000 1.000000 1.000000
v -3.819845 7.740999 -3.699113 1.000000 1.000000 1.000000 1.000000
v -3.922809 8.147485 -2.914476 1.000000 1.000000 1.000000 1.000000
v -4.104208 8.172490 -2.992965 1.000000 1.000000 1.000000 1.000000
v -3.188725 7.214834 -4.779024 1.000000 1.000000 1.000000 1.000000
v -3.412009 7.267671 -4.747352 1.000000 1.000000 1.000000 1.000000
v -3.247255 6.893275 -5.185260 1.000000 1.000000 1.000000 1.000000
v -3.027950 6.724994 -5.187256 1.000000 1.000000 1.000000 1.000000
v -3.203259 5.751502 -5.267379 0.000000 0.000000 1.000000 1.000000
v -3.200315 -0.168704 -5.274290 0.000000 0.000000 1.000000 1.000000
v -3.021508 -0.168704 -5.203923 0.000000 0.000000 1.000000 1.000000
v 4.398740 7.723728 -2.236216 1.000000 1.000000 1.000000 1.000000
v 3.922809 8.147485 -2.914476 1.000000 1.000000 1.000000 1.000000
v 4.104208 8.172490 -2.992965 1.000000 1.000000 1.000000 1.000000
v 4.633007 7.221200 -1.110048 1.000000 1.000000 1.000000 1.000000
v 4.787134 7.277168 -1.247118 1.000000 1.000000 1.000000 1.000000
v 4.981180 6.868669 -0.788103 1.000000 1.000000 1.000000 1.000000
v 4.812259 6.754207 -0.654745 1.000000 1.000000 1.000000 1.000000
v 4.996695 5.748559 -0.709527 0.000000 0.000000 1.000000 1.000000
v 4.820612 -0.168703 -0.632247 0.000000 0.000000 1.000000 1.000000
v 4.999419 -0.168703 -0.702613 0.000000 0.000000 1.000000 1.000000
v 3.922809 8.147485 -2.914476 1.000000 1.000000 1.000000 1.000000
v 3.819843 7.740995 -3.699119 1.000000 1.000000 1.000000 1.000000
v 4.104208 8.172490 -2.992965 1.000000 1.000000 1.000000 1.000000
v 3.188725 7.214833 -4.779026 1.000000 1.000000 1.000000 1.000000
v 3.412008 7.267670 -4.747354 1.000000 1.000000 1.000000 1.000000
v 3.247255 6.893273 -5.185262 1.000000 1.000000 1.000000 1.000000
v 3.027950 6.724994 -5.187256 1.000000 1.000000 1.000000 1.000000
v 3.203259 5.751455 -5.267380 1.000000 1.000000 1.000000 1.000000
v 3.200315 -0.168704 -5.274290 0.000000 0.000000 1.000000 1.000000
v 3.021508 -0.168704 -5.203923 0.000000 0.000000 1.000000 1.000000
v -6.138468 0.408770 -1.425765 0.000000 0.000000 1.000000 1.000000
v -6.308248 0.430777 1.210238 0.000000 0.000000 1.000000 1.000000
v -6.155752 0.404657 1.210920 0.000000 0.000000 1.000000 1.000000
v -6.300158 0.426928 -1.375630 0.000000 0.000000 1.000000 1.000000
v -5.908437 0.408815 -3.121591 0.000000 0.000000 1.000000 1.000000
v -6.151977 0.430470 -2.611329 0.000000 0.000000 1.000000 1.000000
v -5.926913 0.429869 -3.544056 0.000000 0.000000 1.000000 1.000000
v -5.390044 0.406980 -4.426125 0.000000 0.000000 1.000000 1.000000
v -5.553442 0.429981 -4.445364 0.000000 0.000000 1.000000 1.000000
v -4.921199 0.407822 -5.190513 0.000000 0.000000 1.000000 1.000000
v -5.041523 0.429842 -5.287584 0.000000 0.000000 1.000000 1.000000
v -4.396269 0.429776 -6.037643 0.000000 0.000000 1.000000 1.000000
v -4.296457 0.405827 -5.924484 0.000000 0.000000 1.000000 1.000000
v -3.564409 0.407106 -6.546915 0.000000 0.000000 1.000000 1.000000
v -3.646594 0.430642 -6.676176 0.000000 0.000000 1.000000 1.000000
v -2.825384 0.432158 -7.176830 0.000000 0.000000 1.000000 1.000000
v -2.750861 0.406144 -7.045044 0.000000 0.000000 1.000000 1.000000
v -1.869618 0.407117 -7.407640 0.000000 0.000000 1.000000 1.000000
v -1.941834 0.430049 -7.546331 0.000000 0.000000 1.000000 1.000000
v -0.974472 0.430911 -7.780589 0.000000 0.000000 1.000000 1.000000
v -0.942275 0.406144 -7.629979 0.000000 0.000000 1.000000 1.000000
v -0.000006 0.407239 -7.701959 0.000000 0.000000 1.000000 1.000000
v -0.000004 0.432505 -7.854339 0.000000 0.000000 1.000000 1.000000
v 0.974460 0.430911 -7.780591 0.000000 0.000000 1.000000 1.000000
v 0.942265 0.406144 -7.629981 0.000000 0.000000 1.000000 1.000000
v 1.869607 0.407117 -7.407644 0.000000 0.000000 1.000000 1.000000
v 1.941824 0.430049 -7.546335 0.000000 0.000000 1.000000 1.000000
v 2.825374 0.432158 -7.176836 0.000000 0.000000 1.000000 1.000000
v 2.750852 0.406144 -7.045049 0.000000 0.000000 1.000000 1.000000
v 3.564400 0.407106 -6.546922 0.000000 0.000000 1.000000 1.000000
v 3.646587 0.430642 -6.676180 0.000000 0.000000 1.000000 1.000000
v 4.396259 0.429776 -6.037652 0.000000 0.000000 1.000000 1.000000
v 4.296451 0.405827 -5.924490 0.000000 0.000000 1.000000 1.000000
v 5.068419 0.404132 -5.000605 0.000000 0.000000 1.000000 1.000000
v 5.041518 0.429842 -5.287591 0.000000 0.000000 1.000000 1.000000
v 5.553437 0.429981 -4.445374 0.000000 0.000000 1.000000 1.000000
v 5.926910 0.429868 -3.544065 0.000000 0.000000 1.000000 1.000000
v 6.153746 0.424645 -2.608148 0.000000 0.000000 1.000000 1.000000
v 5.798046 0.403392 -3.447838 0.000000 0.000000 1.000000 1.000000
v 5.997040 0.406084 -2.608241 0.000000 0.000000 1.000000 1.000000
v 6.146558 0.399959 -1.279009 0.000000 0.000000 1.000000 1.000000
v 6.152128 0.407424 1.210334 0.000000 0.000000 1.000000 1.000000
v 6.305737 0.428384 1.210299 0.000000 0.000000 1.000000 1.000000
v 6.301954 0.429058 -1.366025 0.000000 0.000000 1.000000 1.000000
v -6.310475 0.731366 1.210305 0.000000 0.000000 1.000000 1.000000
v -6.107139 0.754453 -1.324359 0.000000 0.000000 1.000000 1.000000
v -6.113330 0.753935 1.210310 0.000000 0.000000 1.000000 1.000000
v -6.294865 0.730121 -1.360175 0.000000 0.000000 1.000000 1.000000
v -5.968716 0.756709 -2.565357 0.000000 0.000000 1.000000 1.000000
v -6.070714 0.728609 -3.138811 0.000000 0.000000 1.000000 1.000000
v -5.752680 0.755688 -3.472712 0.000000 0.000000 1.000000 1.000000
v -5.389122 0.754922 -4.356292 0.000000 0.000000 1.000000 1.000000
v -5.544504 0.732718 -4.463122 0.000000 0.000000 1.000000 1.000000
v -4.896707 0.754320 -5.165391 0.000000 0.000000 1.000000 1.000000
v -5.038420 0.728946 -5.285809 0.000000 0.000000 1.000000 1.000000
v -4.411225 0.730192 -6.024808 0.000000 0.000000 1.000000 1.000000
v -4.272785 0.755315 -5.898602 0.000000 0.000000 1.000000 1.000000
v -3.546870 0.754037 -6.512963 0.000000 0.000000 1.000000 1.000000
v -3.674653 0.731766 -6.657302 0.000000 0.000000 1.000000 1.000000
v -2.826717 0.732791 -7.177643 0.000000 0.000000 1.000000 1.000000
v -2.738503 0.755936 -7.013096 0.000000 0.000000 1.000000 1.000000
v -1.863904 0.754033 -7.369904 0.000000 0.000000 1.000000 1.000000
v -1.908833 0.731165 -7.555689 0.000000 0.000000 1.000000 1.000000
v -0.972993 0.729491 -7.778178 0.000000 0.000000 1.000000 1.000000
v -0.940991 0.755943 -7.595703 0.000000 0.000000 1.000000 1.000000
v -0.000001 0.754528 -7.665233 0.000000 0.000000 1.000000 1.000000
v -0.000005 0.732193 -7.857607 0.000000 0.000000 1.000000 1.000000
v 0.972980 0.729491 -7.778180 0.000000 0.000000 1.000000 1.000000
v 0.940989 0.755943 -7.595703 0.000000 0.000000 1.000000 1.000000
v 1.863902 0.754033 -7.369905 0.000000 0.000000 1.000000 1.000000
v 1.908824 0.731165 -7.555692 0.000000 0.000000 1.000000 1.000000
v 2.826704 0.732791 -7.177649 0.000000 0.000000 1.000000 1.000000
v 2.738501 0.755936 -7.013096 0.000000 0.000000 1.000000 1.000000
v 3.546868 0.754037 -6.512965 0.000000 0.000000 1.000000 1.000000
v 3.674646 0.731766 -6.657308 0.000000 0.000000 1.000000 1.000000
v 4.411216 0.730192 -6.024817 0.000000 0.000000 1.000000 1.000000
v 4.272783 0.755315 -5.898603 0.000000 0.000000 1.000000 1.000000
v 4.896705 0.754320 -5.165394 0.000000 0.000000 1.000000 1.000000
v 5.038414 0.728946 -5.285817 0.000000 0.000000 1.000000 1.000000
v 5.544497 0.732718 -4.463135 0.000000 0.000000 1.000000 1.000000
v 5.389121 0.754922 -4.356294 0.000000 0.000000 1.000000 1.000000
v 6.070708 0.728579 -3.138691 0.000000 0.000000 1.000000 1.000000
v 5.752679 0.755688 -3.472714 0.000000 0.000000 1.000000 1.000000
v 5.968716 0.756709 -2.565363 0.000000 0.000000 1.000000 1.000000
v 6.294852 0.730121 -1.360308 0.000000 0.000000 1.000000 1.000000
v 6.107139 0.754453 -1.324428 0.000000 0.000000 1.000000 1.000000
v 6.310637 0.731466 1.210303 0.000000 0.000000 1.000000 1.000000
v 6.113330 0.753935 1.210310 0.000000 0.000000 1.000000 1.000000
v -6.106551 2.528103 -1.310992 0.000000 0.000000 1.000000 1.000000
v -6.320769 2.548316 1.210280 0.000000 0.000000 1.000000 1.000000
v -6.118616 2.523328 1.210329 0.000000 0.000000 1.000000 1.000000
v -6.305552 2.548956 -1.356336 0.000000 0.000000 1.000000 1.000000
v -5.955720 2.524297 -2.620690 0.000000 0.000000 1.000000 1.000000
v -6.077450 2.552938 -3.132965 0.000000 0.000000 1.000000 1.000000
v -5.733240 2.524432 -3.519478 0.000000 0.000000 1.000000 1.000000
v -5.368930 2.524906 -4.388843 0.000000 0.000000 1.000000 1.000000
v -5.561805 2.547589 -4.448967 0.000000 0.000000 1.000000 1.000000
v -4.875309 2.525560 -5.188295 0.000000 0.000000 1.000000 1.000000
v -5.057821 2.548698 -5.278281 0.000000 0.000000 1.000000 1.000000
v -4.418399 2.547581 -6.029391 0.000000 0.000000 1.000000 1.000000
v -4.266665 2.524840 -5.896263 0.000000 0.000000 1.000000 1.000000
v -3.547377 2.522349 -6.518801 0.000000 0.000000 1.000000 1.000000
v -3.677234 2.548666 -6.666309 0.000000 0.000000 1.000000 1.000000
v -2.840193 2.547278 -7.180383 0.000000 0.000000 1.000000 1.000000
v -2.739275 2.524393 -7.006572 0.000000 0.000000 1.000000 1.000000
v -1.861945 2.522371 -7.375768 0.000000 0.000000 1.000000 1.000000
v -1.940444 2.548673 -7.556029 0.000000 0.000000 1.000000 1.000000
v -0.975306 2.546644 -7.788918 0.000000 0.000000 1.000000 1.000000
v -0.943181 2.524353 -7.589822 0.000000 0.000000 1.000000 1.000000
v -0.000001 2.522243 -7.670220 0.000000 0.000000 1.000000 1.000000
v -0.000006 2.550658 -7.864310 0.000000 0.000000 1.000000 1.000000
v 0.975290 2.546644 -7.788921 0.000000 0.000000 1.000000 1.000000
v 0.943179 2.524353 -7.589822 0.000000 0.000000 1.000000 1.000000
v 1.861942 2.522371 -7.375768 0.000000 0.000000 1.000000 1.000000
v 1.940433 2.548673 -7.556033 0.000000 0.000000 1.000000 1.000000
v 2.840249 2.547275 -7.180361 0.000000 0.000000 1.000000 1.000000
v 2.739273 2.524393 -7.006572 0.000000 0.000000 1.000000 1.000000
v 3.547374 2.522349 -6.518803 0.000000 0.000000 1.000000 1.000000
v 3.674763 2.548747 -6.668032 0.000000 0.000000 1.000000 1.000000
v 4.417817 2.547119 -6.030193 0.000000 0.000000 1.000000 1.000000
v 4.266658 2.524816 -5.896269 0.000000 0.000000 1.000000 1.000000
v 4.875238 2.525502 -5.188437 0.000000 0.000000 1.000000 1.000000
v 5.047064 2.550799 -5.291009 0.000000 0.000000 1.000000 1.000000
v 5.557162 2.547158 -4.460445 0.000000 0.000000 1.000000 1.000000
v 5.366803 2.525596 -4.393514 0.000000 0.000000 1.000000 1.000000
v 6.081735 2.552651 -3.113652 0.000000 0.000000 1.000000 1.000000
v 5.737025 2.525083 -3.506934 0.000000 0.000000 1.000000 1.000000
v 5.955547 2.524249 -2.621499 0.000000 0.000000 1.000000 1.000000
v 6.305266 2.549394 -1.358960 0.000000 0.000000 1.000000 1.000000
v 6.106550 2.528101 -1.311421 0.000000 0.000000 1.000000 1.000000
v 6.320768 2.548316 1.210280 0.000000 0.000000 1.000000 1.000000
v 6.118616 2.523328 1.210329 0.000000 0.000000 1.000000 1.000000
v -1.375667 8.714436 -5.710441 1.000000 1.000000 1.000000 1.000000
v -0.000000 11.076881 -5.584002 1.000000 1.000000 1.000000 1.000000
v 0.000000 11.186484 -5.712576 1.000000 1.000000 1.000000 1.000000
v -1.355396 8.646550 -5.583456 1.000000 1.000000 1.000000 1.000000
v -2.711868 6.484993 -5.714744 1.000000 1.000000 1.000000 1.000000
v -2.690533 6.444294 -5.578828 1.000000 1.000000 1.000000 1.000000
v -2.711868 6.484993 -5.714744 1.000000 1.000000 1.000000 1.000000
v -1.375667 8.714436 -5.710441 1.000000 1.000000 1.000000 1.000000
v -2.775129 6.624825 -5.712506 1.000000 1.000000 1.000000 1.000000
v 0.000186 11.262203 -5.711767 1.000000 1.000000 1.000000 1.000000
v 0.000000 11.186484 -5.712576 1.000000 1.000000 1.000000 1.000000
v 1.375606 8.714539 -5.710441 1.000000 1.000000 1.000000 1.000000
v 2.775128 6.624825 -5.712506 1.000000 1.000000 1.000000 1.000000
v 2.711202 6.485978 -5.714815 1.000000 1.000000 1.000000 1.000000
v -3.566493 8.382462 -4.455316 1.000000 1.000000 1.000000 1.000000
v -4.140255 11.186485 -3.004346 1.000000 1.000000 1.000000 1.000000
v -4.020624 11.076912 -2.957301 1.000000 1.000000 1.000000 1.000000
v -3.460829 8.335632 -4.378437 1.000000 1.000000 1.000000 1.000000
v -3.148840 6.485901 -5.527641 0.364706 0.364706 1.000000 1.000000
v -3.030533 6.444294 -5.459010 0.960784 0.960784 1.000000 1.000000
v -4.641578 8.716988 -1.724889 1.000000 1.000000 1.000000 1.000000
v -4.020624 11.076912 -2.957301 1.000000 1.000000 1.000000 1.000000
v -4.140255 11.186485 -3.004346 1.000000 1.000000 1.000000 1.000000
v -4.516522 8.647057 -1.695879 1.000000 1.000000 1.000000 1.000000
v -5.135339 6.485042 -0.481671 0.000000 0.000000 1.000000 1.000000
v -5.001102 6.444338 -0.451762 0.000000 0.000000 1.000000 1.000000
v -5.135339 6.485042 -0.481671 0.000000 0.000000 1.000000 1.000000
v -4.641578 8.716988 -1.724889 1.000000 1.000000 1.000000 1.000000
v -5.168277 6.608878 -0.407092 0.000000 0.000000 1.000000 1.000000
v -4.139751 11.261811 -3.004807 1.000000 1.000000 1.000000 1.000000
v -4.140255 11.186485 -3.004346 1.000000 1.000000 1.000000 1.000000
v -3.566493 8.382462 -4.455316 1.000000 1.000000 1.000000 1.000000
v -3.123921 6.624841 -5.586706 0.313726 0.313726 1.000000 1.000000
v -3.148840 6.485901 -5.527641 0.364706 0.364706 1.000000 1.000000
v -0.000000 11.076881 -5.584002 1.000000 1.000000 1.000000 1.000000
v 1.375606 8.714539 -5.710441 1.000000 1.000000 1.000000 1.000000
v 0.000000 11.186484 -5.712576 1.000000 1.000000 1.000000 1.000000
v 1.355270 8.646766 -5.583456 1.000000 1.000000 1.000000 1.000000
v 2.711202 6.485978 -5.714815 1.000000 1.000000 1.000000 1.000000
v 2.690533 6.444294 -5.578828 1.000000 1.000000 1.000000 1.000000
v 4.140255 11.186485 -3.004346 0.000000 0.000000 1.000000 1.000000
v 3.566488 8.382444 -4.455327 1.000000 1.000000 1.000000 1.000000
v 4.020627 11.076909 -2.957302 0.294118 0.294118 1.000000 1.000000
v 3.460794 8.335470 -4.378525 1.000000 1.000000 1.000000 1.000000
v 3.148841 6.485904 -5.527640 1.000000 1.000000 1.000000 1.000000
v 3.030533 6.444294 -5.459010 1.000000 1.000000 1.000000 1.000000
v 4.020627 11.076909 -2.957302 0.294118 0.294118 1.000000 1.000000
v 4.641697 8.716105 -1.724281 1.000000 1.000000 1.000000 1.000000
v 4.140255 11.186485 -3.004346 0.000000 0.000000 1.000000 1.000000
v 4.516459 8.647354 -1.696039 1.000000 1.000000 1.000000 1.000000
v 5.135354 6.484987 -0.481642 0.388235 0.388235 1.000000 1.000000
v 5.001082 6.444316 -0.451746 0.168627 0.168627 1.000000 1.000000
v 5.156416 6.624720 -0.422199 0.423529 0.423529 1.000000 1.000000
v 4.641697 8.716105 -1.724281 1.000000 1.000000 1.000000 1.000000
v 5.135354 6.484987 -0.481642 0.388235 0.388235 1.000000 1.000000
v 4.139573 11.262125 -3.003743 0.000000 0.000000 1.000000 1.000000
v 4.140255 11.186485 -3.004346 0.000000 0.000000 1.000000 1.000000
v 3.566488 8.382444 -4.455327 1.000000 1.000000 1.000000 1.000000
v 3.123911 6.624854 -5.586724 1.000000 1.000000 1.000000 1.000000
v 3.148841 6.485904 -5.527640 1.000000 1.000000 1.000000 1.000000
v -6.300158 0.426928 -1.375630 0.000000 0.000000 1.000000 1.000000
v -6.310475 0.731366 1.210305 0.000000 0.000000 1.000000 1.000000
v -6.308248 0.430777 1.210238 0.000000 0.000000 1.000000 1.000000
v -6.294865 0.730121 -1.360175 0.000000 0.000000 1.000000 1.000000
v -6.070714 0.728609 -3.138811 0.000000 0.000000 1.000000 1.000000
v -6.151977 0.430470 -2.611329 0.000000 0.000000 1.000000 1.000000
v -5.926913 0.429869 -3.544056 0.000000 0.000000 1.000000 1.000000
v -5.553442 0.429981 -4.445364 0.000000 0.000000 1.000000 1.000000
v -5.544504 0.732718 -4.463122 0.000000 0.000000 1.000000 1.000000
v -5.041523 0.429842 -5.287584 0.000000 0.000000 1.000000 1.000000
v -5.038420 0.728946 -5.285809 0.000000 0.000000 1.000000 1.000000
v -4.411225 0.730192 -6.024808 0.000000 0.000000 1.000000 1.000000
v -4.396269 0.429776 -6.037643 0.000000 0.000000 1.000000 1.000000
v -3.674653 0.731766 -6.657302 0.000000 0.000000 1.000000 1.000000
v -3.646594 0.430642 -6.676176 0.000000 0.000000 1.000000 1.000000
v -2.826717 0.732791 -7.177643 0.000000 0.000000 1.000000 1.000000
v -2.825384 0.432158 -7.176830 0.000000 0.000000 1.000000 1.000000
v -1.941834 0.430049 -7.546331 0.000000 0.000000 1.000000 1.000000
v -1.908833 0.731165 -7.555689 0.000000 0.000000 1.000000 1.000000
v -0.974472 0.430911 -7.780589 0.000000 0.000000 1.000000 1.000000
v -0.972993 0.729491 -7.778178 0.000000 0.000000 1.000000 1.000000
v -0.000005 0.732193 -7.857607 0.000000 0.000000 1.000000 1.000000
v -0.000004 0.432505 -7.854339 0.000000 0.000000 1.000000 1.000000
v 0.974460 0.430911 -7.780591 0.000000 0.000000 1.000000 1.000000
v 0.972980 0.729491 -7.778180 0.000000 0.000000 1.000000 1.000000
v 1.908824 0.731165 -7.555692 0.000000 0.000000 1.000000 1.000000
v 1.941824 0.430049 -7.546335 0.000000 0.000000 1.000000 1.000000
v 2.826704 0.732791 -7.177649 0.000000 0.000000 1.000000 1.000000
v 2.825374 0.432158 -7.176836 0.000000 0.000000 1.000000 1.000000
v 3.646587 0.430642 -6.676180 0.000000 0.000000 1.000000 1.000000
v 3.674646 0.731766 -6.657308 0.000000 0.000000 1.000000 1.000000
v 4.396259 0.429776 -6.037652 0.000000 0.000000 1.000000 1.000000
v 4.411216 0.730192 -6.024817 0.000000 0.000000 1.000000 1.000000
v 5.041518 0.429842 -5.287591 0.000000 0.000000 1.000000 1.000000
v 5.038414 0.728946 -5.285817 0.000000 0.000000 1.000000 1.000000
v 5.544497 0.732718 -4.463135 0.000000 0.000000 1.000000 1.000000
v 5.553437 0.429981 -4.445374 0.000000 0.000000 1.000000 1.000000
v 6.070708 0.728579 -3.138691 0.000000 0.000000 1.000000 1.000000
v 5.926910 0.429868 -3.544065 0.000000 0.000000 1.000000 1.000000
v 6.153746 0.424645 -2.608148 0.000000 0.000000 1.000000 1.000000
v 6.301954 0.429058 -1.366025 0.000000 0.000000 1.000000 1.000000
v 6.294852 0.730121 -1.360308 0.000000 0.000000 1.000000 1.000000
v 6.310637 0.731466 1.210303 0.000000 0.000000 1.000000 1.000000
v 6.305737 0.428384 1.210299 0.000000 0.000000 1.000000 1.000000
v -6.320769 2.548316 1.210280 0.000000 0.000000 1.000000 1.000000
v -6.310445 2.979908 -1.336737 0.000000 0.000000 1.000000 1.000000
v -6.321335 2.985351 1.210280 0.000000 0.000000 1.000000 1.000000
v -6.305552 2.548956 -1.356336 0.000000 0.000000 1.000000 1.000000
v -6.077450 2.552938 -3.132965 0.000000 0.000000 1.000000 1.000000
v -6.158880 2.976536 -2.630099 0.000000 0.000000 1.000000 1.000000
v -5.922891 2.985718 -3.595172 0.000000 0.000000 1.000000 1.000000
v -5.561805 2.547589 -4.448967 0.000000 0.000000 1.000000 1.000000
v -5.550789 2.977655 -4.469883 0.000000 0.000000 1.000000 1.000000
v -5.057821 2.548698 -5.278281 0.000000 0.000000 1.000000 1.000000
v -5.026809 2.977155 -5.322664 0.000000 0.000000 1.000000 1.000000
v -4.418399 2.547581 -6.029391 0.000000 0.000000 1.000000 1.000000
v -4.401009 2.984806 -6.050658 0.000000 0.000000 1.000000 1.000000
v -3.677234 2.548666 -6.666309 0.000000 0.000000 1.000000 1.000000
v -3.641082 2.977397 -6.693666 0.000000 0.000000 1.000000 1.000000
v -2.840193 2.547278 -7.180383 0.000000 0.000000 1.000000 1.000000
v -2.822009 2.984906 -7.192215 0.000000 0.000000 1.000000 1.000000
v -1.940444 2.548673 -7.556029 0.000000 0.000000 1.000000 1.000000
v -1.899447 2.977431 -7.570162 0.000000 0.000000 1.000000 1.000000
v -0.975306 2.546644 -7.788918 0.000000 0.000000 1.000000 1.000000
v -0.969614 2.986122 -7.788161 0.000000 0.000000 1.000000 1.000000
v -0.000275 2.977778 -7.867728 0.000000 0.000000 1.000000 1.000000
v -0.000006 2.550658 -7.864310 0.000000 0.000000 1.000000 1.000000
v 0.975290 2.546644 -7.788921 0.000000 0.000000 1.000000 1.000000
v 0.982279 2.985005 -7.787537 0.000000 0.000000 1.000000 1.000000
v 1.897065 2.977392 -7.571034 0.000000 0.000000 1.000000 1.000000
v 1.940433 2.548673 -7.556033 0.000000 0.000000 1.000000 1.000000
v 2.820537 2.984796 -7.193649 0.000000 0.000000 1.000000 1.000000
v 2.840249 2.547275 -7.180361 0.000000 0.000000 1.000000 1.000000
v 3.640834 2.977398 -6.693869 0.000000 0.000000 1.000000 1.000000
v 3.674763 2.548747 -6.668032 0.000000 0.000000 1.000000 1.000000
v 4.400741 2.984804 -6.050928 0.000000 0.000000 1.000000 1.000000
v 4.417817 2.547119 -6.030193 0.000000 0.000000 1.000000 1.000000
v 5.047090 2.977299 -5.296989 0.000000 0.000000 1.000000 1.000000
v 5.047064 2.550799 -5.291009 0.000000 0.000000 1.000000 1.000000
v 5.557162 2.547158 -4.460445 0.000000 0.000000 1.000000 1.000000
v 5.557250 2.977327 -4.454072 0.000000 0.000000 1.000000 1.000000
v 5.926908 2.986820 -3.565995 0.000000 0.000000 1.000000 1.000000
v 6.081735 2.552651 -3.113652 0.000000 0.000000 1.000000 1.000000
v 6.162847 2.976229 -2.600936 0.000000 0.000000 1.000000 1.000000
v 6.310493 2.979977 -1.336331 0.000000 0.000000 1.000000 1.000000
v 6.305266 2.549394 -1.358960 0.000000 0.000000 1.000000 1.000000
v 6.320768 2.548316 1.210280 0.000000 0.000000 1.000000 1.000000
v 6.321335 2.985351 1.210279 0.000000 0.000000 1.000000 1.000000
v -6.321335 2.985351 1.210280 0.000000 0.000000 1.000000 1.000000
v -5.504550 2.973187 -1.316224 0.000000 0.000000 1.000000 1.000000
v -5.512371 2.973045 1.210332 0.000000 0.000000 1.000000 1.000000
v -5.382310 2.973044 -2.460039 0.000000 0.000000 1.000000 1.000000
v -5.922891 2.985718 -3.595172 0.000000 0.000000 1.000000 1.000000
v -5.184259 2.973044 -3.306531 0.000000 0.000000 1.000000 1.000000
v -6.310445 2.979908 -1.336737 0.000000 0.000000 1.000000 1.000000
v -6.158880 2.976536 -2.630099 0.000000 0.000000 1.000000 1.000000
v -4.856868 2.973044 -4.101979 0.000000 0.000000 1.000000 1.000000
v -4.410206 2.973044 -4.832038 0.000000 0.000000 1.000000 1.000000
v -4.401009 2.984806 -6.050658 0.000000 0.000000 1.000000 1.000000
v -3.854340 2.973044 -5.482371 0.000000 0.000000 1.000000 1.000000
v -5.550789 2.977655 -4.469883 0.000000 0.000000 1.000000 1.000000
v -5.026809 2.977155 -5.322664 0.000000 0.000000 1.000000 1.000000
v -3.204180 2.973044 -6.038207 0.000000 0.000000 1.000000 1.000000
v -2.822009 2.984906 -7.192215 0.000000 0.000000 1.000000 1.000000
v -3.641082 2.977397 -6.693666 0.000000 0.000000 1.000000 1.000000
v -2.474637 2.973044 -6.484781 0.000000 0.000000 1.000000 1.000000
v -1.684536 2.973045 -6.812502 0.000000 0.000000 1.000000 1.000000
v -0.969614 2.986122 -7.788161 0.000000 0.000000 1.000000 1.000000
v -1.899447 2.977431 -7.570162 0.000000 0.000000 1.000000 1.000000
v -0.852701 2.973044 -7.011779 0.000000 0.000000 1.000000 1.000000
v 0.000000 2.973044 -7.079307 0.000000 0.000000 1.000000 1.000000
v 0.982279 2.985005 -7.787537 0.000000 0.000000 1.000000 1.000000
v -0.000275 2.977778 -7.867728 0.000000 0.000000 1.000000 1.000000
v 0.852701 2.973044 -7.011779 0.000000 0.000000 1.000000 1.000000
v 1.684536 2.973045 -6.812502 0.000000 0.000000 1.000000 1.000000
v 2.820537 2.984796 -7.193649 0.000000 0.000000 1.000000 1.000000
v 1.897065 2.977392 -7.571034 0.000000 0.000000 1.000000 1.000000
v 2.474637 2.973044 -6.484781 0.000000 0.000000 1.000000 1.000000
v 3.204180 2.973044 -6.038207 0.000000 0.000000 1.000000 1.000000
v 4.400741 2.984804 -6.050928 0.000000 0.000000 1.000000 1.000000
v 3.640834 2.977398 -6.693869 0.000000 0.000000 1.000000 1.000000
v 3.854340 2.973044 -5.482371 0.000000 0.000000 1.000000 1.000000
v 4.410206 2.973044 -4.832038 0.000000 0.000000 1.000000 1.000000
v 5.047090 2.977299 -5.296989 0.000000 0.000000 1.000000 1.000000
v 5.557250 2.977327 -4.454072 0.000000 0.000000 1.000000 1.000000
v 5.926908 2.986820 -3.565995 0.000000 0.000000 1.000000 1.000000
v 4.856868 2.973044 -4.101979 0.000000 0.000000 1.000000 1.000000
v 5.184259 2.973044 -3.306531 0.000000 0.000000 1.000000 1.000000
v 5.382310 2.973044 -2.460039 0.000000 0.000000 1.000000 1.000000
v 6.162847 2.976229 -2.600936 0.000000 0.000000 1.000000 1.000000
v 6.310493 2.979977 -1.336331 0.000000 0.000000 1.000000 1.000000
v 6.321335 2.985351 1.210279 0.000000 0.000000 1.000000 1.000000
v 5.504550 2.973187 -1.316207 0.000000 0.000000 1.000000 1.000000
v 5.512371 2.973045 1.210332 0.000000 0.000000 1.000000 1.000000
v -6.155752 0.404657 1.210920 0.000000 0.000000 1.000000 1.000000
v -6.146006 0.361283 -0.733762 0.000000 0.000000 1.000000 1.000000
v -6.138468 0.408770 -1.425765 0.000000 0.000000 1.000000 1.000000
v -6.128819 0.169522 -1.307119 0.000000 0.000000 1.000000 1.000000
v -6.146444 0.361283 1.210333 0.000000 0.000000 1.000000 1.000000
v -6.032885 0.106412 1.210061 0.000000 0.000000 1.000000 1.000000
v -6.012877 0.117117 -1.329808 0.000000 0.000000 1.000000 1.000000
v -5.806850 0.161336 -3.550683 0.000000 0.000000 1.000000 1.000000
v -5.908437 0.408815 -3.121591 0.000000 0.000000 1.000000 1.000000
v -5.755599 0.112820 -3.169127 0.000000 0.000000 1.000000 1.000000
v -5.296096 0.111105 -4.323720 0.000000 0.000000 1.000000 1.000000
v -5.390044 0.406980 -4.426125 0.000000 0.000000 1.000000 1.000000
v -4.809889 0.111284 -5.118449 0.000000 0.000000 1.000000 1.000000
v -4.638214 0.160029 -5.567004 0.000000 0.000000 1.000000 1.000000
v -4.921199 0.407822 -5.190513 0.000000 0.000000 1.000000 1.000000
v -4.202114 0.111118 -5.830142 0.000000 0.000000 1.000000 1.000000
v -4.296457 0.405827 -5.924484 0.000000 0.000000 1.000000 1.000000
v -3.491421 0.111248 -6.437126 0.000000 0.000000 1.000000 1.000000
v -3.564409 0.407106 -6.546915 0.000000 0.000000 1.000000 1.000000
v -2.804690 0.160298 -7.060939 0.000000 0.000000 1.000000 1.000000
v -2.696244 0.110953 -6.924166 0.000000 0.000000 1.000000 1.000000
v -2.750861 0.406144 -7.045044 0.000000 0.000000 1.000000 1.000000
v -1.869618 0.407117 -7.407640 0.000000 0.000000 1.000000 1.000000
v -1.834429 0.111246 -7.280670 0.000000 0.000000 1.000000 1.000000
v -0.942275 0.406144 -7.629979 0.000000 0.000000 1.000000 1.000000
v -1.013459 0.148506 -7.600891 0.000000 0.000000 1.000000 1.000000
v -0.927685 0.110953 -7.498138 0.000000 0.000000 1.000000 1.000000
v -0.000006 0.407239 -7.701959 0.000000 0.000000 1.000000 1.000000
v -0.000006 0.111119 -7.571082 0.000000 0.000000 1.000000 1.000000
v 0.520859 0.161500 -7.687291 0.000000 0.000000 1.000000 1.000000
v 0.927677 0.110953 -7.498140 0.000000 0.000000 1.000000 1.000000
v 0.942265 0.406144 -7.629981 0.000000 0.000000 1.000000 1.000000
v 1.834419 0.111245 -7.280674 0.000000 0.000000 1.000000 1.000000
v 2.324904 0.160901 -7.247368 0.000000 0.000000 1.000000 1.000000
v 1.869607 0.407117 -7.407644 0.000000 0.000000 1.000000 1.000000
v 2.696237 0.110953 -6.924170 0.000000 0.000000 1.000000 1.000000
v 2.750852 0.406144 -7.045049 0.000000 0.000000 1.000000 1.000000
v 3.491561 0.097165 -6.477532 0.000000 0.000000 1.000000 1.000000
v 3.564400 0.407106 -6.546922 0.000000 0.000000 1.000000 1.000000
v 4.638182 0.160017 -5.567033 0.000000 0.000000 1.000000 1.000000
v 4.202108 0.111118 -5.830148 0.000000 0.000000 1.000000 1.000000
v 4.296451 0.405827 -5.924490 0.000000 0.000000 1.000000 1.000000
v 4.809882 0.111284 -5.118457 0.000000 0.000000 1.000000 1.000000
v 5.068419 0.404132 -5.000605 0.000000 0.000000 1.000000 1.000000
v 5.810873 0.163295 -3.549838 0.000000 0.000000 1.000000 1.000000
v 5.296092 0.111105 -4.323728 0.000000 0.000000 1.000000 1.000000
v 5.798046 0.403392 -3.447838 0.000000 0.000000 1.000000 1.000000
v 5.755154 0.112728 -3.169446 0.000000 0.000000 1.000000 1.000000
v 5.997040 0.406084 -2.608241 0.000000 0.000000 1.000000 1.000000
v 6.012482 0.117452 -1.349435 0.000000 0.000000 1.000000 1.000000
v 6.146558 0.399959 -1.279009 0.000000 0.000000 1.000000 1.000000
v 6.130559 0.169738 -1.299344 0.000000 0.000000 1.000000 1.000000
v 6.035044 0.105255 1.210135 0.000000 0.000000 1.000000 1.000000
v 6.152128 0.407424 1.210334 0.000000 0.000000 1.000000 1.000000
v -3.668138 6.751946 -0.631438 0.000000 0.000000 1.000000 1.000000
v -3.680388 -0.168703 -0.627585 0.000000 0.000000 1.000000 1.000000
v -3.680388 -0.168703 -0.530561 0.000000 0.000000 1.000000 1.000000
v -3.671497 6.756615 -0.530575 0.000000 0.000000 1.000000 1.000000
v 3.668976 6.753600 -0.630058 0.000000 0.000000 1.000000 1.000000
v 3.680388 -0.168703 -0.389907 0.000000 0.000000 1.000000 1.000000
v 3.680388 -0.168703 -0.627586 0.000000 0.000000 1.000000 1.000000
v 3.670281 6.758758 -0.389917 0.000000 0.000000 1.000000 1.000000
v -2.842410 6.627257 -5.582166 1.000000 1.000000 1.000000 1.000000
v 0.008717 11.378431 -5.580103 1.000000 1.000000 1.000000 1.000000
v -2.837347 6.619861 -4.912293 1.000000 1.000000 1.000000 1.000000
v -0.001072 11.363556 -4.912824 1.000000 1.000000 1.000000 1.000000
v -2.842410 6.627257 -5.582166 1.000000 1.000000 1.000000 1.000000
v -2.837347 6.619861 -4.912293 1.000000 1.000000 1.000000 1.000000
v -2.690533 6.444294 -5.578828 1.000000 1.000000 1.000000 1.000000
v -2.690533 6.444294 -4.912294 1.000000 1.000000 1.000000 1.000000
v -5.055207 6.619883 -0.315274 0.000000 0.000000 1.000000 1.000000
v -4.018016 11.370686 -2.953750 1.000000 1.000000 1.000000 1.000000
v -3.396564 11.360396 -2.712176 1.000000 1.000000 1.000000 1.000000
v -4.434590 6.619861 -0.071028 0.000000 0.000000 1.000000 1.000000
v -5.055207 6.619883 -0.315274 0.000000 0.000000 1.000000 1.000000
v -4.434590 6.619861 -0.071028 0.000000 0.000000 1.000000 1.000000
v -5.001102 6.444338 -0.451762 0.000000 0.000000 1.000000 1.000000
v -4.380805 6.444298 -0.207642 0.000000 0.000000 1.000000 1.000000
v -3.396564 11.360396 -2.712176 1.000000 1.000000 1.000000 1.000000
v -4.018016 11.370686 -2.953750 1.000000 1.000000 1.000000 1.000000
v -2.356535 6.619861 -5.351543 1.000000 1.000000 1.000000 1.000000
v -2.977926 6.627737 -5.601435 1.000000 1.000000 1.000000 1.000000
v -2.977926 6.627737 -5.601435 1.000000 1.000000 1.000000 1.000000
v -2.397948 6.430021 -5.209994 1.000000 1.000000 1.000000 1.000000
v -2.356535 6.619861 -5.351543 1.000000 1.000000 1.000000 1.000000
v -3.030533 6.444294 -5.459010 0.960784 0.960784 1.000000 1.000000
v 0.008717 11.378431 -5.580103 1.000000 1.000000 1.000000 1.000000
v 2.832601 6.625193 -5.582974 1.000000 1.000000 1.000000 1.000000
v -0.001072 11.363556 -4.912824 1.000000 1.000000 1.000000 1.000000
v 2.837347 6.619861 -4.912293 1.000000 1.000000 1.000000 1.000000
v 2.837347 6.619861 -4.912293 1.000000 1.000000 1.000000 1.000000
v 2.832601 6.625193 -5.582974 1.000000 1.000000 1.000000 1.000000
v 2.690533 6.444294 -5.578828 1.000000 1.000000 1.000000 1.000000
v 2.690533 6.444294 -4.912294 1.000000 1.000000 1.000000 1.000000
v 3.396569 11.360351 -2.712184 0.000000 0.000000 1.000000 1.000000
v 4.017972 11.368603 -2.952709 0.000000 0.000000 1.000000 1.000000
v 5.058955 6.626478 -0.314490 0.239216 0.239216 1.000000 1.000000
v 4.434590 6.619861 -0.071028 0.000000 0.000000 1.000000 1.000000
v 5.001082 6.444316 -0.451746 0.168627 0.168627 1.000000 1.000000
v 4.380803 6.444300 -0.207643 0.000000 0.000000 1.000000 1.000000
v 4.434590 6.619861 -0.071028 0.000000 0.000000 1.000000 1.000000
v 5.058955 6.626478 -0.314490 0.239216 0.239216 1.000000 1.000000
v 4.017972 11.368603 -2.952709 0.000000 0.000000 1.000000 1.000000
v 3.396569 11.360351 -2.712184 0.000000 0.000000 1.000000 1.000000
v 2.356535 6.619861 -5.351542 1.000000 1.000000 1.000000 1.000000
v 2.977960 6.627715 -5.601346 1.000000 1.000000 1.000000 1.000000
v 2.397949 6.430021 -5.209995 1.000000 1.000000 1.000000 1.000000
v 2.977960 6.627715 -5.601346 1.000000 1.000000 1.000000 1.000000
v 2.356535 6.619861 -5.351542 1.000000 1.000000 1.000000 1.000000
v 3.030533 6.444294 -5.459010 1.000000 1.000000 1.000000 1.000000
v -0.849990 -0.168704 -6.994663 0.000000 0.000000 1.000000 1.000000
v 0.000000 -0.168704 -7.061977 0.000000 0.000000 1.000000 1.000000
v 0.849990 -0.168704 -6.994663 0.000000 0.000000 1.000000 1.000000
v -1.679181 -0.168704 -6.796020 0.000000 0.000000 1.000000 1.000000
v 1.679181 -0.168704 -6.796020 0.000000 0.000000 1.000000 1.000000
v -2.466770 -0.168704 -6.469341 0.000000 0.000000 1.000000 1.000000
v 2.466770 -0.168704 -6.469341 0.000000 0.000000 1.000000 1.000000
v -3.193994 -0.168704 -6.024187 0.000000 0.000000 1.000000 1.000000
v 3.193994 -0.168704 -6.024187 0.000000 0.000000 1.000000 1.000000
v -3.842087 -0.168704 -5.470119 0.000000 0.000000 1.000000 1.000000
v 3.842087 -0.168704 -5.470119 0.000000 0.000000 1.000000 1.000000
v -4.396183 -0.168704 -4.821859 0.000000 0.000000 1.000000 1.000000
v 4.396183 -0.168704 -4.821859 0.000000 0.000000 1.000000 1.000000
v -4.841419 -0.168704 -4.094134 0.000000 0.000000 1.000000 1.000000
v 4.841419 -0.168704 -4.094134 0.000000 0.000000 1.000000 1.000000
v -5.167789 -0.168704 -3.301047 0.000000 0.000000 1.000000 1.000000
v 5.167789 -0.168704 -3.301047 0.000000 0.000000 1.000000 1.000000
v -5.365292 -0.168703 -2.456700 0.000000 0.000000 1.000000 1.000000
v 5.365292 -0.168703 -2.456700 0.000000 0.000000 1.000000 1.000000
v -5.490492 -0.168978 -1.280046 0.000000 0.000000 1.000000 1.000000
v 5.490477 -0.168975 -1.280001 0.000000 0.000000 1.000000 1.000000
v -5.495044 -0.168703 1.210333 0.000000 0.000000 1.000000 1.000000
v 5.495044 -0.168703 1.210333 0.000000 0.000000 1.000000 1.000000
v -2.195301 -0.168704 -4.542236 0.000000 0.000000 1.000000 1.000000
v -2.062323 5.747962 -5.060314 1.000000 1.000000 1.000000 1.000000
v -2.066284 -0.168709 -5.056860 0.000000 0.000000 1.000000 1.000000
v -2.190929 6.695863 -4.535465 1.000000 1.000000 1.000000 1.000000
v -1.986865 6.864544 -5.062272 1.000000 1.000000 1.000000 1.000000
v -2.243790 6.931705 -4.613801 1.000000 1.000000 1.000000 1.000000
v -2.159442 7.328314 -4.476125 1.000000 1.000000 1.000000 1.000000
v -1.536491 7.224527 -5.055334 1.000000 1.000000 1.000000 1.000000
v -0.431182 7.756155 -5.065168 1.000000 1.000000 1.000000 1.000000
v -2.807287 6.866417 -4.613567 1.000000 1.000000 1.000000 1.000000
v -2.190929 6.695863 -4.535465 1.000000 1.000000 1.000000 1.000000
v -2.969949 7.229265 -4.185154 1.000000 1.000000 1.000000 1.000000
v -2.777539 5.770733 -4.681915 0.000000 0.000000 1.000000 1.000000
v -3.367395 7.733036 -3.207942 1.000000 1.000000 1.000000 1.000000
v -2.774449 -0.168708 -4.688619 0.000000 0.000000 1.000000 1.000000
v -2.195301 -0.168704 -4.542236 0.000000 0.000000 1.000000 1.000000
v -1.332361 7.966324 -3.864681 0.000000 0.000000 1.000000 1.000000
v -0.002480 8.004581 -5.066794 1.000000 1.000000 1.000000 1.000000
v -3.539113 8.046290 -2.775997 1.000000 1.000000 1.000000 1.000000
v -0.000649 8.033470 -3.522178 0.000000 0.000000 1.000000 1.000000
v 1.324081 7.967688 -3.828377 0.000000 0.000000 1.000000 1.000000
v 0.423805 7.762808 -5.062691 1.000000 1.000000 1.000000 1.000000
v -0.000064 7.966399 -2.847413 0.000000 0.000000 1.000000 1.000000
v 1.793016 7.815060 -3.982268 0.000000 0.000000 1.000000 1.000000
v 1.531999 7.224232 -5.057934 1.000000 1.000000 1.000000 1.000000
v 3.538288 8.046737 -2.778363 1.000000 1.000000 1.000000 1.000000
v 3.368472 7.734588 -3.208471 1.000000 1.000000 1.000000 1.000000
v 2.916469 7.152661 -4.327937 1.000000 1.000000 1.000000 1.000000
v 0.019629 7.744043 -2.339661 0.000000 0.000000 1.000000 1.000000
v -3.791842 7.597154 -2.112815 1.000000 1.000000 1.000000 1.000000
v 3.787977 7.605336 -2.122624 1.000000 1.000000 1.000000 1.000000
v -4.137479 7.176304 -1.240400 1.000000 1.000000 1.000000 1.000000
v 4.143713 7.165352 -1.226652 1.000000 1.000000 1.000000 1.000000
v 2.280296 7.120346 -4.667118 1.000000 1.000000 1.000000 1.000000
v 2.802469 6.814971 -4.623703 1.000000 1.000000 1.000000 1.000000
v 1.981558 6.825708 -5.039617 1.000000 1.000000 1.000000 1.000000
v 2.777786 5.833016 -4.681108 0.556863 0.556863 1.000000 1.000000
v 2.056565 5.764232 -5.060651 1.000000 1.000000 1.000000 1.000000
v 2.269875 6.091873 -4.651836 1.000000 1.000000 1.000000 1.000000
v 2.773996 -0.168709 -4.688341 0.000000 0.000000 1.000000 1.000000
v 2.273887 -0.168704 -4.657608 0.000000 0.000000 1.000000 1.000000
v 2.269875 6.091873 -4.651836 1.000000 1.000000 1.000000 1.000000
v 2.273887 -0.168704 -4.657608 0.000000 0.000000 1.000000 1.000000
v 2.066624 -0.168709 -5.056098 0.000000 0.000000 1.000000 1.000000
v 0.008732 7.075721 -0.963867 0.000000 0.000000 1.000000 1.000000
v -3.628639 6.905995 -0.731111 0.000000 0.000000 1.000000 1.000000
v -4.265535 6.806739 -0.934500 1.000000 1.000000 1.000000 1.000000
v 3.628639 6.905995 -0.731112 0.000000 0.000000 1.000000 1.000000
v 4.265531 6.805424 -0.934348 1.000000 1.000000 1.000000 1.000000
v 0.000022 6.758490 -0.654571 0.000000 0.000000 1.000000 1.000000
v -3.668138 6.751946 -0.631438 0.000000 0.000000 1.000000 1.000000
v -4.289192 5.453001 -0.845891 0.000000 0.000000 1.000000 1.000000
v -3.680388 -0.168703 -0.627585 0.000000 0.000000 1.000000 1.000000
v -4.287801 -0.168708 -0.842163 0.000000 0.000000 1.000000 1.000000
v 3.668976 6.753600 -0.630058 0.000000 0.000000 1.000000 1.000000
v 4.289142 5.458824 -0.845899 0.000000 0.000000 1.000000 1.000000
v 3.680388 -0.168703 -0.627586 0.000000 0.000000 1.000000 1.000000
v 4.287801 -0.168708 -0.842163 0.000000 0.000000 1.000000 1.000000
v 3.668976 6.753600 -0.630058 0.000000 0.000000 1.000000 1.000000
v -0.000000 6.756671 -0.389908 0.000000 0.000000 1.000000 1.000000
v 3.670281 6.758758 -0.389917 0.000000 0.000000 1.000000 1.000000
v 0.000022 6.758490 -0.654571 0.000000 0.000000 1.000000 1.000000
v -3.671497 6.756615 -0.530575 0.000000 0.000000 1.000000 1.000000
v -3.668138 6.751946 -0.631438 0.000000 0.000000 1.000000 1.000000
v -5.512371 2.973045 1.210332 0.000000 0.000000 1.000000 1.000000
v -5.490492 -0.168978 -1.280046 0.000000 0.000000 1.000000 1.000000
v -5.495044 -0.168703 1.210333 0.000000 0.000000 1.000000 1.000000
v -5.504550 2.973187 -1.316224 0.000000 0.000000 1.000000 1.000000
v -5.365292 -0.168703 -2.456700 0.000000 0.000000 1.000000 1.000000
v -5.382310 2.973044 -2.460039 0.000000 0.000000 1.000000 1.000000
v -5.167789 -0.168704 -3.301047 0.000000 0.000000 1.000000 1.000000
v -5.184259 2.973044 -3.306531 0.000000 0.000000 1.000000 1.000000
v -4.841419 -0.168704 -4.094134 0.000000 0.000000 1.000000 1.000000
v -4.856868 2.973044 -4.101979 0.000000 0.000000 1.000000 1.000000
v -4.396183 -0.168704 -4.821859 0.000000 0.000000 1.000000 1.000000
v -4.410206 2.973044 -4.832038 0.000000 0.000000 1.000000 1.000000
v -3.842087 -0.168704 -5.470119 0.000000 0.000000 1.000000 1.000000
v -3.854340 2.973044 -5.482371 0.000000 0.000000 1.000000 1.000000
v -3.204180 2.973044 -6.038207 0.000000 0.000000 1.000000 1.000000
v -3.193994 -0.168704 -6.024187 0.000000 0.000000 1.000000 1.000000
v -2.474637 2.973044 -6.484781 0.000000 0.000000 1.000000 1.000000
v -2.466770 -0.168704 -6.469341 0.000000 0.000000 1.000000 1.000000
v -1.684536 2.973045 -6.812502 0.000000 0.000000 1.000000 1.000000
v -1.679181 -0.168704 -6.796020 0.000000 0.000000 1.000000 1.000000
v -0.852701 2.973044 -7.011779 0.000000 0.000000 1.000000 1.000000
v -0.849990 -0.168704 -6.994663 0.000000 0.000000 1.000000 1.000000
v 0.000000 2.973044 -7.079307 0.000000 0.000000 1.000000 1.000000
v 0.000000 -0.168704 -7.061977 0.000000 0.000000 1.000000 1.000000
v 0.849990 -0.168704 -6.994663 0.000000 0.000000 1.000000 1.000000
v 0.852701 2.973044 -7.011779 0.000000 0.000000 1.000000 1.000000
v 1.679181 -0.168704 -6.796020 0.000000 0.000000 1.000000 1.000000
v 1.684536 2.973045 -6.812502 0.000000 0.000000 1.000000 1.000000
v 2.466770 -0.168704 -6.469341 0.000000 0.000000 1.000000 1.000000
v 2.474637 2.973044 -6.484781 0.000000 0.000000 1.000000 1.000000
v 3.193994 -0.168704 -6.024187 0.000000 0.000000 1.000000 1.000000
v 3.204180 2.973044 -6.038207 0.000000 0.000000 1.000000 1.000000
v 3.842087 -0.168704 -5.470119 0.000000 0.000000 1.000000 1.000000
v 3.854340 2.973044 -5.482371 0.000000 0.000000 1.000000 1.000000
v 4.410206 2.973044 -4.832038 0.000000 0.000000 1.000000 1.000000
v 4.396183 -0.168704 -4.821859 0.000000 0.000000 1.000000 1.000000
v 4.856868 2.973044 -4.101979 0.000000 0.000000 1.000000 1.000000
v 4.841419 -0.168704 -4.094134 0.000000 0.000000 1.000000 1.000000
v 5.184259 2.973044 -3.306531 0.000000 0.000000 1.000000 1.000000
v 5.167789 -0.168704 -3.301047 0.000000 0.000000 1.000000 1.000000
v 5.382310 2.973044 -2.460039 0.000000 0.000000 1.000000 1.000000
v 5.365292 -0.168703 -2.456700 0.000000 0.000000 1.000000 1.000000
v 5.504550 2.973187 -1.316207 0.000000 0.000000 1.000000 1.000000
v 5.490477 -0.168975 -1.280001 0.000000 0.000000 1.000000 1.000000
v 5.512371 2.973045 1.210332 0.000000 0.000000 1.000000 1.000000
v 5.495044 -0.168703 1.210333 0.000000 0.000000 1.000000 1.000000
v -2.837347 6.619861 -4.912293 1.000000 1.000000 1.000000 1.000000
v -2.090214 7.425249 -4.912531 1.000000 1.000000 1.000000 1.000000
v -2.690533 6.444294 -4.912294 1.000000 1.000000 1.000000 1.000000
v -1.140031 9.018836 -4.913619 1.000000 1.000000 1.000000 1.000000
v -0.001072 11.363556 -4.912824 1.000000 1.000000 1.000000 1.000000
v 0.000000 11.080321 -4.912293 1.000000 1.000000 1.000000 1.000000
v 1.140002 9.018888 -4.913618 1.000000 1.000000 1.000000 1.000000
v 2.837347 6.619861 -4.912293 1.000000 1.000000 1.000000 1.000000
v 2.090214 7.425249 -4.912531 1.000000 1.000000 1.000000 1.000000
v 2.690533 6.444294 -4.912294 1.000000 1.000000 1.000000 1.000000
v -4.434590 6.619861 -0.071028 0.000000 0.000000 1.000000 1.000000
v -4.154583 7.455885 -0.787504 1.000000 1.000000 1.000000 1.000000
v -4.380805 6.444298 -0.207642 0.000000 0.000000 1.000000 1.000000
v -3.836406 8.915689 -1.590617 1.000000 1.000000 1.000000 1.000000
v -3.396564 11.360396 -2.712176 1.000000 1.000000 1.000000 1.000000
v -3.395562 11.080322 -2.711286 1.000000 1.000000 1.000000 1.000000
v -2.836278 8.338155 -4.132937 1.000000 1.000000 1.000000 1.000000
v -2.356535 6.619861 -5.351543 1.000000 1.000000 1.000000 1.000000
v -2.397948 6.430021 -5.209994 1.000000 1.000000 1.000000 1.000000
v 4.154583 7.455884 -0.787503 1.000000 1.000000 1.000000 1.000000
v 4.434590 6.619861 -0.071028 0.000000 0.000000 1.000000 1.000000
v 4.380803 6.444300 -0.207643 0.000000 0.000000 1.000000 1.000000
v 3.836504 8.915216 -1.590365 1.000000 1.000000 1.000000 1.000000
v 3.396569 11.360351 -2.712184 0.000000 0.000000 1.000000 1.000000
v 3.395562 11.080322 -2.711286 0.000000 0.000000 1.000000 1.000000
v 2.836303 8.338273 -4.132874 1.000000 1.000000 1.000000 1.000000
v 2.356535 6.619861 -5.351542 1.000000 1.000000 1.000000 1.000000
v 2.397949 6.430021 -5.209995 1.000000 1.000000 1.000000 1.000000
v 0.923823 -0.467821 -7.465297 0.000000 0.000000 1.000000 1.000000
v 0.000000 -0.455026 -7.537288 0.000000 0.000000 1.000000 1.000000
v -0.924340 -0.455026 -7.464087 0.000000 0.000000 1.000000 1.000000
v -1.826061 -0.455026 -7.248068 0.000000 0.000000 1.000000 1.000000
v -2.679316 -0.462647 -6.895700 0.000000 0.000000 1.000000 1.000000
v 2.682540 -0.455026 -6.892814 0.000000 0.000000 1.000000 1.000000
v 1.826061 -0.455026 -7.248068 0.000000 0.000000 1.000000 1.000000
v 3.473374 -0.455026 -6.408721 0.000000 0.000000 1.000000 1.000000
v -5.265820 -0.469077 -4.310636 0.000000 0.000000 1.000000 1.000000
v -3.473374 -0.455026 -6.408721 0.000000 0.000000 1.000000 1.000000
v -4.178155 -0.455025 -5.806187 0.000000 0.000000 1.000000 1.000000
v -4.780689 -0.455025 -5.101406 0.000000 0.000000 1.000000 1.000000
v 5.266404 -0.470462 -4.309419 0.000000 0.000000 1.000000 1.000000
v 4.178155 -0.455025 -5.806187 0.000000 0.000000 1.000000 1.000000
v 4.780689 -0.455025 -5.101406 0.000000 0.000000 1.000000 1.000000
v -5.620065 -0.455025 -3.453922 0.000000 0.000000 1.000000 1.000000
v -5.836164 -0.455025 -2.551691 0.000000 0.000000 1.000000 1.000000
v -5.975476 -0.456113 -1.307938 0.000000 0.000000 1.000000 1.000000
v -5.983549 -0.469973 1.210331 0.000000 0.000000 1.000000 1.000000
v 5.983561 -0.467393 1.210331 0.000000 0.000000 1.000000 1.000000
v 5.974973 -0.456050 -1.310499 0.000000 0.000000 1.000000 1.000000
v 5.836164 -0.455025 -2.551691 0.000000 0.000000 1.000000 1.000000
v 5.620065 -0.455025 -3.453922 0.000000 0.000000 1.000000 1.000000
v -5.975476 -0.456113 -1.307938 0.000000 0.000000 1.000000 1.000000
v -6.032885 0.106412 1.210061 0.000000 0.000000 1.000000 1.000000
v -5.983549 -0.469973 1.210331 0.000000 0.000000 1.000000 1.000000
v -6.012877 0.117117 -1.329808 0.000000 0.000000 1.000000 1.000000
v -5.836164 -0.455025 -2.551691 0.000000 0.000000 1.000000 1.000000
v -5.755599 0.112820 -3.169127 0.000000 0.000000 1.000000 1.000000
v -5.620065 -0.455025 -3.453922 0.000000 0.000000 1.000000 1.000000
v -5.265820 -0.469077 -4.310636 0.000000 0.000000 1.000000 1.000000
v -5.296096 0.111105 -4.323720 0.000000 0.000000 1.000000 1.000000
v -4.780689 -0.455025 -5.101406 0.000000 0.000000 1.000000 1.000000
v -4.809889 0.111284 -5.118449 0.000000 0.000000 1.000000 1.000000
v -4.178155 -0.455025 -5.806187 0.000000 0.000000 1.000000 1.000000
v -4.202114 0.111118 -5.830142 0.000000 0.000000 1.000000 1.000000
v -3.491421 0.111248 -6.437126 0.000000 0.000000 1.000000 1.000000
v -3.473374 -0.455026 -6.408721 0.000000 0.000000 1.000000 1.000000
v -2.696244 0.110953 -6.924166 0.000000 0.000000 1.000000 1.000000
v -2.679316 -0.462647 -6.895700 0.000000 0.000000 1.000000 1.000000
v -1.834429 0.111246 -7.280670 0.000000 0.000000 1.000000 1.000000
v -1.826061 -0.455026 -7.248068 0.000000 0.000000 1.000000 1.000000
v -0.927685 0.110953 -7.498138 0.000000 0.000000 1.000000 1.000000
v -0.924340 -0.455026 -7.464087 0.000000 0.000000 1.000000 1.000000
v -0.000006 0.111119 -7.571082 0.000000 0.000000 1.000000 1.000000
v 0.000000 -0.455026 -7.537288 0.000000 0.000000 1.000000 1.000000
v 0.923823 -0.467821 -7.465297 0.000000 0.000000 1.000000 1.000000
v 0.927677 0.110953 -7.498140 0.000000 0.000000 1.000000 1.000000
v 1.826061 -0.455026 -7.248068 0.000000 0.000000 1.000000 1.000000
v 1.834419 0.111245 -7.280674 0.000000 0.000000 1.000000 1.000000
v 2.682540 -0.455026 -6.892814 0.000000 0.000000 1.000000 1.000000
v 2.696237 0.110953 -6.924170 0.000000 0.000000 1.000000 1.000000
v 3.473374 -0.455026 -6.408721 0.000000 0.000000 1.000000 1.000000
v 3.491561 0.097165 -6.477532 0.000000 0.000000 1.000000 1.000000
v 4.178155 -0.455025 -5.806187 0.000000 0.000000 1.000000 1.000000
v 4.202108 0.111118 -5.830148 0.000000 0.000000 1.000000 1.000000
v 4.809882 0.111284 -5.118457 0.000000 0.000000 1.000000 1.000000
v 4.780689 -0.455025 -5.101406 0.000000 0.000000 1.000000 1.000000
v 5.296092 0.111105 -4.323728 0.000000 0.000000 1.000000 1.000000
v 5.266404 -0.470462 -4.309419 0.000000 0.000000 1.000000 1.000000
v 5.755154 0.112728 -3.169446 0.000000 0.000000 1.000000 1.000000
v 5.620065 -0.455025 -3.453922 0.000000 0.000000 1.000000 1.000000
v 5.836164 -0.455025 -2.551691 0.000000 0.000000 1.000000 1.000000
v 6.012482 0.117452 -1.349435 0.000000 0.000000 1.000000 1.000000
v 5.974973 -0.456050 -1.310499 0.000000 0.000000 1.000000 1.000000
v 6.035044 0.105255 1.210135 0.000000 0.000000 1.000000 1.000000
v 5.983561 -0.467393 1.210331 0.000000 0.000000 1.000000 1.000000
v -6.106551 2.528103 -1.310992 0.000000 0.000000 1.000000 1.000000
v -6.118616 2.523328 1.210329 0.000000 0.000000 1.000000 1.000000
v -6.113330 0.753935 1.210310 0.000000 0.000000 1.000000 1.000000
v -6.107139 0.754453 -1.324359 0.000000 0.000000 1.000000 1.000000
v -5.955720 2.524297 -2.620690 0.000000 0.000000 1.000000 1.000000
v -5.968716 0.756709 -2.565357 0.000000 0.000000 1.000000 1.000000
v -5.733240 2.524432 -3.519478 0.000000 0.000000 1.000000 1.000000
v -5.752680 0.755688 -3.472712 0.000000 0.000000 1.000000 1.000000
v -5.368930 2.524906 -4.388843 0.000000 0.000000 1.000000 1.000000
v -5.389122 0.754922 -4.356292 0.000000 0.000000 1.000000 1.000000
v -4.875309 2.525560 -5.188295 0.000000 0.000000 1.000000 1.000000
v -4.896707 0.754320 -5.165391 0.000000 0.000000 1.000000 1.000000
v -4.266665 2.524840 -5.896263 0.000000 0.000000 1.000000 1.000000
v -4.272785 0.755315 -5.898602 0.000000 0.000000 1.000000 1.000000
v -3.546870 0.754037 -6.512963 0.000000 0.000000 1.000000 1.000000
v -3.547377 2.522349 -6.518801 0.000000 0.000000 1.000000 1.000000
v -2.739275 2.524393 -7.006572 0.000000 0.000000 1.000000 1.000000
v -2.738503 0.755936 -7.013096 0.000000 0.000000 1.000000 1.000000
v -1.863904 0.754033 -7.369904 0.000000 0.000000 1.000000 1.000000
v -1.861945 2.522371 -7.375768 0.000000 0.000000 1.000000 1.000000
v -0.943181 2.524353 -7.589822 0.000000 0.000000 1.000000 1.000000
v -0.940991 0.755943 -7.595703 0.000000 0.000000 1.000000 1.000000
v -0.000001 0.754528 -7.665233 0.000000 0.000000 1.000000 1.000000
v -0.000001 2.522243 -7.670220 0.000000 0.000000 1.000000 1.000000
v 0.943179 2.524353 -7.589822 0.000000 0.000000 1.000000 1.000000
v 0.940989 0.755943 -7.595703 0.000000 0.000000 1.000000 1.000000
v 1.863902 0.754033 -7.369905 0.000000 0.000000 1.000000 1.000000
v 1.861942 2.522371 -7.375768 0.000000 0.000000 1.000000 1.000000
v 2.739273 2.524393 -7.006572 0.000000 0.000000 1.000000 1.000000
v 2.738501 0.755936 -7.013096 0.000000 0.000000 1.000000 1.000000
v 3.546868 0.754037 -6.512965 0.000000 0.000000 1.000000 1.000000
v 3.547374 2.522349 -6.518803 0.000000 0.000000 1.000000 1.000000
v 4.266658 2.524816 -5.896269 0.000000 0.000000 1.000000 1.000000
v 4.272783 0.755315 -5.898603 0.000000 0.000000 1.000000 1.000000
v 4.896705 0.754320 -5.165394 0.000000 0.000000 1.000000 1.000000
v 4.875238 2.525502 -5.188437 0.000000 0.000000 1.000000 1.000000
v 5.389121 0.754922 -4.356294 0.000000 0.000000 1.000000 1.000000
v 5.366803 2.525596 -4.393514 0.000000 0.000000 1.000000 1.000000
v 5.752679 0.755688 -3.472714 0.000000 0.000000 1.000000 1.000000
v 5.737025 2.525083 -3.506934 0.000000 0.000000 1.000000 1.000000
v 5.968716 0.756709 -2.565363 0.000000 0.000000 1.000000 1.000000
v 5.955547 2.524249 -2.621499 0.000000 0.000000 1.000000 1.000000
v 6.107139 0.754453 -1.324428 0.000000 0.000000 1.000000 1.000000
v 6.106550 2.528101 -1.311421 0.000000 0.000000 1.000000 1.000000
v 6.113330 0.753935 1.210310 0.000000 0.000000 1.000000 1.000000
v 6.118616 2.523328 1.210329 0.000000 0.000000 1.000000 1.000000
v -2.690533 6.444294 -5.578828 1.000000 1.000000 1.000000 1.000000
v -2.526789 6.332763 -5.578711 1.000000 1.000000 1.000000 1.000000
v -1.355396 8.646550 -5.583456 1.000000 1.000000 1.000000 1.000000
v -2.039440 7.133605 -5.578824 1.000000 1.000000 1.000000 1.000000
v -1.026810 7.555946 -5.578827 1.000000 1.000000 1.000000 1.000000
v 0.000000 8.132116 -5.578827 1.000000 1.000000 1.000000 1.000000
v -0.000000 11.076881 -5.584002 1.000000 1.000000 1.000000 1.000000
v 1.355270 8.646766 -5.583456 1.000000 1.000000 1.000000 1.000000
v 1.026810 7.555946 -5.578827 1.000000 1.000000 1.000000 1.000000
v 2.039440 7.133605 -5.578824 1.000000 1.000000 1.000000 1.000000
v 2.526789 6.332763 -5.578711 1.000000 1.000000 1.000000 1.000000
v 2.690533 6.444294 -5.578828 1.000000 1.000000 1.000000 1.000000
v -5.001102 6.444338 -0.451762 0.000000 0.000000 1.000000 1.000000
v -4.940999 6.332755 -0.604046 0.000000 0.000000 1.000000 1.000000
v -4.516522 8.647057 -1.695879 1.000000 1.000000 1.000000 1.000000
v -4.762630 7.133607 -1.057593 1.000000 1.000000 1.000000 1.000000
v -4.391812 7.555946 -1.999883 1.000000 1.000000 1.000000 1.000000
v -4.015797 8.132117 -2.955368 1.000000 1.000000 1.000000 1.000000
v -4.020624 11.076912 -2.957301 1.000000 1.000000 1.000000 1.000000
v -3.460829 8.335632 -4.378437 1.000000 1.000000 1.000000 1.000000
v -3.639783 7.555946 -3.910853 1.000000 1.000000 1.000000 1.000000
v -3.268956 7.133605 -4.853143 1.000000 1.000000 1.000000 1.000000
v -3.090371 6.332763 -5.306592 0.462745 0.462745 1.000000 1.000000
v -3.030533 6.444294 -5.459010 0.960784 0.960784 1.000000 1.000000
v 4.940994 6.332759 -0.604049 0.078431 0.078431 1.000000 1.000000
v 5.001082 6.444316 -0.451746 0.168627 0.168627 1.000000 1.000000
v 4.516459 8.647354 -1.696039 1.000000 1.000000 1.000000 1.000000
v 4.762630 7.133607 -1.057593 1.000000 1.000000 1.000000 1.000000
v 4.391812 7.555946 -1.999883 1.000000 1.000000 1.000000 1.000000
v 4.015797 8.132117 -2.955368 1.000000 1.000000 1.000000 1.000000
v 4.020627 11.076909 -2.957302 0.294118 0.294118 1.000000 1.000000
v 3.460794 8.335470 -4.378525 1.000000 1.000000 1.000000 1.000000
v 3.639783 7.555946 -3.910853 1.000000 1.000000 1.000000 1.000000
v 3.268956 7.133605 -4.853143 1.000000 1.000000 1.000000 1.000000
v 3.090371 6.332763 -5.306592 1.000000 1.000000 1.000000 1.000000
v 3.030533 6.444294 -5.459010 1.000000 1.000000 1.000000 1.000000
v -3.395562 11.080322 -2.711286 1.000000 1.000000 1.000000 1.000000
v 0.000000 11.080322 -2.711286 0.000000 0.000000 1.000000 1.000000
v -0.912064 9.675134 -1.988699 0.000000 0.000000 1.000000 1.000000
v -3.836406 8.915689 -1.590617 1.000000 1.000000 1.000000 1.000000
v -2.233023 7.531197 -0.834773 0.000000 0.000000 1.000000 1.000000
v -4.154583 7.455885 -0.787504 1.000000 1.000000 1.000000 1.000000
v -2.310424 7.424726 -0.763904 0.000000 0.000000 1.000000 1.000000
v -2.933898 7.153477 -0.207644 0.000000 0.000000 1.000000 1.000000
v -4.380805 6.444298 -0.207642 0.000000 0.000000 1.000000 1.000000
v 0.000000 11.080321 -4.912293 1.000000 1.000000 1.000000 1.000000
v 0.000000 11.080322 -2.711286 0.000000 0.000000 1.000000 1.000000
v -1.208236 8.784307 -3.898154 0.000000 0.000000 1.000000 1.000000
v -1.140031 9.018836 -4.913619 1.000000 1.000000 1.000000 1.000000
v -2.032119 7.493216 -4.608990 1.000000 1.000000 1.000000 1.000000
v -2.090214 7.425249 -4.912531 1.000000 1.000000 1.000000 1.000000
v -2.397948 6.430021 -5.209994 1.000000 1.000000 1.000000 1.000000
v -2.376986 6.444293 -5.373814 1.000000 1.000000 1.000000 1.000000
v 0.000000 11.080322 -2.711286 0.000000 0.000000 1.000000 1.000000
v 0.000000 11.080321 -4.912293 1.000000 1.000000 1.000000 1.000000
v 1.208265 8.784254 -3.898180 0.000000 0.000000 1.000000 1.000000
v 1.140002 9.018888 -4.913618 1.000000 1.000000 1.000000 1.000000
v 2.032119 7.493215 -4.608990 1.000000 1.000000 1.000000 1.000000
v 2.090214 7.425249 -4.912531 1.000000 1.000000 1.000000 1.000000
v 2.397949 6.430021 -5.209995 1.000000 1.000000 1.000000 1.000000
v 2.376986 6.444293 -5.373814 1.000000 1.000000 1.000000 1.000000
v -3.395562 11.080322 -2.711286 1.000000 1.000000 1.000000 1.000000
v -1.208236 8.784307 -3.898154 0.000000 0.000000 1.000000 1.000000
v 0.000000 11.080322 -2.711286 0.000000 0.000000 1.000000 1.000000
v -2.836278 8.338155 -4.132937 1.000000 1.000000 1.000000 1.000000
v -2.032119 7.493216 -4.608990 1.000000 1.000000 1.000000 1.000000
v -2.397948 6.430021 -5.209994 1.000000 1.000000 1.000000 1.000000
v 0.000000 11.080322 1.199986 0.000000 0.000000 1.000000 1.000000
v -0.912064 9.675134 -1.988699 0.000000 0.000000 1.000000 1.000000
v 0.000000 11.080322 -2.711286 0.000000 0.000000 1.000000 1.000000
v -0.912064 9.675134 1.199993 0.000000 0.000000 1.000000 1.000000
v -2.233023 7.531197 -0.834773 0.000000 0.000000 1.000000 1.000000
v -2.266941 7.464394 1.200012 0.000000 0.000000 1.000000 1.000000
v -2.310424 7.424726 -0.763904 0.000000 0.000000 1.000000 1.000000
v -2.933898 7.153477 -0.207644 0.000000 0.000000 1.000000 1.000000
v -2.933898 7.153477 1.200011 0.000000 0.000000 1.000000 1.000000
v 3.395562 11.080322 -2.711286 0.000000 0.000000 1.000000 1.000000
v 0.912064 9.675134 -1.988699 0.000000 0.000000 1.000000 1.000000
v 0.000000 11.080322 -2.711286 0.000000 0.000000 1.000000 1.000000
v 3.836504 8.915216 -1.590365 1.000000 1.000000 1.000000 1.000000
v 2.233031 7.531182 -0.834765 0.000000 0.000000 1.000000 1.000000
v 4.154583 7.455884 -0.787503 1.000000 1.000000 1.000000 1.000000
v 2.310424 7.424726 -0.763904 0.000000 0.000000 1.000000 1.000000
v 2.933898 7.153477 -0.207644 0.000000 0.000000 1.000000 1.000000
v 4.380803 6.444300 -0.207643 0.000000 0.000000 1.000000 1.000000
v 1.208265 8.784254 -3.898180 0.000000 0.000000 1.000000 1.000000
v 3.395562 11.080322 -2.711286 0.000000 0.000000 1.000000 1.000000
v 0.000000 11.080322 -2.711286 0.000000 0.000000 1.000000 1.000000
v 2.836303 8.338273 -4.132874 1.000000 1.000000 1.000000 1.000000
v 2.032119 7.493215 -4.608990 1.000000 1.000000 1.000000 1.000000
v 2.397949 6.430021 -5.209995 1.000000 1.000000 1.000000 1.000000
v 0.912064 9.675134 -1.988699 0.000000 0.000000 1.000000 1.000000
v 0.000000 11.080322 1.199986 0.000000 0.000000 1.000000 1.000000
v 0.000000 11.080322 -2.711286 0.000000 0.000000 1.000000 1.000000
v 0.912064 9.675134 1.199993 0.000000 0.000000 1.000000 1.000000
v 2.233031 7.531182 -0.834765 0.000000 0.000000 1.000000 1.000000
v 2.266939 7.464395 1.200012 0.000000 0.000000 1.000000 1.000000
v 2.310424 7.424726 -0.763904 0.000000 0.000000 1.000000 1.000000
v 2.933898 7.153477 -0.207644 0.000000 0.000000 1.000000 1.000000
v 2.933898 7.153477 1.200011 0.000000 0.000000 1.000000 1.000000
v 3.678071 6.756606 -0.530562 0.000000 0.000000 1.000000 1.000000
v -3.671497 6.756615 -0.530575 0.000000 0.000000 1.000000 1.000000
v 3.669379 -0.168703 -0.530561 0.000000 0.000000 1.000000 1.000000
v -3.680388 -0.168703 -0.530561 0.000000 0.000000 1.000000 1.000000
vt 0.748047 0.004395
vt 0.737305 0.000488
vt 0.754883 0.018555
vt 0.727051 0.026367
vt 0.750488 0.030762
vt 0.748047 0.004395
vt 0.737305 0.000488
vt 0.754883 0.018555
vt 0.727051 0.026367
vt 0.750488 0.030762
vt 0.748047 0.004395
vt 0.737305 0.000488
vt 0.754883 0.018555
vt 0.727051 0.026367
vt 0.749512 0.032227
vt 0.748047 0.004395
vt 0.737305 0.000488
vt 0.754883 0.018555
vt 0.727051 0.026367
vt 0.749512 0.032227
vt 0.748047 0.004395
vt 0.737305 0.000488
vt 0.754883 0.018555
vt 0.727051 0.026367
vt 0.749512 0.032227
vt 0.748047 0.004395
vt 0.737305 0.000488
vt 0.754883 0.018555
vt 0.727051 0.026367
vt 0.749512 0.032227
vt 0.750488 0.031250
vt 0.727051 0.026367
vt 0.754883 0.018555
vt 0.737305 0.000977
vt 0.748047 0.004395
vt 0.749512 0.032227
vt 0.727051 0.026367
vt 0.754883 0.018555
vt 0.737305 0.000488
vt 0.748047 0.004395
vt 0.749512 0.032227
vt 0.727051 0.026367
vt 0.754883 0.018555
vt 0.737305 0.000488
vt 0.748047 0.004395
vt 0.749512 0.032227
vt 0.727051 0.026367
vt 0.754883 0.018555
vt 0.737305 0.000488
vt 0.748047 0.004395
vt 0.749512 0.032227
vt 0.727051 0.026367
vt 0.754883 0.018555
vt 0.737305 0.000488
vt 0.748047 0.004395
vt 0.749512 0.032227
vt 0.727051 0.026367
vt 0.754883 0.018555
vt 0.737305 0.000488
vt 0.748047 0.004395
vt 0.007168 0.862427
vt 0.012177 0.850220
vt 0.006790 0.849731
vt 0.034637 0.866455
vt 0.032471 0.699707
vt 0.010445 0.691406
vt 0.027863 0.683105
vt 0.058624 0.699951
vt 0.056152 0.863525
vt 0.047119 0.683105
vt 0.078552 0.864868
vt 0.072205 0.680420
vt 0.086365 0.702148
vt 0.104858 0.686279
vt 0.097168 0.843750
vt 0.107910 0.864502
vt 0.108887 0.701660
vt 0.133301 0.691650
vt 0.100586 0.706055
vt 0.101440 0.812134
vt 0.133667 0.851440
vt 0.136719 0.850708
vt 0.140381 0.864014
vt 0.007168 0.862427
vt 0.012177 0.850220
vt 0.006790 0.849731
vt 0.034637 0.866455
vt 0.032471 0.699707
vt 0.010445 0.691406
vt 0.027863 0.683105
vt 0.058624 0.699951
vt 0.056152 0.863525
vt 0.047119 0.683105
vt 0.078552 0.864868
vt 0.072205 0.680420
vt 0.086365 0.702148
vt 0.104858 0.686279
vt 0.097168 0.843750
vt 0.107910 0.864502
vt 0.108887 0.701660
vt 0.133301 0.691650
vt 0.100586 0.706055
vt 0.101440 0.812134
vt 0.133667 0.851440
vt 0.136719 0.850708
vt 0.140381 0.864014
vt 0.011948 0.846436
vt 0.006939 0.849243
vt 0.021393 0.851685
vt 0.010696 0.701416
vt 0.007168 0.862427
vt 0.006790 0.849731
vt 0.022171 0.867065
vt 0.032471 0.699707
vt 0.009354 0.685547
vt 0.027863 0.683105
vt 0.036316 0.851562
vt 0.056152 0.863525
vt 0.058624 0.699951
vt 0.047119 0.683105
vt 0.078552 0.864868
vt 0.072205 0.680420
vt 0.086365 0.702148
vt 0.104858 0.686279
vt 0.097168 0.843750
vt 0.107910 0.864502
vt 0.108887 0.701660
vt 0.131958 0.687500
vt 0.133789 0.701660
vt 0.100586 0.706055
vt 0.101440 0.812134
vt 0.133667 0.851440
vt 0.136719 0.847168
vt 0.140381 0.864014
vt 0.007168 0.862427
vt 0.006790 0.849731
vt 0.018311 0.851440
vt 0.022171 0.867065
vt 0.011948 0.846436
vt 0.006939 0.849243
vt 0.010696 0.701416
vt 0.017410 0.704590
vt 0.036316 0.851562
vt 0.056152 0.863525
vt 0.023102 0.841797
vt 0.032471 0.699707
vt 0.011757 0.698486
vt 0.009354 0.685547
vt 0.027863 0.683105
vt 0.058624 0.699951
vt 0.047119 0.683105
vt 0.072205 0.680420
vt 0.078552 0.864868
vt 0.086365 0.702148
vt 0.104858 0.686279
vt 0.097168 0.843750
vt 0.107910 0.864502
vt 0.108887 0.701660
vt 0.131958 0.687500
vt 0.133423 0.701416
vt 0.100586 0.706055
vt 0.101440 0.812134
vt 0.133667 0.851440
vt 0.136719 0.847168
vt 0.140381 0.864014
vt 0.007168 0.862427
vt 0.006790 0.849731
vt 0.018311 0.851440
vt 0.022171 0.867065
vt 0.011948 0.846436
vt 0.006939 0.849243
vt 0.010696 0.701416
vt 0.017410 0.704590
vt 0.036316 0.851562
vt 0.056152 0.863525
vt 0.023102 0.841797
vt 0.032471 0.699707
vt 0.011757 0.698486
vt 0.009354 0.685547
vt 0.027863 0.683105
vt 0.058624 0.699951
vt 0.047119 0.683105
vt 0.072205 0.680420
vt 0.078552 0.864868
vt 0.086365 0.702148
vt 0.104858 0.686279
vt 0.097168 0.843750
vt 0.107910 0.864502
vt 0.108887 0.701660
vt 0.131958 0.687500
vt 0.133423 0.701416
vt 0.100586 0.706055
vt 0.101440 0.812134
vt 0.133667 0.851440
vt 0.136719 0.847168
vt 0.140381 0.864014
vt 0.007168 0.862427
vt 0.006790 0.849731
vt 0.018311 0.851440
vt 0.022171 0.867065
vt 0.011948 0.846436
vt 0.006939 0.849243
vt 0.010696 0.701416
vt 0.017410 0.704590
vt 0.036316 0.851562
vt 0.056152 0.863525
vt 0.023102 0.841797
vt 0.032471 0.699707
vt 0.011757 0.698486
vt 0.009354 0.685547
vt 0.027863 0.683105
vt 0.058624 0.699951
vt 0.047119 0.683105
vt 0.072205 0.680420
vt 0.078552 0.864868
vt 0.086365 0.702148
vt 0.104858 0.686279
vt 0.097168 0.843750
vt 0.107910 0.864502
vt 0.108887 0.701660
vt 0.131958 0.687500
vt 0.133423 0.701416
vt 0.100586 0.706055
vt 0.101440 0.812134
vt 0.133667 0.851440
vt 0.136719 0.847168
vt 0.140381 0.864014
vt 0.007168 0.862427
vt 0.006790 0.849731
vt 0.018311 0.851440
vt 0.022171 0.867065
vt 0.011948 0.846436
vt 0.006939 0.849243
vt 0.010696 0.701416
vt 0.017410 0.704590
vt 0.036316 0.851562
vt 0.056152 0.863525
vt 0.023102 0.841797
vt 0.032471 0.699707
vt 0.011757 0.698486
vt 0.009354 0.685547
vt 0.027863 0.683105
vt 0.058624 0.699951
vt 0.047119 0.683105
vt 0.072205 0.680420
vt 0.078552 0.864868
vt 0.086365 0.702148
vt 0.104858 0.686279
vt 0.097168 0.843750
vt 0.107910 0.864502
vt 0.108887 0.701660
vt 0.131958 0.687500
vt 0.133423 0.701416
vt 0.100586 0.706055
vt 0.101440 0.812134
vt 0.133667 0.851440
vt 0.136719 0.847168
vt 0.140381 0.864014
vt 0.007168 0.862427
vt 0.006790 0.849731
vt 0.018311 0.851440
vt 0.022171 0.867065
vt 0.011948 0.846436
vt 0.006939 0.849243
vt 0.010696 0.701416
vt 0.017410 0.704590
vt 0.036316 0.851562
vt 0.056152 0.863525
vt 0.023102 0.841797
vt 0.032471 0.699707
vt 0.011757 0.698486
vt 0.009354 0.685547
vt 0.027863 0.683105
vt 0.058624 0.699951
vt 0.047119 0.683105
vt 0.072205 0.680420
vt 0.078552 0.864868
vt 0.086365 0.702148
vt 0.104858 0.686279
vt 0.097168 0.843750
vt 0.107910 0.864502
vt 0.108887 0.701660
vt 0.131958 0.687500
vt 0.133423 0.701416
vt 0.100586 0.706055
vt 0.101440 0.812134
vt 0.133667 0.851440
vt 0.136719 0.847168
vt 0.140381 0.864014
vt 0.007168 0.862427
vt 0.018311 0.851440
vt 0.006790 0.849731
vt 0.022171 0.867065
vt 0.011948 0.846436
vt 0.006939 0.849243
vt 0.017410 0.704590
vt 0.010696 0.701416
vt 0.036316 0.851562
vt 0.056152 0.863525
vt 0.023102 0.841797
vt 0.032471 0.699707
vt 0.011757 0.698486
vt 0.009354 0.685547
vt 0.027863 0.683105
vt 0.058624 0.699951
vt 0.047119 0.683105
vt 0.072205 0.680420
vt 0.078552 0.864868
vt 0.086365 0.702148
vt 0.104858 0.686279
vt 0.097168 0.843750
vt 0.107910 0.864502
vt 0.108887 0.701660
vt 0.131958 0.687500
vt 0.133423 0.701416
vt 0.100586 0.706055
vt 0.101440 0.812134
vt 0.133667 0.851440
vt 0.136719 0.847168
vt 0.140381 0.864014
vt 0.007168 0.862427
vt 0.018311 0.851440
vt 0.006790 0.849731
vt 0.022171 0.867065
vt 0.011948 0.846436
vt 0.006939 0.849243
vt 0.017410 0.704590
vt 0.010696 0.701416
vt 0.036316 0.851562
vt 0.056152 0.863525
vt 0.023102 0.841797
vt 0.032471 0.699707
vt 0.011757 0.698486
vt 0.009354 0.685547
vt 0.027863 0.683105
vt 0.058624 0.699951
vt 0.047119 0.683105
vt 0.072205 0.680420
vt 0.078552 0.864868
vt 0.086365 0.702148
vt 0.104858 0.686279
vt 0.097168 0.843750
vt 0.107910 0.864502
vt 0.108887 0.701660
vt 0.131958 0.687500
vt 0.133423 0.701416
vt 0.100586 0.706055
vt 0.101440 0.812134
vt 0.133667 0.851440
vt 0.136719 0.847168
vt 0.140381 0.864014
vt 0.007168 0.862427
vt 0.018311 0.851440
vt 0.006790 0.849731
vt 0.022171 0.867065
vt 0.011948 0.846436
vt 0.006939 0.849243
vt 0.017410 0.704590
vt 0.010696 0.701416
vt 0.036316 0.851562
vt 0.056152 0.863525
vt 0.023102 0.841797
vt 0.032471 0.699707
vt 0.011757 0.698486
vt 0.009354 0.685547
vt 0.027863 0.683105
vt 0.058624 0.699951
vt 0.047119 0.683105
vt 0.072205 0.680420
vt 0.078552 0.864868
vt 0.086365 0.702148
vt 0.104858 0.686279
vt 0.097168 0.843750
vt 0.107910 0.864502
vt 0.108887 0.701660
vt 0.131958 0.687500
vt 0.133423 0.701416
vt 0.100586 0.706055
vt 0.101440 0.812134
vt 0.133667 0.851440
vt 0.136719 0.847168
vt 0.140381 0.864014
vt 0.133423 0.691650
vt 0.136841 0.846802
vt 0.133667 0.851440
vt 0.109070 0.701416
vt 0.104858 0.686279
vt 0.107361 0.864624
vt 0.140503 0.864014
vt 0.098145 0.702148
vt 0.097168 0.843140
vt 0.078735 0.864990
vt 0.082520 0.698975
vt 0.071472 0.677979
vt 0.058533 0.699463
vt 0.047119 0.683105
vt 0.056061 0.863647
vt 0.027863 0.683105
vt 0.034698 0.853027
vt 0.022171 0.867065
vt 0.007153 0.862549
vt 0.006939 0.849731
vt 0.032471 0.699707
vt 0.010307 0.691650
vt 0.023102 0.841797
vt 0.012222 0.846191
vt 0.007076 0.849243
vt 3.345703 0.775024
vt 3.318359 0.751709
vt 3.320312 0.775024
vt 7.238281 0.714355
vt 7.230469 0.696289
vt 7.246094 0.704590
vt 7.230469 0.697754
vt 7.238281 0.717773
vt 7.218750 0.689941
vt 8.585938 0.759521
vt 8.585938 0.777954
vt 8.578125 0.767944
vt 8.601562 0.753906
vt 8.585938 0.777100
vt 8.585938 0.762939
vt 8.585938 0.696533
vt 8.578125 0.713867
vt 8.578125 0.704834
vt 8.578125 0.717285
vt 8.585938 0.697998
vt 8.601562 0.690186
vt 8.585938 0.653809
vt 8.578125 0.671387
vt 8.578125 0.661865
vt 7.238281 0.671143
vt 7.230469 0.652832
vt 7.246094 0.661133
vt 8.578125 0.674805
vt 8.593750 0.655273
vt 8.601562 0.647705
vt 7.238281 0.670410
vt 7.214844 0.647217
vt 7.230469 0.656250
vt 1.144531 0.890198
vt 1.833984 0.889709
vt 1.144531 0.901489
vt 2.001953 0.899475
vt 1.144531 0.901489
vt 1.144531 0.928894
vt 1.979492 0.928406
vt 2.041016 0.933105
vt 2.064453 0.895935
vt 2.335938 0.933350
vt 2.207031 0.895020
vt 2.359375 0.893677
vt 2.492188 0.901367
vt 2.447266 0.888855
vt 2.582031 0.890137
vt 2.615234 0.900513
vt 2.652344 0.896301
vt 2.677734 0.901123
vt 2.800781 0.889282
vt 3.601562 0.890076
vt 3.601562 0.902710
vt 3.103516 0.901489
vt 3.103516 0.901489
vt 3.601562 0.901428
vt 3.601562 0.928284
vt 2.685547 0.928894
vt 2.619141 0.932861
vt 2.617188 0.901733
vt 2.363281 0.954620
vt 2.599609 0.972549
vt 2.332031 0.968353
vt 2.660156 0.940765
vt 2.349609 0.978119
vt 2.671875 0.957977
vt 2.802734 0.942261
vt 3.601562 0.942261
vt 2.656250 0.970932
vt 3.601562 0.963593
vt 3.601562 0.977371
vt 2.804688 0.977356
vt 2.685547 0.928345
vt 2.662109 0.938782
vt 3.601562 0.928223
vt 3.601562 0.942261
vt 2.802734 0.942230
vt 2.597656 0.979507
vt 2.330078 1.006706
vt 2.433594 1.007313
vt 2.593750 1.007767
vt 2.207031 1.006008
vt 2.316406 0.979019
vt 2.664062 0.988678
vt 2.654297 0.977020
vt 2.804688 0.977402
vt 3.601562 0.977371
vt 3.601562 0.993237
vt 2.650391 1.000846
vt 3.601562 1.007980
vt 2.802734 1.008003
vt 2.074219 0.978226
vt 2.070312 1.007664
vt 2.005859 1.002092
vt 1.999023 0.989006
vt 2.003906 0.976852
vt 1.872070 0.977356
vt 1.144531 0.977371
vt 1.143555 0.994900
vt 1.871094 1.007965
vt 1.144531 1.007980
vt 2.320312 0.952240
vt 2.085938 0.961121
vt 2.070312 0.973373
vt 2.003906 0.971680
vt 1.144531 0.977371
vt 1.872070 0.977356
vt 1.144531 0.963074
vt 1.993164 0.959503
vt 1.144531 0.942261
vt 1.875977 0.942261
vt 2.000000 0.940826
vt 1.998047 0.938599
vt 1.979492 0.927429
vt 1.143555 0.927307
vt 1.144531 0.942261
vt 1.875977 0.942230
vt 1.127930 0.903015
vt 0.361572 0.888367
vt 1.127930 0.889343
vt 0.177979 0.900818
vt 1.127930 0.903015
vt 1.127930 0.931152
vt 0.202271 0.930542
vt 0.144409 0.934692
vt 0.121948 0.896729
vt -0.159546 0.934875
vt -0.012131 0.895386
vt -0.144287 0.893433
vt -0.336426 0.902222
vt -0.287598 0.888489
vt -0.447510 0.889282
vt -0.459473 0.902283
vt -0.504395 0.894836
vt -0.522461 0.902649
vt -1.446289 0.889160
vt -0.636719 0.889404
vt -1.446289 0.903015
vt -1.446289 0.932129
vt -1.446289 0.903015
vt -0.522949 0.929749
vt -0.947754 0.930298
vt -0.462646 0.934326
vt -0.460938 0.903320
vt -0.203613 0.955048
vt -0.443359 0.972153
vt -0.164307 0.968201
vt -0.505859 0.941132
vt -0.192627 0.976898
vt -0.516113 0.958527
vt -0.645996 0.942596
vt -1.446289 0.942566
vt -0.500000 0.970566
vt -1.446289 0.964020
vt -1.446289 0.975952
vt -0.648438 0.975937
vt -0.507324 0.939392
vt -0.522461 0.930542
vt -0.947754 0.930298
vt -1.446289 0.930054
vt -1.446289 0.942566
vt -0.645996 0.942535
vt -0.165894 1.003464
vt -0.444824 0.978943
vt -0.279053 1.003807
vt -0.438232 1.004276
vt -0.137939 0.978073
vt -0.046692 1.002926
vt -0.508789 0.987396
vt -0.499268 0.975601
vt -0.648438 0.975983
vt -1.446289 0.975952
vt -1.446289 0.991844
vt -0.494141 0.998625
vt -1.446289 1.004368
vt -0.647949 1.004391
vt 0.108887 0.977463
vt 0.104675 1.004158
vt 0.170288 0.999647
vt 0.179688 0.987671
vt 0.173340 0.975418
vt 0.321289 0.975937
vt 1.127930 0.975952
vt 1.127930 0.993481
vt 0.322266 1.004364
vt 1.127930 1.004368
vt 0.099976 0.961639
vt -0.137085 0.952515
vt 0.107300 0.972641
vt 0.173706 0.971115
vt 1.127930 0.975952
vt 0.321289 0.975937
vt 1.127930 0.963562
vt 0.187378 0.960083
vt 1.127930 0.942566
vt 0.316650 0.942566
vt 0.180176 0.941132
vt 0.181641 0.939331
vt 0.202637 0.929626
vt 1.127930 0.929565
vt 1.127930 0.942566
vt 0.316650 0.942566
vt 7.238281 0.716309
vt 7.929688 0.687500
vt 7.933594 0.709961
vt 7.246094 0.703857
vt 7.933594 0.762695
vt 7.238281 0.764282
vt 7.925781 0.744873
vt 7.238281 0.780762
vt 8.585938 0.779297
vt 7.886719 0.763794
vt 7.890625 0.743896
vt 8.578125 0.764526
vt 7.230469 0.762573
vt 7.238281 0.781616
vt 7.214844 0.754883
vt 7.238281 0.768921
vt 7.894531 0.687500
vt 8.578125 0.715820
vt 7.902344 0.710938
vt 8.578125 0.704102
vt 8.585938 0.673340
vt 7.890625 0.657227
vt 7.894531 0.633789
vt 8.578125 0.661865
vt 7.933594 0.656494
vt 7.234375 0.672607
vt 7.929688 0.636475
vt 7.242188 0.657471
vt -2.273438 0.890076
vt -1.464844 0.890686
vt -1.461914 0.903015
vt -2.285156 0.902893
vt -2.416016 0.895020
vt -1.464844 0.930542
vt -1.461914 0.903015
vt -2.392578 0.932861
vt -2.435547 0.929688
vt -2.488281 0.896912
vt -2.583984 0.939301
vt -2.646484 0.896606
vt -2.792969 0.898926
vt -2.416016 0.939056
vt -2.390625 0.930725
vt -1.463867 0.929565
vt -1.463867 0.942566
vt -2.275391 0.942566
vt -2.474609 0.943695
vt -2.488281 0.972198
vt -2.763672 0.969406
vt -2.402344 0.958466
vt -2.416016 0.941437
vt -2.275391 0.942596
vt -1.463867 0.942566
vt -1.463867 0.964050
vt -2.423828 0.970688
vt -1.463867 0.975952
vt -2.271484 0.975937
vt -2.927734 0.902344
vt -2.871094 0.890991
vt -3.019531 0.890808
vt -3.052734 0.902588
vt -3.089844 0.895752
vt -3.117188 0.903015
vt -4.039062 0.890747
vt -3.240234 0.891724
vt -4.039062 0.903015
vt -4.035156 0.932129
vt -4.039062 0.903015
vt -3.240234 0.930359
vt -3.074219 0.932678
vt -3.052734 0.903076
vt -3.042969 0.971802
vt -3.097656 0.941071
vt -3.099609 0.939087
vt -3.240234 0.930237
vt -4.039062 0.930115
vt -4.039062 0.942566
vt -3.234375 0.942566
vt -3.107422 0.958496
vt -3.234375 0.942596
vt -4.039062 0.942566
vt -3.087891 0.970856
vt -4.039062 0.964081
vt -4.039062 0.975952
vt -3.238281 0.975937
vt -2.490234 0.976547
vt -2.734375 0.994144
vt -2.421875 0.997393
vt -2.423828 0.977890
vt -2.646484 1.003607
vt -2.757812 1.003536
vt -2.474609 1.005478
vt -2.863281 1.003704
vt -2.777344 0.993999
vt -3.041016 0.977859
vt -3.082031 0.997650
vt -3.003906 1.004459
vt -4.039062 1.004372
vt -3.240234 1.004391
vt -4.039062 0.992378
vt -3.119141 0.986916
vt -3.087891 0.974121
vt -4.039062 0.975952
vt -3.238281 0.975983
vt -2.392578 0.986870
vt -2.271484 0.975983
vt -1.463867 0.975952
vt -1.462891 0.993256
vt -2.269531 1.004375
vt -1.463867 1.004372
vt -2.642578 1.003681
vt -2.748047 1.029007
vt -2.753906 1.004066
vt -2.472656 1.004700
vt -2.458984 1.029099
vt -2.423828 1.003906
vt -2.396484 1.029053
vt -2.269531 1.004356
vt -1.463867 1.029068
vt -1.463867 1.004372
vt -2.763672 1.004066
vt -2.761719 1.029144
vt -2.867188 1.003805
vt -3.003906 1.004364
vt -3.044922 1.029083
vt -3.082031 1.003792
vt -3.109375 1.029083
vt -3.240234 1.004375
vt -4.039062 1.004372
vt -4.039062 1.029068
vt 2.332031 1.032104
vt 2.201172 1.007664
vt 2.335938 1.007263
vt 2.058594 1.032104
vt 2.074219 1.007763
vt 2.000000 1.006195
vt 1.993164 1.032074
vt 1.871094 1.007973
vt 1.144531 1.032104
vt 1.144531 1.007980
vt 2.433594 1.008026
vt 2.330078 1.032104
vt 2.333984 1.007263
vt 2.609375 1.032104
vt 2.593750 1.007538
vt 2.652344 1.006176
vt 2.671875 1.032135
vt 2.802734 1.007980
vt 3.601562 1.007980
vt 3.601562 1.032104
vt -0.042938 1.004047
vt -0.158569 1.029053
vt -0.161377 1.003639
vt 0.113464 1.029053
vt 0.105591 1.004150
vt 0.171509 1.002544
vt 0.185547 1.029053
vt 0.322266 1.004364
vt 1.127930 1.029068
vt 1.127930 1.004368
vt -0.170044 1.029068
vt -0.278809 1.004417
vt -0.169800 1.003637
vt -0.452881 1.029068
vt -0.437744 1.003922
vt -0.495605 1.002525
vt -0.516602 1.029083
vt -0.647949 1.004372
vt -1.446289 1.004368
vt -1.446289 1.029068
vt 4.312500 0.611084
vt 3.984375 0.630615
vt 3.984375 0.611328
vt 4.304688 0.630371
vt 4.531250 0.612305
vt 4.460938 0.630615
vt 4.578125 0.630615
vt 4.707031 0.610840
vt 4.699219 0.630615
vt 4.820312 0.611084
vt 4.824219 0.630859
vt 4.945312 0.630615
vt 4.945312 0.611328
vt 5.066406 0.611084
vt 5.066406 0.630615
vt 5.187500 0.630615
vt 5.187500 0.611084
vt 5.308594 0.611084
vt 5.304688 0.630859
vt 5.425781 0.630859
vt 5.429688 0.611084
vt 5.546875 0.610840
vt 5.546875 0.630615
vt 5.667969 0.630859
vt 5.667969 0.611084
vt 5.789062 0.611084
vt 5.792969 0.630859
vt 5.910156 0.630615
vt 5.910156 0.611084
vt 6.031250 0.611084
vt 6.031250 0.630615
vt 6.152344 0.630615
vt 6.152344 0.611328
vt 6.304688 0.607666
vt 6.273438 0.630859
vt 6.394531 0.630615
vt 6.515625 0.630615
vt 6.636719 0.621826
vt 6.523438 0.611816
vt 6.632812 0.611816
vt 6.800781 0.611816
vt 7.113281 0.611084
vt 7.113281 0.630371
vt 6.792969 0.630859
vt 3.984375 0.686768
vt 4.300781 0.710693
vt 3.984375 0.711426
vt 4.304688 0.686768
vt 4.460938 0.710693
vt 4.527344 0.686035
vt 4.578125 0.710938
vt 4.699219 0.710938
vt 4.703125 0.687012
vt 4.820312 0.710938
vt 4.824219 0.687012
vt 4.941406 0.686768
vt 4.945312 0.710693
vt 5.066406 0.711426
vt 5.062500 0.686768
vt 5.187500 0.686768
vt 5.187500 0.710693
vt 5.308594 0.711426
vt 5.308594 0.686768
vt 5.425781 0.686768
vt 5.429688 0.710693
vt 5.546875 0.711182
vt 5.546875 0.686523
vt 5.667969 0.686768
vt 5.667969 0.710693
vt 5.789062 0.711426
vt 5.789062 0.686768
vt 5.910156 0.686768
vt 5.910156 0.710693
vt 6.031250 0.711426
vt 6.035156 0.686768
vt 6.152344 0.686768
vt 6.152344 0.710693
vt 6.277344 0.710938
vt 6.273438 0.687012
vt 6.394531 0.687012
vt 6.398438 0.710938
vt 6.570312 0.686035
vt 6.519531 0.710938
vt 6.636719 0.710693
vt 6.792969 0.686768
vt 6.792969 0.710693
vt 7.113281 0.686768
vt 7.113281 0.711426
vt 2.193359 0.607666
vt 1.879883 0.632812
vt 1.879883 0.607422
vt 2.197266 0.631592
vt 2.359375 0.606934
vt 2.417969 0.633301
vt 2.474609 0.606934
vt 2.593750 0.606689
vt 2.589844 0.632324
vt 2.710938 0.606934
vt 2.705078 0.632568
vt 2.824219 0.632324
vt 2.826172 0.606689
vt 2.945312 0.607422
vt 2.943359 0.632568
vt 3.060547 0.632568
vt 3.062500 0.606934
vt 3.181641 0.607422
vt 3.177734 0.632568
vt 3.298828 0.632568
vt 3.298828 0.606934
vt 3.416016 0.607666
vt 3.416016 0.632324
vt 3.533203 0.632568
vt 3.533203 0.606934
vt 3.650391 0.607422
vt 3.654297 0.632568
vt 3.771484 0.632568
vt 3.769531 0.606934
vt 3.886719 0.607422
vt 3.888672 0.632568
vt 4.007812 0.632568
vt 4.003906 0.606689
vt 4.121094 0.606934
vt 4.125000 0.632324
vt 4.242188 0.632324
vt 4.238281 0.606445
vt 4.414062 0.632812
vt 4.359375 0.606689
vt 4.472656 0.606934
vt 4.632812 0.632324
vt 4.636719 0.607422
vt 4.953125 0.632812
vt 4.953125 0.607422
vt 7.570312 0.672119
vt 7.910156 0.671387
vt 7.910156 0.689453
vt 7.562500 0.651367
vt 7.230469 0.697266
vt 7.218750 0.689941
vt 7.230469 0.697021
vt 7.566406 0.671875
vt 7.246094 0.703125
vt 7.910156 0.688965
vt 7.910156 0.689453
vt 8.250000 0.672119
vt 8.578125 0.703369
vt 8.585938 0.697266
vt 8.296875 0.728760
vt 7.910156 0.745117
vt 7.910156 0.727295
vt 8.304688 0.708740
vt 8.593750 0.760376
vt 8.601562 0.753906
vt 7.570312 0.729980
vt 7.910156 0.727295
vt 7.910156 0.745117
vt 7.562500 0.709717
vt 7.230469 0.762085
vt 7.214844 0.754883
vt 7.230469 0.762207
vt 7.566406 0.732178
vt 7.238281 0.764648
vt 7.910156 0.745117
vt 7.910156 0.745117
vt 8.304688 0.731689
vt 8.578125 0.762695
vt 8.593750 0.760742
vt 7.910156 0.671387
vt 8.250000 0.672363
vt 7.910156 0.689453
vt 8.257812 0.651367
vt 8.585938 0.697510
vt 8.601562 0.690186
vt 7.910156 0.637939
vt 7.519531 0.621826
vt 7.910156 0.620117
vt 7.515625 0.601562
vt 7.230469 0.653564
vt 7.214844 0.647217
vt 7.910156 0.620117
vt 8.250000 0.622803
vt 7.910156 0.637939
vt 8.257812 0.602539
vt 8.593750 0.654785
vt 8.601562 0.647705
vt 8.578125 0.661865
vt 8.250000 0.622314
vt 8.593750 0.654541
vt 7.914062 0.636475
vt 7.910156 0.637939
vt 7.519531 0.624512
vt 7.242188 0.655762
vt 7.230469 0.654053
vt 4.304688 0.624756
vt 3.984375 0.692383
vt 3.984375 0.625977
vt 4.304688 0.691650
vt 4.527344 0.691895
vt 4.460938 0.626221
vt 4.578125 0.625488
vt 4.699219 0.625244
vt 4.703125 0.692627
vt 4.824219 0.625000
vt 4.824219 0.690918
vt 4.941406 0.691895
vt 4.945312 0.625244
vt 5.062500 0.692383
vt 5.066406 0.625488
vt 5.187500 0.692627
vt 5.187500 0.626465
vt 5.304688 0.625244
vt 5.308594 0.692139
vt 5.425781 0.625488
vt 5.425781 0.691162
vt 5.546875 0.692627
vt 5.546875 0.626465
vt 5.667969 0.625488
vt 5.667969 0.691162
vt 5.789062 0.692139
vt 5.792969 0.625244
vt 5.910156 0.692627
vt 5.910156 0.626465
vt 6.031250 0.625488
vt 6.035156 0.692383
vt 6.152344 0.625244
vt 6.152344 0.691895
vt 6.273438 0.625000
vt 6.273438 0.690918
vt 6.394531 0.692627
vt 6.394531 0.625244
vt 6.570312 0.691895
vt 6.515625 0.625488
vt 6.636719 0.625000
vt 6.792969 0.625000
vt 6.792969 0.691650
vt 7.113281 0.692383
vt 7.113281 0.625244
vt 1.879883 0.628662
vt 2.195312 0.699463
vt 1.879883 0.700195
vt 2.197266 0.628906
vt 2.417969 0.629395
vt 2.355469 0.698975
vt 2.476562 0.700439
vt 2.589844 0.628662
vt 2.591797 0.699219
vt 2.705078 0.628662
vt 2.712891 0.699219
vt 2.824219 0.628662
vt 2.828125 0.700195
vt 2.943359 0.628662
vt 2.947266 0.699219
vt 3.060547 0.628662
vt 3.064453 0.700195
vt 3.177734 0.628662
vt 3.183594 0.699219
vt 3.298828 0.628174
vt 3.298828 0.700195
vt 3.416016 0.699463
vt 3.416016 0.629395
vt 3.533203 0.628174
vt 3.535156 0.700195
vt 3.648438 0.699219
vt 3.654297 0.628662
vt 3.767578 0.700195
vt 3.771484 0.628662
vt 3.884766 0.699219
vt 3.888672 0.628906
vt 4.003906 0.700195
vt 4.007812 0.628418
vt 4.121094 0.699219
vt 4.125000 0.629395
vt 4.242188 0.628418
vt 4.242188 0.698975
vt 4.359375 0.700928
vt 4.414062 0.629395
vt 4.480469 0.698730
vt 4.636719 0.699463
vt 4.632812 0.629150
vt 4.953125 0.628662
vt 4.953125 0.700195
vt 1.877930 0.705566
vt 2.199219 0.719238
vt 1.879883 0.719238
vt 2.353516 0.719238
vt 2.476562 0.704102
vt 2.472656 0.719238
vt 2.195312 0.696045
vt 2.355469 0.696045
vt 2.589844 0.719238
vt 2.708984 0.719238
vt 2.828125 0.702881
vt 2.826172 0.719238
vt 2.591797 0.696045
vt 2.712891 0.696533
vt 2.943359 0.719238
vt 3.064453 0.703125
vt 2.947266 0.695801
vt 3.062500 0.719238
vt 3.179688 0.719238
vt 3.298828 0.704346
vt 3.183594 0.695801
vt 3.298828 0.719238
vt 3.416016 0.719238
vt 3.535156 0.702637
vt 3.416016 0.695801
vt 3.533203 0.719238
vt 3.652344 0.719238
vt 3.767578 0.702881
vt 3.648438 0.695801
vt 3.769531 0.719238
vt 3.888672 0.719238
vt 4.003906 0.702881
vt 3.884766 0.695801
vt 4.003906 0.719238
vt 4.121094 0.719238
vt 4.121094 0.696289
vt 4.242188 0.696289
vt 4.355469 0.704102
vt 4.242188 0.719238
vt 4.359375 0.719238
vt 4.476562 0.719238
vt 4.480469 0.696045
vt 4.636719 0.696045
vt 4.953125 0.705566
vt 4.632812 0.719238
vt 4.953125 0.719238
vt 3.318359 0.752563
vt 3.345703 0.775024
vt 3.457031 0.781006
vt 3.400391 0.756348
vt 3.320312 0.775024
vt 3.320312 0.746094
vt 3.412109 0.743652
vt 3.855469 0.755371
vt 3.773438 0.779663
vt 3.791016 0.743164
vt 4.011719 0.742920
vt 4.019531 0.779907
vt 4.183594 0.742920
vt 4.265625 0.755493
vt 4.179688 0.780029
vt 4.351562 0.742920
vt 4.351562 0.780151
vt 4.523438 0.742920
vt 4.523438 0.779907
vt 4.687500 0.755737
vt 4.691406 0.742920
vt 4.695312 0.779907
vt 4.863281 0.779907
vt 4.863281 0.742920
vt 5.035156 0.779907
vt 5.019531 0.754517
vt 5.031250 0.742920
vt 5.203125 0.779785
vt 5.203125 0.742920
vt 5.292969 0.755493
vt 5.371094 0.742920
vt 5.371094 0.779907
vt 5.542969 0.742920
vt 5.625000 0.755371
vt 5.539062 0.779907
vt 5.710938 0.742920
vt 5.710938 0.779907
vt 5.875000 0.747070
vt 5.878906 0.779907
vt 6.140625 0.755493
vt 6.050781 0.742920
vt 6.050781 0.780151
vt 6.222656 0.742920
vt 6.265625 0.779785
vt 6.546875 0.755493
vt 6.390625 0.742920
vt 6.570312 0.779541
vt 6.613281 0.743164
vt 6.722656 0.779785
vt 6.988281 0.743652
vt 6.992188 0.779053
vt 7.003906 0.756348
vt 7.105469 0.746338
vt 7.105469 0.779907
vt -8.406250 -2.662109
vt -8.929688 -3.351562
vt -8.921875 -3.359375
vt -8.398438 -2.669922
vt -7.480469 -2.636719
vt -6.929688 -3.304688
vt -6.906250 -3.285156
vt -7.500000 -2.658203
vt 1.253906 -1.980469
vt 1.540039 -1.332031
vt 1.179688 -1.941406
vt 1.459961 -1.316406
vt 1.254883 -1.980469
vt 1.182617 -1.941406
vt 1.235352 -2.003906
vt 1.156250 -1.951172
vt 0.774902 -1.861328
vt 1.311523 -1.404297
vt 1.251953 -1.347656
vt 0.724121 -1.794922
vt 0.773926 -1.863281
vt 0.726562 -1.796875
vt 0.747070 -1.876953
vt 0.698242 -1.794922
vt 1.232422 -1.382812
vt 1.315430 -1.396484
vt 1.258789 -0.696289
vt 1.341797 -0.697266
vt 1.343750 -0.696289
vt 1.239258 -0.676758
vt 1.260742 -0.699219
vt 1.336914 -0.666016
vt 1.533203 -1.332031
vt 1.258789 -0.685547
vt 1.459961 -1.355469
vt 1.179688 -0.722656
vt 1.182617 -0.722656
vt 1.254883 -0.682617
vt 1.235352 -0.659180
vt 1.156250 -0.712891
vt 1.617188 -1.361328
vt 1.695312 -1.335938
vt 1.414062 -0.691406
vt 1.338867 -0.726562
vt 1.394531 -0.664062
vt 1.315430 -0.716797
vt 1.340820 -0.727539
vt 1.414062 -0.688477
vt 1.695312 -1.343750
vt 1.615234 -1.322266
vt 1.336914 -1.949219
vt 1.411133 -1.984375
vt 1.310547 -1.958984
vt 1.413086 -1.986328
vt 1.339844 -1.947266
vt 1.393555 -2.011719
vt -9.976562 0.018066
vt -9.921875 0.109863
vt -9.882812 0.209473
vt -10.046875 -0.064453
vt -9.867188 0.313477
vt -10.125000 -0.135742
vt -9.859375 0.419922
vt -10.218750 -0.193359
vt -9.867188 0.525879
vt -10.312500 -0.236328
vt -9.898438 0.628906
vt -10.414062 -0.263672
vt -9.937500 0.726318
vt -10.523438 -0.274414
vt -10.000000 0.815918
vt -10.632812 -0.267578
vt -10.070312 0.895691
vt -10.734375 -0.244141
vt -10.156250 0.963745
vt -10.875000 -0.194336
vt -10.281250 1.041656
vt -11.156250 -0.059570
vt -10.554688 1.177246
vt -8.726562 -1.273438
vt -8.296875 -1.876953
vt -8.671875 -1.240234
vt -8.296875 -2.013672
vt -8.226562 -1.996094
vt -8.273438 -2.041016
vt -8.242188 -2.091797
vt -8.164062 -2.017578
vt -8.023438 -2.037109
vt -8.343750 -2.066406
vt -8.296875 -2.013672
vt -8.351562 -2.132812
vt -8.414062 -1.951172
vt -8.382812 -2.271484
vt -8.789062 -1.312500
vt -8.726562 -1.273438
vt -8.125000 -2.193359
vt -7.960938 -2.044922
vt -8.390625 -2.337891
vt -7.957031 -2.234375
vt -7.789062 -2.189453
vt -7.902344 -2.035156
vt -7.953125 -2.318359
vt -7.730469 -2.164062
vt -7.753906 -2.007812
vt -7.511719 -2.314453
vt -7.527344 -2.248047
vt -7.578125 -2.089844
vt -7.949219 -2.388672
vt -8.421875 -2.439453
vt -7.476562 -2.412109
vt -8.460938 -2.558594
vt -7.433594 -2.535156
vt -7.656250 -2.044922
vt -7.578125 -2.035156
vt -7.687500 -1.980469
vt -7.523438 -1.927734
vt -7.625000 -1.865234
vt -7.593750 -1.927734
vt -7.179688 -1.259766
vt -7.238281 -1.232422
vt -7.593750 -1.927734
vt -7.238281 -1.232422
vt -7.285156 -1.207031
vt -7.945312 -2.580078
vt -8.398438 -2.632812
vt -8.476562 -2.615234
vt -7.492188 -2.609375
vt -7.414062 -2.585938
vt -7.945312 -2.636719
vt -8.406250 -2.662109
vt -8.570312 -2.744141
vt -8.929688 -3.351562
vt -8.992188 -3.300781
vt -7.480469 -2.636719
vt -7.312500 -2.707031
vt -6.906250 -3.285156
vt -6.847656 -3.230469
vt -7.484375 -2.630859
vt -7.945312 -2.667969
vt -7.492188 -2.662109
vt -7.945312 -2.636719
vt -8.398438 -2.667969
vt -8.406250 -2.656250
vt -10.132812 -3.355469
vt -10.523438 -3.042969
vt -10.523438 -3.355469
vt -10.132812 -3.039062
vt -10.523438 -2.896484
vt -10.132812 -2.896484
vt -10.523438 -2.787109
vt -10.132812 -2.787109
vt -10.523438 -2.679688
vt -10.132812 -2.679688
vt -10.523438 -2.574219
vt -10.132812 -2.574219
vt -10.523438 -2.466797
vt -10.132812 -2.466797
vt -10.132812 -2.359375
vt -10.523438 -2.359375
vt -10.132812 -2.253906
vt -10.523438 -2.253906
vt -10.132812 -2.146484
vt -10.523438 -2.146484
vt -10.132812 -2.041016
vt -10.523438 -2.041016
vt -10.132812 -1.933594
vt -10.523438 -1.933594
vt -10.523438 -1.826172
vt -10.132812 -1.826172
vt -10.523438 -1.720703
vt -10.132812 -1.720703
vt -10.523438 -1.613281
vt -10.132812 -1.613281
vt -10.523438 -1.507812
vt -10.132812 -1.507812
vt -10.523438 -1.400391
vt -10.132812 -1.400391
vt -10.132812 -1.292969
vt -10.523438 -1.292969
vt -10.132812 -1.187500
vt -10.523438 -1.187500
vt -10.132812 -1.080078
vt -10.523438 -1.080078
vt -10.132812 -0.971680
vt -10.523438 -0.971680
vt -10.132812 -0.828125
vt -10.523438 -0.823242
vt -10.132812 -0.512695
vt -10.523438 -0.512695
vt 1.178711 -1.941406
vt 1.205078 -1.804688
vt 1.156250 -1.951172
vt 1.304688 -1.587891
vt 1.460938 -1.332031
vt 1.430664 -1.332031
vt 1.304688 -1.076172
vt 1.179688 -0.722656
vt 1.205078 -0.858398
vt 1.156250 -0.712891
vt 0.723633 -1.794922
vt 0.809082 -1.679688
vt 0.698242 -1.794922
vt 0.978027 -1.541016
vt 1.241211 -1.369141
vt 1.214844 -1.355469
vt 1.213867 -0.970703
vt 1.258789 -0.697266
vt 1.241211 -0.675781
vt 1.364258 -0.868164
vt 1.338867 -0.726562
vt 1.315430 -0.716797
vt 1.455078 -1.066406
vt 1.616211 -1.335938
vt 1.586914 -1.337891
vt 1.416992 -1.683594
vt 1.336914 -1.949219
vt 1.312500 -1.958984
vt -8.945312 -0.437500
vt -8.882812 -0.341797
vt -8.828125 -0.236328
vt -8.796875 -0.125000
vt -8.781250 -0.010742
vt -9.117188 -0.593750
vt -9.023438 -0.522461
vt -9.218750 -0.650391
vt -8.906250 0.429688
vt -8.789062 0.105469
vt -8.812500 0.219238
vt -8.851562 0.328125
vt -9.554688 -0.715820
vt -9.328125 -0.689453
vt -9.437500 -0.711914
vt -8.976562 0.520752
vt -9.062500 0.599854
vt -9.187500 0.691650
vt -9.460938 0.847656
vt -10.203125 -0.453125
vt -9.921875 -0.607422
vt -9.781250 -0.668945
vt -9.671875 -0.701172
vt -0.097900 3.101562
vt 0.184814 3.730469
vt -0.104858 3.730469
vt 0.189819 3.095703
vt -0.097412 2.788086
vt 0.187500 2.633789
vt -0.097412 2.555664
vt -0.104431 2.323242
vt 0.186646 2.324219
vt -0.097412 2.090820
vt 0.186768 2.091797
vt -0.097412 1.858887
vt 0.186646 1.858887
vt 0.186768 1.625488
vt -0.097412 1.625977
vt 0.186523 1.393311
vt -0.101196 1.392822
vt 0.186646 1.160889
vt -0.097412 1.161377
vt 0.186523 0.928528
vt -0.097412 0.929016
vt 0.186646 0.696533
vt -0.097412 0.696533
vt -0.103760 0.464355
vt 0.186523 0.464844
vt -0.097412 0.231934
vt 0.186768 0.232422
vt -0.097412 0.000000
vt 0.186523 0.000000
vt -0.097412 -0.233398
vt 0.180664 -0.226562
vt -0.097412 -0.465820
vt 0.186646 -0.465820
vt 0.186768 -0.699219
vt -0.097412 -0.698242
vt 0.186646 -0.930664
vt -0.105103 -0.930664
vt 0.187500 -1.240234
vt -0.097412 -1.162109
vt -0.097412 -1.394531
vt 0.190063 -1.699219
vt -0.097900 -1.707031
vt 0.184326 -2.337891
vt -0.103577 -2.337891
vt -0.440918 3.943359
vt -1.071289 3.941406
vt -1.071289 3.056641
vt -0.437744 3.056641
vt -0.111633 3.941406
vt -0.125854 3.056641
vt 0.119751 3.941406
vt 0.107117 3.056641
vt 0.355225 3.941406
vt 0.345703 3.056641
vt 0.589844 3.941406
vt 0.582031 3.056641
vt 0.823242 3.941406
vt 0.822754 3.056641
vt 1.060547 3.056641
vt 1.060547 3.939453
vt 1.296875 3.941406
vt 1.297852 3.056641
vt 1.534180 3.056641
vt 1.534180 3.939453
vt 1.770508 3.941406
vt 1.771484 3.056641
vt 2.005859 3.056641
vt 2.005859 3.939453
vt 2.242188 3.941406
vt 2.242188 3.056641
vt 2.480469 3.056641
vt 2.478516 3.939453
vt 2.716797 3.941406
vt 2.716797 3.056641
vt 2.953125 3.056641
vt 2.953125 3.939453
vt 3.189453 3.941406
vt 3.191406 3.056641
vt 3.431641 3.056641
vt 3.423828 3.941406
vt 3.667969 3.056641
vt 3.658203 3.941406
vt 3.906250 3.056641
vt 3.898438 3.941406
vt 4.140625 3.056641
vt 4.125000 3.941406
vt 4.449219 3.056641
vt 4.453125 3.943359
vt 5.085938 3.056641
vt 5.085938 3.941406
vt 0.176636 0.207031
vt 0.197144 0.193359
vt 0.343750 0.482422
vt 0.258057 0.293457
vt 0.384521 0.346191
vt 0.512695 0.417969
vt 0.512695 0.786011
vt 0.682129 0.482422
vt 0.641113 0.346191
vt 0.767578 0.293457
vt 0.828125 0.193848
vt 0.849609 0.207031
vt 0.176636 0.207031
vt 0.197144 0.193359
vt 0.343750 0.482422
vt 0.258057 0.293457
vt 0.384521 0.346191
vt 0.512695 0.417969
vt 0.512695 0.786011
vt 0.704102 0.443359
vt 0.641113 0.346191
vt 0.767578 0.293457
vt 0.828125 0.193848
vt 0.849609 0.207031
vt 0.827637 0.193848
vt 0.849609 0.207031
vt 0.682129 0.482422
vt 0.768066 0.292969
vt 0.641602 0.345703
vt 0.512695 0.417969
vt 0.512695 0.786499
vt 0.321533 0.443359
vt 0.384521 0.345703
vt 0.257568 0.292969
vt 0.196655 0.192871
vt 0.176147 0.206543
vt -4.445312 0.011230
vt -4.882812 0.011230
vt -4.765625 -0.192383
vt -4.390625 -0.302734
vt -4.597656 -0.505859
vt -4.347656 -0.517578
vt -4.585938 -0.522461
vt -4.507812 -0.601562
vt -4.308594 -0.665039
vt -5.707031 -0.587891
vt -5.988281 -0.591797
vt -5.832031 -0.917969
vt -5.703125 -0.885742
vt -5.738281 -1.109375
vt -5.699219 -1.121094
vt -5.664062 -1.251953
vt -5.640625 -1.250000
vt -5.269531 -0.599609
vt -5.550781 -0.594727
vt -5.425781 -0.925781
vt -5.554688 -0.893555
vt -5.519531 -1.117188
vt -5.558594 -1.126953
vt -5.593750 -1.259766
vt -5.617188 -1.257812
vt -6.042969 0.289062
vt -5.761719 -0.043945
vt -5.605469 0.289062
vt -5.972656 -0.108398
vt -5.867188 -0.233398
vt -5.914062 -0.390625
vt -5.257812 0.820923
vt -4.847656 0.604492
vt -4.753906 0.820923
vt -5.257812 0.604492
vt -4.996094 0.279297
vt -5.257812 0.269531
vt -5.003906 0.262207
vt -5.078125 0.174316
vt -5.257812 0.174316
vt -5.910156 0.980316
vt -5.589844 0.776733
vt -5.472656 0.980316
vt -5.964844 0.666260
vt -5.757812 0.463379
vt -6.007812 0.451660
vt -5.769531 0.446777
vt -5.847656 0.367188
vt -6.046875 0.304199
vt -4.613281 -1.011719
vt -4.332031 -0.679688
vt -4.769531 -0.679688
vt -4.406250 -1.078125
vt -4.507812 -1.203125
vt -4.460938 -1.359375
vt -5.171875 -0.039062
vt -4.757812 0.176758
vt -5.265625 0.176758
vt -4.757812 -0.039062
vt -5.019531 -0.365234
vt -4.757812 -0.375000
vt -5.011719 -0.381836
vt -4.941406 -0.469727
vt -4.757812 -0.469727
vt -8.031250 0.464844
vt -8.031250 1.383057
vt -8.890625 0.465820
vt -8.890625 1.384033
vt1 0.748047 0.004395
vt1 0.737305 0.000488
vt1 0.754883 0.018555
vt1 0.727051 0.026367
vt1 0.750488 0.030762
vt1 0.748047 0.004395
vt1 0.737305 0.000488
vt1 0.754883 0.018555
vt1 0.727051 0.026367
vt1 0.750488 0.030762
vt1 0.748047 0.004395
vt1 0.737305 0.000488
vt1 0.754883 0.018555
vt1 0.727051 0.026367
vt1 0.749512 0.032227
vt1 0.748047 0.004395
vt1 0.737305 0.000488
vt1 0.754883 0.018555
vt1 0.727051 0.026367
vt1 0.749512 0.032227
vt1 0.748047 0.004395
vt1 0.737305 0.000488
vt1 0.754883 0.018555
vt1 0.727051 0.026367
vt1 0.749512 0.032227
vt1 0.748047 0.004395
vt1 0.737305 0.000488
vt1 0.754883 0.018555
vt1 0.727051 0.026367
vt1 0.749512 0.032227
vt1 0.750488 0.031250
vt1 0.727051 0.026367
vt1 0.754883 0.018555
vt1 0.737305 0.000977
vt1 0.748047 0.004395
vt1 0.749512 0.032227
vt1 0.727051 0.026367
vt1 0.754883 0.018555
vt1 0.737305 0.000488
vt1 0.748047 0.004395
vt1 0.749512 0.032227
vt1 0.727051 0.026367
vt1 0.754883 0.018555
vt1 0.737305 0.000488
vt1 0.748047 0.004395
vt1 0.749512 0.032227
vt1 0.727051 0.026367
vt1 0.754883 0.018555
vt1 0.737305 0.000488
vt1 0.748047 0.004395
vt1 0.749512 0.032227
vt1 0.727051 0.026367
vt1 0.754883 0.018555
vt1 0.737305 0.000488
vt1 0.748047 0.004395
vt1 0.749512 0.032227
vt1 0.727051 0.026367
vt1 0.754883 0.018555
vt1 0.737305 0.000488
vt1 0.748047 0.004395
vt1 0.007168 0.862427
vt1 0.012177 0.850220
vt1 0.006790 0.849731
vt1 0.034637 0.866455
vt1 0.032471 0.699707
vt1 0.010445 0.691406
vt1 0.027863 0.683105
vt1 0.058624 0.699951
vt1 0.056152 0.863525
vt1 0.047119 0.683105
vt1 0.078552 0.864868
vt1 0.072205 0.680420
vt1 0.086365 0.702148
vt1 0.104858 0.686279
vt1 0.097168 0.843750
vt1 0.107910 0.864502
vt1 0.108887 0.701660
vt1 0.133301 0.691650
vt1 0.100586 0.706055
vt1 0.101440 0.812134
vt1 0.133667 0.851440
vt1 0.136719 0.850708
vt1 0.140381 0.864014
vt1 0.007168 0.862427
vt1 0.012177 0.850220
vt1 0.006790 0.849731
vt1 0.034637 0.866455
vt1 0.032471 0.699707
vt1 0.010445 0.691406
vt1 0.027863 0.683105
vt1 0.058624 0.699951
vt1 0.056152 0.863525
vt1 0.047119 0.683105
vt1 0.078552 0.864868
vt1 0.072205 0.680420
vt1 0.086365 0.702148
vt1 0.104858 0.686279
vt1 0.097168 0.843750
vt1 0.107910 0.864502
vt1 0.108887 0.701660
vt1 0.133301 0.691650
vt1 0.100586 0.706055
vt1 0.101440 0.812134
vt1 0.133667 0.851440
vt1 0.136719 0.850708
vt1 0.140381 0.864014
vt1 0.011948 0.846436
vt1 0.006939 0.849243
vt1 0.021393 0.851685
vt1 0.010696 0.701416
vt1 0.007168 0.862427
vt1 0.006790 0.849731
vt1 0.022171 0.867065
vt1 0.032471 0.699707
vt1 0.009354 0.685547
vt1 0.027863 0.683105
vt1 0.036316 0.851562
vt1 0.056152 0.863525
vt1 0.058624 0.699951
vt1 0.047119 0.683105
vt1 0.078552 0.864868
vt1 0.072205 0.680420
vt1 0.086365 0.702148
vt1 0.104858 0.686279
vt1 0.097168 0.843750
vt1 0.107910 0.864502
vt1 0.108887 0.701660
vt1 0.131958 0.687500
vt1 0.133789 0.701660
vt1 0.100586 0.706055
vt1 0.101440 0.812134
vt1 0.133667 0.851440
vt1 0.136719 0.847168
vt1 0.140381 0.864014
vt1 0.007168 0.862427
vt1 0.006790 0.849731
vt1 0.018311 0.851440
vt1 0.022171 0.867065
vt1 0.011948 0.846436
vt1 0.006939 0.849243
vt1 0.010696 0.701416
vt1 0.017410 0.704590
vt1 0.036316 0.851562
vt1 0.056152 0.863525
vt1 0.023102 0.841797
vt1 0.032471 0.699707
vt1 0.011757 0.698486
vt1 0.009354 0.685547
vt1 0.027863 0.683105
vt1 0.058624 0.699951
vt1 0.047119 0.683105
vt1 0.072205 0.680420
vt1 0.078552 0.864868
vt1 0.086365 0.702148
vt1 0.104858 0.686279
vt1 0.097168 0.843750
vt1 0.107910 0.864502
vt1 0.108887 0.701660
vt1 0.131958 0.687500
vt1 0.133423 0.701416
vt1 0.100586 0.706055
vt1 0.101440 0.812134
vt1 0.133667 0.851440
vt1 0.136719 0.847168
vt1 0.140381 0.864014
vt1 0.007168 0.862427
vt1 0.006790 0.849731
vt1 0.018311 0.851440
vt1 0.022171 0.867065
vt1 0.011948 0.846436
vt1 0.006939 0.849243
vt1 0.010696 0.701416
vt1 0.017410 0.704590
vt1 0.036316 0.851562
vt1 0.056152 0.863525
vt1 0.023102 0.841797
vt1 0.032471 0.699707
vt1 0.011757 0.698486
vt1 0.009354 0.685547
vt1 0.027863 0.683105
vt1 0.058624 0.699951
vt1 0.047119 0.683105
vt1 0.072205 0.680420
vt1 0.078552 0.864868
vt1 0.086365 0.702148
vt1 0.104858 0.686279
vt1 0.097168 0.843750
vt1 0.107910 0.864502
vt1 0.108887 0.701660
vt1 0.131958 0.687500
vt1 0.133423 0.701416
vt1 0.100586 0.706055
vt1 0.101440 0.812134
vt1 0.133667 0.851440
vt1 0.136719 0.847168
vt1 0.140381 0.864014
vt1 0.007168 0.862427
vt1 0.006790 0.849731
vt1 0.018311 0.851440
vt1 0.022171 0.867065
vt1 0.011948 0.846436
vt1 0.006939 0.849243
vt1 0.010696 0.701416
vt1 0.017410 0.704590
vt1 0.036316 0.851562
vt1 0.056152 0.863525
vt1 0.023102 0.841797
vt1 0.032471 0.699707
vt1 0.011757 0.698486
vt1 0.009354 0.685547
vt1 0.027863 0.683105
vt1 0.058624 0.699951
vt1 0.047119 0.683105
vt1 0.072205 0.680420
vt1 0.078552 0.864868
vt1 0.086365 0.702148
vt1 0.104858 0.686279
vt1 0.097168 0.843750
vt1 0.107910 0.864502
vt1 0.108887 0.701660
vt1 0.131958 0.687500
vt1 0.133423 0.701416
vt1 0.100586 0.706055
vt1 0.101440 0.812134
vt1 0.133667 0.851440
vt1 0.136719 0.847168
vt1 0.140381 0.864014
vt1 0.007168 0.862427
vt1 0.006790 0.849731
vt1 0.018311 0.851440
vt1 0.022171 0.867065
vt1 0.011948 0.846436
vt1 0.006939 0.849243
vt1 0.010696 0.701416
vt1 0.017410 0.704590
vt1 0.036316 0.851562
vt1 0.056152 0.863525
vt1 0.023102 0.841797
vt1 0.032471 0.699707
vt1 0.011757 0.698486
vt1 0.009354 0.685547
vt1 0.027863 0.683105
vt1 0.058624 0.699951
vt1 0.047119 0.683105
vt1 0.072205 0.680420
vt1 0.078552 0.864868
vt1 0.086365 0.702148
vt1 0.104858 0.686279
vt1 0.097168 0.843750
vt1 0.107910 0.864502
vt1 0.108887 0.701660
vt1 0.131958 0.687500
vt1 0.133423 0.701416
vt1 0.100586 0.706055
vt1 0.101440 0.812134
vt1 0.133667 0.851440
vt1 0.136719 0.847168
vt1 0.140381 0.864014
vt1 0.007168 0.862427
vt1 0.006790 0.849731
vt1 0.018311 0.851440
vt1 0.022171 0.867065
vt1 0.011948 0.846436
vt1 0.006939 0.849243
vt1 0.010696 0.701416
vt1 0.017410 0.704590
vt1 0.036316 0.851562
vt1 0.056152 0.863525
vt1 0.023102 0.841797
vt1 0.032471 0.699707
vt1 0.011757 0.698486
vt1 0.009354 0.685547
vt1 0.027863 0.683105
vt1 0.058624 0.699951
vt1 0.047119 0.683105
vt1 0.072205 0.680420
vt1 0.078552 0.864868
vt1 0.086365 0.702148
vt1 0.104858 0.686279
vt1 0.097168 0.843750
vt1 0.107910 0.864502
vt1 0.108887 0.701660
vt1 0.131958 0.687500
vt1 0.133423 0.701416
vt1 0.100586 0.706055
vt1 0.101440 0.812134
vt1 0.133667 0.851440
vt1 0.136719 0.847168
vt1 0.140381 0.864014
vt1 0.007168 0.862427
vt1 0.018311 0.851440
vt1 0.006790 0.849731
vt1 0.022171 0.867065
vt1 0.011948 0.846436
vt1 0.006939 0.849243
vt1 0.017410 0.704590
vt1 0.010696 0.701416
vt1 0.036316 0.851562
vt1 0.056152 0.863525
vt1 0.023102 0.841797
vt1 0.032471 0.699707
vt1 0.011757 0.698486
vt1 0.009354 0.685547
vt1 0.027863 0.683105
vt1 0.058624 0.699951
vt1 0.047119 0.683105
vt1 0.072205 0.680420
vt1 0.078552 0.864868
vt1 0.086365 0.702148
vt1 0.104858 0.686279
vt1 0.097168 0.843750
vt1 0.107910 0.864502
vt1 0.108887 0.701660
vt1 0.131958 0.687500
vt1 0.133423 0.701416
vt1 0.100586 0.706055
vt1 0.101440 0.812134
vt1 0.133667 0.851440
vt1 0.136719 0.847168
vt1 0.140381 0.864014
vt1 0.007168 0.862427
vt1 0.018311 0.851440
vt1 0.006790 0.849731
vt1 0.022171 0.867065
vt1 0.011948 0.846436
vt1 0.006939 0.849243
vt1 0.017410 0.704590
vt1 0.010696 0.701416
vt1 0.036316 0.851562
vt1 0.056152 0.863525
vt1 0.023102 0.841797
vt1 0.032471 0.699707
vt1 0.011757 0.698486
vt1 0.009354 0.685547
vt1 0.027863 0.683105
vt1 0.058624 0.699951
vt1 0.047119 0.683105
vt1 0.072205 0.680420
vt1 0.078552 0.864868
vt1 0.086365 0.702148
vt1 0.104858 0.686279
vt1 0.097168 0.843750
vt1 0.107910 0.864502
vt1 0.108887 0.701660
vt1 0.131958 0.687500
vt1 0.133423 0.701416
vt1 0.100586 0.706055
vt1 0.101440 0.812134
vt1 0.133667 0.851440
vt1 0.136719 0.847168
vt1 0.140381 0.864014
vt1 0.007168 0.862427
vt1 0.018311 0.851440
vt1 0.006790 0.849731
vt1 0.022171 0.867065
vt1 0.011948 0.846436
vt1 0.006939 0.849243
vt1 0.017410 0.704590
vt1 0.010696 0.701416
vt1 0.036316 0.851562
vt1 0.056152 0.863525
vt1 0.023102 0.841797
vt1 0.032471 0.699707
vt1 0.011757 0.698486
vt1 0.009354 0.685547
vt1 0.027863 0.683105
vt1 0.058624 0.699951
vt1 0.047119 0.683105
vt1 0.072205 0.680420
vt1 0.078552 0.864868
vt1 0.086365 0.702148
vt1 0.104858 0.686279
vt1 0.097168 0.843750
vt1 0.107910 0.864502
vt1 0.108887 0.701660
vt1 0.131958 0.687500
vt1 0.133423 0.701416
vt1 0.100586 0.706055
vt1 0.101440 0.812134
vt1 0.133667 0.851440
vt1 0.136719 0.847168
vt1 0.140381 0.864014
vt1 0.133423 0.691650
vt1 0.136841 0.846802
vt1 0.133667 0.851440
vt1 0.109070 0.701416
vt1 0.104858 0.686279
vt1 0.107361 0.864624
vt1 0.140503 0.864014
vt1 0.098145 0.702148
vt1 0.097168 0.843140
vt1 0.078735 0.864990
vt1 0.082520 0.698975
vt1 0.071472 0.677979
vt1 0.058533 0.699463
vt1 0.047119 0.683105
vt1 0.056061 0.863647
vt1 0.027863 0.683105
vt1 0.034698 0.853027
vt1 0.022171 0.867065
vt1 0.007153 0.862549
vt1 0.006939 0.849731
vt1 0.032471 0.699707
vt1 0.010307 0.691650
vt1 0.023102 0.841797
vt1 0.012222 0.846191
vt1 0.007076 0.849243
vt1 3.345703 0.775024
vt1 3.318359 0.751709
vt1 3.320312 0.775024
vt1 7.238281 0.714355
vt1 7.230469 0.696289
vt1 7.246094 0.704590
vt1 7.230469 0.697754
vt1 7.238281 0.717773
vt1 7.218750 0.689941
vt1 8.585938 0.759521
vt1 8.585938 0.777954
vt1 8.578125 0.767944
vt1 8.601562 0.753906
vt1 8.585938 0.777100
vt1 8.585938 0.762939
vt1 8.585938 0.696533
vt1 8.578125 0.713867
vt1 8.578125 0.704834
vt1 8.578125 0.717285
vt1 8.585938 0.697998
vt1 8.601562 0.690186
vt1 8.585938 0.653809
vt1 8.578125 0.671387
vt1 8.578125 0.661865
vt1 7.238281 0.671143
vt1 7.230469 0.652832
vt1 7.246094 0.661133
vt1 8.578125 0.674805
vt1 8.593750 0.655273
vt1 8.601562 0.647705
vt1 7.238281 0.670410
vt1 7.214844 0.647217
vt1 7.230469 0.656250
vt1 1.144531 0.890198
vt1 1.833984 0.889709
vt1 1.144531 0.901489
vt1 2.001953 0.899475
vt1 1.144531 0.901489
vt1 1.144531 0.928894
vt1 1.979492 0.928406
vt1 2.041016 0.933105
vt1 2.064453 0.895935
vt1 2.335938 0.933350
vt1 2.207031 0.895020
vt1 2.359375 0.893677
vt1 2.492188 0.901367
vt1 2.447266 0.888855
vt1 2.582031 0.890137
vt1 2.615234 0.900513
vt1 2.652344 0.896301
vt1 2.677734 0.901123
vt1 2.800781 0.889282
vt1 3.601562 0.890076
vt1 3.601562 0.902710
vt1 3.103516 0.901489
vt1 3.103516 0.901489
vt1 3.601562 0.901428
vt1 3.601562 0.928284
vt1 2.685547 0.928894
vt1 2.619141 0.932861
vt1 2.617188 0.901733
vt1 2.363281 0.954620
vt1 2.599609 0.972549
vt1 2.332031 0.968353
vt1 2.660156 0.940765
vt1 2.349609 0.978119
vt1 2.671875 0.957977
vt1 2.802734 0.942261
vt1 3.601562 0.942261
vt1 2.656250 0.970932
vt1 3.601562 0.963593
vt1 3.601562 0.977371
vt1 2.804688 0.977356
vt1 2.685547 0.928345
vt1 2.662109 0.938782
vt1 3.601562 0.928223
vt1 3.601562 0.942261
vt1 2.802734 0.942230
vt1 2.597656 0.979507
vt1 2.330078 1.006706
vt1 2.433594 1.007313
vt1 2.593750 1.007767
vt1 2.207031 1.006008
vt1 2.316406 0.979019
vt1 2.664062 0.988678
vt1 2.654297 0.977020
vt1 2.804688 0.977402
vt1 3.601562 0.977371
vt1 3.601562 0.993237
vt1 2.650391 1.000846
vt1 3.601562 1.007980
vt1 2.802734 1.008003
vt1 2.074219 0.978226
vt1 2.070312 1.007664
vt1 2.005859 1.002092
vt1 1.999023 0.989006
vt1 2.003906 0.976852
vt1 1.872070 0.977356
vt1 1.144531 0.977371
vt1 1.143555 0.994900
vt1 1.871094 1.007965
vt1 1.144531 1.007980
vt1 2.320312 0.952240
vt1 2.085938 0.961121
vt1 2.070312 0.973373
vt1 2.003906 0.971680
vt1 1.144531 0.977371
vt1 1.872070 0.977356
vt1 1.144531 0.963074
vt1 1.993164 0.959503
vt1 1.144531 0.942261
vt1 1.875977 0.942261
vt1 2.000000 0.940826
vt1 1.998047 0.938599
vt1 1.979492 0.927429
vt1 1.143555 0.927307
vt1 1.144531 0.942261
vt1 1.875977 0.942230
vt1 1.127930 0.903015
vt1 0.361572 0.888367
vt1 1.127930 0.889343
vt1 0.177979 0.900818
vt1 1.127930 0.903015
vt1 1.127930 0.931152
vt1 0.202271 0.930542
vt1 0.144409 0.934692
vt1 0.121948 0.896729
vt1 -0.159546 0.934875
vt1 -0.012131 0.895386
vt1 -0.144287 0.893433
vt1 -0.336426 0.902222
vt1 -0.287598 0.888489
vt1 -0.447510 0.889282
vt1 -0.459473 0.902283
vt1 -0.504395 0.894836
vt1 -0.522461 0.902649
vt1 -1.446289 0.889160
vt1 -0.636719 0.889404
vt1 -1.446289 0.903015
vt1 -1.446289 0.932129
vt1 -1.446289 0.903015
vt1 -0.522949 0.929749
vt1 -0.947754 0.930298
vt1 -0.462646 0.934326
vt1 -0.460938 0.903320
vt1 -0.203613 0.955048
vt1 -0.443359 0.972153
vt1 -0.164307 0.968201
vt1 -0.505859 0.941132
vt1 -0.192627 0.976898
vt1 -0.516113 0.958527
vt1 -0.645996 0.942596
vt1 -1.446289 0.942566
vt1 -0.500000 0.970566
vt1 -1.446289 0.964020
vt1 -1.446289 0.975952
vt1 -0.648438 0.975937
vt1 -0.507324 0.939392
vt1 -0.522461 0.930542
vt1 -0.947754 0.930298
vt1 -1.446289 0.930054
vt1 -1.446289 0.942566
vt1 -0.645996 0.942535
vt1 -0.165894 1.003464
vt1 -0.444824 0.978943
vt1 -0.279053 1.003807
vt1 -0.438232 1.004276
vt1 -0.137939 0.978073
vt1 -0.046692 1.002926
vt1 -0.508789 0.987396
vt1 -0.499268 0.975601
vt1 -0.648438 0.975983
vt1 -1.446289 0.975952
vt1 -1.446289 0.991844
vt1 -0.494141 0.998625
vt1 -1.446289 1.004368
vt1 -0.647949 1.004391
vt1 0.108887 0.977463
vt1 0.104675 1.004158
vt1 0.170288 0.999647
vt1 0.179688 0.987671
vt1 0.173340 0.975418
vt1 0.321289 0.975937
vt1 1.127930 0.975952
vt1 1.127930 0.993481
vt1 0.322266 1.004364
vt1 1.127930 1.004368
vt1 0.099976 0.961639
vt1 -0.137085 0.952515
vt1 0.107300 0.972641
vt1 0.173706 0.971115
vt1 1.127930 0.975952
vt1 0.321289 0.975937
vt1 1.127930 0.963562
vt1 0.187378 0.960083
vt1 1.127930 0.942566
vt1 0.316650 0.942566
vt1 0.180176 0.941132
vt1 0.181641 0.939331
vt1 0.202637 0.929626
vt1 1.127930 0.929565
vt1 1.127930 0.942566
vt1 0.316650 0.942566
vt1 7.238281 0.716309
vt1 7.929688 0.687500
vt1 7.933594 0.709961
vt1 7.246094 0.703857
vt1 7.933594 0.762695
vt1 7.238281 0.764282
vt1 7.925781 0.744873
vt1 7.238281 0.780762
vt1 8.585938 0.779297
vt1 7.886719 0.763794
vt1 7.890625 0.743896
vt1 8.578125 0.764526
vt1 7.230469 0.762573
vt1 7.238281 0.781616
vt1 7.214844 0.754883
vt1 7.238281 0.768921
vt1 7.894531 0.687500
vt1 8.578125 0.715820
vt1 7.902344 0.710938
vt1 8.578125 0.704102
vt1 8.585938 0.673340
vt1 7.890625 0.657227
vt1 7.894531 0.633789
vt1 8.578125 0.661865
vt1 7.933594 0.656494
vt1 7.234375 0.672607
vt1 7.929688 0.636475
vt1 7.242188 0.657471
vt1 -2.273438 0.890076
vt1 -1.464844 0.890686
vt1 -1.461914 0.903015
vt1 -2.285156 0.902893
vt1 -2.416016 0.895020
vt1 -1.464844 0.930542
vt1 -1.461914 0.903015
vt1 -2.392578 0.932861
vt1 -2.435547 0.929688
vt1 -2.488281 0.896912
vt1 -2.583984 0.939301
vt1 -2.646484 0.896606
vt1 -2.792969 0.898926
vt1 -2.416016 0.939056
vt1 -2.390625 0.930725
vt1 -1.463867 0.929565
vt1 -1.463867 0.942566
vt1 -2.275391 0.942566
vt1 -2.474609 0.943695
vt1 -2.488281 0.972198
vt1 -2.763672 0.969406
vt1 -2.402344 0.958466
vt1 -2.416016 0.941437
vt1 -2.275391 0.942596
vt1 -1.463867 0.942566
vt1 -1.463867 0.964050
vt1 -2.423828 0.970688
vt1 -1.463867 0.975952
vt1 -2.271484 0.975937
vt1 -2.927734 0.902344
vt1 -2.871094 0.890991
vt1 -3.019531 0.890808
vt1 -3.052734 0.902588
vt1 -3.089844 0.895752
vt1 -3.117188 0.903015
vt1 -4.039062 0.890747
vt1 -3.240234 0.891724
vt1 -4.039062 0.903015
vt1 -4.035156 0.932129
vt1 -4.039062 0.903015
vt1 -3.240234 0.930359
vt1 -3.074219 0.932678
vt1 -3.052734 0.903076
vt1 -3.042969 0.971802
vt1 -3.097656 0.941071
vt1 -3.099609 0.939087
vt1 -3.240234 0.930237
vt1 -4.039062 0.930115
vt1 -4.039062 0.942566
vt1 -3.234375 0.942566
vt1 -3.107422 0.958496
vt1 -3.234375 0.942596
vt1 -4.039062 0.942566
vt1 -3.087891 0.970856
vt1 -4.039062 0.964081
vt1 -4.039062 0.975952
vt1 -3.238281 0.975937
vt1 -2.490234 0.976547
vt1 -2.734375 0.994144
vt1 -2.421875 0.997393
vt1 -2.423828 0.977890
vt1 -2.646484 1.003607
vt1 -2.757812 1.003536
vt1 -2.474609 1.005478
vt1 -2.863281 1.003704
vt1 -2.777344 0.993999
vt1 -3.041016 0.977859
vt1 -3.082031 0.997650
vt1 -3.003906 1.004459
vt1 -4.039062 1.004372
vt1 -3.240234 1.004391
vt1 -4.039062 0.992378
vt1 -3.119141 0.986916
vt1 -3.087891 0.974121
vt1 -4.039062 0.975952
vt1 -3.238281 0.975983
vt1 -2.392578 0.986870
vt1 -2.271484 0.975983
vt1 -1.463867 0.975952
vt1 -1.462891 0.993256
vt1 -2.269531 1.004375
vt1 -1.463867 1.004372
vt1 -2.642578 1.003681
vt1 -2.748047 1.029007
vt1 -2.753906 1.004066
vt1 -2.472656 1.004700
vt1 -2.458984 1.029099
vt1 -2.423828 1.003906
vt1 -2.396484 1.029053
vt1 -2.269531 1.004356
vt1 -1.463867 1.029068
vt1 -1.463867 1.004372
vt1 -2.763672 1.004066
vt1 -2.761719 1.029144
vt1 -2.867188 1.003805
vt1 -3.003906 1.004364
vt1 -3.044922 1.029083
vt1 -3.082031 1.003792
vt1 -3.109375 1.029083
vt1 -3.240234 1.004375
vt1 -4.039062 1.004372
vt1 -4.039062 1.029068
vt1 2.332031 1.032104
vt1 2.201172 1.007664
vt1 2.335938 1.007263
vt1 2.058594 1.032104
vt1 2.074219 1.007763
vt1 2.000000 1.006195
vt1 1.993164 1.032074
vt1 1.871094 1.007973
vt1 1.144531 1.032104
vt1 1.144531 1.007980
vt1 2.433594 1.008026
vt1 2.330078 1.032104
vt1 2.333984 1.007263
vt1 2.609375 1.032104
vt1 2.593750 1.007538
vt1 2.652344 1.006176
vt1 2.671875 1.032135
vt1 2.802734 1.007980
vt1 3.601562 1.007980
vt1 3.601562 1.032104
vt1 -0.042938 1.004047
vt1 -0.158569 1.029053
vt1 -0.161377 1.003639
vt1 0.113464 1.029053
vt1 0.105591 1.004150
vt1 0.171509 1.002544
vt1 0.185547 1.029053
vt1 0.322266 1.004364
vt1 1.127930 1.029068
vt1 1.127930 1.004368
vt1 -0.170044 1.029068
vt1 -0.278809 1.004417
vt1 -0.169800 1.003637
vt1 -0.452881 1.029068
vt1 -0.437744 1.003922
vt1 -0.495605 1.002525
vt1 -0.516602 1.029083
vt1 -0.647949 1.004372
vt1 -1.446289 1.004368
vt1 -1.446289 1.029068
vt1 4.312500 0.611084
vt1 3.984375 0.630615
vt1 3.984375 0.611328
vt1 4.304688 0.630371
vt1 4.531250 0.612305
vt1 4.460938 0.630615
vt1 4.578125 0.630615
vt1 4.707031 0.610840
vt1 4.699219 0.630615
vt1 4.820312 0.611084
vt1 4.824219 0.630859
vt1 4.945312 0.630615
vt1 4.945312 0.611328
vt1 5.066406 0.611084
vt1 5.066406 0.630615
vt1 5.187500 0.630615
vt1 5.187500 0.611084
vt1 5.308594 0.611084
vt1 5.304688 0.630859
vt1 5.425781 0.630859
vt1 5.429688 0.611084
vt1 5.546875 0.610840
vt1 5.546875 0.630615
vt1 5.667969 0.630859
vt1 5.667969 0.611084
vt1 5.789062 0.611084
vt1 5.792969 0.630859
vt1 5.910156 0.630615
vt1 5.910156 0.611084
vt1 6.031250 0.611084
vt1 6.031250 0.630615
vt1 6.152344 0.630615
vt1 6.152344 0.611328
vt1 6.304688 0.607666
vt1 6.273438 0.630859
vt1 6.394531 0.630615
vt1 6.515625 0.630615
vt1 6.636719 0.621826
vt1 6.523438 0.611816
vt1 6.632812 0.611816
vt1 6.800781 0.611816
vt1 7.113281 0.611084
vt1 7.113281 0.630371
vt1 6.792969 0.630859
vt1 3.984375 0.686768
vt1 4.300781 0.710693
vt1 3.984375 0.711426
vt1 4.304688 0.686768
vt1 4.460938 0.710693
vt1 4.527344 0.686035
vt1 4.578125 0.710938
vt1 4.699219 0.710938
vt1 4.703125 0.687012
vt1 4.820312 0.710938
vt1 4.824219 0.687012
vt1 4.941406 0.686768
vt1 4.945312 0.710693
vt1 5.066406 0.711426
vt1 5.062500 0.686768
vt1 5.187500 0.686768
vt1 5.187500 0.710693
vt1 5.308594 0.711426
vt1 5.308594 0.686768
vt1 5.425781 0.686768
vt1 5.429688 0.710693
vt1 5.546875 0.711182
vt1 5.546875 0.686523
vt1 5.667969 0.686768
vt1 5.667969 0.710693
vt1 5.789062 0.711426
vt1 5.789062 0.686768
vt1 5.910156 0.686768
vt1 5.910156 0.710693
vt1 6.031250 0.711426
vt1 6.035156 0.686768
vt1 6.152344 0.686768
vt1 6.152344 0.710693
vt1 6.277344 0.710938
vt1 6.273438 0.687012
vt1 6.394531 0.687012
vt1 6.398438 0.710938
vt1 6.570312 0.686035
vt1 6.519531 0.710938
vt1 6.636719 0.710693
vt1 6.792969 0.686768
vt1 6.792969 0.710693
vt1 7.113281 0.686768
vt1 7.113281 0.711426
vt1 2.193359 0.607666
vt1 1.879883 0.632812
vt1 1.879883 0.607422
vt1 2.197266 0.631592
vt1 2.359375 0.606934
vt1 2.417969 0.633301
vt1 2.474609 0.606934
vt1 2.593750 0.606689
vt1 2.589844 0.632324
vt1 2.710938 0.606934
vt1 2.705078 0.632568
vt1 2.824219 0.632324
vt1 2.826172 0.606689
vt1 2.945312 0.607422
vt1 2.943359 0.632568
vt1 3.060547 0.632568
vt1 3.062500 0.606934
vt1 3.181641 0.607422
vt1 3.177734 0.632568
vt1 3.298828 0.632568
vt1 3.298828 0.606934
vt1 3.416016 0.607666
vt1 3.416016 0.632324
vt1 3.533203 0.632568
vt1 3.533203 0.606934
vt1 3.650391 0.607422
vt1 3.654297 0.632568
vt1 3.771484 0.632568
vt1 3.769531 0.606934
vt1 3.886719 0.607422
vt1 3.888672 0.632568
vt1 4.007812 0.632568
vt1 4.003906 0.606689
vt1 4.121094 0.606934
vt1 4.125000 0.632324
vt1 4.242188 0.632324
vt1 4.238281 0.606445
vt1 4.414062 0.632812
vt1 4.359375 0.606689
vt1 4.472656 0.606934
vt1 4.632812 0.632324
vt1 4.636719 0.607422
vt1 4.953125 0.632812
vt1 4.953125 0.607422
vt1 7.570312 0.672119
vt1 7.910156 0.671387
vt1 7.910156 0.689453
vt1 7.562500 0.651367
vt1 7.230469 0.697266
vt1 7.218750 0.689941
vt1 7.230469 0.697021
vt1 7.566406 0.671875
vt1 7.246094 0.703125
vt1 7.910156 0.688965
vt1 7.910156 0.689453
vt1 8.250000 0.672119
vt1 8.578125 0.703369
vt1 8.585938 0.697266
vt1 8.296875 0.728760
vt1 7.910156 0.745117
vt1 7.910156 0.727295
vt1 8.304688 0.708740
vt1 8.593750 0.760376
vt1 8.601562 0.753906
vt1 7.570312 0.729980
vt1 7.910156 0.727295
vt1 7.910156 0.745117
vt1 7.562500 0.709717
vt1 7.230469 0.762085
vt1 7.214844 0.754883
vt1 7.230469 0.762207
vt1 7.566406 0.732178
vt1 7.238281 0.764648
vt1 7.910156 0.745117
vt1 7.910156 0.745117
vt1 8.304688 0.731689
vt1 8.578125 0.762695
vt1 8.593750 0.760742
vt1 7.910156 0.671387
vt1 8.250000 0.672363
vt1 7.910156 0.689453
vt1 8.257812 0.651367
vt1 8.585938 0.697510
vt1 8.601562 0.690186
vt1 7.910156 0.637939
vt1 7.519531 0.621826
vt1 7.910156 0.620117
vt1 7.515625 0.601562
vt1 7.230469 0.653564
vt1 7.214844 0.647217
vt1 7.910156 0.620117
vt1 8.250000 0.622803
vt1 7.910156 0.637939
vt1 8.257812 0.602539
vt1 8.593750 0.654785
vt1 8.601562 0.647705
vt1 8.578125 0.661865
vt1 8.250000 0.622314
vt1 8.593750 0.654541
vt1 7.914062 0.636475
vt1 7.910156 0.637939
vt1 7.519531 0.624512
vt1 7.242188 0.655762
vt1 7.230469 0.654053
vt1 4.304688 0.624756
vt1 3.984375 0.692383
vt1 3.984375 0.625977
vt1 4.304688 0.691650
vt1 4.527344 0.691895
vt1 4.460938 0.626221
vt1 4.578125 0.625488
vt1 4.699219 0.625244
vt1 4.703125 0.692627
vt1 4.824219 0.625000
vt1 4.824219 0.690918
vt1 4.941406 0.691895
vt1 4.945312 0.625244
vt1 5.062500 0.692383
vt1 5.066406 0.625488
vt1 5.187500 0.692627
vt1 5.187500 0.626465
vt1 5.304688 0.625244
vt1 5.308594 0.692139
vt1 5.425781 0.625488
vt1 5.425781 0.691162
vt1 5.546875 0.692627
vt1 5.546875 0.626465
vt1 5.667969 0.625488
vt1 5.667969 0.691162
vt1 5.789062 0.692139
vt1 5.792969 0.625244
vt1 5.910156 0.692627
vt1 5.910156 0.626465
vt1 6.031250 0.625488
vt1 6.035156 0.692383
vt1 6.152344 0.625244
vt1 6.152344 0.691895
vt1 6.273438 0.625000
vt1 6.273438 0.690918
vt1 6.394531 0.692627
vt1 6.394531 0.625244
vt1 6.570312 0.691895
vt1 6.515625 0.625488
vt1 6.636719 0.625000
vt1 6.792969 0.625000
vt1 6.792969 0.691650
vt1 7.113281 0.692383
vt1 7.113281 0.625244
vt1 1.879883 0.628662
vt1 2.195312 0.699463
vt1 1.879883 0.700195
vt1 2.197266 0.628906
vt1 2.417969 0.629395
vt1 2.355469 0.698975
vt1 2.476562 0.700439
vt1 2.589844 0.628662
vt1 2.591797 0.699219
vt1 2.705078 0.628662
vt1 2.712891 0.699219
vt1 2.824219 0.628662
vt1 2.828125 0.700195
vt1 2.943359 0.628662
vt1 2.947266 0.699219
vt1 3.060547 0.628662
vt1 3.064453 0.700195
vt1 3.177734 0.628662
vt1 3.183594 0.699219
vt1 3.298828 0.628174
vt1 3.298828 0.700195
vt1 3.416016 0.699463
vt1 3.416016 0.629395
vt1 3.533203 0.628174
vt1 3.535156 0.700195
vt1 3.648438 0.699219
vt1 3.654297 0.628662
vt1 3.767578 0.700195
vt1 3.771484 0.628662
vt1 3.884766 0.699219
vt1 3.888672 0.628906
vt1 4.003906 0.700195
vt1 4.007812 0.628418
vt1 4.121094 0.699219
vt1 4.125000 0.629395
vt1 4.242188 0.628418
vt1 4.242188 0.698975
vt1 4.359375 0.700928
vt1 4.414062 0.629395
vt1 4.480469 0.698730
vt1 4.636719 0.699463
vt1 4.632812 0.629150
vt1 4.953125 0.628662
vt1 4.953125 0.700195
vt1 1.877930 0.705566
vt1 2.199219 0.719238
vt1 1.879883 0.719238
vt1 2.353516 0.719238
vt1 2.476562 0.704102
vt1 2.472656 0.719238
vt1 2.195312 0.696045
vt1 2.355469 0.696045
vt1 2.589844 0.719238
vt1 2.708984 0.719238
vt1 2.828125 0.702881
vt1 2.826172 0.719238
vt1 2.591797 0.696045
vt1 2.712891 0.696533
vt1 2.943359 0.719238
vt1 3.064453 0.703125
vt1 2.947266 0.695801
vt1 3.062500 0.719238
vt1 3.179688 0.719238
vt1 3.298828 0.704346
vt1 3.183594 0.695801
vt1 3.298828 0.719238
vt1 3.416016 0.719238
vt1 3.535156 0.702637
vt1 3.416016 0.695801
vt1 3.533203 0.719238
vt1 3.652344 0.719238
vt1 3.767578 0.702881
vt1 3.648438 0.695801
vt1 3.769531 0.719238
vt1 3.888672 0.719238
vt1 4.003906 0.702881
vt1 3.884766 0.695801
vt1 4.003906 0.719238
vt1 4.121094 0.719238
vt1 4.121094 0.696289
vt1 4.242188 0.696289
vt1 4.355469 0.704102
vt1 4.242188 0.719238
vt1 4.359375 0.719238
vt1 4.476562 0.719238
vt1 4.480469 0.696045
vt1 4.636719 0.696045
vt1 4.953125 0.705566
vt1 4.632812 0.719238
vt1 4.953125 0.719238
vt1 3.318359 0.752563
vt1 3.345703 0.775024
vt1 3.457031 0.781006
vt1 3.400391 0.756348
vt1 3.320312 0.775024
vt1 3.320312 0.746094
vt1 3.412109 0.743652
vt1 3.855469 0.755371
vt1 3.773438 0.779663
vt1 3.791016 0.743164
vt1 4.011719 0.742920
vt1 4.019531 0.779907
vt1 4.183594 0.742920
vt1 4.265625 0.755493
vt1 4.179688 0.780029
vt1 4.351562 0.742920
vt1 4.351562 0.780151
vt1 4.523438 0.742920
vt1 4.523438 0.779907
vt1 4.687500 0.755737
vt1 4.691406 0.742920
vt1 4.695312 0.779907
vt1 4.863281 0.779907
vt1 4.863281 0.742920
vt1 5.035156 0.779907
vt1 5.019531 0.754517
vt1 5.031250 0.742920
vt1 5.203125 0.779785
vt1 5.203125 0.742920
vt1 5.292969 0.755493
vt1 5.371094 0.742920
vt1 5.371094 0.779907
vt1 5.542969 0.742920
vt1 5.625000 0.755371
vt1 5.539062 0.779907
vt1 5.710938 0.742920
vt1 5.710938 0.779907
vt1 5.875000 0.747070
vt1 5.878906 0.779907
vt1 6.140625 0.755493
vt1 6.050781 0.742920
vt1 6.050781 0.780151
vt1 6.222656 0.742920
vt1 6.265625 0.779785
vt1 6.546875 0.755493
vt1 6.390625 0.742920
vt1 6.570312 0.779541
vt1 6.613281 0.743164
vt1 6.722656 0.779785
vt1 6.988281 0.743652
vt1 6.992188 0.779053
vt1 7.003906 0.756348
vt1 7.105469 0.746338
vt1 7.105469 0.779907
vt1 -8.406250 -2.662109
vt1 -8.929688 -3.351562
vt1 -8.921875 -3.359375
vt1 -8.398438 -2.669922
vt1 -7.480469 -2.636719
vt1 -6.929688 -3.304688
vt1 -6.906250 -3.285156
vt1 -7.500000 -2.658203
vt1 1.253906 -1.980469
vt1 1.540039 -1.332031
vt1 1.179688 -1.941406
vt1 1.459961 -1.316406
vt1 1.254883 -1.980469
vt1 1.182617 -1.941406
vt1 1.235352 -2.003906
vt1 1.156250 -1.951172
vt1 0.774902 -1.861328
vt1 1.311523 -1.404297
vt1 1.251953 -1.347656
vt1 0.724121 -1.794922
vt1 0.773926 -1.863281
vt1 0.726562 -1.796875
vt1 0.747070 -1.876953
vt1 0.698242 -1.794922
vt1 1.232422 -1.382812
vt1 1.315430 -1.396484
vt1 1.258789 -0.696289
vt1 1.341797 -0.697266
vt1 1.343750 -0.696289
vt1 1.239258 -0.676758
vt1 1.260742 -0.699219
vt1 1.336914 -0.666016
vt1 1.533203 -1.332031
vt1 1.258789 -0.685547
vt1 1.459961 -1.355469
vt1 1.179688 -0.722656
vt1 1.182617 -0.722656
vt1 1.254883 -0.682617
vt1 1.235352 -0.659180
vt1 1.156250 -0.712891
vt1 1.617188 -1.361328
vt1 1.695312 -1.335938
vt1 1.414062 -0.691406
vt1 1.338867 -0.726562
vt1 1.394531 -0.664062
vt1 1.315430 -0.716797
vt1 1.340820 -0.727539
vt1 1.414062 -0.688477
vt1 1.695312 -1.343750
vt1 1.615234 -1.322266
vt1 1.336914 -1.949219
vt1 1.411133 -1.984375
vt1 1.310547 -1.958984
vt1 1.413086 -1.986328
vt1 1.339844 -1.947266
vt1 1.393555 -2.011719
vt1 -9.976562 0.018066
vt1 -9.921875 0.109863
vt1 -9.882812 0.209473
vt1 -10.046875 -0.064453
vt1 -9.867188 0.313477
vt1 -10.125000 -0.135742
vt1 -9.859375 0.419922
vt1 -10.218750 -0.193359
vt1 -9.867188 0.525879
vt1 -10.312500 -0.236328
vt1 -9.898438 0.628906
vt1 -10.414062 -0.263672
vt1 -9.937500 0.726318
vt1 -10.523438 -0.274414
vt1 -10.000000 0.815918
vt1 -10.632812 -0.267578
vt1 -10.070312 0.895691
vt1 -10.734375 -0.244141
vt1 -10.156250 0.963745
vt1 -10.875000 -0.194336
vt1 -10.281250 1.041656
vt1 -11.156250 -0.059570
vt1 -10.554688 1.177246
vt1 -8.726562 -1.273438
vt1 -8.296875 -1.876953
vt1 -8.671875 -1.240234
vt1 -8.296875 -2.013672
vt1 -8.226562 -1.996094
vt1 -8.273438 -2.041016
vt1 -8.242188 -2.091797
vt1 -8.164062 -2.017578
vt1 -8.023438 -2.037109
vt1 -8.343750 -2.066406
vt1 -8.296875 -2.013672
vt1 -8.351562 -2.132812
vt1 -8.414062 -1.951172
vt1 -8.382812 -2.271484
vt1 -8.789062 -1.312500
vt1 -8.726562 -1.273438
vt1 -8.125000 -2.193359
vt1 -7.960938 -2.044922
vt1 -8.390625 -2.337891
vt1 -7.957031 -2.234375
vt1 -7.789062 -2.189453
vt1 -7.902344 -2.035156
vt1 -7.953125 -2.318359
vt1 -7.730469 -2.164062
vt1 -7.753906 -2.007812
vt1 -7.511719 -2.314453
vt1 -7.527344 -2.248047
vt1 -7.578125 -2.089844
vt1 -7.949219 -2.388672
vt1 -8.421875 -2.439453
vt1 -7.476562 -2.412109
vt1 -8.460938 -2.558594
vt1 -7.433594 -2.535156
vt1 -7.656250 -2.044922
vt1 -7.578125 -2.035156
vt1 -7.687500 -1.980469
vt1 -7.523438 -1.927734
vt1 -7.625000 -1.865234
vt1 -7.593750 -1.927734
vt1 -7.179688 -1.259766
vt1 -7.238281 -1.232422
vt1 -7.593750 -1.927734
vt1 -7.238281 -1.232422
vt1 -7.285156 -1.207031
vt1 -7.945312 -2.580078
vt1 -8.398438 -2.632812
vt1 -8.476562 -2.615234
vt1 -7.492188 -2.609375
vt1 -7.414062 -2.585938
vt1 -7.945312 -2.636719
vt1 -8.406250 -2.662109
vt1 -8.570312 -2.744141
vt1 -8.929688 -3.351562
vt1 -8.992188 -3.300781
vt1 -7.480469 -2.636719
vt1 -7.312500 -2.707031
vt1 -6.906250 -3.285156
vt1 -6.847656 -3.230469
vt1 -7.484375 -2.630859
vt1 -7.945312 -2.667969
vt1 -7.492188 -2.662109
vt1 -7.945312 -2.636719
vt1 -8.398438 -2.667969
vt1 -8.406250 -2.656250
vt1 -10.132812 -3.355469
vt1 -10.523438 -3.042969
vt1 -10.523438 -3.355469
vt1 -10.132812 -3.039062
vt1 -10.523438 -2.896484
vt1 -10.132812 -2.896484
vt1 -10.523438 -2.787109
vt1 -10.132812 -2.787109
vt1 -10.523438 -2.679688
vt1 -10.132812 -2.679688
vt1 -10.523438 -2.574219
vt1 -10.132812 -2.574219
vt1 -10.523438 -2.466797
vt1 -10.132812 -2.466797
vt1 -10.132812 -2.359375
vt1 -10.523438 -2.359375
vt1 -10.132812 -2.253906
vt1 -10.523438 -2.253906
vt1 -10.132812 -2.146484
vt1 -10.523438 -2.146484
vt1 -10.132812 -2.041016
vt1 -10.523438 -2.041016
vt1 -10.132812 -1.933594
vt1 -10.523438 -1.933594
vt1 -10.523438 -1.826172
vt1 -10.132812 -1.826172
vt1 -10.523438 -1.720703
vt1 -10.132812 -1.720703
vt1 -10.523438 -1.613281
vt1 -10.132812 -1.613281
vt1 -10.523438 -1.507812
vt1 -10.132812 -1.507812
vt1 -10.523438 -1.400391
vt1 -10.132812 -1.400391
vt1 -10.132812 -1.292969
vt1 -10.523438 -1.292969
vt1 -10.132812 -1.187500
vt1 -10.523438 -1.187500
vt1 -10.132812 -1.080078
vt1 -10.523438 -1.080078
vt1 -10.132812 -0.971680
vt1 -10.523438 -0.971680
vt1 -10.132812 -0.828125
vt1 -10.523438 -0.823242
vt1 -10.132812 -0.512695
vt1 -10.523438 -0.512695
vt1 1.178711 -1.941406
vt1 1.205078 -1.804688
vt1 1.156250 -1.951172
vt1 1.304688 -1.587891
vt1 1.460938 -1.332031
vt1 1.430664 -1.332031
vt1 1.304688 -1.076172
vt1 1.179688 -0.722656
vt1 1.205078 -0.858398
vt1 1.156250 -0.712891
vt1 0.723633 -1.794922
vt1 0.809082 -1.679688
vt1 0.698242 -1.794922
vt1 0.978027 -1.541016
vt1 1.241211 -1.369141
vt1 1.214844 -1.355469
vt1 1.213867 -0.970703
vt1 1.258789 -0.697266
vt1 1.241211 -0.675781
vt1 1.364258 -0.868164
vt1 1.338867 -0.726562
vt1 1.315430 -0.716797
vt1 1.455078 -1.066406
vt1 1.616211 -1.335938
vt1 1.586914 -1.337891
vt1 1.416992 -1.683594
vt1 1.336914 -1.949219
vt1 1.312500 -1.958984
vt1 -8.945312 -0.437500
vt1 -8.882812 -0.341797
vt1 -8.828125 -0.236328
vt1 -8.796875 -0.125000
vt1 -8.781250 -0.010742
vt1 -9.117188 -0.593750
vt1 -9.023438 -0.522461
vt1 -9.218750 -0.650391
vt1 -8.906250 0.429688
vt1 -8.789062 0.105469
vt1 -8.812500 0.219238
vt1 -8.851562 0.328125
vt1 -9.554688 -0.715820
vt1 -9.328125 -0.689453
vt1 -9.437500 -0.711914
vt1 -8.976562 0.520752
vt1 -9.062500 0.599854
vt1 -9.187500 0.691650
vt1 -9.460938 0.847656
vt1 -10.203125 -0.453125
vt1 -9.921875 -0.607422
vt1 -9.781250 -0.668945
vt1 -9.671875 -0.701172
vt1 -0.097900 3.101562
vt1 0.184814 3.730469
vt1 -0.104858 3.730469
vt1 0.189819 3.095703
vt1 -0.097412 2.788086
vt1 0.187500 2.633789
vt1 -0.097412 2.555664
vt1 -0.104431 2.323242
vt1 0.186646 2.324219
vt1 -0.097412 2.090820
vt1 0.186768 2.091797
vt1 -0.097412 1.858887
vt1 0.186646 1.858887
vt1 0.186768 1.625488
vt1 -0.097412 1.625977
vt1 0.186523 1.393311
vt1 -0.101196 1.392822
vt1 0.186646 1.160889
vt1 -0.097412 1.161377
vt1 0.186523 0.928528
vt1 -0.097412 0.929016
vt1 0.186646 0.696533
vt1 -0.097412 0.696533
vt1 -0.103760 0.464355
vt1 0.186523 0.464844
vt1 -0.097412 0.231934
vt1 0.186768 0.232422
vt1 -0.097412 0.000000
vt1 0.186523 0.000000
vt1 -0.097412 -0.233398
vt1 0.180664 -0.226562
vt1 -0.097412 -0.465820
vt1 0.186646 -0.465820
vt1 0.186768 -0.699219
vt1 -0.097412 -0.698242
vt1 0.186646 -0.930664
vt1 -0.105103 -0.930664
vt1 0.187500 -1.240234
vt1 -0.097412 -1.162109
vt1 -0.097412 -1.394531
vt1 0.190063 -1.699219
vt1 -0.097900 -1.707031
vt1 0.184326 -2.337891
vt1 -0.103577 -2.337891
vt1 -0.440918 3.943359
vt1 -1.071289 3.941406
vt1 -1.071289 3.056641
vt1 -0.437744 3.056641
vt1 -0.111633 3.941406
vt1 -0.125854 3.056641
vt1 0.119751 3.941406
vt1 0.107117 3.056641
vt1 0.355225 3.941406
vt1 0.345703 3.056641
vt1 0.589844 3.941406
vt1 0.582031 3.056641
vt1 0.823242 3.941406
vt1 0.822754 3.056641
vt1 1.060547 3.056641
vt1 1.060547 3.939453
vt1 1.296875 3.941406
vt1 1.297852 3.056641
vt1 1.534180 3.056641
vt1 1.534180 3.939453
vt1 1.770508 3.941406
vt1 1.771484 3.056641
vt1 2.005859 3.056641
vt1 2.005859 3.939453
vt1 2.242188 3.941406
vt1 2.242188 3.056641
vt1 2.480469 3.056641
vt1 2.478516 3.939453
vt1 2.716797 3.941406
vt1 2.716797 3.056641
vt1 2.953125 3.056641
vt1 2.953125 3.939453
vt1 3.189453 3.941406
vt1 3.191406 3.056641
vt1 3.431641 3.056641
vt1 3.423828 3.941406
vt1 3.667969 3.056641
vt1 3.658203 3.941406
vt1 3.906250 3.056641
vt1 3.898438 3.941406
vt1 4.140625 3.056641
vt1 4.125000 3.941406
vt1 4.449219 3.056641
vt1 4.453125 3.943359
vt1 5.085938 3.056641
vt1 5.085938 3.941406
vt1 0.176636 0.207031
vt1 0.197144 0.193359
vt1 0.343750 0.482422
vt1 0.258057 0.293457
vt1 0.384521 0.346191
vt1 0.512695 0.417969
vt1 0.512695 0.786011
vt1 0.682129 0.482422
vt1 0.641113 0.346191
vt1 0.767578 0.293457
vt1 0.828125 0.193848
vt1 0.849609 0.207031
vt1 0.176636 0.207031
vt1 0.197144 0.193359
vt1 0.343750 0.482422
vt1 0.258057 0.293457
vt1 0.384521 0.346191
vt1 0.512695 0.417969
vt1 0.512695 0.786011
vt1 0.704102 0.443359
vt1 0.641113 0.346191
vt1 0.767578 0.293457
vt1 0.828125 0.193848
vt1 0.849609 0.207031
vt1 0.827637 0.193848
vt1 0.849609 0.207031
vt1 0.682129 0.482422
vt1 0.768066 0.292969
vt1 0.641602 0.345703
vt1 0.512695 0.417969
vt1 0.512695 0.786499
vt1 0.321533 0.443359
vt1 0.384521 0.345703
vt1 0.257568 0.292969
vt1 0.196655 0.192871
vt1 0.176147 0.206543
vt1 -4.445312 0.011230
vt1 -4.882812 0.011230
vt1 -4.765625 -0.192383
vt1 -4.390625 -0.302734
vt1 -4.597656 -0.505859
vt1 -4.347656 -0.517578
vt1 -4.585938 -0.522461
vt1 -4.507812 -0.601562
vt1 -4.308594 -0.665039
vt1 -5.707031 -0.587891
vt1 -5.988281 -0.591797
vt1 -5.832031 -0.917969
vt1 -5.703125 -0.885742
vt1 -5.738281 -1.109375
vt1 -5.699219 -1.121094
vt1 -5.664062 -1.251953
vt1 -5.640625 -1.250000
vt1 -5.269531 -0.599609
vt1 -5.550781 -0.594727
vt1 -5.425781 -0.925781
vt1 -5.554688 -0.893555
vt1 -5.519531 -1.117188
vt1 -5.558594 -1.126953
vt1 -5.593750 -1.259766
vt1 -5.617188 -1.257812
vt1 -6.042969 0.289062
vt1 -5.761719 -0.043945
vt1 -5.605469 0.289062
vt1 -5.972656 -0.108398
vt1 -5.867188 -0.233398
vt1 -5.914062 -0.390625
vt1 -5.257812 0.820923
vt1 -4.847656 0.604492
vt1 -4.753906 0.820923
vt1 -5.257812 0.604492
vt1 -4.996094 0.279297
vt1 -5.257812 0.269531
vt1 -5.003906 0.262207
vt1 -5.078125 0.174316
vt1 -5.257812 0.174316
vt1 -5.910156 0.980316
vt1 -5.589844 0.776733
vt1 -5.472656 0.980316
vt1 -5.964844 0.666260
vt1 -5.757812 0.463379
vt1 -6.007812 0.451660
vt1 -5.769531 0.446777
vt1 -5.847656 0.367188
vt1 -6.046875 0.304199
vt1 -4.613281 -1.011719
vt1 -4.332031 -0.679688
vt1 -4.769531 -0.679688
vt1 -4.406250 -1.078125
vt1 -4.507812 -1.203125
vt1 -4.460938 -1.359375
vt1 -5.171875 -0.039062
vt1 -4.757812 0.176758
vt1 -5.265625 0.176758
vt1 -4.757812 -0.039062
vt1 -5.019531 -0.365234
vt1 -4.757812 -0.375000
vt1 -5.011719 -0.381836
vt1 -4.941406 -0.469727
vt1 -4.757812 -0.469727
vt1 -8.031250 0.464844
vt1 -8.031250 1.383057
vt1 -8.890625 0.465820
vt1 -8.890625 1.384033
vn -0.007874 1.000000 -0.031496
vn 0.000000 1.000000 -0.000000
vn -0.015748 1.000000 0.007874
vn 0.015748 1.000000 0.015748
vn -0.062992 1.000000 0.039370
vn -0.007874 1.000000 -0.031496
vn 0.000000 1.000000 -0.000000
vn -0.015748 1.000000 0.007874
vn 0.015748 1.000000 0.015748
vn -0.062992 1.000000 0.039370
vn -0.007874 1.000000 -0.031496
vn 0.000000 1.000000 -0.000000
vn -0.015748 1.000000 0.007874
vn 0.015748 1.000000 0.015748
vn -0.070866 1.000000 0.047244
vn -0.007874 1.000000 -0.031496
vn 0.000000 1.000000 -0.000000
vn -0.015748 1.000000 0.007874
vn 0.015748 1.000000 0.015748
vn -0.070866 1.000000 0.047244
vn -0.007874 1.000000 -0.031496
vn 0.000000 1.000000 -0.000000
vn -0.015748 1.000000 0.007874
vn 0.015748 1.000000 0.015748
vn -0.070866 1.000000 0.047244
vn -0.007874 1.000000 -0.031496
vn 0.000000 1.000000 -0.000000
vn -0.015748 1.000000 0.007874
vn 0.015748 1.000000 0.015748
vn -0.070866 1.000000 0.047244
vn 0.062992 1.000000 0.047244
vn -0.015748 1.000000 0.015748
vn 0.015748 1.000000 0.007874
vn 0.000000 1.000000 -0.000000
vn 0.007874 1.000000 -0.031496
vn 0.070866 1.000000 0.047244
vn -0.015748 1.000000 0.015748
vn 0.015748 1.000000 0.007874
vn 0.000000 1.000000 -0.000000
vn 0.007874 1.000000 -0.031496
vn 0.070866 1.000000 0.047244
vn -0.015748 1.000000 0.015748
vn 0.015748 1.000000 0.007874
vn 0.000000 1.000000 -0.000000
vn 0.007874 1.000000 -0.031496
vn 0.070866 1.000000 0.047244
vn -0.015748 1.000000 0.015748
vn 0.015748 1.000000 0.007874
vn 0.000000 1.000000 -0.000000
vn 0.007874 1.000000 -0.031496
vn 0.070866 1.000000 0.047244
vn -0.015748 1.000000 0.015748
vn 0.015748 1.000000 0.007874
vn 0.000000 1.000000 -0.000000
vn 0.007874 1.000000 -0.031496
vn 0.070866 1.000000 0.047244
vn -0.015748 1.000000 0.015748
vn 0.015748 1.000000 0.007874
vn 0.000000 1.000000 -0.000000
vn 0.007874 1.000000 -0.031496
vn -0.779528 -0.464567 0.409449
vn -0.818898 0.102362 0.566929
vn -0.629921 0.661417 0.409449
vn -0.677165 0.055118 -0.732283
vn -0.787402 -0.070866 -0.606299
vn -0.897638 0.070866 0.433071
vn 0.047244 0.984252 0.188976
vn 0.346457 -0.055118 -0.937008
vn 0.346457 0.031496 -0.937008
vn -0.007874 1.000000 -0.031496
vn 0.976378 0.015748 -0.220472
vn 0.047244 0.992126 -0.086614
vn 0.992126 -0.086614 0.062992
vn -0.007874 1.000000 -0.015748
vn 0.181102 0.007874 0.984252
vn 0.354331 0.070866 0.929134
vn 0.133858 -0.031496 0.992126
vn -0.724409 0.062992 0.685039
vn 0.582677 -0.377953 0.716535
vn 0.984252 0.015748 0.188976
vn -0.905512 0.007874 0.425197
vn -0.889764 0.007874 0.456693
vn -0.535433 -0.740157 0.401575
vn -0.779528 -0.464567 0.409449
vn -0.818898 0.102362 0.566929
vn -0.629921 0.661417 0.409449
vn -0.677165 0.055118 -0.732283
vn -0.787402 -0.070866 -0.606299
vn -0.897638 0.070866 0.433071
vn 0.047244 0.984252 0.188976
vn 0.346457 -0.055118 -0.937008
vn 0.346457 0.031496 -0.937008
vn -0.007874 1.000000 -0.031496
vn 0.976378 0.015748 -0.220472
vn 0.047244 0.992126 -0.086614
vn 0.992126 -0.086614 0.062992
vn -0.007874 1.000000 -0.015748
vn 0.181102 0.007874 0.984252
vn 0.354331 0.070866 0.929134
vn 0.133858 -0.031496 0.992126
vn -0.724409 0.062992 0.685039
vn 0.582677 -0.377953 0.716535
vn 0.984252 0.015748 0.188976
vn -0.905512 0.007874 0.425197
vn -0.889764 0.007874 0.456693
vn -0.535433 -0.740157 0.401575
vn -0.881890 0.015748 0.480315
vn -0.952756 0.007874 0.299213
vn -0.944882 0.157480 0.283464
vn -0.897638 -0.055118 0.433071
vn -0.779528 -0.464567 0.409449
vn -0.629921 0.661417 0.409449
vn -0.708661 -0.692913 -0.141732
vn -0.787402 -0.070866 -0.606299
vn -0.346457 0.889764 0.283464
vn 0.047244 0.984252 0.188976
vn -0.637795 0.133858 -0.755905
vn 0.346457 0.031496 -0.937008
vn 0.346457 -0.055118 -0.937008
vn -0.007874 1.000000 -0.031496
vn 0.976378 0.015748 -0.220472
vn 0.047244 0.992126 -0.086614
vn 0.992126 -0.086614 0.062992
vn -0.007874 1.000000 -0.015748
vn 0.181102 0.007874 0.984252
vn 0.354331 0.070866 0.929134
vn 0.133858 -0.031496 0.992126
vn -0.448819 0.866142 0.228346
vn -0.732283 -0.062992 0.677165
vn 0.582677 -0.377953 0.716535
vn 0.984252 0.015748 0.188976
vn -0.905512 0.007874 0.425197
vn -0.881890 0.007874 0.464567
vn -0.535433 -0.740157 0.401575
vn 0.779528 -0.464567 0.409449
vn 0.629921 0.661417 0.409449
vn 0.874016 0.377953 -0.307087
vn 0.708661 -0.692913 -0.141732
vn 0.881890 0.015748 0.480315
vn 0.952756 0.007874 0.299213
vn 0.937008 -0.023622 0.338583
vn 0.968504 -0.039370 0.251968
vn 0.637795 0.133858 -0.755905
vn -0.346457 0.031496 -0.937008
vn 0.866142 0.000000 0.503937
vn 0.787402 -0.070866 -0.606299
vn 0.889764 -0.165354 0.417323
vn 0.346457 0.889764 0.283464
vn -0.047244 0.984252 0.188976
vn -0.346457 -0.055118 -0.937008
vn 0.007874 1.000000 -0.031496
vn -0.047244 0.992126 -0.086614
vn -0.976378 0.015748 -0.220472
vn -0.992126 -0.086614 0.062992
vn 0.007874 1.000000 -0.015748
vn -0.181102 0.007874 0.984252
vn -0.354331 0.070866 0.929134
vn -0.133858 -0.031496 0.992126
vn 0.448819 0.866142 0.228346
vn 0.724409 -0.062992 0.692913
vn -0.582677 -0.377953 0.716535
vn -0.984252 0.015748 0.188976
vn 0.905512 0.007874 0.425197
vn 0.881890 0.007874 0.464567
vn 0.535433 -0.740157 0.401575
vn 0.779528 -0.464567 0.409449
vn 0.629921 0.661417 0.409449
vn 0.874016 0.377953 -0.307087
vn 0.708661 -0.692913 -0.141732
vn 0.881890 0.015748 0.480315
vn 0.952756 0.007874 0.299213
vn 0.937008 -0.023622 0.338583
vn 0.968504 -0.039370 0.251968
vn 0.637795 0.133858 -0.755905
vn -0.346457 0.031496 -0.937008
vn 0.866142 0.000000 0.503937
vn 0.787402 -0.070866 -0.606299
vn 0.889764 -0.165354 0.417323
vn 0.346457 0.889764 0.283464
vn -0.047244 0.984252 0.188976
vn -0.346457 -0.055118 -0.937008
vn 0.007874 1.000000 -0.031496
vn -0.047244 0.992126 -0.086614
vn -0.976378 0.015748 -0.220472
vn -0.992126 -0.086614 0.062992
vn 0.007874 1.000000 -0.015748
vn -0.181102 0.007874 0.984252
vn -0.354331 0.070866 0.929134
vn -0.133858 -0.031496 0.992126
vn 0.448819 0.866142 0.228346
vn 0.724409 -0.062992 0.692913
vn -0.582677 -0.377953 0.716535
vn -0.984252 0.015748 0.188976
vn 0.905512 0.007874 0.425197
vn 0.881890 0.007874 0.464567
vn 0.535433 -0.740157 0.401575
vn 0.779528 -0.464567 0.409449
vn 0.629921 0.661417 0.409449
vn 0.874016 0.377953 -0.307087
vn 0.708661 -0.692913 -0.141732
vn 0.881890 0.015748 0.480315
vn 0.952756 0.007874 0.299213
vn 0.937008 -0.023622 0.338583
vn 0.968504 -0.039370 0.251968
vn 0.637795 0.133858 -0.755905
vn -0.346457 0.031496 -0.937008
vn 0.866142 0.000000 0.503937
vn 0.787402 -0.070866 -0.606299
vn 0.889764 -0.165354 0.417323
vn 0.346457 0.889764 0.283464
vn -0.047244 0.984252 0.188976
vn -0.346457 -0.055118 -0.937008
vn 0.007874 1.000000 -0.031496
vn -0.047244 0.992126 -0.086614
vn -0.976378 0.015748 -0.220472
vn -0.992126 -0.086614 0.062992
vn 0.007874 1.000000 -0.015748
vn -0.181102 0.007874 0.984252
vn -0.354331 0.070866 0.929134
vn -0.133858 -0.031496 0.992126
vn 0.448819 0.866142 0.228346
vn 0.724409 -0.062992 0.692913
vn -0.582677 -0.377953 0.716535
vn -0.984252 0.015748 0.188976
vn 0.905512 0.007874 0.425197
vn 0.881890 0.007874 0.464567
vn 0.535433 -0.740157 0.401575
vn 0.779528 -0.464567 0.409449
vn 0.629921 0.661417 0.409449
vn 0.874016 0.377953 -0.307087
vn 0.708661 -0.692913 -0.141732
vn 0.881890 0.015748 0.480315
vn 0.952756 0.007874 0.299213
vn 0.937008 -0.023622 0.338583
vn 0.968504 -0.039370 0.251968
vn 0.637795 0.133858 -0.755905
vn -0.346457 0.031496 -0.937008
vn 0.866142 0.000000 0.503937
vn 0.787402 -0.070866 -0.606299
vn 0.889764 -0.165354 0.417323
vn 0.346457 0.889764 0.283464
vn -0.047244 0.984252 0.188976
vn -0.346457 -0.055118 -0.937008
vn 0.007874 1.000000 -0.031496
vn -0.047244 0.992126 -0.086614
vn -0.976378 0.015748 -0.220472
vn -0.992126 -0.086614 0.062992
vn 0.007874 1.000000 -0.015748
vn -0.181102 0.007874 0.984252
vn -0.354331 0.070866 0.929134
vn -0.133858 -0.031496 0.992126
vn 0.448819 0.866142 0.228346
vn 0.724409 -0.062992 0.692913
vn -0.582677 -0.377953 0.716535
vn -0.984252 0.015748 0.188976
vn 0.905512 0.007874 0.425197
vn 0.881890 0.007874 0.464567
vn 0.535433 -0.740157 0.401575
vn 0.779528 -0.464567 0.409449
vn 0.629921 0.661417 0.409449
vn 0.874016 0.377953 -0.307087
vn 0.708661 -0.692913 -0.141732
vn 0.881890 0.015748 0.480315
vn 0.952756 0.007874 0.299213
vn 0.937008 -0.023622 0.338583
vn 0.968504 -0.039370 0.251968
vn 0.637795 0.133858 -0.755905
vn -0.346457 0.031496 -0.937008
vn 0.866142 0.000000 0.503937
vn 0.787402 -0.070866 -0.606299
vn 0.889764 -0.165354 0.417323
vn 0.346457 0.889764 0.283464
vn -0.047244 0.984252 0.188976
vn -0.346457 -0.055118 -0.937008
vn 0.007874 1.000000 -0.031496
vn -0.047244 0.992126 -0.086614
vn -0.976378 0.015748 -0.220472
vn -0.992126 -0.086614 0.062992
vn 0.007874 1.000000 -0.015748
vn -0.181102 0.007874 0.984252
vn -0.354331 0.070866 0.929134
vn -0.133858 -0.031496 0.992126
vn 0.448819 0.866142 0.228346
vn 0.724409 -0.062992 0.692913
vn -0.582677 -0.377953 0.716535
vn -0.984252 0.015748 0.188976
vn 0.905512 0.007874 0.425197
vn 0.881890 0.007874 0.464567
vn 0.535433 -0.740157 0.401575
vn -0.779528 -0.464567 0.409449
vn -0.874016 0.377953 -0.307087
vn -0.629921 0.661417 0.409449
vn -0.708661 -0.692913 -0.141732
vn -0.881890 0.015748 0.480315
vn -0.952756 0.007874 0.299213
vn -0.968504 -0.039370 0.251968
vn -0.937008 -0.023622 0.338583
vn -0.637795 0.133858 -0.755905
vn 0.346457 0.031496 -0.937008
vn -0.866142 0.000000 0.503937
vn -0.787402 -0.070866 -0.606299
vn -0.889764 -0.165354 0.417323
vn -0.346457 0.889764 0.283464
vn 0.047244 0.984252 0.188976
vn 0.346457 -0.055118 -0.937008
vn -0.007874 1.000000 -0.031496
vn 0.047244 0.992126 -0.086614
vn 0.976378 0.015748 -0.220472
vn 0.992126 -0.086614 0.062992
vn -0.007874 1.000000 -0.015748
vn 0.181102 0.007874 0.984252
vn 0.354331 0.070866 0.929134
vn 0.133858 -0.031496 0.992126
vn -0.448819 0.866142 0.228346
vn -0.724409 -0.062992 0.692913
vn 0.582677 -0.377953 0.716535
vn 0.984252 0.015748 0.188976
vn -0.905512 0.007874 0.425197
vn -0.881890 0.007874 0.464567
vn -0.535433 -0.740157 0.401575
vn -0.779528 -0.464567 0.409449
vn -0.874016 0.377953 -0.307087
vn -0.629921 0.661417 0.409449
vn -0.708661 -0.692913 -0.141732
vn -0.881890 0.015748 0.480315
vn -0.952756 0.007874 0.299213
vn -0.968504 -0.039370 0.251968
vn -0.937008 -0.023622 0.338583
vn -0.637795 0.133858 -0.755905
vn 0.346457 0.031496 -0.937008
vn -0.866142 0.000000 0.503937
vn -0.787402 -0.070866 -0.606299
vn -0.889764 -0.165354 0.417323
vn -0.346457 0.889764 0.283464
vn 0.047244 0.984252 0.188976
vn 0.346457 -0.055118 -0.937008
vn -0.007874 1.000000 -0.031496
vn 0.047244 0.992126 -0.086614
vn 0.976378 0.015748 -0.220472
vn 0.992126 -0.086614 0.062992
vn -0.007874 1.000000 -0.015748
vn 0.181102 0.007874 0.984252
vn 0.354331 0.070866 0.929134
vn 0.133858 -0.031496 0.992126
vn -0.448819 0.866142 0.228346
vn -0.724409 -0.062992 0.692913
vn 0.582677 -0.377953 0.716535
vn 0.984252 0.015748 0.188976
vn -0.905512 0.007874 0.425197
vn -0.881890 0.007874 0.464567
vn -0.535433 -0.740157 0.401575
vn -0.779528 -0.464567 0.409449
vn -0.874016 0.377953 -0.307087
vn -0.629921 0.661417 0.409449
vn -0.708661 -0.692913 -0.141732
vn -0.881890 0.015748 0.480315
vn -0.952756 0.007874 0.299213
vn -0.968504 -0.039370 0.251968
vn -0.937008 -0.023622 0.338583
vn -0.637795 0.133858 -0.755905
vn 0.346457 0.031496 -0.937008
vn -0.866142 0.000000 0.503937
vn -0.787402 -0.070866 -0.606299
vn -0.889764 -0.165354 0.417323
vn -0.346457 0.889764 0.283464
vn 0.047244 0.984252 0.188976
vn 0.346457 -0.055118 -0.937008
vn -0.007874 1.000000 -0.031496
vn 0.047244 0.992126 -0.086614
vn 0.976378 0.015748 -0.220472
vn 0.992126 -0.086614 0.062992
vn -0.007874 1.000000 -0.015748
vn 0.181102 0.007874 0.984252
vn 0.354331 0.070866 0.929134
vn 0.133858 -0.031496 0.992126
vn -0.448819 0.866142 0.228346
vn -0.724409 -0.062992 0.692913
vn 0.582677 -0.377953 0.716535
vn 0.984252 0.015748 0.188976
vn -0.905512 0.007874 0.425197
vn -0.881890 0.007874 0.464567
vn -0.535433 -0.740157 0.401575
vn 0.724409 0.062992 0.685039
vn 0.881890 0.007874 0.464567
vn 0.905512 0.007874 0.425197
vn -0.125984 -0.031496 0.992126
vn 0.015748 1.000000 -0.007874
vn -0.448819 0.039370 0.897638
vn 0.535433 -0.740157 0.401575
vn -0.606299 -0.181102 0.771653
vn -0.173228 0.007874 0.984252
vn -0.976378 0.007874 -0.228346
vn -0.984252 0.015748 -0.196850
vn -0.007874 1.000000 -0.000000
vn -0.346457 -0.070866 -0.937008
vn 0.007874 1.000000 -0.031496
vn -0.338583 0.047244 -0.937008
vn -0.047244 0.984252 0.188976
vn 0.692913 0.220472 -0.685039
vn 0.708661 -0.692913 -0.141732
vn 0.779528 -0.480315 0.401575
vn 0.629921 0.661417 0.409449
vn 0.787402 -0.070866 -0.606299
vn 0.944882 0.062992 0.314961
vn 0.866142 0.000000 0.503937
vn 1.000000 0.015748 0.055118
vn 0.952756 0.015748 0.291339
vn -0.992126 -0.102362 -0.015748
vn -0.952756 -0.307087 0.000000
vn -0.992126 -0.102362 0.000000
vn -0.543307 -0.456693 -0.708661
vn -0.543307 -0.456693 -0.708661
vn -0.543307 -0.456693 -0.708661
vn -0.763780 -0.637795 0.000000
vn -0.763780 -0.637795 0.000000
vn -0.763780 -0.637795 0.000000
vn -0.456693 -0.456693 -0.763779
vn -0.456693 -0.456693 -0.763779
vn -0.456693 -0.456693 -0.763779
vn 0.283465 -0.637795 -0.716535
vn 0.283465 -0.637795 -0.716535
vn 0.283465 -0.637795 -0.716535
vn 0.543307 -0.456693 -0.708661
vn 0.543307 -0.456693 -0.708661
vn 0.543307 -0.456693 -0.708661
vn 0.763780 -0.637795 0.000000
vn 0.763780 -0.637795 0.000000
vn 0.763780 -0.637795 0.000000
vn 0.858268 -0.456693 0.244095
vn 0.858268 -0.456693 0.244095
vn 0.858268 -0.456693 0.244095
vn 0.456693 -0.456693 -0.763779
vn 0.456693 -0.456693 -0.763779
vn 0.456693 -0.456693 -0.763779
vn 0.283465 -0.637795 0.716535
vn 0.283465 -0.637795 0.716535
vn 0.283465 -0.637795 0.716535
vn -0.283465 -0.637795 -0.716535
vn -0.283465 -0.637795 -0.716535
vn -0.283465 -0.637795 -0.716535
vn 0.937008 0.000000 0.338583
vn 0.905512 0.015748 0.425197
vn 0.976378 -0.000000 -0.228346
vn 0.732283 -0.070866 -0.677165
vn 0.511811 -0.000000 -0.858268
vn 0.118110 -0.000000 -0.992126
vn 0.086614 -0.031496 -0.992126
vn -0.204724 -0.692913 -0.692913
vn 0.811024 -0.582677 -0.055118
vn -0.637795 -0.732283 -0.244094
vn 0.842520 -0.535433 0.062992
vn 0.716535 -0.370079 0.590551
vn 0.078740 -0.866142 0.496063
vn 0.937008 0.055118 0.338583
vn 0.929134 -0.023622 0.377953
vn 0.716535 -0.425197 0.551181
vn 0.763780 0.000000 0.645669
vn -0.055118 -0.031496 1.000000
vn 0.937008 0.000000 0.362205
vn 0.921260 0.000000 0.385827
vn 0.503937 0.000000 0.866142
vn 0.551181 0.000000 0.834646
vn -0.212598 0.000000 0.976378
vn -0.133858 0.000000 0.992126
vn -0.645669 0.000000 0.763779
vn -0.606299 -0.023622 0.795275
vn -0.606299 -0.748031 0.259843
vn -0.086614 -0.842520 0.535433
vn -0.291339 -0.881890 0.370079
vn -0.787402 -0.622047 0.015748
vn -0.779528 -0.527559 -0.338583
vn -0.574803 -0.251968 0.779527
vn -0.291339 -0.889764 0.354331
vn -0.472441 -0.062992 0.874016
vn -0.582677 -0.007874 0.811023
vn -0.582677 0.000000 0.811023
vn -0.976378 -0.015748 -0.204724
vn -0.881890 0.007874 0.472441
vn -1.000000 -0.000000 -0.078740
vn -1.000000 -0.000000 -0.078740
vn -0.992126 -0.007874 0.094488
vn -0.984252 -0.007874 -0.181102
vn -0.992126 -0.000000 -0.118110
vn -1.000000 0.000000 0.039370
vn -1.000000 0.000000 0.039370
vn -0.267717 -0.874016 0.393701
vn -0.929134 0.086614 -0.354331
vn -0.937008 -0.039370 -0.354331
vn -0.889764 0.125984 -0.433071
vn -0.944882 0.086614 -0.322835
vn 0.070866 -0.881890 -0.472441
vn -0.582677 -0.110236 0.803149
vn -0.629921 -0.307086 0.716535
vn -0.661417 -0.007874 0.755905
vn -0.661417 0.000000 0.748031
vn -0.897638 0.007874 0.440945
vn -0.952756 -0.000000 -0.307087
vn -0.929134 -0.000000 -0.370079
vn -0.929134 -0.000000 -0.370079
vn 0.125984 -0.881890 -0.448819
vn -0.944882 0.086614 -0.322835
vn -0.913386 0.007874 -0.417323
vn 0.173228 -0.086614 -0.984252
vn 0.023622 -0.291339 -0.952756
vn 0.031496 -0.000000 -1.000000
vn 0.031496 -0.000000 -1.000000
vn -0.629921 0.007874 -0.779527
vn -0.937008 -0.000000 -0.354331
vn -0.929134 -0.000000 -0.370079
vn 0.149606 -0.811024 -0.566929
vn 0.055118 -0.881890 -0.472441
vn -0.850394 -0.236221 -0.472441
vn -0.866142 -0.007874 -0.496063
vn -0.779528 -0.000000 -0.622047
vn -0.779528 -0.000000 -0.622047
vn -0.370079 -0.007874 -0.929134
vn 0.204724 -0.062992 -0.976378
vn 0.125984 -0.000000 -0.992126
vn 0.125984 -0.000000 -0.992126
vn 0.125984 -0.259843 -0.960630
vn -0.850394 -0.007874 -0.527559
vn -0.629921 -0.007874 -0.771653
vn -0.803150 -0.000000 -0.598425
vn -0.708661 -0.000000 -0.708661
vn -0.708661 -0.000000 -0.708661
vn -0.976378 -0.000000 -0.228346
vn -0.905512 0.015748 0.425197
vn -0.937008 0.000000 0.338583
vn -0.740157 -0.062992 -0.669291
vn -0.511811 -0.000000 -0.858268
vn -0.118110 -0.000000 -0.992126
vn -0.086614 -0.031496 -0.992126
vn 0.204724 -0.692913 -0.692913
vn -0.811024 -0.582677 -0.062992
vn 0.637795 -0.732283 -0.244094
vn -0.850394 -0.519685 0.070866
vn -0.921260 -0.362205 0.110236
vn -0.448819 -0.685039 0.574803
vn -0.937008 0.047244 0.338583
vn -0.929134 -0.015748 0.370079
vn -0.724409 -0.425197 0.551181
vn -0.795276 -0.007874 0.606299
vn 0.078740 -0.031496 1.000000
vn -0.921260 0.000000 0.385827
vn -0.929134 0.000000 0.362205
vn -0.551181 0.000000 0.834646
vn 0.606299 0.000000 0.795275
vn 0.212598 0.000000 0.976378
vn 0.590551 -0.031496 0.803149
vn 0.637795 0.000000 0.763779
vn 0.622047 -0.748031 0.236221
vn 0.125984 -0.842520 0.519685
vn 0.291339 -0.881890 0.370079
vn 0.779528 -0.622047 0.015748
vn 0.779528 -0.527559 -0.338583
vn 0.566929 -0.251968 0.779527
vn 0.291339 -0.889764 0.354331
vn 0.472441 -0.062992 0.874016
vn 0.582677 -0.007874 0.811023
vn 0.582677 0.000000 0.811023
vn 0.976378 -0.015748 -0.204724
vn 0.881890 0.007874 0.472441
vn 1.000000 -0.000000 -0.078740
vn 1.000000 -0.000000 -0.078740
vn 0.984252 -0.007874 -0.173228
vn 1.000000 -0.015748 0.055118
vn 1.000000 0.000000 0.055118
vn 0.992126 -0.000000 -0.118110
vn 1.000000 0.000000 0.039370
vn 1.000000 0.000000 0.039370
vn 0.929134 0.086614 -0.354331
vn 0.267717 -0.874016 0.393701
vn 0.937008 -0.039370 -0.354331
vn 0.889764 0.125984 -0.433071
vn -0.070866 -0.881890 -0.472441
vn 0.944882 0.086614 -0.322835
vn 0.582677 -0.110236 0.803149
vn 0.629921 -0.307086 0.716535
vn 0.661417 -0.007874 0.755905
vn 0.661417 0.000000 0.748031
vn 0.897638 0.007874 0.440945
vn 0.952756 -0.000000 -0.307087
vn 0.929134 -0.000000 -0.370079
vn 0.929134 -0.000000 -0.370079
vn -0.125984 -0.881890 -0.448819
vn 0.944882 0.086614 -0.322835
vn 0.913386 0.007874 -0.417323
vn -0.173228 -0.086614 -0.984252
vn -0.023622 -0.291339 -0.952756
vn -0.031496 -0.000000 -1.000000
vn -0.031496 -0.000000 -1.000000
vn 0.629921 0.007874 -0.779527
vn 0.937008 -0.000000 -0.354331
vn 0.929134 -0.000000 -0.370079
vn -0.055118 -0.881890 -0.472441
vn -0.149606 -0.811024 -0.566929
vn 0.850394 -0.236221 -0.472441
vn 0.866142 -0.007874 -0.496063
vn 0.779528 -0.000000 -0.622047
vn 0.779528 -0.000000 -0.622047
vn 0.370079 -0.007874 -0.929134
vn -0.204724 -0.062992 -0.976378
vn -0.125984 -0.000000 -0.992126
vn -0.125984 -0.000000 -0.992126
vn -0.125984 -0.259843 -0.960630
vn 0.850394 -0.007874 -0.527559
vn 0.629921 -0.007874 -0.771653
vn 0.803150 -0.000000 -0.598425
vn 0.708661 -0.000000 -0.708661
vn 0.708661 -0.000000 -0.708661
vn -0.858268 0.519685 -0.000000
vn -0.622047 0.370079 -0.685039
vn -0.866142 0.503937 -0.007874
vn -0.606299 0.362205 -0.700787
vn -0.307087 0.503937 0.803149
vn -0.850394 0.385827 0.354331
vn -0.874016 0.362205 0.314961
vn -0.314961 0.519685 0.795275
vn 0.322835 0.519685 -0.795276
vn 0.307087 0.503937 -0.803150
vn -0.409449 0.370079 -0.834646
vn -0.433071 0.370079 -0.826772
vn -0.283465 -0.637795 0.716535
vn -0.283465 -0.637795 0.716535
vn -0.283465 -0.637795 0.716535
vn -0.283465 -0.637795 0.716535
vn 0.622047 0.370079 -0.685039
vn 0.858268 0.519685 -0.023622
vn 0.866142 0.503937 0.007874
vn 0.606299 0.362205 -0.700787
vn 0.314961 0.519685 0.795275
vn 0.314961 0.503937 0.803149
vn 0.866142 0.370079 0.330709
vn 0.881890 0.362205 0.307087
vn -0.307087 0.503937 -0.803150
vn -0.322835 0.519685 -0.795276
vn 0.409449 0.370079 -0.834646
vn 0.433071 0.370079 -0.826772
vn 0.015748 0.007874 1.000000
vn -0.023622 0.000000 1.000000
vn -0.574803 0.000000 0.818897
vn -0.952756 -0.007874 0.291339
vn -0.488189 -0.165354 0.858268
vn -0.968504 -0.000000 -0.236220
vn -0.984252 0.000000 0.157480
vn -0.952756 -0.039370 -0.314961
vn -0.653543 -0.677165 -0.330709
vn -0.385827 -0.645669 0.661417
vn -0.409449 -0.897638 -0.181102
vn -0.307087 -0.598425 0.740157
vn 0.433071 -0.677165 0.590551
vn -0.196850 -0.023622 -0.984252
vn -0.433071 -0.000000 -0.897638
vn -0.259843 -0.000000 -0.968504
vn -0.401575 -0.000000 -0.913386
vn -0.401575 -0.000000 -0.913386
vn -0.480315 -0.858268 -0.181102
vn -0.307087 -0.645669 -0.700787
vn 0.000000 -0.685039 -0.732283
vn -0.992126 -0.062992 -0.133858
vn -0.937008 -0.275591 -0.236220
vn -0.968504 -0.007874 -0.244094
vn -0.968504 -0.000000 -0.244094
vn -0.763780 0.007874 -0.653543
vn -0.118110 -0.007874 -0.992126
vn -0.291339 -0.000000 -0.952756
vn -0.299213 -0.000000 -0.952756
vn 0.433071 -0.866142 0.259843
vn -0.047244 0.062992 1.000000
vn 0.007874 -0.015748 1.000000
vn 0.244094 -0.409449 0.874016
vn 0.330709 0.000000 0.944882
vn 0.952756 -0.031496 0.299213
vn 0.023622 0.000000 1.000000
vn -0.015748 0.000000 1.000000
vn 0.574803 0.000000 0.818897
vn 0.960630 -0.000000 -0.275591
vn 0.984252 0.000000 0.157480
vn 0.968504 0.007874 -0.259842
vn 0.590551 -0.606299 -0.527559
vn 0.535433 -0.834646 0.125984
vn 0.354331 -0.740157 -0.566929
vn 0.929134 -0.307087 -0.220472
vn 0.181102 -0.007874 -0.984252
vn 0.448819 0.007874 -0.897638
vn 0.251969 -0.000000 -0.968504
vn 0.401575 -0.000000 -0.913386
vn 0.401575 -0.000000 -0.913386
vn 0.992126 -0.055118 -0.133858
vn 0.968504 -0.007874 -0.244094
vn 0.968504 -0.000000 -0.244094
vn 0.118110 -0.007874 -0.992126
vn 0.763780 0.007874 -0.645669
vn 0.291339 -0.000000 -0.952756
vn 0.299213 -0.000000 -0.952756
vn -0.472441 -0.874016 -0.118110
vn -0.425197 -0.842520 -0.330709
vn -0.196850 -0.102362 -0.976378
vn -0.881890 -0.456693 -0.149606
vn 0.039370 0.078740 -1.000000
vn -0.015748 0.086614 -0.992126
vn 0.023622 0.007874 -1.000000
vn -0.039370 0.070866 -1.000000
vn 0.417323 -0.787401 -0.448819
vn 0.480315 -0.874016 0.039370
vn 0.173228 -0.023622 -0.984252
vn 0.000000 -0.000000 -1.000000
vn 0.000000 -0.000000 -1.000000
vn 0.000000 -0.000000 -1.000000
vn 0.606299 -0.007874 -0.795275
vn 0.984252 -0.031496 -0.165354
vn 0.889764 -0.314961 -0.338583
vn 0.944882 -0.000000 -0.338583
vn 0.944882 -0.007874 -0.338583
vn -0.984252 -0.031496 -0.165354
vn -0.944882 -0.007874 -0.338583
vn -0.944882 -0.000000 -0.338583
vn -0.511811 -0.023622 -0.858268
vn 0.007874 -0.000000 -1.000000
vn 0.000000 -0.000000 -1.000000
vn 0.433071 0.897638 -0.000000
vn 0.440945 0.897638 -0.000000
vn 0.496063 0.866142 -0.000000
vn 0.448819 0.897638 -0.000000
vn 0.535433 0.842520 -0.000000
vn 0.921260 0.377953 -0.000000
vn 1.000000 0.039370 -0.000000
vn 1.000000 0.015748 -0.000000
vn 1.000000 0.000000 0.000000
vn 1.000000 0.000000 0.000000
vn -0.496063 0.866142 -0.000000
vn -0.456693 0.889764 -0.000000
vn -0.433071 0.905512 -0.000000
vn -0.401575 0.913386 -0.000000
vn -0.496063 0.874016 -0.000000
vn -0.881890 0.472441 -0.000000
vn -1.000000 0.047244 -0.000000
vn -1.000000 0.007874 -0.000000
vn -1.000000 0.000000 0.000000
vn -1.000000 0.000000 0.000000
vn -0.181102 0.866142 0.456693
vn -0.157480 0.897638 0.401575
vn -0.181102 0.866142 0.456693
vn -0.157480 0.897638 0.409449
vn -0.149606 0.905512 0.385827
vn -0.338583 0.362205 0.866142
vn -0.362205 0.078740 0.929134
vn -0.362205 0.015748 0.929134
vn -0.370079 0.000000 0.929134
vn -0.370079 0.000000 0.929134
vn 0.157480 0.905512 -0.393701
vn 0.173228 0.881890 -0.433071
vn 0.181102 0.866142 -0.456693
vn 0.165354 0.889764 -0.425197
vn 0.165354 0.897638 -0.409449
vn 0.338583 0.401575 -0.850394
vn 0.362205 0.047244 -0.929134
vn 0.370079 0.007874 -0.929134
vn 0.370079 -0.000000 -0.929134
vn 0.370079 -0.000000 -0.929134
vn 0.157480 0.897638 0.401575
vn 0.181102 0.866142 0.456693
vn 0.181102 0.866142 0.456693
vn 0.157480 0.897638 0.409449
vn 0.149606 0.905512 0.385827
vn 0.338583 0.362205 0.866142
vn 0.362205 0.078740 0.929134
vn 0.362205 0.015748 0.929134
vn 0.370079 0.000000 0.929134
vn 0.370079 0.000000 0.929134
vn -0.173228 0.881890 -0.433071
vn -0.157480 0.905512 -0.393701
vn -0.181102 0.866142 -0.456693
vn -0.165354 0.889764 -0.425197
vn -0.165354 0.897638 -0.409449
vn -0.338583 0.401575 -0.850394
vn -0.362205 0.047244 -0.929134
vn -0.370079 0.007874 -0.929134
vn -0.370079 -0.000000 -0.929134
vn -0.370079 -0.000000 -0.929134
vn -0.244094 -0.968504 -0.007874
vn -0.251969 -0.968504 0.000000
vn -0.314961 -0.944882 0.000000
vn -0.267717 -0.960630 -0.015748
vn -0.236220 -0.968504 -0.062992
vn -0.291339 -0.952756 -0.055118
vn -0.291339 -0.952756 -0.094488
vn -0.228346 -0.968504 -0.125984
vn -0.275591 -0.952756 -0.133858
vn -0.196850 -0.968504 -0.141732
vn -0.275591 -0.937008 -0.196850
vn -0.181102 -0.968504 -0.181102
vn -0.236220 -0.944882 -0.236220
vn -0.133858 -0.976378 -0.181102
vn -0.196850 -0.937008 -0.275590
vn -0.118110 -0.968504 -0.228346
vn -0.149606 -0.944882 -0.299212
vn -0.070866 -0.976378 -0.220472
vn -0.102362 -0.937008 -0.322834
vn -0.039370 -0.968504 -0.251968
vn -0.055118 -0.944882 -0.330709
vn 0.000000 -0.976378 -0.228346
vn 0.000000 -0.937008 -0.346457
vn 0.039370 -0.968504 -0.251968
vn 0.055118 -0.944882 -0.330709
vn 0.070866 -0.976378 -0.220472
vn 0.102362 -0.937008 -0.322834
vn 0.118110 -0.968504 -0.228346
vn 0.149606 -0.944882 -0.299212
vn 0.133858 -0.976378 -0.181102
vn 0.196850 -0.937008 -0.275590
vn 0.181102 -0.968504 -0.181102
vn 0.236220 -0.944882 -0.236220
vn 0.212598 -0.968504 -0.141732
vn 0.275591 -0.937008 -0.196850
vn 0.275591 -0.952756 -0.133858
vn 0.291339 -0.952756 -0.094488
vn 0.165354 -0.984252 -0.023622
vn 0.425197 -0.897638 -0.133858
vn 0.433071 -0.897638 -0.078740
vn 0.440945 -0.897638 -0.023622
vn 0.322835 -0.944882 0.000000
vn 0.259843 -0.968504 0.000000
vn 0.322835 -0.944882 -0.015748
vn -0.212598 0.976378 -0.000000
vn -0.212598 0.976378 -0.007874
vn -0.275591 0.960630 -0.000000
vn -0.251969 0.968504 -0.007874
vn -0.220472 0.976378 -0.039370
vn -0.228346 0.976378 -0.055118
vn -0.267717 0.960630 -0.086614
vn -0.212598 0.968504 -0.110236
vn -0.196850 0.976378 -0.094488
vn -0.157480 0.984252 -0.110236
vn -0.228346 0.960630 -0.165354
vn -0.141732 0.976378 -0.141732
vn -0.196850 0.960630 -0.188976
vn -0.110236 0.984252 -0.157480
vn -0.165354 0.960630 -0.228347
vn -0.094488 0.976378 -0.181102
vn -0.125984 0.960630 -0.244095
vn -0.062992 0.984252 -0.181102
vn -0.086614 0.960630 -0.267717
vn -0.031496 0.976378 -0.196850
vn -0.039370 0.960630 -0.267717
vn 0.000000 0.976378 -0.212599
vn 0.000000 0.968504 -0.259843
vn 0.031496 0.976378 -0.196850
vn 0.039370 0.960630 -0.267717
vn 0.062992 0.984252 -0.181102
vn 0.086614 0.960630 -0.267717
vn 0.094488 0.976378 -0.181102
vn 0.125984 0.960630 -0.244095
vn 0.110236 0.984252 -0.157480
vn 0.165354 0.960630 -0.228347
vn 0.141732 0.976378 -0.141732
vn 0.196850 0.960630 -0.188976
vn 0.157480 0.984252 -0.110236
vn 0.228346 0.960630 -0.165354
vn 0.196850 0.976378 -0.094488
vn 0.212598 0.968504 -0.110236
vn 0.228346 0.976378 -0.055118
vn 0.267717 0.960630 -0.086614
vn 0.220472 0.976378 -0.039370
vn 0.251969 0.968504 -0.007874
vn 0.212598 0.976378 -0.007874
vn 0.212598 0.976378 -0.000000
vn 0.275591 0.960630 -0.000000
vn -0.204724 -0.976378 -0.007874
vn -0.196850 -0.976378 0.000000
vn -0.259843 -0.968504 0.000000
vn -0.236220 -0.968504 -0.007874
vn -0.212598 -0.976378 -0.039370
vn -0.220472 -0.976378 -0.055118
vn -0.251969 -0.968504 -0.086614
vn -0.196850 -0.976378 -0.102362
vn -0.188976 -0.976378 -0.094488
vn -0.149606 -0.984252 -0.110236
vn -0.220472 -0.960630 -0.157480
vn -0.133858 -0.984252 -0.133858
vn -0.188976 -0.968504 -0.188976
vn -0.110236 -0.984252 -0.149606
vn -0.157480 -0.960630 -0.220472
vn -0.086614 -0.984252 -0.173228
vn -0.118110 -0.968504 -0.236220
vn -0.055118 -0.984252 -0.173228
vn -0.086614 -0.960630 -0.259842
vn -0.031496 -0.984252 -0.188976
vn -0.039370 -0.968504 -0.259842
vn 0.000000 -0.976378 -0.204724
vn 0.000000 -0.968504 -0.251968
vn 0.031496 -0.984252 -0.188976
vn 0.039370 -0.968504 -0.259842
vn 0.055118 -0.984252 -0.173228
vn 0.086614 -0.960630 -0.259842
vn 0.086614 -0.984252 -0.173228
vn 0.118110 -0.968504 -0.236220
vn 0.110236 -0.984252 -0.149606
vn 0.157480 -0.960630 -0.220472
vn 0.133858 -0.984252 -0.133858
vn 0.188976 -0.968504 -0.188976
vn 0.149606 -0.984252 -0.110236
vn 0.220472 -0.960630 -0.157480
vn 0.188976 -0.976378 -0.094488
vn 0.196850 -0.976378 -0.102362
vn 0.212598 -0.976378 -0.055118
vn 0.251969 -0.960630 -0.086614
vn 0.212598 -0.976378 -0.039370
vn 0.244094 -0.968504 -0.007874
vn 0.204724 -0.976378 -0.007874
vn 0.196850 -0.976378 0.000000
vn 0.259843 -0.968504 0.000000
vn 0.622047 -0.362205 -0.700787
vn 0.874016 -0.480315 -0.094488
vn 0.622047 -0.346457 -0.700787
vn 0.866142 -0.503937 -0.039370
vn 0.677165 -0.409449 -0.614173
vn 0.850394 -0.519685 0.000000
vn 0.000000 -0.000000 -1.000000
vn 0.000000 -0.000000 -1.000000
vn 0.000000 -0.000000 -1.000000
vn 0.000000 -0.000000 -1.000000
vn 0.000000 -0.000000 -1.000000
vn 0.000000 -0.000000 -1.000000
vn 0.000000 -0.000000 -1.000000
vn 0.000000 -0.000000 -1.000000
vn -0.874016 -0.362205 0.322835
vn -0.881890 -0.346457 0.322835
vn -0.401575 -0.480315 0.779527
vn -0.346457 -0.503937 0.795276
vn -0.818898 -0.417323 0.401575
vn -0.314961 -0.527559 0.787401
vn -0.425197 -0.362205 -0.834646
vn 0.228346 -0.480315 -0.842520
vn -0.425197 -0.346457 -0.834646
vn 0.275591 -0.503937 -0.818897
vn -0.322835 -0.409449 -0.850394
vn 0.314961 -0.519685 -0.795275
vn -0.929134 -0.000000 -0.370079
vn -0.929134 -0.000000 -0.370079
vn -0.929134 -0.000000 -0.370079
vn -0.929134 -0.000000 -0.370079
vn -0.929134 -0.000000 -0.370079
vn -0.929134 -0.000000 -0.370079
vn -0.929134 -0.000000 -0.370079
vn -0.929134 -0.000000 -0.370079
vn -0.874016 -0.480315 -0.094488
vn -0.622047 -0.362205 -0.700787
vn -0.622047 -0.346457 -0.700787
vn -0.866142 -0.503937 -0.039370
vn -0.677165 -0.409449 -0.614173
vn -0.850394 -0.519685 0.000000
vn 0.881890 -0.346457 0.322835
vn 0.874016 -0.362205 0.322835
vn 0.401575 -0.480315 0.779527
vn 0.346457 -0.503937 0.795276
vn 0.818898 -0.417323 0.401575
vn 0.314961 -0.527559 0.787401
vn -0.228346 -0.480315 -0.842520
vn 0.425197 -0.362205 -0.834646
vn 0.425197 -0.346457 -0.834646
vn -0.275591 -0.503937 -0.818897
vn 0.322835 -0.409449 -0.850394
vn -0.314961 -0.519685 -0.795275
vn 0.929134 -0.000000 -0.370079
vn 0.929134 -0.000000 -0.370079
vn 0.929134 -0.000000 -0.370079
vn 0.929134 -0.000000 -0.370079
vn 0.929134 -0.000000 -0.370079
vn 0.929134 -0.000000 -0.370079
vn 0.929134 -0.000000 -0.370079
vn 0.929134 -0.000000 -0.370079
vn -0.992126 -0.141732 -0.039370
vn -0.992126 0.133858 -0.000000
vn -0.984252 -0.165354 0.000000
vn -0.984252 0.157480 -0.039370
vn -0.960630 0.133858 -0.244094
vn -0.968504 -0.173228 -0.173228
vn -0.937008 -0.149606 -0.307087
vn -0.881890 -0.149606 -0.448819
vn -0.881890 0.141732 -0.448819
vn -0.803150 -0.133858 -0.582677
vn -0.795276 0.165354 -0.582677
vn -0.700787 0.141732 -0.700787
vn -0.700787 -0.149606 -0.700787
vn -0.582677 0.141732 -0.803149
vn -0.582677 -0.149606 -0.803149
vn -0.448819 0.141732 -0.881890
vn -0.448819 -0.173228 -0.881890
vn -0.307087 -0.133858 -0.944882
vn -0.299213 0.149606 -0.944882
vn -0.157480 -0.133858 -0.976378
vn -0.157480 0.173228 -0.976378
vn 0.000000 0.133858 -0.992126
vn 0.000000 -0.165354 -0.984252
vn 0.157480 -0.133858 -0.976378
vn 0.157480 0.173228 -0.976378
vn 0.299213 0.149606 -0.944882
vn 0.307087 -0.133858 -0.944882
vn 0.448819 0.141732 -0.881890
vn 0.448819 -0.173228 -0.881890
vn 0.582677 -0.149606 -0.803149
vn 0.582677 0.141732 -0.803149
vn 0.700787 -0.149606 -0.700787
vn 0.700787 0.141732 -0.700787
vn 0.803150 -0.133858 -0.582677
vn 0.795276 0.165354 -0.582677
vn 0.881890 0.141732 -0.448819
vn 0.881890 -0.149606 -0.448819
vn 0.960630 0.133858 -0.244094
vn 0.937008 -0.149606 -0.307087
vn 0.968504 -0.181102 -0.173228
vn 0.992126 -0.133858 -0.039370
vn 0.984252 0.157480 -0.039370
vn 0.992126 0.133858 -0.000000
vn 0.984252 -0.165354 0.000000
vn -0.992126 -0.094488 0.000000
vn -0.992126 0.094488 -0.039370
vn -0.992126 0.118110 -0.000000
vn -0.992126 -0.102362 -0.039370
vn -0.968504 -0.094488 -0.244094
vn -0.976378 0.094488 -0.181102
vn -0.944882 0.094488 -0.314961
vn -0.889764 -0.102362 -0.448819
vn -0.881890 0.102362 -0.456693
vn -0.803150 -0.094488 -0.582677
vn -0.803150 0.086614 -0.590551
vn -0.708661 -0.102362 -0.700787
vn -0.700787 0.102362 -0.708661
vn -0.590551 -0.094488 -0.803149
vn -0.582677 0.086614 -0.811023
vn -0.456693 -0.102362 -0.881890
vn -0.448819 0.102362 -0.889764
vn -0.307087 -0.094488 -0.944882
vn -0.307087 0.086614 -0.944882
vn -0.157480 -0.086614 -0.984252
vn -0.157480 0.118110 -0.984252
vn 0.000000 0.086614 -1.000000
vn 0.000000 -0.118110 -0.992126
vn 0.157480 -0.086614 -0.984252
vn 0.157480 0.118110 -0.984252
vn 0.299213 0.086614 -0.944882
vn 0.307087 -0.094488 -0.944882
vn 0.448819 0.102362 -0.889764
vn 0.456693 -0.102362 -0.881890
vn 0.582677 0.086614 -0.811023
vn 0.582677 -0.102362 -0.803149
vn 0.700787 0.102362 -0.708661
vn 0.708661 -0.094488 -0.700787
vn 0.803150 0.086614 -0.582677
vn 0.803150 -0.118110 -0.582677
vn 0.889764 -0.086614 -0.456693
vn 0.881890 0.110236 -0.448819
vn 0.944882 0.086614 -0.314961
vn 0.968504 -0.094488 -0.236220
vn 0.976378 0.110236 -0.173228
vn 0.992126 0.086614 -0.039370
vn 0.992126 -0.102362 -0.039370
vn 0.992126 -0.094488 0.000000
vn 0.992126 0.118110 -0.000000
vn -0.007874 1.000000 -0.000000
vn 0.015748 1.000000 -0.000000
vn 0.015748 1.000000 -0.000000
vn 0.015748 1.000000 -0.000000
vn -0.015748 1.000000 -0.007874
vn 0.015748 1.000000 0.007874
vn -0.125984 0.992126 -0.007874
vn -0.125984 0.992126 -0.023622
vn 0.015748 1.000000 0.007874
vn 0.015748 1.000000 0.007874
vn -0.023622 1.000000 -0.023622
vn 0.015748 1.000000 0.015748
vn -0.110236 0.992126 -0.055118
vn -0.102362 0.992126 -0.078740
vn 0.007874 1.000000 0.015748
vn -0.007874 1.000000 -0.023622
vn -0.078740 0.992126 -0.110236
vn 0.007874 1.000000 0.015748
vn 0.007874 1.000000 0.015748
vn 0.000000 1.000000 -0.015748
vn -0.039370 0.992126 -0.125984
vn 0.000000 1.000000 0.015748
vn 0.000000 1.000000 0.015748
vn 0.000000 1.000000 -0.031496
vn 0.000000 0.992126 -0.133858
vn 0.000000 1.000000 0.015748
vn -0.007874 1.000000 0.015748
vn 0.007874 1.000000 -0.031496
vn 0.039370 0.992126 -0.125984
vn -0.007874 1.000000 0.015748
vn -0.007874 1.000000 0.015748
vn 0.023622 1.000000 -0.023622
vn 0.078740 0.992126 -0.110236
vn -0.015748 1.000000 0.015748
vn -0.015748 1.000000 0.007874
vn 0.102362 0.992126 -0.078740
vn 0.110236 0.992126 -0.055118
vn 0.015748 1.000000 -0.007874
vn -0.015748 1.000000 0.007874
vn -0.015748 1.000000 0.007874
vn -0.015748 1.000000 -0.000000
vn 0.125984 0.992126 -0.023622
vn 0.125984 0.992126 -0.007874
vn 0.007874 1.000000 -0.000000
vn -0.015748 1.000000 -0.000000
vn -0.015748 1.000000 -0.000000
vn -0.952756 -0.307087 0.000000
vn -0.992126 -0.102362 -0.015748
vn -0.984252 -0.165354 -0.055118
vn -0.992126 -0.141732 -0.039370
vn -0.992126 -0.102362 0.000000
vn -0.503937 -0.858268 0.007874
vn -0.039370 -1.000000 0.000000
vn -0.858268 -0.425197 -0.275590
vn -0.960630 -0.141732 -0.244094
vn -0.385827 -0.913386 -0.094488
vn -0.314961 -0.937008 -0.165354
vn -0.874016 -0.149606 -0.456693
vn -0.275591 -0.937008 -0.204724
vn -0.700787 -0.362205 -0.614173
vn -0.803150 -0.157480 -0.582677
vn -0.283465 -0.921260 -0.283464
vn -0.692913 -0.188976 -0.692913
vn -0.196850 -0.944882 -0.267716
vn -0.582677 -0.149606 -0.803149
vn -0.425197 -0.377953 -0.818897
vn -0.181102 -0.921260 -0.354331
vn -0.448819 -0.165354 -0.881890
vn -0.307087 -0.141732 -0.944882
vn -0.102362 -0.944882 -0.314960
vn -0.149606 -0.165354 -0.976378
vn -0.157480 -0.425197 -0.889764
vn -0.062992 -0.921260 -0.393701
vn 0.000000 -0.133858 -0.992126
vn 0.000000 -0.944882 -0.330709
vn 0.094488 -0.440945 -0.889764
vn 0.062992 -0.921260 -0.393701
vn 0.149606 -0.165354 -0.976378
vn 0.102362 -0.944882 -0.314960
vn 0.354331 -0.401575 -0.842520
vn 0.307087 -0.141732 -0.944882
vn 0.181102 -0.921260 -0.354331
vn 0.448819 -0.165354 -0.881890
vn 0.425197 -0.677165 -0.598425
vn 0.582677 -0.149606 -0.803149
vn 0.700787 -0.362205 -0.614173
vn 0.283465 -0.921260 -0.283464
vn 0.692913 -0.188976 -0.692913
vn 0.275591 -0.937008 -0.204724
vn 0.826772 -0.149606 -0.551181
vn 0.866142 -0.409449 -0.275590
vn 0.314961 -0.937008 -0.165354
vn 0.944882 -0.149606 -0.299213
vn 0.385827 -0.913386 -0.094488
vn 0.976378 -0.149606 -0.181102
vn 0.031496 -1.000000 0.000000
vn 0.984252 -0.149606 -0.039370
vn 0.992126 -0.133858 -0.039370
vn 0.574803 -0.818897 0.007874
vn 0.984252 -0.157480 0.000000
vn 1.000000 -0.007874 0.000000
vn 1.000000 0.000000 0.000000
vn 1.000000 0.000000 0.000000
vn 1.000000 -0.007874 0.000000
vn -1.000000 -0.007874 0.000000
vn -1.000000 0.000000 0.000000
vn -1.000000 0.000000 0.000000
vn -1.000000 -0.007874 0.000000
vn -0.858268 0.511811 -0.000000
vn -0.858268 0.503937 -0.000000
vn -0.858268 0.511811 -0.000000
vn -0.858268 0.503937 -0.000000
vn -0.763780 -0.637795 0.000000
vn -0.763780 -0.637795 0.000000
vn -0.763780 -0.637795 0.000000
vn -0.763780 -0.637795 0.000000
vn -0.314961 0.519685 0.795275
vn -0.314961 0.503937 0.803149
vn -0.314961 0.503937 0.803149
vn -0.314961 0.511811 0.795275
vn -0.283465 -0.637795 0.716535
vn -0.283465 -0.637795 0.716535
vn -0.283465 -0.637795 0.716535
vn -0.283465 -0.637795 0.716535
vn 0.314961 0.503937 -0.803150
vn 0.314961 0.503937 -0.803150
vn 0.314961 0.511811 -0.795276
vn 0.314961 0.519685 -0.795276
vn 0.283465 -0.637795 -0.716535
vn 0.283465 -0.637795 -0.716535
vn 0.283465 -0.637795 -0.716535
vn 0.283465 -0.637795 -0.716535
vn 0.866142 0.503937 -0.000000
vn 0.858268 0.519685 -0.000000
vn 0.858268 0.503937 -0.000000
vn 0.858268 0.511811 -0.000000
vn 0.763780 -0.637795 0.000000
vn 0.763780 -0.637795 0.000000
vn 0.763780 -0.637795 0.000000
vn 0.763780 -0.637795 0.000000
vn 0.314961 0.503937 0.803149
vn 0.314961 0.503937 0.803149
vn 0.314961 0.519685 0.795275
vn 0.314961 0.511811 0.795275
vn 0.283465 -0.637795 0.716535
vn 0.283465 -0.637795 0.716535
vn 0.283465 -0.637795 0.716535
vn 0.283465 -0.637795 0.716535
vn -0.314961 0.503937 -0.803150
vn -0.314961 0.503937 -0.803150
vn -0.314961 0.511811 -0.795276
vn -0.314961 0.519685 -0.795276
vn -0.283465 -0.637795 -0.716535
vn -0.283465 -0.637795 -0.716535
vn -0.283465 -0.637795 -0.716535
vn -0.283465 -0.637795 -0.716535
vn 0.000000 1.000000 -0.000000
vn 0.000000 1.000000 -0.000000
vn 0.000000 1.000000 -0.000000
vn 0.000000 1.000000 -0.000000
vn 0.000000 1.000000 -0.000000
vn 0.000000 1.000000 -0.000000
vn 0.000000 1.000000 -0.000000
vn 0.000000 1.000000 -0.000000
vn 0.000000 1.000000 -0.000000
vn 0.000000 1.000000 -0.000000
vn 0.000000 1.000000 -0.000000
vn 0.000000 1.000000 -0.000000
vn 0.000000 1.000000 -0.000000
vn 0.000000 1.000000 -0.000000
vn 0.000000 1.000000 -0.000000
vn 0.000000 1.000000 -0.000000
vn 0.000000 1.000000 -0.000000
vn 0.000000 1.000000 -0.000000
vn 0.000000 1.000000 -0.000000
vn 0.000000 1.000000 -0.000000
vn 0.000000 1.000000 -0.000000
vn 0.000000 1.000000 -0.000000
vn 0.000000 1.000000 -0.000000
vn 0.968504 0.000000 0.236220
vn 0.968504 -0.007874 0.251968
vn 0.968504 0.000000 0.236220
vn 0.960630 -0.015748 0.275591
vn 0.850394 -0.125984 0.503937
vn 0.464567 -0.275590 0.842520
vn 0.338583 -0.771653 0.543307
vn 0.401575 -0.732283 0.551181
vn 0.377953 -0.763779 0.527559
vn 0.015748 -0.141732 0.992126
vn -0.220472 -0.015748 0.976378
vn 0.299213 -0.748031 0.590551
vn -0.236220 -0.007874 0.968504
vn 0.330709 -0.748031 0.574803
vn -0.244094 0.000000 0.968504
vn -0.244094 0.000000 0.968504
vn 0.118110 -0.968504 0.204724
vn 0.000000 -1.000000 0.055118
vn -0.007874 -0.976378 -0.196850
vn 0.000000 -1.000000 -0.047244
vn -0.125984 -0.968504 0.204724
vn -0.385827 -0.779527 0.488189
vn 0.000000 -0.952756 -0.299212
vn -0.322835 -0.787401 0.519685
vn -0.346457 -0.779527 0.519685
vn 0.007874 -0.976378 -0.196850
vn -0.322835 -0.748031 0.582677
vn -0.307087 -0.771653 0.559055
vn 0.000000 -0.866142 -0.503937
vn 0.000000 -0.881890 -0.472441
vn 0.000000 -0.881890 -0.472441
vn 0.000000 -0.897638 -0.433071
vn 0.000000 -0.889764 -0.448819
vn -0.433071 -0.480315 0.763779
vn -0.118110 -0.055118 0.992126
vn -0.732283 -0.062992 0.677165
vn 0.055118 -0.007874 1.000000
vn -0.889764 -0.007874 0.456693
vn 0.047244 -0.007874 1.000000
vn 0.062992 0.000000 1.000000
vn 0.062992 0.000000 1.000000
vn -0.881890 -0.007874 0.472441
vn -0.889764 0.000000 0.456693
vn -0.889764 0.000000 0.456693
vn 0.000000 -0.858268 -0.511811
vn 0.023622 -0.795276 -0.606299
vn 0.330709 -0.283465 -0.897638
vn -0.023622 -0.795276 -0.606299
vn -0.330709 -0.283465 -0.897638
vn 0.000000 -0.653543 -0.755905
vn 0.307087 -0.133858 -0.944882
vn 0.338583 -0.000000 -0.937008
vn 0.330709 -0.000000 -0.944882
vn 0.330709 -0.000000 -0.944882
vn -0.314961 -0.133858 -0.944882
vn -0.338583 -0.000000 -0.937008
vn -0.330709 -0.000000 -0.944882
vn -0.330709 -0.000000 -0.944882
vn 0.000000 -1.000000 0.000000
vn 0.000000 -1.000000 0.000000
vn 0.000000 -1.000000 0.000000
vn 0.000000 -1.000000 0.000000
vn 0.000000 -1.000000 0.000000
vn 0.000000 -1.000000 0.000000
vn 1.000000 0.007874 -0.000000
vn 1.000000 0.007874 0.031496
vn 1.000000 0.007874 -0.000000
vn 1.000000 0.007874 0.039370
vn 0.984252 0.007874 0.173228
vn 0.984252 0.007874 0.173228
vn 0.952756 0.007874 0.307087
vn 0.952756 0.007874 0.307087
vn 0.889764 0.007874 0.448819
vn 0.889764 0.007874 0.448819
vn 0.811024 0.007874 0.590551
vn 0.811024 0.007874 0.590551
vn 0.708661 0.007874 0.708661
vn 0.708661 0.007874 0.708661
vn 0.590551 0.007874 0.811023
vn 0.590551 0.007874 0.811023
vn 0.456693 0.007874 0.889764
vn 0.456693 0.007874 0.889764
vn 0.307087 0.007874 0.952756
vn 0.307087 0.007874 0.952756
vn 0.157480 0.007874 0.984252
vn 0.157480 0.007874 0.984252
vn 0.000000 0.007874 1.000000
vn 0.000000 0.007874 1.000000
vn -0.157480 0.007874 0.984252
vn -0.157480 0.007874 0.984252
vn -0.307087 0.007874 0.952756
vn -0.307087 0.007874 0.952756
vn -0.456693 0.007874 0.889764
vn -0.456693 0.007874 0.889764
vn -0.590551 0.007874 0.811023
vn -0.590551 0.007874 0.811023
vn -0.708661 0.007874 0.708661
vn -0.708661 0.007874 0.708661
vn -0.811024 0.007874 0.590551
vn -0.811024 0.007874 0.590551
vn -0.889764 0.007874 0.448819
vn -0.889764 0.007874 0.448819
vn -0.952756 0.007874 0.307087
vn -0.952756 0.007874 0.307087
vn -0.984252 0.007874 0.173228
vn -0.984252 0.007874 0.173228
vn -1.000000 0.007874 0.039370
vn -1.000000 0.007874 0.031496
vn -1.000000 0.007874 -0.000000
vn -1.000000 0.007874 -0.000000
vn 0.000000 0.000000 1.000000
vn 0.000000 0.000000 1.000000
vn 0.000000 0.000000 1.000000
vn 0.000000 0.000000 1.000000
vn 0.000000 0.000000 1.000000
vn 0.000000 0.000000 1.000000
vn 0.000000 0.000000 1.000000
vn 0.000000 0.000000 1.000000
vn 0.000000 0.000000 1.000000
vn 0.000000 0.000000 1.000000
vn 0.929134 0.000000 0.370079
vn 0.929134 0.000000 0.370079
vn 0.929134 0.000000 0.370079
vn 0.929134 0.000000 0.370079
vn 0.929134 0.000000 0.370079
vn 0.929134 0.000000 0.370079
vn 0.929134 0.000000 0.370079
vn 0.929134 0.000000 0.370079
vn 0.929134 0.000000 0.370079
vn -0.929134 0.000000 0.370079
vn -0.929134 0.000000 0.370079
vn -0.929134 0.000000 0.370079
vn -0.929134 0.000000 0.370079
vn -0.929134 0.000000 0.370079
vn -0.929134 0.000000 0.370079
vn -0.929134 0.000000 0.370079
vn -0.929134 0.000000 0.370079
vn -0.929134 0.000000 0.370079
vn 0.000000 -1.000000 -0.007874
vn 0.000000 -1.000000 -0.023622
vn 0.000000 -1.000000 -0.023622
vn -0.007874 -1.000000 -0.023622
vn -0.007874 -1.000000 -0.015748
vn 0.007874 -1.000000 -0.023622
vn 0.007874 -1.000000 -0.023622
vn 0.015748 -1.000000 -0.015748
vn -0.007874 -1.000000 0.000000
vn -0.015748 -1.000000 -0.015748
vn -0.015748 -1.000000 -0.015748
vn -0.015748 -1.000000 -0.015748
vn 0.007874 -1.000000 0.000000
vn 0.015748 -1.000000 -0.015748
vn 0.015748 -1.000000 -0.015748
vn -0.023622 -1.000000 -0.007874
vn -0.023622 -1.000000 0.000000
vn -0.015748 -1.000000 0.000000
vn -0.007874 -1.000000 0.000000
vn 0.007874 -1.000000 0.000000
vn 0.015748 -1.000000 0.000000
vn 0.023622 -1.000000 0.000000
vn 0.023622 -1.000000 -0.007874
vn -1.000000 -0.062992 -0.031496
vn -1.000000 -0.062992 0.000000
vn -1.000000 -0.062992 0.000000
vn -1.000000 -0.062992 -0.039370
vn -0.984252 -0.062992 -0.173228
vn -0.960630 -0.062992 -0.259842
vn -0.952756 -0.062992 -0.307087
vn -0.889764 -0.062992 -0.456693
vn -0.889764 -0.062992 -0.456693
vn -0.811024 -0.062992 -0.590551
vn -0.811024 -0.062992 -0.582677
vn -0.708661 -0.062992 -0.708661
vn -0.708661 -0.062992 -0.708661
vn -0.582677 -0.062992 -0.811023
vn -0.590551 -0.062992 -0.811023
vn -0.456693 -0.062992 -0.889764
vn -0.448819 -0.062992 -0.889764
vn -0.307087 -0.062992 -0.952756
vn -0.307087 -0.062992 -0.952756
vn -0.157480 -0.062992 -0.984252
vn -0.157480 -0.062992 -0.984252
vn 0.000000 -0.062992 -1.000000
vn 0.000000 -0.062992 -1.000000
vn 0.157480 -0.062992 -0.984252
vn 0.157480 -0.062992 -0.984252
vn 0.307087 -0.062992 -0.952756
vn 0.307087 -0.062992 -0.952756
vn 0.456693 -0.062992 -0.889764
vn 0.456693 -0.062992 -0.889764
vn 0.590551 -0.062992 -0.811023
vn 0.582677 -0.062992 -0.811023
vn 0.708661 -0.062992 -0.708661
vn 0.708661 -0.062992 -0.708661
vn 0.811024 -0.062992 -0.582677
vn 0.811024 -0.062992 -0.590551
vn 0.889764 -0.062992 -0.456693
vn 0.889764 -0.062992 -0.456693
vn 0.960630 -0.062992 -0.259842
vn 0.952756 -0.062992 -0.307087
vn 0.984252 -0.062992 -0.173228
vn 1.000000 -0.062992 -0.047244
vn 1.000000 -0.062992 -0.031496
vn 1.000000 -0.062992 0.000000
vn 1.000000 -0.062992 0.000000
vn -1.000000 -0.031496 -0.031496
vn -1.000000 -0.039370 0.000000
vn -1.000000 0.031496 -0.000000
vn -1.000000 0.031496 -0.039370
vn -0.984252 -0.039370 -0.181102
vn -0.984252 0.031496 -0.173228
vn -0.952756 -0.031496 -0.314961
vn -0.952756 0.031496 -0.307087
vn -0.889764 -0.039370 -0.456693
vn -0.889764 0.031496 -0.448819
vn -0.811024 -0.031496 -0.590551
vn -0.811024 0.031496 -0.582677
vn -0.708661 -0.031496 -0.708661
vn -0.708661 0.039370 -0.708661
vn -0.590551 0.031496 -0.811023
vn -0.590551 -0.039370 -0.811023
vn -0.456693 -0.031496 -0.889764
vn -0.456693 0.039370 -0.889764
vn -0.307087 0.031496 -0.952756
vn -0.307087 -0.039370 -0.952756
vn -0.157480 -0.031496 -0.984252
vn -0.157480 0.039370 -0.984252
vn 0.000000 0.031496 -1.000000
vn 0.000000 -0.039370 -1.000000
vn 0.157480 -0.031496 -0.984252
vn 0.157480 0.039370 -0.984252
vn 0.307087 0.031496 -0.952756
vn 0.307087 -0.039370 -0.952756
vn 0.456693 -0.031496 -0.889764
vn 0.456693 0.039370 -0.889764
vn 0.590551 0.031496 -0.811023
vn 0.590551 -0.039370 -0.811023
vn 0.708661 -0.031496 -0.708661
vn 0.708661 0.039370 -0.708661
vn 0.811024 0.031496 -0.582677
vn 0.803150 -0.031496 -0.590551
vn 0.889764 0.031496 -0.448819
vn 0.889764 -0.039370 -0.456693
vn 0.952756 0.031496 -0.307087
vn 0.952756 -0.031496 -0.314961
vn 0.984252 0.031496 -0.173228
vn 0.984252 -0.039370 -0.181102
vn 1.000000 0.031496 -0.039370
vn 1.000000 -0.031496 -0.031496
vn 1.000000 0.031496 -0.000000
vn 1.000000 -0.039370 0.000000
vn 0.000000 -0.000000 -1.000000
vn 0.000000 -0.000000 -1.000000
vn 0.000000 -0.000000 -1.000000
vn 0.000000 -0.000000 -1.000000
vn 0.000000 -0.000000 -1.000000
vn 0.000000 -0.000000 -1.000000
vn 0.000000 -0.000000 -1.000000
vn 0.000000 -0.000000 -1.000000
vn 0.000000 -0.000000 -1.000000
vn 0.000000 -0.000000 -1.000000
vn 0.000000 -0.000000 -1.000000
vn 0.000000 -0.000000 -1.000000
vn -0.929134 -0.000000 -0.370079
vn -0.929134 -0.000000 -0.370079
vn -0.929134 -0.000000 -0.370079
vn -0.929134 -0.000000 -0.370079
vn -0.929134 -0.000000 -0.370079
vn -0.929134 -0.000000 -0.370079
vn -0.929134 -0.000000 -0.370079
vn -0.929134 -0.000000 -0.370079
vn -0.929134 -0.000000 -0.370079
vn -0.929134 -0.000000 -0.370079
vn -0.929134 -0.000000 -0.370079
vn -0.929134 -0.000000 -0.370079
vn 0.929134 -0.000000 -0.370079
vn 0.929134 -0.000000 -0.370079
vn 0.929134 -0.000000 -0.370079
vn 0.929134 -0.000000 -0.370079
vn 0.929134 -0.000000 -0.370079
vn 0.929134 -0.000000 -0.370079
vn 0.929134 -0.000000 -0.370079
vn 0.929134 -0.000000 -0.370079
vn 0.929134 -0.000000 -0.370079
vn 0.929134 -0.000000 -0.370079
vn 0.929134 -0.000000 -0.370079
vn 0.929134 -0.000000 -0.370079
vn 0.000000 0.456693 0.889764
vn 0.000000 0.456693 0.889764
vn 0.000000 0.464567 0.889764
vn 0.000000 0.472441 0.881890
vn 0.000000 0.488189 0.874016
vn -0.078740 0.606299 0.795275
vn -0.385827 0.818898 0.425197
vn -0.283465 0.866142 0.409449
vn -0.149606 0.708661 0.685039
vn -0.881890 0.472441 0.015748
vn -0.881890 0.472441 0.015748
vn -0.874016 0.480315 0.031496
vn -0.874016 0.488189 0.031496
vn -0.881890 0.472441 0.070866
vn -0.921260 0.370079 0.078740
vn -0.960630 0.251968 0.086614
vn -0.960630 0.251968 0.086614
vn 0.881890 0.472441 0.015748
vn 0.881890 0.472441 0.015748
vn 0.874016 0.480315 0.031496
vn 0.874016 0.488189 0.031496
vn 0.881890 0.472441 0.070866
vn 0.921260 0.370079 0.078740
vn 0.960630 0.251968 0.086614
vn 0.960630 0.251968 0.086614
vn 0.000000 0.456693 -0.889764
vn 0.000000 0.464567 -0.889764
vn 0.000000 0.456693 -0.889764
vn 0.000000 0.472441 -0.881890
vn 0.000000 0.496063 -0.874016
vn 0.000000 0.496063 -0.866142
vn -0.842520 0.543307 -0.000000
vn -0.842520 0.535433 -0.000000
vn -0.842520 0.543307 -0.000000
vn -0.842520 0.535433 -0.000000
vn -0.850394 0.527559 -0.000000
vn -0.748031 0.661417 0.007874
vn -0.385827 0.818898 0.425197
vn -0.283465 0.866142 0.409449
vn -0.401575 0.913386 -0.000000
vn 0.000000 0.456693 0.889764
vn 0.000000 0.464567 0.889764
vn 0.000000 0.456693 0.889764
vn 0.000000 0.472441 0.881890
vn 0.000000 0.488189 0.874016
vn 0.078740 0.606299 0.795275
vn 0.385827 0.818898 0.425197
vn 0.283465 0.866142 0.409449
vn 0.149606 0.708661 0.685039
vn 0.000000 0.464567 -0.889764
vn 0.000000 0.456693 -0.889764
vn 0.000000 0.456693 -0.889764
vn 0.000000 0.472441 -0.881890
vn 0.000000 0.496063 -0.874016
vn 0.000000 0.496063 -0.866142
vn 0.842520 0.535433 -0.000000
vn 0.842520 0.543307 -0.000000
vn 0.842520 0.543307 -0.000000
vn 0.842520 0.535433 -0.000000
vn 0.850394 0.527559 -0.000000
vn 0.748031 0.661417 0.007874
vn 0.385827 0.818898 0.425197
vn 0.283465 0.866142 0.409449
vn 0.401575 0.913386 -0.000000
vn 0.000000 -0.000000 -1.000000
vn 0.000000 -0.000000 -1.000000
vn 0.000000 -0.000000 -1.000000
vn 0.000000 -0.000000 -1.000000
tan -0.070866 -0.032054 -1.000000 1.000000
tan -0.070866 -0.000000 -1.000000 1.000000
tan -0.070866 0.006758 -1.000000 1.000000
tan -0.070866 0.016864 -1.000000 1.000000
tan -0.070866 0.034906 -1.000000 1.000000
tan -0.070866 -0.032054 -1.000000 1.000000
tan -0.070866 -0.000000 -1.000000 1.000000
tan -0.070866 0.006758 -1.000000 1.000000
tan -0.070866 0.016864 -1.000000 1.000000
tan -0.070866 0.034906 -1.000000 1.000000
tan 0.417323 -0.025234 -0.905512 1.000000
tan 0.417323 -0.000000 -0.905512 1.000000
tan 0.417323 0.013702 -0.905512 1.000000
tan 0.417323 0.007688 -0.905512 1.000000
tan 0.425197 0.072912 -0.905512 1.000000
tan 0.417323 -0.025234 -0.905512 1.000000
tan 0.417323 -0.000000 -0.905512 1.000000
tan 0.417323 0.013702 -0.905512 1.000000
tan 0.417323 0.007688 -0.905512 1.000000
tan 0.425197 0.072912 -0.905512 1.000000
tan -0.984252 -0.012710 -0.157480 1.000000
tan -0.984252 -0.000000 -0.157480 1.000000
tan -0.984252 -0.014260 -0.157480 1.000000
tan -0.984252 0.017980 -0.157480 1.000000
tan -0.984252 -0.062310 -0.157480 1.000000
tan -0.984252 -0.012710 -0.157480 1.000000
tan -0.984252 -0.000000 -0.157480 1.000000
tan -0.984252 -0.014260 -0.157480 1.000000
tan -0.984252 0.017980 -0.157480 1.000000
tan -0.984252 -0.062310 -0.157480 1.000000
tan -0.984252 0.054560 0.157480 1.000000
tan -0.984252 -0.018104 0.165354 1.000000
tan -0.984252 0.014198 0.165354 1.000000
tan -0.984252 0.000000 0.165354 1.000000
tan -0.984252 0.012958 0.165354 1.000000
tan -0.984252 0.062310 0.157480 1.000000
tan -0.984252 -0.018104 0.165354 1.000000
tan -0.984252 0.014198 0.165354 1.000000
tan -0.984252 0.000000 0.165354 1.000000
tan -0.984252 0.012958 0.165354 1.000000
tan 0.433071 0.011718 -0.897638 1.000000
tan 0.433071 0.021080 -0.905512 1.000000
tan 0.433071 0.000248 -0.897638 1.000000
tan 0.433071 -0.000000 -0.897638 1.000000
tan 0.433071 -0.031682 -0.897638 1.000000
tan 0.433071 0.011718 -0.897638 1.000000
tan 0.433071 0.021080 -0.905512 1.000000
tan 0.433071 0.000248 -0.897638 1.000000
tan 0.433071 -0.000000 -0.897638 1.000000
tan 0.433071 -0.031682 -0.897638 1.000000
tan -0.952756 0.053754 0.291339 1.000000
tan -0.952756 -0.019716 0.299213 1.000000
tan -0.952756 0.012648 0.299213 1.000000
tan -0.952756 0.000000 0.299213 1.000000
tan -0.952756 0.016926 0.299213 1.000000
tan -0.952756 0.053754 0.291339 1.000000
tan -0.952756 -0.019716 0.299213 1.000000
tan -0.952756 0.012648 0.299213 1.000000
tan -0.952756 0.000000 0.299213 1.000000
tan -0.952756 0.016926 0.299213 1.000000
tan -0.316883 0.745923 0.243040 1.000000
tan 0.092628 0.870482 -0.023374 1.000000
tan 0.660673 0.690929 -0.099696 1.000000
tan 0.099944 0.868746 -0.027032 1.000000
tan -0.402939 0.800049 0.429785 1.000000
tan 0.008928 0.897390 -0.128340 1.000000
tan 0.976502 -0.026040 -0.108500 1.000000
tan 0.015624 0.942464 -0.049662 1.000000
tan 0.322897 0.897080 0.149544 1.000000
tan 0.858268 0.022878 0.511811 1.000000
tan -0.026164 0.978114 -0.046004 1.000000
tan -0.515593 0.098890 0.851510 1.000000
tan 0.090582 0.992126 -0.062496 1.000000
tan -0.913386 -0.013640 -0.409449 1.000000
tan -0.054188 0.982826 0.002108 1.000000
tan -0.066960 0.934714 -0.045756 1.000000
tan -0.023436 0.992126 0.034658 1.000000
tan 0.615661 0.504805 0.604625 1.000000
tan 0.160084 0.889516 0.339017 1.000000
tan -0.018724 0.982764 0.015624 1.000000
tan -0.173662 0.826647 -0.385145 1.000000
tan 0.004278 0.893360 -0.007068 1.000000
tan -0.607601 0.666129 0.417633 1.000000
tan -0.316883 0.745923 0.243040 1.000000
tan 0.092628 0.870482 -0.023374 1.000000
tan 0.660673 0.690929 -0.099696 1.000000
tan 0.099944 0.868746 -0.027032 1.000000
tan -0.402939 0.800049 0.429785 1.000000
tan 0.008928 0.897390 -0.128340 1.000000
tan 0.976502 -0.026040 -0.108500 1.000000
tan 0.015624 0.942464 -0.049662 1.000000
tan 0.322897 0.897080 0.149544 1.000000
tan 0.858268 0.022878 0.511811 1.000000
tan -0.026164 0.978114 -0.046004 1.000000
tan -0.515593 0.098890 0.851510 1.000000
tan 0.090582 0.992126 -0.062496 1.000000
tan -0.913386 -0.013640 -0.409449 1.000000
tan -0.054188 0.982826 0.002108 1.000000
tan -0.066960 0.934714 -0.045756 1.000000
tan -0.023436 0.992126 0.034658 1.000000
tan 0.615661 0.504805 0.604625 1.000000
tan 0.160084 0.889516 0.339017 1.000000
tan -0.018724 0.982764 0.015624 1.000000
tan -0.173662 0.826647 -0.385145 1.000000
tan 0.004278 0.893360 -0.007068 1.000000
tan -0.607601 0.666129 0.417633 1.000000
tan 0.030876 0.889454 0.027528 1.000000
tan 0.125054 0.877736 0.375101 1.000000
tan 0.189720 0.939674 0.110360 1.000000
tan -0.085808 0.907868 -0.062310 1.000000
tan -0.336661 0.755285 0.216008 1.000000
tan 0.675553 0.660425 -0.027528 1.000000
tan -0.695145 0.705313 0.027528 1.000000
tan -0.187488 0.966086 0.130572 1.000000
tan 0.861740 0.402505 -0.210180 1.000000
tan 0.844752 -0.138756 0.511501 1.000000
tan -0.058032 0.858578 0.201004 1.000000
tan 0.093930 0.951454 0.066712 1.000000
tan -0.213094 0.920330 -0.132928 1.000000
tan 0.511811 0.031062 0.858268 1.000000
tan -0.020956 0.976378 -0.023064 1.000000
tan -0.828074 0.087854 0.554653 1.000000
tan 0.086118 0.992126 0.007812 1.000000
tan -0.574803 -0.017422 -0.818897 1.000000
tan -0.023188 0.982826 -0.003596 1.000000
tan 0.050654 0.931924 -0.090396 1.000000
tan -0.031248 0.992126 0.035712 1.000000
tan 0.649699 0.486763 -0.569347 1.000000
tan 0.212288 0.923306 0.315456 1.000000
tan 0.045384 0.857028 0.415153 1.000000
tan -0.018724 0.982764 0.015624 1.000000
tan -0.102858 0.887036 -0.235477 1.000000
tan 0.015190 0.896522 0.013640 1.000000
tan -0.713497 0.645049 0.237584 1.000000
tan 0.556451 0.333003 -0.681567 1.000000
tan -0.561721 0.193688 0.551305 1.000000
tan -0.318247 0.889640 0.189162 1.000000
tan 0.444293 0.547957 -0.457437 1.000000
tan -0.274227 0.754355 0.478765 1.000000
tan -0.238142 0.595015 0.742637 1.000000
tan 0.123814 0.892740 -0.280365 1.000000
tan -0.193502 0.510943 0.823609 1.000000
tan 0.459669 0.639469 0.501085 1.000000
tan 0.811582 0.472193 -0.284209 1.000000
tan -0.499969 -0.109120 0.859322 1.000000
tan 0.279931 0.917478 0.256308 1.000000
tan 0.427491 0.564201 -0.687891 1.000000
tan -0.646475 0.051832 0.627441 1.000000
tan 0.419989 -0.151032 0.891624 1.000000
tan -0.921818 -0.157666 0.350115 1.000000
tan 0.692913 0.017360 0.724409 1.000000
tan 0.749954 -0.020894 -0.648397 1.000000
tan 0.012276 0.976378 0.015376 1.000000
tan -0.071176 0.968690 0.210924 1.000000
tan -0.622047 -0.007502 -0.787401 1.000000
tan -0.054312 0.982826 -0.017856 1.000000
tan -0.637051 0.670283 -0.294067 1.000000
tan 0.460909 0.882758 0.090210 1.000000
tan -0.840660 0.375349 0.228594 1.000000
tan 0.681009 0.247752 -0.689441 1.000000
tan 0.575609 0.392399 0.675057 1.000000
tan 0.188480 -0.032488 0.984376 1.000000
tan 0.119722 0.866080 -0.271003 1.000000
tan -0.073656 0.889578 0.124744 1.000000
tan 0.666191 0.217124 -0.488065 1.000000
tan 0.266787 0.718147 0.306900 1.000000
tan -0.637361 0.716473 -0.176824 1.000000
tan -0.167214 0.742886 0.438403 1.000000
tan 0.704693 0.668485 0.255316 1.000000
tan 0.018290 0.889454 -0.062744 1.000000
tan -0.118048 0.885238 0.352595 1.000000
tan 0.002294 0.937008 0.059024 1.000000
tan 0.049290 0.968504 -0.038130 1.000000
tan 0.080786 0.857648 0.220038 1.000000
tan -0.611383 0.719201 0.250232 1.000000
tan -0.035712 0.885982 0.061380 1.000000
tan 0.570711 0.423585 0.691673 1.000000
tan -0.116932 0.717899 0.533759 1.000000
tan -0.700911 0.447393 -0.547647 1.000000
tan -0.837002 0.059520 -0.519251 1.000000
tan 0.678777 0.649265 -0.289169 1.000000
tan -0.992126 0.012524 0.149606 1.000000
tan 0.210924 0.094612 0.968690 1.000000
tan -0.001612 0.978114 0.077004 1.000000
tan -0.087606 0.992126 -0.015624 1.000000
tan 1.000000 -0.008122 -0.015748 1.000000
tan 0.790440 0.587575 0.140740 1.000000
tan 0.059644 0.934714 -0.048546 1.000000
tan 0.015624 0.992126 0.033604 1.000000
tan 0.022258 0.217744 -0.869676 1.000000
tan -0.396801 0.780953 0.485833 1.000000
tan -0.055986 0.896646 0.427429 1.000000
tan 0.014260 0.984252 -0.007750 1.000000
tan 0.402691 0.274722 -0.862670 1.000000
tan -0.022506 0.896522 0.027528 1.000000
tan 0.492219 0.655589 0.552049 1.000000
tan 0.266787 0.718147 0.306900 1.000000
tan -0.637361 0.716473 -0.176824 1.000000
tan -0.167214 0.742886 0.438403 1.000000
tan 0.704693 0.668485 0.255316 1.000000
tan 0.018290 0.889454 -0.062744 1.000000
tan -0.118048 0.885238 0.352595 1.000000
tan 0.002294 0.937008 0.059024 1.000000
tan 0.049290 0.968504 -0.038130 1.000000
tan 0.080786 0.857648 0.220038 1.000000
tan -0.611383 0.719201 0.250232 1.000000
tan -0.035712 0.885982 0.061380 1.000000
tan 0.570711 0.423585 0.691673 1.000000
tan -0.116932 0.717899 0.533759 1.000000
tan -0.700911 0.447393 -0.547647 1.000000
tan -0.837002 0.059520 -0.519251 1.000000
tan 0.678777 0.649265 -0.289169 1.000000
tan -0.992126 0.012524 0.149606 1.000000
tan 0.210924 0.094612 0.968690 1.000000
tan -0.001612 0.978114 0.077004 1.000000
tan -0.087606 0.992126 -0.015624 1.000000
tan 1.000000 -0.008122 -0.015748 1.000000
tan 0.790440 0.587575 0.140740 1.000000
tan 0.059644 0.934714 -0.048546 1.000000
tan 0.015624 0.992126 0.033604 1.000000
tan 0.022258 0.217744 -0.869676 1.000000
tan -0.396801 0.780953 0.485833 1.000000
tan -0.055986 0.896646 0.427429 1.000000
tan 0.014260 0.984252 -0.007750 1.000000
tan 0.402691 0.274722 -0.862670 1.000000
tan -0.022506 0.896522 0.027528 1.000000
tan 0.492219 0.655589 0.552049 1.000000
tan 0.517267 0.221898 -0.733027 1.000000
tan -0.299833 -0.183768 0.758137 1.000000
tan -0.305599 0.897266 0.234546 1.000000
tan 0.161944 0.314713 -0.728873 1.000000
tan -0.475355 0.157170 0.867630 1.000000
tan -0.265361 0.467481 0.832662 1.000000
tan 0.157542 0.855850 -0.376279 1.000000
tan -0.230578 0.282163 0.930374 1.000000
tan 0.694277 0.307645 0.640275 1.000000
tan 0.870358 0.344039 -0.310249 1.000000
tan -0.472193 -0.304049 0.811582 1.000000
tan -0.231198 0.862050 -0.401017 1.000000
tan 0.448881 0.357741 -0.815302 1.000000
tan -0.590117 0.007192 0.698679 1.000000
tan 0.458739 -0.144708 0.868374 1.000000
tan 0.937008 -0.022134 -0.345155 1.000000
tan 0.787402 0.013392 0.622047 1.000000
tan 0.609337 -0.039184 -0.781201 1.000000
tan 0.109740 0.884122 -0.422841 1.000000
tan 0.002976 0.562465 0.820261 1.000000
tan -0.716535 -0.005270 -0.692913 1.000000
tan -0.093000 0.976502 -0.024924 1.000000
tan -0.812636 0.458119 -0.344845 1.000000
tan 0.460909 0.874946 0.089962 1.000000
tan -0.781078 0.302189 0.388989 1.000000
tan 0.694897 -0.026288 -0.728873 1.000000
tan 0.588753 0.342985 0.659681 1.000000
tan 0.134044 -0.644739 0.751875 1.000000
tan 0.153388 0.837994 -0.342179 1.000000
tan -0.240932 0.778473 0.444169 1.000000
tan 0.598425 0.130696 -0.557009 1.000000
tan 0.517267 0.221898 -0.733027 1.000000
tan -0.299833 -0.183768 0.758137 1.000000
tan -0.305599 0.897266 0.234546 1.000000
tan 0.161944 0.314713 -0.728873 1.000000
tan -0.475355 0.157170 0.867630 1.000000
tan -0.265361 0.467481 0.832662 1.000000
tan 0.157542 0.855850 -0.376279 1.000000
tan -0.230578 0.282163 0.930374 1.000000
tan 0.694277 0.307645 0.640275 1.000000
tan 0.870358 0.344039 -0.310249 1.000000
tan -0.472193 -0.304049 0.811582 1.000000
tan -0.231198 0.862050 -0.401017 1.000000
tan 0.448881 0.357741 -0.815302 1.000000
tan -0.590117 0.007192 0.698679 1.000000
tan 0.458739 -0.144708 0.868374 1.000000
tan 0.937008 -0.022134 -0.345155 1.000000
tan 0.787402 0.013392 0.622047 1.000000
tan 0.609337 -0.039184 -0.781201 1.000000
tan 0.109740 0.884122 -0.422841 1.000000
tan 0.002976 0.562465 0.820261 1.000000
tan -0.716535 -0.005270 -0.692913 1.000000
tan -0.093000 0.976502 -0.024924 1.000000
tan -0.812636 0.458119 -0.344845 1.000000
tan 0.460909 0.874946 0.089962 1.000000
tan -0.781078 0.302189 0.388989 1.000000
tan 0.694897 -0.026288 -0.728873 1.000000
tan 0.588753 0.342985 0.659681 1.000000
tan 0.132556 -0.644739 0.744125 1.000000
tan 0.153388 0.837994 -0.342179 1.000000
tan -0.240932 0.778473 0.444169 1.000000
tan 0.598425 0.130696 -0.557009 1.000000
tan -0.336661 0.755285 0.216008 1.000000
tan 0.338707 0.869552 0.106206 1.000000
tan 0.675553 0.660425 -0.027528 1.000000
tan -0.695145 0.705313 0.027528 1.000000
tan 0.030876 0.889454 0.027528 1.000000
tan 0.125054 0.877736 0.375101 1.000000
tan -0.039370 0.968504 -0.000000 1.000000
tan -0.028954 0.937008 -0.014756 1.000000
tan -0.058032 0.858578 0.201004 1.000000
tan 0.093930 0.951454 0.066712 1.000000
tan 0.055552 0.879162 0.095480 1.000000
tan -0.187488 0.966086 0.130572 1.000000
tan -0.152210 0.893050 0.029326 1.000000
tan 0.861740 0.402505 -0.210180 1.000000
tan 0.844752 -0.138756 0.511501 1.000000
tan -0.213094 0.920330 -0.132928 1.000000
tan 0.511811 0.031062 0.858268 1.000000
tan -0.828074 0.087854 0.554653 1.000000
tan -0.020956 0.976378 -0.023064 1.000000
tan 0.086118 0.992126 0.007812 1.000000
tan -0.574803 -0.017422 -0.818897 1.000000
tan -0.023188 0.982826 -0.003596 1.000000
tan 0.050654 0.931924 -0.090396 1.000000
tan -0.031248 0.992126 0.035712 1.000000
tan 0.649699 0.486763 -0.569347 1.000000
tan 0.099200 0.981586 0.192944 1.000000
tan 0.045384 0.857028 0.415153 1.000000
tan -0.018724 0.982764 0.015624 1.000000
tan -0.102858 0.887036 -0.235477 1.000000
tan 0.015190 0.896522 0.013640 1.000000
tan -0.713497 0.645049 0.237584 1.000000
tan 0.548701 -0.314589 0.687705 1.000000
tan -0.417385 -0.889640 0.093000 1.000000
tan -0.542129 -0.155992 -0.582057 1.000000
tan 0.444293 -0.544609 0.441069 1.000000
tan 0.189968 -0.809907 0.375349 1.000000
tan 0.134416 -0.842582 0.450183 1.000000
tan 0.244900 -0.411805 0.876992 1.000000
tan -0.032736 -0.922252 -0.154938 1.000000
tan 0.420113 -0.659185 -0.471201 1.000000
tan 0.855602 -0.380929 0.303553 1.000000
tan 0.499969 0.102300 0.859322 1.000000
tan -0.480439 -0.486081 0.680761 1.000000
tan 0.446835 -0.403063 0.792982 1.000000
tan -0.711761 -0.098704 -0.560109 1.000000
tan 0.427739 0.149172 -0.883874 1.000000
tan -0.614545 -0.721929 -0.184760 1.000000
tan 0.692913 -0.017360 -0.724409 1.000000
tan 0.789014 0.014942 0.601525 1.000000
tan 0.055428 -0.961002 0.176824 1.000000
tan -0.026660 -0.765577 -0.632773 1.000000
tan -0.606299 0.007750 0.795275 1.000000
tan -0.000062 -0.982826 0.007874 1.000000
tan -0.702895 -0.604439 0.314155 1.000000
tan -0.476533 -0.874946 0.036518 1.000000
tan -0.833468 -0.380743 -0.193998 1.000000
tan 0.693409 -0.180296 0.708537 1.000000
tan -0.006634 -0.550685 -0.285076 1.000000
tan -0.189472 0.032488 0.984128 1.000000
tan 0.204042 -0.794779 0.449253 1.000000
tan -0.055366 -0.889578 -0.090024 1.000000
tan 0.516585 -0.250852 0.226424 1.000000
tan 0.548701 -0.314589 0.687705 1.000000
tan -0.417385 -0.889640 0.093000 1.000000
tan -0.542129 -0.155992 -0.582057 1.000000
tan 0.444293 -0.544609 0.441069 1.000000
tan 0.189968 -0.809907 0.375349 1.000000
tan 0.134416 -0.842582 0.450183 1.000000
tan 0.244900 -0.411805 0.876992 1.000000
tan -0.032736 -0.922252 -0.154938 1.000000
tan 0.420113 -0.659185 -0.471201 1.000000
tan 0.855602 -0.380929 0.303553 1.000000
tan 0.499969 0.102300 0.859322 1.000000
tan -0.480439 -0.486081 0.680761 1.000000
tan 0.446835 -0.403063 0.792982 1.000000
tan -0.711761 -0.098704 -0.560109 1.000000
tan 0.427739 0.149172 -0.883874 1.000000
tan -0.614545 -0.721929 -0.184760 1.000000
tan 0.692913 -0.017360 -0.724409 1.000000
tan 0.789014 0.014942 0.601525 1.000000
tan 0.055428 -0.961002 0.176824 1.000000
tan -0.026660 -0.765577 -0.632773 1.000000
tan -0.606299 0.007750 0.795275 1.000000
tan -0.000062 -0.982826 0.007874 1.000000
tan -0.702895 -0.604439 0.314155 1.000000
tan -0.476533 -0.874946 0.036518 1.000000
tan -0.833468 -0.380743 -0.193998 1.000000
tan 0.693409 -0.180296 0.708537 1.000000
tan -0.006634 -0.550685 -0.285076 1.000000
tan -0.189472 0.032488 0.984128 1.000000
tan 0.204042 -0.794779 0.449253 1.000000
tan -0.055366 -0.889578 -0.090024 1.000000
tan 0.516585 -0.250852 0.226424 1.000000
tan 0.662843 0.147374 -0.714489 1.000000
tan -0.102796 0.864716 0.180482 1.000000
tan 0.126418 0.866080 -0.285263 1.000000
tan 0.437473 0.890570 0.083824 1.000000
tan -0.622047 0.003658 -0.779527 1.000000
tan -0.346333 0.826958 -0.209436 1.000000
tan 0.663029 0.213962 -0.489677 1.000000
tan 0.739475 0.210490 0.630417 1.000000
tan -0.054312 0.982888 -0.017422 1.000000
tan 0.020460 0.976378 -0.053816 1.000000
tan 0.084506 0.920702 -0.348875 1.000000
tan 0.834646 0.006572 -0.551181 1.000000
tan -0.921694 -0.172422 0.353835 1.000000
tan 0.692913 0.017360 0.724409 1.000000
tan 0.803832 0.476905 -0.266415 1.000000
tan 0.419989 -0.151032 0.891624 1.000000
tan 0.435923 0.577965 0.626945 1.000000
tan 0.444293 0.547957 -0.457437 1.000000
tan 0.555893 0.341683 -0.670407 1.000000
tan -0.561721 0.193688 0.551305 1.000000
tan 0.279931 0.917478 0.256308 1.000000
tan -0.190960 0.853122 0.402257 1.000000
tan -0.499969 -0.109120 0.859322 1.000000
tan -0.030752 0.960630 0.283464 1.000000
tan -0.236902 0.594953 0.742575 1.000000
tan -0.102362 0.992126 -0.000000 1.000000
tan -0.307087 0.952756 -0.000000 1.000000
tan -0.102362 0.992126 -0.000000 1.000000
tan 0.776242 -0.218550 -0.454275 1.000000
tan 0.792734 -0.358237 -0.376899 1.000000
tan 0.797818 -0.132618 -0.526195 1.000000
tan 0.637795 -0.763779 -0.035092 1.000000
tan 0.632773 -0.757765 -0.110298 1.000000
tan 0.622729 -0.745737 0.220659 1.000000
tan -0.556885 -0.519623 0.643685 1.000000
tan -0.592969 -0.483539 0.643685 1.000000
tan -0.686713 -0.359725 0.625705 1.000000
tan 0.046934 -0.732035 0.670159 1.000000
tan -0.208258 -0.742017 0.578089 1.000000
tan 0.123504 -0.703019 0.674623 1.000000
tan -0.792734 -0.358237 -0.376899 1.000000
tan -0.776242 -0.218550 -0.454275 1.000000
tan -0.797818 -0.132618 -0.526195 1.000000
tan -0.637795 -0.763779 -0.064170 1.000000
tan -0.637795 -0.763779 -0.046128 1.000000
tan -0.622729 -0.745737 0.220659 1.000000
tan -0.113956 -0.574369 -0.673941 1.000000
tan -0.108438 -0.552235 -0.651931 1.000000
tan 0.128278 -0.242111 -0.904024 1.000000
tan 0.592969 -0.483539 0.643685 1.000000
tan 0.556885 -0.519623 0.643685 1.000000
tan 0.686713 -0.359725 0.625705 1.000000
tan 0.100936 -0.708661 -0.670717 1.000000
tan -0.058404 -0.744374 -0.639469 1.000000
tan -0.243412 -0.751999 -0.573067 1.000000
tan 0.208258 -0.742017 0.578089 1.000000
tan -0.046934 -0.732035 0.670159 1.000000
tan -0.118482 -0.705251 0.674623 1.000000
tan -0.338583 0.000000 0.937008 1.000000
tan -0.425197 0.000000 0.905512 1.000000
tan 0.228346 0.000000 0.976378 1.000000
tan 0.679397 0.023064 0.732283 1.000000
tan 0.858268 0.000000 0.511811 1.000000
tan 0.992126 0.000000 0.118110 1.000000
tan 0.992126 -0.015624 0.087110 1.000000
tan 0.261889 -0.709157 0.631781 1.000000
tan 0.586335 0.803335 0.135098 1.000000
tan 0.718829 -0.668113 0.126108 1.000000
tan 0.516585 0.829252 0.139314 1.000000
tan 0.378697 0.903590 0.106764 1.000000
tan 0.767810 0.324757 0.445161 1.000000
tan 0.170314 0.730423 -0.590241 1.000000
tan 0.278815 0.665757 -0.643809 1.000000
tan 0.694153 0.502139 -0.515035 1.000000
tan 0.645669 0.018042 -0.763779 1.000000
tan 1.000000 0.023622 0.055862 1.000000
tan 0.362205 0.014756 -0.937008 1.000000
tan 0.385827 -0.000000 -0.921260 1.000000
tan 0.866142 -0.000000 -0.503937 1.000000
tan 0.834646 -0.000000 -0.551181 1.000000
tan 0.976378 0.000000 0.212598 1.000000
tan 0.992126 0.000000 0.133858 1.000000
tan 0.763780 0.000000 0.645669 1.000000
tan 0.795276 0.000000 0.606299 1.000000
tan 0.740591 -0.538781 0.177010 1.000000
tan 0.533077 0.379565 0.683489 1.000000
tan 0.747039 -0.055428 0.456011 1.000000
tan 0.610453 -0.767065 0.223572 1.000000
tan 0.548887 -0.790191 -0.032488 1.000000
tan 0.787464 0.012586 0.584723 1.000000
tan 0.812698 -0.121024 0.364313 1.000000
tan 0.874016 0.013764 0.473433 1.000000
tan 0.811024 0.000000 0.582677 1.000000
tan 0.811024 0.000000 0.582677 1.000000
tan -0.201624 -0.092256 0.968690 1.000000
tan 0.472379 -0.006944 0.881890 1.000000
tan -0.078740 0.000000 1.000000 1.000000
tan -0.078740 -0.015748 1.000000 1.000000
tan 0.094984 -0.062496 0.992126 1.000000
tan -0.180420 -0.085250 0.984252 1.000000
tan -0.118110 0.007812 0.992126 1.000000
tan 0.039370 0.000000 1.000000 1.000000
tan 0.039370 -0.007874 1.000000 1.000000
tan 0.787650 -0.069812 0.380619 1.000000
tan 0.008184 -0.891500 -0.239382 1.000000
tan -0.177320 -0.759935 0.553351 1.000000
tan -0.424639 -0.518445 0.721619 1.000000
tan 0.187426 -0.612437 -0.712877 1.000000
tan 0.273545 -0.423523 0.831608 1.000000
tan 0.804886 0.003472 0.584413 1.000000
tan 0.756836 -0.038688 0.648769 1.000000
tan 0.755906 0.000000 0.661417 1.000000
tan 0.748031 0.000000 0.661417 1.000000
tan 0.440945 0.000000 0.897638 1.000000
tan -0.307087 -0.067518 0.952756 1.000000
tan -0.370079 0.000000 0.929134 1.000000
tan -0.370079 -0.014632 0.929134 1.000000
tan 0.517143 -0.285076 0.705313 1.000000
tan 0.170624 -0.662161 -0.677041 1.000000
tan 0.417075 -0.028768 -0.913386 1.000000
tan 0.976502 -0.100750 0.180730 1.000000
tan 0.862732 -0.412611 0.147560 1.000000
tan 1.000000 0.000000 0.031496 1.000000
tan 1.000000 0.000000 0.031496 1.000000
tan 0.779528 0.006138 -0.629859 1.000000
tan 0.354331 -0.014756 -0.937008 1.000000
tan 0.370079 -0.000000 -0.929134 1.000000
tan 0.291835 -0.478207 0.761113 1.000000
tan 0.486081 -0.363941 0.736066 1.000000
tan 0.526381 -0.456073 -0.719449 1.000000
tan 0.496187 -0.013640 -0.866142 1.000000
tan 0.622047 -0.000000 -0.779527 1.000000
tan 0.622047 -0.006138 -0.779527 1.000000
tan 0.929134 -0.000000 -0.370079 1.000000
tan 0.976378 -0.030752 0.206708 1.000000
tan 0.992126 0.000000 0.125984 1.000000
tan 0.992126 0.000000 0.125984 1.000000
tan 0.937938 -0.219356 0.182342 1.000000
tan 0.527683 -0.013392 -0.850394 1.000000
tan 0.771654 -0.000000 -0.629921 1.000000
tan 0.598425 -0.000000 -0.803149 1.000000
tan 0.708661 -0.000000 -0.708661 1.000000
tan 0.708661 -0.000000 -0.708661 1.000000
tan -0.228346 0.000000 0.976378 1.000000
tan 0.425197 0.000000 0.905512 1.000000
tan 0.338583 0.000000 0.937008 1.000000
tan -0.671275 0.023312 0.740157 1.000000
tan -0.858268 0.000000 0.511811 1.000000
tan -0.992126 0.000000 0.118110 1.000000
tan -0.992126 -0.015624 0.087110 1.000000
tan -0.261889 -0.709157 0.631781 1.000000
tan -0.587513 0.803149 0.135098 1.000000
tan -0.720751 -0.668113 0.121086 1.000000
tan -0.499225 0.837002 0.147312 1.000000
tan -0.364809 0.922128 -0.018910 1.000000
tan -0.805196 0.584351 0.067704 1.000000
tan -0.170748 0.737801 -0.575485 1.000000
tan -0.290037 0.607229 -0.702337 1.000000
tan -0.690185 0.529853 -0.498357 1.000000
tan -0.606485 0.018786 -0.795275 1.000000
tan -1.000000 0.015748 0.079236 1.000000
tan -0.385827 -0.000000 -0.921260 1.000000
tan -0.362205 0.014632 -0.929134 1.000000
tan -0.834646 -0.000000 -0.551181 1.000000
tan -0.795276 0.000000 0.606299 1.000000
tan -0.976378 0.000000 0.212598 1.000000
tan -0.803150 0.000000 0.590551 1.000000
tan -0.763780 0.000000 0.637795 1.000000
tan -0.737801 -0.560853 0.166842 1.000000
tan -0.530287 0.342985 0.684605 1.000000
tan -0.747039 -0.055428 0.456011 1.000000
tan -0.610453 -0.759253 0.226921 1.000000
tan -0.548887 -0.790191 -0.032488 1.000000
tan -0.787464 0.012834 0.576849 1.000000
tan -0.812698 -0.121024 0.364313 1.000000
tan -0.874016 0.013764 0.473433 1.000000
tan -0.811024 0.000000 0.582677 1.000000
tan -0.811024 0.000000 0.582677 1.000000
tan 0.201624 -0.092256 0.968690 1.000000
tan -0.472379 -0.006944 0.881890 1.000000
tan 0.078740 0.000000 1.000000 1.000000
tan 0.078740 -0.015748 1.000000 1.000000
tan 0.172546 -0.085250 0.984252 1.000000
tan -0.056420 -0.110236 0.992126 1.000000
tan -0.055118 0.000000 1.000000 1.000000
tan 0.118110 0.007812 0.992126 1.000000
tan -0.039370 0.000000 1.000000 1.000000
tan -0.039370 -0.007874 1.000000 1.000000
tan -0.008184 -0.891500 -0.239382 1.000000
tan -0.787650 -0.066712 0.387501 1.000000
tan 0.177320 -0.759935 0.553351 1.000000
tan 0.424639 -0.518445 0.721619 1.000000
tan -0.273545 -0.423523 0.831608 1.000000
tan -0.187426 -0.612437 -0.712877 1.000000
tan -0.804886 0.003472 0.584413 1.000000
tan -0.756836 -0.038688 0.648769 1.000000
tan -0.755906 0.000000 0.661417 1.000000
tan -0.748031 0.000000 0.661417 1.000000
tan -0.440945 0.000000 0.897638 1.000000
tan 0.307087 -0.067518 0.952756 1.000000
tan 0.370079 0.000000 0.929134 1.000000
tan 0.370079 -0.014632 0.929134 1.000000
tan -0.517143 -0.285076 0.705313 1.000000
tan -0.170624 -0.662161 -0.677041 1.000000
tan -0.417075 -0.028768 -0.913386 1.000000
tan -0.976502 -0.100750 0.180730 1.000000
tan -0.862732 -0.412611 0.147560 1.000000
tan -1.000000 0.000000 0.031496 1.000000
tan -1.000000 0.000000 0.031496 1.000000
tan -0.779528 0.006138 -0.629859 1.000000
tan -0.354331 -0.014756 -0.937008 1.000000
tan -0.370079 -0.000000 -0.929134 1.000000
tan -0.486081 -0.363941 0.736066 1.000000
tan -0.291835 -0.478207 0.761113 1.000000
tan -0.526381 -0.456073 -0.719449 1.000000
tan -0.496187 -0.013640 -0.866142 1.000000
tan -0.622047 -0.000000 -0.779527 1.000000
tan -0.622047 -0.006138 -0.779527 1.000000
tan -0.929134 -0.000000 -0.370079 1.000000
tan -0.976378 -0.030752 0.206708 1.000000
tan -0.992126 0.000000 0.125984 1.000000
tan -0.992126 0.000000 0.125984 1.000000
tan -0.937938 -0.219356 0.182342 1.000000
tan -0.527683 -0.013392 -0.850394 1.000000
tan -0.771654 -0.000000 -0.629921 1.000000
tan -0.598425 -0.000000 -0.803149 1.000000
tan -0.708661 -0.000000 -0.708661 1.000000
tan -0.708661 -0.000000 -0.708661 1.000000
tan 0.069564 0.114886 -0.843326 1.000000
tan 0.665943 -0.150536 -0.686031 1.000000
tan -0.035836 -0.075082 -0.863290 1.000000
tan 0.681753 -0.167772 -0.676545 1.000000
tan -0.774010 0.273978 -0.467853 1.000000
tan -0.488189 -0.374977 -0.763345 1.000000
tan -0.455701 -0.442371 -0.755843 1.000000
tan -0.727819 0.362143 -0.524893 1.000000
tan -0.715543 -0.369273 -0.531775 1.000000
tan -0.720193 -0.372187 -0.508897 1.000000
tan -0.830244 -0.173972 0.330151 1.000000
tan -0.834832 -0.101680 0.391779 1.000000
tan 0.058404 -0.744374 -0.639469 1.000000
tan -0.151094 -0.700787 -0.683551 1.000000
tan 0.243412 -0.751999 -0.573067 1.000000
tan -0.149854 -0.696323 -0.679087 1.000000
tan -0.671337 -0.118172 -0.673445 1.000000
tan -0.088908 0.108314 -0.847418 1.000000
tan 0.007874 0.000248 -0.882014 1.000000
tan -0.681753 -0.167772 -0.676545 1.000000
tan 0.724223 0.341931 -0.510261 1.000000
tan 0.770042 0.282348 -0.479137 1.000000
tan 0.483539 -0.497861 -0.709281 1.000000
tan 0.428793 -0.341745 -0.828321 1.000000
tan 0.716225 -0.374605 -0.508897 1.000000
tan 0.711451 -0.371815 -0.531775 1.000000
tan 0.841156 -0.193316 0.326927 1.000000
tan 0.834832 -0.101680 0.391779 1.000000
tan 1.000000 0.015748 -0.015872 1.000000
tan 1.000000 0.000000 0.023622 1.000000
tan 0.818898 0.000000 0.574803 1.000000
tan 0.291339 0.000000 0.952756 1.000000
tan 0.858268 0.040548 0.496001 1.000000
tan -0.236220 0.000000 0.968504 1.000000
tan 0.157480 0.000000 0.984252 1.000000
tan -0.314651 -0.007502 0.952756 1.000000
tan -0.158720 -0.291586 0.910720 1.000000
tan 0.114576 0.651001 0.702337 1.000000
tan 0.000000 -0.181102 0.897638 1.000000
tan 0.052452 0.740157 0.620187 1.000000
tan -0.013950 0.590551 0.687395 1.000000
tan -0.976502 -0.124000 0.198276 1.000000
tan -0.897638 -0.021204 0.433071 1.000000
tan -0.968504 0.007626 0.259842 1.000000
tan -0.913386 0.000000 0.401575 1.000000
tan -0.913386 -0.007192 0.401575 1.000000
tan -0.009610 -0.177320 0.865832 1.000000
tan -0.077252 -0.695269 0.674437 1.000000
tan -0.028830 -0.732283 0.685039 1.000000
tan -0.133362 -0.007812 0.992126 1.000000
tan -0.229710 -0.022134 0.937008 1.000000
tan -0.244094 0.000000 0.968504 1.000000
tan -0.244094 0.000000 0.968504 1.000000
tan -0.653543 0.000000 0.763779 1.000000
tan -0.992126 -0.085932 0.118792 1.000000
tan -0.952756 0.000000 0.291339 1.000000
tan -0.952756 -0.015004 0.299213 1.000000
tan -0.010230 0.259843 0.883192 1.000000
tan -0.448819 0.889764 -0.077252 1.000000
tan -0.433071 0.905512 0.017670 1.000000
tan -0.385393 0.784549 0.475169 1.000000
tan -0.944882 0.081840 0.330709 1.000000
tan -0.298965 0.007502 0.952756 1.000000
tan -1.000000 0.000000 0.023622 1.000000
tan -1.000000 0.015748 -0.015748 1.000000
tan -0.818898 0.000000 0.574803 1.000000
tan 0.275591 0.000000 0.960630 1.000000
tan -0.157480 0.000000 0.984252 1.000000
tan 0.259843 0.000000 0.968504 1.000000
tan 0.281853 -0.449129 0.831670 1.000000
tan -0.026412 0.119784 0.905822 1.000000
tan 0.035712 -0.566929 0.762477 1.000000
tan 0.213218 -0.021948 0.929134 1.000000
tan 0.976502 -0.093000 0.180420 1.000000
tan 0.897638 0.007068 0.448881 1.000000
tan 0.968504 0.007626 0.251968 1.000000
tan 0.913386 0.000000 0.401575 1.000000
tan 0.913386 -0.007192 0.401575 1.000000
tan 0.133424 -0.007812 0.992126 1.000000
tan 0.244094 0.000000 0.968504 1.000000
tan 0.244094 0.000000 0.968504 1.000000
tan 0.992126 -0.078120 0.118730 1.000000
tan 0.645669 0.000000 0.763779 1.000000
tan 0.952756 0.000000 0.291339 1.000000
tan 0.952756 -0.015004 0.299213 1.000000
tan 0.000000 -0.118110 0.874016 1.000000
tan -0.005208 -0.330709 0.849216 1.000000
tan -0.961002 -0.176824 0.212288 1.000000
tan -0.160394 0.007874 0.921446 1.000000
tan -0.456693 -0.889764 -0.088040 1.000000
tan 0.140616 -0.984314 -0.088164 1.000000
tan -0.503937 -0.866142 -0.018724 1.000000
tan 0.496063 -0.866142 -0.080910 1.000000
tan -0.002666 -0.452105 0.790688 1.000000
tan 0.020646 0.050716 0.874016 1.000000
tan 0.968752 -0.155000 0.174220 1.000000
tan 0.425197 -0.905512 0.000000 1.000000
tan 1.000000 0.000000 0.000000 1.000000
tan 1.000000 -0.015748 0.000000 1.000000
tan 0.795276 -0.018786 0.606485 1.000000
tan 0.165106 -0.007750 0.984252 1.000000
tan 0.328663 -0.041354 0.902164 1.000000
tan 0.338583 0.000000 0.944882 1.000000
tan 0.338583 0.000000 0.944882 1.000000
tan -0.165106 -0.007750 0.984252 1.000000
tan -0.338583 0.000000 0.944882 1.000000
tan -0.338583 0.000000 0.944882 1.000000
tan -0.858268 -0.027032 0.512555 1.000000
tan -1.000000 -0.023622 -0.007874 1.000000
tan -1.000000 0.000000 0.000000 1.000000
tan 0.000000 -0.000000 -0.901048 1.000000
tan 0.000000 -0.000000 -0.897638 1.000000
tan 0.000000 -0.000000 -0.870048 1.000000
tan 0.000000 -0.000000 -0.901172 1.000000
tan 0.000000 -0.000000 -0.894910 1.000000
tan 0.000000 -0.000000 -0.927212 1.000000
tan 0.000000 -0.000000 -1.000000 1.000000
tan 0.000000 -0.000000 -1.000000 1.000000
tan 0.000000 -0.000000 -1.000000 1.000000
tan 0.000000 -0.000000 -1.000000 1.000000
tan 0.000000 -0.000000 -0.870048 1.000000
tan 0.000000 -0.000000 -0.889764 1.000000
tan 0.000000 -0.000000 -0.908922 1.000000
tan 0.000000 -0.000000 -0.919710 1.000000
tan 0.000000 -0.000000 -0.889640 1.000000
tan 0.000000 -0.000000 -0.915370 1.000000
tan 0.000000 -0.000000 -1.000000 1.000000
tan 0.000000 -0.000000 -1.000000 1.000000
tan 0.000000 -0.000000 -1.000000 1.000000
tan 0.000000 -0.000000 -1.000000 1.000000
tan -0.651497 0.166594 -0.574307 1.000000
tan -0.773576 0.070370 -0.460661 1.000000
tan -0.634261 0.176638 -0.586521 1.000000
tan -0.735073 0.106392 -0.515965 1.000000
tan -0.777172 0.072106 -0.470581 1.000000
tan -0.838366 0.254138 -0.434001 1.000000
tan -0.929134 0.021948 -0.364065 1.000000
tan -0.929134 0.007316 -0.362329 1.000000
tan -0.929134 -0.000000 -0.370079 1.000000
tan -0.929134 -0.000000 -0.370079 1.000000
tan -0.797632 -0.051460 -0.437411 1.000000
tan -0.725587 -0.103664 -0.501333 1.000000
tan -0.651497 -0.170190 -0.581127 1.000000
tan -0.738979 -0.104346 -0.505735 1.000000
tan -0.766570 -0.075392 -0.474859 1.000000
tan -0.752371 -0.408519 -0.492467 1.000000
tan -0.929134 -0.007316 -0.362577 1.000000
tan -0.929134 -0.000000 -0.370079 1.000000
tan -0.929134 -0.000000 -0.370079 1.000000
tan -0.929134 -0.000000 -0.370079 1.000000
tan 0.773576 0.070370 -0.460661 1.000000
tan 0.651497 0.166594 -0.574307 1.000000
tan 0.634261 0.176638 -0.586521 1.000000
tan 0.735073 0.106392 -0.515965 1.000000
tan 0.777172 0.072106 -0.470581 1.000000
tan 0.838366 0.260958 -0.436853 1.000000
tan 0.929134 0.021948 -0.364065 1.000000
tan 0.929134 0.007316 -0.362329 1.000000
tan 0.929134 -0.000000 -0.370079 1.000000
tan 0.929134 -0.000000 -0.370079 1.000000
tan 0.725587 -0.103664 -0.501333 1.000000
tan 0.797632 -0.051460 -0.437411 1.000000
tan 0.651497 -0.170190 -0.581127 1.000000
tan 0.738979 -0.104346 -0.505735 1.000000
tan 0.766570 -0.075392 -0.474859 1.000000
tan 0.752371 -0.408519 -0.492467 1.000000
tan 0.929134 -0.007316 -0.362577 1.000000
tan 0.929134 -0.000000 -0.370079 1.000000
tan 0.929134 -0.000000 -0.370079 1.000000
tan 0.929134 -0.000000 -0.370079 1.000000
tan 0.968504 -0.244404 0.038130 1.000000
tan 0.968504 -0.251968 0.000000 1.000000
tan 0.944882 -0.314961 0.000000 1.000000
tan 0.960630 -0.268212 0.030256 1.000000
tan 0.945626 -0.243536 0.198276 1.000000
tan 0.945254 -0.296423 0.127534 1.000000
tan 0.922748 -0.305227 0.232562 1.000000
tan 0.876992 -0.259346 0.404179 1.000000
tan 0.877736 -0.305537 0.367599 1.000000
tan 0.800732 -0.243102 0.549073 1.000000
tan 0.789448 -0.339141 0.509083 1.000000
tan 0.686341 -0.256680 0.686341 1.000000
tan 0.669601 -0.334801 0.669601 1.000000
tan 0.553537 -0.225618 0.807241 1.000000
tan 0.509083 -0.339141 0.789447 1.000000
tan 0.396553 -0.256928 0.884618 1.000000
tan 0.357121 -0.332197 0.870482 1.000000
tan 0.261393 -0.230764 0.937938 1.000000
tan 0.221340 -0.336847 0.907496 1.000000
tan 0.129642 -0.255254 0.960878 1.000000
tan 0.104160 -0.334181 0.937442 1.000000
tan 0.000000 -0.228346 0.976378 1.000000
tan 0.000000 -0.346457 0.937008 1.000000
tan -0.129642 -0.255254 0.960878 1.000000
tan -0.104160 -0.334181 0.937442 1.000000
tan -0.261393 -0.230764 0.937938 1.000000
tan -0.221340 -0.336847 0.907496 1.000000
tan -0.396553 -0.256928 0.884618 1.000000
tan -0.357121 -0.332197 0.870482 1.000000
tan -0.553537 -0.225618 0.807241 1.000000
tan -0.509083 -0.339141 0.789447 1.000000
tan -0.686341 -0.256680 0.686341 1.000000
tan -0.669601 -0.334801 0.669601 1.000000
tan -0.831236 -0.255006 0.495691 1.000000
tan -0.789448 -0.339141 0.509083 1.000000
tan -0.877736 -0.305537 0.367599 1.000000
tan -0.922748 -0.305227 0.232562 1.000000
tan -0.976502 -0.166842 0.116250 1.000000
tan -0.876434 -0.443611 0.190836 1.000000
tan -0.890570 -0.438961 0.106020 1.000000
tan -0.897638 -0.441503 0.021204 1.000000
tan -0.944882 -0.322835 0.000000 1.000000
tan -0.968504 -0.259842 0.000000 1.000000
tan -0.944882 -0.323207 0.022320 1.000000
tan -0.976378 -0.212598 0.000000 1.000000
tan -0.976378 -0.212846 -0.030752 1.000000
tan -0.960630 -0.275591 0.000000 1.000000
tan -0.968504 -0.252278 -0.038130 1.000000
tan -0.968690 -0.224626 -0.146072 1.000000
tan -0.953314 -0.234236 -0.199888 1.000000
tan -0.930374 -0.281109 -0.242048 1.000000
tan -0.884618 -0.239321 -0.396553 1.000000
tan -0.884122 -0.218426 -0.415153 1.000000
tan -0.806002 -0.192324 -0.565751 1.000000
tan -0.801786 -0.283031 -0.537045 1.000000
tan -0.691921 -0.200880 -0.691921 1.000000
tan -0.680761 -0.273421 -0.680761 1.000000
tan -0.565751 -0.192324 -0.806001 1.000000
tan -0.537045 -0.281233 -0.794221 1.000000
tan -0.415153 -0.204166 -0.884122 1.000000
tan -0.385765 -0.273545 -0.877426 1.000000
tan -0.279001 -0.191828 -0.945502 1.000000
tan -0.242048 -0.281109 -0.930374 1.000000
tan -0.138384 -0.199764 -0.968690 1.000000
tan -0.121024 -0.270569 -0.953066 1.000000
tan 0.000000 -0.212599 -0.976378 1.000000
tan 0.000000 -0.259843 -0.968504 1.000000
tan 0.138384 -0.199764 -0.968690 1.000000
tan 0.121024 -0.270569 -0.953066 1.000000
tan 0.279001 -0.191828 -0.945502 1.000000
tan 0.242048 -0.281109 -0.930374 1.000000
tan 0.415153 -0.204166 -0.884122 1.000000
tan 0.385765 -0.273545 -0.877426 1.000000
tan 0.565751 -0.192324 -0.806001 1.000000
tan 0.537045 -0.281233 -0.794221 1.000000
tan 0.691921 -0.200880 -0.691921 1.000000
tan 0.680761 -0.273421 -0.680761 1.000000
tan 0.806002 -0.192324 -0.565751 1.000000
tan 0.801786 -0.283031 -0.537045 1.000000
tan 0.884122 -0.218426 -0.415153 1.000000
tan 0.884618 -0.239321 -0.396553 1.000000
tan 0.953314 -0.234236 -0.199888 1.000000
tan 0.930374 -0.281109 -0.242048 1.000000
tan 0.968690 -0.224626 -0.146072 1.000000
tan 0.968504 -0.252278 -0.038130 1.000000
tan 0.976378 -0.212846 -0.030752 1.000000
tan 0.976378 -0.212598 0.000000 1.000000
tan 0.960630 -0.275591 0.000000 1.000000
tan 0.976378 -0.205034 0.038440 1.000000
tan 0.976378 -0.196850 0.000000 1.000000
tan 0.968504 -0.259842 0.000000 1.000000
tan 0.968504 -0.236530 0.038130 1.000000
tan 0.961002 -0.215450 0.153760 1.000000
tan 0.953314 -0.226548 0.199888 1.000000
tan 0.930374 -0.265236 0.259285 1.000000
tan 0.884122 -0.221774 0.415153 1.000000
tan 0.884122 -0.211296 0.415153 1.000000
tan 0.806002 -0.185876 0.565751 1.000000
tan 0.801786 -0.272056 0.537045 1.000000
tan 0.697501 -0.189720 0.697501 1.000000
tan 0.686341 -0.267840 0.686341 1.000000
tan 0.565751 -0.185876 0.806001 1.000000
tan 0.537045 -0.270320 0.794222 1.000000
tan 0.426251 -0.194370 0.891252 1.000000
tan 0.396553 -0.264120 0.884618 1.000000
tan 0.279001 -0.182032 0.945502 1.000000
tan 0.249612 -0.274164 0.930374 1.000000
tan 0.139500 -0.191952 0.976502 1.000000
tan 0.122016 -0.262756 0.960878 1.000000
tan 0.000000 -0.204724 0.976378 1.000000
tan 0.000000 -0.251968 0.968504 1.000000
tan -0.139500 -0.191952 0.976502 1.000000
tan -0.122016 -0.262756 0.960878 1.000000
tan -0.279001 -0.182032 0.945502 1.000000
tan -0.249612 -0.274164 0.930374 1.000000
tan -0.426251 -0.194370 0.891252 1.000000
tan -0.396553 -0.264120 0.884618 1.000000
tan -0.565751 -0.185876 0.806001 1.000000
tan -0.537045 -0.270320 0.794222 1.000000
tan -0.697501 -0.189720 0.697501 1.000000
tan -0.686341 -0.267840 0.686341 1.000000
tan -0.806002 -0.185876 0.565751 1.000000
tan -0.794222 -0.270320 0.537045 1.000000
tan -0.884122 -0.211296 0.415153 1.000000
tan -0.884122 -0.221774 0.415153 1.000000
tan -0.953314 -0.218860 0.199888 1.000000
tan -0.930374 -0.267220 0.257177 1.000000
tan -0.961002 -0.215450 0.153760 1.000000
tan -0.968504 -0.244404 0.038130 1.000000
tan -0.976378 -0.205034 0.038440 1.000000
tan -0.976378 -0.196850 0.000000 1.000000
tan -0.968504 -0.259842 0.000000 1.000000
tan 0.673011 -0.175336 0.688015 1.000000
tan 0.037014 -0.108438 0.893608 1.000000
tan 0.637423 -0.285076 0.706739 1.000000
tan -0.032364 -0.122760 0.859322 1.000000
tan 0.670593 0.030256 0.719201 1.000000
tan 0.294625 0.482113 0.777109 1.000000
tan 0.960630 -0.283465 0.000000 1.000000
tan 0.858268 -0.519685 0.000000 1.000000
tan 0.952756 -0.291339 0.000000 1.000000
tan -0.015748 -1.000000 0.000000 1.000000
tan 0.000000 -1.000000 0.000000 1.000000
tan -0.858268 -0.519685 0.000000 1.000000
tan -0.952756 -0.291339 0.000000 1.000000
tan -0.960630 -0.283465 0.000000 1.000000
tan 0.462769 -0.451671 0.746110 1.000000
tan 0.451671 -0.431707 0.770537 1.000000
tan 0.815488 0.102858 0.483477 1.000000
tan 0.794036 0.184016 0.462521 1.000000
tan 0.464257 -0.100626 0.842148 1.000000
tan 0.508587 0.610081 0.612189 1.000000
tan 0.822618 -0.220472 -0.323393 1.000000
tan 0.782752 -0.365553 0.420547 1.000000
tan 0.861802 -0.264245 -0.329345 1.000000
tan 0.661665 -0.487879 0.522909 1.000000
tan 0.852874 0.162998 -0.402257 1.000000
tan 0.791370 0.405233 0.048608 1.000000
tan 0.364251 -0.160952 -0.914502 1.000000
tan 0.352595 -0.278009 -0.885238 1.000000
tan 0.361337 -0.204848 -0.907186 1.000000
tan -0.052452 -0.924732 0.131688 1.000000
tan 0.000000 -0.952446 0.000000 1.000000
tan -0.355509 -0.248744 0.892554 1.000000
tan -0.358423 -0.219480 0.899870 1.000000
tan -0.364251 -0.168268 0.914502 1.000000
tan -0.037014 -0.108438 0.893608 1.000000
tan -0.673011 -0.175336 0.688015 1.000000
tan -0.637423 -0.285076 0.706739 1.000000
tan 0.032364 -0.122760 0.859322 1.000000
tan -0.670593 0.030256 0.719201 1.000000
tan -0.294625 0.482113 0.777109 1.000000
tan -0.451671 -0.431707 0.770537 1.000000
tan -0.462769 -0.451671 0.746110 1.000000
tan -0.815488 0.102858 0.483477 1.000000
tan -0.794036 0.184016 0.462521 1.000000
tan -0.460971 -0.094178 0.842148 1.000000
tan -0.502387 0.610081 0.609709 1.000000
tan -0.776118 -0.365553 0.418749 1.000000
tan -0.822618 -0.220472 -0.323393 1.000000
tan -0.864530 -0.267593 -0.329345 1.000000
tan -0.661665 -0.487879 0.522909 1.000000
tan -0.852874 0.162998 -0.402257 1.000000
tan -0.791370 0.405233 0.048608 1.000000
tan -0.361337 -0.203360 -0.907186 1.000000
tan -0.355509 -0.270693 -0.892554 1.000000
tan -0.364251 -0.160952 -0.914502 1.000000
tan -0.023312 -0.932048 -0.058528 1.000000
tan 0.000000 -0.952446 0.000000 1.000000
tan 0.355509 -0.248744 0.892554 1.000000
tan 0.358423 -0.219480 0.899870 1.000000
tan 0.364251 -0.168268 0.914502 1.000000
tan 0.141732 -0.992126 0.000000 1.000000
tan -0.133858 -0.992126 0.000000 1.000000
tan 0.165354 -0.984252 0.000000 1.000000
tan -0.157480 -0.984252 0.000000 1.000000
tan -0.133858 -0.960630 0.000000 1.000000
tan 0.173228 -0.968504 0.000000 1.000000
tan 0.149606 -0.937008 0.000000 1.000000
tan 0.149606 -0.896026 0.004712 1.000000
tan -0.141732 -0.896026 -0.004464 1.000000
tan 0.130696 -0.898878 0.026350 1.000000
tan -0.161448 -0.891190 -0.032550 1.000000
tan -0.101556 -0.987724 -0.098208 1.000000
tan 0.103664 -0.987724 0.107198 1.000000
tan -0.029016 -0.903466 -0.138384 1.000000
tan 0.027094 -0.896026 0.147250 1.000000
tan -0.005580 -0.899560 -0.141732 1.000000
tan 0.005456 -0.896026 0.173228 1.000000
tan 0.001054 -0.947300 0.133858 1.000000
tan 0.000000 -0.944882 -0.149606 1.000000
tan 0.000000 -0.976378 0.133858 1.000000
tan 0.000000 -0.976378 -0.173228 1.000000
tan 0.000000 -0.992126 -0.133858 1.000000
tan 0.000000 -0.984252 0.165354 1.000000
tan 0.000000 -0.976378 0.133858 1.000000
tan 0.000000 -0.976378 -0.173228 1.000000
tan 0.000000 -0.944882 -0.149606 1.000000
tan -0.001054 -0.947300 0.133858 1.000000
tan 0.005580 -0.899560 -0.141732 1.000000
tan -0.005456 -0.896026 0.173228 1.000000
tan -0.027094 -0.896026 0.147250 1.000000
tan 0.029016 -0.903466 -0.138384 1.000000
tan -0.103664 -0.987724 0.107198 1.000000
tan 0.101556 -0.987724 -0.098208 1.000000
tan -0.130696 -0.898878 0.026350 1.000000
tan 0.161448 -0.891190 -0.032550 1.000000
tan 0.141732 -0.896026 -0.004464 1.000000
tan -0.149606 -0.896026 0.004712 1.000000
tan 0.133858 -0.960630 0.000000 1.000000
tan -0.149606 -0.937008 0.000000 1.000000
tan -0.181102 -0.968504 0.000000 1.000000
tan -0.133858 -0.992126 0.000000 1.000000
tan 0.157480 -0.984252 0.000000 1.000000
tan 0.133858 -0.992126 0.000000 1.000000
tan -0.165354 -0.984252 0.000000 1.000000
tan 0.094488 -0.992126 0.000000 1.000000
tan -0.094488 -0.992126 0.000000 1.000000
tan -0.118110 -0.992126 0.000000 1.000000
tan 0.102362 -0.992126 0.000000 1.000000
tan 0.094488 -0.968504 0.000000 1.000000
tan -0.094488 -0.976378 0.000000 1.000000
tan -0.094488 -0.944882 0.000000 1.000000
tan 0.102362 -0.903900 0.003224 1.000000
tan -0.102362 -0.899870 -0.004030 1.000000
tan 0.093000 -0.891438 0.016368 1.000000
tan -0.084568 -0.919028 -0.019778 1.000000
tan 0.073346 -0.993366 0.070928 1.000000
tan -0.071734 -0.998884 -0.073346 1.000000
tan 0.017112 -0.897452 0.093000 1.000000
tan -0.017732 -0.911154 -0.084568 1.000000
tan 0.002418 -0.892678 0.102362 1.000000
tan -0.000806 -0.893298 -0.102362 1.000000
tan 0.000000 -0.944882 0.094488 1.000000
tan -0.000682 -0.947300 -0.086614 1.000000
tan 0.000000 -0.984252 0.086614 1.000000
tan 0.000000 -0.984252 -0.118110 1.000000
tan 0.000000 -1.000000 -0.086614 1.000000
tan 0.000000 -0.992126 0.118110 1.000000
tan 0.000000 -0.984252 0.086614 1.000000
tan 0.000000 -0.984252 -0.118110 1.000000
tan 0.000682 -0.947238 -0.086614 1.000000
tan 0.000000 -0.944882 0.094488 1.000000
tan 0.000806 -0.893298 -0.102362 1.000000
tan -0.002418 -0.892678 0.102362 1.000000
tan 0.017732 -0.911154 -0.084568 1.000000
tan -0.018538 -0.896026 0.100750 1.000000
tan 0.071734 -0.998884 -0.073346 1.000000
tan -0.067704 -0.993366 0.065472 1.000000
tan 0.084568 -0.908054 -0.018414 1.000000
tan -0.116250 -0.900614 0.022320 1.000000
tan -0.086614 -0.904148 0.002728 1.000000
tan 0.110236 -0.899560 -0.004340 1.000000
tan 0.086614 -0.944882 0.000000 1.000000
tan -0.094488 -0.968504 0.000000 1.000000
tan 0.110236 -0.976378 0.000000 1.000000
tan 0.086614 -0.992126 0.000000 1.000000
tan -0.102362 -0.992126 0.000000 1.000000
tan -0.094488 -0.992126 0.000000 1.000000
tan 0.118110 -0.992126 0.000000 1.000000
tan -1.000000 -0.007874 0.078740 1.000000
tan -1.000000 0.015748 -0.039370 1.000000
tan -1.000000 0.015748 -0.000000 1.000000
tan -0.984252 0.015500 -0.173228 1.000000
tan -0.952756 -0.017422 -0.307087 1.000000
tan -0.952756 0.017422 -0.307087 1.000000
tan -0.992126 -0.126356 -0.046872 1.000000
tan -0.976502 -0.128092 -0.171864 1.000000
tan -0.889764 0.017608 -0.456693 1.000000
tan -0.811024 0.017422 -0.590551 1.000000
tan -0.708661 -0.033480 -0.708661 1.000000
tan -0.708661 0.022320 -0.708661 1.000000
tan -0.882758 -0.122822 -0.445285 1.000000
tan -0.804638 -0.129518 -0.585901 1.000000
tan -0.590551 0.017422 -0.811023 1.000000
tan -0.448819 -0.024552 -0.889764 1.000000
tan -0.578089 -0.136152 -0.812449 1.000000
tan -0.456693 0.017608 -0.889764 1.000000
tan -0.307087 0.017422 -0.952756 1.000000
tan -0.157480 -0.015500 -0.984252 1.000000
tan -0.296857 -0.131812 -0.945254 1.000000
tan -0.157480 0.015500 -0.984252 1.000000
tan 0.000000 0.015748 -1.000000 1.000000
tan 0.157480 -0.031000 -0.984252 1.000000
tan 0.000000 -0.133858 -0.992126 1.000000
tan 0.157480 0.015500 -0.984252 1.000000
tan 0.307087 0.017422 -0.952756 1.000000
tan 0.448819 -0.031558 -0.889764 1.000000
tan 0.296857 -0.131812 -0.945254 1.000000
tan 0.456693 0.017608 -0.889764 1.000000
tan 0.590551 0.017422 -0.811023 1.000000
tan 0.708661 -0.033480 -0.708661 1.000000
tan 0.578089 -0.136152 -0.812449 1.000000
tan 0.708661 0.022320 -0.708661 1.000000
tan 0.811024 0.017422 -0.590551 1.000000
tan 0.804638 -0.128898 -0.578089 1.000000
tan 0.890570 -0.123690 -0.445285 1.000000
tan 0.952756 -0.017422 -0.307087 1.000000
tan 0.889764 0.017608 -0.456693 1.000000
tan 0.952756 0.017422 -0.307087 1.000000
tan 0.984252 0.015500 -0.173228 1.000000
tan 0.976502 -0.128092 -0.171864 1.000000
tan 0.992126 -0.126356 -0.046872 1.000000
tan 1.000000 -0.007874 0.078740 1.000000
tan 1.000000 0.015748 -0.039370 1.000000
tan 1.000000 0.015748 -0.000000 1.000000
tan 0.307087 -0.952756 0.082522 1.000000
tan 0.101990 -0.992126 0.023436 1.000000
tan 0.164920 -0.984252 0.007750 1.000000
tan 0.141732 -0.992126 0.000000 1.000000
tan 0.102362 -0.992126 0.000000 1.000000
tan 0.858268 -0.503875 0.006758 1.000000
tan 1.000000 -0.039370 0.047244 1.000000
tan 0.425197 -0.858268 0.000000 1.000000
tan 0.141732 -0.960630 0.000000 1.000000
tan 0.899002 -0.395375 0.151032 1.000000
tan 0.863228 -0.355261 0.368901 1.000000
tan 0.149606 -0.881208 0.002356 1.000000
tan 0.782070 -0.344473 0.523839 1.000000
tan 0.339389 -0.874264 0.128340 1.000000
tan 0.156240 -0.865646 0.018600 1.000000
tan 0.652861 -0.401761 0.652861 1.000000
tan 0.133920 -0.982082 0.133920 1.000000
tan 0.528241 -0.333499 0.788642 1.000000
tan 0.031806 -0.908054 0.146072 1.000000
tan 0.000000 -0.818897 0.377953 1.000000
tan 0.355447 -0.396305 0.848720 1.000000
tan 0.006510 -0.899560 0.165354 1.000000
tan 0.001116 -0.947300 0.141732 1.000000
tan 0.238080 -0.330833 0.915122 1.000000
tan 0.000000 -0.976378 0.165354 1.000000
tan 0.003348 -0.891004 0.425197 1.000000
tan 0.101556 -0.397545 0.914006 1.000000
tan 0.000000 -0.992126 0.133858 1.000000
tan 0.000000 -0.330709 0.944882 1.000000
tan 0.000000 -0.889764 0.440945 1.000000
tan -0.101556 -0.397545 0.914006 1.000000
tan 0.000000 -0.976378 0.165354 1.000000
tan -0.238080 -0.330833 0.915122 1.000000
tan -0.012648 -0.853680 0.401575 1.000000
tan -0.001116 -0.947300 0.141732 1.000000
tan -0.355447 -0.396305 0.848720 1.000000
tan -0.006510 -0.899560 0.165354 1.000000
tan -0.191952 -0.695393 0.650505 1.000000
tan -0.031806 -0.908054 0.146072 1.000000
tan -0.339389 -0.874264 0.128340 1.000000
tan -0.652861 -0.401761 0.652861 1.000000
tan -0.133920 -0.982082 0.133920 1.000000
tan -0.782070 -0.344473 0.523839 1.000000
tan -0.149606 -0.844132 0.004712 1.000000
tan -0.409449 -0.866142 0.000000 1.000000
tan -0.863228 -0.355261 0.368901 1.000000
tan -0.149606 -0.947238 0.001178 1.000000
tan -0.899002 -0.395375 0.151032 1.000000
tan -0.149606 -0.976378 0.000000 1.000000
tan -1.000000 -0.031496 0.047244 1.000000
tan -0.149606 -0.984252 0.000000 1.000000
tan -0.133858 -0.992126 0.000000 1.000000
tan -0.818898 -0.574741 0.006448 1.000000
tan -0.157480 -0.984252 0.000000 1.000000
tan -0.006138 -0.779527 0.629921 1.000000
tan 0.000000 -0.795275 0.606299 1.000000
tan 0.000000 -0.795275 0.606299 1.000000
tan -0.006014 -0.763779 0.645669 1.000000
tan 0.005704 -0.724409 0.685039 1.000000
tan 0.000000 -0.748031 0.661417 1.000000
tan 0.000000 -0.748031 0.661417 1.000000
tan 0.005704 -0.724409 0.692913 1.000000
tan -0.507781 -0.851510 -0.114886 1.000000
tan -0.499969 -0.851510 -0.081096 1.000000
tan -0.503751 -0.844752 -0.159464 1.000000
tan -0.503937 -0.858268 -0.074338 1.000000
tan 0.627751 -0.751751 -0.154442 1.000000
tan 0.592597 -0.709653 -0.355013 1.000000
tan 0.592597 -0.709653 -0.356067 1.000000
tan 0.467047 -0.559303 -0.672019 1.000000
tan -0.531279 -0.655961 0.218240 1.000000
tan -0.420609 -0.705561 0.277761 1.000000
tan -0.503689 -0.673693 0.225184 1.000000
tan -0.549321 -0.643437 0.196540 1.000000
tan -0.356191 -0.622171 -0.694711 1.000000
tan -0.727509 -0.343047 -0.593155 1.000000
tan -0.426437 -0.582801 -0.687457 1.000000
tan -0.818464 -0.229276 -0.527869 1.000000
tan -0.094116 0.804266 0.467729 1.000000
tan -0.090148 0.801786 0.467729 1.000000
tan -0.003596 0.805196 0.516771 1.000000
tan -0.016368 0.805196 0.519685 1.000000
tan 0.067766 0.736623 -0.628867 1.000000
tan 0.107942 0.748837 -0.623845 1.000000
tan 0.097278 0.746605 -0.626077 1.000000
tan 0.222146 0.761981 -0.590365 1.000000
tan -0.503937 0.866142 0.034100 1.000000
tan -0.515593 0.851510 0.114886 1.000000
tan -0.503937 0.858268 0.067580 1.000000
tan -0.503751 0.844752 0.159464 1.000000
tan 0.592597 0.709653 0.355013 1.000000
tan 0.627751 0.751751 0.154442 1.000000
tan 0.592597 0.709653 0.356067 1.000000
tan 0.467047 0.559303 0.666005 1.000000
tan -0.152644 0.802901 -0.443921 1.000000
tan -0.109120 0.801785 -0.460289 1.000000
tan -0.175088 0.783929 -0.442929 1.000000
tan -0.245148 0.783805 -0.407341 1.000000
tan -0.156736 0.695145 0.680761 1.000000
tan -0.426437 0.582801 0.687457 1.000000
tan -0.291587 0.650257 0.694153 1.000000
tan -0.113460 0.707483 0.674623 1.000000
tan 0.078244 -0.799306 -0.532209 1.000000
tan 0.105896 -0.801786 -0.544609 1.000000
tan 0.177568 -0.778970 -0.571641 1.000000
tan 0.164982 -0.778970 -0.574369 1.000000
tan 0.573935 -0.682621 0.380557 1.000000
tan 0.274103 -0.737429 0.547957 1.000000
tan 0.617211 -0.661107 0.344287 1.000000
tan 0.584041 -0.695889 0.388369 1.000000
tan -0.897638 -0.000000 -0.433071 1.000000
tan -0.897638 -0.000000 -0.433071 1.000000
tan -0.897638 -0.000000 -0.433071 1.000000
tan -0.897638 -0.000000 -0.433071 1.000000
tan -0.897638 -0.000000 -0.433071 1.000000
tan -0.897638 -0.000000 -0.433071 1.000000
tan -0.897638 -0.000000 -0.433071 1.000000
tan -0.897638 -0.000000 -0.433071 1.000000
tan -0.897638 -0.000000 -0.433071 1.000000
tan -0.897638 -0.000000 -0.433071 1.000000
tan -0.897638 -0.000000 -0.433071 1.000000
tan -0.897638 -0.000000 -0.433071 1.000000
tan -0.897638 -0.000000 -0.433071 1.000000
tan -0.897638 -0.000000 -0.433071 1.000000
tan -0.897638 -0.000000 -0.433071 1.000000
tan -0.897638 -0.000000 -0.433071 1.000000
tan -0.897638 -0.000000 -0.433071 1.000000
tan -0.897638 -0.000000 -0.433071 1.000000
tan -0.897638 -0.000000 -0.433071 1.000000
tan -0.897638 -0.000000 -0.433071 1.000000
tan -0.897638 -0.000000 -0.433071 1.000000
tan -0.897638 -0.000000 -0.433071 1.000000
tan -0.897638 -0.000000 -0.433071 1.000000
tan -0.128340 0.819704 0.526195 1.000000
tan -0.138384 0.793105 0.556699 1.000000
tan -0.133920 0.800732 0.549073 1.000000
tan -0.152272 0.771529 0.574865 1.000000
tan -0.408705 0.364065 0.780705 1.000000
tan -0.535309 0.658131 0.510447 1.000000
tan 0.023622 0.559303 0.779651 1.000000
tan 0.020026 0.581623 0.758137 1.000000
tan 0.033356 0.554343 0.778659 1.000000
tan -0.499969 0.859322 0.130696 1.000000
tan -0.538161 0.814930 -0.108376 1.000000
tan -0.017360 0.592907 0.759811 1.000000
tan -0.533821 0.808358 -0.123628 1.000000
tan -0.000868 0.590427 0.768863 1.000000
tan -0.549073 0.800732 -0.138384 1.000000
tan -0.526195 0.819828 -0.132618 1.000000
tan 0.006014 0.205654 0.969434 1.000000
tan -0.031496 0.055118 1.000000 1.000000
tan 0.000000 -0.196850 0.976378 1.000000
tan -0.023622 -0.047244 1.000000 1.000000
tan -0.051770 0.211669 0.969496 1.000000
tan -0.059024 0.526877 0.794655 1.000000
tan -0.022506 -0.299212 0.952756 1.000000
tan -0.049848 0.546097 0.796453 1.000000
tan -0.053196 0.546965 0.784983 1.000000
tan -0.038440 -0.197160 0.976378 1.000000
tan -0.025482 0.605555 0.763283 1.000000
tan -0.023250 0.573563 0.778907 1.000000
tan -0.006820 -0.503937 0.866142 1.000000
tan -0.013888 -0.472441 0.881890 1.000000
tan -0.006944 -0.472441 0.881890 1.000000
tan -0.007068 -0.433071 0.897638 1.000000
tan -0.007006 -0.448819 0.889764 1.000000
tan 0.266849 0.719077 0.603509 1.000000
tan 0.460909 0.874946 0.103478 1.000000
tan 0.641949 0.241429 0.716659 1.000000
tan 0.456693 0.889764 -0.018166 1.000000
tan 0.321781 0.623721 0.637671 1.000000
tan 0.456693 0.889764 -0.014570 1.000000
tan 0.456693 0.889764 -0.028768 1.000000
tan 0.456693 0.889764 -0.028768 1.000000
tan 0.325439 0.646785 0.618265 1.000000
tan 0.266105 0.764957 0.518445 1.000000
tan 0.309257 0.669353 0.602517 1.000000
tan -0.013516 -0.511811 0.858268 1.000000
tan -0.007750 -0.606671 0.795462 1.000000
tan 0.431149 -0.784549 0.406597 1.000000
tan -0.022072 -0.605927 0.795648 1.000000
tan -0.480625 -0.756277 0.415897 1.000000
tan -0.005952 -0.755905 0.653543 1.000000
tan 0.558001 -0.758881 0.288859 1.000000
tan 0.678777 -0.641887 0.245273 1.000000
tan 0.632401 -0.709777 0.221340 1.000000
tan 0.677041 -0.662161 0.236965 1.000000
tan -0.617521 -0.714241 0.307025 1.000000
tan -0.723045 -0.590241 0.261269 1.000000
tan -0.684481 -0.657697 0.239569 1.000000
tan -0.721681 -0.610081 0.252589 1.000000
tan -0.015748 0.000000 1.000000 1.000000
tan -0.023622 0.000000 1.000000 1.000000
tan -0.015748 0.000000 1.000000 1.000000
tan -0.023622 0.000000 1.000000 1.000000
tan -0.039370 0.000000 1.000000 1.000000
tan -0.039370 0.000000 1.000000 1.000000
tan 0.000000 0.000000 1.000000 1.000000
tan -0.031496 0.000000 1.000000 1.000000
tan 0.000000 0.000000 1.000000 1.000000
tan -0.039370 0.000000 1.000000 1.000000
tan -0.173228 0.000000 0.984252 1.000000
tan -0.173228 0.000000 0.984252 1.000000
tan -0.307087 0.000000 0.952756 1.000000
tan -0.307087 0.000000 0.952756 1.000000
tan -0.448819 0.000000 0.889764 1.000000
tan -0.448819 0.000000 0.889764 1.000000
tan -0.590551 0.000000 0.811023 1.000000
tan -0.590551 0.000000 0.811023 1.000000
tan -0.708661 0.000000 0.708661 1.000000
tan -0.708661 0.000000 0.708661 1.000000
tan -0.811024 0.000000 0.590551 1.000000
tan -0.811024 0.000000 0.590551 1.000000
tan -0.889764 0.000000 0.456693 1.000000
tan -0.889764 0.000000 0.456693 1.000000
tan -0.952756 0.000000 0.307087 1.000000
tan -0.952756 0.000000 0.307087 1.000000
tan -0.984252 0.000000 0.157480 1.000000
tan -0.984252 0.000000 0.157480 1.000000
tan -1.000000 0.000000 0.000000 1.000000
tan -1.000000 0.000000 0.000000 1.000000
tan -0.984252 -0.000000 -0.157480 1.000000
tan -0.984252 -0.000000 -0.157480 1.000000
tan -0.952756 -0.000000 -0.307087 1.000000
tan -0.952756 -0.000000 -0.307087 1.000000
tan -0.889764 -0.000000 -0.456693 1.000000
tan -0.889764 -0.000000 -0.456693 1.000000
tan -0.811024 -0.000000 -0.590551 1.000000
tan -0.811024 -0.000000 -0.590551 1.000000
tan -0.708661 -0.000000 -0.708661 1.000000
tan -0.708661 -0.000000 -0.708661 1.000000
tan -0.590551 -0.000000 -0.811023 1.000000
tan -0.590551 -0.000000 -0.811023 1.000000
tan -0.448819 -0.000000 -0.889764 1.000000
tan -0.448819 -0.000000 -0.889764 1.000000
tan -0.307087 -0.000000 -0.952756 1.000000
tan -0.307087 -0.000000 -0.952756 1.000000
tan -0.173228 -0.000000 -0.984252 1.000000
tan -0.173228 -0.000000 -0.984252 1.000000
tan -0.039370 -0.000000 -1.000000 1.000000
tan -0.031496 -0.000000 -1.000000 1.000000
tan 0.000000 -0.000000 -1.000000 1.000000
tan 0.000000 -0.000000 -1.000000 1.000000
tan -0.661417 -0.748031 0.000000 1.000000
tan -0.803150 -0.590551 0.000000 1.000000
tan -0.488189 -0.874016 0.000000 1.000000
tan -0.811024 -0.582677 0.000000 1.000000
tan -1.000000 0.000000 0.000000 1.000000
tan -1.000000 0.000000 0.000000 1.000000
tan -0.811024 0.582677 -0.000000 1.000000
tan -0.645669 0.763779 -0.000000 1.000000
tan -0.803150 0.590551 -0.000000 1.000000
tan -0.488189 0.874016 -0.000000 1.000000
tan -0.355509 -0.248744 0.892554 1.000000
tan -0.367165 -0.109740 0.921818 1.000000
tan -0.332197 -0.412611 0.834026 1.000000
tan -0.367165 -0.109740 0.921818 1.000000
tan -0.358423 0.219481 0.899870 1.000000
tan -0.364251 0.163866 0.914502 1.000000
tan -0.233120 0.716969 0.585281 1.000000
tan -0.160270 0.834026 0.402381 1.000000
tan -0.090334 0.902784 0.226796 1.000000
tan -0.329283 0.427243 -0.826710 1.000000
tan -0.294315 0.570649 -0.738917 1.000000
tan -0.230206 0.727199 -0.577965 1.000000
tan -0.329283 0.427243 -0.826710 1.000000
tan -0.370079 -0.007316 -0.929134 1.000000
tan -0.370079 -0.000000 -0.929134 1.000000
tan -0.338025 -0.373117 -0.848657 1.000000
tan -0.294315 -0.563333 -0.738917 1.000000
tan -0.227292 -0.734515 -0.570649 1.000000
tan 0.866142 0.003906 -0.496063 1.000000
tan 0.866142 0.011718 -0.496063 1.000000
tan 0.866142 0.011718 -0.496063 1.000000
tan 0.866142 0.004898 -0.496063 1.000000
tan 0.866142 0.000992 -0.496063 1.000000
tan 0.866142 0.018538 -0.496063 1.000000
tan 0.866142 0.018538 -0.496063 1.000000
tan 0.866142 0.021452 -0.496063 1.000000
tan 0.866142 -0.006820 -0.496063 1.000000
tan 0.866142 -0.005828 -0.496063 1.000000
tan 0.866142 -0.005828 -0.496063 1.000000
tan 0.866142 -0.005828 -0.496063 1.000000
tan 0.866142 0.006820 -0.496063 1.000000
tan 0.866142 0.021452 -0.496063 1.000000
tan 0.866142 0.021452 -0.496063 1.000000
tan 0.874016 -0.016740 -0.496063 1.000000
tan 0.874016 -0.020646 -0.496063 1.000000
tan 0.874016 -0.013764 -0.496063 1.000000
tan 0.866142 -0.006820 -0.496063 1.000000
tan 0.866142 0.006820 -0.496063 1.000000
tan 0.874016 0.013764 -0.496063 1.000000
tan 0.874016 0.020646 -0.496063 1.000000
tan 0.874016 0.024552 -0.496063 1.000000
tan 0.031496 -0.000000 -1.000000 1.000000
tan 0.000000 -0.000000 -1.000000 1.000000
tan 0.000000 -0.000000 -1.000000 1.000000
tan 0.039866 -0.007874 -1.000000 1.000000
tan 0.173724 -0.007750 -0.984252 1.000000
tan 0.260835 -0.015128 -0.960630 1.000000
tan 0.308079 -0.012586 -0.953252 1.000000
tan 0.457685 -0.014012 -0.889764 1.000000
tan 0.457685 -0.014012 -0.889764 1.000000
tan 0.592039 -0.009858 -0.812015 1.000000
tan 0.583669 -0.008184 -0.811520 1.000000
tan 0.710149 -0.000000 -0.710149 1.000000
tan 0.709157 -0.000000 -0.709157 1.000000
tan 0.811520 0.008184 -0.583669 1.000000
tan 0.812016 0.009858 -0.592039 1.000000
tan 0.889764 0.014012 -0.457685 1.000000
tan 0.889764 0.014012 -0.449811 1.000000
tan 0.952756 0.015004 -0.308079 1.000000
tan 0.953252 0.012586 -0.308079 1.000000
tan 0.984252 0.007750 -0.157976 1.000000
tan 0.984252 0.007750 -0.157976 1.000000
tan 1.000000 0.000000 0.000000 1.000000
tan 1.000000 0.000000 0.000000 1.000000
tan 0.984252 -0.007750 0.157976 1.000000
tan 0.984252 -0.007750 0.157976 1.000000
tan 0.953252 -0.012586 0.308079 1.000000
tan 0.952756 -0.015004 0.308079 1.000000
tan 0.890260 -0.017422 0.458181 1.000000
tan 0.889764 -0.014012 0.457685 1.000000
tan 0.812016 -0.009858 0.592039 1.000000
tan 0.811520 -0.008184 0.583669 1.000000
tan 0.710149 0.000000 0.710149 1.000000
tan 0.709157 0.000000 0.709157 1.000000
tan 0.583669 0.008184 0.811520 1.000000
tan 0.592039 0.009858 0.812015 1.000000
tan 0.457685 0.014012 0.889764 1.000000
tan 0.457685 0.014012 0.889764 1.000000
tan 0.260835 0.015128 0.960630 1.000000
tan 0.308079 0.012586 0.953252 1.000000
tan 0.173724 0.007750 0.984252 1.000000
tan 0.047740 0.007874 1.000000 1.000000
tan 0.031496 0.000000 1.000000 1.000000
tan 0.000000 0.000000 1.000000 1.000000
tan 0.000000 0.000000 1.000000 1.000000
tan 0.031496 -1.000000 0.000000 1.000000
tan 0.039370 -1.000000 0.000000 1.000000
tan -0.031496 -1.000000 0.000000 1.000000
tan -0.031496 -1.000000 0.000000 1.000000
tan 0.039370 -0.984252 0.000000 1.000000
tan -0.031496 -0.984252 0.000000 1.000000
tan 0.031496 -0.952756 0.000000 1.000000
tan -0.031496 -0.952756 0.000000 1.000000
tan 0.039370 -0.893360 0.000310 1.000000
tan -0.031496 -0.903900 -0.000992 1.000000
tan 0.031248 -0.869738 0.003472 1.000000
tan -0.031000 -0.903776 -0.005704 1.000000
tan 0.022568 -1.004402 0.022072 1.000000
tan -0.028210 -1.004402 -0.027590 1.000000
tan -0.003472 -0.869738 -0.031248 1.000000
tan 0.007750 -0.914502 0.038750 1.000000
tan 0.000248 -0.893360 0.031496 1.000000
tan -0.001240 -0.904148 -0.039370 1.000000
tan 0.000000 -0.952756 -0.031496 1.000000
tan 0.000000 -0.952756 0.039370 1.000000
tan 0.000000 -0.984252 0.031496 1.000000
tan 0.000000 -0.984252 -0.039370 1.000000
tan 0.000000 -1.000000 -0.031496 1.000000
tan 0.000000 -1.000000 0.039370 1.000000
tan 0.000000 -0.984252 0.031496 1.000000
tan 0.000000 -0.984252 -0.039370 1.000000
tan 0.000000 -0.952756 -0.031496 1.000000
tan 0.000000 -0.952756 0.039370 1.000000
tan -0.000248 -0.893360 0.031496 1.000000
tan 0.001240 -0.904148 -0.039370 1.000000
tan 0.003472 -0.869738 -0.031248 1.000000
tan -0.007750 -0.914502 0.038750 1.000000
tan -0.022568 -1.004402 0.022072 1.000000
tan 0.028210 -1.004402 -0.027590 1.000000
tan 0.031000 -0.903776 -0.005704 1.000000
tan -0.031248 -0.861926 0.003472 1.000000
tan 0.031496 -0.903900 -0.000992 1.000000
tan -0.039370 -0.893360 0.000310 1.000000
tan 0.031496 -0.952756 0.000000 1.000000
tan -0.031496 -0.952756 0.000000 1.000000
tan 0.031496 -0.984252 0.000000 1.000000
tan -0.039370 -0.984252 0.000000 1.000000
tan 0.031496 -1.000000 0.000000 1.000000
tan -0.031496 -1.000000 0.000000 1.000000
tan 0.031496 -1.000000 0.000000 1.000000
tan -0.039370 -1.000000 0.000000 1.000000
tan 0.000000 -1.000000 0.000000 1.000000
tan 0.000000 -1.000000 0.000000 1.000000
tan 0.000000 -1.000000 0.000000 1.000000
tan 0.000000 -1.000000 0.000000 1.000000
tan 0.000000 -1.000000 0.000000 1.000000
tan 0.000000 -1.000000 0.000000 1.000000
tan 0.000000 -1.000000 0.000000 1.000000
tan 0.000000 -1.000000 0.000000 1.000000
tan 0.000000 -1.000000 0.000000 1.000000
tan 0.000000 -1.000000 0.000000 1.000000
tan 0.023622 -1.000000 0.000000 1.000000
tan 0.023622 -1.000000 0.000000 1.000000
tan 0.000000 -0.932048 0.000000 1.000000
tan 0.000000 -0.932048 0.000000 1.000000
tan 0.000000 -0.929134 0.000000 1.000000
tan -0.002914 -0.932048 0.007316 1.000000
tan 0.000000 -0.952446 0.000000 1.000000
tan 0.000000 -0.952446 0.000000 1.000000
tan 0.000000 -0.932048 0.000000 1.000000
tan 0.000000 -0.929134 0.000000 1.000000
tan 0.000000 -0.952446 0.000000 1.000000
tan -0.002914 -0.932048 0.007316 1.000000
tan 0.014570 -0.932048 -0.036580 1.000000
tan 0.011656 -0.952446 -0.029264 1.000000
tan 0.014570 -0.932048 0.036580 1.000000
tan 0.011656 -0.932048 0.029264 1.000000
tan 0.000000 -0.929134 0.000000 1.000000
tan -0.005828 -0.932048 -0.014632 1.000000
tan 0.000000 -0.952446 0.000000 1.000000
tan 0.000000 -0.952446 0.000000 1.000000
tan 0.000000 -0.932048 0.000000 1.000000
tan 0.000000 -0.929134 0.000000 1.000000
tan 0.000000 -0.952446 0.000000 1.000000
tan 0.002914 -0.932048 0.007316 1.000000
tan 0.000000 -0.932048 0.000000 1.000000
tan 0.000000 -0.952446 0.000000 1.000000
tan 0.000000 -0.889764 0.456693 1.000000
tan 0.000000 -0.889764 0.456693 1.000000
tan 0.000000 -0.889764 0.464567 1.000000
tan 0.000000 -0.881890 0.472441 1.000000
tan 0.000000 -0.874016 0.488189 1.000000
tan 0.014012 -0.795895 0.608159 1.000000
tan -0.088040 -0.485027 0.854238 1.000000
tan -0.086924 -0.444169 0.879410 1.000000
tan -0.000744 -0.689751 0.713373 1.000000
tan -0.472317 -0.882014 0.010664 1.000000
tan -0.472317 -0.882014 0.010664 1.000000
tan -0.480315 -0.874016 0.000000 1.000000
tan -0.488189 -0.874016 0.000000 1.000000
tan -0.472999 -0.881890 -0.006944 1.000000
tan -0.371939 -0.921260 -0.021762 1.000000
tan -0.254697 -0.960630 -0.030256 1.000000
tan -0.254697 -0.961312 -0.028272 1.000000
tan 0.472317 -0.882014 0.010664 1.000000
tan 0.472317 -0.882014 0.010664 1.000000
tan 0.480315 -0.874016 0.000000 1.000000
tan 0.488189 -0.874016 0.000000 1.000000
tan 0.472999 -0.881890 -0.006944 1.000000
tan 0.371939 -0.921260 -0.021762 1.000000
tan 0.254697 -0.960630 -0.030256 1.000000
tan 0.254697 -0.961312 -0.028272 1.000000
tan 0.000000 -0.889764 -0.456693 1.000000
tan 0.000000 -0.889764 -0.464567 1.000000
tan 0.000000 -0.889764 -0.456693 1.000000
tan 0.000000 -0.881890 -0.472441 1.000000
tan 0.000000 -0.874016 -0.496063 1.000000
tan 0.000000 -0.866142 -0.496063 1.000000
tan -0.543307 -0.842520 0.000000 1.000000
tan -0.535433 -0.842520 0.000000 1.000000
tan -0.543307 -0.842520 0.000000 1.000000
tan -0.535433 -0.842520 0.000000 1.000000
tan -0.527559 -0.850394 0.000000 1.000000
tan -0.661417 -0.748031 0.000000 1.000000
tan -0.856966 -0.457685 0.103850 1.000000
tan -0.904086 -0.340257 0.093868 1.000000
tan -0.913386 -0.401575 0.000000 1.000000
tan 0.000000 -0.889764 0.456693 1.000000
tan 0.000000 -0.889764 0.464567 1.000000
tan 0.000000 -0.889764 0.456693 1.000000
tan 0.000000 -0.881890 0.472441 1.000000
tan 0.000000 -0.874016 0.488189 1.000000
tan -0.014012 -0.795895 0.608159 1.000000
tan 0.088040 -0.485027 0.854238 1.000000
tan 0.086924 -0.444169 0.879410 1.000000
tan 0.000744 -0.689751 0.713373 1.000000
tan 0.000000 -0.889764 -0.464567 1.000000
tan 0.000000 -0.889764 -0.456693 1.000000
tan 0.000000 -0.889764 -0.456693 1.000000
tan 0.000000 -0.881890 -0.472441 1.000000
tan 0.000000 -0.874016 -0.496063 1.000000
tan 0.000000 -0.866142 -0.496063 1.000000
tan 0.535433 -0.842520 0.000000 1.000000
tan 0.543307 -0.842520 0.000000 1.000000
tan 0.543307 -0.842520 0.000000 1.000000
tan 0.535433 -0.842520 0.000000 1.000000
tan 0.527559 -0.850394 0.000000 1.000000
tan 0.661417 -0.748031 0.000000 1.000000
tan 0.856966 -0.457685 0.103850 1.000000
tan 0.904086 -0.340257 0.093868 1.000000
tan 0.913386 -0.401575 0.000000 1.000000
tan 1.000000 0.000000 0.000000 1.000000
tan 1.000000 0.000000 0.000000 1.000000
tan 1.000000 0.000000 0.000000 1.000000
tan 1.000000 0.000000 0.000000 1.000000
f 3/3/3 2/2/2 1/1/1
f 3/3/3 4/4/4 2/2/2
f 4/4/4 3/3/3 5/5/5
f 8/8/8 7/7/7 6/6/6
f 8/8/8 9/9/9 7/7/7
f 9/9/9 8/8/8 10/10/10
f 13/13/13 12/12/12 11/11/11
f 13/13/13 14/14/14 12/12/12
f 14/14/14 13/13/13 15/15/15
f 18/18/18 17/17/17 16/16/16
f 18/18/18 19/19/19 17/17/17
f 19/19/19 18/18/18 20/20/20
f 23/23/23 22/22/22 21/21/21
f 23/23/23 24/24/24 22/22/22
f 24/24/24 23/23/23 25/25/25
f 28/28/28 27/27/27 26/26/26
f 28/28/28 29/29/29 27/27/27
f 29/29/29 28/28/28 30/30/30
f 33/33/33 32/32/32 31/31/31
f 32/32/32 33/33/33 34/34/34
f 34/34/34 33/33/33 35/35/35
f 38/38/38 37/37/37 36/36/36
f 37/37/37 38/38/38 39/39/39
f 39/39/39 38/38/38 40/40/40
f 43/43/43 42/42/42 41/41/41
f 42/42/42 43/43/43 44/44/44
f 44/44/44 43/43/43 45/45/45
f 48/48/48 47/47/47 46/46/46
f 47/47/47 48/48/48 49/49/49
f 49/49/49 48/48/48 50/50/50
f 53/53/53 52/52/52 51/51/51
f 52/52/52 53/53/53 54/54/54
f 54/54/54 53/53/53 55/55/55
f 58/58/58 57/57/57 56/56/56
f 57/57/57 58/58/58 59/59/59
f 59/59/59 58/58/58 60/60/60
f 63/63/63 62/62/62 61/61/61
f 62/62/62 64/64/64 61/61/61
f 64/64/64 62/62/62 65/65/65
f 66/66/66 65/65/65 62/62/62
f 67/67/67 65/65/65 66/66/66
f 64/64/64 65/65/65 68/68/68
f 68/68/68 65/65/65 67/67/67
f 64/64/64 68/68/68 69/69/69
f 67/67/67 70/70/70 68/68/68
f 69/69/69 68/68/68 71/71/71
f 70/70/70 72/72/72 68/68/68
f 72/72/72 73/73/73 68/68/68
f 68/68/68 73/73/73 71/71/71
f 72/72/72 74/74/74 73/73/73
f 71/71/71 73/73/73 75/75/75
f 76/76/76 71/71/71 75/75/75
f 74/74/74 77/77/77 73/73/73
f 74/74/74 78/78/78 77/77/77
f 75/75/75 73/73/73 79/79/79
f 73/73/73 77/77/77 79/79/79
f 79/79/79 77/77/77 76/76/76
f 79/79/79 80/80/80 75/75/75
f 75/75/75 80/80/80 76/76/76
f 80/80/80 79/79/79 76/76/76
f 81/81/81 77/77/77 78/78/78
f 76/76/76 77/77/77 81/81/81
f 82/82/82 81/81/81 78/78/78
f 81/81/81 83/83/83 76/76/76
f 86/86/86 85/85/85 84/84/84
f 85/85/85 87/87/87 84/84/84
f 87/87/87 85/85/85 88/88/88
f 89/89/89 88/88/88 85/85/85
f 90/90/90 88/88/88 89/89/89
f 87/87/87 88/88/88 91/91/91
f 91/91/91 88/88/88 90/90/90
f 87/87/87 91/91/91 92/92/92
f 90/90/90 93/93/93 91/91/91
f 92/92/92 91/91/91 94/94/94
f 93/93/93 95/95/95 91/91/91
f 95/95/95 96/96/96 91/91/91
f 91/91/91 96/96/96 94/94/94
f 95/95/95 97/97/97 96/96/96
f 94/94/94 96/96/96 98/98/98
f 99/99/99 94/94/94 98/98/98
f 97/97/97 100/100/100 96/96/96
f 97/97/97 101/101/101 100/100/100
f 98/98/98 96/96/96 102/102/102
f 96/96/96 100/100/100 102/102/102
f 102/102/102 100/100/100 99/99/99
f 102/102/102 103/103/103 98/98/98
f 98/98/98 103/103/103 99/99/99
f 103/103/103 102/102/102 99/99/99
f 104/104/104 100/100/100 101/101/101
f 99/99/99 100/100/100 104/104/104
f 105/105/105 104/104/104 101/101/101
f 104/104/104 106/106/106 99/99/99
f 109/109/109 108/108/108 107/107/107
f 109/109/109 107/107/107 110/110/110
f 112/112/112 109/109/109 111/111/111
f 109/109/109 113/113/113 111/111/111
f 110/110/110 114/114/114 109/109/109
f 115/115/115 114/114/114 110/110/110
f 116/116/116 114/114/114 115/115/115
f 117/117/117 113/113/113 109/109/109
f 117/117/117 109/109/109 114/114/114
f 113/113/113 117/117/117 118/118/118
f 119/119/119 114/114/114 116/116/116
f 117/117/117 114/114/114 119/119/119
f 117/117/117 119/119/119 118/118/118
f 116/116/116 120/120/120 119/119/119
f 118/118/118 119/119/119 121/121/121
f 120/120/120 122/122/122 119/119/119
f 122/122/122 123/123/123 119/119/119
f 119/119/119 123/123/123 121/121/121
f 122/122/122 124/124/124 123/123/123
f 121/121/121 123/123/123 125/125/125
f 126/126/126 121/121/121 125/125/125
f 124/124/124 127/127/127 123/123/123
f 124/124/124 128/128/128 127/127/127
f 127/127/127 128/128/128 129/129/129
f 125/125/125 123/123/123 130/130/130
f 123/123/123 127/127/127 130/130/130
f 130/130/130 131/131/131 125/125/125
f 125/125/125 131/131/131 126/126/126
f 131/131/131 130/130/130 126/126/126
f 130/130/130 127/127/127 126/126/126
f 132/132/132 127/127/127 129/129/129
f 126/126/126 127/127/127 132/132/132
f 133/133/133 132/132/132 129/129/129
f 132/132/132 134/134/134 126/126/126
f 137/137/137 136/136/136 135/135/135
f 138/138/138 137/137/137 135/135/135
f 140/140/140 137/137/137 139/139/139
f 142/142/142 141/141/141 139/139/139
f 139/139/139 137/137/137 142/142/142
f 138/138/138 143/143/143 137/137/137
f 143/143/143 138/138/138 144/144/144
f 137/137/137 145/145/145 142/142/142
f 137/137/137 143/143/143 145/145/145
f 146/146/146 142/142/142 145/145/145
f 145/145/145 143/143/143 146/146/146
f 146/146/146 147/147/147 142/142/142
f 146/146/146 148/148/148 147/147/147
f 146/146/146 149/149/149 148/148/148
f 150/150/150 143/143/143 144/144/144
f 146/146/146 143/143/143 150/150/150
f 146/146/146 150/150/150 149/149/149
f 151/151/151 149/149/149 150/150/150
f 152/152/152 151/151/151 150/150/150
f 150/150/150 144/144/144 153/153/153
f 154/154/154 152/152/152 150/150/150
f 154/154/154 150/150/150 153/153/153
f 155/155/155 152/152/152 154/154/154
f 154/154/154 153/153/153 156/156/156
f 153/153/153 157/157/157 156/156/156
f 158/158/158 155/155/155 154/154/154
f 159/159/159 155/155/155 158/158/158
f 159/159/159 158/158/158 160/160/160
f 154/154/154 156/156/156 161/161/161
f 158/158/158 154/154/154 161/161/161
f 158/158/158 161/161/161 157/157/157
f 162/162/162 161/161/161 156/156/156
f 162/162/162 156/156/156 157/157/157
f 161/161/161 162/162/162 157/157/157
f 158/158/158 163/163/163 160/160/160
f 158/158/158 157/157/157 163/163/163
f 163/163/163 164/164/164 160/160/160
f 165/165/165 163/163/163 157/157/157
f 168/168/168 167/167/167 166/166/166
f 169/169/169 168/168/168 166/166/166
f 171/171/171 168/168/168 170/170/170
f 173/173/173 172/172/172 170/170/170
f 170/170/170 168/168/168 173/173/173
f 169/169/169 174/174/174 168/168/168
f 174/174/174 169/169/169 175/175/175
f 168/168/168 176/176/176 173/173/173
f 168/168/168 174/174/174 176/176/176
f 177/177/177 173/173/173 176/176/176
f 176/176/176 174/174/174 177/177/177
f 177/177/177 178/178/178 173/173/173
f 177/177/177 179/179/179 178/178/178
f 177/177/177 180/180/180 179/179/179
f 181/181/181 174/174/174 175/175/175
f 177/177/177 174/174/174 181/181/181
f 177/177/177 181/181/181 180/180/180
f 182/182/182 180/180/180 181/181/181
f 183/183/183 182/182/182 181/181/181
f 181/181/181 175/175/175 184/184/184
f 185/185/185 183/183/183 181/181/181
f 185/185/185 181/181/181 184/184/184
f 186/186/186 183/183/183 185/185/185
f 185/185/185 184/184/184 187/187/187
f 184/184/184 188/188/188 187/187/187
f 189/189/189 186/186/186 185/185/185
f 190/190/190 186/186/186 189/189/189
f 190/190/190 189/189/189 191/191/191
f 185/185/185 187/187/187 192/192/192
f 189/189/189 185/185/185 192/192/192
f 189/189/189 192/192/192 188/188/188
f 193/193/193 192/192/192 187/187/187
f 193/193/193 187/187/187 188/188/188
f 192/192/192 193/193/193 188/188/188
f 189/189/189 194/194/194 191/191/191
f 189/189/189 188/188/188 194/194/194
f 194/194/194 195/195/195 191/191/191
f 196/196/196 194/194/194 188/188/188
f 199/199/199 198/198/198 197/197/197
f 200/200/200 199/199/199 197/197/197
f 202/202/202 199/199/199 201/201/201
f 204/204/204 203/203/203 201/201/201
f 201/201/201 199/199/199 204/204/204
f 200/200/200 205/205/205 199/199/199
f 205/205/205 200/200/200 206/206/206
f 199/199/199 207/207/207 204/204/204
f 199/199/199 205/205/205 207/207/207
f 208/208/208 204/204/204 207/207/207
f 207/207/207 205/205/205 208/208/208
f 208/208/208 209/209/209 204/204/204
f 208/208/208 210/210/210 209/209/209
f 208/208/208 211/211/211 210/210/210
f 212/212/212 205/205/205 206/206/206
f 208/208/208 205/205/205 212/212/212
f 208/208/208 212/212/212 211/211/211
f 213/213/213 211/211/211 212/212/212
f 214/214/214 213/213/213 212/212/212
f 212/212/212 206/206/206 215/215/215
f 216/216/216 214/214/214 212/212/212
f 216/216/216 212/212/212 215/215/215
f 217/217/217 214/214/214 216/216/216
f 216/216/216 215/215/215 218/218/218
f 215/215/215 219/219/219 218/218/218
f 220/220/220 217/217/217 216/216/216
f 221/221/221 217/217/217 220/220/220
f 221/221/221 220/220/220 222/222/222
f 216/216/216 218/218/218 223/223/223
f 220/220/220 216/216/216 223/223/223
f 220/220/220 223/223/223 219/219/219
f 224/224/224 223/223/223 218/218/218
f 224/224/224 218/218/218 219/219/219
f 223/223/223 224/224/224 219/219/219
f 220/220/220 225/225/225 222/222/222
f 220/220/220 219/219/219 225/225/225
f 225/225/225 226/226/226 222/222/222
f 227/227/227 225/225/225 219/219/219
f 230/230/230 229/229/229 228/228/228
f 231/231/231 230/230/230 228/228/228
f 233/233/233 230/230/230 232/232/232
f 235/235/235 234/234/234 232/232/232
f 232/232/232 230/230/230 235/235/235
f 231/231/231 236/236/236 230/230/230
f 236/236/236 231/231/231 237/237/237
f 230/230/230 238/238/238 235/235/235
f 230/230/230 236/236/236 238/238/238
f 239/239/239 235/235/235 238/238/238
f 238/238/238 236/236/236 239/239/239
f 239/239/239 240/240/240 235/235/235
f 239/239/239 241/241/241 240/240/240
f 239/239/239 242/242/242 241/241/241
f 243/243/243 236/236/236 237/237/237
f 239/239/239 236/236/236 243/243/243
f 239/239/239 243/243/243 242/242/242
f 244/244/244 242/242/242 243/243/243
f 245/245/245 244/244/244 243/243/243
f 243/243/243 237/237/237 246/246/246
f 247/247/247 245/245/245 243/243/243
f 247/247/247 243/243/243 246/246/246
f 248/248/248 245/245/245 247/247/247
f 247/247/247 246/246/246 249/249/249
f 246/246/246 250/250/250 249/249/249
f 251/251/251 248/248/248 247/247/247
f 252/252/252 248/248/248 251/251/251
f 252/252/252 251/251/251 253/253/253
f 247/247/247 249/249/249 254/254/254
f 251/251/251 247/247/247 254/254/254
f 251/251/251 254/254/254 250/250/250
f 255/255/255 254/254/254 249/249/249
f 255/255/255 249/249/249 250/250/250
f 254/254/254 255/255/255 250/250/250
f 251/251/251 256/256/256 253/253/253
f 251/251/251 250/250/250 256/256/256
f 256/256/256 257/257/257 253/253/253
f 258/258/258 256/256/256 250/250/250
f 261/261/261 260/260/260 259/259/259
f 262/262/262 261/261/261 259/259/259
f 264/264/264 261/261/261 263/263/263
f 266/266/266 265/265/265 263/263/263
f 263/263/263 261/261/261 266/266/266
f 262/262/262 267/267/267 261/261/261
f 267/267/267 262/262/262 268/268/268
f 261/261/261 269/269/269 266/266/266
f 261/261/261 267/267/267 269/269/269
f 270/270/270 266/266/266 269/269/269
f 269/269/269 267/267/267 270/270/270
f 270/270/270 271/271/271 266/266/266
f 270/270/270 272/272/272 271/271/271
f 270/270/270 273/273/273 272/272/272
f 274/274/274 267/267/267 268/268/268
f 270/270/270 267/267/267 274/274/274
f 270/270/270 274/274/274 273/273/273
f 275/275/275 273/273/273 274/274/274
f 276/276/276 275/275/275 274/274/274
f 274/274/274 268/268/268 277/277/277
f 278/278/278 276/276/276 274/274/274
f 278/278/278 274/274/274 277/277/277
f 279/279/279 276/276/276 278/278/278
f 278/278/278 277/277/277 280/280/280
f 277/277/277 281/281/281 280/280/280
f 282/282/282 279/279/279 278/278/278
f 283/283/283 279/279/279 282/282/282
f 283/283/283 282/282/282 284/284/284
f 278/278/278 280/280/280 285/285/285
f 282/282/282 278/278/278 285/285/285
f 282/282/282 285/285/285 281/281/281
f 286/286/286 285/285/285 280/280/280
f 286/286/286 280/280/280 281/281/281
f 285/285/285 286/286/286 281/281/281
f 282/282/282 287/287/287 284/284/284
f 282/282/282 281/281/281 287/287/287
f 287/287/287 288/288/288 284/284/284
f 289/289/289 287/287/287 281/281/281
f 292/292/292 291/291/291 290/290/290
f 291/291/291 293/293/293 290/290/290
f 291/291/291 295/295/295 294/294/294
f 297/297/297 296/296/296 294/294/294
f 291/291/291 294/294/294 296/296/296
f 298/298/298 293/293/293 291/291/291
f 293/293/293 298/298/298 299/299/299
f 300/300/300 291/291/291 296/296/296
f 298/298/298 291/291/291 300/300/300
f 296/296/296 301/301/301 300/300/300
f 298/298/298 300/300/300 301/301/301
f 302/302/302 301/301/301 296/296/296
f 303/303/303 301/301/301 302/302/302
f 304/304/304 301/301/301 303/303/303
f 298/298/298 305/305/305 299/299/299
f 298/298/298 301/301/301 305/305/305
f 305/305/305 301/301/301 304/304/304
f 304/304/304 306/306/306 305/305/305
f 306/306/306 307/307/307 305/305/305
f 299/299/299 305/305/305 308/308/308
f 307/307/307 309/309/309 305/305/305
f 305/305/305 309/309/309 308/308/308
f 307/307/307 310/310/310 309/309/309
f 308/308/308 309/309/309 311/311/311
f 312/312/312 308/308/308 311/311/311
f 310/310/310 313/313/313 309/309/309
f 310/310/310 314/314/314 313/313/313
f 313/313/313 314/314/314 315/315/315
f 311/311/311 309/309/309 316/316/316
f 309/309/309 313/313/313 316/316/316
f 316/316/316 317/317/317 311/311/311
f 311/311/311 317/317/317 312/312/312
f 317/317/317 316/316/316 312/312/312
f 316/316/316 313/313/313 312/312/312
f 318/318/318 313/313/313 315/315/315
f 312/312/312 313/313/313 318/318/318
f 319/319/319 318/318/318 315/315/315
f 318/318/318 320/320/320 312/312/312
f 323/323/323 322/322/322 321/321/321
f 322/322/322 324/324/324 321/321/321
f 322/322/322 326/326/326 325/325/325
f 328/328/328 327/327/327 325/325/325
f 322/322/322 325/325/325 327/327/327
f 329/329/329 324/324/324 322/322/322
f 324/324/324 329/329/329 330/330/330
f 331/331/331 322/322/322 327/327/327
f 329/329/329 322/322/322 331/331/331
f 327/327/327 332/332/332 331/331/331
f 329/329/329 331/331/331 332/332/332
f 333/333/333 332/332/332 327/327/327
f 334/334/334 332/332/332 333/333/333
f 335/335/335 332/332/332 334/334/334
f 329/329/329 336/336/336 330/330/330
f 329/329/329 332/332/332 336/336/336
f 336/336/336 332/332/332 335/335/335
f 335/335/335 337/337/337 336/336/336
f 337/337/337 338/338/338 336/336/336
f 330/330/330 336/336/336 339/339/339
f 338/338/338 340/340/340 336/336/336
f 336/336/336 340/340/340 339/339/339
f 338/338/338 341/341/341 340/340/340
f 339/339/339 340/340/340 342/342/342
f 343/343/343 339/339/339 342/342/342
f 341/341/341 344/344/344 340/340/340
f 341/341/341 345/345/345 344/344/344
f 344/344/344 345/345/345 346/346/346
f 342/342/342 340/340/340 347/347/347
f 340/340/340 344/344/344 347/347/347
f 347/347/347 348/348/348 342/342/342
f 342/342/342 348/348/348 343/343/343
f 348/348/348 347/347/347 343/343/343
f 347/347/347 344/344/344 343/343/343
f 349/349/349 344/344/344 346/346/346
f 343/343/343 344/344/344 349/349/349
f 350/350/350 349/349/349 346/346/346
f 349/349/349 351/351/351 343/343/343
f 354/354/354 353/353/353 352/352/352
f 353/353/353 355/355/355 352/352/352
f 353/353/353 357/357/357 356/356/356
f 359/359/359 358/358/358 356/356/356
f 353/353/353 356/356/356 358/358/358
f 360/360/360 355/355/355 353/353/353
f 355/355/355 360/360/360 361/361/361
f 362/362/362 353/353/353 358/358/358
f 360/360/360 353/353/353 362/362/362
f 358/358/358 363/363/363 362/362/362
f 360/360/360 362/362/362 363/363/363
f 364/364/364 363/363/363 358/358/358
f 365/365/365 363/363/363 364/364/364
f 366/366/366 363/363/363 365/365/365
f 360/360/360 367/367/367 361/361/361
f 360/360/360 363/363/363 367/367/367
f 367/367/367 363/363/363 366/366/366
f 366/366/366 368/368/368 367/367/367
f 368/368/368 369/369/369 367/367/367
f 361/361/361 367/367/367 370/370/370
f 369/369/369 371/371/371 367/367/367
f 367/367/367 371/371/371 370/370/370
f 369/369/369 372/372/372 371/371/371
f 370/370/370 371/371/371 373/373/373
f 374/374/374 370/370/370 373/373/373
f 372/372/372 375/375/375 371/371/371
f 372/372/372 376/376/376 375/375/375
f 375/375/375 376/376/376 377/377/377
f 373/373/373 371/371/371 378/378/378
f 371/371/371 375/375/375 378/378/378
f 378/378/378 379/379/379 373/373/373
f 373/373/373 379/379/379 374/374/374
f 379/379/379 378/378/378 374/374/374
f 378/378/378 375/375/375 374/374/374
f 380/380/380 375/375/375 377/377/377
f 374/374/374 375/375/375 380/380/380
f 381/381/381 380/380/380 377/377/377
f 380/380/380 382/382/382 374/374/374
f 385/385/385 384/384/384 383/383/383
f 386/386/386 385/385/385 383/383/383
f 383/383/383 387/387/387 386/386/386
f 389/389/389 385/385/385 388/388/388
f 386/386/386 388/388/388 385/385/385
f 386/386/386 387/387/387 390/390/390
f 386/386/386 390/390/390 388/388/388
f 388/388/388 390/390/390 391/391/391
f 392/392/392 388/388/388 391/391/391
f 390/390/390 392/392/392 391/391/391
f 387/387/387 393/393/393 390/390/390
f 390/390/390 393/393/393 392/392/392
f 387/387/387 394/394/394 393/393/393
f 393/393/393 395/395/395 392/392/392
f 393/393/393 394/394/394 395/395/395
f 394/394/394 396/396/396 395/395/395
f 395/395/395 397/397/397 392/392/392
f 396/396/396 398/398/398 395/395/395
f 395/395/395 399/399/399 397/397/397
f 399/399/399 400/400/400 397/397/397
f 400/400/400 399/399/399 401/401/401
f 399/399/399 402/402/402 401/401/401
f 403/403/403 395/395/395 398/398/398
f 403/403/403 399/399/399 395/395/395
f 403/403/403 398/398/398 404/404/404
f 403/403/403 404/404/404 405/405/405
f 405/405/405 399/399/399 403/403/403
f 406/406/406 405/405/405 404/404/404
f 406/406/406 399/399/399 405/405/405
f 407/407/407 399/399/399 406/406/406
f 410/410/410 409/409/409 408/408/408
f 413/413/413 412/412/412 411/411/411
f 416/416/416 415/415/415 414/414/414
f 419/419/419 418/418/418 417/417/417
f 422/422/422 421/421/421 420/420/420
f 425/425/425 424/424/424 423/423/423
f 428/428/428 427/427/427 426/426/426
f 431/431/431 430/430/430 429/429/429
f 434/434/434 433/433/433 432/432/432
f 437/437/437 436/436/436 435/435/435
f 440/440/440 439/439/439 438/438/438
f 443/443/443 442/442/442 441/441/441
f 442/442/442 443/443/443 444/444/444
f 446/446/446 444/444/444 445/445/445
f 444/444/444 446/446/446 447/447/447
f 447/447/447 448/448/448 444/444/444
f 444/444/444 448/448/448 449/449/449
f 449/449/449 448/448/448 450/450/450
f 451/451/451 449/449/449 450/450/450
f 452/452/452 451/451/451 450/450/450
f 453/453/453 452/452/452 450/450/450
f 454/454/454 452/452/452 453/453/453
f 453/453/453 455/455/455 454/454/454
f 456/456/456 455/455/455 453/453/453
f 456/456/456 457/457/457 455/455/455
f 457/457/457 456/456/456 458/458/458
f 457/457/457 460/460/460 459/459/459
f 460/460/460 457/457/457 461/461/461
f 462/462/462 461/461/461 457/457/457
f 458/458/458 462/462/462 457/457/457
f 458/458/458 464/464/464 463/463/463
f 464/464/464 466/466/466 465/465/465
f 466/466/466 464/464/464 458/458/458
f 458/458/458 467/467/467 466/466/466
f 467/467/467 458/458/458 468/468/468
f 468/468/468 453/453/453 467/467/467
f 450/450/450 467/467/467 453/453/453
f 450/450/450 469/469/469 467/467/467
f 470/470/470 467/467/467 469/469/469
f 469/469/469 471/471/471 470/470/470
f 467/467/467 470/470/470 472/472/472
f 473/473/473 470/470/470 471/471/471
f 474/474/474 472/472/472 470/470/470
f 475/475/475 472/472/472 474/474/474
f 475/475/475 474/474/474 476/476/476
f 470/470/470 477/477/477 474/474/474
f 478/478/478 476/476/476 474/474/474
f 474/474/474 477/477/477 478/478/478
f 478/478/478 477/477/477 479/479/479
f 477/477/477 480/480/480 479/479/479
f 467/467/467 482/482/482 481/481/481
f 481/481/481 482/482/482 483/483/483
f 483/483/483 482/482/482 484/484/484
f 482/482/482 485/485/485 484/484/484
f 473/473/473 487/487/487 486/486/486
f 487/487/487 488/488/488 486/486/486
f 488/488/488 489/489/489 486/486/486
f 487/487/487 491/491/491 490/490/490
f 489/489/489 492/492/492 486/486/486
f 492/492/492 493/493/493 486/486/486
f 494/494/494 493/493/493 492/492/492
f 494/494/494 492/492/492 495/495/495
f 496/496/496 495/495/495 492/492/492
f 492/492/492 489/489/489 497/497/497
f 492/492/492 497/497/497 496/496/496
f 496/496/496 497/497/497 498/498/498
f 497/497/497 499/499/499 498/498/498
f 490/490/490 491/491/491 500/500/500
f 501/501/501 490/490/490 500/500/500
f 471/471/471 500/500/500 491/491/491
f 500/500/500 502/502/502 501/501/501
f 502/502/502 500/500/500 503/503/503
f 503/503/503 500/500/500 504/504/504
f 504/504/504 505/505/505 503/503/503
f 503/503/503 505/505/505 506/506/506
f 506/506/506 507/507/507 503/503/503
f 502/502/502 503/503/503 507/507/507
f 508/508/508 502/502/502 507/507/507
f 509/509/509 508/508/508 507/507/507
f 511/511/511 471/471/471 510/510/510
f 511/511/511 510/510/510 450/450/450
f 471/471/471 511/511/511 512/512/512
f 448/448/448 511/511/511 450/450/450
f 511/511/511 513/513/513 512/512/512
f 515/515/515 513/513/513 514/514/514
f 516/516/516 514/514/514 513/513/513
f 513/513/513 511/511/511 517/517/517
f 513/513/513 517/517/517 516/516/516
f 448/448/448 517/517/517 511/511/511
f 518/518/518 516/516/516 517/517/517
f 517/517/517 519/519/519 518/518/518
f 520/520/520 519/519/519 517/517/517
f 517/517/517 448/448/448 520/520/520
f 522/522/522 521/521/521 448/448/448
f 521/521/521 522/522/522 523/523/523
f 523/523/523 524/524/524 521/521/521
f 525/525/525 521/521/521 524/524/524
f 528/528/528 527/527/527 526/526/526
f 527/527/527 529/529/529 526/526/526
f 531/531/531 530/530/530 529/529/529
f 532/532/532 531/531/531 529/529/529
f 532/532/532 529/529/529 533/533/533
f 533/533/533 529/529/529 534/534/534
f 534/534/534 535/535/535 533/533/533
f 536/536/536 535/535/535 534/534/534
f 537/537/537 535/535/535 536/536/536
f 538/538/538 535/535/535 537/537/537
f 539/539/539 538/538/538 537/537/537
f 539/539/539 540/540/540 538/538/538
f 538/538/538 540/540/540 541/541/541
f 540/540/540 542/542/542 541/541/541
f 543/543/543 541/541/541 542/542/542
f 542/542/542 545/545/545 544/544/544
f 544/544/544 546/546/546 542/542/542
f 543/543/543 542/542/542 546/546/546
f 548/548/548 547/547/547 543/543/543
f 550/550/550 549/549/549 547/547/547
f 549/549/549 543/543/543 547/547/547
f 543/543/543 549/549/549 551/551/551
f 551/551/551 552/552/552 543/543/543
f 552/552/552 551/551/551 538/538/538
f 535/535/535 538/538/538 551/551/551
f 535/535/535 551/551/551 553/553/553
f 554/554/554 553/553/553 551/551/551
f 553/553/553 554/554/554 555/555/555
f 554/554/554 551/551/551 556/556/556
f 557/557/557 555/555/555 554/554/554
f 558/558/558 554/554/554 556/556/556
f 559/559/559 558/558/558 556/556/556
f 559/559/559 560/560/560 558/558/558
f 554/554/554 558/558/558 561/561/561
f 562/562/562 558/558/558 560/560/560
f 558/558/558 562/562/562 561/561/561
f 562/562/562 563/563/563 561/561/561
f 564/564/564 561/561/561 563/563/563
f 551/551/551 566/566/566 565/565/565
f 566/566/566 567/567/567 565/565/565
f 565/565/565 567/567/567 568/568/568
f 568/568/568 569/569/569 565/565/565
f 570/570/570 565/565/565 569/569/569
f 557/557/557 572/572/572 571/571/571
f 571/571/571 572/572/572 573/573/573
f 573/573/573 572/572/572 574/574/574
f 571/571/571 576/576/576 575/575/575
f 574/574/574 572/572/572 577/577/577
f 577/577/577 572/572/572 578/578/578
f 579/579/579 577/577/577 578/578/578
f 579/579/579 580/580/580 577/577/577
f 581/581/581 577/577/577 580/580/580
f 577/577/577 582/582/582 574/574/574
f 577/577/577 581/581/581 582/582/582
f 581/581/581 583/583/583 582/582/582
f 584/584/584 582/582/582 583/583/583
f 576/576/576 585/585/585 575/575/575
f 586/586/586 585/585/585 576/576/576
f 555/555/555 575/575/575 585/585/585
f 585/585/585 586/586/586 587/587/587
f 588/588/588 585/585/585 587/587/587
f 588/588/588 589/589/589 585/585/585
f 589/589/589 588/588/588 590/590/590
f 588/588/588 591/591/591 590/590/590
f 592/592/592 591/591/591 588/588/588
f 587/587/587 592/592/592 588/588/588
f 587/587/587 593/593/593 592/592/592
f 594/594/594 592/592/592 593/593/593
f 596/596/596 555/555/555 595/595/595
f 555/555/555 597/597/597 595/595/595
f 595/595/595 535/535/535 596/596/596
f 597/597/597 598/598/598 595/595/595
f 533/533/533 535/535/535 595/595/595
f 600/600/600 599/599/599 598/598/598
f 601/601/601 598/598/598 599/599/599
f 595/595/595 598/598/598 602/602/602
f 598/598/598 601/601/601 602/602/602
f 533/533/533 595/595/595 602/602/602
f 601/601/601 603/603/603 602/602/602
f 602/602/602 603/603/603 604/604/604
f 605/605/605 602/602/602 604/604/604
f 602/602/602 605/605/605 533/533/533
f 607/607/607 533/533/533 606/606/606
f 606/606/606 608/608/608 607/607/607
f 608/608/608 606/606/606 609/609/609
f 610/610/610 609/609/609 606/606/606
f 613/613/613 612/612/612 611/611/611
f 614/614/614 611/611/611 612/612/612
f 617/617/617 616/616/616 615/615/615
f 618/618/618 615/615/615 616/616/616
f 621/621/621 620/620/620 619/619/619
f 619/619/619 622/622/622 621/621/621
f 625/625/625 624/624/624 623/623/623
f 626/626/626 623/623/623 624/624/624
f 629/629/629 628/628/628 627/627/627
f 630/630/630 627/627/627 628/628/628
f 633/633/633 632/632/632 631/631/631
f 633/633/633 631/631/631 634/634/634
f 637/637/637 636/636/636 635/635/635
f 636/636/636 637/637/637 638/638/638
f 641/641/641 640/640/640 639/639/639
f 639/639/639 642/642/642 641/641/641
f 642/642/642 639/639/639 643/643/643
f 645/645/645 642/642/642 644/644/644
f 642/642/642 646/646/646 644/644/644
f 646/646/646 642/642/642 643/643/643
f 643/643/643 647/647/647 646/646/646
f 643/643/643 648/648/648 647/647/647
f 648/648/648 649/649/649 647/647/647
f 648/648/648 650/650/650 649/649/649
f 651/651/651 649/649/649 650/650/650
f 652/652/652 647/647/647 649/649/649
f 647/647/647 652/652/652 653/653/653
f 652/652/652 654/654/654 653/653/653
f 654/654/654 652/652/652 655/655/655
f 656/656/656 655/655/655 652/652/652
f 657/657/657 652/652/652 649/649/649
f 658/658/658 657/657/657 649/649/649
f 649/649/649 659/659/659 658/658/658
f 649/649/649 651/651/651 659/659/659
f 657/657/657 658/658/658 660/660/660
f 661/661/661 657/657/657 660/660/660
f 661/661/661 660/660/660 662/662/662
f 660/660/660 663/663/663 662/662/662
f 663/663/663 660/660/660 664/664/664
f 658/658/658 665/665/665 660/660/660
f 665/665/665 664/664/664 660/660/660
f 664/664/664 665/665/665 666/666/666
f 667/667/667 666/666/666 665/665/665
f 668/668/668 659/659/659 651/651/651
f 669/669/669 668/668/668 651/651/651
f 668/668/668 669/669/669 670/670/670
f 670/670/670 671/671/671 668/668/668
f 672/672/672 671/671/671 670/670/670
f 671/671/671 672/672/672 673/673/673
f 672/672/672 675/675/675 674/674/674
f 674/674/674 676/676/676 672/672/672
f 673/673/673 672/672/672 676/676/676
f 678/678/678 677/677/677 673/673/673
f 673/673/673 677/677/677 679/679/679
f 680/680/680 673/673/673 679/679/679
f 681/681/681 673/673/673 680/680/680
f 681/681/681 680/680/680 668/668/668
f 659/659/659 668/668/668 680/680/680
f 680/680/680 682/682/682 659/659/659
f 682/682/682 680/680/680 683/683/683
f 685/685/685 684/684/684 680/680/680
f 685/685/685 686/686/686 684/684/684
f 686/686/686 687/687/687 684/684/684
f 684/684/684 687/687/687 688/688/688
f 683/683/683 689/689/689 682/682/682
f 683/683/683 690/690/690 689/689/689
f 690/690/690 691/691/691 689/689/689
f 682/682/682 689/689/689 692/692/692
f 693/693/693 689/689/689 691/691/691
f 689/689/689 693/693/693 692/692/692
f 693/693/693 694/694/694 692/692/692
f 692/692/692 694/694/694 695/695/695
f 659/659/659 697/697/697 696/696/696
f 697/697/697 698/698/698 696/696/696
f 696/696/696 698/698/698 699/699/699
f 697/697/697 700/700/700 698/698/698
f 697/697/697 701/701/701 700/700/700
f 702/702/702 698/698/698 700/700/700
f 701/701/701 704/704/704 703/703/703
f 659/659/659 705/705/705 704/704/704
f 704/704/704 706/706/706 703/703/703
f 706/706/706 704/704/704 705/705/705
f 706/706/706 707/707/707 703/703/703
f 709/709/709 706/706/706 708/708/708
f 710/710/710 708/708/708 706/706/706
f 711/711/711 706/706/706 705/705/705
f 711/711/711 710/710/710 706/706/706
f 711/711/711 705/705/705 712/712/712
f 710/710/710 711/711/711 713/713/713
f 712/712/712 714/714/714 711/711/711
f 714/714/714 713/713/713 711/711/711
f 715/715/715 699/699/699 698/698/698
f 699/699/699 715/715/715 716/716/716
f 715/715/715 717/717/717 716/716/716
f 717/717/717 715/715/715 718/718/718
f 698/698/698 718/718/718 715/715/715
f 698/698/698 719/719/719 718/718/718
f 720/720/720 718/718/718 719/719/719
f 723/723/723 722/722/722 721/721/721
f 724/724/724 721/721/721 722/722/722
f 722/722/722 725/725/725 724/724/724
f 724/724/724 725/725/725 726/726/726
f 725/725/725 727/727/727 726/726/726
f 727/727/727 728/728/728 726/726/726
f 727/727/727 729/729/729 728/728/728
f 730/730/730 728/728/728 729/729/729
f 733/733/733 732/732/732 731/731/731
f 733/733/733 734/734/734 732/732/732
f 735/735/735 732/732/732 734/734/734
f 736/736/736 735/735/735 734/734/734
f 737/737/737 735/735/735 736/736/736
f 737/737/737 736/736/736 738/738/738
f 738/738/738 739/739/739 737/737/737
f 740/740/740 737/737/737 739/739/739
f 743/743/743 742/742/742 741/741/741
f 744/744/744 741/741/741 742/742/742
f 742/742/742 745/745/745 744/744/744
f 746/746/746 744/744/744 745/745/745
f 744/744/744 746/746/746 747/747/747
f 747/747/747 746/746/746 748/748/748
f 747/747/747 748/748/748 749/749/749
f 749/749/749 748/748/748 750/750/750
f 753/753/753 752/752/752 751/751/751
f 752/752/752 754/754/754 751/751/751
f 755/755/755 751/751/751 754/754/754
f 756/756/756 755/755/755 754/754/754
f 757/757/757 756/756/756 754/754/754
f 757/757/757 758/758/758 756/756/756
f 757/757/757 759/759/759 758/758/758
f 760/760/760 759/759/759 757/757/757
f 763/763/763 762/762/762 761/761/761
f 764/764/764 761/761/761 762/762/762
f 761/761/761 764/764/764 765/765/765
f 764/764/764 766/766/766 765/765/765
f 767/767/767 766/766/766 764/764/764
f 768/768/768 766/766/766 767/767/767
f 767/767/767 769/769/769 768/768/768
f 770/770/770 768/768/768 769/769/769
f 773/773/773 772/772/772 771/771/771
f 771/771/771 772/772/772 774/774/774
f 775/775/775 774/774/774 772/772/772
f 776/776/776 774/774/774 775/775/775
f 774/774/774 776/776/776 777/777/777
f 776/776/776 778/778/778 777/777/777
f 778/778/778 779/779/779 777/777/777
f 780/780/780 777/777/777 779/779/779
f 783/783/783 782/782/782 781/781/781
f 781/781/781 782/782/782 784/784/784
f 781/781/781 784/784/784 785/785/785
f 785/785/785 784/784/784 786/786/786
f 785/785/785 786/786/786 787/787/787
f 787/787/787 788/788/788 785/785/785
f 788/788/788 787/787/787 789/789/789
f 789/789/789 790/790/790 788/788/788
f 790/790/790 789/789/789 791/791/791
f 791/791/791 792/792/792 790/790/790
f 793/793/793 790/790/790 792/792/792
f 792/792/792 794/794/794 793/793/793
f 794/794/794 792/792/792 795/795/795
f 795/795/795 796/796/796 794/794/794
f 797/797/797 794/794/794 796/796/796
f 796/796/796 798/798/798 797/797/797
f 799/799/799 798/798/798 796/796/796
f 799/799/799 800/800/800 798/798/798
f 801/801/801 798/798/798 800/800/800
f 801/801/801 800/800/800 802/802/802
f 803/803/803 802/802/802 800/800/800
f 803/803/803 804/804/804 802/802/802
f 805/805/805 802/802/802 804/804/804
f 805/805/805 804/804/804 806/806/806
f 807/807/807 806/806/806 804/804/804
f 807/807/807 808/808/808 806/806/806
f 809/809/809 806/806/806 808/808/808
f 809/809/809 808/808/808 810/810/810
f 811/811/811 810/810/810 808/808/808
f 811/811/811 812/812/812 810/810/810
f 813/813/813 810/810/810 812/812/812
f 813/813/813 812/812/812 814/814/814
f 815/815/815 814/814/814 812/812/812
f 815/815/815 816/816/816 814/814/814
f 814/814/814 816/816/816 817/817/817
f 817/817/817 818/818/818 814/814/814
f 819/819/819 814/814/814 818/818/818
f 820/820/820 819/819/819 818/818/818
f 821/821/821 820/820/820 818/818/818
f 818/818/818 822/822/822 821/821/821
f 823/823/823 822/822/822 818/818/818
f 818/818/818 824/824/824 823/823/823
f 827/827/827 826/826/826 825/825/825
f 828/828/828 825/825/825 826/826/826
f 826/826/826 829/829/829 828/828/828
f 830/830/830 828/828/828 829/829/829
f 829/829/829 831/831/831 830/830/830
f 831/831/831 832/832/832 830/830/830
f 833/833/833 830/830/830 832/832/832
f 832/832/832 834/834/834 833/833/833
f 835/835/835 833/833/833 834/834/834
f 834/834/834 836/836/836 835/835/835
f 837/837/837 836/836/836 834/834/834
f 837/837/837 838/838/838 836/836/836
f 839/839/839 836/836/836 838/838/838
f 838/838/838 840/840/840 839/839/839
f 841/841/841 840/840/840 838/838/838
f 841/841/841 842/842/842 840/840/840
f 843/843/843 840/840/840 842/842/842
f 842/842/842 844/844/844 843/843/843
f 844/844/844 842/842/842 845/845/845
f 845/845/845 846/846/846 844/844/844
f 846/846/846 847/847/847 844/844/844
f 847/847/847 846/846/846 848/848/848
f 849/849/849 848/848/848 846/846/846
f 849/849/849 850/850/850 848/848/848
f 851/851/851 848/848/848 850/850/850
f 851/851/851 850/850/850 852/852/852
f 852/852/852 850/850/850 853/853/853
f 853/853/853 854/854/854 852/852/852
f 855/855/855 852/852/852 854/854/854
f 854/854/854 856/856/856 855/855/855
f 856/856/856 854/854/854 857/857/857
f 857/857/857 858/858/858 856/856/856
f 859/859/859 856/856/856 858/858/858
f 858/858/858 860/860/860 859/859/859
f 860/860/860 858/858/858 861/861/861
f 860/860/860 861/861/861 862/862/862
f 863/863/863 862/862/862 861/861/861
f 864/864/864 862/862/862 863/863/863
f 862/862/862 864/864/864 865/865/865
f 866/866/866 865/865/865 864/864/864
f 865/865/865 866/866/866 867/867/867
f 868/868/868 867/867/867 866/866/866
f 871/871/871 870/870/870 869/869/869
f 869/869/869 870/870/870 872/872/872
f 869/869/869 872/872/872 873/873/873
f 873/873/873 872/872/872 874/874/874
f 873/873/873 874/874/874 875/875/875
f 874/874/874 876/876/876 875/875/875
f 876/876/876 874/874/874 877/877/877
f 877/877/877 878/878/878 876/876/876
f 878/878/878 877/877/877 879/879/879
f 879/879/879 880/880/880 878/878/878
f 881/881/881 878/878/878 880/880/880
f 880/880/880 882/882/882 881/881/881
f 882/882/882 880/880/880 883/883/883
f 883/883/883 884/884/884 882/882/882
f 885/885/885 882/882/882 884/884/884
f 884/884/884 886/886/886 885/885/885
f 887/887/887 886/886/886 884/884/884
f 887/887/887 888/888/888 886/886/886
f 889/889/889 886/886/886 888/888/888
f 889/889/889 888/888/888 890/890/890
f 891/891/891 890/890/890 888/888/888
f 891/891/891 892/892/892 890/890/890
f 893/893/893 890/890/890 892/892/892
f 893/893/893 892/892/892 894/894/894
f 895/895/895 894/894/894 892/892/892
f 895/895/895 896/896/896 894/894/894
f 897/897/897 894/894/894 896/896/896
f 897/897/897 896/896/896 898/898/898
f 899/899/899 898/898/898 896/896/896
f 899/899/899 900/900/900 898/898/898
f 901/901/901 898/898/898 900/900/900
f 901/901/901 900/900/900 902/902/902
f 903/903/903 902/902/902 900/900/900
f 903/903/903 904/904/904 902/902/902
f 905/905/905 902/902/902 904/904/904
f 905/905/905 904/904/904 906/906/906
f 906/906/906 907/907/907 905/905/905
f 908/908/908 907/907/907 906/906/906
f 908/908/908 906/906/906 909/909/909
f 909/909/909 910/910/910 908/908/908
f 910/910/910 909/909/909 911/911/911
f 911/911/911 912/912/912 910/910/910
f 915/915/915 914/914/914 913/913/913
f 916/916/916 913/913/913 914/914/914
f 913/913/913 916/916/916 917/917/917
f 917/917/917 916/916/916 918/918/918
f 921/921/921 920/920/920 919/919/919
f 921/921/921 922/922/922 920/920/920
f 922/922/922 923/923/923 920/920/920
f 922/922/922 924/924/924 923/923/923
f 922/922/922 925/925/925 924/924/924
f 926/926/926 924/924/924 925/925/925
f 929/929/929 928/928/928 927/927/927
f 927/927/927 930/930/930 929/929/929
f 927/927/927 931/931/931 930/930/930
f 932/932/932 930/930/930 931/931/931
f 935/935/935 934/934/934 933/933/933
f 936/936/936 933/933/933 934/934/934
f 933/933/933 936/936/936 937/937/937
f 937/937/937 936/936/936 938/938/938
f 941/941/941 940/940/940 939/939/939
f 942/942/942 940/940/940 941/941/941
f 942/942/942 943/943/943 940/940/940
f 942/942/942 944/944/944 943/943/943
f 944/944/944 942/942/942 945/945/945
f 945/945/945 946/946/946 944/944/944
f 949/949/949 948/948/948 947/947/947
f 950/950/950 947/947/947 948/948/948
f 948/948/948 951/951/951 950/950/950
f 951/951/951 952/952/952 950/950/950
f 955/955/955 954/954/954 953/953/953
f 956/956/956 954/954/954 955/955/955
f 956/956/956 957/957/957 954/954/954
f 958/958/958 957/957/957 956/956/956
f 961/961/961 960/960/960 959/959/959
f 962/962/962 959/959/959 960/960/960
f 960/960/960 963/963/963 962/962/962
f 963/963/963 964/964/964 962/962/962
f 967/967/967 966/966/966 965/965/965
f 968/968/968 965/965/965 966/966/966
f 966/966/966 969/969/969 968/968/968
f 970/970/970 968/968/968 969/969/969
f 970/970/970 971/971/971 968/968/968
f 971/971/971 970/970/970 972/972/972
f 975/975/975 974/974/974 973/973/973
f 973/973/973 974/974/974 976/976/976
f 976/976/976 977/977/977 973/973/973
f 978/978/978 973/973/973 977/977/977
f 978/978/978 977/977/977 979/979/979
f 979/979/979 977/977/977 980/980/980
f 980/980/980 977/977/977 981/981/981
f 980/980/980 981/981/981 982/982/982
f 982/982/982 981/981/981 983/983/983
f 983/983/983 984/984/984 982/982/982
f 985/985/985 982/982/982 984/984/984
f 984/984/984 986/986/986 985/985/985
f 987/987/987 985/985/985 986/986/986
f 986/986/986 988/988/988 987/987/987
f 989/989/989 987/987/987 988/988/988
f 989/989/989 988/988/988 990/990/990
f 991/991/991 990/990/990 988/988/988
f 990/990/990 991/991/991 992/992/992
f 993/993/993 992/992/992 991/991/991
f 992/992/992 993/993/993 994/994/994
f 995/995/995 992/992/992 994/994/994
f 994/994/994 996/996/996 995/995/995
f 996/996/996 994/994/994 997/997/997
f 996/996/996 997/997/997 998/998/998
f 999/999/999 996/996/996 998/998/998
f 998/998/998 1000/1000/1000 999/999/999
f 1001/1001/1001 999/999/999 1000/1000/1000
f 1001/1001/1001 1000/1000/1000 1002/1002/1002
f 1003/1003/1003 1002/1002/1002 1000/1000/1000
f 1003/1003/1003 1004/1004/1004 1002/1002/1002
f 1004/1004/1004 1003/1003/1003 1005/1005/1005
f 1004/1004/1004 1005/1005/1005 1006/1006/1006
f 1007/1007/1007 1006/1006/1006 1005/1005/1005
f 1007/1007/1007 1008/1008/1008 1006/1006/1006
f 1009/1009/1009 1006/1006/1006 1008/1008/1008
f 1009/1009/1009 1008/1008/1008 1010/1010/1010
f 1010/1010/1010 1011/1011/1011 1009/1009/1009
f 1012/1012/1012 1011/1011/1011 1010/1010/1010
f 1012/1012/1012 1010/1010/1010 1013/1013/1013
f 1014/1014/1014 1013/1013/1013 1010/1010/1010
f 1013/1013/1013 1014/1014/1014 1015/1015/1015
f 1015/1015/1015 1016/1016/1016 1013/1013/1013
f 1019/1019/1019 1018/1018/1018 1017/1017/1017
f 1020/1020/1020 1017/1017/1017 1018/1018/1018
f 1020/1020/1020 1018/1018/1018 1021/1021/1021
f 1021/1021/1021 1018/1018/1018 1022/1022/1022
f 1021/1021/1021 1022/1022/1022 1023/1023/1023
f 1021/1021/1021 1023/1023/1023 1024/1024/1024
f 1025/1025/1025 1024/1024/1024 1023/1023/1023
f 1024/1024/1024 1025/1025/1025 1026/1026/1026
f 1026/1026/1026 1025/1025/1025 1027/1027/1027
f 1026/1026/1026 1027/1027/1027 1028/1028/1028
f 1029/1029/1029 1028/1028/1028 1027/1027/1027
f 1028/1028/1028 1029/1029/1029 1030/1030/1030
f 1031/1031/1031 1030/1030/1030 1029/1029/1029
f 1030/1030/1030 1031/1031/1031 1032/1032/1032
f 1033/1033/1033 1032/1032/1032 1031/1031/1031
f 1032/1032/1032 1033/1033/1033 1034/1034/1034
f 1035/1035/1035 1034/1034/1034 1033/1033/1033
f 1034/1034/1034 1035/1035/1035 1036/1036/1036
f 1037/1037/1037 1036/1036/1036 1035/1035/1035
f 1036/1036/1036 1037/1037/1037 1038/1038/1038
f 1039/1039/1039 1036/1036/1036 1038/1038/1038
f 1038/1038/1038 1040/1040/1040 1039/1039/1039
f 1040/1040/1040 1038/1038/1038 1041/1041/1041
f 1040/1040/1040 1041/1041/1041 1042/1042/1042
f 1043/1043/1043 1040/1040/1040 1042/1042/1042
f 1042/1042/1042 1044/1044/1044 1043/1043/1043
f 1045/1045/1045 1043/1043/1043 1044/1044/1044
f 1045/1045/1045 1044/1044/1044 1046/1046/1046
f 1047/1047/1047 1045/1045/1045 1046/1046/1046
f 1046/1046/1046 1048/1048/1048 1047/1047/1047
f 1049/1049/1049 1047/1047/1047 1048/1048/1048
f 1049/1049/1049 1048/1048/1048 1050/1050/1050
f 1050/1050/1050 1051/1051/1051 1049/1049/1049
f 1050/1050/1050 1052/1052/1052 1051/1051/1051
f 1053/1053/1053 1052/1052/1052 1050/1050/1050
f 1052/1052/1052 1053/1053/1053 1054/1054/1054
f 1054/1054/1054 1055/1055/1055 1052/1052/1052
f 1056/1056/1056 1055/1055/1055 1054/1054/1054
f 1055/1055/1055 1056/1056/1056 1057/1057/1057
f 1057/1057/1057 1058/1058/1058 1055/1055/1055
f 1058/1058/1058 1057/1057/1057 1059/1059/1059
f 1060/1060/1060 1059/1059/1059 1057/1057/1057
f 1063/1063/1063 1062/1062/1062 1061/1061/1061
f 1062/1062/1062 1064/1064/1064 1061/1061/1061
f 1065/1065/1065 1061/1061/1061 1064/1064/1064
f 1064/1064/1064 1066/1066/1066 1065/1065/1065
f 1067/1067/1067 1061/1061/1061 1065/1065/1065
f 1065/1065/1065 1068/1068/1068 1067/1067/1067
f 1066/1066/1066 1069/1069/1069 1065/1065/1065
f 1069/1069/1069 1070/1070/1070 1065/1065/1065
f 1071/1071/1071 1065/1065/1065 1070/1070/1070
f 1072/1072/1072 1071/1071/1071 1070/1070/1070
f 1065/1065/1065 1071/1071/1071 1073/1073/1073
f 1074/1074/1074 1073/1073/1073 1071/1071/1071
f 1072/1072/1072 1075/1075/1075 1071/1071/1071
f 1076/1076/1076 1071/1071/1071 1075/1075/1075
f 1077/1077/1077 1071/1071/1071 1076/1076/1076
f 1078/1078/1078 1076/1076/1076 1075/1075/1075
f 1078/1078/1078 1079/1079/1079 1076/1076/1076
f 1080/1080/1080 1076/1076/1076 1079/1079/1079
f 1081/1081/1081 1076/1076/1076 1080/1080/1080
f 1079/1079/1079 1082/1082/1082 1080/1080/1080
f 1082/1082/1082 1083/1083/1083 1080/1080/1080
f 1080/1080/1080 1083/1083/1083 1084/1084/1084
f 1085/1085/1085 1080/1080/1080 1084/1084/1084
f 1086/1086/1086 1084/1084/1084 1083/1083/1083
f 1086/1086/1086 1087/1087/1087 1084/1084/1084
f 1084/1084/1084 1087/1087/1087 1088/1088/1088
f 1089/1089/1089 1084/1084/1084 1088/1088/1088
f 1090/1090/1090 1088/1088/1088 1087/1087/1087
f 1090/1090/1090 1091/1091/1091 1088/1088/1088
f 1092/1092/1092 1088/1088/1088 1091/1091/1091
f 1088/1088/1088 1092/1092/1092 1093/1093/1093
f 1092/1092/1092 1091/1091/1091 1094/1094/1094
f 1094/1094/1094 1095/1095/1095 1092/1092/1092
f 1092/1092/1092 1097/1097/1097 1096/1096/1096
f 1097/1097/1097 1092/1092/1092 1098/1098/1098
f 1098/1098/1098 1092/1092/1092 1095/1095/1095
f 1098/1098/1098 1095/1095/1095 1099/1099/1099
f 1100/1100/1100 1098/1098/1098 1099/1099/1099
f 1101/1101/1101 1098/1098/1098 1100/1100/1100
f 1098/1098/1098 1103/1103/1103 1102/1102/1102
f 1104/1104/1104 1103/1103/1103 1098/1098/1098
f 1098/1098/1098 1101/1101/1101 1104/1104/1104
f 1105/1105/1105 1104/1104/1104 1101/1101/1101
f 1106/1106/1106 1104/1104/1104 1105/1105/1105
f 1109/1109/1109 1108/1108/1108 1107/1107/1107
f 1110/1110/1110 1108/1108/1108 1109/1109/1109
f 1110/1110/1110 1111/1111/1111 1108/1108/1108
f 1112/1112/1112 1111/1111/1111 1110/1110/1110
f 1110/1110/1110 1113/1113/1113 1112/1112/1112
f 1110/1110/1110 1109/1109/1109 1114/1114/1114
f 1113/1113/1113 1110/1110/1110 1114/1114/1114
f 1114/1114/1114 1109/1109/1109 1115/1115/1115
f 1116/1116/1116 1113/1113/1113 1114/1114/1114
f 1114/1114/1114 1117/1117/1117 1116/1116/1116
f 1114/1114/1114 1115/1115/1115 1118/1118/1118
f 1114/1114/1114 1119/1119/1119 1117/1117/1117
f 1114/1114/1114 1118/1118/1118 1120/1120/1120
f 1119/1119/1119 1114/1114/1114 1120/1120/1120
f 1120/1120/1120 1118/1118/1118 1121/1121/1121
f 1122/1122/1122 1119/1119/1119 1120/1120/1120
f 1120/1120/1120 1121/1121/1121 1123/1123/1123
f 1120/1120/1120 1124/1124/1124 1122/1122/1122
f 1123/1123/1123 1125/1125/1125 1120/1120/1120
f 1124/1124/1124 1120/1120/1120 1126/1126/1126
f 1126/1126/1126 1120/1120/1120 1125/1125/1125
f 1127/1127/1127 1124/1124/1124 1126/1126/1126
f 1125/1125/1125 1128/1128/1128 1126/1126/1126
f 1128/1128/1128 1129/1129/1129 1126/1126/1126
f 1126/1126/1126 1130/1130/1130 1127/1127/1127
f 1129/1129/1129 1131/1131/1131 1126/1126/1126
f 1126/1126/1126 1132/1132/1132 1130/1130/1130
f 1132/1132/1132 1126/1126/1126 1131/1131/1131
f 1133/1133/1133 1130/1130/1130 1132/1132/1132
f 1131/1131/1131 1134/1134/1134 1132/1132/1132
f 1133/1133/1133 1132/1132/1132 1135/1135/1135
f 1136/1136/1136 1132/1132/1132 1134/1134/1134
f 1136/1136/1136 1135/1135/1135 1132/1132/1132
f 1137/1137/1137 1135/1135/1135 1136/1136/1136
f 1136/1136/1136 1134/1134/1134 1138/1138/1138
f 1137/1137/1137 1136/1136/1136 1139/1139/1139
f 1136/1136/1136 1138/1138/1138 1140/1140/1140
f 1140/1140/1140 1139/1139/1139 1136/1136/1136
f 1141/1141/1141 1140/1140/1140 1138/1138/1138
f 1142/1142/1142 1139/1139/1139 1140/1140/1140
f 1140/1140/1140 1141/1141/1141 1143/1143/1143
f 1142/1142/1142 1140/1140/1140 1144/1144/1144
f 1140/1140/1140 1143/1143/1143 1144/1144/1144
f 1145/1145/1145 1144/1144/1144 1143/1143/1143
f 1145/1145/1145 1146/1146/1146 1144/1144/1144
f 1147/1147/1147 1144/1144/1144 1146/1146/1146
f 1146/1146/1146 1145/1145/1145 1148/1148/1148
f 1147/1147/1147 1146/1146/1146 1149/1149/1149
f 1146/1146/1146 1148/1148/1148 1150/1150/1150
f 1146/1146/1146 1151/1151/1151 1149/1149/1149
f 1151/1151/1151 1146/1146/1146 1150/1150/1150
f 1152/1152/1152 1149/1149/1149 1151/1151/1151
f 1151/1151/1151 1150/1150/1150 1153/1153/1153
f 1151/1151/1151 1154/1154/1154 1152/1152/1152
f 1153/1153/1153 1155/1155/1155 1151/1151/1151
f 1154/1154/1154 1151/1151/1151 1156/1156/1156
f 1151/1151/1151 1155/1155/1155 1157/1157/1157
f 1156/1156/1156 1151/1151/1151 1158/1158/1158
f 1157/1157/1157 1158/1158/1158 1151/1151/1151
f 1158/1158/1158 1159/1159/1159 1156/1156/1156
f 1158/1158/1158 1157/1157/1157 1160/1160/1160
f 1160/1160/1160 1159/1159/1159 1158/1158/1158
f 1163/1163/1163 1162/1162/1162 1161/1161/1161
f 1164/1164/1164 1163/1163/1163 1161/1161/1161
f 1167/1167/1167 1166/1166/1166 1165/1165/1165
f 1168/1168/1168 1165/1165/1165 1166/1166/1166
f 1171/1171/1171 1170/1170/1170 1169/1169/1169
f 1171/1171/1171 1172/1172/1172 1170/1170/1170
f 1175/1175/1175 1174/1174/1174 1173/1173/1173
f 1176/1176/1176 1174/1174/1174 1175/1175/1175
f 1179/1179/1179 1178/1178/1178 1177/1177/1177
f 1180/1180/1180 1179/1179/1179 1177/1177/1177
f 1183/1183/1183 1182/1182/1182 1181/1181/1181
f 1182/1182/1182 1183/1183/1183 1184/1184/1184
f 1187/1187/1187 1186/1186/1186 1185/1185/1185
f 1186/1186/1186 1187/1187/1187 1188/1188/1188
f 1191/1191/1191 1190/1190/1190 1189/1189/1189
f 1192/1192/1192 1189/1189/1189 1190/1190/1190
f 1195/1195/1195 1194/1194/1194 1193/1193/1193
f 1195/1195/1195 1196/1196/1196 1194/1194/1194
f 1199/1199/1199 1198/1198/1198 1197/1197/1197
f 1197/1197/1197 1200/1200/1200 1199/1199/1199
f 1203/1203/1203 1202/1202/1202 1201/1201/1201
f 1201/1201/1201 1204/1204/1204 1203/1203/1203
f 1207/1207/1207 1206/1206/1206 1205/1205/1205
f 1208/1208/1208 1207/1207/1207 1205/1205/1205
f 1211/1211/1211 1210/1210/1210 1209/1209/1209
f 1209/1209/1209 1212/1212/1212 1211/1211/1211
f 1215/1215/1215 1214/1214/1214 1213/1213/1213
f 1216/1216/1216 1213/1213/1213 1214/1214/1214
f 1219/1219/1219 1218/1218/1218 1217/1217/1217
f 1217/1217/1217 1220/1220/1220 1219/1219/1219
f 1219/1219/1219 1220/1220/1220 1221/1221/1221
f 1220/1220/1220 1222/1222/1222 1221/1221/1221
f 1221/1221/1221 1222/1222/1222 1223/1223/1223
f 1222/1222/1222 1224/1224/1224 1223/1223/1223
f 1223/1223/1223 1224/1224/1224 1225/1225/1225
f 1224/1224/1224 1226/1226/1226 1225/1225/1225
f 1227/1227/1227 1225/1225/1225 1226/1226/1226
f 1226/1226/1226 1228/1228/1228 1227/1227/1227
f 1229/1229/1229 1227/1227/1227 1228/1228/1228
f 1228/1228/1228 1230/1230/1230 1229/1229/1229
f 1231/1231/1231 1229/1229/1229 1230/1230/1230
f 1230/1230/1230 1232/1232/1232 1231/1231/1231
f 1233/1233/1233 1231/1231/1231 1232/1232/1232
f 1232/1232/1232 1234/1234/1234 1233/1233/1233
f 1235/1235/1235 1233/1233/1233 1234/1234/1234
f 1234/1234/1234 1236/1236/1236 1235/1235/1235
f 1237/1237/1237 1235/1235/1235 1236/1236/1236
f 1236/1236/1236 1238/1238/1238 1237/1237/1237
f 1239/1239/1239 1237/1237/1237 1238/1238/1238
f 1242/1242/1242 1241/1241/1241 1240/1240/1240
f 1243/1243/1243 1240/1240/1240 1241/1241/1241
f 1244/1244/1244 1243/1243/1243 1241/1241/1241
f 1243/1243/1243 1244/1244/1244 1245/1245/1245
f 1245/1245/1245 1244/1244/1244 1246/1246/1246
f 1247/1247/1247 1246/1246/1246 1244/1244/1244
f 1248/1248/1248 1246/1246/1246 1247/1247/1247
f 1246/1246/1246 1249/1249/1249 1245/1245/1245
f 1245/1245/1245 1249/1249/1249 1250/1250/1250
f 1249/1249/1249 1246/1246/1246 1251/1251/1251
f 1250/1250/1250 1249/1249/1249 1252/1252/1252
f 1251/1251/1251 1246/1246/1246 1253/1253/1253
f 1250/1250/1250 1252/1252/1252 1254/1254/1254
f 1254/1254/1254 1255/1255/1255 1250/1250/1250
f 1246/1246/1246 1248/1248/1248 1253/1253/1253
f 1248/1248/1248 1256/1256/1256 1253/1253/1253
f 1257/1257/1257 1256/1256/1256 1248/1248/1248
f 1253/1253/1253 1256/1256/1256 1258/1258/1258
f 1256/1256/1256 1257/1257/1257 1259/1259/1259
f 1259/1259/1259 1258/1258/1258 1256/1256/1256
f 1259/1259/1259 1257/1257/1257 1260/1260/1260
f 1261/1261/1261 1260/1260/1260 1257/1257/1257
f 1259/1259/1259 1262/1262/1262 1258/1258/1258
f 1260/1260/1260 1261/1261/1261 1263/1263/1263
f 1264/1264/1264 1263/1263/1263 1261/1261/1261
f 1259/1259/1259 1260/1260/1260 1265/1265/1265
f 1259/1259/1259 1265/1265/1265 1262/1262/1262
f 1265/1265/1265 1260/1260/1260 1266/1266/1266
f 1263/1263/1263 1266/1266/1266 1260/1260/1260
f 1266/1266/1266 1263/1263/1263 1267/1267/1267
f 1262/1262/1262 1265/1265/1265 1268/1268/1268
f 1268/1268/1268 1258/1258/1258 1262/1262/1262
f 1258/1258/1258 1268/1268/1268 1269/1269/1269
f 1270/1270/1270 1268/1268/1268 1265/1265/1265
f 1271/1271/1271 1269/1269/1269 1268/1268/1268
f 1268/1268/1268 1270/1270/1270 1271/1271/1271
f 1272/1272/1272 1271/1271/1271 1270/1270/1270
f 1273/1273/1273 1267/1267/1267 1263/1263/1263
f 1263/1263/1263 1264/1264/1264 1273/1273/1273
f 1267/1267/1267 1273/1273/1273 1274/1274/1274
f 1275/1275/1275 1273/1273/1273 1264/1264/1264
f 1274/1274/1274 1273/1273/1273 1276/1276/1276
f 1275/1275/1275 1277/1277/1277 1273/1273/1273
f 1278/1278/1278 1276/1276/1276 1273/1273/1273
f 1276/1276/1276 1278/1278/1278 1279/1279/1279
f 1280/1280/1280 1279/1279/1279 1278/1278/1278
f 1281/1281/1281 1273/1273/1273 1277/1277/1277
f 1281/1281/1281 1277/1277/1277 1282/1282/1282
f 1283/1283/1283 1282/1282/1282 1277/1277/1277
f 1271/1271/1271 1272/1272/1272 1284/1284/1284
f 1271/1271/1271 1284/1284/1284 1285/1285/1285
f 1286/1286/1286 1271/1271/1271 1285/1285/1285
f 1272/1272/1272 1287/1287/1287 1284/1284/1284
f 1272/1272/1272 1288/1288/1288 1287/1287/1287
f 1289/1289/1289 1285/1285/1285 1284/1284/1284
f 1289/1289/1289 1284/1284/1284 1287/1287/1287
f 1290/1290/1290 1286/1286/1286 1285/1285/1285
f 1285/1285/1285 1289/1289/1289 1290/1290/1290
f 1290/1290/1290 1291/1291/1291 1286/1286/1286
f 1291/1291/1291 1290/1290/1290 1292/1292/1292
f 1292/1292/1292 1293/1293/1293 1291/1291/1291
f 1294/1294/1294 1289/1289/1289 1287/1287/1287
f 1287/1287/1287 1288/1288/1288 1294/1294/1294
f 1295/1295/1295 1294/1294/1294 1288/1288/1288
f 1294/1294/1294 1295/1295/1295 1296/1296/1296
f 1297/1297/1297 1296/1296/1296 1295/1295/1295
f 1300/1300/1300 1299/1299/1299 1298/1298/1298
f 1299/1299/1299 1301/1301/1301 1298/1298/1298
f 1299/1299/1299 1302/1302/1302 1301/1301/1301
f 1303/1303/1303 1301/1301/1301 1302/1302/1302
f 1306/1306/1306 1305/1305/1305 1304/1304/1304
f 1307/1307/1307 1304/1304/1304 1305/1305/1305
f 1305/1305/1305 1308/1308/1308 1307/1307/1307
f 1309/1309/1309 1307/1307/1307 1308/1308/1308
f 1308/1308/1308 1310/1310/1310 1309/1309/1309
f 1311/1311/1311 1309/1309/1309 1310/1310/1310
f 1310/1310/1310 1312/1312/1312 1311/1311/1311
f 1313/1313/1313 1311/1311/1311 1312/1312/1312
f 1312/1312/1312 1314/1314/1314 1313/1313/1313
f 1315/1315/1315 1313/1313/1313 1314/1314/1314
f 1314/1314/1314 1316/1316/1316 1315/1315/1315
f 1317/1317/1317 1315/1315/1315 1316/1316/1316
f 1317/1317/1317 1316/1316/1316 1318/1318/1318
f 1319/1319/1319 1318/1318/1318 1316/1316/1316
f 1318/1318/1318 1319/1319/1319 1320/1320/1320
f 1321/1321/1321 1320/1320/1320 1319/1319/1319
f 1320/1320/1320 1321/1321/1321 1322/1322/1322
f 1323/1323/1323 1322/1322/1322 1321/1321/1321
f 1322/1322/1322 1323/1323/1323 1324/1324/1324
f 1325/1325/1325 1324/1324/1324 1323/1323/1323
f 1324/1324/1324 1325/1325/1325 1326/1326/1326
f 1327/1327/1327 1326/1326/1326 1325/1325/1325
f 1327/1327/1327 1328/1328/1328 1326/1326/1326
f 1329/1329/1329 1326/1326/1326 1328/1328/1328
f 1330/1330/1330 1329/1329/1329 1328/1328/1328
f 1331/1331/1331 1329/1329/1329 1330/1330/1330
f 1330/1330/1330 1332/1332/1332 1331/1331/1331
f 1333/1333/1333 1331/1331/1331 1332/1332/1332
f 1334/1334/1334 1333/1333/1333 1332/1332/1332
f 1335/1335/1335 1333/1333/1333 1334/1334/1334
f 1334/1334/1334 1336/1336/1336 1335/1335/1335
f 1337/1337/1337 1335/1335/1335 1336/1336/1336
f 1337/1337/1337 1336/1336/1336 1338/1338/1338
f 1339/1339/1339 1338/1338/1338 1336/1336/1336
f 1340/1340/1340 1338/1338/1338 1339/1339/1339
f 1341/1341/1341 1340/1340/1340 1339/1339/1339
f 1340/1340/1340 1341/1341/1341 1342/1342/1342
f 1343/1343/1343 1342/1342/1342 1341/1341/1341
f 1344/1344/1344 1342/1342/1342 1343/1343/1343
f 1345/1345/1345 1344/1344/1344 1343/1343/1343
f 1344/1344/1344 1345/1345/1345 1346/1346/1346
f 1347/1347/1347 1346/1346/1346 1345/1345/1345
f 1346/1346/1346 1347/1347/1347 1348/1348/1348
f 1349/1349/1349 1348/1348/1348 1347/1347/1347
f 1352/1352/1352 1351/1351/1351 1350/1350/1350
f 1351/1351/1351 1353/1353/1353 1350/1350/1350
f 1354/1354/1354 1350/1350/1350 1353/1353/1353
f 1353/1353/1353 1355/1355/1355 1354/1354/1354
f 1356/1356/1356 1354/1354/1354 1355/1355/1355
f 1354/1354/1354 1356/1356/1356 1357/1357/1357
f 1358/1358/1358 1357/1357/1357 1356/1356/1356
f 1359/1359/1359 1357/1357/1357 1358/1358/1358
f 1362/1362/1362 1361/1361/1361 1360/1360/1360
f 1361/1361/1361 1363/1363/1363 1360/1360/1360
f 1364/1364/1364 1360/1360/1360 1363/1363/1363
f 1363/1363/1363 1365/1365/1365 1364/1364/1364
f 1366/1366/1366 1364/1364/1364 1365/1365/1365
f 1364/1364/1364 1366/1366/1366 1367/1367/1367
f 1368/1368/1368 1367/1367/1367 1366/1366/1366
f 1371/1371/1371 1370/1370/1370 1369/1369/1369
f 1369/1369/1369 1370/1370/1370 1372/1372/1372
f 1373/1373/1373 1372/1372/1372 1370/1370/1370
f 1372/1372/1372 1373/1373/1373 1374/1374/1374
f 1375/1375/1375 1374/1374/1374 1373/1373/1373
f 1373/1373/1373 1376/1376/1376 1375/1375/1375
f 1377/1377/1377 1375/1375/1375 1376/1376/1376
f 1380/1380/1380 1379/1379/1379 1378/1378/1378
f 1380/1380/1380 1378/1378/1378 1381/1381/1381
f 1378/1378/1378 1382/1382/1382 1381/1381/1381
f 1378/1378/1378 1384/1384/1384 1383/1383/1383
f 1383/1383/1383 1385/1385/1385 1378/1378/1378
f 1382/1382/1382 1378/1378/1378 1386/1386/1386
f 1386/1386/1386 1387/1387/1387 1382/1382/1382
f 1388/1388/1388 1387/1387/1387 1386/1386/1386
f 1388/1388/1388 1386/1386/1386 1389/1389/1389
f 1390/1390/1390 1378/1378/1378 1385/1385/1385
f 1378/1378/1378 1390/1390/1390 1386/1386/1386
f 1391/1391/1391 1390/1390/1390 1385/1385/1385
f 1391/1391/1391 1392/1392/1392 1390/1390/1390
f 1386/1386/1386 1394/1394/1394 1393/1393/1393
f 1394/1394/1394 1386/1386/1386 1395/1395/1395
f 1395/1395/1395 1386/1386/1386 1396/1396/1396
f 1396/1396/1396 1386/1386/1386 1390/1390/1390
f 1397/1397/1397 1396/1396/1396 1390/1390/1390
f 1398/1398/1398 1397/1397/1397 1390/1390/1390
f 1399/1399/1399 1398/1398/1398 1390/1390/1390
f 1399/1399/1399 1390/1390/1390 1400/1400/1400
f 1403/1403/1403 1402/1402/1402 1401/1401/1401
f 1401/1401/1401 1402/1402/1402 1404/1404/1404
f 1401/1401/1401 1404/1404/1404 1405/1405/1405
f 1404/1404/1404 1406/1406/1406 1405/1405/1405
f 1405/1405/1405 1406/1406/1406 1407/1407/1407
f 1407/1407/1407 1406/1406/1406 1408/1408/1408
f 1406/1406/1406 1409/1409/1409 1408/1408/1408
f 1408/1408/1408 1409/1409/1409 1410/1410/1410
f 1409/1409/1409 1411/1411/1411 1410/1410/1410
f 1410/1410/1410 1411/1411/1411 1412/1412/1412
f 1411/1411/1411 1413/1413/1413 1412/1412/1412
f 1413/1413/1413 1414/1414/1414 1412/1412/1412
f 1415/1415/1415 1412/1412/1412 1414/1414/1414
f 1414/1414/1414 1416/1416/1416 1415/1415/1415
f 1417/1417/1417 1415/1415/1415 1416/1416/1416
f 1416/1416/1416 1418/1418/1418 1417/1417/1417
f 1419/1419/1419 1417/1417/1417 1418/1418/1418
f 1418/1418/1418 1420/1420/1420 1419/1419/1419
f 1421/1421/1421 1419/1419/1419 1420/1420/1420
f 1420/1420/1420 1422/1422/1422 1421/1421/1421
f 1423/1423/1423 1421/1421/1421 1422/1422/1422
f 1423/1423/1423 1422/1422/1422 1424/1424/1424
f 1425/1425/1425 1424/1424/1424 1422/1422/1422
f 1424/1424/1424 1425/1425/1425 1426/1426/1426
f 1427/1427/1427 1426/1426/1426 1425/1425/1425
f 1426/1426/1426 1427/1427/1427 1428/1428/1428
f 1429/1429/1429 1428/1428/1428 1427/1427/1427
f 1428/1428/1428 1429/1429/1429 1430/1430/1430
f 1431/1431/1431 1430/1430/1430 1429/1429/1429
f 1430/1430/1430 1431/1431/1431 1432/1432/1432
f 1433/1433/1433 1432/1432/1432 1431/1431/1431
f 1433/1433/1433 1434/1434/1434 1432/1432/1432
f 1435/1435/1435 1432/1432/1432 1434/1434/1434
f 1434/1434/1434 1436/1436/1436 1435/1435/1435
f 1437/1437/1437 1435/1435/1435 1436/1436/1436
f 1436/1436/1436 1438/1438/1438 1437/1437/1437
f 1439/1439/1439 1437/1437/1437 1438/1438/1438
f 1440/1440/1440 1439/1439/1439 1438/1438/1438
f 1438/1438/1438 1441/1441/1441 1440/1440/1440
f 1442/1442/1442 1440/1440/1440 1441/1441/1441
f 1441/1441/1441 1443/1443/1443 1442/1442/1442
f 1444/1444/1444 1442/1442/1442 1443/1443/1443
f 1447/1447/1447 1446/1446/1446 1445/1445/1445
f 1448/1448/1448 1447/1447/1447 1445/1445/1445
f 1445/1445/1445 1449/1449/1449 1448/1448/1448
f 1450/1450/1450 1448/1448/1448 1449/1449/1449
f 1449/1449/1449 1451/1451/1451 1450/1450/1450
f 1452/1452/1452 1450/1450/1450 1451/1451/1451
f 1451/1451/1451 1453/1453/1453 1452/1452/1452
f 1454/1454/1454 1452/1452/1452 1453/1453/1453
f 1453/1453/1453 1455/1455/1455 1454/1454/1454
f 1456/1456/1456 1454/1454/1454 1455/1455/1455
f 1455/1455/1455 1457/1457/1457 1456/1456/1456
f 1458/1458/1458 1456/1456/1456 1457/1457/1457
f 1458/1458/1458 1457/1457/1457 1459/1459/1459
f 1459/1459/1459 1457/1457/1457 1460/1460/1460
f 1460/1460/1460 1461/1461/1461 1459/1459/1459
f 1461/1461/1461 1462/1462/1462 1459/1459/1459
f 1462/1462/1462 1461/1461/1461 1463/1463/1463
f 1463/1463/1463 1461/1461/1461 1464/1464/1464
f 1464/1464/1464 1465/1465/1465 1463/1463/1463
f 1465/1465/1465 1466/1466/1466 1463/1463/1463
f 1466/1466/1466 1465/1465/1465 1467/1467/1467
f 1467/1467/1467 1465/1465/1465 1468/1468/1468
f 1467/1467/1467 1468/1468/1468 1469/1469/1469
f 1470/1470/1470 1467/1467/1467 1469/1469/1469
f 1470/1470/1470 1469/1469/1469 1471/1471/1471
f 1472/1472/1472 1471/1471/1471 1469/1469/1469
f 1471/1471/1471 1472/1472/1472 1473/1473/1473
f 1474/1474/1474 1471/1471/1471 1473/1473/1473
f 1474/1474/1474 1473/1473/1473 1475/1475/1475
f 1476/1476/1476 1475/1475/1475 1473/1473/1473
f 1475/1475/1475 1476/1476/1476 1477/1477/1477
f 1478/1478/1478 1475/1475/1475 1477/1477/1477
f 1478/1478/1478 1477/1477/1477 1479/1479/1479
f 1480/1480/1480 1479/1479/1479 1477/1477/1477
f 1479/1479/1479 1480/1480/1480 1481/1481/1481
f 1482/1482/1482 1481/1481/1481 1480/1480/1480
f 1481/1481/1481 1482/1482/1482 1483/1483/1483
f 1484/1484/1484 1483/1483/1483 1482/1482/1482
f 1483/1483/1483 1484/1484/1484 1485/1485/1485
f 1486/1486/1486 1485/1485/1485 1484/1484/1484
f 1485/1485/1485 1486/1486/1486 1487/1487/1487
f 1488/1488/1488 1487/1487/1487 1486/1486/1486
f 1487/1487/1487 1488/1488/1488 1489/1489/1489
f 1490/1490/1490 1489/1489/1489 1488/1488/1488
f 1493/1493/1493 1492/1492/1492 1491/1491/1491
f 1494/1494/1494 1492/1492/1492 1493/1493/1493
f 1495/1495/1495 1494/1494/1494 1493/1493/1493
f 1496/1496/1496 1495/1495/1495 1493/1493/1493
f 1493/1493/1493 1497/1497/1497 1496/1496/1496
f 1497/1497/1497 1498/1498/1498 1496/1496/1496
f 1499/1499/1499 1496/1496/1496 1498/1498/1498
f 1500/1500/1500 1499/1499/1499 1498/1498/1498
f 1501/1501/1501 1500/1500/1500 1498/1498/1498
f 1498/1498/1498 1502/1502/1502 1501/1501/1501
f 1505/1505/1505 1504/1504/1504 1503/1503/1503
f 1506/1506/1506 1504/1504/1504 1505/1505/1505
f 1507/1507/1507 1506/1506/1506 1505/1505/1505
f 1508/1508/1508 1507/1507/1507 1505/1505/1505
f 1505/1505/1505 1509/1509/1509 1508/1508/1508
f 1509/1509/1509 1510/1510/1510 1508/1508/1508
f 1511/1511/1511 1508/1508/1508 1510/1510/1510
f 1512/1512/1512 1511/1511/1511 1510/1510/1510
f 1512/1512/1512 1510/1510/1510 1513/1513/1513
f 1510/1510/1510 1514/1514/1514 1513/1513/1513
f 1517/1517/1517 1516/1516/1516 1515/1515/1515
f 1518/1518/1518 1517/1517/1517 1515/1515/1515
f 1518/1518/1518 1519/1519/1519 1517/1517/1517
f 1519/1519/1519 1520/1520/1520 1517/1517/1517
f 1521/1521/1521 1517/1517/1517 1520/1520/1520
f 1521/1521/1521 1520/1520/1520 1522/1522/1522
f 1523/1523/1523 1522/1522/1522 1520/1520/1520
f 1523/1523/1523 1524/1524/1524 1522/1522/1522
f 1524/1524/1524 1525/1525/1525 1522/1522/1522
f 1522/1522/1522 1525/1525/1525 1526/1526/1526
f 1529/1529/1529 1528/1528/1528 1527/1527/1527
f 1527/1527/1527 1530/1530/1530 1529/1529/1529
f 1531/1531/1531 1529/1529/1529 1530/1530/1530
f 1530/1530/1530 1532/1532/1532 1531/1531/1531
f 1533/1533/1533 1531/1531/1531 1532/1532/1532
f 1534/1534/1534 1533/1533/1533 1532/1532/1532
f 1535/1535/1535 1534/1534/1534 1532/1532/1532
f 1538/1538/1538 1537/1537/1537 1536/1536/1536
f 1538/1538/1538 1536/1536/1536 1539/1539/1539
f 1539/1539/1539 1540/1540/1540 1538/1538/1538
f 1540/1540/1540 1539/1539/1539 1541/1541/1541
f 1541/1541/1541 1542/1542/1542 1540/1540/1540
f 1543/1543/1543 1542/1542/1542 1541/1541/1541
f 1546/1546/1546 1545/1545/1545 1544/1544/1544
f 1545/1545/1545 1546/1546/1546 1547/1547/1547
f 1548/1548/1548 1547/1547/1547 1546/1546/1546
f 1548/1548/1548 1549/1549/1549 1547/1547/1547
f 1548/1548/1548 1550/1550/1550 1549/1549/1549
f 1550/1550/1550 1551/1551/1551 1549/1549/1549
f 1554/1554/1554 1553/1553/1553 1552/1552/1552
f 1555/1555/1555 1552/1552/1552 1553/1553/1553
f 1553/1553/1553 1556/1556/1556 1555/1555/1555
f 1556/1556/1556 1557/1557/1557 1555/1555/1555
f 1560/1560/1560 1559/1559/1559 1558/1558/1558
f 1561/1561/1561 1558/1558/1558 1559/1559/1559
f 1559/1559/1559 1562/1562/1562 1561/1561/1561
f 1563/1563/1563 1561/1561/1561 1562/1562/1562
f 1562/1562/1562 1564/1564/1564 1563/1563/1563
f 1564/1564/1564 1565/1565/1565 1563/1563/1563
f 1566/1566/1566 1563/1563/1563 1565/1565/1565
f 1569/1569/1569 1568/1568/1568 1567/1567/1567
f 1570/1570/1570 1567/1567/1567 1568/1568/1568
f 1568/1568/1568 1571/1571/1571 1570/1570/1570
f 1572/1572/1572 1570/1570/1570 1571/1571/1571
f 1571/1571/1571 1573/1573/1573 1572/1572/1572
f 1574/1574/1574 1572/1572/1572 1573/1573/1573
f 1572/1572/1572 1574/1574/1574 1575/1575/1575
f 1578/1578/1578 1577/1577/1577 1576/1576/1576
f 1579/1579/1579 1576/1576/1576 1577/1577/1577
f 1576/1576/1576 1579/1579/1579 1580/1580/1580
f 1580/1580/1580 1579/1579/1579 1581/1581/1581
f 1584/1584/1584 1583/1583/1583 1582/1582/1582
f 1585/1585/1585 1582/1582/1582 1583/1583/1583
f 1582/1582/1582 1585/1585/1585 1586/1586/1586
f 1587/1587/1587 1586/1586/1586 1585/1585/1585
f 1586/1586/1586 1587/1587/1587 1588/1588/1588
f 1588/1588/1588 1587/1587/1587 1589/1589/1589
f 1590/1590/1590 1589/1589/1589 1587/1587/1587
f 1593/1593/1593 1592/1592/1592 1591/1591/1591
f 1593/1593/1593 1594/1594/1594 1592/1592/1592
