mtllib SM_Window_02_LOD1@000002909DBC8800.mtl
g SM_Window_02_LOD1@000002909DBC8800
#Vertices 955
#Indices 3774
#Section 0 Offset 0 NumIndices 918 MaterialIndex 0 MI_Pillar_A_01
#Section 1 Offset 918 NumIndices 1344 MaterialIndex 1 MI_ConcreteTile_A_02
#Section 2 Offset 2262 NumIndices 1368 MaterialIndex 2 MI_ConcreteTrim_A_02
#Section 3 Offset 3630 NumIndices 144 MaterialIndex 3 MM_Unlit
v -0.105613 3.462985 1.470300 1.000000 1.000000 1.000000 1.000000
v 0.024281 3.443328 1.471017 1.000000 1.000000 1.000000 1.000000
v -0.042317 3.446433 1.470033 1.000000 1.000000 1.000000 1.000000
v -0.024050 3.476500 1.396858 1.000000 1.000000 1.000000 1.000000
v 0.073141 3.484883 1.396820 1.000000 1.000000 1.000000 1.000000
v -0.112173 3.501921 1.397016 1.000000 1.000000 1.000000 1.000000
v 0.102993 3.462116 1.470012 1.000000 1.000000 1.000000 1.000000
v -0.178024 3.508840 1.470791 1.000000 1.000000 1.000000 1.000000
v 0.167863 3.542025 1.396553 1.000000 1.000000 1.000000 1.000000
v -0.183473 3.561414 1.396797 1.000000 1.000000 1.000000 1.000000
v 0.178288 3.509100 1.470984 1.000000 1.000000 1.000000 1.000000
v -0.241202 3.588286 1.471140 1.000000 1.000000 1.000000 1.000000
v 0.241987 3.589356 1.471113 1.000000 1.000000 1.000000 1.000000
v -0.229066 3.642788 1.396752 1.000000 1.000000 1.000000 1.000000
v 0.220497 3.622365 1.397054 1.000000 1.000000 1.000000 1.000000
v -0.266062 3.665038 1.469890 1.000000 1.000000 1.000000 1.000000
v 0.270578 3.682278 1.469837 1.000000 1.000000 1.000000 1.000000
v -0.270577 3.744951 1.469837 1.000000 1.000000 1.000000 1.000000
v 0.237371 3.694857 1.396777 1.000000 1.000000 1.000000 1.000000
v -0.237371 3.732370 1.396777 1.000000 1.000000 1.000000 1.000000
v 0.229068 3.784497 1.396747 1.000000 1.000000 1.000000 1.000000
v -0.220495 3.804864 1.397054 1.000000 1.000000 1.000000 1.000000
v 0.266061 3.762188 1.469890 1.000000 1.000000 1.000000 1.000000
v -0.242146 3.837550 1.471250 1.000000 1.000000 1.000000 1.000000
v 0.241201 3.838941 1.471138 1.000000 1.000000 1.000000 1.000000
v -0.180469 3.868940 1.396829 1.000000 1.000000 1.000000 1.000000
v 0.183474 3.865811 1.396797 1.000000 1.000000 1.000000 1.000000
v -0.178286 3.918126 1.470984 1.000000 1.000000 1.000000 1.000000
v 0.178025 3.918383 1.470791 1.000000 1.000000 1.000000 1.000000
v -0.113593 3.924248 1.396864 1.000000 1.000000 1.000000 1.000000
v 0.112464 3.925257 1.396869 1.000000 1.000000 1.000000 1.000000
v -0.102990 3.965111 1.470012 1.000000 1.000000 1.000000 1.000000
v 0.105615 3.964239 1.470301 1.000000 1.000000 1.000000 1.000000
v -0.037136 3.948081 1.396783 1.000000 1.000000 1.000000 1.000000
v 0.024053 3.950725 1.396858 1.000000 1.000000 1.000000 1.000000
v -0.024281 3.983897 1.471017 1.000000 1.000000 1.000000 1.000000
v 0.042317 3.980793 1.470033 1.000000 1.000000 1.000000 1.000000
v 0.220699 3.802816 -1.396783 1.000000 1.000000 1.000000 1.000000
v 0.173986 3.878568 -1.396565 1.000000 1.000000 1.000000 1.000000
v 0.081431 3.939383 -1.397409 1.000000 1.000000 1.000000 1.000000
v -0.018580 3.951514 -1.397034 1.000000 1.000000 1.000000 1.000000
v -0.090849 3.933709 -1.396778 1.000000 1.000000 1.000000 1.000000
v -0.164379 3.887743 -1.396689 1.000000 1.000000 1.000000 1.000000
v -0.225889 3.795723 -1.397011 1.000000 1.000000 1.000000 1.000000
v -0.237902 3.695035 -1.397034 1.000000 1.000000 1.000000 1.000000
v -0.220097 3.622763 -1.396777 1.000000 1.000000 1.000000 1.000000
v -0.174196 3.549338 -1.396717 1.000000 1.000000 1.000000 1.000000
v -0.081806 3.487639 -1.397051 1.000000 1.000000 1.000000 1.000000
v 0.018578 3.475710 -1.397034 1.000000 1.000000 1.000000 1.000000
v 0.090851 3.493516 -1.396777 1.000000 1.000000 1.000000 1.000000
v 0.164659 3.539647 -1.396621 1.000000 1.000000 1.000000 1.000000
v 0.225620 3.632085 -1.397577 1.000000 1.000000 1.000000 1.000000
v 0.237902 3.732193 -1.397034 1.000000 1.000000 1.000000 1.000000
v 0.073141 3.484883 1.396820 1.000000 1.000000 1.000000 1.000000
v 0.220497 3.622365 1.397054 1.000000 1.000000 1.000000 1.000000
v 0.167863 3.542025 1.396553 1.000000 1.000000 1.000000 1.000000
v 0.237371 3.694857 1.396777 1.000000 1.000000 1.000000 1.000000
v 0.229068 3.784497 1.396747 1.000000 1.000000 1.000000 1.000000
v 0.183474 3.865811 1.396797 1.000000 1.000000 1.000000 1.000000
v 0.112464 3.925257 1.396869 1.000000 1.000000 1.000000 1.000000
v 0.024053 3.950725 1.396858 1.000000 1.000000 1.000000 1.000000
v -0.037136 3.948081 1.396783 1.000000 1.000000 1.000000 1.000000
v -0.113593 3.924248 1.396864 1.000000 1.000000 1.000000 1.000000
v -0.180469 3.868940 1.396829 1.000000 1.000000 1.000000 1.000000
v -0.220495 3.804864 1.397054 1.000000 1.000000 1.000000 1.000000
v -0.237371 3.732370 1.396777 1.000000 1.000000 1.000000 1.000000
v -0.229066 3.642788 1.396752 1.000000 1.000000 1.000000 1.000000
v -0.183473 3.561414 1.396797 1.000000 1.000000 1.000000 1.000000
v -0.112173 3.501921 1.397016 1.000000 1.000000 1.000000 1.000000
v -0.024050 3.476500 1.396858 1.000000 1.000000 1.000000 1.000000
v 0.025684 3.443832 -1.470191 1.000000 1.000000 1.000000 1.000000
v 0.102046 3.461226 -1.470055 1.000000 1.000000 1.000000 1.000000
v -0.039164 3.444578 -1.468811 1.000000 1.000000 1.000000 1.000000
v 0.018578 3.475710 -1.397034 1.000000 1.000000 1.000000 1.000000
v 0.090851 3.493516 -1.396777 1.000000 1.000000 1.000000 1.000000
v -0.081806 3.487639 -1.397051 1.000000 1.000000 1.000000 1.000000
v 0.164659 3.539647 -1.396621 1.000000 1.000000 1.000000 1.000000
v -0.125500 3.472307 -1.470651 1.000000 1.000000 1.000000 1.000000
v 0.178095 3.508901 -1.470755 1.000000 1.000000 1.000000 1.000000
v -0.174196 3.549338 -1.396717 1.000000 1.000000 1.000000 1.000000
v 0.241309 3.588140 -1.470690 1.000000 1.000000 1.000000 1.000000
v -0.204709 3.535516 -1.470759 1.000000 1.000000 1.000000 1.000000
v 0.225620 3.632085 -1.397577 1.000000 1.000000 1.000000 1.000000
v -0.252390 3.611571 -1.470053 1.000000 1.000000 1.000000 1.000000
v 0.269034 3.674452 -1.468811 1.000000 1.000000 1.000000 1.000000
v -0.220097 3.622763 -1.396777 1.000000 1.000000 1.000000 1.000000
v 0.237902 3.732193 -1.397034 1.000000 1.000000 1.000000 1.000000
v -0.237902 3.695035 -1.397034 1.000000 1.000000 1.000000 1.000000
v 0.252388 3.815657 -1.470052 1.000000 1.000000 1.000000 1.000000
v 0.269780 3.739294 -1.470191 1.000000 1.000000 1.000000 1.000000
v 0.220699 3.802816 -1.396783 1.000000 1.000000 1.000000 1.000000
v 0.173986 3.878568 -1.396565 1.000000 1.000000 1.000000 1.000000
v 0.204707 3.891711 -1.470759 1.000000 1.000000 1.000000 1.000000
v 0.125211 3.955020 -1.470805 1.000000 1.000000 1.000000 1.000000
v 0.081431 3.939383 -1.397409 1.000000 1.000000 1.000000 1.000000
v 0.039165 3.982646 -1.468811 1.000000 1.000000 1.000000 1.000000
v -0.018580 3.951514 -1.397034 1.000000 1.000000 1.000000 1.000000
v -0.102047 3.965999 -1.470055 1.000000 1.000000 1.000000 1.000000
v -0.025682 3.983393 -1.470192 1.000000 1.000000 1.000000 1.000000
v -0.090849 3.933709 -1.396778 1.000000 1.000000 1.000000 1.000000
v -0.164379 3.887743 -1.396689 1.000000 1.000000 1.000000 1.000000
v -0.178095 3.918322 -1.470755 1.000000 1.000000 1.000000 1.000000
v -0.241382 3.838888 -1.470776 1.000000 1.000000 1.000000 1.000000
v -0.225889 3.795723 -1.397011 1.000000 1.000000 1.000000 1.000000
v -0.269033 3.752777 -1.468811 1.000000 1.000000 1.000000 1.000000
v -0.269781 3.687935 -1.470191 1.000000 1.000000 1.000000 1.000000
v -0.241202 3.588286 1.471140 1.000000 1.000000 1.000000 1.000000
v -0.277526 3.545086 1.471023 1.000000 1.000000 1.000000 1.000000
v -0.307825 3.613595 1.470872 1.000000 1.000000 1.000000 1.000000
v -0.211145 3.465877 1.471170 1.000000 1.000000 1.000000 1.000000
v -0.324002 3.688656 1.470540 1.000000 1.000000 1.000000 1.000000
v -0.178024 3.508840 1.470791 1.000000 1.000000 1.000000 1.000000
v -0.266062 3.665038 1.469890 1.000000 1.000000 1.000000 1.000000
v -0.124536 3.413393 1.470335 1.000000 1.000000 1.000000 1.000000
v -0.270577 3.744951 1.469837 1.000000 1.000000 1.000000 1.000000
v -0.105613 3.462985 1.470300 1.000000 1.000000 1.000000 1.000000
v -0.319657 3.764242 1.470872 1.000000 1.000000 1.000000 1.000000
v -0.050629 3.393956 1.470872 1.000000 1.000000 1.000000 1.000000
v -0.242146 3.837550 1.471250 1.000000 1.000000 1.000000 1.000000
v -0.042317 3.446433 1.470033 1.000000 1.000000 1.000000 1.000000
v -0.300193 3.838251 1.470376 1.000000 1.000000 1.000000 1.000000
v 0.024281 3.443328 1.471017 1.000000 1.000000 1.000000 1.000000
v -0.247687 3.924728 1.471028 1.000000 1.000000 1.000000 1.000000
v 0.025080 3.389582 1.470639 1.000000 1.000000 1.000000 1.000000
v -0.178286 3.918126 1.470984 1.000000 1.000000 1.000000 1.000000
v 0.102993 3.462116 1.470012 1.000000 1.000000 1.000000 1.000000
v -0.168449 3.991224 1.471092 1.000000 1.000000 1.000000 1.000000
v 0.100018 3.405788 1.470872 1.000000 1.000000 1.000000 1.000000
v -0.102990 3.965111 1.470012 1.000000 1.000000 1.000000 1.000000
v 0.168450 3.436002 1.471093 1.000000 1.000000 1.000000 1.000000
v -0.100018 4.021438 1.470872 1.000000 1.000000 1.000000 1.000000
v 0.178288 3.509100 1.470984 1.000000 1.000000 1.000000 1.000000
v -0.025080 4.037643 1.470639 1.000000 1.000000 1.000000 1.000000
v 0.247687 3.502497 1.471028 1.000000 1.000000 1.000000 1.000000
v -0.024281 3.983897 1.471017 1.000000 1.000000 1.000000 1.000000
v 0.241987 3.589356 1.471113 1.000000 1.000000 1.000000 1.000000
v 0.050629 4.033269 1.470872 1.000000 1.000000 1.000000 1.000000
v 0.300192 3.588973 1.470376 1.000000 1.000000 1.000000 1.000000
v 0.042317 3.980793 1.470033 1.000000 1.000000 1.000000 1.000000
v 0.319657 3.662984 1.470872 1.000000 1.000000 1.000000 1.000000
v 0.105615 3.964239 1.470301 1.000000 1.000000 1.000000 1.000000
v 0.270578 3.682278 1.469837 1.000000 1.000000 1.000000 1.000000
v 0.124536 4.013832 1.470335 1.000000 1.000000 1.000000 1.000000
v 0.324002 3.738571 1.470540 1.000000 1.000000 1.000000 1.000000
v 0.178025 3.918383 1.470791 1.000000 1.000000 1.000000 1.000000
v 0.266061 3.762188 1.469890 1.000000 1.000000 1.000000 1.000000
v 0.211142 3.961351 1.471170 1.000000 1.000000 1.000000 1.000000
v 0.241201 3.838941 1.471138 1.000000 1.000000 1.000000 1.000000
v 0.307825 3.813631 1.470872 1.000000 1.000000 1.000000 1.000000
v 0.277525 3.882140 1.471023 1.000000 1.000000 1.000000 1.000000
v 0.241309 3.588140 -1.470690 1.000000 1.000000 1.000000 1.000000
v 0.276601 3.543475 -1.471012 1.000000 1.000000 1.000000 1.000000
v 0.307825 3.613594 -1.470873 1.000000 1.000000 1.000000 1.000000
v 0.212042 3.466364 -1.470684 1.000000 1.000000 1.000000 1.000000
v 0.324011 3.688657 -1.470577 1.000000 1.000000 1.000000 1.000000
v 0.178095 3.508901 -1.470755 1.000000 1.000000 1.000000 1.000000
v 0.269034 3.674452 -1.468811 1.000000 1.000000 1.000000 1.000000
v 0.123808 3.413148 -1.470400 1.000000 1.000000 1.000000 1.000000
v 0.269780 3.739294 -1.470191 1.000000 1.000000 1.000000 1.000000
v 0.102046 3.461226 -1.470055 1.000000 1.000000 1.000000 1.000000
v 0.319657 3.764241 -1.470873 1.000000 1.000000 1.000000 1.000000
v 0.050629 3.393955 -1.470873 1.000000 1.000000 1.000000 1.000000
v 0.252388 3.815657 -1.470052 1.000000 1.000000 1.000000 1.000000
v 0.025684 3.443832 -1.470191 1.000000 1.000000 1.000000 1.000000
v 0.300222 3.838141 -1.470335 1.000000 1.000000 1.000000 1.000000
v -0.024859 3.389583 -1.470563 1.000000 1.000000 1.000000 1.000000
v 0.204707 3.891711 -1.470759 1.000000 1.000000 1.000000 1.000000
v -0.039164 3.444578 -1.468811 1.000000 1.000000 1.000000 1.000000
v 0.247750 3.924739 -1.471176 1.000000 1.000000 1.000000 1.000000
v -0.125500 3.472307 -1.470651 1.000000 1.000000 1.000000 1.000000
v 0.125211 3.955020 -1.470805 1.000000 1.000000 1.000000 1.000000
v -0.100018 3.405787 -1.470873 1.000000 1.000000 1.000000 1.000000
v 0.168539 3.991124 -1.471012 1.000000 1.000000 1.000000 1.000000
v -0.168538 3.436099 -1.471012 1.000000 1.000000 1.000000 1.000000
v 0.100018 4.021438 -1.470873 1.000000 1.000000 1.000000 1.000000
v -0.247749 3.502484 -1.471176 1.000000 1.000000 1.000000 1.000000
v 0.024859 4.037642 -1.470563 1.000000 1.000000 1.000000 1.000000
v -0.204709 3.535516 -1.470759 1.000000 1.000000 1.000000 1.000000
v 0.039165 3.982646 -1.468811 1.000000 1.000000 1.000000 1.000000
v -0.300222 3.589083 -1.470335 1.000000 1.000000 1.000000 1.000000
v -0.025682 3.983393 -1.470192 1.000000 1.000000 1.000000 1.000000
v -0.252390 3.611571 -1.470053 1.000000 1.000000 1.000000 1.000000
v -0.050629 4.033269 -1.470873 1.000000 1.000000 1.000000 1.000000
v -0.319657 3.662984 -1.470873 1.000000 1.000000 1.000000 1.000000
v -0.102047 3.965999 -1.470055 1.000000 1.000000 1.000000 1.000000
v -0.269781 3.687935 -1.470191 1.000000 1.000000 1.000000 1.000000
v -0.123810 4.014076 -1.470400 1.000000 1.000000 1.000000 1.000000
v -0.324011 3.738569 -1.470577 1.000000 1.000000 1.000000 1.000000
v -0.178095 3.918322 -1.470755 1.000000 1.000000 1.000000 1.000000
v -0.269033 3.752777 -1.468811 1.000000 1.000000 1.000000 1.000000
v -0.212040 3.960861 -1.470685 1.000000 1.000000 1.000000 1.000000
v -0.241382 3.838888 -1.470776 1.000000 1.000000 1.000000 1.000000
v -0.307825 3.813631 -1.470873 1.000000 1.000000 1.000000 1.000000
v -0.276600 3.883751 -1.471012 1.000000 1.000000 1.000000 1.000000
v 0.168450 3.436002 1.471093 1.000000 1.000000 1.000000 1.000000
v 0.133825 3.406537 1.457762 1.000000 1.000000 1.000000 1.000000
v 0.100018 3.405788 1.470872 1.000000 1.000000 1.000000 1.000000
v 0.247687 3.502497 1.471028 1.000000 1.000000 1.000000 1.000000
v 0.025080 3.389582 1.470639 1.000000 1.000000 1.000000 1.000000
v 0.275088 3.523388 1.457561 1.000000 1.000000 1.000000 1.000000
v 0.300192 3.588973 1.470376 1.000000 1.000000 1.000000 1.000000
v -0.046514 3.384934 1.456763 1.000000 1.000000 1.000000 1.000000
v -0.050629 3.393956 1.470872 1.000000 1.000000 1.000000 1.000000
v -0.124536 3.413393 1.470335 1.000000 1.000000 1.000000 1.000000
v 0.177358 3.433838 1.376435 1.000000 1.000000 1.000000 1.000000
v 0.054771 3.384945 1.376505 1.000000 1.000000 1.000000 1.000000
v 0.304836 3.573110 1.376511 1.000000 1.000000 1.000000 1.000000
v -0.140508 3.408781 1.376510 1.000000 1.000000 1.000000 1.000000
v 0.328678 3.667096 1.456763 1.000000 1.000000 1.000000 1.000000
v 0.319657 3.662984 1.470872 1.000000 1.000000 1.000000 1.000000
v 0.328665 3.768401 1.376505 1.000000 1.000000 1.000000 1.000000
v 0.324002 3.738571 1.470540 1.000000 1.000000 1.000000 1.000000
v 0.307082 3.847421 1.457756 1.000000 1.000000 1.000000 1.000000
v 0.307825 3.813631 1.470872 1.000000 1.000000 1.000000 1.000000
v 0.277525 3.882140 1.471023 1.000000 1.000000 1.000000 1.000000
v 0.279774 3.890972 1.376435 1.000000 1.000000 1.000000 1.000000
v 0.211142 3.961351 1.471170 1.000000 1.000000 1.000000 1.000000
v 0.190229 3.988697 1.457561 1.000000 1.000000 1.000000 1.000000
v 0.140505 4.018446 1.376511 1.000000 1.000000 1.000000 1.000000
v 0.124536 4.013832 1.470335 1.000000 1.000000 1.000000 1.000000
v 0.046513 4.042291 1.456763 1.000000 1.000000 1.000000 1.000000
v 0.050629 4.033269 1.470872 1.000000 1.000000 1.000000 1.000000
v -0.054774 4.042280 1.376505 1.000000 1.000000 1.000000 1.000000
v -0.025080 4.037643 1.470639 1.000000 1.000000 1.000000 1.000000
v -0.133825 4.020689 1.457762 1.000000 1.000000 1.000000 1.000000
v -0.100018 4.021438 1.470872 1.000000 1.000000 1.000000 1.000000
v -0.168449 3.991224 1.471092 1.000000 1.000000 1.000000 1.000000
v -0.177357 3.993388 1.376434 1.000000 1.000000 1.000000 1.000000
v -0.247687 3.924728 1.471028 1.000000 1.000000 1.000000 1.000000
v -0.275087 3.903837 1.457561 1.000000 1.000000 1.000000 1.000000
v -0.304835 3.854117 1.376511 1.000000 1.000000 1.000000 1.000000
v -0.300193 3.838251 1.470376 1.000000 1.000000 1.000000 1.000000
v -0.328679 3.760129 1.456763 1.000000 1.000000 1.000000 1.000000
v -0.319657 3.764242 1.470872 1.000000 1.000000 1.000000 1.000000
v -0.328665 3.658824 1.376505 1.000000 1.000000 1.000000 1.000000
v -0.324002 3.688656 1.470540 1.000000 1.000000 1.000000 1.000000
v -0.307081 3.579803 1.457756 1.000000 1.000000 1.000000 1.000000
v -0.307825 3.613595 1.470872 1.000000 1.000000 1.000000 1.000000
v -0.277526 3.545086 1.471023 1.000000 1.000000 1.000000 1.000000
v -0.279773 3.536252 1.376435 1.000000 1.000000 1.000000 1.000000
v -0.211145 3.465877 1.471170 1.000000 1.000000 1.000000 1.000000
v -0.190230 3.438529 1.457561 1.000000 1.000000 1.000000 1.000000
v 0.101492 3.389189 -1.457670 1.000000 1.000000 1.000000 1.000000
v 0.123808 3.413148 -1.470400 1.000000 1.000000 1.000000 1.000000
v 0.050629 3.393955 -1.470873 1.000000 1.000000 1.000000 1.000000
v -0.024859 3.389583 -1.470563 1.000000 1.000000 1.000000 1.000000
v 0.212042 3.466364 -1.470684 1.000000 1.000000 1.000000 1.000000
v -0.133243 3.406201 -1.457784 1.000000 1.000000 1.000000 1.000000
v -0.100018 3.405787 -1.470873 1.000000 1.000000 1.000000 1.000000
v -0.168538 3.436099 -1.471012 1.000000 1.000000 1.000000 1.000000
v -0.247749 3.502484 -1.471176 1.000000 1.000000 1.000000 1.000000
v 0.271600 3.519351 -1.457570 1.000000 1.000000 1.000000 1.000000
v 0.276601 3.543475 -1.471012 1.000000 1.000000 1.000000 1.000000
v -0.054630 3.384905 -1.376510 1.000000 1.000000 1.000000 1.000000
v 0.139045 3.406958 -1.376636 1.000000 1.000000 1.000000 1.000000
v -0.177358 3.433838 -1.376435 1.000000 1.000000 1.000000 1.000000
v 0.269881 3.520803 -1.376423 1.000000 1.000000 1.000000 1.000000
v 0.328505 3.655710 -1.376518 1.000000 1.000000 1.000000 1.000000
v -0.275087 3.523387 -1.457562 1.000000 1.000000 1.000000 1.000000
v -0.305239 3.573821 -1.376514 1.000000 1.000000 1.000000 1.000000
v -0.300222 3.589083 -1.470335 1.000000 1.000000 1.000000 1.000000
v -0.337597 3.723537 -1.456382 1.000000 1.000000 1.000000 1.000000
v -0.319657 3.662984 -1.470873 1.000000 1.000000 1.000000 1.000000
v -0.324011 3.738569 -1.470577 1.000000 1.000000 1.000000 1.000000
v -0.307825 3.813631 -1.470873 1.000000 1.000000 1.000000 1.000000
v -0.328505 3.771514 -1.376518 1.000000 1.000000 1.000000 1.000000
v -0.276600 3.883751 -1.471012 1.000000 1.000000 1.000000 1.000000
v -0.271600 3.907873 -1.457570 1.000000 1.000000 1.000000 1.000000
v -0.269881 3.906420 -1.376423 1.000000 1.000000 1.000000 1.000000
v -0.212040 3.960861 -1.470685 1.000000 1.000000 1.000000 1.000000
v -0.139043 4.020268 -1.376636 1.000000 1.000000 1.000000 1.000000
v -0.101493 4.038035 -1.457670 1.000000 1.000000 1.000000 1.000000
v -0.123810 4.014076 -1.470400 1.000000 1.000000 1.000000 1.000000
v -0.050629 4.033269 -1.470873 1.000000 1.000000 1.000000 1.000000
v 0.054632 4.042320 -1.376511 1.000000 1.000000 1.000000 1.000000
v 0.024859 4.037642 -1.470563 1.000000 1.000000 1.000000 1.000000
v 0.133242 4.021025 -1.457784 1.000000 1.000000 1.000000 1.000000
v 0.100018 4.021438 -1.470873 1.000000 1.000000 1.000000 1.000000
v 0.168539 3.991124 -1.471012 1.000000 1.000000 1.000000 1.000000
v 0.177359 3.993386 -1.376435 1.000000 1.000000 1.000000 1.000000
v 0.247750 3.924739 -1.471176 1.000000 1.000000 1.000000 1.000000
v 0.275087 3.903836 -1.457562 1.000000 1.000000 1.000000 1.000000
v 0.305238 3.853405 -1.376514 1.000000 1.000000 1.000000 1.000000
v 0.300222 3.838141 -1.470335 1.000000 1.000000 1.000000 1.000000
v 0.337597 3.703687 -1.456382 1.000000 1.000000 1.000000 1.000000
v 0.319657 3.764241 -1.470873 1.000000 1.000000 1.000000 1.000000
v 0.324011 3.688657 -1.470577 1.000000 1.000000 1.000000 1.000000
v 0.307825 3.613594 -1.470873 1.000000 1.000000 1.000000 1.000000
v -1.392275 1.475760 -1.386296 1.000000 1.000000 1.000000 1.000000
v -1.392275 0.000000 1.386296 1.000000 1.000000 1.000000 1.000000
v -1.392275 -0.000000 -1.386296 1.000000 1.000000 1.000000 1.000000
v -1.392275 1.475760 1.386296 1.000000 1.000000 1.000000 1.000000
v -1.383757 2.636582 -1.386296 1.000000 1.000000 1.000000 1.000000
v -1.383757 2.636583 1.386295 1.000000 1.000000 1.000000 1.000000
v -1.358203 3.167529 -1.386295 1.000000 1.000000 1.000000 1.000000
v -1.358203 3.167530 1.386294 1.000000 1.000000 1.000000 1.000000
v -1.307930 3.378052 -1.386295 1.000000 1.000000 1.000000 1.000000
v -1.307930 3.378053 1.386294 1.000000 1.000000 1.000000 1.000000
v -1.225253 3.577602 -1.386295 1.000000 1.000000 1.000000 1.000000
v -1.225253 3.577602 1.386294 1.000000 1.000000 1.000000 1.000000
v -1.112592 3.761651 -1.386295 1.000000 1.000000 1.000000 1.000000
v -1.112592 3.761651 1.386294 1.000000 1.000000 1.000000 1.000000
v -0.972367 3.925672 -1.386295 1.000000 1.000000 1.000000 1.000000
v -0.972367 3.925672 1.386294 1.000000 1.000000 1.000000 1.000000
v -0.808346 4.065898 -1.386295 1.000000 1.000000 1.000000 1.000000
v -0.808346 4.065898 1.386294 1.000000 1.000000 1.000000 1.000000
v -0.624298 4.178559 -1.386295 1.000000 1.000000 1.000000 1.000000
v -0.624298 4.178559 1.386294 1.000000 1.000000 1.000000 1.000000
v -0.424973 4.261208 -1.386296 1.000000 1.000000 1.000000 1.000000
v -0.424973 4.261208 1.386295 1.000000 1.000000 1.000000 1.000000
v -0.215118 4.311395 -1.386296 1.000000 1.000000 1.000000 1.000000
v -0.215118 4.311395 1.386295 1.000000 1.000000 1.000000 1.000000
v 0.000000 4.328373 -1.386296 1.000000 1.000000 1.000000 1.000000
v 0.000000 4.328373 1.386295 1.000000 1.000000 1.000000 1.000000
v 0.215118 4.311395 1.386295 1.000000 1.000000 1.000000 1.000000
v 0.215118 4.311395 -1.386296 1.000000 1.000000 1.000000 1.000000
v 0.424973 4.261208 1.386295 1.000000 1.000000 1.000000 1.000000
v 0.424973 4.261208 -1.386296 1.000000 1.000000 1.000000 1.000000
v 0.624298 4.178559 1.386294 1.000000 1.000000 1.000000 1.000000
v 0.624298 4.178559 -1.386295 1.000000 1.000000 1.000000 1.000000
v 0.808346 4.065897 1.386294 1.000000 1.000000 1.000000 1.000000
v 0.808346 4.065897 -1.386295 1.000000 1.000000 1.000000 1.000000
v 0.972367 3.925672 -1.386295 1.000000 1.000000 1.000000 1.000000
v 0.972367 3.925672 1.386294 1.000000 1.000000 1.000000 1.000000
v 1.112592 3.761651 1.386295 1.000000 1.000000 1.000000 1.000000
v 1.112592 3.761650 -1.386296 1.000000 1.000000 1.000000 1.000000
v 1.225253 3.577602 1.386294 1.000000 1.000000 1.000000 1.000000
v 1.225253 3.577602 -1.386295 1.000000 1.000000 1.000000 1.000000
v 1.307930 3.378053 1.386294 1.000000 1.000000 1.000000 1.000000
v 1.307930 3.378052 -1.386295 1.000000 1.000000 1.000000 1.000000
v 1.358204 3.167529 -1.386295 1.000000 1.000000 1.000000 1.000000
v 1.358204 3.167530 1.386294 1.000000 1.000000 1.000000 1.000000
v 1.383757 2.636583 1.386295 1.000000 1.000000 1.000000 1.000000
v 1.383757 2.636582 -1.386296 1.000000 1.000000 1.000000 1.000000
v 1.392275 1.475760 1.386296 1.000000 1.000000 1.000000 1.000000
v 1.392275 1.475760 -1.386296 1.000000 1.000000 1.000000 1.000000
v 1.392275 -0.000000 -1.386296 1.000000 1.000000 1.000000 1.000000
v 1.392275 0.000000 1.386296 1.000000 1.000000 1.000000 1.000000
v -0.844977 0.000000 1.353783 1.000000 1.000000 1.000000 1.000000
v -0.841871 3.182886 1.176465 1.000000 1.000000 1.000000 1.000000
v -0.842398 0.000000 1.176541 1.000000 1.000000 1.000000 1.000000
v -0.844377 3.206137 1.353817 1.000000 1.000000 1.000000 1.000000
v -0.830432 3.278881 1.176826 1.000000 1.000000 1.000000 1.000000
v -0.849903 0.000000 1.365754 1.000000 1.000000 1.000000 1.000000
v -0.804721 3.352898 1.353423 1.000000 1.000000 1.000000 1.000000
v -0.796233 3.358151 1.176529 1.000000 1.000000 1.000000 1.000000
v -0.849282 3.210565 1.365658 1.000000 1.000000 1.000000 1.000000
v -0.868058 0.000000 1.383909 1.000000 1.000000 1.000000 1.000000
v -0.740037 3.425929 1.176556 1.000000 1.000000 1.000000 1.000000
v -0.867480 3.237053 1.384022 1.000000 1.000000 1.000000 1.000000
v -0.880021 0.000000 1.392320 1.000000 1.000000 1.000000 1.000000
v -0.810110 3.353328 1.365536 1.000000 1.000000 1.000000 1.000000
v -0.714815 3.449531 1.354066 1.000000 1.000000 1.000000 1.000000
v -0.659072 3.475480 1.176779 1.000000 1.000000 1.000000 1.000000
v -0.811705 3.385718 1.383798 1.000000 1.000000 1.000000 1.000000
v -0.616645 3.492422 1.353854 1.000000 1.000000 1.000000 1.000000
v -0.591436 3.493959 1.176541 1.000000 1.000000 1.000000 1.000000
v -0.684412 3.478050 1.365083 1.000000 1.000000 1.000000 1.000000
v -0.496567 3.499668 1.352976 1.000000 1.000000 1.000000 1.000000
v -0.522632 3.497571 1.176526 1.000000 1.000000 1.000000 1.000000
v -0.418197 3.470546 1.176996 1.000000 1.000000 1.000000 1.000000
v -0.500425 3.505338 1.365679 1.000000 1.000000 1.000000 1.000000
v -0.374834 3.448546 1.353948 1.000000 1.000000 1.000000 1.000000
v -0.338261 3.411698 1.176541 1.000000 1.000000 1.000000 1.000000
v -0.591983 3.523168 1.384054 1.000000 1.000000 1.000000 1.000000
v -0.286250 3.352526 1.353448 1.000000 1.000000 1.000000 1.000000
v -0.294917 3.358221 1.176523 1.000000 1.000000 1.000000 1.000000
v -0.260739 3.279303 1.176688 1.000000 1.000000 1.000000 1.000000
v -0.372638 3.452748 1.365463 1.000000 1.000000 1.000000 1.000000
v -0.246565 3.205174 1.353738 1.000000 1.000000 1.000000 1.000000
v -0.249335 3.186208 1.176534 1.000000 1.000000 1.000000 1.000000
v -0.248746 0.000000 1.176542 1.000000 1.000000 1.000000 1.000000
v -0.246168 0.000000 1.353783 1.000000 1.000000 1.000000 1.000000
v -0.241242 0.000000 1.365753 1.000000 1.000000 1.000000 1.000000
v -0.241867 3.210714 1.365657 1.000000 1.000000 1.000000 1.000000
v -0.223086 0.000000 1.383909 1.000000 1.000000 1.000000 1.000000
v -0.281021 3.353310 1.365535 1.000000 1.000000 1.000000 1.000000
v -0.224219 3.238809 1.383753 1.000000 1.000000 1.000000 1.000000
v -0.279414 3.385661 1.383777 1.000000 1.000000 1.000000 1.000000
v -0.211683 3.256614 1.392321 1.000000 1.000000 1.000000 1.000000
v -0.211115 0.000000 1.392320 1.000000 1.000000 1.000000 1.000000
v 0.211115 0.000000 1.392320 1.000000 1.000000 1.000000 1.000000
v -0.373795 3.474732 1.383986 1.000000 1.000000 1.000000 1.000000
v -0.280933 3.408758 1.392322 1.000000 1.000000 1.000000 1.000000
v 0.212203 3.258255 1.392324 1.000000 1.000000 1.000000 1.000000
v -0.465919 3.514703 1.383649 1.000000 1.000000 1.000000 1.000000
v -0.377534 3.490431 1.392320 1.000000 1.000000 1.000000 1.000000
v -0.469104 3.528602 1.392321 1.000000 1.000000 1.000000 1.000000
v 0.377393 3.490327 1.392319 1.000000 1.000000 1.000000 1.000000
v 0.469123 3.528608 1.392321 1.000000 1.000000 1.000000 1.000000
v 0.280928 3.408728 1.392323 1.000000 1.000000 1.000000 1.000000
v 0.373771 3.474719 1.383987 1.000000 1.000000 1.000000 1.000000
v 0.279421 3.385669 1.383776 1.000000 1.000000 1.000000 1.000000
v 0.223645 3.236716 1.383881 1.000000 1.000000 1.000000 1.000000
v 0.223086 0.000000 1.383909 1.000000 1.000000 1.000000 1.000000
v 0.241241 0.000000 1.365754 1.000000 1.000000 1.000000 1.000000
v 0.465906 3.514702 1.383650 1.000000 1.000000 1.000000 1.000000
v 0.241785 3.210415 1.365826 1.000000 1.000000 1.000000 1.000000
v 0.246168 0.000000 1.353783 1.000000 1.000000 1.000000 1.000000
v 0.281024 3.353315 1.365535 1.000000 1.000000 1.000000 1.000000
v 0.372635 3.452747 1.365464 1.000000 1.000000 1.000000 1.000000
v 0.246576 3.205248 1.353628 1.000000 1.000000 1.000000 1.000000
v 0.248746 0.000000 1.176542 1.000000 1.000000 1.000000 1.000000
v 0.249336 3.186127 1.176540 1.000000 1.000000 1.000000 1.000000
v 0.260697 3.278920 1.176798 1.000000 1.000000 1.000000 1.000000
v 0.286248 3.352526 1.353436 1.000000 1.000000 1.000000 1.000000
v 0.294912 3.358152 1.176528 1.000000 1.000000 1.000000 1.000000
v 0.338261 3.411697 1.176541 1.000000 1.000000 1.000000 1.000000
v 0.374830 3.448543 1.353948 1.000000 1.000000 1.000000 1.000000
v 0.420116 3.471971 1.177045 1.000000 1.000000 1.000000 1.000000
v 0.500423 3.505338 1.365680 1.000000 1.000000 1.000000 1.000000
v 0.496565 3.499668 1.352976 1.000000 1.000000 1.000000 1.000000
v 0.522629 3.497571 1.176526 1.000000 1.000000 1.000000 1.000000
v 0.591436 3.493959 1.176541 1.000000 1.000000 1.000000 1.000000
v 0.616645 3.492422 1.353854 1.000000 1.000000 1.000000 1.000000
v 0.658360 3.475524 1.176732 1.000000 1.000000 1.000000 1.000000
v 0.592003 3.523163 1.384052 1.000000 1.000000 1.000000 1.000000
v 0.684419 3.478048 1.365084 1.000000 1.000000 1.000000 1.000000
v 0.714809 3.449535 1.354066 1.000000 1.000000 1.000000 1.000000
v 0.737587 3.428155 1.176526 1.000000 1.000000 1.000000 1.000000
v 0.804727 3.352889 1.353426 1.000000 1.000000 1.000000 1.000000
v 0.796225 3.358228 1.176523 1.000000 1.000000 1.000000 1.000000
v 0.830388 3.279374 1.176693 1.000000 1.000000 1.000000 1.000000
v 0.810109 3.353330 1.365536 1.000000 1.000000 1.000000 1.000000
v 0.844579 3.205176 1.353738 1.000000 1.000000 1.000000 1.000000
v 0.841811 3.185262 1.176540 1.000000 1.000000 1.000000 1.000000
v 0.842398 0.000001 1.176541 1.000000 1.000000 1.000000 1.000000
v 0.844976 0.000000 1.353783 1.000000 1.000000 1.000000 1.000000
v 0.849902 0.000000 1.365753 1.000000 1.000000 1.000000 1.000000
v 0.849278 3.210699 1.365657 1.000000 1.000000 1.000000 1.000000
v 0.868059 0.000000 1.383909 1.000000 1.000000 1.000000 1.000000
v 0.867480 3.237057 1.384022 1.000000 1.000000 1.000000 1.000000
v 0.880021 0.000000 1.392320 1.000000 1.000000 1.000000 1.000000
v 0.811706 3.385717 1.383798 1.000000 1.000000 1.000000 1.000000
v 0.878994 3.256649 1.392324 1.000000 1.000000 1.000000 1.000000
v 0.717300 3.474748 1.383976 1.000000 1.000000 1.000000 1.000000
v 0.808230 3.411700 1.392321 1.000000 1.000000 1.000000 1.000000
v 0.691157 3.503629 1.392318 1.000000 1.000000 1.000000 1.000000
v 1.123276 1.475888 1.392320 1.000000 1.000000 1.000000 1.000000
v 1.123453 0.000000 1.392320 1.000000 1.000000 1.000000 1.000000
v 1.127887 0.000000 1.394848 1.000000 1.000000 1.000000 1.000000
v 1.127718 1.476009 1.395071 1.000000 1.000000 1.000000 1.000000
v 1.114436 2.637588 1.392320 1.000000 1.000000 1.000000 1.000000
v 1.118883 2.637906 1.392320 1.000000 1.000000 1.000000 1.000000
v 1.092718 3.171578 1.392320 1.000000 1.000000 1.000000 1.000000
v 1.049918 3.368485 1.392320 1.000000 1.000000 1.000000 1.000000
v 0.991179 3.520085 1.392320 1.000000 1.000000 1.000000 1.000000
v 0.908418 3.649372 1.392320 1.000000 1.000000 1.000000 1.000000
v 0.793550 3.779339 1.392320 1.000000 1.000000 1.000000 1.000000
v 0.652514 3.900139 1.392320 1.000000 1.000000 1.000000 1.000000
v 0.491247 4.001922 1.392320 1.000000 1.000000 1.000000 1.000000
v 0.322728 4.077130 1.392320 1.000000 1.000000 1.000000 1.000000
v 0.575735 3.535069 1.392320 1.000000 1.000000 1.000000 1.000000
v 0.159933 4.118205 1.392320 1.000000 1.000000 1.000000 1.000000
v -0.000009 4.130218 1.392320 1.000000 1.000000 1.000000 1.000000
v -0.575733 3.535069 1.392320 1.000000 1.000000 1.000000 1.000000
v -0.159933 4.118205 1.392320 1.000000 1.000000 1.000000 1.000000
v -0.322728 4.077129 1.392320 1.000000 1.000000 1.000000 1.000000
v -0.691156 3.503630 1.392318 1.000000 1.000000 1.000000 1.000000
v -0.491247 4.001922 1.392320 1.000000 1.000000 1.000000 1.000000
v -0.652514 3.900139 1.392320 1.000000 1.000000 1.000000 1.000000
v -0.793550 3.779339 1.392320 1.000000 1.000000 1.000000 1.000000
v -0.717298 3.474750 1.383976 1.000000 1.000000 1.000000 1.000000
v -0.808230 3.411700 1.392321 1.000000 1.000000 1.000000 1.000000
v -0.908418 3.649372 1.392320 1.000000 1.000000 1.000000 1.000000
v -0.991179 3.520085 1.392320 1.000000 1.000000 1.000000 1.000000
v -1.049920 3.368485 1.392320 1.000000 1.000000 1.000000 1.000000
v -0.878994 3.256649 1.392324 1.000000 1.000000 1.000000 1.000000
v -1.092725 3.171578 1.392320 1.000000 1.000000 1.000000 1.000000
v -1.114457 2.637589 1.392320 1.000000 1.000000 1.000000 1.000000
v -1.118894 2.637907 1.392320 1.000000 1.000000 1.000000 1.000000
v -1.127725 1.476010 1.395071 1.000000 1.000000 1.000000 1.000000
v -1.123290 1.475889 1.392320 1.000000 1.000000 1.000000 1.000000
v -1.123453 0.000000 1.392320 1.000000 1.000000 1.000000 1.000000
v -1.127887 0.000000 1.394848 1.000000 1.000000 1.000000 1.000000
v 0.844977 -0.000000 -1.353783 1.000000 1.000000 1.000000 1.000000
v 0.841869 3.183515 -1.176465 1.000000 1.000000 1.000000 1.000000
v 0.842398 0.000001 -1.176541 1.000000 1.000000 1.000000 1.000000
v 0.844377 3.206137 -1.353818 1.000000 1.000000 1.000000 1.000000
v 0.830430 3.278889 -1.176826 1.000000 1.000000 1.000000 1.000000
v 0.849903 -0.000000 -1.365753 1.000000 1.000000 1.000000 1.000000
v 0.804721 3.352897 -1.353423 1.000000 1.000000 1.000000 1.000000
v 0.796230 3.358155 -1.176530 1.000000 1.000000 1.000000 1.000000
v 0.849282 3.210561 -1.365659 1.000000 1.000000 1.000000 1.000000
v 0.868059 -0.000000 -1.383909 1.000000 1.000000 1.000000 1.000000
v 0.740034 3.425931 -1.176557 1.000000 1.000000 1.000000 1.000000
v 0.867480 3.237052 -1.384023 1.000000 1.000000 1.000000 1.000000
v 0.880021 0.000000 -1.392320 1.000000 1.000000 1.000000 1.000000
v 0.810108 3.353331 -1.365537 1.000000 1.000000 1.000000 1.000000
v 0.714819 3.449528 -1.354067 1.000000 1.000000 1.000000 1.000000
v 0.659071 3.475480 -1.176779 1.000000 1.000000 1.000000 1.000000
v 0.811705 3.385717 -1.383799 1.000000 1.000000 1.000000 1.000000
v 0.616645 3.492421 -1.353855 1.000000 1.000000 1.000000 1.000000
v 0.591436 3.493958 -1.176541 1.000000 1.000000 1.000000 1.000000
v 0.684409 3.478051 -1.365084 1.000000 1.000000 1.000000 1.000000
v 0.496568 3.499667 -1.352976 1.000000 1.000000 1.000000 1.000000
v 0.522630 3.497570 -1.176527 1.000000 1.000000 1.000000 1.000000
v 0.418196 3.470545 -1.176997 1.000000 1.000000 1.000000 1.000000
v 0.500423 3.505338 -1.365681 1.000000 1.000000 1.000000 1.000000
v 0.374836 3.448547 -1.353949 1.000000 1.000000 1.000000 1.000000
v 0.338261 3.411697 -1.176541 1.000000 1.000000 1.000000 1.000000
v 0.286249 3.352525 -1.353449 1.000000 1.000000 1.000000 1.000000
v 0.294916 3.358219 -1.176524 1.000000 1.000000 1.000000 1.000000
v 0.260740 3.279309 -1.176689 1.000000 1.000000 1.000000 1.000000
v 0.372637 3.452747 -1.365464 1.000000 1.000000 1.000000 1.000000
v 0.246565 3.205173 -1.353739 1.000000 1.000000 1.000000 1.000000
v 0.249337 3.186602 -1.176535 1.000000 1.000000 1.000000 1.000000
v 0.248746 0.000001 -1.176542 1.000000 1.000000 1.000000 1.000000
v 0.246168 -0.000000 -1.353783 1.000000 1.000000 1.000000 1.000000
v 0.241242 -0.000000 -1.365754 1.000000 1.000000 1.000000 1.000000
v 0.241867 3.210715 -1.365658 1.000000 1.000000 1.000000 1.000000
v 0.223086 -0.000000 -1.383909 1.000000 1.000000 1.000000 1.000000
v 0.281022 3.353312 -1.365535 1.000000 1.000000 1.000000 1.000000
v 0.224219 3.238803 -1.383754 1.000000 1.000000 1.000000 1.000000
v 0.211672 3.256689 -1.392324 1.000000 1.000000 1.000000 1.000000
v 0.211115 -0.000000 -1.392320 1.000000 1.000000 1.000000 1.000000
v 0.279422 3.385670 -1.383777 1.000000 1.000000 1.000000 1.000000
v 0.373771 3.474718 -1.383988 1.000000 1.000000 1.000000 1.000000
v 0.280925 3.408725 -1.392323 1.000000 1.000000 1.000000 1.000000
v -0.212206 3.258184 -1.392322 1.000000 1.000000 1.000000 1.000000
v -0.211115 -0.000000 -1.392320 1.000000 1.000000 1.000000 1.000000
v -0.280925 3.408750 -1.392323 1.000000 1.000000 1.000000 1.000000
v 0.377393 3.490327 -1.392320 1.000000 1.000000 1.000000 1.000000
v 0.465905 3.514701 -1.383651 1.000000 1.000000 1.000000 1.000000
v 0.592002 3.523162 -1.384053 1.000000 1.000000 1.000000 1.000000
v 0.469118 3.528606 -1.392322 1.000000 1.000000 1.000000 1.000000
v -0.377534 3.490430 -1.392321 1.000000 1.000000 1.000000 1.000000
v 0.717300 3.474748 -1.383976 1.000000 1.000000 1.000000 1.000000
v 0.575735 3.535068 -1.392321 1.000000 1.000000 1.000000 1.000000
v 0.691157 3.503629 -1.392319 1.000000 1.000000 1.000000 1.000000
v 0.808230 3.411700 -1.392322 1.000000 1.000000 1.000000 1.000000
v 0.000001 4.130218 -1.392321 1.000000 1.000000 1.000000 1.000000
v 0.159933 4.118205 -1.392321 1.000000 1.000000 1.000000 1.000000
v 0.322728 4.077130 -1.392321 1.000000 1.000000 1.000000 1.000000
v 0.491247 4.001922 -1.392321 1.000000 1.000000 1.000000 1.000000
v 0.652514 3.900139 -1.392321 1.000000 1.000000 1.000000 1.000000
v 0.793550 3.779339 -1.392321 1.000000 1.000000 1.000000 1.000000
v 0.908418 3.649371 -1.392321 1.000000 1.000000 1.000000 1.000000
v 0.991179 3.520084 -1.392321 1.000000 1.000000 1.000000 1.000000
v 1.049918 3.368484 -1.392321 1.000000 1.000000 1.000000 1.000000
v 0.878994 3.256650 -1.392325 1.000000 1.000000 1.000000 1.000000
v 1.092718 3.171578 -1.392321 1.000000 1.000000 1.000000 1.000000
v 1.114436 2.637587 -1.392321 1.000000 1.000000 1.000000 1.000000
v 1.118883 2.637906 -1.392321 1.000000 1.000000 1.000000 1.000000
v 1.127718 1.476009 -1.395071 1.000000 1.000000 1.000000 1.000000
v 1.123276 1.475888 -1.392320 1.000000 1.000000 1.000000 1.000000
v 1.123453 -0.000000 -1.392320 1.000000 1.000000 1.000000 1.000000
v 1.127887 -0.000000 -1.394848 1.000000 1.000000 1.000000 1.000000
v -0.521438 3.538095 -1.392318 1.000000 1.000000 1.000000 1.000000
v -0.159933 4.118205 -1.392321 1.000000 1.000000 1.000000 1.000000
v -0.322728 4.077129 -1.392321 1.000000 1.000000 1.000000 1.000000
v -0.465920 3.514703 -1.383650 1.000000 1.000000 1.000000 1.000000
v -0.691156 3.503630 -1.392319 1.000000 1.000000 1.000000 1.000000
v -0.491247 4.001922 -1.392321 1.000000 1.000000 1.000000 1.000000
v -0.652514 3.900139 -1.392321 1.000000 1.000000 1.000000 1.000000
v -0.793550 3.779339 -1.392321 1.000000 1.000000 1.000000 1.000000
v -0.592004 3.523160 -1.384052 1.000000 1.000000 1.000000 1.000000
v -0.373795 3.474732 -1.383987 1.000000 1.000000 1.000000 1.000000
v -0.808230 3.411699 -1.392322 1.000000 1.000000 1.000000 1.000000
v -0.908418 3.649371 -1.392321 1.000000 1.000000 1.000000 1.000000
v -0.991179 3.520084 -1.392321 1.000000 1.000000 1.000000 1.000000
v -1.049920 3.368484 -1.392321 1.000000 1.000000 1.000000 1.000000
v -0.717298 3.474749 -1.383976 1.000000 1.000000 1.000000 1.000000
v -0.878995 3.256644 -1.392325 1.000000 1.000000 1.000000 1.000000
v -1.092725 3.171578 -1.392321 1.000000 1.000000 1.000000 1.000000
v -0.811705 3.385717 -1.383799 1.000000 1.000000 1.000000 1.000000
v -0.684420 3.478047 -1.365085 1.000000 1.000000 1.000000 1.000000
v -0.500426 3.505338 -1.365680 1.000000 1.000000 1.000000 1.000000
v -0.810110 3.353328 -1.365537 1.000000 1.000000 1.000000 1.000000
v -0.372634 3.452745 -1.365465 1.000000 1.000000 1.000000 1.000000
v -0.867480 3.237057 -1.384023 1.000000 1.000000 1.000000 1.000000
v -0.279415 3.385663 -1.383777 1.000000 1.000000 1.000000 1.000000
v -0.223644 3.236709 -1.383882 1.000000 1.000000 1.000000 1.000000
v -0.223086 -0.000000 -1.383909 1.000000 1.000000 1.000000 1.000000
v -0.241241 -0.000000 -1.365754 1.000000 1.000000 1.000000 1.000000
v -0.281022 3.353312 -1.365536 1.000000 1.000000 1.000000 1.000000
v -0.241785 3.210413 -1.365827 1.000000 1.000000 1.000000 1.000000
v -0.246168 -0.000000 -1.353783 1.000000 1.000000 1.000000 1.000000
v -0.374828 3.448542 -1.353949 1.000000 1.000000 1.000000 1.000000
v -0.286248 3.352525 -1.353437 1.000000 1.000000 1.000000 1.000000
v -0.246576 3.205248 -1.353629 1.000000 1.000000 1.000000 1.000000
v -0.248746 0.000001 -1.176542 1.000000 1.000000 1.000000 1.000000
v -0.249338 3.186539 -1.176541 1.000000 1.000000 1.000000 1.000000
v -0.260699 3.278927 -1.176799 1.000000 1.000000 1.000000 1.000000
v -0.294915 3.358157 -1.176529 1.000000 1.000000 1.000000 1.000000
v -0.338261 3.411697 -1.176541 1.000000 1.000000 1.000000 1.000000
v -0.420119 3.471972 -1.177046 1.000000 1.000000 1.000000 1.000000
v -0.496566 3.499667 -1.352977 1.000000 1.000000 1.000000 1.000000
v -0.522631 3.497570 -1.176527 1.000000 1.000000 1.000000 1.000000
v -0.591436 3.493958 -1.176541 1.000000 1.000000 1.000000 1.000000
v -0.616645 3.492421 -1.353855 1.000000 1.000000 1.000000 1.000000
v -0.658357 3.475525 -1.176733 1.000000 1.000000 1.000000 1.000000
v -0.714807 3.449536 -1.354067 1.000000 1.000000 1.000000 1.000000
v -0.737585 3.428157 -1.176527 1.000000 1.000000 1.000000 1.000000
v -0.804726 3.352890 -1.353427 1.000000 1.000000 1.000000 1.000000
v -0.796224 3.358229 -1.176523 1.000000 1.000000 1.000000 1.000000
v -0.830387 3.279377 -1.176694 1.000000 1.000000 1.000000 1.000000
v -0.849278 3.210701 -1.365658 1.000000 1.000000 1.000000 1.000000
v -0.844579 3.205163 -1.353739 1.000000 1.000000 1.000000 1.000000
v -0.841810 3.185458 -1.176541 1.000000 1.000000 1.000000 1.000000
v -0.842399 0.000001 -1.176541 1.000000 1.000000 1.000000 1.000000
v -0.844976 -0.000000 -1.353783 1.000000 1.000000 1.000000 1.000000
v -0.849902 -0.000000 -1.365753 1.000000 1.000000 1.000000 1.000000
v -0.868058 -0.000000 -1.383909 1.000000 1.000000 1.000000 1.000000
v -0.880021 0.000000 -1.392320 1.000000 1.000000 1.000000 1.000000
v -1.123290 1.475889 -1.392321 1.000000 1.000000 1.000000 1.000000
v -1.123453 -0.000000 -1.392320 1.000000 1.000000 1.000000 1.000000
v -1.127887 -0.000000 -1.394848 1.000000 1.000000 1.000000 1.000000
v -1.127725 1.476009 -1.395071 1.000000 1.000000 1.000000 1.000000
v -1.114457 2.637588 -1.392321 1.000000 1.000000 1.000000 1.000000
v -1.118894 2.637907 -1.392321 1.000000 1.000000 1.000000 1.000000
v -1.392275 0.000000 1.386296 1.000000 1.000000 1.000000 1.000000
v -1.390762 1.475701 1.480741 1.000000 1.000000 1.000000 1.000000
v -1.390762 0.000000 1.480741 1.000000 1.000000 1.000000 1.000000
v -1.392275 1.475760 1.386296 1.000000 1.000000 1.000000 1.000000
v -1.371808 0.000000 1.499580 1.000000 1.000000 1.000000 1.000000
v -1.382251 2.636427 1.480740 1.000000 1.000000 1.000000 1.000000
v -1.383757 2.636583 1.386295 1.000000 1.000000 1.000000 1.000000
v -1.371808 1.475708 1.499580 1.000000 1.000000 1.000000 1.000000
v -1.233471 0.000000 1.499580 1.000000 1.000000 1.000000 1.000000
v -1.363301 2.635902 1.499580 1.000000 1.000000 1.000000 1.000000
v -1.233462 1.475789 1.499580 1.000000 1.000000 1.000000 1.000000
v -1.209158 0.000000 1.488488 1.000000 1.000000 1.000000 1.000000
v -1.356718 3.167234 1.480740 1.000000 1.000000 1.000000 1.000000
v -1.358203 3.167530 1.386294 1.000000 1.000000 1.000000 1.000000
v -1.337873 3.164548 1.499580 1.000000 1.000000 1.000000 1.000000
v -1.306494 3.377570 1.480740 1.000000 1.000000 1.000000 1.000000
v -1.307930 3.378053 1.386294 1.000000 1.000000 1.000000 1.000000
v -1.226112 2.638805 1.499580 1.000000 1.000000 1.000000 1.000000
v -1.223905 3.576916 1.480740 1.000000 1.000000 1.000000 1.000000
v -1.225253 3.577602 1.386294 1.000000 1.000000 1.000000 1.000000
v -1.288408 3.371704 1.499580 1.000000 1.000000 1.000000 1.000000
v -1.203882 3.176591 1.499580 1.000000 1.000000 1.000000 1.000000
v -1.111368 3.760762 1.480740 1.000000 1.000000 1.000000 1.000000
v -1.112592 3.761651 1.386294 1.000000 1.000000 1.000000 1.000000
v -1.206963 3.568288 1.499580 1.000000 1.000000 1.000000 1.000000
v -0.971297 3.924602 1.480740 1.000000 1.000000 1.000000 1.000000
v -0.972367 3.925672 1.386294 1.000000 1.000000 1.000000 1.000000
v -1.095986 3.749586 1.499580 1.000000 1.000000 1.000000 1.000000
v -0.808346 4.065898 1.386294 1.000000 1.000000 1.000000 1.000000
v -1.161373 3.387519 1.499580 1.000000 1.000000 1.000000 1.000000
v -0.807456 4.064673 1.480740 1.000000 1.000000 1.000000 1.000000
v -0.624298 4.178559 1.386294 1.000000 1.000000 1.000000 1.000000
v -1.179512 3.174503 1.488683 1.000000 1.000000 1.000000 1.000000
v -0.623611 4.177211 1.480740 1.000000 1.000000 1.000000 1.000000
v -0.424973 4.261208 1.386295 1.000000 1.000000 1.000000 1.000000
v -0.796281 4.049291 1.499580 1.000000 1.000000 1.000000 1.000000
v -0.424505 4.259768 1.480740 1.000000 1.000000 1.000000 1.000000
v -0.215118 4.311395 1.386295 1.000000 1.000000 1.000000 1.000000
v -0.957853 3.911159 1.499580 1.000000 1.000000 1.000000 1.000000
v -0.214882 4.309900 1.480740 1.000000 1.000000 1.000000 1.000000
v 0.000000 4.328373 1.386295 1.000000 1.000000 1.000000 1.000000
v -0.418634 4.241684 1.499580 1.000000 1.000000 1.000000 1.000000
v -0.614981 4.160271 1.499580 1.000000 1.000000 1.000000 1.000000
v -0.211914 4.291122 1.499580 1.000000 1.000000 1.000000 1.000000
v -0.713788 3.991684 1.499580 1.000000 1.000000 1.000000 1.000000
v -0.436429 4.143170 1.499560 1.000000 1.000000 1.000000 1.000000
v -0.868019 3.869041 1.499580 1.000000 1.000000 1.000000 1.000000
v -0.632911 4.018157 1.488562 1.000000 1.000000 1.000000 1.000000
v -0.995921 3.727831 1.499580 1.000000 1.000000 1.000000 1.000000
v -0.851662 3.850578 1.489014 1.000000 1.000000 1.000000 1.000000
v -1.092931 3.569270 1.499580 1.000000 1.000000 1.000000 1.000000
v -0.976815 3.712260 1.489059 1.000000 1.000000 1.000000 1.000000
v -1.137407 3.381946 1.488777 1.000000 1.000000 1.000000 1.000000
v -1.070844 3.558537 1.488795 1.000000 1.000000 1.000000 1.000000
v -0.793550 3.779339 1.392320 1.000000 1.000000 1.000000 1.000000
v -0.908418 3.649372 1.392320 1.000000 1.000000 1.000000 1.000000
v -0.652514 3.900139 1.392320 1.000000 1.000000 1.000000 1.000000
v -0.991179 3.520085 1.392320 1.000000 1.000000 1.000000 1.000000
v -1.049920 3.368485 1.392320 1.000000 1.000000 1.000000 1.000000
v -0.491247 4.001922 1.392320 1.000000 1.000000 1.000000 1.000000
v -1.092725 3.171578 1.392320 1.000000 1.000000 1.000000 1.000000
v -0.346117 4.148656 1.487891 1.000000 1.000000 1.000000 1.000000
v -0.322728 4.077129 1.392320 1.000000 1.000000 1.000000 1.000000
v -1.201818 2.638228 1.488451 1.000000 1.000000 1.000000 1.000000
v -1.118894 2.637907 1.392320 1.000000 1.000000 1.000000 1.000000
v -1.127725 1.476010 1.395071 1.000000 1.000000 1.000000 1.000000
v -1.209138 1.475820 1.488512 1.000000 1.000000 1.000000 1.000000
v -1.127887 0.000000 1.394848 1.000000 1.000000 1.000000 1.000000
v -0.171515 4.190561 1.487747 1.000000 1.000000 1.000000 1.000000
v -0.159933 4.118205 1.392320 1.000000 1.000000 1.000000 1.000000
v -0.175245 4.214307 1.499580 1.000000 1.000000 1.000000 1.000000
v 0.094537 4.202256 1.486026 1.000000 1.000000 1.000000 1.000000
v -0.000009 4.130218 1.392320 1.000000 1.000000 1.000000 1.000000
v 0.159933 4.118205 1.392320 1.000000 1.000000 1.000000 1.000000
v 0.322728 4.077130 1.392320 1.000000 1.000000 1.000000 1.000000
v 0.095488 4.228806 1.499526 1.000000 1.000000 1.000000 1.000000
v -0.000000 4.307847 1.499580 1.000000 1.000000 1.000000 1.000000
v 0.346117 4.148656 1.487891 1.000000 1.000000 1.000000 1.000000
v 0.491247 4.001922 1.392320 1.000000 1.000000 1.000000 1.000000
v -0.000000 4.326860 1.480740 1.000000 1.000000 1.000000 1.000000
v 0.214882 4.309900 1.480740 1.000000 1.000000 1.000000 1.000000
v 0.215118 4.311395 1.386295 1.000000 1.000000 1.000000 1.000000
v 0.211914 4.291122 1.499580 1.000000 1.000000 1.000000 1.000000
v 0.353588 4.171579 1.499580 1.000000 1.000000 1.000000 1.000000
v 0.418634 4.241684 1.499580 1.000000 1.000000 1.000000 1.000000
v 0.424505 4.259768 1.480740 1.000000 1.000000 1.000000 1.000000
v 0.424973 4.261208 1.386295 1.000000 1.000000 1.000000 1.000000
v 0.623611 4.177211 1.480740 1.000000 1.000000 1.000000 1.000000
v 0.624298 4.178559 1.386294 1.000000 1.000000 1.000000 1.000000
v 0.614130 4.057694 1.499571 1.000000 1.000000 1.000000 1.000000
v 0.614981 4.160271 1.499580 1.000000 1.000000 1.000000 1.000000
v 0.807456 4.064673 1.480740 1.000000 1.000000 1.000000 1.000000
v 0.808346 4.065897 1.386294 1.000000 1.000000 1.000000 1.000000
v 0.796281 4.049291 1.499580 1.000000 1.000000 1.000000 1.000000
v 0.971297 3.924602 1.480740 1.000000 1.000000 1.000000 1.000000
v 0.972367 3.925672 1.386294 1.000000 1.000000 1.000000 1.000000
v 1.112592 3.761651 1.386295 1.000000 1.000000 1.000000 1.000000
v 0.867980 3.869000 1.499580 1.000000 1.000000 1.000000 1.000000
v 1.111368 3.760762 1.480740 1.000000 1.000000 1.000000 1.000000
v 1.225253 3.577602 1.386294 1.000000 1.000000 1.000000 1.000000
v 0.957853 3.911159 1.499580 1.000000 1.000000 1.000000 1.000000
v 1.095986 3.749586 1.499580 1.000000 1.000000 1.000000 1.000000
v 1.223905 3.576916 1.480740 1.000000 1.000000 1.000000 1.000000
v 1.307930 3.378053 1.386294 1.000000 1.000000 1.000000 1.000000
v 0.995921 3.727831 1.499580 1.000000 1.000000 1.000000 1.000000
v 1.306494 3.377570 1.480740 1.000000 1.000000 1.000000 1.000000
v 1.358204 3.167530 1.386294 1.000000 1.000000 1.000000 1.000000
v 1.206963 3.568288 1.499580 1.000000 1.000000 1.000000 1.000000
v 1.356718 3.167234 1.480740 1.000000 1.000000 1.000000 1.000000
v 1.383757 2.636583 1.386295 1.000000 1.000000 1.000000 1.000000
v 1.288408 3.371704 1.499580 1.000000 1.000000 1.000000 1.000000
v 1.382251 2.636426 1.480740 1.000000 1.000000 1.000000 1.000000
v 1.392275 1.475760 1.386296 1.000000 1.000000 1.000000 1.000000
v 1.337872 3.164548 1.499580 1.000000 1.000000 1.000000 1.000000
v 1.390762 1.475701 1.480740 1.000000 1.000000 1.000000 1.000000
v 1.392275 0.000000 1.386296 1.000000 1.000000 1.000000 1.000000
v 1.390762 0.000000 1.480741 1.000000 1.000000 1.000000 1.000000
v 1.371808 0.000000 1.499580 1.000000 1.000000 1.000000 1.000000
v 1.363301 2.635901 1.499580 1.000000 1.000000 1.000000 1.000000
v 1.371807 1.475708 1.499580 1.000000 1.000000 1.000000 1.000000
v 1.233471 0.000000 1.499580 1.000000 1.000000 1.000000 1.000000
v 1.233463 1.475789 1.499580 1.000000 1.000000 1.000000 1.000000
v 1.209158 0.000000 1.488488 1.000000 1.000000 1.000000 1.000000
v 1.226112 2.638805 1.499580 1.000000 1.000000 1.000000 1.000000
v 1.209138 1.475820 1.488512 1.000000 1.000000 1.000000 1.000000
v 1.127887 0.000000 1.394848 1.000000 1.000000 1.000000 1.000000
v 1.127718 1.476009 1.395071 1.000000 1.000000 1.000000 1.000000
v 1.201818 2.638228 1.488452 1.000000 1.000000 1.000000 1.000000
v 1.118883 2.637906 1.392320 1.000000 1.000000 1.000000 1.000000
v 1.092718 3.171578 1.392320 1.000000 1.000000 1.000000 1.000000
v 1.179512 3.174503 1.488683 1.000000 1.000000 1.000000 1.000000
v 1.049918 3.368485 1.392320 1.000000 1.000000 1.000000 1.000000
v 1.203948 3.176600 1.499580 1.000000 1.000000 1.000000 1.000000
v 1.137407 3.381946 1.488777 1.000000 1.000000 1.000000 1.000000
v 0.991179 3.520085 1.392320 1.000000 1.000000 1.000000 1.000000
v 1.161373 3.387519 1.499580 1.000000 1.000000 1.000000 1.000000
v 1.070841 3.558536 1.488792 1.000000 1.000000 1.000000 1.000000
v 0.908418 3.649372 1.392320 1.000000 1.000000 1.000000 1.000000
v 1.092935 3.569272 1.499580 1.000000 1.000000 1.000000 1.000000
v 0.976815 3.712260 1.489059 1.000000 1.000000 1.000000 1.000000
v 0.793550 3.779339 1.392320 1.000000 1.000000 1.000000 1.000000
v 0.851674 3.850593 1.489034 1.000000 1.000000 1.000000 1.000000
v 0.652514 3.900139 1.392320 1.000000 1.000000 1.000000 1.000000
v 0.622366 4.026397 1.490127 1.000000 1.000000 1.000000 1.000000
v -1.390762 -0.000000 -1.480741 1.000000 1.000000 1.000000 1.000000
v -1.390762 1.475701 -1.480741 1.000000 1.000000 1.000000 1.000000
v -1.392275 -0.000000 -1.386296 1.000000 1.000000 1.000000 1.000000
v -1.371808 -0.000000 -1.499580 1.000000 1.000000 1.000000 1.000000
v -1.392275 1.475760 -1.386296 1.000000 1.000000 1.000000 1.000000
v -1.371808 1.475707 -1.499580 1.000000 1.000000 1.000000 1.000000
v -1.233471 -0.000000 -1.499580 1.000000 1.000000 1.000000 1.000000
v -1.382251 2.636426 -1.480741 1.000000 1.000000 1.000000 1.000000
v -1.383757 2.636582 -1.386296 1.000000 1.000000 1.000000 1.000000
v -1.363301 2.635901 -1.499581 1.000000 1.000000 1.000000 1.000000
v -1.233462 1.475789 -1.499580 1.000000 1.000000 1.000000 1.000000
v -1.209158 -0.000000 -1.488488 1.000000 1.000000 1.000000 1.000000
v -1.356718 3.167234 -1.480741 1.000000 1.000000 1.000000 1.000000
v -1.358203 3.167529 -1.386295 1.000000 1.000000 1.000000 1.000000
v -1.337873 3.164548 -1.499581 1.000000 1.000000 1.000000 1.000000
v -1.306494 3.377570 -1.480741 1.000000 1.000000 1.000000 1.000000
v -1.307930 3.378052 -1.386295 1.000000 1.000000 1.000000 1.000000
v -1.226112 2.638804 -1.499581 1.000000 1.000000 1.000000 1.000000
v -1.223905 3.576915 -1.480741 1.000000 1.000000 1.000000 1.000000
v -1.225253 3.577602 -1.386295 1.000000 1.000000 1.000000 1.000000
v -1.288408 3.371704 -1.499581 1.000000 1.000000 1.000000 1.000000
v -1.203882 3.176591 -1.499581 1.000000 1.000000 1.000000 1.000000
v -1.111368 3.760761 -1.480741 1.000000 1.000000 1.000000 1.000000
v -1.112592 3.761651 -1.386295 1.000000 1.000000 1.000000 1.000000
v -1.206963 3.568287 -1.499581 1.000000 1.000000 1.000000 1.000000
v -0.971297 3.924602 -1.480741 1.000000 1.000000 1.000000 1.000000
v -0.972367 3.925672 -1.386295 1.000000 1.000000 1.000000 1.000000
v -1.095986 3.749585 -1.499581 1.000000 1.000000 1.000000 1.000000
v -0.808346 4.065898 -1.386295 1.000000 1.000000 1.000000 1.000000
v -1.161373 3.387519 -1.499581 1.000000 1.000000 1.000000 1.000000
v -0.807456 4.064673 -1.480741 1.000000 1.000000 1.000000 1.000000
v -0.624298 4.178559 -1.386295 1.000000 1.000000 1.000000 1.000000
v -1.179512 3.174502 -1.488683 1.000000 1.000000 1.000000 1.000000
v -0.623611 4.177211 -1.480741 1.000000 1.000000 1.000000 1.000000
v -0.424973 4.261208 -1.386296 1.000000 1.000000 1.000000 1.000000
v -0.796281 4.049291 -1.499581 1.000000 1.000000 1.000000 1.000000
v -0.424505 4.259768 -1.480741 1.000000 1.000000 1.000000 1.000000
v -0.215118 4.311395 -1.386296 1.000000 1.000000 1.000000 1.000000
v -0.957853 3.911159 -1.499581 1.000000 1.000000 1.000000 1.000000
v -0.214882 4.309900 -1.480741 1.000000 1.000000 1.000000 1.000000
v 0.000000 4.328373 -1.386296 1.000000 1.000000 1.000000 1.000000
v -0.418634 4.241684 -1.499581 1.000000 1.000000 1.000000 1.000000
v -0.614981 4.160271 -1.499581 1.000000 1.000000 1.000000 1.000000
v -0.211914 4.291122 -1.499581 1.000000 1.000000 1.000000 1.000000
v -0.713788 3.991683 -1.499581 1.000000 1.000000 1.000000 1.000000
v -0.436429 4.143170 -1.499561 1.000000 1.000000 1.000000 1.000000
v -0.868019 3.869040 -1.499581 1.000000 1.000000 1.000000 1.000000
v -0.632911 4.018157 -1.488563 1.000000 1.000000 1.000000 1.000000
v -0.995921 3.727831 -1.499581 1.000000 1.000000 1.000000 1.000000
v -0.851662 3.850578 -1.489015 1.000000 1.000000 1.000000 1.000000
v -1.092931 3.569269 -1.499581 1.000000 1.000000 1.000000 1.000000
v -0.976815 3.712259 -1.489060 1.000000 1.000000 1.000000 1.000000
v -0.652514 3.900139 -1.392321 1.000000 1.000000 1.000000 1.000000
v -0.793550 3.779339 -1.392321 1.000000 1.000000 1.000000 1.000000
v -0.491247 4.001922 -1.392321 1.000000 1.000000 1.000000 1.000000
v -0.908418 3.649371 -1.392321 1.000000 1.000000 1.000000 1.000000
v -0.346117 4.148656 -1.487892 1.000000 1.000000 1.000000 1.000000
v -0.322728 4.077129 -1.392321 1.000000 1.000000 1.000000 1.000000
v -1.070844 3.558537 -1.488796 1.000000 1.000000 1.000000 1.000000
v -0.991179 3.520084 -1.392321 1.000000 1.000000 1.000000 1.000000
v -1.137407 3.381946 -1.488778 1.000000 1.000000 1.000000 1.000000
v -1.049920 3.368484 -1.392321 1.000000 1.000000 1.000000 1.000000
v -1.092725 3.171578 -1.392321 1.000000 1.000000 1.000000 1.000000
v -1.201818 2.638228 -1.488452 1.000000 1.000000 1.000000 1.000000
v -1.118894 2.637907 -1.392321 1.000000 1.000000 1.000000 1.000000
v -1.127725 1.476009 -1.395071 1.000000 1.000000 1.000000 1.000000
v -1.209138 1.475820 -1.488512 1.000000 1.000000 1.000000 1.000000
v -1.127887 -0.000000 -1.394848 1.000000 1.000000 1.000000 1.000000
v -0.171515 4.190561 -1.487748 1.000000 1.000000 1.000000 1.000000
v -0.159933 4.118205 -1.392321 1.000000 1.000000 1.000000 1.000000
v -0.175245 4.214307 -1.499581 1.000000 1.000000 1.000000 1.000000
v 0.094537 4.202256 -1.486027 1.000000 1.000000 1.000000 1.000000
v 0.000001 4.130218 -1.392321 1.000000 1.000000 1.000000 1.000000
v 0.159933 4.118205 -1.392321 1.000000 1.000000 1.000000 1.000000
v 0.322728 4.077130 -1.392321 1.000000 1.000000 1.000000 1.000000
v 0.095488 4.228806 -1.499527 1.000000 1.000000 1.000000 1.000000
v -0.000000 4.307847 -1.499581 1.000000 1.000000 1.000000 1.000000
v 0.346117 4.148656 -1.487892 1.000000 1.000000 1.000000 1.000000
v 0.491247 4.001922 -1.392321 1.000000 1.000000 1.000000 1.000000
v -0.000000 4.326860 -1.480741 1.000000 1.000000 1.000000 1.000000
v 0.214882 4.309900 -1.480741 1.000000 1.000000 1.000000 1.000000
v 0.215118 4.311395 -1.386296 1.000000 1.000000 1.000000 1.000000
v 0.211914 4.291122 -1.499581 1.000000 1.000000 1.000000 1.000000
v 0.353588 4.171579 -1.499581 1.000000 1.000000 1.000000 1.000000
v 0.418634 4.241684 -1.499581 1.000000 1.000000 1.000000 1.000000
v 0.424505 4.259768 -1.480741 1.000000 1.000000 1.000000 1.000000
v 0.424973 4.261208 -1.386296 1.000000 1.000000 1.000000 1.000000
v 0.623611 4.177211 -1.480741 1.000000 1.000000 1.000000 1.000000
v 0.624298 4.178559 -1.386295 1.000000 1.000000 1.000000 1.000000
v 0.614130 4.057694 -1.499572 1.000000 1.000000 1.000000 1.000000
v 0.614981 4.160271 -1.499581 1.000000 1.000000 1.000000 1.000000
v 0.807456 4.064673 -1.480741 1.000000 1.000000 1.000000 1.000000
v 0.808346 4.065897 -1.386295 1.000000 1.000000 1.000000 1.000000
v 0.796281 4.049291 -1.499581 1.000000 1.000000 1.000000 1.000000
v 0.971297 3.924602 -1.480741 1.000000 1.000000 1.000000 1.000000
v 0.972367 3.925672 -1.386295 1.000000 1.000000 1.000000 1.000000
v 1.112592 3.761650 -1.386296 1.000000 1.000000 1.000000 1.000000
v 0.867980 3.868999 -1.499581 1.000000 1.000000 1.000000 1.000000
v 1.111368 3.760761 -1.480741 1.000000 1.000000 1.000000 1.000000
v 1.225253 3.577602 -1.386295 1.000000 1.000000 1.000000 1.000000
v 0.957853 3.911159 -1.499581 1.000000 1.000000 1.000000 1.000000
v 1.095986 3.749586 -1.499581 1.000000 1.000000 1.000000 1.000000
v 1.223905 3.576915 -1.480741 1.000000 1.000000 1.000000 1.000000
v 1.307930 3.378052 -1.386295 1.000000 1.000000 1.000000 1.000000
v 0.995921 3.727831 -1.499581 1.000000 1.000000 1.000000 1.000000
v 1.306494 3.377570 -1.480741 1.000000 1.000000 1.000000 1.000000
v 1.358204 3.167529 -1.386295 1.000000 1.000000 1.000000 1.000000
v 1.206963 3.568287 -1.499581 1.000000 1.000000 1.000000 1.000000
v 1.356718 3.167233 -1.480741 1.000000 1.000000 1.000000 1.000000
v 1.383757 2.636582 -1.386296 1.000000 1.000000 1.000000 1.000000
v 1.288408 3.371704 -1.499581 1.000000 1.000000 1.000000 1.000000
v 1.337872 3.164547 -1.499581 1.000000 1.000000 1.000000 1.000000
v 1.382251 2.636426 -1.480741 1.000000 1.000000 1.000000 1.000000
v 1.392275 1.475760 -1.386296 1.000000 1.000000 1.000000 1.000000
v 1.203948 3.176599 -1.499581 1.000000 1.000000 1.000000 1.000000
v 1.390762 1.475701 -1.480741 1.000000 1.000000 1.000000 1.000000
v 1.392275 -0.000000 -1.386296 1.000000 1.000000 1.000000 1.000000
v 1.390762 -0.000000 -1.480741 1.000000 1.000000 1.000000 1.000000
v 1.371808 -0.000000 -1.499580 1.000000 1.000000 1.000000 1.000000
v 1.363301 2.635901 -1.499581 1.000000 1.000000 1.000000 1.000000
v 1.371807 1.475707 -1.499580 1.000000 1.000000 1.000000 1.000000
v 1.233471 -0.000000 -1.499580 1.000000 1.000000 1.000000 1.000000
v 1.226112 2.638804 -1.499581 1.000000 1.000000 1.000000 1.000000
v 1.233463 1.475789 -1.499580 1.000000 1.000000 1.000000 1.000000
v 1.209158 -0.000000 -1.488488 1.000000 1.000000 1.000000 1.000000
v 1.209138 1.475820 -1.488512 1.000000 1.000000 1.000000 1.000000
v 1.127887 -0.000000 -1.394848 1.000000 1.000000 1.000000 1.000000
v 1.127718 1.476009 -1.395071 1.000000 1.000000 1.000000 1.000000
v 1.201818 2.638228 -1.488453 1.000000 1.000000 1.000000 1.000000
v 1.118883 2.637906 -1.392321 1.000000 1.000000 1.000000 1.000000
v 1.092718 3.171578 -1.392321 1.000000 1.000000 1.000000 1.000000
v 1.179512 3.174502 -1.488684 1.000000 1.000000 1.000000 1.000000
v 1.049918 3.368484 -1.392321 1.000000 1.000000 1.000000 1.000000
v 1.161373 3.387519 -1.499581 1.000000 1.000000 1.000000 1.000000
v 1.137407 3.381946 -1.488778 1.000000 1.000000 1.000000 1.000000
v 0.991179 3.520084 -1.392321 1.000000 1.000000 1.000000 1.000000
v 1.092935 3.569271 -1.499581 1.000000 1.000000 1.000000 1.000000
v 1.070841 3.558535 -1.488793 1.000000 1.000000 1.000000 1.000000
v 0.908418 3.649371 -1.392321 1.000000 1.000000 1.000000 1.000000
v 0.976815 3.712259 -1.489060 1.000000 1.000000 1.000000 1.000000
v 0.793550 3.779339 -1.392321 1.000000 1.000000 1.000000 1.000000
v 0.851674 3.850592 -1.489035 1.000000 1.000000 1.000000 1.000000
v 0.652514 3.900139 -1.392321 1.000000 1.000000 1.000000 1.000000
v 0.622366 4.026397 -1.490128 1.000000 1.000000 1.000000 1.000000
v 0.842398 0.000001 -1.176541 1.000000 1.000000 1.000000 1.000000
v 0.249337 3.186602 -1.176535 1.000000 1.000000 1.000000 1.000000
v 0.248746 0.000001 -1.176542 1.000000 1.000000 1.000000 1.000000
v 0.841869 3.183515 -1.176465 1.000000 1.000000 1.000000 1.000000
v 0.260740 3.279309 -1.176689 1.000000 1.000000 1.000000 1.000000
v 0.830430 3.278889 -1.176826 1.000000 1.000000 1.000000 1.000000
v 0.796230 3.358155 -1.176530 1.000000 1.000000 1.000000 1.000000
v 0.740034 3.425931 -1.176557 1.000000 1.000000 1.000000 1.000000
v 0.659071 3.475480 -1.176779 1.000000 1.000000 1.000000 1.000000
v 0.591436 3.493958 -1.176541 1.000000 1.000000 1.000000 1.000000
v 0.522630 3.497570 -1.176527 1.000000 1.000000 1.000000 1.000000
v 0.418196 3.470545 -1.176997 1.000000 1.000000 1.000000 1.000000
v 0.338261 3.411697 -1.176541 1.000000 1.000000 1.000000 1.000000
v 0.294916 3.358219 -1.176524 1.000000 1.000000 1.000000 1.000000
v -0.249335 3.186208 1.176534 1.000000 1.000000 1.000000 1.000000
v -0.248746 0.000000 1.176542 1.000000 1.000000 1.000000 1.000000
v -0.842398 0.000000 1.176541 1.000000 1.000000 1.000000 1.000000
v -0.841871 3.182886 1.176465 1.000000 1.000000 1.000000 1.000000
v -0.260739 3.279303 1.176688 1.000000 1.000000 1.000000 1.000000
v -0.830432 3.278881 1.176826 1.000000 1.000000 1.000000 1.000000
v -0.796233 3.358151 1.176529 1.000000 1.000000 1.000000 1.000000
v -0.740037 3.425929 1.176556 1.000000 1.000000 1.000000 1.000000
v -0.659072 3.475480 1.176779 1.000000 1.000000 1.000000 1.000000
v -0.591436 3.493959 1.176541 1.000000 1.000000 1.000000 1.000000
v -0.522632 3.497571 1.176526 1.000000 1.000000 1.000000 1.000000
v -0.418197 3.470546 1.176996 1.000000 1.000000 1.000000 1.000000
v -0.338261 3.411698 1.176541 1.000000 1.000000 1.000000 1.000000
v -0.294917 3.358221 1.176523 1.000000 1.000000 1.000000 1.000000
v -0.249338 3.186539 -1.176541 1.000000 1.000000 1.000000 1.000000
v -0.842399 0.000001 -1.176541 1.000000 1.000000 1.000000 1.000000
v -0.248746 0.000001 -1.176542 1.000000 1.000000 1.000000 1.000000
v -0.841810 3.185458 -1.176541 1.000000 1.000000 1.000000 1.000000
v -0.830387 3.279377 -1.176694 1.000000 1.000000 1.000000 1.000000
v -0.260699 3.278927 -1.176799 1.000000 1.000000 1.000000 1.000000
v -0.294915 3.358157 -1.176529 1.000000 1.000000 1.000000 1.000000
v -0.338261 3.411697 -1.176541 1.000000 1.000000 1.000000 1.000000
v -0.420119 3.471972 -1.177046 1.000000 1.000000 1.000000 1.000000
v -0.522631 3.497570 -1.176527 1.000000 1.000000 1.000000 1.000000
v -0.591436 3.493958 -1.176541 1.000000 1.000000 1.000000 1.000000
v -0.658357 3.475525 -1.176733 1.000000 1.000000 1.000000 1.000000
v -0.737585 3.428157 -1.176527 1.000000 1.000000 1.000000 1.000000
v -0.796224 3.358229 -1.176523 1.000000 1.000000 1.000000 1.000000
v 0.249336 3.186127 1.176540 1.000000 1.000000 1.000000 1.000000
v 0.842398 0.000001 1.176541 1.000000 1.000000 1.000000 1.000000
v 0.248746 0.000000 1.176542 1.000000 1.000000 1.000000 1.000000
v 0.841811 3.185262 1.176540 1.000000 1.000000 1.000000 1.000000
v 0.830388 3.279374 1.176693 1.000000 1.000000 1.000000 1.000000
v 0.260697 3.278920 1.176798 1.000000 1.000000 1.000000 1.000000
v 0.294912 3.358152 1.176528 1.000000 1.000000 1.000000 1.000000
v 0.338261 3.411697 1.176541 1.000000 1.000000 1.000000 1.000000
v 0.420116 3.471971 1.177045 1.000000 1.000000 1.000000 1.000000
v 0.522629 3.497571 1.176526 1.000000 1.000000 1.000000 1.000000
v 0.591436 3.493959 1.176541 1.000000 1.000000 1.000000 1.000000
v 0.658360 3.475524 1.176732 1.000000 1.000000 1.000000 1.000000
v 0.737587 3.428155 1.176526 1.000000 1.000000 1.000000 1.000000
v 0.796225 3.358228 1.176523 1.000000 1.000000 1.000000 1.000000
vt 0.073608 0.734131
vt 0.058044 0.738037
vt 0.065735 0.735352
vt 0.066223 0.743896
vt 0.057037 0.748535
vt 0.075806 0.742676
vt 0.049866 0.743896
vt 0.084229 0.735840
vt 0.050171 0.758057
vt 0.085510 0.745605
vt 0.043365 0.752808
vt 0.095154 0.741943
vt 0.039917 0.765015
vt 0.093201 0.751587
vt 0.048370 0.768066
vt 0.101807 0.749512
vt 0.041046 0.777222
vt 0.106201 0.758545
vt 0.049622 0.775757
vt 0.097595 0.760010
vt 0.054016 0.784180
vt 0.098877 0.767700
vt 0.045471 0.786255
vt 0.107300 0.770630
vt 0.052094 0.793945
vt 0.097656 0.775635
vt 0.061737 0.790161
vt 0.103882 0.782959
vt 0.062988 0.799927
vt 0.093140 0.783936
vt 0.071411 0.793213
vt 0.097351 0.791870
vt 0.073608 0.801636
vt 0.086792 0.789307
vt 0.080994 0.791992
vt 0.089172 0.797852
vt 0.081543 0.800537
vt 0.098145 0.773926
vt 0.094360 0.782593
vt 0.085571 0.790405
vt 0.075256 0.793091
vt 0.067444 0.792358
vt 0.059052 0.788696
vt 0.051178 0.779907
vt 0.048401 0.769531
vt 0.049164 0.761719
vt 0.052887 0.753296
vt 0.061615 0.745605
vt 0.071960 0.742676
vt 0.079834 0.743408
vt 0.088257 0.747314
vt 0.096069 0.755981
vt 0.098877 0.766235
vt 0.057159 0.748535
vt 0.048340 0.767944
vt 0.050232 0.757935
vt 0.049622 0.775757
vt 0.054108 0.784180
vt 0.061890 0.790283
vt 0.071228 0.793091
vt 0.080933 0.792114
vt 0.086792 0.789307
vt 0.093323 0.783813
vt 0.097595 0.775757
vt 0.098877 0.767822
vt 0.097595 0.760010
vt 0.093140 0.751587
vt 0.085388 0.745605
vt 0.075989 0.742676
vt 0.066284 0.743652
vt 0.071960 0.734375
vt 0.081543 0.735107
vt 0.064087 0.735596
vt 0.071838 0.742676
vt 0.079834 0.743408
vt 0.061798 0.745361
vt 0.088318 0.747314
vt 0.053772 0.740479
vt 0.091858 0.739502
vt 0.052917 0.753174
vt 0.101013 0.748047
vt 0.045197 0.749756
vt 0.096130 0.756104
vt 0.040710 0.760010
vt 0.106018 0.758423
vt 0.049164 0.761719
vt 0.098816 0.766113
vt 0.048431 0.769653
vt 0.106506 0.775879
vt 0.107300 0.766235
vt 0.098145 0.773926
vt 0.094299 0.782715
vt 0.102051 0.786133
vt 0.093445 0.795288
vt 0.085449 0.790405
vt 0.083191 0.800293
vt 0.075378 0.793091
vt 0.065674 0.800781
vt 0.075256 0.801514
vt 0.067444 0.792358
vt 0.058929 0.788574
vt 0.055389 0.796387
vt 0.046265 0.787720
vt 0.051147 0.779785
vt 0.041229 0.777466
vt 0.039978 0.769531
vt 0.095337 0.741943
vt 0.096924 0.736084
vt 0.103577 0.742188
vt 0.085754 0.730225
vt 0.108887 0.750000
vt 0.084229 0.735840
vt 0.101807 0.749756
vt 0.073547 0.728271
vt 0.106140 0.758545
vt 0.073730 0.734131
vt 0.111877 0.758667
vt 0.064331 0.729736
vt 0.107361 0.770508
vt 0.065735 0.735352
vt 0.113220 0.767822
vt 0.057922 0.738037
vt 0.111328 0.780029
vt 0.055664 0.732666
vt 0.103882 0.782837
vt 0.049805 0.743896
vt 0.105530 0.791138
vt 0.047974 0.738037
vt 0.097412 0.791870
vt 0.041687 0.744629
vt 0.099304 0.797852
vt 0.043396 0.752930
vt 0.091553 0.803101
vt 0.035889 0.755737
vt 0.089294 0.797729
vt 0.039886 0.765137
vt 0.082886 0.806152
vt 0.034058 0.767944
vt 0.081543 0.800537
vt 0.035339 0.777100
vt 0.073486 0.801636
vt 0.041107 0.777222
vt 0.073669 0.807495
vt 0.038391 0.785767
vt 0.062988 0.799927
vt 0.045441 0.786133
vt 0.061493 0.805664
vt 0.051910 0.793823
vt 0.043701 0.793579
vt 0.050354 0.799805
vt 0.101135 0.748291
vt 0.104004 0.742676
vt 0.108948 0.750488
vt 0.094849 0.734375
vt 0.112244 0.759277
vt 0.091858 0.739502
vt 0.105957 0.758301
vt 0.083313 0.729492
vt 0.107300 0.766235
vt 0.081665 0.735107
vt 0.112976 0.768433
vt 0.074158 0.728516
vt 0.106506 0.776001
vt 0.071960 0.734375
vt 0.111938 0.777710
vt 0.065002 0.729248
vt 0.101990 0.786133
vt 0.064026 0.735596
vt 0.107178 0.789062
vt 0.053894 0.740479
vt 0.093323 0.795410
vt 0.056213 0.732666
vt 0.098755 0.798340
vt 0.048462 0.737549
vt 0.091064 0.803223
vt 0.040100 0.746826
vt 0.082214 0.806519
vt 0.045258 0.749756
vt 0.083191 0.800293
vt 0.035278 0.758179
vt 0.075256 0.801514
vt 0.040741 0.759888
vt 0.073059 0.807251
vt 0.034241 0.767334
vt 0.065552 0.800781
vt 0.039948 0.769531
vt 0.063965 0.806274
vt 0.035034 0.776489
vt 0.055359 0.796265
vt 0.041260 0.777466
vt 0.052399 0.801392
vt 0.046112 0.787598
vt 0.038269 0.785278
vt 0.043274 0.793213
vt 0.041656 0.744629
vt 0.043640 0.739014
vt 0.047974 0.738037
vt 0.035797 0.755737
vt 0.055725 0.732910
vt 0.032806 0.759155
vt 0.034210 0.767944
vt 0.063232 0.727783
vt 0.064331 0.729736
vt 0.073547 0.728516
vt 0.032440 0.739014
vt 0.046936 0.725098
vt 0.022766 0.766602
vt 0.074951 0.717041
vt 0.033569 0.778320
vt 0.035339 0.777100
vt 0.030777 0.794556
vt 0.038483 0.785767
vt 0.044739 0.797852
vt 0.043701 0.793579
vt 0.050293 0.799927
vt 0.044800 0.808960
vt 0.061462 0.805786
vt 0.064880 0.808716
vt 0.072327 0.818726
vt 0.073669 0.807251
vt 0.084045 0.807983
vt 0.082886 0.806152
vt 0.100281 0.810791
vt 0.091492 0.802979
vt 0.103577 0.796753
vt 0.099304 0.797852
vt 0.105591 0.791260
vt 0.114807 0.796631
vt 0.111450 0.780029
vt 0.114441 0.776611
vt 0.124451 0.769165
vt 0.113037 0.767822
vt 0.113647 0.757446
vt 0.111877 0.758667
vt 0.116455 0.741211
vt 0.108765 0.750000
vt 0.102478 0.738037
vt 0.103577 0.742188
vt 0.096924 0.735840
vt 0.102417 0.726807
vt 0.085754 0.730225
vt 0.082336 0.727051
vt 0.080688 0.726318
vt 0.083252 0.729736
vt 0.074158 0.728516
vt 0.065063 0.729492
vt 0.094788 0.734619
vt 0.051819 0.732422
vt 0.056213 0.732666
vt 0.048431 0.737305
vt 0.040009 0.746826
vt 0.103638 0.739014
vt 0.104065 0.742676
vt 0.058563 0.719727
vt 0.087769 0.718994
vt 0.040985 0.729736
vt 0.110229 0.733398
vt 0.121643 0.752319
vt 0.036285 0.749268
vt 0.024673 0.754028
vt 0.035431 0.758179
vt 0.032196 0.775513
vt 0.034241 0.767334
vt 0.035126 0.776489
vt 0.038269 0.785278
vt 0.025574 0.783447
vt 0.043213 0.793213
vt 0.043579 0.796753
vt 0.037018 0.802490
vt 0.052460 0.801270
vt 0.059479 0.816895
vt 0.066528 0.809570
vt 0.063965 0.806152
vt 0.073059 0.807251
vt 0.088684 0.816040
vt 0.082214 0.806396
vt 0.095398 0.803345
vt 0.091064 0.803223
vt 0.098755 0.798462
vt 0.106323 0.806152
vt 0.107300 0.789062
vt 0.110962 0.786499
vt 0.122559 0.781738
vt 0.111816 0.777588
vt 0.115051 0.760254
vt 0.112976 0.768433
vt 0.112122 0.759277
vt 0.108948 0.750488
vt -0.314941 -0.648438
vt -0.130493 -0.957031
vt -0.130493 -0.648438
vt -0.314941 -0.957031
vt -0.459961 -0.648438
vt -0.459961 -0.957031
vt -0.526367 -0.648438
vt -0.526367 -0.957031
vt -0.553223 -0.648438
vt -0.553223 -0.957031
vt -0.580566 -0.648438
vt -0.580566 -0.957031
vt -0.607422 -0.648438
vt -0.607422 -0.957031
vt -0.634277 -0.648438
vt -0.634277 -0.957031
vt -0.661133 -0.648438
vt -0.661133 -0.957031
vt -0.688477 -0.648438
vt -0.688477 -0.957031
vt -0.715332 -0.648438
vt -0.715332 -0.957031
vt -0.742188 -0.648438
vt -0.742188 -0.957031
vt -0.769043 -0.648438
vt -0.769043 -0.957031
vt -0.796387 -0.957031
vt -0.796387 -0.648438
vt -0.823242 -0.957031
vt -0.823242 -0.648438
vt -0.850098 -0.957031
vt -0.850098 -0.648438
vt -0.876953 -0.957031
vt -0.876953 -0.648438
vt -0.904297 -0.648438
vt -0.904297 -0.957031
vt -0.931152 -0.957031
vt -0.931152 -0.648438
vt -0.958008 -0.957031
vt -0.958008 -0.648438
vt -0.984863 -0.957031
vt -0.984863 -0.648438
vt -1.011719 -0.648438
vt -1.011719 -0.957031
vt -1.078125 -0.957031
vt -1.078125 -0.648438
vt -1.223633 -0.957031
vt -1.223633 -0.648438
vt -1.408203 -0.648438
vt -1.408203 -0.957031
vt 0.221191 -0.576172
vt 0.476074 -0.882812
vt 0.239014 -0.563477
vt 0.460449 -0.898438
vt 0.482178 -0.890625
vt 0.219849 -0.577148
vt 0.475586 -0.914062
vt 0.489014 -0.896484
vt 0.459473 -0.900391
vt 0.217285 -0.579102
vt 0.496338 -0.902344
vt 0.458984 -0.904297
vt 0.215820 -0.580078
vt 0.474609 -0.915039
vt 0.491455 -0.923828
vt 0.504395 -0.906250
vt 0.475830 -0.919922
vt 0.504883 -0.927734
vt 0.509766 -0.908203
vt 0.495850 -0.927734
vt 0.520996 -0.928711
vt 0.515137 -0.908203
vt 0.523438 -0.907227
vt 0.520996 -0.930664
vt 0.537598 -0.922852
vt 0.529297 -0.903320
vt 0.508789 -0.933594
vt 0.550293 -0.910156
vt 0.532715 -0.899414
vt 0.535156 -0.893555
vt 0.538574 -0.923828
vt 0.556641 -0.890625
vt 0.534668 -0.886719
vt 0.547363 -0.490234
vt 0.569336 -0.490234
vt 0.570801 -0.490234
vt 0.558105 -0.892578
vt 0.574219 -0.490234
vt 0.551270 -0.911133
vt 0.561035 -0.895508
vt 0.551758 -0.916016
vt 0.562500 -0.898438
vt 0.576172 -0.491211
vt 0.628906 -0.492188
vt 0.538574 -0.927734
vt 0.551758 -0.919922
vt 0.615234 -0.900391
vt 0.525879 -0.932617
vt 0.538086 -0.929688
vt 0.525391 -0.934570
vt 0.637695 -0.933594
vt 0.649902 -0.938477
vt 0.624512 -0.921875
vt 0.637207 -0.930664
vt 0.624512 -0.918945
vt 0.617188 -0.897461
vt 0.630859 -0.492188
vt 0.633789 -0.493164
vt 0.649902 -0.936523
vt 0.620117 -0.894531
vt 0.635742 -0.493164
vt 0.625488 -0.914062
vt 0.637695 -0.927734
vt 0.622070 -0.893555
vt 0.657715 -0.493164
vt 0.644043 -0.890625
vt 0.642578 -0.896484
vt 0.626953 -0.913086
vt 0.645020 -0.903320
vt 0.647949 -0.907227
vt 0.638672 -0.926758
vt 0.653809 -0.912109
vt 0.654785 -0.934570
vt 0.654785 -0.933594
vt 0.661621 -0.913086
vt 0.667480 -0.913086
vt 0.670410 -0.933594
vt 0.672852 -0.912109
vt 0.666504 -0.938477
vt 0.679688 -0.933594
vt 0.684570 -0.929688
vt 0.680664 -0.908203
vt 0.701172 -0.920898
vt 0.688965 -0.903320
vt 0.695801 -0.897461
vt 0.702148 -0.922852
vt 0.717285 -0.907227
vt 0.702637 -0.890625
vt 0.960449 -0.586914
vt 0.977539 -0.601562
vt 0.978516 -0.602539
vt 0.718262 -0.908203
vt 0.980957 -0.604492
vt 0.718262 -0.913086
vt 0.982422 -0.605469
vt 0.700195 -0.926758
vt 0.718262 -0.916016
vt 0.684570 -0.934570
vt 0.698730 -0.930664
vt 0.680176 -0.938477
vt 0.885742 -0.766602
vt 1.005859 -0.625977
vt 1.005859 -0.625977
vt 0.886230 -0.766602
vt 0.791016 -0.875977
vt 0.791016 -0.875977
vt 0.746094 -0.924805
vt 0.728516 -0.939453
vt 0.715820 -0.952148
vt 0.703125 -0.962891
vt 0.687012 -0.975586
vt 0.667969 -0.988281
vt 0.646973 -0.998047
vt 0.625000 -1.005859
vt 0.664062 -0.940430
vt 0.604492 -1.009766
vt 0.585449 -1.009766
vt 0.511230 -0.935547
vt 0.565918 -1.007812
vt 0.545410 -1.001953
vt 0.495361 -0.932617
vt 0.524414 -0.994141
vt 0.503906 -0.982422
vt 0.486084 -0.968750
vt 0.491455 -0.928711
vt 0.477539 -0.922852
vt 0.470947 -0.955078
vt 0.458740 -0.943359
vt 0.446777 -0.930664
vt 0.458984 -0.907227
vt 0.430664 -0.914062
vt 0.388916 -0.862305
vt 0.388672 -0.863281
vt 0.301025 -0.747070
vt 0.301514 -0.747070
vt 0.191406 -0.598633
vt 0.190796 -0.598633
vt 0.810547 -0.467773
vt 0.565918 -0.153320
vt 0.791992 -0.480469
vt 0.582520 -0.137695
vt 0.560547 -0.145508
vt 0.812012 -0.467773
vt 0.567871 -0.122070
vt 0.553711 -0.138672
vt 0.583496 -0.136719
vt 0.814453 -0.465820
vt 0.546875 -0.132812
vt 0.583984 -0.131836
vt 0.815918 -0.464844
vt 0.568848 -0.121094
vt 0.552246 -0.111328
vt 0.538574 -0.128906
vt 0.567871 -0.116211
vt 0.539062 -0.106445
vt 0.533203 -0.126953
vt 0.547852 -0.107422
vt 0.522949 -0.105469
vt 0.527832 -0.125977
vt 0.519531 -0.125977
vt 0.523438 -0.103516
vt 0.506348 -0.110352
vt 0.513184 -0.129883
vt 0.493164 -0.122070
vt 0.510254 -0.133789
vt 0.507324 -0.139648
vt 0.505371 -0.109375
vt 0.486328 -0.141602
vt 0.507812 -0.145508
vt 0.480225 -0.542969
vt 0.458008 -0.541016
vt 0.456299 -0.541016
vt 0.484619 -0.140625
vt 0.453125 -0.541016
vt 0.491943 -0.121094
vt 0.481934 -0.136719
vt 0.480225 -0.133789
vt 0.451172 -0.541016
vt 0.491699 -0.116211
vt 0.505371 -0.105469
vt 0.491943 -0.113281
vt 0.427734 -0.129883
vt 0.398438 -0.537109
vt 0.419189 -0.107422
vt 0.505859 -0.103516
vt 0.518555 -0.101562
vt 0.535645 -0.100586
vt 0.519043 -0.099609
vt 0.406494 -0.095703
vt 0.552734 -0.106445
vt 0.533203 -0.098633
vt 0.548828 -0.102539
vt 0.566406 -0.112305
vt 0.461914 -0.021484
vt 0.481201 -0.023438
vt 0.501465 -0.029297
vt 0.521973 -0.039062
vt 0.541992 -0.051758
vt 0.559570 -0.066406
vt 0.574219 -0.080078
vt 0.585938 -0.092773
vt 0.597168 -0.106445
vt 0.584473 -0.128906
vt 0.612793 -0.123047
vt 0.652832 -0.175781
vt 0.653320 -0.175781
vt 0.736816 -0.294922
vt 0.736328 -0.294922
vt 0.841309 -0.447266
vt 0.841797 -0.446289
vt 0.387451 -0.088867
vt 0.442627 -0.021484
vt 0.421875 -0.023438
vt 0.394531 -0.092773
vt 0.364258 -0.088867
vt 0.399902 -0.030273
vt 0.378418 -0.040039
vt 0.359131 -0.051758
vt 0.377686 -0.088867
vt 0.406738 -0.098633
vt 0.345459 -0.096680
vt 0.342529 -0.063477
vt 0.329102 -0.074219
vt 0.315918 -0.085938
vt 0.359863 -0.092773
vt 0.325439 -0.110352
vt 0.297852 -0.099609
vt 0.343506 -0.099609
vt 0.364258 -0.093750
vt 0.389648 -0.093750
vt 0.341797 -0.104492
vt 0.406494 -0.101562
vt 0.325195 -0.113281
vt 0.418945 -0.111328
vt 0.425781 -0.132812
vt 0.396729 -0.537109
vt 0.393555 -0.537109
vt 0.417969 -0.116211
vt 0.422363 -0.135742
vt 0.391846 -0.537109
vt 0.405273 -0.102539
vt 0.416748 -0.116211
vt 0.420898 -0.136719
vt 0.369629 -0.535156
vt 0.398682 -0.138672
vt 0.400146 -0.131836
vt 0.398193 -0.125000
vt 0.395508 -0.121094
vt 0.389404 -0.116211
vt 0.389404 -0.095703
vt 0.381836 -0.115234
vt 0.376221 -0.115234
vt 0.373535 -0.094727
vt 0.370605 -0.116211
vt 0.359619 -0.097656
vt 0.362305 -0.119141
vt 0.342773 -0.105469
vt 0.354248 -0.124023
vt 0.346680 -0.129883
vt 0.325195 -0.117188
vt 0.325684 -0.119141
vt 0.339844 -0.136719
vt 0.067200 -0.426758
vt 0.051025 -0.412109
vt 0.049866 -0.410156
vt 0.047516 -0.408203
vt 0.046173 -0.407227
vt 0.150513 -0.251953
vt 0.023987 -0.386719
vt 0.023514 -0.385742
vt 0.150024 -0.250977
vt 0.250732 -0.146484
vt 0.250488 -0.146484
vt 0.485840 0.917664
vt 0.605957 0.931824
vt 0.485840 0.931824
vt 0.605957 0.917664
vt 0.485840 0.936951
vt 0.701172 0.931824
vt 0.701172 0.917664
vt 0.605957 0.936951
vt 0.485840 0.965668
vt 0.701172 0.936951
vt 0.605957 0.965668
vt 0.485840 0.971191
vt 0.744629 0.931824
vt 0.744629 0.917664
vt 0.744629 0.936951
vt 0.761230 0.931824
vt 0.761230 0.917664
vt 0.701172 0.965668
vt 0.776855 0.931824
vt 0.776855 0.917664
vt 0.761230 0.936951
vt 0.744629 0.965668
vt 0.792969 0.931824
vt 0.792969 0.917664
vt 0.776855 0.936951
vt 0.808594 0.931824
vt 0.808594 0.917664
vt 0.792969 0.936951
vt 0.824707 0.917664
vt 0.761230 0.965668
vt 0.824707 0.931824
vt 0.841309 0.917664
vt 0.744629 0.971191
vt 0.841309 0.931824
vt 0.857910 0.917664
vt 0.824707 0.936951
vt 0.857910 0.931824
vt 0.873535 0.917664
vt 0.808594 0.936951
vt 0.873535 0.931824
vt 0.889160 0.917664
vt 0.857910 0.936951
vt 0.841309 0.936951
vt 0.873535 0.936951
vt 0.824707 0.965668
vt 0.850586 0.966064
vt 0.808594 0.965668
vt 0.831543 0.971191
vt 0.792969 0.965668
vt 0.808594 0.971191
vt 0.776855 0.965668
vt 0.792969 0.971191
vt 0.761230 0.971191
vt 0.776855 0.971191
vt 0.807617 0.989632
vt 0.791992 0.989632
vt 0.824707 0.989632
vt 0.777344 0.989632
vt 0.762695 0.989632
vt 0.841797 0.989632
vt 0.745117 0.989632
vt 0.857910 0.971191
vt 0.858398 0.989632
vt 0.701172 0.971191
vt 0.701172 0.989632
vt 0.606445 0.989632
vt 0.605957 0.971191
vt 0.485840 0.989632
vt 0.873535 0.971191
vt 0.874023 0.989632
vt 0.873535 0.965668
vt 0.897949 0.971512
vt 0.889160 0.989632
vt 0.904297 0.989632
vt 0.919922 0.989632
vt 0.897949 0.964874
vt 0.889160 0.936951
vt 0.920410 0.971191
vt 0.937012 0.989632
vt 0.889160 0.931824
vt 0.904785 0.931824
vt 0.904785 0.917664
vt 0.904785 0.936951
vt 0.920410 0.965668
vt 0.920410 0.936951
vt 0.920410 0.931824
vt 0.920410 0.917664
vt 0.937012 0.931824
vt 0.937012 0.917664
vt 0.943848 0.965759
vt 0.937012 0.936951
vt 0.953613 0.931824
vt 0.953613 0.917664
vt 0.953613 0.936951
vt 0.969727 0.931824
vt 0.969727 0.917664
vt 0.985352 0.917664
vt 0.969727 0.965668
vt 0.985352 0.931824
vt 1.000977 0.917664
vt 0.969727 0.936951
vt 0.985352 0.936951
vt 1.000977 0.931824
vt 1.016602 0.917664
vt 0.985352 0.965668
vt 1.016602 0.931824
vt 1.034180 0.917664
vt 1.000977 0.936951
vt 1.034180 0.931824
vt 1.077148 0.917664
vt 1.016602 0.936951
vt 1.077148 0.931824
vt 1.171875 0.917664
vt 1.034180 0.936951
vt 1.171875 0.931824
vt 1.291992 0.917664
vt 1.291992 0.931824
vt 1.291992 0.936951
vt 1.077148 0.936951
vt 1.171875 0.936951
vt 1.291992 0.965668
vt 1.171875 0.965668
vt 1.291992 0.971191
vt 1.077148 0.965668
vt 1.171875 0.971191
vt 1.291992 0.989632
vt 1.171875 0.989632
vt 1.077148 0.971191
vt 1.077148 0.989632
vt 1.033203 0.989632
vt 1.034180 0.971191
vt 1.015625 0.989632
vt 1.034180 0.965668
vt 1.016602 0.971191
vt 1.000977 0.989632
vt 1.016602 0.965668
vt 1.000977 0.971191
vt 0.986816 0.989632
vt 1.000977 0.965668
vt 0.985352 0.971191
vt 0.970703 0.989632
vt 0.969727 0.971191
vt 0.953613 0.989632
vt 0.945801 0.970871
vt 0.480957 0.931885
vt 0.360840 0.931885
vt 0.480957 0.917664
vt 0.480957 0.936951
vt 0.360840 0.917664
vt 0.360840 0.936951
vt 0.480957 0.965668
vt 0.266113 0.931885
vt 0.266113 0.917664
vt 0.266113 0.936951
vt 0.360840 0.965668
vt 0.480957 0.971191
vt 0.222534 0.931885
vt 0.222534 0.917664
vt 0.222534 0.936951
vt 0.205444 0.931885
vt 0.205444 0.917664
vt 0.266113 0.965668
vt 0.189819 0.931885
vt 0.189819 0.917664
vt 0.205444 0.936951
vt 0.222534 0.965668
vt 0.174072 0.931885
vt 0.174072 0.917664
vt 0.189819 0.936951
vt 0.158203 0.931885
vt 0.158203 0.917664
vt 0.174072 0.936951
vt 0.141968 0.917664
vt 0.205444 0.965668
vt 0.141968 0.931885
vt 0.125366 0.917664
vt 0.222534 0.971191
vt 0.125366 0.931885
vt 0.108887 0.917664
vt 0.141968 0.936951
vt 0.108887 0.931885
vt 0.093140 0.917664
vt 0.158203 0.936951
vt 0.093140 0.931885
vt 0.077698 0.917664
vt 0.108887 0.936951
vt 0.125366 0.936951
vt 0.093140 0.936951
vt 0.141968 0.965668
vt 0.116150 0.966064
vt 0.158203 0.965668
vt 0.135132 0.971191
vt 0.174072 0.965668
vt 0.158203 0.971191
vt 0.189819 0.965668
vt 0.174072 0.971191
vt 0.141968 0.989624
vt 0.158203 0.989624
vt 0.125366 0.989624
vt 0.174072 0.989624
vt 0.108887 0.971191
vt 0.108887 0.989624
vt 0.189819 0.971191
vt 0.189819 0.989624
vt 0.205444 0.971191
vt 0.205444 0.989624
vt 0.222534 0.989624
vt 0.266113 0.971191
vt 0.266113 0.989624
vt 0.360840 0.989624
vt 0.360840 0.971191
vt 0.480957 0.989624
vt 0.093140 0.971191
vt 0.093140 0.989624
vt 0.093140 0.965668
vt 0.069092 0.971512
vt 0.077698 0.989624
vt 0.062286 0.989624
vt 0.046509 0.989624
vt 0.069092 0.964874
vt 0.077698 0.936951
vt 0.046509 0.971191
vt 0.030029 0.989624
vt 0.077698 0.931885
vt 0.062286 0.931885
vt 0.062286 0.917664
vt 0.062286 0.936951
vt 0.046509 0.965668
vt 0.046509 0.936951
vt 0.046509 0.931885
vt 0.046509 0.917664
vt 0.030029 0.931885
vt 0.030029 0.917664
vt 0.023102 0.965759
vt 0.030029 0.936951
vt 0.013374 0.931885
vt 0.013374 0.917664
vt 0.013374 0.936951
vt -0.002863 0.931885
vt -0.002863 0.917664
vt -0.018723 0.917664
vt -0.002863 0.965668
vt -0.018723 0.931885
vt -0.034424 0.917664
vt -0.002863 0.936951
vt -0.018723 0.936951
vt -0.034424 0.931885
vt -0.050110 0.917664
vt -0.018723 0.965668
vt -0.050110 0.931885
vt -0.067200 0.917664
vt -0.034424 0.936951
vt -0.067200 0.931885
vt -0.110718 0.917664
vt -0.050110 0.936951
vt -0.067200 0.936951
vt -0.110718 0.931885
vt -0.205444 0.917664
vt -0.067200 0.965668
vt -0.205444 0.931885
vt -0.325684 0.917664
vt -0.325684 0.931885
vt -0.325684 0.936951
vt -0.110718 0.936951
vt -0.205444 0.936951
vt -0.325684 0.965668
vt -0.110718 0.965668
vt -0.205444 0.965668
vt -0.325684 0.971191
vt -0.205444 0.971191
vt -0.325684 0.989624
vt -0.205444 0.989624
vt -0.110718 0.971191
vt -0.110718 0.989624
vt -0.067200 0.989624
vt -0.067200 0.971191
vt -0.050110 0.989624
vt -0.050110 0.965668
vt -0.050110 0.971191
vt -0.034424 0.989624
vt -0.034424 0.965668
vt -0.034424 0.971191
vt -0.018723 0.989624
vt -0.018723 0.971191
vt -0.002863 0.989624
vt -0.002863 0.971191
vt 0.013374 0.989624
vt 0.021286 0.970871
vt 0.833008 0.281738
vt 0.758789 0.679932
vt 0.758789 0.281738
vt 0.833008 0.679443
vt 0.760254 0.691406
vt 0.831543 0.691406
vt 0.827148 0.701172
vt 0.820312 0.709717
vt 0.810059 0.716064
vt 0.801758 0.718262
vt 0.792969 0.718750
vt 0.779785 0.715332
vt 0.770020 0.708008
vt 0.764648 0.701416
vt 0.618652 0.680176
vt 0.619629 0.282227
vt 0.693848 0.282227
vt 0.692871 0.679932
vt 0.620117 0.691895
vt 0.691406 0.691895
vt 0.687012 0.701904
vt 0.680176 0.710205
vt 0.669922 0.716553
vt 0.661133 0.718750
vt 0.652832 0.719238
vt 0.639648 0.715820
vt 0.629883 0.708496
vt 0.624512 0.701660
vt 0.571777 0.679932
vt 0.498047 0.281738
vt 0.571777 0.281738
vt 0.498047 0.679688
vt 0.499512 0.691406
vt 0.570312 0.691406
vt 0.566406 0.701172
vt 0.561035 0.708008
vt 0.550781 0.715576
vt 0.537598 0.718750
vt 0.529297 0.718262
vt 0.520996 0.716064
vt 0.510742 0.709961
vt 0.503418 0.701416
vt 0.380371 0.679199
vt 0.307129 0.280762
vt 0.381348 0.281250
vt 0.306396 0.678955
vt 0.307617 0.690674
vt 0.378906 0.690918
vt 0.374512 0.700684
vt 0.369141 0.707520
vt 0.358887 0.715088
vt 0.346191 0.718018
vt 0.337402 0.717773
vt 0.329102 0.715332
vt 0.319336 0.709473
vt 0.312012 0.700684
vt1 0.073608 0.734131
vt1 0.058044 0.738037
vt1 0.065735 0.735352
vt1 0.066223 0.743896
vt1 0.057037 0.748535
vt1 0.075806 0.742676
vt1 0.049866 0.743896
vt1 0.084229 0.735840
vt1 0.050171 0.758057
vt1 0.085510 0.745605
vt1 0.043365 0.752808
vt1 0.095154 0.741943
vt1 0.039917 0.765015
vt1 0.093201 0.751587
vt1 0.048370 0.768066
vt1 0.101807 0.749512
vt1 0.041046 0.777222
vt1 0.106201 0.758545
vt1 0.049622 0.775757
vt1 0.097595 0.760010
vt1 0.054016 0.784180
vt1 0.098877 0.767700
vt1 0.045471 0.786255
vt1 0.107300 0.770630
vt1 0.052094 0.793945
vt1 0.097656 0.775635
vt1 0.061737 0.790161
vt1 0.103882 0.782959
vt1 0.062988 0.799927
vt1 0.093140 0.783936
vt1 0.071411 0.793213
vt1 0.097351 0.791870
vt1 0.073608 0.801636
vt1 0.086792 0.789307
vt1 0.080994 0.791992
vt1 0.089172 0.797852
vt1 0.081543 0.800537
vt1 0.098145 0.773926
vt1 0.094360 0.782593
vt1 0.085571 0.790405
vt1 0.075256 0.793091
vt1 0.067444 0.792358
vt1 0.059052 0.788696
vt1 0.051178 0.779907
vt1 0.048401 0.769531
vt1 0.049164 0.761719
vt1 0.052887 0.753296
vt1 0.061615 0.745605
vt1 0.071960 0.742676
vt1 0.079834 0.743408
vt1 0.088257 0.747314
vt1 0.096069 0.755981
vt1 0.098877 0.766235
vt1 0.057159 0.748535
vt1 0.048340 0.767944
vt1 0.050232 0.757935
vt1 0.049622 0.775757
vt1 0.054108 0.784180
vt1 0.061890 0.790283
vt1 0.071228 0.793091
vt1 0.080933 0.792114
vt1 0.086792 0.789307
vt1 0.093323 0.783813
vt1 0.097595 0.775757
vt1 0.098877 0.767822
vt1 0.097595 0.760010
vt1 0.093140 0.751587
vt1 0.085388 0.745605
vt1 0.075989 0.742676
vt1 0.066284 0.743652
vt1 0.071960 0.734375
vt1 0.081543 0.735107
vt1 0.064087 0.735596
vt1 0.071838 0.742676
vt1 0.079834 0.743408
vt1 0.061798 0.745361
vt1 0.088318 0.747314
vt1 0.053772 0.740479
vt1 0.091858 0.739502
vt1 0.052917 0.753174
vt1 0.101013 0.748047
vt1 0.045197 0.749756
vt1 0.096130 0.756104
vt1 0.040710 0.760010
vt1 0.106018 0.758423
vt1 0.049164 0.761719
vt1 0.098816 0.766113
vt1 0.048431 0.769653
vt1 0.106506 0.775879
vt1 0.107300 0.766235
vt1 0.098145 0.773926
vt1 0.094299 0.782715
vt1 0.102051 0.786133
vt1 0.093445 0.795288
vt1 0.085449 0.790405
vt1 0.083191 0.800293
vt1 0.075378 0.793091
vt1 0.065674 0.800781
vt1 0.075256 0.801514
vt1 0.067444 0.792358
vt1 0.058929 0.788574
vt1 0.055389 0.796387
vt1 0.046265 0.787720
vt1 0.051147 0.779785
vt1 0.041229 0.777466
vt1 0.039978 0.769531
vt1 0.095337 0.741943
vt1 0.096924 0.736084
vt1 0.103577 0.742188
vt1 0.085754 0.730225
vt1 0.108887 0.750000
vt1 0.084229 0.735840
vt1 0.101807 0.749756
vt1 0.073547 0.728271
vt1 0.106140 0.758545
vt1 0.073730 0.734131
vt1 0.111877 0.758667
vt1 0.064331 0.729736
vt1 0.107361 0.770508
vt1 0.065735 0.735352
vt1 0.113220 0.767822
vt1 0.057922 0.738037
vt1 0.111328 0.780029
vt1 0.055664 0.732666
vt1 0.103882 0.782837
vt1 0.049805 0.743896
vt1 0.105530 0.791138
vt1 0.047974 0.738037
vt1 0.097412 0.791870
vt1 0.041687 0.744629
vt1 0.099304 0.797852
vt1 0.043396 0.752930
vt1 0.091553 0.803101
vt1 0.035889 0.755737
vt1 0.089294 0.797729
vt1 0.039886 0.765137
vt1 0.082886 0.806152
vt1 0.034058 0.767944
vt1 0.081543 0.800537
vt1 0.035339 0.777100
vt1 0.073486 0.801636
vt1 0.041107 0.777222
vt1 0.073669 0.807495
vt1 0.038391 0.785767
vt1 0.062988 0.799927
vt1 0.045441 0.786133
vt1 0.061493 0.805664
vt1 0.051910 0.793823
vt1 0.043701 0.793579
vt1 0.050354 0.799805
vt1 0.101135 0.748291
vt1 0.104004 0.742676
vt1 0.108948 0.750488
vt1 0.094849 0.734375
vt1 0.112244 0.759277
vt1 0.091858 0.739502
vt1 0.105957 0.758301
vt1 0.083313 0.729492
vt1 0.107300 0.766235
vt1 0.081665 0.735107
vt1 0.112976 0.768433
vt1 0.074158 0.728516
vt1 0.106506 0.776001
vt1 0.071960 0.734375
vt1 0.111938 0.777710
vt1 0.065002 0.729248
vt1 0.101990 0.786133
vt1 0.064026 0.735596
vt1 0.107178 0.789062
vt1 0.053894 0.740479
vt1 0.093323 0.795410
vt1 0.056213 0.732666
vt1 0.098755 0.798340
vt1 0.048462 0.737549
vt1 0.091064 0.803223
vt1 0.040100 0.746826
vt1 0.082214 0.806519
vt1 0.045258 0.749756
vt1 0.083191 0.800293
vt1 0.035278 0.758179
vt1 0.075256 0.801514
vt1 0.040741 0.759888
vt1 0.073059 0.807251
vt1 0.034241 0.767334
vt1 0.065552 0.800781
vt1 0.039948 0.769531
vt1 0.063965 0.806274
vt1 0.035034 0.776489
vt1 0.055359 0.796265
vt1 0.041260 0.777466
vt1 0.052399 0.801392
vt1 0.046112 0.787598
vt1 0.038269 0.785278
vt1 0.043274 0.793213
vt1 0.041656 0.744629
vt1 0.043640 0.739014
vt1 0.047974 0.738037
vt1 0.035797 0.755737
vt1 0.055725 0.732910
vt1 0.032806 0.759155
vt1 0.034210 0.767944
vt1 0.063232 0.727783
vt1 0.064331 0.729736
vt1 0.073547 0.728516
vt1 0.032440 0.739014
vt1 0.046936 0.725098
vt1 0.022766 0.766602
vt1 0.074951 0.717041
vt1 0.033569 0.778320
vt1 0.035339 0.777100
vt1 0.030777 0.794556
vt1 0.038483 0.785767
vt1 0.044739 0.797852
vt1 0.043701 0.793579
vt1 0.050293 0.799927
vt1 0.044800 0.808960
vt1 0.061462 0.805786
vt1 0.064880 0.808716
vt1 0.072327 0.818726
vt1 0.073669 0.807251
vt1 0.084045 0.807983
vt1 0.082886 0.806152
vt1 0.100281 0.810791
vt1 0.091492 0.802979
vt1 0.103577 0.796753
vt1 0.099304 0.797852
vt1 0.105591 0.791260
vt1 0.114807 0.796631
vt1 0.111450 0.780029
vt1 0.114441 0.776611
vt1 0.124451 0.769165
vt1 0.113037 0.767822
vt1 0.113647 0.757446
vt1 0.111877 0.758667
vt1 0.116455 0.741211
vt1 0.108765 0.750000
vt1 0.102478 0.738037
vt1 0.103577 0.742188
vt1 0.096924 0.735840
vt1 0.102417 0.726807
vt1 0.085754 0.730225
vt1 0.082336 0.727051
vt1 0.080688 0.726318
vt1 0.083252 0.729736
vt1 0.074158 0.728516
vt1 0.065063 0.729492
vt1 0.094788 0.734619
vt1 0.051819 0.732422
vt1 0.056213 0.732666
vt1 0.048431 0.737305
vt1 0.040009 0.746826
vt1 0.103638 0.739014
vt1 0.104065 0.742676
vt1 0.058563 0.719727
vt1 0.087769 0.718994
vt1 0.040985 0.729736
vt1 0.110229 0.733398
vt1 0.121643 0.752319
vt1 0.036285 0.749268
vt1 0.024673 0.754028
vt1 0.035431 0.758179
vt1 0.032196 0.775513
vt1 0.034241 0.767334
vt1 0.035126 0.776489
vt1 0.038269 0.785278
vt1 0.025574 0.783447
vt1 0.043213 0.793213
vt1 0.043579 0.796753
vt1 0.037018 0.802490
vt1 0.052460 0.801270
vt1 0.059479 0.816895
vt1 0.066528 0.809570
vt1 0.063965 0.806152
vt1 0.073059 0.807251
vt1 0.088684 0.816040
vt1 0.082214 0.806396
vt1 0.095398 0.803345
vt1 0.091064 0.803223
vt1 0.098755 0.798462
vt1 0.106323 0.806152
vt1 0.107300 0.789062
vt1 0.110962 0.786499
vt1 0.122559 0.781738
vt1 0.111816 0.777588
vt1 0.115051 0.760254
vt1 0.112976 0.768433
vt1 0.112122 0.759277
vt1 0.108948 0.750488
vt1 -0.314941 -0.648438
vt1 -0.130493 -0.957031
vt1 -0.130493 -0.648438
vt1 -0.314941 -0.957031
vt1 -0.459961 -0.648438
vt1 -0.459961 -0.957031
vt1 -0.526367 -0.648438
vt1 -0.526367 -0.957031
vt1 -0.553223 -0.648438
vt1 -0.553223 -0.957031
vt1 -0.580566 -0.648438
vt1 -0.580566 -0.957031
vt1 -0.607422 -0.648438
vt1 -0.607422 -0.957031
vt1 -0.634277 -0.648438
vt1 -0.634277 -0.957031
vt1 -0.661133 -0.648438
vt1 -0.661133 -0.957031
vt1 -0.688477 -0.648438
vt1 -0.688477 -0.957031
vt1 -0.715332 -0.648438
vt1 -0.715332 -0.957031
vt1 -0.742188 -0.648438
vt1 -0.742188 -0.957031
vt1 -0.769043 -0.648438
vt1 -0.769043 -0.957031
vt1 -0.796387 -0.957031
vt1 -0.796387 -0.648438
vt1 -0.823242 -0.957031
vt1 -0.823242 -0.648438
vt1 -0.850098 -0.957031
vt1 -0.850098 -0.648438
vt1 -0.876953 -0.957031
vt1 -0.876953 -0.648438
vt1 -0.904297 -0.648438
vt1 -0.904297 -0.957031
vt1 -0.931152 -0.957031
vt1 -0.931152 -0.648438
vt1 -0.958008 -0.957031
vt1 -0.958008 -0.648438
vt1 -0.984863 -0.957031
vt1 -0.984863 -0.648438
vt1 -1.011719 -0.648438
vt1 -1.011719 -0.957031
vt1 -1.078125 -0.957031
vt1 -1.078125 -0.648438
vt1 -1.223633 -0.957031
vt1 -1.223633 -0.648438
vt1 -1.408203 -0.648438
vt1 -1.408203 -0.957031
vt1 0.478516 -0.523438
vt1 0.509766 -0.560547
vt1 0.480713 -0.521484
vt1 0.507812 -0.562500
vt1 0.510742 -0.561523
vt1 0.478516 -0.523438
vt1 0.509766 -0.564453
vt1 0.511719 -0.562500
vt1 0.507812 -0.562500
vt1 0.478027 -0.523438
vt1 0.512695 -0.563477
vt1 0.507812 -0.563477
vt1 0.478027 -0.523438
vt1 0.509766 -0.564453
vt1 0.511719 -0.565430
vt1 0.513672 -0.563477
vt1 0.509766 -0.565430
vt1 0.513672 -0.566406
vt1 0.514160 -0.563477
vt1 0.512207 -0.566406
vt1 0.515625 -0.566406
vt1 0.514648 -0.564453
vt1 0.515625 -0.563477
vt1 0.515625 -0.566406
vt1 0.517578 -0.565430
vt1 0.516602 -0.563477
vt1 0.514160 -0.567383
vt1 0.519043 -0.564453
vt1 0.517090 -0.562500
vt1 0.517090 -0.562500
vt1 0.517578 -0.566406
vt1 0.520020 -0.561523
vt1 0.517090 -0.561523
vt1 0.518555 -0.512695
vt1 0.521484 -0.512695
vt1 0.521484 -0.512695
vt1 0.520020 -0.561523
vt1 0.521973 -0.512695
vt1 0.519043 -0.564453
vt1 0.520508 -0.562500
vt1 0.519531 -0.565430
vt1 0.520508 -0.562500
vt1 0.522461 -0.512695
vt1 0.528809 -0.512695
vt1 0.517578 -0.566406
vt1 0.519531 -0.565430
vt1 0.527344 -0.563477
vt1 0.516113 -0.567383
vt1 0.517578 -0.566406
vt1 0.516113 -0.567383
vt1 0.529785 -0.567383
vt1 0.531250 -0.567383
vt1 0.528320 -0.565430
vt1 0.529785 -0.566406
vt1 0.528320 -0.565430
vt1 0.527344 -0.562500
vt1 0.528809 -0.512695
vt1 0.529297 -0.512695
vt1 0.531250 -0.567383
vt1 0.527832 -0.562500
vt1 0.529785 -0.512695
vt1 0.528320 -0.564453
vt1 0.529785 -0.566406
vt1 0.527832 -0.562500
vt1 0.532227 -0.512695
vt1 0.530762 -0.561523
vt1 0.530273 -0.562500
vt1 0.528320 -0.564453
vt1 0.530762 -0.563477
vt1 0.531250 -0.563477
vt1 0.529785 -0.566406
vt1 0.531738 -0.564453
vt1 0.532227 -0.567383
vt1 0.532227 -0.567383
vt1 0.532715 -0.564453
vt1 0.533691 -0.564453
vt1 0.534180 -0.567383
vt1 0.534180 -0.564453
vt1 0.533691 -0.567383
vt1 0.535156 -0.567383
vt1 0.535645 -0.566406
vt1 0.535156 -0.564453
vt1 0.537598 -0.565430
vt1 0.536133 -0.563477
vt1 0.537109 -0.562500
vt1 0.537598 -0.565430
vt1 0.539551 -0.563477
vt1 0.538086 -0.561523
vt1 0.569824 -0.524414
vt1 0.571777 -0.526367
vt1 0.571777 -0.526367
vt1 0.540039 -0.564453
vt1 0.572266 -0.526367
vt1 0.540039 -0.564453
vt1 0.572266 -0.526367
vt1 0.537598 -0.566406
vt1 0.540039 -0.564453
vt1 0.535645 -0.567383
vt1 0.537598 -0.566406
vt1 0.535156 -0.567383
vt1 0.560547 -0.546875
vt1 0.575195 -0.529297
vt1 0.575195 -0.529297
vt1 0.560547 -0.546875
vt1 0.548828 -0.559570
vt1 0.548828 -0.559570
vt1 0.543457 -0.566406
vt1 0.541016 -0.567383
vt1 0.539551 -0.569336
vt1 0.538086 -0.570312
vt1 0.536133 -0.572266
vt1 0.533691 -0.574219
vt1 0.531250 -0.575195
vt1 0.528320 -0.576172
vt1 0.533203 -0.568359
vt1 0.525879 -0.576172
vt1 0.523438 -0.576172
vt1 0.514160 -0.567383
vt1 0.520996 -0.576172
vt1 0.518555 -0.575195
vt1 0.512207 -0.567383
vt1 0.516113 -0.574219
vt1 0.513184 -0.573242
vt1 0.511230 -0.571289
vt1 0.511719 -0.566406
vt1 0.510254 -0.565430
vt1 0.509277 -0.569336
vt1 0.507812 -0.568359
vt1 0.506348 -0.566406
vt1 0.507812 -0.563477
vt1 0.504395 -0.564453
vt1 0.499268 -0.558594
vt1 0.499268 -0.558594
vt1 0.488525 -0.543945
vt1 0.488525 -0.543945
vt1 0.474854 -0.525391
vt1 0.474854 -0.525391
vt1 0.551270 -0.509766
vt1 0.520996 -0.470703
vt1 0.548828 -0.511719
vt1 0.522949 -0.468750
vt1 0.520508 -0.469727
vt1 0.551270 -0.509766
vt1 0.521484 -0.466797
vt1 0.519531 -0.468750
vt1 0.523438 -0.468750
vt1 0.551758 -0.509766
vt1 0.518555 -0.468750
vt1 0.523438 -0.467773
vt1 0.551758 -0.508789
vt1 0.521484 -0.466797
vt1 0.519531 -0.465820
vt1 0.517578 -0.467773
vt1 0.521484 -0.465820
vt1 0.517578 -0.464844
vt1 0.517090 -0.467773
vt1 0.519043 -0.464844
vt1 0.515625 -0.464844
vt1 0.516113 -0.467773
vt1 0.515137 -0.467773
vt1 0.515625 -0.464844
vt1 0.513672 -0.465820
vt1 0.514648 -0.467773
vt1 0.512207 -0.466797
vt1 0.514160 -0.468750
vt1 0.513672 -0.468750
vt1 0.513672 -0.465820
vt1 0.511230 -0.469727
vt1 0.513672 -0.469727
vt1 0.510254 -0.518555
vt1 0.507812 -0.518555
vt1 0.507324 -0.518555
vt1 0.511230 -0.468750
vt1 0.507324 -0.518555
vt1 0.511719 -0.466797
vt1 0.510742 -0.468750
vt1 0.510254 -0.468750
vt1 0.506836 -0.518555
vt1 0.511719 -0.465820
vt1 0.513672 -0.464844
vt1 0.511719 -0.465820
vt1 0.503906 -0.467773
vt1 0.500488 -0.518555
vt1 0.502930 -0.464844
vt1 0.513672 -0.464844
vt1 0.515137 -0.464844
vt1 0.517090 -0.464844
vt1 0.515137 -0.463867
vt1 0.501465 -0.463867
vt1 0.519531 -0.464844
vt1 0.517090 -0.463867
vt1 0.519043 -0.464844
vt1 0.520996 -0.465820
vt1 0.508301 -0.455078
vt1 0.510742 -0.455078
vt1 0.513184 -0.456055
vt1 0.515625 -0.457031
vt1 0.518066 -0.458008
vt1 0.520020 -0.459961
vt1 0.521973 -0.461914
vt1 0.523438 -0.463867
vt1 0.524902 -0.464844
vt1 0.523438 -0.467773
vt1 0.526855 -0.466797
vt1 0.531738 -0.473633
vt1 0.531738 -0.473633
vt1 0.541992 -0.488281
vt1 0.541992 -0.488281
vt1 0.555176 -0.506836
vt1 0.555176 -0.506836
vt1 0.499023 -0.462891
vt1 0.505859 -0.454102
vt1 0.503418 -0.455078
vt1 0.500000 -0.462891
vt1 0.496338 -0.462891
vt1 0.500488 -0.456055
vt1 0.498047 -0.457031
vt1 0.495605 -0.458008
vt1 0.498047 -0.462891
vt1 0.501465 -0.463867
vt1 0.493896 -0.463867
vt1 0.493652 -0.459961
vt1 0.491943 -0.460938
vt1 0.490234 -0.462891
vt1 0.495850 -0.462891
vt1 0.491455 -0.465820
vt1 0.488037 -0.463867
vt1 0.493652 -0.463867
vt1 0.496338 -0.463867
vt1 0.499512 -0.463867
vt1 0.493408 -0.464844
vt1 0.501465 -0.464844
vt1 0.491455 -0.465820
vt1 0.502930 -0.465820
vt1 0.503906 -0.468750
vt1 0.500000 -0.518555
vt1 0.500000 -0.518555
vt1 0.502930 -0.465820
vt1 0.503418 -0.468750
vt1 0.499756 -0.518555
vt1 0.501465 -0.464844
vt1 0.502441 -0.466797
vt1 0.502930 -0.468750
vt1 0.496826 -0.517578
vt1 0.500488 -0.468750
vt1 0.500488 -0.467773
vt1 0.500488 -0.467773
vt1 0.500000 -0.466797
vt1 0.499512 -0.466797
vt1 0.499268 -0.463867
vt1 0.498535 -0.465820
vt1 0.497803 -0.465820
vt1 0.497314 -0.463867
vt1 0.497070 -0.465820
vt1 0.495605 -0.463867
vt1 0.496094 -0.466797
vt1 0.493652 -0.464844
vt1 0.495117 -0.466797
vt1 0.494141 -0.467773
vt1 0.491455 -0.466797
vt1 0.491455 -0.466797
vt1 0.493164 -0.468750
vt1 0.459717 -0.504883
vt1 0.457520 -0.502930
vt1 0.457520 -0.502930
vt1 0.457275 -0.501953
vt1 0.457031 -0.501953
vt1 0.469971 -0.483398
vt1 0.454346 -0.500000
vt1 0.454346 -0.500000
vt1 0.469971 -0.483398
vt1 0.482178 -0.469727
vt1 0.482178 -0.469727
vt1 0.485840 0.917664
vt1 0.605957 0.931824
vt1 0.485840 0.931824
vt1 0.605957 0.917664
vt1 0.485840 0.936951
vt1 0.701172 0.931824
vt1 0.701172 0.917664
vt1 0.605957 0.936951
vt1 0.485840 0.965668
vt1 0.701172 0.936951
vt1 0.605957 0.965668
vt1 0.485840 0.971191
vt1 0.744629 0.931824
vt1 0.744629 0.917664
vt1 0.744629 0.936951
vt1 0.761230 0.931824
vt1 0.761230 0.917664
vt1 0.701172 0.965668
vt1 0.776855 0.931824
vt1 0.776855 0.917664
vt1 0.761230 0.936951
vt1 0.744629 0.965668
vt1 0.792969 0.931824
vt1 0.792969 0.917664
vt1 0.776855 0.936951
vt1 0.808594 0.931824
vt1 0.808594 0.917664
vt1 0.792969 0.936951
vt1 0.824707 0.917664
vt1 0.761230 0.965668
vt1 0.824707 0.931824
vt1 0.841309 0.917664
vt1 0.744629 0.971191
vt1 0.841309 0.931824
vt1 0.857910 0.917664
vt1 0.824707 0.936951
vt1 0.857910 0.931824
vt1 0.873535 0.917664
vt1 0.808594 0.936951
vt1 0.873535 0.931824
vt1 0.889160 0.917664
vt1 0.857910 0.936951
vt1 0.841309 0.936951
vt1 0.873535 0.936951
vt1 0.824707 0.965668
vt1 0.850586 0.966064
vt1 0.808594 0.965668
vt1 0.831543 0.971191
vt1 0.792969 0.965668
vt1 0.808594 0.971191
vt1 0.776855 0.965668
vt1 0.792969 0.971191
vt1 0.761230 0.971191
vt1 0.776855 0.971191
vt1 0.807617 0.989632
vt1 0.791992 0.989632
vt1 0.824707 0.989632
vt1 0.777344 0.989632
vt1 0.762695 0.989632
vt1 0.841797 0.989632
vt1 0.745117 0.989632
vt1 0.857910 0.971191
vt1 0.858398 0.989632
vt1 0.701172 0.971191
vt1 0.701172 0.989632
vt1 0.606445 0.989632
vt1 0.605957 0.971191
vt1 0.485840 0.989632
vt1 0.873535 0.971191
vt1 0.874023 0.989632
vt1 0.873535 0.965668
vt1 0.897949 0.971512
vt1 0.889160 0.989632
vt1 0.904297 0.989632
vt1 0.919922 0.989632
vt1 0.897949 0.964874
vt1 0.889160 0.936951
vt1 0.920410 0.971191
vt1 0.937012 0.989632
vt1 0.889160 0.931824
vt1 0.904785 0.931824
vt1 0.904785 0.917664
vt1 0.904785 0.936951
vt1 0.920410 0.965668
vt1 0.920410 0.936951
vt1 0.920410 0.931824
vt1 0.920410 0.917664
vt1 0.937012 0.931824
vt1 0.937012 0.917664
vt1 0.943848 0.965759
vt1 0.937012 0.936951
vt1 0.953613 0.931824
vt1 0.953613 0.917664
vt1 0.953613 0.936951
vt1 0.969727 0.931824
vt1 0.969727 0.917664
vt1 0.985352 0.917664
vt1 0.969727 0.965668
vt1 0.985352 0.931824
vt1 1.000977 0.917664
vt1 0.969727 0.936951
vt1 0.985352 0.936951
vt1 1.000977 0.931824
vt1 1.016602 0.917664
vt1 0.985352 0.965668
vt1 1.016602 0.931824
vt1 1.034180 0.917664
vt1 1.000977 0.936951
vt1 1.034180 0.931824
vt1 1.077148 0.917664
vt1 1.016602 0.936951
vt1 1.077148 0.931824
vt1 1.171875 0.917664
vt1 1.034180 0.936951
vt1 1.171875 0.931824
vt1 1.291992 0.917664
vt1 1.291992 0.931824
vt1 1.291992 0.936951
vt1 1.077148 0.936951
vt1 1.171875 0.936951
vt1 1.291992 0.965668
vt1 1.171875 0.965668
vt1 1.291992 0.971191
vt1 1.077148 0.965668
vt1 1.171875 0.971191
vt1 1.291992 0.989632
vt1 1.171875 0.989632
vt1 1.077148 0.971191
vt1 1.077148 0.989632
vt1 1.033203 0.989632
vt1 1.034180 0.971191
vt1 1.015625 0.989632
vt1 1.034180 0.965668
vt1 1.016602 0.971191
vt1 1.000977 0.989632
vt1 1.016602 0.965668
vt1 1.000977 0.971191
vt1 0.986816 0.989632
vt1 1.000977 0.965668
vt1 0.985352 0.971191
vt1 0.970703 0.989632
vt1 0.969727 0.971191
vt1 0.953613 0.989632
vt1 0.945801 0.970871
vt1 0.480957 0.931885
vt1 0.360840 0.931885
vt1 0.480957 0.917664
vt1 0.480957 0.936951
vt1 0.360840 0.917664
vt1 0.360840 0.936951
vt1 0.480957 0.965668
vt1 0.266113 0.931885
vt1 0.266113 0.917664
vt1 0.266113 0.936951
vt1 0.360840 0.965668
vt1 0.480957 0.971191
vt1 0.222534 0.931885
vt1 0.222534 0.917664
vt1 0.222534 0.936951
vt1 0.205444 0.931885
vt1 0.205444 0.917664
vt1 0.266113 0.965668
vt1 0.189819 0.931885
vt1 0.189819 0.917664
vt1 0.205444 0.936951
vt1 0.222534 0.965668
vt1 0.174072 0.931885
vt1 0.174072 0.917664
vt1 0.189819 0.936951
vt1 0.158203 0.931885
vt1 0.158203 0.917664
vt1 0.174072 0.936951
vt1 0.141968 0.917664
vt1 0.205444 0.965668
vt1 0.141968 0.931885
vt1 0.125366 0.917664
vt1 0.222534 0.971191
vt1 0.125366 0.931885
vt1 0.108887 0.917664
vt1 0.141968 0.936951
vt1 0.108887 0.931885
vt1 0.093140 0.917664
vt1 0.158203 0.936951
vt1 0.093140 0.931885
vt1 0.077698 0.917664
vt1 0.108887 0.936951
vt1 0.125366 0.936951
vt1 0.093140 0.936951
vt1 0.141968 0.965668
vt1 0.116150 0.966064
vt1 0.158203 0.965668
vt1 0.135132 0.971191
vt1 0.174072 0.965668
vt1 0.158203 0.971191
vt1 0.189819 0.965668
vt1 0.174072 0.971191
vt1 0.141968 0.989624
vt1 0.158203 0.989624
vt1 0.125366 0.989624
vt1 0.174072 0.989624
vt1 0.108887 0.971191
vt1 0.108887 0.989624
vt1 0.189819 0.971191
vt1 0.189819 0.989624
vt1 0.205444 0.971191
vt1 0.205444 0.989624
vt1 0.222534 0.989624
vt1 0.266113 0.971191
vt1 0.266113 0.989624
vt1 0.360840 0.989624
vt1 0.360840 0.971191
vt1 0.480957 0.989624
vt1 0.093140 0.971191
vt1 0.093140 0.989624
vt1 0.093140 0.965668
vt1 0.069092 0.971512
vt1 0.077698 0.989624
vt1 0.062286 0.989624
vt1 0.046509 0.989624
vt1 0.069092 0.964874
vt1 0.077698 0.936951
vt1 0.046509 0.971191
vt1 0.030029 0.989624
vt1 0.077698 0.931885
vt1 0.062286 0.931885
vt1 0.062286 0.917664
vt1 0.062286 0.936951
vt1 0.046509 0.965668
vt1 0.046509 0.936951
vt1 0.046509 0.931885
vt1 0.046509 0.917664
vt1 0.030029 0.931885
vt1 0.030029 0.917664
vt1 0.023102 0.965759
vt1 0.030029 0.936951
vt1 0.013374 0.931885
vt1 0.013374 0.917664
vt1 0.013374 0.936951
vt1 -0.002863 0.931885
vt1 -0.002863 0.917664
vt1 -0.018723 0.917664
vt1 -0.002863 0.965668
vt1 -0.018723 0.931885
vt1 -0.034424 0.917664
vt1 -0.002863 0.936951
vt1 -0.018723 0.936951
vt1 -0.034424 0.931885
vt1 -0.050110 0.917664
vt1 -0.018723 0.965668
vt1 -0.050110 0.931885
vt1 -0.067200 0.917664
vt1 -0.034424 0.936951
vt1 -0.067200 0.931885
vt1 -0.110718 0.917664
vt1 -0.050110 0.936951
vt1 -0.067200 0.936951
vt1 -0.110718 0.931885
vt1 -0.205444 0.917664
vt1 -0.067200 0.965668
vt1 -0.205444 0.931885
vt1 -0.325684 0.917664
vt1 -0.325684 0.931885
vt1 -0.325684 0.936951
vt1 -0.110718 0.936951
vt1 -0.205444 0.936951
vt1 -0.325684 0.965668
vt1 -0.110718 0.965668
vt1 -0.205444 0.965668
vt1 -0.325684 0.971191
vt1 -0.205444 0.971191
vt1 -0.325684 0.989624
vt1 -0.205444 0.989624
vt1 -0.110718 0.971191
vt1 -0.110718 0.989624
vt1 -0.067200 0.989624
vt1 -0.067200 0.971191
vt1 -0.050110 0.989624
vt1 -0.050110 0.965668
vt1 -0.050110 0.971191
vt1 -0.034424 0.989624
vt1 -0.034424 0.965668
vt1 -0.034424 0.971191
vt1 -0.018723 0.989624
vt1 -0.018723 0.971191
vt1 -0.002863 0.989624
vt1 -0.002863 0.971191
vt1 0.013374 0.989624
vt1 0.021286 0.970871
vt1 0.833008 0.281738
vt1 0.758789 0.679932
vt1 0.758789 0.281738
vt1 0.833008 0.679443
vt1 0.760254 0.691406
vt1 0.831543 0.691406
vt1 0.827148 0.701172
vt1 0.820312 0.709717
vt1 0.810059 0.716064
vt1 0.801758 0.718262
vt1 0.792969 0.718750
vt1 0.779785 0.715332
vt1 0.770020 0.708008
vt1 0.764648 0.701416
vt1 0.618652 0.680176
vt1 0.619629 0.282227
vt1 0.693848 0.282227
vt1 0.692871 0.679932
vt1 0.620117 0.691895
vt1 0.691406 0.691895
vt1 0.687012 0.701904
vt1 0.680176 0.710205
vt1 0.669922 0.716553
vt1 0.661133 0.718750
vt1 0.652832 0.719238
vt1 0.639648 0.715820
vt1 0.629883 0.708496
vt1 0.624512 0.701660
vt1 0.571777 0.679932
vt1 0.498047 0.281738
vt1 0.571777 0.281738
vt1 0.498047 0.679688
vt1 0.499512 0.691406
vt1 0.570312 0.691406
vt1 0.566406 0.701172
vt1 0.561035 0.708008
vt1 0.550781 0.715576
vt1 0.537598 0.718750
vt1 0.529297 0.718262
vt1 0.520996 0.716064
vt1 0.510742 0.709961
vt1 0.503418 0.701416
vt1 0.380371 0.679199
vt1 0.307129 0.280762
vt1 0.381348 0.281250
vt1 0.306396 0.678955
vt1 0.307617 0.690674
vt1 0.378906 0.690918
vt1 0.374512 0.700684
vt1 0.369141 0.707520
vt1 0.358887 0.715088
vt1 0.346191 0.718018
vt1 0.337402 0.717773
vt1 0.329102 0.715332
vt1 0.319336 0.709473
vt1 0.312012 0.700684
vn 0.354331 0.834646 0.425197
vn -0.078740 0.897638 0.440945
vn 0.133858 0.826772 0.551181
vn 0.094488 0.913386 0.401575
vn -0.275591 0.874016 0.393701
vn 0.433071 0.811024 0.393701
vn -0.346457 0.834646 0.425197
vn 0.590551 0.677165 0.433071
vn -0.637795 0.661417 0.393701
vn 0.700787 0.590551 0.393701
vn -0.590551 0.677165 0.433071
vn 0.795276 0.409449 0.440945
vn -0.803150 0.409449 0.440945
vn 0.874016 0.275591 0.393701
vn -0.850394 0.354331 0.393701
vn 0.889764 0.157480 0.425197
vn -0.897638 0.102362 0.425197
vn 0.897638 -0.102362 0.425197
vn -0.913386 0.070866 0.393701
vn 0.913386 -0.070866 0.393701
vn -0.874016 -0.275590 0.393701
vn 0.850394 -0.354331 0.393701
vn -0.889764 -0.157480 0.425197
vn 0.795276 -0.409449 0.440945
vn -0.795276 -0.409449 0.440945
vn 0.692913 -0.598425 0.393701
vn -0.700787 -0.590551 0.393701
vn 0.590551 -0.677165 0.433071
vn -0.590551 -0.677165 0.433071
vn 0.440945 -0.803149 0.393701
vn -0.433071 -0.811023 0.393701
vn 0.346457 -0.834646 0.425197
vn -0.354331 -0.834646 0.425197
vn 0.141732 -0.905512 0.401575
vn -0.094488 -0.913386 0.401575
vn 0.078740 -0.897638 0.440945
vn -0.133858 -0.826771 0.551181
vn 0.000000 -0.000000 -1.000000
vn 0.000000 -0.000000 -1.000000
vn 0.000000 -0.000000 -1.000000
vn 0.000000 -0.000000 -1.000000
vn 0.000000 -0.000000 -1.000000
vn 0.000000 -0.000000 -1.000000
vn 0.000000 -0.000000 -1.000000
vn 0.000000 -0.000000 -1.000000
vn 0.000000 -0.000000 -1.000000
vn 0.000000 -0.000000 -1.000000
vn 0.000000 -0.000000 -1.000000
vn 0.000000 -0.000000 -1.000000
vn 0.000000 -0.000000 -1.000000
vn 0.000000 -0.000000 -1.000000
vn 0.000000 -0.000000 -1.000000
vn 0.000000 -0.000000 -1.000000
vn 0.000000 0.000000 1.000000
vn 0.000000 0.000000 1.000000
vn 0.000000 0.000000 1.000000
vn 0.000000 0.000000 1.000000
vn 0.000000 0.000000 1.000000
vn 0.000000 0.000000 1.000000
vn 0.000000 0.000000 1.000000
vn 0.000000 0.000000 1.000000
vn 0.000000 0.000000 1.000000
vn 0.000000 0.000000 1.000000
vn 0.000000 0.000000 1.000000
vn 0.000000 0.000000 1.000000
vn 0.000000 0.000000 1.000000
vn 0.000000 0.000000 1.000000
vn 0.000000 0.000000 1.000000
vn 0.000000 0.000000 1.000000
vn 0.000000 0.000000 1.000000
vn -0.078740 0.811023 -0.582677
vn -0.338583 0.842520 -0.425197
vn 0.133858 0.897638 -0.417323
vn -0.078740 0.913386 -0.393701
vn -0.346457 0.850394 -0.393701
vn 0.314961 0.866142 -0.393701
vn -0.629921 0.669291 -0.393701
vn 0.409449 0.795275 -0.440945
vn -0.590551 0.677165 -0.433071
vn 0.669291 0.629921 -0.393701
vn -0.795276 0.409449 -0.440945
vn 0.677165 0.590551 -0.433071
vn -0.866142 0.314961 -0.393701
vn 0.842520 0.338583 -0.425197
vn -0.897638 0.133858 -0.417323
vn 0.850394 0.346457 -0.393701
vn -0.913386 -0.078740 -0.393701
vn 0.913386 0.078740 -0.393701
vn -0.842520 -0.338583 -0.425197
vn -0.811024 -0.078740 -0.582677
vn -0.850394 -0.346457 -0.393701
vn -0.669291 -0.629921 -0.393701
vn -0.677165 -0.590551 -0.433071
vn -0.409449 -0.803150 -0.440945
vn -0.314961 -0.866142 -0.393701
vn -0.133858 -0.897638 -0.417323
vn 0.078740 -0.913386 -0.393701
vn 0.338583 -0.842520 -0.425197
vn 0.078740 -0.811024 -0.582677
vn 0.346457 -0.850394 -0.393701
vn 0.629921 -0.669291 -0.393701
vn 0.590551 -0.677165 -0.433071
vn 0.803150 -0.409449 -0.440945
vn 0.858268 -0.314961 -0.393701
vn 0.897638 -0.133858 -0.417323
vn 0.811024 0.078740 -0.582677
vn 0.015748 0.007874 1.000000
vn 0.015748 0.007874 1.000000
vn 0.015748 0.007874 1.000000
vn 0.007874 0.015748 1.000000
vn 0.015748 0.000000 1.000000
vn 0.007874 0.015748 1.000000
vn 0.015748 0.000000 1.000000
vn 0.007874 0.015748 1.000000
vn 0.015748 0.000000 1.000000
vn 0.007874 0.015748 1.000000
vn 0.015748 0.000000 1.000000
vn 0.000000 0.015748 1.000000
vn 0.015748 -0.007874 1.000000
vn 0.000000 0.015748 1.000000
vn 0.015748 -0.007874 1.000000
vn 0.000000 0.015748 1.000000
vn 0.015748 -0.007874 1.000000
vn 0.000000 0.015748 1.000000
vn 0.007874 -0.015748 1.000000
vn -0.007874 0.015748 1.000000
vn 0.007874 -0.015748 1.000000
vn -0.007874 0.015748 1.000000
vn 0.007874 -0.015748 1.000000
vn -0.007874 0.015748 1.000000
vn 0.007874 -0.015748 1.000000
vn -0.007874 0.015748 1.000000
vn 0.000000 -0.015748 1.000000
vn -0.015748 0.007874 1.000000
vn 0.000000 -0.015748 1.000000
vn -0.015748 0.007874 1.000000
vn 0.000000 -0.015748 1.000000
vn -0.015748 0.007874 1.000000
vn 0.000000 -0.015748 1.000000
vn -0.015748 0.000000 1.000000
vn -0.007874 -0.015748 1.000000
vn -0.015748 0.000000 1.000000
vn -0.007874 -0.015748 1.000000
vn -0.015748 0.000000 1.000000
vn -0.007874 -0.015748 1.000000
vn -0.015748 0.000000 1.000000
vn -0.007874 -0.015748 1.000000
vn -0.015748 -0.007874 1.000000
vn -0.015748 -0.007874 1.000000
vn -0.015748 -0.007874 1.000000
vn -0.015748 0.007874 -1.000000
vn -0.015748 0.007874 -1.000000
vn -0.015748 0.007874 -1.000000
vn -0.007874 0.015748 -1.000000
vn -0.015748 -0.000000 -1.000000
vn -0.007874 0.015748 -1.000000
vn -0.015748 -0.000000 -1.000000
vn -0.007874 0.015748 -1.000000
vn -0.015748 -0.000000 -1.000000
vn -0.007874 0.015748 -1.000000
vn -0.015748 -0.000000 -1.000000
vn 0.000000 0.015748 -1.000000
vn -0.015748 -0.007874 -1.000000
vn 0.000000 0.015748 -1.000000
vn -0.015748 -0.007874 -1.000000
vn 0.000000 0.015748 -1.000000
vn -0.015748 -0.007874 -1.000000
vn 0.000000 0.015748 -1.000000
vn -0.015748 -0.007874 -1.000000
vn 0.007874 0.015748 -1.000000
vn -0.007874 -0.015748 -1.000000
vn 0.007874 0.015748 -1.000000
vn -0.007874 -0.015748 -1.000000
vn 0.007874 0.015748 -1.000000
vn -0.007874 -0.015748 -1.000000
vn 0.015748 0.007874 -1.000000
vn 0.000000 -0.015748 -1.000000
vn 0.015748 0.007874 -1.000000
vn 0.000000 -0.015748 -1.000000
vn 0.015748 0.007874 -1.000000
vn 0.000000 -0.015748 -1.000000
vn 0.015748 0.007874 -1.000000
vn 0.000000 -0.015748 -1.000000
vn 0.015748 -0.000000 -1.000000
vn 0.007874 -0.015748 -1.000000
vn 0.015748 -0.000000 -1.000000
vn 0.007874 -0.015748 -1.000000
vn 0.015748 -0.000000 -1.000000
vn 0.007874 -0.015748 -1.000000
vn 0.015748 -0.000000 -1.000000
vn 0.007874 -0.015748 -1.000000
vn 0.015748 -0.007874 -1.000000
vn 0.015748 -0.007874 -1.000000
vn 0.015748 -0.007874 -1.000000
vn 0.480315 -0.787401 0.393701
vn 0.401575 -0.913386 0.062992
vn 0.283465 -0.874016 0.393701
vn 0.700787 -0.598425 0.385827
vn 0.070866 -0.921260 0.385827
vn 0.818898 -0.566929 0.062992
vn 0.850394 -0.354331 0.385827
vn -0.141732 -0.992126 0.062992
vn -0.141732 -0.913386 0.393701
vn -0.354331 -0.850394 0.377953
vn 0.535433 -0.842520 0.000000
vn 0.165354 -0.984252 0.000000
vn 0.905512 -0.417323 0.000000
vn -0.417323 -0.905512 0.000000
vn 0.992126 -0.141732 0.062992
vn 0.913386 -0.141732 0.393701
vn 0.984252 0.165354 -0.000000
vn 0.921260 0.070866 0.385827
vn 0.913386 0.401575 0.062992
vn 0.874016 0.283465 0.393701
vn 0.787402 0.480315 0.393701
vn 0.842520 0.535433 -0.000000
vn 0.598425 0.700787 0.385827
vn 0.566929 0.818897 0.062992
vn 0.417323 0.905512 -0.000000
vn 0.354331 0.850394 0.377953
vn 0.141732 0.992126 0.062992
vn 0.141732 0.913386 0.393701
vn -0.165354 0.984252 -0.000000
vn -0.070866 0.921260 0.385827
vn -0.401575 0.913386 0.062992
vn -0.283465 0.874016 0.393701
vn -0.480315 0.787401 0.393701
vn -0.535433 0.842520 -0.000000
vn -0.700787 0.598425 0.385827
vn -0.818898 0.566929 0.062992
vn -0.905512 0.417323 -0.000000
vn -0.850394 0.354331 0.385827
vn -0.992126 0.141732 0.062992
vn -0.913386 0.141732 0.393701
vn -0.984252 -0.165354 0.000000
vn -0.921260 -0.070866 0.385827
vn -0.913386 -0.401575 0.062992
vn -0.874016 -0.283464 0.393701
vn -0.787402 -0.480315 0.393701
vn -0.842520 -0.535433 0.000000
vn -0.598425 -0.700787 0.385827
vn -0.566929 -0.818897 0.062992
vn 0.299213 -0.952756 -0.055118
vn 0.354331 -0.858268 -0.377953
vn 0.141732 -0.913386 -0.393701
vn -0.070866 -0.921260 -0.385827
vn 0.598425 -0.700787 -0.385827
vn -0.393701 -0.913386 -0.062992
vn -0.283465 -0.874016 -0.393701
vn -0.480315 -0.787401 -0.393701
vn -0.700787 -0.598425 -0.385827
vn 0.811024 -0.582677 -0.062992
vn 0.779528 -0.480315 -0.393701
vn -0.165354 -0.984252 0.000000
vn 0.409449 -0.913386 0.000000
vn -0.535433 -0.842520 0.000000
vn 0.811024 -0.582677 0.000000
vn 0.984252 -0.173228 0.000000
vn -0.818898 -0.566929 -0.062992
vn -0.905512 -0.417323 0.000000
vn -0.850394 -0.354331 -0.377953
vn -1.000000 0.031496 -0.062992
vn -0.913386 -0.141732 -0.393701
vn -0.921260 0.070866 -0.385827
vn -0.874016 0.283464 -0.393701
vn -0.984252 0.173228 -0.000000
vn -0.779528 0.480315 -0.393701
vn -0.811024 0.582677 -0.062992
vn -0.811024 0.582677 -0.000000
vn -0.598425 0.700787 -0.385827
vn -0.409449 0.913386 -0.000000
vn -0.299213 0.952756 -0.055118
vn -0.354331 0.858268 -0.377953
vn -0.141732 0.913386 -0.393701
vn 0.165354 0.984252 -0.000000
vn 0.070866 0.921260 -0.385827
vn 0.393701 0.913386 -0.062992
vn 0.283465 0.874016 -0.393701
vn 0.480315 0.787401 -0.393701
vn 0.535433 0.842520 -0.000000
vn 0.700787 0.598425 -0.385827
vn 0.818898 0.566929 -0.062992
vn 0.905512 0.417323 -0.000000
vn 0.850394 0.354331 -0.377953
vn 1.000000 -0.031496 -0.062992
vn 0.913386 0.141732 -0.393701
vn 0.921260 -0.070866 -0.385827
vn 0.874016 -0.283465 -0.393701
vn -1.000000 0.000000 0.000000
vn -1.000000 0.000000 0.000000
vn -1.000000 0.000000 0.000000
vn -1.000000 0.000000 0.000000
vn -1.000000 0.023622 -0.000000
vn -1.000000 0.023622 -0.000000
vn -0.992126 0.102362 -0.000000
vn -0.992126 0.102362 -0.000000
vn -0.952756 0.307087 -0.000000
vn -0.952756 0.307087 -0.000000
vn -0.889764 0.456693 -0.000000
vn -0.889764 0.456693 -0.000000
vn -0.811024 0.590551 -0.000000
vn -0.811024 0.590551 -0.000000
vn -0.708661 0.708661 -0.000000
vn -0.708661 0.708661 -0.000000
vn -0.590551 0.811023 -0.000000
vn -0.590551 0.811023 -0.000000
vn -0.456693 0.889764 -0.000000
vn -0.456693 0.889764 -0.000000
vn -0.307087 0.952756 -0.000000
vn -0.307087 0.952756 -0.000000
vn -0.157480 0.984252 -0.000000
vn -0.157480 0.984252 -0.000000
vn 0.000000 1.000000 -0.000000
vn 0.000000 1.000000 -0.000000
vn 0.157480 0.984252 -0.000000
vn 0.157480 0.984252 -0.000000
vn 0.307087 0.952756 -0.000000
vn 0.307087 0.952756 -0.000000
vn 0.456693 0.889764 -0.000000
vn 0.456693 0.889764 -0.000000
vn 0.590551 0.811023 -0.000000
vn 0.590551 0.811023 -0.000000
vn 0.708661 0.708661 -0.000000
vn 0.708661 0.708661 -0.000000
vn 0.811024 0.590551 -0.000000
vn 0.811024 0.590551 -0.000000
vn 0.889764 0.456693 -0.000000
vn 0.889764 0.456693 -0.000000
vn 0.952756 0.307087 -0.000000
vn 0.952756 0.307087 -0.000000
vn 0.992126 0.102362 -0.000000
vn 0.992126 0.102362 -0.000000
vn 1.000000 0.023622 -0.000000
vn 1.000000 0.023622 -0.000000
vn 1.000000 0.000000 0.000000
vn 1.000000 0.000000 0.000000
vn 1.000000 0.000000 0.000000
vn 1.000000 0.000000 0.000000
vn 1.000000 0.000000 0.039370
vn 1.000000 0.000000 0.015748
vn 1.000000 0.000000 0.015748
vn 1.000000 -0.007874 0.039370
vn 0.968504 -0.244094 0.015748
vn 0.795276 0.000000 0.606299
vn 0.866142 -0.496063 0.039370
vn 0.850394 -0.519685 0.015748
vn 0.795276 -0.007874 0.606299
vn 0.661417 0.000000 0.748031
vn 0.661417 -0.748031 0.015748
vn 0.661417 -0.007874 0.755905
vn 0.031496 0.000000 1.000000
vn 0.692913 -0.393701 0.606299
vn 0.566929 -0.818897 0.039370
vn 0.385827 -0.921260 0.015748
vn 0.551181 -0.362205 0.748031
vn 0.236220 -0.968504 0.039370
vn 0.157480 -0.984252 0.015748
vn 0.362205 -0.716535 0.598425
vn -0.165354 -0.984252 0.039370
vn -0.078740 -1.000000 0.015748
vn -0.433071 -0.905512 0.015748
vn -0.118110 -0.787401 0.606299
vn -0.574803 -0.818897 0.039370
vn -0.708661 -0.708661 0.015748
vn 0.094488 -0.653543 0.748031
vn -0.866142 -0.496063 0.039370
vn -0.850394 -0.519685 0.015748
vn -0.968504 -0.244094 0.015748
vn -0.456693 -0.645669 0.606299
vn -1.000000 -0.007874 0.039370
vn -1.000000 -0.007874 0.015748
vn -1.000000 0.000000 0.015748
vn -1.000000 0.000000 0.039370
vn -0.795276 0.000000 0.606299
vn -0.795276 -0.007874 0.606299
vn -0.661417 0.000000 0.748031
vn -0.692913 -0.393701 0.606299
vn -0.661417 -0.015748 0.748031
vn -0.551181 -0.362205 0.748031
vn -0.015748 0.000000 1.000000
vn -0.015748 0.000000 1.000000
vn 0.015748 0.000000 1.000000
vn -0.362205 -0.551181 0.755905
vn -0.015748 -0.007874 1.000000
vn 0.015748 0.000000 1.000000
vn -0.173228 -0.637795 0.748031
vn -0.007874 -0.015748 1.000000
vn 0.000000 0.000000 1.000000
vn 0.007874 -0.015748 1.000000
vn 0.000000 0.000000 1.000000
vn 0.015748 -0.007874 1.000000
vn 0.362205 -0.551181 0.755905
vn 0.551181 -0.362205 0.748031
vn 0.661417 -0.007874 0.748031
vn 0.661417 0.000000 0.748031
vn 0.795276 0.000000 0.606299
vn 0.173228 -0.637795 0.748031
vn 0.795276 -0.007874 0.614173
vn 1.000000 0.000000 0.039370
vn 0.692913 -0.393701 0.606299
vn 0.456693 -0.645669 0.606299
vn 1.000000 -0.007874 0.039370
vn 1.000000 0.000000 0.015748
vn 1.000000 -0.007874 0.015748
vn 0.968504 -0.244094 0.015748
vn 0.866142 -0.496063 0.039370
vn 0.850394 -0.519685 0.015748
vn 0.708661 -0.708661 0.015748
vn 0.574803 -0.818897 0.039370
vn 0.425197 -0.905512 0.015748
vn 0.118110 -0.787401 0.606299
vn 0.165354 -0.984252 0.039370
vn 0.078740 -1.000000 0.015748
vn -0.157480 -0.984252 0.015748
vn -0.236220 -0.968504 0.039370
vn -0.385827 -0.921260 0.015748
vn -0.094488 -0.653543 0.748031
vn -0.362205 -0.716535 0.598425
vn -0.566929 -0.818897 0.039370
vn -0.653543 -0.755905 0.015748
vn -0.866142 -0.496063 0.039370
vn -0.850394 -0.519685 0.015748
vn -0.968504 -0.244094 0.015748
vn -0.692913 -0.393701 0.606299
vn -1.000000 -0.007874 0.039370
vn -1.000000 -0.007874 0.015748
vn -1.000000 0.000000 0.015748
vn -1.000000 0.000000 0.039370
vn -0.795276 0.000000 0.606299
vn -0.795276 -0.007874 0.606299
vn -0.661417 0.000000 0.748031
vn -0.661417 -0.007874 0.755905
vn -0.031496 0.000000 1.000000
vn -0.551181 -0.362205 0.748031
vn -0.039370 0.000000 1.000000
vn -0.362205 -0.551181 0.755905
vn -0.015748 -0.007874 1.000000
vn -0.007874 -0.007874 1.000000
vn -0.007874 0.000000 1.000000
vn -0.007874 0.000000 1.000000
vn -0.748031 0.000000 0.669291
vn -0.748031 0.000000 0.669291
vn -0.007874 0.000000 1.000000
vn -0.606299 -0.007874 0.795275
vn 0.000000 0.000000 1.000000
vn 0.000000 0.000000 1.000000
vn 0.000000 0.000000 1.000000
vn 0.000000 0.000000 1.000000
vn 0.000000 0.000000 1.000000
vn 0.000000 0.000000 1.000000
vn 0.000000 0.000000 1.000000
vn 0.000000 0.000000 1.000000
vn 0.000000 -0.007874 1.000000
vn 0.000000 0.000000 1.000000
vn 0.000000 0.000000 1.000000
vn 0.000000 -0.007874 1.000000
vn 0.000000 0.000000 1.000000
vn 0.000000 0.000000 1.000000
vn 0.007874 -0.007874 1.000000
vn 0.000000 0.000000 1.000000
vn 0.000000 0.000000 1.000000
vn 0.000000 0.000000 1.000000
vn 0.362205 -0.551181 0.755905
vn 0.015748 -0.007874 1.000000
vn 0.000000 0.000000 1.000000
vn 0.000000 0.000000 1.000000
vn 0.000000 0.000000 1.000000
vn 0.039370 0.000000 1.000000
vn 0.000000 0.000000 1.000000
vn 0.007874 0.000000 1.000000
vn 0.606299 -0.007874 0.795275
vn 0.748031 0.000000 0.669291
vn 0.007874 0.000000 1.000000
vn 0.007874 0.000000 1.000000
vn 0.748031 0.000000 0.669291
vn -1.000000 -0.000000 -0.039370
vn -1.000000 -0.000000 -0.015748
vn -1.000000 -0.000000 -0.015748
vn -1.000000 -0.007874 -0.039370
vn -0.968504 -0.244094 -0.015748
vn -0.795276 -0.000000 -0.606299
vn -0.866142 -0.496063 -0.039370
vn -0.850394 -0.519685 -0.015748
vn -0.795276 -0.007874 -0.606299
vn -0.661417 -0.000000 -0.748031
vn -0.661417 -0.748031 -0.015748
vn -0.661417 -0.007874 -0.755905
vn -0.031496 -0.000000 -1.000000
vn -0.692913 -0.393701 -0.606299
vn -0.566929 -0.818897 -0.039370
vn -0.385827 -0.921260 -0.015748
vn -0.551181 -0.362205 -0.748031
vn -0.236220 -0.968504 -0.039370
vn -0.157480 -0.984252 -0.015748
vn -0.362205 -0.716535 -0.598425
vn 0.165354 -0.984252 -0.039370
vn 0.078740 -1.000000 -0.015748
vn 0.433071 -0.905512 -0.015748
vn 0.118110 -0.787401 -0.606299
vn 0.574803 -0.818897 -0.039370
vn 0.708661 -0.708661 -0.015748
vn 0.866142 -0.496063 -0.039370
vn 0.850394 -0.519685 -0.015748
vn 0.968504 -0.244094 -0.015748
vn 0.456693 -0.645669 -0.606299
vn 1.000000 -0.007874 -0.039370
vn 1.000000 -0.007874 -0.015748
vn 1.000000 -0.000000 -0.015748
vn 1.000000 -0.000000 -0.039370
vn 0.795276 -0.000000 -0.606299
vn 0.795276 -0.007874 -0.606299
vn 0.661417 -0.000000 -0.748031
vn 0.692913 -0.393701 -0.606299
vn 0.661417 -0.015748 -0.748031
vn 0.015748 -0.000000 -1.000000
vn 0.015748 -0.000000 -1.000000
vn 0.551181 -0.362205 -0.748031
vn 0.362205 -0.551181 -0.755905
vn 0.015748 -0.007874 -1.000000
vn -0.015748 -0.000000 -1.000000
vn -0.015748 -0.000000 -1.000000
vn -0.015748 -0.007874 -1.000000
vn 0.007874 -0.015748 -1.000000
vn 0.173228 -0.637795 -0.748031
vn -0.094488 -0.653543 -0.748031
vn 0.000000 -0.000000 -1.000000
vn -0.007874 -0.015748 -1.000000
vn -0.362205 -0.551181 -0.755905
vn 0.000000 -0.007874 -1.000000
vn -0.007874 -0.007874 -1.000000
vn -0.015748 -0.007874 -1.000000
vn 0.000000 -0.000000 -1.000000
vn 0.000000 -0.000000 -1.000000
vn 0.000000 -0.000000 -1.000000
vn 0.000000 -0.000000 -1.000000
vn 0.000000 -0.000000 -1.000000
vn 0.000000 -0.000000 -1.000000
vn 0.000000 -0.000000 -1.000000
vn 0.000000 -0.000000 -1.000000
vn 0.000000 -0.000000 -1.000000
vn -0.039370 -0.000000 -1.000000
vn 0.000000 -0.000000 -1.000000
vn -0.007874 -0.000000 -1.000000
vn -0.606299 -0.007874 -0.795275
vn -0.748031 -0.000000 -0.669291
vn -0.007874 -0.000000 -1.000000
vn -0.007874 -0.000000 -1.000000
vn -0.748031 -0.000000 -0.669291
vn 0.000000 -0.000000 -1.000000
vn 0.000000 -0.000000 -1.000000
vn 0.000000 -0.000000 -1.000000
vn -0.173228 -0.637795 -0.748031
vn 0.007874 -0.007874 -1.000000
vn 0.000000 -0.000000 -1.000000
vn 0.000000 -0.000000 -1.000000
vn 0.000000 -0.000000 -1.000000
vn 0.094488 -0.653543 -0.748031
vn -0.362205 -0.551181 -0.755905
vn 0.015748 -0.007874 -1.000000
vn 0.000000 -0.000000 -1.000000
vn 0.000000 -0.000000 -1.000000
vn 0.000000 -0.000000 -1.000000
vn 0.362205 -0.551181 -0.755905
vn 0.039370 -0.000000 -1.000000
vn 0.000000 -0.000000 -1.000000
vn 0.551181 -0.362205 -0.748031
vn 0.362205 -0.716535 -0.598425
vn -0.118110 -0.787401 -0.606299
vn 0.692913 -0.393701 -0.606299
vn -0.456693 -0.645669 -0.606299
vn 0.661417 -0.007874 -0.755905
vn -0.551181 -0.362205 -0.748031
vn -0.661417 -0.007874 -0.748031
vn -0.661417 -0.000000 -0.748031
vn -0.795276 -0.000000 -0.606299
vn -0.692913 -0.393701 -0.606299
vn -0.795276 -0.007874 -0.614173
vn -1.000000 -0.000000 -0.039370
vn -0.574803 -0.818897 -0.039370
vn -0.866142 -0.496063 -0.039370
vn -1.000000 -0.007874 -0.039370
vn -1.000000 -0.000000 -0.015748
vn -1.000000 -0.007874 -0.015748
vn -0.968504 -0.244094 -0.015748
vn -0.850394 -0.519685 -0.015748
vn -0.708661 -0.708661 -0.015748
vn -0.425197 -0.905512 -0.015748
vn -0.165354 -0.984252 -0.039370
vn -0.078740 -1.000000 -0.015748
vn 0.157480 -0.984252 -0.015748
vn 0.236220 -0.968504 -0.039370
vn 0.385827 -0.921260 -0.015748
vn 0.566929 -0.818897 -0.039370
vn 0.653543 -0.755905 -0.015748
vn 0.866142 -0.496063 -0.039370
vn 0.850394 -0.519685 -0.015748
vn 0.968504 -0.244094 -0.015748
vn 0.795276 -0.007874 -0.606299
vn 1.000000 -0.007874 -0.039370
vn 1.000000 -0.007874 -0.015748
vn 1.000000 -0.000000 -0.015748
vn 1.000000 -0.000000 -0.039370
vn 0.795276 -0.000000 -0.606299
vn 0.661417 -0.000000 -0.748031
vn 0.031496 -0.000000 -1.000000
vn 0.007874 -0.000000 -1.000000
vn 0.007874 -0.000000 -1.000000
vn 0.748031 -0.000000 -0.669291
vn 0.748031 -0.000000 -0.669291
vn 0.007874 -0.000000 -1.000000
vn 0.606299 -0.007874 -0.795275
vn -1.000000 0.000000 0.000000
vn -0.984252 0.000000 0.181102
vn -0.984252 0.000000 0.181102
vn -1.000000 0.000000 0.000000
vn -0.118110 0.000000 0.992126
vn -0.984252 0.023622 0.173228
vn -1.000000 0.023622 -0.000000
vn -0.118110 0.000000 0.992126
vn 0.070866 0.000000 1.000000
vn -0.118110 0.000000 0.992126
vn 0.070866 0.000000 1.000000
vn 0.700787 0.000000 0.708661
vn -0.976378 0.102362 0.173228
vn -0.992126 0.102362 -0.000000
vn -0.125984 0.015748 0.992126
vn -0.937008 0.307087 0.173228
vn -0.952756 0.307087 -0.000000
vn 0.070866 0.000000 1.000000
vn -0.874016 0.448819 0.173228
vn -0.889764 0.456693 -0.000000
vn -0.141732 0.047244 0.992126
vn 0.070866 -0.007874 1.000000
vn -0.795276 0.582677 0.173228
vn -0.811024 0.590551 -0.000000
vn -0.149606 0.078740 0.984252
vn -0.692913 0.692913 0.173228
vn -0.708661 0.708661 -0.000000
vn -0.149606 0.110236 0.984252
vn -0.590551 0.811023 -0.000000
vn 0.070866 -0.015748 1.000000
vn -0.582677 0.795275 0.173228
vn -0.456693 0.889764 -0.000000
vn 0.692913 -0.062992 0.716535
vn -0.448819 0.874016 0.173228
vn -0.307087 0.952756 -0.000000
vn -0.110236 0.149606 0.984252
vn -0.307087 0.937008 0.173228
vn -0.157480 0.984252 -0.000000
vn -0.133858 0.133858 0.984252
vn -0.157480 0.976378 0.173228
vn 0.000000 1.000000 -0.000000
vn -0.062992 0.181102 0.984252
vn -0.086614 0.165354 0.984252
vn -0.031496 0.204724 0.976378
vn 0.047244 -0.070866 1.000000
vn 0.031496 -0.086614 0.992126
vn 0.055118 -0.055118 1.000000
vn 0.370079 -0.598425 0.708661
vn 0.062992 -0.047244 1.000000
vn 0.464567 -0.488189 0.732283
vn 0.062992 -0.031496 1.000000
vn 0.535433 -0.409449 0.740157
vn 0.661417 -0.188976 0.724409
vn 0.606299 -0.299212 0.732283
vn 0.503937 -0.527559 0.685039
vn 0.582677 -0.440945 0.685039
vn 0.433071 -0.606299 0.661417
vn 0.661417 -0.330709 0.677165
vn 0.708661 -0.204724 0.669291
vn 0.354331 -0.677165 0.637795
vn 0.740157 -0.070866 0.661417
vn 0.236220 -0.685039 0.685039
vn 0.251969 -0.740157 0.622047
vn 0.700787 -0.015748 0.708661
vn 0.606299 -0.007874 0.795275
vn 0.748031 0.000000 0.669291
vn 0.700787 0.000000 0.708661
vn 0.748031 0.000000 0.669291
vn 0.118110 -0.724409 0.677165
vn 0.125984 -0.779527 0.614173
vn 0.015748 -0.094488 0.992126
vn -0.070866 -0.732283 0.677165
vn 0.000000 -0.795275 0.606299
vn -0.125984 -0.779527 0.614173
vn -0.251969 -0.740157 0.622047
vn -0.007874 -0.086614 0.992126
vn 0.000000 0.212599 0.976378
vn -0.236220 -0.685039 0.685039
vn -0.354331 -0.677165 0.637795
vn 0.000000 0.984252 0.173228
vn 0.157480 0.976378 0.173228
vn 0.157480 0.984252 -0.000000
vn 0.031496 0.204724 0.976378
vn -0.031496 -0.086614 0.992126
vn 0.062992 0.181102 0.984252
vn 0.307087 0.937008 0.173228
vn 0.307087 0.952756 -0.000000
vn 0.448819 0.874016 0.173228
vn 0.456693 0.889764 -0.000000
vn -0.047244 -0.078740 1.000000
vn 0.086614 0.165354 0.984252
vn 0.582677 0.795275 0.173228
vn 0.590551 0.811023 -0.000000
vn 0.110236 0.149606 0.984252
vn 0.692913 0.692913 0.173228
vn 0.708661 0.708661 -0.000000
vn 0.811024 0.590551 -0.000000
vn -0.055118 -0.055118 1.000000
vn 0.795276 0.582677 0.173228
vn 0.889764 0.456693 -0.000000
vn 0.133858 0.133858 0.984252
vn 0.149606 0.110236 0.984252
vn 0.874016 0.448819 0.173228
vn 0.952756 0.307087 -0.000000
vn -0.062992 -0.047244 1.000000
vn 0.937008 0.307087 0.173228
vn 0.992126 0.102362 -0.000000
vn 0.149606 0.078740 0.984252
vn 0.976378 0.102362 0.173228
vn 1.000000 0.023622 -0.000000
vn 0.141732 0.047244 0.992126
vn 0.984252 0.023622 0.173228
vn 1.000000 0.000000 0.000000
vn 0.125984 0.015748 0.992126
vn 0.984252 0.000000 0.181102
vn 1.000000 0.000000 0.000000
vn 0.984252 0.000000 0.181102
vn 0.118110 0.000000 0.992126
vn 0.118110 0.000000 0.992126
vn 0.118110 0.000000 0.992126
vn -0.070866 0.000000 1.000000
vn -0.070866 0.000000 1.000000
vn -0.700787 0.000000 0.708661
vn -0.070866 0.000000 1.000000
vn -0.700787 0.000000 0.708661
vn -0.748031 0.000000 0.669291
vn -0.748031 0.000000 0.669291
vn -0.700787 -0.015748 0.708661
vn -0.606299 -0.007874 0.795275
vn -0.740157 -0.070866 0.661417
vn -0.692913 -0.062992 0.716535
vn -0.708661 -0.204724 0.669291
vn -0.070866 -0.007874 1.000000
vn -0.661417 -0.188976 0.724409
vn -0.661417 -0.330709 0.677165
vn -0.070866 -0.015748 1.000000
vn -0.606299 -0.299212 0.732283
vn -0.582677 -0.440945 0.685039
vn -0.062992 -0.031496 1.000000
vn -0.535433 -0.409449 0.740157
vn -0.503937 -0.527559 0.685039
vn -0.464567 -0.488189 0.732283
vn -0.433071 -0.606299 0.661417
vn -0.370079 -0.590551 0.716535
vn -0.984252 -0.000000 -0.181102
vn -0.984252 -0.000000 -0.181102
vn -1.000000 0.000000 0.000000
vn -0.118110 -0.000000 -0.992126
vn -1.000000 0.000000 0.000000
vn -0.118110 -0.000000 -0.992126
vn 0.070866 -0.000000 -1.000000
vn -0.984252 0.023622 -0.173228
vn -1.000000 0.023622 -0.000000
vn -0.118110 -0.000000 -0.992126
vn 0.070866 -0.000000 -1.000000
vn 0.700787 -0.000000 -0.708661
vn -0.976378 0.102362 -0.173228
vn -0.992126 0.102362 -0.000000
vn -0.125984 0.015748 -0.992126
vn -0.937008 0.307087 -0.173228
vn -0.952756 0.307087 -0.000000
vn 0.070866 -0.000000 -1.000000
vn -0.874016 0.448819 -0.173228
vn -0.889764 0.456693 -0.000000
vn -0.141732 0.047244 -0.992126
vn 0.070866 -0.007874 -1.000000
vn -0.795276 0.582677 -0.173228
vn -0.811024 0.590551 -0.000000
vn -0.149606 0.078740 -0.984252
vn -0.692913 0.692913 -0.173228
vn -0.708661 0.708661 -0.000000
vn -0.149606 0.110236 -0.984252
vn -0.590551 0.811023 -0.000000
vn 0.070866 -0.015748 -1.000000
vn -0.582677 0.795275 -0.173228
vn -0.456693 0.889764 -0.000000
vn 0.692913 -0.062992 -0.716535
vn -0.448819 0.874016 -0.173228
vn -0.307087 0.952756 -0.000000
vn -0.110236 0.149606 -0.984252
vn -0.307087 0.937008 -0.173228
vn -0.157480 0.984252 -0.000000
vn -0.133858 0.133858 -0.984252
vn -0.157480 0.976378 -0.173228
vn 0.000000 1.000000 -0.000000
vn -0.062992 0.181102 -0.984252
vn -0.086614 0.165354 -0.984252
vn -0.031496 0.204724 -0.976378
vn 0.047244 -0.070866 -1.000000
vn 0.031496 -0.086614 -0.992126
vn 0.055118 -0.055118 -1.000000
vn 0.370079 -0.598425 -0.708661
vn 0.062992 -0.047244 -1.000000
vn 0.464567 -0.488189 -0.732283
vn 0.062992 -0.031496 -1.000000
vn 0.535433 -0.409449 -0.740157
vn 0.433071 -0.606299 -0.661417
vn 0.503937 -0.527559 -0.685039
vn 0.354331 -0.677165 -0.637795
vn 0.582677 -0.440945 -0.685039
vn 0.236220 -0.685039 -0.685039
vn 0.251969 -0.740157 -0.622047
vn 0.606299 -0.299213 -0.732283
vn 0.661417 -0.330709 -0.677165
vn 0.661417 -0.188976 -0.724409
vn 0.708661 -0.204724 -0.669291
vn 0.740157 -0.070866 -0.661417
vn 0.700787 -0.015748 -0.708661
vn 0.606299 -0.007874 -0.795275
vn 0.748031 -0.000000 -0.669291
vn 0.700787 -0.000000 -0.708661
vn 0.748031 -0.000000 -0.669291
vn 0.118110 -0.724409 -0.677165
vn 0.125984 -0.779527 -0.614173
vn 0.015748 -0.094488 -0.992126
vn -0.070866 -0.732283 -0.677165
vn 0.000000 -0.795276 -0.606299
vn -0.125984 -0.779527 -0.614173
vn -0.251969 -0.740157 -0.622047
vn -0.007874 -0.086614 -0.992126
vn 0.000000 0.212598 -0.976378
vn -0.236220 -0.685039 -0.685039
vn -0.354331 -0.677165 -0.637795
vn 0.000000 0.984252 -0.173228
vn 0.157480 0.976378 -0.173228
vn 0.157480 0.984252 -0.000000
vn 0.031496 0.204724 -0.976378
vn -0.031496 -0.086614 -0.992126
vn 0.062992 0.181102 -0.984252
vn 0.307087 0.937008 -0.173228
vn 0.307087 0.952756 -0.000000
vn 0.448819 0.874016 -0.173228
vn 0.456693 0.889764 -0.000000
vn -0.047244 -0.078740 -1.000000
vn 0.086614 0.165354 -0.984252
vn 0.582677 0.795275 -0.173228
vn 0.590551 0.811023 -0.000000
vn 0.110236 0.149606 -0.984252
vn 0.692913 0.692913 -0.173228
vn 0.708661 0.708661 -0.000000
vn 0.811024 0.590551 -0.000000
vn -0.055118 -0.055118 -1.000000
vn 0.795276 0.582677 -0.173228
vn 0.889764 0.456693 -0.000000
vn 0.133858 0.133858 -0.984252
vn 0.149606 0.110236 -0.984252
vn 0.874016 0.448819 -0.173228
vn 0.952756 0.307087 -0.000000
vn -0.062992 -0.047244 -1.000000
vn 0.937008 0.307087 -0.173228
vn 0.992126 0.102362 -0.000000
vn 0.149606 0.078740 -0.984252
vn 0.976378 0.102362 -0.173228
vn 1.000000 0.023622 -0.000000
vn 0.141732 0.047244 -0.992126
vn 0.125984 0.015748 -0.992126
vn 0.984252 0.023622 -0.173228
vn 1.000000 0.000000 0.000000
vn -0.070866 -0.007874 -1.000000
vn 0.984252 -0.000000 -0.181102
vn 1.000000 0.000000 0.000000
vn 0.984252 -0.000000 -0.181102
vn 0.118110 -0.000000 -0.992126
vn 0.118110 -0.000000 -0.992126
vn 0.118110 -0.000000 -0.992126
vn -0.070866 -0.000000 -1.000000
vn -0.070866 -0.000000 -1.000000
vn -0.070866 -0.000000 -1.000000
vn -0.700787 -0.000000 -0.708661
vn -0.700787 -0.000000 -0.708661
vn -0.748031 -0.000000 -0.669291
vn -0.748031 -0.000000 -0.669291
vn -0.700787 -0.015748 -0.708661
vn -0.606299 -0.007874 -0.795275
vn -0.740157 -0.070866 -0.661417
vn -0.692913 -0.062992 -0.716535
vn -0.708661 -0.204724 -0.669291
vn -0.070866 -0.015748 -1.000000
vn -0.661417 -0.188976 -0.724409
vn -0.661417 -0.330709 -0.677165
vn -0.062992 -0.031496 -1.000000
vn -0.606299 -0.299213 -0.732283
vn -0.582677 -0.440945 -0.685039
vn -0.535433 -0.409449 -0.740157
vn -0.503937 -0.527559 -0.685039
vn -0.464567 -0.488189 -0.732283
vn -0.433071 -0.606299 -0.661417
vn -0.370079 -0.590551 -0.716535
vn 0.000000 -0.000000 -1.000000
vn 0.000000 -0.000000 -1.000000
vn 0.000000 -0.000000 -1.000000
vn 0.000000 -0.000000 -1.000000
vn 0.000000 -0.000000 -1.000000
vn 0.000000 -0.000000 -1.000000
vn 0.000000 -0.000000 -1.000000
vn 0.000000 -0.000000 -1.000000
vn 0.000000 -0.000000 -1.000000
vn 0.000000 -0.000000 -1.000000
vn 0.000000 -0.000000 -1.000000
vn 0.000000 -0.000000 -1.000000
vn 0.000000 -0.000000 -1.000000
vn 0.000000 -0.000000 -1.000000
vn 0.000000 0.000000 1.000000
vn 0.000000 0.000000 1.000000
vn 0.000000 0.000000 1.000000
vn 0.000000 0.000000 1.000000
vn 0.000000 0.000000 1.000000
vn 0.000000 0.000000 1.000000
vn 0.000000 0.000000 1.000000
vn 0.000000 0.000000 1.000000
vn 0.000000 0.000000 1.000000
vn 0.000000 0.000000 1.000000
vn 0.000000 0.000000 1.000000
vn 0.000000 0.000000 1.000000
vn 0.000000 0.000000 1.000000
vn 0.000000 0.000000 1.000000
vn 0.000000 -0.000000 -1.000000
vn 0.000000 -0.000000 -1.000000
vn 0.000000 -0.000000 -1.000000
vn 0.000000 -0.000000 -1.000000
vn 0.000000 -0.000000 -1.000000
vn 0.000000 -0.000000 -1.000000
vn 0.000000 -0.000000 -1.000000
vn 0.000000 -0.000000 -1.000000
vn 0.000000 -0.000000 -1.000000
vn 0.000000 -0.000000 -1.000000
vn 0.000000 -0.000000 -1.000000
vn 0.000000 -0.000000 -1.000000
vn 0.000000 -0.000000 -1.000000
vn 0.000000 -0.000000 -1.000000
vn 0.000000 0.000000 1.000000
vn 0.000000 0.000000 1.000000
vn 0.000000 0.000000 1.000000
vn 0.000000 0.000000 1.000000
vn 0.000000 0.000000 1.000000
vn 0.000000 0.000000 1.000000
vn 0.000000 0.000000 1.000000
vn 0.000000 0.000000 1.000000
vn 0.000000 0.000000 1.000000
vn 0.000000 0.000000 1.000000
vn 0.000000 0.000000 1.000000
vn 0.000000 0.000000 1.000000
vn 0.000000 0.000000 1.000000
vn 0.000000 0.000000 1.000000
tan 0.006448 -0.430777 0.840226 1.000000
tan -0.254449 -0.445905 0.862298 1.000000
tan -0.193130 -0.520367 0.827454 1.000000
tan -0.182962 -0.373489 0.892554 1.000000
tan -0.433567 -0.477711 0.757021 1.000000
tan 0.016802 -0.414471 0.835328 1.000000
tan -0.440325 -0.544361 0.709777 1.000000
tan 0.376713 -0.706801 0.591481 1.000000
tan -0.642693 -0.709529 0.150846 1.000000
tan 0.215450 -0.674375 0.628061 1.000000
tan -0.662657 -0.684481 0.166656 1.000000
tan 0.034720 -0.624093 0.516895 1.000000
tan -0.475913 -0.800917 -0.123132 1.000000
tan -0.054250 -0.659991 0.582429 1.000000
tan -0.429661 -0.848906 -0.164052 1.000000
tan -0.168020 -0.661913 0.596751 1.000000
tan -0.322339 -0.742141 -0.501829 1.000000
tan -0.322339 -0.742141 0.501829 1.000000
tan -0.256680 -0.797321 -0.451981 1.000000
tan -0.256680 -0.797321 0.451981 1.000000
tan -0.054250 -0.659991 -0.582429 1.000000
tan -0.429661 -0.848906 0.164052 1.000000
tan -0.168020 -0.661913 -0.596751 1.000000
tan -0.479385 -0.793167 0.128092 1.000000
tan 0.034720 -0.624093 -0.516895 1.000000
tan -0.590489 -0.754045 -0.106888 1.000000
tan 0.215450 -0.674375 -0.628061 1.000000
tan -0.662657 -0.684481 -0.166656 1.000000
tan 0.376713 -0.706801 -0.591481 1.000000
tan -0.566061 -0.591481 -0.572633 1.000000
tan 0.016802 -0.414471 -0.835328 1.000000
tan -0.440325 -0.544361 -0.709777 1.000000
tan 0.013020 -0.433567 -0.840226 1.000000
tan -0.398475 -0.421849 -0.810589 1.000000
tan -0.182962 -0.373489 -0.892554 1.000000
tan -0.254449 -0.445905 -0.862298 1.000000
tan -0.193130 -0.520367 -0.827453 1.000000
tan 0.141732 -0.992126 0.000000 1.000000
tan 0.141732 -0.992126 0.000000 1.000000
tan 0.141732 -0.992126 0.000000 1.000000
tan 0.141732 -0.992126 0.000000 1.000000
tan 0.141732 -0.992126 0.000000 1.000000
tan 0.141732 -0.992126 0.000000 1.000000
tan 0.141732 -0.992126 0.000000 1.000000
tan 0.141732 -0.992126 0.000000 1.000000
tan 0.141732 -0.992126 0.000000 1.000000
tan 0.141732 -0.992126 0.000000 1.000000
tan 0.141732 -0.992126 0.000000 1.000000
tan 0.141732 -0.992126 0.000000 1.000000
tan 0.141732 -0.992126 0.000000 1.000000
tan 0.141732 -0.992126 0.000000 1.000000
tan 0.141732 -0.992126 0.000000 1.000000
tan 0.141732 -0.992126 0.000000 1.000000
tan -0.385827 -0.921260 0.000000 1.000000
tan -0.385827 -0.921260 0.000000 1.000000
tan -0.385827 -0.921260 0.000000 1.000000
tan -0.385827 -0.921260 0.000000 1.000000
tan -0.385827 -0.921260 0.000000 1.000000
tan -0.385827 -0.921260 0.000000 1.000000
tan -0.385827 -0.921260 0.000000 1.000000
tan -0.385827 -0.921260 0.000000 1.000000
tan -0.385827 -0.921260 0.000000 1.000000
tan -0.385827 -0.921260 0.000000 1.000000
tan -0.385827 -0.921260 0.000000 1.000000
tan -0.385827 -0.921260 0.000000 1.000000
tan -0.385827 -0.921260 0.000000 1.000000
tan -0.385827 -0.921260 0.000000 1.000000
tan -0.385827 -0.921260 0.000000 1.000000
tan -0.385827 -0.921260 0.000000 1.000000
tan -0.385827 -0.921260 0.000000 1.000000
tan 0.034720 -0.580197 -0.812263 1.000000
tan -0.142600 -0.477153 -0.831918 1.000000
tan 0.141360 -0.431831 -0.883502 1.000000
tan 0.035960 -0.390601 -0.913386 1.000000
tan -0.175088 -0.460785 -0.841218 1.000000
tan 0.317441 -0.482361 -0.807241 1.000000
tan -0.493831 -0.723541 -0.439891 1.000000
tan 0.453655 -0.596441 -0.654473 1.000000
tan -0.540269 -0.728501 -0.402381 1.000000
tan 0.571021 -0.745241 -0.221650 1.000000
tan -0.203608 -0.746543 -0.325997 1.000000
tan 0.553971 -0.731291 -0.131006 1.000000
tan -0.126480 -0.809722 -0.369521 1.000000
tan 0.295741 -0.842582 -0.084940 1.000000
tan 0.037696 -0.830244 -0.347387 1.000000
tan 0.324757 -0.872094 -0.065968 1.000000
tan 0.148800 -0.905202 -0.164176 1.000000
tan 0.148800 -0.905202 0.164176 1.000000
tan 0.295741 -0.842582 0.084940 1.000000
tan 0.190340 -0.884618 -0.145390 1.000000
tan 0.324757 -0.856594 0.052328 1.000000
tan 0.571021 -0.748341 0.226611 1.000000
tan 0.553971 -0.731291 0.131006 1.000000
tan 0.461653 -0.596441 0.657697 1.000000
tan 0.310621 -0.479881 0.807242 1.000000
tan 0.141360 -0.431831 0.883502 1.000000
tan 0.035960 -0.390601 0.913386 1.000000
tan -0.142600 -0.477153 0.831918 1.000000
tan 0.034720 -0.580197 0.812264 1.000000
tan -0.175088 -0.460785 0.841218 1.000000
tan -0.493831 -0.726641 0.445161 1.000000
tan -0.540269 -0.728501 0.402381 1.000000
tan -0.203608 -0.750325 0.325873 1.000000
tan -0.120900 -0.795771 0.373055 1.000000
tan 0.037696 -0.830243 0.347387 1.000000
tan 0.190960 -0.891004 0.145390 1.000000
tan -0.322835 -0.944882 0.012524 1.000000
tan -0.330709 -0.944882 0.012648 1.000000
tan -0.330709 -0.944882 0.012648 1.000000
tan -0.346457 -0.937008 0.017484 1.000000
tan -0.338583 -0.937008 0.005332 1.000000
tan -0.346457 -0.937008 0.017484 1.000000
tan -0.330709 -0.944882 0.005208 1.000000
tan -0.385827 -0.921260 0.017546 1.000000
tan -0.354331 -0.937008 0.005580 1.000000
tan -0.385827 -0.921260 0.017546 1.000000
tan -0.362205 -0.929134 0.005704 1.000000
tan -0.409449 -0.913386 0.014384 1.000000
tan -0.393701 -0.921260 -0.001054 1.000000
tan -0.417323 -0.913386 0.014384 1.000000
tan -0.385827 -0.921260 -0.001178 1.000000
tan -0.433071 -0.897638 0.014136 1.000000
tan -0.417323 -0.913386 -0.000620 1.000000
tan -0.433071 -0.905512 0.014260 1.000000
tan -0.425197 -0.905512 -0.010912 1.000000
tan -0.440945 -0.897638 0.010664 1.000000
tan -0.433071 -0.897638 -0.010726 1.000000
tan -0.433071 -0.897638 0.010726 1.000000
tan -0.440945 -0.897638 -0.010664 1.000000
tan -0.433071 -0.897638 0.010726 1.000000
tan -0.433071 -0.897638 -0.010726 1.000000
tan -0.425197 -0.905512 0.010912 1.000000
tan -0.433071 -0.905512 -0.014260 1.000000
tan -0.417323 -0.913386 0.000620 1.000000
tan -0.433071 -0.897638 -0.014136 1.000000
tan -0.393701 -0.921260 0.001054 1.000000
tan -0.409449 -0.913386 -0.014384 1.000000
tan -0.385827 -0.921260 0.001178 1.000000
tan -0.417323 -0.913386 -0.014384 1.000000
tan -0.362205 -0.929134 -0.005704 1.000000
tan -0.377953 -0.921260 -0.017484 1.000000
tan -0.354331 -0.937008 -0.005580 1.000000
tan -0.377953 -0.921260 -0.017484 1.000000
tan -0.338583 -0.944882 -0.005332 1.000000
tan -0.354331 -0.937008 -0.017546 1.000000
tan -0.330709 -0.944882 -0.005208 1.000000
tan -0.354331 -0.937008 -0.017546 1.000000
tan -0.322835 -0.944882 -0.012524 1.000000
tan -0.330709 -0.944882 -0.012648 1.000000
tan -0.330709 -0.944882 -0.012648 1.000000
tan 0.078740 -1.000000 -0.009114 1.000000
tan 0.086614 -1.000000 -0.009238 1.000000
tan 0.102362 -0.992126 -0.009424 1.000000
tan 0.086614 -1.000000 -0.016430 1.000000
tan 0.118110 -0.992126 -0.001860 1.000000
tan 0.086614 -1.000000 -0.016430 1.000000
tan 0.110236 -0.992126 -0.001736 1.000000
tan 0.110236 -0.992126 -0.016492 1.000000
tan 0.141732 -0.992126 -0.002232 1.000000
tan 0.110236 -0.992126 -0.016492 1.000000
tan 0.141732 -0.992126 -0.002232 1.000000
tan 0.141732 -0.992126 -0.015624 1.000000
tan 0.173228 -0.984252 0.005022 1.000000
tan 0.149606 -0.992126 -0.015624 1.000000
tan 0.173228 -0.984252 0.005022 1.000000
tan 0.173228 -0.984252 -0.015500 1.000000
tan 0.196850 -0.984252 0.004650 1.000000
tan 0.181102 -0.984252 -0.015500 1.000000
tan 0.188976 -0.984252 0.004774 1.000000
tan 0.204724 -0.976378 -0.013764 1.000000
tan 0.204724 -0.976378 0.013764 1.000000
tan 0.188976 -0.984252 -0.014012 1.000000
tan 0.204724 -0.976378 0.013764 1.000000
tan 0.204724 -0.976378 -0.013764 1.000000
tan 0.188976 -0.984252 0.014012 1.000000
tan 0.196850 -0.984252 -0.004650 1.000000
tan 0.173228 -0.984252 0.015500 1.000000
tan 0.196850 -0.976378 -0.004588 1.000000
tan 0.181102 -0.984252 0.015500 1.000000
tan 0.173228 -0.984252 -0.005022 1.000000
tan 0.149606 -0.992126 0.015624 1.000000
tan 0.173228 -0.984252 -0.005022 1.000000
tan 0.141732 -0.992126 0.015624 1.000000
tan 0.141732 -0.992126 0.002232 1.000000
tan 0.110236 -0.992126 0.016492 1.000000
tan 0.133858 -0.992126 0.002108 1.000000
tan 0.110236 -0.992126 0.016492 1.000000
tan 0.118110 -0.992126 0.001860 1.000000
tan 0.086614 -1.000000 0.016430 1.000000
tan 0.110236 -0.992126 0.001736 1.000000
tan 0.086614 -1.000000 0.016430 1.000000
tan 0.086614 -1.000000 0.009238 1.000000
tan 0.102362 -0.992126 0.009424 1.000000
tan 0.086614 -1.000000 0.009238 1.000000
tan -0.651001 -0.620311 -0.446401 1.000000
tan -0.819890 -0.388741 -0.409945 1.000000
tan -0.533015 -0.484965 -0.692851 1.000000
tan -0.595077 -0.762663 -0.102052 1.000000
tan -0.319177 -0.386075 -0.863227 1.000000
tan -0.563953 -0.818897 -0.038688 1.000000
tan -0.415587 -0.852192 0.133362 1.000000
tan -0.289045 -0.018724 -0.945254 1.000000
tan -0.219976 -0.353153 -0.898506 1.000000
tan -0.041664 -0.366793 -0.864344 1.000000
tan -0.822618 -0.522785 -0.185132 1.000000
tan -0.658751 -0.110670 -0.728501 1.000000
tan -0.417323 -0.905512 -0.035650 1.000000
tan 0.313721 -0.144584 -0.848472 1.000000
tan -0.152644 -0.960878 0.242173 1.000000
tan -0.263005 -0.883750 0.292021 1.000000
tan 0.148428 -0.883502 0.426251 1.000000
tan -0.143282 -0.789509 0.487135 1.000000
tan 0.328043 -0.812201 0.421167 1.000000
tan 0.006696 -0.767747 0.537913 1.000000
tan 0.149482 -0.685101 0.536859 1.000000
tan 0.476409 -0.749643 0.405853 1.000000
tan 0.256185 -0.622853 0.733958 1.000000
tan 0.582305 -0.449873 0.607601 1.000000
tan 0.313721 -0.144584 0.848472 1.000000
tan -0.034968 -0.369583 0.864344 1.000000
tan -0.289045 -0.018724 0.945254 1.000000
tan -0.219976 -0.353153 0.898506 1.000000
tan -0.658751 -0.110670 0.728501 1.000000
tan -0.319177 -0.386075 0.863228 1.000000
tan -0.819890 -0.388741 0.409945 1.000000
tan -0.533015 -0.484965 0.692851 1.000000
tan -0.651001 -0.620311 0.446401 1.000000
tan -0.822618 -0.522785 0.185132 1.000000
tan -0.595077 -0.762663 0.102052 1.000000
tan -0.563953 -0.818897 0.038688 1.000000
tan -0.417323 -0.905512 0.035650 1.000000
tan -0.415587 -0.852192 -0.133362 1.000000
tan -0.152644 -0.960878 -0.242172 1.000000
tan -0.263005 -0.883750 -0.292020 1.000000
tan 0.148428 -0.883502 -0.426251 1.000000
tan -0.143282 -0.789510 -0.487135 1.000000
tan 0.324881 -0.805009 -0.421167 1.000000
tan 0.006696 -0.767747 -0.537913 1.000000
tan 0.142600 -0.678901 -0.543059 1.000000
tan 0.472193 -0.743010 -0.416703 1.000000
tan 0.270259 -0.632277 -0.729245 1.000000
tan 0.582305 -0.449873 -0.607601 1.000000
tan -0.292579 -0.144398 0.907744 1.000000
tan -0.184078 -0.449935 0.849154 1.000000
tan 0.002108 -0.394817 0.916734 1.000000
tan 0.145080 -0.390911 0.906752 1.000000
tan -0.462335 -0.697067 0.549011 1.000000
tan 0.704817 -0.343977 0.582553 1.000000
tan 0.355447 -0.474797 0.798127 1.000000
tan 0.545601 -0.619381 0.573129 1.000000
tan 0.532333 -0.770413 0.228037 1.000000
tan -0.555521 -0.792857 0.181598 1.000000
tan -0.312977 -0.776985 0.328229 1.000000
tan 0.403001 -0.067704 0.899002 1.000000
tan -0.568169 -0.254696 0.712009 1.000000
tan 0.789448 -0.501705 0.312977 1.000000
tan -0.568913 -0.791865 0.175212 1.000000
tan -0.167772 -0.953252 0.255751 1.000000
tan 0.555025 -0.812945 0.101184 1.000000
tan 0.414037 -0.898382 0.117924 1.000000
tan 0.327547 -0.871226 0.079794 1.000000
tan -0.021080 -0.984252 -0.157480 1.000000
tan 0.168516 -0.940294 -0.052452 1.000000
tan 0.022506 -0.898320 -0.218736 1.000000
tan -0.138508 -0.874760 -0.322338 1.000000
tan -0.167772 -0.953252 -0.255750 1.000000
tan -0.309877 -0.776985 -0.334367 1.000000
tan -0.555521 -0.792857 -0.181598 1.000000
tan -0.568913 -0.791865 -0.175212 1.000000
tan -0.462335 -0.697067 -0.549011 1.000000
tan -0.568169 -0.254697 -0.712009 1.000000
tan -0.292579 -0.144398 -0.907744 1.000000
tan -0.184078 -0.449935 -0.849154 1.000000
tan 0.002108 -0.394817 -0.916734 1.000000
tan 0.403001 -0.067704 -0.899002 1.000000
tan 0.145080 -0.390911 -0.906752 1.000000
tan 0.704817 -0.343977 -0.582553 1.000000
tan 0.355447 -0.474797 -0.798127 1.000000
tan 0.545601 -0.619381 -0.573129 1.000000
tan 0.789448 -0.501705 -0.319611 1.000000
tan 0.529295 -0.770413 -0.233554 1.000000
tan 0.555025 -0.812945 -0.101184 1.000000
tan 0.414037 -0.898382 -0.117924 1.000000
tan 0.330523 -0.871226 -0.073098 1.000000
tan -0.021080 -0.984252 0.157480 1.000000
tan 0.168516 -0.940294 0.052452 1.000000
tan 0.022506 -0.898320 0.218737 1.000000
tan -0.138508 -0.874759 0.322339 1.000000
tan 0.000000 0.000000 1.000000 1.000000
tan 0.000000 0.000000 1.000000 1.000000
tan 0.000000 0.000000 1.000000 1.000000
tan 0.000000 0.000000 1.000000 1.000000
tan 0.000000 0.000000 1.000000 1.000000
tan 0.000000 0.000000 1.000000 1.000000
tan 0.000000 0.000000 0.992126 1.000000
tan 0.000000 0.000000 0.992126 1.000000
tan 0.000000 0.000000 0.962428 1.000000
tan 0.000000 0.000000 0.962428 1.000000
tan 0.000000 0.000000 0.943890 1.000000
tan 0.000000 0.000000 0.943890 1.000000
tan 0.000000 0.000000 0.969186 1.000000
tan 0.000000 0.000000 0.969186 1.000000
tan 0.000000 0.000000 1.004402 1.000000
tan 0.000000 0.000000 1.004402 1.000000
tan 0.000000 0.000000 0.969186 1.000000
tan 0.000000 0.000000 0.969186 1.000000
tan 0.000000 0.000000 0.943890 1.000000
tan 0.000000 0.000000 0.943890 1.000000
tan 0.000000 0.000000 0.962428 1.000000
tan 0.000000 0.000000 0.962428 1.000000
tan 0.000000 0.000000 0.985492 1.000000
tan 0.000000 0.000000 0.985492 1.000000
tan 0.000000 0.000000 1.000000 1.000000
tan 0.000000 0.000000 1.000000 1.000000
tan 0.000000 0.000000 0.985492 1.000000
tan 0.000000 0.000000 0.985492 1.000000
tan 0.000000 0.000000 0.962428 1.000000
tan 0.000000 0.000000 0.962428 1.000000
tan 0.000000 0.000000 0.943890 1.000000
tan 0.000000 0.000000 0.943890 1.000000
tan 0.000000 0.000000 0.969186 1.000000
tan 0.000000 0.000000 0.969186 1.000000
tan 0.000000 0.000000 1.004402 1.000000
tan 0.000000 0.000000 1.004402 1.000000
tan 0.000000 0.000000 0.969186 1.000000
tan 0.000000 0.000000 0.969186 1.000000
tan 0.000000 0.000000 0.943890 1.000000
tan 0.000000 0.000000 0.943890 1.000000
tan 0.000000 0.000000 0.962428 1.000000
tan 0.000000 0.000000 0.962428 1.000000
tan 0.000000 0.000000 0.992126 1.000000
tan 0.000000 0.000000 0.992126 1.000000
tan 0.000000 0.000000 1.000000 1.000000
tan 0.000000 0.000000 1.000000 1.000000
tan 0.000000 0.000000 1.000000 1.000000
tan 0.000000 0.000000 1.000000 1.000000
tan 0.000000 0.000000 1.000000 1.000000
tan 0.000000 0.000000 1.000000 1.000000
tan -0.023870 0.795276 0.606299 1.000000
tan -0.009548 0.795276 0.606299 1.000000
tan -0.009424 0.803150 0.598425 1.000000
tan -0.018352 0.779527 0.622047 1.000000
tan 0.163990 0.693967 0.671089 1.000000
tan -0.558559 0.362639 0.732655 1.000000
tan 0.410131 0.751131 0.441379 1.000000
tan 0.425197 0.710521 0.486577 1.000000
tan -0.580197 0.254077 0.764337 1.000000
tan -0.706801 0.310993 0.624961 1.000000
tan 0.656209 0.589869 0.457995 1.000000
tan -0.737429 0.200880 0.647343 1.000000
tan -0.637795 0.771653 0.020088 1.000000
tan -0.344845 0.508091 0.724037 1.000000
tan 0.707421 0.510571 0.433009 1.000000
tan 0.340691 0.157418 0.862050 1.000000
tan -0.419679 0.646661 0.622357 1.000000
tan 0.221154 0.092380 0.945626 1.000000
tan 0.155000 0.040300 0.968752 1.000000
tan 0.086490 0.642197 0.716597 1.000000
tan -0.139500 0.062496 0.976502 1.000000
tan 0.023622 0.013888 1.000000 1.000000
tan -0.420547 0.215078 0.801971 1.000000
tan -0.024800 0.610019 0.787401 1.000000
tan -0.746419 0.540827 0.351479 1.000000
tan -0.556885 0.570401 0.608221 1.000000
tan -0.001488 0.749520 0.655031 1.000000
tan -0.460847 0.825842 0.266972 1.000000
tan -0.472813 0.783930 0.337777 1.000000
tan -0.220968 0.899870 0.358423 1.000000
tan -0.125736 0.707111 0.658317 1.000000
tan -0.004464 1.000000 0.086614 1.000000
tan -0.006510 1.000000 0.086614 1.000000
tan 0.000496 1.000000 0.031496 1.000000
tan 0.001240 1.000000 0.031496 1.000000
tan 0.057288 0.916734 0.075144 1.000000
tan 0.178808 0.835886 0.245396 1.000000
tan 0.088350 0.961064 0.078120 1.000000
tan 0.009362 0.794532 0.526629 1.000000
tan 0.336041 0.846922 0.314961 1.000000
tan 0.120218 0.819642 0.485461 1.000000
tan 0.047244 1.000000 0.000744 1.000000
tan 0.039370 1.000000 0.000620 1.000000
tan 0.039370 1.000000 -0.000620 1.000000
tan 0.003100 0.787030 0.575361 1.000000
tan 0.070866 1.000000 0.008990 1.000000
tan 0.015748 1.000000 -0.000248 1.000000
tan -0.007440 0.754851 0.641887 1.000000
tan 0.055118 1.000000 0.016182 1.000000
tan 0.015748 1.000000 -0.000000 1.000000
tan 0.007874 1.000000 0.015686 1.000000
tan 0.055118 1.000000 -0.000000 1.000000
tan -0.007874 1.000000 0.007998 1.000000
tan 0.031000 0.789882 0.561101 1.000000
tan -0.037944 0.840102 0.434745 1.000000
tan 0.167400 0.897452 -0.138570 1.000000
tan 0.047120 0.993428 -0.041664 1.000000
tan 0.038192 0.974642 -0.050096 1.000000
tan 0.030132 0.756215 0.637795 1.000000
tan 0.031992 0.861554 -0.030380 1.000000
tan 0.001240 1.000000 -0.031496 1.000000
tan 0.083948 0.837498 0.447889 1.000000
tan 0.160394 0.716721 0.642445 1.000000
tan 0.007254 1.000000 0.015748 1.000000
tan 0.000620 1.000000 -0.039370 1.000000
tan 0.007626 1.000000 0.015748 1.000000
tan 0.227850 0.922748 0.289788 1.000000
tan 0.470209 0.839482 0.232872 1.000000
tan 0.485709 0.803894 0.300204 1.000000
tan 0.585405 0.597681 0.552421 1.000000
tan 0.765763 0.552545 0.312791 1.000000
tan 0.463327 0.231137 0.780519 1.000000
tan 0.043400 0.612809 0.787401 1.000000
tan 0.217000 0.074896 0.961002 1.000000
tan 0.023622 0.017608 1.000000 1.000000
tan -0.108376 0.032984 0.977742 1.000000
tan -0.144894 0.074400 0.960878 1.000000
tan -0.275405 0.130448 0.883812 1.000000
tan 0.018414 0.748775 0.656519 1.000000
tan -0.064852 0.633641 0.719449 1.000000
tan -0.674871 0.490731 0.489057 1.000000
tan -0.633145 0.558311 0.523405 1.000000
tan -0.392337 0.724162 0.493025 1.000000
tan -0.407961 0.683737 0.533449 1.000000
tan -0.153636 0.655837 0.716845 1.000000
tan 0.390415 0.455577 0.742017 1.000000
tan 0.020522 0.740157 0.669291 1.000000
tan 0.004650 0.748031 0.669291 1.000000
tan 0.010168 0.763779 0.645669 1.000000
tan 0.026040 0.748031 0.661417 1.000000
tan 0.568107 0.321781 0.745179 1.000000
tan 0.585281 0.217992 0.770537 1.000000
tan 0.718581 0.271809 0.635377 1.000000
tan 0.743443 0.177816 0.652365 1.000000
tan 0.685039 0.732283 0.021576 1.000000
tan 0.466613 0.602641 0.635625 1.000000
tan 0.661417 0.748031 0.026040 1.000000
tan 0.091884 0.769669 0.605245 1.000000
tan 0.377953 0.921260 0.013206 1.000000
tan 0.188976 0.984252 0.009238 1.000000
tan 0.677165 0.732283 0.005332 1.000000
tan 0.677165 0.740157 0.005332 1.000000
tan 0.579701 0.490111 0.647901 1.000000
tan 0.579701 0.495381 0.647901 1.000000
tan 0.645669 0.763779 0.005084 1.000000
tan 0.706181 0.435427 0.542687 1.000000
tan 0.622047 0.779527 -0.000000 1.000000
tan 0.551181 0.834646 -0.000000 1.000000
tan 0.425197 0.905512 -0.000000 1.000000
tan 0.291339 0.952756 -0.000000 1.000000
tan 0.188976 0.984252 -0.000000 1.000000
tan 0.125984 0.992126 -0.000000 1.000000
tan 0.094488 0.992126 -0.000000 1.000000
tan 0.078740 1.000000 -0.000000 1.000000
tan 0.102362 0.992126 0.007812 1.000000
tan 0.062992 1.000000 -0.000000 1.000000
tan 0.031496 1.000000 -0.000000 1.000000
tan -0.039370 1.000000 0.007874 1.000000
tan 0.000000 1.000000 -0.000000 1.000000
tan -0.015748 1.000000 -0.000000 1.000000
tan -0.125984 0.992126 0.008804 1.000000
tan -0.031496 1.000000 -0.000000 1.000000
tan -0.062992 1.000000 -0.000000 1.000000
tan -0.125984 0.992126 -0.000000 1.000000
tan -0.063736 0.772521 0.593837 1.000000
tan -0.322835 0.944882 0.012524 1.000000
tan -0.236220 0.968504 -0.000000 1.000000
tan -0.370079 0.929134 -0.000000 1.000000
tan -0.488189 0.874016 -0.000000 1.000000
tan -0.606299 0.795275 0.023870 1.000000
tan -0.566929 0.826772 -0.000000 1.000000
tan -0.590551 0.803149 0.004650 1.000000
tan -0.687209 0.487321 0.528737 1.000000
tan -0.558621 0.545911 0.624341 1.000000
tan -0.629921 0.779527 0.004960 1.000000
tan -0.622047 0.779527 0.004898 1.000000
tan -0.558621 0.540641 0.624341 1.000000
tan -0.022940 -0.811023 0.582677 1.000000
tan -0.009176 -0.811023 0.582677 1.000000
tan -0.008928 -0.826771 0.566929 1.000000
tan -0.017236 -0.803149 0.598425 1.000000
tan 0.172050 -0.724471 0.648211 1.000000
tan -0.549011 -0.386199 0.720131 1.000000
tan 0.418873 -0.764771 0.420919 1.000000
tan 0.433753 -0.723789 0.462397 1.000000
tan -0.575299 -0.271374 0.758137 1.000000
tan -0.700911 -0.327981 0.619753 1.000000
tan 0.668113 -0.599913 0.435117 1.000000
tan -0.737368 -0.217992 0.647467 1.000000
tan -0.606299 -0.795275 0.019096 1.000000
tan -0.318123 -0.534689 0.710769 1.000000
tan 0.720317 -0.518569 0.413665 1.000000
tan 0.376961 -0.172360 0.847542 1.000000
tan -0.393267 -0.668671 0.613553 1.000000
tan 0.266911 -0.102920 0.930374 1.000000
tan 0.186000 -0.045260 0.968752 1.000000
tan 0.092132 -0.645049 0.716597 1.000000
tan -0.093000 -0.054684 0.976502 1.000000
tan 0.047244 -0.012028 1.000000 1.000000
tan -0.377767 -0.194990 0.823361 1.000000
tan -0.007626 -0.608159 0.788332 1.000000
tan -0.739661 -0.537231 0.375349 1.000000
tan -0.539897 -0.553909 0.630541 1.000000
tan -0.456321 -0.819021 0.280613 1.000000
tan -0.468225 -0.777233 0.364561 1.000000
tan -0.216504 -0.884618 0.396553 1.000000
tan -0.106020 -0.704693 0.670593 1.000000
tan -0.002852 -0.992126 0.125984 1.000000
tan -0.005828 -0.992126 0.125984 1.000000
tan 0.001116 -1.000000 0.070866 1.000000
tan 0.002790 -1.000000 0.070866 1.000000
tan 0.128898 -0.904210 0.169074 1.000000
tan 0.260339 -0.793539 0.351789 1.000000
tan 0.188480 -0.938186 0.166656 1.000000
tan 0.058280 -0.762477 0.561721 1.000000
tan 0.436667 -0.767189 0.402257 1.000000
tan 0.102362 -0.992126 0.001612 1.000000
tan 0.078740 -1.000000 0.001240 1.000000
tan 0.170190 -0.803521 0.514477 1.000000
tan 0.025296 -0.784177 0.583917 1.000000
tan 0.110236 -0.992126 0.009548 1.000000
tan 0.062992 -1.000000 -0.000992 1.000000
tan 0.078740 -1.000000 -0.001240 1.000000
tan 0.031496 -1.000000 0.007378 1.000000
tan 0.094488 -0.992126 0.016368 1.000000
tan 0.009362 -0.753487 0.644615 1.000000
tan 0.004402 -0.749519 0.654287 1.000000
tan 0.055118 -1.000000 0.000000 1.000000
tan 0.055118 -1.000000 0.015314 1.000000
tan -0.041540 -0.781325 0.589621 1.000000
tan 0.000000 -1.000000 0.007874 1.000000
tan -0.086614 -1.000000 0.008556 1.000000
tan -0.283465 -0.960630 0.012028 1.000000
tan 0.070866 -1.000000 0.000000 1.000000
tan 0.039370 -1.000000 0.000000 1.000000
tan 0.023622 -1.000000 0.000000 1.000000
tan 0.007874 -1.000000 0.000000 1.000000
tan -0.031496 -1.000000 0.000000 1.000000
tan -0.094488 -0.992126 0.000000 1.000000
tan -0.204724 -0.976378 0.000000 1.000000
tan -0.338583 -0.944882 0.000000 1.000000
tan -0.456693 -0.889764 0.000000 1.000000
tan -0.574803 -0.818897 0.022630 1.000000
tan -0.535433 -0.842520 0.000000 1.000000
tan -0.566929 -0.826772 0.004464 1.000000
tan -0.674623 -0.510881 0.519375 1.000000
tan -0.548081 -0.574121 0.612561 1.000000
tan -0.598425 -0.803149 0.004712 1.000000
tan -0.590551 -0.803149 0.004650 1.000000
tan -0.548081 -0.568851 0.612561 1.000000
tan 0.110236 -0.992126 0.000000 1.000000
tan 0.102362 -0.992126 0.000000 1.000000
tan 0.118110 -0.992126 0.000000 1.000000
tan 0.041044 -0.757579 0.636431 1.000000
tan 0.228346 -0.976378 0.009486 1.000000
tan 0.133858 -0.992126 0.000000 1.000000
tan 0.165354 -0.984252 0.000000 1.000000
tan 0.228346 -0.976378 0.000000 1.000000
tan 0.024304 -0.748775 0.657263 1.000000
tan 0.053196 -0.792733 0.552545 1.000000
tan 0.417323 -0.905512 0.013702 1.000000
tan 0.330709 -0.944882 0.000000 1.000000
tan 0.464567 -0.889764 0.000000 1.000000
tan 0.590551 -0.811023 0.000000 1.000000
tan 0.114080 -0.760865 0.609461 1.000000
tan 0.692913 -0.716535 0.027280 1.000000
tan 0.661417 -0.748031 0.000000 1.000000
tan 0.493025 -0.574741 0.641577 1.000000
tan -0.054498 -0.630789 0.722301 1.000000
tan 0.054374 -0.613739 0.786471 1.000000
tan 0.415463 -0.418749 0.746729 1.000000
tan 0.180110 -0.723913 0.635253 1.000000
tan 0.743505 -0.160704 0.652241 1.000000
tan 0.012028 -0.850331 0.402877 1.000000
tan 0.432017 -0.749085 -0.374109 1.000000
tan 0.106020 -0.982330 -0.093744 1.000000
tan 0.081158 -0.968380 -0.106454 1.000000
tan 0.144088 -0.859322 0.393329 1.000000
tan 0.191208 -0.819146 -0.237088 1.000000
tan 0.002790 -1.000000 -0.070866 1.000000
tan 0.772521 -0.556141 0.288921 1.000000
tan 0.470829 -0.839482 0.219233 1.000000
tan 0.008804 -1.000000 -0.023622 1.000000
tan 0.001116 -1.000000 -0.070866 1.000000
tan 0.008246 -1.000000 -0.023622 1.000000
tan 0.232314 -0.938000 0.251659 1.000000
tan 0.490297 -0.810589 0.273421 1.000000
tan 0.596937 -0.608593 0.524521 1.000000
tan 0.498977 -0.247504 0.759129 1.000000
tan 0.255751 -0.081096 0.953252 1.000000
tan 0.055118 -0.020088 1.000000 1.000000
tan -0.077376 -0.028148 0.985492 1.000000
tan -0.099138 -0.063240 0.960878 1.000000
tan -0.239134 -0.115506 0.898320 1.000000
tan -0.655527 -0.478889 0.521297 1.000000
tan -0.615041 -0.543369 0.557505 1.000000
tan -0.379379 -0.703701 0.520305 1.000000
tan -0.391097 -0.657077 0.564325 1.000000
tan -0.145576 -0.625333 0.739724 1.000000
tan 0.590179 -0.205468 0.776799 1.000000
tan 0.022320 -0.708661 0.708661 1.000000
tan 0.005394 -0.716535 0.700787 1.000000
tan 0.010788 -0.732283 0.685039 1.000000
tan 0.027590 -0.716535 0.700787 1.000000
tan 0.572881 -0.291958 0.751441 1.000000
tan 0.724471 -0.248930 0.640585 1.000000
tan 0.716535 -0.692913 0.022568 1.000000
tan 0.716535 -0.700787 0.005642 1.000000
tan 0.708661 -0.708661 0.005580 1.000000
tan 0.595511 -0.456011 0.665571 1.000000
tan 0.595511 -0.456011 0.665571 1.000000
tan 0.685039 -0.732283 0.005394 1.000000
tan 0.718829 -0.407093 0.552049 1.000000
tan 0.000000 -0.000000 -1.000000 1.000000
tan -0.181102 -0.000000 -0.984252 1.000000
tan -0.181102 -0.000000 -0.984252 1.000000
tan 0.000000 -0.000000 -1.000000 1.000000
tan -0.992126 -0.000000 -0.118110 1.000000
tan -0.173228 -0.000000 -0.984252 1.000000
tan 0.000000 -0.000000 -1.000000 1.000000
tan -0.992126 -0.000000 -0.118110 1.000000
tan -1.000000 0.000000 0.070866 1.000000
tan -0.992126 0.023436 -0.118110 1.000000
tan -1.000000 0.000000 0.070866 1.000000
tan -0.708661 0.000000 0.700787 1.000000
tan -0.172422 0.009052 -0.977184 1.000000
tan 0.000000 -0.000000 -0.992126 1.000000
tan -0.984314 0.132804 -0.127100 1.000000
tan -0.173228 0.008184 -0.951516 1.000000
tan 0.000000 -0.000000 -0.962428 1.000000
tan -1.000000 0.023622 0.070866 1.000000
tan -0.171864 0.024552 -0.930746 1.000000
tan 0.000000 -0.000000 -0.943890 1.000000
tan -0.953066 0.281232 -0.149544 1.000000
tan -0.992126 0.133858 0.071362 1.000000
tan -0.160952 0.064108 -0.954554 1.000000
tan 0.000000 -0.000000 -0.969186 1.000000
tan -0.891252 0.426251 -0.169570 1.000000
tan -0.122760 0.122760 -0.982082 1.000000
tan 0.000000 -0.000000 -1.004402 1.000000
tan -0.806002 0.565751 -0.185876 1.000000
tan 0.000000 -0.000000 -0.969186 1.000000
tan -0.960630 0.291339 0.072664 1.000000
tan -0.064108 0.160952 -0.954554 1.000000
tan 0.000000 -0.000000 -0.943890 1.000000
tan -0.716039 0.044950 0.696385 1.000000
tan -0.024552 0.171864 -0.930746 1.000000
tan 0.000000 -0.000000 -0.962428 1.000000
tan -0.573501 0.798251 -0.185566 1.000000
tan -0.008184 0.173228 -0.951516 1.000000
tan 0.000000 -0.000000 -0.985492 1.000000
tan -0.697501 0.697501 -0.189720 1.000000
tan -0.001364 0.173228 -0.977618 1.000000
tan 0.000000 -0.000000 -1.000000 1.000000
tan -0.302251 0.937752 -0.191890 1.000000
tan -0.441751 0.875752 -0.186000 1.000000
tan -0.153760 0.961002 -0.206461 1.000000
tan -0.559055 0.826772 0.085002 1.000000
tan -0.359353 0.929630 0.092566 1.000000
tan -0.685039 0.732283 0.078120 1.000000
tan -0.228780 0.669601 0.684915 1.000000
tan -0.795276 0.606299 0.078740 1.000000
tan -0.495877 0.536239 0.672081 1.000000
tan -0.889764 0.448819 0.070184 1.000000
tan -0.623597 0.402133 0.673569 1.000000
tan -0.713001 0.119784 0.682249 1.000000
tan -0.691921 0.236407 0.669477 1.000000
tan -0.469279 0.496249 0.727385 1.000000
tan -0.582553 0.356005 0.724657 1.000000
tan -0.322897 0.578089 0.741335 1.000000
tan -0.645173 0.202616 0.729121 1.000000
tan -0.664021 0.100130 0.733709 1.000000
tan -0.190836 0.607663 0.751193 1.000000
tan -0.660859 0.037076 0.743505 1.000000
tan -0.124062 0.674251 0.717031 1.000000
tan -0.102858 0.612251 0.770165 1.000000
tan -0.708661 0.005580 0.700911 1.000000
tan -0.795276 0.012524 0.606423 1.000000
tan -0.669291 0.000000 0.748031 1.000000
tan -0.708661 0.000000 0.700787 1.000000
tan -0.669291 0.000000 0.748031 1.000000
tan -0.053320 0.677165 0.733709 1.000000
tan -0.038688 0.614173 0.787463 1.000000
tan -0.148428 0.984314 0.096100 1.000000
tan 0.010664 0.677165 0.733399 1.000000
tan 0.000000 0.606299 0.795275 1.000000
tan 0.038688 0.614173 0.787463 1.000000
tan 0.102858 0.612251 0.770165 1.000000
tan 0.078120 0.992126 0.087234 1.000000
tan 0.000000 0.976378 -0.212599 1.000000
tan 0.124062 0.674251 0.717031 1.000000
tan 0.190836 0.607663 0.751193 1.000000
tan 0.000000 0.173228 -0.984252 1.000000
tan 0.001364 0.173228 -0.977618 1.000000
tan 0.000000 -0.000000 -0.985492 1.000000
tan 0.153760 0.961002 -0.206461 1.000000
tan 0.296857 0.945254 0.091946 1.000000
tan 0.302251 0.937752 -0.191890 1.000000
tan 0.008184 0.173228 -0.951516 1.000000
tan 0.000000 -0.000000 -0.962428 1.000000
tan 0.024552 0.171864 -0.930746 1.000000
tan 0.000000 -0.000000 -0.943890 1.000000
tan 0.488189 0.874016 0.091884 1.000000
tan 0.441751 0.875752 -0.186000 1.000000
tan 0.064108 0.160952 -0.954554 1.000000
tan 0.000000 -0.000000 -0.969186 1.000000
tan 0.573501 0.798251 -0.185566 1.000000
tan 0.122760 0.122760 -0.982082 1.000000
tan 0.000000 -0.000000 -1.004402 1.000000
tan 0.000000 -0.000000 -0.969186 1.000000
tan 0.685039 0.732283 0.078120 1.000000
tan 0.160952 0.064108 -0.954554 1.000000
tan 0.000000 -0.000000 -0.943890 1.000000
tan 0.697501 0.697501 -0.189720 1.000000
tan 0.806002 0.565751 -0.185876 1.000000
tan 0.171864 0.024552 -0.930746 1.000000
tan 0.000000 -0.000000 -0.962428 1.000000
tan 0.795276 0.606299 0.078740 1.000000
tan 0.173228 0.008184 -0.951516 1.000000
tan 0.000000 -0.000000 -0.992126 1.000000
tan 0.891252 0.426251 -0.169570 1.000000
tan 0.172422 0.009052 -0.977184 1.000000
tan 0.000000 -0.000000 -1.000000 1.000000
tan 0.953066 0.281232 -0.149544 1.000000
tan 0.173228 -0.000000 -0.984252 1.000000
tan 0.000000 -0.000000 -1.000000 1.000000
tan 0.984314 0.132804 -0.127100 1.000000
tan 0.181102 -0.000000 -0.984252 1.000000
tan 0.000000 -0.000000 -1.000000 1.000000
tan 0.181102 -0.000000 -0.984252 1.000000
tan 0.992126 -0.000000 -0.118110 1.000000
tan 0.992126 0.023436 -0.118110 1.000000
tan 0.992126 -0.000000 -0.118110 1.000000
tan 1.000000 0.000000 0.070866 1.000000
tan 1.000000 0.000000 0.070866 1.000000
tan 0.708661 0.000000 0.700787 1.000000
tan 1.000000 0.023622 0.070866 1.000000
tan 0.708661 0.000000 0.700787 1.000000
tan 0.669291 0.000000 0.748031 1.000000
tan 0.669291 0.000000 0.748031 1.000000
tan 0.708661 0.005580 0.700911 1.000000
tan 0.795276 0.012524 0.606423 1.000000
tan 0.660859 0.037076 0.743505 1.000000
tan 0.716039 0.044950 0.696385 1.000000
tan 0.664021 0.100130 0.733709 1.000000
tan 0.992126 0.133858 0.071362 1.000000
tan 0.713001 0.119784 0.682249 1.000000
tan 0.645173 0.202616 0.729121 1.000000
tan 0.960630 0.291339 0.072664 1.000000
tan 0.691921 0.236407 0.669477 1.000000
tan 0.582553 0.356005 0.724657 1.000000
tan 0.889764 0.448819 0.070184 1.000000
tan 0.623597 0.402133 0.673569 1.000000
tan 0.469279 0.496249 0.727385 1.000000
tan 0.495877 0.536239 0.672081 1.000000
tan 0.322897 0.578089 0.741335 1.000000
tan 0.225680 0.677041 0.674561 1.000000
tan -0.181102 0.000000 0.984252 1.000000
tan -0.181102 0.000000 0.984252 1.000000
tan 0.000000 0.000000 1.000000 1.000000
tan -0.992126 0.000000 0.118110 1.000000
tan 0.000000 0.000000 1.000000 1.000000
tan -0.992126 0.000000 0.118110 1.000000
tan -1.000000 -0.000000 -0.070866 1.000000
tan -0.173228 0.000000 0.984252 1.000000
tan 0.000000 0.000000 1.000000 1.000000
tan -0.992126 0.023436 0.118110 1.000000
tan -1.000000 -0.000000 -0.070866 1.000000
tan -0.708661 -0.000000 -0.700787 1.000000
tan -0.172422 0.009052 0.977184 1.000000
tan 0.000000 0.000000 0.992126 1.000000
tan -0.984314 0.132804 0.127100 1.000000
tan -0.173228 0.008184 0.951516 1.000000
tan 0.000000 0.000000 0.962428 1.000000
tan -1.000000 0.023622 -0.070866 1.000000
tan -0.171864 0.024552 0.930746 1.000000
tan 0.000000 0.000000 0.943890 1.000000
tan -0.953066 0.281233 0.149544 1.000000
tan -0.992126 0.133858 -0.071362 1.000000
tan -0.160952 0.064108 0.954554 1.000000
tan 0.000000 0.000000 0.969186 1.000000
tan -0.891252 0.426251 0.169570 1.000000
tan -0.122760 0.122760 0.982082 1.000000
tan 0.000000 0.000000 1.004402 1.000000
tan -0.806002 0.565751 0.185876 1.000000
tan 0.000000 0.000000 0.969186 1.000000
tan -0.960630 0.291339 -0.072664 1.000000
tan -0.064108 0.160952 0.954554 1.000000
tan 0.000000 0.000000 0.943890 1.000000
tan -0.716039 0.044950 -0.696385 1.000000
tan -0.024552 0.171864 0.930746 1.000000
tan 0.000000 0.000000 0.962428 1.000000
tan -0.573501 0.798251 0.185566 1.000000
tan -0.008184 0.173228 0.951516 1.000000
tan 0.000000 0.000000 0.985492 1.000000
tan -0.697501 0.697501 0.189720 1.000000
tan -0.001364 0.173228 0.977618 1.000000
tan 0.000000 0.000000 1.000000 1.000000
tan -0.302251 0.937752 0.191890 1.000000
tan -0.441751 0.875752 0.186000 1.000000
tan -0.153760 0.961002 0.206460 1.000000
tan -0.559055 0.826772 -0.085002 1.000000
tan -0.359353 0.929630 -0.092566 1.000000
tan -0.685039 0.732283 -0.078120 1.000000
tan -0.228780 0.669601 -0.684915 1.000000
tan -0.795276 0.606299 -0.078740 1.000000
tan -0.495877 0.536239 -0.672081 1.000000
tan -0.889764 0.448819 -0.070184 1.000000
tan -0.623597 0.402133 -0.673569 1.000000
tan -0.322897 0.578089 -0.741336 1.000000
tan -0.469279 0.496249 -0.727385 1.000000
tan -0.190836 0.607663 -0.751193 1.000000
tan -0.582553 0.356005 -0.724657 1.000000
tan -0.124062 0.674251 -0.717031 1.000000
tan -0.102858 0.612251 -0.770165 1.000000
tan -0.691921 0.236406 -0.669477 1.000000
tan -0.645173 0.202616 -0.729121 1.000000
tan -0.713001 0.119784 -0.682249 1.000000
tan -0.664021 0.100130 -0.733709 1.000000
tan -0.660859 0.037076 -0.743505 1.000000
tan -0.708661 0.005580 -0.700911 1.000000
tan -0.795276 0.012524 -0.606423 1.000000
tan -0.669291 -0.000000 -0.748031 1.000000
tan -0.708661 -0.000000 -0.700787 1.000000
tan -0.669291 -0.000000 -0.748031 1.000000
tan -0.053320 0.677165 -0.733709 1.000000
tan -0.038688 0.614173 -0.787463 1.000000
tan -0.148428 0.984314 -0.096100 1.000000
tan 0.010664 0.677165 -0.733399 1.000000
tan 0.000000 0.606299 -0.795276 1.000000
tan 0.038688 0.614173 -0.787463 1.000000
tan 0.102858 0.612251 -0.770165 1.000000
tan 0.078120 0.992126 -0.087234 1.000000
tan 0.000000 0.976378 0.212598 1.000000
tan 0.124062 0.674251 -0.717031 1.000000
tan 0.190836 0.607663 -0.751193 1.000000
tan 0.000000 0.173228 0.984252 1.000000
tan 0.001364 0.173228 0.977618 1.000000
tan 0.000000 0.000000 0.985492 1.000000
tan 0.153760 0.961002 0.206460 1.000000
tan 0.296857 0.945254 -0.091946 1.000000
tan 0.302251 0.937752 0.191890 1.000000
tan 0.008184 0.173228 0.951516 1.000000
tan 0.000000 0.000000 0.962428 1.000000
tan 0.024552 0.171864 0.930746 1.000000
tan 0.000000 0.000000 0.943890 1.000000
tan 0.488189 0.874016 -0.091884 1.000000
tan 0.441751 0.875752 0.186000 1.000000
tan 0.064108 0.160952 0.954554 1.000000
tan 0.000000 0.000000 0.969186 1.000000
tan 0.573501 0.798251 0.185566 1.000000
tan 0.122760 0.122760 0.982082 1.000000
tan 0.000000 0.000000 1.004402 1.000000
tan 0.000000 0.000000 0.969186 1.000000
tan 0.685039 0.732283 -0.078120 1.000000
tan 0.160952 0.064108 0.954554 1.000000
tan 0.000000 0.000000 0.943890 1.000000
tan 0.697501 0.697501 0.189720 1.000000
tan 0.806002 0.565751 0.185876 1.000000
tan 0.171864 0.024552 0.930746 1.000000
tan 0.000000 0.000000 0.962428 1.000000
tan 0.795276 0.606299 -0.078740 1.000000
tan 0.173228 0.008184 0.951516 1.000000
tan 0.000000 0.000000 0.992126 1.000000
tan 0.891252 0.426251 0.169570 1.000000
tan 0.172422 0.009052 0.977184 1.000000
tan 0.000000 0.000000 1.000000 1.000000
tan 0.953066 0.281233 0.149544 1.000000
tan 0.984314 0.132804 0.127100 1.000000
tan 0.173228 0.000000 0.984252 1.000000
tan 0.000000 0.000000 1.000000 1.000000
tan 0.992126 0.133858 -0.071362 1.000000
tan 0.181102 0.000000 0.984252 1.000000
tan 0.000000 0.000000 1.000000 1.000000
tan 0.181102 0.000000 0.984252 1.000000
tan 0.992126 0.000000 0.118110 1.000000
tan 0.992126 0.023436 0.118110 1.000000
tan 0.992126 0.000000 0.118110 1.000000
tan 1.000000 -0.000000 -0.070866 1.000000
tan 1.000000 0.023622 -0.070866 1.000000
tan 1.000000 -0.000000 -0.070866 1.000000
tan 0.708661 -0.000000 -0.700787 1.000000
tan 0.708661 -0.000000 -0.700787 1.000000
tan 0.669291 -0.000000 -0.748031 1.000000
tan 0.669291 -0.000000 -0.748031 1.000000
tan 0.708661 0.005580 -0.700911 1.000000
tan 0.795276 0.012524 -0.606423 1.000000
tan 0.660859 0.037076 -0.743505 1.000000
tan 0.716039 0.044950 -0.696385 1.000000
tan 0.664021 0.100130 -0.733709 1.000000
tan 0.960630 0.291339 -0.072664 1.000000
tan 0.713001 0.119784 -0.682249 1.000000
tan 0.645173 0.202616 -0.729121 1.000000
tan 0.889764 0.448819 -0.070184 1.000000
tan 0.691921 0.236406 -0.669477 1.000000
tan 0.582553 0.356005 -0.724657 1.000000
tan 0.623597 0.402133 -0.673569 1.000000
tan 0.469279 0.496249 -0.727385 1.000000
tan 0.495877 0.536239 -0.672081 1.000000
tan 0.322897 0.578089 -0.741336 1.000000
tan 0.225680 0.677041 -0.674561 1.000000
tan 0.000000 -1.000000 0.000000 1.000000
tan 0.000000 -1.000000 0.000000 1.000000
tan 0.000000 -1.000000 0.000000 1.000000
tan 0.000000 -1.000000 0.000000 1.000000
tan 0.000000 -1.000000 0.000000 1.000000
tan 0.000000 -1.000000 0.000000 1.000000
tan 0.000000 -1.000000 0.000000 1.000000
tan 0.000000 -1.000000 0.000000 1.000000
tan 0.000000 -1.000000 0.000000 1.000000
tan 0.000000 -1.000000 0.000000 1.000000
tan 0.000000 -1.000000 0.000000 1.000000
tan 0.000000 -1.000000 0.000000 1.000000
tan 0.000000 -1.000000 0.000000 1.000000
tan 0.000000 -1.000000 0.000000 1.000000
tan 0.000000 -1.000000 0.000000 1.000000
tan 0.000000 -1.000000 0.000000 1.000000
tan 0.000000 -1.000000 0.000000 1.000000
tan 0.000000 -1.000000 0.000000 1.000000
tan 0.000000 -1.000000 0.000000 1.000000
tan 0.000000 -1.000000 0.000000 1.000000
tan 0.000000 -1.000000 0.000000 1.000000
tan 0.000000 -1.000000 0.000000 1.000000
tan 0.000000 -1.000000 0.000000 1.000000
tan 0.000000 -1.000000 0.000000 1.000000
tan 0.000000 -1.000000 0.000000 1.000000
tan 0.000000 -1.000000 0.000000 1.000000
tan 0.000000 -1.000000 0.000000 1.000000
tan 0.000000 -1.000000 0.000000 1.000000
tan 0.000000 -1.000000 0.000000 1.000000
tan 0.000000 -1.000000 0.000000 1.000000
tan 0.000000 -1.000000 0.000000 1.000000
tan 0.000000 -1.000000 0.000000 1.000000
tan 0.000000 -1.000000 0.000000 1.000000
tan 0.000000 -1.000000 0.000000 1.000000
tan 0.000000 -1.000000 0.000000 1.000000
tan 0.000000 -1.000000 0.000000 1.000000
tan 0.000000 -1.000000 0.000000 1.000000
tan 0.000000 -1.000000 0.000000 1.000000
tan 0.000000 -1.000000 0.000000 1.000000
tan 0.000000 -1.000000 0.000000 1.000000
tan 0.000000 -1.000000 0.000000 1.000000
tan 0.000000 -1.000000 0.000000 1.000000
tan 0.000000 -1.000000 0.000000 1.000000
tan 0.000000 -1.000000 0.000000 1.000000
tan 0.000000 -1.000000 0.000000 1.000000
tan 0.000000 -1.000000 0.000000 1.000000
tan 0.000000 -1.000000 0.000000 1.000000
tan 0.000000 -1.000000 0.000000 1.000000
tan 0.000000 -1.000000 0.000000 1.000000
tan 0.000000 -1.000000 0.000000 1.000000
tan 0.000000 -1.000000 0.000000 1.000000
tan 0.000000 -1.000000 0.000000 1.000000
tan 0.000000 -1.000000 0.000000 1.000000
tan 0.000000 -1.000000 0.000000 1.000000
tan 0.000000 -1.000000 0.000000 1.000000
tan 0.000000 -1.000000 0.000000 1.000000
f 3/3/3 2/2/2 1/1/1
f 1/1/1 2/2/2 4/4/4
f 4/4/4 2/2/2 5/5/5
f 6/6/6 1/1/1 4/4/4
f 7/7/7 5/5/5 2/2/2
f 6/6/6 8/8/8 1/1/1
f 9/9/9 5/5/5 7/7/7
f 6/6/6 10/10/10 8/8/8
f 7/7/7 11/11/11 9/9/9
f 8/8/8 10/10/10 12/12/12
f 11/11/11 13/13/13 9/9/9
f 10/10/10 14/14/14 12/12/12
f 9/9/9 13/13/13 15/15/15
f 12/12/12 14/14/14 16/16/16
f 15/15/15 13/13/13 17/17/17
f 16/16/16 14/14/14 18/18/18
f 15/15/15 17/17/17 19/19/19
f 20/20/20 18/18/18 14/14/14
f 19/19/19 17/17/17 21/21/21
f 22/22/22 18/18/18 20/20/20
f 23/23/23 21/21/21 17/17/17
f 24/24/24 18/18/18 22/22/22
f 25/25/25 21/21/21 23/23/23
f 26/26/26 24/24/24 22/22/22
f 27/27/27 21/21/21 25/25/25
f 28/28/28 24/24/24 26/26/26
f 29/29/29 27/27/27 25/25/25
f 30/30/30 28/28/28 26/26/26
f 31/31/31 27/27/27 29/29/29
f 32/32/32 28/28/28 30/30/30
f 31/31/31 29/29/29 33/33/33
f 30/30/30 34/34/34 32/32/32
f 31/31/31 33/33/33 35/35/35
f 32/32/32 34/34/34 36/36/36
f 35/35/35 36/36/36 34/34/34
f 33/33/33 36/36/36 35/35/35
f 37/37/37 36/36/36 33/33/33
f 40/40/40 39/39/39 38/38/38
f 40/40/40 38/38/38 41/41/41
f 41/41/41 38/38/38 42/42/42
f 42/42/42 38/38/38 43/43/43
f 44/44/44 43/43/43 38/38/38
f 45/45/45 44/44/44 38/38/38
f 45/45/45 38/38/38 46/46/46
f 46/46/46 38/38/38 47/47/47
f 47/47/47 38/38/38 48/48/48
f 49/49/49 48/48/48 38/38/38
f 50/50/50 49/49/49 38/38/38
f 51/51/51 50/50/50 38/38/38
f 51/51/51 38/38/38 52/52/52
f 52/52/52 38/38/38 53/53/53
f 56/56/56 55/55/55 54/54/54
f 55/55/55 57/57/57 54/54/54
f 58/58/58 54/54/54 57/57/57
f 59/59/59 54/54/54 58/58/58
f 60/60/60 54/54/54 59/59/59
f 60/60/60 61/61/61 54/54/54
f 61/61/61 62/62/62 54/54/54
f 62/62/62 63/63/63 54/54/54
f 64/64/64 54/54/54 63/63/63
f 65/65/65 54/54/54 64/64/64
f 66/66/66 54/54/54 65/65/65
f 66/66/66 67/67/67 54/54/54
f 67/67/67 68/68/68 54/54/54
f 69/69/69 54/54/54 68/68/68
f 70/70/70 54/54/54 69/69/69
f 73/73/73 72/72/72 71/71/71
f 72/72/72 73/73/73 74/74/74
f 74/74/74 75/75/75 72/72/72
f 74/74/74 73/73/73 76/76/76
f 72/72/72 75/75/75 77/77/77
f 78/78/78 76/76/76 73/73/73
f 72/72/72 77/77/77 79/79/79
f 80/80/80 76/76/76 78/78/78
f 79/79/79 77/77/77 81/81/81
f 82/82/82 80/80/80 78/78/78
f 77/77/77 83/83/83 81/81/81
f 84/84/84 80/80/80 82/82/82
f 85/85/85 81/81/81 83/83/83
f 84/84/84 86/86/86 80/80/80
f 87/87/87 85/85/85 83/83/83
f 88/88/88 86/86/86 84/84/84
f 89/89/89 85/85/85 87/87/87
f 85/85/85 89/89/89 90/90/90
f 87/87/87 91/91/91 89/89/89
f 89/89/89 91/91/91 92/92/92
f 89/89/89 92/92/92 93/93/93
f 93/93/93 92/92/92 94/94/94
f 92/92/92 95/95/95 94/94/94
f 94/94/94 95/95/95 96/96/96
f 97/97/97 96/96/96 95/95/95
f 98/98/98 96/96/96 97/97/97
f 96/96/96 98/98/98 99/99/99
f 97/97/97 100/100/100 98/98/98
f 98/98/98 100/100/100 101/101/101
f 98/98/98 101/101/101 102/102/102
f 102/102/102 101/101/101 103/103/103
f 101/101/101 104/104/104 103/103/103
f 103/103/103 104/104/104 105/105/105
f 88/88/88 105/105/105 104/104/104
f 84/84/84 105/105/105 88/88/88
f 105/105/105 84/84/84 106/106/106
f 109/109/109 108/108/108 107/107/107
f 108/108/108 110/110/110 107/107/107
f 109/109/109 107/107/107 111/111/111
f 112/112/112 107/107/107 110/110/110
f 113/113/113 111/111/111 107/107/107
f 110/110/110 114/114/114 112/112/112
f 113/113/113 115/115/115 111/111/111
f 116/116/116 112/112/112 114/114/114
f 111/111/111 115/115/115 117/117/117
f 114/114/114 118/118/118 116/116/116
f 115/115/115 119/119/119 117/117/117
f 120/120/120 116/116/116 118/118/118
f 121/121/121 117/117/117 119/119/119
f 120/120/120 118/118/118 122/122/122
f 123/123/123 121/121/121 119/119/119
f 124/124/124 122/122/122 118/118/118
f 125/125/125 123/123/123 119/119/119
f 122/122/122 124/124/124 126/126/126
f 127/127/127 123/123/123 125/125/125
f 128/128/128 126/126/126 124/124/124
f 129/129/129 127/127/127 125/125/125
f 128/128/128 130/130/130 126/126/126
f 131/131/131 127/127/127 129/129/129
f 126/126/126 130/130/130 132/132/132
f 131/131/131 129/129/129 133/133/133
f 130/130/130 134/134/134 132/132/132
f 135/135/135 133/133/133 129/129/129
f 132/132/132 134/134/134 136/136/136
f 133/133/133 135/135/135 137/137/137
f 134/134/134 138/138/138 136/136/136
f 139/139/139 137/137/137 135/135/135
f 138/138/138 140/140/140 136/136/136
f 139/139/139 141/141/141 137/137/137
f 142/142/142 136/136/136 140/140/140
f 143/143/143 137/137/137 141/141/141
f 144/144/144 142/142/142 140/140/140
f 141/141/141 145/145/145 143/143/143
f 146/146/146 142/142/142 144/144/144
f 147/147/147 143/143/143 145/145/145
f 146/146/146 144/144/144 148/148/148
f 145/145/145 148/148/148 147/147/147
f 149/149/149 148/148/148 144/144/144
f 150/150/150 147/147/147 148/148/148
f 149/149/149 150/150/150 148/148/148
f 153/153/153 152/152/152 151/151/151
f 152/152/152 154/154/154 151/151/151
f 153/153/153 151/151/151 155/155/155
f 156/156/156 151/151/151 154/154/154
f 151/151/151 157/157/157 155/155/155
f 154/154/154 158/158/158 156/156/156
f 157/157/157 159/159/159 155/155/155
f 160/160/160 156/156/156 158/158/158
f 155/155/155 159/159/159 161/161/161
f 158/158/158 162/162/162 160/160/160
f 159/159/159 163/163/163 161/161/161
f 164/164/164 160/160/160 162/162/162
f 165/165/165 161/161/161 163/163/163
f 166/166/166 164/164/164 162/162/162
f 163/163/163 167/167/167 165/165/165
f 168/168/168 164/164/164 166/166/166
f 169/169/169 165/165/165 167/167/167
f 168/168/168 166/166/166 170/170/170
f 167/167/167 171/171/171 169/169/169
f 172/172/172 170/170/170 166/166/166
f 173/173/173 169/169/169 171/171/171
f 172/172/172 174/174/174 170/170/170
f 175/175/175 173/173/173 171/171/171
f 174/174/174 176/176/176 170/170/170
f 175/175/175 171/171/171 177/177/177
f 178/178/178 170/170/170 176/176/176
f 179/179/179 177/177/177 171/171/171
f 176/176/176 180/180/180 178/178/178
f 179/179/179 181/181/181 177/177/177
f 182/182/182 178/178/178 180/180/180
f 177/177/177 181/181/181 183/183/183
f 180/180/180 184/184/184 182/182/182
f 181/181/181 185/185/185 183/183/183
f 186/186/186 182/182/182 184/184/184
f 187/187/187 183/183/183 185/185/185
f 188/188/188 186/186/186 184/184/184
f 185/185/185 189/189/189 187/187/187
f 190/190/190 186/186/186 188/188/188
f 191/191/191 187/187/187 189/189/189
f 190/190/190 188/188/188 192/192/192
f 189/189/189 192/192/192 191/191/191
f 193/193/193 192/192/192 188/188/188
f 194/194/194 191/191/191 192/192/192
f 193/193/193 194/194/194 192/192/192
f 197/197/197 196/196/196 195/195/195
f 195/195/195 196/196/196 198/198/198
f 199/199/199 196/196/196 197/197/197
f 200/200/200 198/198/198 196/196/196
f 201/201/201 198/198/198 200/200/200
f 196/196/196 199/199/199 202/202/202
f 199/199/199 203/203/203 202/202/202
f 203/203/203 204/204/204 202/202/202
f 196/196/196 205/205/205 200/200/200
f 205/205/205 196/196/196 206/206/206
f 202/202/202 206/206/206 196/196/196
f 207/207/207 200/200/200 205/205/205
f 206/206/206 202/202/202 208/208/208
f 209/209/209 200/200/200 207/207/207
f 201/201/201 200/200/200 209/209/209
f 210/210/210 201/201/201 209/209/209
f 207/207/207 211/211/211 209/209/209
f 212/212/212 210/210/210 209/209/209
f 209/209/209 211/211/211 213/213/213
f 213/213/213 212/212/212 209/209/209
f 212/212/212 213/213/213 214/214/214
f 214/214/214 213/213/213 215/215/215
f 216/216/216 213/213/213 211/211/211
f 215/215/215 213/213/213 217/217/217
f 213/213/213 216/216/216 218/218/218
f 218/218/218 217/217/217 213/213/213
f 219/219/219 218/218/218 216/216/216
f 220/220/220 217/217/217 218/218/218
f 221/221/221 218/218/218 219/219/219
f 220/220/220 218/218/218 221/221/221
f 222/222/222 220/220/220 221/221/221
f 219/219/219 223/223/223 221/221/221
f 224/224/224 222/222/222 221/221/221
f 221/221/221 223/223/223 225/225/225
f 225/225/225 224/224/224 221/221/221
f 224/224/224 225/225/225 226/226/226
f 226/226/226 225/225/225 227/227/227
f 228/228/228 225/225/225 223/223/223
f 227/227/227 225/225/225 229/229/229
f 225/225/225 228/228/228 230/230/230
f 230/230/230 229/229/229 225/225/225
f 231/231/231 230/230/230 228/228/228
f 232/232/232 229/229/229 230/230/230
f 233/233/233 230/230/230 231/231/231
f 232/232/232 230/230/230 233/233/233
f 234/234/234 232/232/232 233/233/233
f 235/235/235 233/233/233 231/231/231
f 236/236/236 234/234/234 233/233/233
f 233/233/233 235/235/235 237/237/237
f 237/237/237 236/236/236 233/233/233
f 236/236/236 237/237/237 238/238/238
f 238/238/238 237/237/237 239/239/239
f 240/240/240 237/237/237 235/235/235
f 239/239/239 237/237/237 241/241/241
f 237/237/237 240/240/240 242/242/242
f 242/242/242 241/241/241 237/237/237
f 208/208/208 242/242/242 240/240/240
f 204/204/204 241/241/241 242/242/242
f 202/202/202 242/242/242 208/208/208
f 204/204/204 242/242/242 202/202/202
f 245/245/245 244/244/244 243/243/243
f 243/243/243 246/246/246 245/245/245
f 244/244/244 247/247/247 243/243/243
f 246/246/246 243/243/243 248/248/248
f 246/246/246 248/248/248 249/249/249
f 248/248/248 250/250/250 249/249/249
f 248/248/248 251/251/251 250/250/250
f 252/252/252 243/243/243 247/247/247
f 252/252/252 247/247/247 253/253/253
f 243/243/243 254/254/254 248/248/248
f 255/255/255 254/254/254 243/243/243
f 243/243/243 252/252/252 255/255/255
f 256/256/256 248/248/248 254/254/254
f 257/257/257 255/255/255 252/252/252
f 257/257/257 252/252/252 258/258/258
f 248/248/248 256/256/256 259/259/259
f 251/251/251 248/248/248 259/259/259
f 260/260/260 259/259/259 256/256/256
f 261/261/261 251/251/251 259/259/259
f 262/262/262 259/259/259 260/260/260
f 259/259/259 262/262/262 261/261/261
f 263/263/263 261/261/261 262/262/262
f 262/262/262 264/264/264 263/263/263
f 264/264/264 262/262/262 265/265/265
f 260/260/260 266/266/266 262/262/262
f 262/262/262 267/267/267 265/265/265
f 262/262/262 266/266/266 268/268/268
f 267/267/267 262/262/262 268/268/268
f 269/269/269 268/268/268 266/266/266
f 268/268/268 270/270/270 267/267/267
f 269/269/269 271/271/271 268/268/268
f 268/268/268 272/272/272 270/270/270
f 272/272/272 268/268/268 271/271/271
f 273/273/273 270/270/270 272/272/272
f 274/274/274 273/273/273 272/272/272
f 271/271/271 275/275/275 272/272/272
f 272/272/272 276/276/276 274/274/274
f 272/272/272 275/275/275 277/277/277
f 276/276/276 272/272/272 277/277/277
f 276/276/276 277/277/277 278/278/278
f 277/277/277 279/279/279 278/278/278
f 280/280/280 277/277/277 275/275/275
f 277/277/277 281/281/281 279/279/279
f 277/277/277 280/280/280 282/282/282
f 281/281/281 277/277/277 282/282/282
f 283/283/283 282/282/282 280/280/280
f 284/284/284 281/281/281 282/282/282
f 285/285/285 282/282/282 283/283/283
f 282/282/282 285/285/285 284/284/284
f 283/283/283 258/258/258 285/285/285
f 286/286/286 284/284/284 285/285/285
f 285/285/285 258/258/258 252/252/252
f 285/285/285 287/287/287 286/286/286
f 253/253/253 285/285/285 252/252/252
f 287/287/287 285/285/285 288/288/288
f 285/285/285 253/253/253 288/288/288
f 291/291/291 290/290/290 289/289/289
f 292/292/292 289/289/289 290/290/290
f 289/289/289 292/292/292 293/293/293
f 294/294/294 293/293/293 292/292/292
f 293/293/293 294/294/294 295/295/295
f 296/296/296 295/295/295 294/294/294
f 295/295/295 296/296/296 297/297/297
f 298/298/298 297/297/297 296/296/296
f 297/297/297 298/298/298 299/299/299
f 300/300/300 299/299/299 298/298/298
f 299/299/299 300/300/300 301/301/301
f 302/302/302 301/301/301 300/300/300
f 301/301/301 302/302/302 303/303/303
f 304/304/304 303/303/303 302/302/302
f 303/303/303 304/304/304 305/305/305
f 306/306/306 305/305/305 304/304/304
f 305/305/305 306/306/306 307/307/307
f 308/308/308 307/307/307 306/306/306
f 307/307/307 308/308/308 309/309/309
f 310/310/310 309/309/309 308/308/308
f 309/309/309 310/310/310 311/311/311
f 312/312/312 311/311/311 310/310/310
f 311/311/311 312/312/312 313/313/313
f 314/314/314 313/313/313 312/312/312
f 314/314/314 315/315/315 313/313/313
f 313/313/313 315/315/315 316/316/316
f 315/315/315 317/317/317 316/316/316
f 316/316/316 317/317/317 318/318/318
f 317/317/317 319/319/319 318/318/318
f 318/318/318 319/319/319 320/320/320
f 319/319/319 321/321/321 320/320/320
f 320/320/320 321/321/321 322/322/322
f 322/322/322 321/321/321 323/323/323
f 324/324/324 323/323/323 321/321/321
f 324/324/324 325/325/325 323/323/323
f 323/323/323 325/325/325 326/326/326
f 325/325/325 327/327/327 326/326/326
f 326/326/326 327/327/327 328/328/328
f 327/327/327 329/329/329 328/328/328
f 328/328/328 329/329/329 330/330/330
f 330/330/330 329/329/329 331/331/331
f 332/332/332 331/331/331 329/329/329
f 332/332/332 333/333/333 331/331/331
f 331/331/331 333/333/333 334/334/334
f 333/333/333 335/335/335 334/334/334
f 334/334/334 335/335/335 336/336/336
f 337/337/337 336/336/336 335/335/335
f 335/335/335 338/338/338 337/337/337
f 341/341/341 340/340/340 339/339/339
f 342/342/342 339/339/339 340/340/340
f 340/340/340 343/343/343 342/342/342
f 339/339/339 342/342/342 344/344/344
f 345/345/345 342/342/342 343/343/343
f 343/343/343 346/346/346 345/345/345
f 347/347/347 344/344/344 342/342/342
f 342/342/342 345/345/345 347/347/347
f 348/348/348 344/344/344 347/347/347
f 346/346/346 349/349/349 345/345/345
f 350/350/350 348/348/348 347/347/347
f 348/348/348 350/350/350 351/351/351
f 352/352/352 347/347/347 345/345/345
f 347/347/347 352/352/352 350/350/350
f 353/353/353 345/345/345 349/349/349
f 345/345/345 353/353/353 352/352/352
f 349/349/349 354/354/354 353/353/353
f 352/352/352 355/355/355 350/350/350
f 356/356/356 353/353/353 354/354/354
f 354/354/354 357/357/357 356/356/356
f 358/358/358 352/352/352 353/353/353
f 358/358/358 353/353/353 356/356/356
f 358/358/358 355/355/355 352/352/352
f 359/359/359 356/356/356 357/357/357
f 357/357/357 360/360/360 359/359/359
f 360/360/360 361/361/361 359/359/359
f 362/362/362 356/356/356 359/359/359
f 356/356/356 362/362/362 358/358/358
f 363/363/363 359/359/359 361/361/361
f 359/359/359 363/363/363 362/362/362
f 361/361/361 364/364/364 363/363/363
f 358/358/358 362/362/362 365/365/365
f 366/366/366 363/363/363 364/364/364
f 364/364/364 367/367/367 366/366/366
f 368/368/368 366/366/366 367/367/367
f 369/369/369 362/362/362 363/363/363
f 370/370/370 366/366/366 368/368/368
f 368/368/368 371/371/371 370/370/370
f 370/370/370 371/371/371 372/372/372
f 372/372/372 373/373/373 370/370/370
f 370/370/370 373/373/373 374/374/374
f 370/370/370 374/374/374 375/375/375
f 375/375/375 366/366/366 370/370/370
f 374/374/374 376/376/376 375/375/375
f 377/377/377 363/363/363 366/366/366
f 366/366/366 375/375/375 377/377/377
f 363/363/363 377/377/377 369/369/369
f 378/378/378 375/375/375 376/376/376
f 375/375/375 378/378/378 377/377/377
f 369/369/369 377/377/377 379/379/379
f 379/379/379 377/377/377 378/378/378
f 380/380/380 378/378/378 376/376/376
f 380/380/380 379/379/379 378/378/378
f 380/380/380 376/376/376 381/381/381
f 382/382/382 380/380/380 381/381/381
f 383/383/383 369/369/369 379/379/379
f 369/369/369 383/383/383 362/362/362
f 379/379/379 380/380/380 384/384/384
f 379/379/379 384/384/384 383/383/383
f 385/385/385 380/380/380 382/382/382
f 384/384/384 380/380/380 385/385/385
f 386/386/386 362/362/362 383/383/383
f 365/365/365 362/362/362 386/386/386
f 383/383/383 387/387/387 386/386/386
f 387/387/387 383/383/383 384/384/384
f 388/388/388 365/365/365 386/386/386
f 386/386/386 387/387/387 388/388/388
f 384/384/384 389/389/389 387/387/387
f 387/387/387 390/390/390 388/388/388
f 389/389/389 390/390/390 387/387/387
f 391/391/391 389/389/389 384/384/384
f 391/391/391 384/384/384 385/385/385
f 392/392/392 389/389/389 391/391/391
f 393/393/393 391/391/391 385/385/385
f 391/391/391 393/393/393 392/392/392
f 385/385/385 382/382/382 394/394/394
f 394/394/394 393/393/393 385/385/385
f 395/395/395 394/394/394 382/382/382
f 395/395/395 396/396/396 394/394/394
f 389/389/389 392/392/392 397/397/397
f 397/397/397 390/390/390 389/389/389
f 398/398/398 394/394/394 396/396/396
f 396/396/396 399/399/399 398/398/398
f 393/393/393 394/394/394 400/400/400
f 398/398/398 400/400/400 394/394/394
f 392/392/392 393/393/393 401/401/401
f 401/401/401 393/393/393 400/400/400
f 402/402/402 398/398/398 399/399/399
f 402/402/402 399/399/399 403/403/403
f 402/402/402 403/403/403 404/404/404
f 405/405/405 402/402/402 404/404/404
f 398/398/398 402/402/402 406/406/406
f 406/406/406 402/402/402 405/405/405
f 400/400/400 398/398/398 406/406/406
f 407/407/407 406/406/406 405/405/405
f 408/408/408 406/406/406 407/407/407
f 400/400/400 406/406/406 409/409/409
f 409/409/409 406/406/406 408/408/408
f 401/401/401 400/400/400 409/409/409
f 410/410/410 409/409/409 408/408/408
f 401/401/401 409/409/409 411/411/411
f 401/401/401 411/411/411 392/392/392
f 397/397/397 392/392/392 411/411/411
f 409/409/409 410/410/410 412/412/412
f 412/412/412 411/411/411 409/409/409
f 413/413/413 412/412/412 410/410/410
f 414/414/414 412/412/412 413/413/413
f 415/415/415 412/412/412 414/414/414
f 411/411/411 412/412/412 415/415/415
f 416/416/416 415/415/415 414/414/414
f 417/417/417 397/397/397 411/411/411
f 390/390/390 397/397/397 417/417/417
f 418/418/418 411/411/411 415/415/415
f 418/418/418 417/417/417 411/411/411
f 419/419/419 415/415/415 416/416/416
f 418/418/418 415/415/415 419/419/419
f 420/420/420 419/419/419 416/416/416
f 419/419/419 420/420/420 421/421/421
f 422/422/422 421/421/421 420/420/420
f 423/423/423 421/421/421 422/422/422
f 418/418/418 419/419/419 424/424/424
f 421/421/421 424/424/424 419/419/419
f 421/421/421 423/423/423 425/425/425
f 426/426/426 425/425/425 423/423/423
f 427/427/427 425/425/425 426/426/426
f 428/428/428 425/425/425 427/427/427
f 429/429/429 425/425/425 428/428/428
f 425/425/425 430/430/430 421/421/421
f 430/430/430 425/425/425 429/429/429
f 424/424/424 421/421/421 430/430/430
f 429/429/429 431/431/431 430/430/430
f 432/432/432 430/430/430 431/431/431
f 430/430/430 432/432/432 424/424/424
f 431/431/431 433/433/433 432/432/432
f 434/434/434 424/424/424 432/432/432
f 418/418/418 424/424/424 434/434/434
f 435/435/435 432/432/432 433/433/433
f 432/432/432 435/435/435 434/434/434
f 436/436/436 418/418/418 434/434/434
f 417/417/417 418/418/418 436/436/436
f 434/434/434 437/437/437 436/436/436
f 437/437/437 434/434/434 435/435/435
f 436/436/436 438/438/438 417/417/417
f 438/438/438 436/436/436 437/437/437
f 433/433/433 439/439/439 435/435/435
f 439/439/439 433/433/433 440/440/440
f 441/441/441 439/439/439 440/440/440
f 442/442/442 439/439/439 441/441/441
f 442/442/442 443/443/443 439/439/439
f 443/443/443 435/435/435 439/439/439
f 444/444/444 443/443/443 442/442/442
f 444/444/444 445/445/445 443/443/443
f 435/435/435 443/443/443 445/445/445
f 445/445/445 446/446/446 435/435/435
f 435/435/435 446/446/446 437/437/437
f 447/447/447 437/437/437 446/446/446
f 447/447/447 448/448/448 437/437/437
f 449/449/449 437/437/437 448/448/448
f 438/438/438 437/437/437 449/449/449
f 449/449/449 450/450/450 438/438/438
f 451/451/451 438/438/438 450/450/450
f 451/451/451 452/452/452 438/438/438
f 453/453/453 438/438/438 452/452/452
f 438/438/438 453/453/453 417/417/417
f 452/452/452 454/454/454 453/453/453
f 453/453/453 390/390/390 417/417/417
f 453/453/453 454/454/454 455/455/455
f 453/453/453 455/455/455 390/390/390
f 388/388/388 390/390/390 455/455/455
f 388/388/388 455/455/455 456/456/456
f 455/455/455 457/457/457 456/456/456
f 365/365/365 388/388/388 456/456/456
f 457/457/457 458/458/458 456/456/456
f 456/456/456 458/458/458 459/459/459
f 365/365/365 456/456/456 459/459/459
f 458/458/458 460/460/460 459/459/459
f 461/461/461 459/459/459 460/460/460
f 461/461/461 462/462/462 459/459/459
f 463/463/463 365/365/365 459/459/459
f 365/365/365 463/463/463 358/358/358
f 463/463/463 355/355/355 358/358/358
f 464/464/464 459/459/459 462/462/462
f 459/459/459 464/464/464 463/463/463
f 355/355/355 463/463/463 464/464/464
f 465/465/465 464/464/464 462/462/462
f 465/465/465 466/466/466 464/464/464
f 467/467/467 464/464/464 466/466/466
f 464/464/464 468/468/468 355/355/355
f 468/468/468 464/464/464 467/467/467
f 350/350/350 355/355/355 468/468/468
f 469/469/469 468/468/468 467/467/467
f 468/468/468 351/351/351 350/350/350
f 469/469/469 470/470/470 468/468/468
f 470/470/470 469/469/469 471/471/471
f 471/471/471 472/472/472 470/470/470
f 351/351/351 468/468/468 473/473/473
f 470/470/470 473/473/473 468/468/468
f 473/473/473 470/470/470 472/472/472
f 473/473/473 474/474/474 351/351/351
f 472/472/472 475/475/475 473/473/473
f 474/474/474 473/473/473 475/475/475
f 478/478/478 477/477/477 476/476/476
f 479/479/479 476/476/476 477/477/477
f 477/477/477 480/480/480 479/479/479
f 476/476/476 479/479/479 481/481/481
f 482/482/482 479/479/479 480/480/480
f 480/480/480 483/483/483 482/482/482
f 484/484/484 481/481/481 479/479/479
f 479/479/479 482/482/482 484/484/484
f 481/481/481 484/484/484 485/485/485
f 483/483/483 486/486/486 482/482/482
f 487/487/487 485/485/485 484/484/484
f 485/485/485 487/487/487 488/488/488
f 489/489/489 484/484/484 482/482/482
f 487/487/487 484/484/484 489/489/489
f 490/490/490 482/482/482 486/486/486
f 482/482/482 490/490/490 489/489/489
f 491/491/491 490/490/490 486/486/486
f 492/492/492 487/487/487 489/489/489
f 490/490/490 491/491/491 493/493/493
f 494/494/494 493/493/493 491/491/491
f 495/495/495 489/489/489 490/490/490
f 493/493/493 495/495/495 490/490/490
f 495/495/495 492/492/492 489/489/489
f 493/493/493 494/494/494 496/496/496
f 497/497/497 496/496/496 494/494/494
f 497/497/497 498/498/498 496/496/496
f 496/496/496 499/499/499 493/493/493
f 495/495/495 493/493/493 499/499/499
f 500/500/500 496/496/496 498/498/498
f 496/496/496 500/500/500 499/499/499
f 498/498/498 501/501/501 500/500/500
f 500/500/500 501/501/501 502/502/502
f 503/503/503 502/502/502 501/501/501
f 503/503/503 504/504/504 502/502/502
f 505/505/505 499/499/499 500/500/500
f 502/502/502 504/504/504 506/506/506
f 507/507/507 506/506/506 504/504/504
f 508/508/508 506/506/506 507/507/507
f 506/506/506 508/508/508 509/509/509
f 506/506/506 509/509/509 510/510/510
f 511/511/511 506/506/506 510/510/510
f 506/506/506 511/511/511 502/502/502
f 510/510/510 512/512/512 511/511/511
f 502/502/502 513/513/513 500/500/500
f 513/513/513 502/502/502 511/511/511
f 505/505/505 500/500/500 513/513/513
f 514/514/514 511/511/511 512/512/512
f 511/511/511 514/514/514 513/513/513
f 512/512/512 515/515/515 514/514/514
f 512/512/512 516/516/516 515/515/515
f 517/517/517 513/513/513 514/514/514
f 505/505/505 513/513/513 517/517/517
f 514/514/514 515/515/515 517/517/517
f 518/518/518 505/505/505 517/517/517
f 505/505/505 518/518/518 499/499/499
f 519/519/519 517/517/517 515/515/515
f 519/519/519 518/518/518 517/517/517
f 520/520/520 515/515/515 516/516/516
f 516/516/516 521/521/521 520/520/520
f 515/515/515 522/522/522 519/519/519
f 520/520/520 522/522/522 515/515/515
f 519/519/519 523/523/523 518/518/518
f 519/519/519 522/522/522 523/523/523
f 524/524/524 499/499/499 518/518/518
f 523/523/523 524/524/524 518/518/518
f 525/525/525 499/499/499 524/524/524
f 495/495/495 499/499/499 525/525/525
f 526/526/526 524/524/524 523/523/523
f 524/524/524 526/526/526 525/525/525
f 522/522/522 527/527/527 523/523/523
f 523/523/523 527/527/527 526/526/526
f 525/525/525 528/528/528 495/495/495
f 528/528/528 492/492/492 495/495/495
f 529/529/529 525/525/525 526/526/526
f 528/528/528 525/525/525 530/530/530
f 530/530/530 525/525/525 529/529/529
f 492/492/492 528/528/528 531/531/531
f 530/530/530 531/531/531 528/528/528
f 526/526/526 532/532/532 529/529/529
f 532/532/532 533/533/533 529/529/529
f 534/534/534 529/529/529 533/533/533
f 529/529/529 534/534/534 530/530/530
f 535/535/535 530/530/530 534/534/534
f 535/535/535 536/536/536 530/530/530
f 537/537/537 530/530/530 536/536/536
f 530/530/530 537/537/537 531/531/531
f 537/537/537 538/538/538 531/531/531
f 539/539/539 531/531/531 538/538/538
f 539/539/539 540/540/540 531/531/531
f 541/541/541 531/531/531 540/540/540
f 531/531/531 541/541/541 492/492/492
f 487/487/487 492/492/492 541/541/541
f 542/542/542 541/541/541 540/540/540
f 541/541/541 488/488/488 487/487/487
f 542/542/542 543/543/543 541/541/541
f 544/544/544 543/543/543 542/542/542
f 543/543/543 544/544/544 545/545/545
f 488/488/488 541/541/541 546/546/546
f 543/543/543 546/546/546 541/541/541
f 545/545/545 546/546/546 543/543/543
f 546/546/546 547/547/547 488/488/488
f 546/546/546 545/545/545 548/548/548
f 548/548/548 547/547/547 546/546/546
f 532/532/532 526/526/526 549/549/549
f 549/549/549 550/550/550 532/532/532
f 549/549/549 526/526/526 527/527/527
f 551/551/551 550/550/550 549/549/549
f 549/549/549 527/527/527 552/552/552
f 553/553/553 551/551/551 549/549/549
f 551/551/551 553/553/553 554/554/554
f 554/554/554 553/553/553 555/555/555
f 555/555/555 553/553/553 556/556/556
f 552/552/552 557/557/557 549/549/549
f 557/557/557 553/553/553 549/549/549
f 558/558/558 552/552/552 527/527/527
f 527/527/527 522/522/522 558/558/558
f 559/559/559 556/556/556 553/553/553
f 560/560/560 556/556/556 559/559/559
f 560/560/560 559/559/559 561/561/561
f 562/562/562 561/561/561 559/559/559
f 553/553/553 563/563/563 559/559/559
f 563/563/563 553/553/553 557/557/557
f 559/559/559 564/564/564 562/562/562
f 565/565/565 562/562/562 564/564/564
f 566/566/566 559/559/559 563/563/563
f 559/559/559 566/566/566 564/564/564
f 557/557/557 567/567/567 563/563/563
f 563/563/563 567/567/567 566/566/566
f 557/557/557 552/552/552 568/568/568
f 567/567/567 557/557/557 568/568/568
f 552/552/552 558/558/558 568/568/568
f 567/567/567 569/569/569 566/566/566
f 570/570/570 568/568/568 558/558/558
f 569/569/569 571/571/571 566/566/566
f 571/571/571 564/564/564 566/566/566
f 558/558/558 572/572/572 570/570/570
f 572/572/572 558/558/558 522/522/522
f 522/522/522 520/520/520 572/572/572
f 520/520/520 573/573/573 572/572/572
f 573/573/573 520/520/520 521/521/521
f 521/521/521 574/574/574 573/573/573
f 574/574/574 575/575/575 573/573/573
f 570/570/570 572/572/572 576/576/576
f 572/572/572 573/573/573 576/576/576
f 577/577/577 573/573/573 575/575/575
f 577/577/577 576/576/576 573/573/573
f 575/575/575 578/578/578 577/577/577
f 579/579/579 570/570/570 576/576/576
f 570/570/570 579/579/579 568/568/568
f 580/580/580 576/576/576 577/577/577
f 576/576/576 580/580/580 579/579/579
f 581/581/581 577/577/577 578/578/578
f 581/581/581 580/580/580 577/577/577
f 582/582/582 581/581/581 578/578/578
f 582/582/582 583/583/583 581/581/581
f 583/583/583 584/584/584 581/581/581
f 581/581/581 584/584/584 580/580/580
f 584/584/584 585/585/585 580/580/580
f 585/585/585 586/586/586 580/580/580
f 580/580/580 586/586/586 579/579/579
f 587/587/587 579/579/579 586/586/586
f 579/579/579 587/587/587 588/588/588
f 588/588/588 568/568/568 579/579/579
f 589/589/589 588/588/588 587/587/587
f 589/589/589 590/590/590 588/588/588
f 588/588/588 591/591/591 568/568/568
f 588/588/588 590/590/590 591/591/591
f 591/591/591 567/567/567 568/568/568
f 590/590/590 592/592/592 591/591/591
f 591/591/591 593/593/593 567/567/567
f 591/591/591 592/592/592 593/593/593
f 567/567/567 593/593/593 569/569/569
f 592/592/592 594/594/594 593/593/593
f 593/593/593 594/594/594 595/595/595
f 595/595/595 569/569/569 593/593/593
f 596/596/596 595/595/595 594/594/594
f 597/597/597 595/595/595 596/596/596
f 569/569/569 595/595/595 598/598/598
f 598/598/598 571/571/571 569/569/569
f 595/595/595 597/597/597 599/599/599
f 599/599/599 598/598/598 595/595/595
f 600/600/600 599/599/599 597/597/597
f 601/601/601 599/599/599 600/600/600
f 601/601/601 602/602/602 599/599/599
f 599/599/599 602/602/602 603/603/603
f 598/598/598 599/599/599 603/603/603
f 604/604/604 598/598/598 603/603/603
f 598/598/598 604/604/604 571/571/571
f 604/604/604 605/605/605 571/571/571
f 564/564/564 571/571/571 605/605/605
f 605/605/605 606/606/606 564/564/564
f 606/606/606 605/605/605 607/607/607
f 607/607/607 608/608/608 606/606/606
f 609/609/609 606/606/606 608/608/608
f 610/610/610 564/564/564 606/606/606
f 606/606/606 609/609/609 610/610/610
f 565/565/565 564/564/564 610/610/610
f 611/611/611 610/610/610 609/609/609
f 610/610/610 611/611/611 565/565/565
f 614/614/614 613/613/613 612/612/612
f 613/613/613 615/615/615 612/612/612
f 616/616/616 613/613/613 614/614/614
f 613/613/613 617/617/617 615/615/615
f 617/617/617 618/618/618 615/615/615
f 619/619/619 613/613/613 616/616/616
f 620/620/620 619/619/619 616/616/616
f 619/619/619 621/621/621 613/613/613
f 617/617/617 613/613/613 621/621/621
f 622/622/622 619/619/619 620/620/620
f 619/619/619 622/622/622 621/621/621
f 623/623/623 622/622/622 620/620/620
f 617/617/617 624/624/624 618/618/618
f 624/624/624 625/625/625 618/618/618
f 621/621/621 626/626/626 617/617/617
f 624/624/624 617/617/617 626/626/626
f 624/624/624 627/627/627 625/625/625
f 624/624/624 626/626/626 627/627/627
f 627/627/627 628/628/628 625/625/625
f 621/621/621 629/629/629 626/626/626
f 629/629/629 621/621/621 622/622/622
f 627/627/627 630/630/630 628/628/628
f 631/631/631 628/628/628 630/630/630
f 632/632/632 627/627/627 626/626/626
f 627/627/627 632/632/632 630/630/630
f 633/633/633 626/626/626 629/629/629
f 633/633/633 632/632/632 626/626/626
f 630/630/630 634/634/634 631/631/631
f 634/634/634 635/635/635 631/631/631
f 636/636/636 630/630/630 632/632/632
f 634/634/634 637/637/637 635/635/635
f 638/638/638 635/635/635 637/637/637
f 634/634/634 630/630/630 639/639/639
f 634/634/634 639/639/639 637/637/637
f 636/636/636 639/639/639 630/630/630
f 638/638/638 637/637/637 640/640/640
f 632/632/632 641/641/641 636/636/636
f 641/641/641 632/632/632 633/633/633
f 642/642/642 640/640/640 637/637/637
f 640/640/640 642/642/642 643/643/643
f 633/633/633 644/644/644 641/641/641
f 633/633/633 629/629/629 644/644/644
f 645/645/645 643/643/643 642/642/642
f 643/643/643 645/645/645 646/646/646
f 642/642/642 637/637/637 647/647/647
f 642/642/642 647/647/647 645/645/645
f 648/648/648 646/646/646 645/645/645
f 646/646/646 648/648/648 649/649/649
f 650/650/650 647/647/647 637/637/637
f 637/637/637 639/639/639 650/650/650
f 651/651/651 649/649/649 648/648/648
f 649/649/649 651/651/651 652/652/652
f 648/648/648 645/645/645 653/653/653
f 653/653/653 651/651/651 648/648/648
f 654/654/654 653/653/653 645/645/645
f 645/645/645 647/647/647 654/654/654
f 651/651/651 653/653/653 655/655/655
f 647/647/647 656/656/656 654/654/654
f 653/653/653 654/654/654 657/657/657
f 657/657/657 654/654/654 656/656/656
f 653/653/653 657/657/657 655/655/655
f 656/656/656 647/647/647 658/658/658
f 650/650/650 658/658/658 647/647/647
f 657/657/657 656/656/656 659/659/659
f 656/656/656 658/658/658 659/659/659
f 658/658/658 650/650/650 660/660/660
f 639/639/639 660/660/660 650/650/650
f 661/661/661 659/659/659 658/658/658
f 658/658/658 660/660/660 661/661/661
f 660/660/660 639/639/639 662/662/662
f 662/662/662 639/639/639 636/636/636
f 662/662/662 636/636/636 641/641/641
f 663/663/663 661/661/661 660/660/660
f 660/660/660 662/662/662 663/663/663
f 641/641/641 664/664/664 662/662/662
f 664/664/664 641/641/641 644/644/644
f 665/665/665 663/663/663 662/662/662
f 665/665/665 662/662/662 664/664/664
f 666/666/666 661/661/661 663/663/663
f 663/663/663 667/667/667 666/666/666
f 663/663/663 665/665/665 667/667/667
f 666/666/666 668/668/668 661/661/661
f 669/669/669 667/667/667 665/665/665
f 665/665/665 664/664/664 669/669/669
f 659/659/659 661/661/661 668/668/668
f 669/669/669 664/664/664 670/670/670
f 664/664/664 644/644/644 670/670/670
f 659/659/659 668/668/668 671/671/671
f 672/672/672 670/670/670 644/644/644
f 673/673/673 659/659/659 671/671/671
f 659/659/659 673/673/673 657/657/657
f 673/673/673 671/671/671 674/674/674
f 644/644/644 675/675/675 672/672/672
f 675/675/675 676/676/676 672/672/672
f 675/675/675 644/644/644 629/629/629
f 676/676/676 675/675/675 677/677/677
f 629/629/629 622/622/622 675/675/675
f 678/678/678 677/677/677 675/675/675
f 678/678/678 675/675/675 622/622/622
f 677/677/677 678/678/678 679/679/679
f 678/678/678 622/622/622 623/623/623
f 623/623/623 679/679/679 678/678/678
f 673/673/673 674/674/674 680/680/680
f 681/681/681 680/680/680 674/674/674
f 673/673/673 682/682/682 657/657/657
f 682/682/682 673/673/673 680/680/680
f 682/682/682 655/655/655 657/657/657
f 683/683/683 680/680/680 681/681/681
f 683/683/683 681/681/681 684/684/684
f 685/685/685 683/683/683 684/684/684
f 685/685/685 686/686/686 683/683/683
f 680/680/680 687/687/687 682/682/682
f 687/687/687 680/680/680 683/683/683
f 682/682/682 688/688/688 655/655/655
f 688/688/688 682/682/682 687/687/687
f 655/655/655 688/688/688 651/651/651
f 689/689/689 683/683/683 686/686/686
f 683/683/683 689/689/689 687/687/687
f 686/686/686 690/690/690 689/689/689
f 691/691/691 651/651/651 688/688/688
f 691/691/691 652/652/652 651/651/651
f 691/691/691 692/692/692 652/652/652
f 688/688/688 692/692/692 691/691/691
f 693/693/693 652/652/652 692/692/692
f 694/694/694 688/688/688 687/687/687
f 692/692/692 688/688/688 694/694/694
f 687/687/687 695/695/695 694/694/694
f 695/695/695 687/687/687 689/689/689
f 694/694/694 696/696/696 692/692/692
f 696/696/696 694/694/694 695/695/695
f 692/692/692 697/697/697 693/693/693
f 697/697/697 692/692/692 696/696/696
f 697/697/697 698/698/698 693/693/693
f 697/697/697 699/699/699 698/698/698
f 696/696/696 699/699/699 697/697/697
f 700/700/700 698/698/698 699/699/699
f 695/695/695 701/701/701 696/696/696
f 689/689/689 701/701/701 695/695/695
f 702/702/702 699/699/699 696/696/696
f 702/702/702 696/696/696 701/701/701
f 699/699/699 703/703/703 700/700/700
f 703/703/703 704/704/704 700/700/700
f 702/702/702 705/705/705 699/699/699
f 703/703/703 699/699/699 705/705/705
f 705/705/705 702/702/702 701/701/701
f 703/703/703 706/706/706 704/704/704
f 705/705/705 706/706/706 703/703/703
f 707/707/707 704/704/704 706/706/706
f 707/707/707 706/706/706 708/708/708
f 701/701/701 709/709/709 705/705/705
f 710/710/710 708/708/708 706/706/706
f 710/710/710 711/711/711 708/708/708
f 706/706/706 705/705/705 712/712/712
f 712/712/712 705/705/705 709/709/709
f 710/710/710 706/706/706 713/713/713
f 712/712/712 713/713/713 706/706/706
f 711/711/711 710/710/710 714/714/714
f 713/713/713 714/714/714 710/710/710
f 711/711/711 714/714/714 715/715/715
f 713/713/713 712/712/712 716/716/716
f 709/709/709 716/716/716 712/712/712
f 717/717/717 715/715/715 714/714/714
f 717/717/717 718/718/718 715/715/715
f 714/714/714 713/713/713 719/719/719
f 718/718/718 717/717/717 720/720/720
f 718/718/718 720/720/720 721/721/721
f 717/717/717 714/714/714 722/722/722
f 719/719/719 722/722/722 714/714/714
f 723/723/723 721/721/721 720/720/720
f 723/723/723 724/724/724 721/721/721
f 720/720/720 717/717/717 725/725/725
f 720/720/720 725/725/725 723/723/723
f 722/722/722 725/725/725 717/717/717
f 724/724/724 723/723/723 726/726/726
f 724/724/724 726/726/726 727/727/727
f 728/728/728 727/727/727 726/726/726
f 728/728/728 726/726/726 729/729/729
f 723/723/723 730/730/730 726/726/726
f 723/723/723 725/725/725 730/730/730
f 731/731/731 729/729/729 726/726/726
f 726/726/726 730/730/730 731/731/731
f 729/729/729 731/731/731 732/732/732
f 733/733/733 732/732/732 731/731/731
f 731/731/731 730/730/730 733/733/733
f 732/732/732 733/733/733 734/734/734
f 735/735/735 730/730/730 725/725/725
f 735/735/735 733/733/733 730/730/730
f 736/736/736 734/734/734 733/733/733
f 734/734/734 736/736/736 737/737/737
f 738/738/738 737/737/737 736/736/736
f 733/733/733 739/739/739 736/736/736
f 736/736/736 739/739/739 738/738/738
f 735/735/735 739/739/739 733/733/733
f 739/739/739 740/740/740 738/738/738
f 740/740/740 739/739/739 741/741/741
f 742/742/742 741/741/741 739/739/739
f 735/735/735 742/742/742 739/739/739
f 741/741/741 742/742/742 743/743/743
f 725/725/725 744/744/744 735/735/735
f 744/744/744 742/742/742 735/735/735
f 744/744/744 725/725/725 722/722/722
f 745/745/745 743/743/743 742/742/742
f 743/743/743 745/745/745 746/746/746
f 744/744/744 747/747/747 742/742/742
f 722/722/722 747/747/747 744/744/744
f 745/745/745 742/742/742 747/747/747
f 722/722/722 719/719/719 747/747/747
f 748/748/748 746/746/746 745/745/745
f 749/749/749 746/746/746 748/748/748
f 747/747/747 750/750/750 745/745/745
f 750/750/750 747/747/747 719/719/719
f 748/748/748 745/745/745 750/750/750
f 719/719/719 713/713/713 750/750/750
f 716/716/716 750/750/750 713/713/713
f 749/749/749 748/748/748 751/751/751
f 750/750/750 751/751/751 748/748/748
f 751/751/751 750/750/750 716/716/716
f 749/749/749 751/751/751 752/752/752
f 716/716/716 753/753/753 751/751/751
f 753/753/753 752/752/752 751/751/751
f 753/753/753 716/716/716 709/709/709
f 754/754/754 752/752/752 753/753/753
f 709/709/709 755/755/755 753/753/753
f 754/754/754 753/753/753 755/755/755
f 755/755/755 709/709/709 701/701/701
f 754/754/754 755/755/755 690/690/690
f 755/755/755 701/701/701 689/689/689
f 755/755/755 689/689/689 690/690/690
f 758/758/758 757/757/757 756/756/756
f 759/759/759 756/756/756 757/757/757
f 757/757/757 758/758/758 760/760/760
f 757/757/757 761/761/761 759/759/759
f 762/762/762 759/759/759 761/761/761
f 757/757/757 760/760/760 763/763/763
f 764/764/764 763/763/763 760/760/760
f 761/761/761 757/757/757 765/765/765
f 763/763/763 765/765/765 757/757/757
f 761/761/761 766/766/766 762/762/762
f 761/761/761 765/765/765 766/766/766
f 767/767/767 762/762/762 766/766/766
f 763/763/763 764/764/764 768/768/768
f 769/769/769 768/768/768 764/764/764
f 765/765/765 763/763/763 770/770/770
f 768/768/768 770/770/770 763/763/763
f 768/768/768 769/769/769 771/771/771
f 768/768/768 771/771/771 770/770/770
f 772/772/772 771/771/771 769/769/769
f 765/765/765 770/770/770 773/773/773
f 773/773/773 766/766/766 765/765/765
f 771/771/771 772/772/772 774/774/774
f 775/775/775 774/774/774 772/772/772
f 776/776/776 770/770/770 771/771/771
f 771/771/771 774/774/774 776/776/776
f 777/777/777 773/773/773 770/770/770
f 770/770/770 776/776/776 777/777/777
f 774/774/774 775/775/775 778/778/778
f 779/779/779 778/778/778 775/775/775
f 780/780/780 776/776/776 774/774/774
f 778/778/778 779/779/779 781/781/781
f 782/782/782 781/781/781 779/779/779
f 778/778/778 783/783/783 774/774/774
f 780/780/780 774/774/774 783/783/783
f 783/783/783 778/778/778 781/781/781
f 782/782/782 784/784/784 781/781/781
f 776/776/776 780/780/780 785/785/785
f 785/785/785 777/777/777 776/776/776
f 786/786/786 781/781/781 784/784/784
f 784/784/784 787/787/787 786/786/786
f 777/777/777 785/785/785 788/788/788
f 777/777/777 788/788/788 773/773/773
f 787/787/787 789/789/789 786/786/786
f 787/787/787 790/790/790 789/789/789
f 786/786/786 791/791/791 781/781/781
f 791/791/791 786/786/786 789/789/789
f 792/792/792 789/789/789 790/790/790
f 790/790/790 793/793/793 792/792/792
f 794/794/794 781/781/781 791/791/791
f 781/781/781 794/794/794 783/783/783
f 793/793/793 795/795/795 792/792/792
f 793/793/793 796/796/796 795/795/795
f 792/792/792 797/797/797 789/789/789
f 797/797/797 792/792/792 795/795/795
f 798/798/798 789/789/789 797/797/797
f 789/789/789 798/798/798 791/791/791
f 799/799/799 797/797/797 795/795/795
f 791/791/791 798/798/798 800/800/800
f 801/801/801 798/798/798 797/797/797
f 801/801/801 800/800/800 798/798/798
f 797/797/797 799/799/799 801/801/801
f 791/791/791 800/800/800 802/802/802
f 794/794/794 791/791/791 802/802/802
f 801/801/801 803/803/803 800/800/800
f 800/800/800 803/803/803 802/802/802
f 802/802/802 804/804/804 794/794/794
f 783/783/783 794/794/794 804/804/804
f 805/805/805 802/802/802 803/803/803
f 802/802/802 805/805/805 804/804/804
f 806/806/806 783/783/783 804/804/804
f 780/780/780 783/783/783 806/806/806
f 806/806/806 785/785/785 780/780/780
f 807/807/807 804/804/804 805/805/805
f 804/804/804 807/807/807 806/806/806
f 803/803/803 808/808/808 805/805/805
f 809/809/809 805/805/805 808/808/808
f 807/807/807 805/805/805 809/809/809
f 803/803/803 810/810/810 808/808/808
f 807/807/807 809/809/809 811/811/811
f 810/810/810 803/803/803 812/812/812
f 803/803/803 801/801/801 812/812/812
f 812/812/812 813/813/813 810/810/810
f 807/807/807 811/811/811 814/814/814
f 814/814/814 806/806/806 807/807/807
f 815/815/815 814/814/814 811/811/811
f 814/814/814 816/816/816 806/806/806
f 814/814/814 815/815/815 816/816/816
f 785/785/785 806/806/806 816/816/816
f 817/817/817 816/816/816 815/815/815
f 816/816/816 788/788/788 785/785/785
f 816/816/816 817/817/817 788/788/788
f 818/818/818 788/788/788 817/817/817
f 788/788/788 818/818/818 819/819/819
f 820/820/820 819/819/819 818/818/818
f 819/819/819 773/773/773 788/788/788
f 820/820/820 821/821/821 819/819/819
f 773/773/773 819/819/819 766/766/766
f 822/822/822 819/819/819 821/821/821
f 822/822/822 766/766/766 819/819/819
f 821/821/821 823/823/823 822/822/822
f 766/766/766 822/822/822 767/767/767
f 823/823/823 767/767/767 822/822/822
f 812/812/812 824/824/824 813/813/813
f 825/825/825 813/813/813 824/824/824
f 824/824/824 812/812/812 826/826/826
f 812/812/812 801/801/801 826/826/826
f 826/826/826 801/801/801 799/799/799
f 825/825/825 824/824/824 827/827/827
f 828/828/828 825/825/825 827/827/827
f 828/828/828 827/827/827 829/829/829
f 829/829/829 827/827/827 830/830/830
f 824/824/824 826/826/826 831/831/831
f 827/827/827 824/824/824 831/831/831
f 826/826/826 799/799/799 832/832/832
f 831/831/831 826/826/826 832/832/832
f 799/799/799 795/795/795 832/832/832
f 833/833/833 830/830/830 827/827/827
f 827/827/827 831/831/831 833/833/833
f 830/830/830 833/833/833 834/834/834
f 835/835/835 832/832/832 795/795/795
f 835/835/835 795/795/795 796/796/796
f 835/835/835 796/796/796 836/836/836
f 832/832/832 835/835/835 836/836/836
f 837/837/837 836/836/836 796/796/796
f 838/838/838 831/831/831 832/832/832
f 838/838/838 832/832/832 836/836/836
f 831/831/831 838/838/838 839/839/839
f 839/839/839 833/833/833 831/831/831
f 838/838/838 836/836/836 840/840/840
f 840/840/840 839/839/839 838/838/838
f 836/836/836 837/837/837 841/841/841
f 841/841/841 840/840/840 836/836/836
f 842/842/842 841/841/841 837/837/837
f 841/841/841 842/842/842 843/843/843
f 840/840/840 841/841/841 843/843/843
f 844/844/844 843/843/843 842/842/842
f 839/839/839 840/840/840 845/845/845
f 833/833/833 839/839/839 845/845/845
f 843/843/843 846/846/846 840/840/840
f 846/846/846 845/845/845 840/840/840
f 843/843/843 844/844/844 847/847/847
f 848/848/848 847/847/847 844/844/844
f 846/846/846 843/843/843 849/849/849
f 847/847/847 849/849/849 843/843/843
f 849/849/849 845/845/845 846/846/846
f 847/847/847 848/848/848 850/850/850
f 849/849/849 847/847/847 850/850/850
f 851/851/851 850/850/850 848/848/848
f 851/851/851 852/852/852 850/850/850
f 845/845/845 849/849/849 853/853/853
f 854/854/854 850/850/850 852/852/852
f 852/852/852 855/855/855 854/854/854
f 850/850/850 856/856/856 849/849/849
f 856/856/856 853/853/853 849/849/849
f 854/854/854 857/857/857 850/850/850
f 856/856/856 850/850/850 857/857/857
f 855/855/855 858/858/858 854/854/854
f 854/854/854 858/858/858 857/857/857
f 855/855/855 859/859/859 858/858/858
f 857/857/857 860/860/860 856/856/856
f 853/853/853 856/856/856 860/860/860
f 861/861/861 858/858/858 859/859/859
f 859/859/859 862/862/862 861/861/861
f 858/858/858 863/863/863 857/857/857
f 862/862/862 864/864/864 861/861/861
f 862/862/862 865/865/865 864/864/864
f 861/861/861 866/866/866 858/858/858
f 863/863/863 858/858/858 866/866/866
f 864/864/864 867/867/867 861/861/861
f 866/866/866 861/861/861 867/867/867
f 868/868/868 864/864/864 865/865/865
f 864/864/864 868/868/868 867/867/867
f 865/865/865 869/869/869 868/868/868
f 866/866/866 867/867/867 870/870/870
f 869/869/869 871/871/871 868/868/868
f 869/869/869 872/872/872 871/871/871
f 873/873/873 871/871/871 872/872/872
f 873/873/873 874/874/874 871/871/871
f 875/875/875 867/867/867 868/868/868
f 875/875/875 868/868/868 871/871/871
f 876/876/876 871/871/871 874/874/874
f 871/871/871 876/876/876 875/875/875
f 874/874/874 877/877/877 876/876/876
f 875/875/875 878/878/878 867/867/867
f 867/867/867 878/878/878 870/870/870
f 876/876/876 879/879/879 875/875/875
f 876/876/876 877/877/877 879/879/879
f 878/878/878 875/875/875 879/879/879
f 877/877/877 880/880/880 879/879/879
f 881/881/881 879/879/879 880/880/880
f 880/880/880 882/882/882 881/881/881
f 883/883/883 881/881/881 882/882/882
f 879/879/879 881/881/881 884/884/884
f 881/881/881 883/883/883 884/884/884
f 884/884/884 878/878/878 879/879/879
f 885/885/885 884/884/884 883/883/883
f 885/885/885 886/886/886 884/884/884
f 884/884/884 887/887/887 878/878/878
f 887/887/887 884/884/884 886/886/886
f 870/870/870 878/878/878 887/887/887
f 886/886/886 888/888/888 887/887/887
f 870/870/870 887/887/887 889/889/889
f 866/866/866 870/870/870 889/889/889
f 866/866/866 889/889/889 863/863/863
f 888/888/888 890/890/890 887/887/887
f 890/890/890 889/889/889 887/887/887
f 888/888/888 891/891/891 890/890/890
f 892/892/892 863/863/863 889/889/889
f 889/889/889 890/890/890 892/892/892
f 863/863/863 892/892/892 857/857/857
f 893/893/893 890/890/890 891/891/891
f 893/893/893 892/892/892 890/890/890
f 893/893/893 891/891/891 894/894/894
f 860/860/860 857/857/857 892/892/892
f 894/894/894 895/895/895 893/893/893
f 892/892/892 893/893/893 895/895/895
f 860/860/860 892/892/892 895/895/895
f 894/894/894 896/896/896 895/895/895
f 860/860/860 895/895/895 897/897/897
f 897/897/897 895/895/895 896/896/896
f 897/897/897 853/853/853 860/860/860
f 897/897/897 896/896/896 898/898/898
f 853/853/853 897/897/897 899/899/899
f 898/898/898 899/899/899 897/897/897
f 899/899/899 845/845/845 853/853/853
f 898/898/898 834/834/834 899/899/899
f 845/845/845 899/899/899 833/833/833
f 899/899/899 834/834/834 833/833/833
f 902/902/902 901/901/901 900/900/900
f 903/903/903 900/900/900 901/901/901
f 904/904/904 903/903/903 901/901/901
f 904/904/904 905/905/905 903/903/903
f 904/904/904 906/906/906 905/905/905
f 904/904/904 907/907/907 906/906/906
f 904/904/904 908/908/908 907/907/907
f 904/904/904 909/909/909 908/908/908
f 904/904/904 910/910/910 909/909/909
f 904/904/904 911/911/911 910/910/910
f 904/904/904 912/912/912 911/911/911
f 904/904/904 913/913/913 912/912/912
f 916/916/916 915/915/915 914/914/914
f 914/914/914 917/917/917 916/916/916
f 918/918/918 917/917/917 914/914/914
f 918/918/918 919/919/919 917/917/917
f 918/918/918 920/920/920 919/919/919
f 918/918/918 921/921/921 920/920/920
f 918/918/918 922/922/922 921/921/921
f 918/918/918 923/923/923 922/922/922
f 918/918/918 924/924/924 923/923/923
f 918/918/918 925/925/925 924/924/924
f 918/918/918 926/926/926 925/925/925
f 918/918/918 927/927/927 926/926/926
f 930/930/930 929/929/929 928/928/928
f 931/931/931 928/928/928 929/929/929
f 932/932/932 928/928/928 931/931/931
f 932/932/932 933/933/933 928/928/928
f 932/932/932 934/934/934 933/933/933
f 932/932/932 935/935/935 934/934/934
f 932/932/932 936/936/936 935/935/935
f 932/932/932 937/937/937 936/936/936
f 932/932/932 938/938/938 937/937/937
f 932/932/932 939/939/939 938/938/938
f 932/932/932 940/940/940 939/939/939
f 941/941/941 940/940/940 932/932/932
f 944/944/944 943/943/943 942/942/942
f 945/945/945 942/942/942 943/943/943
f 946/946/946 942/942/942 945/945/945
f 946/946/946 947/947/947 942/942/942
f 946/946/946 948/948/948 947/947/947
f 946/946/946 949/949/949 948/948/948
f 946/946/946 950/950/950 949/949/949
f 946/946/946 951/951/951 950/950/950
f 946/946/946 952/952/952 951/951/951
f 946/946/946 953/953/953 952/952/952
f 946/946/946 954/954/954 953/953/953
f 946/946/946 955/955/955 954/954/954
